# Blender 5.0.1
# www.blender.org
o tripo_node_c9472e8e-301a-4b9b-a748-1899a6158a12
v -0.144775 0.743652 0.000244 0.5569 0.3647 0.2784
v -0.355225 0.743652 0.000244 0.1098 0.1373 0.1961
v 0.144775 0.743652 0.000244 0.5412 0.3372 0.2549
v 0.355225 0.743652 0.000244 0.7059 0.5216 0.2510
v 0.339111 0.767578 0.000244 0.6863 0.4392 0.3451
v -0.242432 0.771973 0.000244 0.6667 0.4275 0.3216
v 0.242432 0.771973 0.000244 0.6550 0.4039 0.2941
v -0.347900 0.774414 0.000244 0.1137 0.1098 0.2118
v 0.156982 0.790039 0.000244 0.6667 0.4314 0.3294
v 0.035889 0.831543 0.000244 0.3294 0.2000 0.1451
v 0.038818 0.832520 0.000244 0.3176 0.1961 0.1412
v -0.040771 0.844238 0.000244 0.6354 0.4196 0.3412
v 0.040771 0.844238 0.000244 0.5725 0.3608 0.2980
v 0.035400 0.859863 0.000244 0.2588 0.1569 0.1020
v -0.055420 0.883301 0.000244 0.2314 0.1216 0.0627
v -0.053467 0.904785 0.000244 0.1647 0.0863 0.0549
v -0.051025 0.916016 0.000244 0.3843 0.2471 0.1725
v 0.048096 0.925781 0.000244 0.3098 0.2039 0.1530
v -0.009521 0.930176 0.000244 0.1882 0.1098 0.0627
v 0.029541 0.935059 0.000244 0.4118 0.2588 0.1765
v 0.146240 0.380371 0.000244 0.6157 0.4589 0.2157
v -0.146240 0.379883 0.000244 0.4745 0.3216 0.1490
v 0.146240 0.379883 0.000244 0.5921 0.4353 0.2235
v -0.097412 0.186523 0.000244 0.6510 0.4314 0.3294
v 0.097412 0.186523 0.000244 0.6354 0.4118 0.3137
v -0.093018 0.665527 0.000732 0.6315 0.4118 0.3098
v 0.093018 0.665527 0.000732 0.6354 0.4157 0.3255
v -0.093994 0.682617 0.000732 0.5882 0.3725 0.2863
v 0.093994 0.682617 0.000732 0.6079 0.3882 0.2980
v -0.099854 0.688477 0.000732 0.6000 0.3804 0.2902
v -0.469971 0.722656 0.000732 0.7529 0.0510 0.0745
v 0.469971 0.722656 0.000732 0.8157 0.6236 0.2667
v -0.310303 0.738281 0.000732 0.6824 0.4550 0.3608
v 0.310303 0.738281 0.000732 0.6824 0.4589 0.3529
v -0.132568 0.747070 0.000732 0.5921 0.3882 0.3019
v 0.132080 0.747070 0.000732 0.5608 0.3608 0.2745
v -0.247314 0.747559 0.000732 0.6197 0.4000 0.3098
v 0.247314 0.747559 0.000732 0.5961 0.3843 0.2863
v 0.339600 0.765137 0.000732 0.6863 0.4353 0.3529
v -0.339111 0.768066 0.000732 0.6550 0.4353 0.3412
v 0.338623 0.772461 0.000732 0.6980 0.4471 0.3490
v -0.346924 0.774902 0.000732 0.3412 0.2784 0.2784
v 0.346924 0.774902 0.000732 0.7020 0.5530 0.3059
v -0.493897 0.787109 0.000732 0.7608 0.0471 0.0745
v 0.493897 0.787109 0.000732 0.8549 0.6432 0.2706
v -0.348389 0.788574 0.000732 0.1098 0.1294 0.2078
v 0.348389 0.788574 0.000732 0.7451 0.5647 0.2706
v -0.157471 0.790527 0.000732 0.6236 0.4118 0.3137
v -0.065186 0.793457 0.000732 0.5961 0.3961 0.3019
v 0.065186 0.793457 0.000732 0.5569 0.3608 0.2784
v 0.038330 0.837402 0.000732 0.2314 0.1530 0.1137
v -0.036865 0.837891 0.000732 0.6000 0.3725 0.3019
v 0.036865 0.837891 0.000732 0.2235 0.1373 0.0863
v -0.050049 0.846680 0.000732 0.5176 0.3333 0.2471
v 0.045654 0.847168 0.000732 0.5530 0.3333 0.2510
v 0.046143 0.847656 0.000732 0.5412 0.3294 0.2471
v -0.043213 0.849121 0.000732 0.2980 0.1922 0.1412
v 0.044678 0.853516 0.000732 0.2823 0.1725 0.1255
v -0.058350 0.854980 0.000732 0.3294 0.2196 0.1451
v -0.041260 0.859375 0.000732 0.4118 0.2667 0.1922
v 0.041260 0.859375 0.000732 0.3725 0.2432 0.1765
v 0.057373 0.873535 0.000732 0.4157 0.2627 0.1961
v 0.045166 0.908203 0.000732 0.1843 0.1098 0.0745
v -0.003662 0.932617 0.000732 0.3765 0.2314 0.1569
v -0.128174 0.432617 0.000732 0.0118 0.0039 0.0902
v 0.128174 0.432617 0.000732 0.0667 0.1098 0.2078
v -0.120850 0.310547 0.000732 0.6236 0.4039 0.3059
v 0.120850 0.310547 0.000732 0.6039 0.3843 0.2902
v -0.080811 0.233398 0.000732 0.6510 0.4314 0.3333
v 0.080811 0.233398 0.000732 0.6315 0.4157 0.2980
v -0.083252 0.215820 0.000732 0.6432 0.4235 0.3255
v 0.083252 0.215820 0.000732 0.6432 0.4235 0.3255
v -0.166748 0.043945 0.000732 0.7647 0.5764 0.2863
v 0.166748 0.043945 0.000732 0.8745 0.6785 0.3568
v -0.085693 0.653809 0.001221 0.6118 0.3961 0.3019
v 0.085693 0.653809 0.001221 0.5843 0.3647 0.2823
v -0.100830 0.697266 0.001221 0.5961 0.3765 0.2863
v -0.109619 0.730469 0.001221 0.5451 0.3451 0.2667
v 0.109619 0.730469 0.001221 0.5569 0.3529 0.2667
v -0.297607 0.734863 0.001221 0.6785 0.4510 0.3568
v 0.297607 0.734863 0.001221 0.6941 0.4589 0.3529
v -0.237549 0.739746 0.001221 0.5804 0.3765 0.2823
v 0.237549 0.739746 0.001221 0.5530 0.3568 0.2667
v -0.119385 0.748535 0.001221 0.5608 0.3568 0.2745
v 0.118896 0.748535 0.001221 0.5608 0.3568 0.2706
v -0.249268 0.755371 0.001221 0.6432 0.4275 0.3216
v 0.249268 0.755371 0.001221 0.6510 0.4275 0.3294
v -0.285400 0.763672 0.001221 0.6393 0.4078 0.3137
v 0.285400 0.763672 0.001221 0.6510 0.4235 0.3294
v -0.339600 0.765137 0.001221 0.6550 0.4432 0.3490
v 0.347900 0.769531 0.001221 0.4863 0.3961 0.2627
v -0.339111 0.772949 0.001221 0.6902 0.4628 0.3686
v -0.038818 0.790039 0.001221 0.5725 0.3765 0.2863
v 0.038818 0.790039 0.001221 0.5961 0.3961 0.3019
v -0.085205 0.805664 0.001221 0.5804 0.3686 0.2745
v 0.085205 0.805664 0.001221 0.5843 0.3843 0.3019
v 0.036865 0.828125 0.001221 0.5098 0.3216 0.2471
v 0.046143 0.846191 0.001221 0.5961 0.3529 0.2823
v 0.046631 0.846191 0.001221 0.6000 0.3608 0.2823
v 0.046631 0.847656 0.001221 0.5412 0.3372 0.2510
v -0.039795 0.857910 0.001221 0.4706 0.3059 0.2275
v 0.039795 0.857910 0.001221 0.4196 0.2784 0.1961
v -0.050049 0.858887 0.001221 0.2863 0.1765 0.1176
v -0.052490 0.859863 0.001221 0.2706 0.1804 0.1176
v 0.051025 0.859863 0.001221 0.3372 0.2235 0.1608
v -0.034424 0.860352 0.001221 0.4432 0.2902 0.2196
v -0.039795 0.862305 0.001221 0.3725 0.2432 0.1725
v 0.039795 0.862305 0.001221 0.3294 0.2157 0.1490
v -0.033936 0.864258 0.001221 0.4823 0.3059 0.2235
v 0.045654 0.872070 0.001221 0.1647 0.0941 0.0588
v 0.047607 0.885742 0.001221 0.1882 0.1137 0.0745
v 0.051025 0.921387 0.001221 0.3451 0.2392 0.1843
v -0.004639 0.927246 0.001221 0.1608 0.0784 0.0392
v -0.011963 0.937500 0.001221 0.3019 0.1686 0.1098
v -0.104248 0.157227 0.001221 0.6667 0.4392 0.3294
v 0.104248 0.157227 0.001221 0.6157 0.3843 0.2863
v -0.114990 0.080566 0.001221 0.0902 0.1176 0.2235
v 0.114990 0.080566 0.001221 0.6785 0.5216 0.3451
v -0.116943 0.009277 0.001221 0.0431 0.0784 0.1255
v 0.116943 0.009277 0.001221 0.0667 0.0941 0.1490
v 0.099365 0.688477 0.001709 0.5921 0.3804 0.2863
v -0.111084 0.743652 0.001709 0.5569 0.3608 0.2823
v 0.111084 0.744141 0.001709 0.5686 0.3608 0.2823
v -0.417725 0.745605 0.001709 0.6039 0.0235 0.0471
v 0.417725 0.745605 0.001709 0.5647 0.3529 0.1490
v -0.407959 0.747559 0.001709 0.6550 0.0196 0.0431
v 0.407959 0.747559 0.001709 0.6393 0.4471 0.1804
v -0.340576 0.753906 0.001709 0.6471 0.4392 0.3490
v 0.340576 0.753906 0.001709 0.7137 0.4550 0.3568
v -0.350830 0.755859 0.001709 0.1490 0.1333 0.1569
v 0.350830 0.755859 0.001709 0.6432 0.4980 0.2784
v -0.348389 0.769531 0.001709 0.0863 0.1059 0.1882
v -0.285889 0.774414 0.001709 0.7255 0.4902 0.3882
v 0.285889 0.774414 0.001709 0.7294 0.4941 0.3921
v -0.396729 0.800781 0.001709 0.7059 0.0157 0.0353
v 0.396729 0.800781 0.001709 0.6941 0.4902 0.2157
v 0.038330 0.824219 0.001709 0.5764 0.3686 0.2823
v 0.039307 0.828613 0.001709 0.5333 0.3333 0.2510
v 0.033447 0.831543 0.001709 0.2784 0.1686 0.1176
v -0.038818 0.837891 0.001709 0.7059 0.4589 0.3725
v 0.038818 0.837891 0.001709 0.2078 0.1373 0.0941
v 0.047119 0.847168 0.001709 0.5804 0.3490 0.2745
v -0.059326 0.853516 0.001709 0.3529 0.2235 0.1490
v 0.048584 0.855469 0.001709 0.3725 0.2392 0.1647
v -0.058838 0.856445 0.001709 0.3176 0.2078 0.1373
v 0.045654 0.883301 0.001709 0.2510 0.1530 0.1020
v 0.041260 0.912109 0.001709 0.2118 0.1333 0.0824
v 0.045166 0.918457 0.001709 0.2196 0.1333 0.0902
v 0.048584 0.921875 0.001709 0.2667 0.1765 0.1255
v -0.018799 0.354980 0.001709 0.0471 0.0824 0.1765
v 0.018799 0.354980 0.001709 0.0510 0.0863 0.1843
v -0.039307 0.344238 0.001709 0.5882 0.3765 0.2902
v 0.039307 0.344238 0.001709 0.5843 0.3686 0.2863
v -0.139404 0.198242 0.001709 0.6039 0.3804 0.2745
v 0.139404 0.198242 0.001709 0.6432 0.4157 0.3216
v -0.111084 0.150391 0.001709 0.1373 0.1216 0.1843
v 0.111084 0.150391 0.001709 0.2118 0.1686 0.2039
v -0.145264 0.145996 0.001709 0.7529 0.6118 0.3647
v 0.145264 0.145996 0.001709 0.7921 0.6000 0.2980
v -0.144287 0.123047 0.001709 0.6863 0.5294 0.2471
v 0.144287 0.123047 0.001709 0.1686 0.1176 0.0588
v -0.087646 0.660156 0.002197 0.6236 0.4000 0.3098
v 0.087646 0.660156 0.002197 0.6393 0.4157 0.3255
v 0.100342 0.697266 0.002197 0.5804 0.3647 0.2706
v -0.398682 0.750977 0.002197 0.5530 0.0000 0.0039
v 0.398682 0.750977 0.002197 0.6706 0.4745 0.1765
v -0.348389 0.755371 0.002197 0.4353 0.3333 0.3019
v 0.348389 0.755371 0.002197 0.0275 0.0902 0.2667
v -0.363037 0.757324 0.002197 0.6941 0.5059 0.1725
v 0.363037 0.757324 0.002197 0.6980 0.5059 0.2078
v -0.323975 0.762207 0.002197 0.7137 0.4863 0.3882
v 0.323975 0.762207 0.002197 0.6980 0.4784 0.3725
v 0.347900 0.766602 0.002197 0.4706 0.3921 0.2941
v -0.498291 0.773926 0.002197 0.7608 0.0353 0.0667
v 0.498291 0.773926 0.002197 0.8235 0.6354 0.2471
v -0.362549 0.780762 0.002197 0.8196 0.6589 0.3059
v 0.362549 0.780762 0.002197 0.8196 0.6393 0.2941
v 0.043701 0.818359 0.002197 0.5333 0.3412 0.2510
v 0.040771 0.821289 0.002197 0.5412 0.3490 0.2667
v 0.041260 0.821777 0.002197 0.5490 0.3608 0.2745
v 0.039795 0.825195 0.002197 0.5804 0.3725 0.2784
v -0.032959 0.827148 0.002197 0.4628 0.2823 0.2196
v 0.032959 0.827148 0.002197 0.3686 0.2196 0.1608
v 0.033936 0.837402 0.002197 0.5137 0.3372 0.2588
v -0.041260 0.851074 0.002197 0.3333 0.2078 0.1373
v 0.041260 0.851074 0.002197 0.4432 0.2510 0.2078
v -0.036377 0.861816 0.002197 0.3137 0.1961 0.1412
v 0.036377 0.861816 0.002197 0.2706 0.1686 0.1059
v 0.047607 0.884277 0.002197 0.2745 0.1647 0.1137
v -0.054443 0.914062 0.002197 0.4589 0.3176 0.2471
v -0.044189 0.915039 0.002197 0.2627 0.1608 0.1176
v 0.053467 0.915527 0.002197 0.4432 0.2980 0.2078
v -0.016846 0.370117 0.002197 0.0627 0.0902 0.1804
v 0.016846 0.370117 0.002197 0.0706 0.1020 0.1843
v -0.013916 0.369629 0.002197 0.0588 0.0863 0.1765
v 0.013916 0.369629 0.002197 0.0627 0.0902 0.1647
v -0.013428 0.355957 0.002197 0.0471 0.0824 0.1804
v 0.013428 0.355957 0.002197 0.0431 0.0863 0.1922
v -0.142822 0.110352 0.002197 0.8470 0.6785 0.3490
v 0.142822 0.110352 0.002197 0.3451 0.2745 0.2039
v -0.146729 0.005859 0.002197 0.1020 0.0980 0.1176
v 0.146729 0.005859 0.002197 0.1059 0.0980 0.1176
v -0.479736 0.728516 0.002685 0.7608 0.0588 0.0941
v 0.479736 0.728516 0.002686 0.8313 0.6354 0.2706
v -0.426514 0.747559 0.002685 0.5569 0.0157 0.0471
v 0.426514 0.747559 0.002686 0.5255 0.3725 0.1804
v -0.298096 0.757812 0.002686 0.6550 0.4275 0.3333
v 0.298096 0.757812 0.002686 0.6706 0.4432 0.3490
v -0.348389 0.767090 0.002686 0.1530 0.1255 0.1530
v -0.323975 0.771973 0.002686 0.7137 0.4823 0.3804
v 0.323975 0.771973 0.002686 0.7137 0.4784 0.3686
v -0.108154 0.813477 0.002686 0.6628 0.4275 0.3294
v 0.108154 0.813477 0.002686 0.6589 0.4314 0.3372
v 0.040283 0.820801 0.002686 0.5451 0.3529 0.2627
v 0.037354 0.823730 0.002686 0.5608 0.3647 0.2784
v 0.035400 0.827637 0.002686 0.4078 0.2471 0.1804
v 0.038818 0.833008 0.002686 0.3019 0.1922 0.1333
v -0.040771 0.845215 0.002686 0.4432 0.2432 0.1922
v 0.040771 0.845215 0.002686 0.7294 0.4589 0.3647
v -0.060303 0.854492 0.002686 0.3529 0.2353 0.1569
v -0.059814 0.855957 0.002686 0.3255 0.2157 0.1451
v 0.052490 0.881348 0.002686 0.2078 0.1098 0.0627
v -0.055420 0.909180 0.002686 0.3098 0.1961 0.1333
v -0.130127 0.432129 0.002686 0.6863 0.5333 0.3333
v 0.130127 0.432129 0.002686 0.0510 0.0824 0.1765
v -0.014404 0.387695 0.002686 0.0902 0.1137 0.2000
v 0.014404 0.387695 0.002686 0.1020 0.1294 0.2039
v -0.142334 0.136719 0.002686 0.5490 0.4432 0.2863
v 0.142334 0.136719 0.002686 0.0745 0.0784 0.1294
v -0.145264 0.134766 0.002686 0.4275 0.2941 0.1176
v 0.145264 0.134766 0.002686 0.2275 0.1686 0.1333
v -0.155518 0.076172 0.002686 0.0353 0.0627 0.1961
v 0.155518 0.076172 0.002686 0.1137 0.1137 0.2118
v -0.284424 0.740723 0.003174 0.6980 0.4706 0.3765
v 0.284424 0.740723 0.003174 0.6354 0.4157 0.3176
v 0.424072 0.743652 0.003174 0.5373 0.3686 0.1569
v -0.424072 0.744141 0.003174 0.5333 0.0235 0.0510
v -0.431397 0.748535 0.003174 0.4902 0.0157 0.0471
v -0.284912 0.749023 0.003174 0.6706 0.4432 0.3490
v 0.284912 0.749023 0.003174 0.7098 0.4745 0.3843
v 0.431397 0.749023 0.003174 0.2235 0.1373 0.0667
v -0.323975 0.749512 0.003174 0.6118 0.4000 0.3059
v 0.323975 0.749512 0.003174 0.6471 0.4275 0.3255
v -0.429932 0.750488 0.003174 0.5137 0.0118 0.0431
v 0.429932 0.750488 0.003174 0.5019 0.3608 0.1882
v -0.391846 0.754883 0.003174 0.1294 0.0941 0.1647
v 0.391846 0.754883 0.003174 0.1098 0.1216 0.2549
v -0.498779 0.759277 0.003174 0.7843 0.0549 0.0784
v 0.498779 0.759277 0.003174 0.8745 0.6824 0.2941
v -0.311279 0.759766 0.003174 0.6863 0.4628 0.3568
v 0.311279 0.759766 0.003174 0.6980 0.4745 0.3686
v -0.340088 0.760254 0.003174 0.6393 0.4275 0.3372
v 0.340088 0.760254 0.003174 0.6785 0.4118 0.3098
v -0.349365 0.762207 0.003174 0.1686 0.1294 0.1137
v 0.349365 0.762207 0.003174 0.5921 0.4471 0.2157
v -0.323975 0.765625 0.003174 0.6863 0.4550 0.3647
v 0.323975 0.765625 0.003174 0.6980 0.4745 0.3686
v -0.343018 0.776367 0.003174 0.6628 0.4589 0.3372
v 0.343018 0.776367 0.003174 0.0549 0.1098 0.2706
v 0.153564 0.778320 0.003174 0.6432 0.4275 0.3255
v -0.154053 0.778809 0.003174 0.6000 0.3882 0.2980
v 0.149658 0.796387 0.003174 0.6745 0.4392 0.3333
v -0.073486 0.796875 0.003174 0.5764 0.3686 0.2745
v 0.073486 0.796875 0.003174 0.6000 0.3921 0.3059
v 0.040283 0.820801 0.003174 0.5412 0.3568 0.2627
v 0.041748 0.821777 0.003174 0.5647 0.3647 0.2784
v -0.047119 0.847168 0.003174 0.5216 0.3372 0.2510
v -0.047119 0.847656 0.003174 0.5098 0.3333 0.2432
v 0.052979 0.878906 0.003174 0.4432 0.2863 0.2235
v 0.040283 0.908691 0.003174 0.1647 0.0980 0.0353
v -0.037842 0.926270 0.003174 0.4118 0.2823 0.2039
v -0.121338 0.431152 0.003174 0.1490 0.1490 0.2235
v 0.121338 0.431152 0.003174 0.1882 0.1882 0.2353
v -0.015869 0.409668 0.003174 0.2627 0.2196 0.2549
v 0.015869 0.409668 0.003174 0.2275 0.1961 0.2314
v -0.010986 0.387207 0.003174 0.0314 0.0510 0.1137
v 0.010986 0.387207 0.003174 0.0275 0.0471 0.1216
v -0.036377 0.359863 0.003174 0.5725 0.3686 0.2863
v 0.036377 0.359863 0.003174 0.5843 0.3686 0.2863
v -0.137939 0.153809 0.003174 0.5961 0.3921 0.2823
v 0.137939 0.153809 0.003174 0.5608 0.3647 0.2745
v -0.137451 0.148926 0.003174 0.5255 0.3686 0.2314
v 0.137451 0.148926 0.003174 0.5569 0.4039 0.2157
v -0.103760 0.515137 0.003662 0.0902 0.1176 0.2000
v 0.103760 0.515137 0.003662 0.0902 0.1176 0.2196
v -0.488037 0.735352 0.003662 0.7608 0.0510 0.0902
v 0.488037 0.735352 0.003662 0.8823 0.7059 0.3255
v -0.346924 0.753906 0.003662 0.6471 0.4314 0.3137
v 0.346924 0.753906 0.003662 0.0471 0.1059 0.2471
v -0.346436 0.766113 0.003662 0.6236 0.4235 0.2941
v 0.346436 0.766113 0.003662 0.0588 0.1020 0.2588
v -0.233643 0.777344 0.003662 0.6980 0.4589 0.3490
v 0.233643 0.777344 0.003662 0.6785 0.4196 0.3059
v 0.154541 0.778809 0.003662 0.6315 0.4157 0.3216
v -0.150635 0.796875 0.003662 0.6628 0.4432 0.3451
v 0.041260 0.821289 0.003662 0.5530 0.3647 0.2706
v 0.040283 0.825195 0.003662 0.5608 0.3686 0.2823
v 0.039795 0.829102 0.003662 0.4784 0.3059 0.2235
v -0.038330 0.839355 0.003662 0.7294 0.4745 0.4000
v 0.038330 0.839355 0.003662 0.7216 0.4745 0.3961
v -0.047607 0.846680 0.003662 0.5137 0.3412 0.2471
v -0.047607 0.847656 0.003662 0.5059 0.3294 0.2353
v -0.051025 0.855469 0.003662 0.2980 0.1882 0.1216
v -0.037354 0.856934 0.003662 0.4275 0.2627 0.1922
v 0.037354 0.856934 0.003662 0.3961 0.2510 0.1765
v 0.034912 0.859863 0.003662 0.2235 0.1333 0.0863
v -0.034424 0.860352 0.003662 0.4118 0.2549 0.1882
v 0.034424 0.860352 0.003662 0.2432 0.1451 0.0980
v -0.058838 0.874023 0.003662 0.3765 0.2392 0.1725
v 0.052002 0.902832 0.003662 0.3019 0.1882 0.1333
v 0.050537 0.907227 0.003662 0.1608 0.0902 0.0667
v -0.004639 0.935059 0.003662 0.2157 0.1333 0.0941
v -0.007568 0.408203 0.003662 0.0118 0.0353 0.0980
v 0.007568 0.408203 0.003662 0.0118 0.0353 0.0980
v -0.109619 0.153320 0.003662 0.5333 0.3568 0.2980
v 0.109619 0.153320 0.003662 0.5137 0.3490 0.2784
v -0.117432 0.106934 0.003662 0.0902 0.0941 0.1569
v 0.117432 0.106934 0.003662 0.7686 0.5608 0.2902
v -0.144287 0.097656 0.003662 0.8196 0.6550 0.3529
v 0.144287 0.097656 0.003662 0.3647 0.2863 0.2078
v -0.116943 0.018066 0.003662 0.0824 0.1294 0.2392
v 0.116943 0.018066 0.003662 0.1882 0.1961 0.2549
v -0.115967 0.016113 0.003662 0.0824 0.1176 0.2196
v 0.115967 0.016113 0.003662 0.1216 0.1490 0.2235
v -0.228272 0.736328 0.004150 0.5843 0.3725 0.2823
v 0.228272 0.736328 0.004150 0.5804 0.3725 0.2902
v -0.495361 0.746094 0.004150 0.7608 0.0431 0.0784
v 0.495361 0.746094 0.004150 0.8588 0.6667 0.2941
v -0.386963 0.750977 0.004150 0.2745 0.2000 0.1569
v 0.386963 0.750977 0.004150 0.4706 0.3686 0.2627
v -0.390381 0.752441 0.004150 0.6510 0.4275 0.2588
v 0.390381 0.752441 0.004150 0.1059 0.1530 0.2549
v -0.311279 0.764648 0.004150 0.6471 0.4196 0.3255
v -0.363037 0.764648 0.004150 0.7412 0.5530 0.2196
v 0.311279 0.764648 0.004150 0.6432 0.4157 0.3216
v 0.363037 0.764648 0.004150 0.7255 0.5294 0.2196
v -0.311768 0.772461 0.004150 0.7294 0.4941 0.4000
v 0.311768 0.772461 0.004150 0.6980 0.4628 0.3529
v -0.362549 0.776367 0.004150 0.8196 0.6589 0.3059
v 0.362549 0.776367 0.004150 0.8353 0.6393 0.2902
v -0.155029 0.779297 0.004150 0.5804 0.3921 0.3019
v -0.030518 0.791504 0.004150 0.6276 0.4157 0.3176
v 0.030518 0.791504 0.004150 0.6079 0.3921 0.3059
v 0.037842 0.824219 0.004150 0.5608 0.3608 0.2784
v -0.035400 0.832520 0.004150 0.5333 0.3098 0.2471
v 0.034424 0.832520 0.004150 0.2863 0.1725 0.1176
v 0.035400 0.832520 0.004150 0.2706 0.1686 0.1137
v -0.048096 0.847168 0.004150 0.5059 0.3333 0.2432
v 0.042725 0.848633 0.004150 0.5019 0.3333 0.2588
v -0.048096 0.850098 0.004150 0.3725 0.2471 0.1765
v 0.043701 0.850098 0.004150 0.4275 0.2745 0.2157
v -0.039795 0.860840 0.004150 0.4157 0.2745 0.2000
v 0.037354 0.860840 0.004150 0.3137 0.2000 0.1333
v 0.039795 0.860840 0.004150 0.3843 0.2510 0.1686
v -0.038330 0.862305 0.004150 0.3098 0.1922 0.1333
v -0.057373 0.862305 0.004150 0.1294 0.0627 0.0275
v 0.038330 0.862305 0.004150 0.3451 0.2196 0.1451
v 0.034424 0.862793 0.004150 0.2863 0.1804 0.1294
v 0.048584 0.867188 0.004150 0.2235 0.1451 0.1020
v 0.054443 0.887695 0.004150 0.1961 0.1020 0.0588
v 0.051514 0.917969 0.004150 0.4667 0.3333 0.2353
v 0.048096 0.919434 0.004150 0.3098 0.2000 0.1412
v 0.036865 0.928223 0.004150 0.3804 0.2549 0.1961
v -0.017822 0.937012 0.004150 0.2549 0.1647 0.1176
v -0.132080 0.431641 0.004150 0.7725 0.6157 0.3686
v 0.132080 0.431641 0.004150 0.0392 0.0549 0.1647
v -0.077881 0.250000 0.004150 0.6118 0.4000 0.3059
v 0.077881 0.250000 0.004150 0.5921 0.3882 0.3019
v -0.137939 0.213379 0.004150 0.5961 0.3725 0.2784
v 0.137939 0.213379 0.004150 0.6118 0.3921 0.2941
v -0.103271 0.174316 0.004150 0.6471 0.4314 0.3333
v 0.103271 0.174316 0.004150 0.5882 0.3686 0.2784
v -0.139893 0.157227 0.004150 0.4392 0.3176 0.2902
v 0.139893 0.157227 0.004150 0.3961 0.2980 0.2784
v -0.116455 0.145508 0.004150 0.5294 0.3843 0.2118
v 0.116455 0.145508 0.004150 0.5490 0.4000 0.2235
v -0.148193 0.144531 0.004150 0.7137 0.5216 0.2667
v 0.148193 0.144531 0.004150 0.6432 0.4980 0.2627
v -0.114014 0.119629 0.004150 0.8235 0.6000 0.3137
v 0.114014 0.119629 0.004150 0.4000 0.3294 0.2745
v -0.424072 0.736328 0.004639 0.6276 0.0235 0.0588
v 0.424072 0.736816 0.004639 0.6471 0.4589 0.1843
v -0.310791 0.745605 0.004639 0.6550 0.4392 0.3451
v 0.310791 0.745605 0.004639 0.6197 0.4039 0.3137
v -0.135498 0.750488 0.004639 0.5333 0.3372 0.2549
v 0.135498 0.750488 0.004639 0.5373 0.3372 0.2549
v -0.323975 0.756836 0.004639 0.6824 0.4550 0.3608
v 0.323975 0.756836 0.004639 0.6863 0.4589 0.3608
v -0.298584 0.764160 0.004639 0.6550 0.4235 0.3372
v 0.298584 0.764160 0.004639 0.6471 0.4196 0.3255
v -0.242432 0.766113 0.004639 0.6824 0.4550 0.3608
v 0.242432 0.766113 0.004639 0.6745 0.4392 0.3372
v -0.299072 0.773438 0.004639 0.7372 0.5019 0.4000
v 0.299072 0.773438 0.004639 0.7098 0.4784 0.3765
v -0.029541 0.818359 0.004639 0.5490 0.3725 0.2902
v 0.029541 0.818359 0.004639 0.5216 0.3216 0.2392
v 0.039307 0.824707 0.004639 0.5686 0.3725 0.2863
v 0.035889 0.828125 0.004639 0.3725 0.2353 0.1765
v 0.033447 0.831543 0.004639 0.2823 0.1725 0.1216
v -0.032471 0.832520 0.004639 0.4510 0.2627 0.2000
v 0.036377 0.833008 0.004639 0.2941 0.1843 0.1294
v -0.034912 0.859863 0.004639 0.3412 0.2039 0.1451
v -0.036865 0.859863 0.004639 0.3765 0.2392 0.1686
v -0.034424 0.862793 0.004639 0.4667 0.3019 0.2314
v -0.034424 0.863281 0.004639 0.4745 0.3059 0.2314
v 0.034424 0.863281 0.004639 0.3137 0.1843 0.1255
v 0.052002 0.869629 0.004639 0.2039 0.1255 0.0863
v 0.042236 0.904297 0.004639 0.1451 0.0824 0.0549
v 0.042725 0.916016 0.004639 0.1725 0.0941 0.0588
v -0.048096 0.916992 0.004639 0.3765 0.2549 0.1843
v -0.006104 0.930664 0.004639 0.2118 0.1294 0.0784
v -0.067139 0.429199 0.004639 0.3019 0.3059 0.2941
v 0.067139 0.429199 0.004639 0.2353 0.2706 0.3098
v -0.004639 0.428711 0.004639 0.0118 0.0314 0.0863
v 0.004639 0.428711 0.004639 0.0235 0.0353 0.0941
v -0.029053 0.377441 0.004639 0.6000 0.3882 0.2941
v 0.029053 0.377441 0.004639 0.5882 0.3725 0.2823
v -0.070557 0.262695 0.004639 0.5961 0.3765 0.2941
v 0.070557 0.262695 0.004639 0.6118 0.3961 0.3059
v -0.120850 0.094238 0.004639 0.4550 0.3686 0.2980
v 0.120850 0.094238 0.004639 0.2196 0.2039 0.1961
v 0.115479 0.068359 0.004639 0.0784 0.1059 0.2039
v -0.115479 0.067871 0.004639 0.0902 0.1176 0.2196
v -0.114990 0.030273 0.004639 0.0745 0.0902 0.1922
v 0.114990 0.030273 0.004639 0.2941 0.2627 0.2000
v -0.085205 0.595703 0.005127 0.7294 0.5530 0.3216
v -0.298096 0.742188 0.005127 0.6393 0.4196 0.3216
v 0.298096 0.742188 0.005127 0.6197 0.4078 0.3176
v -0.239502 0.746582 0.005127 0.6510 0.4235 0.3294
v 0.239502 0.746582 0.005127 0.6510 0.4314 0.3333
v 0.158936 0.779785 0.005127 0.6432 0.4157 0.3216
v 0.140381 0.802734 0.005127 0.6745 0.4392 0.3372
v -0.119385 0.811523 0.005127 0.6745 0.4235 0.3255
v 0.119385 0.811523 0.005127 0.6589 0.4196 0.3176
v 0.037842 0.828613 0.005127 0.4275 0.2588 0.1922
v -0.036865 0.833496 0.005127 0.6902 0.4550 0.3804
v 0.036865 0.833496 0.005127 0.2275 0.1412 0.1059
v 0.043213 0.847168 0.005127 0.5451 0.3490 0.2667
v 0.045166 0.849609 0.005127 0.3176 0.2000 0.1451
v -0.052490 0.854004 0.005127 0.2667 0.1647 0.1020
v -0.053467 0.856934 0.005127 0.3412 0.2157 0.1490
v 0.039307 0.857422 0.005127 0.4353 0.2863 0.2157
v -0.060303 0.868164 0.005127 0.3529 0.2314 0.1725
v -0.001709 0.445312 0.005127 0.0196 0.0275 0.0784
v 0.001709 0.445312 0.005127 0.0157 0.0314 0.0784
v -0.141357 0.395996 0.005127 0.5882 0.4196 0.2157
v 0.141357 0.395996 0.005127 0.7333 0.5725 0.2784
v -0.135498 0.393555 0.005127 0.5451 0.3843 0.2118
v 0.135498 0.393555 0.005127 0.6039 0.4510 0.2196
v 0.096924 0.202148 0.005127 0.5961 0.3843 0.2823
v -0.096924 0.201660 0.005127 0.6510 0.4314 0.3372
v -0.140381 0.137695 0.005127 0.0745 0.0980 0.2039
v 0.140381 0.137695 0.005127 0.7216 0.5333 0.2745
v -0.089111 0.591309 0.005615 0.7294 0.5490 0.2823
v -0.088135 0.594727 0.005615 0.7372 0.5804 0.3019
v 0.084717 0.595703 0.005615 0.6236 0.4706 0.2627
v -0.347412 0.752930 0.005615 0.6039 0.4157 0.3059
v 0.347412 0.752930 0.005615 0.0667 0.1137 0.2235
v -0.311279 0.753418 0.005615 0.6980 0.4706 0.3765
v 0.311279 0.753418 0.005615 0.6706 0.4471 0.3333
v -0.132568 0.757812 0.005615 0.5255 0.3255 0.2432
v 0.132568 0.757812 0.005615 0.5764 0.3725 0.2863
v -0.344482 0.765625 0.005615 0.6628 0.4353 0.3059
v 0.344482 0.765625 0.005615 0.0510 0.1020 0.2706
v -0.363037 0.769531 0.005615 0.8000 0.6236 0.2863
v 0.363037 0.769531 0.005615 0.7843 0.5647 0.2549
v -0.363037 0.771973 0.005615 0.7960 0.6354 0.2902
v 0.363037 0.771973 0.005615 0.8039 0.6079 0.2510
v -0.343506 0.777344 0.005615 0.6354 0.4471 0.3490
v 0.343506 0.777344 0.005615 0.0863 0.1294 0.2588
v -0.159424 0.780273 0.005615 0.6550 0.4275 0.3294
v -0.041260 0.780762 0.005615 0.6039 0.3921 0.3059
v 0.041260 0.780762 0.005615 0.5961 0.3921 0.3059
v -0.056396 0.790039 0.005615 0.5882 0.3843 0.2980
v 0.056396 0.790039 0.005615 0.5725 0.3686 0.2823
v -0.140869 0.803223 0.005615 0.6667 0.4392 0.3451
v 0.054443 0.874023 0.005615 0.4353 0.2784 0.2039
v 0.038330 0.919922 0.005615 0.1882 0.1020 0.0588
v -0.136475 0.162109 0.005615 0.6667 0.4314 0.3372
v 0.136475 0.162109 0.005615 0.6471 0.4000 0.2902
v -0.141846 0.156250 0.005615 0.2902 0.2392 0.3019
v 0.141846 0.156250 0.005615 0.1412 0.1451 0.2510
v -0.142822 0.153320 0.005615 0.0706 0.1098 0.2353
v 0.142822 0.153320 0.005615 0.0353 0.0863 0.2118
v -0.108643 0.142578 0.005615 0.6667 0.4784 0.2196
v 0.108643 0.142578 0.005615 0.7608 0.5569 0.2588
v -0.125732 0.108398 0.005615 0.2196 0.1137 0.0314
v 0.125732 0.108398 0.005615 0.0863 0.1098 0.2039
v -0.103760 0.515625 0.006104 0.0745 0.1098 0.1922
v 0.103760 0.515625 0.006104 0.1098 0.1451 0.2588
v -0.083740 0.594727 0.006104 0.6118 0.4392 0.2039
v 0.087158 0.594727 0.006104 0.8039 0.6628 0.3372
v -0.104736 0.718750 0.006104 0.5882 0.3725 0.2823
v 0.104736 0.718750 0.006104 0.5921 0.3804 0.2902
v -0.298096 0.750977 0.006103 0.6824 0.4550 0.3608
v 0.298096 0.750977 0.006104 0.6941 0.4706 0.3647
v -0.241455 0.756348 0.006103 0.6706 0.4432 0.3490
v 0.241455 0.756348 0.006104 0.6863 0.4510 0.3490
v -0.130127 0.808105 0.006103 0.6745 0.4392 0.3412
v 0.130127 0.808105 0.006104 0.6863 0.4510 0.3490
v -0.036865 0.835938 0.006104 0.7020 0.4471 0.3765
v 0.036865 0.835938 0.006104 0.7176 0.4628 0.3882
v -0.036865 0.841309 0.006104 0.6039 0.3608 0.2941
v 0.036865 0.841309 0.006104 0.7647 0.4823 0.3921
v 0.044678 0.847168 0.006104 0.5216 0.3372 0.2706
v 0.045654 0.848633 0.006104 0.3686 0.2432 0.1765
v -0.054932 0.857910 0.006104 0.3804 0.2471 0.1765
v 0.056396 0.895996 0.006104 0.3568 0.2157 0.1530
v -0.063721 0.900391 0.006104 0.2275 0.1412 0.0902
v 0.036865 0.911621 0.006104 0.1412 0.0784 0.0471
v 0.014404 0.927734 0.006104 0.1804 0.1020 0.0627
v 0.014404 0.929199 0.006104 0.2118 0.1176 0.0784
v -0.021240 0.930664 0.006104 0.3176 0.2039 0.1490
v -0.020264 0.934082 0.006104 0.2627 0.1569 0.1059
v -0.009033 0.938965 0.006104 0.3568 0.2157 0.1412
v -0.019287 0.944336 0.006104 0.4000 0.2667 0.1882
v -0.001221 0.453125 0.006104 0.0118 0.0275 0.0784
v 0.001221 0.453125 0.006104 0.0118 0.0275 0.0824
v -0.134033 0.244141 0.006103 0.6197 0.3882 0.2941
v 0.134033 0.244141 0.006104 0.6354 0.4078 0.3137
v -0.108154 0.152344 0.006104 0.0941 0.1412 0.2745
v 0.108154 0.152344 0.006104 0.1137 0.1490 0.2392
v -0.141357 0.145020 0.006103 0.1059 0.1451 0.2667
v 0.141357 0.145020 0.006104 0.7843 0.5764 0.2745
v -0.111572 0.130859 0.006104 0.7686 0.5569 0.2902
v 0.111572 0.130859 0.006104 0.0392 0.0980 0.1843
v -0.088623 0.581543 0.006592 0.4432 0.2627 0.0392
v 0.088135 0.591309 0.006592 0.6000 0.4118 0.1882
v -0.215088 0.734375 0.006592 0.5843 0.3686 0.2863
v 0.215088 0.734375 0.006592 0.5961 0.3882 0.3059
v -0.146240 0.747559 0.006592 0.5647 0.3647 0.2706
v 0.146240 0.747559 0.006592 0.6039 0.3921 0.2980
v 0.147705 0.771973 0.006592 0.6432 0.4275 0.3333
v -0.148193 0.772461 0.006592 0.5921 0.3843 0.2941
v -0.221436 0.780762 0.006592 0.6902 0.4510 0.3490
v 0.221436 0.780762 0.006592 0.6980 0.4471 0.3412
v 0.169189 0.781250 0.006592 0.6589 0.4314 0.3372
v -0.169189 0.781738 0.006592 0.6667 0.4392 0.3451
v 0.151611 0.782227 0.006592 0.6039 0.3843 0.2902
v -0.034424 0.829590 0.006592 0.4823 0.2823 0.2196
v 0.034424 0.829590 0.006592 0.2706 0.1647 0.1294
v -0.053955 0.852051 0.006592 0.2706 0.1647 0.1059
v 0.049072 0.861816 0.006592 0.3333 0.2196 0.1569
v -0.065674 0.898926 0.006592 0.2706 0.1725 0.1137
v -0.049561 0.902344 0.006592 0.2353 0.1451 0.1059
v -0.069092 0.904785 0.006592 0.3372 0.2235 0.1569
v -0.067139 0.905762 0.006592 0.2745 0.1765 0.1176
v -0.038330 0.916992 0.006592 0.0784 0.0196 0.0118
v 0.013428 0.931152 0.006592 0.2235 0.1451 0.1137
v -0.064209 0.276855 0.006592 0.5843 0.3725 0.2784
v 0.064209 0.276855 0.006592 0.6118 0.4000 0.3059
v -0.135986 0.228516 0.006592 0.6157 0.3882 0.2941
v 0.135986 0.228516 0.006592 0.6157 0.3843 0.2784
v -0.107666 0.149414 0.006592 0.0157 0.0863 0.2196
v 0.107666 0.149414 0.006592 0.0549 0.1176 0.2314
v -0.133545 0.122070 0.006592 0.0627 0.0745 0.1725
v 0.133545 0.122070 0.006592 0.1608 0.1216 0.1137
v -0.135986 0.097656 0.006592 0.0471 0.0902 0.2078
v 0.135986 0.097656 0.006592 0.0549 0.0667 0.1020
v -0.094482 0.556152 0.007080 0.0627 0.0941 0.2235
v 0.094482 0.556152 0.007080 0.0627 0.1216 0.2432
v -0.088623 0.565430 0.007080 0.6863 0.5098 0.2549
v 0.088135 0.565430 0.007080 0.7490 0.5686 0.3098
v -0.090088 0.569824 0.007080 0.6550 0.4745 0.1882
v 0.089600 0.569824 0.007080 0.5882 0.4078 0.2039
v 0.087646 0.581055 0.007080 0.5725 0.3882 0.1843
v -0.086670 0.593750 0.007080 0.6628 0.4980 0.2510
v 0.082764 0.594238 0.007080 0.4196 0.3019 0.1882
v -0.104736 0.735840 0.007080 0.5373 0.3333 0.2627
v 0.104736 0.735840 0.007080 0.5451 0.3490 0.2706
v -0.152100 0.782715 0.007080 0.6079 0.4000 0.3216
v -0.035400 0.830078 0.007080 0.5216 0.2980 0.2314
v 0.035400 0.830078 0.007080 0.2745 0.1647 0.1176
v -0.044678 0.849609 0.007080 0.4157 0.2784 0.2039
v 0.042725 0.855469 0.007080 0.2706 0.1765 0.1216
v -0.048096 0.896484 0.007080 0.1961 0.1137 0.0745
v -0.069580 0.910156 0.007080 0.3490 0.2314 0.1569
v -0.068604 0.910645 0.007080 0.3255 0.2235 0.1530
v 0.052002 0.911133 0.007080 0.2588 0.1530 0.1020
v 0.017822 0.928223 0.007080 0.4353 0.2902 0.2157
v -0.018311 0.941895 0.007080 0.3843 0.2549 0.1765
v -0.019287 0.941895 0.007080 0.4039 0.2745 0.2000
v -0.000244 0.455078 0.007080 0.0157 0.0196 0.0824
v -0.022217 0.394043 0.007080 0.5804 0.3725 0.3019
v 0.022217 0.394043 0.007080 0.5804 0.3765 0.2941
v -0.124756 0.334473 0.007080 0.6079 0.3961 0.3019
v 0.124756 0.334473 0.007080 0.5882 0.3686 0.2784
v -0.114990 0.158691 0.007080 0.6276 0.4039 0.3019
v 0.114990 0.158691 0.007080 0.6354 0.3921 0.2941
v 0.155518 0.067871 0.007080 0.1020 0.1294 0.2392
v -0.155518 0.067383 0.007080 0.1255 0.1451 0.2510
v -0.102295 0.523926 0.007568 0.0824 0.1020 0.2000
v 0.102295 0.523926 0.007568 0.1020 0.1294 0.2314
v -0.099854 0.535156 0.007568 0.0667 0.0902 0.1843
v 0.099854 0.535156 0.007568 0.1255 0.1530 0.2627
v -0.097900 0.545898 0.007568 0.0824 0.1059 0.2000
v 0.097900 0.545898 0.007568 0.1294 0.1608 0.2745
v -0.087158 0.590820 0.007568 0.7137 0.5098 0.2432
v 0.085693 0.593262 0.007568 0.3568 0.2235 0.0824
v -0.434326 0.726562 0.007568 0.6980 0.0314 0.0510
v 0.434326 0.726562 0.007568 0.7529 0.5686 0.2432
v -0.201416 0.734375 0.007568 0.5961 0.3843 0.2902
v 0.201416 0.734375 0.007568 0.5882 0.3765 0.2863
v -0.139404 0.755859 0.007568 0.5882 0.3843 0.2902
v 0.138916 0.755859 0.007568 0.6236 0.4039 0.3059
v 0.140381 0.764648 0.007568 0.6276 0.4157 0.3137
v -0.181396 0.782227 0.007568 0.6902 0.4550 0.3608
v -0.207764 0.782227 0.007568 0.6941 0.4432 0.3412
v 0.181396 0.782227 0.007568 0.6628 0.4275 0.3333
v 0.207764 0.782227 0.007568 0.6824 0.4392 0.3294
v -0.194580 0.782715 0.007568 0.6745 0.4392 0.3372
v 0.194580 0.782715 0.007568 0.6745 0.4353 0.3333
v -0.387940 0.790527 0.007568 0.0510 0.0667 0.1922
v 0.387940 0.790527 0.007568 0.6197 0.4471 0.2510
v -0.068115 0.792969 0.007568 0.6039 0.3961 0.3019
v 0.068604 0.792969 0.007568 0.5921 0.3843 0.2902
v -0.406494 0.803711 0.007568 0.7176 0.0314 0.0588
v 0.406494 0.803711 0.007568 0.7412 0.5608 0.2510
v -0.025635 0.810547 0.007568 0.5647 0.3608 0.2745
v 0.025635 0.810547 0.007568 0.5725 0.3686 0.2902
v -0.031982 0.829590 0.007568 0.4902 0.3019 0.2353
v 0.031982 0.829590 0.007568 0.3725 0.2275 0.1765
v -0.044189 0.848633 0.007568 0.4471 0.2980 0.2157
v -0.039307 0.853027 0.007568 0.4196 0.2549 0.1843
v -0.034912 0.854492 0.007568 0.4628 0.2784 0.2078
v 0.034912 0.854492 0.007568 0.2980 0.1882 0.1333
v -0.055908 0.856445 0.007568 0.2784 0.1686 0.1137
v 0.046631 0.857422 0.007568 0.3137 0.1961 0.1412
v 0.034912 0.858887 0.007568 0.2549 0.1569 0.1020
v 0.059326 0.863770 0.007568 0.2823 0.1882 0.1176
v 0.064697 0.866211 0.007568 0.3255 0.2157 0.1412
v 0.051025 0.880371 0.007568 0.3216 0.2000 0.1333
v -0.049561 0.895020 0.007568 0.1922 0.1176 0.0784
v -0.057373 0.895996 0.007568 0.2392 0.1490 0.0980
v -0.066650 0.906250 0.007568 0.2784 0.1843 0.1216
v -0.068115 0.910645 0.007568 0.3568 0.2392 0.1608
v -0.051514 0.914551 0.007568 0.3647 0.2549 0.1804
v -0.067627 0.914551 0.007568 0.3647 0.2510 0.1765
v -0.068115 0.914551 0.007568 0.3647 0.2471 0.1725
v -0.068604 0.915039 0.007568 0.3725 0.2588 0.1765
v 0.046143 0.917480 0.007568 0.3294 0.2157 0.1569
v -0.066650 0.918457 0.007568 0.3882 0.2588 0.1843
v 0.007080 0.934570 0.007568 0.3647 0.2275 0.1647
v -0.019287 0.941895 0.007568 0.4039 0.2784 0.2000
v -0.018311 0.942383 0.007568 0.3921 0.2627 0.1804
v -0.119873 0.432617 0.007568 0.1294 0.1451 0.2157
v 0.121826 0.432617 0.007568 0.1882 0.1882 0.2432
v -0.126221 0.413574 0.007568 0.6510 0.4432 0.3372
v 0.126221 0.413574 0.007568 0.6118 0.4510 0.3490
v -0.129150 0.354980 0.007568 0.6157 0.4039 0.3098
v 0.129150 0.354980 0.007568 0.6118 0.3921 0.2941
v -0.094971 0.216797 0.007568 0.6236 0.4078 0.3137
v 0.094971 0.216797 0.007568 0.6000 0.3882 0.2902
v -0.103271 0.188477 0.007568 0.6197 0.4078 0.3098
v 0.103271 0.188477 0.007568 0.5921 0.3804 0.2863
v -0.109131 0.140625 0.007568 0.7176 0.5137 0.2118
v 0.109131 0.140625 0.007568 0.3843 0.2823 0.2314
v 0.132568 0.134277 0.007568 0.0863 0.1373 0.2353
v -0.132568 0.133789 0.007568 0.0863 0.1216 0.2510
v -0.121338 0.120605 0.007568 0.8509 0.6863 0.4000
v 0.121338 0.120605 0.007568 0.5216 0.4314 0.2863
v -0.135010 0.109863 0.007568 0.0667 0.1098 0.2353
v 0.135010 0.109863 0.007568 0.1333 0.1216 0.1294
v -0.127686 0.096191 0.007568 0.0784 0.0431 0.0667
v 0.127686 0.096191 0.007568 0.1059 0.1373 0.2314
v -0.145752 0.087891 0.007568 0.7176 0.5373 0.2667
v 0.145752 0.087891 0.007568 0.0667 0.0745 0.1373
v -0.000244 0.586914 0.008057 0.4706 0.3098 0.2471
v 0.086182 0.590332 0.008057 0.7255 0.5490 0.2902
v -0.083740 0.661621 0.008057 0.5921 0.3765 0.2784
v 0.083740 0.661621 0.008057 0.6393 0.4157 0.3216
v -0.187256 0.735840 0.008057 0.5882 0.3765 0.2823
v 0.187256 0.735840 0.008057 0.5843 0.3725 0.2784
v -0.174072 0.737793 0.008057 0.5882 0.3804 0.2863
v 0.174072 0.737793 0.008057 0.6118 0.4000 0.3098
v -0.160400 0.742188 0.008057 0.5764 0.3725 0.2823
v 0.160400 0.742188 0.008057 0.5764 0.3608 0.2706
v -0.351807 0.753418 0.008057 0.0471 0.1098 0.2000
v 0.351807 0.753418 0.008057 0.8235 0.6197 0.3176
v -0.140869 0.764648 0.008057 0.5725 0.3647 0.2706
v -0.344971 0.765625 0.008057 0.6315 0.4275 0.3255
v 0.344971 0.765625 0.008057 0.0941 0.1059 0.2275
v -0.150146 0.772461 0.008057 0.6276 0.4078 0.3137
v 0.149658 0.772461 0.008057 0.6628 0.4432 0.3451
v -0.347900 0.778809 0.008057 0.0863 0.1490 0.2392
v 0.347900 0.778809 0.008057 0.8196 0.6354 0.2823
v 0.385986 0.792480 0.008057 0.1020 0.1451 0.2627
v -0.381592 0.793457 0.008057 0.5921 0.4314 0.2432
v 0.381592 0.793457 0.008057 0.6236 0.5019 0.3333
v -0.094482 0.807617 0.008057 0.6471 0.4196 0.3176
v 0.094482 0.807617 0.008057 0.6550 0.4235 0.3333
v -0.031494 0.842285 0.008057 0.6510 0.3961 0.3372
v 0.031494 0.842285 0.008057 0.4157 0.2118 0.1569
v -0.046143 0.849609 0.008057 0.3921 0.2627 0.1804
v 0.039795 0.851562 0.008057 0.2941 0.1804 0.1216
v 0.041260 0.853516 0.008057 0.2863 0.1804 0.1216
v -0.055908 0.854004 0.008057 0.3059 0.1843 0.1137
v -0.037354 0.858887 0.008057 0.4628 0.2941 0.2235
v 0.037354 0.858887 0.008057 0.3765 0.2471 0.1804
v 0.065186 0.865723 0.008057 0.3412 0.2196 0.1412
v 0.064209 0.867188 0.008057 0.3216 0.2118 0.1412
v -0.062744 0.902344 0.008057 0.2863 0.1804 0.1294
v -0.070068 0.910156 0.008057 0.3804 0.2588 0.1804
v -0.069092 0.915039 0.008057 0.3725 0.2667 0.1843
v -0.002197 0.927246 0.008057 0.1530 0.0863 0.0549
v -0.000732 0.931641 0.008057 0.2863 0.1647 0.1098
v -0.027588 0.932129 0.008057 0.2432 0.1412 0.0941
v -0.001221 0.935059 0.008057 0.2039 0.1255 0.0824
v -0.018799 0.942383 0.008057 0.4157 0.2784 0.2000
v -0.123291 0.455566 0.008057 0.0471 0.0745 0.1608
v 0.123291 0.455566 0.008057 0.0824 0.1098 0.2118
v -0.128662 0.395508 0.008057 0.6471 0.4392 0.3333
v 0.128662 0.395508 0.008057 0.6000 0.3804 0.2902
v -0.129639 0.375977 0.008057 0.6315 0.4157 0.3176
v 0.129639 0.375977 0.008057 0.6000 0.3882 0.2863
v -0.120361 0.319336 0.008057 0.6000 0.3804 0.2902
v 0.120361 0.319336 0.008057 0.6118 0.4078 0.3137
v -0.090088 0.232910 0.008057 0.6157 0.4039 0.3059
v 0.090088 0.232910 0.008057 0.5804 0.3765 0.2863
v 0.120850 0.151855 0.008057 0.1020 0.1020 0.1804
v -0.120850 0.151367 0.008057 0.0667 0.0824 0.1804
v -0.128174 0.147461 0.008057 0.3372 0.2432 0.2157
v 0.128174 0.147461 0.008057 0.2196 0.2000 0.2196
v -0.100342 0.546875 0.008545 0.0824 0.1176 0.2314
v 0.095947 0.556641 0.008545 0.0863 0.1333 0.2588
v -0.096436 0.557129 0.008545 0.1255 0.1725 0.3137
v 0.089111 0.565430 0.008545 0.5608 0.3765 0.1608
v -0.089600 0.565918 0.008545 0.7647 0.5843 0.2784
v -0.086670 0.581055 0.008545 0.6980 0.5098 0.2471
v 0.086182 0.581055 0.008545 0.6079 0.4275 0.2235
v -0.086670 0.666504 0.008545 0.6157 0.3921 0.3059
v 0.086670 0.666504 0.008545 0.6236 0.4039 0.3137
v -0.088623 0.674805 0.008545 0.6589 0.4353 0.3372
v 0.088623 0.674805 0.008545 0.6824 0.4628 0.3647
v -0.385986 0.792480 0.008545 0.7333 0.5569 0.3451
v -0.044678 0.847656 0.008545 0.4353 0.2863 0.2078
v -0.046143 0.848145 0.008545 0.4118 0.2706 0.1882
v -0.035400 0.858887 0.008545 0.3529 0.2157 0.1569
v -0.035889 0.859863 0.008545 0.3725 0.2392 0.1686
v -0.047607 0.861816 0.008545 0.3765 0.2392 0.1765
v 0.060303 0.861816 0.008545 0.2745 0.1725 0.1176
v 0.065674 0.865234 0.008545 0.3568 0.2275 0.1530
v 0.059326 0.865723 0.008545 0.2902 0.1922 0.1255
v 0.067627 0.869629 0.008545 0.3372 0.2235 0.1530
v 0.043213 0.886230 0.008545 0.2392 0.1451 0.0902
v -0.059814 0.892578 0.008545 0.2627 0.1647 0.1176
v -0.069580 0.904785 0.008545 0.3608 0.2471 0.1686
v -0.052490 0.908691 0.008545 0.2863 0.1882 0.1294
v -0.068115 0.910645 0.008545 0.3921 0.2667 0.1882
v -0.067627 0.914551 0.008545 0.3686 0.2471 0.1686
v -0.068115 0.914551 0.008545 0.3882 0.2627 0.1804
v -0.068604 0.915039 0.008545 0.3765 0.2627 0.1843
v 0.050049 0.915527 0.008545 0.3451 0.2039 0.1294
v -0.018799 0.938965 0.008545 0.3451 0.2314 0.1725
v -0.016846 0.939453 0.008545 0.3804 0.2627 0.1922
v -0.059814 0.290527 0.008545 0.6079 0.3765 0.2823
v 0.059814 0.290527 0.008545 0.6079 0.3961 0.3137
v -0.130615 0.152832 0.008545 0.1804 0.1373 0.1725
v 0.130615 0.152832 0.008545 0.4667 0.3294 0.2784
v -0.132568 0.136230 0.008545 0.1294 0.1725 0.2980
v 0.132568 0.136230 0.008545 0.1020 0.1373 0.2549
v -0.121338 0.134277 0.008545 0.6039 0.4550 0.2667
v 0.121338 0.134277 0.008545 0.1020 0.1059 0.1608
v -0.133057 0.132324 0.008545 0.0902 0.1059 0.2745
v 0.133057 0.132324 0.008545 0.0667 0.0902 0.1922
v -0.107178 0.516602 0.009033 0.0863 0.1176 0.2118
v 0.107178 0.516602 0.009033 0.0824 0.1098 0.1922
v -0.101807 0.535645 0.009033 0.1373 0.1647 0.2745
v -0.088623 0.569824 0.009033 0.8000 0.6236 0.2902
v 0.088135 0.569824 0.009033 0.4078 0.2392 0.0706
v -0.079834 0.588867 0.009033 0.5176 0.3647 0.2432
v 0.079834 0.588867 0.009033 0.5647 0.3961 0.2549
v 0.083740 0.596680 0.009033 0.5569 0.3568 0.2784
v -0.083740 0.597656 0.009033 0.6000 0.4078 0.2627
v -0.083252 0.613770 0.009033 0.6471 0.4196 0.3255
v 0.083252 0.613770 0.009033 0.6354 0.4078 0.3137
v -0.083740 0.625488 0.009033 0.6432 0.4157 0.3216
v 0.083740 0.625488 0.009033 0.6236 0.4000 0.3098
v -0.084229 0.636230 0.009033 0.6550 0.4353 0.3372
v 0.084229 0.636230 0.009033 0.6432 0.4235 0.3294
v 0.095947 0.706055 0.009033 0.6039 0.3921 0.2902
v 0.144287 0.763672 0.009033 0.6236 0.4000 0.2980
v -0.035400 0.833496 0.009033 0.7020 0.4589 0.3843
v 0.035400 0.833496 0.009033 0.7451 0.4784 0.4039
v -0.032959 0.845703 0.009033 0.5647 0.3412 0.2706
v 0.032959 0.845703 0.009033 0.4902 0.2823 0.2353
v 0.043213 0.853027 0.009033 0.2902 0.1725 0.1294
v -0.035889 0.859375 0.009033 0.3882 0.2432 0.1765
v -0.048584 0.859375 0.009033 0.2745 0.1686 0.1020
v 0.035889 0.859375 0.009033 0.2823 0.1804 0.1255
v 0.036865 0.859375 0.009033 0.3725 0.2314 0.1608
v 0.064209 0.867676 0.009033 0.3294 0.2118 0.1373
v -0.051025 0.887695 0.009033 0.2588 0.1647 0.1412
v -0.066650 0.906250 0.009033 0.3019 0.2118 0.1490
v -0.069580 0.910645 0.009033 0.4078 0.2784 0.1922
v 0.038818 0.915527 0.009033 0.3294 0.2078 0.1569
v -0.003174 0.930176 0.009033 0.1843 0.1176 0.0667
v 0.022705 0.934570 0.009033 0.4000 0.2549 0.1882
v -0.118896 0.471191 0.009033 0.0549 0.0824 0.1569
v 0.118896 0.471191 0.009033 0.1059 0.1333 0.2353
v -0.135986 0.411133 0.009033 0.6706 0.4667 0.3294
v 0.135986 0.411133 0.009033 0.7059 0.5333 0.2667
v -0.130615 0.409668 0.009033 0.6824 0.5019 0.3294
v 0.130615 0.409668 0.009033 0.7333 0.5686 0.3176
v -0.135010 0.179688 0.009033 0.6432 0.4196 0.3176
v 0.135010 0.179688 0.009033 0.6276 0.4039 0.2980
v -0.102295 0.523926 0.009521 0.1373 0.1804 0.2863
v 0.102295 0.523926 0.009521 0.0824 0.1098 0.2039
v 0.100830 0.535645 0.009521 0.0824 0.1098 0.2078
v 0.098877 0.546387 0.009521 0.1176 0.1412 0.2314
v -0.083740 0.598145 0.009521 0.6157 0.4275 0.2627
v -0.082764 0.642578 0.009521 0.6079 0.3882 0.2980
v 0.082764 0.642578 0.009521 0.6118 0.3882 0.2980
v -0.087646 0.683105 0.009521 0.5764 0.3568 0.2706
v 0.087646 0.683105 0.009521 0.6000 0.3765 0.2863
v -0.144775 0.763672 0.009521 0.6197 0.4039 0.3059
v -0.233154 0.769531 0.009521 0.6941 0.4667 0.3725
v 0.233154 0.769531 0.009522 0.6824 0.4432 0.3412
v -0.030518 0.793945 0.009521 0.6118 0.4000 0.3059
v 0.030518 0.793945 0.009521 0.6000 0.3882 0.3019
v -0.032959 0.829102 0.009521 0.5764 0.3647 0.2902
v 0.032959 0.829102 0.009521 0.4628 0.2823 0.2196
v -0.033447 0.838867 0.009521 0.6393 0.4000 0.3255
v 0.033447 0.838867 0.009521 0.7451 0.4745 0.3882
v -0.047607 0.854980 0.009521 0.2510 0.1530 0.1059
v 0.033936 0.860352 0.009521 0.2078 0.1255 0.0784
v 0.053467 0.862793 0.009521 0.2784 0.1765 0.1176
v 0.065674 0.865723 0.009521 0.3608 0.2353 0.1530
v 0.046143 0.871094 0.009521 0.1725 0.1098 0.0667
v -0.050537 0.881836 0.009521 0.2510 0.1412 0.1020
v -0.067139 0.898438 0.009521 0.3255 0.2118 0.1451
v -0.056885 0.899902 0.009521 0.2627 0.1569 0.1098
v -0.068604 0.910645 0.009521 0.4118 0.2784 0.2000
v 0.025146 0.934570 0.009521 0.3882 0.2432 0.1725
v -0.019287 0.939453 0.009521 0.3529 0.2353 0.1686
v -0.017334 0.940918 0.009521 0.3921 0.2588 0.1843
v -0.055420 0.303223 0.009521 0.5961 0.3765 0.2863
v 0.055420 0.303223 0.009521 0.5961 0.3921 0.3059
v -0.129150 0.258301 0.009521 0.6354 0.4157 0.3176
v 0.129150 0.258301 0.009522 0.6393 0.4157 0.3216
v -0.123779 0.135742 0.009521 0.5137 0.3372 0.1451
v 0.123779 0.135742 0.009522 0.1294 0.1608 0.2745
v -0.230225 0.744629 0.010010 0.6550 0.4314 0.3255
v 0.230225 0.744629 0.010010 0.6628 0.4353 0.3294
v -0.147705 0.753418 0.010010 0.6276 0.4078 0.3098
v 0.147705 0.753418 0.010010 0.6393 0.4078 0.3176
v 0.155029 0.772949 0.010010 0.6785 0.4510 0.3490
v -0.048096 0.787598 0.010010 0.5882 0.3804 0.2980
v 0.048096 0.787598 0.010010 0.5921 0.3765 0.2902
v -0.081299 0.798828 0.010010 0.6432 0.4118 0.3216
v 0.081299 0.798828 0.010010 0.6628 0.4432 0.3451
v -0.034912 0.842773 0.010010 0.5764 0.3568 0.2784
v 0.034912 0.842773 0.010010 0.6628 0.4353 0.3568
v 0.040283 0.849609 0.010010 0.4432 0.2941 0.2157
v -0.044678 0.853516 0.010010 0.2118 0.1333 0.0902
v -0.034424 0.859863 0.010010 0.3333 0.2078 0.1412
v 0.034424 0.859863 0.010010 0.2196 0.1333 0.0902
v 0.065674 0.866211 0.010010 0.3608 0.2353 0.1569
v 0.064697 0.867188 0.010010 0.3412 0.2196 0.1412
v 0.047119 0.869629 0.010010 0.2118 0.1373 0.0902
v -0.063232 0.902832 0.010010 0.3098 0.2039 0.1373
v 0.048584 0.902832 0.010010 0.1216 0.0627 0.0471
v -0.069092 0.905273 0.010010 0.3882 0.2706 0.1804
v -0.067627 0.906250 0.010010 0.3882 0.2784 0.1961
v -0.044189 0.918945 0.010010 0.4039 0.2784 0.2196
v -0.015381 0.937988 0.010010 0.4471 0.3098 0.2314
v -0.018311 0.940918 0.010010 0.3843 0.2510 0.1765
v 0.125244 0.456543 0.010010 0.0706 0.0980 0.1843
v -0.015869 0.409668 0.010010 0.1333 0.1647 0.2510
v 0.015869 0.409668 0.010010 0.1451 0.1686 0.2510
v -0.117920 0.315430 0.010010 0.6197 0.4039 0.3137
v 0.117920 0.315430 0.010010 0.6236 0.4157 0.3255
v -0.118896 0.131836 0.010010 0.6980 0.5490 0.3412
v 0.118896 0.131836 0.010010 0.8313 0.6197 0.3255
v -0.114990 0.485840 0.010498 0.0824 0.1098 0.1882
v 0.114990 0.485840 0.010498 0.1098 0.1451 0.2510
v -0.109619 0.496582 0.010498 0.0549 0.0745 0.1530
v 0.109619 0.496582 0.010498 0.1020 0.1294 0.2314
v -0.088135 0.596680 0.010498 0.8313 0.6824 0.3921
v 0.083252 0.598145 0.010498 0.5725 0.3686 0.3137
v -0.085205 0.651367 0.010498 0.6236 0.4039 0.3137
v 0.085205 0.651367 0.010498 0.6197 0.4039 0.3098
v -0.155518 0.773438 0.010498 0.6667 0.4314 0.3294
v 0.144775 0.788574 0.010498 0.6980 0.4628 0.3608
v -0.027588 0.817383 0.010498 0.4980 0.3255 0.2510
v 0.027588 0.817383 0.010498 0.5961 0.3686 0.3098
v -0.031982 0.829102 0.010498 0.5882 0.3765 0.2980
v 0.031982 0.829102 0.010498 0.4902 0.3019 0.2235
v -0.033936 0.830078 0.010498 0.5725 0.3686 0.2902
v 0.033936 0.830078 0.010498 0.4550 0.2471 0.1765
v 0.035400 0.857422 0.010498 0.3568 0.2353 0.1608
v 0.053955 0.859863 0.010498 0.2353 0.1490 0.0941
v -0.051025 0.860352 0.010498 0.3059 0.1843 0.1255
v 0.061279 0.861328 0.010498 0.2902 0.1882 0.1216
v -0.034424 0.864746 0.010498 0.4589 0.2980 0.2235
v 0.034424 0.864746 0.010498 0.3961 0.2510 0.1804
v 0.053955 0.865723 0.010498 0.3059 0.1961 0.1333
v 0.060303 0.866211 0.010498 0.2784 0.1765 0.1216
v -0.124756 0.456055 0.010498 0.1725 0.2078 0.3137
v -0.101807 0.203125 0.010498 0.5843 0.3804 0.2863
v 0.101807 0.203125 0.010498 0.6118 0.3921 0.2980
v -0.113525 0.174805 0.010498 0.5921 0.3882 0.2941
v 0.113525 0.174805 0.010498 0.6000 0.3882 0.2941
v -0.127197 0.160645 0.010498 0.6902 0.4589 0.3647
v 0.127197 0.160645 0.010498 0.6941 0.4589 0.3490
v 0.119385 0.154785 0.010498 0.3176 0.2627 0.2980
v -0.119385 0.154297 0.010498 0.1882 0.1725 0.2549
v -0.116943 0.142578 0.010498 0.8470 0.6706 0.3255
v 0.116943 0.142578 0.010498 0.8274 0.6354 0.3333
v 0.119873 0.083984 0.010498 0.2823 0.2000 0.1530
v -0.119873 0.083496 0.010498 0.0824 0.0863 0.1765
v 0.147705 0.078613 0.010498 0.1451 0.1765 0.2353
v -0.147705 0.078125 0.010498 0.5412 0.4314 0.2627
v -0.106201 0.507324 0.010986 0.0902 0.1451 0.2471
v 0.106201 0.507324 0.010986 0.0902 0.1176 0.2196
v 0.087158 0.596191 0.010986 0.6471 0.4706 0.2118
v -0.091553 0.694824 0.010986 0.5961 0.3765 0.2902
v -0.348877 0.766113 0.010986 0.0588 0.1098 0.1922
v 0.348877 0.766113 0.010986 0.8353 0.6471 0.3568
v -0.145264 0.789062 0.010986 0.6589 0.4314 0.3372
v -0.033447 0.839355 0.010986 0.6315 0.4078 0.3255
v 0.033447 0.839355 0.010986 0.6118 0.3725 0.2941
v -0.034424 0.847168 0.010986 0.4941 0.3098 0.2432
v 0.034424 0.847168 0.010986 0.5294 0.3176 0.2588
v 0.043701 0.851562 0.010986 0.3961 0.2706 0.2039
v -0.034912 0.853516 0.010986 0.4628 0.2823 0.2157
v 0.034912 0.853516 0.010986 0.3608 0.2196 0.1530
v -0.034912 0.856934 0.010986 0.4314 0.2745 0.2078
v 0.049561 0.871094 0.010986 0.2235 0.1294 0.0902
v 0.052002 0.875488 0.010986 0.4784 0.3098 0.2314
v -0.055420 0.877930 0.010986 0.2588 0.1451 0.0980
v -0.017822 0.936035 0.010986 0.2706 0.1882 0.1333
v -0.005615 0.939453 0.010986 0.3608 0.2314 0.1686
v -0.131104 0.155762 0.010986 0.2745 0.2627 0.3216
v 0.131104 0.155762 0.010986 0.2392 0.2353 0.2902
v -0.129150 0.085938 0.010986 0.9058 0.7216 0.3804
v 0.129639 0.085938 0.010986 0.1098 0.0941 0.1216
v -0.087646 0.591797 0.011475 0.7098 0.5216 0.2432
v 0.086670 0.591797 0.011475 0.7333 0.5569 0.2627
v -0.232178 0.757812 0.011475 0.7020 0.4667 0.3686
v 0.232178 0.757812 0.011475 0.7176 0.4823 0.3804
v -0.151123 0.762695 0.011475 0.6745 0.4510 0.3451
v 0.151123 0.762695 0.011475 0.6471 0.4235 0.3372
v -0.449951 0.810059 0.011475 0.7059 0.0353 0.0588
v 0.449951 0.810059 0.011475 0.7764 0.5843 0.2432
v -0.033936 0.833008 0.011475 0.6354 0.4157 0.3255
v 0.033936 0.833008 0.011475 0.7020 0.4706 0.3804
v 0.042236 0.849609 0.011475 0.4667 0.3019 0.2235
v 0.038330 0.858398 0.011475 0.3608 0.2392 0.1647
v -0.033936 0.871582 0.011475 0.4784 0.3019 0.2275
v 0.033936 0.871582 0.011475 0.4784 0.3019 0.2196
v -0.066650 0.899902 0.011475 0.3686 0.2471 0.1686
v -0.032959 0.926758 0.011475 0.3176 0.2000 0.1373
v -0.118896 0.310059 0.011475 0.6510 0.4353 0.3451
v 0.118896 0.310059 0.011475 0.6471 0.4392 0.3568
v -0.120361 0.286621 0.011475 0.6393 0.4196 0.3255
v 0.120361 0.286621 0.011475 0.6354 0.4314 0.3412
v -0.132568 0.143555 0.011475 0.1569 0.2000 0.3333
v 0.132568 0.143555 0.011475 0.1255 0.1686 0.2784
v -0.137939 0.087891 0.011475 0.1647 0.1294 0.1725
v 0.137939 0.087891 0.011475 0.7647 0.5961 0.3372
v -0.182861 0.009766 0.011475 0.4784 0.3686 0.2235
v 0.182861 0.009766 0.011475 0.1294 0.1137 0.1569
v -0.104248 0.524414 0.011963 0.0902 0.1333 0.2392
v 0.104248 0.524414 0.011963 0.0902 0.1137 0.2039
v 0.102295 0.536133 0.011963 0.1255 0.1647 0.2667
v 0.096436 0.557129 0.011963 0.0706 0.1216 0.2510
v 0.090576 0.565918 0.011963 0.6471 0.4471 0.1686
v 0.090088 0.570312 0.011963 0.6706 0.4823 0.2078
v 0.087158 0.581055 0.011963 0.6157 0.4392 0.1843
v -0.087646 0.581543 0.011963 0.6079 0.4157 0.1765
v 0.091064 0.694336 0.011963 0.6315 0.4078 0.3098
v -0.446045 0.722168 0.011963 0.6667 0.0275 0.0510
v 0.446045 0.722168 0.011963 0.7647 0.5764 0.2588
v 0.144775 0.774414 0.011963 0.5882 0.3725 0.2784
v -0.059326 0.790039 0.011963 0.5804 0.3765 0.2941
v 0.059326 0.790039 0.011963 0.5882 0.3765 0.2902
v -0.022705 0.807617 0.011963 0.5490 0.3412 0.2706
v 0.022705 0.807617 0.011963 0.5412 0.3412 0.2588
v -0.437744 0.810059 0.011963 0.6902 0.0275 0.0549
v 0.437744 0.810059 0.011963 0.7529 0.5764 0.2510
v -0.042725 0.852539 0.011963 0.2235 0.1490 0.1059
v 0.037354 0.855957 0.011963 0.3608 0.2353 0.1608
v 0.062256 0.862305 0.011963 0.3647 0.2196 0.1530
v -0.053467 0.864258 0.011963 0.4118 0.2745 0.2118
v 0.061279 0.865723 0.011963 0.3098 0.2000 0.1333
v -0.056885 0.871094 0.011963 0.3019 0.2039 0.1490
v 0.050537 0.887695 0.011963 0.2549 0.1451 0.1098
v 0.031982 0.888184 0.011963 0.5412 0.3568 0.2784
v -0.050049 0.892578 0.011963 0.1569 0.0824 0.0510
v -0.062256 0.892578 0.011963 0.2275 0.1137 0.0667
v -0.026123 0.898438 0.011963 0.5882 0.3921 0.3176
v 0.026123 0.898438 0.011963 0.5921 0.3961 0.3019
v -0.064697 0.901855 0.011963 0.3725 0.2510 0.1765
v -0.012451 0.905273 0.011963 0.5961 0.4000 0.3098
v 0.012451 0.905273 0.011963 0.5961 0.4000 0.3098
v -0.000244 0.906738 0.011963 0.6039 0.4000 0.3137
v 0.043213 0.916992 0.011963 0.3412 0.2196 0.1569
v -0.015381 0.939453 0.011963 0.4039 0.2588 0.1843
v -0.049561 0.313965 0.011963 0.6000 0.3843 0.3019
v 0.049561 0.313965 0.011963 0.6118 0.3882 0.3019
v -0.119385 0.294922 0.011963 0.6157 0.3961 0.2980
v 0.119385 0.294922 0.011963 0.6393 0.4235 0.3372
v -0.121826 0.142578 0.011963 0.4510 0.3568 0.2510
v 0.121826 0.142578 0.011963 0.1451 0.1882 0.2941
v -0.117432 0.052734 0.011963 0.0941 0.1333 0.2432
v 0.117432 0.052734 0.011963 0.3372 0.2510 0.1961
v -0.181396 0.011719 0.011963 0.0980 0.1137 0.2039
v 0.181396 0.011719 0.011963 0.0824 0.0980 0.1608
v -0.181396 0.001953 0.011963 0.1216 0.1137 0.1294
v 0.181396 0.001953 0.011963 0.1059 0.1216 0.1608
v -0.102295 0.536133 0.012451 0.0980 0.1451 0.2627
v 0.099854 0.546875 0.012451 0.1373 0.1725 0.2863
v -0.096436 0.557129 0.012451 0.0627 0.1176 0.2706
v -0.090576 0.565918 0.012451 0.6941 0.4980 0.2392
v -0.090088 0.570312 0.012451 0.6980 0.5137 0.2235
v -0.388428 0.761719 0.012451 0.1530 0.1137 0.1961
v 0.388428 0.761719 0.012451 0.1725 0.1412 0.1255
v -0.220459 0.771973 0.012451 0.7137 0.4706 0.3686
v 0.220459 0.771973 0.012451 0.7216 0.4863 0.3843
v -0.145264 0.774414 0.012451 0.6079 0.3961 0.3059
v -0.166748 0.774414 0.012451 0.6980 0.4628 0.3608
v 0.166748 0.774414 0.012451 0.7020 0.4628 0.3804
v -0.029053 0.781738 0.012451 0.6118 0.3961 0.3098
v 0.029053 0.781738 0.012451 0.6079 0.3961 0.3059
v -0.461670 0.808594 0.012451 0.7451 0.0353 0.0667
v 0.461670 0.808594 0.012451 0.7568 0.5686 0.2314
v -0.033447 0.837402 0.012451 0.6315 0.4118 0.3176
v 0.033447 0.837402 0.012451 0.6510 0.4078 0.3294
v -0.041260 0.850586 0.012451 0.2627 0.1647 0.1098
v -0.049072 0.852539 0.012451 0.3019 0.2039 0.1451
v 0.033936 0.853027 0.012451 0.3686 0.2314 0.1647
v -0.034424 0.853516 0.012451 0.4157 0.2706 0.1961
v -0.046143 0.862793 0.012451 0.4196 0.2823 0.2157
v 0.047607 0.864258 0.012451 0.2980 0.1961 0.1333
v 0.033936 0.867676 0.012451 0.4745 0.2980 0.2235
v -0.031982 0.888184 0.012451 0.5294 0.3451 0.2745
v -0.050537 0.898926 0.012451 0.2235 0.1412 0.0941
v -0.058838 0.900879 0.012451 0.3961 0.2667 0.1961
v -0.033936 0.921387 0.012451 0.3098 0.2118 0.1686
v 0.032471 0.928223 0.012451 0.3098 0.1961 0.1333
v -0.018311 0.937500 0.012451 0.3451 0.2392 0.1804
v -0.119873 0.471191 0.012451 0.1294 0.1765 0.2823
v 0.120361 0.471191 0.012451 0.0863 0.1176 0.2118
v -0.119385 0.303223 0.012451 0.6550 0.4432 0.3490
v 0.119385 0.303223 0.012451 0.6157 0.4039 0.3137
v -0.133057 0.195801 0.012451 0.6628 0.4314 0.3294
v 0.133057 0.195801 0.012451 0.6236 0.3921 0.3059
v -0.118896 0.153320 0.012451 0.0745 0.1451 0.2823
v 0.118896 0.153320 0.012451 0.0941 0.1373 0.2432
v -0.115479 0.140625 0.012451 0.1020 0.1333 0.2471
v 0.115479 0.140625 0.012451 0.6706 0.4745 0.2392
v -0.100342 0.546875 0.012939 0.0980 0.1490 0.2863
v -0.416748 0.746094 0.012939 0.6589 0.0314 0.0510
v 0.416748 0.746094 0.012940 0.7176 0.5255 0.2392
v -0.161865 0.749512 0.012939 0.6471 0.4235 0.3176
v 0.161865 0.749512 0.012939 0.6667 0.4314 0.3372
v -0.104736 0.807129 0.012939 0.7059 0.4550 0.3490
v 0.104736 0.807129 0.012939 0.7020 0.4589 0.3608
v -0.031982 0.830078 0.012939 0.6276 0.4196 0.3333
v 0.031982 0.830078 0.012939 0.5882 0.3490 0.2667
v -0.033447 0.842285 0.012939 0.5137 0.3372 0.2902
v 0.033447 0.842285 0.012939 0.5373 0.3137 0.2392
v -0.033447 0.847168 0.012939 0.2157 0.1255 0.0667
v 0.033447 0.847168 0.012939 0.5686 0.3568 0.2863
v -0.044678 0.852051 0.012939 0.2432 0.1686 0.1137
v 0.041748 0.857910 0.012939 0.2706 0.1765 0.1176
v -0.052490 0.858398 0.012939 0.2941 0.1608 0.1059
v 0.045166 0.859863 0.012939 0.2784 0.1882 0.1294
v 0.061768 0.864258 0.012939 0.3608 0.2353 0.1569
v 0.055420 0.866699 0.012939 0.3686 0.2432 0.1647
v 0.049561 0.908203 0.012939 0.3216 0.1961 0.1333
v -0.000244 0.926270 0.012939 0.1608 0.0863 0.0510
v 0.001709 0.934570 0.012939 0.2275 0.1333 0.0863
v -0.017334 0.939453 0.012939 0.4078 0.2627 0.2039
v -0.122314 0.276855 0.012939 0.6471 0.4275 0.3294
v 0.122314 0.276855 0.012939 0.6197 0.4039 0.3098
v -0.099365 0.217285 0.012939 0.5961 0.3843 0.2902
v 0.099365 0.217285 0.012939 0.6079 0.3882 0.2941
v -0.131592 0.154785 0.012939 0.1412 0.1333 0.2471
v 0.131592 0.154785 0.012939 0.1216 0.1490 0.2471
v -0.118896 0.150391 0.012939 0.0588 0.1098 0.2432
v 0.118896 0.150391 0.012939 0.0510 0.1176 0.2118
v -0.122803 0.073242 0.012939 0.1059 0.1098 0.2078
v 0.122803 0.073242 0.012939 0.1216 0.1176 0.1686
v -0.122803 0.006836 0.012939 0.0235 0.0471 0.1020
v 0.122803 0.006836 0.012939 0.0980 0.1020 0.1530
v -0.110596 0.497070 0.013428 0.1216 0.1569 0.2784
v 0.110596 0.497070 0.013428 0.0745 0.1020 0.1765
v -0.106689 0.507812 0.013428 0.0824 0.1255 0.2314
v 0.106689 0.507812 0.013428 0.1098 0.1333 0.2353
v -0.217041 0.743652 0.013428 0.6628 0.4275 0.3372
v 0.217041 0.743652 0.013428 0.6745 0.4471 0.3490
v -0.406982 0.748047 0.013428 0.7216 0.0431 0.0824
v 0.406982 0.748047 0.013428 0.7137 0.5294 0.2471
v -0.396240 0.752930 0.013428 0.6354 0.0118 0.0431
v 0.396240 0.752930 0.013428 0.6824 0.4980 0.2118
v -0.179932 0.774414 0.013428 0.7216 0.4784 0.3765
v 0.179932 0.774414 0.013428 0.7372 0.4980 0.4000
v 0.135986 0.794434 0.013428 0.7098 0.4745 0.3725
v -0.472900 0.804199 0.013428 0.7451 0.0392 0.0706
v 0.472900 0.804199 0.013428 0.7921 0.6039 0.2627
v -0.029541 0.818848 0.013428 0.5451 0.3568 0.2902
v 0.029541 0.818848 0.013428 0.4784 0.2902 0.2196
v -0.033936 0.849609 0.013428 0.3098 0.1882 0.1333
v -0.033447 0.853027 0.013428 0.4196 0.2627 0.1922
v 0.033447 0.853027 0.013428 0.3529 0.2314 0.1725
v -0.037354 0.857422 0.013428 0.3647 0.2314 0.1647
v -0.036377 0.858398 0.013428 0.3961 0.2510 0.1804
v 0.055420 0.858887 0.013428 0.2627 0.1608 0.1059
v 0.049072 0.868164 0.013428 0.2314 0.1373 0.0902
v 0.052979 0.895508 0.013428 0.5176 0.3529 0.2627
v 0.033447 0.914551 0.013428 0.2157 0.1412 0.0980
v 0.035400 0.921387 0.013428 0.2432 0.1451 0.1020
v -0.001221 0.929688 0.013428 0.1686 0.0902 0.0549
v -0.016846 0.934082 0.013428 0.2745 0.1804 0.1294
v -0.126709 0.456055 0.013428 0.0863 0.1294 0.2588
v 0.126709 0.456055 0.013428 0.0392 0.0510 0.1059
v -0.112061 0.189941 0.013428 0.6000 0.3882 0.2902
v 0.112061 0.189941 0.013428 0.6157 0.4000 0.2980
v -0.132080 0.151855 0.013428 0.0549 0.1098 0.2235
v 0.132080 0.151855 0.013428 0.0549 0.1176 0.2196
v -0.179443 0.022949 0.013428 0.7647 0.5921 0.2392
v 0.179443 0.022949 0.013428 0.4353 0.3921 0.3255
v -0.115479 0.486816 0.013916 0.1216 0.1647 0.2745
v 0.115479 0.486816 0.013916 0.1020 0.1255 0.2235
v -0.095947 0.723145 0.013916 0.5490 0.3451 0.2627
v 0.095947 0.723145 0.013916 0.5530 0.3529 0.2706
v -0.382568 0.759766 0.013916 0.2078 0.1412 0.1451
v 0.382568 0.759766 0.013916 0.5882 0.4706 0.3255
v -0.386475 0.760742 0.013916 0.7764 0.5216 0.2902
v 0.386475 0.760742 0.013916 0.1373 0.1686 0.2863
v -0.206787 0.773438 0.013916 0.7333 0.4902 0.3921
v 0.206787 0.773438 0.013916 0.7294 0.4863 0.3882
v -0.193115 0.774414 0.013916 0.7294 0.4863 0.3804
v 0.193115 0.774414 0.013916 0.7216 0.4863 0.3843
v -0.385986 0.782227 0.013916 0.0941 0.0980 0.2432
v 0.385986 0.782227 0.013916 0.5019 0.3961 0.2235
v 0.078857 0.793457 0.013916 0.6393 0.4118 0.3255
v -0.078857 0.793945 0.013916 0.6471 0.4196 0.3255
v -0.136475 0.794922 0.013916 0.6941 0.4628 0.3647
v -0.032471 0.833008 0.013916 0.6354 0.4235 0.3294
v 0.032471 0.833008 0.013916 0.7255 0.4863 0.3804
v 0.033447 0.848633 0.013916 0.3882 0.2314 0.1608
v -0.042725 0.849121 0.013916 0.3059 0.1961 0.1451
v -0.051514 0.854980 0.013916 0.2314 0.1490 0.1020
v 0.036865 0.857422 0.013916 0.3608 0.2275 0.1490
v 0.048584 0.882812 0.013916 0.3568 0.2353 0.1686
v -0.052002 0.888184 0.013916 0.1922 0.1098 0.0706
v 0.047607 0.914062 0.013916 0.4000 0.2706 0.2039
v -0.048096 0.916504 0.013916 0.2510 0.1412 0.0863
v 0.001221 0.929199 0.013916 0.2000 0.1176 0.0745
v -0.019287 0.930664 0.013916 0.1412 0.0745 0.0510
v -0.125244 0.177246 0.013916 0.6667 0.4471 0.3490
v 0.125244 0.177246 0.013916 0.6745 0.4471 0.3568
v -0.139404 0.078125 0.013916 0.5921 0.4550 0.2432
v 0.139404 0.078125 0.013916 0.7568 0.5647 0.3059
v 0.087646 0.686035 0.014404 0.6550 0.4353 0.3451
v -0.088135 0.686523 0.014404 0.5961 0.3804 0.2863
v 0.456787 0.721191 0.014404 0.7804 0.5804 0.2627
v -0.456787 0.721680 0.014404 0.7020 0.0314 0.0627
v -0.203369 0.743652 0.014404 0.6628 0.4314 0.3333
v 0.203369 0.743652 0.014404 0.6589 0.4275 0.3333
v -0.176025 0.746582 0.014404 0.6628 0.4314 0.3255
v 0.176025 0.746582 0.014404 0.6432 0.4157 0.3137
v -0.123779 0.749512 0.014404 0.5530 0.3568 0.2706
v 0.123779 0.749512 0.014404 0.5608 0.3608 0.2823
v -0.133057 0.758789 0.014404 0.5333 0.3333 0.2510
v 0.132568 0.758789 0.014404 0.5647 0.3647 0.2823
v -0.164307 0.761719 0.014404 0.6824 0.4589 0.3529
v 0.163818 0.761719 0.014404 0.6863 0.4550 0.3568
v 0.138916 0.765625 0.014404 0.5764 0.3725 0.2863
v -0.139404 0.766113 0.014404 0.5882 0.3804 0.2980
v -0.038818 0.784668 0.014404 0.5961 0.3882 0.3019
v 0.038818 0.784668 0.014404 0.5882 0.3843 0.2941
v -0.071533 0.786621 0.014404 0.6197 0.4000 0.3137
v 0.071533 0.786621 0.014404 0.6118 0.3882 0.3019
v -0.482666 0.795898 0.014404 0.7059 0.0431 0.0627
v 0.482666 0.796387 0.014404 0.8431 0.6589 0.3059
v -0.421631 0.807129 0.014404 0.6589 0.0275 0.0510
v 0.421631 0.807129 0.014404 0.7647 0.5647 0.2588
v -0.033447 0.845703 0.014404 0.3176 0.2196 0.1725
v -0.044678 0.850098 0.014404 0.2784 0.1843 0.1333
v -0.036377 0.854004 0.014404 0.3098 0.1961 0.1333
v 0.047607 0.859863 0.014404 0.2549 0.1608 0.1020
v -0.033447 0.862305 0.014404 0.4235 0.2588 0.1882
v -0.064209 0.877441 0.014404 0.2823 0.1804 0.1216
v -0.067627 0.880371 0.014404 0.3412 0.2314 0.1569
v 0.035400 0.916016 0.014404 0.2196 0.1412 0.0863
v 0.014404 0.925293 0.014404 0.3019 0.1961 0.1412
v 0.013428 0.927734 0.014404 0.3255 0.2157 0.1647
v 0.038818 0.932617 0.014404 0.3019 0.2000 0.1412
v 0.033936 0.937012 0.014404 0.3647 0.2549 0.1843
v -0.012451 0.938477 0.014404 0.4550 0.3019 0.2275
v -0.189697 0.745117 0.014893 0.6706 0.4314 0.3333
v 0.189697 0.745117 0.014893 0.6354 0.4078 0.3137
v -0.429443 0.749512 0.014893 0.4745 0.0157 0.0431
v 0.429443 0.749512 0.014893 0.3294 0.2196 0.1059
v -0.428955 0.750977 0.014893 0.4941 0.0157 0.0471
v 0.428955 0.750977 0.014893 0.4510 0.3216 0.1490
v -0.219482 0.759277 0.014893 0.7059 0.4706 0.3725
v 0.219482 0.759277 0.014893 0.7098 0.4745 0.3725
v -0.075439 0.788574 0.014893 0.6197 0.4078 0.3216
v 0.075439 0.788574 0.014893 0.6000 0.3882 0.2941
v -0.032471 0.836914 0.014893 0.6354 0.4235 0.3412
v 0.032471 0.836914 0.014893 0.6941 0.4471 0.3529
v 0.032959 0.844727 0.014893 0.5373 0.3333 0.2588
v -0.032959 0.846680 0.014893 0.3294 0.2196 0.1686
v 0.032959 0.846680 0.014893 0.5176 0.3333 0.2549
v 0.036377 0.853027 0.014893 0.2588 0.1647 0.1137
v 0.037354 0.853516 0.014893 0.2823 0.1725 0.1176
v -0.042236 0.857910 0.014893 0.2863 0.1804 0.1176
v -0.059814 0.875977 0.014893 0.2784 0.1725 0.1176
v -0.063721 0.879395 0.014893 0.2627 0.1765 0.1255
v -0.068115 0.879883 0.014893 0.3608 0.2471 0.1765
v -0.067139 0.880859 0.014893 0.3255 0.2157 0.1490
v -0.062256 0.895996 0.014893 0.4157 0.2627 0.1922
v -0.060791 0.899414 0.014893 0.3843 0.2588 0.1843
v 0.007568 0.930176 0.014893 0.2667 0.1530 0.1020
v -0.037842 0.936523 0.014893 0.3137 0.2157 0.1412
v -0.037354 0.937500 0.014893 0.3333 0.2275 0.1608
v 0.034424 0.938477 0.014893 0.3804 0.2745 0.2000
v -0.040283 0.938965 0.014893 0.3451 0.2432 0.1686
v 0.090576 0.706543 0.015381 0.6157 0.4000 0.3019
v -0.090576 0.707031 0.015381 0.5882 0.3647 0.2745
v -0.424561 0.748047 0.015381 0.5490 0.0118 0.0431
v 0.424561 0.748047 0.015381 0.5764 0.4157 0.1882
v -0.386475 0.772461 0.015381 0.1490 0.1373 0.2314
v 0.386475 0.772461 0.015381 0.5098 0.3804 0.2039
v -0.490479 0.785156 0.015381 0.7333 0.0431 0.0627
v 0.490479 0.785156 0.015381 0.8078 0.6197 0.2549
v -0.017334 0.794922 0.015381 0.5686 0.3568 0.2627
v 0.017334 0.794922 0.015381 0.6118 0.4039 0.3137
v -0.021240 0.796387 0.015381 0.6000 0.3843 0.2941
v 0.021240 0.796387 0.015381 0.6079 0.3921 0.3019
v -0.126221 0.799805 0.015381 0.7020 0.4706 0.3686
v 0.126221 0.799805 0.015381 0.6941 0.4589 0.3686
v 0.115967 0.803711 0.015381 0.7098 0.4628 0.3647
v -0.115967 0.804199 0.015381 0.6941 0.4510 0.3529
v -0.032471 0.841309 0.015381 0.3529 0.2118 0.1608
v 0.032471 0.841309 0.015381 0.6039 0.3765 0.3019
v -0.035889 0.849609 0.015381 0.2902 0.1961 0.1451
v 0.042236 0.855469 0.015381 0.3608 0.2353 0.1647
v 0.035400 0.860840 0.015381 0.2627 0.1608 0.1098
v -0.048584 0.863770 0.015381 0.2745 0.1647 0.1059
v 0.056885 0.865723 0.015381 0.4353 0.2941 0.2196
v -0.065186 0.876465 0.015381 0.2980 0.1922 0.1294
v -0.059814 0.878418 0.015381 0.2902 0.1882 0.1216
v -0.067139 0.881348 0.015381 0.3451 0.2314 0.1569
v -0.069580 0.883301 0.015381 0.3725 0.2510 0.1647
v -0.022705 0.931152 0.015381 0.1647 0.0941 0.0588
v -0.034912 0.934570 0.015381 0.2667 0.1765 0.1255
v -0.033936 0.936035 0.015381 0.3098 0.2118 0.1451
v 0.032959 0.936035 0.015381 0.2863 0.1922 0.1373
v -0.038330 0.936523 0.015381 0.3176 0.2235 0.1412
v -0.037354 0.937988 0.015381 0.3490 0.2353 0.1647
v -0.013916 0.939453 0.015381 0.4353 0.2823 0.2078
v 0.028564 0.939941 0.015381 0.3647 0.2432 0.1686
v 0.029053 0.940430 0.015381 0.3647 0.2432 0.1725
v -0.126221 0.426270 0.015381 0.1725 0.1530 0.2196
v 0.126221 0.426270 0.015381 0.7020 0.5647 0.3568
v -0.040283 0.356445 0.015381 0.5882 0.3725 0.2902
v 0.040283 0.356445 0.015381 0.5843 0.3686 0.2863
v -0.084717 0.247559 0.015381 0.5921 0.3882 0.2902
v 0.084717 0.247559 0.015381 0.5921 0.3804 0.2863
v -0.093994 0.232422 0.015381 0.5882 0.3843 0.2902
v 0.093994 0.232422 0.015381 0.6079 0.3961 0.2980
v -0.131104 0.210449 0.015381 0.6393 0.4235 0.3176
v 0.131104 0.210449 0.015381 0.6315 0.4118 0.3137
v -0.130615 0.076660 0.015381 0.1333 0.1216 0.1569
v 0.130615 0.076660 0.015381 0.8353 0.6236 0.3451
v -0.121338 0.013672 0.015381 0.0902 0.1216 0.2039
v 0.121338 0.013672 0.015381 0.1216 0.1451 0.2118
v -0.108643 0.508789 0.015869 0.0745 0.1059 0.2314
v 0.108643 0.508789 0.015869 0.1412 0.1725 0.2667
v -0.485596 0.736816 0.015869 0.7255 0.0392 0.0784
v 0.485596 0.736816 0.015869 0.8078 0.6118 0.2784
v -0.426514 0.745605 0.015869 0.4823 0.0235 0.0549
v 0.426514 0.745605 0.015869 0.3961 0.2667 0.1216
v -0.380127 0.783691 0.015869 0.6393 0.4392 0.2000
v -0.384033 0.783691 0.015869 0.6941 0.5019 0.2902
v 0.380127 0.783691 0.015869 0.5373 0.4314 0.2745
v 0.384033 0.783691 0.015869 0.1608 0.1882 0.3019
v -0.030029 0.821289 0.015869 0.6000 0.4000 0.3176
v 0.030029 0.821289 0.015869 0.5569 0.3568 0.2823
v 0.032471 0.841309 0.015869 0.5373 0.3216 0.2510
v -0.032959 0.842773 0.015869 0.4196 0.2784 0.2157
v 0.035400 0.848145 0.015869 0.4157 0.2667 0.2118
v 0.051025 0.868652 0.015869 0.3059 0.2039 0.1569
v -0.068115 0.879883 0.015869 0.3647 0.2549 0.1765
v -0.053467 0.900879 0.015869 0.2980 0.1804 0.1098
v -0.039307 0.923340 0.015869 0.3333 0.2196 0.1530
v 0.036865 0.932129 0.015869 0.2784 0.1725 0.1176
v 0.040283 0.934570 0.015869 0.3490 0.2392 0.1725
v -0.017334 0.936035 0.015869 0.3568 0.2471 0.1882
v -0.038330 0.936523 0.015869 0.3333 0.2275 0.1569
v -0.003174 0.938965 0.015869 0.3451 0.2314 0.1686
v 0.028564 0.938965 0.015869 0.3372 0.2275 0.1608
v 0.029053 0.940918 0.015869 0.3686 0.2471 0.1765
v -0.121826 0.472168 0.015869 0.1176 0.1569 0.2863
v 0.121826 0.472168 0.015869 0.0784 0.0941 0.1725
v -0.132568 0.428223 0.015869 0.3059 0.2039 0.1843
v 0.132568 0.428223 0.015869 0.7529 0.6079 0.3529
v -0.150635 0.071289 0.015869 0.3372 0.2471 0.1725
v 0.150635 0.071289 0.015869 0.5255 0.4510 0.3765
v -0.121826 0.015625 0.015869 0.0941 0.1255 0.2039
v 0.121826 0.015625 0.015869 0.1294 0.1490 0.2314
v -0.112549 0.498047 0.016357 0.0706 0.1255 0.2549
v 0.112549 0.498047 0.016357 0.1059 0.1216 0.1961
v -0.467529 0.724121 0.016357 0.7216 0.0353 0.0588
v 0.467529 0.724121 0.016357 0.8157 0.6079 0.3019
v -0.205322 0.759766 0.016357 0.7294 0.4863 0.3882
v 0.205322 0.759766 0.016357 0.7255 0.4902 0.3882
v -0.177979 0.761230 0.016357 0.6941 0.4550 0.3568
v 0.177979 0.761230 0.016357 0.6941 0.4589 0.3568
v -0.494385 0.772461 0.016357 0.7647 0.0471 0.0863
v 0.494385 0.772461 0.016357 0.8666 0.6745 0.2863
v 0.139404 0.780273 0.016357 0.6941 0.4706 0.3647
v -0.051025 0.787109 0.016357 0.6118 0.3921 0.3019
v 0.051025 0.787109 0.016357 0.6118 0.3921 0.2980
v -0.394775 0.794922 0.016357 0.7176 0.0078 0.0196
v 0.394775 0.794922 0.016357 0.6980 0.5137 0.2118
v 0.034424 0.844727 0.016357 0.5019 0.3098 0.2432
v -0.034912 0.846191 0.016357 0.2784 0.1608 0.1137
v 0.040283 0.853516 0.016357 0.3216 0.2039 0.1373
v 0.057373 0.860352 0.016357 0.3451 0.2235 0.1608
v -0.055420 0.879395 0.016357 0.2941 0.1922 0.1373
v -0.063721 0.880371 0.016357 0.2784 0.1725 0.1137
v -0.068115 0.880371 0.016357 0.3765 0.2588 0.1765
v -0.067139 0.880859 0.016357 0.3843 0.2627 0.1804
v -0.046143 0.891602 0.016357 0.1569 0.0824 0.0549
v -0.048096 0.909668 0.016357 0.2196 0.1255 0.0745
v 0.042725 0.926758 0.016357 0.2823 0.1843 0.1255
v 0.000732 0.927734 0.016357 0.1843 0.1137 0.0588
v -0.035400 0.933594 0.016357 0.2353 0.1530 0.1020
v -0.033936 0.937500 0.016357 0.3608 0.2392 0.1608
v -0.037842 0.937500 0.016357 0.3608 0.2432 0.1647
v -0.037354 0.937988 0.016357 0.3647 0.2432 0.1647
v -0.016357 0.938477 0.016357 0.4314 0.2980 0.2235
v 0.034912 0.939453 0.016357 0.3137 0.2078 0.1412
v -0.117432 0.487793 0.016846 0.0745 0.1255 0.2588
v 0.117432 0.487793 0.016846 0.1020 0.1176 0.1961
v -0.491943 0.747070 0.016846 0.7568 0.0392 0.0745
v 0.491943 0.747070 0.016846 0.8509 0.6667 0.3019
v -0.494873 0.759277 0.016846 0.7372 0.0353 0.0627
v 0.494873 0.759277 0.016846 0.8823 0.6941 0.3019
v -0.139893 0.780762 0.016846 0.6785 0.4510 0.3568
v -0.040771 0.855957 0.016846 0.2745 0.1804 0.1255
v 0.044189 0.861816 0.016846 0.2471 0.1530 0.1020
v 0.057861 0.863281 0.016846 0.4235 0.2784 0.2078
v 0.045654 0.872559 0.016846 0.2314 0.1412 0.1020
v -0.061279 0.874023 0.016846 0.2823 0.1765 0.1137
v 0.049561 0.877441 0.016846 0.4157 0.2863 0.2157
v -0.030518 0.932129 0.016846 0.2471 0.1608 0.0980
v -0.029053 0.935059 0.016846 0.3529 0.2275 0.1490
v 0.032471 0.936523 0.016846 0.2863 0.1882 0.1294
v 0.028564 0.939453 0.016846 0.3255 0.2235 0.1647
v 0.029053 0.940918 0.016846 0.3608 0.2471 0.1725
v 0.024170 0.941406 0.016846 0.4157 0.2863 0.1961
v -0.110107 0.204590 0.016846 0.5921 0.3804 0.2863
v 0.110107 0.204590 0.016846 0.5882 0.3725 0.2745
v -0.191650 0.760254 0.017334 0.7176 0.4745 0.3765
v 0.191650 0.760254 0.017334 0.7020 0.4589 0.3608
v -0.012451 0.794922 0.017334 0.5608 0.3568 0.2706
v 0.012451 0.794922 0.017334 0.5686 0.3686 0.2823
v 0.041260 0.861816 0.017334 0.2235 0.1412 0.0941
v -0.032471 0.871582 0.017334 0.4784 0.3137 0.2392
v 0.046631 0.873535 0.017334 0.2196 0.1176 0.0588
v -0.054932 0.875000 0.017334 0.2314 0.1373 0.0941
v -0.065674 0.876953 0.017334 0.3608 0.2432 0.1725
v -0.060303 0.880371 0.017334 0.2863 0.1882 0.1255
v 0.039795 0.916992 0.017334 0.2471 0.1490 0.0941
v 0.059814 0.919434 0.017334 0.3882 0.2745 0.2706
v 0.003662 0.933105 0.017334 0.2471 0.1608 0.0980
v 0.028564 0.939941 0.017334 0.3529 0.2392 0.1686
v -0.041748 0.343750 0.017334 0.5882 0.3765 0.2902
v 0.041748 0.343750 0.017334 0.5961 0.3804 0.2980
v -0.078369 0.260742 0.017334 0.5764 0.3608 0.2667
v 0.078369 0.260742 0.017334 0.6236 0.4078 0.3137
v -0.123291 0.192871 0.017334 0.6589 0.4432 0.3412
v 0.123291 0.192871 0.017334 0.6706 0.4471 0.3490
v -0.425049 0.737793 0.017822 0.5804 0.0275 0.0549
v 0.425049 0.737793 0.017822 0.5961 0.4157 0.1804
v -0.114014 0.738281 0.017822 0.5608 0.3608 0.2784
v 0.114014 0.738281 0.017822 0.5608 0.3568 0.2745
v -0.384033 0.772461 0.017822 0.6902 0.4628 0.2627
v 0.384033 0.772461 0.017822 0.1530 0.2000 0.3059
v -0.090576 0.798828 0.017822 0.7098 0.4628 0.3608
v 0.090576 0.798828 0.017822 0.7294 0.4863 0.3882
v -0.017822 0.804688 0.017822 0.4902 0.3019 0.2353
v 0.017822 0.804688 0.017822 0.4902 0.2980 0.2314
v -0.031982 0.840332 0.017822 0.5451 0.3529 0.2823
v 0.033447 0.841797 0.017822 0.4118 0.2432 0.1843
v -0.033936 0.843262 0.017822 0.5451 0.3568 0.2823
v -0.039307 0.854004 0.017822 0.2823 0.1725 0.1176
v -0.049561 0.861328 0.017822 0.2549 0.1373 0.0824
v -0.065674 0.878418 0.017822 0.4000 0.2745 0.1843
v -0.064697 0.879883 0.017822 0.4000 0.2823 0.2078
v -0.052002 0.882324 0.017822 0.3372 0.2235 0.1608
v 0.043213 0.887207 0.017822 0.2667 0.1608 0.1333
v -0.044189 0.902344 0.017822 0.2039 0.1176 0.0824
v 0.060791 0.915039 0.017822 0.3451 0.2314 0.1608
v 0.039307 0.927246 0.017822 0.2706 0.1686 0.1176
v -0.035889 0.934082 0.017822 0.2471 0.1647 0.1059
v 0.040283 0.936035 0.017822 0.3804 0.2588 0.1765
v -0.034424 0.937500 0.017822 0.3686 0.2392 0.1647
v 0.032959 0.937988 0.017822 0.3294 0.2353 0.1647
v 0.033936 0.938965 0.017822 0.3333 0.2353 0.1647
v 0.015381 0.941406 0.017822 0.2941 0.1961 0.1373
v 0.010010 0.942383 0.017822 0.2980 0.1922 0.1373
v -0.128662 0.224609 0.017822 0.6667 0.4392 0.3333
v 0.128662 0.224609 0.017822 0.6393 0.4196 0.3176
v -0.162354 0.055664 0.017822 0.7725 0.5608 0.2588
v 0.162354 0.055664 0.017822 0.8117 0.6276 0.3137
v -0.081299 0.658203 0.018311 0.6197 0.4000 0.3098
v 0.081299 0.658203 0.018311 0.6000 0.3882 0.2941
v -0.084717 0.681152 0.018311 0.5764 0.3608 0.2784
v 0.084717 0.681152 0.018311 0.5921 0.3765 0.2863
v -0.477295 0.729980 0.018310 0.7294 0.0275 0.0667
v 0.477295 0.729980 0.018311 0.7764 0.5882 0.2549
v -0.380127 0.771973 0.018310 0.2941 0.1725 0.1059
v 0.380127 0.771973 0.018311 0.6197 0.4823 0.2863
v -0.030518 0.824707 0.018311 0.6315 0.4118 0.3333
v 0.030518 0.824707 0.018311 0.6236 0.4000 0.3176
v 0.034424 0.844727 0.018311 0.2471 0.1216 0.0824
v -0.034912 0.846191 0.018311 0.5176 0.3333 0.2588
v -0.035400 0.850098 0.018311 0.3216 0.1922 0.1373
v -0.043701 0.855957 0.018311 0.2823 0.1843 0.1412
v 0.049072 0.858887 0.018311 0.2549 0.1530 0.1059
v -0.054932 0.889160 0.018311 0.2823 0.1647 0.1216
v 0.045654 0.901855 0.018311 0.2588 0.1490 0.1020
v 0.061768 0.915039 0.018311 0.3725 0.2471 0.1647
v -0.028076 0.925781 0.018311 0.1725 0.1059 0.0667
v 0.044678 0.928711 0.018311 0.2902 0.1882 0.1294
v 0.019775 0.931152 0.018311 0.2941 0.1922 0.1294
v 0.035889 0.933105 0.018311 0.2784 0.1804 0.1255
v -0.029541 0.937012 0.018311 0.4157 0.2784 0.1961
v 0.014404 0.939453 0.018311 0.2745 0.1843 0.1176
v 0.009521 0.940430 0.018311 0.2706 0.1804 0.1216
v -0.085205 0.664062 0.018799 0.6039 0.3882 0.2941
v 0.085205 0.664062 0.018799 0.5961 0.3843 0.2902
v -0.087646 0.673340 0.018799 0.6393 0.4157 0.3255
v 0.087646 0.673340 0.018799 0.6157 0.3961 0.3059
v 0.136475 0.774902 0.018799 0.6039 0.3804 0.2823
v -0.021729 0.810059 0.018799 0.4863 0.3019 0.2314
v 0.021729 0.810059 0.018799 0.4589 0.2823 0.2275
v -0.000244 0.819824 0.018799 0.2078 0.0824 0.0431
v -0.001221 0.819824 0.018799 0.1882 0.0745 0.0431
v 0.001221 0.819824 0.018799 0.2196 0.0902 0.0706
v -0.003174 0.820312 0.018799 0.1686 0.0706 0.0510
v -0.007568 0.820312 0.018799 0.1530 0.0627 0.0353
v 0.003174 0.820312 0.018799 0.2118 0.0863 0.0549
v 0.007568 0.820312 0.018799 0.1686 0.0745 0.0471
v 0.031982 0.837891 0.018799 0.5686 0.3490 0.2706
v -0.032959 0.840820 0.018799 0.5451 0.3490 0.2706
v 0.035400 0.848145 0.018799 0.2432 0.1569 0.1255
v -0.035889 0.854004 0.018799 0.2863 0.1765 0.1176
v -0.036377 0.862305 0.018799 0.3255 0.2157 0.1451
v 0.033447 0.865723 0.018799 0.3647 0.2353 0.1725
v -0.056396 0.881348 0.018799 0.2980 0.1882 0.1255
v 0.060791 0.909180 0.018799 0.2980 0.2000 0.1373
v 0.060791 0.915039 0.018799 0.3490 0.2392 0.1647
v -0.031494 0.930664 0.018799 0.2314 0.1412 0.0941
v -0.035400 0.936035 0.018799 0.3686 0.2510 0.1725
v -0.010498 0.938965 0.018799 0.4550 0.3098 0.2353
v 0.004639 0.942383 0.018799 0.3412 0.2275 0.1608
v 0.010010 0.944336 0.018799 0.3765 0.2471 0.1725
v -0.034912 0.376465 0.018799 0.5843 0.3804 0.2941
v 0.034912 0.376465 0.018799 0.6000 0.3765 0.2980
v -0.069092 0.289062 0.018799 0.6315 0.3961 0.3137
v 0.069092 0.289062 0.018799 0.6236 0.4078 0.3137
v -0.072510 0.274902 0.018799 0.6432 0.3961 0.2980
v 0.072510 0.274902 0.018799 0.6197 0.4078 0.3137
v -0.124756 0.062500 0.018799 0.7412 0.5961 0.3843
v 0.124756 0.062500 0.018799 0.0588 0.1098 0.2432
v -0.174561 0.036133 0.018799 0.7529 0.5843 0.3451
v 0.174561 0.036133 0.018799 0.0588 0.0863 0.2000
v -0.136963 0.774902 0.019287 0.6079 0.3961 0.3059
v -0.063721 0.785645 0.019287 0.6471 0.4196 0.3333
v 0.063721 0.785645 0.019287 0.6354 0.4078 0.3176
v -0.009521 0.817871 0.019287 0.2667 0.1059 0.0784
v 0.009521 0.817871 0.019287 0.2549 0.1098 0.0824
v -0.031982 0.839355 0.019287 0.5451 0.3529 0.2745
v 0.031982 0.841797 0.019287 0.4667 0.2941 0.2353
v -0.032471 0.843262 0.019287 0.5686 0.3568 0.2902
v -0.032471 0.846191 0.019287 0.5921 0.3725 0.3019
v 0.035889 0.852539 0.019287 0.2706 0.1843 0.1490
v -0.036377 0.857910 0.019287 0.3176 0.1961 0.1373
v 0.035400 0.857910 0.019287 0.2667 0.1569 0.1020
v -0.032471 0.865723 0.019287 0.4275 0.2745 0.2000
v 0.032959 0.865723 0.019287 0.4628 0.2980 0.2275
v 0.052979 0.867676 0.019287 0.4157 0.2863 0.2196
v -0.062256 0.874512 0.019287 0.3412 0.2275 0.1569
v -0.061279 0.879395 0.019287 0.3294 0.2235 0.1451
v -0.056396 0.898926 0.019287 0.4157 0.2902 0.2196
v 0.061768 0.915527 0.019287 0.3765 0.2432 0.1765
v 0.001709 0.925781 0.019287 0.1922 0.1216 0.0745
v -0.014404 0.932129 0.019287 0.3412 0.2275 0.1686
v 0.020264 0.938965 0.019287 0.3372 0.2235 0.1569
v -0.011475 0.939453 0.019287 0.4823 0.3333 0.2549
v 0.004639 0.940918 0.019287 0.2392 0.1530 0.1020
v 0.004639 0.943848 0.019287 0.3804 0.2549 0.1765
v 0.015381 0.943848 0.019287 0.3372 0.2314 0.1569
v -0.018799 0.408203 0.019287 0.0784 0.1216 0.2314
v 0.018799 0.408203 0.019287 0.0902 0.1294 0.2392
v -0.045166 0.331055 0.019287 0.6039 0.3843 0.2941
v 0.045166 0.331055 0.019287 0.6000 0.3882 0.3059
v -0.152588 0.002930 0.019287 0.0824 0.0784 0.1020
v 0.152588 0.002930 0.019287 0.0902 0.0784 0.1020
v -0.002197 0.814453 0.019775 0.4745 0.2078 0.1451
v 0.002197 0.814453 0.019775 0.4980 0.2314 0.1647
v -0.007080 0.815918 0.019775 0.4039 0.1686 0.1137
v 0.007080 0.815918 0.019775 0.3961 0.1530 0.1059
v -0.031006 0.828613 0.019775 0.6354 0.4118 0.3333
v 0.031006 0.828613 0.019775 0.6432 0.4157 0.3294
v -0.031982 0.839844 0.019775 0.5569 0.3608 0.2745
v -0.031982 0.840820 0.019775 0.5530 0.3568 0.2784
v 0.032471 0.844727 0.019775 0.3176 0.1961 0.1530
v -0.032471 0.849609 0.019775 0.5686 0.3647 0.2863
v -0.040771 0.852051 0.019775 0.3294 0.2039 0.1294
v -0.043701 0.853027 0.019775 0.3568 0.2314 0.1725
v 0.036377 0.857422 0.019775 0.2588 0.1530 0.0980
v -0.047607 0.857910 0.019775 0.2275 0.1294 0.0941
v -0.032471 0.859375 0.019775 0.4589 0.2941 0.2275
v 0.032471 0.859375 0.019775 0.3529 0.2157 0.1490
v 0.040771 0.860352 0.019775 0.2471 0.1530 0.0980
v -0.038330 0.862305 0.019775 0.2941 0.1882 0.1333
v -0.050049 0.867676 0.019775 0.2510 0.1530 0.0980
v 0.047607 0.872070 0.019775 0.2039 0.1255 0.0784
v -0.055908 0.872559 0.019775 0.2471 0.1569 0.1098
v -0.045654 0.887207 0.019775 0.1373 0.0588 0.0314
v 0.046631 0.888184 0.019775 0.1490 0.0745 0.0353
v 0.046143 0.906738 0.019775 0.2941 0.1882 0.1255
v 0.062744 0.909180 0.019775 0.3451 0.2353 0.1608
v 0.044189 0.913086 0.019775 0.3098 0.1882 0.1294
v -0.025146 0.929199 0.019775 0.2510 0.1608 0.1059
v 0.036377 0.935059 0.019775 0.3137 0.2000 0.1412
v 0.038330 0.936523 0.019775 0.3725 0.2510 0.1765
v 0.018799 0.937012 0.019775 0.2902 0.1922 0.1137
v -0.107178 0.218750 0.019775 0.5961 0.3843 0.2902
v 0.107178 0.218750 0.019775 0.6157 0.3961 0.3059
v -0.141357 0.070801 0.019775 0.8706 0.6706 0.4039
v 0.141357 0.070801 0.019775 0.7686 0.5608 0.2745
v 0.133057 0.768555 0.020264 0.6236 0.3961 0.3137
v -0.026611 0.781738 0.020264 0.6197 0.4078 0.3137
v 0.026611 0.781738 0.020264 0.6157 0.4039 0.3137
v -0.011963 0.784180 0.020264 0.5725 0.3686 0.2784
v 0.011963 0.784180 0.020264 0.6510 0.4314 0.3451
v 0.131104 0.784668 0.020264 0.7059 0.4706 0.3686
v -0.131104 0.785156 0.020264 0.6824 0.4550 0.3608
v -0.411377 0.802734 0.020264 0.6941 0.0314 0.0510
v 0.411377 0.802734 0.020264 0.7490 0.5608 0.2549
v -0.025146 0.812500 0.020264 0.5647 0.3765 0.2902
v 0.025146 0.812500 0.020264 0.5019 0.2980 0.2549
v -0.000244 0.812988 0.020264 0.4628 0.1882 0.1255
v -0.071045 0.873047 0.020264 0.3568 0.2471 0.1608
v -0.070068 0.874023 0.020264 0.3765 0.2588 0.1765
v -0.062256 0.876953 0.020264 0.4039 0.2745 0.2039
v -0.057373 0.894043 0.020264 0.2980 0.1686 0.1216
v 0.058838 0.903320 0.020264 0.2941 0.1961 0.1333
v 0.044189 0.919922 0.020264 0.3333 0.2196 0.1490
v -0.043213 0.920410 0.020264 0.3137 0.1804 0.1137
v 0.037842 0.929199 0.020264 0.2432 0.1569 0.1020
v -0.022217 0.933594 0.020264 0.2706 0.1647 0.1098
v -0.015381 0.934570 0.020264 0.3647 0.2471 0.1686
v -0.014404 0.937988 0.020264 0.3255 0.2078 0.1294
v 0.009033 0.939941 0.020264 0.2275 0.1451 0.0980
v 0.004639 0.940430 0.020264 0.2314 0.1490 0.0980
v 0.000244 0.941406 0.020264 0.3019 0.1961 0.1373
v -0.130127 0.408691 0.020264 0.2039 0.1333 0.1098
v 0.130127 0.408691 0.020264 0.6354 0.4745 0.3216
v -0.120850 0.207031 0.020264 0.6785 0.4471 0.3568
v 0.120850 0.207031 0.020264 0.6589 0.4353 0.3372
v -0.088135 0.685059 0.020752 0.5961 0.3765 0.2863
v -0.391357 0.764648 0.020752 0.5373 0.0275 0.0549
v -0.133545 0.769043 0.020752 0.6315 0.4157 0.3216
v -0.041260 0.784668 0.020752 0.6197 0.4078 0.3137
v 0.041260 0.784668 0.020752 0.6236 0.4118 0.3176
v -0.031006 0.833008 0.020752 0.6354 0.4196 0.3372
v 0.031006 0.833008 0.020752 0.6628 0.4235 0.3216
v 0.032471 0.848145 0.020752 0.3882 0.2549 0.2039
v 0.036377 0.861328 0.020752 0.2432 0.1490 0.1020
v -0.066650 0.869141 0.020752 0.3098 0.2078 0.1333
v -0.072021 0.878906 0.020752 0.3765 0.2549 0.1804
v 0.046631 0.884766 0.020752 0.3451 0.2078 0.1333
v 0.049072 0.895996 0.020752 0.4471 0.3098 0.2432
v 0.060303 0.909668 0.020752 0.2784 0.1804 0.1255
v 0.039307 0.921875 0.020752 0.2941 0.1882 0.1255
v -0.017334 0.929688 0.020752 0.1333 0.0706 0.0510
v -0.032471 0.931152 0.020752 0.2510 0.1608 0.1020
v -0.042236 0.934082 0.020752 0.3843 0.2549 0.1765
v -0.030518 0.937012 0.020752 0.4157 0.2745 0.1922
v -0.000244 0.938477 0.020752 0.2980 0.1765 0.1216
v 0.013428 0.938477 0.020752 0.2039 0.1255 0.0863
v 0.000244 0.940918 0.020752 0.3019 0.1922 0.1333
v 0.000244 0.941895 0.020752 0.3255 0.2157 0.1490
v -0.018311 0.387207 0.020752 0.0549 0.0941 0.2000
v 0.018311 0.387207 0.020752 0.0824 0.1255 0.2118
v -0.118896 0.323242 0.020752 0.6157 0.3961 0.3059
v 0.118896 0.323242 0.020752 0.5961 0.3765 0.2863
v -0.124756 0.239258 0.020752 0.6785 0.4550 0.3568
v 0.124756 0.239258 0.020752 0.6393 0.4235 0.3255
v -0.131592 0.068848 0.020752 0.0902 0.1294 0.2706
v 0.131592 0.068848 0.020752 0.3137 0.2196 0.1451
v -0.080322 0.648926 0.021240 0.6118 0.3921 0.3019
v 0.080322 0.648926 0.021240 0.6276 0.4000 0.3137
v -0.419190 0.748535 0.021240 0.6628 0.0275 0.0392
v 0.391357 0.764648 0.021240 0.5961 0.4157 0.1804
v -0.017334 0.814453 0.021240 0.3333 0.1725 0.1294
v 0.017334 0.814453 0.021240 0.2902 0.1412 0.1098
v 0.047607 0.848145 0.021240 0.2902 0.1843 0.1216
v -0.032471 0.852539 0.021240 0.6000 0.3921 0.2980
v 0.032471 0.852539 0.021240 0.4118 0.2706 0.2078
v 0.038818 0.858398 0.021240 0.2941 0.1882 0.1333
v -0.038818 0.860840 0.021240 0.2706 0.1765 0.1216
v 0.052002 0.860840 0.021240 0.3255 0.2157 0.1490
v -0.039795 0.861328 0.021240 0.2667 0.1725 0.1137
v 0.053467 0.864258 0.021240 0.4275 0.2706 0.1922
v -0.068115 0.868164 0.021240 0.3137 0.2000 0.1255
v -0.071533 0.873047 0.021240 0.3647 0.2471 0.1608
v -0.069580 0.874512 0.021240 0.3725 0.2588 0.1804
v -0.052002 0.884277 0.021240 0.3019 0.1843 0.1373
v -0.048096 0.903809 0.021240 0.3216 0.2000 0.1373
v 0.062256 0.909668 0.021240 0.3451 0.2314 0.1569
v 0.012939 0.920898 0.021240 0.2078 0.1137 0.0627
v 0.008057 0.923828 0.021240 0.2706 0.1686 0.1059
v 0.027100 0.926758 0.021240 0.2432 0.1530 0.1137
v 0.005127 0.930664 0.021240 0.2510 0.1569 0.1098
v 0.044189 0.931641 0.021240 0.3765 0.2432 0.1765
v 0.000732 0.940430 0.021240 0.3059 0.1961 0.1412
v 0.020752 0.941895 0.021240 0.3843 0.2627 0.1882
v 0.004639 0.943848 0.021240 0.3961 0.2706 0.1882
v 0.009521 0.944824 0.021240 0.4000 0.2745 0.1961
v -0.020264 0.369141 0.021240 0.0588 0.0902 0.1725
v 0.020264 0.369141 0.021240 0.0824 0.1176 0.2157
v -0.022705 0.354980 0.021240 0.0471 0.0863 0.1843
v 0.022705 0.354980 0.021240 0.0549 0.0941 0.1882
v -0.119873 0.026855 0.021240 0.0784 0.1176 0.2196
v 0.119873 0.026855 0.021240 0.7333 0.5451 0.2549
v 0.419190 0.748047 0.021729 0.5686 0.3568 0.1530
v -0.391357 0.784180 0.021728 0.6706 0.0039 0.0314
v 0.391357 0.784180 0.021729 0.6667 0.4706 0.2314
v -0.011475 0.793457 0.021729 0.5608 0.3568 0.2784
v 0.011475 0.793457 0.021729 0.5608 0.3568 0.2745
v -0.013916 0.811035 0.021729 0.3294 0.1373 0.0941
v 0.013916 0.811035 0.021729 0.3059 0.1176 0.0902
v -0.031494 0.838379 0.021729 0.6276 0.4000 0.3216
v 0.031494 0.838379 0.021729 0.6197 0.4039 0.3294
v 0.032471 0.852539 0.021729 0.3804 0.2510 0.2039
v -0.032471 0.853516 0.021729 0.5294 0.3372 0.2627
v 0.035400 0.865234 0.021729 0.1961 0.1216 0.0784
v -0.046143 0.868164 0.021729 0.2745 0.1686 0.1098
v 0.061279 0.902344 0.021729 0.3294 0.2196 0.1569
v 0.030518 0.917480 0.021729 0.2353 0.1373 0.0863
v 0.022217 0.933594 0.021729 0.2941 0.1882 0.1255
v -0.031982 0.935547 0.021729 0.3647 0.2510 0.1686
v 0.024658 0.936035 0.021729 0.3098 0.2039 0.1373
v -0.023193 0.936523 0.021729 0.4353 0.2941 0.2157
v 0.016846 0.936523 0.021729 0.2549 0.1647 0.1020
v 0.004639 0.940918 0.021729 0.2392 0.1530 0.1059
v 0.000244 0.942383 0.021729 0.3294 0.2039 0.1333
v -0.029053 0.393555 0.021729 0.6000 0.3804 0.2902
v 0.029053 0.393555 0.021729 0.6079 0.3921 0.3098
v -0.015381 0.386719 0.021729 0.0235 0.0510 0.1255
v 0.015381 0.386719 0.021729 0.0902 0.1176 0.1882
v -0.116943 0.319336 0.021729 0.6000 0.3921 0.2980
v 0.116943 0.319336 0.021729 0.5725 0.3529 0.2588
v -0.094482 0.249512 0.021729 0.6079 0.4000 0.3019
v 0.094482 0.249512 0.021729 0.6315 0.4196 0.3176
v -0.076904 0.588867 0.022217 0.5764 0.3961 0.2471
v 0.076904 0.588867 0.022217 0.6039 0.4235 0.2235
v -0.090576 0.691895 0.022217 0.6079 0.3843 0.3019
v 0.090576 0.691895 0.022217 0.6276 0.4039 0.3098
v 0.129150 0.761230 0.022217 0.5647 0.3608 0.2745
v -0.087158 0.790527 0.022217 0.6706 0.4471 0.3490
v 0.087158 0.790527 0.022217 0.6706 0.4353 0.3412
v -0.026611 0.815918 0.022217 0.6079 0.4078 0.3216
v 0.026611 0.815918 0.022217 0.5764 0.3608 0.2902
v -0.031982 0.844727 0.022217 0.6157 0.3921 0.3137
v 0.031982 0.844727 0.022217 0.5019 0.3176 0.2510
v -0.035400 0.862305 0.022217 0.3568 0.2157 0.1530
v -0.066162 0.871094 0.022217 0.3372 0.2275 0.1451
v -0.071533 0.873535 0.022217 0.3765 0.2510 0.1686
v -0.070068 0.874512 0.022217 0.3765 0.2588 0.1686
v -0.057861 0.880371 0.022217 0.3568 0.2196 0.1451
v 0.030518 0.921387 0.022217 0.2432 0.1490 0.1020
v 0.002686 0.922852 0.022217 0.2157 0.1373 0.0784
v -0.033447 0.927246 0.022217 0.1137 0.0471 0.0196
v -0.026123 0.928223 0.022217 0.2196 0.1451 0.0980
v 0.000732 0.940918 0.022217 0.3019 0.1922 0.1255
v 0.009033 0.940918 0.022217 0.2353 0.1569 0.0980
v 0.000244 0.941406 0.022217 0.3137 0.2039 0.1412
v 0.004639 0.942871 0.022217 0.3216 0.2118 0.1490
v 0.014404 0.944336 0.022217 0.3765 0.2510 0.1725
v -0.007568 0.427734 0.022217 0.0078 0.0235 0.0824
v 0.007568 0.427734 0.022217 0.0431 0.0549 0.1216
v -0.010986 0.406250 0.022217 0.0039 0.0275 0.0902
v 0.010986 0.406250 0.022217 0.0784 0.1059 0.1804
v -0.017334 0.369141 0.022217 0.0392 0.0706 0.1608
v 0.017334 0.369141 0.022217 0.0902 0.1176 0.1882
v -0.103271 0.233887 0.022217 0.6197 0.4039 0.3176
v 0.103271 0.233887 0.022217 0.6236 0.4039 0.3059
v -0.078857 0.634277 0.022705 0.6354 0.4078 0.3137
v 0.078857 0.634277 0.022705 0.6157 0.4000 0.3059
v -0.433350 0.729980 0.022705 0.6236 0.0235 0.0471
v 0.433350 0.730469 0.022705 0.6667 0.4823 0.2118
v -0.407471 0.750000 0.022705 0.7137 0.0314 0.0667
v 0.407471 0.750000 0.022705 0.6157 0.4235 0.1961
v -0.433350 0.753418 0.022705 0.4392 0.0235 0.0471
v 0.433350 0.753418 0.022705 0.4039 0.2823 0.1451
v -0.129639 0.761230 0.022705 0.5804 0.3725 0.2823
v 0.124268 0.770996 0.022705 0.6432 0.4196 0.3255
v 0.127197 0.777344 0.022705 0.6667 0.4471 0.3490
v -0.006592 0.781250 0.022705 0.6079 0.3921 0.3019
v 0.006592 0.781250 0.022705 0.6118 0.3961 0.3137
v -0.084717 0.783691 0.022705 0.6432 0.4235 0.3216
v 0.084717 0.783691 0.022705 0.6628 0.4353 0.3412
v -0.015381 0.784668 0.022705 0.6315 0.4078 0.3176
v 0.015381 0.784668 0.022705 0.6354 0.4118 0.3255
v -0.121826 0.789062 0.022705 0.7294 0.4902 0.3961
v 0.121826 0.789062 0.022705 0.7059 0.4706 0.3686
v -0.100830 0.796875 0.022705 0.7176 0.4745 0.3843
v 0.100830 0.796875 0.022705 0.7098 0.4667 0.3686
v -0.010010 0.809570 0.022705 0.3412 0.1373 0.0902
v 0.010010 0.809570 0.022705 0.3176 0.1294 0.0902
v -0.009033 0.819336 0.022705 0.4823 0.2392 0.2078
v 0.009033 0.819336 0.022705 0.4863 0.2588 0.2039
v 0.043701 0.849121 0.022705 0.3255 0.2078 0.1373
v 0.031982 0.856445 0.022705 0.3765 0.2549 0.1961
v 0.043213 0.861328 0.022705 0.2549 0.1647 0.1059
v -0.035400 0.866211 0.022705 0.2745 0.1765 0.1294
v -0.062256 0.866211 0.022705 0.2823 0.1765 0.1137
v -0.069580 0.868164 0.022705 0.3216 0.2118 0.1294
v -0.057861 0.873535 0.022705 0.3216 0.2118 0.1333
v -0.071045 0.874023 0.022705 0.3804 0.2549 0.1686
v 0.055420 0.897949 0.022705 0.2549 0.1608 0.0980
v 0.058350 0.904785 0.022705 0.2432 0.1530 0.1020
v 0.035889 0.916992 0.022705 0.2392 0.1490 0.0941
v -0.003662 0.939941 0.022705 0.3294 0.2157 0.1412
v 0.009033 0.942871 0.022705 0.3372 0.2196 0.1490
v -0.017822 0.355957 0.022705 0.0549 0.0941 0.1922
v 0.017822 0.355957 0.022705 0.0627 0.1020 0.1961
v -0.124268 0.334473 0.022705 0.6118 0.3921 0.2980
v 0.124268 0.334473 0.022705 0.6432 0.4314 0.3294
v -0.118408 0.221191 0.022705 0.6550 0.4314 0.3451
v 0.118408 0.221191 0.022705 0.6863 0.4628 0.3490
v -0.077393 0.640137 0.023193 0.6039 0.3843 0.2902
v 0.077393 0.640137 0.023193 0.6000 0.3804 0.2902
v -0.103760 0.726074 0.023193 0.5451 0.3451 0.2627
v 0.103760 0.726562 0.023193 0.5530 0.3490 0.2667
v -0.396729 0.755859 0.023193 0.6824 0.0078 0.0471
v 0.396729 0.755859 0.023193 0.6471 0.4628 0.1804
v -0.124756 0.770996 0.023193 0.6706 0.4510 0.3568
v -0.390381 0.773926 0.023193 0.6118 0.0039 0.0157
v 0.390381 0.773926 0.023193 0.6471 0.4510 0.1686
v -0.127686 0.777344 0.023193 0.6393 0.4157 0.3333
v -0.000244 0.808594 0.023193 0.4039 0.1451 0.0980
v -0.012451 0.827637 0.023193 0.2745 0.1294 0.0941
v 0.012451 0.827637 0.023193 0.2471 0.1216 0.0902
v -0.000244 0.828613 0.023193 0.3059 0.1412 0.1137
v -0.014404 0.831055 0.023193 0.2745 0.1333 0.1059
v 0.014404 0.831055 0.023193 0.2588 0.1333 0.0980
v -0.036865 0.858398 0.023193 0.2980 0.1882 0.1294
v -0.031982 0.859375 0.023193 0.5255 0.3372 0.2706
v 0.033447 0.862305 0.023193 0.2353 0.1451 0.0980
v 0.038818 0.865234 0.023193 0.1725 0.1059 0.0706
v 0.049072 0.870605 0.023193 0.3294 0.2078 0.1373
v 0.031494 0.873047 0.023193 0.4823 0.3059 0.2392
v 0.044678 0.875977 0.023193 0.2432 0.1176 0.0745
v 0.047119 0.879883 0.023193 0.3451 0.2235 0.1608
v -0.043213 0.913574 0.023193 0.3098 0.1961 0.1451
v 0.046143 0.921875 0.023193 0.3216 0.2000 0.1373
v -0.019287 0.926758 0.023193 0.1804 0.1059 0.0706
v -0.041748 0.931152 0.023193 0.3451 0.2353 0.1569
v -0.042725 0.931152 0.023193 0.3608 0.2392 0.1686
v 0.038818 0.931641 0.023193 0.3725 0.2588 0.1961
v 0.012939 0.939453 0.023193 0.2157 0.1373 0.0863
v 0.003174 0.445312 0.023193 0.0353 0.0471 0.1137
v -0.003174 0.444824 0.023193 0.0078 0.0235 0.0706
v -0.135010 0.410645 0.023193 0.0549 0.0118 0.0118
v 0.135010 0.410645 0.023193 0.3176 0.1530 0.0784
v -0.052490 0.312500 0.023193 0.6039 0.3882 0.3059
v 0.052490 0.312500 0.023193 0.6157 0.4000 0.3059
v -0.120361 0.272461 0.023193 0.5804 0.3529 0.2588
v 0.120361 0.272461 0.023193 0.6079 0.3961 0.3019
v -0.120361 0.253906 0.023193 0.6079 0.3882 0.2941
v 0.120361 0.253906 0.023193 0.6393 0.4235 0.3255
v -0.079346 0.596191 0.023682 0.6118 0.4275 0.2314
v 0.079346 0.596191 0.023682 0.7176 0.5294 0.2902
v -0.078857 0.612793 0.023682 0.6628 0.4353 0.3412
v 0.078857 0.612793 0.023682 0.6276 0.4000 0.3137
v -0.078857 0.625000 0.023682 0.6667 0.4392 0.3451
v 0.078857 0.625000 0.023682 0.6039 0.3843 0.2941
v 0.088623 0.699707 0.023682 0.6000 0.3882 0.2902
v -0.433350 0.749512 0.023682 0.4432 0.0196 0.0549
v 0.433350 0.749512 0.023682 0.1882 0.1137 0.0588
v 0.428467 0.751465 0.023682 0.2706 0.1686 0.0863
v -0.428467 0.751953 0.023682 0.4706 0.0235 0.0510
v -0.123291 0.753906 0.023682 0.5569 0.3608 0.2706
v 0.123291 0.753906 0.023682 0.5569 0.3568 0.2706
v -0.111572 0.792969 0.023682 0.7255 0.4823 0.3921
v 0.111572 0.792969 0.023682 0.7294 0.4902 0.3843
v -0.014893 0.823242 0.023682 0.2941 0.1412 0.1098
v 0.014893 0.823242 0.023682 0.2784 0.1490 0.1176
v -0.015381 0.826660 0.023682 0.2706 0.1333 0.0980
v -0.016357 0.826660 0.023682 0.2823 0.1373 0.0941
v 0.015381 0.826660 0.023682 0.2706 0.1333 0.0902
v 0.016357 0.826660 0.023682 0.2706 0.1412 0.0941
v -0.015381 0.828125 0.023682 0.2706 0.1333 0.1020
v 0.015381 0.828125 0.023682 0.2667 0.1373 0.1020
v 0.010498 0.829102 0.023682 0.2863 0.1412 0.1098
v 0.043701 0.848145 0.023682 0.3059 0.1882 0.1255
v 0.044678 0.849609 0.023682 0.3176 0.2039 0.1333
v -0.031982 0.857910 0.023682 0.5373 0.3451 0.2784
v -0.042236 0.859863 0.023682 0.2902 0.1725 0.1333
v -0.063721 0.863770 0.023682 0.2980 0.1882 0.1255
v -0.050049 0.873535 0.023682 0.2000 0.1216 0.0863
v -0.058350 0.876953 0.023682 0.3333 0.2157 0.1451
v 0.060791 0.903809 0.023682 0.3019 0.1961 0.1333
v -0.040283 0.907715 0.023682 0.2157 0.1255 0.0902
v 0.037354 0.925293 0.023682 0.2471 0.1608 0.1098
v -0.011963 0.930176 0.023682 0.3019 0.1882 0.1255
v -0.041748 0.931641 0.023682 0.3490 0.2471 0.1569
v -0.042725 0.931641 0.023682 0.3608 0.2471 0.1686
v -0.016846 0.932129 0.023682 0.2980 0.1922 0.1373
v -0.042236 0.932129 0.023682 0.3529 0.2392 0.1608
v 0.041748 0.932617 0.023682 0.3804 0.2471 0.1804
v -0.061279 0.300293 0.023682 0.5921 0.3804 0.2902
v 0.061279 0.300293 0.023682 0.6000 0.3882 0.3019
v -0.086670 0.709473 0.024170 0.5804 0.3686 0.2863
v 0.086670 0.709473 0.024170 0.5882 0.3843 0.2902
v -0.003662 0.780762 0.024170 0.6432 0.4196 0.3216
v 0.003662 0.780762 0.024170 0.5686 0.3647 0.2823
v -0.055420 0.785156 0.024170 0.6667 0.4392 0.3451
v 0.055420 0.785156 0.024170 0.6628 0.4353 0.3490
v -0.010010 0.823242 0.024170 0.4628 0.2510 0.1922
v 0.010010 0.823242 0.024170 0.4863 0.2784 0.2157
v -0.014893 0.824219 0.024170 0.2784 0.1294 0.1059
v 0.014893 0.824219 0.024170 0.2863 0.1451 0.1098
v 0.010986 0.825684 0.024170 0.3255 0.1569 0.1216
v -0.010498 0.829102 0.024170 0.3216 0.1451 0.1216
v 0.044189 0.847656 0.024170 0.3098 0.1922 0.1294
v 0.044678 0.848145 0.024170 0.3176 0.1961 0.1373
v 0.045166 0.849121 0.024170 0.3137 0.2000 0.1294
v 0.031982 0.858887 0.024170 0.3568 0.2314 0.1686
v -0.036865 0.865234 0.024170 0.2588 0.1608 0.1098
v -0.046631 0.866211 0.024170 0.2784 0.1765 0.1098
v -0.069580 0.869141 0.024170 0.3372 0.2275 0.1451
v -0.062256 0.869629 0.024170 0.3019 0.1961 0.1294
v -0.067139 0.871582 0.024170 0.3608 0.2392 0.1608
v 0.019287 0.933594 0.024170 0.2784 0.1686 0.1216
v 0.025146 0.938965 0.024170 0.3529 0.2392 0.1608
v -0.008545 0.939453 0.024170 0.4550 0.2941 0.2157
v 0.013428 0.941895 0.024170 0.3019 0.1961 0.1294
v -0.024658 0.411133 0.024170 0.4980 0.3568 0.2941
v 0.024658 0.411133 0.024170 0.5255 0.3529 0.2902
v -0.482666 0.738281 0.024658 0.6863 0.0275 0.0588
v 0.482666 0.738281 0.024658 0.7137 0.5216 0.2157
v -0.013916 0.801270 0.024658 0.4706 0.2823 0.2235
v 0.013916 0.801270 0.024658 0.4550 0.2706 0.1961
v -0.017822 0.805664 0.024658 0.4706 0.2863 0.2157
v 0.017334 0.805664 0.024658 0.4667 0.2863 0.2157
v -0.027588 0.820312 0.024658 0.6276 0.4078 0.3176
v 0.027588 0.820312 0.024658 0.6393 0.4157 0.3333
v -0.010498 0.824219 0.024658 0.4823 0.2627 0.2039
v 0.010498 0.824219 0.024658 0.4784 0.2706 0.2157
v -0.011475 0.825195 0.024658 0.4392 0.2353 0.1843
v 0.011475 0.825195 0.024658 0.3882 0.2078 0.1686
v -0.010986 0.825684 0.024658 0.4235 0.2118 0.1686
v 0.037354 0.863281 0.024658 0.2039 0.1176 0.0706
v -0.046631 0.887695 0.024658 0.1961 0.1020 0.0667
v 0.058350 0.896484 0.024658 0.2667 0.1725 0.1176
v 0.014893 0.925293 0.024658 0.2392 0.1451 0.0980
v -0.027588 0.928711 0.024658 0.2157 0.1373 0.0980
v 0.023682 0.930176 0.024658 0.2432 0.1569 0.1020
v -0.013428 0.933594 0.024658 0.4078 0.2823 0.2000
v -0.025635 0.937012 0.024658 0.4392 0.2863 0.2000
v 0.015869 0.937988 0.024658 0.2392 0.1530 0.1020
v 0.019287 0.942383 0.024658 0.4432 0.3019 0.2196
v -0.119873 0.431641 0.024658 0.5412 0.4432 0.3294
v 0.119873 0.431641 0.024658 0.2314 0.2039 0.2314
v -0.119385 0.429688 0.024658 0.5882 0.4667 0.3294
v 0.119385 0.429688 0.024658 0.2784 0.2392 0.2627
v -0.129150 0.354004 0.024658 0.6276 0.4078 0.3098
v 0.129150 0.354004 0.024658 0.6510 0.4392 0.3412
v -0.088623 0.264160 0.024658 0.6510 0.4353 0.3372
v 0.088623 0.264160 0.024658 0.6118 0.3921 0.3019
v -0.430420 0.747070 0.025146 0.5255 0.0157 0.0392
v 0.430420 0.747070 0.025147 0.3765 0.2510 0.1176
v -0.427979 0.804199 0.025146 0.6863 0.0353 0.0588
v 0.427979 0.804199 0.025147 0.7568 0.5647 0.2510
v -0.010986 0.824707 0.025146 0.4706 0.2745 0.2235
v -0.013916 0.824707 0.025146 0.2863 0.1373 0.1020
v 0.010986 0.824707 0.025146 0.4784 0.2667 0.2118
v 0.013916 0.824707 0.025146 0.3176 0.1490 0.1137
v -0.031982 0.861816 0.025146 0.4510 0.2667 0.2118
v 0.033936 0.869629 0.025146 0.1647 0.1020 0.0510
v -0.069092 0.870605 0.025146 0.3568 0.2432 0.1608
v -0.031494 0.873047 0.025146 0.4863 0.3098 0.2353
v 0.031494 0.873047 0.025146 0.4745 0.3019 0.2314
v -0.024658 0.896973 0.025146 0.6276 0.4235 0.3333
v 0.024658 0.896973 0.025146 0.6393 0.4353 0.3490
v -0.051514 0.901367 0.025146 0.3608 0.2275 0.1725
v 0.006104 0.926758 0.025146 0.2039 0.1294 0.0706
v 0.027100 0.931641 0.025146 0.2510 0.1569 0.1059
v -0.012451 0.937500 0.025146 0.3882 0.2510 0.1843
v -0.000244 0.455078 0.025146 0.0196 0.0275 0.0902
v -0.118408 0.312012 0.025146 0.5725 0.3608 0.2667
v 0.118408 0.312012 0.025147 0.5608 0.3412 0.2510
v -0.114990 0.235352 0.025146 0.6354 0.4275 0.3333
v 0.114990 0.235352 0.025147 0.6471 0.4314 0.3333
v -0.434326 0.744141 0.025635 0.5019 0.0275 0.0510
v 0.434326 0.744141 0.025635 0.3137 0.1922 0.0902
v -0.115479 0.773438 0.025635 0.6980 0.4706 0.3804
v 0.115479 0.773438 0.025635 0.6628 0.4353 0.3294
v -0.015381 0.777344 0.025635 0.6510 0.4314 0.3372
v 0.015381 0.777344 0.025635 0.5961 0.3921 0.2980
v -0.000244 0.779785 0.025635 0.6157 0.3961 0.3137
v -0.118408 0.780273 0.025635 0.6745 0.4471 0.3568
v 0.118408 0.780273 0.025635 0.6706 0.4392 0.3412
v -0.447510 0.806641 0.025635 0.6980 0.0275 0.0549
v 0.447510 0.806641 0.025635 0.7647 0.5686 0.2392
v 0.039795 0.851074 0.025635 0.2706 0.1647 0.1059
v -0.038818 0.856445 0.025635 0.4118 0.2627 0.2000
v -0.041748 0.857910 0.025635 0.4157 0.2627 0.1961
v -0.031494 0.860840 0.025635 0.5216 0.3412 0.2784
v 0.031494 0.861328 0.025635 0.4628 0.3098 0.2432
v -0.065674 0.863770 0.025635 0.2941 0.1882 0.1294
v -0.056885 0.865234 0.025635 0.2549 0.1608 0.1059
v 0.049561 0.867188 0.025635 0.3451 0.2235 0.1530
v -0.053955 0.882324 0.025635 0.3255 0.1961 0.1294
v 0.041260 0.901855 0.025635 0.2039 0.1294 0.0745
v -0.012451 0.903809 0.025635 0.6471 0.4314 0.3412
v 0.012451 0.903809 0.025635 0.6432 0.4314 0.3451
v 0.040283 0.912109 0.025635 0.3176 0.2039 0.1412
v 0.053467 0.916016 0.025635 0.3412 0.2196 0.1412
v 0.055420 0.916016 0.025635 0.3412 0.2235 0.1569
v 0.036377 0.917480 0.025635 0.2667 0.1647 0.1098
v 0.052002 0.920898 0.025635 0.2941 0.1922 0.1412
v 0.052979 0.921387 0.025635 0.2941 0.1882 0.1451
v -0.021729 0.925781 0.025635 0.2000 0.1255 0.0824
v -0.028076 0.931641 0.025635 0.2235 0.1530 0.1020
v -0.125732 0.412598 0.025635 0.1765 0.1647 0.2353
v 0.125732 0.412598 0.025635 0.3333 0.2627 0.2784
v -0.083252 0.276367 0.025635 0.6276 0.4157 0.3216
v 0.083252 0.276367 0.025635 0.5725 0.3608 0.2667
v -0.125244 0.003906 0.025635 0.0157 0.0275 0.0706
v 0.125244 0.003906 0.025635 0.1137 0.1059 0.1490
v -0.078857 0.599121 0.026123 0.5451 0.3490 0.2235
v 0.078369 0.599121 0.026123 0.5412 0.3412 0.2706
v -0.079834 0.657227 0.026123 0.6589 0.4392 0.3412
v 0.079834 0.657227 0.026123 0.6432 0.4235 0.3216
v -0.002686 0.772461 0.026123 0.6197 0.4000 0.3137
v -0.004150 0.772461 0.026123 0.6118 0.3882 0.2980
v 0.002686 0.772461 0.026123 0.6118 0.4039 0.3098
v 0.004150 0.772461 0.026123 0.6197 0.4039 0.3176
v -0.029053 0.782715 0.026123 0.6157 0.4039 0.3098
v 0.029053 0.782715 0.026123 0.6039 0.3882 0.3059
v -0.004639 0.789551 0.026123 0.6039 0.3921 0.2980
v 0.004639 0.790039 0.026123 0.5569 0.3568 0.2745
v -0.457764 0.805176 0.026123 0.7059 0.0392 0.0667
v 0.457764 0.805176 0.026123 0.7686 0.5843 0.2549
v -0.437256 0.806152 0.026123 0.6980 0.0353 0.0510
v 0.436768 0.806152 0.026123 0.7725 0.5804 0.2510
v -0.028076 0.824707 0.026123 0.6354 0.4157 0.3255
v 0.028076 0.824707 0.026123 0.6745 0.4432 0.3490
v 0.031494 0.860352 0.026123 0.4392 0.2823 0.2157
v -0.044189 0.862793 0.026123 0.2902 0.1765 0.1176
v 0.047119 0.863281 0.026123 0.3059 0.1922 0.1255
v -0.029541 0.888184 0.026123 0.5725 0.3765 0.2863
v -0.049561 0.889648 0.026123 0.2432 0.1294 0.0784
v 0.050537 0.893555 0.026123 0.2823 0.1843 0.1216
v 0.054932 0.900391 0.026123 0.3059 0.2118 0.1451
v -0.000244 0.905762 0.026123 0.6315 0.4275 0.3333
v 0.056396 0.910156 0.026123 0.3333 0.2275 0.1530
v 0.009033 0.915527 0.026123 0.1804 0.1059 0.0706
v -0.040771 0.927734 0.026123 0.3843 0.2588 0.1804
v -0.016846 0.935059 0.026123 0.2392 0.1333 0.0824
v -0.027588 0.935059 0.026123 0.3294 0.2118 0.1490
v 0.002197 0.936523 0.026123 0.3529 0.2196 0.1608
v 0.016846 0.940430 0.026123 0.3098 0.1922 0.1294
v 0.002686 0.454102 0.026123 0.0196 0.0314 0.0941
v -0.002197 0.453613 0.026123 0.0118 0.0196 0.0784
v -0.129150 0.395020 0.026123 0.1961 0.0941 0.1098
v 0.129150 0.395020 0.026123 0.6197 0.4392 0.3490
v -0.129639 0.375488 0.026123 0.6432 0.4118 0.3098
v 0.129639 0.375488 0.026123 0.6589 0.4589 0.3490
v 0.081787 0.679199 0.026611 0.6315 0.4078 0.3137
v -0.000244 0.771484 0.026611 0.5921 0.3804 0.2902
v -0.097412 0.787109 0.026611 0.6863 0.4628 0.3647
v 0.097412 0.787109 0.026611 0.7020 0.4667 0.3725
v -0.020752 0.808105 0.026611 0.5137 0.3255 0.2471
v 0.020752 0.808105 0.026611 0.5098 0.3137 0.2471
v -0.009521 0.819824 0.026611 0.3961 0.1804 0.1294
v 0.009521 0.819824 0.026611 0.4392 0.2235 0.1725
v 0.041748 0.852051 0.026611 0.2745 0.1686 0.1098
v 0.051514 0.854980 0.026611 0.3568 0.2353 0.1569
v -0.031494 0.858887 0.026611 0.5921 0.3921 0.3098
v 0.031494 0.858887 0.026611 0.4589 0.2902 0.2118
v 0.031494 0.866699 0.026611 0.3608 0.2196 0.1647
v -0.058350 0.869629 0.026611 0.2667 0.1647 0.0980
v -0.064209 0.870117 0.026611 0.3529 0.2314 0.1490
v 0.042236 0.905762 0.026611 0.3294 0.2157 0.1530
v -0.043701 0.907715 0.026611 0.3059 0.1961 0.1412
v 0.053955 0.910156 0.026611 0.3372 0.2275 0.1569
v 0.042236 0.913574 0.026611 0.2863 0.1882 0.1176
v 0.003662 0.918457 0.026611 0.2118 0.1333 0.0745
v 0.051025 0.920410 0.026611 0.3255 0.2157 0.1530
v 0.053467 0.921387 0.026611 0.2863 0.1765 0.1294
v 0.049072 0.925293 0.026611 0.3490 0.2314 0.1647
v 0.045654 0.925781 0.026611 0.2941 0.1882 0.1333
v -0.042236 0.928223 0.026611 0.3961 0.2745 0.1961
v 0.020752 0.930664 0.026611 0.2314 0.1412 0.0863
v -0.129150 0.434082 0.026611 0.8235 0.6471 0.3490
v 0.129150 0.434082 0.026611 0.6863 0.5569 0.3294
v -0.131104 0.391602 0.026611 0.2118 0.1333 0.1137
v 0.131104 0.391602 0.026611 0.6354 0.4392 0.3372
v -0.101318 0.250000 0.026611 0.6039 0.3843 0.2980
v 0.101318 0.250000 0.026611 0.6315 0.4118 0.3216
v -0.156006 0.060059 0.026611 0.5725 0.4235 0.2588
v 0.156006 0.060059 0.026611 0.1725 0.1451 0.1451
v -0.082764 0.662109 0.027100 0.6550 0.4353 0.3412
v 0.082764 0.662109 0.027100 0.6628 0.4432 0.3529
v -0.441650 0.728027 0.027100 0.6510 0.0039 0.0314
v 0.441650 0.728027 0.027100 0.6393 0.4589 0.2196
v -0.114990 0.744629 0.027100 0.5686 0.3647 0.2784
v 0.114990 0.745117 0.027100 0.5921 0.3765 0.2941
v 0.122314 0.763672 0.027100 0.6393 0.4157 0.3137
v -0.094971 0.779785 0.027100 0.6785 0.4432 0.3490
v 0.094971 0.779785 0.027100 0.6863 0.4510 0.3490
v -0.108154 0.783691 0.027100 0.6941 0.4550 0.3608
v 0.108154 0.783691 0.027100 0.6980 0.4706 0.3725
v -0.468506 0.800781 0.027100 0.6902 0.0431 0.0667
v 0.468506 0.800781 0.027100 0.7529 0.5647 0.2314
v -0.000244 0.814453 0.027100 0.5255 0.2863 0.2235
v -0.002686 0.815918 0.027100 0.4706 0.2235 0.1725
v 0.002686 0.815918 0.027100 0.4784 0.2510 0.1961
v -0.014893 0.817383 0.027100 0.3176 0.1530 0.1059
v 0.014893 0.817383 0.027100 0.3725 0.1765 0.1412
v -0.000244 0.822754 0.027100 0.5137 0.2902 0.2432
v -0.007080 0.822754 0.027100 0.5255 0.3098 0.2471
v 0.007080 0.822754 0.027100 0.5530 0.3372 0.2745
v -0.001221 0.823242 0.027100 0.5059 0.2784 0.2432
v 0.001221 0.823242 0.027100 0.5137 0.2941 0.2432
v -0.003174 0.823730 0.027100 0.4745 0.2627 0.2157
v 0.003174 0.823730 0.027100 0.5216 0.3019 0.2510
v 0.039795 0.849121 0.027100 0.2706 0.1608 0.1059
v -0.031494 0.862793 0.027100 0.4823 0.3216 0.2549
v -0.034912 0.863281 0.027100 0.2902 0.1804 0.1255
v -0.031494 0.863770 0.027100 0.4980 0.3255 0.2510
v -0.033447 0.870117 0.027100 0.1961 0.1216 0.0902
v 0.045654 0.874512 0.027100 0.2823 0.1725 0.1137
v 0.029541 0.887695 0.027100 0.5686 0.3765 0.2902
v 0.042236 0.888672 0.027100 0.1608 0.0824 0.0431
v -0.052002 0.895508 0.027100 0.2902 0.1647 0.1020
v 0.058350 0.898926 0.027100 0.2667 0.1765 0.1216
v 0.052002 0.916016 0.027100 0.3098 0.2000 0.1333
v 0.032959 0.916992 0.027100 0.2941 0.1804 0.1294
v 0.056396 0.916992 0.027100 0.3608 0.2353 0.1608
v -0.037842 0.924316 0.027100 0.2823 0.1608 0.1020
v -0.010498 0.928223 0.027100 0.2863 0.1725 0.1216
v 0.038818 0.928223 0.027100 0.3961 0.2627 0.2000
v -0.012451 0.929199 0.027100 0.3137 0.1961 0.1451
v -0.040771 0.929199 0.027100 0.3608 0.2471 0.1765
v 0.018311 0.935547 0.027100 0.2667 0.1647 0.1137
v -0.081787 0.582031 0.027588 0.6785 0.4863 0.2275
v 0.081787 0.582031 0.027588 0.6315 0.4392 0.2118
v -0.081787 0.593262 0.027588 0.6589 0.4550 0.1804
v 0.081787 0.593262 0.027588 0.6902 0.5098 0.2314
v 0.082275 0.597168 0.027588 0.7490 0.6039 0.2902
v -0.082275 0.597656 0.027588 0.7294 0.5764 0.2823
v -0.487061 0.747559 0.027588 0.7020 0.0431 0.0588
v 0.487061 0.747559 0.027588 0.8196 0.6236 0.2823
v -0.122803 0.763672 0.027588 0.6471 0.4275 0.3333
v -0.394287 0.767090 0.027588 0.6354 0.0078 0.0549
v 0.394287 0.767090 0.027588 0.5569 0.3921 0.1725
v -0.000244 0.770020 0.027588 0.6039 0.3921 0.2980
v -0.007080 0.770996 0.027588 0.6079 0.4000 0.3059
v 0.007080 0.770996 0.027588 0.6039 0.3882 0.3019
v -0.105713 0.776367 0.027588 0.7059 0.4745 0.3804
v 0.105713 0.776367 0.027588 0.6941 0.4550 0.3647
v -0.000244 0.788574 0.027588 0.5882 0.3804 0.2902
v 0.402100 0.794922 0.027588 0.7137 0.5255 0.2353
v -0.402100 0.795410 0.027588 0.7059 0.0157 0.0275
v -0.007080 0.817383 0.027588 0.3568 0.1412 0.1137
v 0.007080 0.817383 0.027588 0.3568 0.1412 0.1098
v -0.009033 0.821289 0.027588 0.5255 0.3255 0.2588
v 0.009033 0.821289 0.027588 0.5333 0.3372 0.2706
v -0.028564 0.829590 0.027588 0.6432 0.4196 0.3294
v 0.028564 0.829590 0.027588 0.6667 0.4353 0.3412
v -0.058350 0.862305 0.027588 0.2784 0.1725 0.1098
v 0.039307 0.865234 0.027588 0.1961 0.1216 0.0706
v -0.031006 0.865723 0.027588 0.5294 0.3412 0.2627
v -0.031494 0.865723 0.027588 0.4941 0.3294 0.2627
v -0.066162 0.865723 0.027588 0.3451 0.2314 0.1725
v 0.031006 0.865723 0.027588 0.4863 0.3098 0.2353
v 0.053955 0.865723 0.027588 0.3412 0.2157 0.1490
v -0.052490 0.874512 0.027588 0.2432 0.1569 0.1059
v 0.057373 0.875977 0.027588 0.3176 0.2039 0.1373
v 0.051514 0.920898 0.027588 0.3294 0.2157 0.1451
v 0.034424 0.921875 0.027588 0.2980 0.1922 0.1451
v 0.052979 0.921875 0.027588 0.2863 0.1804 0.1216
v -0.013916 0.924316 0.027588 0.1882 0.1059 0.0667
v -0.042725 0.929199 0.027588 0.3686 0.2510 0.1804
v -0.041260 0.929688 0.027588 0.3451 0.2314 0.1647
v 0.022705 0.939941 0.027588 0.3647 0.2157 0.1451
v -0.126709 0.429199 0.027588 0.8549 0.6589 0.3019
v 0.126709 0.429199 0.027588 0.8117 0.6863 0.4196
v -0.130127 0.428711 0.027588 0.8117 0.6157 0.2980
v 0.130127 0.428711 0.027588 0.7608 0.6510 0.4078
v -0.120361 0.284668 0.027588 0.5921 0.3686 0.2823
v 0.120361 0.284668 0.027588 0.5804 0.3608 0.2706
v 0.085205 0.566895 0.028076 0.6589 0.4550 0.1961
v -0.084717 0.570801 0.028076 0.8078 0.6236 0.3529
v 0.084717 0.570801 0.028076 0.8000 0.6118 0.3255
v -0.080811 0.649414 0.028076 0.6432 0.4157 0.3216
v 0.080811 0.649414 0.028076 0.6276 0.4078 0.3137
v -0.084229 0.670898 0.028076 0.6315 0.4039 0.3098
v 0.084229 0.670898 0.028076 0.6589 0.4392 0.3451
v -0.081299 0.678711 0.028076 0.6276 0.4078 0.3137
v -0.002197 0.770020 0.028076 0.6039 0.3882 0.2980
v 0.002197 0.770020 0.028076 0.5961 0.3804 0.2980
v -0.477783 0.792969 0.028076 0.6863 0.0314 0.0588
v 0.477783 0.792969 0.028076 0.7529 0.5530 0.2353
v 0.042725 0.851074 0.028076 0.3568 0.2275 0.1686
v -0.031494 0.852051 0.028076 0.6432 0.4039 0.3294
v 0.031494 0.852051 0.028076 0.6118 0.3961 0.3098
v 0.031006 0.862793 0.028076 0.5255 0.3372 0.2510
v 0.034912 0.867676 0.028076 0.1608 0.0902 0.0588
v -0.065674 0.868164 0.028076 0.3372 0.2157 0.1333
v 0.057861 0.875000 0.028076 0.3176 0.1922 0.1216
v 0.052979 0.875488 0.028076 0.4118 0.2784 0.1843
v 0.061279 0.877441 0.028076 0.3608 0.2314 0.1569
v -0.053955 0.878418 0.028076 0.2196 0.1176 0.0667
v 0.053955 0.891602 0.028076 0.2314 0.1451 0.0941
v 0.044678 0.896484 0.028076 0.2275 0.1373 0.0863
v 0.055908 0.903320 0.028076 0.3137 0.2078 0.1412
v 0.052490 0.904785 0.028076 0.2627 0.1725 0.1176
v 0.052002 0.911621 0.028076 0.3059 0.2039 0.1294
v 0.052490 0.921387 0.028076 0.3098 0.2000 0.1451
v -0.111084 0.250488 0.028076 0.6393 0.4196 0.3255
v 0.111084 0.250488 0.028076 0.6354 0.4157 0.3255
v -0.121826 0.043945 0.028076 0.7451 0.5804 0.2863
v 0.121826 0.043945 0.028076 0.0824 0.1373 0.2549
v -0.122803 0.010742 0.028076 0.2432 0.2235 0.2157
v 0.122803 0.010742 0.028076 0.1059 0.1333 0.2000
v -0.191162 0.007812 0.028076 0.7960 0.6157 0.3059
v 0.191162 0.007812 0.028076 0.8000 0.6667 0.4157
v -0.085693 0.566895 0.028564 0.6980 0.5137 0.2510
v -0.075439 0.632812 0.028564 0.6550 0.4353 0.3412
v 0.075439 0.632812 0.028564 0.6157 0.3921 0.3019
v 0.085693 0.683594 0.028564 0.6315 0.4118 0.3176
v -0.433838 0.739258 0.028564 0.5725 0.0235 0.0549
v 0.433838 0.739746 0.028565 0.5294 0.3529 0.1647
v -0.419678 0.749512 0.028564 0.6628 0.0353 0.0549
v 0.419678 0.749512 0.028565 0.6157 0.4275 0.1882
v -0.489014 0.758789 0.028564 0.7176 0.0431 0.0667
v 0.489014 0.758789 0.028565 0.8353 0.6432 0.2784
v -0.488525 0.770996 0.028564 0.7137 0.0431 0.0745
v 0.488525 0.770996 0.028565 0.8274 0.6236 0.2432
v -0.081787 0.778809 0.028564 0.7020 0.4667 0.3647
v 0.081787 0.778809 0.028564 0.6980 0.4589 0.3608
v -0.484619 0.782715 0.028564 0.6980 0.0431 0.0667
v 0.484619 0.782715 0.028565 0.8039 0.6118 0.2510
v -0.029053 0.834961 0.028564 0.6432 0.4157 0.3294
v 0.029053 0.834961 0.028564 0.6745 0.4392 0.3451
v 0.041260 0.848633 0.028564 0.2667 0.1608 0.1059
v 0.042236 0.850098 0.028564 0.3176 0.1882 0.1373
v -0.031006 0.864746 0.028564 0.5333 0.3490 0.2706
v 0.053467 0.873535 0.028564 0.3804 0.2549 0.1725
v 0.058350 0.874512 0.028564 0.3608 0.2275 0.1530
v 0.057861 0.876465 0.028564 0.3529 0.2314 0.1530
v 0.043701 0.887207 0.028564 0.3412 0.2118 0.1490
v 0.050537 0.896484 0.028564 0.2510 0.1569 0.0980
v 0.057861 0.911133 0.028564 0.3843 0.2471 0.1765
v 0.021240 0.923828 0.028564 0.2157 0.1294 0.0824
v 0.024170 0.925781 0.028564 0.2353 0.1451 0.0902
v 0.042725 0.928711 0.028564 0.3961 0.2627 0.1843
v -0.027100 0.929199 0.028564 0.2000 0.1294 0.0824
v 0.028076 0.934570 0.028564 0.2941 0.1765 0.1216
v -0.047119 0.326172 0.028564 0.6000 0.3765 0.2980
v 0.047119 0.326172 0.028564 0.6118 0.4000 0.3059
v -0.187256 0.020508 0.028564 0.1412 0.1608 0.2314
v 0.187256 0.020508 0.028564 0.0000 0.0196 0.1373
v -0.189697 0.009766 0.028564 0.0392 0.0431 0.0941
v 0.189697 0.009766 0.028564 0.0941 0.0549 0.0627
v -0.085205 0.683594 0.029053 0.5961 0.3765 0.2823
v -0.424561 0.742188 0.029053 0.6393 0.0275 0.0549
v 0.424561 0.742188 0.029053 0.5921 0.4314 0.2118
v -0.005615 0.795410 0.029053 0.5216 0.3216 0.2392
v 0.005615 0.795410 0.029053 0.5176 0.3176 0.2353
v -0.022705 0.812012 0.029053 0.6157 0.4039 0.3098
v 0.022705 0.812012 0.029053 0.6000 0.3725 0.3137
v -0.014404 0.821289 0.029053 0.3294 0.1569 0.1216
v 0.014404 0.821289 0.029053 0.3255 0.1569 0.1176
v 0.047607 0.854492 0.029053 0.3686 0.2432 0.1647
v 0.048096 0.855469 0.029053 0.3647 0.2392 0.1608
v -0.043701 0.857910 0.029053 0.2863 0.1804 0.1137
v -0.035889 0.911621 0.029053 0.2784 0.1765 0.1333
v 0.052490 0.916504 0.029053 0.3216 0.2157 0.1373
v -0.037842 0.917480 0.029053 0.3882 0.2510 0.1725
v 0.055908 0.917480 0.029053 0.3686 0.2432 0.1647
v 0.006104 0.921387 0.029053 0.2353 0.1451 0.0863
v 0.027588 0.926270 0.029053 0.2275 0.1451 0.0824
v -0.011475 0.931641 0.029053 0.4000 0.2627 0.1804
v -0.020264 0.936035 0.029053 0.4353 0.2823 0.2157
v 0.019287 0.938477 0.029053 0.3843 0.2549 0.1765
v -0.079346 0.287598 0.029053 0.6393 0.4275 0.3333
v 0.079346 0.287598 0.029053 0.5647 0.3529 0.2706
v 0.123291 0.012695 0.029053 0.1882 0.2000 0.2432
v -0.123291 0.012207 0.029053 0.3137 0.2980 0.2706
v -0.189209 0.000488 0.029053 0.2353 0.1804 0.1216
v 0.189209 0.000488 0.029053 0.3725 0.2863 0.1608
v 0.082275 0.566406 0.029541 0.7882 0.6039 0.3059
v -0.453369 0.728027 0.029541 0.6589 0.0235 0.0510
v 0.453857 0.728027 0.029541 0.6706 0.4823 0.2392
v -0.420166 0.802734 0.029541 0.6824 0.0353 0.0667
v 0.420166 0.802734 0.029541 0.7372 0.5569 0.2314
v -0.010010 0.823242 0.029541 0.5098 0.3216 0.2627
v 0.010010 0.823242 0.029541 0.4550 0.2510 0.1961
v -0.009033 0.827637 0.029541 0.3608 0.1569 0.1294
v 0.009033 0.827637 0.029541 0.3608 0.1569 0.1333
v 0.048096 0.853516 0.029541 0.3843 0.2510 0.1725
v 0.036377 0.854492 0.029541 0.2980 0.1843 0.1255
v 0.048584 0.855469 0.029541 0.3765 0.2471 0.1686
v 0.050049 0.863770 0.029541 0.3372 0.2118 0.1373
v 0.050049 0.865234 0.029541 0.3294 0.2078 0.1333
v -0.051025 0.866699 0.029541 0.2275 0.1373 0.0980
v 0.045654 0.870605 0.029541 0.3333 0.2039 0.1412
v 0.058350 0.875000 0.029541 0.3882 0.2510 0.1725
v 0.048096 0.875977 0.029541 0.3412 0.2235 0.1451
v 0.057861 0.875977 0.029541 0.3882 0.2510 0.1725
v 0.053467 0.876953 0.029541 0.3804 0.2510 0.1765
v 0.054443 0.916992 0.029541 0.3490 0.2235 0.1569
v -0.038818 0.924805 0.029541 0.3451 0.2392 0.1608
v 0.020752 0.927246 0.029541 0.2353 0.1451 0.0902
v 0.019287 0.932617 0.029541 0.2941 0.1922 0.1294
v -0.116943 0.268555 0.029541 0.5804 0.3647 0.2745
v 0.116943 0.268555 0.029541 0.5608 0.3490 0.2549
v -0.400147 0.759766 0.030029 0.6745 0.0157 0.0549
v -0.394287 0.773438 0.030029 0.6628 0.0078 0.0314
v 0.394287 0.773438 0.030029 0.6667 0.4941 0.2118
v -0.044189 0.784180 0.030029 0.6589 0.4392 0.3412
v 0.044189 0.784180 0.030029 0.6667 0.4432 0.3490
v -0.000244 0.793945 0.030029 0.5451 0.3372 0.2588
v -0.014893 0.802734 0.030029 0.4784 0.2863 0.2275
v 0.014404 0.802734 0.030029 0.4628 0.2784 0.2078
v -0.013916 0.823242 0.030029 0.3608 0.1961 0.1490
v 0.013916 0.823242 0.030029 0.4628 0.2823 0.2275
v -0.010498 0.823730 0.030029 0.5059 0.3176 0.2588
v -0.010986 0.823730 0.030029 0.5019 0.3019 0.2549
v -0.013428 0.823730 0.030029 0.3647 0.1922 0.1451
v 0.010498 0.823730 0.030029 0.4589 0.2549 0.2000
v 0.010986 0.823730 0.030029 0.4667 0.2627 0.2078
v 0.013428 0.823730 0.030029 0.4550 0.2667 0.2118
v -0.010498 0.824219 0.030029 0.4823 0.2863 0.2314
v 0.010498 0.824219 0.030029 0.4589 0.2549 0.2000
v -0.014404 0.825195 0.030029 0.3019 0.1373 0.1098
v 0.014404 0.825195 0.030029 0.3059 0.1451 0.1137
v -0.014893 0.827637 0.030029 0.3019 0.1373 0.1098
v 0.014893 0.827637 0.030029 0.2745 0.1451 0.1059
v -0.030029 0.842285 0.030029 0.6315 0.4039 0.3255
v 0.030029 0.842285 0.030029 0.6432 0.4039 0.3216
v -0.044678 0.852051 0.030029 0.2980 0.1922 0.1294
v 0.048584 0.854004 0.030029 0.3843 0.2588 0.1804
v 0.049072 0.854492 0.030029 0.3843 0.2627 0.1882
v 0.039307 0.855957 0.030029 0.2706 0.1725 0.1216
v -0.036377 0.861816 0.030029 0.3765 0.2471 0.1843
v -0.060791 0.862305 0.030029 0.3333 0.2157 0.1412
v -0.042725 0.864258 0.030029 0.2980 0.1843 0.1059
v -0.032471 0.867188 0.030029 0.1843 0.1059 0.0706
v -0.060791 0.870605 0.030029 0.3568 0.2314 0.1569
v -0.053955 0.871582 0.030029 0.2784 0.1725 0.1176
v 0.053955 0.872559 0.030029 0.3843 0.2549 0.1765
v 0.043701 0.882812 0.030029 0.3529 0.2314 0.1804
v -0.049072 0.885254 0.030029 0.3294 0.1961 0.1294
v 0.050537 0.906738 0.030029 0.2784 0.1843 0.1255
v 0.044189 0.915527 0.030029 0.2941 0.1922 0.1373
v 0.031982 0.916504 0.030029 0.2235 0.1333 0.0902
v -0.005127 0.937988 0.030029 0.3608 0.2314 0.1569
v -0.135986 0.393555 0.030029 0.1059 0.0235 0.0353
v 0.135986 0.393555 0.030029 0.3137 0.1333 0.0549
v -0.120361 0.304688 0.030029 0.6276 0.4000 0.3059
v 0.120361 0.304688 0.030029 0.6197 0.4078 0.3137
v -0.061279 0.301758 0.030029 0.5921 0.3804 0.2863
v 0.061279 0.301758 0.030029 0.5921 0.3804 0.2980
v -0.071045 0.293945 0.030029 0.6197 0.3961 0.3098
v 0.071045 0.293945 0.030029 0.6000 0.3882 0.3059
v -0.082764 0.566406 0.030518 0.7725 0.5843 0.2902
v -0.077881 0.641602 0.030518 0.6157 0.3961 0.3019
v 0.077881 0.641602 0.030518 0.6039 0.3843 0.2941
v 0.464111 0.730469 0.030518 0.6628 0.4667 0.2118
v -0.464111 0.730957 0.030518 0.6745 0.0431 0.0627
v -0.443115 0.738281 0.030518 0.4980 0.0196 0.0392
v 0.443115 0.738281 0.030518 0.5608 0.4000 0.1725
v 0.408936 0.751953 0.030518 0.5843 0.4000 0.1804
v -0.408936 0.752441 0.030518 0.6785 0.0118 0.0431
v 0.399658 0.759766 0.030518 0.7059 0.5294 0.2706
v -0.114014 0.767090 0.030518 0.6824 0.4550 0.3608
v 0.114014 0.767090 0.030518 0.6824 0.4471 0.3451
v -0.396240 0.784668 0.030518 0.7176 0.0235 0.0549
v 0.396240 0.784668 0.030518 0.6824 0.4902 0.2275
v -0.039795 0.863281 0.030518 0.2863 0.1765 0.1216
v 0.050537 0.863281 0.030518 0.3372 0.2078 0.1412
v 0.050537 0.865234 0.030518 0.3294 0.2118 0.1412
v 0.043213 0.867188 0.030518 0.2902 0.1843 0.1255
v 0.030518 0.870117 0.030518 0.4275 0.2706 0.2078
v -0.030518 0.871094 0.030518 0.4000 0.2471 0.1882
v 0.047607 0.873047 0.030518 0.2902 0.1922 0.1333
v 0.041748 0.879883 0.030518 0.2157 0.1255 0.0824
v 0.045166 0.890625 0.030518 0.2510 0.1530 0.1059
v 0.050537 0.898438 0.030518 0.2667 0.1765 0.1176
v 0.052490 0.912598 0.030518 0.3059 0.2000 0.1373
v 0.010498 0.920410 0.030518 0.2823 0.1804 0.1216
v -0.038818 0.926758 0.030518 0.4039 0.2745 0.1961
v -0.023682 0.930176 0.030518 0.3255 0.2118 0.1490
v -0.010010 0.935547 0.030518 0.3647 0.2392 0.1647
v -0.120361 0.295410 0.030518 0.6157 0.3882 0.2941
v 0.120361 0.295410 0.030518 0.6000 0.3882 0.2941
v -0.086182 0.690918 0.031006 0.6197 0.4000 0.3098
v 0.086182 0.690918 0.031006 0.6276 0.4078 0.3255
v -0.473389 0.735840 0.031006 0.6863 0.0510 0.0784
v 0.473389 0.735840 0.031006 0.7176 0.5216 0.2432
v -0.013916 0.815430 0.031006 0.3412 0.1412 0.1059
v 0.013916 0.815430 0.031006 0.3568 0.1333 0.0980
v -0.023682 0.816895 0.031006 0.6510 0.4235 0.3451
v 0.023682 0.816895 0.031006 0.6589 0.4314 0.3490
v -0.008545 0.820312 0.031006 0.4353 0.2314 0.1843
v 0.008545 0.820312 0.031006 0.4941 0.3019 0.2432
v 0.051025 0.864258 0.031006 0.3294 0.2118 0.1412
v 0.054443 0.875977 0.031006 0.3961 0.2627 0.1804
v 0.049561 0.878418 0.031006 0.3686 0.2353 0.1686
v 0.054443 0.894531 0.031006 0.2784 0.1765 0.1216
v 0.052979 0.896973 0.031006 0.3019 0.2000 0.1373
v 0.050049 0.898926 0.031006 0.2510 0.1608 0.1059
v 0.057373 0.912109 0.031006 0.3686 0.2432 0.1686
v 0.004150 0.913086 0.031006 0.2039 0.1255 0.0745
v -0.008057 0.924805 0.031006 0.3059 0.1882 0.1255
v -0.041260 0.925293 0.031006 0.3608 0.2471 0.1647
v 0.004639 0.932617 0.031006 0.3019 0.1961 0.1333
v -0.023193 0.933594 0.031006 0.3843 0.2588 0.1882
v -0.145752 0.060547 0.031006 0.5176 0.4196 0.2588
v 0.145752 0.060547 0.031006 0.4550 0.3608 0.2706
v -0.168701 0.045898 0.031006 0.7451 0.5804 0.3294
v 0.168701 0.045898 0.031006 0.1490 0.1216 0.1882
v -0.093994 0.712891 0.031494 0.5373 0.3294 0.2471
v 0.093994 0.712891 0.031494 0.5451 0.3451 0.2588
v -0.478760 0.740234 0.031494 0.6902 0.0510 0.0706
v 0.478760 0.740234 0.031494 0.7294 0.5412 0.2432
v -0.016357 0.777832 0.031494 0.6315 0.4196 0.3216
v 0.016357 0.777832 0.031494 0.6118 0.3961 0.3059
v -0.010010 0.798828 0.031494 0.4628 0.2745 0.2039
v 0.010010 0.798828 0.031494 0.4550 0.2745 0.2039
v -0.062256 0.864258 0.031494 0.3686 0.2392 0.1647
v 0.054443 0.874023 0.031494 0.3647 0.2392 0.1647
v -0.043701 0.874512 0.031494 0.3098 0.1843 0.1373
v 0.043701 0.877930 0.031494 0.2118 0.1255 0.0863
v 0.057373 0.904785 0.031494 0.4000 0.2588 0.1804
v -0.047119 0.905273 0.031494 0.4235 0.2745 0.1922
v 0.006104 0.911621 0.031494 0.2157 0.1373 0.0863
v 0.025146 0.918945 0.031494 0.2000 0.1176 0.0745
v -0.009521 0.921387 0.031494 0.2549 0.1569 0.1098
v 0.036377 0.925293 0.031494 0.3843 0.2471 0.1765
v -0.039795 0.927734 0.031494 0.4118 0.2784 0.2000
v -0.011963 0.931641 0.031494 0.4353 0.2863 0.2000
v -0.042725 0.342773 0.031494 0.5882 0.3725 0.2784
v 0.042725 0.342773 0.031494 0.6079 0.3961 0.3019
v -0.127686 0.052734 0.031494 0.8196 0.6432 0.3647
v 0.127686 0.052734 0.031494 0.3765 0.3490 0.3019
v 0.091064 0.556152 0.031982 0.7568 0.6118 0.2980
v -0.105225 0.733887 0.031982 0.6000 0.3921 0.2980
v 0.105225 0.733887 0.031982 0.6197 0.4000 0.3059
v -0.024658 0.821777 0.031982 0.6510 0.4235 0.3372
v 0.024658 0.821777 0.031982 0.6824 0.4550 0.3608
v -0.042725 0.851562 0.031982 0.2549 0.1530 0.1020
v 0.036865 0.851562 0.031982 0.2627 0.1608 0.1020
v -0.046631 0.852539 0.031982 0.2706 0.1686 0.1059
v -0.040771 0.856445 0.031982 0.2510 0.1451 0.0941
v -0.046143 0.857910 0.031982 0.3686 0.2353 0.1804
v -0.030518 0.858398 0.031982 0.6197 0.4000 0.3019
v 0.030518 0.858398 0.031982 0.5882 0.3843 0.2941
v 0.045166 0.863770 0.031982 0.3137 0.2078 0.1373
v 0.045654 0.865723 0.031982 0.3490 0.2157 0.1412
v -0.062256 0.867676 0.031982 0.3961 0.2667 0.1882
v 0.035889 0.869141 0.031982 0.1725 0.0980 0.0588
v -0.042236 0.890625 0.031982 0.1255 0.0627 0.0353
v 0.054932 0.912598 0.031982 0.3529 0.2353 0.1647
v 0.029541 0.919922 0.031982 0.2392 0.1490 0.0980
v -0.041260 0.927246 0.031982 0.3843 0.2588 0.1843
v 0.025635 0.937012 0.031982 0.3686 0.2314 0.1569
v -0.097412 0.264160 0.031982 0.5725 0.3608 0.2784
v 0.097412 0.264160 0.031982 0.6039 0.3765 0.2980
v -0.091553 0.556641 0.032471 0.5098 0.4078 0.2549
v -0.431397 0.735840 0.032471 0.6000 0.0235 0.0431
v 0.431397 0.735840 0.032471 0.5764 0.3921 0.1725
v -0.072510 0.776855 0.032471 0.7176 0.4823 0.3804
v 0.072510 0.776855 0.032471 0.7098 0.4706 0.3686
v -0.434815 0.797852 0.032471 0.7255 0.0431 0.0667
v 0.434815 0.798340 0.032471 0.7059 0.5216 0.2118
v -0.046143 0.847168 0.032471 0.2392 0.1412 0.0980
v -0.030029 0.852051 0.032471 0.6510 0.4118 0.3294
v 0.030029 0.852051 0.032471 0.6628 0.4432 0.3529
v -0.030518 0.862305 0.032471 0.6079 0.3882 0.2902
v 0.030518 0.862305 0.032471 0.5882 0.3843 0.2980
v -0.052002 0.862793 0.032471 0.2706 0.1647 0.1176
v -0.040771 0.869629 0.032471 0.2667 0.1647 0.1059
v 0.049072 0.871582 0.032471 0.2980 0.1922 0.1216
v -0.029541 0.875488 0.032471 0.5098 0.3216 0.2432
v 0.029541 0.875488 0.032471 0.4745 0.2941 0.2118
v 0.035400 0.911133 0.032471 0.2275 0.1294 0.0745
v -0.038818 0.912109 0.032471 0.3216 0.2039 0.1490
v 0.005127 0.914551 0.032471 0.1882 0.1098 0.0706
v 0.019287 0.923828 0.032471 0.2549 0.1530 0.0941
v 0.021240 0.935547 0.032471 0.3529 0.2275 0.1569
v -0.088135 0.555176 0.032959 0.1098 0.1412 0.2118
v 0.088135 0.555176 0.032959 0.8157 0.6589 0.3216
v -0.073486 0.624512 0.032959 0.6393 0.4157 0.3176
v 0.073486 0.624512 0.032959 0.6276 0.4039 0.3098
v -0.397705 0.766602 0.032959 0.6550 0.0078 0.0431
v 0.397705 0.766602 0.032959 0.6706 0.4863 0.2432
v -0.103760 0.770508 0.032959 0.7020 0.4667 0.3647
v 0.103760 0.770508 0.032959 0.7020 0.4589 0.3608
v -0.013428 0.820312 0.032959 0.3490 0.1412 0.1098
v 0.013428 0.820312 0.032959 0.3451 0.1373 0.1059
v -0.046631 0.847656 0.032959 0.2392 0.1530 0.1020
v 0.040771 0.854004 0.032959 0.2941 0.1882 0.1294
v 0.043213 0.855957 0.032959 0.3333 0.2118 0.1412
v 0.043701 0.857422 0.032959 0.2863 0.1804 0.1216
v 0.041748 0.875977 0.032959 0.2118 0.1216 0.0745
v -0.047119 0.876953 0.032959 0.2980 0.1961 0.1490
v 0.045654 0.880859 0.032959 0.2902 0.1922 0.1412
v -0.049072 0.881348 0.032959 0.1804 0.0863 0.0314
v 0.048096 0.888672 0.032959 0.2235 0.1333 0.0824
v 0.045166 0.894043 0.032959 0.2588 0.1686 0.1137
v 0.036377 0.901855 0.032959 0.2196 0.1451 0.0863
v 0.047607 0.903320 0.032959 0.2549 0.1608 0.0980
v 0.051514 0.908691 0.032959 0.2627 0.1647 0.1137
v 0.044189 0.920410 0.032959 0.2235 0.1333 0.1020
v 0.025635 0.921387 0.032959 0.2235 0.1373 0.0863
v -0.035889 0.922363 0.032959 0.1725 0.1137 0.0706
v -0.031006 0.925781 0.032959 0.3961 0.2549 0.1843
v -0.009521 0.929199 0.032959 0.3765 0.2432 0.1647
v 0.019287 0.929688 0.032959 0.3333 0.2235 0.1451
v -0.125244 0.412109 0.032959 0.3961 0.3372 0.3451
v 0.125244 0.412109 0.032959 0.7137 0.5333 0.3216
v -0.135498 0.058105 0.032959 0.3294 0.2549 0.1922
v 0.135498 0.058105 0.032959 0.3608 0.2941 0.2000
v -0.181396 0.031738 0.032959 0.0941 0.1137 0.2118
v 0.181396 0.031738 0.032959 0.7020 0.5961 0.4118
v -0.093994 0.545410 0.033447 0.1530 0.1451 0.1961
v 0.093994 0.545410 0.033447 0.8000 0.6276 0.2706
v -0.079346 0.683105 0.033447 0.6628 0.4471 0.3490
v 0.079346 0.683105 0.033447 0.5921 0.3765 0.2941
v -0.442139 0.737793 0.033447 0.5137 0.0314 0.0353
v 0.442139 0.737793 0.033447 0.6079 0.4392 0.1922
v -0.017334 0.804199 0.033447 0.5255 0.3137 0.2432
v 0.017334 0.804199 0.033447 0.5216 0.3098 0.2549
v -0.000244 0.816406 0.033447 0.3608 0.1373 0.1020
v -0.002197 0.817383 0.033447 0.3647 0.1373 0.1020
v -0.006104 0.817383 0.033447 0.3647 0.1412 0.0980
v 0.002197 0.817383 0.033447 0.3568 0.1333 0.1059
v 0.006104 0.817383 0.033447 0.3568 0.1333 0.1098
v -0.008545 0.819336 0.033447 0.3765 0.1608 0.1255
v 0.008545 0.819336 0.033447 0.3608 0.1608 0.1176
v -0.009521 0.822266 0.033447 0.5333 0.3490 0.2863
v 0.009521 0.822266 0.033447 0.5255 0.3412 0.2784
v -0.010010 0.822754 0.033447 0.5412 0.3568 0.2902
v -0.010498 0.822754 0.033447 0.5451 0.3647 0.3059
v -0.012939 0.822754 0.033447 0.6157 0.4432 0.3765
v 0.010010 0.822754 0.033447 0.5255 0.3451 0.2823
v 0.010498 0.822754 0.033447 0.5294 0.3490 0.2823
v 0.012939 0.822754 0.033447 0.5843 0.4039 0.3372
v -0.010010 0.823730 0.033447 0.5176 0.3372 0.2745
v 0.010010 0.823730 0.033447 0.4823 0.2863 0.2314
v -0.025146 0.826660 0.033447 0.6510 0.4235 0.3372
v 0.025146 0.826660 0.033447 0.6550 0.4275 0.3333
v -0.013428 0.832031 0.033447 0.3412 0.1373 0.1137
v 0.013428 0.832031 0.033447 0.3529 0.1412 0.1216
v -0.044678 0.847168 0.033447 0.2157 0.1333 0.0824
v 0.038330 0.851074 0.033447 0.2784 0.1686 0.1137
v 0.040283 0.852539 0.033447 0.3490 0.2392 0.1804
v 0.033936 0.858887 0.033447 0.2588 0.1686 0.1098
v 0.037842 0.860840 0.033447 0.2510 0.1451 0.0902
v -0.045654 0.863281 0.033447 0.2627 0.1608 0.1059
v 0.046631 0.866211 0.033447 0.3529 0.2196 0.1451
v -0.034424 0.866699 0.033447 0.2353 0.1373 0.0941
v -0.045166 0.870605 0.033447 0.2235 0.1373 0.0863
v -0.057373 0.872070 0.033447 0.3255 0.2039 0.1333
v 0.042236 0.874023 0.033447 0.2157 0.1333 0.0902
v -0.050049 0.875977 0.033447 0.2784 0.1725 0.1176
v 0.050537 0.876953 0.033447 0.4589 0.3098 0.2235
v -0.044678 0.892090 0.033447 0.1216 0.0392 0.0000
v 0.036865 0.905273 0.033447 0.2275 0.1333 0.0863
v 0.029053 0.929688 0.033447 0.2471 0.1608 0.1098
v -0.109131 0.327637 0.033447 0.6079 0.3961 0.3019
v 0.109131 0.327637 0.033447 0.5686 0.3529 0.2627
v -0.092529 0.534668 0.033936 0.1216 0.1490 0.2510
v 0.092529 0.534668 0.033936 0.7333 0.5373 0.2314
v -0.095459 0.535156 0.033936 0.1020 0.1373 0.2510
v 0.095459 0.535156 0.033936 0.8117 0.6354 0.2902
v -0.091064 0.544922 0.033936 0.0980 0.1333 0.2314
v 0.091064 0.544922 0.033936 0.8078 0.6236 0.3059
v -0.077881 0.673340 0.033936 0.6471 0.4196 0.3255
v 0.077881 0.673340 0.033936 0.6236 0.4078 0.3216
v -0.112061 0.753418 0.033936 0.6589 0.4392 0.3412
v 0.112061 0.753418 0.033936 0.6550 0.4353 0.3372
v -0.403565 0.758301 0.033935 0.6745 0.0235 0.0627
v 0.403565 0.758301 0.033936 0.6197 0.4471 0.2039
v -0.006104 0.770020 0.033936 0.6197 0.4000 0.3019
v 0.006104 0.770020 0.033936 0.6079 0.3921 0.2980
v -0.008057 0.797363 0.033936 0.4589 0.2784 0.2118
v 0.008057 0.797363 0.033936 0.4432 0.2745 0.2039
v -0.000244 0.822266 0.033936 0.4550 0.2627 0.2118
v -0.013428 0.822266 0.033936 0.6276 0.4510 0.3804
v 0.013428 0.822266 0.033936 0.5961 0.4353 0.3568
v -0.001221 0.822754 0.033936 0.4510 0.2549 0.2039
v -0.006592 0.822754 0.033936 0.4589 0.2549 0.2039
v 0.001221 0.822754 0.033936 0.4706 0.2667 0.2235
v 0.006592 0.822754 0.033936 0.4863 0.2980 0.2314
v -0.002686 0.823242 0.033936 0.4471 0.2432 0.1961
v 0.002686 0.823242 0.033936 0.4667 0.2627 0.2118
v -0.013916 0.824707 0.033936 0.3608 0.1725 0.1373
v 0.013916 0.824707 0.033936 0.3686 0.1765 0.1255
v -0.014404 0.827148 0.033936 0.3451 0.1530 0.1255
v 0.014404 0.827148 0.033936 0.3412 0.1490 0.1216
v -0.029541 0.845703 0.033936 0.6550 0.4118 0.3294
v 0.029541 0.845703 0.033936 0.6863 0.4275 0.3333
v -0.046143 0.852539 0.033936 0.2784 0.1765 0.1176
v 0.043701 0.854004 0.033936 0.4000 0.2627 0.1882
v 0.045166 0.857422 0.033936 0.2941 0.1725 0.1059
v -0.038818 0.861816 0.033936 0.2118 0.1216 0.0706
v 0.046143 0.862793 0.033936 0.3216 0.2118 0.1412
v -0.037354 0.867676 0.033936 0.2667 0.1647 0.1137
v 0.041748 0.867676 0.033936 0.3372 0.2157 0.1373
v -0.029541 0.868652 0.033936 0.5804 0.3686 0.2823
v 0.029541 0.868652 0.033936 0.5412 0.3529 0.2667
v 0.038818 0.871094 0.033936 0.2432 0.1373 0.0863
v 0.050049 0.874023 0.033936 0.3216 0.2039 0.1451
v 0.056885 0.906738 0.033936 0.3804 0.2510 0.1804
v 0.037354 0.909180 0.033936 0.2314 0.1412 0.0902
v -0.031006 0.915039 0.033936 0.2706 0.1686 0.1176
v -0.035889 0.925781 0.033936 0.3843 0.2627 0.1804
v -0.040771 0.359863 0.033936 0.5843 0.3647 0.2745
v 0.040771 0.359863 0.033936 0.6118 0.3921 0.3019
v -0.108154 0.265625 0.033936 0.6079 0.3882 0.2980
v 0.108154 0.265625 0.033936 0.6118 0.3882 0.3059
v -0.099854 0.521973 0.034424 0.8078 0.6980 0.4235
v 0.099854 0.521973 0.034424 0.8039 0.6276 0.2588
v -0.072998 0.634766 0.034424 0.6039 0.3765 0.2823
v 0.072998 0.634766 0.034424 0.5961 0.3765 0.2863
v -0.092041 0.773438 0.034424 0.7216 0.4863 0.3843
v 0.092041 0.773438 0.034424 0.7176 0.4745 0.3765
v -0.045654 0.847656 0.034424 0.2275 0.1412 0.0902
v -0.046631 0.847656 0.034424 0.2432 0.1530 0.0980
v -0.044189 0.852051 0.034424 0.2588 0.1608 0.1059
v -0.030029 0.855957 0.034424 0.5961 0.3765 0.2863
v 0.030029 0.855957 0.034424 0.6079 0.3961 0.3137
v 0.047119 0.864746 0.034424 0.4118 0.2706 0.1961
v 0.040283 0.865234 0.034424 0.2627 0.1608 0.1137
v -0.029053 0.872559 0.034424 0.5333 0.3412 0.2588
v 0.029053 0.873535 0.034424 0.4667 0.2902 0.2157
v 0.037842 0.890137 0.034424 0.1569 0.0902 0.0510
v -0.047607 0.898926 0.034424 0.3176 0.1843 0.1176
v -0.031982 0.919434 0.034424 0.2980 0.1843 0.1333
v 0.040771 0.924805 0.034424 0.3568 0.2157 0.1530
v -0.130615 0.413086 0.034424 0.8353 0.6589 0.3216
v 0.130615 0.413086 0.034424 0.7490 0.6039 0.3568
v -0.041260 0.376465 0.034424 0.5961 0.3725 0.2941
v 0.041260 0.376465 0.034424 0.6039 0.3882 0.3059
v -0.131592 0.374512 0.034424 0.2549 0.1530 0.1059
v 0.131592 0.374512 0.034424 0.6432 0.4784 0.2706
v -0.112061 0.331055 0.034424 0.5843 0.3804 0.2941
v 0.112061 0.331055 0.034424 0.6079 0.3765 0.2784
v -0.076904 0.294922 0.034424 0.6039 0.3843 0.2941
v 0.076904 0.294922 0.034424 0.5608 0.3568 0.2745
v -0.156494 0.000977 0.034424 0.3882 0.3019 0.1961
v 0.156494 0.000977 0.034424 0.3686 0.2745 0.1882
v -0.071045 0.588379 0.034912 0.6276 0.4432 0.2235
v 0.071045 0.588379 0.034912 0.6667 0.4823 0.2627
v -0.072998 0.612793 0.034912 0.6628 0.4353 0.3412
v 0.072998 0.612793 0.034912 0.6510 0.4275 0.3216
v -0.076904 0.657715 0.034912 0.6706 0.4432 0.3451
v 0.076904 0.657715 0.034912 0.6589 0.4353 0.3490
v -0.079346 0.667969 0.034912 0.6079 0.3921 0.2980
v 0.079346 0.667969 0.034912 0.6157 0.3961 0.3019
v -0.480225 0.747070 0.034912 0.6863 0.0431 0.0667
v 0.480225 0.747070 0.034912 0.7255 0.5333 0.2353
v -0.408936 0.753418 0.034912 0.6628 0.0275 0.0510
v 0.408936 0.753418 0.034912 0.6432 0.4667 0.2275
v -0.000244 0.766113 0.034912 0.5804 0.3725 0.2863
v -0.438232 0.792969 0.034912 0.6980 0.0392 0.0745
v 0.438232 0.792969 0.034912 0.6393 0.4706 0.2118
v -0.444092 0.800293 0.034912 0.7451 0.0471 0.0784
v 0.444092 0.800293 0.034912 0.7804 0.6039 0.2706
v -0.026611 0.831543 0.034912 0.6745 0.4314 0.3490
v 0.026123 0.831543 0.034912 0.6863 0.4510 0.3568
v 0.044678 0.854492 0.034912 0.4275 0.2823 0.2039
v 0.045654 0.855957 0.034912 0.4235 0.2784 0.2039
v -0.044189 0.889160 0.034912 0.2588 0.1490 0.1020
v 0.046143 0.895508 0.034912 0.2627 0.1725 0.1176
v 0.053955 0.908203 0.034912 0.3490 0.2353 0.1608
v -0.014893 0.932129 0.034912 0.3568 0.2314 0.1686
v -0.008057 0.932617 0.034912 0.3255 0.2039 0.1412
v -0.127197 0.412109 0.034912 0.6706 0.5647 0.3255
v 0.127197 0.412109 0.034912 0.8117 0.6589 0.3921
v -0.028076 0.408203 0.034912 0.1137 0.1608 0.2706
v 0.028076 0.408203 0.034912 0.1373 0.1686 0.2823
v -0.056396 0.309570 0.034912 0.6000 0.3647 0.2745
v 0.056396 0.309570 0.034912 0.6079 0.4000 0.3137
v -0.121338 0.023438 0.034912 0.7333 0.5725 0.2941
v 0.121338 0.023438 0.034912 0.7529 0.5569 0.2823
v -0.078369 0.661133 0.035400 0.6315 0.4039 0.3098
v 0.078369 0.661133 0.035400 0.6550 0.4314 0.3333
v -0.077393 0.699219 0.035400 0.5764 0.3608 0.2745
v -0.011963 0.799805 0.035400 0.4667 0.2784 0.2157
v 0.011963 0.799805 0.035400 0.4550 0.2784 0.2078
v -0.012939 0.813477 0.035400 0.3490 0.1373 0.0902
v 0.012939 0.813477 0.035400 0.3686 0.1333 0.0941
v -0.047119 0.843262 0.035400 0.2627 0.1765 0.1216
v -0.043213 0.856445 0.035400 0.3137 0.1843 0.1216
v -0.031006 0.856934 0.035400 0.4667 0.2745 0.2000
v -0.045654 0.856934 0.035400 0.2941 0.1804 0.1176
v 0.031006 0.856934 0.035400 0.4000 0.2549 0.1961
v -0.054932 0.862793 0.035400 0.3568 0.2314 0.1530
v 0.039795 0.889160 0.035400 0.1647 0.0980 0.0588
v 0.049072 0.892090 0.035400 0.3961 0.2510 0.1843
v 0.039795 0.897461 0.035400 0.2196 0.1412 0.0824
v 0.055420 0.898926 0.035400 0.3451 0.2275 0.1569
v 0.006592 0.915527 0.035400 0.2471 0.1530 0.0941
v 0.016357 0.920898 0.035400 0.3294 0.2196 0.1569
v -0.039307 0.922852 0.035400 0.3019 0.1725 0.1216
v 0.005127 0.926270 0.035400 0.2902 0.1882 0.1216
v -0.019775 0.927246 0.035400 0.3333 0.2157 0.1569
v -0.002686 0.935059 0.035400 0.3882 0.2471 0.1647
v -0.117432 0.337402 0.035400 0.6315 0.4196 0.3255
v 0.117432 0.337402 0.035400 0.6236 0.3843 0.2863
v -0.096436 0.521484 0.035889 0.0980 0.1216 0.2275
v 0.096436 0.521484 0.035889 0.7529 0.5569 0.2471
v -0.077393 0.652832 0.035889 0.6667 0.4314 0.3372
v 0.077393 0.652832 0.035889 0.6667 0.4432 0.3568
v 0.077393 0.699219 0.035889 0.5686 0.3647 0.2784
v -0.449951 0.742188 0.035889 0.5608 0.0275 0.0588
v 0.450440 0.742188 0.035889 0.4471 0.2980 0.1490
v -0.416260 0.747559 0.035889 0.6706 0.0314 0.0549
v 0.416260 0.747559 0.035889 0.6197 0.4628 0.2118
v -0.031494 0.780273 0.035889 0.6706 0.4392 0.3451
v 0.031494 0.780273 0.035889 0.6824 0.4550 0.3608
v -0.441162 0.795410 0.035889 0.7020 0.0353 0.0706
v 0.441162 0.795410 0.035889 0.6197 0.4314 0.1608
v -0.004639 0.796387 0.035889 0.4589 0.2823 0.2078
v 0.004639 0.796387 0.035889 0.4550 0.2745 0.2039
v -0.007568 0.826660 0.035889 0.3725 0.1530 0.1294
v 0.007568 0.826660 0.035889 0.3725 0.1451 0.1137
v -0.029053 0.852051 0.035889 0.5882 0.3647 0.2823
v 0.029053 0.852051 0.035889 0.6393 0.4039 0.3216
v -0.029541 0.863770 0.035889 0.6157 0.4039 0.3019
v 0.029541 0.863770 0.035889 0.5961 0.3882 0.3019
v 0.043213 0.868164 0.035889 0.3725 0.2471 0.1647
v 0.038330 0.870605 0.035889 0.2432 0.1412 0.0902
v 0.043701 0.872070 0.035889 0.3176 0.1961 0.1294
v 0.046631 0.878418 0.035889 0.4314 0.2863 0.2039
v -0.022217 0.895508 0.035889 0.6432 0.4353 0.3451
v 0.048584 0.905273 0.035889 0.2392 0.1373 0.0863
v 0.003662 0.908203 0.035889 0.2549 0.1608 0.1059
v 0.018311 0.926270 0.035889 0.3098 0.1961 0.1255
v -0.037842 0.926758 0.035889 0.4432 0.3019 0.2118
v -0.115967 0.282227 0.035889 0.6432 0.3882 0.2902
v 0.115967 0.282227 0.035889 0.6079 0.3804 0.2902
v -0.098389 0.506836 0.036377 0.1294 0.1608 0.2784
v 0.098389 0.506836 0.036377 0.8078 0.6510 0.3059
v -0.101318 0.507324 0.036377 0.1373 0.1530 0.2353
v 0.101318 0.507324 0.036377 0.8235 0.6589 0.3059
v -0.072998 0.595215 0.036377 0.7098 0.5216 0.2471
v 0.072998 0.595215 0.036377 0.7176 0.5333 0.2549
v -0.421143 0.739258 0.036377 0.6628 0.0314 0.0588
v 0.421143 0.739258 0.036377 0.6589 0.4863 0.2000
v -0.101807 0.764648 0.036377 0.6941 0.4589 0.3647
v 0.101807 0.764648 0.036377 0.6902 0.4550 0.3529
v -0.452881 0.799316 0.036377 0.7216 0.0431 0.0667
v 0.452881 0.799316 0.036377 0.7921 0.6157 0.2823
v -0.029053 0.854492 0.036377 0.5451 0.3412 0.2706
v 0.029053 0.854492 0.036377 0.6000 0.3843 0.3059
v 0.038330 0.858887 0.036377 0.2706 0.1686 0.1098
v 0.039795 0.860352 0.036377 0.2196 0.1451 0.0902
v -0.058350 0.868652 0.036377 0.3529 0.2235 0.1530
v 0.031982 0.874023 0.036377 0.2118 0.1137 0.0627
v -0.059814 0.878906 0.036377 0.3255 0.2118 0.1490
v -0.043213 0.879395 0.036377 0.2902 0.1804 0.1176
v -0.047607 0.880859 0.036377 0.3961 0.2627 0.1882
v 0.041260 0.883789 0.036377 0.1530 0.0941 0.0549
v 0.038818 0.884277 0.036377 0.1922 0.1059 0.0667
v 0.039795 0.885254 0.036377 0.3333 0.2078 0.1490
v 0.022705 0.894531 0.036377 0.6432 0.4471 0.3490
v 0.043701 0.900391 0.036377 0.2392 0.1412 0.0863
v 0.038818 0.910156 0.036377 0.2275 0.1294 0.0902
v 0.022217 0.917969 0.036377 0.2078 0.1255 0.0745
v 0.031982 0.922363 0.036377 0.2980 0.1686 0.1137
v -0.008057 0.925293 0.036377 0.4275 0.2784 0.2000
v -0.018799 0.929688 0.036377 0.3216 0.2157 0.1530
v 0.021729 0.932617 0.036377 0.3255 0.2000 0.1333
v -0.036865 0.394043 0.036377 0.6157 0.3961 0.3059
v 0.036865 0.394043 0.036377 0.6236 0.4000 0.3176
v -0.101318 0.495117 0.036865 0.1098 0.1490 0.2588
v 0.101318 0.495117 0.036865 0.7529 0.5686 0.2588
v -0.104248 0.496582 0.036865 0.0980 0.1294 0.2235
v 0.104248 0.496582 0.036865 0.7412 0.5608 0.2432
v -0.062744 0.775391 0.036865 0.6824 0.4471 0.3529
v 0.062744 0.775391 0.036865 0.7059 0.4706 0.3686
v -0.000244 0.795898 0.036865 0.4628 0.2941 0.2196
v -0.018311 0.807617 0.036865 0.6079 0.3804 0.2941
v 0.018311 0.807617 0.036865 0.6039 0.3765 0.3255
v -0.007568 0.818359 0.036865 0.4000 0.1961 0.1530
v 0.007568 0.818359 0.036865 0.3804 0.1765 0.1294
v -0.027588 0.836426 0.036865 0.6276 0.3843 0.3019
v 0.027588 0.836426 0.036865 0.6236 0.3882 0.2941
v -0.028564 0.847656 0.036865 0.6745 0.4275 0.3451
v 0.028564 0.847656 0.036865 0.7098 0.4628 0.3647
v -0.056885 0.864746 0.036865 0.3725 0.2353 0.1647
v -0.037354 0.866699 0.036865 0.2392 0.1373 0.0863
v 0.036377 0.867188 0.036865 0.2627 0.1569 0.1059
v -0.045166 0.867676 0.036865 0.2588 0.1569 0.0980
v -0.031494 0.872070 0.036865 0.2471 0.1412 0.0941
v -0.037842 0.875488 0.036865 0.2510 0.1530 0.1059
v -0.031982 0.920410 0.036865 0.2667 0.1804 0.1216
v -0.039307 0.925293 0.036865 0.3529 0.2314 0.1569
v 0.027100 0.932617 0.036865 0.2157 0.1098 0.0549
v -0.032471 0.412598 0.036865 0.5843 0.3921 0.3098
v 0.032471 0.412598 0.036865 0.5804 0.3921 0.3098
v -0.136475 0.376465 0.036865 0.7960 0.6589 0.3725
v 0.136475 0.376465 0.036865 0.3372 0.1530 0.0745
v -0.398682 0.773438 0.037353 0.7020 0.0314 0.0510
v 0.398682 0.773438 0.037354 0.6863 0.4980 0.2392
v -0.442627 0.787109 0.037353 0.5961 0.0314 0.0510
v 0.442627 0.787109 0.037354 0.4863 0.3255 0.1373
v -0.409424 0.793945 0.037353 0.7137 0.0314 0.0510
v 0.409424 0.793945 0.037354 0.7372 0.5451 0.2353
v -0.020752 0.813477 0.037354 0.6157 0.3921 0.3059
v 0.020752 0.813477 0.037354 0.6510 0.4275 0.3490
v -0.012451 0.818359 0.037354 0.3568 0.1451 0.1059
v 0.012451 0.818359 0.037354 0.3451 0.1333 0.0941
v -0.027588 0.852539 0.037354 0.5294 0.3137 0.2432
v 0.027588 0.852539 0.037354 0.6432 0.4039 0.3255
v 0.034424 0.855469 0.037354 0.2667 0.1725 0.1137
v 0.041748 0.863770 0.037354 0.2902 0.1804 0.1137
v 0.045654 0.875000 0.037354 0.4039 0.2588 0.1961
v -0.053955 0.875977 0.037354 0.3568 0.2275 0.1647
v -0.027100 0.882324 0.037354 0.5216 0.3333 0.2549
v 0.027100 0.882324 0.037354 0.5412 0.3412 0.2588
v 0.039795 0.892578 0.037354 0.1804 0.1059 0.0588
v -0.011963 0.900391 0.037354 0.6510 0.4510 0.3568
v -0.033936 0.915527 0.037354 0.2549 0.1530 0.0980
v -0.112061 0.314941 0.037354 0.6510 0.4314 0.3333
v 0.112061 0.314941 0.037354 0.6354 0.4196 0.3255
v -0.441162 0.735352 0.037842 0.6000 0.0196 0.0353
v 0.441162 0.735352 0.037842 0.6432 0.4510 0.2275
v -0.453857 0.738281 0.037842 0.6236 0.0431 0.0627
v 0.453857 0.738281 0.037842 0.5725 0.3921 0.1647
v -0.481201 0.757324 0.037842 0.7137 0.0392 0.0627
v 0.481201 0.757324 0.037842 0.7294 0.5451 0.2392
v -0.402588 0.762207 0.037842 0.6589 0.0235 0.0353
v 0.402588 0.762207 0.037842 0.5451 0.3686 0.1490
v -0.461670 0.794922 0.037842 0.7608 0.0353 0.0745
v 0.461670 0.794922 0.037842 0.7764 0.5921 0.2627
v -0.008545 0.821289 0.037842 0.5530 0.3647 0.3019
v 0.008545 0.821289 0.037842 0.5569 0.3725 0.3019
v -0.009033 0.821777 0.037842 0.5569 0.3725 0.3098
v 0.009033 0.821777 0.037842 0.5490 0.3725 0.2980
v -0.009033 0.822754 0.037842 0.5294 0.3451 0.2863
v 0.009033 0.822754 0.037842 0.4980 0.2902 0.2353
v -0.027588 0.853516 0.037842 0.5098 0.3059 0.2353
v 0.027588 0.853516 0.037842 0.6079 0.3843 0.3059
v -0.030029 0.859863 0.037842 0.5647 0.3568 0.2667
v 0.030029 0.859863 0.037842 0.5490 0.3568 0.2706
v -0.045654 0.861328 0.037842 0.2823 0.1765 0.1098
v 0.031494 0.863770 0.037842 0.2667 0.1569 0.0941
v 0.043701 0.866211 0.037842 0.4157 0.2706 0.1804
v -0.034912 0.873047 0.037842 0.2588 0.1530 0.1098
v 0.036865 0.876953 0.037842 0.1843 0.1020 0.0588
v 0.042236 0.886719 0.037842 0.2235 0.1294 0.0824
v 0.025146 0.889648 0.037842 0.6039 0.4078 0.3176
v 0.011963 0.899902 0.037842 0.6589 0.4510 0.3529
v 0.054443 0.902344 0.037842 0.3686 0.2275 0.1530
v -0.042725 0.909668 0.037842 0.5137 0.3451 0.2667
v 0.004150 0.917969 0.037842 0.2902 0.1882 0.1255
v -0.031982 0.924805 0.037842 0.3019 0.2000 0.1333
v -0.066650 0.626953 0.038330 0.6315 0.4118 0.3137
v 0.066650 0.626953 0.038330 0.6510 0.4314 0.3412
v -0.103760 0.743164 0.038330 0.6079 0.3882 0.2941
v 0.103760 0.743652 0.038330 0.6000 0.3804 0.3019
v -0.472412 0.744141 0.038330 0.6863 0.0392 0.0627
v 0.472412 0.744141 0.038330 0.7098 0.5255 0.2471
v 0.455322 0.749512 0.038330 0.4745 0.3255 0.1530
v -0.479736 0.768066 0.038330 0.7059 0.0314 0.0510
v 0.479736 0.768066 0.038330 0.7490 0.5569 0.2471
v -0.469482 0.788086 0.038330 0.7372 0.0431 0.0667
v 0.469482 0.788086 0.038330 0.7608 0.5725 0.2588
v -0.427490 0.797852 0.038330 0.7216 0.0392 0.0745
v 0.427490 0.797852 0.038330 0.7372 0.5490 0.2235
v -0.021729 0.818848 0.038330 0.6824 0.4471 0.3529
v 0.021729 0.818848 0.038330 0.6745 0.4471 0.3529
v -0.009521 0.821777 0.038330 0.5451 0.3608 0.2941
v -0.011963 0.821777 0.038330 0.6118 0.4353 0.3725
v 0.009521 0.821777 0.038330 0.5412 0.3529 0.2863
v 0.011963 0.821777 0.038330 0.6118 0.4314 0.3647
v -0.014893 0.841797 0.038330 0.6000 0.4157 0.3451
v 0.014893 0.841797 0.038330 0.6393 0.4667 0.3882
v -0.011475 0.842285 0.038330 0.5569 0.3647 0.2980
v -0.018311 0.842285 0.038330 0.6785 0.5059 0.4353
v 0.011475 0.842285 0.038330 0.5686 0.3804 0.3176
v 0.018311 0.842285 0.038330 0.7098 0.5294 0.4510
v -0.008057 0.844238 0.038330 0.6432 0.4628 0.3921
v -0.021729 0.844238 0.038330 0.7568 0.6039 0.5216
v 0.008057 0.844238 0.038330 0.6510 0.4628 0.4000
v 0.021729 0.844238 0.038330 0.7529 0.5804 0.5059
v -0.006104 0.847656 0.038330 0.6628 0.4941 0.4196
v -0.023682 0.847656 0.038330 0.7059 0.5373 0.4980
v 0.006104 0.847656 0.038330 0.6745 0.5059 0.4392
v 0.023682 0.847656 0.038330 0.6980 0.5333 0.4589
v -0.027588 0.849609 0.038330 0.6550 0.4196 0.3451
v 0.027588 0.849609 0.038330 0.6941 0.4432 0.3490
v -0.005615 0.851074 0.038330 0.5921 0.4235 0.3568
v -0.024170 0.851074 0.038330 0.6315 0.4432 0.3804
v 0.005615 0.851074 0.038330 0.5921 0.4432 0.3686
v 0.024170 0.851074 0.038330 0.6039 0.4118 0.3333
v -0.006104 0.854492 0.038330 0.4628 0.3176 0.2627
v -0.023682 0.854492 0.038330 0.4784 0.3176 0.2627
v 0.006104 0.854492 0.038330 0.4823 0.3294 0.2823
v 0.023682 0.854492 0.038330 0.4118 0.2667 0.2078
v -0.008057 0.857422 0.038330 0.3137 0.1765 0.1333
v -0.021240 0.857422 0.038330 0.2784 0.1686 0.1294
v 0.008057 0.857422 0.038330 0.4078 0.2706 0.2118
v 0.021729 0.857422 0.038330 0.2549 0.1451 0.1020
v -0.011475 0.859375 0.038330 0.2471 0.1216 0.0902
v -0.018311 0.859375 0.038330 0.2157 0.1255 0.0941
v 0.011475 0.859375 0.038330 0.2471 0.1294 0.0941
v 0.018311 0.859375 0.038330 0.2275 0.1137 0.0784
v -0.014893 0.860352 0.038330 0.2039 0.0980 0.0627
v 0.014893 0.860352 0.038330 0.2039 0.0941 0.0667
v -0.042236 0.860840 0.038330 0.2823 0.1725 0.1137
v 0.041748 0.860840 0.038330 0.2353 0.1373 0.0863
v 0.040283 0.871094 0.038330 0.3294 0.2196 0.1490
v -0.040771 0.875000 0.038330 0.2549 0.1412 0.0941
v 0.034424 0.875000 0.038330 0.1843 0.1059 0.0667
v -0.043701 0.885742 0.038330 0.4118 0.2784 0.2000
v -0.025635 0.888672 0.038330 0.6079 0.4039 0.3059
v 0.052002 0.904785 0.038330 0.3568 0.2235 0.1569
v 0.002197 0.905762 0.038330 0.2510 0.1569 0.1059
v -0.025635 0.916016 0.038330 0.2392 0.1373 0.0902
v -0.023682 0.924316 0.038330 0.2706 0.1333 0.0706
v -0.106201 0.487793 0.038818 0.1530 0.1686 0.2432
v 0.106201 0.487793 0.038818 0.7529 0.5490 0.2510
v -0.108643 0.488770 0.038818 0.4823 0.4118 0.2941
v 0.108643 0.488770 0.038818 0.8196 0.6510 0.3333
v -0.075928 0.645020 0.038818 0.6785 0.4510 0.3568
v 0.075928 0.645020 0.038818 0.6510 0.4314 0.3294
v -0.462647 0.740234 0.038818 0.6471 0.0275 0.0549
v 0.462647 0.740234 0.038818 0.7137 0.5255 0.2353
v -0.454834 0.749512 0.038818 0.6393 0.0314 0.0471
v -0.017334 0.773438 0.038818 0.6589 0.4314 0.3372
v 0.017334 0.773438 0.038818 0.6550 0.4196 0.3255
v -0.475830 0.778809 0.038818 0.7216 0.0353 0.0588
v 0.475830 0.778809 0.038818 0.7568 0.5686 0.2432
v -0.010498 0.797852 0.038818 0.4550 0.2823 0.2157
v 0.010498 0.797852 0.038818 0.4628 0.2823 0.2157
v -0.012451 0.821777 0.038818 0.6118 0.4275 0.3568
v 0.012451 0.821777 0.038818 0.6039 0.4275 0.3686
v -0.012939 0.826660 0.038818 0.4157 0.2078 0.1765
v -0.027588 0.840332 0.038818 0.6706 0.4157 0.3294
v 0.027588 0.840332 0.038818 0.6432 0.4000 0.3098
v -0.026611 0.853027 0.038818 0.5098 0.2980 0.2353
v 0.026611 0.853027 0.038818 0.6315 0.4000 0.3216
v -0.027100 0.876465 0.038818 0.5098 0.3294 0.2549
v -0.027588 0.876465 0.038818 0.5216 0.3333 0.2549
v 0.027588 0.876465 0.038818 0.4667 0.2863 0.2118
v 0.039795 0.916016 0.038818 0.2863 0.1647 0.0941
v 0.009521 0.916992 0.038818 0.1569 0.0824 0.0471
v -0.025635 0.918457 0.038818 0.2667 0.1647 0.1137
v 0.028564 0.924805 0.038818 0.2392 0.1451 0.1020
v 0.007080 0.457520 0.038818 0.0471 0.0745 0.1569
v -0.027588 0.387207 0.038818 0.0902 0.1333 0.2353
v 0.027588 0.387207 0.038818 0.0941 0.1333 0.2314
v -0.104248 0.336914 0.038818 0.6000 0.3882 0.2941
v 0.104248 0.336914 0.038818 0.5961 0.3725 0.2823
v -0.092529 0.277344 0.038818 0.5804 0.3647 0.2784
v 0.092529 0.277344 0.038818 0.6432 0.4157 0.3294
v -0.095947 0.722168 0.039307 0.6315 0.3921 0.3098
v 0.095947 0.722168 0.039307 0.6157 0.3961 0.3059
v -0.428955 0.734375 0.039307 0.6510 0.0275 0.0471
v 0.428955 0.734375 0.039307 0.5921 0.3961 0.1490
v -0.095459 0.761230 0.039307 0.6980 0.4628 0.3686
v 0.095459 0.761230 0.039307 0.6980 0.4550 0.3568
v -0.447022 0.792480 0.039307 0.6980 0.0431 0.0824
v 0.447022 0.792480 0.039307 0.6863 0.5019 0.2000
v -0.435791 0.793457 0.039307 0.7333 0.0471 0.0863
v 0.435791 0.793457 0.039307 0.6628 0.4784 0.2078
v -0.007080 0.817383 0.039307 0.4392 0.2353 0.1765
v 0.007080 0.817383 0.039307 0.4275 0.2314 0.1765
v -0.007080 0.819336 0.039307 0.5608 0.3725 0.3098
v 0.007080 0.819336 0.039307 0.5804 0.3921 0.3255
v -0.012451 0.823730 0.039307 0.4706 0.2745 0.2314
v -0.022217 0.823730 0.039307 0.6706 0.4275 0.3372
v 0.012451 0.823730 0.039307 0.4432 0.2667 0.2078
v 0.022217 0.823730 0.039307 0.6941 0.4667 0.3725
v 0.012939 0.826660 0.039307 0.4902 0.2941 0.2471
v -0.026123 0.851074 0.039307 0.5490 0.3372 0.2627
v 0.026123 0.851074 0.039307 0.6785 0.4275 0.3333
v 0.036377 0.854492 0.039307 0.2902 0.1843 0.1216
v 0.038330 0.855957 0.039307 0.3255 0.2118 0.1373
v -0.029541 0.856934 0.039307 0.3921 0.2235 0.1530
v 0.029541 0.856934 0.039307 0.3216 0.1725 0.1059
v 0.033447 0.872559 0.039307 0.2510 0.1608 0.1098
v 0.026611 0.876953 0.039307 0.4392 0.2745 0.2000
v -0.044678 0.886719 0.039307 0.4550 0.3137 0.2314
v 0.040771 0.893555 0.039307 0.2353 0.1412 0.0863
v -0.038330 0.894043 0.039307 0.2432 0.1451 0.0941
v -0.000244 0.901367 0.039307 0.6550 0.4471 0.3490
v 0.015869 0.923340 0.039307 0.3216 0.2000 0.1294
v -0.006104 0.926758 0.039307 0.3216 0.1961 0.1294
v -0.121338 0.353027 0.039307 0.6628 0.4432 0.3372
v 0.121338 0.353027 0.039307 0.6393 0.4039 0.2980
v -0.100830 0.514160 0.039795 0.2314 0.2118 0.2235
v 0.100830 0.514160 0.039795 0.7921 0.6315 0.2784
v -0.073975 0.668457 0.039795 0.6236 0.3882 0.2980
v 0.073975 0.668457 0.039795 0.6276 0.4078 0.3216
v -0.079346 0.768066 0.039795 0.6980 0.4589 0.3647
v 0.079346 0.768066 0.039795 0.6863 0.4432 0.3451
v -0.447022 0.780762 0.039795 0.6902 0.0353 0.0627
v 0.447022 0.780762 0.039795 0.4589 0.3216 0.1569
v -0.402100 0.783691 0.039795 0.7176 0.0353 0.0549
v 0.402100 0.783691 0.039795 0.7333 0.5490 0.2549
v -0.013916 0.800293 0.039795 0.5608 0.3412 0.2549
v 0.013916 0.800293 0.039795 0.5059 0.3098 0.2549
v -0.000244 0.821289 0.039795 0.5333 0.3255 0.2627
v -0.000732 0.821777 0.039795 0.5333 0.3255 0.2627
v 0.000732 0.821777 0.039795 0.5294 0.3255 0.2667
v -0.002686 0.822266 0.039795 0.5216 0.3098 0.2510
v 0.002686 0.822266 0.039795 0.5216 0.3216 0.2510
v -0.025635 0.853027 0.039795 0.5059 0.2863 0.2196
v 0.025635 0.853027 0.039795 0.6157 0.3921 0.3059
v -0.028564 0.855469 0.039795 0.5647 0.3608 0.2902
v 0.028564 0.855469 0.039795 0.4823 0.2980 0.2353
v 0.036377 0.864258 0.039795 0.1725 0.0941 0.0549
v -0.027588 0.870117 0.039795 0.6157 0.3921 0.3137
v 0.027588 0.870117 0.039795 0.5490 0.3490 0.2667
v 0.042725 0.880859 0.039795 0.4118 0.2588 0.2000
v 0.045166 0.902832 0.039795 0.2432 0.1412 0.0863
v 0.002686 0.910156 0.039795 0.2471 0.1569 0.0980
v 0.003662 0.910645 0.039795 0.2863 0.1725 0.1255
v -0.000732 0.928223 0.039795 0.2745 0.1647 0.1098
v 0.009033 0.447754 0.039795 0.0588 0.0863 0.1686
v -0.021240 0.406250 0.039795 0.0588 0.0824 0.1647
v 0.021240 0.406250 0.039795 0.0784 0.1059 0.1804
v -0.109619 0.338379 0.039795 0.6157 0.3961 0.3059
v 0.109619 0.338379 0.039795 0.6276 0.4000 0.3059
v -0.162354 0.050293 0.039795 0.2235 0.1569 0.1294
v 0.162354 0.050293 0.039795 0.7843 0.6039 0.3372
v -0.073486 0.664551 0.040283 0.5764 0.3568 0.2627
v 0.073486 0.664551 0.040283 0.6118 0.3921 0.3019
v -0.074463 0.686523 0.040283 0.6276 0.4000 0.3019
v 0.074463 0.686523 0.040283 0.6157 0.4000 0.3059
v -0.456299 0.756836 0.040283 0.6628 0.0314 0.0510
v 0.456299 0.756836 0.040283 0.5019 0.3294 0.1569
v -0.000244 0.761230 0.040283 0.6236 0.4039 0.3137
v -0.005615 0.765137 0.040283 0.6079 0.3882 0.2902
v 0.005615 0.765137 0.040283 0.6510 0.4235 0.3294
v -0.005127 0.816895 0.040283 0.4902 0.2902 0.2275
v 0.005127 0.816895 0.040283 0.4941 0.3098 0.2432
v -0.005615 0.821289 0.040283 0.5530 0.3451 0.2706
v 0.005615 0.821289 0.040283 0.5490 0.3647 0.2902
v -0.023193 0.828613 0.040283 0.6706 0.4275 0.3372
v 0.023193 0.828613 0.040283 0.6902 0.4550 0.3608
v -0.027588 0.843262 0.040283 0.6941 0.4432 0.3529
v 0.027588 0.843262 0.040283 0.6785 0.4235 0.3372
v -0.025146 0.852051 0.040283 0.4628 0.2588 0.2039
v 0.025146 0.852051 0.040283 0.6550 0.4196 0.3333
v -0.027100 0.854004 0.040283 0.5725 0.3451 0.2706
v 0.027100 0.854004 0.040283 0.5764 0.3490 0.2784
v 0.040771 0.856934 0.040283 0.4314 0.2745 0.2078
v 0.042236 0.858887 0.040283 0.3921 0.2432 0.1686
v -0.057373 0.878906 0.040283 0.3137 0.2000 0.1294
v 0.051025 0.894531 0.040283 0.2784 0.1647 0.1137
v -0.040283 0.895508 0.040283 0.1843 0.0902 0.0627
v 0.012451 0.917480 0.040283 0.4235 0.2823 0.2078
v -0.035400 0.921387 0.040283 0.2823 0.1647 0.1020
v -0.010986 0.925293 0.040283 0.4039 0.2627 0.1725
v -0.033936 0.925781 0.040283 0.4118 0.2706 0.1922
v -0.113525 0.471191 0.040283 0.1020 0.1020 0.1725
v 0.113525 0.471191 0.040283 0.8235 0.6628 0.3333
v -0.009521 0.447266 0.040283 0.0196 0.0431 0.1059
v -0.112061 0.429199 0.040283 0.6197 0.4353 0.3137
v 0.112061 0.429199 0.040283 0.4902 0.3765 0.2784
v -0.014404 0.427734 0.040283 0.0392 0.0588 0.1333
v 0.014404 0.427734 0.040283 0.0902 0.1176 0.2157
v -0.029541 0.369629 0.040283 0.0745 0.1137 0.2157
v 0.029541 0.369629 0.040283 0.0824 0.1216 0.2235
v -0.032471 0.355957 0.040283 0.0510 0.1059 0.2157
v 0.032471 0.355957 0.040283 0.0471 0.1020 0.2078
v -0.050537 0.323242 0.040283 0.6039 0.3686 0.2667
v 0.050537 0.323242 0.040283 0.6079 0.4078 0.3176
v -0.114990 0.294434 0.040283 0.6236 0.3686 0.2745
v 0.114990 0.294434 0.040283 0.6157 0.3882 0.3059
v -0.123779 0.001465 0.040283 0.6471 0.4863 0.2275
v 0.123779 0.001465 0.040283 0.2980 0.2314 0.1725
v 0.072021 0.599121 0.040771 0.5764 0.4039 0.2510
v -0.072021 0.599609 0.040771 0.5255 0.3451 0.2157
v -0.072510 0.658203 0.040771 0.6236 0.3961 0.2980
v 0.072510 0.658203 0.040771 0.6393 0.4275 0.3333
v -0.101318 0.750488 0.040771 0.6706 0.4432 0.3333
v 0.101318 0.750488 0.040772 0.7059 0.4706 0.3686
v -0.012451 0.812012 0.040771 0.3843 0.1608 0.1059
v 0.012451 0.812012 0.040771 0.4235 0.1882 0.1373
v -0.002197 0.816895 0.040771 0.5098 0.3098 0.2471
v 0.002197 0.816895 0.040771 0.4902 0.2863 0.2314
v -0.014893 0.841797 0.040771 0.6706 0.5098 0.4314
v 0.014893 0.841797 0.040771 0.7059 0.5451 0.4745
v -0.011475 0.842773 0.040771 0.6236 0.4471 0.3804
v -0.018311 0.842773 0.040771 0.7255 0.5764 0.4941
v 0.011475 0.842773 0.040771 0.6393 0.4706 0.3961
v 0.018311 0.842773 0.040771 0.7451 0.5608 0.4863
v -0.008545 0.844727 0.040771 0.6589 0.4902 0.4157
v -0.021240 0.844727 0.040771 0.7412 0.5804 0.5137
v 0.008545 0.844727 0.040771 0.6745 0.4980 0.4275
v 0.021240 0.844727 0.040771 0.7490 0.5569 0.4863
v -0.006592 0.847656 0.040771 0.6745 0.5059 0.4392
v -0.023193 0.847656 0.040771 0.6902 0.5255 0.4706
v 0.006592 0.847656 0.040771 0.6706 0.5098 0.4432
v 0.023193 0.847656 0.040771 0.7255 0.5373 0.4667
v -0.015381 0.850098 0.040771 0.4275 0.2667 0.2157
v 0.015381 0.850098 0.040771 0.4902 0.3137 0.2549
v -0.005615 0.851074 0.040771 0.6039 0.4432 0.3686
v -0.023682 0.851074 0.040771 0.5451 0.3843 0.3255
v 0.005615 0.851074 0.040771 0.6118 0.4432 0.3765
v 0.023682 0.851074 0.040771 0.5961 0.3961 0.3216
v -0.024658 0.852051 0.040771 0.4392 0.2510 0.1961
v 0.024658 0.852051 0.040771 0.6354 0.4078 0.3216
v -0.006592 0.854492 0.040771 0.4667 0.3137 0.2549
v -0.023193 0.854492 0.040771 0.4784 0.3216 0.2627
v 0.006592 0.854492 0.040771 0.4550 0.3098 0.2471
v 0.023193 0.854492 0.040771 0.4863 0.3176 0.2549
v -0.008545 0.857422 0.040771 0.4039 0.2471 0.2000
v -0.021240 0.857422 0.040771 0.3765 0.2353 0.1843
v 0.008545 0.857422 0.040771 0.4353 0.2823 0.2275
v 0.021240 0.857422 0.040771 0.4039 0.2549 0.1961
v -0.011475 0.859375 0.040771 0.3019 0.1490 0.1216
v -0.018311 0.859375 0.040771 0.2588 0.1373 0.0980
v -0.030029 0.859375 0.040771 0.3294 0.2118 0.1530
v 0.011475 0.859375 0.040771 0.3059 0.1686 0.1255
v 0.018311 0.859375 0.040771 0.2745 0.1490 0.1098
v 0.030029 0.859375 0.040771 0.3059 0.1843 0.1333
v -0.014893 0.859863 0.040771 0.2588 0.1373 0.0980
v 0.014893 0.859863 0.040771 0.2432 0.1333 0.0902
v -0.031006 0.860840 0.040771 0.4667 0.3098 0.2432
v 0.031006 0.860840 0.040771 0.2980 0.1765 0.1255
v -0.049072 0.865723 0.040771 0.3294 0.2039 0.1294
v 0.037842 0.866211 0.040771 0.3372 0.2157 0.1412
v 0.040283 0.869141 0.040771 0.4589 0.2902 0.2196
v -0.035400 0.871582 0.040771 0.2471 0.1530 0.1020
v 0.037842 0.874512 0.040771 0.2353 0.1530 0.1020
v -0.057861 0.878418 0.040771 0.3255 0.2078 0.1451
v -0.057861 0.878906 0.040771 0.3333 0.2118 0.1451
v -0.057373 0.879395 0.040771 0.3176 0.2039 0.1451
v -0.057861 0.879395 0.040771 0.3216 0.2078 0.1490
v 0.043213 0.889160 0.040771 0.4314 0.2784 0.2000
v 0.033447 0.891113 0.040771 0.1725 0.1020 0.0667
v -0.039307 0.893555 0.040771 0.2667 0.1490 0.0863
v 0.039307 0.898926 0.040771 0.2392 0.1373 0.0863
v -0.027100 0.918945 0.040771 0.1725 0.1137 0.0863
v 0.035889 0.921387 0.040771 0.3804 0.2432 0.1608
v -0.014893 0.922852 0.040771 0.2823 0.1686 0.1176
v 0.021240 0.928711 0.040771 0.4000 0.2510 0.1725
v 0.003662 0.459473 0.040771 0.0275 0.0510 0.1294
v -0.006104 0.456055 0.040771 0.0275 0.0353 0.0941
v -0.125244 0.394531 0.040771 0.2667 0.2471 0.2863
v 0.125244 0.394531 0.040772 0.7176 0.5569 0.3686
v -0.024658 0.386719 0.040771 0.0784 0.1020 0.1882
v 0.024658 0.386719 0.040771 0.1059 0.1373 0.2275
v -0.173584 0.040039 0.040771 0.8039 0.6432 0.3568
v 0.173584 0.040039 0.040772 0.7451 0.5843 0.3490
v -0.454346 0.764648 0.041260 0.6824 0.0314 0.0588
v 0.454346 0.764648 0.041260 0.4432 0.2823 0.1294
v -0.048584 0.772461 0.041260 0.7020 0.4667 0.3608
v 0.048584 0.772461 0.041260 0.6824 0.4471 0.3490
v -0.450928 0.772949 0.041260 0.6980 0.0314 0.0706
v 0.450928 0.772949 0.041260 0.3882 0.2275 0.0980
v 0.449463 0.783691 0.041260 0.5961 0.4235 0.1843
v -0.449463 0.784180 0.041260 0.5333 0.0471 0.0706
v -0.008057 0.796387 0.041260 0.4550 0.2784 0.2078
v 0.008057 0.796387 0.041260 0.4628 0.2784 0.2078
v -0.010498 0.811035 0.041260 0.3765 0.1530 0.1137
v 0.010498 0.811035 0.041260 0.3921 0.1569 0.1137
v -0.000244 0.816895 0.041260 0.5373 0.3412 0.2706
v -0.026123 0.845703 0.041260 0.7059 0.4471 0.3568
v 0.026123 0.845703 0.041260 0.7098 0.4550 0.3647
v -0.023682 0.851562 0.041260 0.4980 0.3294 0.2745
v 0.023682 0.851562 0.041260 0.6236 0.3961 0.3137
v -0.030029 0.857910 0.041260 0.2471 0.1373 0.0980
v 0.030029 0.857910 0.041260 0.2549 0.1530 0.1059
v -0.027588 0.864746 0.041260 0.6393 0.4118 0.3216
v 0.027588 0.864746 0.041260 0.5843 0.3686 0.2863
v -0.045166 0.865723 0.041260 0.3294 0.2078 0.1412
v -0.054443 0.872070 0.041260 0.3412 0.2157 0.1451
v 0.041260 0.877441 0.041260 0.3765 0.2353 0.1569
v -0.051025 0.880859 0.041260 0.3294 0.2157 0.1490
v -0.024658 0.883789 0.041260 0.4980 0.3255 0.2392
v 0.034912 0.887207 0.041260 0.1608 0.0863 0.0510
v 0.034424 0.890137 0.041260 0.1725 0.1020 0.0549
v -0.043213 0.902832 0.041260 0.4039 0.2549 0.1725
v 0.029541 0.906738 0.041260 0.1843 0.1098 0.0706
v -0.006104 0.918457 0.041260 0.4706 0.3098 0.2196
v -0.000244 0.459961 0.041260 0.0392 0.0510 0.1176
v -0.003662 0.458984 0.041260 0.0196 0.0275 0.0784
v -0.120850 0.008789 0.041260 0.7333 0.5530 0.2471
v 0.120850 0.008789 0.041260 0.6354 0.4823 0.2588
v -0.097412 0.513672 0.041748 0.1059 0.1294 0.2275
v 0.097412 0.513672 0.041748 0.7451 0.5843 0.2667
v -0.064697 0.613281 0.041748 0.6667 0.4314 0.3294
v 0.064697 0.613281 0.041748 0.6706 0.4432 0.3451
v -0.077393 0.677734 0.041748 0.6863 0.4550 0.3647
v 0.077393 0.677734 0.041748 0.6157 0.4039 0.3137
v -0.072510 0.690430 0.041748 0.6276 0.4078 0.3098
v 0.072510 0.690430 0.041748 0.6157 0.4039 0.3098
v -0.407959 0.756348 0.041748 0.6824 0.0196 0.0471
v 0.407959 0.756348 0.041748 0.6354 0.4471 0.1843
v -0.009521 0.811035 0.041748 0.3725 0.1530 0.1059
v 0.009521 0.811035 0.041748 0.3843 0.1530 0.1059
v -0.007568 0.820312 0.041748 0.5882 0.3961 0.3216
v 0.007568 0.820312 0.041748 0.5804 0.3921 0.3255
v -0.024170 0.833008 0.041748 0.6589 0.4039 0.3176
v 0.024170 0.833008 0.041748 0.6315 0.3882 0.3059
v -0.025146 0.847168 0.041748 0.6785 0.4314 0.3451
v 0.025146 0.847168 0.041748 0.7137 0.4471 0.3568
v -0.040771 0.865234 0.041748 0.2902 0.1804 0.1176
v 0.029541 0.869141 0.041748 0.2667 0.1647 0.1059
v 0.031006 0.877930 0.041748 0.2902 0.1843 0.1294
v -0.032471 0.878906 0.041748 0.2235 0.1294 0.0706
v 0.030029 0.902832 0.041748 0.2157 0.1294 0.0784
v 0.030029 0.904785 0.041748 0.2157 0.1333 0.0863
v 0.001221 0.906250 0.041748 0.2314 0.1412 0.0863
v -0.020264 0.915527 0.041748 0.2667 0.1569 0.1020
v -0.028076 0.917480 0.041748 0.1725 0.1020 0.0745
v -0.000732 0.919922 0.041748 0.2941 0.1804 0.1216
v -0.027100 0.923828 0.041748 0.2902 0.1882 0.1412
v -0.035889 0.924316 0.041748 0.3490 0.2314 0.1608
v -0.111084 0.470703 0.041748 0.1137 0.1373 0.2314
v 0.111084 0.470703 0.041748 0.7843 0.5921 0.2784
v -0.118897 0.452637 0.041748 0.1020 0.1137 0.2000
v 0.118896 0.452637 0.041748 0.8078 0.6667 0.3686
v -0.114502 0.305176 0.041748 0.6393 0.3882 0.2941
v 0.114502 0.305176 0.041748 0.6197 0.4000 0.3098
v -0.070557 0.300781 0.041748 0.5647 0.3568 0.2745
v 0.070557 0.300781 0.041748 0.5921 0.3804 0.2902
v -0.105225 0.279297 0.041748 0.6471 0.4078 0.3255
v 0.105225 0.279297 0.041748 0.6471 0.4078 0.3333
v -0.121826 0.010254 0.041748 0.4510 0.3608 0.2196
v 0.121826 0.010254 0.041748 0.1255 0.1216 0.1294
v -0.074951 0.566895 0.042236 0.7804 0.5804 0.2706
v 0.074951 0.566895 0.042236 0.7372 0.5569 0.2667
v -0.073975 0.583008 0.042236 0.6785 0.4863 0.2392
v 0.073975 0.583008 0.042236 0.6589 0.4667 0.2235
v 0.066162 0.588379 0.042236 0.6315 0.4510 0.2353
v -0.066162 0.588867 0.042236 0.6157 0.4275 0.2235
v -0.461182 0.749512 0.042236 0.5804 0.0235 0.0471
v 0.461182 0.749512 0.042236 0.7412 0.5530 0.2706
v -0.453857 0.788086 0.042236 0.7137 0.0392 0.0784
v 0.453857 0.788086 0.042236 0.8157 0.6315 0.3098
v -0.006104 0.816406 0.042236 0.5882 0.3921 0.3098
v 0.006104 0.816406 0.042236 0.6000 0.4235 0.3490
v -0.008057 0.820801 0.042236 0.5882 0.3961 0.3255
v -0.009033 0.820801 0.042236 0.6039 0.4118 0.3451
v 0.008057 0.820801 0.042236 0.5608 0.3725 0.3059
v -0.008545 0.821777 0.042236 0.5686 0.3608 0.3059
v -0.006592 0.825684 0.042236 0.3765 0.1608 0.1412
v 0.006592 0.825684 0.042236 0.3843 0.1569 0.1412
v -0.024658 0.848145 0.042236 0.6157 0.3921 0.3216
v 0.024658 0.848145 0.042236 0.7059 0.4510 0.3647
v 0.038330 0.864746 0.042236 0.1451 0.0745 0.0392
v 0.024170 0.883789 0.042236 0.4941 0.3216 0.2353
v 0.033936 0.891602 0.042236 0.1882 0.1020 0.0510
v -0.039307 0.892578 0.042236 0.4353 0.3019 0.2235
v 0.048096 0.901855 0.042236 0.3529 0.2157 0.1490
v 0.030518 0.906250 0.042236 0.1804 0.1098 0.0667
v -0.005127 0.918945 0.042236 0.4000 0.2667 0.1765
v 0.011963 0.920410 0.042236 0.3255 0.2157 0.1490
v 0.027100 0.928223 0.042236 0.2941 0.1843 0.1294
v -0.111084 0.429199 0.042236 0.6354 0.4510 0.3098
v 0.111084 0.429199 0.042236 0.4628 0.3568 0.2275
v -0.027100 0.369629 0.042236 0.0667 0.0980 0.1804
v 0.027100 0.369629 0.042236 0.0706 0.0941 0.1804
v 0.125244 0.038086 0.042236 0.7608 0.5490 0.2745
v -0.125244 0.037598 0.042236 0.7490 0.5725 0.2314
v -0.075928 0.571289 0.042725 0.7372 0.5451 0.2784
v 0.075928 0.571289 0.042725 0.7686 0.5961 0.3255
v -0.074463 0.593750 0.042725 0.6706 0.4784 0.2078
v 0.074463 0.593750 0.042725 0.7137 0.5255 0.2392
v -0.074463 0.597656 0.042725 0.7921 0.6276 0.3490
v 0.074463 0.597656 0.042725 0.8039 0.6432 0.3098
v -0.083740 0.702148 0.042725 0.5608 0.3568 0.2745
v 0.083740 0.702148 0.042725 0.5490 0.3490 0.2627
v -0.449951 0.741211 0.042725 0.6393 0.0157 0.0353
v 0.449951 0.741211 0.042725 0.6510 0.4863 0.2353
v -0.471436 0.753906 0.042725 0.6785 0.0235 0.0588
v 0.471436 0.753906 0.042725 0.6941 0.5098 0.2196
v -0.005615 0.795410 0.042725 0.4510 0.2823 0.2157
v 0.005615 0.795410 0.042725 0.4510 0.2745 0.2000
v -0.011963 0.798340 0.042725 0.5451 0.3294 0.2510
v 0.011963 0.798340 0.042725 0.5019 0.2980 0.2392
v -0.016357 0.808594 0.042725 0.6628 0.4196 0.3294
v 0.016357 0.808594 0.042725 0.6628 0.4392 0.3647
v -0.018311 0.812500 0.042725 0.6667 0.4275 0.3372
v 0.018311 0.812500 0.042725 0.6628 0.4392 0.3608
v -0.010498 0.816895 0.042725 0.4784 0.2549 0.2000
v 0.010498 0.816895 0.042725 0.4078 0.1804 0.1333
v -0.010986 0.819824 0.042725 0.3921 0.1686 0.1255
v 0.010986 0.819824 0.042725 0.3804 0.1686 0.1216
v 0.009033 0.820801 0.042725 0.6000 0.4118 0.3490
v 0.008545 0.821777 0.042725 0.4745 0.2667 0.2196
v -0.023682 0.849121 0.042725 0.5843 0.3961 0.3372
v 0.023682 0.849121 0.042725 0.6824 0.4392 0.3529
v -0.029541 0.860840 0.042725 0.4667 0.3059 0.2392
v 0.029541 0.860840 0.042725 0.3098 0.1961 0.1412
v -0.030029 0.862793 0.042725 0.5098 0.3255 0.2471
v 0.030029 0.862793 0.042725 0.3255 0.1961 0.1255
v -0.052002 0.867676 0.042725 0.3216 0.2000 0.1373
v -0.024658 0.878906 0.042725 0.4706 0.3098 0.2353
v 0.020752 0.891113 0.042725 0.6354 0.4353 0.3333
v -0.040771 0.893066 0.042725 0.3765 0.2510 0.1804
v 0.050537 0.898438 0.042725 0.3294 0.2039 0.1333
v -0.001221 0.911133 0.042725 0.3098 0.2000 0.1451
v -0.017822 0.920410 0.042725 0.2667 0.1530 0.0902
v -0.130127 0.395020 0.042725 0.8039 0.6628 0.3568
v 0.130127 0.395020 0.042725 0.7412 0.5804 0.3176
v -0.120850 0.372559 0.042725 0.6589 0.4157 0.3137
v 0.120850 0.372559 0.042725 0.5921 0.3765 0.2784
v -0.067139 0.592773 0.043213 0.6510 0.4550 0.2196
v 0.067139 0.592773 0.043213 0.6354 0.4510 0.2353
v -0.070557 0.637695 0.043213 0.6745 0.4432 0.3490
v 0.070557 0.637695 0.043213 0.6236 0.4039 0.3137
v 0.454834 0.776367 0.043213 0.5764 0.3921 0.1686
v -0.002197 0.795410 0.043213 0.4432 0.2745 0.2078
v 0.002197 0.795410 0.043213 0.4432 0.2745 0.2078
v -0.013916 0.802734 0.043213 0.6510 0.3961 0.3098
v 0.013916 0.802734 0.043213 0.5921 0.3804 0.3333
v -0.004639 0.816406 0.043213 0.6000 0.4078 0.3255
v 0.004639 0.816406 0.043213 0.6079 0.4314 0.3529
v -0.019287 0.816895 0.043213 0.6941 0.4432 0.3451
v 0.019287 0.816895 0.043213 0.6667 0.4392 0.3529
v -0.010986 0.820312 0.043213 0.3961 0.1882 0.1490
v 0.010986 0.820312 0.043213 0.3882 0.1725 0.1333
v -0.010986 0.820801 0.043213 0.4118 0.2000 0.1530
v 0.010986 0.820801 0.043213 0.4432 0.2471 0.1961
v 0.014893 0.826172 0.043213 0.5451 0.3412 0.2784
v -0.024658 0.836914 0.043213 0.6785 0.4235 0.3372
v 0.024658 0.836914 0.043213 0.6550 0.4078 0.3216
v -0.014893 0.842773 0.043213 0.6941 0.5255 0.4550
v 0.014893 0.842773 0.043213 0.7216 0.5490 0.4745
v -0.011963 0.843750 0.043213 0.6432 0.4628 0.3961
v -0.017822 0.843750 0.043213 0.7412 0.5725 0.4980
v 0.011963 0.843750 0.043213 0.6667 0.4941 0.4275
v 0.017822 0.843750 0.043213 0.7647 0.5725 0.4902
v -0.009033 0.845215 0.043213 0.6510 0.4823 0.4157
v -0.020752 0.845215 0.043213 0.7216 0.5490 0.4823
v 0.009033 0.845215 0.043213 0.6667 0.4902 0.4118
v 0.020752 0.845215 0.043213 0.7333 0.5176 0.4392
v -0.007568 0.847656 0.043213 0.6550 0.4902 0.4235
v -0.022217 0.847656 0.043213 0.5882 0.4432 0.3843
v 0.007568 0.847656 0.043213 0.6432 0.4745 0.4078
v 0.022217 0.847656 0.043213 0.6667 0.4314 0.3490
v -0.023193 0.849609 0.043213 0.5843 0.4118 0.3529
v 0.023193 0.849609 0.043213 0.6706 0.4314 0.3529
v -0.006592 0.851074 0.043213 0.5373 0.3686 0.3098
v -0.022705 0.851074 0.043213 0.4550 0.3333 0.2902
v 0.006592 0.851074 0.043213 0.5294 0.3843 0.3216
v 0.022705 0.851074 0.043213 0.5882 0.3725 0.3059
v -0.007568 0.854004 0.043213 0.4235 0.2745 0.2235
v -0.022217 0.854004 0.043213 0.4706 0.3294 0.2745
v 0.007568 0.854004 0.043213 0.4432 0.2941 0.2432
v 0.022217 0.854004 0.043213 0.4628 0.2784 0.2196
v -0.009033 0.856445 0.043213 0.4510 0.2980 0.2392
v -0.020752 0.856445 0.043213 0.4941 0.3490 0.2863
v 0.009033 0.856445 0.043213 0.4628 0.2980 0.2353
v 0.020752 0.856445 0.043213 0.5530 0.3686 0.2980
v -0.011963 0.858398 0.043213 0.3725 0.2118 0.1686
v -0.017822 0.858398 0.043213 0.3255 0.1922 0.1451
v -0.030029 0.858398 0.043213 0.2863 0.1647 0.1098
v 0.011963 0.858398 0.043213 0.3686 0.2196 0.1686
v 0.017822 0.858398 0.043213 0.3804 0.2275 0.1686
v 0.030029 0.858398 0.043213 0.2667 0.1608 0.1098
v -0.014893 0.858887 0.043213 0.3255 0.1608 0.1294
v 0.014893 0.858887 0.043213 0.3216 0.1804 0.1373
v -0.028564 0.860840 0.043213 0.5059 0.3137 0.2432
v 0.028564 0.860840 0.043213 0.4550 0.2784 0.2000
v 0.032471 0.860840 0.043213 0.2432 0.1530 0.0941
v 0.024170 0.879883 0.043213 0.2980 0.1843 0.1255
v -0.020264 0.890625 0.043213 0.6039 0.4078 0.3098
v -0.116455 0.410156 0.043213 0.6393 0.4196 0.3216
v 0.116455 0.410156 0.043213 0.6471 0.4392 0.3255
v -0.127197 0.394043 0.043213 0.3137 0.3019 0.2980
v 0.127197 0.394043 0.043213 0.7333 0.5686 0.3059
v -0.028076 0.356934 0.043213 0.0588 0.1020 0.2039
v 0.028076 0.356934 0.043213 0.0588 0.1059 0.2078
v -0.099854 0.324707 0.043213 0.6628 0.4432 0.3412
v 0.099854 0.324707 0.043213 0.6550 0.4235 0.3333
v -0.089111 0.289062 0.043213 0.5764 0.3608 0.2823
v 0.089111 0.289062 0.043213 0.6039 0.3804 0.3019
v -0.072510 0.669922 0.043701 0.6667 0.4392 0.3451
v -0.070557 0.683594 0.043701 0.6432 0.4157 0.3216
v 0.070557 0.683594 0.043701 0.6393 0.4196 0.3255
v -0.460693 0.759766 0.043701 0.5412 0.0235 0.0471
v 0.461182 0.759766 0.043701 0.7098 0.5176 0.2588
v -0.469482 0.764160 0.043701 0.6941 0.0314 0.0510
v 0.469482 0.764160 0.043701 0.7216 0.5255 0.2353
v -0.458740 0.768066 0.043701 0.5333 0.0235 0.0471
v 0.458740 0.768066 0.043701 0.6745 0.4980 0.2235
v -0.466065 0.773438 0.043701 0.7020 0.0314 0.0510
v 0.466065 0.773438 0.043701 0.7255 0.5333 0.2627
v -0.454834 0.776367 0.043701 0.4980 0.0314 0.0471
v -0.460693 0.781738 0.043701 0.6628 0.0353 0.0510
v 0.460693 0.781738 0.043701 0.7490 0.5647 0.2510
v -0.000244 0.795410 0.043701 0.4432 0.2745 0.2078
v -0.005127 0.810547 0.043701 0.3921 0.1451 0.1020
v 0.005127 0.810547 0.043701 0.3765 0.1412 0.1020
v -0.011475 0.823242 0.043701 0.4353 0.2392 0.1961
v -0.030029 0.861328 0.043701 0.4628 0.2902 0.2196
v 0.030029 0.861328 0.043701 0.3137 0.1922 0.1294
v 0.035889 0.886719 0.043701 0.2549 0.1608 0.1059
v 0.034424 0.893066 0.043701 0.1843 0.1137 0.0667
v 0.040771 0.901367 0.043701 0.1882 0.0980 0.0588
v -0.002686 0.902344 0.043701 0.2627 0.1608 0.1059
v -0.005615 0.910645 0.043701 0.3412 0.2235 0.1451
v 0.006104 0.912598 0.043701 0.3372 0.2078 0.1294
v -0.037842 0.913574 0.043701 0.4039 0.2588 0.1765
v -0.008545 0.918457 0.043701 0.4000 0.2549 0.1725
v -0.116455 0.450684 0.043701 0.1098 0.1373 0.2157
v 0.116455 0.450684 0.043701 0.4235 0.3137 0.1922
v -0.119873 0.392578 0.043701 0.6197 0.4039 0.3216
v 0.119873 0.392578 0.043701 0.6315 0.4314 0.3255
v -0.045654 0.341309 0.043701 0.6079 0.3725 0.2627
v 0.045654 0.341309 0.043701 0.5961 0.4000 0.3098
v -0.097412 0.334961 0.043701 0.6197 0.4078 0.3137
v 0.097412 0.334961 0.043701 0.6079 0.3921 0.3019
v -0.069580 0.650391 0.044189 0.6197 0.4000 0.3098
v 0.069580 0.650391 0.044189 0.6550 0.4432 0.3490
v 0.072021 0.668945 0.044189 0.6432 0.4314 0.3333
v -0.438721 0.735352 0.044189 0.7451 0.0471 0.0863
v 0.438721 0.735352 0.044190 0.7568 0.5647 0.2863
v -0.403076 0.770020 0.044189 0.7137 0.0314 0.0706
v 0.403076 0.770020 0.044190 0.7216 0.5333 0.2549
v -0.019287 0.821777 0.044189 0.7137 0.4706 0.3725
v 0.011475 0.822754 0.044189 0.4628 0.2510 0.2039
v -0.014404 0.826660 0.044189 0.6039 0.4196 0.3608
v -0.024658 0.840332 0.044189 0.7176 0.4628 0.3765
v 0.024658 0.840332 0.044189 0.7098 0.4471 0.3608
v -0.022705 0.852051 0.044189 0.3804 0.2235 0.1765
v 0.022705 0.852051 0.044189 0.4589 0.2667 0.2039
v -0.028076 0.857910 0.044189 0.2784 0.1686 0.1216
v 0.028076 0.857910 0.044189 0.2471 0.1451 0.1020
v -0.029053 0.861816 0.044189 0.4784 0.2980 0.2275
v 0.029053 0.861816 0.044189 0.3255 0.1961 0.1333
v 0.034424 0.870117 0.044189 0.4392 0.2902 0.2078
v 0.037354 0.872070 0.044189 0.3921 0.2432 0.1725
v -0.024170 0.877441 0.044189 0.5451 0.3412 0.2627
v 0.024170 0.877441 0.044189 0.4863 0.3019 0.2314
v -0.054443 0.879395 0.044189 0.3961 0.2627 0.1843
v 0.038330 0.883789 0.044189 0.3412 0.2235 0.1686
v 0.033936 0.898926 0.044189 0.2392 0.1451 0.0902
v -0.001221 0.901367 0.044189 0.2432 0.1490 0.0902
v -0.022705 0.917480 0.044189 0.2275 0.1490 0.0941
v -0.000244 0.755859 0.044678 0.6315 0.4157 0.3176
v -0.085693 0.756836 0.044678 0.7098 0.4667 0.3686
v 0.085693 0.756836 0.044678 0.6785 0.4353 0.3451
v -0.068115 0.764648 0.044678 0.7216 0.4823 0.3725
v 0.068115 0.764648 0.044678 0.7255 0.4784 0.3725
v 0.439697 0.786621 0.044678 0.7294 0.5373 0.2549
v -0.440186 0.787109 0.044678 0.6902 0.0353 0.0745
v -0.016357 0.812500 0.044678 0.6706 0.4235 0.3372
v 0.016357 0.812500 0.044678 0.6510 0.4314 0.3490
v -0.013916 0.814941 0.044678 0.5608 0.3372 0.2549
v 0.013916 0.814941 0.044678 0.5882 0.3608 0.2823
v -0.014404 0.815918 0.044678 0.5686 0.3529 0.2745
v 0.014404 0.815918 0.044678 0.5843 0.3568 0.2823
v -0.006592 0.819336 0.044678 0.6276 0.4432 0.3647
v 0.006592 0.819336 0.044678 0.6276 0.4510 0.3765
v -0.004639 0.819824 0.044678 0.6118 0.4157 0.3529
v 0.004639 0.819824 0.044678 0.6276 0.4471 0.3765
v -0.007080 0.821289 0.044678 0.6118 0.4157 0.3490
v 0.019287 0.821289 0.044678 0.6745 0.4471 0.3608
v -0.005127 0.824707 0.044678 0.3961 0.1686 0.1530
v 0.005127 0.824707 0.044678 0.4000 0.1725 0.1569
v -0.010986 0.826172 0.044678 0.5686 0.3725 0.3255
v -0.023682 0.842773 0.044678 0.7059 0.4550 0.3686
v 0.023682 0.842773 0.044678 0.7216 0.4667 0.3804
v -0.022705 0.844727 0.044678 0.6706 0.4314 0.3490
v 0.022705 0.844727 0.044678 0.7255 0.4745 0.3843
v -0.022217 0.845703 0.044678 0.6393 0.4078 0.3372
v 0.022217 0.845703 0.044678 0.7216 0.4745 0.3882
v -0.023193 0.853027 0.044678 0.4550 0.2745 0.2118
v 0.023193 0.853027 0.044678 0.5412 0.3372 0.2667
v -0.023682 0.853516 0.044678 0.5019 0.3137 0.2510
v 0.023682 0.853516 0.044678 0.5686 0.3372 0.2510
v -0.024170 0.854004 0.044678 0.5412 0.3490 0.2823
v 0.024170 0.854004 0.044678 0.5804 0.3451 0.2588
v -0.025635 0.854980 0.044678 0.4275 0.2706 0.2039
v 0.025635 0.854980 0.044678 0.5804 0.3529 0.2745
v -0.026611 0.855957 0.044678 0.2627 0.1373 0.0980
v 0.026611 0.855957 0.044678 0.4980 0.3294 0.2706
v -0.029053 0.859375 0.044678 0.3568 0.2235 0.1608
v 0.029053 0.859375 0.044678 0.3019 0.1882 0.1255
v -0.033447 0.876953 0.044678 0.2588 0.1569 0.1098
v -0.054932 0.880371 0.044678 0.4157 0.2823 0.1961
v -0.047607 0.886719 0.044678 0.2588 0.1373 0.0784
v 0.031982 0.908203 0.044678 0.3216 0.2275 0.1804
v -0.011475 0.916992 0.044678 0.4118 0.2706 0.1961
v 0.007080 0.917969 0.044678 0.4000 0.2706 0.2078
v 0.026611 0.921387 0.044678 0.3294 0.2118 0.1569
v -0.029053 0.925293 0.044678 0.4667 0.3176 0.2392
v 0.018799 0.925293 0.044678 0.3843 0.2314 0.1725
v -0.175537 0.036621 0.044678 0.1412 0.1725 0.2902
v 0.175537 0.036621 0.044678 0.0706 0.1020 0.2392
v -0.063232 0.597656 0.045166 0.6589 0.4706 0.2941
v 0.063232 0.597656 0.045166 0.6824 0.4902 0.3019
v -0.094482 0.732910 0.045166 0.6785 0.4432 0.3412
v 0.094482 0.732910 0.045166 0.6785 0.4432 0.3412
v -0.420654 0.739746 0.045166 0.6941 0.0314 0.0588
v 0.420654 0.739746 0.045166 0.7059 0.5373 0.2314
v -0.414795 0.748535 0.045166 0.6785 0.0235 0.0510
v 0.414795 0.748535 0.045166 0.6824 0.4980 0.2078
v -0.032959 0.769043 0.045166 0.7059 0.4706 0.3647
v 0.032959 0.769043 0.045166 0.7020 0.4589 0.3608
v -0.000244 0.811035 0.045166 0.4078 0.1725 0.1255
v -0.003174 0.815430 0.045166 0.6197 0.4235 0.3333
v 0.003174 0.815430 0.045166 0.6393 0.4510 0.3725
v -0.017334 0.815918 0.045166 0.7059 0.4706 0.3843
v 0.017334 0.815918 0.045166 0.6785 0.4550 0.3608
v -0.002686 0.819824 0.045166 0.5764 0.3804 0.3137
v -0.007080 0.819824 0.045166 0.6157 0.4314 0.3529
v 0.002686 0.819824 0.045166 0.5764 0.3725 0.3098
v 0.007080 0.819824 0.045166 0.6118 0.4314 0.3647
v -0.008057 0.820312 0.045166 0.6315 0.4471 0.3765
v 0.007080 0.821289 0.045166 0.5216 0.2980 0.2510
v 0.010986 0.826172 0.045166 0.5921 0.4039 0.3451
v -0.020264 0.827148 0.045166 0.7098 0.4628 0.3686
v 0.020264 0.827148 0.045166 0.6863 0.4589 0.3725
v -0.021729 0.847168 0.045166 0.6157 0.4235 0.3568
v 0.021729 0.847168 0.045166 0.6941 0.4550 0.3647
v -0.021240 0.847656 0.045166 0.6354 0.4667 0.4039
v 0.021240 0.847656 0.045166 0.6785 0.4353 0.3568
v 0.034424 0.859863 0.045166 0.3216 0.2039 0.1412
v -0.040283 0.860352 0.045166 0.2549 0.1608 0.1020
v -0.039307 0.860840 0.045166 0.2432 0.1530 0.0980
v 0.038818 0.862793 0.045166 0.4000 0.2432 0.1725
v -0.039307 0.865234 0.045166 0.2588 0.1608 0.1059
v 0.027100 0.873535 0.045166 0.2510 0.1569 0.0941
v 0.034912 0.877930 0.045166 0.3137 0.1922 0.1255
v -0.054932 0.878906 0.045166 0.4000 0.2588 0.1843
v -0.055908 0.879395 0.045166 0.4235 0.2823 0.2000
v -0.021729 0.879883 0.045166 0.5098 0.3372 0.2588
v -0.055908 0.880371 0.045166 0.4392 0.2980 0.2157
v 0.037354 0.880371 0.045166 0.3961 0.2588 0.1804
v 0.026611 0.881348 0.045166 0.2039 0.1176 0.0745
v -0.015381 0.911621 0.045166 0.2902 0.1882 0.1333
v -0.031006 0.919922 0.045166 0.2941 0.1804 0.1137
v -0.021729 0.922852 0.045166 0.2941 0.1882 0.1373
v -0.043213 0.414551 0.045166 0.5490 0.4000 0.3294
v 0.043213 0.414551 0.045166 0.5961 0.4000 0.3176
v -0.043213 0.378418 0.045166 0.6039 0.3961 0.2980
v 0.043213 0.378418 0.045166 0.6157 0.4000 0.3176
v -0.044189 0.360352 0.045166 0.5882 0.3647 0.2863
v 0.044189 0.360352 0.045166 0.6039 0.3921 0.2980
v -0.108643 0.350098 0.045166 0.6589 0.4353 0.3412
v 0.108643 0.350098 0.045166 0.6471 0.4235 0.3216
v -0.085205 0.300781 0.045166 0.6079 0.3921 0.3019
v 0.085205 0.300781 0.045166 0.6510 0.4314 0.3333
v -0.151123 0.050781 0.045166 0.2588 0.2353 0.2118
v 0.151123 0.050781 0.045166 0.3372 0.2667 0.2157
v -0.131592 0.044434 0.045166 0.8000 0.5686 0.3176
v 0.131592 0.044434 0.045166 0.6039 0.5019 0.3725
v -0.121826 0.021484 0.045166 0.7333 0.5569 0.2784
v 0.121826 0.021484 0.045166 0.0863 0.1216 0.2353
v -0.072510 0.663574 0.045654 0.6432 0.4157 0.3216
v 0.072510 0.663574 0.045654 0.6236 0.4039 0.3137
v -0.416260 0.790039 0.045654 0.7255 0.0392 0.0627
v 0.416260 0.790039 0.045654 0.7686 0.5725 0.2235
v 0.432373 0.790039 0.045654 0.7333 0.5451 0.2275
v -0.009521 0.796875 0.045654 0.5176 0.3176 0.2392
v 0.009521 0.796875 0.045654 0.5216 0.3137 0.2471
v -0.014893 0.810059 0.045654 0.6471 0.3921 0.3059
v 0.014893 0.810059 0.045654 0.6628 0.4510 0.3608
v -0.013916 0.815430 0.045654 0.6039 0.3843 0.3019
v -0.015869 0.815430 0.045654 0.7059 0.4784 0.3843
v 0.013916 0.815430 0.045654 0.6118 0.3804 0.3019
v 0.015869 0.815430 0.045654 0.6745 0.4550 0.3568
v -0.012451 0.815918 0.045654 0.5961 0.3725 0.2941
v 0.012451 0.815918 0.045654 0.5882 0.3529 0.2745
v -0.013428 0.816406 0.045654 0.6079 0.3961 0.3098
v 0.013428 0.816406 0.045654 0.5725 0.3490 0.2706
v -0.005615 0.818848 0.045654 0.6315 0.4471 0.3765
v 0.005615 0.818848 0.045654 0.6354 0.4471 0.3765
v -0.000244 0.819336 0.045654 0.5764 0.3765 0.3098
v 0.008057 0.820312 0.045654 0.5647 0.3765 0.3137
v -0.009521 0.830078 0.045654 0.5882 0.3961 0.3294
v 0.009521 0.830078 0.045654 0.5530 0.3686 0.3019
v -0.020752 0.832031 0.045654 0.7137 0.4550 0.3686
v 0.020752 0.832031 0.045654 0.6589 0.4275 0.3294
v -0.014893 0.844238 0.045654 0.7020 0.5412 0.4706
v 0.014893 0.844238 0.045654 0.7176 0.5255 0.4392
v -0.012451 0.844727 0.045654 0.6432 0.4745 0.4039
v -0.017334 0.844727 0.045654 0.7255 0.5490 0.4823
v 0.012451 0.844727 0.045654 0.6628 0.4745 0.4039
v 0.017334 0.844727 0.045654 0.7216 0.5059 0.4235
v -0.010498 0.846191 0.045654 0.5961 0.4314 0.3725
v -0.019287 0.846191 0.045654 0.6197 0.4392 0.3804
v 0.010498 0.846191 0.045654 0.6197 0.4510 0.3804
v 0.019287 0.846191 0.045654 0.6667 0.4392 0.3490
v -0.009033 0.848633 0.045654 0.4275 0.2745 0.2196
v -0.020752 0.848633 0.045654 0.5294 0.4314 0.3843
v 0.009033 0.848633 0.045654 0.5255 0.3765 0.3176
v 0.020752 0.848633 0.045654 0.6157 0.3882 0.3176
v -0.008545 0.851074 0.045654 0.3765 0.2314 0.1922
v -0.021240 0.851074 0.045654 0.3686 0.2667 0.2392
v 0.008545 0.851074 0.045654 0.4078 0.2784 0.2275
v 0.021240 0.851074 0.045654 0.4863 0.2941 0.2432
v -0.009033 0.853516 0.045654 0.3882 0.2471 0.2039
v -0.020752 0.853516 0.045654 0.3490 0.2157 0.1765
v 0.009033 0.853516 0.045654 0.4392 0.2980 0.2471
v 0.020752 0.853516 0.045654 0.3686 0.2157 0.1725
v -0.010498 0.855469 0.045654 0.4471 0.3019 0.2471
v -0.019287 0.855469 0.045654 0.5294 0.3843 0.3216
v 0.010498 0.855469 0.045654 0.4823 0.3294 0.2627
v 0.019287 0.855469 0.045654 0.4941 0.3372 0.2823
v -0.012451 0.856934 0.045654 0.4510 0.2902 0.2314
v -0.017334 0.856934 0.045654 0.4784 0.3216 0.2510
v 0.012451 0.856934 0.045654 0.4628 0.3098 0.2432
v 0.017334 0.856934 0.045654 0.5059 0.3412 0.2667
v -0.014893 0.857422 0.045654 0.4157 0.2549 0.2000
v 0.014893 0.857422 0.045654 0.4353 0.2784 0.2196
v -0.038818 0.860352 0.045654 0.2353 0.1490 0.0941
v 0.036865 0.860840 0.045654 0.3529 0.2353 0.1569
v -0.041260 0.865234 0.045654 0.2902 0.1882 0.1176
v 0.035400 0.869629 0.045654 0.4157 0.2863 0.2039
v -0.024170 0.870605 0.045654 0.6315 0.4118 0.3216
v 0.024170 0.870605 0.045654 0.5764 0.3647 0.2823
v -0.043701 0.871094 0.045654 0.3333 0.2000 0.1333
v -0.050537 0.876953 0.045654 0.3686 0.2314 0.1608
v 0.015869 0.892578 0.045654 0.6393 0.4392 0.3372
v -0.005127 0.902344 0.045654 0.2275 0.1412 0.0863
v 0.001709 0.907227 0.045654 0.2745 0.1569 0.1098
v -0.013428 0.915527 0.045654 0.2784 0.1843 0.1333
v -0.021729 0.916016 0.045654 0.2314 0.1530 0.1137
v -0.118897 0.429688 0.045654 0.1059 0.1333 0.2078
v 0.118896 0.429688 0.045654 0.1059 0.1176 0.1843
v -0.118408 0.410645 0.045654 0.1961 0.1686 0.2392
v 0.118408 0.410645 0.045654 0.3176 0.2432 0.2275
v -0.099365 0.348145 0.045654 0.6118 0.4000 0.2980
v 0.099365 0.348145 0.045654 0.6276 0.4000 0.3098
v -0.004639 0.758789 0.046143 0.6550 0.4314 0.3333
v 0.004639 0.758789 0.046143 0.6354 0.4157 0.3176
v -0.432861 0.790039 0.046143 0.7372 0.0314 0.0745
v -0.012451 0.800293 0.046143 0.6236 0.3725 0.2863
v 0.012451 0.800293 0.046143 0.5764 0.3686 0.3098
v -0.012939 0.806152 0.046143 0.7020 0.4392 0.3490
v 0.012939 0.806152 0.046143 0.6745 0.4550 0.3804
v -0.015381 0.813477 0.046143 0.6941 0.4589 0.3608
v 0.015381 0.813477 0.046143 0.6667 0.4432 0.3568
v -0.000244 0.815430 0.046143 0.6393 0.4471 0.3568
v -0.008545 0.815430 0.046143 0.4863 0.2667 0.2000
v -0.014893 0.815430 0.046143 0.7059 0.4823 0.3961
v 0.008545 0.815430 0.046143 0.4902 0.2627 0.1922
v 0.014893 0.815430 0.046143 0.6745 0.4510 0.3608
v -0.013916 0.815918 0.046143 0.6471 0.4235 0.3451
v 0.013916 0.815918 0.046143 0.6393 0.4078 0.3255
v -0.002197 0.816406 0.046143 0.5882 0.3921 0.3098
v -0.012939 0.816406 0.046143 0.6276 0.4078 0.3216
v 0.002197 0.816406 0.046143 0.5961 0.3921 0.3216
v 0.012939 0.816406 0.046143 0.6079 0.3804 0.2941
v -0.016846 0.819336 0.046143 0.6197 0.3882 0.3059
v 0.016846 0.819336 0.046143 0.6863 0.4589 0.3608
v 0.011475 0.827637 0.046143 0.6039 0.4157 0.3490
v -0.020752 0.835938 0.046143 0.7255 0.4745 0.3765
v 0.020752 0.835938 0.046143 0.6706 0.4235 0.3372
v -0.010010 0.848633 0.046143 0.3255 0.1804 0.1373
v 0.010010 0.848633 0.046143 0.5647 0.4471 0.4157
v -0.038818 0.856445 0.046143 0.2471 0.1530 0.1020
v -0.028564 0.859863 0.046143 0.3765 0.2353 0.1686
v 0.028564 0.859863 0.046143 0.3568 0.2157 0.1686
v -0.040771 0.860352 0.046143 0.2471 0.1569 0.1020
v 0.031494 0.867676 0.046143 0.2314 0.1490 0.0980
v -0.038818 0.870117 0.046143 0.2588 0.1569 0.1059
v -0.020264 0.884766 0.046143 0.3961 0.2510 0.1725
v 0.019775 0.884766 0.046143 0.5019 0.3216 0.2471
v 0.036377 0.888184 0.046143 0.3059 0.1843 0.1216
v 0.045654 0.891113 0.046143 0.3843 0.2432 0.1608
v -0.013916 0.892578 0.046143 0.5921 0.3961 0.2902
v -0.035889 0.897949 0.046143 0.2078 0.1059 0.0471
v -0.007568 0.911133 0.046143 0.3059 0.1961 0.1294
v 0.002686 0.915039 0.046143 0.3961 0.2549 0.1804
v -0.019287 0.915527 0.046143 0.2353 0.1530 0.1020
v -0.045166 0.394043 0.046143 0.6157 0.4000 0.3137
v 0.045166 0.394043 0.046143 0.6276 0.4078 0.3176
v -0.096924 0.348633 0.046143 0.6039 0.3921 0.2980
v 0.096924 0.348633 0.046143 0.6354 0.4157 0.3176
v -0.092041 0.321777 0.046143 0.6039 0.3804 0.2863
v 0.092041 0.321777 0.046143 0.6745 0.4550 0.3647
v -0.061279 0.588867 0.046631 0.5921 0.4078 0.2588
v 0.061279 0.588867 0.046631 0.6118 0.4235 0.2588
v -0.427490 0.735840 0.046631 0.6354 0.0314 0.0471
v 0.427490 0.736328 0.046631 0.6785 0.4784 0.2157
v -0.455322 0.750977 0.046631 0.6667 0.0078 0.0275
v 0.455322 0.750977 0.046631 0.6236 0.4471 0.2078
v -0.013916 0.815430 0.046631 0.6980 0.4628 0.3765
v -0.014404 0.815430 0.046631 0.6980 0.4706 0.3882
v 0.013916 0.815430 0.046631 0.6589 0.4392 0.3412
v 0.014404 0.815430 0.046631 0.6550 0.4392 0.3529
v -0.012939 0.815918 0.046631 0.6432 0.4196 0.3412
v -0.013916 0.815918 0.046631 0.6706 0.4392 0.3608
v 0.012939 0.815918 0.046631 0.6276 0.4078 0.3216
v 0.013916 0.815918 0.046631 0.6550 0.4275 0.3372
v -0.012939 0.816406 0.046631 0.6550 0.4353 0.3608
v 0.012939 0.816406 0.046631 0.6157 0.4039 0.3098
v -0.005127 0.818359 0.046631 0.6039 0.4039 0.3333
v 0.005127 0.818359 0.046631 0.6079 0.4196 0.3412
v -0.009033 0.818848 0.046631 0.4667 0.2588 0.1922
v 0.009033 0.818848 0.046631 0.4000 0.1843 0.1333
v -0.008545 0.819824 0.046631 0.4745 0.2823 0.2196
v -0.009521 0.819824 0.046631 0.4039 0.1961 0.1569
v 0.008545 0.819824 0.046631 0.4078 0.2000 0.1451
v -0.005615 0.820801 0.046631 0.6039 0.4039 0.3372
v 0.005615 0.820801 0.046631 0.5373 0.3216 0.2706
v -0.003174 0.824219 0.046631 0.4039 0.1804 0.1569
v 0.003174 0.824219 0.046631 0.4078 0.1804 0.1647
v -0.010986 0.827637 0.046631 0.6276 0.4314 0.3686
v -0.020752 0.838867 0.046631 0.6902 0.4353 0.3529
v 0.020752 0.838867 0.046631 0.7059 0.4510 0.3647
v -0.019775 0.841309 0.046631 0.6863 0.4353 0.3568
v 0.019775 0.841309 0.046631 0.7333 0.4823 0.3843
v -0.019287 0.843750 0.046631 0.6706 0.4275 0.3412
v 0.019287 0.843750 0.046631 0.7294 0.4823 0.3843
v -0.010498 0.848145 0.046631 0.3647 0.2196 0.1765
v 0.010498 0.848145 0.046631 0.5490 0.4314 0.4118
v -0.010010 0.849121 0.046631 0.3216 0.1765 0.1333
v 0.010010 0.849121 0.046631 0.5725 0.4667 0.4314
v -0.027100 0.856934 0.046631 0.2432 0.1373 0.0941
v 0.027100 0.856934 0.046631 0.1608 0.0863 0.0627
v -0.027588 0.860352 0.046631 0.3921 0.2510 0.1765
v -0.038818 0.860352 0.046631 0.2314 0.1490 0.0941
v 0.027588 0.860352 0.046631 0.3804 0.2314 0.1647
v -0.028076 0.863281 0.046631 0.4902 0.3176 0.2314
v 0.028076 0.863281 0.046631 0.3882 0.2392 0.1686
v -0.023682 0.864746 0.046631 0.6471 0.4275 0.3294
v -0.038330 0.864746 0.046631 0.2235 0.1373 0.0863
v 0.023682 0.864746 0.046631 0.6236 0.4000 0.3098
v -0.026123 0.883301 0.046631 0.1608 0.0941 0.0627
v 0.028076 0.892090 0.046631 0.2353 0.1333 0.0824
v -0.031006 0.923340 0.046631 0.3843 0.2510 0.1725
v -0.091553 0.332031 0.046631 0.6000 0.3765 0.2823
v 0.091553 0.332031 0.046631 0.6197 0.4039 0.3098
v -0.101318 0.313965 0.046631 0.6706 0.4510 0.3490
v 0.101318 0.313965 0.046631 0.6589 0.4353 0.3412
v -0.139893 0.048828 0.046631 0.4471 0.3765 0.2745
v 0.139893 0.048828 0.046631 0.0667 0.1020 0.2235
v -0.081787 0.548828 0.047119 0.1176 0.1451 0.2392
v 0.081787 0.548828 0.047119 0.0431 0.0941 0.2510
v -0.064209 0.628906 0.047119 0.6315 0.4039 0.3098
v 0.064209 0.628906 0.047119 0.6157 0.4039 0.3098
v -0.063232 0.643066 0.047119 0.6471 0.4157 0.3255
v 0.063232 0.643066 0.047119 0.6667 0.4510 0.3529
v -0.091553 0.744141 0.047119 0.7059 0.4667 0.3568
v 0.091553 0.744141 0.047119 0.7020 0.4667 0.3647
v -0.017822 0.764648 0.047119 0.6785 0.4432 0.3372
v 0.017822 0.764648 0.047119 0.6628 0.4275 0.3333
v -0.445557 0.780273 0.047119 0.7098 0.0353 0.0667
v 0.407959 0.780273 0.047119 0.7843 0.5882 0.2510
v 0.445557 0.780273 0.047119 0.6276 0.4314 0.2039
v -0.006592 0.795898 0.047119 0.4902 0.3059 0.2314
v 0.006592 0.795898 0.047119 0.4980 0.3059 0.2353
v -0.006104 0.809082 0.047119 0.5451 0.3216 0.2157
v 0.006104 0.809082 0.047119 0.5098 0.2745 0.2000
v -0.013916 0.814453 0.047119 0.6941 0.4628 0.3765
v 0.013916 0.814453 0.047119 0.6824 0.4471 0.3529
v -0.013428 0.814941 0.047119 0.6863 0.4550 0.3608
v 0.013428 0.814941 0.047119 0.6706 0.4392 0.3529
v -0.012939 0.815918 0.047119 0.6628 0.4392 0.3686
v -0.013428 0.815918 0.047119 0.6706 0.4392 0.3608
v 0.012939 0.815918 0.047119 0.6550 0.4314 0.3372
v 0.013428 0.815918 0.047119 0.6550 0.4275 0.3372
v -0.000244 0.816406 0.047119 0.6079 0.4039 0.3216
v -0.010498 0.817383 0.047119 0.5530 0.3451 0.2706
v 0.010498 0.817383 0.047119 0.5882 0.3608 0.2902
v -0.011475 0.817871 0.047119 0.5686 0.3608 0.2902
v -0.015869 0.817871 0.047119 0.5569 0.3333 0.2588
v 0.011475 0.817871 0.047119 0.5686 0.3451 0.2627
v 0.015869 0.817871 0.047119 0.6941 0.4628 0.3686
v -0.005127 0.819336 0.047119 0.6039 0.4039 0.3333
v 0.005127 0.819336 0.047119 0.6000 0.4039 0.3294
v -0.006104 0.819824 0.047119 0.6000 0.4157 0.3412
v 0.009033 0.819824 0.047119 0.4039 0.1922 0.1530
v -0.009521 0.822266 0.047119 0.4589 0.2667 0.2118
v -0.000244 0.824219 0.047119 0.4235 0.2000 0.1686
v -0.018799 0.844727 0.047119 0.6197 0.3843 0.3098
v 0.018799 0.844727 0.047119 0.7137 0.4745 0.3804
v -0.014893 0.846680 0.047119 0.5216 0.3647 0.3255
v -0.018311 0.846680 0.047119 0.5843 0.3725 0.3255
v 0.014893 0.846680 0.047119 0.5764 0.4000 0.3568
v 0.018311 0.846680 0.047119 0.6550 0.4196 0.3372
v -0.013428 0.847168 0.047119 0.4823 0.3451 0.3098
v -0.016357 0.847168 0.047119 0.6000 0.4863 0.4550
v 0.013428 0.847168 0.047119 0.6354 0.4745 0.4432
v 0.016357 0.847168 0.047119 0.5725 0.3882 0.3372
v -0.011475 0.847656 0.047119 0.4353 0.2863 0.2314
v 0.011475 0.847656 0.047119 0.5843 0.4353 0.3961
v -0.009521 0.848145 0.047119 0.3137 0.1725 0.1255
v -0.010010 0.848145 0.047119 0.3451 0.2039 0.1569
v -0.011963 0.848145 0.047119 0.2823 0.1647 0.1294
v -0.017822 0.848145 0.047119 0.3961 0.3098 0.2706
v 0.009521 0.848145 0.047119 0.5294 0.4000 0.3725
v 0.010010 0.848145 0.047119 0.5412 0.4196 0.3961
v 0.011963 0.848145 0.047119 0.5098 0.3961 0.3647
v 0.017822 0.848145 0.047119 0.5412 0.3490 0.2941
v -0.009033 0.848633 0.047119 0.3059 0.1647 0.1216
v 0.009033 0.848633 0.047119 0.5412 0.4235 0.3921
v -0.009521 0.849121 0.047119 0.3098 0.1686 0.1294
v -0.010986 0.849121 0.047119 0.2863 0.1530 0.1216
v -0.018799 0.849121 0.047119 0.2941 0.2196 0.1922
v 0.009521 0.849121 0.047119 0.5569 0.4550 0.4235
v 0.010986 0.849121 0.047119 0.4823 0.3843 0.3451
v 0.018799 0.849121 0.047119 0.5176 0.3255 0.2706
v -0.010498 0.851074 0.047119 0.3176 0.1882 0.1569
v -0.019287 0.851074 0.047119 0.2157 0.1451 0.1255
v 0.010498 0.851074 0.047119 0.3725 0.2784 0.2392
v 0.019287 0.851074 0.047119 0.3333 0.1922 0.1490
v -0.010986 0.852539 0.047119 0.3255 0.1961 0.1647
v -0.018799 0.852539 0.047119 0.2627 0.1647 0.1216
v -0.020264 0.852539 0.047119 0.3294 0.2039 0.1647
v 0.010986 0.852539 0.047119 0.4039 0.2941 0.2510
v 0.018799 0.852539 0.047119 0.3098 0.1961 0.1569
v 0.020264 0.852539 0.047119 0.4550 0.2902 0.2353
v -0.011963 0.854004 0.047119 0.3451 0.2118 0.1804
v -0.017822 0.854004 0.047119 0.3647 0.2314 0.1961
v 0.011963 0.854004 0.047119 0.4432 0.3176 0.2667
v 0.017822 0.854004 0.047119 0.2706 0.1608 0.1176
v -0.013428 0.854980 0.047119 0.3961 0.2588 0.2235
v -0.014893 0.854980 0.047119 0.3725 0.2510 0.2235
v -0.016357 0.854980 0.047119 0.4432 0.3019 0.2706
v 0.013428 0.854980 0.047119 0.4823 0.3451 0.2902
v 0.014893 0.854980 0.047119 0.4706 0.3294 0.2667
v 0.016357 0.854980 0.047119 0.4157 0.2823 0.2353
v -0.039307 0.860352 0.047119 0.2314 0.1451 0.0941
v -0.040283 0.860352 0.047119 0.2432 0.1530 0.1059
v 0.034424 0.875977 0.047119 0.3647 0.2314 0.1608
v 0.019287 0.882324 0.047119 0.2235 0.1373 0.0941
v 0.043701 0.900391 0.047119 0.3451 0.2196 0.1490
v -0.038818 0.906738 0.047119 0.4039 0.2510 0.1647
v -0.009521 0.910156 0.047119 0.3216 0.1961 0.1569
v -0.016357 0.912598 0.047119 0.2275 0.1333 0.0902
v 0.031982 0.914551 0.047119 0.3843 0.2510 0.1725
v 0.029541 0.919922 0.047119 0.3333 0.2118 0.1490
v 0.024658 0.924316 0.047119 0.3333 0.2078 0.1569
v -0.124756 0.373047 0.047119 0.0588 0.1098 0.2275
v 0.124756 0.373047 0.047119 0.1333 0.1373 0.2000
v -0.090088 0.312500 0.047119 0.6079 0.3882 0.2980
v 0.090088 0.312500 0.047119 0.6197 0.4000 0.3059
v -0.103272 0.291992 0.047119 0.6354 0.3961 0.3137
v 0.103271 0.291992 0.047119 0.6471 0.4196 0.3333
v 0.070068 0.671875 0.047607 0.6550 0.4353 0.3372
v -0.407959 0.780273 0.047607 0.7255 0.0392 0.0667
v -0.002686 0.795898 0.047607 0.4823 0.3019 0.2275
v 0.002686 0.795898 0.047607 0.4863 0.3019 0.2314
v -0.013428 0.812500 0.047607 0.6706 0.4392 0.3451
v 0.013428 0.812500 0.047607 0.6706 0.4432 0.3529
v -0.013428 0.815918 0.047607 0.6824 0.4589 0.3843
v -0.013916 0.816406 0.047607 0.6902 0.4745 0.3961
v 0.013428 0.816406 0.047607 0.6589 0.4314 0.3412
v 0.013916 0.816406 0.047607 0.6745 0.4432 0.3568
v -0.014893 0.816895 0.047607 0.6706 0.4510 0.3765
v 0.014893 0.816895 0.047607 0.6863 0.4510 0.3647
v -0.010986 0.817383 0.047607 0.5843 0.3765 0.3019
v -0.011475 0.817383 0.047607 0.5804 0.3725 0.3019
v 0.010986 0.817383 0.047607 0.6000 0.3725 0.2980
v 0.011475 0.817383 0.047607 0.5921 0.3804 0.2863
v -0.003174 0.817871 0.047607 0.6039 0.3882 0.3098
v 0.003174 0.817871 0.047607 0.6276 0.4275 0.3451
v 0.006104 0.819824 0.047607 0.4941 0.2941 0.2392
v 0.009033 0.822266 0.047607 0.5647 0.3568 0.2863
v -0.009033 0.825684 0.047607 0.6315 0.4235 0.3686
v 0.009033 0.828613 0.047607 0.5961 0.3843 0.3137
v -0.015381 0.843262 0.047607 0.6315 0.4039 0.3255
v 0.015381 0.843262 0.047607 0.7137 0.4706 0.3765
v 0.008545 0.845703 0.047607 0.5412 0.3490 0.2941
v -0.008545 0.846191 0.047607 0.4196 0.2353 0.1725
v -0.018799 0.846191 0.047607 0.5843 0.3647 0.3098
v 0.018799 0.846191 0.047607 0.6941 0.4510 0.3568
v -0.009033 0.846680 0.047607 0.3686 0.2078 0.1490
v -0.014893 0.846680 0.047607 0.5255 0.3412 0.2902
v 0.009033 0.846680 0.047607 0.5176 0.3490 0.2980
v 0.014893 0.846680 0.047607 0.5647 0.3608 0.2902
v -0.007568 0.847168 0.047607 0.3765 0.2039 0.1530
v 0.007568 0.847168 0.047607 0.4941 0.3451 0.2980
v -0.008545 0.847656 0.047607 0.3294 0.1804 0.1333
v -0.009521 0.847656 0.047607 0.3372 0.1882 0.1490
v 0.008545 0.847656 0.047607 0.4980 0.3529 0.3216
v 0.009521 0.847656 0.047607 0.5255 0.3843 0.3568
v -0.008057 0.848145 0.047607 0.3372 0.1882 0.1451
v 0.008057 0.848145 0.047607 0.4745 0.3529 0.3137
v -0.010986 0.850586 0.047607 0.3333 0.1922 0.1569
v 0.010986 0.850586 0.047607 0.4196 0.3451 0.3098
v -0.020752 0.853027 0.047607 0.3372 0.2118 0.1725
v 0.020752 0.853027 0.047607 0.5059 0.2980 0.2392
v -0.020752 0.854004 0.047607 0.2588 0.1373 0.0980
v 0.020752 0.854004 0.047607 0.5137 0.3019 0.2353
v -0.041748 0.864746 0.047607 0.2863 0.1765 0.1098
v -0.041260 0.870605 0.047607 0.2902 0.1804 0.1255
v -0.047607 0.873047 0.047607 0.2784 0.1765 0.1294
v -0.019775 0.879395 0.047607 0.4510 0.2980 0.2196
v -0.051514 0.880859 0.047607 0.3961 0.2627 0.1843
v -0.052490 0.882324 0.047607 0.4157 0.2745 0.1961
v 0.034912 0.885742 0.047607 0.2353 0.1373 0.0902
v 0.009521 0.893555 0.047607 0.6079 0.4157 0.3098
v -0.005127 0.895508 0.047607 0.2353 0.1451 0.0980
v 0.035400 0.901367 0.047607 0.2902 0.1725 0.1098
v -0.001709 0.902344 0.047607 0.2823 0.1765 0.1176
v -0.012939 0.907227 0.047607 0.2039 0.1294 0.0980
v -0.001709 0.910645 0.047607 0.3059 0.1961 0.1412
v -0.016846 0.920410 0.047607 0.2471 0.1490 0.0980
v 0.014893 0.922363 0.047607 0.3490 0.2078 0.1373
v -0.120850 0.411133 0.047607 0.1020 0.1294 0.2196
v 0.120850 0.411133 0.047607 0.0235 0.0353 0.1490
v -0.081787 0.304688 0.047607 0.5725 0.3608 0.2667
v 0.081787 0.304688 0.047607 0.6118 0.4000 0.3019
v -0.070068 0.671387 0.048096 0.6510 0.4235 0.3294
v -0.000244 0.795898 0.048096 0.4784 0.3019 0.2275
v -0.011475 0.816895 0.048096 0.6197 0.4078 0.3451
v 0.011475 0.816895 0.048096 0.6315 0.4078 0.3176
v -0.011475 0.817383 0.048096 0.6197 0.3921 0.3294
v 0.011475 0.817383 0.048096 0.6510 0.4039 0.3333
v -0.003662 0.820312 0.048096 0.6079 0.4039 0.3372
v 0.003662 0.820312 0.048096 0.5373 0.3294 0.2706
v -0.015869 0.823730 0.048096 0.7412 0.4902 0.3921
v 0.015869 0.823730 0.048096 0.7020 0.4745 0.3804
v 0.008545 0.825684 0.048096 0.6589 0.4471 0.3882
v -0.015869 0.841309 0.048096 0.6589 0.4235 0.3294
v 0.015869 0.841309 0.048096 0.7176 0.4745 0.3843
v 0.011475 0.844238 0.048096 0.6432 0.4196 0.3451
v -0.011475 0.844727 0.048096 0.5490 0.3490 0.2823
v -0.014893 0.844727 0.048096 0.5725 0.3490 0.2823
v 0.014893 0.844727 0.048096 0.6706 0.4314 0.3490
v -0.011475 0.845703 0.048096 0.4667 0.2863 0.2275
v 0.011475 0.845703 0.048096 0.5608 0.3490 0.2902
v -0.014893 0.846191 0.048096 0.5176 0.3176 0.2627
v 0.014893 0.846191 0.048096 0.5882 0.3608 0.2863
v -0.011475 0.847168 0.048096 0.4432 0.2784 0.2235
v 0.011475 0.847168 0.048096 0.5530 0.3765 0.3294
v -0.007568 0.848145 0.048096 0.3804 0.2000 0.1530
v 0.007568 0.848145 0.048096 0.4667 0.3490 0.3137
v -0.013916 0.848633 0.048096 0.5412 0.4471 0.4314
v -0.014893 0.848633 0.048096 0.5764 0.4941 0.4823
v -0.015869 0.848633 0.048096 0.5725 0.4980 0.4823
v 0.013916 0.848633 0.048096 0.4353 0.3529 0.3176
v 0.014893 0.848633 0.048096 0.5490 0.4550 0.4235
v 0.015869 0.848633 0.048096 0.6236 0.5098 0.4823
v -0.009033 0.849121 0.048096 0.3216 0.1725 0.1294
v -0.013428 0.849121 0.048096 0.3843 0.2941 0.2823
v -0.016357 0.849121 0.048096 0.4823 0.4118 0.3961
v 0.009033 0.849121 0.048096 0.5294 0.4392 0.4157
v 0.013428 0.849121 0.048096 0.3451 0.2745 0.2392
v 0.016357 0.849121 0.048096 0.6589 0.5412 0.5176
v -0.008057 0.849609 0.048096 0.3412 0.1765 0.1255
v 0.008057 0.849609 0.048096 0.5137 0.4235 0.4078
v -0.012939 0.850098 0.048096 0.2235 0.1294 0.1098
v -0.016846 0.850098 0.048096 0.2588 0.1882 0.1804
v 0.012939 0.850098 0.048096 0.3019 0.2432 0.2118
v 0.016846 0.850098 0.048096 0.6157 0.5176 0.4941
v -0.010986 0.850586 0.048096 0.3333 0.1882 0.1569
v 0.010986 0.850586 0.048096 0.4000 0.3372 0.3059
v -0.012451 0.851074 0.048096 0.2549 0.1530 0.1333
v -0.017334 0.851074 0.048096 0.1765 0.1098 0.1020
v 0.012451 0.851074 0.048096 0.2823 0.2078 0.1725
v 0.017334 0.851074 0.048096 0.4314 0.3451 0.3216
v -0.012939 0.852051 0.048096 0.2588 0.1530 0.1373
v -0.016846 0.852051 0.048096 0.2078 0.1294 0.1020
v 0.012939 0.852051 0.048096 0.2823 0.2000 0.1647
v 0.016846 0.852051 0.048096 0.2078 0.1333 0.1059
v -0.013428 0.852539 0.048096 0.2627 0.1569 0.1412
v -0.016357 0.852539 0.048096 0.2275 0.1412 0.1176
v 0.013428 0.852539 0.048096 0.2863 0.2000 0.1647
v 0.016357 0.852539 0.048096 0.2000 0.1216 0.0980
v -0.013916 0.853027 0.048096 0.2745 0.1647 0.1451
v -0.015869 0.853027 0.048096 0.2588 0.1569 0.1373
v 0.013916 0.853027 0.048096 0.2745 0.1922 0.1608
v 0.015869 0.853027 0.048096 0.2314 0.1530 0.1255
v -0.014893 0.853516 0.048096 0.2784 0.1725 0.1490
v 0.014893 0.853516 0.048096 0.2706 0.1804 0.1490
v -0.021729 0.854004 0.048096 0.2314 0.1020 0.0706
v 0.021729 0.854004 0.048096 0.5137 0.3137 0.2353
v -0.027588 0.860840 0.048096 0.4353 0.2745 0.1922
v 0.027588 0.860840 0.048096 0.4235 0.2706 0.1961
v -0.038330 0.864258 0.048096 0.2118 0.1373 0.0824
v 0.029541 0.865234 0.048096 0.2471 0.1490 0.0980
v -0.036865 0.869141 0.048096 0.2314 0.1451 0.0941
v 0.032959 0.874512 0.048096 0.3647 0.2118 0.1333
v -0.007568 0.893555 0.048096 0.5451 0.3686 0.2745
v 0.028564 0.894043 0.048096 0.2118 0.1176 0.0667
v 0.045654 0.895996 0.048096 0.3647 0.2314 0.1725
v -0.007568 0.902832 0.048096 0.1765 0.0784 0.0392
v -0.017334 0.912109 0.048096 0.2549 0.1490 0.1059
v -0.031982 0.915527 0.048096 0.2392 0.1255 0.0824
v -0.121826 0.393066 0.048096 0.0784 0.1294 0.2353
v 0.121826 0.393066 0.048096 0.0627 0.0941 0.1843
v -0.086182 0.310547 0.048096 0.6079 0.3961 0.3019
v 0.086182 0.310547 0.048096 0.6079 0.4039 0.3098
v -0.065674 0.309082 0.048096 0.6039 0.3765 0.2863
v 0.065674 0.309082 0.048096 0.6236 0.4039 0.3137
v -0.165283 0.042969 0.048096 0.1530 0.1530 0.2000
v 0.165283 0.042969 0.048096 0.3216 0.2627 0.2549
v -0.447022 0.740723 0.048584 0.6785 0.0275 0.0314
v 0.447022 0.741211 0.048584 0.7255 0.5294 0.2667
v -0.010010 0.798828 0.048584 0.5686 0.3529 0.2706
v 0.010010 0.798828 0.048584 0.5490 0.3490 0.2588
v -0.011963 0.803223 0.048584 0.6941 0.4471 0.3529
v 0.011963 0.803223 0.048584 0.6628 0.4392 0.3686
v -0.010986 0.808594 0.048584 0.6980 0.4589 0.3647
v 0.010986 0.808594 0.048584 0.6863 0.4589 0.3725
v -0.011963 0.814453 0.048584 0.6824 0.4432 0.3647
v 0.011963 0.814453 0.048584 0.6863 0.4628 0.3686
v -0.005615 0.814941 0.048584 0.5412 0.3294 0.2353
v 0.005615 0.814941 0.048584 0.5530 0.3294 0.2510
v -0.011963 0.816406 0.048584 0.6628 0.4353 0.3686
v 0.011963 0.816406 0.048584 0.6824 0.4432 0.3568
v -0.011475 0.816895 0.048584 0.6471 0.4275 0.3725
v 0.011475 0.816895 0.048584 0.6432 0.4157 0.3294
v -0.000244 0.817871 0.048584 0.5921 0.3765 0.2980
v -0.003174 0.818359 0.048584 0.6000 0.3882 0.3137
v -0.008545 0.818359 0.048584 0.4784 0.2627 0.2078
v 0.003174 0.818359 0.048584 0.6393 0.4235 0.3568
v 0.008545 0.818359 0.048584 0.5019 0.2863 0.2235
v -0.003174 0.818848 0.048584 0.5921 0.3843 0.3098
v 0.003174 0.818848 0.048584 0.6276 0.4157 0.3372
v -0.000244 0.820312 0.048584 0.5530 0.3490 0.2902
v -0.014893 0.821777 0.048584 0.7098 0.4784 0.3961
v 0.014893 0.821777 0.048584 0.7098 0.4784 0.3843
v -0.016846 0.828125 0.048584 0.7098 0.4628 0.3725
v 0.016846 0.828125 0.048584 0.6941 0.4589 0.3647
v -0.016846 0.832520 0.048584 0.7255 0.4706 0.3804
v 0.016846 0.832520 0.048584 0.6941 0.4510 0.3608
v -0.016846 0.835938 0.048584 0.7333 0.4784 0.3804
v 0.016846 0.835938 0.048584 0.7098 0.4550 0.3686
v -0.016846 0.838867 0.048584 0.7255 0.4784 0.3921
v 0.016846 0.838867 0.048584 0.6902 0.4353 0.3490
v -0.012451 0.842285 0.048584 0.6393 0.4157 0.3294
v 0.012451 0.842285 0.048584 0.6863 0.4432 0.3490
v -0.010986 0.850586 0.048584 0.3412 0.1922 0.1530
v 0.010986 0.850586 0.048584 0.3568 0.2941 0.2706
v -0.014893 0.851074 0.048584 0.1961 0.1216 0.1020
v 0.014893 0.851074 0.048584 0.3333 0.2706 0.2432
v -0.013428 0.852051 0.048584 0.2941 0.1647 0.1333
v 0.013428 0.852051 0.048584 0.2627 0.1843 0.1569
v -0.016846 0.852539 0.048584 0.2118 0.1137 0.0902
v 0.016846 0.852539 0.048584 0.2588 0.1530 0.1216
v -0.041260 0.864258 0.048584 0.2941 0.1922 0.1216
v -0.019287 0.877441 0.048584 0.6000 0.3843 0.2980
v 0.019775 0.877441 0.048584 0.5294 0.3294 0.2588
v 0.024170 0.877441 0.048584 0.2784 0.1647 0.1020
v -0.018311 0.879883 0.048584 0.3059 0.1804 0.1137
v -0.052490 0.879883 0.048584 0.3843 0.2549 0.1765
v -0.053467 0.881836 0.048584 0.4235 0.2784 0.2000
v -0.030029 0.882812 0.048584 0.1804 0.1137 0.0706
v -0.023193 0.884277 0.048584 0.1725 0.0980 0.0588
v 0.016846 0.884277 0.048584 0.3686 0.2392 0.1765
v 0.020752 0.884277 0.048584 0.1922 0.1176 0.0745
v -0.043701 0.892090 0.048584 0.3765 0.2471 0.1922
v 0.029053 0.900391 0.048584 0.2039 0.1137 0.0588
v -0.010498 0.901367 0.048584 0.2039 0.1098 0.0627
v 0.022705 0.904297 0.048584 0.2039 0.1255 0.0784
v -0.023682 0.924316 0.048584 0.4000 0.2627 0.1922
v -0.122803 0.373047 0.048584 0.0627 0.1137 0.2235
v 0.122803 0.373047 0.048584 0.0549 0.1137 0.2275
v -0.090088 0.346680 0.048584 0.6393 0.4196 0.3216
v 0.090088 0.346680 0.048584 0.5961 0.3804 0.2902
v -0.083252 0.530273 0.049072 0.1255 0.1530 0.2549
v -0.057861 0.615234 0.049072 0.6785 0.4510 0.3451
v 0.057861 0.615234 0.049072 0.6863 0.4628 0.3608
v -0.065674 0.676270 0.049072 0.6432 0.4196 0.3255
v 0.065674 0.676270 0.049072 0.6432 0.4235 0.3294
v -0.067627 0.691895 0.049072 0.5216 0.3255 0.2392
v 0.067627 0.691895 0.049072 0.5764 0.3725 0.2902
v -0.408936 0.763184 0.049072 0.7176 0.0353 0.0706
v 0.408936 0.763672 0.049072 0.7647 0.5764 0.2432
v -0.449951 0.771484 0.049072 0.6980 0.0275 0.0392
v 0.449951 0.771484 0.049072 0.6432 0.4589 0.1961
v -0.010986 0.806152 0.049072 0.7294 0.4863 0.3882
v 0.010986 0.806152 0.049072 0.7020 0.4667 0.3921
v -0.003662 0.808594 0.049072 0.6393 0.4235 0.3059
v 0.003662 0.808594 0.049072 0.6315 0.4039 0.3098
v -0.011963 0.815430 0.049072 0.6706 0.4471 0.3647
v 0.011963 0.815430 0.049072 0.6902 0.4628 0.3725
v -0.011963 0.817383 0.049072 0.6510 0.4314 0.3765
v 0.011963 0.817383 0.049072 0.6550 0.4235 0.3412
v -0.012939 0.817871 0.049072 0.5804 0.3608 0.2980
v 0.012939 0.817871 0.049072 0.6706 0.4392 0.3529
v -0.000244 0.818359 0.049072 0.5843 0.3725 0.2941
v -0.005615 0.818359 0.049072 0.5686 0.3647 0.2941
v -0.013428 0.818359 0.049072 0.5059 0.2863 0.2235
v 0.005615 0.818359 0.049072 0.6118 0.3882 0.3216
v 0.013428 0.818359 0.049072 0.6785 0.4510 0.3647
v -0.005615 0.818848 0.049072 0.5530 0.3490 0.2784
v -0.009033 0.818848 0.049072 0.4589 0.2353 0.2039
v 0.005615 0.818848 0.049072 0.5882 0.3765 0.3176
v 0.009033 0.818848 0.049072 0.4784 0.2588 0.1961
v -0.003662 0.819336 0.049072 0.5647 0.3529 0.2863
v -0.006592 0.819336 0.049072 0.4353 0.2314 0.1843
v -0.009033 0.819336 0.049072 0.4000 0.1961 0.1569
v 0.003662 0.819336 0.049072 0.5333 0.3255 0.2667
v 0.009033 0.819336 0.049072 0.4589 0.2353 0.1843
v -0.013916 0.819824 0.049072 0.6628 0.4353 0.3608
v 0.013916 0.819824 0.049072 0.6902 0.4628 0.3765
v -0.007568 0.828613 0.049072 0.6079 0.3843 0.3176
v -0.009521 0.843262 0.049072 0.6118 0.3961 0.3098
v 0.009521 0.843262 0.049072 0.6510 0.4157 0.3412
v -0.010010 0.851074 0.049072 0.3765 0.2196 0.1686
v 0.010010 0.851074 0.049072 0.4510 0.4196 0.4118
v -0.013428 0.852051 0.049072 0.3137 0.1765 0.1451
v 0.013428 0.852051 0.049072 0.2588 0.1647 0.1451
v -0.016846 0.853027 0.049072 0.2157 0.1098 0.0863
v 0.016846 0.853027 0.049072 0.3412 0.1961 0.1530
v -0.022705 0.854980 0.049072 0.1882 0.1020 0.0588
v 0.022705 0.854980 0.049072 0.4902 0.2941 0.2314
v -0.025635 0.857910 0.049072 0.4392 0.2823 0.2039
v 0.025635 0.857910 0.049072 0.3098 0.1725 0.1333
v -0.024658 0.861328 0.049072 0.5059 0.3098 0.2275
v 0.024658 0.861328 0.049072 0.4353 0.2745 0.1961
v -0.025635 0.861816 0.049072 0.5098 0.3294 0.2392
v 0.025635 0.861816 0.049072 0.4667 0.2980 0.2353
v -0.039307 0.864258 0.049072 0.2667 0.1686 0.1098
v -0.036865 0.875488 0.049072 0.2235 0.1451 0.0980
v -0.053467 0.880859 0.049072 0.4550 0.3019 0.2314
v 0.031494 0.880859 0.049072 0.3019 0.1843 0.1216
v 0.033447 0.882812 0.049072 0.3568 0.2314 0.1725
v 0.015381 0.883789 0.049072 0.3882 0.2353 0.1686
v 0.000244 0.894043 0.049072 0.5255 0.3451 0.2510
v -0.012939 0.916016 0.049072 0.1765 0.0902 0.0667
v -0.026123 0.917969 0.049072 0.3372 0.2078 0.1373
v 0.100342 0.426270 0.049072 0.6706 0.4667 0.3490
v -0.101807 0.303223 0.049072 0.6706 0.4510 0.3568
v 0.101807 0.303223 0.049072 0.6550 0.4275 0.3412
v -0.193115 0.019531 0.049072 0.1020 0.1490 0.2471
v 0.193115 0.019531 0.049072 0.0902 0.1294 0.2353
v -0.085693 0.710449 0.049561 0.6354 0.4157 0.3216
v 0.085693 0.710449 0.049561 0.6079 0.3961 0.3019
v -0.454346 0.762207 0.049560 0.6980 0.0078 0.0196
v 0.454346 0.762207 0.049561 0.5137 0.3451 0.1333
v -0.000244 0.808594 0.049561 0.6589 0.4314 0.3216
v -0.000244 0.818359 0.049561 0.5961 0.3804 0.3059
v -0.009033 0.818359 0.049561 0.4589 0.2510 0.2157
v 0.009033 0.818359 0.049561 0.5137 0.2980 0.2314
v -0.009521 0.818848 0.049561 0.4863 0.2706 0.2471
v 0.009521 0.818848 0.049561 0.4823 0.2745 0.2118
v -0.000244 0.819336 0.049561 0.5255 0.3216 0.2667
v -0.006104 0.819336 0.049561 0.4510 0.2314 0.1922
v 0.006104 0.819336 0.049561 0.4235 0.2118 0.1765
v -0.006592 0.821777 0.049561 0.4706 0.2588 0.2196
v 0.006104 0.829590 0.049561 0.6039 0.3804 0.3059
v 0.006592 0.829590 0.049561 0.5882 0.3686 0.2902
v -0.006104 0.830078 0.049561 0.6157 0.3882 0.3019
v -0.012939 0.839844 0.049561 0.6980 0.4628 0.3686
v 0.012939 0.839844 0.049561 0.6980 0.4510 0.3529
v -0.007080 0.844238 0.049561 0.5804 0.3490 0.2784
v 0.007080 0.844238 0.049561 0.6118 0.4078 0.3372
v -0.006104 0.847168 0.049561 0.4823 0.2667 0.2000
v 0.006104 0.847168 0.049561 0.5255 0.3725 0.3490
v -0.006592 0.848145 0.049561 0.4432 0.2392 0.1686
v 0.006592 0.848145 0.049561 0.5451 0.4550 0.4510
v -0.007568 0.849121 0.049561 0.3882 0.2078 0.1451
v 0.007568 0.849121 0.049561 0.6315 0.6118 0.6157
v -0.012939 0.852539 0.049561 0.2667 0.1333 0.0941
v 0.012939 0.852539 0.049561 0.2510 0.1530 0.1333
v -0.017334 0.853516 0.049561 0.2157 0.1020 0.0706
v 0.017334 0.853516 0.049561 0.3255 0.1843 0.1451
v -0.023193 0.855957 0.049561 0.2588 0.1451 0.1020
v 0.023193 0.855957 0.049561 0.3372 0.1843 0.1451
v -0.025635 0.860352 0.049561 0.4941 0.3137 0.2353
v 0.025635 0.860352 0.049561 0.4980 0.3137 0.2510
v 0.035889 0.867676 0.049561 0.3294 0.2157 0.1490
v -0.041748 0.870117 0.049561 0.3255 0.2039 0.1451
v 0.029053 0.872559 0.049561 0.2588 0.1647 0.1059
v -0.017822 0.879395 0.049561 0.3019 0.1843 0.1255
v -0.017334 0.879883 0.049561 0.3059 0.1882 0.1294
v -0.046631 0.882324 0.049561 0.4314 0.2863 0.2118
v 0.014404 0.885254 0.049561 0.5255 0.3451 0.2510
v 0.014893 0.885254 0.049561 0.3333 0.2157 0.1530
v -0.004639 0.895996 0.049561 0.2667 0.1608 0.1176
v -0.004639 0.903809 0.049561 0.2510 0.1530 0.0902
v -0.013916 0.907715 0.049561 0.2235 0.1412 0.0941
v -0.124268 0.392578 0.049561 0.0902 0.1216 0.2118
v 0.124268 0.392578 0.049561 0.1961 0.1451 0.1373
v -0.108643 0.368164 0.049561 0.7020 0.4471 0.3216
v 0.108643 0.368164 0.049561 0.6550 0.4392 0.3412
v -0.187744 0.028809 0.049561 0.0941 0.1373 0.2549
v 0.188232 0.028809 0.049561 0.0941 0.1451 0.2745
v -0.195068 0.008789 0.049561 0.3921 0.2902 0.1843
v 0.195068 0.008789 0.049561 0.6628 0.5608 0.3921
v -0.196045 0.007324 0.049561 0.7921 0.6197 0.3294
v 0.196045 0.007324 0.049561 0.8117 0.6628 0.4039
v 0.083252 0.530762 0.050049 0.0471 0.0902 0.2078
v -0.003174 0.814453 0.050049 0.5412 0.3372 0.2471
v 0.003174 0.814453 0.050049 0.5686 0.3490 0.2627
v -0.003174 0.818359 0.050049 0.5764 0.3725 0.3019
v 0.003174 0.818359 0.050049 0.6197 0.4078 0.3372
v 0.006104 0.821777 0.050049 0.5412 0.3372 0.2823
v -0.013428 0.833496 0.050049 0.6824 0.4392 0.3529
v 0.013428 0.833496 0.050049 0.7137 0.4706 0.3804
v -0.013428 0.836914 0.050049 0.7020 0.4550 0.3647
v 0.013428 0.836914 0.050049 0.7255 0.4706 0.3843
v -0.010010 0.840820 0.050049 0.6589 0.4235 0.3372
v 0.010010 0.840820 0.050049 0.6863 0.4432 0.3490
v -0.007568 0.844727 0.050049 0.6276 0.3568 0.2588
v 0.007568 0.844727 0.050049 0.6980 0.4745 0.3961
v -0.010010 0.851074 0.050049 0.3372 0.1765 0.1333
v 0.010010 0.851074 0.050049 0.4980 0.4784 0.4823
v -0.017334 0.853516 0.050049 0.2157 0.1059 0.0784
v 0.017334 0.853516 0.050049 0.3568 0.1961 0.1530
v -0.024170 0.857910 0.050049 0.4000 0.2510 0.1804
v 0.024170 0.857910 0.050049 0.2353 0.1490 0.1098
v -0.025146 0.860840 0.050049 0.5216 0.3333 0.2471
v 0.025146 0.860840 0.050049 0.4628 0.2706 0.2078
v -0.024658 0.862793 0.050049 0.5451 0.3568 0.2667
v 0.024658 0.862793 0.050049 0.4314 0.2627 0.1922
v 0.031006 0.864746 0.050049 0.2863 0.1804 0.1216
v -0.036865 0.868652 0.050049 0.2510 0.1569 0.1098
v -0.019287 0.870117 0.050049 0.6902 0.4550 0.3529
v 0.019287 0.870117 0.050049 0.6157 0.3961 0.3059
v -0.034424 0.873535 0.050049 0.2118 0.1373 0.0863
v -0.024170 0.884277 0.050049 0.1765 0.1059 0.0588
v -0.013916 0.885254 0.050049 0.3451 0.2157 0.1490
v -0.008545 0.895020 0.050049 0.2353 0.1294 0.0863
v -0.009033 0.901855 0.050049 0.2078 0.1216 0.0863
v -0.010498 0.909668 0.050049 0.2196 0.1294 0.0784
v -0.126221 0.034180 0.050049 0.7725 0.6315 0.3529
v 0.126221 0.034180 0.050049 0.0902 0.1490 0.2667
v -0.054443 0.635742 0.050537 0.6745 0.4471 0.3529
v 0.054443 0.635742 0.050537 0.6824 0.4510 0.3412
v -0.068115 0.654785 0.050537 0.6393 0.4118 0.3176
v 0.068115 0.654785 0.050537 0.6157 0.4039 0.3059
v -0.436279 0.737793 0.050537 0.6824 0.0275 0.0588
v 0.436279 0.737793 0.050537 0.7294 0.5373 0.2588
v -0.000244 0.746094 0.050537 0.6432 0.4196 0.3216
v -0.007080 0.798340 0.050537 0.5569 0.3529 0.2706
v 0.007080 0.798340 0.050537 0.5569 0.3451 0.2745
v -0.008057 0.810547 0.050537 0.6315 0.4039 0.3216
v 0.008057 0.810547 0.050537 0.6550 0.4275 0.3333
v -0.010498 0.813477 0.050537 0.6393 0.4157 0.3216
v 0.010498 0.813477 0.050537 0.6941 0.4706 0.3765
v -0.003174 0.817871 0.050537 0.5961 0.3882 0.3059
v 0.003174 0.817871 0.050537 0.6236 0.4196 0.3294
v -0.000244 0.818359 0.050537 0.5961 0.3882 0.3137
v -0.009521 0.818359 0.050537 0.5137 0.2902 0.2627
v 0.009521 0.818359 0.050537 0.5490 0.3333 0.2667
v -0.003662 0.819336 0.050537 0.4628 0.2510 0.2039
v -0.004150 0.819824 0.050537 0.4589 0.2353 0.2039
v -0.006592 0.819824 0.050537 0.4392 0.2118 0.1922
v 0.004150 0.819824 0.050537 0.4275 0.2118 0.1765
v 0.006592 0.819824 0.050537 0.4353 0.2196 0.1765
v -0.006592 0.820312 0.050537 0.4392 0.2353 0.1922
v 0.006592 0.820312 0.050537 0.4823 0.2549 0.2157
v -0.006104 0.825195 0.050537 0.6863 0.4784 0.4118
v 0.005615 0.825195 0.050537 0.6824 0.4823 0.4039
v -0.011963 0.825684 0.050537 0.7294 0.4941 0.4039
v 0.011963 0.825684 0.050537 0.7372 0.4941 0.4078
v -0.012451 0.827637 0.050537 0.7333 0.4980 0.4039
v 0.012451 0.827637 0.050537 0.7176 0.4745 0.3843
v -0.012939 0.830078 0.050537 0.7176 0.4823 0.3882
v 0.012939 0.830078 0.050537 0.7059 0.4628 0.3725
v -0.009033 0.842773 0.050537 0.6276 0.3921 0.2980
v 0.009033 0.842773 0.050537 0.6863 0.4589 0.3882
v -0.008545 0.843750 0.050537 0.6315 0.3647 0.2667
v 0.008545 0.843750 0.050537 0.7098 0.4745 0.4000
v -0.007080 0.845703 0.050537 0.6315 0.3608 0.2823
v 0.007080 0.845703 0.050537 0.5961 0.3686 0.2980
v -0.013428 0.852539 0.050537 0.2118 0.0863 0.0549
v 0.013428 0.852539 0.050537 0.2392 0.1530 0.1255
v -0.023682 0.855957 0.050537 0.4589 0.2902 0.2118
v 0.023682 0.855957 0.050537 0.4353 0.2549 0.2118
v -0.025146 0.858398 0.050537 0.5725 0.3804 0.2902
v 0.025146 0.858398 0.050537 0.4353 0.2745 0.2157
v 0.032959 0.865234 0.050537 0.3608 0.2314 0.1569
v -0.040283 0.875977 0.050537 0.3529 0.2235 0.1647
v -0.019775 0.882812 0.050537 0.2118 0.1255 0.0863
v -0.048096 0.883301 0.050537 0.3372 0.2235 0.1490
v -0.050049 0.885254 0.050537 0.4510 0.3059 0.2314
v -0.008057 0.889160 0.050537 0.3059 0.1961 0.1333
v -0.031982 0.900879 0.050537 0.2706 0.1608 0.0980
v 0.009521 0.920410 0.050537 0.2980 0.1843 0.1294
v -0.025635 0.921387 0.050537 0.3804 0.2510 0.1686
v -0.101318 0.426758 0.050537 0.4510 0.3647 0.2784
v -0.193604 0.000000 0.050537 0.4353 0.3216 0.1843
v 0.193604 0.000000 0.050537 0.7333 0.5569 0.2745
v 0.086182 0.515625 0.051025 0.0314 0.0863 0.2039
v -0.046631 0.613281 0.051025 0.5921 0.3765 0.2902
v 0.046631 0.613281 0.051025 0.6393 0.4196 0.3216
v -0.073975 0.750977 0.051025 0.7176 0.4667 0.3608
v 0.073975 0.750977 0.051025 0.7176 0.4667 0.3608
v 0.439209 0.780273 0.051025 0.7764 0.5921 0.2745
v -0.000244 0.798828 0.051025 0.5569 0.3568 0.2745
v -0.009521 0.802246 0.051025 0.6745 0.4510 0.3608
v 0.009521 0.802246 0.051025 0.6706 0.4432 0.3608
v -0.009033 0.806152 0.051025 0.7412 0.5059 0.4157
v 0.009033 0.806152 0.051025 0.7137 0.4745 0.3882
v -0.000244 0.814453 0.051025 0.6236 0.3921 0.3137
v -0.010010 0.815430 0.051025 0.6785 0.4314 0.3608
v 0.010010 0.815430 0.051025 0.7216 0.4784 0.3961
v -0.010010 0.816895 0.051025 0.6706 0.4392 0.3843
v 0.010010 0.816895 0.051025 0.6941 0.4745 0.4000
v -0.000244 0.817871 0.051025 0.6039 0.4000 0.3216
v 0.003662 0.819336 0.051025 0.4078 0.1922 0.1686
v -0.002197 0.819824 0.051025 0.4706 0.2471 0.2078
v -0.006592 0.819824 0.051025 0.4550 0.2314 0.1961
v 0.002197 0.819824 0.051025 0.4589 0.2353 0.2078
v 0.006592 0.819824 0.051025 0.4823 0.2549 0.2157
v -0.003662 0.821777 0.051025 0.4471 0.2471 0.1961
v -0.003174 0.829590 0.051025 0.6039 0.3608 0.2784
v 0.003174 0.829590 0.051025 0.5921 0.3647 0.2863
v -0.000244 0.830566 0.051025 0.5647 0.3333 0.2588
v -0.010498 0.837891 0.051025 0.6706 0.4157 0.3333
v 0.010498 0.837891 0.051025 0.7216 0.4784 0.3804
v -0.007568 0.841797 0.051025 0.6471 0.4000 0.3137
v -0.009033 0.841797 0.051025 0.6393 0.4000 0.3059
v 0.007568 0.841797 0.051025 0.6667 0.4353 0.3529
v 0.009033 0.841797 0.051025 0.6785 0.4392 0.3686
v -0.008545 0.842773 0.051025 0.6315 0.3921 0.2941
v 0.008545 0.842773 0.051025 0.6902 0.4510 0.3843
v -0.007568 0.843750 0.051025 0.6276 0.3725 0.2784
v 0.007568 0.843750 0.051025 0.6824 0.4628 0.3961
v -0.007080 0.844727 0.051025 0.6315 0.3529 0.2667
v 0.007080 0.844727 0.051025 0.6276 0.4039 0.3372
v -0.005615 0.845215 0.051025 0.5921 0.3490 0.2745
v -0.006592 0.845215 0.051025 0.6157 0.3529 0.2667
v 0.005615 0.845215 0.051025 0.5412 0.3725 0.3176
v 0.006592 0.845215 0.051025 0.4706 0.2588 0.2000
v -0.006104 0.846191 0.051025 0.6197 0.3529 0.2784
v 0.006104 0.846191 0.051025 0.4039 0.2157 0.1608
v -0.024658 0.860840 0.051025 0.5725 0.3686 0.2706
v 0.024658 0.860840 0.051025 0.4432 0.2588 0.1882
v -0.023682 0.861328 0.051025 0.6000 0.3843 0.2941
v 0.023682 0.861328 0.051025 0.4353 0.2667 0.1922
v -0.015381 0.878906 0.051025 0.3216 0.1961 0.1490
v 0.030518 0.879395 0.051025 0.3765 0.2432 0.1686
v -0.015381 0.879883 0.051025 0.2353 0.1373 0.0941
v 0.020264 0.881348 0.051025 0.1922 0.1216 0.0706
v 0.011963 0.883789 0.051025 0.2863 0.1882 0.1333
v -0.027588 0.884766 0.051025 0.1843 0.1098 0.0549
v -0.006104 0.896484 0.051025 0.2235 0.1255 0.0824
v 0.029541 0.902344 0.051025 0.2941 0.1804 0.1137
v 0.020264 0.920410 0.051025 0.3216 0.2118 0.1490
v -0.129150 0.375488 0.051025 0.0863 0.1451 0.2667
v 0.129150 0.375488 0.051025 0.3490 0.2196 0.1490
v -0.127197 0.374512 0.051025 0.0784 0.1294 0.2471
v 0.127197 0.374512 0.051025 0.2745 0.2118 0.1843
v -0.054932 0.588867 0.051514 0.5882 0.4118 0.2235
v 0.054932 0.588867 0.051514 0.6157 0.4353 0.2745
v -0.424561 0.740723 0.051514 0.6824 0.0196 0.0510
v 0.424561 0.740723 0.051514 0.7412 0.5725 0.2627
v -0.415283 0.755859 0.051514 0.6980 0.0235 0.0549
v 0.415283 0.755859 0.051514 0.7843 0.6000 0.2471
v -0.052490 0.760254 0.051514 0.7176 0.4667 0.3608
v 0.052490 0.760254 0.051514 0.7020 0.4550 0.3568
v -0.439209 0.780273 0.051514 0.7255 0.0431 0.0784
v 0.423096 0.782715 0.051514 0.8157 0.6315 0.2392
v -0.003174 0.798340 0.051514 0.5098 0.3098 0.2353
v 0.003174 0.798340 0.051514 0.5569 0.3490 0.2745
v -0.005127 0.811523 0.051514 0.5764 0.3647 0.2823
v 0.005127 0.811523 0.051514 0.6471 0.4157 0.3333
v -0.010010 0.818848 0.051514 0.4628 0.2353 0.2118
v 0.010010 0.818848 0.051514 0.4902 0.2706 0.2039
v -0.000244 0.819336 0.051514 0.4667 0.2471 0.2039
v -0.007080 0.819824 0.051514 0.4667 0.2314 0.2235
v 0.007080 0.819824 0.051514 0.5019 0.2823 0.2353
v -0.004639 0.820312 0.051514 0.4432 0.2118 0.1961
v 0.004639 0.820312 0.051514 0.4706 0.2432 0.2078
v -0.004150 0.820801 0.051514 0.5137 0.2980 0.2510
v 0.004150 0.820801 0.051514 0.5137 0.2941 0.2588
v 0.003174 0.821777 0.051514 0.5255 0.3176 0.2627
v -0.011475 0.823242 0.051514 0.7216 0.4823 0.3961
v 0.011475 0.823242 0.051514 0.7137 0.4745 0.3804
v -0.003174 0.825195 0.051514 0.6941 0.5019 0.4196
v -0.000244 0.829590 0.051514 0.5764 0.3529 0.2745
v -0.010498 0.834961 0.051514 0.6510 0.4039 0.3255
v 0.010498 0.834961 0.051514 0.7216 0.4784 0.3804
v -0.007568 0.844238 0.051514 0.6315 0.3568 0.2627
v 0.007568 0.844238 0.051514 0.6667 0.4471 0.3765
v -0.005127 0.848145 0.051514 0.4628 0.2510 0.1882
v 0.005127 0.848145 0.051514 0.4745 0.3412 0.3059
v -0.006592 0.848633 0.051514 0.4550 0.2588 0.1922
v 0.006592 0.848633 0.051514 0.4392 0.3568 0.3412
v -0.017822 0.853027 0.051514 0.2275 0.1098 0.0667
v 0.017822 0.853027 0.051514 0.3961 0.2275 0.1843
v -0.024170 0.858887 0.051514 0.6393 0.4235 0.3255
v 0.024170 0.858887 0.051514 0.4000 0.2314 0.1804
v -0.018799 0.863770 0.051514 0.7176 0.4863 0.3843
v 0.018799 0.863770 0.051514 0.6550 0.4235 0.3176
v -0.038330 0.868164 0.051514 0.2471 0.1686 0.1020
v -0.040771 0.869141 0.051514 0.2784 0.1647 0.1098
v -0.043701 0.877930 0.051514 0.3372 0.2118 0.1490
v -0.033447 0.880859 0.051514 0.2196 0.1294 0.0824
v -0.006592 0.889160 0.051514 0.2627 0.1608 0.1137
v 0.039307 0.890137 0.051514 0.3333 0.2157 0.1490
v -0.039307 0.896973 0.051514 0.3372 0.2157 0.1569
v 0.037842 0.899902 0.051514 0.4039 0.2588 0.1725
v 0.024658 0.906738 0.051514 0.3019 0.1882 0.1412
v -0.025635 0.914062 0.051514 0.3451 0.2275 0.1608
v -0.022217 0.915527 0.051514 0.3843 0.2549 0.1804
v -0.018311 0.921387 0.051514 0.2823 0.1804 0.1137
v -0.095947 0.362793 0.051514 0.6354 0.3961 0.2863
v 0.095947 0.362793 0.051514 0.6471 0.4118 0.3019
v -0.087158 0.318359 0.051514 0.6118 0.3921 0.3019
v 0.087158 0.318359 0.051514 0.6000 0.3882 0.2941
v -0.182373 0.033203 0.051514 0.0745 0.1098 0.2275
v 0.182373 0.033203 0.051514 0.0941 0.1294 0.2392
v -0.085693 0.517578 0.052002 0.1255 0.1490 0.2353
v 0.085693 0.519531 0.052002 0.0431 0.0941 0.2157
v -0.056885 0.599121 0.052002 0.6236 0.4196 0.3255
v 0.056885 0.599121 0.052002 0.5921 0.3882 0.2863
v -0.045166 0.621582 0.052002 0.6197 0.3961 0.3059
v 0.045166 0.621582 0.052002 0.6432 0.4275 0.3333
v -0.423096 0.782715 0.052002 0.7529 0.0353 0.0745
v -0.007568 0.819336 0.052002 0.4589 0.2275 0.2118
v 0.007568 0.819336 0.052002 0.4667 0.2432 0.2078
v -0.000244 0.819824 0.052002 0.4589 0.2314 0.2000
v -0.006592 0.819824 0.052002 0.5098 0.2627 0.2275
v -0.010498 0.819824 0.052002 0.6236 0.3961 0.3490
v 0.006592 0.819824 0.052002 0.5451 0.3059 0.2667
v 0.010498 0.819824 0.052002 0.5725 0.3490 0.2784
v -0.001221 0.820312 0.052002 0.4863 0.2627 0.2275
v -0.002197 0.820312 0.052002 0.4784 0.2471 0.2235
v -0.010986 0.820312 0.052002 0.6785 0.4471 0.3804
v 0.001221 0.820312 0.052002 0.4784 0.2549 0.2275
v 0.002197 0.820312 0.052002 0.4510 0.2196 0.2039
v 0.010986 0.820312 0.052002 0.6157 0.3921 0.3137
v -0.002197 0.820801 0.052002 0.5098 0.2863 0.2432
v -0.003174 0.820801 0.052002 0.5098 0.2941 0.2471
v -0.010986 0.820801 0.052002 0.7020 0.4745 0.3961
v 0.002197 0.820801 0.052002 0.5019 0.2745 0.2471
v 0.003174 0.820801 0.052002 0.5216 0.2980 0.2627
v 0.010986 0.820801 0.052002 0.6550 0.4314 0.3490
v -0.000244 0.821289 0.052002 0.4706 0.2627 0.2196
v 0.002686 0.825195 0.052002 0.6902 0.4823 0.4118
v -0.009033 0.828613 0.052002 0.6039 0.3608 0.2784
v -0.009521 0.830078 0.052002 0.6785 0.4353 0.3529
v 0.009521 0.830078 0.052002 0.7098 0.4667 0.3765
v -0.010010 0.832520 0.052002 0.7216 0.4667 0.3843
v 0.010010 0.832520 0.052002 0.7020 0.4667 0.3725
v -0.008057 0.838867 0.052002 0.6589 0.4118 0.3255
v 0.008057 0.838867 0.052002 0.6941 0.4706 0.3804
v -0.007568 0.843262 0.052002 0.6315 0.3804 0.2823
v 0.007568 0.843262 0.052002 0.6745 0.4589 0.3765
v -0.006592 0.845215 0.052002 0.6236 0.3490 0.2667
v 0.006592 0.845215 0.052002 0.5176 0.3216 0.2667
v -0.005615 0.845703 0.052002 0.6118 0.3568 0.2706
v 0.005615 0.845703 0.052002 0.4314 0.2549 0.2118
v -0.010010 0.850098 0.052002 0.2941 0.1451 0.1098
v 0.010010 0.850098 0.052002 0.2549 0.1804 0.1530
v -0.013428 0.851562 0.052002 0.2039 0.0902 0.0667
v 0.013428 0.851562 0.052002 0.2549 0.1686 0.1373
v -0.018311 0.853516 0.052002 0.3255 0.1804 0.1255
v 0.018311 0.853516 0.052002 0.4353 0.2510 0.1922
v -0.022705 0.859375 0.052002 0.6863 0.4550 0.3568
v 0.022705 0.859375 0.052002 0.3529 0.2078 0.1569
v -0.013916 0.878418 0.052002 0.3137 0.1922 0.1373
v -0.013428 0.879395 0.052002 0.2980 0.1804 0.1294
v 0.009521 0.883789 0.052002 0.2235 0.1333 0.0863
v -0.051025 0.884766 0.052002 0.4000 0.2745 0.2000
v -0.008057 0.885254 0.052002 0.3490 0.2157 0.1451
v 0.007568 0.885254 0.052002 0.5019 0.3333 0.2432
v 0.030029 0.888184 0.052002 0.2863 0.1686 0.1020
v 0.022705 0.902344 0.052002 0.1961 0.1216 0.0706
v -0.033936 0.908691 0.052002 0.4196 0.2706 0.1922
v -0.050049 0.416016 0.052002 0.5608 0.3882 0.3216
v 0.050049 0.416016 0.052002 0.4902 0.3608 0.3137
v -0.105713 0.407715 0.052002 0.6432 0.4275 0.3294
v 0.105713 0.407715 0.052002 0.6550 0.4432 0.3490
v -0.108154 0.388672 0.052002 0.6510 0.4235 0.3372
v 0.108154 0.388672 0.052002 0.6471 0.4275 0.3372
v -0.000244 0.812012 0.052490 0.5608 0.3490 0.2706
v -0.002197 0.812012 0.052490 0.5686 0.3568 0.2784
v 0.002197 0.812012 0.052490 0.5843 0.3686 0.2902
v -0.000244 0.820312 0.052490 0.4823 0.2588 0.2275
v -0.003174 0.820312 0.052490 0.5255 0.2902 0.2588
v -0.004150 0.820312 0.052490 0.5176 0.2745 0.2432
v -0.004639 0.820312 0.052490 0.4941 0.2549 0.2392
v 0.003174 0.820312 0.052490 0.5176 0.2863 0.2549
v 0.004150 0.820312 0.052490 0.5294 0.2980 0.2588
v 0.004639 0.820312 0.052490 0.5059 0.2784 0.2471
v -0.000244 0.824707 0.052490 0.6863 0.4823 0.4118
v 0.009033 0.828613 0.052490 0.7333 0.4902 0.4000
v -0.007080 0.841797 0.052490 0.6393 0.3804 0.3019
v 0.007080 0.841797 0.052490 0.6432 0.4589 0.3843
v -0.007080 0.842773 0.052490 0.6315 0.3804 0.2902
v 0.007080 0.842773 0.052490 0.6628 0.4510 0.3765
v -0.006592 0.844727 0.052490 0.6197 0.3529 0.2706
v 0.006592 0.844727 0.052490 0.6000 0.3921 0.3294
v -0.005127 0.846191 0.052490 0.5569 0.3255 0.2549
v 0.005127 0.846191 0.052490 0.5098 0.3568 0.2863
v -0.005127 0.847168 0.052490 0.6039 0.3490 0.2745
v 0.005127 0.847168 0.052490 0.3451 0.2157 0.1412
v -0.022705 0.856934 0.052490 0.6785 0.4550 0.3647
v 0.022705 0.856934 0.052490 0.4157 0.2549 0.2118
v 0.027100 0.869629 0.052490 0.2471 0.1569 0.1020
v -0.034424 0.872559 0.052490 0.2392 0.1530 0.1020
v 0.032959 0.872559 0.052490 0.2941 0.1804 0.1216
v -0.040771 0.875488 0.052490 0.2902 0.1725 0.1059
v -0.014404 0.876953 0.052490 0.6079 0.4039 0.3137
v 0.013916 0.876953 0.052490 0.4235 0.2588 0.1882
v 0.025635 0.876953 0.052490 0.2941 0.1882 0.1137
v -0.031494 0.878418 0.052490 0.2353 0.1490 0.0980
v -0.016357 0.882324 0.052490 0.2078 0.1294 0.0863
v -0.049072 0.882324 0.052490 0.2784 0.1647 0.1020
v -0.007568 0.884277 0.052490 0.2471 0.1490 0.1098
v 0.016357 0.884766 0.052490 0.2510 0.1530 0.0980
v -0.010986 0.887695 0.052490 0.2510 0.1530 0.1059
v -0.008057 0.888672 0.052490 0.3176 0.1961 0.1451
v -0.011963 0.893066 0.052490 0.2314 0.1451 0.0902
v 0.003662 0.917480 0.052490 0.2588 0.1412 0.1020
v 0.022217 0.918945 0.052490 0.3647 0.2392 0.1608
v -0.098389 0.425293 0.052490 0.4196 0.3490 0.2980
v 0.098389 0.425293 0.052490 0.2392 0.2275 0.2549
v -0.040771 0.409668 0.052490 0.1176 0.1569 0.2706
v 0.040771 0.409668 0.052490 0.1059 0.1530 0.2667
v -0.089111 0.362793 0.052490 0.6471 0.4078 0.3098
v 0.089111 0.362793 0.052490 0.6276 0.3961 0.2980
v 0.086670 0.509766 0.052979 0.0431 0.0941 0.2157
v -0.065186 0.678223 0.052979 0.6236 0.4000 0.3059
v 0.065186 0.678223 0.052979 0.6432 0.4235 0.3294
v -0.444580 0.743652 0.052978 0.7059 0.0431 0.0706
v 0.444580 0.743652 0.052979 0.6980 0.5059 0.2314
v -0.419678 0.748535 0.052978 0.6941 0.0078 0.0353
v -0.449951 0.748535 0.052978 0.7098 0.0314 0.0471
v 0.419678 0.748535 0.052979 0.7725 0.5804 0.2471
v 0.449951 0.748535 0.052979 0.6980 0.5137 0.2471
v -0.414795 0.772949 0.052978 0.7412 0.0353 0.0706
v 0.414795 0.772949 0.052979 0.8078 0.6157 0.2314
v -0.006592 0.802246 0.052979 0.6980 0.4706 0.3882
v 0.006592 0.802246 0.052979 0.6589 0.4275 0.3451
v -0.006104 0.806641 0.052979 0.7412 0.5098 0.4039
v 0.006104 0.806641 0.052979 0.7333 0.4980 0.4039
v -0.008057 0.814453 0.052979 0.6354 0.4157 0.3333
v 0.008057 0.814453 0.052979 0.6902 0.4628 0.3725
v -0.008057 0.816406 0.052979 0.6785 0.4510 0.3961
v 0.008057 0.816406 0.052979 0.6902 0.4589 0.3921
v -0.008057 0.817871 0.052979 0.6236 0.4000 0.3725
v 0.008057 0.817871 0.052979 0.6471 0.4196 0.3608
v -0.000244 0.819336 0.052979 0.4980 0.2667 0.2432
v -0.000244 0.819824 0.052979 0.4941 0.2588 0.2392
v -0.001221 0.819824 0.052979 0.4941 0.2588 0.2392
v -0.002197 0.819824 0.052979 0.5059 0.2706 0.2432
v 0.001221 0.819824 0.052979 0.4863 0.2588 0.2392
v 0.002197 0.819824 0.052979 0.5019 0.2745 0.2510
v -0.002197 0.820312 0.052979 0.5176 0.2863 0.2588
v 0.002197 0.820312 0.052979 0.4863 0.2471 0.2392
v -0.007080 0.830566 0.052979 0.6902 0.4314 0.3529
v 0.007080 0.830566 0.052979 0.7059 0.4745 0.3921
v -0.007568 0.832031 0.052979 0.7333 0.4667 0.3843
v 0.007568 0.832031 0.052979 0.7137 0.4784 0.3921
v -0.007568 0.836426 0.052979 0.6393 0.3647 0.2902
v 0.007568 0.836426 0.052979 0.7294 0.4902 0.3961
v -0.006104 0.842773 0.052979 0.6393 0.3843 0.2980
v 0.006104 0.842773 0.052979 0.6197 0.4039 0.3216
v -0.005615 0.846191 0.052979 0.6039 0.3529 0.2706
v 0.005615 0.846191 0.052979 0.4196 0.2667 0.2039
v -0.018311 0.854004 0.052979 0.5686 0.3882 0.3176
v 0.018311 0.854004 0.052979 0.4667 0.2863 0.2235
v -0.022217 0.859863 0.052979 0.7372 0.4823 0.3804
v 0.022217 0.859863 0.052979 0.3568 0.2118 0.1608
v -0.022217 0.861328 0.052979 0.7255 0.4745 0.3804
v 0.021729 0.861328 0.052979 0.4628 0.3137 0.2510
v -0.016846 0.881836 0.052979 0.2078 0.1294 0.0863
v 0.008057 0.882324 0.052979 0.2078 0.1216 0.0784
v 0.007080 0.882812 0.052979 0.2353 0.1412 0.0941
v -0.050537 0.883301 0.052979 0.2706 0.1530 0.0941
v -0.008545 0.883789 0.052979 0.2432 0.1451 0.0980
v -0.019775 0.884766 0.052979 0.1922 0.1137 0.0745
v 0.028564 0.886230 0.052979 0.2235 0.1098 0.0549
v -0.044678 0.886719 0.052979 0.3804 0.2667 0.1882
v -0.042236 0.887207 0.052979 0.4275 0.2667 0.2000
v -0.047119 0.889160 0.052979 0.4823 0.3255 0.2471
v -0.008545 0.895020 0.052979 0.2275 0.1294 0.0745
v -0.013916 0.899902 0.052979 0.2471 0.1451 0.0902
v -0.016357 0.905273 0.052979 0.3216 0.2000 0.1412
v -0.016357 0.906738 0.052979 0.3176 0.2078 0.1412
v -0.020264 0.910156 0.052979 0.3529 0.2157 0.1412
v -0.019287 0.912109 0.052979 0.3843 0.2549 0.1804
v -0.060303 0.322266 0.052979 0.6432 0.4118 0.3216
v 0.060303 0.322266 0.052979 0.6315 0.4118 0.3255
v -0.168213 0.038086 0.052979 0.7372 0.6315 0.3608
v 0.168213 0.038086 0.052979 0.1216 0.1020 0.1530
v 0.087646 0.502441 0.053467 0.0667 0.1137 0.2392
v -0.087646 0.502930 0.053467 0.0824 0.1020 0.1922
v -0.005127 0.819824 0.053467 0.4941 0.2588 0.2667
v 0.005127 0.819824 0.053467 0.4980 0.2706 0.2432
v -0.004639 0.820312 0.053467 0.5647 0.3098 0.2823
v -0.007080 0.820312 0.053467 0.5921 0.3490 0.3098
v 0.004639 0.820312 0.053467 0.5882 0.3490 0.2980
v 0.007080 0.820312 0.053467 0.6432 0.4078 0.3412
v -0.008545 0.825684 0.053467 0.6667 0.4432 0.3686
v 0.008545 0.825684 0.053467 0.7216 0.4863 0.3921
v -0.006104 0.829590 0.053467 0.6393 0.3921 0.3176
v 0.006104 0.829590 0.053467 0.6902 0.4628 0.3765
v -0.007080 0.833984 0.053467 0.7020 0.4275 0.3412
v 0.007080 0.833984 0.053467 0.7216 0.4941 0.4078
v -0.006592 0.839844 0.053467 0.6589 0.4039 0.3098
v 0.006592 0.839844 0.053467 0.6863 0.4510 0.3686
v -0.006592 0.843750 0.053467 0.6276 0.3529 0.2706
v 0.006592 0.843750 0.053467 0.6079 0.4039 0.3490
v -0.013916 0.851562 0.053467 0.2627 0.1294 0.0745
v 0.013916 0.851562 0.053467 0.3059 0.1922 0.1608
v 0.033447 0.855957 0.053467 0.2118 0.1294 0.0863
v -0.021240 0.859863 0.053467 0.7372 0.4823 0.3804
v 0.021240 0.859863 0.053467 0.3765 0.2196 0.1725
v 0.031006 0.861816 0.053467 0.2432 0.1490 0.0941
v -0.007568 0.880859 0.053467 0.2118 0.1216 0.0784
v 0.006592 0.881348 0.053467 0.2353 0.1412 0.0941
v -0.028564 0.884766 0.053467 0.2000 0.1216 0.0667
v 0.011963 0.884766 0.053467 0.1961 0.1216 0.0784
v 0.026611 0.884766 0.053467 0.2863 0.1804 0.1294
v -0.023682 0.885742 0.053467 0.2000 0.1176 0.0706
v -0.009521 0.888184 0.053467 0.2902 0.1843 0.1294
v -0.012451 0.892090 0.053467 0.2235 0.1373 0.0863
v 0.039307 0.895508 0.053467 0.4471 0.2902 0.2118
v -0.028076 0.901367 0.053467 0.3372 0.2118 0.1412
v -0.009521 0.901855 0.053467 0.2627 0.1569 0.1059
v 0.023193 0.903809 0.053467 0.2706 0.1725 0.1216
v -0.001709 0.912598 0.053467 0.2118 0.1098 0.0627
v 0.024658 0.913574 0.053467 0.4823 0.3098 0.2235
v -0.013916 0.916504 0.053467 0.2784 0.1804 0.1216
v -0.021240 0.918945 0.053467 0.4000 0.2588 0.1843
v -0.003662 0.748535 0.053955 0.6510 0.4314 0.3333
v 0.003662 0.748535 0.053955 0.6471 0.4275 0.3333
v -0.003174 0.802246 0.053955 0.6510 0.4196 0.3412
v 0.003174 0.802246 0.053955 0.6980 0.4706 0.3882
v -0.000244 0.802734 0.053955 0.6902 0.4589 0.3804
v -0.000244 0.807129 0.053955 0.7372 0.5019 0.4078
v -0.002686 0.807129 0.053955 0.7372 0.4980 0.4078
v 0.002686 0.807129 0.053955 0.7372 0.5019 0.4078
v -0.002197 0.819824 0.053955 0.5608 0.3176 0.2823
v -0.002686 0.819824 0.053955 0.5137 0.2863 0.2823
v 0.002197 0.819824 0.053955 0.5294 0.2941 0.2667
v 0.002686 0.819824 0.053955 0.4902 0.2549 0.2471
v -0.003662 0.820312 0.053955 0.5804 0.3333 0.3059
v 0.003662 0.820312 0.053955 0.5725 0.3294 0.2902
v -0.006104 0.842773 0.053955 0.6354 0.3725 0.2784
v 0.006104 0.842773 0.053955 0.6118 0.3804 0.3333
v -0.005615 0.843750 0.053955 0.6276 0.3608 0.2784
v 0.005615 0.843750 0.053955 0.5843 0.3686 0.3216
v -0.005127 0.846191 0.053955 0.6039 0.3568 0.2706
v 0.005127 0.846191 0.053955 0.4980 0.3412 0.2588
v -0.004639 0.848145 0.053955 0.4314 0.2314 0.1686
v 0.004639 0.848145 0.053955 0.3451 0.2118 0.1490
v -0.005615 0.848633 0.053955 0.3921 0.2118 0.1569
v 0.005615 0.848633 0.053955 0.3294 0.1961 0.1530
v -0.009521 0.850098 0.053955 0.2392 0.1176 0.0824
v 0.009521 0.850098 0.053955 0.2745 0.1647 0.1373
v -0.019287 0.854492 0.053955 0.6863 0.4353 0.3294
v 0.019287 0.854492 0.053955 0.5451 0.3412 0.2784
v 0.034912 0.856445 0.053955 0.2235 0.1373 0.0824
v -0.021729 0.857422 0.053955 0.7216 0.4863 0.3843
v 0.021729 0.857422 0.053955 0.2902 0.1451 0.0980
v -0.020264 0.857910 0.053955 0.7372 0.4863 0.3725
v 0.020264 0.857910 0.053955 0.3137 0.1647 0.1216
v 0.032959 0.862793 0.053955 0.2745 0.1725 0.1137
v -0.010010 0.877441 0.053955 0.3372 0.2157 0.1530
v -0.009521 0.877930 0.053955 0.3176 0.2118 0.1451
v 0.004639 0.881836 0.053955 0.2235 0.1294 0.0784
v -0.007568 0.883789 0.053955 0.2275 0.1412 0.0980
v 0.000244 0.884766 0.053955 0.3412 0.2078 0.1373
v -0.010498 0.894043 0.053955 0.2745 0.1647 0.1137
v -0.015869 0.895996 0.053955 0.2432 0.1412 0.0980
v -0.033936 0.899902 0.053955 0.3059 0.1922 0.1373
v -0.010986 0.910156 0.053955 0.2863 0.1765 0.1176
v -0.051514 0.396973 0.053955 0.6236 0.4078 0.3216
v 0.051514 0.396973 0.053955 0.6315 0.4235 0.3294
v -0.086670 0.329102 0.053955 0.6628 0.4353 0.3451
v 0.086670 0.329102 0.053955 0.6315 0.4118 0.3216
v -0.078369 0.313477 0.053955 0.6354 0.4157 0.3255
v 0.078369 0.313477 0.053955 0.6510 0.4235 0.3294
v -0.154541 0.042969 0.053955 0.3255 0.2471 0.1765
v 0.154541 0.042969 0.053955 0.5059 0.3725 0.2078
v -0.089111 0.492188 0.054443 0.0980 0.1255 0.2235
v -0.045654 0.588867 0.054443 0.5059 0.3412 0.2432
v 0.045654 0.588867 0.054443 0.5451 0.3686 0.2588
v -0.041748 0.599609 0.054443 0.5647 0.3647 0.2823
v 0.041748 0.599609 0.054443 0.6079 0.3921 0.3216
v -0.044189 0.630371 0.054443 0.5961 0.3843 0.2902
v 0.044189 0.630371 0.054443 0.6276 0.4118 0.3216
v -0.071533 0.694824 0.054443 0.5412 0.3372 0.2588
v 0.071533 0.694824 0.054443 0.5451 0.3372 0.2549
v -0.083740 0.722168 0.054443 0.6785 0.4432 0.3412
v 0.083740 0.722168 0.054443 0.6667 0.4392 0.3451
v -0.005615 0.814941 0.054443 0.6510 0.4196 0.3568
v 0.005615 0.814941 0.054443 0.6393 0.4235 0.3451
v -0.005615 0.816406 0.054443 0.6745 0.4432 0.4039
v 0.005615 0.816406 0.054443 0.6550 0.4275 0.3765
v -0.005615 0.818359 0.054443 0.5137 0.2745 0.2667
v 0.005615 0.818359 0.054443 0.5333 0.2941 0.2745
v -0.000244 0.819336 0.054443 0.4941 0.2549 0.2432
v -0.001221 0.819824 0.054443 0.5255 0.2863 0.2667
v 0.001221 0.819824 0.054443 0.5294 0.2863 0.2667
v -0.007568 0.821289 0.054443 0.6785 0.4510 0.3843
v 0.007568 0.821289 0.054443 0.6941 0.4706 0.3921
v -0.008057 0.822754 0.054443 0.7020 0.4745 0.3921
v 0.008057 0.822754 0.054443 0.7216 0.4902 0.3961
v -0.006104 0.826172 0.054443 0.6118 0.3882 0.3098
v 0.006104 0.826172 0.054443 0.7137 0.4863 0.4000
v -0.004639 0.828613 0.054443 0.6315 0.4039 0.3255
v 0.004639 0.828613 0.054443 0.6157 0.3961 0.3137
v -0.006104 0.834961 0.054443 0.6980 0.4000 0.3137
v 0.006104 0.834961 0.054443 0.7176 0.4941 0.4118
v -0.006104 0.837402 0.054443 0.7137 0.4157 0.3294
v 0.006104 0.837402 0.054443 0.7137 0.4863 0.3921
v -0.005127 0.844238 0.054443 0.6354 0.3843 0.2980
v 0.005127 0.844238 0.054443 0.5569 0.3608 0.3019
v -0.004639 0.846191 0.054443 0.6197 0.3608 0.2745
v 0.004639 0.846191 0.054443 0.5216 0.3608 0.2745
v -0.004150 0.846680 0.054443 0.5569 0.3294 0.2588
v 0.004150 0.846680 0.054443 0.4235 0.2627 0.2000
v -0.018799 0.855469 0.054443 0.6393 0.4275 0.3333
v 0.018799 0.855469 0.054443 0.2980 0.1647 0.1098
v 0.032471 0.855469 0.054443 0.2157 0.1333 0.0784
v -0.019287 0.859375 0.054443 0.7059 0.4784 0.3686
v 0.019287 0.859375 0.054443 0.4628 0.3019 0.2353
v 0.028076 0.867676 0.054443 0.2510 0.1451 0.0980
v -0.013916 0.868652 0.054443 0.7137 0.4745 0.3725
v 0.013916 0.868652 0.054443 0.6354 0.4157 0.3176
v 0.028564 0.869629 0.054443 0.2588 0.1569 0.0980
v 0.030518 0.870117 0.054443 0.3059 0.1882 0.1255
v -0.039307 0.873535 0.054443 0.3647 0.2275 0.1608
v -0.007080 0.877930 0.054443 0.2706 0.1647 0.1137
v -0.008057 0.877930 0.054443 0.2706 0.1647 0.1176
v -0.007080 0.878906 0.054443 0.2588 0.1530 0.1059
v -0.011963 0.879395 0.054443 0.2863 0.1725 0.1137
v -0.006104 0.880371 0.054443 0.2863 0.1765 0.1255
v 0.021729 0.880371 0.054443 0.2235 0.1333 0.0824
v -0.027588 0.882812 0.054443 0.2235 0.1294 0.0824
v -0.020264 0.883789 0.054443 0.1961 0.1176 0.0745
v 0.007568 0.883789 0.054443 0.1882 0.1176 0.0627
v -0.009521 0.887207 0.054443 0.2667 0.1608 0.1098
v -0.007568 0.889648 0.054443 0.2588 0.1608 0.1137
v -0.007080 0.896973 0.054443 0.2353 0.1451 0.0941
v -0.015381 0.898438 0.054443 0.2432 0.1451 0.1020
v -0.020264 0.899414 0.054443 0.2902 0.1843 0.1255
v -0.011963 0.900879 0.054443 0.2823 0.1725 0.1216
v 0.016846 0.904297 0.054443 0.2471 0.1647 0.1216
v -0.005615 0.905273 0.054443 0.2510 0.1569 0.1020
v -0.081787 0.364258 0.054443 0.6471 0.4196 0.3216
v 0.081787 0.364258 0.054443 0.6354 0.4157 0.3176
v -0.084229 0.345215 0.054443 0.6706 0.4432 0.3451
v 0.084229 0.345215 0.054443 0.6432 0.4157 0.3176
v -0.088135 0.510742 0.054932 0.1137 0.1373 0.2353
v -0.047607 0.599121 0.054932 0.5961 0.3843 0.2980
v 0.047607 0.599121 0.054932 0.5725 0.3804 0.2941
v -0.061768 0.646484 0.054932 0.6039 0.3843 0.2941
v 0.061768 0.646484 0.054932 0.5686 0.3608 0.2784
v -0.061279 0.689941 0.054932 0.5255 0.3216 0.2392
v 0.061279 0.689941 0.054932 0.5686 0.3568 0.2706
v -0.449463 0.757812 0.054932 0.7294 0.0353 0.0588
v 0.449463 0.757812 0.054932 0.7412 0.5451 0.2588
v -0.445068 0.768066 0.054932 0.7412 0.0588 0.0824
v 0.445068 0.768066 0.054932 0.7960 0.6118 0.2745
v -0.002686 0.815430 0.054932 0.6785 0.4392 0.3882
v 0.002686 0.815430 0.054932 0.6589 0.4353 0.3686
v -0.002686 0.818359 0.054932 0.4706 0.2275 0.2353
v 0.002686 0.818359 0.054932 0.4941 0.2549 0.2432
v -0.004639 0.820801 0.054932 0.6197 0.3804 0.3255
v 0.004639 0.820801 0.054932 0.6745 0.4353 0.3686
v -0.008057 0.822266 0.054932 0.6980 0.4745 0.3961
v 0.008057 0.822266 0.054932 0.7098 0.4863 0.4000
v -0.005615 0.830078 0.054932 0.6824 0.4196 0.3451
v 0.005615 0.830078 0.054932 0.6393 0.4118 0.3333
v -0.007080 0.831055 0.054932 0.7137 0.4196 0.3451
v 0.007080 0.831055 0.054932 0.6863 0.4589 0.3804
v -0.007080 0.833008 0.054932 0.7412 0.4510 0.3568
v 0.007080 0.833008 0.054932 0.6941 0.4706 0.3921
v -0.006592 0.834473 0.054932 0.7098 0.4196 0.3255
v 0.006592 0.834473 0.054932 0.7255 0.4902 0.4157
v -0.005127 0.843750 0.054932 0.6354 0.3725 0.2745
v 0.005127 0.843750 0.054932 0.5725 0.3725 0.3216
v -0.004639 0.845215 0.054932 0.6118 0.3568 0.2667
v 0.004639 0.845215 0.054932 0.5490 0.3568 0.2863
v -0.013916 0.852051 0.054932 0.4628 0.3019 0.2314
v 0.013916 0.852051 0.054932 0.3333 0.2078 0.1686
v 0.035400 0.856445 0.054932 0.2392 0.1451 0.1020
v 0.029541 0.860840 0.054932 0.2314 0.1412 0.0902
v 0.031006 0.869141 0.054932 0.2667 0.1686 0.1020
v -0.036865 0.872070 0.054932 0.2941 0.1961 0.1333
v -0.008057 0.875977 0.054932 0.3647 0.2235 0.1569
v 0.008057 0.875977 0.054932 0.3961 0.2353 0.1765
v -0.008057 0.876953 0.054932 0.2823 0.1725 0.1216
v -0.006104 0.877441 0.054932 0.2627 0.1608 0.1059
v -0.007080 0.877441 0.054932 0.2706 0.1608 0.1176
v -0.005127 0.877930 0.054932 0.2510 0.1451 0.0941
v 0.030029 0.877930 0.054932 0.4235 0.2823 0.2157
v -0.003662 0.878418 0.054932 0.2745 0.1647 0.1137
v -0.006104 0.878418 0.054932 0.2627 0.1608 0.1059
v -0.002197 0.878906 0.054932 0.2667 0.1530 0.1020
v -0.009521 0.878906 0.054932 0.2941 0.1804 0.1255
v -0.001221 0.879395 0.054932 0.2314 0.1294 0.0863
v -0.005127 0.879883 0.054932 0.2745 0.1569 0.1098
v 0.002197 0.879883 0.054932 0.2196 0.1333 0.0902
v -0.009033 0.880371 0.054932 0.2588 0.1530 0.1059
v 0.001221 0.880371 0.054932 0.2157 0.1255 0.0941
v -0.016357 0.881348 0.054932 0.2392 0.1490 0.1020
v -0.006104 0.883789 0.054932 0.2039 0.1176 0.0784
v -0.010986 0.883789 0.054932 0.2314 0.1333 0.0863
v -0.048096 0.888672 0.054932 0.3804 0.2432 0.1608
v -0.040771 0.890625 0.054932 0.3961 0.2588 0.1882
v -0.043701 0.893555 0.054932 0.4118 0.2667 0.1804
v -0.015381 0.896973 0.054932 0.2588 0.1569 0.1020
v -0.023682 0.900879 0.054932 0.3059 0.2000 0.1412
v -0.014404 0.908203 0.054932 0.3451 0.2157 0.1490
v -0.028076 0.908203 0.054932 0.3961 0.2549 0.1843
v -0.017334 0.914551 0.054932 0.4314 0.2863 0.2118
v 0.090576 0.424316 0.054932 0.3882 0.3294 0.3176
v -0.062744 0.418457 0.054932 0.5216 0.4000 0.3333
v 0.062744 0.418457 0.054932 0.5216 0.4039 0.3372
v -0.052979 0.379395 0.054932 0.6157 0.4000 0.3176
v 0.052979 0.379395 0.054932 0.6236 0.4078 0.3255
v -0.135010 0.038574 0.054932 0.0627 0.1216 0.2471
v 0.135010 0.038574 0.054932 0.2314 0.2706 0.3686
v 0.091064 0.485352 0.055420 0.0863 0.1294 0.2392
v -0.041260 0.588867 0.055420 0.5216 0.3529 0.2549
v 0.041260 0.588867 0.055420 0.5530 0.3686 0.2588
v -0.080322 0.735840 0.055420 0.6980 0.4471 0.3412
v 0.080322 0.735840 0.055420 0.7059 0.4706 0.3686
v -0.000244 0.815430 0.055420 0.6706 0.4392 0.3961
v -0.000244 0.816895 0.055420 0.6510 0.4235 0.3921
v -0.002686 0.816895 0.055420 0.6510 0.3961 0.3765
v 0.002686 0.816895 0.055420 0.6706 0.4392 0.4078
v -0.000244 0.818359 0.055420 0.5019 0.2627 0.2549
v -0.003662 0.821289 0.055420 0.6432 0.4000 0.3529
v 0.003662 0.821289 0.055420 0.6706 0.4353 0.3686
v -0.004150 0.826172 0.055420 0.5843 0.3647 0.2863
v 0.004150 0.826172 0.055420 0.6824 0.4628 0.3843
v -0.004150 0.829590 0.055420 0.7020 0.4353 0.3608
v 0.004150 0.829590 0.055420 0.5725 0.3568 0.2784
v -0.005127 0.840820 0.055420 0.7020 0.4235 0.3333
v 0.005127 0.840820 0.055420 0.6510 0.4235 0.3490
v -0.004639 0.844238 0.055420 0.6589 0.4118 0.3255
v 0.004639 0.844238 0.055420 0.5373 0.3451 0.2784
v 0.035889 0.850098 0.055420 0.2549 0.1569 0.1020
v -0.031494 0.876465 0.055420 0.2314 0.1490 0.0941
v -0.004150 0.877441 0.055420 0.2706 0.1569 0.1098
v -0.000732 0.878418 0.055420 0.2078 0.1216 0.0784
v -0.002686 0.879395 0.055420 0.2706 0.1569 0.1137
v -0.038818 0.881836 0.055420 0.3019 0.1843 0.1412
v -0.004639 0.882812 0.055420 0.3137 0.1882 0.1255
v -0.039795 0.882812 0.055420 0.2863 0.1608 0.1020
v -0.010010 0.885254 0.055420 0.2706 0.1686 0.1176
v 0.031494 0.900879 0.055420 0.4550 0.3098 0.2392
v -0.018799 0.902344 0.055420 0.3019 0.1765 0.1255
v -0.055908 0.340820 0.055420 0.6471 0.4235 0.3216
v 0.055908 0.340820 0.055420 0.6393 0.4275 0.3333
v -0.090576 0.484375 0.055908 0.1216 0.1569 0.2745
v -0.063721 0.661133 0.055908 0.6980 0.4628 0.3568
v 0.063721 0.661133 0.055908 0.6824 0.4550 0.3608
v -0.421631 0.764160 0.055908 0.7490 0.0353 0.0824
v 0.421631 0.764160 0.055908 0.8117 0.6236 0.2432
v 0.430420 0.772461 0.055908 0.8392 0.6510 0.2667
v -0.430420 0.772949 0.055908 0.7608 0.0392 0.0745
v -0.000244 0.820312 0.055908 0.6039 0.3568 0.3176
v -0.001221 0.820312 0.055908 0.6432 0.3961 0.3529
v 0.001221 0.820312 0.055908 0.6079 0.3568 0.3176
v -0.002686 0.820801 0.055908 0.6745 0.4353 0.3804
v 0.002686 0.820801 0.055908 0.6550 0.4157 0.3568
v -0.005127 0.822266 0.055908 0.6706 0.4471 0.3725
v 0.005127 0.822266 0.055908 0.7020 0.4667 0.3843
v -0.005615 0.824219 0.055908 0.6471 0.4235 0.3490
v 0.005615 0.824219 0.055908 0.7059 0.4745 0.3882
v -0.000244 0.825195 0.055908 0.5961 0.3961 0.3176
v -0.002197 0.825684 0.055908 0.5451 0.3333 0.2627
v 0.002197 0.825684 0.055908 0.6354 0.4314 0.3529
v -0.000244 0.826660 0.055908 0.5412 0.3294 0.2667
v -0.001709 0.827148 0.055908 0.6236 0.4000 0.3372
v 0.001709 0.827148 0.055908 0.5490 0.3412 0.2823
v -0.004639 0.830078 0.055908 0.7059 0.4471 0.3725
v 0.004639 0.830078 0.055908 0.6039 0.3804 0.3019
v -0.005127 0.837891 0.055908 0.7098 0.4157 0.3255
v 0.005127 0.837891 0.055908 0.6824 0.4550 0.3608
v -0.003174 0.848633 0.055908 0.5569 0.3490 0.2745
v 0.003174 0.848633 0.055908 0.3451 0.2039 0.1569
v 0.032959 0.855469 0.055908 0.2392 0.1530 0.0980
v -0.013428 0.861328 0.055908 0.7529 0.5137 0.4196
v 0.013428 0.861328 0.055908 0.7216 0.4706 0.3647
v 0.034424 0.862793 0.055908 0.2863 0.1843 0.1216
v -0.003174 0.875000 0.055908 0.2823 0.1608 0.1059
v 0.003174 0.875000 0.055908 0.4353 0.2745 0.2078
v -0.005127 0.881836 0.055908 0.3137 0.1843 0.1294
v -0.010498 0.882812 0.055908 0.2196 0.1176 0.0667
v -0.005615 0.883301 0.055908 0.2588 0.1530 0.1020
v -0.024170 0.883301 0.055908 0.2235 0.1333 0.0824
v 0.016846 0.883301 0.055908 0.2275 0.1294 0.0824
v -0.045654 0.885254 0.055908 0.3451 0.2235 0.1608
v -0.007080 0.889648 0.055908 0.2745 0.1725 0.1216
v -0.011475 0.892090 0.055908 0.2588 0.1530 0.0980
v -0.039795 0.897461 0.055908 0.3608 0.2314 0.1569
v -0.029053 0.900879 0.055908 0.3098 0.1961 0.1294
v -0.022705 0.905762 0.055908 0.3529 0.2235 0.1608
v 0.014893 0.917969 0.055908 0.3412 0.2235 0.1686
v -0.052979 0.361328 0.055908 0.6315 0.4000 0.3137
v 0.052979 0.361328 0.055908 0.6276 0.4118 0.3255
v -0.143311 0.041504 0.055908 0.2314 0.1725 0.1490
v 0.143311 0.041504 0.055908 0.2471 0.2235 0.2392
v -0.159912 0.000000 0.055908 0.3412 0.2549 0.1647
v 0.159912 0.000000 0.055908 0.3412 0.2471 0.1686
v -0.057373 0.666016 0.056396 0.6236 0.3961 0.3019
v 0.057373 0.666016 0.056396 0.6902 0.4667 0.3686
v -0.000244 0.734863 0.056396 0.6471 0.4275 0.3333
v -0.433350 0.744141 0.056396 0.7216 0.0235 0.0549
v 0.433350 0.744141 0.056397 0.7764 0.5882 0.2784
v -0.034424 0.756836 0.056396 0.7255 0.4902 0.3804
v 0.034424 0.756836 0.056396 0.7059 0.4667 0.3686
v -0.004150 0.822266 0.056396 0.6510 0.4314 0.3568
v 0.004150 0.822266 0.056396 0.7020 0.4784 0.3961
v -0.005615 0.823242 0.056396 0.6667 0.4432 0.3647
v 0.005615 0.823242 0.056396 0.7137 0.4745 0.3882
v -0.000244 0.823730 0.056396 0.6276 0.4118 0.3372
v -0.002197 0.824219 0.056396 0.5686 0.3608 0.2863
v -0.004150 0.824219 0.056396 0.6118 0.3921 0.3216
v 0.002197 0.824219 0.056396 0.6745 0.4510 0.3725
v 0.004150 0.824219 0.056396 0.6980 0.4667 0.3804
v -0.002197 0.828613 0.056396 0.6393 0.4039 0.3333
v 0.002197 0.828613 0.056396 0.5098 0.2941 0.2196
v -0.005127 0.835449 0.056396 0.7451 0.4432 0.3490
v 0.005127 0.835449 0.056396 0.6276 0.3882 0.3255
v -0.003174 0.847656 0.056396 0.5804 0.3647 0.2863
v 0.003174 0.847656 0.056396 0.3490 0.1961 0.1412
v -0.004150 0.849121 0.056396 0.5490 0.3451 0.2706
v 0.004150 0.849121 0.056396 0.3216 0.1882 0.1412
v -0.009033 0.850098 0.056396 0.4706 0.2941 0.2314
v 0.009033 0.850098 0.056396 0.2432 0.1530 0.1098
v 0.034912 0.856445 0.056396 0.2745 0.1686 0.1176
v 0.024658 0.873047 0.056396 0.2314 0.1373 0.0863
v -0.000244 0.874512 0.056396 0.3216 0.1843 0.1255
v -0.003174 0.879395 0.056396 0.2549 0.1451 0.0980
v -0.026611 0.879395 0.056396 0.2471 0.1451 0.0941
v -0.004150 0.879883 0.056396 0.2314 0.1373 0.0863
v -0.004639 0.881348 0.056396 0.2863 0.1686 0.1255
v -0.011475 0.881348 0.056396 0.3255 0.2118 0.1451
v -0.019287 0.882324 0.056396 0.2039 0.1216 0.0863
v 0.003662 0.882812 0.056396 0.1765 0.1020 0.0706
v 0.026611 0.883301 0.056396 0.2902 0.1804 0.1255
v -0.013916 0.886719 0.056396 0.3059 0.1922 0.1294
v -0.047119 0.886719 0.056396 0.2392 0.1255 0.0745
v -0.037842 0.891602 0.056396 0.4353 0.2941 0.2157
v -0.037354 0.894043 0.056396 0.4039 0.2745 0.1961
v -0.019287 0.900879 0.056396 0.2823 0.1804 0.1176
v 0.017822 0.906738 0.056396 0.3961 0.2549 0.1804
v 0.056396 0.598633 0.056885 0.6315 0.4510 0.2275
v -0.056396 0.599121 0.056885 0.5608 0.3961 0.2432
v -0.062256 0.683105 0.056885 0.6471 0.4235 0.3216
v 0.062256 0.683105 0.056885 0.6000 0.3804 0.2823
v -0.000244 0.821777 0.056885 0.6706 0.4432 0.3725
v -0.001221 0.821777 0.056885 0.6510 0.4235 0.3529
v 0.001221 0.821777 0.056885 0.6980 0.4628 0.3921
v -0.002686 0.822266 0.056885 0.6197 0.4078 0.3294
v 0.002686 0.822266 0.056885 0.7020 0.4706 0.3961
v -0.004150 0.823242 0.056885 0.6354 0.4196 0.3451
v 0.004150 0.823242 0.056885 0.6941 0.4706 0.3882
v -0.004639 0.830078 0.056885 0.7176 0.4628 0.3804
v 0.004639 0.830078 0.056885 0.6157 0.3921 0.3137
v -0.005127 0.830566 0.056885 0.7137 0.4510 0.3686
v 0.005127 0.830566 0.056885 0.6471 0.4196 0.3451
v -0.002686 0.831543 0.056885 0.7255 0.4823 0.3961
v 0.002686 0.831543 0.056885 0.6000 0.3804 0.3059
v -0.004150 0.841309 0.056885 0.7294 0.4784 0.3961
v 0.004150 0.841309 0.056885 0.6197 0.4000 0.3098
v -0.013916 0.853027 0.056885 0.6197 0.4157 0.3333
v 0.013916 0.853027 0.056885 0.2784 0.1451 0.1137
v 0.033936 0.855957 0.056885 0.2667 0.1686 0.1137
v 0.026611 0.865723 0.056885 0.2745 0.1647 0.1098
v -0.007568 0.866211 0.056885 0.7255 0.4863 0.3843
v 0.007568 0.866211 0.056885 0.6941 0.4550 0.3529
v -0.028076 0.875000 0.056885 0.2432 0.1451 0.0941
v 0.028564 0.875488 0.056885 0.4275 0.2863 0.2118
v -0.014893 0.881836 0.056885 0.2784 0.1765 0.1216
v 0.011963 0.884766 0.056885 0.2000 0.1176 0.0588
v -0.013428 0.887207 0.056885 0.2667 0.1647 0.1137
v -0.013428 0.888184 0.056885 0.2667 0.1608 0.1216
v -0.005615 0.889160 0.056885 0.1882 0.1059 0.0667
v 0.031982 0.890137 0.056885 0.3098 0.1765 0.1098
v -0.006104 0.896973 0.056885 0.3019 0.1922 0.1412
v -0.033447 0.896973 0.056885 0.2706 0.1647 0.1059
v -0.034912 0.900879 0.056885 0.3059 0.1804 0.1216
v -0.029541 0.902832 0.056885 0.2471 0.1490 0.0980
v -0.024170 0.903320 0.056885 0.2784 0.1608 0.1137
v 0.011475 0.904785 0.056885 0.2432 0.1451 0.0980
v -0.091553 0.424316 0.056885 0.4471 0.3647 0.3176
v -0.096436 0.384766 0.056885 0.6706 0.4353 0.3333
v 0.096436 0.384766 0.056885 0.6432 0.4235 0.3333
v -0.058350 0.566406 0.057373 0.7764 0.5882 0.2784
v 0.058350 0.566406 0.057373 0.7216 0.5294 0.2392
v -0.443604 0.750488 0.057373 0.7333 0.0510 0.0706
v 0.443604 0.750488 0.057373 0.7764 0.5804 0.2706
v -0.017822 0.753906 0.057373 0.7137 0.4745 0.3647
v 0.017822 0.753906 0.057373 0.6941 0.4667 0.3725
v -0.000244 0.822266 0.057373 0.6667 0.4392 0.3608
v -0.001221 0.822266 0.057373 0.6432 0.4235 0.3451
v 0.001221 0.822266 0.057373 0.6902 0.4628 0.3843
v -0.002686 0.822754 0.057373 0.6039 0.4000 0.3216
v 0.002686 0.822754 0.057373 0.6980 0.4706 0.3921
v -0.006104 0.831543 0.057373 0.7255 0.4510 0.3608
v 0.006104 0.831543 0.057373 0.6785 0.4510 0.3725
v -0.006104 0.833496 0.057373 0.7647 0.4628 0.3765
v 0.006104 0.833496 0.057373 0.6824 0.4471 0.3765
v -0.003174 0.845215 0.057373 0.6550 0.4353 0.3451
v 0.003174 0.845215 0.057373 0.4941 0.3216 0.2588
v -0.002197 0.848145 0.057373 0.5961 0.3921 0.3137
v 0.002197 0.848145 0.057373 0.3568 0.2078 0.1490
v -0.002197 0.849121 0.057373 0.6079 0.4000 0.3176
v -0.006104 0.849121 0.057373 0.5764 0.3686 0.2863
v 0.002197 0.849121 0.057373 0.4157 0.2510 0.1882
v 0.006104 0.849121 0.057373 0.2667 0.1569 0.1137
v 0.030029 0.860352 0.057373 0.2667 0.1647 0.1059
v -0.028564 0.869629 0.057373 0.2314 0.1373 0.0863
v -0.028076 0.880859 0.057373 0.2627 0.1569 0.1059
v -0.022217 0.881348 0.057373 0.2118 0.1216 0.0784
v 0.007568 0.884766 0.057373 0.1922 0.1098 0.0667
v -0.013428 0.886230 0.057373 0.3176 0.2039 0.1412
v -0.003174 0.886719 0.057373 0.2706 0.1608 0.1098
v 0.022217 0.888184 0.057373 0.1922 0.1059 0.0667
v -0.011963 0.889648 0.057373 0.2784 0.1686 0.1137
v 0.023193 0.889648 0.057373 0.3216 0.1922 0.1333
v -0.044678 0.893066 0.057373 0.3333 0.2078 0.1294
v -0.094971 0.467285 0.057373 0.1255 0.1530 0.2667
v 0.094971 0.467285 0.057373 0.0902 0.1294 0.2314
v -0.001221 0.828125 0.057861 0.6236 0.3843 0.3137
v 0.001221 0.828125 0.057861 0.5333 0.3176 0.2510
v -0.001709 0.828613 0.057861 0.6236 0.3882 0.3137
v 0.001709 0.828613 0.057861 0.5294 0.3098 0.2432
v -0.004150 0.838379 0.057861 0.7137 0.4471 0.3647
v 0.004150 0.838379 0.057861 0.6550 0.4275 0.3451
v -0.000244 0.848145 0.057861 0.5608 0.3608 0.2745
v -0.004150 0.848633 0.057861 0.5804 0.3725 0.2784
v 0.004150 0.848633 0.057861 0.2667 0.1530 0.1216
v 0.033447 0.861816 0.057861 0.3019 0.1843 0.1255
v -0.000244 0.863770 0.057861 0.7176 0.4745 0.3765
v -0.002686 0.864258 0.057861 0.7333 0.4902 0.3921
v 0.002686 0.864258 0.057861 0.7216 0.4784 0.3765
v -0.028076 0.864746 0.057861 0.2549 0.1530 0.1059
v 0.032471 0.868652 0.057861 0.3176 0.2039 0.1412
v -0.033936 0.876953 0.057861 0.3294 0.2118 0.1451
v -0.024170 0.878418 0.057861 0.2510 0.1530 0.0980
v -0.036865 0.878906 0.057861 0.2471 0.1490 0.1137
v -0.001221 0.880859 0.057861 0.2510 0.1490 0.1059
v -0.013428 0.885742 0.057861 0.3255 0.2039 0.1412
v -0.004639 0.888184 0.057861 0.3137 0.1961 0.1451
v -0.014404 0.896973 0.057861 0.2667 0.1647 0.1020
v 0.017334 0.912598 0.057861 0.4667 0.3137 0.2275
v 0.076416 0.420898 0.057861 0.6039 0.4550 0.3372
v -0.065186 0.398926 0.057861 0.6432 0.4235 0.3255
v 0.065186 0.398926 0.057861 0.6550 0.4275 0.3333
v -0.042236 0.389648 0.057861 0.1059 0.1647 0.2863
v 0.042236 0.389648 0.057861 0.1020 0.1530 0.2784
v -0.068604 0.378418 0.057861 0.6354 0.4157 0.3176
v 0.068604 0.378418 0.057861 0.6432 0.4235 0.3255
v -0.074463 0.325195 0.057861 0.6510 0.4275 0.3333
v 0.074463 0.325195 0.057861 0.6902 0.4628 0.3686
v -0.051514 0.637207 0.058350 0.5843 0.3765 0.2823
v 0.051514 0.637207 0.058350 0.6510 0.4314 0.3294
v -0.427979 0.753906 0.058350 0.7412 0.0314 0.0667
v 0.427979 0.753906 0.058350 0.7921 0.6000 0.2667
v -0.000244 0.827637 0.058350 0.5882 0.3608 0.2941
v -0.003662 0.830078 0.058350 0.7176 0.4667 0.3804
v 0.003662 0.830078 0.058350 0.6393 0.4157 0.3372
v -0.004150 0.835449 0.058350 0.7490 0.4706 0.3882
v 0.004150 0.835449 0.058350 0.6236 0.3843 0.3098
v 0.005615 0.848633 0.058350 0.2588 0.1569 0.1176
v -0.000244 0.849121 0.058350 0.5686 0.3647 0.2823
v -0.005615 0.849609 0.058350 0.5843 0.3725 0.2902
v 0.005615 0.849609 0.058350 0.2588 0.1569 0.1137
v -0.002197 0.850098 0.058350 0.6550 0.4314 0.3529
v 0.002197 0.850098 0.058350 0.5412 0.3412 0.2706
v -0.013916 0.856445 0.058350 0.7451 0.5098 0.4039
v 0.013916 0.856445 0.058350 0.6628 0.4510 0.3647
v -0.026611 0.860840 0.058350 0.2667 0.1608 0.1137
v 0.031982 0.860840 0.058350 0.3019 0.1961 0.1294
v -0.026611 0.865234 0.058350 0.2549 0.1490 0.1020
v -0.026611 0.869629 0.058350 0.2353 0.1412 0.0941
v -0.025635 0.874023 0.058350 0.2471 0.1412 0.0941
v 0.020752 0.876953 0.058350 0.2118 0.1255 0.0745
v 0.025146 0.881348 0.058350 0.3725 0.2549 0.2039
v -0.003174 0.883789 0.058350 0.3372 0.2000 0.1451
v -0.013916 0.883789 0.058350 0.3019 0.1882 0.1294
v -0.003662 0.885254 0.058350 0.2392 0.1412 0.0824
v -0.035400 0.888184 0.058350 0.4000 0.2627 0.1961
v -0.017334 0.889160 0.058350 0.3255 0.1961 0.1333
v -0.041260 0.889160 0.058350 0.3608 0.2275 0.1569
v -0.003174 0.895020 0.058350 0.3529 0.2235 0.1530
v -0.004639 0.895996 0.058350 0.3333 0.2000 0.1294
v 0.032471 0.895996 0.058350 0.4196 0.2706 0.2000
v 0.000732 0.900391 0.058350 0.3765 0.2471 0.1647
v 0.006104 0.903809 0.058350 0.4118 0.2823 0.2157
v -0.003662 0.904785 0.058350 0.3372 0.2118 0.1412
v 0.007568 0.915527 0.058350 0.2078 0.1216 0.0667
v -0.105225 0.405762 0.058350 0.1137 0.1686 0.3059
v 0.105225 0.405762 0.058350 0.1059 0.1647 0.2902
v -0.094482 0.405273 0.058350 0.6510 0.4275 0.3372
v 0.094482 0.405273 0.058350 0.6510 0.4314 0.3412
v -0.083252 0.381836 0.058350 0.6471 0.4353 0.3294
v 0.083252 0.381836 0.058350 0.6432 0.4235 0.3255
v -0.045654 0.372070 0.058350 0.1020 0.1490 0.2588
v 0.045654 0.372070 0.058350 0.0824 0.1373 0.2627
v -0.049072 0.357910 0.058350 0.0863 0.1255 0.2432
v 0.049072 0.357910 0.058350 0.0745 0.1333 0.2627
v -0.058350 0.583008 0.058838 0.6667 0.4706 0.2118
v 0.058350 0.583008 0.058838 0.6706 0.4784 0.2118
v -0.041260 0.630859 0.058838 0.5725 0.3568 0.2627
v 0.041260 0.630859 0.058838 0.5569 0.3568 0.2706
v 0.437744 0.761230 0.058838 0.8078 0.6276 0.2745
v -0.437744 0.761719 0.058838 0.7412 0.0431 0.0824
v -0.004150 0.830566 0.058838 0.7176 0.4706 0.3843
v 0.004150 0.830566 0.058838 0.6745 0.4510 0.3765
v -0.004639 0.833496 0.058838 0.7412 0.4745 0.3921
v 0.004639 0.833496 0.058838 0.6941 0.4550 0.3765
v -0.003174 0.842285 0.058838 0.7412 0.4980 0.4078
v 0.003174 0.842285 0.058838 0.6039 0.3843 0.3059
v -0.002197 0.845703 0.058838 0.6276 0.3961 0.3216
v 0.002197 0.845703 0.058838 0.4863 0.2980 0.2353
v 0.004639 0.848633 0.058838 0.2588 0.1490 0.1059
v -0.006104 0.849121 0.058838 0.5804 0.3725 0.2823
v 0.003174 0.849121 0.058838 0.3176 0.1882 0.1412
v 0.006592 0.849609 0.058838 0.2588 0.1530 0.1176
v -0.002686 0.850098 0.058838 0.6589 0.4353 0.3490
v 0.002686 0.850098 0.058838 0.5294 0.3490 0.2784
v -0.008545 0.851074 0.058838 0.6393 0.4235 0.3529
v 0.008545 0.851074 0.058838 0.2510 0.1333 0.0902
v -0.024170 0.857422 0.058838 0.2784 0.1725 0.1216
v -0.023682 0.857910 0.058838 0.2823 0.1765 0.1216
v -0.027588 0.860352 0.058838 0.2706 0.1686 0.1176
v -0.025635 0.861328 0.058838 0.2667 0.1725 0.1176
v -0.029541 0.864258 0.058838 0.2667 0.1647 0.1137
v -0.030518 0.869629 0.058838 0.2432 0.1412 0.0941
v 0.023193 0.870605 0.058838 0.2627 0.1647 0.1098
v -0.030518 0.875488 0.058838 0.3137 0.2000 0.1373
v -0.002197 0.880371 0.058838 0.2667 0.1530 0.1020
v -0.003174 0.881348 0.058838 0.2039 0.1137 0.0745
v 0.002686 0.881836 0.058838 0.1961 0.1216 0.0745
v -0.003662 0.882812 0.058838 0.3137 0.2000 0.1412
v -0.034424 0.886719 0.058838 0.2667 0.1686 0.1137
v -0.043701 0.891113 0.058838 0.3216 0.2078 0.1373
v -0.016846 0.892090 0.058838 0.2863 0.1843 0.1255
v -0.040771 0.896973 0.058838 0.4550 0.3176 0.2157
v 0.024658 0.902344 0.058838 0.3725 0.2432 0.1725
v 0.011475 0.906250 0.058838 0.3843 0.2471 0.1765
v 0.000732 0.911621 0.058838 0.2784 0.1686 0.1137
v 0.017334 0.463867 0.058838 0.0784 0.0980 0.1843
v 0.023682 0.451660 0.058838 0.0863 0.1137 0.2078
v -0.098877 0.447754 0.058838 0.1176 0.1530 0.2588
v 0.098877 0.447754 0.058838 0.1059 0.1451 0.2432
v -0.031006 0.430664 0.058838 0.0863 0.1059 0.1882
v 0.031006 0.430664 0.058838 0.0706 0.0980 0.1725
v -0.067627 0.362305 0.058838 0.6510 0.4275 0.3255
v 0.067627 0.362305 0.058838 0.6589 0.4392 0.3372
v -0.059326 0.570801 0.059326 0.7490 0.5647 0.2745
v 0.059326 0.570801 0.059326 0.7764 0.5921 0.3059
v -0.058350 0.593750 0.059326 0.6863 0.4941 0.2314
v 0.058350 0.593750 0.059326 0.7059 0.5176 0.2471
v -0.058350 0.597656 0.059326 0.7960 0.6236 0.3255
v 0.058350 0.597656 0.059326 0.8196 0.6432 0.3255
v -0.002197 0.829102 0.059326 0.6550 0.4078 0.3372
v 0.002197 0.829102 0.059326 0.5843 0.3647 0.2902
v -0.004639 0.831543 0.059326 0.7490 0.4902 0.4039
v 0.004639 0.831543 0.059326 0.7098 0.4784 0.4000
v -0.000244 0.845703 0.059326 0.6079 0.3804 0.3059
v -0.002686 0.849609 0.059326 0.6471 0.4235 0.3372
v -0.000244 0.850586 0.059326 0.6000 0.3804 0.2941
v -0.006104 0.850586 0.059326 0.5843 0.3725 0.2902
v -0.024658 0.856934 0.059326 0.2784 0.1725 0.1176
v -0.008057 0.858398 0.059326 0.7490 0.5137 0.4118
v 0.008057 0.858398 0.059326 0.7647 0.5255 0.4157
v 0.027100 0.864746 0.059326 0.3019 0.1922 0.1255
v -0.018311 0.883301 0.059326 0.2275 0.1412 0.1020
v -0.000732 0.890625 0.059326 0.3725 0.2392 0.1569
v -0.016846 0.890625 0.059326 0.3059 0.1922 0.1333
v -0.032471 0.895020 0.059326 0.3961 0.2549 0.1765
v -0.023682 0.451172 0.059326 0.0902 0.1216 0.2157
v -0.035889 0.408203 0.059326 0.1294 0.1647 0.2863
v 0.035889 0.408203 0.059326 0.1059 0.1333 0.2392
v -0.065186 0.522949 0.059814 0.0824 0.1059 0.2000
v -0.036377 0.588867 0.059814 0.5294 0.3608 0.2353
v 0.036377 0.588867 0.059814 0.5647 0.3765 0.2549
v -0.042725 0.615723 0.059814 0.6354 0.4000 0.2980
v 0.042725 0.615723 0.059814 0.5882 0.3804 0.2980
v -0.057861 0.667969 0.059814 0.6315 0.4039 0.3059
v 0.057861 0.667969 0.059814 0.6589 0.4392 0.3490
v -0.073486 0.700195 0.059814 0.5921 0.3804 0.2823
v 0.073486 0.700195 0.059814 0.6118 0.4000 0.3059
v -0.002686 0.830078 0.059814 0.7059 0.4628 0.3843
v 0.002686 0.830078 0.059814 0.6471 0.4196 0.3372
v -0.002686 0.838867 0.059814 0.7490 0.4863 0.4118
v 0.002686 0.838867 0.059814 0.6471 0.4196 0.3372
v -0.002197 0.842285 0.059814 0.7372 0.4941 0.4118
v 0.002197 0.842285 0.059814 0.6000 0.3765 0.2980
v -0.004639 0.849121 0.059814 0.6118 0.3921 0.3059
v -0.003662 0.849609 0.059814 0.6510 0.4314 0.3372
v 0.003662 0.849609 0.059814 0.5098 0.3372 0.2706
v 0.006104 0.849609 0.059814 0.2667 0.1530 0.1137
v 0.007080 0.850586 0.059814 0.2549 0.1530 0.1059
v -0.020752 0.854980 0.059814 0.3333 0.2118 0.1490
v -0.000244 0.855957 0.059814 0.7333 0.4980 0.3961
v -0.001709 0.856445 0.059814 0.7647 0.5294 0.4275
v 0.001709 0.856445 0.059814 0.7529 0.5176 0.4157
v -0.024658 0.856934 0.059814 0.2863 0.1804 0.1216
v -0.023193 0.857910 0.059814 0.3098 0.1922 0.1216
v -0.025146 0.861328 0.059814 0.2863 0.1882 0.1294
v 0.015869 0.880371 0.059814 0.1961 0.1176 0.0745
v -0.016357 0.885254 0.059814 0.2314 0.1255 0.0667
v 0.021729 0.886719 0.059814 0.2039 0.1216 0.0824
v -0.016846 0.888184 0.059814 0.4000 0.2588 0.1882
v -0.015381 0.894531 0.059814 0.3176 0.2000 0.1412
v 0.000732 0.900391 0.059814 0.3647 0.2314 0.1530
v -0.018799 0.900879 0.059814 0.3372 0.2196 0.1530
v 0.005615 0.904297 0.059814 0.3412 0.2196 0.1569
v 0.010498 0.911133 0.059814 0.4589 0.3176 0.2432
v -0.016846 0.463379 0.059814 0.0667 0.0941 0.1882
v -0.102783 0.425781 0.059814 0.1137 0.1530 0.2627
v 0.102783 0.425781 0.059814 0.0941 0.1255 0.2275
v -0.071045 0.342773 0.059814 0.6628 0.4392 0.3451
v 0.071045 0.342773 0.059814 0.7020 0.4706 0.3765
v -0.156494 0.038086 0.059814 0.0902 0.1176 0.1725
v 0.156494 0.038086 0.059814 0.1647 0.1882 0.2510
v -0.054932 0.651855 0.060303 0.6667 0.4353 0.3294
v 0.054932 0.651855 0.060303 0.6471 0.4275 0.3294
v -0.053955 0.688965 0.060303 0.5412 0.3333 0.2471
v 0.054443 0.689453 0.060303 0.5451 0.3412 0.2588
v -0.063721 0.692383 0.060303 0.5451 0.3412 0.2549
v 0.063721 0.692383 0.060303 0.5412 0.3372 0.2510
v -0.002686 0.736816 0.060303 0.6706 0.4392 0.3451
v 0.002686 0.736816 0.060303 0.6589 0.4353 0.3451
v -0.056396 0.744629 0.060303 0.7451 0.4823 0.3765
v 0.056396 0.744629 0.060303 0.7372 0.4863 0.3804
v -0.001709 0.828613 0.060303 0.6589 0.4118 0.3333
v 0.001709 0.828613 0.060303 0.6039 0.3686 0.2980
v -0.000244 0.842773 0.060303 0.6980 0.4589 0.3765
v 0.004639 0.849609 0.060303 0.3961 0.2353 0.1765
v 0.005615 0.850098 0.060303 0.3333 0.1882 0.1373
v -0.000244 0.852539 0.060303 0.6941 0.4589 0.3686
v -0.001221 0.852539 0.060303 0.6902 0.4550 0.3647
v 0.001221 0.852539 0.060303 0.7137 0.4823 0.3804
v -0.008545 0.854004 0.060303 0.7490 0.5216 0.4196
v 0.008545 0.854004 0.060303 0.7216 0.4863 0.3882
v -0.004150 0.856934 0.060303 0.7529 0.5176 0.4157
v 0.004150 0.856934 0.060303 0.7882 0.5530 0.4432
v -0.024170 0.857422 0.060303 0.3019 0.1922 0.1333
v -0.023682 0.857910 0.060303 0.3098 0.1922 0.1333
v -0.027588 0.859863 0.060303 0.2863 0.1804 0.1255
v -0.026123 0.865234 0.060303 0.2823 0.1686 0.1137
v 0.031494 0.867188 0.060303 0.3647 0.2157 0.1451
v 0.029541 0.874512 0.060303 0.2510 0.1451 0.0980
v 0.006592 0.882324 0.060303 0.1961 0.1216 0.0706
v 0.001221 0.882812 0.060303 0.2235 0.1373 0.0902
v -0.032959 0.884766 0.060303 0.1647 0.0784 0.0471
v -0.021240 0.889648 0.060303 0.3725 0.2392 0.1569
v -0.001221 0.891602 0.060303 0.3216 0.2039 0.1412
v -0.030518 0.891602 0.060303 0.4510 0.3059 0.2275
v -0.037354 0.892090 0.060303 0.3804 0.2353 0.1569
v -0.002686 0.893555 0.060303 0.2078 0.1255 0.0902
v -0.035889 0.900391 0.060303 0.3882 0.2471 0.1686
v -0.001221 0.903320 0.060303 0.2823 0.1725 0.1137
v 0.018311 0.903809 0.060303 0.3568 0.2353 0.1725
v -0.076416 0.420898 0.060303 0.4353 0.3843 0.3216
v -0.080322 0.419922 0.060303 0.3961 0.3568 0.3333
v 0.080322 0.419922 0.060303 0.5098 0.4275 0.3686
v -0.040283 0.389160 0.060303 0.1176 0.1569 0.2627
v 0.040283 0.389160 0.060303 0.1255 0.1569 0.2667
v -0.111084 0.370117 0.060303 0.0627 0.1137 0.2235
v 0.111084 0.370117 0.060303 0.0627 0.1176 0.2314
v -0.039307 0.599121 0.060791 0.5530 0.3647 0.2823
v 0.039307 0.599121 0.060791 0.5490 0.3451 0.2706
v -0.000244 0.828613 0.060791 0.6589 0.4157 0.3412
v -0.002686 0.835938 0.060791 0.7647 0.4980 0.4157
v 0.002686 0.835938 0.060791 0.6276 0.3882 0.3098
v -0.002686 0.851074 0.060791 0.7059 0.4784 0.3843
v -0.003662 0.851074 0.060791 0.6824 0.4589 0.3568
v -0.004639 0.851074 0.060791 0.6745 0.4392 0.3451
v 0.002686 0.851074 0.060791 0.6432 0.4353 0.3372
v 0.005127 0.851074 0.060791 0.5569 0.3647 0.2863
v -0.004150 0.852539 0.060791 0.7059 0.4745 0.3843
v 0.004150 0.852539 0.060791 0.6980 0.4745 0.3725
v -0.030029 0.864258 0.060791 0.2980 0.1922 0.1294
v -0.026123 0.869629 0.060791 0.2784 0.1686 0.1059
v -0.025146 0.874023 0.060791 0.2627 0.1530 0.1020
v -0.021729 0.881836 0.060791 0.2314 0.1373 0.0863
v 0.000732 0.881836 0.060791 0.2314 0.1451 0.0941
v 0.011475 0.881836 0.060791 0.1961 0.1098 0.0627
v -0.030518 0.882324 0.060791 0.3882 0.2235 0.1608
v -0.001221 0.888672 0.060791 0.3098 0.1804 0.1216
v -0.028564 0.890137 0.060791 0.2627 0.1530 0.0980
v 0.017334 0.891113 0.060791 0.2039 0.1216 0.0863
v -0.021240 0.892090 0.060791 0.3294 0.2000 0.1451
v -0.021240 0.893555 0.060791 0.4275 0.2863 0.2196
v -0.021240 0.895020 0.060791 0.3098 0.1961 0.1255
v -0.039307 0.895020 0.060791 0.4078 0.2706 0.1961
v -0.025146 0.895996 0.060791 0.3647 0.2314 0.1804
v -0.029053 0.895996 0.060791 0.3843 0.2471 0.1765
v -0.030029 0.902832 0.060791 0.3882 0.2471 0.1725
v 0.006104 0.902832 0.060791 0.4196 0.2745 0.1843
v -0.024170 0.903320 0.060791 0.3765 0.2392 0.1686
v 0.003662 0.908203 0.060791 0.3843 0.2471 0.1725
v -0.010010 0.467773 0.060791 0.0510 0.0784 0.1569
v -0.106689 0.406250 0.060791 0.1020 0.1451 0.2510
v 0.106689 0.406250 0.060791 0.1059 0.1451 0.2432
v -0.079346 0.401855 0.060791 0.6471 0.4353 0.3412
v 0.079346 0.401855 0.060791 0.6471 0.4275 0.3216
v -0.109131 0.386719 0.060791 0.0902 0.1412 0.2549
v 0.109131 0.386719 0.060791 0.0745 0.1294 0.2471
v -0.043701 0.371582 0.060791 0.0824 0.1176 0.2039
v 0.043701 0.371582 0.060791 0.0902 0.1216 0.2196
v -0.144287 0.037598 0.060791 0.1294 0.1216 0.1843
v 0.144287 0.037598 0.060791 0.2000 0.1843 0.2039
v -0.061768 0.545898 0.061279 0.1216 0.1569 0.2784
v 0.061768 0.545898 0.061279 0.1098 0.1451 0.2667
v -0.048584 0.656250 0.061279 0.6039 0.3843 0.2941
v 0.048584 0.656250 0.061279 0.6589 0.4314 0.3333
v -0.000244 0.722656 0.061279 0.6236 0.4039 0.3137
v -0.001709 0.839355 0.061279 0.7412 0.4823 0.4078
v 0.001709 0.839355 0.061279 0.6393 0.4078 0.3216
v -0.004150 0.850586 0.061279 0.6706 0.4510 0.3529
v 0.003174 0.850586 0.061279 0.6197 0.4196 0.3294
v 0.004150 0.850586 0.061279 0.5764 0.3804 0.2980
v 0.006104 0.851074 0.061279 0.2941 0.1608 0.1216
v -0.026611 0.860352 0.061279 0.3019 0.1922 0.1412
v -0.025635 0.860840 0.061279 0.3137 0.2000 0.1490
v 0.029541 0.865723 0.061279 0.3490 0.2196 0.1451
v -0.031006 0.869629 0.061279 0.2902 0.1765 0.1137
v 0.019775 0.874512 0.061279 0.2392 0.1530 0.1020
v -0.023682 0.878418 0.061279 0.2745 0.1686 0.1137
v -0.001221 0.886230 0.061279 0.2706 0.1490 0.1059
v -0.026123 0.887207 0.061279 0.4314 0.2706 0.1882
v -0.024170 0.891602 0.061279 0.3019 0.1961 0.1412
v 0.025146 0.892090 0.061279 0.4118 0.2588 0.1804
v -0.025146 0.894043 0.061279 0.4235 0.2784 0.1961
v -0.032959 0.894531 0.061279 0.4157 0.2706 0.1961
v 0.011963 0.904297 0.061279 0.3137 0.2039 0.1569
v -0.126221 0.000488 0.061279 0.7608 0.5569 0.2432
v 0.126221 0.000488 0.061279 0.2863 0.2314 0.1608
v 0.067139 0.507812 0.061768 0.1333 0.1686 0.2823
v 0.063232 0.525879 0.061768 0.1294 0.1647 0.2784
v -0.002686 0.830566 0.061768 0.7451 0.5019 0.4196
v 0.002686 0.830566 0.061768 0.6863 0.4589 0.3725
v -0.003662 0.833984 0.061768 0.7686 0.5059 0.4235
v 0.003662 0.833984 0.061768 0.7216 0.4745 0.4078
v -0.000244 0.839355 0.061768 0.6863 0.4432 0.3568
v 0.004639 0.852051 0.061768 0.6785 0.4471 0.3490
v 0.003174 0.852539 0.061768 0.6628 0.4432 0.3647
v -0.003174 0.853027 0.061768 0.7137 0.4980 0.4039
v -0.026611 0.864746 0.061768 0.3059 0.1961 0.1294
v -0.031006 0.875488 0.061768 0.3529 0.2275 0.1490
v -0.029541 0.881348 0.061768 0.4275 0.2784 0.1961
v -0.000732 0.881836 0.061768 0.2510 0.1490 0.1020
v -0.019287 0.885742 0.061768 0.2000 0.1176 0.0667
v -0.020264 0.888672 0.061768 0.4432 0.2863 0.2039
v 0.003174 0.893066 0.061768 0.3451 0.2157 0.1569
v -0.029053 0.895996 0.061768 0.3804 0.2510 0.1882
v -0.045654 0.358887 0.061768 0.0706 0.1333 0.2510
v 0.045654 0.358887 0.061768 0.0588 0.1333 0.2588
v -0.065186 0.510742 0.062256 0.1098 0.1373 0.2392
v -0.045654 0.642090 0.062256 0.6118 0.3882 0.2941
v 0.045654 0.642090 0.062256 0.5843 0.3725 0.2823
v -0.001709 0.829102 0.062256 0.7176 0.4745 0.3921
v 0.001709 0.829102 0.062256 0.6589 0.4275 0.3529
v -0.003662 0.832031 0.062256 0.7686 0.5255 0.4432
v 0.003662 0.832031 0.062256 0.7412 0.4980 0.4118
v -0.001709 0.836426 0.062256 0.7568 0.4941 0.4235
v 0.001709 0.836426 0.062256 0.6706 0.4235 0.3568
v 0.004150 0.852051 0.062256 0.6667 0.4471 0.3412
v -0.004639 0.852539 0.062256 0.6785 0.4628 0.3647
v -0.028564 0.864258 0.062256 0.3176 0.2039 0.1412
v 0.024170 0.869141 0.062256 0.3137 0.2000 0.1294
v 0.026611 0.879883 0.062256 0.5294 0.3725 0.2784
v -0.001709 0.883301 0.062256 0.2588 0.1412 0.0902
v 0.003662 0.883301 0.062256 0.2314 0.1412 0.0902
v -0.002197 0.885254 0.062256 0.3059 0.1922 0.1294
v 0.012451 0.893555 0.062256 0.2627 0.1765 0.1216
v 0.007568 0.894043 0.062256 0.2118 0.1176 0.0824
v -0.025146 0.895996 0.062256 0.3529 0.2235 0.1725
v -0.034912 0.897949 0.062256 0.3059 0.1961 0.1412
v 0.001221 0.897949 0.062256 0.4039 0.2627 0.1843
v 0.025635 0.897949 0.062256 0.4196 0.2706 0.1961
v -0.019287 0.898438 0.062256 0.3255 0.2000 0.1333
v -0.060303 0.414062 0.062256 0.1608 0.2039 0.3137
v 0.060303 0.414062 0.062256 0.1333 0.1843 0.2941
v -0.123779 0.008789 0.062256 0.5843 0.4628 0.2588
v 0.123779 0.008789 0.062256 0.4589 0.3765 0.2588
v -0.122803 0.007324 0.062256 0.7647 0.5725 0.2627
v 0.122803 0.007324 0.062256 0.7372 0.5451 0.2745
v -0.067627 0.488281 0.062744 0.1216 0.1569 0.2745
v 0.066162 0.496094 0.062744 0.0863 0.1137 0.2157
v -0.066650 0.497559 0.062744 0.0549 0.0706 0.1530
v 0.065674 0.501465 0.062744 0.1020 0.1490 0.2510
v 0.064209 0.511719 0.062744 0.1098 0.1490 0.2510
v -0.045654 0.648926 0.062744 0.6393 0.4118 0.3098
v 0.045654 0.648926 0.062744 0.6276 0.4039 0.3137
v -0.073486 0.707031 0.062744 0.5921 0.3451 0.2745
v 0.073486 0.707031 0.062744 0.6315 0.4118 0.3176
v -0.000244 0.829102 0.062744 0.6902 0.4510 0.3686
v -0.000244 0.836426 0.062744 0.7216 0.4628 0.3882
v 0.004639 0.853516 0.062744 0.6863 0.4471 0.3451
v -0.027100 0.869629 0.062744 0.3333 0.2196 0.1490
v 0.002197 0.895020 0.062744 0.2157 0.1255 0.0784
v -0.124268 0.019043 0.062744 0.0745 0.1176 0.2275
v 0.124268 0.019043 0.062744 0.0824 0.1294 0.2275
v -0.068604 0.482910 0.063232 0.1412 0.1922 0.3098
v -0.000244 0.615234 0.063232 0.5098 0.3019 0.2353
v -0.002686 0.833984 0.063232 0.7647 0.5098 0.4275
v 0.002686 0.833984 0.063232 0.6902 0.4432 0.3647
v -0.029541 0.869141 0.063232 0.3451 0.2275 0.1608
v 0.029053 0.872070 0.063232 0.3647 0.2118 0.1412
v -0.026611 0.874512 0.063232 0.3843 0.2510 0.1765
v 0.002686 0.882324 0.063232 0.2392 0.1412 0.0941
v -0.022705 0.883301 0.063232 0.2823 0.1804 0.1255
v -0.024658 0.885742 0.063232 0.4706 0.3137 0.2471
v -0.024658 0.899902 0.063232 0.4196 0.2863 0.2157
v -0.030029 0.899902 0.063232 0.2510 0.1530 0.1137
v 0.011475 0.468262 0.063232 0.0706 0.0941 0.1882
v -0.111084 0.387207 0.063232 0.0824 0.1216 0.2235
v 0.111084 0.387207 0.063232 0.1137 0.1451 0.2353
v 0.069092 0.480469 0.063721 0.0941 0.1333 0.2353
v -0.060791 0.527344 0.063721 0.1137 0.1451 0.2471
v -0.000244 0.712402 0.063721 0.6079 0.3843 0.3019
v -0.001709 0.830078 0.063721 0.7490 0.5019 0.4235
v 0.001709 0.830078 0.063721 0.6941 0.4589 0.3804
v -0.000244 0.833984 0.063721 0.7333 0.4745 0.3961
v 0.026611 0.870117 0.063721 0.3568 0.2275 0.1490
v -0.029053 0.875000 0.063721 0.3333 0.2078 0.1373
v 0.015381 0.878418 0.063721 0.2667 0.1530 0.1098
v -0.025146 0.879395 0.063721 0.2980 0.1922 0.1176
v -0.027588 0.880859 0.063721 0.3529 0.2392 0.1647
v 0.001709 0.890625 0.063721 0.4000 0.2588 0.1961
v 0.002197 0.467773 0.063721 0.0902 0.1137 0.2039
v -0.134033 0.033691 0.063721 0.0706 0.1216 0.2432
v 0.134033 0.033691 0.063721 0.1020 0.1451 0.2392
v 0.128662 0.029785 0.063721 0.1216 0.1608 0.2510
v -0.128662 0.029297 0.063721 0.0549 0.1137 0.2471
v -0.069580 0.478516 0.064209 0.1098 0.1333 0.2314
v -0.066650 0.503906 0.064209 0.1176 0.1530 0.2706
v -0.072021 0.714844 0.064209 0.6941 0.4432 0.3451
v 0.072021 0.714844 0.064209 0.6941 0.4550 0.3686
v -0.066650 0.729004 0.064209 0.6980 0.4471 0.3412
v 0.066650 0.729004 0.064209 0.6980 0.4550 0.3568
v -0.000244 0.830078 0.064209 0.7216 0.4823 0.4039
v -0.002197 0.832031 0.064209 0.7647 0.5216 0.4353
v 0.002197 0.832031 0.064209 0.7020 0.4589 0.3725
v 0.006104 0.882812 0.064209 0.2784 0.1686 0.1059
v 0.022217 0.884766 0.064209 0.4078 0.2510 0.1765
v 0.007568 0.893555 0.064209 0.1725 0.1059 0.0745
v 0.018799 0.894043 0.064209 0.4784 0.3216 0.2392
v 0.007080 0.896484 0.064209 0.2667 0.1490 0.0863
v 0.018799 0.899414 0.064209 0.4745 0.3019 0.2157
v 0.006592 0.900391 0.064209 0.4510 0.2941 0.2157
v -0.028564 0.588867 0.064697 0.5686 0.3961 0.2627
v 0.028564 0.588867 0.064697 0.5843 0.3961 0.2588
v -0.048584 0.659668 0.064697 0.5961 0.3725 0.2823
v 0.048584 0.659668 0.064697 0.5961 0.3882 0.2980
v -0.054443 0.673828 0.064697 0.6980 0.4550 0.3451
v 0.054443 0.673828 0.064697 0.6471 0.4275 0.3255
v -0.069092 0.700195 0.064697 0.5843 0.3451 0.2627
v 0.069092 0.700195 0.064697 0.6079 0.4000 0.3137
v 0.026611 0.862305 0.064697 0.2980 0.1843 0.1255
v 0.020752 0.873047 0.064697 0.3412 0.2196 0.1530
v 0.001221 0.882324 0.064697 0.2667 0.1451 0.1020
v 0.001221 0.887695 0.064697 0.3294 0.2118 0.1530
v -0.114014 0.372070 0.064697 0.0588 0.1137 0.2314
v 0.114014 0.372070 0.064697 0.0745 0.1412 0.2706
v -0.031982 0.625488 0.065186 0.6157 0.3961 0.2941
v 0.031982 0.625488 0.065186 0.6079 0.3921 0.2941
v -0.055908 0.691895 0.065186 0.5764 0.3608 0.2745
v 0.055908 0.691895 0.065186 0.5686 0.3608 0.2784
v -0.017822 0.740234 0.065186 0.7098 0.4706 0.3647
v 0.017822 0.740234 0.065186 0.7176 0.4823 0.3804
v -0.035889 0.742188 0.065186 0.7451 0.4863 0.3765
v 0.035889 0.742188 0.065186 0.7333 0.4863 0.3765
v -0.000244 0.832031 0.065186 0.7372 0.4863 0.4078
v 0.005127 0.881836 0.065186 0.2510 0.1530 0.0941
v 0.017822 0.889160 0.065186 0.2078 0.1176 0.0667
v 0.012451 0.892090 0.065186 0.1686 0.0902 0.0549
v 0.012939 0.895996 0.065186 0.4314 0.2863 0.2078
v 0.012451 0.900879 0.065186 0.4589 0.3059 0.2314
v 0.072998 0.461914 0.065186 0.1216 0.1569 0.2706
v -0.177979 0.034180 0.065186 0.0745 0.0980 0.2000
v 0.177979 0.034180 0.065186 0.1176 0.1569 0.2667
v -0.015869 0.475586 0.065674 0.0863 0.1176 0.2118
v -0.000244 0.619141 0.065674 0.6589 0.4353 0.3412
v -0.000244 0.627441 0.065674 0.6197 0.4078 0.3176
v -0.065186 0.696289 0.065674 0.6000 0.3725 0.2784
v 0.065186 0.696289 0.065674 0.6000 0.3882 0.2941
v -0.070068 0.705078 0.065674 0.5686 0.2863 0.2353
v 0.070068 0.705078 0.065674 0.6157 0.4000 0.3137
v -0.003174 0.724609 0.065674 0.6628 0.4353 0.3412
v 0.003174 0.724609 0.065674 0.6432 0.4196 0.3255
v 0.023682 0.863770 0.065674 0.2980 0.1843 0.1255
v 0.025635 0.876953 0.065674 0.4432 0.2863 0.2039
v 0.010010 0.881836 0.065674 0.3098 0.1922 0.1333
v 0.000244 0.884277 0.065674 0.3529 0.2314 0.1569
v 0.000244 0.886719 0.065674 0.2902 0.1765 0.1176
v -0.072998 0.461914 0.065674 0.1451 0.1882 0.3059
v -0.000244 0.621094 0.066162 0.6276 0.4078 0.3176
v -0.040771 0.659180 0.066162 0.6157 0.3921 0.3019
v 0.040771 0.659180 0.066162 0.5882 0.3765 0.2863
v -0.068604 0.700684 0.066162 0.5333 0.2706 0.2039
v 0.068604 0.700684 0.066162 0.6079 0.4039 0.3176
v -0.000244 0.701172 0.066162 0.6706 0.4471 0.3490
v -0.069580 0.704590 0.066162 0.5647 0.2823 0.2353
v 0.069580 0.704590 0.066162 0.6157 0.4000 0.3137
v 0.023682 0.863281 0.066162 0.3059 0.1922 0.1294
v 0.024170 0.864258 0.066162 0.3019 0.1882 0.1255
v 0.188232 0.028809 0.066162 0.1137 0.1647 0.2863
v -0.188232 0.028320 0.066162 0.1137 0.1686 0.2863
v -0.031006 0.599121 0.066650 0.5530 0.3568 0.2745
v 0.031006 0.599121 0.066650 0.5451 0.3412 0.2941
v -0.039795 0.636719 0.066650 0.6354 0.4078 0.3137
v 0.039795 0.636719 0.066650 0.6039 0.3843 0.2823
v -0.004150 0.702148 0.066650 0.6706 0.4510 0.3529
v 0.004150 0.702148 0.066650 0.6079 0.3882 0.2941
v 0.023682 0.863281 0.066650 0.2980 0.1882 0.1294
v 0.024170 0.863770 0.066650 0.3059 0.1922 0.1255
v 0.020264 0.866211 0.066650 0.2510 0.1490 0.0980
v 0.021240 0.866699 0.066650 0.2549 0.1530 0.1020
v 0.022705 0.874023 0.066650 0.3765 0.2432 0.1686
v 0.007568 0.879883 0.066650 0.2157 0.1059 0.0627
v 0.006104 0.890625 0.066650 0.4471 0.2823 0.2157
v -0.040771 0.479004 0.067139 0.1020 0.1294 0.2275
v -0.040771 0.483887 0.067139 0.0784 0.1020 0.1882
v -0.032471 0.614258 0.067139 0.6550 0.4314 0.3294
v 0.032471 0.614258 0.067139 0.6393 0.4196 0.3216
v -0.001709 0.616211 0.067139 0.5451 0.3412 0.2549
v 0.001709 0.616211 0.067139 0.6276 0.4235 0.3372
v -0.038818 0.689941 0.067139 0.5490 0.3372 0.2432
v 0.039307 0.690430 0.067139 0.5490 0.3451 0.2588
v -0.065186 0.697754 0.067139 0.6118 0.3843 0.2902
v 0.065186 0.697754 0.067139 0.6118 0.4000 0.3059
v -0.068604 0.700684 0.067139 0.5373 0.2667 0.1922
v 0.068115 0.700684 0.067139 0.6197 0.4039 0.3216
v -0.069092 0.704102 0.067139 0.5804 0.2980 0.2471
v 0.069092 0.704102 0.067139 0.6157 0.3882 0.3137
v -0.068115 0.708984 0.067139 0.5961 0.3372 0.2745
v 0.068115 0.708984 0.067139 0.6079 0.3647 0.2902
v 0.018311 0.870117 0.067139 0.2588 0.1569 0.1059
v 0.015381 0.874512 0.067139 0.2510 0.1490 0.0941
v 0.017334 0.876953 0.067139 0.4039 0.2706 0.1843
v 0.012451 0.878418 0.067139 0.2784 0.1686 0.1020
v 0.003662 0.881836 0.067139 0.2510 0.1333 0.0824
v -0.077393 0.441895 0.067139 0.1098 0.1373 0.2353
v 0.077393 0.441895 0.067139 0.1490 0.1922 0.3098
v -0.085693 0.399902 0.067139 0.1137 0.1725 0.2902
v 0.085693 0.399902 0.067139 0.1137 0.1725 0.2941
v 0.040283 0.474609 0.067627 0.1294 0.1765 0.2941
v -0.048096 0.504883 0.067627 0.1059 0.1333 0.2353
v -0.018799 0.588867 0.067627 0.5530 0.3961 0.2588
v 0.018799 0.588867 0.067627 0.5804 0.4118 0.2588
v -0.042236 0.651855 0.067627 0.6706 0.4235 0.3255
v 0.042236 0.651855 0.067627 0.6197 0.4000 0.3059
v -0.065186 0.698242 0.067627 0.6157 0.3804 0.2902
v 0.065186 0.698242 0.067627 0.6157 0.3961 0.3098
v -0.067627 0.708008 0.067627 0.6039 0.3451 0.2823
v 0.020264 0.865723 0.067627 0.2667 0.1686 0.1059
v 0.021729 0.867188 0.067627 0.3216 0.2000 0.1451
v 0.017334 0.869141 0.067627 0.2588 0.1608 0.0980
v 0.013916 0.873047 0.067627 0.2314 0.1373 0.0863
v 0.010986 0.876953 0.067627 0.2549 0.1530 0.0941
v 0.021240 0.881836 0.067627 0.4078 0.2588 0.1843
v 0.005127 0.887207 0.067627 0.3137 0.1843 0.1255
v 0.048096 0.456543 0.067627 0.0863 0.1137 0.2118
v -0.007080 0.624512 0.068115 0.6393 0.4118 0.3216
v 0.007080 0.624512 0.068115 0.6432 0.4235 0.3294
v -0.021729 0.625488 0.068115 0.6471 0.4196 0.3294
v 0.021729 0.625488 0.068115 0.6276 0.4078 0.3216
v -0.041748 0.643066 0.068115 0.6589 0.4235 0.3255
v 0.041748 0.643066 0.068115 0.6197 0.4000 0.3216
v -0.065674 0.698242 0.068115 0.6157 0.3765 0.2863
v 0.065674 0.698730 0.068115 0.6118 0.3921 0.3059
v 0.067627 0.708008 0.068115 0.6000 0.3529 0.2941
v 0.021729 0.866699 0.068115 0.3333 0.2118 0.1490
v 0.019287 0.870605 0.068115 0.2941 0.1843 0.1216
v -0.048096 0.456543 0.068115 0.0941 0.1176 0.2039
v -0.193115 0.019531 0.068115 0.0863 0.1255 0.2275
v 0.193115 0.019531 0.068115 0.0941 0.1216 0.2235
v 0.038818 0.488770 0.068604 0.1216 0.1608 0.2627
v -0.040771 0.489746 0.068604 0.1216 0.1530 0.2667
v -0.000244 0.588867 0.068604 0.5882 0.4157 0.2549
v -0.008057 0.588867 0.068604 0.5764 0.3961 0.2667
v 0.008057 0.588867 0.068604 0.5647 0.3961 0.2667
v -0.035400 0.598145 0.068604 0.7882 0.6039 0.3294
v 0.035400 0.598145 0.068604 0.7843 0.6039 0.3019
v -0.000244 0.609375 0.068604 0.6000 0.3921 0.3098
v -0.067627 0.707031 0.068604 0.6197 0.3529 0.2980
v 0.067627 0.707031 0.068604 0.5961 0.3451 0.2902
v 0.021240 0.865723 0.068604 0.3098 0.2000 0.1412
v 0.016846 0.875000 0.068604 0.3294 0.2118 0.1451
v 0.018799 0.877930 0.068604 0.4314 0.2863 0.2000
v 0.003174 0.883789 0.068604 0.3961 0.2627 0.1882
v 0.016846 0.885742 0.068604 0.4235 0.2667 0.1882
v 0.004150 0.886230 0.068604 0.4275 0.2902 0.2157
v 0.011475 0.888672 0.068604 0.4353 0.2784 0.1961
v -0.053467 0.435547 0.068604 0.1176 0.1569 0.2627
v 0.053467 0.435547 0.068604 0.0902 0.1216 0.2157
v -0.082275 0.419922 0.068604 0.1294 0.1765 0.2902
v 0.082275 0.419922 0.068604 0.1294 0.1725 0.2902
v -0.039795 0.472656 0.069092 0.0824 0.1137 0.2039
v -0.027100 0.482910 0.069092 0.1176 0.1451 0.2549
v -0.000244 0.637207 0.069092 0.6079 0.3961 0.3098
v -0.044189 0.666992 0.069092 0.6785 0.4432 0.3372
v 0.044189 0.666992 0.069092 0.6589 0.4314 0.3372
v -0.063721 0.712891 0.069092 0.6980 0.4471 0.3451
v 0.063721 0.712891 0.069092 0.7059 0.4706 0.3765
v -0.055908 0.726562 0.069092 0.7255 0.4745 0.3686
v 0.055908 0.726562 0.069092 0.7059 0.4628 0.3647
v 0.017334 0.868652 0.069092 0.3137 0.1961 0.1373
v 0.006592 0.879883 0.069092 0.3176 0.1922 0.1176
v 0.013916 0.880371 0.069092 0.4196 0.2784 0.1922
v -0.063721 0.394531 0.069092 0.1020 0.1569 0.2863
v 0.063721 0.394531 0.069092 0.0941 0.1412 0.2549
v 0.194580 0.009766 0.069092 0.2784 0.2314 0.1922
v -0.194580 0.009277 0.069092 0.4589 0.3725 0.2667
v -0.036865 0.565430 0.069580 0.7725 0.5764 0.2745
v -0.021729 0.620117 0.069580 0.6706 0.4471 0.3529
v 0.021729 0.620117 0.069580 0.6706 0.4471 0.3412
v -0.043213 0.680664 0.069580 0.7020 0.4589 0.3568
v 0.043213 0.680664 0.069580 0.7020 0.4589 0.3608
v -0.000244 0.694824 0.069580 0.6432 0.4196 0.3294
v -0.060791 0.698242 0.069580 0.6118 0.3843 0.2980
v 0.060791 0.698242 0.069580 0.6157 0.3921 0.3019
v -0.061768 0.698730 0.069580 0.6118 0.3843 0.2980
v 0.061768 0.698730 0.069580 0.6118 0.3921 0.3098
v -0.068604 0.701172 0.069580 0.5804 0.3255 0.2510
v 0.068604 0.701172 0.069580 0.5961 0.3686 0.2980
v -0.064209 0.709473 0.069580 0.6197 0.3608 0.2941
v 0.064209 0.709473 0.069580 0.6197 0.3608 0.2980
v 0.019287 0.870117 0.069580 0.3294 0.2118 0.1412
v 0.013916 0.872559 0.069580 0.2549 0.1530 0.0941
v 0.010010 0.876465 0.069580 0.2667 0.1647 0.1059
v 0.014893 0.881348 0.069580 0.4667 0.3176 0.2275
v 0.009521 0.884766 0.069580 0.4550 0.2980 0.2118
v -0.090088 0.381348 0.069580 0.0941 0.1333 0.2471
v 0.090088 0.381348 0.069580 0.0980 0.1412 0.2510
v -0.195557 0.007812 0.069580 0.7686 0.5961 0.3490
v 0.195557 0.007812 0.069580 0.8353 0.6902 0.4078
v 0.037842 0.496582 0.070068 0.1333 0.1725 0.2784
v 0.036865 0.565430 0.070068 0.7686 0.5843 0.2549
v -0.020264 0.599121 0.070068 0.5569 0.3333 0.2823
v 0.020264 0.599121 0.070068 0.5804 0.3765 0.3137
v -0.007568 0.620117 0.070068 0.6471 0.4196 0.3255
v 0.007568 0.620117 0.070068 0.6628 0.4392 0.3490
v -0.032959 0.633301 0.070068 0.6197 0.4000 0.3019
v 0.032959 0.633301 0.070068 0.6157 0.3882 0.2980
v -0.032959 0.633789 0.070068 0.6197 0.4078 0.3137
v 0.032959 0.633789 0.070068 0.6118 0.3961 0.3059
v -0.025146 0.692383 0.070068 0.5764 0.3608 0.2745
v 0.025146 0.692383 0.070068 0.5608 0.3529 0.2706
v -0.056885 0.695801 0.070068 0.5921 0.3725 0.2823
v 0.056885 0.695801 0.070068 0.6079 0.3921 0.3019
v -0.062744 0.699219 0.070068 0.6236 0.3882 0.3098
v 0.062744 0.699219 0.070068 0.6197 0.3843 0.2902
v -0.064209 0.708496 0.070068 0.6118 0.3529 0.2941
v 0.064209 0.708496 0.070068 0.6039 0.3490 0.2902
v -0.005127 0.713379 0.070068 0.6393 0.4118 0.3176
v 0.005127 0.713379 0.070068 0.6393 0.4157 0.3216
v 0.017822 0.869141 0.070068 0.3372 0.2118 0.1451
v -0.086670 0.400391 0.070068 0.1373 0.1804 0.2863
v 0.086670 0.400391 0.070068 0.1333 0.1765 0.2902
v -0.093506 0.365723 0.070068 0.0510 0.0980 0.2039
v 0.093506 0.365723 0.070068 0.0667 0.1020 0.2078
v -0.021240 0.612793 0.070557 0.6785 0.4550 0.3529
v 0.021240 0.612793 0.070557 0.6863 0.4589 0.3647
v -0.000244 0.648438 0.070557 0.6197 0.4078 0.3137
v -0.031006 0.664062 0.070557 0.6197 0.4000 0.3059
v 0.031006 0.664062 0.070557 0.6079 0.3961 0.2980
v -0.007568 0.696777 0.070557 0.6432 0.4235 0.3255
v 0.007568 0.696777 0.070557 0.5843 0.3725 0.2902
v -0.068604 0.703125 0.070557 0.5764 0.3137 0.2549
v 0.068604 0.703125 0.070557 0.5764 0.3451 0.2823
v -0.064697 0.707520 0.070557 0.5961 0.3372 0.2902
v 0.064697 0.707520 0.070557 0.6079 0.3568 0.2980
v 0.016357 0.874512 0.070557 0.3294 0.2039 0.1373
v 0.007080 0.881348 0.070557 0.3725 0.2432 0.1608
v 0.008545 0.883789 0.070557 0.4745 0.3255 0.2353
v -0.058838 0.414062 0.070557 0.1294 0.1686 0.2745
v 0.058838 0.414062 0.070557 0.1176 0.1608 0.2706
v -0.192627 0.001465 0.070557 0.6315 0.4784 0.2510
v 0.192627 0.001465 0.070557 0.7451 0.5333 0.1961
v -0.037842 0.543457 0.071045 0.1412 0.1686 0.2902
v -0.036377 0.582520 0.071045 0.7216 0.5333 0.2588
v 0.036377 0.582520 0.071045 0.6628 0.4706 0.2078
v -0.000244 0.599121 0.071045 0.5843 0.3725 0.2980
v -0.007568 0.612793 0.071045 0.5961 0.3765 0.2902
v 0.007568 0.612793 0.071045 0.6432 0.4196 0.3255
v -0.066650 0.700195 0.071045 0.5804 0.3372 0.2627
v 0.066650 0.700195 0.071045 0.6118 0.3961 0.3137
v -0.068115 0.705566 0.071045 0.6039 0.3451 0.2863
v 0.068115 0.705566 0.071045 0.5764 0.3333 0.2745
v 0.014893 0.873535 0.071045 0.3804 0.2471 0.1686
v 0.012451 0.879395 0.071045 0.3921 0.2588 0.1725
v -0.068115 0.376465 0.071045 0.0784 0.1255 0.2392
v 0.068115 0.376465 0.071045 0.0824 0.1373 0.2510
v -0.071533 0.361816 0.071045 0.0471 0.1059 0.2314
v 0.071533 0.361816 0.071045 0.0471 0.1020 0.2157
v -0.039307 0.495605 0.071533 0.1059 0.1412 0.2432
v 0.037842 0.543457 0.071533 0.0863 0.1176 0.2078
v 0.036377 0.593262 0.071533 0.6785 0.4863 0.2157
v -0.036377 0.597168 0.071533 0.8353 0.6471 0.3333
v 0.036377 0.597168 0.071533 0.7608 0.5804 0.2588
v -0.015869 0.598145 0.071533 0.5882 0.4078 0.1843
v 0.014404 0.598145 0.071533 0.6276 0.4432 0.2157
v -0.008057 0.599121 0.071533 0.5725 0.3725 0.2745
v 0.008057 0.599121 0.071533 0.5608 0.3568 0.2863
v -0.007080 0.632324 0.071533 0.5961 0.3843 0.2980
v 0.007080 0.632324 0.071533 0.6276 0.4157 0.3216
v -0.059326 0.702148 0.071533 0.6432 0.4078 0.3176
v -0.060303 0.702148 0.071533 0.6432 0.4000 0.3137
v -0.060791 0.702148 0.071533 0.6276 0.3843 0.3098
v 0.059326 0.702148 0.071533 0.5764 0.3412 0.2745
v 0.060303 0.702148 0.071533 0.5843 0.3333 0.2745
v 0.061279 0.702148 0.071533 0.5882 0.3451 0.2823
v -0.060791 0.706055 0.071533 0.6315 0.3843 0.3019
v 0.061279 0.706055 0.071533 0.6745 0.4118 0.3529
v -0.060303 0.707031 0.071533 0.6706 0.4196 0.3333
v 0.060303 0.707031 0.071533 0.6393 0.3765 0.3137
v 0.010986 0.877930 0.071533 0.3725 0.2392 0.1647
v 0.038330 0.521973 0.072021 0.1137 0.1451 0.2471
v -0.038330 0.522461 0.072021 0.1176 0.1490 0.2588
v -0.037354 0.569824 0.072021 0.7843 0.5882 0.2980
v 0.037354 0.569824 0.072021 0.7843 0.6000 0.2902
v -0.036377 0.593262 0.072021 0.7490 0.5608 0.2745
v 0.001221 0.598145 0.072021 0.6157 0.4353 0.1961
v -0.000244 0.659180 0.072021 0.6039 0.3882 0.2941
v -0.039795 0.692871 0.072021 0.5882 0.3725 0.2784
v 0.039795 0.692871 0.072021 0.5882 0.3725 0.2863
v -0.064209 0.700195 0.072021 0.5725 0.3490 0.2706
v 0.064697 0.700195 0.072021 0.6000 0.3686 0.2941
v -0.061768 0.705566 0.072021 0.5882 0.3412 0.2706
v 0.061768 0.705566 0.072021 0.6510 0.3843 0.3255
v -0.063232 0.394531 0.072021 0.1294 0.1647 0.2784
v 0.063232 0.394531 0.072021 0.1020 0.1451 0.2510
v 0.036377 0.502930 0.072510 0.1098 0.1490 0.2549
v -0.035889 0.503418 0.072510 0.1216 0.1530 0.2627
v -0.022217 0.631836 0.072510 0.6236 0.4039 0.3019
v 0.022217 0.631836 0.072510 0.6118 0.3961 0.3019
v -0.032959 0.644531 0.072510 0.6706 0.4392 0.3412
v 0.032959 0.644531 0.072510 0.6706 0.4471 0.3412
v -0.010498 0.698730 0.072510 0.5921 0.3843 0.2902
v 0.010498 0.698730 0.072510 0.6000 0.3882 0.2941
v -0.056397 0.701660 0.072510 0.6550 0.4196 0.3176
v 0.056396 0.701660 0.072510 0.6354 0.4000 0.3137
v -0.066650 0.702637 0.072510 0.5764 0.3059 0.2588
v 0.066650 0.702637 0.072510 0.5804 0.3294 0.2627
v -0.007568 0.704590 0.072510 0.6276 0.4078 0.3216
v 0.007568 0.704590 0.072510 0.6393 0.4235 0.3333
v -0.066162 0.705078 0.072510 0.5530 0.2980 0.2432
v 0.066162 0.705078 0.072510 0.5686 0.3216 0.2627
v -0.056397 0.711426 0.072510 0.7059 0.4628 0.3647
v 0.056396 0.711426 0.072510 0.7255 0.4863 0.3765
v -0.018311 0.726562 0.072510 0.7216 0.4784 0.3804
v 0.018311 0.726562 0.072510 0.7176 0.4784 0.3765
v -0.091064 0.381836 0.072510 0.1412 0.1804 0.2941
v 0.091064 0.381836 0.072510 0.1608 0.2078 0.3098
v -0.032471 0.656250 0.072998 0.6785 0.4510 0.3490
v 0.032471 0.656250 0.072998 0.6785 0.4510 0.3451
v -0.063721 0.702148 0.072998 0.5686 0.3216 0.2549
v 0.064209 0.702148 0.072998 0.5686 0.3333 0.2823
v -0.063721 0.704590 0.072998 0.5843 0.3333 0.2667
v 0.064209 0.704590 0.072998 0.5725 0.3216 0.2667
v -0.037354 0.726074 0.072998 0.7372 0.4863 0.3843
v 0.037354 0.726074 0.072998 0.7333 0.4823 0.3765
v -0.160400 0.035645 0.072998 0.1098 0.1412 0.2549
v 0.160400 0.035645 0.072998 0.1294 0.1569 0.2627
v -0.014893 0.481445 0.073486 0.1098 0.1490 0.2549
v 0.015381 0.481934 0.073486 0.1255 0.1647 0.2784
v -0.000244 0.688477 0.073486 0.6589 0.4275 0.3333
v -0.142822 0.033203 0.073486 0.0784 0.1176 0.2196
v 0.142822 0.033203 0.073486 0.1137 0.1490 0.2432
v -0.034912 0.670898 0.073975 0.6785 0.4432 0.3372
v 0.034912 0.670898 0.073975 0.6902 0.4628 0.3647
v -0.067139 0.376465 0.073975 0.0706 0.1137 0.2235
v 0.067139 0.376465 0.073975 0.0980 0.1412 0.2432
v -0.016846 0.564941 0.074463 0.7882 0.6000 0.2627
v -0.016357 0.582031 0.074463 0.7333 0.5451 0.2471
v -0.016357 0.596680 0.074463 0.7764 0.5961 0.2941
v 0.014404 0.596680 0.074463 0.7725 0.5961 0.2706
v -0.019775 0.669922 0.074463 0.6079 0.3882 0.2902
v 0.019775 0.669922 0.074463 0.6393 0.4196 0.3294
v -0.023682 0.685059 0.074463 0.7176 0.4941 0.3765
v 0.023682 0.685059 0.074463 0.7176 0.4784 0.3686
v 0.016357 0.488770 0.074951 0.1294 0.1725 0.2823
v 0.014893 0.582031 0.074951 0.7529 0.5608 0.2627
v -0.016357 0.593262 0.074951 0.7451 0.5530 0.2510
v 0.014404 0.593262 0.074951 0.7020 0.5176 0.2039
v -0.094482 0.367676 0.074951 0.0784 0.1490 0.2745
v 0.094482 0.367676 0.074951 0.0745 0.1333 0.2588
v 0.162842 0.000977 0.074951 0.3490 0.2471 0.1569
v -0.162842 0.000488 0.074951 0.3686 0.2784 0.1843
v 0.003662 0.480469 0.075439 0.1137 0.1451 0.2471
v 0.001221 0.582031 0.075439 0.7686 0.5804 0.2823
v 0.001221 0.593262 0.075439 0.7921 0.6000 0.2863
v 0.001221 0.597168 0.075439 0.8157 0.6393 0.3098
v -0.021729 0.645508 0.075439 0.6941 0.4667 0.3608
v 0.021729 0.645508 0.075439 0.6824 0.4628 0.3686
v -0.006592 0.646484 0.075439 0.6471 0.4157 0.3255
v 0.006592 0.646484 0.075439 0.6510 0.4314 0.3333
v -0.023682 0.695801 0.075439 0.5882 0.3725 0.2863
v 0.023682 0.695801 0.075439 0.5961 0.3804 0.2863
v -0.021240 0.659180 0.075928 0.7137 0.4784 0.3765
v 0.021240 0.659180 0.075928 0.6902 0.4667 0.3647
v -0.006592 0.659668 0.075928 0.6550 0.4196 0.3176
v 0.006592 0.659668 0.075928 0.6550 0.4275 0.3412
v -0.070068 0.363281 0.075928 0.0784 0.1451 0.2784
v 0.070068 0.363281 0.075928 0.0745 0.1373 0.2667
v -0.016846 0.542480 0.076416 0.1255 0.1530 0.2667
v 0.001709 0.564941 0.076416 0.7921 0.6079 0.2667
v -0.016846 0.569824 0.076416 0.8078 0.6236 0.3059
v 0.015381 0.569824 0.076416 0.7255 0.5294 0.2510
v -0.006592 0.689453 0.076416 0.6589 0.4275 0.3294
v 0.006592 0.689453 0.076416 0.6667 0.4392 0.3451
v -0.039307 0.701172 0.076416 0.6863 0.4471 0.3451
v 0.039307 0.701172 0.076416 0.6432 0.4157 0.3216
v -0.038330 0.711426 0.076416 0.7255 0.4823 0.3804
v 0.038330 0.711426 0.076416 0.7176 0.4745 0.3765
v -0.016846 0.520996 0.076904 0.1333 0.1686 0.2902
v -0.000244 0.673828 0.076904 0.6039 0.3804 0.2980
v -0.000244 0.680176 0.076904 0.6393 0.4196 0.3176
v -0.019775 0.712891 0.076904 0.6863 0.4510 0.3490
v 0.019775 0.712891 0.076904 0.6745 0.4471 0.3568
v -0.134522 0.027832 0.076904 0.0941 0.1451 0.2706
v 0.134521 0.027832 0.076904 0.1098 0.1451 0.2588
v -0.016357 0.500000 0.077393 0.1176 0.1530 0.2745
v 0.015381 0.541992 0.077393 0.1176 0.1451 0.2471
v 0.015869 0.564453 0.077393 0.7804 0.5921 0.2667
v 0.001709 0.569824 0.077393 0.7725 0.5843 0.2627
v -0.021240 0.676758 0.077393 0.7020 0.4667 0.3686
v 0.021240 0.676758 0.077393 0.6667 0.4392 0.3451
v 0.003662 0.486816 0.077881 0.1294 0.1843 0.3059
v -0.015869 0.489258 0.077881 0.1412 0.1765 0.2980
v 0.015381 0.499512 0.077881 0.1255 0.1608 0.2706
v 0.015381 0.520508 0.077881 0.1373 0.1725 0.2863
v -0.022217 0.703613 0.077881 0.6863 0.4510 0.3529
v 0.022217 0.703613 0.077881 0.6745 0.4432 0.3490
v -0.005615 0.671875 0.078369 0.6039 0.3921 0.2980
v 0.005615 0.671875 0.078369 0.6393 0.4078 0.3098
v -0.005615 0.671875 0.078857 0.6039 0.3843 0.3059
v 0.005615 0.671875 0.078857 0.6157 0.3921 0.3019
v -0.130615 0.018555 0.078857 0.0824 0.1255 0.2353
v 0.130615 0.018555 0.078857 0.0980 0.1412 0.2275
v 0.003662 0.500000 0.079346 0.1530 0.1882 0.3176
v 0.002197 0.542480 0.079346 0.1294 0.1569 0.2706
v -0.130615 0.008789 0.079346 0.3804 0.2980 0.1961
v 0.130615 0.008789 0.079346 0.3961 0.3098 0.2196
v -0.132568 0.000977 0.079346 0.7529 0.5569 0.2627
v 0.132568 0.000977 0.079346 0.3529 0.2706 0.1765
v 0.002686 0.520996 0.079834 0.1373 0.1725 0.2902
v -0.006592 0.680176 0.079834 0.6785 0.4432 0.3412
v 0.006592 0.680176 0.079834 0.6824 0.4550 0.3529
v -0.130127 0.007324 0.079834 0.8078 0.5764 0.2706
v 0.130127 0.007324 0.079834 0.7098 0.5412 0.3176
v -0.185791 0.028809 0.081299 0.0902 0.1412 0.2745
v 0.185791 0.028809 0.081299 0.1020 0.1451 0.2706
v -0.189209 0.020996 0.083740 0.0745 0.1216 0.2275
v 0.189209 0.020996 0.083740 0.0902 0.1137 0.2118
v 0.178467 0.032715 0.084229 0.0667 0.1098 0.2432
v -0.178467 0.032227 0.084229 0.1686 0.1922 0.3294
v -0.189697 0.011719 0.085205 0.0392 0.0353 0.1020
v 0.189697 0.011719 0.085205 0.0353 0.0627 0.1569
v -0.190186 0.010254 0.086182 0.7568 0.6118 0.3686
v 0.190186 0.010254 0.086182 0.4823 0.3921 0.2941
v -0.188232 0.003418 0.086670 0.6393 0.4745 0.2510
v 0.188232 0.003418 0.086670 0.7176 0.5255 0.2588
v -0.142334 0.027832 0.089111 0.1098 0.1608 0.2549
v 0.142334 0.027832 0.089111 0.1176 0.1530 0.2667
v -0.149658 0.031738 0.089600 0.0706 0.1294 0.2549
v 0.149658 0.031738 0.089600 0.0941 0.1216 0.2549
v -0.164795 0.002930 0.089600 0.3019 0.1843 0.1020
v 0.164795 0.002930 0.089600 0.3843 0.2784 0.2039
v -0.164307 0.033691 0.090088 0.1255 0.1647 0.3019
v 0.164307 0.033691 0.090088 0.0941 0.1373 0.2627
v -0.139893 0.020020 0.091553 0.1059 0.1333 0.2314
v 0.139893 0.020020 0.091553 0.0902 0.1294 0.2314
v -0.178955 0.029785 0.092041 0.0784 0.1255 0.2432
v 0.178955 0.029785 0.092041 0.0431 0.0784 0.2000
v -0.141846 0.002441 0.092041 0.7529 0.5569 0.2745
v 0.141846 0.002441 0.092041 0.6706 0.5059 0.2784
v -0.139893 0.010742 0.092529 0.0784 0.1176 0.2235
v 0.139893 0.010742 0.092529 0.1961 0.1686 0.1490
v -0.139404 0.009277 0.093018 0.2941 0.2353 0.1843
v 0.139404 0.009277 0.093018 0.6432 0.5019 0.3059
v -0.179932 0.022949 0.095947 0.0941 0.1451 0.2627
v 0.179932 0.022949 0.095947 0.0902 0.1333 0.2432
v -0.152100 0.029297 0.096436 0.1216 0.1569 0.2745
v 0.152100 0.029297 0.096436 0.1176 0.1647 0.2941
v -0.179932 0.019043 0.097412 0.0588 0.1059 0.2314
v 0.179932 0.019043 0.097412 0.0863 0.1294 0.2353
v -0.178955 0.005371 0.097412 0.7372 0.5569 0.2941
v 0.178955 0.005371 0.097412 0.7412 0.5490 0.2902
v -0.165772 0.030762 0.097900 0.1216 0.1530 0.2667
v 0.165771 0.030762 0.097900 0.0902 0.1373 0.2667
v -0.180420 0.017578 0.098389 0.0824 0.1059 0.1843
v 0.180420 0.017578 0.098389 0.0745 0.1255 0.2275
v -0.152100 0.021973 0.099854 0.1294 0.1647 0.2784
v 0.152100 0.021973 0.099854 0.1216 0.1686 0.2823
v -0.152100 0.004883 0.100342 0.7568 0.5686 0.3019
v 0.152100 0.004883 0.100342 0.7372 0.5608 0.2980
v -0.152100 0.018555 0.101318 0.0980 0.1451 0.2510
v 0.152100 0.018555 0.101318 0.0667 0.1216 0.2432
v -0.165772 0.005859 0.101318 0.7451 0.5608 0.2902
v 0.165771 0.005859 0.101318 0.7451 0.5686 0.3059
v -0.166260 0.023438 0.101807 0.1294 0.1725 0.3019
v 0.166260 0.023438 0.101807 0.1137 0.1647 0.2706
v -0.151611 0.017090 0.102295 0.0980 0.1333 0.2471
v 0.152100 0.017090 0.102295 0.1020 0.1373 0.1882
v 0.166260 0.020020 0.102783 0.0941 0.1569 0.2627
v -0.166260 0.019531 0.102783 0.0863 0.1176 0.2627
v -0.166260 0.018066 0.103760 0.1098 0.1294 0.2039
v 0.166260 0.018066 0.103760 0.1059 0.1373 0.2235
v -0.096436 0.675293 -0.000244 0.6393 0.4196 0.3216
v 0.096436 0.675293 -0.000244 0.6079 0.3882 0.2980
v -0.159912 0.738281 -0.000244 0.5333 0.3333 0.2510
v 0.159912 0.738281 -0.000244 0.5451 0.3412 0.2588
v 0.347412 0.773926 -0.000244 0.1882 0.1608 0.2000
v -0.298584 0.785156 -0.000244 0.6902 0.4510 0.3412
v 0.298584 0.785156 -0.000244 0.6941 0.4510 0.3412
v -0.362549 0.786133 -0.000244 0.8117 0.6315 0.2823
v 0.362549 0.786133 -0.000244 0.7960 0.6157 0.2823
v -0.035400 0.807617 -0.000244 0.5961 0.3843 0.2980
v 0.035400 0.807617 -0.000244 0.5686 0.3568 0.2823
v 0.032471 0.836426 -0.000244 0.2784 0.1686 0.1137
v -0.037842 0.861816 -0.000244 0.3372 0.2078 0.1373
v 0.037842 0.861816 -0.000244 0.2941 0.1765 0.1255
v 0.033936 0.863770 -0.000244 0.4275 0.2745 0.2000
v -0.053955 0.875977 -0.000244 0.3412 0.2235 0.1647
v 0.058838 0.896973 -0.000244 0.3568 0.2314 0.1647
v 0.037842 0.910645 -0.000244 0.2314 0.1373 0.0863
v 0.052490 0.920410 -0.000244 0.3490 0.2353 0.1725
v 0.046631 0.921387 -0.000244 0.2471 0.1647 0.1098
v 0.049561 0.925781 -0.000244 0.3568 0.2510 0.1804
v 0.046631 0.929199 -0.000244 0.3098 0.1961 0.1373
v -0.022705 0.930176 -0.000244 0.3255 0.2039 0.1490
v -0.022705 0.933594 -0.000244 0.3568 0.2353 0.1765
v 0.024170 0.934082 -0.000244 0.3059 0.1804 0.1294
v -0.140869 0.377930 -0.000244 0.5059 0.3608 0.2000
v 0.140869 0.377930 -0.000244 0.5490 0.4039 0.1961
v -0.041748 0.329102 -0.000244 0.5961 0.3804 0.2941
v 0.041748 0.329102 -0.000244 0.5961 0.3804 0.2980
v 0.173096 0.732910 -0.000732 0.5569 0.3490 0.2627
v -0.173096 0.733398 -0.000732 0.5686 0.3686 0.2863
v -0.271240 0.738281 -0.000732 0.6745 0.4471 0.3608
v 0.271240 0.738281 -0.000732 0.6471 0.4275 0.3294
v -0.243897 0.742188 -0.000732 0.5647 0.3647 0.2784
v 0.243897 0.742188 -0.000732 0.5647 0.3608 0.2745
v -0.323975 0.743164 -0.000732 0.6471 0.4275 0.3294
v -0.363525 0.753418 -0.000732 0.6941 0.5137 0.2078
v 0.363525 0.753418 -0.000732 0.5176 0.3568 0.1530
v -0.284912 0.756348 -0.000732 0.6079 0.3882 0.2980
v 0.284912 0.756348 -0.000732 0.6197 0.4000 0.3098
v -0.249268 0.763184 -0.000732 0.6589 0.4392 0.3412
v 0.249268 0.763184 -0.000732 0.6510 0.4235 0.3294
v -0.311768 0.781738 -0.000732 0.6980 0.4628 0.3608
v 0.311768 0.781738 -0.000732 0.7020 0.4471 0.3412
v 0.032959 0.842773 -0.000732 0.3608 0.2392 0.1765
v -0.063232 0.856445 -0.000732 0.3451 0.2275 0.1490
v -0.062744 0.856934 -0.000732 0.3412 0.2235 0.1412
v -0.033936 0.872559 -0.000732 0.4706 0.2980 0.2275
v 0.033936 0.872559 -0.000732 0.4902 0.3059 0.2275
v -0.031982 0.887695 -0.000732 0.5137 0.3333 0.2549
v 0.031982 0.887695 -0.000732 0.5176 0.3372 0.2588
v 0.046143 0.904297 -0.000732 0.2039 0.1176 0.0745
v 0.052490 0.913086 -0.000732 0.2706 0.1725 0.1294
v 0.047119 0.925293 -0.000732 0.2823 0.1882 0.1333
v 0.013916 0.928223 -0.000732 0.1569 0.0980 0.0745
v 0.020264 0.928711 -0.000732 0.3372 0.2039 0.1490
v 0.012939 0.932129 -0.000732 0.1373 0.0784 0.0549
v 0.006104 0.935547 -0.000732 0.3647 0.2157 0.1530
v -0.077881 0.250000 -0.000732 0.6236 0.4039 0.3098
v 0.077881 0.250000 -0.000732 0.5843 0.3765 0.2902
v -0.085693 0.200195 -0.000732 0.6354 0.4157 0.3176
v 0.085693 0.200195 -0.000732 0.6079 0.3882 0.2902
v -0.086182 0.659668 -0.001221 0.6039 0.3804 0.2902
v 0.086182 0.659668 -0.001221 0.6197 0.4000 0.3098
v -0.185791 0.730957 -0.001221 0.6079 0.3843 0.2863
v 0.185791 0.730957 -0.001221 0.5412 0.3372 0.2549
v -0.283447 0.733887 -0.001221 0.6510 0.4235 0.3255
v 0.283447 0.733887 -0.001221 0.6667 0.4353 0.3412
v -0.275635 0.739746 -0.001221 0.6628 0.4392 0.3451
v 0.275635 0.739746 -0.001221 0.6667 0.4510 0.3451
v 0.323486 0.742676 -0.001221 0.6354 0.4118 0.3137
v -0.350342 0.744141 -0.001221 0.3412 0.2314 0.2157
v 0.350342 0.744141 -0.001221 0.1176 0.1490 0.2510
v -0.130615 0.745605 -0.001221 0.6039 0.3921 0.3019
v 0.130615 0.745605 -0.001221 0.6197 0.4039 0.3098
v -0.274658 0.748047 -0.001221 0.6706 0.4550 0.3568
v 0.274658 0.748047 -0.001221 0.6589 0.4353 0.3372
v -0.347900 0.779785 -0.001221 0.5294 0.3961 0.2667
v -0.343994 0.786621 -0.001221 0.6039 0.3961 0.2902
v 0.343994 0.786621 -0.001221 0.0863 0.1137 0.2627
v -0.485596 0.797852 -0.001221 0.7490 0.0549 0.0745
v 0.485596 0.797852 -0.001221 0.8353 0.6432 0.2588
v 0.041260 0.833984 -0.001221 0.2745 0.1686 0.1098
v -0.041748 0.850586 -0.001221 0.2549 0.1569 0.1098
v 0.041748 0.850586 -0.001221 0.3255 0.2000 0.1569
v 0.040771 0.856445 -0.001221 0.4392 0.2941 0.2196
v -0.062256 0.857422 -0.001221 0.3412 0.2235 0.1490
v 0.034912 0.857422 -0.001221 0.2510 0.1490 0.1020
v -0.034424 0.858887 -0.001221 0.3568 0.2196 0.1608
v -0.033936 0.859863 -0.001221 0.4000 0.2588 0.1882
v 0.033936 0.859863 -0.001221 0.2667 0.1647 0.1137
v -0.036377 0.860352 -0.001221 0.4392 0.2784 0.2118
v 0.038818 0.861328 -0.001221 0.2941 0.1843 0.1216
v -0.033936 0.862305 -0.001221 0.4471 0.2863 0.2157
v 0.033936 0.862305 -0.001221 0.3804 0.2353 0.1725
v 0.049561 0.864258 -0.001221 0.2941 0.1765 0.1176
v 0.054932 0.869141 -0.001221 0.2471 0.1412 0.0941
v 0.046631 0.877441 -0.001221 0.2039 0.1137 0.0627
v 0.055420 0.877930 -0.001221 0.3412 0.2078 0.1530
v -0.053467 0.890137 -0.001221 0.3216 0.2039 0.1451
v -0.026123 0.897461 -0.001221 0.5647 0.3725 0.2863
v 0.026123 0.897461 -0.001221 0.5764 0.3765 0.2941
v 0.045166 0.915527 -0.001221 0.2863 0.1961 0.1412
v 0.050049 0.925293 -0.001221 0.3451 0.2353 0.1804
v -0.032471 0.931641 -0.001221 0.3451 0.2157 0.1490
v -0.008057 0.934082 -0.001221 0.2235 0.1373 0.0941
v -0.141357 0.181641 -0.001221 0.6118 0.3843 0.2902
v 0.141357 0.181641 -0.001221 0.6236 0.4118 0.3176
v -0.106689 0.144043 -0.001221 0.5176 0.3921 0.2588
v 0.106689 0.144043 -0.001221 0.5490 0.4196 0.2549
v -0.151611 0.086426 -0.001221 0.1725 0.1804 0.2510
v 0.151611 0.086426 -0.001221 0.1333 0.1530 0.2706
v -0.460693 0.720215 -0.001709 0.7333 0.0353 0.0706
v 0.460693 0.720215 -0.001709 0.8235 0.6354 0.2941
v -0.199951 0.729492 -0.001709 0.5530 0.3372 0.2510
v 0.199951 0.729492 -0.001709 0.5569 0.3490 0.2667
v -0.127686 0.738281 -0.001709 0.6000 0.3882 0.2941
v 0.127686 0.738281 -0.001709 0.6157 0.3882 0.2980
v 0.351807 0.751465 -0.001709 0.0235 0.0824 0.2432
v 0.347900 0.779297 -0.001709 0.7137 0.5373 0.2314
v -0.324463 0.779785 -0.001709 0.6863 0.4510 0.3490
v 0.324463 0.779785 -0.001709 0.6902 0.4353 0.3294
v -0.159912 0.785156 -0.001709 0.6079 0.3961 0.3019
v 0.034912 0.835449 -0.001709 0.2667 0.1608 0.1098
v 0.036865 0.843262 -0.001709 0.2118 0.1373 0.0980
v -0.032471 0.843750 -0.001709 0.4353 0.2627 0.2000
v -0.040771 0.843750 -0.001709 0.5764 0.3882 0.3216
v 0.032471 0.843750 -0.001709 0.2980 0.1961 0.1412
v 0.040771 0.843750 -0.001709 0.1922 0.1294 0.0980
v -0.041748 0.855469 -0.001709 0.4392 0.2902 0.2078
v 0.041748 0.855469 -0.001709 0.4196 0.2784 0.2078
v -0.062744 0.855957 -0.001709 0.3451 0.2275 0.1569
v -0.062256 0.856445 -0.001709 0.3490 0.2275 0.1569
v -0.041260 0.859863 -0.001709 0.4510 0.3019 0.2235
v 0.041260 0.859863 -0.001709 0.3137 0.2157 0.1373
v -0.047119 0.861328 -0.001709 0.2196 0.1373 0.0902
v -0.063232 0.867188 -0.001709 0.4432 0.3059 0.2275
v -0.045654 0.869141 -0.001709 0.1530 0.0863 0.0588
v 0.044678 0.903320 -0.001709 0.2039 0.1216 0.0667
v 0.055420 0.903320 -0.001709 0.3529 0.2235 0.1569
v -0.012939 0.903809 -0.001709 0.5725 0.3725 0.2902
v 0.012939 0.903809 -0.001709 0.5725 0.3725 0.2902
v -0.000244 0.905762 -0.001709 0.5764 0.3765 0.2941
v -0.047607 0.914551 -0.001709 0.3137 0.1961 0.1373
v -0.019775 0.936035 -0.001709 0.1765 0.0784 0.0392
v -0.112549 0.091797 -0.001709 0.0941 0.1373 0.2314
v 0.112549 0.091797 -0.001709 0.1373 0.1176 0.1843
v 0.171631 0.026855 -0.001709 0.7372 0.5451 0.2432
v -0.171631 0.026367 -0.001709 0.4078 0.3216 0.2392
v -0.085205 0.646973 -0.002197 0.6315 0.4118 0.3255
v 0.085205 0.646973 -0.002197 0.6276 0.4078 0.3176
v -0.267334 0.727539 -0.002197 0.6589 0.4275 0.3333
v -0.281982 0.727539 -0.002197 0.6628 0.4392 0.3490
v 0.267334 0.727539 -0.002197 0.6667 0.4314 0.3372
v 0.281982 0.727539 -0.002197 0.6628 0.4314 0.3333
v -0.213135 0.729004 -0.002197 0.5647 0.3529 0.2588
v 0.213135 0.729004 -0.002197 0.5686 0.3647 0.2784
v -0.257568 0.738281 -0.002197 0.6863 0.4589 0.3647
v 0.257568 0.738281 -0.002197 0.6706 0.4432 0.3490
v -0.351807 0.751465 -0.002197 0.0235 0.0902 0.2745
v -0.272705 0.774902 -0.002197 0.7059 0.4706 0.3686
v 0.272705 0.774902 -0.002197 0.6941 0.4589 0.3529
v 0.159424 0.785156 -0.002197 0.6197 0.4000 0.3098
v -0.163818 0.786133 -0.002197 0.6315 0.4157 0.3176
v 0.163330 0.786133 -0.002197 0.6550 0.4275 0.3333
v -0.171631 0.787109 -0.002197 0.6785 0.4550 0.3490
v 0.171631 0.787109 -0.002197 0.6667 0.4392 0.3490
v -0.182861 0.788086 -0.002197 0.6980 0.4667 0.3608
v -0.196045 0.788086 -0.002197 0.6980 0.4784 0.3725
v 0.182861 0.788086 -0.002197 0.6785 0.4432 0.3490
v 0.196045 0.788086 -0.002197 0.7176 0.4823 0.3804
v -0.390381 0.796875 -0.002197 0.0235 0.0353 0.2000
v 0.390381 0.796875 -0.002197 0.1137 0.1020 0.2275
v -0.388428 0.798828 -0.002197 0.7059 0.6000 0.3882
v 0.388428 0.798828 -0.002197 0.0353 0.0510 0.2118
v -0.097900 0.812500 -0.002197 0.6276 0.4000 0.3059
v 0.097900 0.812500 -0.002197 0.6628 0.4432 0.3451
v -0.052490 0.847656 -0.002197 0.3647 0.2432 0.1765
v -0.054443 0.852051 -0.002197 0.3216 0.2078 0.1569
v -0.034424 0.854980 -0.002197 0.3333 0.2039 0.1373
v -0.046143 0.912109 -0.002197 0.1882 0.1098 0.0706
v 0.048096 0.913086 -0.002197 0.2863 0.1804 0.1216
v -0.055908 0.914551 -0.002197 0.3882 0.2588 0.1804
v 0.040771 0.917969 -0.002197 0.2314 0.1412 0.0902
v 0.047119 0.924805 -0.002197 0.2863 0.1882 0.1412
v 0.050049 0.925293 -0.002197 0.3608 0.2510 0.1922
v -0.136963 0.414062 -0.002197 0.6785 0.5333 0.3019
v 0.136963 0.414062 -0.002197 0.0510 0.0627 0.1530
v -0.046631 0.314941 -0.002197 0.6079 0.3921 0.3059
v 0.046631 0.314941 -0.002197 0.6000 0.3843 0.2941
v -0.099854 0.139648 -0.002197 0.6706 0.4471 0.1843
v 0.099854 0.139648 -0.002197 0.7568 0.5530 0.2863
v 0.310303 0.732422 -0.002686 0.6276 0.4078 0.3137
v -0.310303 0.732910 -0.002686 0.6589 0.4314 0.3372
v 0.349854 0.745605 -0.002686 0.0941 0.1373 0.2745
v -0.341064 0.749512 -0.002686 0.5921 0.3921 0.3019
v -0.248291 0.767578 -0.002686 0.6393 0.4039 0.3137
v 0.248291 0.767578 -0.002686 0.6276 0.3843 0.2745
v -0.338135 0.778809 -0.002686 0.6706 0.4392 0.3372
v -0.209229 0.787598 -0.002686 0.6941 0.4706 0.3686
v 0.209229 0.787598 -0.002686 0.6980 0.4628 0.3608
v -0.384033 0.799316 -0.002686 0.3529 0.2432 0.1647
v 0.384033 0.799316 -0.002685 0.7333 0.5921 0.3843
v -0.475342 0.805664 -0.002686 0.7412 0.0392 0.0706
v 0.475342 0.805664 -0.002685 0.8117 0.6236 0.2627
v -0.038818 0.843750 -0.002686 0.4628 0.2980 0.2353
v 0.038818 0.843750 -0.002686 0.1843 0.1216 0.0863
v 0.049072 0.846680 -0.002686 0.3961 0.2432 0.1882
v 0.035400 0.848145 -0.002686 0.2667 0.1569 0.1059
v -0.032959 0.850586 -0.002686 0.4392 0.2667 0.2000
v 0.032959 0.850586 -0.002686 0.4039 0.2667 0.1922
v 0.034912 0.853027 -0.002686 0.2235 0.1294 0.0824
v -0.041260 0.854492 -0.002686 0.4745 0.3137 0.2314
v 0.038818 0.859375 -0.002686 0.3255 0.2078 0.1412
v -0.038818 0.859863 -0.002686 0.4314 0.2745 0.2039
v -0.061768 0.872070 -0.002686 0.3921 0.2588 0.1804
v 0.049072 0.879395 -0.002686 0.2078 0.1255 0.0745
v 0.054443 0.881836 -0.002686 0.2980 0.1843 0.1294
v -0.050537 0.893066 -0.002686 0.2863 0.1804 0.1333
v -0.057373 0.911133 -0.002686 0.2745 0.1686 0.1059
v -0.042236 0.912598 -0.002686 0.2706 0.1765 0.1373
v 0.052002 0.919434 -0.002686 0.3059 0.2039 0.1451
v 0.047119 0.919922 -0.002686 0.2432 0.1608 0.1098
v 0.048584 0.924805 -0.002686 0.2980 0.1961 0.1451
v -0.097900 0.147949 -0.002686 0.0118 0.0706 0.1882
v 0.097900 0.147949 -0.002686 0.0235 0.1059 0.2235
v 0.084229 0.596191 -0.003174 0.5608 0.3765 0.2235
v -0.084717 0.596680 -0.003174 0.5451 0.3490 0.2314
v -0.297607 0.729492 -0.003174 0.6550 0.4275 0.3333
v 0.297607 0.729492 -0.003174 0.6510 0.4235 0.3294
v -0.323486 0.737305 -0.003174 0.6510 0.4314 0.3412
v -0.349854 0.745605 -0.003174 0.5569 0.3765 0.3137
v -0.271240 0.746582 -0.003174 0.6785 0.4550 0.3568
v 0.271240 0.746582 -0.003174 0.6589 0.4392 0.3372
v -0.251709 0.747070 -0.003174 0.5804 0.3725 0.2863
v -0.267334 0.747070 -0.003174 0.6902 0.4628 0.3686
v 0.251709 0.747070 -0.003174 0.6315 0.4118 0.3216
v 0.267334 0.747070 -0.003174 0.6980 0.4706 0.3765
v -0.343018 0.785156 -0.003174 0.6510 0.4275 0.3098
v 0.343018 0.785156 -0.003174 0.0392 0.0980 0.2588
v -0.285889 0.786621 -0.003174 0.7020 0.4667 0.3647
v 0.285889 0.786621 -0.003174 0.7216 0.4706 0.3647
v -0.071533 0.796387 -0.003174 0.6118 0.3921 0.2941
v 0.071533 0.796387 -0.003174 0.5686 0.3647 0.2823
v 0.044678 0.829102 -0.003174 0.3294 0.2157 0.1608
v 0.031494 0.841309 -0.003174 0.2745 0.1686 0.1176
v 0.032471 0.848145 -0.003174 0.4157 0.2784 0.2039
v -0.036865 0.855469 -0.003174 0.4550 0.2863 0.2078
v -0.064697 0.858887 -0.003174 0.3333 0.2157 0.1373
v -0.032471 0.859863 -0.003174 0.2941 0.1843 0.1255
v -0.061279 0.862305 -0.003174 0.2196 0.1255 0.0863
v 0.054443 0.879883 -0.003174 0.1922 0.1059 0.0627
v 0.057373 0.889648 -0.003174 0.2471 0.1294 0.0863
v -0.042236 0.914551 -0.003174 0.3216 0.1961 0.1451
v -0.053467 0.916016 -0.003174 0.3686 0.2432 0.1765
v -0.135010 0.414062 -0.003174 0.7490 0.6000 0.3294
v 0.135010 0.414062 -0.003174 0.0667 0.0941 0.2118
v -0.131592 0.413086 -0.003174 0.5098 0.3843 0.2353
v 0.131592 0.413086 -0.003174 0.0745 0.1294 0.2353
v -0.050537 0.304199 -0.003174 0.6039 0.3882 0.3059
v 0.050537 0.304199 -0.003174 0.6039 0.3921 0.3098
v -0.097900 0.150879 -0.003174 0.0627 0.1294 0.2667
v 0.097900 0.150879 -0.003174 0.0667 0.1686 0.2980
v -0.100342 0.141602 -0.003174 0.7098 0.5059 0.2432
v 0.100342 0.141602 -0.003174 0.6980 0.5019 0.2471
v -0.102295 0.129883 -0.003174 0.0745 0.1137 0.2392
v 0.102295 0.129883 -0.003174 0.0941 0.1451 0.2706
v 0.172607 0.014648 -0.003174 0.0902 0.1255 0.2275
v -0.172607 0.014160 -0.003174 0.0588 0.0941 0.1922
v -0.172607 0.004883 -0.003174 0.0745 0.0941 0.1451
v 0.172607 0.004883 -0.003174 0.0627 0.0863 0.1530
v 0.088135 0.591797 -0.003662 0.6628 0.4784 0.1961
v -0.087646 0.595703 -0.003662 0.8000 0.6157 0.3882
v 0.087158 0.595703 -0.003662 0.7921 0.6276 0.3765
v -0.113037 0.738281 -0.003662 0.5569 0.3568 0.2706
v 0.113037 0.738281 -0.003662 0.5608 0.3686 0.2863
v -0.260498 0.747070 -0.003662 0.6589 0.4392 0.3412
v 0.260498 0.747070 -0.003662 0.6980 0.4628 0.3765
v -0.352295 0.747559 -0.003662 0.1490 0.1412 0.2588
v 0.352295 0.747559 -0.003662 0.0235 0.0824 0.2863
v -0.254150 0.755371 -0.003662 0.6276 0.4118 0.3176
v 0.254150 0.755371 -0.003662 0.6432 0.4196 0.3216
v -0.272705 0.764160 -0.003662 0.6039 0.3843 0.2941
v 0.272705 0.764160 -0.003662 0.6315 0.4118 0.3137
v 0.337647 0.777832 -0.003662 0.7176 0.4550 0.3372
v -0.221924 0.786133 -0.003662 0.6824 0.4550 0.3608
v 0.221924 0.786133 -0.003662 0.6550 0.4275 0.3216
v -0.464111 0.810059 -0.003662 0.7764 0.0431 0.0784
v 0.464111 0.810059 -0.003662 0.7647 0.5764 0.2157
v 0.041748 0.827637 -0.003662 0.3059 0.1882 0.1255
v 0.037354 0.846680 -0.003662 0.2196 0.1333 0.0902
v -0.041748 0.850586 -0.003662 0.3255 0.2000 0.1333
v 0.041748 0.850586 -0.003662 0.2627 0.1647 0.0980
v -0.041748 0.855957 -0.003662 0.4941 0.3333 0.2510
v 0.041748 0.855957 -0.003662 0.4314 0.2902 0.2157
v 0.043701 0.885742 -0.003662 0.2157 0.1333 0.0902
v -0.052002 0.907227 -0.003662 0.2353 0.1451 0.0980
v 0.049561 0.919434 -0.003662 0.2588 0.1725 0.1255
v -0.123291 0.303223 -0.003662 0.6000 0.3882 0.2823
v 0.123291 0.303223 -0.003662 0.5647 0.3451 0.2432
v -0.124268 0.292480 -0.003662 0.5882 0.3686 0.2745
v 0.124268 0.292480 -0.003662 0.6236 0.4078 0.3098
v -0.109131 0.105469 -0.003662 0.1176 0.1412 0.2471
v 0.109131 0.105469 -0.003662 0.0667 0.1255 0.2314
v 0.087646 0.565430 -0.004150 0.7020 0.5176 0.2745
v -0.087646 0.565918 -0.004150 0.6510 0.4589 0.1765
v -0.087646 0.581543 -0.004150 0.6197 0.4275 0.1725
v 0.087158 0.581543 -0.004150 0.6354 0.4510 0.1961
v -0.088623 0.591797 -0.004150 0.7255 0.5412 0.2510
v -0.088623 0.649902 -0.004150 0.5961 0.3804 0.2941
v 0.088623 0.649902 -0.004150 0.6118 0.4000 0.3059
v -0.096436 0.683105 -0.004150 0.6079 0.3843 0.2941
v 0.096436 0.683105 -0.004150 0.6236 0.4039 0.3098
v -0.226318 0.730957 -0.004150 0.5882 0.3725 0.2823
v 0.226318 0.730957 -0.004150 0.6118 0.3921 0.3019
v 0.322998 0.736816 -0.004150 0.6236 0.3961 0.3019
v -0.342041 0.743652 -0.004150 0.6157 0.4000 0.3098
v 0.342041 0.743652 -0.004150 0.6354 0.3921 0.3059
v -0.352783 0.746582 -0.004150 0.0627 0.0863 0.1961
v 0.352783 0.746582 -0.004150 0.0667 0.1020 0.2432
v 0.340088 0.748535 -0.004150 0.6236 0.3961 0.3059
v -0.364014 0.749512 -0.004150 0.7176 0.5412 0.1843
v 0.364014 0.749512 -0.004150 0.4745 0.3333 0.1451
v 0.347900 0.784668 -0.004150 0.6980 0.5255 0.2745
v -0.348389 0.785156 -0.004150 0.1098 0.0941 0.1490
v -0.036377 0.848633 -0.004150 0.3608 0.2314 0.1530
v 0.038818 0.849609 -0.004150 0.2784 0.1686 0.1216
v -0.039307 0.850586 -0.004150 0.4314 0.2745 0.2039
v 0.039307 0.850586 -0.004150 0.3294 0.2039 0.1451
v 0.050537 0.854492 -0.004150 0.3412 0.1961 0.1333
v -0.031982 0.855469 -0.004150 0.3725 0.2392 0.1725
v -0.039307 0.855469 -0.004150 0.4745 0.3059 0.2235
v 0.039307 0.855469 -0.004150 0.4000 0.2588 0.1882
v 0.032471 0.858398 -0.004150 0.2745 0.1843 0.1294
v 0.052490 0.858398 -0.004150 0.4000 0.2549 0.1882
v 0.038818 0.858887 -0.004150 0.3255 0.2157 0.1490
v 0.059814 0.874023 -0.004150 0.4432 0.2941 0.2000
v 0.051514 0.884277 -0.004150 0.2353 0.1373 0.0863
v -0.053467 0.899414 -0.004150 0.2863 0.1882 0.1412
v -0.025146 0.930176 -0.004150 0.2392 0.1490 0.1020
v -0.015381 0.936523 -0.004150 0.3725 0.2314 0.1686
v -0.142822 0.163574 -0.004150 0.6550 0.4157 0.3059
v 0.142822 0.163574 -0.004150 0.6667 0.4432 0.3333
v -0.105225 0.118652 -0.004150 0.0980 0.1294 0.2196
v 0.105225 0.118652 -0.004150 0.1098 0.1530 0.2784
v -0.148682 0.097168 -0.004150 0.1216 0.1490 0.2588
v 0.148682 0.097168 -0.004150 0.1569 0.1804 0.2980
v -0.173584 0.012695 -0.004150 0.1490 0.1647 0.2314
v 0.173584 0.012695 -0.004150 0.1059 0.1176 0.2471
v -0.088623 0.569824 -0.004639 0.7686 0.5804 0.2823
v 0.088623 0.569824 -0.004639 0.6550 0.4510 0.2118
v -0.099365 0.704102 -0.004639 0.6079 0.3882 0.2980
v 0.099365 0.704102 -0.004639 0.6118 0.3921 0.2902
v -0.449951 0.720215 -0.004639 0.7216 0.0314 0.0706
v 0.449951 0.720215 -0.004639 0.7804 0.5921 0.2510
v -0.254150 0.729004 -0.004639 0.6393 0.4196 0.3137
v 0.254150 0.729004 -0.004639 0.6354 0.4196 0.3176
v -0.236572 0.735352 -0.004639 0.5725 0.3686 0.2823
v 0.236572 0.735352 -0.004639 0.6039 0.3882 0.3059
v -0.245361 0.740234 -0.004639 0.5530 0.3647 0.2980
v 0.245361 0.740234 -0.004639 0.6354 0.4157 0.3255
v -0.144287 0.741699 -0.004639 0.5843 0.3843 0.2902
v 0.144287 0.741699 -0.004639 0.5686 0.3647 0.2745
v -0.054932 0.781250 -0.004639 0.6079 0.3921 0.3098
v 0.054932 0.781250 -0.004639 0.6079 0.3961 0.3098
v -0.452393 0.811035 -0.004639 0.7255 0.0392 0.0667
v 0.452393 0.811035 -0.004639 0.7490 0.5647 0.2235
v 0.054932 0.817383 -0.004639 0.4471 0.2980 0.2157
v 0.041260 0.838867 -0.004639 0.2118 0.1216 0.0902
v -0.039307 0.840820 -0.004639 0.3686 0.2196 0.1608
v -0.033447 0.848145 -0.004639 0.3647 0.2275 0.1608
v 0.039307 0.855469 -0.004639 0.3804 0.2471 0.1686
v -0.053467 0.855957 -0.004639 0.2784 0.1765 0.1216
v 0.045654 0.867188 -0.004639 0.1294 0.0784 0.0510
v -0.055908 0.907715 -0.004639 0.2432 0.1333 0.0902
v -0.021240 0.926270 -0.004639 0.2471 0.1530 0.1137
v -0.055908 0.292480 -0.004639 0.5921 0.3804 0.2902
v 0.055908 0.292480 -0.004639 0.5961 0.3921 0.3019
v -0.088135 0.186035 -0.004639 0.6079 0.3882 0.2980
v 0.088135 0.186035 -0.004639 0.6118 0.3882 0.2902
v -0.151123 0.145508 -0.004639 0.7568 0.5647 0.2941
v 0.151123 0.145508 -0.004639 0.7333 0.5490 0.2784
v -0.112549 0.010742 -0.004639 0.6510 0.5255 0.3294
v 0.112549 0.010742 -0.004639 0.1020 0.1294 0.1882
v -0.233154 0.781738 -0.005127 0.6471 0.4235 0.3255
v 0.233154 0.781738 -0.005127 0.6471 0.4118 0.3019
v -0.044678 0.785645 -0.005127 0.6079 0.3921 0.3059
v 0.044678 0.785645 -0.005127 0.6118 0.3961 0.3137
v 0.047119 0.825195 -0.005127 0.3725 0.2432 0.1686
v -0.035889 0.839844 -0.005127 0.3647 0.2275 0.1647
v -0.048096 0.846680 -0.005127 0.2667 0.1608 0.1137
v 0.031494 0.847168 -0.005127 0.3765 0.2432 0.1647
v 0.031982 0.853516 -0.005127 0.4000 0.2627 0.1882
v 0.049561 0.870117 -0.005127 0.2078 0.1216 0.0784
v 0.052002 0.878906 -0.005127 0.2392 0.1490 0.0980
v 0.042725 0.906738 -0.005127 0.1608 0.0902 0.0510
v -0.051025 0.915039 -0.005127 0.3882 0.2510 0.1765
v 0.039307 0.926270 -0.005127 0.2667 0.1490 0.0902
v -0.150146 0.135254 -0.005127 0.0941 0.1176 0.2196
v 0.150146 0.135254 -0.005127 0.0706 0.1059 0.2196
v -0.116455 0.002930 -0.005127 0.5764 0.4432 0.2353
v 0.116455 0.002930 -0.005127 0.0745 0.0784 0.1176
v -0.094482 0.665527 -0.005615 0.6236 0.4078 0.3059
v 0.094482 0.665527 -0.005615 0.6157 0.3961 0.3059
v -0.142334 0.735352 -0.005615 0.5804 0.3804 0.2784
v 0.142334 0.735352 -0.005615 0.5804 0.3765 0.2823
v -0.272217 0.756348 -0.005615 0.6079 0.3961 0.3059
v 0.272217 0.756348 -0.005615 0.5843 0.3804 0.2863
v -0.252686 0.762207 -0.005615 0.6315 0.4078 0.3137
v 0.252686 0.762207 -0.005615 0.6276 0.4157 0.3137
v -0.347412 0.781738 -0.005615 0.0039 0.0784 0.2667
v 0.347412 0.781738 -0.005615 0.0784 0.1098 0.2902
v -0.065674 0.783203 -0.005615 0.6079 0.4000 0.3098
v 0.065674 0.783203 -0.005615 0.5882 0.3804 0.2980
v -0.440674 0.811035 -0.005615 0.7216 0.0431 0.0667
v 0.440674 0.811035 -0.005615 0.8353 0.6628 0.3137
v 0.045166 0.823730 -0.005615 0.3176 0.2000 0.1333
v -0.038818 0.832031 -0.005615 0.4667 0.2941 0.2196
v 0.043701 0.834961 -0.005615 0.2706 0.1765 0.1451
v 0.033936 0.839844 -0.005615 0.2784 0.1686 0.1098
v 0.047607 0.853027 -0.005615 0.2784 0.1686 0.1176
v -0.057861 0.860352 -0.005615 0.2235 0.1373 0.0980
v -0.057373 0.873047 -0.005615 0.2432 0.1490 0.1020
v 0.057861 0.877930 -0.005615 0.3765 0.2471 0.1647
v 0.051514 0.879883 -0.005615 0.2078 0.1255 0.0784
v 0.060791 0.899414 -0.005615 0.4039 0.2588 0.1843
v 0.050049 0.904297 -0.005615 0.2549 0.1569 0.1098
v 0.057861 0.904297 -0.005615 0.3019 0.1961 0.1294
v -0.099854 0.152344 -0.005615 0.5647 0.3765 0.2980
v 0.099854 0.152344 -0.005615 0.4980 0.3765 0.3412
v -0.148193 0.110352 -0.005615 0.1333 0.1530 0.2549
v 0.148193 0.110352 -0.005615 0.1059 0.1294 0.2118
v -0.093018 0.556152 -0.006104 0.0706 0.0902 0.2000
v 0.093018 0.556152 -0.006104 0.0549 0.0941 0.2157
v -0.254150 0.747070 -0.006104 0.5882 0.3843 0.2980
v 0.254150 0.747070 -0.006103 0.6628 0.4392 0.3451
v -0.078857 0.801758 -0.006104 0.5882 0.3765 0.2823
v 0.078857 0.801758 -0.006104 0.5530 0.3529 0.2706
v -0.144287 0.807617 -0.006104 0.6471 0.4039 0.3098
v -0.133057 0.812012 -0.006104 0.6667 0.4235 0.3255
v 0.132568 0.812012 -0.006103 0.6550 0.4196 0.3255
v 0.051514 0.818848 -0.006104 0.4314 0.2902 0.2000
v 0.052002 0.819824 -0.006104 0.4275 0.2863 0.2039
v 0.049561 0.822266 -0.006104 0.3686 0.2314 0.1569
v 0.037354 0.833984 -0.006104 0.3412 0.2118 0.1412
v 0.051025 0.862305 -0.006104 0.3921 0.2510 0.1843
v 0.045654 0.870605 -0.006104 0.1725 0.1020 0.0549
v 0.052490 0.886230 -0.006104 0.2471 0.1569 0.1059
v -0.057373 0.916016 -0.006104 0.3451 0.2314 0.1608
v -0.013916 0.929199 -0.006104 0.2118 0.1412 0.1020
v -0.011963 0.933105 -0.006104 0.2706 0.1765 0.1176
v -0.133057 0.413086 -0.006104 0.1216 0.0549 0.0588
v 0.133057 0.413086 -0.006103 0.0745 0.0902 0.1961
v -0.061279 0.279297 -0.006104 0.6000 0.3843 0.2941
v 0.061279 0.279297 -0.006104 0.6039 0.3921 0.3098
v -0.148682 0.123535 -0.006104 0.0706 0.0941 0.2118
v 0.148682 0.123535 -0.006103 0.1294 0.1490 0.2275
v -0.079346 0.588867 -0.006592 0.5412 0.3804 0.2706
v 0.079346 0.588867 -0.006592 0.5451 0.3686 0.2549
v -0.097900 0.675293 -0.006592 0.6197 0.4000 0.3098
v 0.097900 0.675293 -0.006592 0.6315 0.4118 0.3137
v -0.257080 0.755371 -0.006592 0.6197 0.4078 0.3216
v 0.257080 0.755371 -0.006592 0.6510 0.4353 0.3372
v -0.242432 0.774414 -0.006592 0.6236 0.3882 0.3059
v 0.242432 0.774414 -0.006592 0.6276 0.3725 0.2667
v -0.272705 0.788086 -0.006592 0.7059 0.4628 0.3529
v 0.272705 0.788086 -0.006592 0.7216 0.4784 0.3804
v -0.363037 0.790527 -0.006592 0.7804 0.6079 0.2823
v 0.363037 0.790527 -0.006592 0.7764 0.6039 0.2667
v -0.070068 0.791504 -0.006592 0.6236 0.4157 0.3216
v 0.070068 0.791504 -0.006592 0.5686 0.3686 0.2863
v 0.143799 0.807129 -0.006592 0.6667 0.4353 0.3333
v 0.048096 0.820801 -0.006592 0.3294 0.2196 0.1530
v -0.031982 0.848145 -0.006592 0.4667 0.3098 0.2353
v 0.058350 0.870117 -0.006592 0.2745 0.1608 0.1137
v 0.049072 0.875000 -0.006592 0.2157 0.1294 0.0745
v -0.053467 0.908691 -0.006592 0.2549 0.1530 0.1020
v -0.050537 0.912109 -0.006592 0.2941 0.1804 0.1294
v -0.054932 0.916992 -0.006592 0.3176 0.2118 0.1333
v -0.006104 0.926270 -0.006592 0.2549 0.1569 0.1137
v -0.024170 0.933594 -0.006592 0.3882 0.2588 0.1882
v -0.126221 0.278809 -0.006592 0.6393 0.4196 0.3216
v 0.126221 0.278809 -0.006592 0.6510 0.4471 0.3529
v -0.147217 0.156738 -0.006592 0.0549 0.0863 0.2118
v 0.147217 0.156738 -0.006592 0.0471 0.0627 0.1961
v -0.148193 0.153809 -0.006592 0.0157 0.0588 0.1922
v 0.148193 0.153809 -0.006592 0.0196 0.0431 0.1765
v -0.143799 0.149902 -0.006592 0.4235 0.3372 0.2510
v 0.143799 0.149902 -0.006592 0.4078 0.3059 0.2471
v -0.111084 0.019531 -0.006592 0.0627 0.1098 0.2039
v 0.111084 0.019531 -0.006592 0.0941 0.1373 0.2471
v -0.082764 0.597168 -0.007080 0.5255 0.3294 0.2432
v 0.082764 0.597168 -0.007080 0.5373 0.3294 0.2667
v -0.083740 0.613770 -0.007080 0.6197 0.4000 0.3019
v 0.083740 0.613770 -0.007080 0.6315 0.4118 0.3216
v -0.083740 0.625977 -0.007080 0.6197 0.4000 0.3098
v 0.083740 0.625977 -0.007080 0.6157 0.3961 0.3059
v -0.093506 0.654785 -0.007080 0.6118 0.3961 0.3019
v 0.093506 0.654785 -0.007080 0.6039 0.3921 0.2980
v -0.100342 0.689453 -0.007080 0.6157 0.3961 0.3019
v 0.100342 0.689453 -0.007080 0.6315 0.4039 0.3098
v -0.246826 0.738770 -0.007080 0.6039 0.3961 0.3059
v 0.246826 0.738770 -0.007080 0.6628 0.4353 0.3451
v -0.262451 0.754395 -0.007080 0.6236 0.4118 0.3176
v 0.262451 0.754395 -0.007080 0.6432 0.4196 0.3176
v -0.338623 0.783691 -0.007080 0.6941 0.4667 0.3568
v -0.034912 0.806152 -0.007080 0.5804 0.3804 0.2941
v 0.034912 0.806152 -0.007080 0.5725 0.3725 0.2902
v -0.425537 0.809082 -0.007080 0.6902 0.0353 0.0627
v 0.425537 0.809082 -0.007080 0.7490 0.5490 0.2275
v -0.121826 0.814941 -0.007080 0.6589 0.4157 0.3176
v 0.121338 0.814941 -0.007080 0.6667 0.4314 0.3372
v 0.051514 0.818848 -0.007080 0.3882 0.2549 0.1765
v 0.052490 0.819824 -0.007080 0.3804 0.2510 0.1804
v -0.037354 0.821289 -0.007080 0.6236 0.4196 0.3255
v 0.037354 0.821289 -0.007080 0.5843 0.3765 0.2980
v 0.046631 0.830566 -0.007080 0.2980 0.1765 0.1333
v 0.040771 0.842285 -0.007080 0.2314 0.1216 0.0784
v -0.040771 0.851562 -0.007080 0.4000 0.2510 0.1765
v -0.066162 0.867676 -0.007080 0.3725 0.2471 0.1765
v -0.066162 0.868164 -0.007080 0.2941 0.1843 0.1137
v 0.047119 0.890625 -0.007080 0.1843 0.1020 0.0588
v -0.058350 0.913574 -0.007080 0.3176 0.2078 0.1490
v -0.041748 0.923340 -0.007080 0.2941 0.1843 0.1333
v -0.024170 0.930176 -0.007080 0.3216 0.2118 0.1569
v -0.006104 0.932129 -0.007080 0.3137 0.1961 0.1294
v -0.015381 0.410645 -0.007080 0.2902 0.2510 0.2745
v 0.015381 0.410645 -0.007080 0.3804 0.2941 0.2823
v -0.135010 0.245117 -0.007080 0.6471 0.4275 0.3294
v 0.135010 0.245117 -0.007080 0.6157 0.3961 0.2980
v -0.138428 0.230957 -0.007080 0.6471 0.4275 0.3294
v 0.138428 0.230957 -0.007080 0.6510 0.4314 0.3333
v -0.102295 0.148926 -0.007080 0.0392 0.0902 0.2235
v 0.102295 0.148926 -0.007080 0.0510 0.1059 0.2353
v -0.149170 0.147461 -0.007080 0.8470 0.6706 0.3568
v 0.149170 0.147461 -0.007080 0.7804 0.5961 0.3255
v -0.084717 0.637695 -0.007568 0.6354 0.4157 0.3216
v 0.084717 0.637695 -0.007568 0.6079 0.3882 0.2941
v -0.101318 0.697754 -0.007568 0.6236 0.4078 0.3176
v 0.101318 0.697754 -0.007568 0.6315 0.4118 0.3137
v -0.308838 0.724609 -0.007568 0.6393 0.4118 0.3216
v -0.267334 0.753418 -0.007568 0.6667 0.4471 0.3529
v 0.267334 0.753418 -0.007568 0.6510 0.4196 0.3255
v -0.248779 0.768066 -0.007568 0.6236 0.3882 0.2941
v 0.248779 0.768066 -0.007568 0.6315 0.3765 0.2667
v -0.260986 0.775879 -0.007568 0.6863 0.4510 0.3490
v 0.260986 0.775879 -0.007568 0.6863 0.4510 0.3529
v -0.154053 0.801758 -0.007568 0.6510 0.4157 0.3176
v 0.052490 0.819336 -0.007568 0.3725 0.2510 0.1686
v -0.041260 0.826660 -0.007568 0.4550 0.2941 0.2078
v -0.044678 0.828125 -0.007568 0.3725 0.2314 0.1686
v -0.056396 0.846680 -0.007568 0.3608 0.2314 0.1569
v -0.039307 0.848633 -0.007568 0.3647 0.2275 0.1530
v -0.057861 0.849609 -0.007568 0.4078 0.2784 0.1961
v 0.042236 0.854004 -0.007568 0.3255 0.2118 0.1569
v -0.064209 0.871582 -0.007568 0.3765 0.2392 0.1686
v -0.064209 0.872070 -0.007568 0.3137 0.2078 0.1294
v 0.056885 0.883301 -0.007568 0.2784 0.1765 0.1176
v -0.052979 0.906250 -0.007568 0.1412 0.0667 0.0353
v 0.021729 0.926758 -0.007568 0.3137 0.1961 0.1333
v 0.013428 0.927246 -0.007568 0.2627 0.1569 0.1020
v -0.021729 0.935547 -0.007568 0.3333 0.2078 0.1451
v -0.117432 0.432617 -0.007568 0.1333 0.1490 0.2157
v -0.067139 0.266113 -0.007568 0.6000 0.3843 0.3019
v 0.067139 0.266113 -0.007568 0.6039 0.3882 0.3019
v -0.094482 0.174805 -0.007568 0.6315 0.4118 0.3137
v 0.094482 0.174805 -0.007568 0.6197 0.4000 0.3137
v -0.144775 0.157715 -0.007568 0.6079 0.4235 0.3255
v 0.144775 0.157715 -0.007568 0.3765 0.2784 0.2588
v -0.109619 0.017578 -0.007568 0.0549 0.0980 0.2000
v 0.109619 0.017578 -0.007568 0.1098 0.1569 0.2510
v -0.112061 0.004883 -0.007568 0.6863 0.5019 0.2314
v 0.112061 0.004883 -0.007568 0.3765 0.2823 0.1843
v -0.095947 0.543945 -0.008057 0.0941 0.1255 0.2235
v 0.095947 0.543945 -0.008057 0.0902 0.1294 0.2314
v -0.281494 0.719238 -0.008057 0.6471 0.4039 0.3137
v 0.281494 0.719238 -0.008057 0.6432 0.3921 0.3059
v 0.308838 0.724121 -0.008057 0.6236 0.3882 0.2902
v 0.337647 0.782715 -0.008057 0.7490 0.4628 0.3568
v 0.153564 0.801758 -0.008057 0.6667 0.4353 0.3333
v -0.088623 0.809570 -0.008057 0.5882 0.3725 0.2823
v 0.088623 0.809570 -0.008057 0.6000 0.3882 0.2941
v 0.050537 0.822754 -0.008057 0.3568 0.2314 0.1569
v 0.048584 0.826660 -0.008057 0.2902 0.1686 0.1176
v -0.033936 0.839844 -0.008057 0.4823 0.3098 0.2353
v 0.042725 0.844727 -0.008057 0.3019 0.1765 0.1294
v 0.033447 0.846191 -0.008057 0.2471 0.1412 0.0824
v 0.044189 0.855469 -0.008057 0.3216 0.2078 0.1451
v -0.049561 0.855957 -0.008057 0.2706 0.1686 0.1255
v 0.054443 0.878418 -0.008057 0.2471 0.1569 0.1098
v -0.052979 0.916016 -0.008057 0.3529 0.2471 0.1647
v 0.033447 0.932617 -0.008057 0.3882 0.2392 0.1686
v 0.119385 0.433105 -0.008057 0.0941 0.1373 0.2432
v -0.142334 0.398926 -0.008057 0.7764 0.6471 0.3608
v 0.142334 0.398926 -0.008057 0.0824 0.0941 0.2196
v -0.136475 0.398438 -0.008057 0.5608 0.4471 0.2471
v 0.136475 0.398438 -0.008057 0.1451 0.1373 0.1961
v -0.070068 0.261719 -0.008057 0.5961 0.3804 0.2941
v 0.070068 0.261719 -0.008057 0.6000 0.3843 0.3019
v -0.140869 0.216309 -0.008057 0.6471 0.4314 0.3294
v 0.140869 0.216309 -0.008057 0.6354 0.4118 0.3176
v -0.159424 0.058594 -0.008057 0.0941 0.1373 0.2549
v 0.159424 0.058594 -0.008057 0.0980 0.1294 0.2235
v 0.295166 0.720703 -0.008545 0.6354 0.3961 0.3019
v -0.295166 0.721191 -0.008545 0.6510 0.4157 0.3216
v -0.437744 0.726562 -0.008545 0.7098 0.0314 0.0627
v 0.437744 0.726562 -0.008545 0.7490 0.5647 0.2275
v -0.243897 0.730469 -0.008545 0.6276 0.4078 0.3137
v 0.243897 0.730469 -0.008545 0.6550 0.4353 0.3372
v -0.124756 0.731934 -0.008545 0.5412 0.3372 0.2510
v 0.124756 0.731934 -0.008545 0.5294 0.3294 0.2471
v -0.490479 0.736328 -0.008545 0.7412 0.0588 0.0863
v 0.490479 0.736328 -0.008545 0.8000 0.6118 0.2353
v 0.041748 0.828125 -0.008545 0.2941 0.1804 0.1216
v 0.035400 0.839355 -0.008545 0.3294 0.2000 0.1255
v -0.042236 0.840820 -0.008545 0.3059 0.1922 0.1451
v -0.046143 0.852051 -0.008545 0.2157 0.1294 0.0863
v -0.053955 0.861816 -0.008545 0.2196 0.1333 0.0863
v -0.049072 0.863770 -0.008545 0.2196 0.1333 0.0902
v 0.062744 0.875000 -0.008545 0.3647 0.2353 0.1647
v 0.048096 0.880371 -0.008545 0.2118 0.1216 0.0745
v 0.056885 0.881836 -0.008545 0.2392 0.1490 0.0980
v 0.046631 0.898926 -0.008545 0.2275 0.1294 0.0902
v 0.038818 0.908691 -0.008545 0.2353 0.1451 0.0980
v -0.057861 0.911621 -0.008545 0.2863 0.1882 0.1255
v 0.012451 0.930664 -0.008545 0.1490 0.0784 0.0510
v 0.005127 0.934570 -0.008545 0.3843 0.2549 0.1882
v -0.139404 0.398926 -0.008545 0.7686 0.6236 0.3059
v 0.139404 0.398926 -0.008545 0.0627 0.0863 0.2039
v -0.142334 0.154297 -0.008545 0.3921 0.3019 0.2471
v 0.142334 0.154297 -0.008545 0.5019 0.3765 0.2941
v -0.105225 0.715332 -0.009033 0.5882 0.3804 0.2863
v 0.105225 0.715332 -0.009033 0.5961 0.3804 0.2902
v -0.267334 0.719727 -0.009033 0.6315 0.4039 0.3098
v 0.267334 0.719727 -0.009033 0.6157 0.3921 0.3059
v -0.172607 0.731934 -0.009033 0.6000 0.3882 0.3019
v 0.172607 0.731934 -0.009033 0.5882 0.3725 0.2823
v -0.159912 0.735840 -0.009033 0.5686 0.3647 0.2784
v 0.159912 0.735840 -0.009033 0.5451 0.3372 0.2588
v -0.496826 0.746582 -0.009033 0.7451 0.0392 0.0588
v 0.496826 0.746582 -0.009033 0.8509 0.6902 0.2784
v -0.394287 0.748535 -0.009033 0.6785 0.5451 0.3216
v 0.394287 0.748535 -0.009033 0.0157 0.0706 0.2275
v -0.394775 0.752441 -0.009033 0.2275 0.1647 0.1725
v -0.439209 0.752441 -0.009033 0.4823 0.0157 0.0549
v 0.394775 0.752441 -0.009033 0.0275 0.0784 0.2471
v 0.439209 0.752441 -0.009033 0.4863 0.3529 0.1922
v -0.059326 0.793457 -0.009033 0.6315 0.4275 0.3333
v 0.059326 0.793457 -0.009033 0.6315 0.4157 0.3216
v 0.048584 0.820801 -0.009033 0.2745 0.1804 0.1216
v -0.036865 0.832031 -0.009033 0.5686 0.3765 0.2902
v -0.044189 0.834473 -0.009033 0.2392 0.1451 0.1059
v 0.053955 0.857910 -0.009033 0.3725 0.2353 0.1608
v 0.042725 0.859375 -0.009033 0.1882 0.1098 0.0667
v 0.048096 0.863770 -0.009033 0.2588 0.1608 0.1137
v -0.052490 0.868164 -0.009033 0.2000 0.1176 0.0667
v -0.055420 0.872070 -0.009033 0.2118 0.1255 0.0745
v 0.060791 0.878418 -0.009033 0.3255 0.2118 0.1451
v -0.058350 0.879395 -0.009033 0.2980 0.1882 0.1294
v 0.054932 0.884766 -0.009033 0.2196 0.1373 0.0902
v 0.060303 0.893066 -0.009033 0.2980 0.1725 0.1098
v 0.053467 0.904785 -0.009033 0.2667 0.1725 0.1216
v 0.059814 0.905762 -0.009033 0.3255 0.2196 0.1530
v 0.024170 0.931152 -0.009033 0.4157 0.2627 0.1961
v 0.030518 0.934082 -0.009033 0.4196 0.2627 0.1922
v -0.018311 0.935547 -0.009033 0.4000 0.2627 0.1961
v -0.122803 0.414062 -0.009033 0.6354 0.4235 0.3294
v 0.122803 0.414062 -0.009033 0.6471 0.4275 0.3294
v -0.019775 0.395020 -0.009033 0.5764 0.3765 0.2980
v 0.019775 0.395020 -0.009033 0.5882 0.3725 0.2863
v 0.108643 0.060547 -0.009033 0.1020 0.1412 0.2471
v -0.108643 0.060059 -0.009033 0.0706 0.1098 0.2078
v -0.099365 0.523926 -0.009521 0.0902 0.1216 0.2235
v 0.099365 0.523926 -0.009521 0.0902 0.1176 0.2196
v -0.324463 0.730469 -0.009522 0.6157 0.3882 0.3019
v -0.390869 0.746582 -0.009522 0.1961 0.1294 0.1451
v 0.390869 0.746582 -0.009521 0.2039 0.1647 0.1569
v 0.429932 0.752441 -0.009521 0.5530 0.3921 0.1765
v 0.435303 0.753418 -0.009521 0.5569 0.3882 0.1804
v -0.261475 0.765137 -0.009522 0.5725 0.3608 0.2745
v 0.261475 0.765137 -0.009521 0.5882 0.3765 0.2823
v -0.324463 0.784180 -0.009522 0.7216 0.4784 0.3804
v -0.349854 0.794434 -0.009522 0.0471 0.0824 0.2000
v 0.349854 0.794434 -0.009521 0.7921 0.6118 0.2980
v -0.410400 0.805664 -0.009522 0.7294 0.0353 0.0706
v 0.410400 0.805664 -0.009521 0.7294 0.5373 0.2275
v -0.144287 0.807129 -0.009522 0.7020 0.4667 0.3686
v 0.133057 0.811035 -0.009521 0.6902 0.4589 0.3608
v -0.133057 0.811523 -0.009522 0.6628 0.4314 0.3255
v -0.110596 0.815430 -0.009522 0.6510 0.4157 0.3216
v 0.110596 0.815430 -0.009521 0.6471 0.4157 0.3216
v 0.045166 0.824219 -0.009521 0.2784 0.1647 0.1176
v 0.045654 0.834473 -0.009521 0.3333 0.2000 0.1294
v -0.043701 0.844238 -0.009521 0.2745 0.1725 0.1216
v -0.056885 0.852539 -0.009521 0.3098 0.1922 0.1373
v 0.053467 0.854492 -0.009521 0.2823 0.1686 0.1255
v 0.062256 0.902344 -0.009521 0.3059 0.1922 0.1333
v -0.052979 0.913574 -0.009521 0.2863 0.1961 0.1412
v -0.057373 0.917969 -0.009521 0.3333 0.2275 0.1530
v -0.055908 0.918457 -0.009521 0.3568 0.2392 0.1686
v -0.125244 0.395508 -0.009522 0.6197 0.4000 0.3019
v 0.125244 0.395508 -0.009521 0.6550 0.4275 0.3333
v -0.123291 0.311523 -0.009522 0.6039 0.3921 0.2863
v 0.123291 0.311523 -0.009521 0.5843 0.3647 0.2667
v -0.114990 0.001953 -0.009522 0.5490 0.4157 0.2275
v 0.114990 0.001953 -0.009521 0.2941 0.2196 0.1608
v -0.099854 0.662109 -0.010010 0.6550 0.4314 0.3372
v 0.099854 0.662109 -0.010010 0.6315 0.4078 0.3176
v -0.103760 0.672852 -0.010010 0.6471 0.4314 0.3372
v 0.103760 0.672852 -0.010010 0.6432 0.4078 0.3098
v -0.107666 0.685059 -0.010010 0.6471 0.4235 0.3333
v 0.107666 0.685059 -0.010010 0.6432 0.4078 0.3059
v -0.401611 0.751465 -0.010010 0.6157 0.0235 0.0235
v -0.430908 0.751465 -0.010010 0.5490 0.0157 0.0431
v 0.401611 0.751465 -0.010010 0.5725 0.3686 0.1137
v -0.435791 0.752441 -0.010010 0.4745 0.0196 0.0549
v -0.255127 0.761719 -0.010010 0.6197 0.4000 0.3059
v 0.255127 0.761719 -0.010010 0.6236 0.4118 0.3098
v 0.324951 0.783691 -0.010010 0.7020 0.4471 0.3372
v -0.311768 0.787598 -0.010010 0.7020 0.4706 0.3765
v 0.311768 0.787598 -0.010010 0.6941 0.4550 0.3490
v -0.183350 0.788574 -0.010010 0.6393 0.4118 0.3137
v -0.196533 0.788574 -0.010010 0.6471 0.4118 0.3137
v 0.183350 0.788574 -0.010010 0.6432 0.4039 0.3019
v 0.196533 0.788574 -0.010010 0.6706 0.4353 0.3412
v -0.348877 0.789551 -0.010010 0.3412 0.2706 0.1882
v 0.348877 0.789551 -0.010010 0.5647 0.4392 0.2823
v -0.078857 0.800293 -0.010010 0.6118 0.3921 0.2941
v 0.078857 0.800293 -0.010010 0.5764 0.3686 0.2784
v -0.038330 0.802734 -0.010010 0.5569 0.3529 0.2706
v 0.038330 0.802734 -0.010010 0.5686 0.3647 0.2745
v 0.143799 0.806641 -0.010010 0.6941 0.4628 0.3686
v 0.050049 0.822266 -0.010010 0.3333 0.2275 0.1490
v 0.046631 0.836426 -0.010010 0.3137 0.1882 0.1333
v -0.053467 0.845703 -0.010010 0.3019 0.1961 0.1333
v 0.046631 0.862793 -0.010010 0.2588 0.1608 0.1059
v -0.064697 0.863770 -0.010010 0.2588 0.1608 0.1098
v -0.048096 0.867188 -0.010010 0.1922 0.1176 0.0667
v 0.053955 0.870605 -0.010010 0.2235 0.1412 0.0902
v -0.060791 0.872559 -0.010010 0.2039 0.1216 0.0706
v 0.055420 0.881348 -0.010010 0.2314 0.1373 0.0863
v -0.048096 0.910156 -0.010010 0.1647 0.0980 0.0745
v -0.055420 0.911621 -0.010010 0.2980 0.1882 0.1333
v -0.058350 0.916992 -0.010010 0.3294 0.2235 0.1451
v -0.027588 0.378418 -0.010010 0.5882 0.3843 0.2980
v 0.027588 0.378418 -0.010010 0.5843 0.3804 0.2980
v -0.127686 0.375977 -0.010010 0.6079 0.3921 0.2980
v 0.127686 0.375977 -0.010010 0.6157 0.3961 0.3098
v -0.142822 0.200684 -0.010010 0.6236 0.4039 0.3059
v 0.142822 0.200684 -0.010010 0.6039 0.3843 0.2863
v -0.096924 0.156738 -0.010010 0.6393 0.3882 0.2823
v 0.096924 0.156738 -0.010010 0.6550 0.4353 0.3490
v -0.109619 0.725586 -0.010498 0.5647 0.3568 0.2823
v 0.109619 0.725586 -0.010498 0.5725 0.3686 0.2745
v -0.184814 0.729980 -0.010498 0.6000 0.3843 0.2980
v 0.184814 0.729980 -0.010498 0.5843 0.3647 0.2823
v 0.323975 0.729980 -0.010498 0.6079 0.3843 0.2980
v -0.343018 0.738770 -0.010498 0.6000 0.3843 0.2941
v 0.343018 0.738770 -0.010498 0.6393 0.3961 0.2902
v -0.354248 0.742676 -0.010498 0.1765 0.1569 0.2078
v 0.354248 0.742676 -0.010498 0.0196 0.0667 0.2941
v -0.364990 0.746094 -0.010498 0.7176 0.5216 0.1843
v 0.364990 0.746094 -0.010498 0.3255 0.2432 0.1530
v -0.410400 0.750000 -0.010498 0.6432 0.0157 0.0353
v 0.410400 0.750000 -0.010498 0.6824 0.4980 0.1765
v -0.420166 0.750488 -0.010498 0.6276 0.0196 0.0431
v 0.420166 0.750488 -0.010498 0.6354 0.4353 0.1961
v -0.499756 0.759766 -0.010498 0.7725 0.0510 0.0824
v 0.499756 0.759766 -0.010498 0.8862 0.6902 0.2941
v -0.171143 0.789062 -0.010498 0.6315 0.4078 0.3137
v 0.171143 0.789062 -0.010498 0.6432 0.4039 0.3098
v -0.121826 0.813965 -0.010498 0.6745 0.4314 0.3333
v 0.121826 0.813965 -0.010498 0.6980 0.4706 0.3725
v 0.043213 0.833008 -0.010498 0.2471 0.1490 0.0902
v -0.042725 0.852051 -0.010498 0.2314 0.1373 0.0824
v 0.052979 0.860840 -0.010498 0.3255 0.1961 0.1412
v 0.061768 0.872070 -0.010498 0.2902 0.1882 0.1255
v 0.052979 0.875000 -0.010498 0.2471 0.1569 0.1059
v -0.042725 0.909180 -0.010498 0.2588 0.1530 0.0980
v -0.054443 0.917969 -0.010498 0.3647 0.2471 0.1961
v -0.016846 0.929688 -0.010498 0.2196 0.1294 0.0784
v -0.015869 0.932617 -0.010498 0.3176 0.2039 0.1412
v -0.128174 0.355469 -0.010498 0.6276 0.4118 0.3176
v 0.128174 0.355469 -0.010498 0.6354 0.4157 0.3176
v -0.126709 0.334961 -0.010498 0.6354 0.4157 0.3176
v 0.126709 0.334961 -0.010498 0.6432 0.4314 0.3333
v -0.124268 0.322266 -0.010498 0.6393 0.4235 0.3255
v 0.124268 0.322266 -0.010498 0.6197 0.4000 0.3019
v -0.071533 0.258789 -0.010498 0.5882 0.3686 0.2745
v 0.071533 0.258789 -0.010498 0.5843 0.3765 0.3019
v -0.108643 0.053223 -0.010498 0.0784 0.1137 0.2196
v 0.108643 0.053223 -0.010498 0.0902 0.1294 0.2353
v -0.173096 0.728516 -0.010986 0.6315 0.4078 0.3176
v 0.173096 0.728516 -0.010986 0.6197 0.3961 0.3019
v -0.482666 0.729980 -0.010986 0.7176 0.0392 0.0627
v 0.482666 0.729980 -0.010986 0.8235 0.6706 0.2784
v -0.159424 0.730957 -0.010986 0.6236 0.4039 0.3137
v 0.158936 0.730957 -0.010986 0.6432 0.4078 0.3137
v -0.427490 0.736328 -0.010986 0.6471 0.0314 0.0667
v -0.429932 0.747070 -0.010986 0.5569 0.0118 0.0471
v 0.429932 0.747070 -0.010986 0.4275 0.2784 0.1294
v -0.260498 0.787109 -0.010986 0.7020 0.4589 0.3490
v 0.260498 0.787109 -0.010986 0.7216 0.4863 0.3843
v -0.209717 0.788086 -0.010986 0.6471 0.4078 0.3176
v 0.209717 0.788086 -0.010986 0.6354 0.4039 0.3137
v -0.344971 0.792480 -0.010986 0.6236 0.4000 0.3137
v 0.344971 0.792480 -0.010986 0.0588 0.1059 0.3098
v -0.161377 0.795898 -0.010986 0.6589 0.4235 0.3216
v 0.160889 0.795898 -0.010986 0.6471 0.4039 0.3019
v -0.048584 0.797852 -0.010986 0.6039 0.4000 0.3059
v 0.048584 0.797852 -0.010986 0.6236 0.4039 0.3137
v 0.153564 0.801270 -0.010986 0.6706 0.4235 0.3294
v -0.154053 0.801758 -0.010986 0.6706 0.4432 0.3451
v -0.146240 0.810059 -0.010986 0.6667 0.4471 0.3568
v -0.044678 0.823242 -0.010986 0.4314 0.2745 0.1922
v -0.046631 0.825195 -0.010986 0.4980 0.3294 0.2510
v -0.039795 0.827148 -0.010986 0.4196 0.2745 0.1843
v -0.045654 0.830078 -0.010986 0.2667 0.1647 0.1137
v -0.032959 0.848145 -0.010986 0.3019 0.1765 0.1098
v 0.045654 0.849609 -0.010986 0.2784 0.1686 0.1176
v -0.068604 0.870117 -0.010986 0.3412 0.2157 0.1333
v -0.066650 0.872559 -0.010986 0.3490 0.2392 0.1608
v -0.055908 0.886230 -0.010986 0.4589 0.3176 0.2392
v 0.042236 0.914551 -0.010986 0.3216 0.2078 0.1451
v -0.130127 0.260742 -0.010986 0.6393 0.4314 0.3294
v 0.130127 0.260742 -0.010986 0.6471 0.4275 0.3294
v -0.106201 0.068848 -0.010986 0.0706 0.1020 0.2000
v 0.106201 0.068848 -0.010986 0.0902 0.1294 0.2275
v -0.252686 0.721680 -0.011475 0.6157 0.3921 0.3019
v 0.252686 0.721680 -0.011475 0.6039 0.3804 0.2941
v -0.114502 0.731445 -0.011475 0.5490 0.3451 0.2588
v 0.114502 0.731445 -0.011475 0.5176 0.3216 0.2353
v -0.235596 0.732422 -0.011475 0.6118 0.3921 0.3019
v 0.235596 0.732422 -0.011475 0.6118 0.4000 0.3059
v -0.152588 0.733398 -0.011475 0.6039 0.3921 0.3019
v 0.152100 0.733398 -0.011475 0.6157 0.3961 0.3019
v 0.427002 0.736328 -0.011475 0.7137 0.5294 0.2275
v -0.298584 0.792480 -0.011475 0.6354 0.3961 0.2980
v 0.298584 0.792480 -0.011475 0.6745 0.4471 0.3451
v -0.073975 0.803711 -0.011475 0.6706 0.4471 0.3529
v -0.400635 0.803711 -0.011475 0.6902 0.0078 0.0471
v 0.073975 0.803711 -0.011475 0.6315 0.4078 0.3137
v 0.400635 0.803711 -0.011475 0.7333 0.5451 0.2353
v 0.145752 0.809570 -0.011475 0.6863 0.4353 0.3333
v -0.134521 0.813965 -0.011475 0.6941 0.4510 0.3686
v 0.134033 0.813965 -0.011475 0.6863 0.4392 0.3333
v 0.047607 0.825684 -0.011475 0.3176 0.1961 0.1294
v 0.045166 0.829590 -0.011475 0.3412 0.2039 0.1412
v -0.035889 0.832031 -0.011475 0.5961 0.3921 0.3059
v 0.035889 0.832031 -0.011475 0.5804 0.3843 0.2902
v 0.051025 0.853516 -0.011475 0.2471 0.1490 0.0941
v 0.065186 0.876953 -0.011475 0.3216 0.2157 0.1530
v 0.058350 0.878906 -0.011475 0.2667 0.1647 0.1059
v -0.030518 0.886719 -0.011475 0.5176 0.3372 0.2588
v 0.030518 0.886719 -0.011475 0.5216 0.3372 0.2667
v 0.056396 0.906250 -0.011475 0.2471 0.1647 0.1137
v 0.060791 0.908203 -0.011475 0.3333 0.2235 0.1530
v -0.058350 0.916016 -0.011475 0.3333 0.2235 0.1569
v -0.055908 0.920898 -0.011475 0.3921 0.2627 0.1882
v -0.056885 0.920898 -0.011475 0.3961 0.2667 0.1882
v -0.036377 0.928711 -0.011475 0.4275 0.2745 0.1961
v -0.034424 0.361328 -0.011475 0.5843 0.3804 0.2941
v 0.034424 0.361328 -0.011475 0.5804 0.3647 0.2823
v -0.099365 0.143066 -0.011475 0.6039 0.4275 0.2235
v 0.099365 0.143066 -0.011475 0.6706 0.4823 0.2706
v 0.158447 0.065918 -0.011475 0.1059 0.1333 0.2235
v -0.158447 0.065430 -0.011475 0.1059 0.1451 0.2510
v -0.102783 0.504395 -0.011963 0.0941 0.1216 0.2196
v 0.102783 0.504395 -0.011963 0.0863 0.1176 0.2078
v -0.110596 0.696777 -0.011963 0.6510 0.4314 0.3333
v 0.110596 0.696777 -0.011963 0.6510 0.4157 0.3137
v -0.261963 0.759766 -0.011963 0.6393 0.4314 0.3412
v 0.261963 0.759766 -0.011963 0.5725 0.3647 0.2706
v -0.344482 0.790039 -0.011963 0.6510 0.4314 0.3216
v 0.344482 0.790039 -0.011963 0.0471 0.0941 0.2902
v -0.166748 0.790527 -0.011963 0.6432 0.4314 0.3372
v -0.156494 0.804199 -0.011963 0.6628 0.4392 0.3412
v 0.039307 0.832520 -0.011963 0.3098 0.1686 0.1020
v -0.045166 0.834473 -0.011963 0.3765 0.2549 0.1882
v -0.034912 0.840332 -0.011963 0.3686 0.2235 0.1451
v -0.060791 0.848633 -0.011963 0.3725 0.2510 0.1725
v -0.053955 0.852051 -0.011963 0.2667 0.1608 0.1059
v 0.063232 0.878906 -0.011963 0.3098 0.2078 0.1412
v -0.052490 0.890137 -0.011963 0.3647 0.2392 0.1765
v -0.024658 0.894531 -0.011963 0.5451 0.3608 0.2863
v 0.024658 0.894531 -0.011963 0.5608 0.3686 0.2902
v -0.054932 0.916504 -0.011963 0.3059 0.2039 0.1333
v -0.137939 0.397461 -0.011963 0.0314 0.0039 0.0667
v 0.137939 0.397461 -0.011963 0.0706 0.0941 0.1686
v -0.185303 0.728027 -0.012451 0.6079 0.3882 0.2980
v 0.185303 0.728027 -0.012451 0.6079 0.3882 0.2980
v -0.339111 0.788086 -0.012451 0.6236 0.4039 0.3019
v 0.339111 0.788086 -0.012451 0.6980 0.4157 0.3098
v 0.166260 0.790039 -0.012451 0.6276 0.4000 0.3019
v 0.156006 0.803711 -0.012451 0.6706 0.4157 0.3059
v -0.111572 0.814453 -0.012451 0.6393 0.4078 0.3137
v 0.111084 0.814453 -0.012451 0.6432 0.4078 0.3176
v -0.122803 0.816406 -0.012451 0.6785 0.4392 0.3294
v 0.122803 0.816406 -0.012451 0.6902 0.4471 0.3568
v -0.042725 0.843262 -0.012451 0.2706 0.1647 0.1098
v -0.060303 0.846680 -0.012451 0.3686 0.2392 0.1647
v 0.027100 0.858887 -0.012451 0.2353 0.1569 0.1255
v -0.030029 0.861328 -0.012451 0.4941 0.3098 0.2353
v 0.030029 0.861328 -0.012451 0.4706 0.3019 0.2275
v -0.031006 0.874023 -0.012451 0.4823 0.3137 0.2432
v 0.031006 0.874023 -0.012451 0.4902 0.3137 0.2392
v 0.059326 0.886230 -0.012451 0.2627 0.1647 0.1137
v 0.057373 0.890137 -0.012451 0.2471 0.1569 0.1020
v 0.051514 0.900879 -0.012451 0.2392 0.1490 0.1020
v 0.063232 0.906250 -0.012451 0.3882 0.2627 0.1843
v -0.044678 0.911133 -0.012451 0.2432 0.1451 0.0902
v -0.056396 0.915527 -0.012451 0.3294 0.2118 0.1530
v -0.055420 0.920410 -0.012451 0.3568 0.2392 0.1608
v -0.057373 0.920410 -0.012451 0.3765 0.2549 0.1765
v -0.025146 0.934082 -0.012451 0.3686 0.2432 0.1725
v -0.023193 0.935547 -0.012451 0.3412 0.2196 0.1490
v -0.040283 0.344238 -0.012451 0.6000 0.3843 0.3019
v 0.040283 0.344238 -0.012451 0.5764 0.3686 0.2823
v -0.069580 0.250977 -0.012451 0.6118 0.3568 0.2392
v 0.069580 0.250977 -0.012451 0.6079 0.4039 0.3098
v -0.088623 0.175293 -0.012451 0.5921 0.3725 0.2823
v 0.088623 0.175293 -0.012451 0.6118 0.4000 0.3059
v -0.138916 0.001953 -0.012451 0.0510 0.0549 0.0863
v 0.138916 0.001953 -0.012451 0.0549 0.0627 0.1059
v -0.173096 0.721680 -0.012939 0.6745 0.4353 0.3451
v 0.173096 0.721680 -0.012939 0.6745 0.4392 0.3412
v -0.211182 0.727539 -0.012939 0.6315 0.4078 0.3176
v 0.211182 0.727539 -0.012939 0.6276 0.4078 0.3137
v -0.499268 0.773926 -0.012940 0.7608 0.0471 0.0745
v 0.499268 0.773926 -0.012939 0.8666 0.6628 0.2667
v -0.249268 0.776855 -0.012939 0.6510 0.4235 0.3294
v 0.249268 0.776855 -0.012939 0.6393 0.4118 0.3176
v -0.221436 0.786133 -0.012939 0.6315 0.4039 0.3098
v 0.221436 0.786133 -0.012939 0.6471 0.4196 0.3176
v -0.160889 0.796387 -0.012939 0.6745 0.4471 0.3529
v -0.100830 0.814453 -0.012939 0.6157 0.3961 0.3019
v 0.100830 0.814453 -0.012939 0.6157 0.3882 0.3019
v 0.046143 0.838379 -0.012939 0.3529 0.2118 0.1569
v 0.047607 0.840332 -0.012939 0.2392 0.1412 0.0941
v -0.044678 0.847168 -0.012939 0.2941 0.1843 0.1176
v -0.052002 0.848145 -0.012939 0.2314 0.1412 0.0863
v -0.059814 0.850586 -0.012939 0.3294 0.2196 0.1530
v -0.024658 0.857910 -0.012939 0.2078 0.1216 0.0784
v 0.050537 0.861816 -0.012939 0.2784 0.1686 0.1176
v -0.068604 0.874512 -0.012939 0.3686 0.2510 0.1765
v 0.057861 0.886719 -0.012939 0.2706 0.1686 0.1098
v 0.062744 0.898438 -0.012939 0.3686 0.2353 0.1608
v -0.055420 0.919922 -0.012939 0.3451 0.2235 0.1490
v -0.057373 0.919922 -0.012939 0.3725 0.2549 0.1804
v -0.025146 0.931641 -0.012939 0.2941 0.1961 0.1373
v -0.000244 0.460938 -0.012939 0.0196 0.0314 0.0902
v -0.140869 0.378418 -0.012939 0.5333 0.4275 0.2627
v 0.140869 0.378418 -0.012939 0.1608 0.1569 0.1961
v -0.144775 0.183594 -0.012939 0.6276 0.4078 0.3098
v 0.144775 0.183594 -0.012939 0.5882 0.3686 0.2784
v -0.106689 0.078613 -0.012939 0.0588 0.0980 0.1882
v 0.106689 0.078613 -0.012939 0.0824 0.1216 0.2275
v 0.155518 0.073730 -0.012939 0.0941 0.1333 0.2392
v -0.155518 0.073242 -0.012939 0.0980 0.1294 0.2275
v -0.107666 0.042480 -0.012939 0.5961 0.4392 0.2471
v 0.107666 0.042480 -0.012939 0.0941 0.1255 0.2471
v -0.158936 0.722656 -0.013428 0.6745 0.4471 0.3529
v 0.158936 0.722656 -0.013428 0.6745 0.4353 0.3412
v -0.197022 0.728516 -0.013428 0.5921 0.3804 0.2902
v 0.197022 0.728516 -0.013428 0.5882 0.3804 0.2941
v -0.225342 0.729004 -0.013428 0.6276 0.4078 0.3176
v 0.225342 0.729004 -0.013428 0.6315 0.4118 0.3216
v -0.348389 0.786621 -0.013428 0.0078 0.0745 0.2902
v 0.348389 0.786621 -0.013428 0.0118 0.0745 0.2941
v -0.363037 0.791504 -0.013428 0.7686 0.6039 0.2941
v 0.363037 0.791504 -0.013428 0.7294 0.5451 0.2353
v 0.160400 0.796387 -0.013428 0.6589 0.4157 0.3137
v -0.393311 0.799805 -0.013428 0.0471 0.0588 0.2196
v 0.393311 0.799805 -0.013428 0.2118 0.1961 0.3098
v -0.047607 0.826660 -0.013428 0.3176 0.2078 0.1412
v -0.039795 0.833008 -0.013428 0.3098 0.1765 0.1059
v 0.049072 0.855469 -0.013428 0.2235 0.1412 0.0824
v 0.056396 0.857910 -0.013428 0.3961 0.2667 0.2039
v -0.070557 0.873047 -0.013428 0.3725 0.2549 0.1686
v -0.064209 0.873535 -0.013428 0.2314 0.1333 0.0902
v 0.043701 0.883789 -0.013428 0.2039 0.1216 0.0667
v 0.052979 0.894043 -0.013428 0.3059 0.1922 0.1294
v -0.056396 0.896973 -0.013428 0.2432 0.1333 0.0824
v 0.058350 0.908203 -0.013428 0.2667 0.1765 0.1255
v 0.061279 0.910645 -0.013428 0.3294 0.2157 0.1490
v -0.056396 0.919922 -0.013428 0.3529 0.2392 0.1647
v -0.023682 0.921875 -0.013428 0.1608 0.0824 0.0471
v -0.055420 0.923828 -0.013428 0.3843 0.2588 0.1765
v -0.022705 0.929199 -0.013428 0.2706 0.1804 0.1216
v -0.020264 0.935059 -0.013428 0.2980 0.1765 0.1216
v -0.002197 0.458008 -0.013428 0.0235 0.0353 0.1020
v 0.002197 0.458008 -0.013428 0.0118 0.0314 0.0784
v -0.016846 0.412598 -0.013428 0.1922 0.1922 0.2432
v 0.016846 0.412598 -0.013428 0.4980 0.3568 0.3059
v -0.107178 0.488281 -0.013916 0.1176 0.1451 0.2471
v 0.107178 0.488281 -0.013916 0.1059 0.1333 0.2353
v -0.150146 0.725098 -0.013916 0.6276 0.4039 0.3216
v 0.150146 0.725098 -0.013916 0.6393 0.4118 0.3176
v -0.359131 0.737793 -0.013916 0.0784 0.1373 0.2275
v 0.359131 0.737793 -0.013916 0.9098 0.7020 0.2549
v -0.240479 0.773926 -0.013916 0.6197 0.3921 0.2980
v 0.240479 0.773926 -0.013916 0.6276 0.3961 0.2941
v -0.170166 0.791992 -0.013916 0.6197 0.3921 0.3059
v -0.162842 0.797852 -0.013916 0.6510 0.4275 0.3412
v -0.391357 0.800781 -0.013916 0.3725 0.2980 0.2275
v 0.391357 0.800781 -0.013916 0.0235 0.0353 0.1882
v -0.049561 0.822266 -0.013916 0.4235 0.2745 0.1922
v -0.043213 0.823730 -0.013916 0.4039 0.2667 0.1804
v -0.042236 0.829590 -0.013916 0.3294 0.2078 0.1333
v -0.044678 0.830566 -0.013916 0.3059 0.1922 0.1255
v 0.050537 0.830566 -0.013916 0.3216 0.2039 0.1373
v -0.046631 0.837402 -0.013916 0.2902 0.1882 0.1412
v -0.058838 0.845703 -0.013916 0.2902 0.1961 0.1373
v 0.056396 0.855957 -0.013916 0.2039 0.1216 0.0863
v 0.055420 0.859863 -0.013916 0.3255 0.2157 0.1530
v -0.060791 0.864258 -0.013916 0.2353 0.1451 0.0824
v -0.068604 0.868164 -0.013916 0.3568 0.2392 0.1686
v -0.058350 0.869141 -0.013916 0.1922 0.1176 0.0706
v 0.048096 0.869141 -0.013916 0.1961 0.0980 0.0510
v 0.058350 0.872559 -0.013916 0.2353 0.1451 0.1020
v 0.051025 0.873047 -0.013916 0.2667 0.1686 0.1216
v 0.064697 0.874512 -0.013916 0.3137 0.2078 0.1451
v 0.056885 0.875977 -0.013916 0.2353 0.1490 0.1020
v 0.067139 0.878418 -0.013916 0.3294 0.2196 0.1490
v 0.061768 0.879395 -0.013916 0.2745 0.1725 0.1216
v 0.065674 0.879883 -0.013916 0.3098 0.2078 0.1412
v 0.058838 0.884766 -0.013916 0.2392 0.1490 0.0980
v 0.071045 0.884766 -0.013916 0.3804 0.2588 0.1725
v 0.044189 0.903320 -0.013916 0.2471 0.1647 0.1020
v 0.062744 0.909668 -0.013916 0.3961 0.2706 0.1843
v -0.028564 0.927246 -0.013916 0.2353 0.1294 0.0863
v -0.044189 0.329590 -0.013916 0.6079 0.3921 0.3098
v 0.044189 0.329590 -0.013916 0.5882 0.3725 0.2823
v -0.111572 0.473633 -0.014404 0.0980 0.1255 0.2275
v 0.111572 0.473633 -0.014404 0.1098 0.1373 0.2392
v -0.187744 0.723633 -0.014404 0.6550 0.4275 0.3333
v 0.187744 0.723633 -0.014404 0.6236 0.4039 0.3137
v -0.473877 0.724609 -0.014404 0.7216 0.0510 0.0784
v 0.473877 0.724609 -0.014404 0.8117 0.6157 0.2471
v -0.249268 0.767578 -0.014404 0.6315 0.4078 0.3137
v 0.249268 0.767578 -0.014404 0.6079 0.3961 0.3019
v 0.170166 0.791504 -0.014404 0.6393 0.4078 0.3137
v -0.184326 0.792969 -0.014404 0.6471 0.4157 0.3098
v 0.184326 0.792969 -0.014404 0.6589 0.4235 0.3216
v -0.285889 0.795898 -0.014404 0.6667 0.4235 0.3255
v 0.285889 0.795898 -0.014404 0.6432 0.4000 0.3098
v 0.162354 0.797363 -0.014404 0.6589 0.4039 0.2902
v -0.064697 0.808594 -0.014404 0.7020 0.4706 0.3725
v 0.064697 0.808594 -0.014404 0.6824 0.4432 0.3451
v -0.111572 0.817383 -0.014404 0.6785 0.4392 0.3412
v 0.111572 0.817383 -0.014404 0.6902 0.4550 0.3568
v -0.048096 0.821289 -0.014404 0.4471 0.2745 0.1961
v 0.052002 0.833496 -0.014404 0.3372 0.2078 0.1451
v -0.029053 0.851562 -0.014404 0.5059 0.3412 0.2667
v 0.029053 0.851562 -0.014404 0.5098 0.3372 0.2706
v 0.049072 0.859375 -0.014404 0.2275 0.1333 0.0824
v 0.045654 0.868164 -0.014404 0.1608 0.0863 0.0549
v -0.071533 0.876465 -0.014404 0.3843 0.2510 0.1686
v -0.070068 0.876953 -0.014404 0.3804 0.2588 0.1765
v -0.071045 0.879883 -0.014404 0.3647 0.2432 0.1647
v -0.012939 0.897949 -0.014404 0.5412 0.3529 0.2784
v 0.012939 0.897949 -0.014404 0.5530 0.3647 0.2823
v 0.059814 0.910645 -0.014404 0.2823 0.1725 0.1098
v 0.039307 0.922363 -0.014404 0.3921 0.2549 0.1804
v -0.003662 0.449219 -0.014404 0.0275 0.0471 0.1216
v 0.003662 0.449219 -0.014404 0.0157 0.0275 0.0863
v -0.005615 0.432617 -0.014404 0.0314 0.0510 0.1216
v 0.005615 0.432617 -0.014404 0.0118 0.0275 0.0902
v -0.147705 0.381348 -0.014404 0.7098 0.5882 0.3098
v 0.147705 0.381348 -0.014404 0.0667 0.1216 0.2392
v 0.151611 0.085449 -0.014404 0.1137 0.1412 0.2314
v -0.151611 0.084961 -0.014404 0.1059 0.1333 0.2471
v -0.154541 0.081055 -0.014404 0.1176 0.1686 0.2745
v 0.154541 0.081055 -0.014404 0.1098 0.1530 0.2588
v -0.088623 0.640625 -0.014893 0.6197 0.4000 0.3059
v 0.088623 0.640625 -0.014893 0.6157 0.3961 0.3059
v -0.114014 0.709961 -0.014893 0.6471 0.4275 0.3372
v 0.114014 0.709961 -0.014893 0.6276 0.3921 0.2941
v -0.239502 0.724609 -0.014893 0.6039 0.3765 0.2823
v 0.239502 0.724609 -0.014893 0.5961 0.3725 0.2823
v -0.140381 0.729980 -0.014893 0.5961 0.3843 0.2941
v 0.140381 0.729980 -0.014893 0.6157 0.3961 0.3019
v -0.354248 0.738281 -0.014893 0.3921 0.2784 0.2314
v 0.354248 0.738281 -0.014893 0.2000 0.1843 0.2706
v -0.197510 0.792480 -0.014893 0.6628 0.4275 0.3333
v 0.197510 0.792480 -0.014893 0.6589 0.4196 0.3255
v -0.386963 0.801758 -0.014893 0.4667 0.3647 0.2823
v 0.386963 0.801758 -0.014893 0.7529 0.6354 0.4471
v -0.035889 0.842285 -0.014893 0.2706 0.1608 0.0941
v -0.058350 0.850098 -0.014893 0.2510 0.1647 0.1020
v -0.067139 0.875000 -0.014893 0.2863 0.1882 0.1176
v -0.071533 0.879883 -0.014893 0.3490 0.2275 0.1451
v -0.070557 0.880371 -0.014893 0.3765 0.2549 0.1804
v 0.068604 0.880371 -0.014893 0.3490 0.2314 0.1608
v 0.068115 0.881348 -0.014893 0.3255 0.2118 0.1490
v 0.070068 0.882324 -0.014893 0.3529 0.2314 0.1530
v -0.071045 0.882812 -0.014893 0.3921 0.2745 0.1922
v 0.069580 0.882812 -0.014893 0.3451 0.2314 0.1530
v -0.000244 0.899902 -0.014893 0.5490 0.3608 0.2823
v 0.054932 0.903320 -0.014893 0.2353 0.1490 0.0980
v 0.063721 0.903809 -0.014893 0.3608 0.2471 0.1686
v 0.061279 0.913574 -0.014893 0.3608 0.2353 0.1569
v -0.007568 0.924316 -0.014893 0.2941 0.1922 0.1412
v -0.019287 0.930664 -0.014893 0.2078 0.1294 0.0863
v -0.018799 0.933105 -0.014893 0.2706 0.1765 0.1216
v -0.141357 0.378906 -0.014893 0.1961 0.1490 0.1647
v 0.141357 0.378906 -0.014893 0.0980 0.1216 0.2235
v -0.048584 0.316406 -0.014893 0.6079 0.4000 0.3059
v 0.048584 0.316406 -0.014893 0.6000 0.3843 0.3019
v -0.052490 0.305664 -0.014893 0.6118 0.4000 0.3059
v 0.052490 0.305664 -0.014893 0.6039 0.3843 0.2941
v -0.494385 0.787109 -0.015381 0.7451 0.0510 0.0745
v 0.494385 0.787109 -0.015381 0.8353 0.6471 0.2471
v -0.210693 0.791504 -0.015381 0.6785 0.4471 0.3529
v 0.210205 0.791992 -0.015381 0.6628 0.4275 0.3333
v -0.084229 0.805176 -0.015381 0.5882 0.3686 0.2706
v 0.084229 0.805176 -0.015381 0.5647 0.3568 0.2745
v -0.101807 0.813477 -0.015381 0.6118 0.3882 0.2980
v 0.101807 0.813477 -0.015381 0.6628 0.4353 0.3412
v -0.050049 0.823730 -0.015381 0.3372 0.2196 0.1412
v -0.046631 0.827148 -0.015381 0.3176 0.1961 0.1333
v 0.049561 0.845215 -0.015381 0.3216 0.1961 0.1373
v -0.063721 0.849121 -0.015381 0.3843 0.2588 0.1843
v -0.052979 0.853516 -0.015381 0.2000 0.1098 0.0706
v 0.055420 0.855469 -0.015381 0.2353 0.1569 0.1176
v -0.070557 0.872070 -0.015381 0.3686 0.2471 0.1608
v -0.069092 0.877441 -0.015381 0.3490 0.2392 0.1647
v 0.067627 0.877441 -0.015381 0.3098 0.1961 0.1294
v -0.072021 0.879883 -0.015381 0.3529 0.2314 0.1530
v 0.065186 0.880859 -0.015381 0.2627 0.1647 0.1176
v 0.070557 0.882812 -0.015381 0.3647 0.2392 0.1608
v 0.069580 0.883301 -0.015381 0.3372 0.2235 0.1490
v -0.054932 0.903809 -0.015381 0.3019 0.1961 0.1451
v 0.060791 0.913574 -0.015381 0.3333 0.2196 0.1490
v 0.062256 0.913574 -0.015381 0.3804 0.2588 0.1765
v -0.008057 0.930176 -0.015381 0.3098 0.1961 0.1373
v -0.115967 0.428711 -0.015381 0.4823 0.3608 0.3216
v 0.115967 0.428711 -0.015381 0.1804 0.1686 0.2314
v -0.008545 0.411133 -0.015381 0.0510 0.0706 0.1451
v 0.008545 0.411133 -0.015381 0.0078 0.0314 0.0980
v -0.145752 0.381348 -0.015381 0.5608 0.4706 0.2588
v 0.145752 0.381348 -0.015381 0.0706 0.1255 0.2432
v -0.068115 0.234863 -0.015381 0.6236 0.3686 0.2588
v 0.068115 0.234863 -0.015381 0.6079 0.4039 0.3098
v -0.105713 0.089844 -0.015381 0.0510 0.0902 0.1922
v 0.105713 0.089844 -0.015381 0.0667 0.1020 0.2078
v -0.108154 0.670898 -0.015869 0.6276 0.4078 0.3176
v 0.108154 0.670898 -0.015869 0.6471 0.4275 0.3294
v -0.353272 0.740234 -0.015869 0.5804 0.3921 0.3137
v 0.353272 0.740234 -0.015869 0.3412 0.2863 0.3294
v -0.355225 0.742188 -0.015869 0.0667 0.1059 0.2667
v 0.355225 0.742188 -0.015869 0.0039 0.0706 0.2863
v -0.232666 0.781738 -0.015869 0.6393 0.4039 0.3137
v 0.232666 0.781738 -0.015869 0.6197 0.4000 0.3059
v -0.248779 0.784668 -0.015869 0.6980 0.4471 0.3412
v 0.248779 0.784668 -0.015869 0.7137 0.4784 0.3765
v 0.164795 0.793457 -0.015869 0.6393 0.4000 0.2863
v -0.165283 0.793945 -0.015869 0.6510 0.4314 0.3333
v -0.047607 0.821289 -0.015869 0.4353 0.2863 0.1961
v -0.044678 0.826172 -0.015869 0.3372 0.2078 0.1294
v 0.047607 0.829102 -0.015869 0.2667 0.1608 0.0980
v -0.057373 0.847168 -0.015869 0.2510 0.1765 0.1098
v -0.063721 0.848145 -0.015869 0.3686 0.2432 0.1686
v -0.063232 0.849609 -0.015869 0.3686 0.2510 0.1725
v 0.059326 0.859375 -0.015869 0.3529 0.2432 0.1647
v -0.052979 0.859863 -0.015869 0.2823 0.1765 0.1255
v 0.054443 0.860840 -0.015869 0.3098 0.2039 0.1451
v -0.071533 0.876465 -0.015869 0.3804 0.2510 0.1725
v 0.049561 0.878418 -0.015869 0.2980 0.1882 0.1255
v -0.071533 0.879883 -0.015869 0.3686 0.2510 0.1686
v -0.070557 0.880371 -0.015869 0.3843 0.2667 0.1843
v 0.069580 0.880371 -0.015869 0.3568 0.2353 0.1569
v 0.067627 0.881836 -0.015869 0.2941 0.1922 0.1294
v 0.070557 0.882812 -0.015869 0.3608 0.2392 0.1608
v 0.070068 0.883301 -0.015869 0.3568 0.2432 0.1608
v 0.061279 0.890137 -0.015869 0.2549 0.1765 0.1059
v 0.047607 0.892090 -0.015869 0.2432 0.1490 0.1020
v 0.060303 0.896484 -0.015869 0.2902 0.1882 0.1412
v 0.057861 0.906250 -0.015869 0.2471 0.1569 0.1059
v 0.063232 0.909180 -0.015869 0.3529 0.2471 0.1608
v 0.062256 0.913086 -0.015869 0.3647 0.2588 0.1843
v 0.060303 0.916504 -0.015869 0.3686 0.2471 0.1647
v -0.017334 0.925781 -0.015869 0.3137 0.1961 0.1373
v -0.115479 0.459961 -0.015869 0.0980 0.1255 0.2235
v 0.115479 0.459961 -0.015869 0.1020 0.1412 0.2471
v -0.014893 0.389648 -0.015869 0.0941 0.1216 0.2039
v 0.014893 0.389648 -0.015869 0.0784 0.1020 0.1843
v -0.055908 0.294434 -0.015869 0.6197 0.4078 0.3137
v 0.055908 0.294434 -0.015869 0.5961 0.3804 0.2980
v -0.137451 0.248535 -0.015869 0.6432 0.4235 0.3255
v 0.137451 0.248535 -0.015869 0.6315 0.4118 0.3137
v -0.146729 0.164551 -0.015869 0.6432 0.4118 0.3059
v 0.146729 0.164551 -0.015869 0.6432 0.4235 0.3176
v -0.150146 0.095703 -0.015869 0.0980 0.1412 0.2471
v 0.150146 0.095703 -0.015869 0.1059 0.1294 0.2118
v -0.105713 0.032227 -0.015869 0.6863 0.4784 0.2118
v 0.105713 0.032227 -0.015869 0.7098 0.5176 0.2432
v 0.212647 0.723145 -0.016357 0.6432 0.4000 0.3098
v -0.212647 0.723633 -0.016357 0.6432 0.4078 0.3098
v -0.349854 0.791016 -0.016357 0.6432 0.4510 0.3059
v -0.052490 0.819824 -0.016357 0.5137 0.3412 0.2627
v -0.052979 0.820312 -0.016357 0.4510 0.2980 0.2235
v -0.039307 0.833496 -0.016357 0.2863 0.1569 0.0902
v 0.059326 0.858398 -0.016357 0.3176 0.2118 0.1490
v 0.058838 0.860352 -0.016357 0.3490 0.2392 0.1608
v -0.063232 0.871582 -0.016357 0.2627 0.1608 0.1020
v 0.062744 0.875000 -0.016357 0.2588 0.1647 0.1059
v 0.061279 0.877930 -0.016357 0.2118 0.1373 0.0941
v 0.060303 0.890137 -0.016357 0.2706 0.1725 0.1059
v 0.056885 0.898926 -0.016357 0.3921 0.2784 0.2157
v 0.059814 0.909668 -0.016357 0.2588 0.1686 0.1059
v 0.060791 0.913086 -0.016357 0.3255 0.2118 0.1373
v 0.022217 0.922852 -0.016357 0.3608 0.2235 0.1530
v -0.011963 0.389160 -0.016357 0.0667 0.0941 0.1686
v 0.011963 0.389160 -0.016357 0.0196 0.0431 0.1176
v -0.080322 0.596680 -0.016846 0.5294 0.3372 0.2000
v 0.080322 0.596680 -0.016846 0.5098 0.3137 0.2078
v -0.197022 0.722656 -0.016846 0.6197 0.4000 0.3098
v 0.197022 0.722656 -0.016846 0.6039 0.3804 0.2980
v -0.239990 0.777832 -0.016846 0.6157 0.3921 0.2980
v 0.239990 0.777832 -0.016846 0.6236 0.3921 0.2941
v -0.325928 0.788574 -0.016846 0.6471 0.4157 0.3176
v 0.325928 0.788574 -0.016846 0.6589 0.4196 0.3216
v -0.221924 0.789551 -0.016846 0.6745 0.4510 0.3529
v 0.221924 0.789551 -0.016846 0.6785 0.4510 0.3490
v 0.349854 0.791016 -0.016846 0.7059 0.5059 0.2432
v -0.054932 0.813477 -0.016846 0.6785 0.4589 0.3608
v 0.054932 0.813477 -0.016846 0.6785 0.4353 0.3372
v 0.101318 0.815430 -0.016846 0.6550 0.4353 0.3372
v -0.101807 0.815918 -0.016846 0.6510 0.4314 0.3333
v -0.052979 0.820801 -0.016846 0.4000 0.2627 0.1882
v -0.049561 0.824219 -0.016846 0.3451 0.2157 0.1451
v -0.063232 0.847656 -0.016846 0.3608 0.2471 0.1608
v -0.050049 0.849121 -0.016846 0.2235 0.1294 0.0824
v -0.062744 0.849609 -0.016846 0.3216 0.2235 0.1490
v 0.045654 0.853516 -0.016846 0.2196 0.1333 0.0941
v 0.053955 0.856445 -0.016846 0.2471 0.1569 0.1059
v -0.065674 0.868164 -0.016846 0.2549 0.1608 0.1059
v -0.071045 0.876465 -0.016846 0.3686 0.2549 0.1725
v -0.069580 0.877441 -0.016846 0.3451 0.2275 0.1569
v 0.068115 0.881836 -0.016846 0.2980 0.1961 0.1294
v 0.061279 0.889160 -0.016846 0.2706 0.1686 0.1059
v 0.062256 0.902832 -0.016846 0.3647 0.2432 0.1647
v 0.061279 0.913086 -0.016846 0.3333 0.2235 0.1530
v 0.061768 0.913086 -0.016846 0.3490 0.2432 0.1647
v 0.012451 0.924316 -0.016846 0.2784 0.1686 0.1137
v 0.003662 0.932129 -0.016846 0.2941 0.1725 0.1255
v -0.023682 0.936035 -0.016846 0.3608 0.2471 0.1686
v -0.116943 0.720703 -0.017334 0.6000 0.3921 0.2980
v 0.116943 0.720703 -0.017334 0.5843 0.3608 0.2706
v -0.464111 0.721680 -0.017334 0.7255 0.0392 0.0667
v 0.464111 0.722168 -0.017334 0.8235 0.6393 0.2863
v -0.201904 0.724609 -0.017334 0.6000 0.3765 0.2902
v 0.201904 0.724609 -0.017334 0.6079 0.3843 0.2863
v -0.491455 0.738281 -0.017334 0.7568 0.0471 0.0745
v 0.491455 0.738281 -0.017334 0.8431 0.6471 0.2784
v -0.365967 0.745117 -0.017334 0.7804 0.5764 0.2471
v 0.365967 0.745117 -0.017334 0.1608 0.1412 0.1843
v -0.486084 0.797363 -0.017334 0.7568 0.0510 0.0784
v 0.486084 0.797363 -0.017334 0.8353 0.6471 0.2745
v -0.056396 0.818848 -0.017334 0.5725 0.3882 0.3059
v -0.052002 0.819824 -0.017334 0.5019 0.3294 0.2432
v -0.052979 0.821289 -0.017334 0.4039 0.2667 0.1961
v -0.048096 0.822754 -0.017334 0.3843 0.2432 0.1647
v 0.052490 0.837891 -0.017334 0.2980 0.1725 0.1216
v -0.062744 0.848145 -0.017334 0.3451 0.2353 0.1530
v 0.059326 0.858398 -0.017334 0.3216 0.2196 0.1530
v 0.053467 0.858887 -0.017334 0.2823 0.1882 0.1255
v 0.058350 0.860840 -0.017334 0.3372 0.2353 0.1608
v 0.061768 0.861328 -0.017334 0.3647 0.2471 0.1686
v -0.056396 0.869141 -0.017334 0.2235 0.1333 0.0745
v -0.069092 0.872559 -0.017334 0.3412 0.2235 0.1530
v -0.067139 0.874512 -0.017334 0.2745 0.1686 0.1059
v -0.059814 0.876465 -0.017334 0.3490 0.2314 0.1530
v 0.066162 0.877930 -0.017334 0.2902 0.1882 0.1216
v 0.065186 0.879883 -0.017334 0.2588 0.1647 0.1020
v 0.069092 0.880859 -0.017334 0.3412 0.2275 0.1569
v 0.059814 0.904297 -0.017334 0.3451 0.2314 0.1608
v 0.038330 0.905762 -0.017334 0.2157 0.1333 0.0863
v 0.062744 0.908691 -0.017334 0.3176 0.2118 0.1490
v 0.060791 0.909180 -0.017334 0.2706 0.1647 0.1137
v -0.043701 0.917969 -0.017334 0.2902 0.1569 0.0902
v 0.034912 0.927246 -0.017334 0.4235 0.2745 0.1961
v 0.011475 0.928223 -0.017334 0.2471 0.1451 0.1020
v -0.025146 0.935059 -0.017334 0.3216 0.2157 0.1451
v -0.060303 0.282715 -0.017334 0.6039 0.3882 0.2980
v 0.060303 0.282715 -0.017334 0.5961 0.3843 0.2902
v -0.150635 0.109375 -0.017334 0.1020 0.1530 0.2432
v 0.150635 0.109375 -0.017334 0.1216 0.1569 0.2471
v -0.100830 0.103027 -0.017334 0.0510 0.0863 0.1843
v 0.100830 0.103027 -0.017334 0.0627 0.1020 0.2039
v 0.083252 0.595703 -0.017822 0.7960 0.6236 0.3529
v -0.228272 0.726074 -0.017822 0.6157 0.3961 0.3059
v 0.228272 0.726074 -0.017822 0.6039 0.3843 0.2902
v -0.355225 0.741211 -0.017822 0.3765 0.3019 0.3412
v 0.355225 0.741211 -0.017822 0.0235 0.0627 0.2784
v -0.273193 0.797363 -0.017822 0.6510 0.4157 0.3137
v 0.273193 0.797363 -0.017822 0.6589 0.4196 0.3176
v -0.092041 0.810547 -0.017822 0.6157 0.3961 0.3176
v -0.092529 0.810547 -0.017822 0.6276 0.4078 0.3176
v 0.092041 0.810547 -0.017822 0.5921 0.3725 0.2823
v -0.045654 0.816895 -0.017822 0.5921 0.3843 0.2980
v 0.045654 0.816895 -0.017822 0.6236 0.4000 0.3059
v -0.052490 0.820312 -0.017822 0.4628 0.3019 0.2275
v 0.055908 0.828125 -0.017822 0.2471 0.1412 0.0863
v -0.049561 0.830566 -0.017822 0.3098 0.1922 0.1333
v 0.056885 0.831543 -0.017822 0.2627 0.1647 0.0941
v -0.045166 0.839355 -0.017822 0.2745 0.1843 0.1255
v -0.048096 0.843750 -0.017822 0.2196 0.1098 0.0745
v -0.066162 0.850586 -0.017822 0.3608 0.2392 0.1647
v -0.049561 0.864258 -0.017822 0.2235 0.1294 0.0902
v -0.050049 0.907227 -0.017822 0.2392 0.1451 0.1059
v 0.023682 0.926270 -0.017822 0.2941 0.1843 0.1333
v -0.025635 0.933594 -0.017822 0.2941 0.1922 0.1333
v -0.022217 0.936035 -0.017822 0.3765 0.2588 0.1882
v -0.017334 0.371582 -0.017822 0.0745 0.1059 0.1961
v 0.017334 0.371582 -0.017822 0.0627 0.0941 0.1922
v -0.020752 0.356445 -0.017822 0.0549 0.0980 0.1843
v 0.020752 0.356445 -0.017822 0.0431 0.0824 0.1843
v -0.067627 0.216797 -0.017822 0.6315 0.3765 0.2667
v 0.067627 0.216797 -0.017822 0.6236 0.4196 0.3255
v -0.146240 0.150391 -0.017822 0.5333 0.3765 0.2667
v 0.146240 0.150391 -0.017822 0.5373 0.3843 0.2588
v -0.165771 0.007324 -0.017822 0.1176 0.1176 0.1490
v 0.165771 0.007324 -0.017822 0.0000 0.0235 0.0745
v 0.083740 0.592285 -0.018311 0.6980 0.5098 0.2275
v -0.083252 0.595703 -0.018311 0.6902 0.5019 0.2432
v -0.343994 0.736816 -0.018311 0.6118 0.4039 0.3098
v 0.343994 0.736816 -0.018311 0.6745 0.4196 0.3137
v -0.232178 0.785645 -0.018311 0.6432 0.4157 0.3255
v 0.232178 0.785645 -0.018311 0.6510 0.4275 0.3255
v -0.094482 0.811035 -0.018311 0.6276 0.4118 0.3255
v 0.094482 0.811035 -0.018311 0.6432 0.4235 0.3333
v -0.047607 0.828125 -0.018311 0.2823 0.1686 0.1020
v 0.051514 0.836426 -0.018311 0.1804 0.1020 0.0667
v 0.049072 0.857910 -0.018311 0.2980 0.1765 0.1294
v 0.058350 0.858887 -0.018311 0.3216 0.2196 0.1530
v 0.058350 0.859863 -0.018311 0.3255 0.2275 0.1569
v -0.050049 0.865234 -0.018311 0.1686 0.0941 0.0588
v 0.062256 0.894531 -0.018311 0.3098 0.2039 0.1333
v -0.021240 0.934570 -0.018311 0.2706 0.1725 0.1216
v -0.123779 0.430176 -0.018311 0.0980 0.1255 0.2275
v 0.123779 0.430176 -0.018311 0.1255 0.1530 0.2549
v -0.014404 0.371094 -0.018311 0.0706 0.1020 0.1843
v 0.014404 0.371094 -0.018311 0.0471 0.0706 0.1569
v -0.097412 0.116699 -0.018311 0.0471 0.0784 0.1804
v 0.097412 0.116699 -0.018311 0.0706 0.1098 0.2157
v -0.083740 0.592285 -0.018799 0.6039 0.4157 0.1294
v -0.114502 0.680664 -0.018799 0.6471 0.4275 0.3294
v 0.114502 0.680664 -0.018799 0.6236 0.4039 0.3059
v -0.120850 0.727539 -0.018799 0.5725 0.3725 0.2863
v 0.120850 0.727539 -0.018799 0.5725 0.3568 0.2588
v -0.239014 0.783203 -0.018799 0.6236 0.3961 0.3019
v 0.239014 0.783203 -0.018799 0.6510 0.4196 0.3176
v -0.363525 0.791016 -0.018799 0.7608 0.5843 0.2588
v 0.363525 0.791016 -0.018799 0.7137 0.5216 0.2235
v -0.037842 0.818848 -0.018799 0.5647 0.3686 0.2823
v 0.037842 0.818848 -0.018799 0.5686 0.3686 0.2902
v 0.044189 0.828125 -0.018799 0.2823 0.1530 0.0706
v -0.031494 0.841309 -0.018799 0.5921 0.3882 0.3019
v 0.031494 0.841309 -0.018799 0.4941 0.3059 0.2235
v 0.053467 0.842285 -0.018799 0.3216 0.1961 0.1294
v -0.029053 0.848633 -0.018799 0.3608 0.2235 0.1490
v 0.062256 0.894043 -0.018799 0.3098 0.2000 0.1333
v 0.061768 0.894531 -0.018799 0.3098 0.2078 0.1412
v -0.044678 0.905273 -0.018799 0.2902 0.1765 0.1255
v 0.031006 0.928711 -0.018799 0.3059 0.1765 0.1176
v -0.024170 0.932617 -0.018799 0.2588 0.1530 0.1059
v -0.021729 0.933105 -0.018799 0.2235 0.1412 0.0863
v -0.142822 0.234375 -0.018799 0.6118 0.3921 0.2941
v 0.142822 0.234375 -0.018799 0.6471 0.4196 0.3255
v -0.090576 0.138184 -0.018799 0.7608 0.5490 0.2588
v 0.090576 0.138184 -0.018799 0.7333 0.5294 0.2471
v -0.152588 0.135254 -0.018799 0.0314 0.0902 0.2157
v 0.152588 0.135254 -0.018799 0.0863 0.1333 0.2588
v -0.094482 0.128418 -0.018799 0.0392 0.0863 0.1725
v 0.094482 0.128418 -0.018799 0.0549 0.0980 0.2039
v -0.136475 0.000977 -0.018799 0.3216 0.2667 0.1843
v 0.136475 0.000977 -0.018799 0.3098 0.2353 0.1647
v -0.082764 0.581543 -0.019287 0.6315 0.4432 0.1922
v 0.082764 0.581543 -0.019287 0.6628 0.4823 0.2157
v -0.339600 0.789551 -0.019287 0.6941 0.4745 0.3765
v 0.339600 0.789551 -0.019287 0.6863 0.4196 0.3176
v -0.475830 0.804688 -0.019287 0.7412 0.0392 0.0667
v 0.475830 0.804688 -0.019287 0.8274 0.6471 0.2863
v -0.035889 0.833984 -0.019287 0.6079 0.3921 0.3098
v 0.035889 0.833984 -0.019287 0.6118 0.4118 0.3216
v -0.057373 0.882812 -0.019287 0.4863 0.3490 0.2745
v -0.119385 0.445312 -0.019287 0.0706 0.1098 0.2078
v 0.119385 0.445312 -0.019287 0.0980 0.1373 0.2432
v -0.015869 0.356934 -0.019287 0.0627 0.0941 0.1961
v 0.015869 0.356934 -0.019287 0.0353 0.0863 0.1882
v -0.069580 0.199707 -0.019287 0.6354 0.3725 0.2667
v 0.069580 0.199707 -0.019287 0.5882 0.3921 0.3019
v -0.088623 0.146973 -0.019287 0.0353 0.0941 0.2275
v 0.088623 0.146973 -0.019287 0.0353 0.0824 0.2196
v -0.153564 0.145996 -0.019287 0.6667 0.4941 0.2667
v 0.153564 0.145996 -0.019287 0.7098 0.5216 0.2549
v -0.091553 0.140625 -0.019287 0.7451 0.5530 0.2823
v 0.091553 0.140625 -0.019287 0.7333 0.5294 0.2706
v -0.151611 0.123047 -0.019287 0.1294 0.1765 0.2823
v 0.151611 0.123047 -0.019287 0.1333 0.1725 0.2706
v -0.163818 0.031738 -0.019287 0.0275 0.0824 0.2118
v 0.163818 0.031738 -0.019287 0.0353 0.0863 0.2432
v -0.105225 0.020996 -0.019287 0.0549 0.0941 0.2078
v 0.105225 0.020996 -0.019287 0.0706 0.1176 0.2196
v -0.282959 0.714844 -0.019775 0.6432 0.4235 0.3333
v 0.282959 0.714844 -0.019775 0.6628 0.4353 0.3412
v -0.325439 0.727539 -0.019775 0.6550 0.4314 0.3333
v 0.325439 0.727539 -0.019775 0.6197 0.3921 0.2980
v -0.396729 0.753906 -0.019775 0.1098 0.0745 0.1176
v 0.396729 0.753906 -0.019775 0.0196 0.0627 0.2157
v -0.050049 0.833496 -0.019775 0.2118 0.1176 0.0745
v -0.039795 0.836914 -0.019775 0.2510 0.1294 0.0627
v 0.049072 0.849121 -0.019775 0.1686 0.0863 0.0510
v -0.022705 0.887695 -0.019775 0.5176 0.3372 0.2627
v 0.022705 0.887695 -0.019775 0.5216 0.3372 0.2667
v 0.062744 0.898438 -0.019775 0.3568 0.2392 0.1647
v -0.066162 0.269531 -0.019775 0.5882 0.3804 0.2902
v 0.066162 0.269531 -0.019775 0.6039 0.3882 0.3019
v -0.152100 0.154785 -0.019775 0.0039 0.0510 0.1922
v 0.152100 0.154785 -0.019775 0.0118 0.0235 0.2000
v 0.088623 0.149902 -0.019775 0.0706 0.1294 0.2667
v -0.088623 0.149414 -0.019775 0.0549 0.1059 0.2432
v -0.152100 0.147949 -0.019775 0.8039 0.6276 0.3412
v 0.152100 0.147949 -0.019775 0.7843 0.6079 0.3294
v -0.103760 0.019043 -0.019775 0.0471 0.0902 0.2039
v 0.103760 0.019043 -0.019775 0.0667 0.1294 0.2314
v -0.082764 0.565918 -0.020264 0.6471 0.4550 0.2235
v 0.082764 0.565918 -0.020264 0.7608 0.5686 0.3216
v -0.083740 0.569824 -0.020264 0.7804 0.5961 0.3059
v 0.083740 0.569824 -0.020264 0.6079 0.4157 0.1294
v -0.073486 0.588867 -0.020264 0.5608 0.3804 0.2823
v 0.073486 0.588867 -0.020264 0.5530 0.3725 0.2627
v -0.268311 0.715820 -0.020264 0.5961 0.3765 0.2863
v -0.296631 0.715820 -0.020264 0.6550 0.4353 0.3451
v 0.268311 0.715820 -0.020264 0.6000 0.3804 0.2902
v 0.296631 0.715820 -0.020264 0.6667 0.4392 0.3451
v -0.310303 0.719727 -0.020264 0.6510 0.4314 0.3412
v 0.310303 0.719727 -0.020264 0.6706 0.4432 0.3490
v -0.078369 0.811523 -0.020264 0.6667 0.4432 0.3451
v -0.093018 0.811523 -0.020264 0.6197 0.4000 0.3098
v 0.078369 0.811523 -0.020264 0.6315 0.4118 0.3176
v 0.093018 0.811523 -0.020264 0.6157 0.3961 0.3059
v -0.045166 0.827637 -0.020264 0.3098 0.1804 0.0980
v 0.060791 0.828125 -0.020264 0.2588 0.1608 0.1020
v 0.060791 0.831055 -0.020264 0.2549 0.1569 0.1020
v -0.046631 0.849121 -0.020264 0.2275 0.1451 0.0902
v 0.044189 0.881348 -0.020264 0.3216 0.1922 0.1333
v 0.042236 0.910645 -0.020264 0.3961 0.2549 0.1804
v -0.075439 0.185547 -0.020264 0.6276 0.3765 0.2745
v 0.075439 0.185547 -0.020264 0.5843 0.3804 0.2902
v -0.151123 0.157227 -0.020264 0.0235 0.0902 0.2432
v 0.151123 0.157227 -0.020264 0.0078 0.0471 0.2078
v -0.094971 0.647949 -0.020752 0.6745 0.4471 0.3568
v 0.094971 0.647949 -0.020752 0.6157 0.3961 0.2980
v -0.173584 0.713867 -0.020752 0.6589 0.4157 0.3176
v 0.173584 0.713867 -0.020752 0.6276 0.3921 0.3098
v -0.157959 0.714355 -0.020752 0.6315 0.3921 0.2980
v 0.157959 0.714355 -0.020752 0.6157 0.3843 0.2902
v -0.145264 0.718750 -0.020752 0.5961 0.3725 0.2745
v 0.145264 0.718750 -0.020752 0.5882 0.3725 0.2823
v -0.452881 0.722656 -0.020752 0.7216 0.0431 0.0667
v 0.452881 0.722656 -0.020752 0.7882 0.5961 0.2549
v -0.133057 0.727051 -0.020752 0.5921 0.3843 0.2863
v 0.133057 0.727051 -0.020752 0.5647 0.3490 0.2588
v -0.495850 0.746094 -0.020752 0.7490 0.0353 0.0745
v 0.495850 0.746094 -0.020752 0.8784 0.7137 0.3059
v -0.311768 0.791504 -0.020752 0.6745 0.4392 0.3372
v 0.311768 0.791504 -0.020752 0.6941 0.4589 0.3568
v -0.465088 0.808594 -0.020752 0.7137 0.0275 0.0549
v 0.465088 0.808594 -0.020752 0.8509 0.6589 0.3137
v -0.044678 0.906738 -0.020752 0.2863 0.1843 0.1333
v -0.023682 0.937500 -0.020752 0.3608 0.2432 0.1647
v -0.088135 0.166016 -0.020752 0.6000 0.3647 0.2706
v 0.088135 0.166016 -0.020752 0.5882 0.3843 0.2941
v 0.147705 0.158203 -0.020752 0.6315 0.4392 0.3255
v -0.147705 0.157715 -0.020752 0.4550 0.3372 0.3059
v -0.091064 0.150879 -0.020752 0.1686 0.1765 0.2667
v 0.091064 0.150879 -0.020752 0.1294 0.1490 0.2706
v -0.119873 0.692871 -0.021240 0.6276 0.3961 0.3019
v 0.119873 0.692871 -0.021240 0.6354 0.4157 0.3176
v -0.253174 0.719238 -0.021240 0.5451 0.3333 0.2392
v 0.253174 0.719238 -0.021240 0.5686 0.3568 0.2627
v -0.396729 0.749023 -0.021240 0.4863 0.3843 0.2745
v 0.396729 0.749023 -0.021240 0.0235 0.0745 0.2078
v -0.260986 0.795410 -0.021240 0.6432 0.4118 0.3137
v 0.260986 0.795410 -0.021240 0.6432 0.4157 0.3216
v 0.054443 0.826660 -0.021240 0.2392 0.1451 0.1098
v 0.065186 0.829590 -0.021240 0.3333 0.2078 0.1490
v 0.065186 0.830566 -0.021240 0.3059 0.1843 0.1294
v 0.068604 0.830566 -0.021240 0.2980 0.1843 0.1176
v 0.055908 0.833984 -0.021240 0.2588 0.1569 0.1098
v 0.056885 0.837402 -0.021240 0.3372 0.2078 0.1412
v -0.023193 0.937012 -0.021240 0.3451 0.2314 0.1569
v -0.024658 0.937012 -0.021240 0.3647 0.2392 0.1647
v -0.123779 0.279785 -0.021240 0.6236 0.4039 0.3059
v 0.123779 0.279785 -0.021240 0.6393 0.4157 0.3176
v -0.145264 0.154785 -0.021240 0.3921 0.2980 0.2549
v 0.145264 0.154785 -0.021240 0.3961 0.3059 0.2353
v -0.093994 0.147949 -0.021240 0.0667 0.1098 0.2235
v 0.093994 0.147949 -0.021240 0.0431 0.1059 0.2432
v -0.164795 0.018066 -0.021240 0.1373 0.1647 0.2627
v 0.164795 0.018066 -0.021240 0.0078 0.0431 0.1765
v -0.104736 0.012207 -0.021240 0.7255 0.5764 0.3137
v 0.104736 0.012207 -0.021240 0.4823 0.3961 0.2784
v -0.077393 0.597168 -0.021729 0.5490 0.3451 0.2235
v 0.077393 0.597168 -0.021729 0.5530 0.3412 0.2823
v -0.188232 0.715820 -0.021729 0.6354 0.4000 0.3059
v 0.188232 0.715820 -0.021728 0.6236 0.3804 0.2863
v -0.355225 0.767090 -0.021729 0.0000 0.0784 0.2784
v 0.355225 0.767090 -0.021728 0.0000 0.0784 0.2745
v 0.351807 0.796387 -0.021728 0.8392 0.6510 0.3529
v -0.351807 0.796875 -0.021729 0.0824 0.1294 0.2510
v -0.454346 0.809082 -0.021729 0.7137 0.0314 0.0667
v 0.454346 0.809082 -0.021728 0.7059 0.5098 0.1804
v -0.044189 0.829590 -0.021729 0.3176 0.1843 0.1020
v 0.056885 0.840820 -0.021729 0.3647 0.2275 0.1608
v 0.052979 0.872070 -0.021729 0.3608 0.2196 0.1451
v -0.054932 0.889648 -0.021729 0.2235 0.1333 0.1059
v -0.057861 0.895996 -0.021729 0.3333 0.2235 0.1647
v -0.022705 0.936523 -0.021729 0.2980 0.1961 0.1333
v -0.024658 0.936523 -0.021729 0.3255 0.2157 0.1569
v -0.126221 0.412598 -0.021729 0.0863 0.1255 0.2235
v 0.126221 0.412598 -0.021729 0.0941 0.1333 0.2314
v -0.146240 0.219238 -0.021729 0.6157 0.3961 0.2980
v 0.146240 0.219238 -0.021728 0.6354 0.4118 0.3176
v -0.082275 0.173828 -0.021729 0.5961 0.3686 0.2745
v 0.082275 0.173828 -0.021729 0.5804 0.3725 0.2902
v 0.105713 0.006348 -0.021729 0.5530 0.4000 0.2078
v -0.105713 0.005859 -0.021729 0.7137 0.5373 0.2392
v -0.486084 0.734863 -0.022217 0.7490 0.0510 0.0824
v 0.486084 0.734863 -0.022217 0.8353 0.6550 0.2823
v -0.393311 0.747070 -0.022217 0.1922 0.1451 0.1098
v 0.393311 0.747070 -0.022217 0.4784 0.3843 0.2588
v -0.404541 0.752930 -0.022217 0.5412 0.0157 0.0118
v 0.404541 0.752930 -0.022217 0.6785 0.4784 0.2157
v -0.349854 0.788574 -0.022217 0.0235 0.0745 0.2627
v 0.349854 0.788574 -0.022217 0.0157 0.0941 0.2902
v -0.350830 0.790039 -0.022217 0.6039 0.4392 0.3333
v 0.149170 0.814453 -0.022217 0.6824 0.4471 0.3529
v -0.149658 0.814941 -0.022217 0.6785 0.4510 0.3412
v -0.053955 0.828125 -0.022217 0.2667 0.1608 0.1176
v 0.065186 0.831543 -0.022217 0.3098 0.1882 0.1294
v 0.060791 0.832520 -0.022217 0.2471 0.1412 0.0902
v 0.029541 0.843262 -0.022217 0.4510 0.2823 0.2078
v 0.052979 0.845703 -0.022217 0.3019 0.1922 0.1451
v -0.056396 0.851562 -0.022217 0.1530 0.0706 0.0431
v 0.050537 0.868164 -0.022217 0.2745 0.1530 0.1059
v -0.050537 0.886230 -0.022217 0.3098 0.1961 0.1412
v -0.037842 0.923340 -0.022217 0.3451 0.2118 0.1530
v -0.023193 0.936035 -0.022217 0.2863 0.1882 0.1216
v -0.024170 0.936035 -0.022217 0.2902 0.1882 0.1373
v -0.091553 0.155273 -0.022217 0.6039 0.3765 0.2941
v 0.091553 0.155273 -0.022217 0.5961 0.3725 0.2863
v -0.093994 0.142090 -0.022217 0.5804 0.4314 0.3176
v 0.093994 0.142090 -0.022217 0.5804 0.4863 0.3725
v 0.165771 0.016113 -0.022217 0.0235 0.0588 0.1882
v -0.165771 0.015625 -0.022217 0.0824 0.1216 0.2314
v -0.198486 0.718750 -0.022705 0.6236 0.3961 0.3059
v 0.198486 0.718750 -0.022705 0.6118 0.3765 0.2823
v -0.431885 0.752441 -0.022705 0.5490 0.0196 0.0471
v 0.350342 0.789551 -0.022705 0.1569 0.1373 0.1961
v -0.346436 0.791992 -0.022705 0.6667 0.4471 0.3255
v 0.346436 0.791992 -0.022705 0.0784 0.1255 0.3019
v -0.347412 0.794434 -0.022705 0.6236 0.4118 0.3255
v 0.347412 0.794434 -0.022705 0.0588 0.1098 0.3059
v -0.087646 0.805664 -0.022705 0.5843 0.3725 0.2823
v 0.087646 0.805664 -0.022705 0.6079 0.3921 0.3019
v -0.159424 0.808594 -0.022705 0.6706 0.4392 0.3490
v 0.159424 0.808594 -0.022705 0.6785 0.4432 0.3412
v -0.069092 0.817383 -0.022705 0.6941 0.4550 0.3608
v 0.069092 0.817383 -0.022705 0.6550 0.4000 0.2980
v -0.137451 0.818848 -0.022705 0.6824 0.4314 0.3333
v 0.137451 0.818848 -0.022705 0.7020 0.4628 0.3686
v -0.052490 0.826172 -0.022705 0.3686 0.2392 0.1686
v 0.060303 0.827148 -0.022705 0.2392 0.1451 0.0941
v 0.064697 0.828613 -0.022705 0.2510 0.1490 0.1020
v -0.048096 0.834961 -0.022705 0.2784 0.1686 0.1176
v -0.052002 0.840332 -0.022705 0.2588 0.1530 0.1020
v -0.056396 0.856934 -0.022705 0.2275 0.1216 0.0784
v 0.046631 0.862793 -0.022705 0.2314 0.1216 0.0784
v 0.051025 0.876953 -0.022705 0.2784 0.1647 0.1059
v 0.044189 0.898438 -0.022705 0.3216 0.2000 0.1530
v -0.129150 0.413574 -0.022705 0.0902 0.1333 0.2196
v 0.129150 0.413574 -0.022705 0.0902 0.1216 0.2196
v -0.161377 0.001465 -0.022705 0.3019 0.2275 0.1686
v 0.161377 0.001465 -0.022705 0.2196 0.1647 0.1412
v -0.077881 0.614258 -0.023193 0.6354 0.4196 0.3255
v 0.077881 0.614258 -0.023193 0.6354 0.4157 0.3255
v -0.213623 0.718262 -0.023193 0.6432 0.4314 0.3372
v 0.213623 0.718262 -0.023193 0.6510 0.4275 0.3294
v -0.203369 0.720215 -0.023193 0.5961 0.3804 0.2902
v 0.203369 0.720215 -0.023193 0.5608 0.3451 0.2510
v -0.366455 0.745117 -0.023193 0.7882 0.5921 0.2510
v 0.366455 0.745117 -0.023193 0.1530 0.1412 0.1843
v -0.422607 0.750000 -0.023193 0.6276 0.0275 0.0471
v 0.422607 0.750000 -0.023193 0.6902 0.4980 0.2039
v -0.412842 0.750488 -0.023193 0.6393 0.0118 0.0314
v 0.412842 0.750488 -0.023193 0.6785 0.4863 0.1882
v -0.437744 0.751465 -0.023193 0.5019 0.0157 0.0471
v 0.437744 0.751465 -0.023193 0.2471 0.1451 0.0745
v 0.431885 0.752441 -0.023193 0.5490 0.3804 0.1686
v -0.436768 0.753906 -0.023193 0.4550 0.0235 0.0549
v 0.436768 0.753906 -0.023193 0.5608 0.3921 0.1882
v -0.443604 0.808594 -0.023193 0.7412 0.0392 0.0627
v 0.443604 0.808594 -0.023193 0.8392 0.6432 0.3059
v 0.055420 0.836426 -0.023193 0.1922 0.1176 0.0706
v -0.021729 0.875977 -0.023193 0.4823 0.3137 0.2392
v 0.021729 0.875977 -0.023193 0.4706 0.3059 0.2392
v -0.056396 0.901855 -0.023193 0.2235 0.1294 0.0902
v -0.024170 0.915039 -0.023193 0.3294 0.2000 0.1333
v -0.008545 0.927734 -0.023193 0.3921 0.2549 0.1765
v -0.087158 0.555664 -0.023682 0.0941 0.1255 0.2392
v 0.087158 0.555664 -0.023682 0.0824 0.1176 0.2392
v -0.123779 0.705078 -0.023682 0.6276 0.4078 0.3176
v 0.123779 0.705078 -0.023682 0.6157 0.3961 0.2980
v -0.240967 0.722168 -0.023682 0.5255 0.3216 0.2353
v 0.240967 0.722168 -0.023682 0.5530 0.3490 0.2667
v -0.440674 0.729004 -0.023682 0.7020 0.0471 0.0667
v 0.440674 0.729004 -0.023682 0.8117 0.6236 0.2784
v 0.167236 0.800781 -0.023682 0.6628 0.4275 0.3294
v -0.167725 0.801270 -0.023682 0.6550 0.4196 0.3333
v -0.125244 0.821289 -0.023682 0.6706 0.4353 0.3333
v 0.125244 0.821289 -0.023682 0.6706 0.4353 0.3412
v 0.065186 0.829590 -0.023682 0.2667 0.1569 0.1059
v -0.053955 0.830566 -0.023682 0.2392 0.1373 0.0863
v -0.043701 0.831055 -0.023682 0.2863 0.1530 0.0784
v 0.065186 0.831055 -0.023682 0.3255 0.2000 0.1412
v 0.060791 0.840332 -0.023682 0.4157 0.2706 0.1922
v 0.056885 0.843750 -0.023682 0.3961 0.2627 0.2000
v 0.046631 0.849121 -0.023682 0.1686 0.0863 0.0588
v -0.011475 0.889648 -0.023682 0.5176 0.3333 0.2588
v 0.011475 0.889648 -0.023682 0.5255 0.3412 0.2706
v 0.038330 0.917480 -0.023682 0.3804 0.2432 0.1765
v -0.023682 0.938965 -0.023682 0.3608 0.2353 0.1647
v -0.063232 0.285645 -0.023682 0.5843 0.3921 0.3019
v 0.063232 0.285645 -0.023682 0.6236 0.3765 0.2706
v -0.067139 0.266602 -0.023682 0.5882 0.3725 0.2823
v 0.067139 0.266602 -0.023682 0.5921 0.3804 0.2941
v 0.109131 0.002930 -0.023682 0.3568 0.2706 0.1922
v -0.109131 0.002441 -0.023682 0.6079 0.4471 0.2471
v -0.225830 0.719727 -0.024170 0.6236 0.4078 0.3098
v 0.225830 0.719727 -0.024170 0.6039 0.3843 0.2941
v -0.356201 0.741211 -0.024170 0.5255 0.3765 0.3372
v 0.356201 0.741211 -0.024170 0.1412 0.1569 0.2941
v -0.498291 0.758301 -0.024170 0.7804 0.0471 0.0706
v 0.498291 0.758301 -0.024170 0.8902 0.7020 0.3019
v -0.249756 0.792480 -0.024170 0.6432 0.4118 0.3176
v 0.249756 0.792480 -0.024170 0.6628 0.4353 0.3412
v 0.060303 0.837891 -0.024170 0.3294 0.2078 0.1490
v -0.053467 0.847656 -0.024170 0.1804 0.0941 0.0510
v 0.045654 0.886719 -0.024170 0.1922 0.1176 0.0667
v -0.008545 0.921387 -0.024170 0.2863 0.1804 0.1294
v -0.030029 0.921875 -0.024170 0.2941 0.1765 0.1176
v -0.058838 0.296387 -0.024170 0.6157 0.4118 0.3255
v 0.058838 0.296387 -0.024170 0.6157 0.3765 0.2667
v -0.148193 0.203125 -0.024170 0.6157 0.3882 0.2941
v 0.148193 0.203125 -0.024170 0.6157 0.3921 0.2980
v -0.324951 0.790039 -0.024658 0.6550 0.4275 0.3333
v 0.324951 0.790039 -0.024658 0.6667 0.4314 0.3294
v -0.364014 0.792480 -0.024658 0.7176 0.5373 0.2432
v 0.364014 0.792480 -0.024658 0.7294 0.5373 0.2353
v -0.298096 0.795898 -0.024658 0.6941 0.4589 0.3647
v 0.298096 0.795898 -0.024658 0.7098 0.4745 0.3725
v -0.395752 0.797852 -0.024658 0.0353 0.0784 0.2471
v 0.395752 0.797852 -0.024658 0.1922 0.1608 0.2275
v -0.050537 0.825684 -0.024658 0.2863 0.1804 0.1059
v 0.051514 0.852051 -0.024658 0.2627 0.1412 0.0902
v 0.017334 0.858398 -0.024658 0.1882 0.1216 0.0784
v -0.053467 0.860840 -0.024658 0.2510 0.1490 0.1059
v -0.020752 0.864258 -0.024658 0.4823 0.3059 0.2432
v 0.020752 0.864258 -0.024658 0.4706 0.3059 0.2275
v 0.045654 0.867676 -0.024658 0.1569 0.0863 0.0588
v -0.000244 0.915527 -0.024658 0.1922 0.1216 0.0824
v 0.022217 0.917480 -0.024658 0.3725 0.2432 0.1765
v -0.132080 0.395508 -0.024658 0.0706 0.1137 0.2157
v 0.132080 0.395508 -0.024658 0.0863 0.1255 0.2235
v -0.045166 0.345703 -0.024658 0.6236 0.4196 0.3255
v 0.045166 0.345703 -0.024658 0.6118 0.3568 0.2667
v -0.054443 0.306152 -0.024658 0.6079 0.3961 0.3059
v 0.054443 0.306152 -0.024658 0.6236 0.3647 0.2588
v -0.122314 0.280273 -0.024658 0.6236 0.4039 0.3059
v 0.122314 0.280273 -0.024658 0.6354 0.4157 0.3176
v -0.120850 0.151367 -0.024658 0.2588 0.2275 0.2314
v 0.120850 0.151367 -0.024658 0.2667 0.2275 0.2196
v -0.171143 0.795410 -0.025147 0.6589 0.4235 0.3216
v -0.175537 0.795410 -0.025147 0.6236 0.4000 0.2941
v 0.170654 0.795410 -0.025146 0.6276 0.3961 0.3019
v -0.402588 0.801270 -0.025147 0.6276 0.0078 0.0235
v 0.402588 0.801270 -0.025146 0.7020 0.5019 0.2039
v -0.412842 0.802734 -0.025147 0.7412 0.0471 0.0706
v 0.412842 0.802734 -0.025146 0.7059 0.5255 0.1922
v -0.113525 0.821777 -0.025147 0.6628 0.4275 0.3333
v 0.113525 0.821777 -0.025146 0.7098 0.4745 0.3804
v 0.049072 0.824707 -0.025146 0.3059 0.1686 0.0980
v 0.060303 0.829102 -0.025146 0.2471 0.1569 0.1098
v 0.060303 0.831543 -0.025146 0.2314 0.1255 0.0824
v 0.060303 0.842285 -0.025146 0.3451 0.2235 0.1569
v -0.051025 0.904785 -0.025146 0.1961 0.1059 0.0667
v 0.002197 0.929688 -0.025146 0.2000 0.1020 0.0549
v -0.048096 0.330078 -0.025146 0.6157 0.4118 0.3255
v 0.048096 0.330078 -0.025146 0.6276 0.3686 0.2549
v -0.051025 0.316895 -0.025146 0.5961 0.3961 0.3059
v 0.051025 0.316895 -0.025146 0.6354 0.3725 0.2667
v -0.077393 0.628418 -0.025635 0.6118 0.3882 0.2980
v 0.077393 0.628418 -0.025635 0.6039 0.3843 0.2902
v -0.101807 0.656250 -0.025635 0.6550 0.4353 0.3333
v 0.101807 0.656250 -0.025635 0.6354 0.4157 0.3176
v -0.234619 0.722168 -0.025635 0.5569 0.3451 0.2549
v 0.234619 0.722168 -0.025635 0.5686 0.3529 0.2667
v -0.344971 0.736816 -0.025635 0.6315 0.4196 0.3255
v 0.344971 0.736816 -0.025635 0.6393 0.3804 0.2784
v -0.430908 0.748047 -0.025635 0.5764 0.0157 0.0471
v 0.430908 0.748047 -0.025635 0.4314 0.2863 0.1333
v -0.340088 0.788086 -0.025635 0.6315 0.4118 0.3137
v 0.175049 0.794922 -0.025635 0.6432 0.4157 0.3216
v -0.394287 0.799316 -0.025635 0.2039 0.1530 0.1765
v 0.394287 0.799316 -0.025635 0.0235 0.0431 0.1843
v -0.057373 0.823242 -0.025635 0.6000 0.3961 0.3098
v 0.057373 0.823242 -0.025635 0.5764 0.3686 0.2667
v -0.057861 0.827637 -0.025635 0.2392 0.1490 0.0980
v 0.057373 0.829102 -0.025635 0.2549 0.1451 0.0941
v 0.054443 0.833496 -0.025635 0.2392 0.1412 0.0902
v 0.059814 0.836914 -0.025635 0.2667 0.1647 0.1098
v 0.064209 0.839355 -0.025635 0.3686 0.2432 0.1686
v 0.064209 0.840332 -0.025635 0.3686 0.2432 0.1765
v -0.050537 0.845215 -0.025635 0.3255 0.2078 0.1647
v 0.051514 0.846191 -0.025635 0.1765 0.1059 0.0784
v -0.060791 0.874512 -0.025635 0.4235 0.2863 0.2157
v 0.046143 0.878906 -0.025635 0.3451 0.2078 0.1451
v -0.000244 0.890625 -0.025635 0.5176 0.3333 0.2627
v -0.018311 0.919922 -0.025635 0.3137 0.2039 0.1412
v -0.067627 0.273438 -0.025635 0.5961 0.3843 0.3019
v 0.067627 0.273438 -0.025635 0.6039 0.3765 0.2784
v -0.164307 0.008789 -0.025635 0.7960 0.6157 0.3451
v 0.164307 0.008789 -0.025635 0.6902 0.5569 0.3059
v -0.126221 0.716309 -0.026123 0.5921 0.3882 0.2941
v 0.126221 0.716309 -0.026123 0.6039 0.3647 0.2627
v -0.431397 0.738281 -0.026123 0.6510 0.0667 0.0824
v 0.431397 0.738281 -0.026123 0.7921 0.5804 0.2275
v -0.240967 0.790039 -0.026123 0.6315 0.4000 0.3098
v 0.240967 0.790039 -0.026123 0.6393 0.4118 0.3098
v -0.056885 0.825684 -0.026123 0.2863 0.1647 0.1059
v -0.043701 0.833496 -0.026123 0.2392 0.1255 0.0627
v 0.048584 0.839844 -0.026123 0.1882 0.1098 0.0667
v 0.063721 0.841309 -0.026123 0.3686 0.2432 0.1647
v -0.050537 0.860840 -0.026123 0.2275 0.1294 0.0902
v -0.057373 0.867676 -0.026123 0.2118 0.0941 0.0549
v 0.023682 0.919922 -0.026123 0.2549 0.1412 0.0902
v 0.010010 0.920898 -0.026123 0.2118 0.1255 0.0863
v -0.134521 0.395996 -0.026123 0.0667 0.1059 0.2039
v 0.134521 0.395996 -0.026123 0.0863 0.1216 0.2196
v -0.135010 0.377930 -0.026123 0.0471 0.1020 0.2118
v 0.135010 0.377930 -0.026123 0.0667 0.1098 0.2157
v -0.040283 0.363281 -0.026123 0.6000 0.3921 0.3059
v 0.040283 0.363281 -0.026123 0.6000 0.3843 0.3019
v -0.088623 0.542480 -0.026611 0.0902 0.1137 0.2235
v 0.088623 0.542480 -0.026611 0.1098 0.1412 0.2588
v 0.339600 0.787109 -0.026611 0.7216 0.4550 0.3412
v -0.233154 0.789551 -0.026611 0.6000 0.3725 0.2784
v 0.233154 0.789551 -0.026611 0.6079 0.3843 0.2863
v -0.186768 0.795410 -0.026611 0.6706 0.4353 0.3333
v 0.186768 0.795410 -0.026611 0.6628 0.4275 0.3333
v -0.103271 0.819336 -0.026611 0.6550 0.4353 0.3333
v 0.103271 0.819336 -0.026611 0.6510 0.4196 0.3255
v 0.058838 0.823242 -0.026611 0.5490 0.3608 0.2863
v -0.049561 0.826660 -0.026611 0.2784 0.1608 0.0980
v -0.057861 0.829102 -0.026611 0.2588 0.1451 0.0980
v 0.063721 0.838867 -0.026611 0.3490 0.2275 0.1569
v 0.067139 0.840820 -0.026611 0.4157 0.2745 0.1961
v 0.055420 0.844238 -0.026611 0.2471 0.1608 0.1176
v -0.019775 0.854004 -0.026611 0.5373 0.3451 0.2667
v 0.019775 0.854004 -0.026611 0.4745 0.3176 0.2392
v 0.051514 0.855469 -0.026611 0.4392 0.2941 0.2196
v 0.038818 0.879395 -0.026611 0.2863 0.1882 0.1373
v -0.058838 0.880859 -0.026611 0.4784 0.3255 0.2549
v 0.037354 0.901855 -0.026611 0.1451 0.0863 0.0392
v 0.013916 0.919922 -0.026611 0.3333 0.2078 0.1530
v 0.031494 0.921387 -0.026611 0.2980 0.1686 0.1059
v 0.010498 0.925293 -0.026611 0.3294 0.2000 0.1490
v -0.118896 0.291992 -0.026611 0.6157 0.3961 0.2980
v 0.118896 0.291992 -0.026611 0.6393 0.4157 0.3098
v -0.131104 0.266113 -0.026611 0.6354 0.4157 0.3176
v 0.131104 0.266113 -0.026611 0.6510 0.4235 0.3294
v -0.477295 0.730469 -0.027100 0.7176 0.0471 0.0706
v 0.477295 0.730469 -0.027100 0.7882 0.6197 0.2471
v -0.497315 0.771484 -0.027100 0.7451 0.0431 0.0667
v 0.497315 0.771484 -0.027100 0.8392 0.6276 0.2510
v -0.223389 0.791992 -0.027100 0.6745 0.4471 0.3529
v 0.223389 0.791992 -0.027100 0.6745 0.4471 0.3490
v -0.212158 0.793945 -0.027100 0.6471 0.4118 0.3176
v 0.212158 0.793945 -0.027100 0.6589 0.4275 0.3216
v -0.199463 0.794922 -0.027100 0.6785 0.4432 0.3490
v 0.199463 0.794922 -0.027100 0.7020 0.4667 0.3647
v -0.389893 0.799805 -0.027100 0.3725 0.2432 0.1922
v 0.389893 0.799805 -0.027100 0.7137 0.5843 0.4078
v -0.053467 0.830566 -0.027100 0.3529 0.2353 0.1765
v -0.034424 0.835449 -0.027100 0.6157 0.4000 0.3098
v 0.034424 0.835449 -0.027100 0.6039 0.4078 0.3176
v 0.053955 0.838379 -0.027100 0.2078 0.1333 0.0784
v 0.063721 0.841797 -0.027100 0.3647 0.2392 0.1647
v 0.059814 0.842773 -0.027100 0.2863 0.1725 0.1255
v 0.045654 0.844727 -0.027100 0.1686 0.1020 0.0667
v -0.050537 0.847656 -0.027100 0.1882 0.1098 0.0706
v -0.044678 0.899902 -0.027100 0.3176 0.1961 0.1373
v -0.044189 0.903809 -0.027100 0.3333 0.2157 0.1530
v -0.043701 0.912109 -0.027100 0.3490 0.2314 0.1647
v -0.110107 0.432129 -0.027100 0.1255 0.1530 0.2235
v -0.116455 0.302734 -0.027100 0.6197 0.4000 0.3019
v 0.116455 0.302734 -0.027100 0.6079 0.3765 0.2784
v -0.156006 0.050781 -0.027100 0.1373 0.1608 0.2667
v 0.156006 0.050781 -0.027100 0.0863 0.1373 0.2627
v -0.158936 0.000488 -0.027100 0.3019 0.2235 0.1294
v 0.158936 0.000488 -0.027100 0.3529 0.2980 0.1725
v -0.241943 0.721680 -0.027588 0.5686 0.3490 0.2588
v 0.241943 0.721680 -0.027588 0.5961 0.3843 0.2902
v -0.428955 0.806152 -0.027588 0.7412 0.0471 0.0824
v 0.428955 0.806152 -0.027588 0.7921 0.5921 0.2667
v -0.055420 0.837402 -0.027588 0.3686 0.2471 0.1922
v 0.063721 0.839355 -0.027588 0.3568 0.2432 0.1725
v 0.050049 0.843750 -0.027588 0.2157 0.1373 0.0980
v -0.052002 0.864258 -0.027588 0.2078 0.1098 0.0588
v -0.139404 0.380371 -0.027588 0.0471 0.1216 0.2510
v 0.139404 0.380371 -0.027588 0.0745 0.1490 0.2745
v -0.117432 0.323242 -0.027588 0.6236 0.3686 0.2588
v 0.117432 0.323242 -0.027588 0.6118 0.4039 0.3137
v -0.149170 0.186035 -0.027588 0.6236 0.4039 0.3059
v 0.149170 0.186035 -0.027588 0.6393 0.4235 0.3372
v -0.105713 0.069824 -0.027588 0.0588 0.0863 0.1882
v 0.105713 0.069824 -0.027588 0.0275 0.0588 0.1490
v -0.162354 0.003418 -0.027588 0.4980 0.3804 0.2078
v 0.162354 0.003418 -0.027588 0.6079 0.4589 0.2510
v -0.253662 0.719727 -0.028076 0.5686 0.3490 0.2588
v 0.253662 0.719727 -0.028076 0.5490 0.3529 0.2627
v -0.127686 0.723633 -0.028076 0.5569 0.3608 0.2706
v 0.127686 0.723633 -0.028076 0.5608 0.3490 0.2549
v -0.357666 0.742676 -0.028076 0.0588 0.0941 0.2627
v 0.357666 0.742676 -0.028076 0.0039 0.0824 0.2823
v -0.056396 0.825195 -0.028076 0.2941 0.1843 0.1294
v -0.061279 0.826660 -0.028076 0.1922 0.1294 0.0941
v -0.048096 0.827148 -0.028076 0.3137 0.1765 0.1059
v 0.048096 0.827148 -0.028076 0.3529 0.1961 0.1216
v -0.061279 0.827637 -0.028076 0.2432 0.1530 0.1098
v -0.061279 0.828125 -0.028076 0.2627 0.1608 0.1137
v 0.059326 0.838867 -0.028076 0.3098 0.2039 0.1412
v 0.063721 0.840820 -0.028076 0.3412 0.2157 0.1490
v -0.113525 0.313965 -0.028076 0.5882 0.3647 0.2588
v 0.113525 0.313965 -0.028076 0.6000 0.4000 0.2902
v -0.362061 0.737793 -0.028565 0.0745 0.1255 0.2157
v 0.362061 0.737793 -0.028564 0.9019 0.7020 0.2784
v -0.285889 0.798340 -0.028564 0.6863 0.4510 0.3490
v 0.285889 0.798340 -0.028564 0.7137 0.4784 0.3765
v -0.093994 0.814453 -0.028564 0.6039 0.3843 0.2902
v 0.093994 0.814453 -0.028564 0.6236 0.4039 0.3137
v 0.060303 0.827637 -0.028564 0.2549 0.1490 0.1059
v -0.057373 0.829590 -0.028564 0.3176 0.2039 0.1451
v -0.037354 0.830566 -0.028564 0.6197 0.4118 0.3176
v 0.037354 0.830566 -0.028564 0.6157 0.4078 0.3098
v -0.052490 0.833008 -0.028564 0.3686 0.2353 0.1647
v 0.059326 0.841309 -0.028564 0.2745 0.1843 0.1176
v 0.054443 0.842285 -0.028564 0.2510 0.1490 0.1020
v -0.059326 0.851074 -0.028564 0.3333 0.2157 0.1569
v 0.054443 0.872070 -0.028564 0.4118 0.2745 0.1961
v -0.051514 0.883301 -0.028564 0.3882 0.2510 0.1804
v 0.112061 0.432129 -0.028564 0.1569 0.1804 0.2432
v -0.034424 0.381836 -0.028564 0.6079 0.3921 0.3098
v 0.034424 0.381836 -0.028564 0.6000 0.3843 0.3019
v -0.118408 0.334473 -0.028564 0.6315 0.3921 0.2863
v 0.118408 0.334473 -0.028564 0.6157 0.4078 0.3059
v -0.068115 0.289062 -0.028564 0.5686 0.3804 0.2902
v 0.068115 0.289062 -0.028564 0.6197 0.3921 0.2980
v -0.065186 0.253906 -0.028564 0.6000 0.3843 0.2941
v 0.065186 0.253906 -0.028564 0.6118 0.3921 0.3019
v -0.106201 0.078613 -0.028564 0.0667 0.0941 0.1961
v 0.106201 0.078613 -0.028564 0.0275 0.0549 0.1451
v -0.326416 0.727539 -0.029053 0.6471 0.4314 0.3372
v 0.326416 0.727539 -0.029053 0.6589 0.4314 0.3372
v -0.357178 0.738281 -0.029053 0.5216 0.3412 0.2588
v 0.357178 0.738281 -0.029053 0.2196 0.2078 0.2510
v -0.355713 0.740723 -0.029053 0.6236 0.4000 0.3176
v 0.355713 0.740723 -0.029053 0.4078 0.3333 0.3255
v -0.398682 0.757324 -0.029053 0.1176 0.1059 0.1608
v 0.398682 0.757324 -0.029053 0.4628 0.3608 0.2392
v 0.351318 0.790527 -0.029053 0.6510 0.4784 0.3412
v -0.061279 0.826172 -0.029053 0.1882 0.1294 0.0824
v -0.065186 0.827637 -0.029053 0.2471 0.1530 0.1020
v -0.048096 0.828125 -0.029053 0.2549 0.1451 0.0902
v -0.048584 0.848633 -0.029053 0.1961 0.1098 0.0667
v -0.058838 0.855469 -0.029053 0.4353 0.2902 0.2118
v -0.014404 0.863770 -0.029053 0.4784 0.3098 0.2392
v 0.052490 0.876465 -0.029053 0.3765 0.2353 0.1725
v -0.049561 0.883301 -0.029053 0.3608 0.2275 0.1686
v 0.041260 0.907227 -0.029053 0.2823 0.1569 0.0784
v -0.110107 0.323242 -0.029053 0.6118 0.3921 0.2941
v 0.110107 0.323242 -0.029053 0.5882 0.3843 0.2941
v -0.106201 0.322266 -0.029053 0.6039 0.3921 0.2941
v 0.106201 0.322266 -0.029053 0.6197 0.4078 0.3098
v -0.108643 0.312500 -0.029053 0.6157 0.3921 0.2980
v 0.108643 0.312500 -0.029053 0.6276 0.4039 0.3059
v -0.106201 0.063477 -0.029053 0.0667 0.1059 0.2039
v 0.106201 0.063477 -0.029053 0.0275 0.0627 0.1569
v -0.105713 0.057129 -0.029053 0.0627 0.0980 0.2000
v 0.105713 0.057129 -0.029053 0.0275 0.0667 0.1490
v -0.351807 0.791016 -0.029541 0.6550 0.4745 0.3137
v -0.061279 0.828613 -0.029541 0.2549 0.1490 0.0980
v 0.052979 0.835449 -0.029541 0.2941 0.2000 0.1530
v -0.009033 0.876953 -0.029541 0.4784 0.3059 0.2353
v 0.009033 0.876953 -0.029541 0.4745 0.3059 0.2392
v 0.041260 0.876953 -0.029541 0.1647 0.1098 0.0667
v -0.058838 0.895996 -0.029541 0.4196 0.2823 0.2157
v 0.024170 0.902344 -0.029541 0.2039 0.1255 0.0784
v -0.009033 0.926270 -0.029541 0.4078 0.2706 0.2000
v -0.118896 0.354980 -0.029541 0.6354 0.4157 0.3137
v 0.118897 0.354980 -0.029541 0.6471 0.4235 0.3098
v -0.155029 0.060547 -0.029541 0.1020 0.1451 0.2471
v 0.155029 0.060547 -0.029541 0.0902 0.1333 0.2078
v -0.490479 0.743164 -0.030029 0.7294 0.0471 0.0784
v 0.490479 0.743164 -0.030029 0.7960 0.6039 0.2432
v -0.492432 0.783691 -0.030029 0.7490 0.0471 0.0706
v 0.492432 0.783691 -0.030029 0.8627 0.6667 0.2784
v -0.311279 0.791992 -0.030029 0.6510 0.4157 0.3216
v 0.311279 0.791992 -0.030029 0.6471 0.4157 0.3176
v -0.056396 0.827637 -0.030029 0.2745 0.1686 0.1255
v -0.060791 0.827637 -0.030029 0.2392 0.1451 0.0902
v 0.053467 0.848633 -0.030029 0.4353 0.2823 0.2039
v 0.052979 0.868652 -0.030029 0.1569 0.0784 0.0510
v 0.042236 0.871094 -0.030029 0.1804 0.1137 0.0784
v -0.056396 0.890625 -0.030029 0.2549 0.1294 0.0706
v -0.056885 0.900879 -0.030029 0.2941 0.1765 0.1176
v -0.009033 0.920410 -0.030029 0.2549 0.1490 0.1020
v -0.114990 0.413574 -0.030029 0.6118 0.4039 0.3176
v 0.114990 0.413574 -0.030029 0.6276 0.4157 0.3216
v -0.063721 0.299316 -0.030029 0.6276 0.4118 0.3294
v 0.063721 0.299316 -0.030029 0.6197 0.3843 0.2823
v -0.138916 0.252930 -0.030029 0.6157 0.3961 0.2980
v 0.138916 0.252930 -0.030029 0.6471 0.4196 0.3255
v -0.148193 0.083008 -0.030029 0.1569 0.1843 0.2941
v 0.148193 0.083008 -0.030029 0.0941 0.1216 0.2235
v -0.104736 0.051758 -0.030029 0.1176 0.1216 0.1686
v 0.104736 0.051758 -0.030029 0.0353 0.0667 0.1725
v -0.142334 0.714844 -0.030518 0.5686 0.3686 0.2863
v 0.142334 0.714844 -0.030518 0.5686 0.3608 0.2823
v -0.088623 0.808594 -0.030518 0.5764 0.3568 0.2706
v 0.088623 0.808594 -0.030518 0.6039 0.3843 0.3019
v -0.054443 0.841309 -0.030518 0.3294 0.2196 0.1569
v 0.050537 0.846191 -0.030518 0.2000 0.1216 0.0784
v -0.056885 0.847656 -0.030518 0.2784 0.1725 0.1176
v 0.047607 0.857910 -0.030518 0.1843 0.1059 0.0706
v -0.056396 0.858398 -0.030518 0.3098 0.2078 0.1412
v -0.000244 0.876953 -0.030518 0.4745 0.3059 0.2353
v 0.004150 0.916016 -0.030518 0.1961 0.1098 0.0745
v -0.118408 0.374512 -0.030518 0.6510 0.4196 0.3176
v 0.118408 0.374512 -0.030518 0.6589 0.4353 0.3255
v -0.079346 0.303711 -0.030518 0.6315 0.4157 0.3216
v 0.079346 0.303711 -0.030518 0.5843 0.3804 0.2823
v -0.111572 0.301270 -0.030518 0.6276 0.4039 0.3059
v 0.111572 0.301270 -0.030518 0.5961 0.3882 0.2863
v -0.104248 0.088379 -0.030518 0.0745 0.1020 0.2039
v 0.104248 0.088379 -0.030518 0.0157 0.0549 0.1451
v -0.151123 0.078613 -0.030518 0.1255 0.1530 0.2549
v 0.151123 0.078613 -0.030518 0.1137 0.1451 0.2353
v -0.101807 0.479004 -0.031006 0.0980 0.1333 0.2353
v 0.101807 0.479004 -0.031006 0.0902 0.1176 0.2157
v -0.091553 0.519531 -0.031006 0.0824 0.1098 0.2196
v -0.157959 0.709961 -0.031006 0.6079 0.3921 0.3098
v 0.157959 0.709961 -0.031006 0.6039 0.3804 0.3019
v -0.189209 0.711914 -0.031006 0.6432 0.4157 0.3294
v 0.189209 0.711914 -0.031006 0.6471 0.4196 0.3255
v -0.311279 0.719727 -0.031006 0.6315 0.4039 0.3137
v 0.311279 0.719727 -0.031006 0.6354 0.4078 0.3137
v -0.466553 0.727539 -0.031006 0.7098 0.0196 0.0392
v 0.466553 0.727539 -0.031006 0.7764 0.5882 0.2588
v 0.053467 0.821777 -0.031006 0.4863 0.3137 0.2235
v -0.048096 0.831055 -0.031006 0.2314 0.1294 0.0745
v 0.048096 0.877930 -0.031006 0.3608 0.2314 0.1725
v -0.052002 0.903320 -0.031006 0.3019 0.1922 0.1412
v -0.024658 0.906250 -0.031006 0.3765 0.2471 0.1843
v -0.037842 0.916504 -0.031006 0.3529 0.2157 0.1608
v -0.022705 0.416016 -0.031006 0.4039 0.3137 0.2667
v 0.022705 0.416016 -0.031006 0.2941 0.2667 0.2784
v -0.028564 0.398926 -0.031006 0.6000 0.3804 0.3019
v 0.028564 0.398926 -0.031006 0.5921 0.3765 0.2980
v -0.116943 0.394531 -0.031006 0.6393 0.4196 0.3294
v 0.116943 0.394531 -0.031006 0.6432 0.4235 0.3333
v -0.100830 0.332031 -0.031006 0.5961 0.3843 0.2902
v -0.106689 0.332031 -0.031006 0.5882 0.3765 0.2823
v 0.100830 0.332031 -0.031006 0.6039 0.4000 0.3098
v 0.106689 0.332031 -0.031006 0.5961 0.3882 0.2980
v -0.060791 0.308594 -0.031006 0.6471 0.4353 0.3412
v 0.060791 0.308594 -0.031006 0.6354 0.4000 0.3019
v -0.115967 0.291504 -0.031006 0.6276 0.4078 0.3098
v 0.115967 0.291504 -0.031006 0.6079 0.3804 0.2667
v -0.071045 0.279785 -0.031006 0.6079 0.4039 0.3098
v 0.071045 0.279785 -0.031006 0.6118 0.3725 0.2784
v 0.147705 0.093750 -0.031006 0.0941 0.1255 0.2157
v -0.147705 0.093262 -0.031006 0.0824 0.1059 0.1961
v 0.091553 0.519531 -0.031494 0.1098 0.1333 0.2314
v -0.065674 0.588867 -0.031494 0.5764 0.3961 0.2627
v 0.065674 0.588867 -0.031494 0.5725 0.4000 0.2627
v -0.081787 0.634277 -0.031494 0.5843 0.3725 0.2784
v 0.081787 0.634277 -0.031494 0.6079 0.3961 0.3098
v -0.109619 0.666992 -0.031494 0.6510 0.4314 0.3333
v 0.109619 0.666992 -0.031494 0.6315 0.4000 0.3019
v -0.174072 0.709473 -0.031494 0.6667 0.4314 0.3372
v 0.174072 0.709473 -0.031494 0.6236 0.4039 0.3059
v -0.199951 0.715820 -0.031494 0.6315 0.4196 0.3255
v 0.199951 0.715820 -0.031494 0.6157 0.3961 0.3059
v -0.367432 0.746094 -0.031494 0.6941 0.5373 0.2353
v 0.367432 0.746094 -0.031494 0.3216 0.2549 0.1765
v -0.053467 0.825195 -0.031494 0.3921 0.2627 0.2000
v -0.058838 0.835938 -0.031494 0.3216 0.1843 0.1137
v -0.021240 0.843750 -0.031494 0.6157 0.4039 0.3098
v 0.021240 0.843750 -0.031494 0.6157 0.4000 0.3059
v -0.008057 0.865234 -0.031494 0.4784 0.3059 0.2314
v 0.008057 0.865234 -0.031494 0.4902 0.3098 0.2471
v -0.051514 0.888184 -0.031494 0.2000 0.1216 0.0824
v 0.042725 0.893066 -0.031494 0.3647 0.2353 0.1725
v 0.022705 0.911621 -0.031494 0.3961 0.2510 0.1882
v 0.037354 0.913086 -0.031494 0.3490 0.2235 0.1530
v -0.025146 0.414062 -0.031494 0.3176 0.2432 0.2392
v 0.025146 0.414062 -0.031494 0.4432 0.3137 0.2863
v -0.103271 0.322266 -0.031494 0.6118 0.4000 0.2980
v 0.103272 0.322266 -0.031494 0.6354 0.4275 0.3255
v -0.057861 0.318359 -0.031494 0.6354 0.4235 0.3294
v 0.057861 0.318359 -0.031494 0.6471 0.4118 0.3098
v -0.077881 0.310059 -0.031494 0.6079 0.3961 0.3019
v 0.077881 0.310059 -0.031494 0.5961 0.3921 0.2980
v -0.146729 0.150391 -0.031494 0.4941 0.3608 0.2784
v 0.146729 0.150391 -0.031494 0.5686 0.4118 0.2745
v -0.151611 0.070312 -0.031494 0.1137 0.1490 0.2588
v 0.151611 0.070312 -0.031494 0.1216 0.1608 0.2667
v -0.297607 0.715820 -0.031982 0.6079 0.3804 0.2863
v 0.297607 0.715820 -0.031982 0.6550 0.4275 0.3333
v -0.204834 0.717285 -0.031982 0.6039 0.3843 0.2941
v 0.204834 0.717285 -0.031982 0.5804 0.3686 0.2745
v -0.398193 0.753906 -0.031982 0.3019 0.2392 0.2078
v 0.398193 0.753906 -0.031982 0.5333 0.4196 0.2627
v -0.324463 0.787109 -0.031982 0.6276 0.4000 0.3059
v -0.351318 0.788086 -0.031982 0.2196 0.1961 0.2706
v 0.351318 0.788086 -0.031982 0.0118 0.0902 0.2902
v -0.273682 0.799316 -0.031982 0.6824 0.4471 0.3451
v 0.273682 0.799316 -0.031982 0.6785 0.4392 0.3412
v 0.053467 0.852539 -0.031982 0.4392 0.2745 0.1961
v -0.025146 0.910645 -0.031982 0.3804 0.2471 0.1686
v -0.001709 0.916016 -0.031982 0.2000 0.1176 0.0784
v 0.000244 0.927734 -0.031982 0.2510 0.1294 0.0706
v -0.054932 0.331055 -0.031982 0.6510 0.4392 0.3412
v 0.054932 0.331055 -0.031982 0.6432 0.4078 0.3059
v -0.077393 0.293457 -0.031982 0.6432 0.4314 0.3333
v 0.077393 0.293457 -0.031982 0.5843 0.3804 0.2902
v -0.073975 0.292480 -0.031982 0.5725 0.3725 0.2823
v 0.073975 0.292480 -0.031982 0.6000 0.3804 0.2902
v -0.103760 0.046387 -0.031982 0.6000 0.4275 0.2039
v 0.103760 0.046387 -0.031982 0.0275 0.0667 0.1725
v -0.130615 0.001953 -0.031982 0.2902 0.2118 0.1451
v 0.130615 0.001953 -0.031982 0.2706 0.2039 0.1255
v -0.284424 0.714844 -0.032471 0.6079 0.3804 0.2863
v 0.284424 0.714844 -0.032471 0.6197 0.3921 0.2980
v -0.214111 0.715332 -0.032471 0.5843 0.3647 0.2745
v 0.214111 0.715332 -0.032471 0.6354 0.4157 0.3176
v -0.406006 0.756348 -0.032471 0.6197 0.0392 0.0588
v 0.406006 0.756348 -0.032471 0.4863 0.2823 0.0549
v 0.324463 0.786621 -0.032471 0.6863 0.4510 0.3451
v -0.341064 0.788086 -0.032471 0.6824 0.4628 0.3647
v 0.062256 0.821777 -0.032471 0.5569 0.3647 0.2902
v -0.057373 0.832520 -0.032471 0.2196 0.1255 0.0863
v 0.043213 0.832520 -0.032471 0.2157 0.1059 0.0510
v 0.048096 0.868164 -0.032471 0.2432 0.1530 0.0980
v 0.037842 0.874512 -0.032471 0.2823 0.1882 0.1255
v 0.042236 0.881348 -0.032471 0.3216 0.2039 0.1490
v -0.047119 0.899414 -0.032471 0.1843 0.1216 0.0863
v -0.000244 0.909668 -0.032471 0.3294 0.1961 0.1333
v -0.030518 0.915527 -0.032471 0.3568 0.2275 0.1725
v -0.149170 0.166504 -0.032471 0.6354 0.4000 0.3019
v 0.149170 0.166504 -0.032471 0.6315 0.4157 0.3176
v -0.093506 0.142090 -0.032471 0.4510 0.3804 0.2980
v 0.093506 0.142090 -0.032471 0.3098 0.2667 0.2510
v -0.148682 0.107910 -0.032471 0.1059 0.1412 0.2392
v 0.148682 0.107910 -0.032471 0.0980 0.1373 0.2353
v -0.101318 0.102539 -0.032471 0.0745 0.1059 0.1961
v 0.101318 0.102539 -0.032471 0.0235 0.0549 0.1451
v 0.071045 0.597168 -0.032959 0.5530 0.3568 0.2471
v -0.357178 0.741699 -0.032959 0.6039 0.4118 0.3255
v 0.357178 0.741699 -0.032959 0.2275 0.2353 0.3059
v 0.341064 0.788086 -0.032959 0.7137 0.4392 0.3333
v -0.484131 0.792969 -0.032959 0.7529 0.0627 0.0863
v 0.484131 0.792969 -0.032959 0.7725 0.5804 0.2196
v -0.056885 0.830566 -0.032959 0.3333 0.2157 0.1569
v -0.036865 0.838867 -0.032959 0.2078 0.1020 0.0549
v 0.047607 0.847168 -0.032959 0.2392 0.1530 0.0980
v -0.052002 0.858398 -0.032959 0.2392 0.1412 0.0941
v -0.001709 0.864746 -0.032959 0.4628 0.3019 0.2275
v -0.000244 0.865234 -0.032959 0.4706 0.3019 0.2314
v 0.024170 0.914551 -0.032959 0.3216 0.2039 0.1490
v 0.030518 0.916016 -0.032959 0.4078 0.2706 0.2078
v 0.006104 0.917969 -0.032959 0.1647 0.0902 0.0392
v -0.084229 0.321777 -0.032959 0.5961 0.3882 0.2941
v 0.084229 0.321777 -0.032959 0.5882 0.3843 0.2902
v -0.074951 0.320801 -0.032959 0.6157 0.4039 0.3059
v 0.074951 0.320801 -0.032959 0.6039 0.4000 0.3137
v -0.105713 0.312500 -0.032959 0.6393 0.4118 0.3176
v 0.105713 0.312500 -0.032959 0.6354 0.4235 0.3255
v -0.063232 0.237793 -0.032959 0.6118 0.3921 0.3019
v 0.063232 0.237793 -0.032959 0.6118 0.3882 0.2941
v -0.091064 0.154785 -0.032959 0.5921 0.3686 0.2706
v 0.091064 0.154785 -0.032959 0.6039 0.3686 0.2706
v -0.071045 0.597168 -0.033447 0.5961 0.3961 0.2235
v -0.270264 0.715332 -0.033447 0.6197 0.3921 0.2980
v 0.270264 0.715332 -0.033447 0.6236 0.4039 0.3137
v -0.225830 0.716309 -0.033447 0.6197 0.4000 0.3019
v 0.225830 0.716309 -0.033447 0.6157 0.3961 0.3059
v -0.454834 0.728027 -0.033447 0.7137 0.0431 0.0745
v 0.454834 0.728027 -0.033447 0.8157 0.6276 0.2941
v -0.395264 0.751953 -0.033447 0.1882 0.1686 0.1922
v 0.395264 0.751953 -0.033447 0.2510 0.2039 0.1294
v -0.349365 0.790527 -0.033447 0.6000 0.4078 0.3137
v 0.349365 0.790527 -0.033447 0.1373 0.1490 0.3019
v 0.056885 0.831543 -0.033447 0.3765 0.2432 0.1765
v 0.051025 0.836426 -0.033447 0.1922 0.1059 0.0784
v -0.057861 0.838379 -0.033447 0.3255 0.2000 0.1294
v -0.053467 0.847656 -0.033447 0.2196 0.1333 0.0863
v -0.061279 0.874023 -0.033447 0.4196 0.2784 0.2039
v -0.107178 0.428223 -0.033447 0.1373 0.1490 0.2275
v 0.107178 0.428223 -0.033447 0.1843 0.1843 0.2392
v -0.052002 0.346191 -0.033447 0.6197 0.4039 0.3059
v 0.052002 0.346191 -0.033447 0.6315 0.4078 0.3019
v -0.103760 0.337402 -0.033447 0.5921 0.3804 0.2784
v 0.103760 0.337402 -0.033447 0.6079 0.3961 0.2980
v -0.079346 0.335449 -0.033447 0.5764 0.3725 0.2863
v 0.079346 0.335449 -0.033447 0.5725 0.3647 0.2706
v -0.086182 0.308105 -0.033447 0.5686 0.3686 0.2745
v 0.086182 0.308105 -0.033447 0.6079 0.3882 0.2980
v -0.075928 0.303223 -0.033447 0.5921 0.3804 0.2863
v 0.075928 0.303223 -0.033447 0.5961 0.3843 0.2902
v -0.254639 0.715332 -0.033936 0.6354 0.4039 0.3216
v 0.254639 0.715332 -0.033936 0.5961 0.3686 0.2823
v -0.242432 0.716309 -0.033936 0.6471 0.4157 0.3216
v 0.242432 0.716309 -0.033936 0.6157 0.3843 0.2902
v -0.264404 0.716797 -0.033936 0.5804 0.3608 0.2627
v 0.264404 0.716797 -0.033936 0.5882 0.3686 0.2784
v -0.364502 0.791504 -0.033936 0.7137 0.5373 0.2275
v 0.364502 0.791504 -0.033936 0.6863 0.4941 0.2196
v -0.354736 0.794922 -0.033936 0.0431 0.0902 0.2314
v 0.354736 0.794922 -0.033936 0.8431 0.6510 0.3255
v -0.261475 0.797852 -0.033936 0.6863 0.4589 0.3647
v 0.261475 0.797852 -0.033936 0.7137 0.4784 0.3765
v -0.052002 0.826660 -0.033936 0.4235 0.2745 0.2118
v 0.063721 0.826660 -0.033936 0.3059 0.1961 0.1333
v -0.007568 0.854492 -0.033936 0.5569 0.3647 0.2863
v 0.007568 0.854492 -0.033936 0.5569 0.3568 0.2902
v 0.044678 0.865723 -0.033936 0.2432 0.1451 0.0980
v 0.044189 0.876465 -0.033936 0.2627 0.1569 0.1137
v -0.059326 0.879883 -0.033936 0.3333 0.2157 0.1490
v -0.046631 0.892090 -0.033936 0.2078 0.1216 0.0667
v -0.105225 0.461426 -0.033936 0.0980 0.1255 0.2275
v 0.105225 0.461426 -0.033936 0.0980 0.1255 0.2275
v -0.023682 0.393555 -0.033936 0.0980 0.1373 0.2353
v 0.023682 0.393555 -0.033936 0.0863 0.1294 0.2157
v -0.070557 0.301758 -0.033936 0.6118 0.4000 0.3098
v 0.070557 0.301758 -0.033936 0.6276 0.4078 0.3176
v -0.145264 0.238281 -0.033936 0.6354 0.4157 0.3137
v 0.145264 0.238281 -0.033936 0.6354 0.4078 0.3137
v -0.086670 0.162598 -0.033936 0.6039 0.3882 0.2902
v 0.086670 0.162598 -0.033936 0.6000 0.3804 0.2941
v -0.156494 0.041504 -0.033936 0.1451 0.1216 0.1608
v 0.156494 0.041504 -0.033936 0.7294 0.5569 0.2549
v -0.232666 0.718750 -0.034424 0.6118 0.3921 0.3019
v 0.232666 0.718750 -0.034424 0.6118 0.3921 0.3019
v -0.345947 0.737305 -0.034424 0.6039 0.4000 0.3019
v 0.345947 0.737305 -0.034424 0.6628 0.4157 0.3059
v -0.413818 0.753906 -0.034424 0.6589 0.0275 0.0471
v 0.413818 0.753906 -0.034424 0.6667 0.4628 0.1725
v -0.350342 0.792969 -0.034424 0.5098 0.3490 0.3098
v -0.398193 0.792969 -0.034424 0.3098 0.0824 0.1373
v 0.350342 0.792969 -0.034424 0.0980 0.1333 0.3098
v 0.398193 0.792969 -0.034424 0.1882 0.1569 0.1922
v -0.082275 0.813965 -0.034424 0.6471 0.4235 0.3255
v 0.082275 0.813965 -0.034424 0.6157 0.3921 0.3019
v -0.059326 0.826172 -0.034424 0.3019 0.1843 0.1373
v -0.061768 0.834961 -0.034424 0.3372 0.2000 0.1490
v -0.052490 0.841309 -0.034424 0.2667 0.1647 0.1137
v -0.061768 0.851562 -0.034424 0.3882 0.2706 0.2157
v -0.061768 0.854492 -0.034424 0.4823 0.3372 0.2667
v 0.051025 0.854980 -0.034424 0.1882 0.0980 0.0706
v 0.044189 0.872070 -0.034424 0.2588 0.1490 0.1098
v 0.033936 0.873535 -0.034424 0.2196 0.1294 0.0824
v 0.055908 0.874023 -0.034424 0.3412 0.2078 0.1451
v 0.053955 0.876953 -0.034424 0.3490 0.2275 0.1608
v 0.007568 0.923828 -0.034424 0.3333 0.2118 0.1412
v -0.092041 0.335449 -0.034424 0.6197 0.4078 0.3137
v 0.092041 0.335449 -0.034424 0.6039 0.3921 0.2980
v -0.148682 0.122559 -0.034424 0.1059 0.1451 0.2392
v 0.148682 0.122559 -0.034424 0.1255 0.1647 0.2706
v -0.093994 0.498535 -0.034912 0.0863 0.1137 0.2196
v 0.093994 0.498535 -0.034912 0.0902 0.1294 0.2353
v 0.073486 0.596191 -0.034912 0.7843 0.6118 0.3255
v -0.115967 0.677246 -0.034912 0.6354 0.4157 0.3216
v 0.115967 0.677246 -0.034912 0.6354 0.4118 0.3137
v -0.443604 0.732910 -0.034912 0.6941 0.0588 0.0824
v 0.443604 0.732910 -0.034912 0.7882 0.5882 0.2627
v -0.492432 0.754395 -0.034912 0.7412 0.0471 0.0667
v 0.492432 0.754395 -0.034912 0.8000 0.6039 0.2471
v -0.173584 0.795410 -0.034912 0.6628 0.4392 0.3451
v 0.173096 0.795410 -0.034912 0.6393 0.4078 0.3019
v -0.474854 0.799316 -0.034912 0.7216 0.0471 0.0667
v 0.474854 0.799316 -0.034912 0.7686 0.5764 0.2549
v 0.168701 0.800781 -0.034912 0.6667 0.4314 0.3333
v -0.169189 0.801270 -0.034912 0.6510 0.4314 0.3333
v -0.061279 0.833008 -0.034912 0.3568 0.2432 0.1843
v -0.053467 0.845703 -0.034912 0.2745 0.1686 0.1255
v -0.000244 0.854004 -0.034912 0.5530 0.3647 0.2863
v -0.058350 0.868164 -0.034912 0.2157 0.1020 0.0471
v -0.017822 0.912109 -0.034912 0.3294 0.2078 0.1412
v -0.011963 0.437012 -0.034912 0.1020 0.1333 0.2157
v 0.011963 0.437012 -0.034912 0.0157 0.0431 0.1333
v -0.094971 0.322266 -0.034912 0.6354 0.4157 0.3216
v 0.094971 0.322266 -0.034912 0.6039 0.3921 0.2980
v -0.073975 0.311035 -0.034912 0.5961 0.3843 0.2902
v 0.073975 0.311035 -0.034912 0.6118 0.4000 0.3059
v -0.068115 0.310547 -0.034912 0.6236 0.4118 0.3176
v 0.068115 0.310547 -0.034912 0.6432 0.4235 0.3333
v -0.097412 0.116211 -0.034912 0.0745 0.1137 0.2118
v 0.097412 0.116211 -0.034912 0.0235 0.0627 0.1490
v -0.102295 0.035645 -0.034912 0.6706 0.4823 0.2235
v 0.102295 0.035645 -0.034912 0.6393 0.4510 0.2078
v -0.072998 0.565918 -0.035400 0.6197 0.4550 0.2510
v 0.072998 0.565918 -0.035400 0.6745 0.4784 0.2314
v 0.072998 0.582031 -0.035400 0.6393 0.4510 0.1843
v -0.073486 0.596191 -0.035400 0.7960 0.6079 0.3372
v -0.424072 0.752441 -0.035400 0.6510 0.0196 0.0431
v 0.424072 0.752441 -0.035400 0.5882 0.3843 0.1843
v -0.446533 0.755859 -0.035400 0.5216 0.0314 0.0431
v 0.446533 0.755859 -0.035400 0.3255 0.2078 0.0941
v 0.445557 0.757812 -0.035400 0.6393 0.4628 0.1961
v -0.445557 0.758301 -0.035400 0.3412 0.0275 0.0471
v -0.396729 0.793457 -0.035400 0.1451 0.1569 0.2353
v 0.396729 0.793457 -0.035400 0.5530 0.4078 0.2823
v -0.250244 0.793945 -0.035400 0.6902 0.4550 0.3529
v 0.250244 0.793945 -0.035400 0.6706 0.4471 0.3490
v 0.160889 0.808594 -0.035400 0.6863 0.4510 0.3490
v -0.160889 0.809082 -0.035400 0.6706 0.4471 0.3529
v -0.057373 0.824219 -0.035400 0.4196 0.2667 0.1922
v -0.061279 0.836914 -0.035400 0.4196 0.2823 0.2000
v -0.049072 0.880371 -0.035400 0.3176 0.2000 0.1333
v -0.052490 0.881348 -0.035400 0.3686 0.2392 0.1647
v -0.043701 0.900391 -0.035400 0.2706 0.1686 0.1216
v -0.009521 0.925781 -0.035400 0.3686 0.2392 0.1686
v -0.008057 0.454102 -0.035400 0.0588 0.0824 0.1686
v 0.008057 0.454102 -0.035400 0.0353 0.0549 0.1333
v -0.020752 0.393066 -0.035400 0.0980 0.1255 0.2000
v 0.020752 0.393066 -0.035400 0.0549 0.0824 0.1608
v -0.072998 0.333984 -0.035400 0.6315 0.4157 0.3216
v 0.072998 0.333984 -0.035400 0.6039 0.3921 0.2980
v -0.107666 0.300781 -0.035400 0.6432 0.4196 0.3176
v 0.107666 0.300781 -0.035400 0.6276 0.4157 0.3176
v -0.150146 0.134766 -0.035400 0.0745 0.0941 0.2118
v 0.150146 0.134766 -0.035400 0.0627 0.0980 0.2235
v -0.072998 0.581543 -0.035889 0.6706 0.4823 0.2275
v -0.073975 0.592285 -0.035889 0.7294 0.5373 0.2627
v 0.073975 0.592285 -0.035889 0.7020 0.5137 0.2432
v -0.435303 0.753906 -0.035889 0.6236 0.0275 0.0549
v 0.435303 0.753906 -0.035889 0.5764 0.3961 0.1451
v 0.177979 0.792969 -0.035889 0.6432 0.4157 0.3255
v -0.178467 0.793457 -0.035889 0.6315 0.3961 0.2941
v -0.298096 0.794922 -0.035889 0.6785 0.4432 0.3490
v 0.298096 0.794922 -0.035889 0.6902 0.4550 0.3412
v -0.403565 0.795898 -0.035889 0.7216 0.0588 0.0863
v 0.403565 0.795898 -0.035889 0.6039 0.4275 0.2078
v -0.151123 0.814941 -0.035889 0.6706 0.4589 0.3529
v 0.150635 0.814941 -0.035889 0.6980 0.4510 0.3529
v -0.051514 0.829102 -0.035889 0.2196 0.1255 0.0784
v 0.055908 0.847656 -0.035889 0.4353 0.2549 0.1882
v -0.059814 0.848633 -0.035889 0.2196 0.1373 0.0980
v -0.047607 0.853027 -0.035889 0.2196 0.1294 0.0784
v -0.051514 0.864258 -0.035889 0.2353 0.1412 0.0902
v 0.050537 0.878418 -0.035889 0.3490 0.2353 0.1686
v 0.022705 0.895020 -0.035889 0.2039 0.1216 0.0824
v -0.036865 0.897461 -0.035889 0.2078 0.1255 0.0824
v 0.033936 0.897949 -0.035889 0.2157 0.1294 0.0824
v 0.025146 0.900879 -0.035889 0.1843 0.1098 0.0667
v -0.057373 0.901367 -0.035889 0.3804 0.2549 0.1804
v -0.008057 0.913086 -0.035889 0.2745 0.1608 0.1020
v -0.010010 0.920898 -0.035889 0.2078 0.1216 0.0627
v -0.000244 0.469238 -0.035889 0.0392 0.0588 0.1333
v -0.015381 0.415039 -0.035889 0.1059 0.1373 0.2275
v 0.015381 0.415039 -0.035889 0.0235 0.0549 0.1412
v -0.084717 0.351562 -0.035889 0.5608 0.3529 0.2588
v 0.084717 0.351562 -0.035889 0.5882 0.3843 0.2902
v -0.071533 0.320801 -0.035889 0.6118 0.4000 0.3059
v 0.071533 0.320801 -0.035889 0.6157 0.4078 0.3059
v -0.065674 0.320312 -0.035889 0.6471 0.4275 0.3294
v 0.065674 0.320312 -0.035889 0.6393 0.4196 0.3294
v -0.082275 0.294434 -0.035889 0.6157 0.4039 0.3098
v 0.082275 0.294434 -0.035889 0.6197 0.4039 0.3137
v -0.119385 0.281250 -0.035889 0.6315 0.4196 0.3176
v 0.119385 0.281250 -0.035889 0.6157 0.3804 0.2745
v -0.144287 0.154297 -0.035889 0.3372 0.2706 0.2588
v 0.144287 0.154297 -0.035889 0.4196 0.3294 0.2627
v -0.073975 0.569824 -0.036377 0.7216 0.5294 0.2549
v 0.073975 0.570312 -0.036377 0.7804 0.5804 0.2902
v -0.067139 0.597168 -0.036377 0.5686 0.3647 0.2549
v 0.067139 0.597168 -0.036377 0.5647 0.3608 0.2588
v -0.435303 0.739746 -0.036377 0.6550 0.0588 0.0784
v 0.435303 0.739746 -0.036377 0.6902 0.4863 0.1765
v -0.233643 0.788574 -0.036377 0.6628 0.4275 0.3333
v 0.233643 0.788574 -0.036377 0.6354 0.4078 0.3137
v -0.241455 0.791016 -0.036377 0.6785 0.4432 0.3490
v 0.241455 0.791016 -0.036377 0.6980 0.4706 0.3765
v -0.138916 0.818848 -0.036377 0.6785 0.4353 0.3372
v 0.138916 0.818848 -0.036377 0.6980 0.4628 0.3608
v -0.059814 0.828613 -0.036377 0.2392 0.1530 0.1137
v -0.056396 0.832031 -0.036377 0.3137 0.1961 0.1373
v -0.064209 0.834961 -0.036377 0.4000 0.2471 0.1843
v -0.056396 0.838379 -0.036377 0.3608 0.2471 0.1843
v -0.051025 0.851074 -0.036377 0.1961 0.1176 0.0745
v 0.055420 0.851074 -0.036377 0.3921 0.2353 0.1608
v -0.059814 0.856934 -0.036377 0.3333 0.2235 0.1608
v 0.054932 0.871094 -0.036377 0.3216 0.2118 0.1373
v -0.024658 0.896484 -0.036377 0.3372 0.2078 0.1412
v -0.059326 0.897461 -0.036377 0.4275 0.2941 0.2196
v -0.053467 0.902832 -0.036377 0.2275 0.1255 0.0824
v -0.042236 0.906738 -0.036377 0.2667 0.1608 0.1098
v 0.004150 0.912109 -0.036377 0.1843 0.1098 0.0588
v -0.025146 0.374023 -0.036377 0.0863 0.1255 0.2235
v 0.025146 0.374023 -0.036377 0.0784 0.1176 0.2118
v -0.049072 0.365234 -0.036377 0.6197 0.4039 0.3137
v 0.049072 0.365234 -0.036377 0.6236 0.4039 0.3137
v -0.088135 0.352051 -0.036377 0.6000 0.3961 0.2980
v 0.088135 0.352051 -0.036377 0.5764 0.3725 0.2745
v -0.097412 0.310547 -0.036377 0.6315 0.4118 0.3137
v 0.097412 0.310547 -0.036377 0.6315 0.4157 0.3137
v -0.068604 0.269043 -0.036377 0.6118 0.4000 0.2980
v 0.068604 0.269043 -0.036377 0.6039 0.3725 0.2784
v -0.078857 0.172363 -0.036377 0.6039 0.3882 0.3059
v 0.078857 0.172363 -0.036377 0.6000 0.3804 0.2902
v -0.150146 0.147461 -0.036377 0.8078 0.6157 0.3490
v 0.150146 0.147461 -0.036377 0.7725 0.6039 0.3059
v -0.480713 0.738770 -0.036865 0.7020 0.0235 0.0353
v 0.480713 0.738770 -0.036865 0.7921 0.6079 0.2863
v -0.399658 0.764648 -0.036865 0.0980 0.1412 0.1843
v 0.399658 0.764648 -0.036865 0.7843 0.5843 0.2941
v -0.223389 0.789551 -0.036865 0.6432 0.4157 0.3216
v 0.223389 0.789551 -0.036865 0.6236 0.3921 0.2980
v 0.188232 0.793945 -0.036865 0.6628 0.4275 0.3294
v -0.188232 0.794434 -0.036865 0.6706 0.4353 0.3333
v -0.465576 0.802734 -0.036865 0.7333 0.0392 0.0667
v 0.465576 0.802734 -0.036865 0.7568 0.5647 0.2510
v -0.071533 0.820801 -0.036865 0.6706 0.4353 0.3372
v 0.056885 0.820801 -0.036865 0.4628 0.3059 0.2275
v 0.071533 0.820801 -0.036865 0.6276 0.4118 0.3294
v -0.126709 0.821289 -0.036865 0.6589 0.4157 0.3176
v 0.126709 0.821289 -0.036865 0.6863 0.4432 0.3451
v -0.064209 0.833984 -0.036865 0.3882 0.2510 0.1765
v 0.053467 0.845215 -0.036865 0.2588 0.1530 0.0941
v 0.045166 0.850098 -0.036865 0.2510 0.1490 0.1020
v 0.046631 0.853516 -0.036865 0.1843 0.1137 0.0784
v -0.051514 0.855469 -0.036865 0.2196 0.1255 0.0745
v 0.039307 0.904297 -0.036865 0.3019 0.1686 0.0980
v 0.022217 0.906738 -0.036865 0.3137 0.1922 0.1373
v -0.028564 0.357910 -0.036865 0.0549 0.0941 0.1961
v 0.028564 0.357910 -0.036865 0.0471 0.0824 0.1804
v -0.063232 0.332031 -0.036865 0.6315 0.4118 0.3176
v 0.063232 0.332031 -0.036865 0.6354 0.4157 0.3176
v -0.146729 0.157715 -0.036865 0.5764 0.4000 0.3294
v 0.146729 0.157715 -0.036865 0.5882 0.3921 0.2941
v -0.151611 0.145508 -0.036865 0.7412 0.5569 0.2941
v 0.151611 0.145508 -0.036865 0.7176 0.5176 0.2588
v -0.093994 0.127930 -0.036865 0.0667 0.1137 0.2078
v 0.093994 0.127930 -0.036865 0.0235 0.0706 0.1765
v -0.121826 0.688477 -0.037354 0.6393 0.4196 0.3216
v 0.121826 0.688477 -0.037354 0.6354 0.4078 0.3176
v -0.353272 0.789062 -0.037354 0.0667 0.0941 0.1804
v 0.353272 0.789062 -0.037353 0.2863 0.2118 0.2000
v -0.212647 0.791992 -0.037354 0.6589 0.4275 0.3333
v 0.212647 0.791992 -0.037353 0.6628 0.4432 0.3451
v -0.200439 0.793457 -0.037354 0.6589 0.4235 0.3294
v 0.200439 0.793457 -0.037353 0.6706 0.4353 0.3372
v -0.392822 0.793945 -0.037354 0.2392 0.2432 0.2039
v 0.392822 0.793945 -0.037353 0.4196 0.3294 0.2353
v -0.412354 0.797363 -0.037354 0.7372 0.0588 0.0863
v 0.412354 0.797363 -0.037353 0.7098 0.5019 0.2000
v -0.060303 0.833008 -0.037354 0.2745 0.1686 0.0980
v -0.064209 0.835938 -0.037354 0.4314 0.2902 0.2000
v -0.060303 0.836914 -0.037354 0.3294 0.2196 0.1530
v -0.052979 0.865234 -0.037354 0.2275 0.1412 0.0863
v -0.057373 0.893066 -0.037354 0.3137 0.2078 0.1451
v -0.002197 0.927246 -0.037354 0.2432 0.1333 0.0902
v -0.069092 0.333008 -0.037354 0.6354 0.4157 0.3176
v 0.069092 0.333008 -0.037354 0.6315 0.4196 0.3176
v -0.149170 0.222168 -0.037354 0.6315 0.4118 0.3137
v 0.149170 0.222168 -0.037354 0.6550 0.4314 0.3372
v -0.062256 0.219238 -0.037354 0.6197 0.4039 0.3137
v 0.062256 0.219238 -0.037354 0.6118 0.3961 0.3019
v -0.150146 0.187012 -0.037354 0.6236 0.4039 0.3059
v 0.150146 0.187012 -0.037354 0.5961 0.3765 0.2784
v -0.149658 0.157227 -0.037354 0.1137 0.1216 0.2235
v 0.149658 0.157227 -0.037354 0.2275 0.1686 0.2039
v -0.150635 0.154297 -0.037354 0.0157 0.0549 0.1961
v 0.150635 0.154297 -0.037354 0.0157 0.0706 0.2549
v -0.094971 0.147949 -0.037354 0.1451 0.1608 0.2353
v 0.094971 0.147949 -0.037354 0.1765 0.1608 0.2235
v -0.101807 0.022949 -0.037354 0.0471 0.0902 0.2039
v 0.101807 0.022949 -0.037354 0.0549 0.0745 0.1765
v -0.452881 0.759277 -0.037842 0.6197 0.0353 0.0588
v -0.456299 0.803711 -0.037842 0.7255 0.0392 0.0667
v 0.456299 0.803711 -0.037842 0.7255 0.5333 0.2118
v -0.114990 0.821777 -0.037842 0.6745 0.4392 0.3372
v 0.114990 0.821777 -0.037842 0.6667 0.4314 0.3372
v -0.062744 0.824707 -0.037842 0.4745 0.3098 0.2432
v -0.055908 0.825684 -0.037842 0.4902 0.3333 0.2549
v -0.054932 0.835938 -0.037842 0.3019 0.1961 0.1294
v -0.000244 0.842285 -0.037842 0.5804 0.3765 0.2902
v 0.047607 0.876953 -0.037842 0.2471 0.1647 0.1098
v 0.035889 0.910156 -0.037842 0.3490 0.2157 0.1451
v 0.013428 0.912109 -0.037842 0.3255 0.1961 0.1412
v -0.006104 0.465820 -0.037842 0.0353 0.0549 0.1412
v 0.006104 0.465820 -0.037842 0.0353 0.0471 0.1176
v -0.022217 0.374023 -0.037842 0.1020 0.1294 0.2039
v 0.022217 0.374023 -0.037842 0.0510 0.0824 0.1647
v -0.157471 0.032227 -0.037842 0.7843 0.5961 0.2980
v 0.157471 0.032227 -0.037842 0.6941 0.5098 0.2510
v -0.100830 0.020508 -0.037842 0.0314 0.0863 0.2039
v 0.100830 0.020508 -0.037842 0.0275 0.0745 0.1686
v -0.435791 0.748047 -0.038330 0.6276 0.0275 0.0549
v 0.435791 0.748047 -0.038330 0.6393 0.4471 0.1922
v 0.452881 0.759277 -0.038330 0.3333 0.2039 0.0902
v -0.452393 0.760742 -0.038330 0.4196 0.0235 0.0392
v 0.452393 0.760742 -0.038330 0.6745 0.4980 0.2392
v -0.309326 0.785645 -0.038330 0.6510 0.4157 0.3098
v -0.094971 0.814453 -0.038330 0.6118 0.3882 0.2980
v 0.094971 0.814453 -0.038330 0.6000 0.3804 0.2941
v -0.104248 0.819336 -0.038330 0.6550 0.4157 0.3176
v 0.104248 0.819336 -0.038330 0.6354 0.4078 0.3137
v -0.063721 0.833984 -0.038330 0.3686 0.2392 0.1686
v -0.063721 0.835938 -0.038330 0.3921 0.2627 0.1804
v -0.066650 0.835938 -0.038330 0.4471 0.3098 0.2196
v -0.056885 0.848633 -0.038330 0.2000 0.1294 0.0863
v 0.052979 0.853027 -0.038330 0.2667 0.1725 0.1137
v 0.047607 0.854980 -0.038330 0.2863 0.1725 0.1216
v -0.056885 0.856934 -0.038330 0.2549 0.1608 0.1059
v 0.037842 0.869629 -0.038330 0.2275 0.1333 0.0824
v -0.022705 0.898926 -0.038330 0.2000 0.1137 0.0549
v -0.049561 0.899902 -0.038330 0.2667 0.1608 0.1216
v -0.027100 0.900391 -0.038330 0.2432 0.1608 0.1020
v -0.037354 0.910645 -0.038330 0.4314 0.2902 0.2039
v 0.024170 0.910645 -0.038330 0.3490 0.2275 0.1608
v 0.030029 0.912109 -0.038330 0.3843 0.2549 0.1804
v -0.061279 0.347168 -0.038330 0.6157 0.3961 0.2980
v 0.061279 0.347168 -0.038330 0.6276 0.4078 0.3098
v -0.089600 0.296387 -0.038330 0.6039 0.3921 0.2980
v 0.089600 0.296387 -0.038330 0.6315 0.4039 0.3019
v -0.069580 0.185547 -0.038330 0.6118 0.4000 0.3019
v 0.069580 0.185547 -0.038330 0.6000 0.3843 0.3019
v -0.092041 0.140625 -0.038330 0.7412 0.5412 0.2549
v 0.092041 0.140625 -0.038330 0.7294 0.5451 0.2941
v -0.091064 0.138184 -0.038330 0.7372 0.5373 0.2235
v 0.091064 0.138184 -0.038330 0.7490 0.5373 0.2471
v -0.101807 0.013184 -0.038330 0.7490 0.5608 0.2745
v 0.101807 0.013184 -0.038330 0.7020 0.5294 0.2784
v -0.066650 0.613770 -0.038818 0.6157 0.3961 0.3019
v 0.066650 0.613770 -0.038818 0.6432 0.4235 0.3333
v -0.087158 0.642578 -0.038818 0.6432 0.4235 0.3255
v 0.087158 0.642578 -0.038818 0.6276 0.4078 0.3137
v -0.358643 0.746582 -0.038818 0.0275 0.0980 0.2980
v 0.358643 0.746582 -0.038818 0.1137 0.1294 0.2706
v -0.367920 0.750488 -0.038818 0.6785 0.5216 0.1882
v 0.367920 0.750488 -0.038818 0.4863 0.3529 0.1608
v -0.490967 0.766602 -0.038818 0.7255 0.0314 0.0510
v 0.490967 0.766602 -0.038818 0.7804 0.5804 0.2314
v 0.309326 0.785645 -0.038818 0.6432 0.4157 0.3216
v -0.089600 0.808594 -0.038818 0.6315 0.4078 0.3176
v 0.089600 0.808594 -0.038818 0.6039 0.3921 0.3059
v -0.061279 0.823242 -0.038818 0.5804 0.3804 0.2941
v -0.045166 0.828613 -0.038818 0.4235 0.2706 0.2039
v 0.060303 0.830566 -0.038818 0.3529 0.2275 0.1765
v -0.026123 0.834961 -0.038818 0.6157 0.4000 0.3176
v -0.059814 0.834961 -0.038818 0.3137 0.2000 0.1333
v -0.063721 0.834961 -0.038818 0.3686 0.2471 0.1686
v 0.026123 0.834961 -0.038818 0.6039 0.3921 0.3137
v -0.056396 0.839355 -0.038818 0.2314 0.1373 0.0824
v 0.049072 0.840820 -0.038818 0.2235 0.1373 0.0902
v -0.057861 0.843262 -0.038818 0.2980 0.1922 0.1373
v 0.051025 0.845703 -0.038818 0.2432 0.1530 0.1020
v -0.052002 0.855957 -0.038818 0.2353 0.1255 0.0784
v 0.029053 0.867188 -0.038818 0.2471 0.1530 0.1020
v 0.051025 0.870605 -0.038818 0.2706 0.1647 0.1098
v 0.055420 0.878906 -0.038818 0.3686 0.2471 0.1686
v 0.039795 0.886719 -0.038818 0.2980 0.1843 0.1294
v -0.053467 0.891602 -0.038818 0.2471 0.1373 0.0902
v 0.000244 0.900879 -0.038818 0.3412 0.2118 0.1569
v -0.109619 0.446777 -0.038818 0.1098 0.1373 0.2392
v 0.109619 0.446777 -0.038818 0.1059 0.1333 0.2353
v -0.113525 0.429688 -0.038818 0.0980 0.1255 0.2235
v 0.113525 0.429688 -0.038818 0.1059 0.1333 0.2353
v -0.073975 0.349121 -0.038818 0.5804 0.3725 0.2784
v 0.073975 0.349121 -0.038818 0.5961 0.3804 0.2863
v -0.099854 0.298828 -0.038818 0.6393 0.4157 0.3176
v 0.099854 0.298828 -0.038818 0.6393 0.4196 0.3216
v -0.109619 0.291016 -0.038818 0.6236 0.4000 0.2941
v 0.109619 0.291016 -0.038818 0.6276 0.4157 0.3216
v -0.076416 0.282227 -0.038818 0.6510 0.4353 0.3333
v 0.076416 0.282227 -0.038818 0.6236 0.4039 0.3059
v 0.092041 0.151367 -0.038818 0.4823 0.3372 0.3019
v -0.092041 0.150879 -0.038818 0.2784 0.2196 0.2745
v -0.102783 0.006836 -0.038818 0.5725 0.4196 0.1882
v 0.102783 0.006836 -0.038818 0.5725 0.4235 0.2196
v -0.326904 0.727051 -0.039307 0.6118 0.3921 0.2941
v 0.326904 0.727051 -0.039307 0.6354 0.4078 0.3137
v -0.447022 0.803711 -0.039307 0.7294 0.0431 0.0706
v 0.447022 0.803711 -0.039307 0.7451 0.5451 0.2353
v -0.057861 0.826172 -0.039307 0.5059 0.3294 0.2667
v 0.057861 0.826172 -0.039307 0.3333 0.2118 0.1333
v -0.063232 0.826660 -0.039307 0.3451 0.2314 0.1647
v -0.058350 0.829590 -0.039307 0.1882 0.1137 0.0706
v -0.008545 0.843750 -0.039307 0.6079 0.3961 0.3019
v 0.008545 0.843750 -0.039307 0.6118 0.3961 0.3137
v -0.052002 0.849121 -0.039307 0.2196 0.1294 0.0824
v -0.063721 0.851562 -0.039307 0.3529 0.2353 0.1725
v 0.040771 0.852051 -0.039307 0.2118 0.1294 0.0902
v 0.047607 0.873535 -0.039307 0.2471 0.1490 0.1020
v 0.056885 0.876953 -0.039307 0.3765 0.2510 0.1686
v -0.026123 0.905273 -0.039307 0.2510 0.1530 0.1059
v -0.030518 0.909668 -0.039307 0.3490 0.2196 0.1412
v -0.115967 0.410645 -0.039307 0.1020 0.1412 0.2471
v 0.115967 0.410645 -0.039307 0.0941 0.1373 0.2471
v -0.024170 0.358887 -0.039307 0.0667 0.1216 0.2314
v 0.024170 0.358887 -0.039307 0.0588 0.0980 0.1961
v -0.092529 0.353516 -0.039307 0.6118 0.3921 0.2941
v 0.092529 0.353516 -0.039307 0.6039 0.3921 0.2980
v -0.067627 0.348145 -0.039307 0.6393 0.4196 0.3294
v 0.067627 0.348145 -0.039307 0.6236 0.4000 0.3059
v -0.150635 0.205078 -0.039307 0.6354 0.4157 0.3176
v 0.150635 0.205078 -0.039307 0.6471 0.4235 0.3294
v -0.064209 0.201172 -0.039307 0.6157 0.4000 0.3137
v 0.064209 0.201172 -0.039307 0.6079 0.3882 0.2980
v -0.089600 0.149902 -0.039307 0.0431 0.1098 0.2432
v 0.089600 0.149902 -0.039307 0.0431 0.1137 0.2549
v -0.089600 0.146973 -0.039307 0.0314 0.0824 0.2235
v 0.089600 0.146973 -0.039307 0.0196 0.0784 0.2118
v -0.106201 0.003418 -0.039307 0.6980 0.5176 0.2353
v 0.106201 0.003418 -0.039307 0.3176 0.2510 0.1961
v -0.067139 0.624512 -0.039795 0.6118 0.3921 0.3059
v 0.067139 0.624512 -0.039795 0.5882 0.3765 0.2823
v -0.126221 0.701660 -0.039795 0.6197 0.3921 0.2980
v 0.126221 0.701660 -0.039795 0.6354 0.4078 0.3176
v -0.357666 0.745117 -0.039795 0.1020 0.1373 0.2549
v 0.357666 0.745117 -0.039795 0.4902 0.3333 0.3137
v -0.056396 0.828125 -0.039795 0.2039 0.1216 0.0745
v -0.032471 0.831055 -0.039795 0.6157 0.4039 0.3098
v 0.032471 0.831055 -0.039795 0.6039 0.4000 0.3059
v -0.053955 0.834473 -0.039795 0.3608 0.2432 0.1882
v -0.064209 0.853516 -0.039795 0.4706 0.3216 0.2510
v -0.048096 0.867188 -0.039795 0.2667 0.1686 0.1216
v -0.048096 0.874512 -0.039795 0.2980 0.1882 0.1333
v 0.038330 0.875488 -0.039795 0.2706 0.1608 0.1098
v 0.052979 0.879883 -0.039795 0.2980 0.1804 0.1176
v -0.046143 0.885742 -0.039795 0.2353 0.1294 0.0941
v -0.036865 0.893555 -0.039795 0.2510 0.1490 0.0980
v -0.049072 0.894531 -0.039795 0.3059 0.1843 0.1216
v -0.004639 0.916992 -0.039795 0.2745 0.1804 0.1255
v -0.010010 0.926758 -0.039795 0.3647 0.2432 0.1647
v -0.104736 0.354004 -0.039795 0.6079 0.3961 0.3019
v 0.104736 0.354004 -0.039795 0.6276 0.4118 0.3137
v -0.157471 0.020508 -0.039795 0.0157 0.0510 0.1647
v 0.157471 0.020508 -0.039795 0.0353 0.0863 0.2118
v 0.053467 0.588379 -0.040283 0.5451 0.3686 0.2627
v -0.053955 0.588867 -0.040283 0.5647 0.3843 0.2549
v -0.468506 0.735840 -0.040283 0.7020 0.0392 0.0667
v 0.468506 0.736328 -0.040283 0.7216 0.5255 0.2314
v -0.399170 0.763184 -0.040283 0.2078 0.2196 0.2432
v 0.399170 0.763184 -0.040283 0.8313 0.6039 0.2784
v -0.323975 0.784668 -0.040283 0.6863 0.4510 0.3529
v 0.323975 0.784668 -0.040283 0.6706 0.4353 0.3294
v -0.422607 0.799316 -0.040283 0.7255 0.0471 0.0784
v 0.422607 0.799316 -0.040283 0.7294 0.5333 0.2196
v 0.064697 0.822754 -0.040283 0.4902 0.3451 0.2706
v -0.066162 0.823242 -0.040283 0.5882 0.3804 0.2980
v -0.062256 0.849609 -0.040283 0.2549 0.1647 0.1098
v -0.054932 0.851562 -0.040283 0.2000 0.1255 0.0784
v 0.050537 0.851562 -0.040283 0.2667 0.1647 0.1137
v -0.055420 0.854980 -0.040283 0.2823 0.1765 0.1137
v 0.152588 0.001953 -0.040283 0.6157 0.5294 0.2627
v -0.152588 0.001465 -0.040283 0.3608 0.2667 0.1804
v -0.077393 0.555176 -0.040771 0.0863 0.1137 0.2275
v 0.077393 0.555176 -0.040771 0.1020 0.1216 0.2392
v -0.357666 0.746094 -0.040772 0.0863 0.1137 0.2432
v 0.357666 0.746094 -0.040771 0.5216 0.3686 0.3255
v -0.354248 0.784180 -0.040772 0.1608 0.1569 0.2471
v 0.354248 0.784180 -0.040771 0.0314 0.0863 0.2823
v -0.285889 0.796387 -0.040772 0.6589 0.4314 0.3372
v 0.285889 0.796387 -0.040771 0.6902 0.4510 0.3529
v -0.065186 0.822754 -0.040771 0.6039 0.3961 0.3059
v -0.060791 0.824219 -0.040771 0.5843 0.3804 0.2980
v -0.066162 0.824219 -0.040771 0.5098 0.3372 0.2549
v -0.046631 0.828125 -0.040771 0.6118 0.3882 0.2902
v 0.046631 0.828125 -0.040771 0.5921 0.3686 0.2745
v 0.034424 0.836426 -0.040771 0.2157 0.1059 0.0510
v 0.057373 0.848145 -0.040771 0.3529 0.2275 0.1569
v 0.049561 0.848633 -0.040771 0.2196 0.1373 0.0980
v -0.062744 0.854980 -0.040771 0.3490 0.2196 0.1412
v 0.045166 0.862305 -0.040771 0.4118 0.2784 0.2078
v -0.059814 0.879883 -0.040771 0.3216 0.2157 0.1412
v 0.021729 0.887695 -0.040771 0.1882 0.1020 0.0627
v -0.057861 0.902832 -0.040771 0.3921 0.2588 0.1804
v 0.003174 0.923828 -0.040771 0.2745 0.1530 0.0941
v -0.095459 0.142578 -0.040771 0.2902 0.2471 0.2392
v 0.095459 0.142578 -0.040771 0.3372 0.2745 0.2471
v -0.129150 0.712891 -0.041260 0.5764 0.3647 0.2784
v 0.129150 0.712891 -0.041260 0.5882 0.3725 0.2941
v -0.358643 0.743164 -0.041260 0.1333 0.1569 0.2432
v -0.363525 0.743164 -0.041260 0.6824 0.4902 0.2902
v 0.358643 0.743164 -0.041260 0.5059 0.3372 0.2902
v 0.363525 0.743164 -0.041260 0.2471 0.2275 0.1882
v -0.406494 0.763672 -0.041260 0.6589 0.0588 0.0784
v 0.406494 0.763672 -0.041260 0.3647 0.2627 0.1686
v -0.342529 0.785156 -0.041260 0.6510 0.4235 0.3255
v 0.342529 0.785156 -0.041260 0.7255 0.4706 0.3608
v -0.069092 0.821777 -0.041260 0.6276 0.4157 0.3255
v 0.066162 0.826660 -0.041260 0.3686 0.2432 0.1882
v -0.062256 0.827148 -0.041260 0.3529 0.2275 0.1765
v -0.052490 0.837402 -0.041260 0.1333 0.0549 0.0314
v 0.056885 0.850586 -0.041260 0.3176 0.2078 0.1373
v -0.061768 0.875000 -0.041260 0.3176 0.2157 0.1647
v 0.056396 0.875000 -0.041260 0.3333 0.2118 0.1412
v -0.052979 0.880371 -0.041260 0.3176 0.2039 0.1333
v -0.022705 0.889648 -0.041260 0.1922 0.1137 0.0824
v -0.026123 0.891602 -0.041260 0.3412 0.2118 0.1569
v 0.020752 0.900391 -0.041260 0.2863 0.1725 0.1176
v -0.054932 0.903809 -0.041260 0.2706 0.1647 0.1098
v 0.001221 0.918945 -0.041260 0.3216 0.1804 0.1294
v -0.011475 0.922852 -0.041260 0.3961 0.2823 0.2196
v -0.118408 0.411621 -0.041260 0.1216 0.1490 0.2510
v 0.118408 0.411621 -0.041260 0.1020 0.1333 0.2275
v -0.046143 0.384766 -0.041260 0.6276 0.4118 0.3176
v 0.046143 0.384766 -0.041260 0.6236 0.4000 0.3098
v -0.158447 0.018555 -0.041260 0.0314 0.0824 0.2196
v 0.158447 0.018555 -0.041260 0.0314 0.0745 0.2000
v -0.207764 0.717773 -0.041748 0.6118 0.3921 0.2980
v 0.207764 0.717773 -0.041748 0.6039 0.3843 0.2941
v -0.130615 0.721191 -0.041748 0.5530 0.3529 0.2745
v 0.130615 0.721191 -0.041748 0.5530 0.3529 0.2667
v -0.455322 0.735840 -0.041748 0.7098 0.0549 0.0824
v 0.455322 0.735840 -0.041748 0.7255 0.5451 0.2471
v -0.445557 0.739746 -0.041748 0.6745 0.0392 0.0627
v -0.486572 0.776855 -0.041748 0.7098 0.0392 0.0667
v 0.486572 0.776855 -0.041748 0.7294 0.5373 0.2078
v -0.365479 0.785156 -0.041748 0.6315 0.4745 0.1843
v -0.399658 0.785156 -0.041748 0.3529 0.0824 0.1137
v 0.365479 0.785156 -0.041748 0.7412 0.5490 0.2392
v 0.399658 0.785156 -0.041748 0.3608 0.2432 0.1490
v -0.436768 0.801758 -0.041748 0.7294 0.0549 0.0824
v 0.436768 0.801758 -0.041748 0.6902 0.4823 0.1765
v -0.065186 0.822754 -0.041748 0.6079 0.4039 0.3137
v -0.066162 0.824219 -0.041748 0.5255 0.3529 0.2706
v -0.050049 0.849121 -0.041748 0.2157 0.1294 0.0863
v -0.060791 0.849609 -0.041748 0.2432 0.1608 0.1098
v 0.051025 0.878906 -0.041748 0.2432 0.1530 0.1020
v -0.052979 0.879883 -0.041748 0.3216 0.1961 0.1255
v -0.059326 0.900391 -0.041748 0.4314 0.3098 0.2392
v -0.004639 0.928223 -0.041748 0.3137 0.2000 0.1333
v -0.122314 0.393066 -0.041748 0.0784 0.1294 0.2353
v 0.122314 0.393066 -0.041748 0.0745 0.1255 0.2314
v -0.125244 0.376465 -0.041748 0.0549 0.1098 0.2196
v 0.125244 0.376465 -0.041748 0.0627 0.1098 0.2235
v -0.063232 0.365723 -0.041748 0.6315 0.4157 0.3216
v 0.063232 0.365723 -0.041748 0.6236 0.4118 0.3176
v -0.126221 0.269043 -0.041748 0.6315 0.4157 0.3137
v 0.126221 0.269043 -0.041748 0.6236 0.3843 0.2863
v -0.066650 0.256836 -0.041748 0.6157 0.4039 0.3098
v 0.066650 0.256836 -0.041748 0.6039 0.3765 0.2823
v -0.157471 0.011230 -0.041748 0.7294 0.5490 0.3137
v 0.157471 0.011230 -0.041748 0.7059 0.5490 0.3059
v -0.156494 0.004883 -0.041748 0.5804 0.4314 0.2353
v 0.156494 0.004883 -0.041748 0.5098 0.3686 0.2000
v -0.201416 0.715332 -0.042236 0.6315 0.4078 0.3098
v 0.201416 0.715332 -0.042236 0.6197 0.3921 0.3059
v 0.445557 0.739746 -0.042236 0.6902 0.4980 0.2000
v -0.367920 0.755859 -0.042236 0.6667 0.4784 0.1882
v 0.367920 0.755859 -0.042236 0.5098 0.3765 0.1686
v -0.395752 0.761719 -0.042236 0.1451 0.1451 0.1255
v 0.395752 0.761719 -0.042236 0.1647 0.1490 0.1373
v -0.455322 0.762695 -0.042236 0.4902 0.0392 0.0588
v 0.455322 0.762695 -0.042236 0.6354 0.4628 0.2157
v -0.398682 0.785156 -0.042236 0.1569 0.1569 0.2118
v 0.398682 0.785156 -0.042236 0.8235 0.5921 0.3098
v -0.065674 0.823730 -0.042236 0.5686 0.3725 0.2941
v -0.060791 0.826172 -0.042236 0.4039 0.2549 0.1882
v 0.055908 0.832031 -0.042236 0.2235 0.1333 0.0941
v -0.056396 0.846191 -0.042236 0.2510 0.1412 0.0863
v 0.056396 0.846680 -0.042236 0.3412 0.2196 0.1530
v 0.055420 0.852051 -0.042236 0.3333 0.2196 0.1451
v -0.051514 0.860840 -0.042236 0.1922 0.1020 0.0627
v 0.056885 0.881836 -0.042236 0.3529 0.2353 0.1608
v -0.017334 0.903320 -0.042236 0.3686 0.2275 0.1608
v -0.101807 0.289062 -0.042236 0.6432 0.4235 0.3216
v 0.101807 0.289062 -0.042236 0.6510 0.4314 0.3333
v -0.141846 0.149902 -0.042236 0.4078 0.3137 0.2627
v 0.141846 0.149902 -0.042236 0.4275 0.3137 0.2235
v -0.190674 0.711914 -0.042725 0.6510 0.4235 0.3294
v 0.190674 0.711914 -0.042725 0.6471 0.4196 0.3255
v -0.141846 0.715332 -0.042725 0.5843 0.3686 0.2863
v 0.142334 0.715332 -0.042725 0.5921 0.3765 0.2941
v -0.311279 0.718750 -0.042725 0.6354 0.4000 0.2980
v 0.311279 0.718750 -0.042725 0.6432 0.4118 0.3255
v -0.346924 0.741699 -0.042725 0.6510 0.3961 0.2902
v 0.346924 0.741699 -0.042725 0.6197 0.3961 0.2902
v -0.482178 0.750000 -0.042725 0.7098 0.0314 0.0549
v 0.482178 0.750000 -0.042725 0.7725 0.5843 0.2706
v -0.414307 0.761230 -0.042725 0.6667 0.0431 0.0706
v -0.456299 0.761230 -0.042725 0.6000 0.0314 0.0588
v 0.414307 0.761230 -0.042725 0.7059 0.4941 0.1922
v 0.456299 0.761230 -0.042725 0.3686 0.2432 0.1137
v 0.451904 0.763184 -0.042725 0.7686 0.5843 0.2784
v -0.451904 0.763672 -0.042725 0.5686 0.0353 0.0627
v -0.400147 0.774902 -0.042725 0.1922 0.0824 0.1098
v 0.400147 0.774902 -0.042725 0.7764 0.5608 0.3098
v -0.351807 0.785156 -0.042725 0.4275 0.3372 0.3137
v 0.351807 0.785156 -0.042725 0.5412 0.3765 0.3216
v -0.060791 0.838379 -0.042725 0.2314 0.1373 0.0863
v -0.061279 0.842285 -0.042725 0.3216 0.2078 0.1373
v -0.061279 0.854980 -0.042725 0.2980 0.1882 0.1176
v -0.046631 0.869629 -0.042725 0.3059 0.1922 0.1373
v 0.057861 0.880859 -0.042725 0.3843 0.2549 0.1765
v 0.055420 0.882324 -0.042725 0.2902 0.1843 0.1176
v 0.031006 0.890137 -0.042725 0.2314 0.1530 0.1020
v -0.052002 0.902344 -0.042725 0.2941 0.1882 0.1333
v -0.007080 0.904297 -0.042725 0.3882 0.2471 0.1804
v -0.103760 0.372559 -0.042725 0.6197 0.4000 0.3098
v 0.103760 0.372559 -0.042725 0.6354 0.4157 0.3137
v -0.093506 0.155273 -0.042725 0.6276 0.3961 0.3019
v 0.093506 0.155273 -0.042725 0.6000 0.3725 0.2745
v -0.000244 0.585449 -0.043213 0.5647 0.3647 0.2627
v -0.175049 0.709961 -0.043213 0.6393 0.4118 0.3176
v 0.175049 0.709961 -0.043213 0.6276 0.4000 0.3059
v -0.158447 0.710938 -0.043213 0.6393 0.4196 0.3216
v 0.158447 0.710938 -0.043213 0.6197 0.4000 0.3059
v -0.215576 0.717285 -0.043213 0.5804 0.3608 0.2706
v 0.215576 0.717285 -0.043213 0.6236 0.4039 0.3137
v 0.051025 0.828613 -0.043213 0.2275 0.1216 0.0667
v 0.054443 0.846680 -0.043213 0.2980 0.1882 0.1216
v -0.059326 0.851074 -0.043213 0.2314 0.1373 0.0824
v -0.059326 0.870117 -0.043213 0.3490 0.2353 0.1804
v 0.053955 0.874512 -0.043213 0.2823 0.1922 0.1216
v 0.051025 0.876465 -0.043213 0.2667 0.1608 0.1059
v -0.021240 0.891602 -0.043213 0.2549 0.1490 0.1020
v 0.001221 0.892090 -0.043213 0.2667 0.1647 0.1216
v -0.058350 0.897461 -0.043213 0.2667 0.1686 0.1137
v -0.042236 0.898438 -0.043213 0.2941 0.1882 0.1255
v 0.025635 0.899902 -0.043213 0.2627 0.1725 0.1176
v 0.004639 0.904297 -0.043213 0.2745 0.1725 0.1255
v 0.023193 0.904297 -0.043213 0.3255 0.2078 0.1373
v -0.010986 0.928711 -0.043213 0.3333 0.2275 0.1608
v -0.035400 0.419922 -0.043213 0.5412 0.3725 0.2902
v 0.035400 0.419922 -0.043213 0.5451 0.3843 0.3216
v -0.083252 0.284180 -0.043213 0.6079 0.3961 0.3019
v 0.083252 0.284180 -0.043213 0.6432 0.4235 0.3255
v -0.226318 0.718262 -0.043701 0.6157 0.3961 0.3059
v 0.226318 0.718262 -0.043701 0.6197 0.4000 0.3059
v -0.399170 0.774414 -0.043701 0.0902 0.1725 0.2392
v 0.399170 0.774414 -0.043701 0.8431 0.6039 0.2980
v 0.170654 0.792480 -0.043701 0.6471 0.4118 0.3216
v -0.171143 0.792969 -0.043701 0.6667 0.4353 0.3412
v 0.059814 0.821289 -0.043701 0.3529 0.2196 0.1569
v -0.056396 0.832031 -0.043701 0.2039 0.1137 0.0667
v -0.065186 0.849609 -0.043701 0.3255 0.2078 0.1333
v -0.065674 0.850586 -0.043701 0.3843 0.2627 0.1843
v 0.053467 0.851074 -0.043701 0.2823 0.1843 0.1059
v -0.066162 0.851562 -0.043701 0.4157 0.2863 0.2000
v -0.059814 0.853516 -0.043701 0.2471 0.1490 0.1020
v -0.045166 0.880859 -0.043701 0.2000 0.1098 0.0667
v -0.021729 0.881836 -0.043701 0.2314 0.1451 0.0980
v 0.031006 0.897461 -0.043701 0.2745 0.1686 0.1137
v -0.041260 0.903320 -0.043701 0.2745 0.1647 0.1098
v 0.024658 0.908203 -0.043701 0.3843 0.2549 0.1804
v 0.029541 0.909668 -0.043701 0.3882 0.2588 0.2000
v -0.124268 0.394043 -0.043701 0.1137 0.1490 0.2432
v 0.124268 0.394043 -0.043701 0.0941 0.1216 0.2157
v -0.081299 0.367676 -0.043701 0.5882 0.3843 0.2980
v 0.081299 0.367676 -0.043701 0.6039 0.3882 0.3059
v -0.091553 0.286621 -0.043701 0.6471 0.4275 0.3294
v 0.091553 0.286621 -0.043701 0.6197 0.4078 0.3059
v -0.113525 0.280762 -0.043701 0.6276 0.3921 0.2902
v 0.113525 0.280762 -0.043701 0.6276 0.4157 0.3137
v -0.111084 0.070801 -0.043701 0.1294 0.1608 0.2510
v 0.111084 0.070801 -0.043701 0.0431 0.0784 0.1961
v -0.266357 0.716797 -0.044189 0.5961 0.3765 0.2784
v 0.266357 0.716797 -0.044189 0.6471 0.4196 0.3294
v -0.366943 0.762207 -0.044190 0.7176 0.5412 0.2157
v 0.366943 0.762207 -0.044189 0.6197 0.4392 0.1922
v -0.365967 0.769043 -0.044190 0.7098 0.5255 0.2039
v 0.365967 0.769043 -0.044189 0.6393 0.4589 0.1961
v -0.394775 0.784668 -0.044190 0.1020 0.1530 0.1843
v 0.394775 0.784668 -0.044189 0.3137 0.2627 0.2471
v -0.352783 0.787109 -0.044190 0.2353 0.2275 0.3137
v 0.352783 0.787109 -0.044189 0.5764 0.3725 0.3216
v -0.357666 0.789062 -0.044190 0.7647 0.6157 0.3608
v 0.357666 0.789062 -0.044189 0.1765 0.1961 0.2510
v -0.053955 0.824219 -0.044189 0.2432 0.1412 0.0863
v 0.046143 0.845215 -0.044189 0.2745 0.1686 0.1216
v 0.053467 0.848633 -0.044189 0.2941 0.1922 0.1255
v 0.038330 0.865723 -0.044189 0.2784 0.1725 0.1176
v 0.057861 0.879883 -0.044189 0.3451 0.2235 0.1490
v 0.020264 0.881348 -0.044189 0.1961 0.1098 0.0667
v 0.053955 0.881836 -0.044189 0.2549 0.1647 0.1020
v 0.057861 0.885742 -0.044189 0.3490 0.2314 0.1530
v -0.037354 0.888672 -0.044189 0.3686 0.2314 0.1647
v -0.036377 0.895508 -0.044189 0.2000 0.1255 0.0824
v 0.034912 0.898438 -0.044189 0.3294 0.2118 0.1412
v 0.037354 0.903320 -0.044189 0.3059 0.1725 0.1020
v -0.057861 0.905762 -0.044189 0.3765 0.2549 0.1843
v 0.034912 0.908203 -0.044189 0.3921 0.2667 0.1922
v -0.057373 0.597656 -0.044678 0.5804 0.3804 0.2235
v 0.057373 0.597656 -0.044678 0.5647 0.3725 0.2471
v -0.000244 0.599121 -0.044678 0.5647 0.3765 0.2863
v -0.271729 0.714844 -0.044678 0.6236 0.4000 0.3176
v -0.283936 0.714844 -0.044678 0.6118 0.3882 0.2902
v 0.271729 0.714844 -0.044678 0.6236 0.3961 0.3059
v 0.283936 0.714844 -0.044678 0.6315 0.4039 0.3098
v -0.297607 0.715332 -0.044678 0.6276 0.4000 0.3019
v 0.297607 0.715332 -0.044678 0.6393 0.4039 0.3098
v -0.232178 0.718750 -0.044678 0.6118 0.3921 0.3019
v 0.232178 0.718750 -0.044678 0.6000 0.3804 0.2863
v -0.357666 0.751953 -0.044678 0.0745 0.1098 0.2314
v 0.357666 0.751953 -0.044678 0.5333 0.3765 0.3333
v -0.445068 0.762207 -0.044678 0.6393 0.0353 0.0588
v 0.445068 0.762207 -0.044678 0.7804 0.5921 0.2667
v -0.233154 0.784180 -0.044678 0.6432 0.4118 0.3137
v 0.233154 0.784180 -0.044678 0.6550 0.4235 0.3294
v -0.479248 0.784668 -0.044678 0.7137 0.0431 0.0588
v 0.479248 0.784668 -0.044678 0.7608 0.5804 0.2353
v -0.405029 0.787109 -0.044678 0.7059 0.0627 0.0667
v 0.405029 0.787109 -0.044678 0.3490 0.2588 0.1608
v -0.274170 0.796875 -0.044678 0.6941 0.4667 0.3686
v 0.274170 0.796875 -0.044678 0.6941 0.4550 0.3490
v -0.064209 0.849609 -0.044678 0.3176 0.2078 0.1373
v -0.046631 0.850586 -0.044678 0.2353 0.1451 0.0980
v -0.065674 0.852051 -0.044678 0.4235 0.2902 0.1922
v -0.050049 0.875488 -0.044678 0.3059 0.1882 0.1333
v 0.058350 0.885254 -0.044678 0.3490 0.2314 0.1647
v -0.054932 0.896484 -0.044678 0.2863 0.1843 0.1255
v -0.052002 0.898438 -0.044678 0.2863 0.1843 0.1176
v 0.012939 0.904785 -0.044678 0.4118 0.2627 0.1961
v -0.036377 0.906250 -0.044678 0.4471 0.2980 0.2235
v -0.055908 0.906250 -0.044678 0.3294 0.2157 0.1569
v -0.008057 0.919922 -0.044678 0.2980 0.1843 0.1333
v -0.012451 0.926270 -0.044678 0.3294 0.2235 0.1530
v -0.007568 0.929688 -0.044678 0.3098 0.2000 0.1294
v -0.100830 0.430664 -0.044678 0.1725 0.2000 0.2745
v 0.100830 0.430664 -0.044678 0.2000 0.2353 0.3098
v -0.128662 0.378418 -0.044678 0.0667 0.1373 0.2745
v 0.128662 0.378418 -0.044678 0.1059 0.1530 0.2823
v -0.140381 0.082031 -0.044678 0.1059 0.1451 0.2510
v 0.140869 0.082031 -0.044678 0.0667 0.0980 0.2039
v -0.111084 0.079102 -0.044678 0.1255 0.1569 0.2510
v 0.111084 0.079102 -0.044678 0.0431 0.0706 0.1843
v -0.052979 0.595703 -0.045166 0.5725 0.3843 0.2667
v 0.052979 0.595703 -0.045166 0.5686 0.3843 0.2510
v -0.424072 0.759766 -0.045166 0.6980 0.0431 0.0745
v 0.424072 0.759766 -0.045166 0.5921 0.3921 0.1333
v -0.240967 0.787598 -0.045166 0.6471 0.4196 0.3255
v 0.240967 0.787598 -0.045166 0.6393 0.4118 0.3176
v 0.167725 0.797363 -0.045166 0.6589 0.4275 0.3333
v -0.167725 0.797852 -0.045166 0.6471 0.4118 0.3098
v -0.000244 0.831543 -0.045166 0.5882 0.3843 0.2980
v -0.057861 0.837402 -0.045166 0.1725 0.0902 0.0471
v -0.059814 0.844727 -0.045166 0.2706 0.1647 0.1059
v 0.058838 0.850098 -0.045166 0.2706 0.1765 0.1137
v 0.058350 0.851074 -0.045166 0.3137 0.2118 0.1451
v -0.064697 0.852051 -0.045166 0.3882 0.2588 0.1725
v 0.031982 0.860352 -0.045166 0.1882 0.1137 0.0745
v -0.054932 0.867676 -0.045166 0.2275 0.1373 0.0863
v 0.036865 0.880371 -0.045166 0.3098 0.1922 0.1255
v 0.056885 0.885742 -0.045166 0.3137 0.1961 0.1255
v 0.058350 0.889648 -0.045166 0.3333 0.2157 0.1490
v 0.019287 0.892578 -0.045166 0.4000 0.2510 0.1804
v -0.058838 0.904297 -0.045166 0.3529 0.2392 0.1804
v -0.001709 0.925781 -0.045166 0.3490 0.2196 0.1490
v -0.103760 0.392578 -0.045166 0.6276 0.4157 0.3216
v 0.103760 0.392578 -0.045166 0.6432 0.4235 0.3333
v -0.089600 0.162598 -0.045166 0.6118 0.4000 0.3059
v 0.089600 0.162598 -0.045166 0.6079 0.3804 0.2823
v -0.141357 0.078613 -0.045166 0.0980 0.1373 0.2353
v 0.141357 0.078613 -0.045166 0.0824 0.1176 0.2118
v -0.111572 0.066895 -0.045166 0.1412 0.1686 0.2706
v 0.111572 0.066895 -0.045166 0.0588 0.0980 0.2000
v -0.143799 0.062012 -0.045166 0.1176 0.1490 0.2471
v 0.143799 0.062012 -0.045166 0.0745 0.1176 0.2353
v -0.079834 0.540527 -0.045654 0.1059 0.1373 0.2510
v 0.079834 0.540527 -0.045654 0.1137 0.1569 0.2588
v -0.070557 0.630859 -0.045654 0.6079 0.3882 0.2902
v 0.070557 0.630859 -0.045654 0.6079 0.3961 0.3019
v -0.092041 0.651367 -0.045654 0.6236 0.4039 0.3059
v 0.092041 0.651367 -0.045654 0.6276 0.4078 0.3176
v -0.256104 0.714355 -0.045654 0.6589 0.4275 0.3372
v 0.256104 0.714355 -0.045654 0.6000 0.3804 0.2941
v -0.243897 0.714844 -0.045654 0.6197 0.3921 0.3059
v 0.243897 0.714844 -0.045654 0.6315 0.4039 0.3059
v -0.469971 0.746582 -0.045654 0.7255 0.0392 0.0745
v 0.469971 0.746582 -0.045654 0.6941 0.5059 0.2039
v -0.480713 0.760254 -0.045654 0.7176 0.0392 0.0627
v 0.480713 0.760254 -0.045654 0.7921 0.6000 0.2706
v -0.395752 0.773438 -0.045654 0.1333 0.1569 0.1176
v 0.395752 0.773438 -0.045654 0.2706 0.1961 0.1412
v -0.366455 0.775391 -0.045654 0.7216 0.5333 0.2157
v 0.366455 0.775391 -0.045654 0.6589 0.4706 0.1922
v -0.355225 0.781738 -0.045654 0.0588 0.0902 0.2196
v 0.355225 0.781738 -0.045654 0.5530 0.3882 0.2941
v -0.224365 0.789062 -0.045654 0.6941 0.4667 0.3686
v 0.224365 0.789062 -0.045654 0.6824 0.4550 0.3647
v -0.251221 0.791504 -0.045654 0.7020 0.4745 0.3804
v 0.251221 0.791504 -0.045654 0.6745 0.4392 0.3372
v -0.057373 0.826172 -0.045654 0.1255 0.0510 0.0196
v 0.063232 0.830078 -0.045654 0.3372 0.2235 0.1647
v -0.052490 0.844238 -0.045654 0.2667 0.1686 0.1176
v -0.063721 0.850586 -0.045654 0.3255 0.2118 0.1412
v -0.064209 0.851562 -0.045654 0.3686 0.2432 0.1647
v 0.057861 0.851562 -0.045654 0.3255 0.2196 0.1490
v -0.052490 0.853027 -0.045654 0.2353 0.1412 0.0902
v 0.048584 0.853516 -0.045654 0.2902 0.1725 0.1098
v -0.046631 0.863770 -0.045654 0.2627 0.1530 0.0980
v 0.018311 0.871094 -0.045654 0.1725 0.0980 0.0588
v 0.056396 0.879883 -0.045654 0.2745 0.1725 0.1098
v 0.054443 0.880859 -0.045654 0.2588 0.1686 0.1059
v 0.058350 0.885254 -0.045654 0.3372 0.2235 0.1608
v -0.026611 0.886230 -0.045654 0.2510 0.1412 0.0941
v -0.029053 0.897461 -0.045654 0.2745 0.1686 0.1216
v -0.054443 0.905273 -0.045654 0.2392 0.1451 0.0980
v -0.031006 0.905762 -0.045654 0.3725 0.2353 0.1725
v -0.005615 0.919922 -0.045654 0.3372 0.2235 0.1569
v -0.011963 0.932129 -0.045654 0.3412 0.2235 0.1490
v -0.102783 0.412598 -0.045654 0.6315 0.4157 0.3255
v 0.102783 0.412598 -0.045654 0.5804 0.3961 0.3176
v -0.074951 0.271973 -0.045654 0.6315 0.4196 0.3216
v 0.074951 0.271973 -0.045654 0.6354 0.4039 0.3019
v -0.143311 0.165039 -0.045654 0.6667 0.4353 0.3412
v 0.143311 0.165039 -0.045654 0.6510 0.4157 0.3098
v -0.450440 0.750000 -0.046143 0.6589 0.0392 0.0588
v 0.450440 0.750000 -0.046143 0.6745 0.4823 0.2196
v -0.434815 0.760254 -0.046143 0.6902 0.0392 0.0667
v 0.434815 0.760254 -0.046143 0.6706 0.4823 0.2000
v -0.290283 0.788086 -0.046143 0.6745 0.4392 0.3294
v 0.290283 0.788086 -0.046143 0.6667 0.4353 0.3412
v -0.213623 0.792480 -0.046143 0.6276 0.3961 0.3019
v 0.213623 0.792480 -0.046143 0.6471 0.4118 0.3176
v -0.262451 0.795410 -0.046143 0.6980 0.4706 0.3765
v 0.262451 0.795410 -0.046143 0.6980 0.4510 0.3568
v -0.427979 0.797363 -0.046143 0.7294 0.0549 0.0784
v 0.427979 0.797363 -0.046143 0.7255 0.5333 0.2235
v -0.064209 0.842285 -0.046143 0.4039 0.2667 0.2039
v 0.058350 0.849121 -0.046143 0.2745 0.1804 0.1098
v 0.045654 0.860840 -0.046143 0.3647 0.2314 0.1686
v 0.029053 0.861816 -0.046143 0.1686 0.0980 0.0588
v -0.050537 0.870117 -0.046143 0.2314 0.1412 0.0902
v -0.021240 0.875488 -0.046143 0.2039 0.1216 0.0784
v 0.002686 0.882812 -0.046143 0.1961 0.1137 0.0824
v 0.057861 0.885254 -0.046143 0.3059 0.2000 0.1294
v 0.056885 0.885742 -0.046143 0.2980 0.1922 0.1176
v -0.027588 0.901855 -0.046143 0.2314 0.1333 0.0941
v -0.057861 0.908691 -0.046143 0.3451 0.2314 0.1569
v -0.056885 0.909180 -0.046143 0.3529 0.2314 0.1608
v -0.003174 0.921387 -0.046143 0.3294 0.2000 0.1490
v -0.140869 0.090820 -0.046143 0.0863 0.1176 0.2078
v 0.140869 0.090820 -0.046143 0.0745 0.1098 0.2235
v -0.109131 0.088379 -0.046143 0.1294 0.1608 0.2471
v 0.109131 0.088379 -0.046143 0.0510 0.0863 0.1843
v -0.141357 0.071777 -0.046143 0.1098 0.1373 0.2471
v 0.141357 0.071777 -0.046143 0.0824 0.1216 0.2235
v -0.008057 0.585938 -0.046631 0.5569 0.3647 0.2667
v 0.008057 0.585938 -0.046631 0.5608 0.3725 0.2432
v -0.039795 0.606445 -0.046631 0.6276 0.4078 0.3176
v 0.039795 0.606445 -0.046631 0.6157 0.3921 0.3098
v -0.051514 0.611816 -0.046631 0.6393 0.4196 0.3294
v 0.051514 0.611816 -0.046631 0.6354 0.4157 0.3216
v -0.459229 0.747559 -0.046631 0.6039 0.0353 0.0549
v 0.459229 0.747559 -0.046631 0.7176 0.5137 0.2353
v -0.406006 0.774902 -0.046631 0.6863 0.0549 0.0745
v 0.406006 0.774902 -0.046631 0.2432 0.1686 0.1059
v -0.356689 0.776855 -0.046631 0.0392 0.1020 0.2667
v 0.356689 0.776855 -0.046631 0.3255 0.2823 0.3098
v -0.471436 0.789062 -0.046631 0.7059 0.0431 0.0667
v 0.471436 0.789062 -0.046631 0.8117 0.6236 0.2941
v -0.412354 0.790039 -0.046631 0.7137 0.0510 0.0706
v 0.412354 0.790039 -0.046631 0.7647 0.5490 0.2157
v -0.041748 0.834473 -0.046631 0.1922 0.0980 0.0510
v -0.054932 0.834473 -0.046631 0.2314 0.1412 0.0941
v -0.064209 0.839844 -0.046631 0.3490 0.2235 0.1608
v 0.057373 0.849121 -0.046631 0.2784 0.1843 0.1137
v 0.056885 0.850098 -0.046631 0.2980 0.2000 0.1333
v 0.056885 0.851074 -0.046631 0.3176 0.2118 0.1412
v -0.042725 0.864746 -0.046631 0.3372 0.2235 0.1686
v 0.034424 0.870605 -0.046631 0.3019 0.1843 0.1294
v -0.059814 0.880859 -0.046631 0.3608 0.2432 0.1647
v -0.058838 0.902832 -0.046631 0.3255 0.2196 0.1490
v -0.012939 0.931152 -0.046631 0.3372 0.2235 0.1569
v -0.009521 0.932617 -0.046631 0.3725 0.2471 0.1647
v -0.043701 0.402832 -0.046631 0.6157 0.4000 0.3176
v 0.043701 0.402832 -0.046631 0.6157 0.3921 0.3137
v 0.109619 0.061523 -0.046631 0.0510 0.0902 0.1961
v -0.109619 0.061035 -0.046631 0.0863 0.1333 0.2549
v -0.143799 0.055176 -0.046631 0.1020 0.1373 0.2627
v 0.143799 0.055176 -0.046631 0.0118 0.0784 0.2275
v -0.042725 0.588379 -0.047119 0.5804 0.3882 0.2627
v 0.042725 0.588379 -0.047119 0.5843 0.3921 0.2627
v -0.041260 0.592773 -0.047119 0.5843 0.3961 0.2784
v 0.041260 0.592773 -0.047119 0.5764 0.4000 0.2745
v 0.059326 0.596191 -0.047119 0.7608 0.5725 0.3216
v -0.346924 0.747559 -0.047119 0.6589 0.4118 0.3019
v 0.346924 0.747559 -0.047119 0.6236 0.4118 0.3255
v -0.359131 0.755859 -0.047119 0.0392 0.0941 0.2627
v 0.359131 0.755859 -0.047119 0.4235 0.3098 0.2863
v 0.356689 0.757812 -0.047119 0.5176 0.3529 0.3137
v -0.357666 0.758301 -0.047119 0.1216 0.1176 0.2392
v -0.412354 0.770508 -0.047119 0.7098 0.0549 0.0784
v 0.412354 0.770508 -0.047119 0.7529 0.5333 0.2392
v -0.201416 0.794434 -0.047119 0.6589 0.4078 0.3098
v 0.201416 0.794434 -0.047119 0.6510 0.4157 0.3137
v -0.095947 0.812012 -0.047119 0.6276 0.4000 0.3059
v 0.095947 0.812012 -0.047119 0.6039 0.3843 0.2863
v 0.066650 0.822266 -0.047119 0.2039 0.1176 0.0824
v 0.052490 0.836426 -0.047119 0.2863 0.1725 0.1176
v -0.057373 0.837891 -0.047119 0.2235 0.1333 0.1020
v -0.057861 0.842285 -0.047119 0.2706 0.1686 0.1059
v 0.040771 0.846680 -0.047119 0.3255 0.2078 0.1530
v -0.067627 0.849121 -0.047119 0.3921 0.2627 0.1843
v -0.044678 0.876465 -0.047119 0.2235 0.1373 0.0902
v -0.015869 0.894531 -0.047119 0.3568 0.2235 0.1569
v -0.058838 0.908203 -0.047119 0.3647 0.2471 0.1686
v -0.056396 0.908691 -0.047119 0.3255 0.2078 0.1530
v -0.058350 0.912109 -0.047119 0.3961 0.2745 0.1922
v -0.011475 0.936035 -0.047119 0.3686 0.2510 0.1725
v -0.012451 0.936035 -0.047119 0.3647 0.2432 0.1686
v -0.092041 0.427246 -0.047119 0.0824 0.1176 0.2118
v 0.092041 0.427246 -0.047119 0.0706 0.1059 0.2196
v -0.133057 0.255859 -0.047119 0.6510 0.4314 0.3333
v 0.133057 0.255859 -0.047119 0.6236 0.3882 0.2823
v -0.065186 0.240723 -0.047119 0.6276 0.4078 0.3176
v 0.065186 0.240723 -0.047119 0.6118 0.3804 0.2823
v -0.140381 0.098145 -0.047119 0.0941 0.1333 0.2432
v 0.140381 0.098145 -0.047119 0.0706 0.1137 0.2118
v -0.109131 0.057129 -0.047119 0.0863 0.1294 0.2432
v 0.109131 0.057129 -0.047119 0.0392 0.0824 0.1961
v -0.058350 0.565918 -0.047607 0.6039 0.4392 0.2118
v 0.058350 0.565918 -0.047607 0.6315 0.4589 0.2118
v -0.032959 0.587891 -0.047607 0.5804 0.4157 0.2588
v 0.032959 0.587891 -0.047607 0.5804 0.4000 0.2667
v -0.058838 0.596191 -0.047607 0.7098 0.5255 0.2392
v -0.468994 0.753906 -0.047607 0.7333 0.0392 0.0667
v 0.468994 0.753906 -0.047607 0.6941 0.5098 0.2000
v -0.457764 0.755859 -0.047607 0.6824 0.0353 0.0627
v 0.457764 0.755859 -0.047607 0.7686 0.5882 0.2823
v -0.356689 0.765137 -0.047607 0.0902 0.1176 0.2510
v -0.308350 0.780273 -0.047607 0.6510 0.4235 0.3255
v 0.308350 0.780273 -0.047607 0.6315 0.4039 0.3098
v -0.290283 0.781250 -0.047607 0.6471 0.4196 0.3294
v 0.290283 0.781250 -0.047607 0.6197 0.4000 0.3059
v 0.177002 0.793945 -0.047607 0.6589 0.4314 0.3294
v -0.177002 0.794434 -0.047607 0.6276 0.4039 0.2980
v -0.189697 0.794922 -0.047607 0.6745 0.4510 0.3451
v 0.189209 0.794922 -0.047607 0.6863 0.4510 0.3568
v 0.159912 0.804688 -0.047607 0.6667 0.4353 0.3333
v -0.160400 0.805176 -0.047607 0.6628 0.4628 0.3568
v -0.089600 0.806152 -0.047607 0.6039 0.3882 0.2941
v 0.089600 0.806152 -0.047607 0.5882 0.3804 0.2823
v -0.062744 0.843750 -0.047607 0.3059 0.2078 0.1373
v -0.051514 0.857910 -0.047607 0.3176 0.1961 0.1490
v 0.012451 0.872070 -0.047607 0.2314 0.1451 0.0902
v -0.061768 0.876953 -0.047607 0.2000 0.1137 0.0784
v -0.055420 0.881348 -0.047607 0.3725 0.2392 0.1569
v -0.037354 0.883789 -0.047607 0.3686 0.2314 0.1569
v 0.029053 0.883789 -0.047607 0.2353 0.1373 0.0863
v -0.020264 0.884277 -0.047607 0.2510 0.1569 0.1098
v -0.005615 0.895020 -0.047607 0.3765 0.2392 0.1647
v 0.005127 0.895508 -0.047607 0.2627 0.1569 0.1059
v -0.054932 0.903809 -0.047607 0.2353 0.1451 0.0980
v -0.010498 0.924805 -0.047607 0.3059 0.2078 0.1490
v -0.005615 0.928711 -0.047607 0.3686 0.2432 0.1765
v -0.012939 0.935547 -0.047607 0.3725 0.2432 0.1725
v -0.012451 0.939453 -0.047607 0.3686 0.2510 0.1804
v -0.062744 0.387207 -0.047607 0.6197 0.4000 0.3098
v 0.062744 0.387207 -0.047607 0.6197 0.4000 0.3098
v -0.104736 0.278809 -0.047607 0.6550 0.4275 0.3333
v 0.104736 0.278809 -0.047607 0.6354 0.4157 0.3176
v -0.140381 0.106934 -0.047607 0.0667 0.0980 0.2000
v 0.140381 0.106934 -0.047607 0.0863 0.1176 0.2275
v -0.107666 0.102051 -0.047607 0.1412 0.1647 0.2667
v 0.107666 0.102051 -0.047607 0.0510 0.0902 0.1843
v -0.058350 0.582031 -0.048096 0.6354 0.4432 0.1922
v 0.058350 0.582031 -0.048096 0.6000 0.4118 0.1569
v -0.022217 0.586914 -0.048096 0.5569 0.3921 0.2667
v 0.022217 0.586914 -0.048096 0.5569 0.3765 0.2510
v -0.059326 0.592285 -0.048096 0.6276 0.4392 0.1608
v 0.059326 0.592773 -0.048096 0.7137 0.5412 0.2432
v -0.031982 0.601074 -0.048096 0.5882 0.3686 0.3019
v 0.031982 0.601074 -0.048096 0.6236 0.3921 0.3176
v -0.000244 0.617676 -0.048096 0.6118 0.3921 0.3137
v -0.326416 0.732422 -0.048096 0.6197 0.4039 0.3019
v 0.326416 0.732422 -0.048096 0.6354 0.4078 0.3137
v 0.356201 0.764648 -0.048096 0.5843 0.4000 0.3137
v -0.476807 0.768555 -0.048096 0.7176 0.0392 0.0627
v 0.476807 0.768555 -0.048096 0.7725 0.5764 0.2510
v 0.068604 0.825684 -0.048096 0.3608 0.2353 0.1647
v -0.011963 0.834473 -0.048096 0.6118 0.4000 0.3137
v 0.011963 0.834473 -0.048096 0.6118 0.4078 0.3216
v 0.042236 0.850586 -0.048096 0.2432 0.1530 0.1020
v -0.041748 0.861816 -0.048096 0.2588 0.1490 0.1020
v -0.023682 0.871094 -0.048096 0.2627 0.1569 0.1098
v 0.018311 0.885742 -0.048096 0.4275 0.2784 0.2000
v -0.056885 0.902832 -0.048096 0.2941 0.1922 0.1294
v -0.056885 0.908203 -0.048096 0.3255 0.2196 0.1451
v -0.058350 0.908203 -0.048096 0.3647 0.2432 0.1647
v -0.009033 0.932129 -0.048096 0.3843 0.2588 0.1804
v -0.010986 0.936035 -0.048096 0.4000 0.2706 0.1922
v -0.036377 0.396973 -0.048096 0.0941 0.1333 0.2314
v 0.036377 0.396973 -0.048096 0.0863 0.1294 0.2353
v -0.049561 0.624512 -0.048584 0.5804 0.3804 0.2863
v 0.049561 0.624512 -0.048584 0.6000 0.3882 0.2941
v -0.357666 0.755371 -0.048584 0.0667 0.1176 0.2667
v 0.357666 0.755371 -0.048584 0.6118 0.4000 0.3098
v -0.466553 0.760742 -0.048584 0.7137 0.0392 0.0706
v 0.466553 0.760742 -0.048584 0.7137 0.5294 0.2118
v -0.463135 0.764648 -0.048584 0.6197 0.0196 0.0353
v 0.463135 0.764648 -0.048584 0.6745 0.4823 0.2118
v -0.456299 0.769043 -0.048584 0.6354 0.0157 0.0392
v 0.456299 0.769043 -0.048584 0.6276 0.4392 0.1843
v -0.451904 0.770508 -0.048584 0.6315 0.0196 0.0549
v 0.451904 0.770508 -0.048584 0.6941 0.4980 0.2157
v -0.354736 0.776855 -0.048584 0.1176 0.1373 0.2549
v 0.354736 0.776855 -0.048584 0.6354 0.4314 0.3333
v 0.323486 0.777344 -0.048584 0.6706 0.4353 0.3333
v -0.323486 0.777832 -0.048584 0.6902 0.4550 0.3529
v -0.464600 0.791992 -0.048584 0.6980 0.0392 0.0627
v 0.464600 0.791992 -0.048584 0.7804 0.5921 0.2706
v -0.049072 0.824707 -0.048584 0.3019 0.1843 0.1294
v -0.028564 0.830078 -0.048584 0.6236 0.4118 0.3176
v 0.028564 0.830078 -0.048584 0.6118 0.4000 0.3059
v -0.061768 0.838867 -0.048584 0.2745 0.1647 0.1098
v 0.059814 0.852539 -0.048584 0.3529 0.2353 0.1530
v -0.045166 0.867676 -0.048584 0.2000 0.1137 0.0706
v 0.005127 0.873047 -0.048584 0.2432 0.1490 0.1059
v -0.019287 0.874512 -0.048584 0.2353 0.1451 0.0902
v -0.027588 0.881348 -0.048584 0.2510 0.1373 0.0980
v 0.012939 0.896484 -0.048584 0.3490 0.2235 0.1647
v -0.057861 0.908203 -0.048584 0.3608 0.2392 0.1608
v -0.012451 0.930176 -0.048584 0.3216 0.2118 0.1451
v -0.011963 0.935547 -0.048584 0.3921 0.2745 0.1922
v -0.012939 0.935547 -0.048584 0.3843 0.2627 0.1843
v -0.041260 0.418457 -0.048584 0.1882 0.2157 0.2784
v 0.041260 0.418457 -0.048584 0.1647 0.2000 0.2784
v -0.136475 0.153320 -0.048584 0.4353 0.3372 0.3019
v 0.136475 0.153320 -0.048584 0.4078 0.3216 0.2823
v -0.123779 0.002930 -0.048584 0.3647 0.2823 0.2078
v 0.123779 0.002930 -0.048584 0.3372 0.2471 0.1725
v -0.059326 0.570312 -0.049072 0.7686 0.5686 0.2823
v 0.059326 0.570312 -0.049072 0.7686 0.5686 0.2823
v -0.040283 0.619141 -0.049072 0.6039 0.3843 0.2941
v 0.040283 0.619141 -0.049072 0.6157 0.3961 0.3059
v -0.227295 0.722656 -0.049072 0.6197 0.3921 0.3019
v 0.227295 0.722656 -0.049072 0.6354 0.4078 0.3216
v -0.358154 0.767090 -0.049072 0.0118 0.0902 0.2784
v 0.358154 0.767090 -0.049072 0.6197 0.4392 0.3372
v -0.459717 0.768066 -0.049072 0.6550 0.0353 0.0549
v 0.459717 0.768066 -0.049072 0.7921 0.6039 0.2980
v 0.356201 0.771484 -0.049072 0.5961 0.3961 0.2980
v -0.356689 0.771973 -0.049072 0.0549 0.1137 0.2745
v -0.343994 0.777344 -0.049072 0.7098 0.4628 0.3490
v 0.343994 0.777344 -0.049072 0.6628 0.4353 0.3412
v -0.422119 0.792480 -0.049072 0.7255 0.0471 0.0706
v 0.422119 0.792480 -0.049072 0.7372 0.5333 0.2196
v -0.083740 0.809570 -0.049072 0.6315 0.4039 0.3098
v 0.083740 0.809570 -0.049072 0.6315 0.4118 0.3176
v 0.150635 0.810547 -0.049072 0.6785 0.4392 0.3412
v -0.150635 0.811035 -0.049072 0.6785 0.4432 0.3412
v -0.104248 0.815918 -0.049072 0.6745 0.4471 0.3529
v 0.104248 0.815918 -0.049072 0.6589 0.4275 0.3333
v -0.058350 0.829102 -0.049072 0.2118 0.1098 0.0627
v -0.061279 0.841797 -0.049072 0.3176 0.1922 0.1216
v 0.039795 0.863281 -0.049072 0.2549 0.1530 0.1020
v -0.034912 0.863770 -0.049072 0.2549 0.1608 0.1098
v 0.017822 0.875488 -0.049072 0.2941 0.1804 0.1137
v 0.019775 0.876465 -0.049072 0.2314 0.1412 0.1020
v 0.025635 0.907715 -0.049072 0.3529 0.2353 0.1647
v 0.029541 0.909180 -0.049072 0.4118 0.2706 0.2118
v -0.007568 0.925293 -0.049072 0.3882 0.2549 0.1804
v -0.082275 0.390137 -0.049072 0.6079 0.3921 0.3137
v 0.082275 0.390137 -0.049072 0.6079 0.4000 0.3059
v -0.081299 0.173340 -0.049072 0.6039 0.4000 0.3059
v 0.081299 0.173340 -0.049072 0.6000 0.3725 0.2863
v -0.102783 0.148926 -0.049072 0.0431 0.0941 0.2157
v 0.102783 0.148926 -0.049072 0.0588 0.0980 0.2039
v -0.140381 0.121094 -0.049072 0.0980 0.1373 0.2392
v 0.140381 0.121094 -0.049072 0.0980 0.1333 0.2353
v -0.105225 0.116699 -0.049072 0.1176 0.1451 0.2392
v 0.105225 0.116699 -0.049072 0.0706 0.1098 0.2157
v 0.107666 0.050781 -0.049072 0.3176 0.2275 0.1647
v -0.107666 0.050293 -0.049072 0.6824 0.5098 0.2432
v -0.346436 0.753906 -0.049561 0.6510 0.4118 0.3019
v -0.471436 0.773926 -0.049561 0.6941 0.0392 0.0667
v 0.471436 0.773926 -0.049560 0.7020 0.5019 0.1843
v -0.411377 0.780762 -0.049561 0.6941 0.0471 0.0667
v 0.411377 0.780762 -0.049560 0.7216 0.5098 0.1686
v 0.062744 0.821289 -0.049561 0.5451 0.3647 0.2902
v 0.058350 0.829102 -0.049561 0.2157 0.1373 0.0863
v -0.048096 0.846680 -0.049561 0.2432 0.1490 0.1020
v 0.024658 0.863281 -0.049561 0.2275 0.1412 0.0902
v -0.015381 0.869141 -0.049561 0.2275 0.1412 0.0902
v 0.024170 0.904785 -0.049561 0.3019 0.1922 0.1294
v 0.033447 0.908203 -0.049561 0.3843 0.2392 0.1647
v -0.010010 0.930664 -0.049561 0.3608 0.2432 0.1686
v -0.083740 0.274414 -0.049561 0.6510 0.4314 0.3333
v 0.083740 0.274414 -0.049561 0.6432 0.4235 0.3255
v -0.104248 0.144043 -0.049561 0.2314 0.1961 0.2471
v 0.104248 0.144043 -0.049561 0.0588 0.1020 0.2118
v -0.145752 0.047852 -0.049561 0.8078 0.5921 0.2902
v 0.145752 0.047852 -0.049561 0.6980 0.5059 0.2235
v -0.087158 0.476074 -0.050049 0.1216 0.1569 0.2667
v 0.087158 0.476074 -0.050049 0.0980 0.1255 0.2353
v 0.345947 0.753418 -0.050049 0.6354 0.4118 0.3333
v -0.241455 0.777832 -0.050049 0.6118 0.3921 0.2980
v 0.241455 0.777832 -0.050049 0.6354 0.4039 0.3098
v -0.457764 0.792969 -0.050049 0.7098 0.0392 0.0667
v 0.457764 0.792969 -0.050049 0.6902 0.4980 0.1961
v -0.138428 0.814453 -0.050049 0.6980 0.4589 0.3608
v 0.138428 0.814453 -0.050049 0.6863 0.4510 0.3529
v -0.126709 0.816895 -0.050049 0.7020 0.4706 0.3725
v 0.126709 0.816895 -0.050049 0.6745 0.4392 0.3451
v -0.114990 0.817383 -0.050049 0.6863 0.4550 0.3568
v 0.114990 0.817383 -0.050049 0.6628 0.4235 0.3255
v 0.055908 0.826660 -0.050049 0.2588 0.1686 0.1255
v -0.065674 0.843262 -0.050049 0.3608 0.2471 0.1608
v -0.046631 0.860352 -0.050049 0.2941 0.1882 0.1412
v 0.019775 0.864258 -0.050049 0.2039 0.1176 0.0706
v -0.027100 0.866211 -0.050049 0.2510 0.1530 0.1059
v -0.060303 0.873535 -0.050049 0.2980 0.1882 0.1333
v -0.052490 0.877930 -0.050049 0.2863 0.1765 0.1216
v -0.039307 0.902344 -0.050049 0.3372 0.2275 0.1608
v -0.035889 0.904297 -0.050049 0.4314 0.2863 0.2196
v -0.021729 0.456543 -0.050049 0.0745 0.0863 0.1647
v -0.030518 0.418945 -0.050049 0.0941 0.1294 0.2353
v 0.030518 0.418945 -0.050049 0.0980 0.1216 0.2078
v -0.093506 0.276367 -0.050049 0.6510 0.4314 0.3333
v 0.093506 0.276367 -0.050049 0.6471 0.4275 0.3294
v -0.118408 0.269043 -0.050049 0.6315 0.3882 0.2863
v 0.118408 0.269043 -0.050049 0.6510 0.4392 0.3451
v -0.132568 0.148438 -0.050049 0.1255 0.1373 0.2118
v 0.132568 0.148438 -0.050049 0.0588 0.1020 0.2157
v -0.073975 0.640625 -0.050537 0.6393 0.4157 0.3137
v 0.073975 0.640625 -0.050537 0.6628 0.4353 0.3490
v -0.235107 0.722168 -0.050537 0.6000 0.3725 0.2784
v 0.235107 0.722168 -0.050537 0.6157 0.3804 0.2941
v -0.359131 0.754395 -0.050537 0.1216 0.1686 0.2863
v 0.359131 0.754395 -0.050537 0.5804 0.3804 0.3059
v -0.345947 0.760742 -0.050537 0.6706 0.4314 0.3176
v -0.423096 0.770020 -0.050537 0.7294 0.0471 0.0745
v 0.423096 0.770020 -0.050537 0.6706 0.4745 0.1882
v -0.444092 0.770508 -0.050537 0.6980 0.0314 0.0549
v 0.444092 0.770508 -0.050537 0.7333 0.5373 0.2588
v -0.165771 0.789551 -0.050537 0.6315 0.3961 0.2941
v 0.165771 0.789551 -0.050537 0.6118 0.3961 0.3019
v -0.066162 0.842285 -0.050537 0.3412 0.2235 0.1451
v -0.064697 0.843750 -0.050537 0.3686 0.2471 0.1569
v 0.033447 0.875977 -0.050537 0.2980 0.1804 0.1333
v 0.004150 0.878418 -0.050537 0.2039 0.1255 0.0941
v -0.037842 0.878906 -0.050537 0.3019 0.1843 0.1176
v 0.006104 0.888184 -0.050537 0.1961 0.1137 0.0706
v -0.040771 0.898926 -0.050537 0.3333 0.2353 0.1608
v 0.025635 0.900879 -0.050537 0.2118 0.1294 0.0784
v 0.035400 0.904297 -0.050537 0.3333 0.2078 0.1333
v 0.021729 0.456055 -0.050537 0.0784 0.1020 0.1882
v -0.025146 0.439941 -0.050537 0.0784 0.1059 0.2000
v 0.025146 0.439941 -0.050537 0.0980 0.1255 0.2275
v -0.034424 0.396484 -0.050537 0.0863 0.1176 0.2000
v 0.034424 0.396484 -0.050537 0.1098 0.1412 0.2314
v -0.038818 0.377441 -0.050537 0.0706 0.1137 0.2118
v 0.038818 0.377441 -0.050537 0.0824 0.1098 0.2000
v -0.137939 0.156738 -0.050537 0.4706 0.3372 0.3098
v 0.137939 0.156738 -0.050537 0.5373 0.3686 0.2823
v -0.217041 0.722656 -0.051025 0.6157 0.3882 0.2980
v 0.217041 0.722656 -0.051025 0.6157 0.3882 0.2941
v -0.364014 0.754395 -0.051025 0.8549 0.6354 0.3490
v 0.364014 0.754395 -0.051025 0.0431 0.1176 0.2000
v 0.345459 0.759766 -0.051025 0.6315 0.4118 0.3216
v -0.356689 0.766602 -0.051025 0.0588 0.1137 0.2745
v 0.356689 0.766602 -0.051025 0.6393 0.4196 0.3176
v -0.466065 0.777344 -0.051025 0.7255 0.0471 0.0706
v 0.466065 0.777344 -0.051025 0.7490 0.5569 0.2588
v -0.355713 0.778320 -0.051025 0.1333 0.1608 0.3098
v 0.355713 0.778320 -0.051025 0.6354 0.4196 0.3176
v -0.449951 0.793457 -0.051025 0.7176 0.0392 0.0706
v 0.449951 0.793457 -0.051025 0.7255 0.5333 0.2314
v -0.060303 0.835449 -0.051025 0.2353 0.1451 0.1176
v -0.065186 0.841797 -0.051025 0.3255 0.2157 0.1412
v -0.064209 0.842773 -0.051025 0.3529 0.2353 0.1569
v 0.019287 0.843750 -0.051025 0.1961 0.0980 0.0471
v -0.044189 0.848145 -0.051025 0.2235 0.1373 0.0941
v -0.041260 0.857422 -0.051025 0.2275 0.1333 0.0941
v 0.035400 0.857910 -0.051025 0.2510 0.1530 0.1098
v 0.046631 0.861328 -0.051025 0.3255 0.2078 0.1451
v -0.043701 0.873047 -0.051025 0.2510 0.1451 0.0980
v -0.029053 0.876953 -0.051025 0.3608 0.2510 0.1922
v 0.012451 0.889160 -0.051025 0.2941 0.1804 0.1255
v -0.031982 0.903809 -0.051025 0.3372 0.2196 0.1530
v 0.080322 0.426758 -0.051025 0.6079 0.4078 0.3176
v -0.101318 0.152344 -0.051025 0.4314 0.3176 0.2706
v 0.101318 0.152344 -0.051025 0.5216 0.3333 0.2745
v 0.140869 0.133789 -0.051025 0.0431 0.0784 0.2157
v -0.140869 0.133301 -0.051025 0.0627 0.1059 0.2314
v -0.040771 0.597656 -0.051514 0.6315 0.4392 0.2078
v 0.040771 0.597656 -0.051514 0.6118 0.4235 0.2275
v -0.099854 0.662109 -0.051514 0.6628 0.4510 0.3490
v 0.099854 0.662109 -0.051514 0.6236 0.4039 0.3098
v -0.433838 0.770020 -0.051514 0.7176 0.0392 0.0745
v 0.433838 0.770020 -0.051514 0.7059 0.5137 0.2078
v -0.360596 0.779785 -0.051514 0.8588 0.6745 0.3647
v 0.360596 0.779785 -0.051514 0.0902 0.1530 0.2549
v 0.028564 0.864746 -0.051514 0.2196 0.1333 0.0824
v -0.021240 0.868164 -0.051514 0.2549 0.1569 0.1176
v 0.027100 0.878906 -0.051514 0.3019 0.1961 0.1412
v 0.016846 0.880371 -0.051514 0.3647 0.2353 0.1725
v -0.060303 0.882812 -0.051514 0.4000 0.2745 0.2039
v -0.014404 0.887207 -0.051514 0.3333 0.2039 0.1373
v -0.036377 0.896484 -0.051514 0.2039 0.1294 0.0863
v 0.029541 0.898926 -0.051514 0.2627 0.1686 0.1098
v 0.033936 0.900391 -0.051514 0.2980 0.1843 0.1294
v -0.089600 0.462402 -0.051514 0.1020 0.1412 0.2471
v 0.089600 0.462402 -0.051514 0.1059 0.1412 0.2432
v -0.042236 0.360352 -0.051514 0.0471 0.0941 0.1961
v 0.042236 0.360352 -0.051514 0.0431 0.0941 0.2000
v -0.138916 0.240723 -0.051514 0.6354 0.4157 0.3176
v 0.138916 0.240723 -0.051514 0.6315 0.4039 0.3019
v -0.140869 0.146484 -0.051514 0.7725 0.5961 0.3059
v 0.140869 0.146484 -0.051514 0.7020 0.5373 0.2823
v -0.102783 0.128906 -0.051514 0.1020 0.1490 0.2667
v 0.102783 0.128906 -0.051514 0.0431 0.0980 0.2275
v 0.106689 0.038086 -0.051514 0.7176 0.5059 0.2353
v -0.106689 0.037598 -0.051514 0.6510 0.5059 0.2823
v 0.109131 0.004395 -0.051514 0.3137 0.2471 0.1804
v -0.109131 0.003906 -0.051514 0.6000 0.4589 0.2275
v -0.081787 0.514160 -0.052002 0.1020 0.1294 0.2392
v 0.081787 0.514160 -0.052002 0.0941 0.1333 0.2314
v -0.345459 0.767578 -0.052002 0.6785 0.4432 0.3294
v -0.461670 0.778809 -0.052002 0.7176 0.0353 0.0667
v 0.461670 0.778809 -0.052002 0.7764 0.5882 0.2823
v -0.234131 0.780762 -0.052002 0.6510 0.4157 0.3176
v 0.234131 0.780762 -0.052002 0.6628 0.4353 0.3412
v -0.274658 0.788574 -0.052002 0.6785 0.4392 0.3372
v 0.274658 0.788574 -0.052002 0.6706 0.4353 0.3333
v -0.430908 0.791992 -0.052002 0.7176 0.0353 0.0706
v 0.430908 0.791992 -0.052002 0.6980 0.5098 0.1922
v -0.440674 0.793457 -0.052002 0.7020 0.0431 0.0706
v 0.440674 0.793457 -0.052002 0.7451 0.5569 0.2392
v -0.058838 0.822754 -0.052002 0.6157 0.4157 0.3333
v 0.048096 0.841309 -0.052002 0.4157 0.2549 0.1961
v -0.052490 0.851074 -0.052002 0.2667 0.1647 0.1137
v 0.049072 0.855469 -0.052002 0.3765 0.2392 0.1725
v 0.017822 0.868164 -0.052002 0.1961 0.1176 0.0784
v -0.026611 0.868652 -0.052002 0.2706 0.1647 0.1216
v -0.056396 0.872070 -0.052002 0.2823 0.1765 0.1176
v -0.052979 0.874023 -0.052002 0.3490 0.2275 0.1608
v -0.056885 0.883301 -0.052002 0.2706 0.1725 0.1137
v -0.005127 0.886230 -0.052002 0.3804 0.2392 0.1686
v -0.030029 0.900879 -0.052002 0.2706 0.1686 0.1098
v -0.018311 0.466309 -0.052002 0.0667 0.0863 0.1725
v 0.018311 0.466309 -0.052002 0.0588 0.0824 0.1569
v -0.074463 0.259766 -0.052002 0.6354 0.4235 0.3216
v 0.074463 0.259766 -0.052002 0.6393 0.3882 0.2823
v 0.065186 0.222656 -0.052002 0.6197 0.3686 0.2588
v -0.065186 0.222168 -0.052002 0.6079 0.4039 0.3098
v -0.145264 0.185547 -0.052002 0.6236 0.4039 0.3098
v 0.145264 0.185547 -0.052002 0.6354 0.3921 0.2863
v -0.101318 0.156738 -0.052002 0.6393 0.4078 0.3137
v 0.101318 0.156738 -0.052002 0.6315 0.3882 0.2902
v -0.119385 0.080566 -0.052002 0.1059 0.1451 0.2549
v 0.119385 0.080566 -0.052002 0.0941 0.1216 0.2235
v -0.009033 0.601074 -0.052490 0.5843 0.3686 0.2980
v 0.009033 0.601074 -0.052490 0.5764 0.3568 0.2902
v -0.000244 0.631836 -0.052490 0.5686 0.3647 0.2745
v -0.243897 0.720703 -0.052490 0.6471 0.4118 0.3098
v 0.243897 0.720703 -0.052490 0.6354 0.3921 0.3059
v -0.129639 0.725098 -0.052490 0.5569 0.3451 0.2471
v 0.129639 0.725098 -0.052490 0.5569 0.3529 0.2706
v 0.344971 0.767090 -0.052490 0.6236 0.4039 0.3137
v -0.240967 0.773926 -0.052490 0.6000 0.3843 0.2941
v 0.240967 0.773926 -0.052490 0.6236 0.3961 0.3019
v -0.457275 0.779785 -0.052490 0.7059 0.0235 0.0588
v 0.457275 0.779785 -0.052490 0.6980 0.5098 0.2157
v -0.251709 0.783203 -0.052490 0.6745 0.4471 0.3529
v 0.251709 0.783203 -0.052490 0.6510 0.4157 0.3176
v -0.164307 0.791504 -0.052490 0.6079 0.3843 0.2863
v 0.164307 0.791504 -0.052490 0.6157 0.3961 0.3059
v -0.071533 0.817383 -0.052490 0.6824 0.4550 0.3529
v 0.071533 0.817383 -0.052490 0.6550 0.4392 0.3451
v 0.068115 0.820312 -0.052490 0.3098 0.2000 0.1530
v -0.055420 0.820801 -0.052490 0.3255 0.2078 0.1451
v 0.065674 0.828125 -0.052490 0.3255 0.2039 0.1412
v 0.057861 0.830566 -0.052490 0.1569 0.0941 0.0627
v -0.057861 0.840332 -0.052490 0.2667 0.1647 0.1098
v -0.035400 0.859375 -0.052490 0.2627 0.1569 0.1176
v -0.018799 0.877930 -0.052490 0.2627 0.1647 0.1098
v -0.061768 0.880859 -0.052490 0.3529 0.2432 0.1725
v -0.031494 0.897461 -0.052490 0.2588 0.1686 0.1176
v -0.072998 0.425293 -0.052490 0.2314 0.2275 0.2823
v 0.072998 0.425293 -0.052490 0.5608 0.3882 0.3176
v -0.052490 0.422852 -0.052490 0.5530 0.3765 0.2941
v 0.052490 0.422852 -0.052490 0.4235 0.3372 0.3137
v -0.082275 0.409668 -0.052490 0.6039 0.4000 0.3176
v 0.082275 0.409668 -0.052490 0.6079 0.4000 0.3098
v -0.072021 0.187500 -0.052490 0.6079 0.4039 0.3137
v 0.072021 0.187500 -0.052490 0.6079 0.3686 0.2706
v 0.140381 0.156250 -0.052490 0.2823 0.2353 0.2706
v -0.140381 0.155762 -0.052490 0.1020 0.1333 0.2627
v -0.141846 0.144531 -0.052490 0.6745 0.4863 0.2275
v 0.141846 0.144531 -0.052490 0.7020 0.5176 0.2432
v -0.101318 0.141602 -0.052490 0.7568 0.5843 0.2941
v 0.101318 0.141602 -0.052490 0.6471 0.5019 0.2706
v -0.204834 0.718262 -0.052979 0.6315 0.4039 0.3137
v 0.204834 0.718262 -0.052978 0.6118 0.3843 0.2980
v -0.325439 0.738770 -0.052979 0.6354 0.4078 0.3137
v 0.325439 0.738770 -0.052978 0.6236 0.4039 0.3059
v -0.251221 0.774414 -0.052979 0.5882 0.3765 0.2823
v 0.251221 0.774414 -0.052978 0.5961 0.3804 0.2863
v -0.421631 0.780762 -0.052979 0.7059 0.0431 0.0627
v -0.451416 0.780762 -0.052979 0.6863 0.0353 0.0627
v 0.421631 0.780762 -0.052978 0.7137 0.5137 0.2000
v 0.451416 0.780762 -0.052978 0.6079 0.4157 0.1333
v -0.022705 0.844238 -0.052979 0.1765 0.0941 0.0431
v -0.066650 0.844727 -0.052979 0.3765 0.2432 0.1647
v -0.047607 0.848145 -0.052979 0.2118 0.1294 0.0824
v -0.052002 0.855957 -0.052979 0.3686 0.2432 0.1804
v -0.000732 0.872559 -0.052979 0.2745 0.1569 0.1059
v 0.060303 0.422852 -0.052979 0.5961 0.3843 0.3019
v -0.061768 0.406250 -0.052979 0.6000 0.3921 0.3098
v 0.061768 0.406250 -0.052979 0.5921 0.3921 0.3059
v -0.036865 0.377441 -0.052979 0.0941 0.1216 0.2078
v 0.036865 0.377441 -0.052979 0.1137 0.1451 0.2353
v -0.140869 0.153320 -0.052979 0.0392 0.0863 0.2039
v 0.140869 0.153320 -0.052979 0.0431 0.1137 0.2549
v -0.130615 0.081055 -0.052979 0.1059 0.1412 0.2392
v 0.130615 0.081055 -0.052979 0.0980 0.1294 0.2235
v -0.119873 0.076660 -0.052979 0.1098 0.1373 0.2353
v 0.119873 0.076660 -0.052979 0.1020 0.1294 0.2392
v -0.119873 0.071777 -0.052979 0.1098 0.1412 0.2353
v 0.119873 0.071777 -0.052979 0.0863 0.1176 0.2118
v -0.147217 0.035645 -0.052979 0.7412 0.5647 0.2823
v 0.147217 0.035645 -0.052979 0.7294 0.5333 0.2432
v -0.105713 0.024414 -0.052979 0.0980 0.1294 0.2627
v 0.105713 0.024414 -0.052979 0.0549 0.0824 0.1961
v -0.106201 0.007812 -0.052979 0.4589 0.3608 0.2392
v 0.106201 0.007812 -0.052979 0.6276 0.4706 0.2588
v -0.082275 0.491699 -0.053467 0.0902 0.1176 0.2235
v 0.082275 0.491699 -0.053467 0.0863 0.1137 0.2078
v -0.083740 0.650879 -0.053467 0.6236 0.3961 0.3019
v 0.083740 0.650879 -0.053467 0.6276 0.4078 0.3176
v -0.357666 0.767090 -0.053467 0.0902 0.1490 0.2784
v 0.357666 0.767090 -0.053467 0.6236 0.4000 0.3059
v -0.224854 0.784180 -0.053467 0.6706 0.4353 0.3333
v 0.224365 0.784180 -0.053467 0.6667 0.4314 0.3294
v -0.262939 0.786621 -0.053467 0.6628 0.4353 0.3412
v 0.262939 0.786621 -0.053467 0.6745 0.4392 0.3412
v -0.095459 0.807617 -0.053467 0.6000 0.3882 0.2941
v 0.095459 0.807617 -0.053467 0.6079 0.3804 0.2863
v 0.069580 0.822754 -0.053467 0.4589 0.3098 0.2235
v -0.042236 0.826172 -0.053467 0.6079 0.3961 0.3019
v 0.041748 0.826172 -0.053467 0.6236 0.4039 0.3137
v 0.053467 0.827637 -0.053467 0.2980 0.1765 0.1098
v 0.031006 0.854492 -0.053467 0.2588 0.1490 0.1020
v -0.041260 0.862793 -0.053467 0.2784 0.1725 0.1216
v 0.041748 0.862793 -0.053467 0.3098 0.1961 0.1373
v 0.012451 0.865234 -0.053467 0.3333 0.2078 0.1530
v 0.031494 0.867676 -0.053467 0.3176 0.2000 0.1373
v -0.037842 0.875488 -0.053467 0.3608 0.2353 0.1725
v 0.006592 0.882812 -0.053467 0.2235 0.1373 0.0902
v 0.029053 0.910156 -0.053467 0.4039 0.2784 0.2078
v -0.093018 0.446777 -0.053467 0.1059 0.1451 0.2510
v 0.093018 0.446777 -0.053467 0.1059 0.1451 0.2549
v -0.080811 0.426758 -0.053467 0.5921 0.4000 0.3255
v -0.099365 0.150879 -0.053467 0.1020 0.1686 0.2902
v 0.099365 0.150879 -0.053467 0.1451 0.1608 0.2863
v -0.117432 0.145996 -0.053467 0.0941 0.1294 0.2392
v 0.117432 0.145996 -0.053467 0.1020 0.1490 0.2432
v -0.100342 0.139648 -0.053467 0.7451 0.5412 0.2823
v 0.100342 0.139648 -0.053467 0.7020 0.4902 0.2078
v 0.105225 0.014648 -0.053467 0.6785 0.4706 0.2353
v -0.105225 0.014160 -0.053467 0.6706 0.4941 0.2980
v -0.143311 0.002930 -0.053467 0.3451 0.2510 0.1490
v 0.143311 0.002930 -0.053467 0.6980 0.5725 0.2902
v -0.126221 0.713379 -0.053955 0.5961 0.3725 0.2745
v 0.126221 0.713379 -0.053955 0.5961 0.3765 0.2941
v -0.257568 0.724121 -0.053955 0.6315 0.4039 0.3098
v -0.304932 0.724121 -0.053955 0.6550 0.4196 0.3176
v 0.257568 0.724121 -0.053955 0.6118 0.3882 0.3019
v 0.304932 0.724121 -0.053955 0.6432 0.4157 0.3216
v -0.362549 0.767578 -0.053955 0.8313 0.6315 0.3529
v 0.362549 0.767578 -0.053955 0.1059 0.1686 0.2471
v 0.065674 0.819824 -0.053955 0.4432 0.2902 0.2314
v -0.056885 0.831055 -0.053955 0.2627 0.1530 0.1137
v -0.026611 0.858887 -0.053955 0.2627 0.1569 0.1137
v -0.043701 0.866211 -0.053955 0.2627 0.1608 0.1176
v 0.010986 0.870117 -0.053955 0.2510 0.1608 0.1098
v 0.006104 0.871094 -0.053955 0.2314 0.1412 0.0980
v 0.019775 0.873047 -0.053955 0.2314 0.1373 0.0863
v -0.030518 0.873535 -0.053955 0.3451 0.2196 0.1530
v 0.011963 0.883789 -0.053955 0.3725 0.2353 0.1725
v 0.026611 0.909180 -0.053955 0.3255 0.2039 0.1373
v 0.031982 0.909668 -0.053955 0.3451 0.2157 0.1412
v -0.133057 0.163574 -0.053955 0.6510 0.4118 0.3098
v 0.133057 0.163574 -0.053955 0.6510 0.4196 0.3255
v -0.113525 0.150391 -0.053955 0.4157 0.3059 0.2706
v 0.113525 0.150391 -0.053955 0.6118 0.4000 0.2980
v -0.099365 0.147949 -0.053955 0.0353 0.1059 0.2392
v 0.099365 0.147949 -0.053955 0.0275 0.0745 0.1686
v -0.117432 0.103027 -0.053955 0.1373 0.1725 0.2823
v 0.117432 0.103027 -0.053955 0.1176 0.1569 0.2627
v -0.130615 0.090820 -0.053955 0.1176 0.1569 0.2627
v 0.130615 0.090820 -0.053955 0.1098 0.1412 0.2471
v -0.118408 0.088867 -0.053955 0.1294 0.1608 0.2706
v 0.118408 0.088867 -0.053955 0.0941 0.1333 0.2432
v -0.130127 0.074707 -0.053955 0.1020 0.1294 0.2275
v 0.130127 0.074707 -0.053955 0.0941 0.1255 0.2196
v -0.119873 0.068359 -0.053955 0.0824 0.1255 0.2314
v 0.119873 0.068359 -0.053955 0.0941 0.1255 0.2314
v -0.104736 0.021973 -0.053955 0.0784 0.1451 0.2118
v 0.104736 0.021973 -0.053955 0.0510 0.0824 0.1922
v -0.041748 0.596680 -0.054443 0.7882 0.6079 0.3372
v 0.041748 0.596680 -0.054443 0.7608 0.5725 0.3059
v -0.055420 0.630859 -0.054443 0.6000 0.3882 0.2941
v 0.055420 0.630859 -0.054443 0.6157 0.3961 0.2980
v -0.249756 0.768066 -0.054443 0.6432 0.4157 0.3255
v 0.249756 0.768066 -0.054443 0.6393 0.4157 0.3176
v -0.257568 0.771973 -0.054443 0.6079 0.3882 0.2980
v -0.275147 0.771973 -0.054443 0.6432 0.4157 0.3216
v 0.257568 0.771973 -0.054443 0.6157 0.3961 0.3059
v 0.275147 0.771973 -0.054443 0.6157 0.3921 0.3019
v -0.289307 0.773438 -0.054443 0.6589 0.4314 0.3372
v 0.289307 0.773438 -0.054443 0.6589 0.4275 0.3333
v -0.443115 0.781250 -0.054443 0.7098 0.0314 0.0667
v 0.443115 0.781250 -0.054443 0.7216 0.5294 0.2392
v -0.214111 0.787109 -0.054443 0.6628 0.4196 0.3216
v 0.214111 0.787109 -0.054443 0.6785 0.4432 0.3451
v -0.056885 0.822754 -0.054443 0.3019 0.1961 0.1451
v 0.056885 0.822754 -0.054443 0.6589 0.4196 0.3333
v 0.043213 0.832031 -0.054443 0.2078 0.1059 0.0549
v -0.042236 0.850586 -0.054443 0.2941 0.1882 0.1412
v -0.047119 0.858398 -0.054443 0.2902 0.1961 0.1451
v -0.035889 0.862305 -0.054443 0.2510 0.1530 0.1020
v 0.015381 0.872559 -0.054443 0.2823 0.1725 0.1176
v -0.054932 0.881348 -0.054443 0.2706 0.1686 0.1098
v -0.095947 0.428223 -0.054443 0.1216 0.1490 0.2627
v 0.095947 0.428223 -0.054443 0.1137 0.1490 0.2627
v -0.099365 0.408203 -0.054443 0.0980 0.1412 0.2510
v 0.099365 0.408203 -0.054443 0.0980 0.1412 0.2510
v -0.107666 0.267090 -0.054443 0.6628 0.4353 0.3412
v 0.107666 0.267090 -0.054443 0.6550 0.4314 0.3333
v -0.066650 0.204102 -0.054443 0.6118 0.4078 0.3137
v 0.066650 0.204102 -0.054443 0.6315 0.3725 0.2667
v -0.124756 0.151855 -0.054443 0.3529 0.2627 0.2510
v 0.124756 0.151855 -0.054443 0.5216 0.3568 0.2627
v -0.128662 0.104492 -0.054443 0.1137 0.1412 0.2353
v 0.128662 0.104492 -0.054443 0.0941 0.1294 0.2275
v -0.130127 0.069336 -0.054443 0.0941 0.1294 0.2235
v 0.130127 0.069336 -0.054443 0.1137 0.1373 0.2392
v -0.019287 0.598145 -0.054932 0.5608 0.3608 0.2667
v 0.019287 0.598145 -0.054932 0.5412 0.3412 0.2314
v -0.109131 0.673828 -0.054932 0.6197 0.4000 0.2980
v 0.109131 0.673828 -0.054932 0.6197 0.4000 0.3019
v -0.122314 0.700684 -0.054932 0.6589 0.4392 0.3412
v 0.122314 0.700684 -0.054932 0.6276 0.4000 0.3059
v -0.191650 0.714355 -0.054932 0.6276 0.4000 0.3137
v 0.191650 0.714355 -0.054932 0.6589 0.4275 0.3333
v -0.143311 0.718750 -0.054932 0.6079 0.3843 0.2980
v 0.143311 0.718750 -0.054932 0.6079 0.3725 0.2784
v -0.258057 0.767578 -0.054932 0.6667 0.4392 0.3451
v 0.258057 0.767578 -0.054932 0.6667 0.4392 0.3412
v -0.240967 0.769043 -0.054932 0.6510 0.4196 0.3255
v 0.240967 0.769043 -0.054932 0.6510 0.4235 0.3294
v -0.306885 0.770020 -0.054932 0.6510 0.4196 0.3255
v 0.306885 0.770020 -0.054932 0.6550 0.4196 0.3255
v -0.275147 0.778809 -0.054932 0.6393 0.4157 0.3098
v 0.275147 0.778809 -0.054932 0.6276 0.4000 0.3059
v -0.432373 0.781250 -0.054932 0.7059 0.0392 0.0627
v 0.432373 0.781250 -0.054932 0.7098 0.5216 0.2157
v -0.059814 0.825684 -0.054932 0.2392 0.1490 0.1020
v 0.059814 0.825684 -0.054932 0.1294 0.1059 0.0745
v 0.055420 0.834961 -0.054932 0.4745 0.3137 0.2432
v 0.042236 0.842285 -0.054932 0.2039 0.1216 0.0784
v -0.008057 0.846191 -0.054932 0.1647 0.0863 0.0431
v 0.044678 0.853027 -0.054932 0.2784 0.1686 0.1098
v -0.029053 0.859863 -0.054932 0.3176 0.2000 0.1373
v -0.000244 0.876465 -0.054932 0.3725 0.2432 0.1765
v -0.060791 0.878418 -0.054932 0.3059 0.2000 0.1294
v -0.060303 0.886230 -0.054932 0.3765 0.2549 0.1765
v -0.037842 0.903809 -0.054932 0.3647 0.2471 0.1686
v -0.035889 0.904785 -0.054932 0.4078 0.2784 0.1961
v 0.025146 0.907227 -0.054932 0.3059 0.2000 0.1333
v -0.097900 0.167969 -0.054932 0.6118 0.4000 0.3059
v 0.097900 0.167969 -0.054932 0.6039 0.3843 0.2941
v -0.147217 0.022949 -0.054932 0.0392 0.0980 0.2392
v 0.147217 0.022949 -0.054932 0.0510 0.0784 0.1765
v -0.062256 0.554199 -0.055420 0.0941 0.1216 0.2353
v 0.062256 0.554199 -0.055420 0.1059 0.1412 0.2627
v 0.041260 0.582520 -0.055420 0.6471 0.4550 0.2000
v -0.041748 0.592773 -0.055420 0.7647 0.5764 0.2941
v 0.041748 0.592773 -0.055420 0.7294 0.5412 0.2588
v -0.023193 0.602051 -0.055420 0.5921 0.3843 0.3059
v 0.023193 0.602051 -0.055420 0.6000 0.3725 0.2980
v -0.040771 0.631348 -0.055420 0.5921 0.3765 0.2784
v 0.040283 0.631348 -0.055420 0.5882 0.3765 0.2823
v -0.264893 0.770020 -0.055420 0.6550 0.4353 0.3333
v 0.264893 0.770020 -0.055420 0.6315 0.4000 0.3059
v -0.023682 0.827637 -0.055420 0.6157 0.4000 0.3176
v 0.023682 0.827637 -0.055420 0.6197 0.4039 0.3137
v -0.062744 0.833496 -0.055420 0.3098 0.1961 0.1451
v -0.052979 0.842285 -0.055420 0.2863 0.1725 0.1176
v 0.002686 0.847168 -0.055420 0.1608 0.0863 0.0392
v -0.042725 0.855957 -0.055420 0.2745 0.1530 0.1137
v -0.014893 0.860840 -0.055420 0.2392 0.1373 0.0941
v 0.047119 0.862793 -0.055420 0.3568 0.2353 0.1647
v -0.031006 0.863770 -0.055420 0.2863 0.1765 0.1216
v 0.004639 0.864258 -0.055420 0.2863 0.1725 0.1294
v -0.042725 0.870605 -0.055420 0.2784 0.1804 0.1255
v 0.030518 0.872559 -0.055420 0.3137 0.1804 0.1294
v 0.004639 0.875488 -0.055420 0.2392 0.1569 0.1059
v 0.025146 0.875488 -0.055420 0.3294 0.2157 0.1569
v -0.058350 0.886230 -0.055420 0.3098 0.2039 0.1373
v -0.038818 0.901855 -0.055420 0.3372 0.2235 0.1490
v -0.033447 0.904297 -0.055420 0.3568 0.2392 0.1647
v 0.033447 0.907227 -0.055420 0.3765 0.2510 0.1725
v -0.038818 0.361816 -0.055420 0.0706 0.1294 0.2588
v 0.038818 0.361816 -0.055420 0.0824 0.1255 0.2471
v -0.041260 0.566406 -0.055908 0.6745 0.4902 0.2118
v 0.041260 0.566406 -0.055908 0.6824 0.4863 0.2039
v -0.041260 0.582520 -0.055908 0.5686 0.3765 0.1412
v 0.000244 0.598145 -0.055908 0.6863 0.4902 0.2510
v -0.116455 0.686523 -0.055908 0.6550 0.4432 0.3451
v 0.116455 0.686523 -0.055908 0.6236 0.3961 0.3019
v -0.289795 0.721680 -0.055908 0.6354 0.4000 0.3059
v 0.289795 0.721680 -0.055908 0.6471 0.4039 0.3059
v -0.227295 0.726074 -0.055908 0.6550 0.4235 0.3294
v 0.227295 0.726074 -0.055908 0.6432 0.4157 0.3216
v -0.275147 0.769043 -0.055908 0.6510 0.4275 0.3216
v 0.275147 0.769043 -0.055908 0.6550 0.4275 0.3412
v -0.232666 0.774902 -0.055908 0.6197 0.3921 0.2941
v 0.232666 0.774902 -0.055908 0.6276 0.3961 0.3019
v 0.039307 0.858398 -0.055908 0.2863 0.1804 0.1373
v 0.015381 0.876953 -0.055908 0.3412 0.2196 0.1569
v -0.055420 0.878906 -0.055908 0.2745 0.1686 0.1098
v -0.013428 0.880859 -0.055908 0.3294 0.2039 0.1530
v -0.061768 0.884766 -0.055908 0.3608 0.2392 0.1686
v -0.060303 0.422852 -0.055908 0.1020 0.1412 0.2627
v -0.107178 0.372559 -0.055908 0.0510 0.1020 0.2118
v 0.107178 0.372559 -0.055908 0.0510 0.1020 0.2000
v -0.084717 0.262695 -0.055908 0.6315 0.4118 0.3216
v 0.084717 0.262695 -0.055908 0.6393 0.4157 0.3176
v -0.143311 0.223145 -0.055908 0.6276 0.4078 0.3137
v 0.143311 0.223145 -0.055908 0.6157 0.3921 0.2863
v -0.146729 0.006348 -0.055908 0.5373 0.3882 0.2353
v 0.146729 0.006348 -0.055908 0.4784 0.3451 0.1961
v -0.000244 0.479492 -0.056396 0.0627 0.0824 0.1647
v -0.010010 0.616211 -0.056396 0.6039 0.3921 0.3019
v 0.010010 0.616211 -0.056396 0.5921 0.3804 0.2863
v -0.176514 0.712402 -0.056397 0.6354 0.4039 0.3098
v 0.176514 0.712402 -0.056396 0.6550 0.4275 0.3333
v -0.271240 0.721191 -0.056397 0.6315 0.3961 0.3019
v 0.271240 0.721191 -0.056396 0.6550 0.4118 0.3176
v -0.324463 0.745605 -0.056397 0.6510 0.4275 0.3216
v 0.324463 0.745605 -0.056396 0.6393 0.4118 0.3176
v 0.265381 0.767090 -0.056396 0.6667 0.4275 0.3372
v -0.265381 0.767578 -0.056397 0.6628 0.4353 0.3412
v -0.323486 0.769043 -0.056397 0.6902 0.4510 0.3490
v 0.323486 0.769043 -0.056396 0.6863 0.4510 0.3490
v -0.263916 0.777344 -0.056397 0.6236 0.4000 0.3019
v 0.263916 0.777344 -0.056396 0.6432 0.4157 0.3137
v -0.103271 0.809570 -0.056397 0.6628 0.4432 0.3451
v 0.103272 0.809570 -0.056396 0.6667 0.4196 0.3176
v 0.069580 0.818359 -0.056396 0.5294 0.3647 0.2745
v -0.048584 0.828613 -0.056396 0.2118 0.1216 0.0706
v 0.020752 0.856445 -0.056396 0.2275 0.1255 0.0824
v -0.030029 0.866699 -0.056396 0.2980 0.1765 0.1137
v -0.037842 0.872559 -0.056396 0.2823 0.1725 0.1098
v -0.057861 0.877930 -0.056396 0.2667 0.1569 0.1059
v -0.032471 0.902344 -0.056396 0.2784 0.1843 0.1255
v -0.032471 0.902832 -0.056396 0.2980 0.1882 0.1294
v 0.026123 0.904785 -0.056396 0.2745 0.1647 0.1176
v 0.029541 0.913086 -0.056396 0.3372 0.2157 0.1451
v -0.103760 0.390137 -0.056397 0.0824 0.1255 0.2353
v 0.103760 0.390137 -0.056396 0.0824 0.1333 0.2353
v -0.095459 0.265137 -0.056397 0.6589 0.4314 0.3372
v 0.095459 0.265137 -0.056396 0.6628 0.4353 0.3412
v -0.115479 0.160645 -0.056397 0.6432 0.4039 0.3098
v 0.115479 0.160645 -0.056396 0.6432 0.4157 0.3137
v -0.115479 0.117676 -0.056397 0.1176 0.1530 0.2432
v 0.115479 0.117676 -0.056396 0.0980 0.1255 0.2275
v -0.148193 0.020508 -0.056397 0.0392 0.0941 0.2432
v 0.148193 0.020508 -0.056396 0.0314 0.0667 0.1725
v 0.147705 0.013184 -0.056396 0.6706 0.4863 0.2627
v -0.147705 0.012695 -0.056397 0.7059 0.5255 0.2941
v -0.159912 0.713379 -0.056885 0.6471 0.4157 0.3216
v 0.159912 0.713379 -0.056885 0.6393 0.4078 0.3098
v -0.159424 0.785156 -0.056885 0.6315 0.4000 0.3098
v 0.159424 0.785156 -0.056885 0.6354 0.4118 0.3137
v 0.201904 0.789062 -0.056885 0.6745 0.4314 0.3333
v -0.201904 0.789551 -0.056885 0.6785 0.4392 0.3412
v 0.157471 0.797852 -0.056885 0.6471 0.4235 0.3294
v -0.157471 0.798340 -0.056885 0.6667 0.4314 0.3255
v -0.088135 0.798828 -0.056885 0.6079 0.3921 0.2941
v 0.088135 0.798828 -0.056885 0.5882 0.3686 0.2784
v 0.068604 0.817871 -0.056885 0.5490 0.3725 0.2863
v -0.000244 0.819336 -0.056885 0.6000 0.3843 0.3019
v 0.070557 0.819336 -0.056885 0.5647 0.3804 0.2823
v -0.052490 0.821777 -0.056885 0.3490 0.2314 0.1725
v 0.068115 0.824219 -0.056885 0.6118 0.4039 0.3176
v -0.061279 0.837891 -0.056885 0.4118 0.2863 0.2235
v 0.049072 0.859375 -0.056885 0.3608 0.2510 0.1843
v 0.044189 0.863770 -0.056885 0.3372 0.2196 0.1412
v -0.014893 0.866699 -0.056885 0.2314 0.1333 0.0902
v -0.018311 0.870605 -0.056885 0.2549 0.1530 0.0902
v -0.032471 0.871094 -0.056885 0.3451 0.2314 0.1647
v 0.007080 0.879883 -0.056885 0.2510 0.1530 0.0980
v -0.005615 0.880371 -0.056885 0.3725 0.2275 0.1569
v 0.011475 0.880371 -0.056885 0.3921 0.2510 0.1804
v -0.057373 0.885742 -0.056885 0.2745 0.1765 0.1216
v -0.060791 0.889648 -0.056885 0.3921 0.2706 0.1882
v -0.059814 0.890137 -0.056885 0.3451 0.2314 0.1647
v -0.036865 0.900391 -0.056885 0.2549 0.1490 0.0941
v 0.032471 0.904785 -0.056885 0.3804 0.2510 0.1922
v 0.027588 0.912598 -0.056885 0.3412 0.2196 0.1451
v 0.031006 0.912598 -0.056885 0.3529 0.2275 0.1530
v -0.100342 0.408691 -0.056885 0.0980 0.1412 0.2432
v 0.100342 0.408691 -0.056885 0.1216 0.1608 0.2667
v -0.055420 0.400391 -0.056885 0.0902 0.1412 0.2510
v 0.055420 0.400391 -0.056885 0.0980 0.1412 0.2510
v -0.145264 0.205078 -0.056885 0.6432 0.4196 0.3216
v 0.145264 0.205078 -0.056885 0.6315 0.3961 0.2941
v -0.112549 0.153809 -0.056885 0.3451 0.2745 0.2980
v 0.112549 0.153809 -0.056885 0.5255 0.3647 0.3255
v -0.128174 0.119141 -0.056885 0.0941 0.1216 0.2235
v 0.128174 0.119141 -0.056885 0.1059 0.1294 0.2314
v 0.131592 0.063477 -0.056885 0.0941 0.1373 0.2510
v -0.118896 0.062988 -0.056885 0.1098 0.1569 0.2706
v -0.131592 0.062988 -0.056885 0.1059 0.1412 0.2588
v 0.118897 0.062988 -0.056885 0.0863 0.1255 0.2392
v -0.131592 0.058105 -0.056885 0.0745 0.1294 0.2588
v 0.131592 0.058105 -0.056885 0.0588 0.1373 0.2745
v -0.041260 0.570801 -0.057373 0.7176 0.5294 0.2392
v 0.041748 0.570801 -0.057373 0.7059 0.5098 0.2157
v -0.060303 0.641113 -0.057373 0.6471 0.4314 0.3372
v 0.060303 0.641113 -0.057373 0.6510 0.4314 0.3333
v -0.236572 0.726074 -0.057373 0.6276 0.4000 0.3137
v 0.236572 0.726074 -0.057373 0.6276 0.3961 0.3098
v -0.323975 0.751953 -0.057373 0.6039 0.3765 0.2823
v 0.323975 0.751953 -0.057373 0.6118 0.3961 0.2980
v -0.232178 0.769531 -0.057373 0.6510 0.4235 0.3294
v 0.232178 0.769531 -0.057373 0.6628 0.4353 0.3412
v 0.223877 0.776367 -0.057373 0.6197 0.4000 0.3019
v -0.224365 0.776855 -0.057373 0.6393 0.4157 0.3216
v -0.021729 0.861328 -0.057373 0.2510 0.1647 0.1137
v 0.019775 0.864746 -0.057373 0.2157 0.1294 0.0824
v -0.009521 0.866211 -0.057373 0.2510 0.1490 0.1059
v -0.061279 0.883789 -0.057373 0.3255 0.2157 0.1490
v -0.061279 0.889648 -0.057373 0.4039 0.2823 0.1882
v -0.033447 0.900879 -0.057373 0.3255 0.2196 0.1608
v 0.029053 0.903809 -0.057373 0.3490 0.2353 0.1725
v -0.123291 0.255859 -0.057373 0.6550 0.4157 0.3098
v 0.123291 0.255859 -0.057373 0.6706 0.4589 0.3568
v -0.125244 0.155273 -0.057373 0.1647 0.1725 0.2549
v 0.125244 0.155273 -0.057373 0.4078 0.3019 0.2941
v 0.019775 0.596680 -0.057861 0.7882 0.6118 0.3137
v -0.034912 0.628418 -0.057861 0.6354 0.4078 0.3216
v 0.034912 0.628418 -0.057861 0.6393 0.4196 0.3294
v -0.059814 0.819824 -0.057861 0.6197 0.4235 0.3568
v 0.023193 0.863770 -0.057861 0.2432 0.1451 0.0941
v 0.018311 0.867188 -0.057861 0.2039 0.1333 0.0784
v -0.059326 0.889648 -0.057861 0.2941 0.1882 0.1294
v -0.061279 0.893555 -0.057861 0.3961 0.2706 0.2000
v -0.114502 0.130371 -0.057861 0.0863 0.1216 0.2510
v 0.114502 0.130371 -0.057861 0.0863 0.1255 0.2510
v -0.118896 0.058594 -0.057861 0.0667 0.1255 0.2667
v 0.118897 0.058594 -0.057861 0.0549 0.1059 0.2471
v -0.013916 0.476562 -0.058350 0.0588 0.0863 0.1608
v 0.013916 0.476562 -0.058350 0.0627 0.0863 0.1647
v -0.019775 0.596680 -0.058350 0.8039 0.6276 0.3137
v -0.024170 0.615723 -0.058350 0.6236 0.4039 0.3137
v 0.024170 0.615723 -0.058350 0.6393 0.4039 0.3098
v -0.218018 0.726562 -0.058350 0.6393 0.4157 0.3216
v 0.218018 0.726562 -0.058350 0.6197 0.3921 0.2980
v -0.223877 0.770508 -0.058350 0.6589 0.4314 0.3372
v 0.223877 0.770508 -0.058350 0.6745 0.4471 0.3529
v -0.214600 0.778809 -0.058350 0.6393 0.4157 0.3176
v -0.164795 0.786621 -0.058350 0.6197 0.3882 0.2823
v 0.164795 0.786621 -0.058350 0.6276 0.4078 0.3137
v -0.093506 0.800781 -0.058350 0.6000 0.3843 0.2902
v 0.093506 0.800781 -0.058350 0.5921 0.3725 0.2823
v -0.057373 0.818359 -0.058350 0.6315 0.4392 0.3490
v 0.064209 0.822266 -0.058350 0.2000 0.1137 0.0706
v -0.060303 0.830566 -0.058350 0.2196 0.1216 0.0745
v -0.049072 0.840820 -0.058350 0.2902 0.1725 0.1255
v -0.052490 0.851562 -0.058350 0.2235 0.1137 0.0667
v -0.052002 0.855469 -0.058350 0.4000 0.2745 0.2000
v 0.026611 0.864258 -0.058350 0.2196 0.1294 0.0863
v -0.017822 0.874512 -0.058350 0.2823 0.1804 0.1176
v -0.059326 0.883789 -0.058350 0.2784 0.1725 0.1176
v -0.057861 0.884277 -0.058350 0.2706 0.1686 0.1176
v -0.061279 0.889160 -0.058350 0.3882 0.2706 0.2000
v -0.036865 0.906250 -0.058350 0.4157 0.2863 0.2000
v -0.034912 0.906738 -0.058350 0.4078 0.2706 0.1843
v -0.035889 0.906738 -0.058350 0.4157 0.2823 0.1961
v 0.026611 0.911621 -0.058350 0.3255 0.2118 0.1412
v 0.031982 0.911621 -0.058350 0.3333 0.2235 0.1490
v 0.030029 0.916504 -0.058350 0.3412 0.2196 0.1490
v -0.046631 0.442871 -0.058350 0.0824 0.1059 0.2000
v 0.046631 0.442871 -0.058350 0.1098 0.1490 0.2471
v -0.074463 0.244629 -0.058350 0.6354 0.4275 0.3294
v 0.074463 0.244629 -0.058350 0.6393 0.4039 0.2902
v -0.127197 0.131836 -0.058350 0.0863 0.1137 0.2353
v 0.127197 0.131836 -0.058350 0.0549 0.0902 0.2157
v -0.019287 0.593262 -0.058838 0.7020 0.5059 0.2157
v 0.019775 0.593262 -0.058838 0.7372 0.5490 0.2588
v -0.244873 0.726074 -0.058838 0.6079 0.3843 0.2980
v 0.244873 0.726074 -0.058838 0.6315 0.3961 0.3098
v -0.214111 0.771973 -0.058838 0.6354 0.4078 0.3137
v 0.214111 0.771973 -0.058838 0.6471 0.4196 0.3216
v 0.214111 0.778320 -0.058838 0.6118 0.3921 0.2941
v -0.113525 0.810547 -0.058838 0.6510 0.4235 0.3294
v 0.113525 0.810547 -0.058838 0.6667 0.4235 0.3255
v 0.070068 0.819824 -0.058838 0.5961 0.3961 0.2980
v -0.005615 0.820312 -0.058838 0.6118 0.3961 0.3137
v 0.005615 0.820312 -0.058838 0.6079 0.4039 0.3137
v -0.017822 0.824707 -0.058838 0.6236 0.4118 0.3176
v 0.017822 0.824707 -0.058838 0.6236 0.4118 0.3176
v 0.035889 0.834473 -0.058838 0.2000 0.1098 0.0588
v -0.048096 0.857422 -0.058838 0.2745 0.1725 0.1216
v 0.047607 0.865234 -0.058838 0.3843 0.2549 0.1686
v 0.019775 0.871582 -0.058838 0.2432 0.1530 0.1020
v -0.060303 0.889160 -0.058838 0.3019 0.2000 0.1412
v -0.059814 0.889648 -0.058838 0.2941 0.1882 0.1333
v -0.037354 0.905762 -0.058838 0.4157 0.2863 0.1961
v 0.029053 0.916504 -0.058838 0.3490 0.2118 0.1490
v 0.030518 0.916504 -0.058838 0.3451 0.2275 0.1608
v 0.030518 0.920410 -0.058838 0.3372 0.2235 0.1530
v -0.042725 0.458008 -0.058838 0.1020 0.1412 0.2471
v 0.042725 0.458008 -0.058838 0.1020 0.1255 0.2196
v -0.105225 0.390625 -0.058838 0.1216 0.1608 0.2588
v 0.105225 0.390625 -0.058838 0.1176 0.1569 0.2588
v -0.067627 0.474609 -0.059326 0.1216 0.1490 0.2510
v 0.067627 0.474609 -0.059326 0.1059 0.1373 0.2314
v -0.000244 0.566406 -0.059326 0.7216 0.5451 0.2627
v 0.019287 0.566406 -0.059326 0.7098 0.5333 0.2627
v -0.019287 0.566895 -0.059326 0.7098 0.5216 0.2471
v -0.019287 0.582520 -0.059326 0.6550 0.4628 0.2039
v 0.019287 0.582520 -0.059326 0.6863 0.4902 0.2196
v 0.000244 0.596680 -0.059326 0.7647 0.5804 0.2706
v -0.000244 0.648438 -0.059326 0.5686 0.3647 0.2745
v -0.130127 0.732910 -0.059326 0.5255 0.3294 0.2392
v 0.130615 0.732910 -0.059326 0.5647 0.3647 0.2745
v -0.323486 0.758789 -0.059326 0.6706 0.4471 0.3451
v 0.323486 0.758789 -0.059326 0.6706 0.4392 0.3412
v 0.147705 0.803223 -0.059326 0.6550 0.4314 0.3255
v -0.147705 0.803711 -0.059326 0.6667 0.4353 0.3294
v 0.071045 0.814941 -0.059326 0.6393 0.4157 0.3216
v 0.068115 0.818848 -0.059326 0.4589 0.2902 0.2000
v -0.058350 0.826660 -0.059326 0.2706 0.1647 0.1137
v -0.036865 0.853027 -0.059326 0.2941 0.1725 0.1294
v 0.046631 0.857910 -0.059326 0.3255 0.2157 0.1530
v 0.043213 0.860840 -0.059326 0.3333 0.2235 0.1569
v -0.001221 0.865234 -0.059326 0.2039 0.1176 0.0784
v -0.042725 0.865723 -0.059326 0.2353 0.1490 0.0902
v 0.046143 0.865723 -0.059326 0.3372 0.2196 0.1333
v 0.028564 0.867188 -0.059326 0.3255 0.2118 0.1412
v -0.034424 0.905762 -0.059326 0.3765 0.2432 0.1686
v 0.027588 0.910645 -0.059326 0.2980 0.1922 0.1255
v 0.031006 0.916016 -0.059326 0.3451 0.2196 0.1490
v 0.028564 0.916504 -0.059326 0.3451 0.2196 0.1569
v -0.058350 0.381348 -0.059326 0.0824 0.1216 0.2275
v 0.058350 0.381348 -0.059326 0.0863 0.1255 0.2314
v -0.090088 0.178223 -0.059326 0.5961 0.3843 0.2902
v 0.090088 0.178223 -0.059326 0.6276 0.4000 0.3059
v -0.126709 0.145020 -0.059326 0.7882 0.5921 0.2784
v 0.126709 0.145020 -0.059326 0.6000 0.4784 0.2863
v -0.113037 0.143066 -0.059326 0.7804 0.5921 0.2823
v 0.113037 0.143066 -0.059326 0.7020 0.5255 0.3098
v -0.115967 0.051758 -0.059326 0.7216 0.5412 0.2784
v 0.115967 0.051758 -0.059326 0.8000 0.5804 0.2823
v -0.132568 0.050781 -0.059326 0.7255 0.5255 0.2471
v 0.132568 0.050781 -0.059326 0.7255 0.5294 0.2549
v -0.115479 0.004395 -0.059326 0.5843 0.4275 0.2353
v 0.115479 0.004395 -0.059326 0.3098 0.2353 0.1647
v 0.000244 0.582520 -0.059814 0.6824 0.4863 0.2314
v 0.000244 0.593262 -0.059814 0.7059 0.5176 0.2275
v -0.046143 0.635742 -0.059814 0.6118 0.3921 0.2980
v 0.046143 0.635742 -0.059814 0.6118 0.3961 0.2980
v -0.257568 0.729492 -0.059814 0.6197 0.4000 0.3019
v 0.257568 0.729492 -0.059814 0.6079 0.3882 0.2980
v -0.304443 0.730469 -0.059815 0.6236 0.3961 0.3059
v 0.304443 0.730469 -0.059814 0.6315 0.4039 0.3176
v -0.265381 0.765137 -0.059814 0.6276 0.4000 0.3059
v -0.275635 0.765625 -0.059814 0.6550 0.4314 0.3255
v -0.189209 0.790039 -0.059814 0.6471 0.4039 0.3098
v 0.189209 0.790039 -0.059814 0.6667 0.4275 0.3372
v -0.136475 0.807129 -0.059814 0.6706 0.4353 0.3333
v 0.136475 0.807129 -0.059814 0.6745 0.4471 0.3529
v -0.124756 0.809570 -0.059814 0.6745 0.4510 0.3451
v 0.124756 0.809570 -0.059814 0.6706 0.4353 0.3412
v -0.057373 0.838867 -0.059814 0.3216 0.2118 0.1294
v -0.048584 0.849121 -0.059814 0.2118 0.1294 0.0784
v -0.040283 0.863281 -0.059814 0.2235 0.1373 0.0941
v -0.010498 0.863770 -0.059814 0.2745 0.1647 0.1098
v 0.048584 0.863770 -0.059814 0.3686 0.2510 0.1725
v -0.041748 0.869141 -0.059814 0.2823 0.1804 0.1294
v 0.010010 0.870605 -0.059814 0.2549 0.1569 0.1098
v 0.006592 0.871094 -0.059814 0.2353 0.1451 0.0941
v 0.028076 0.871094 -0.059814 0.3098 0.1961 0.1373
v 0.024170 0.873535 -0.059814 0.2784 0.1765 0.1176
v -0.035400 0.905273 -0.059814 0.3882 0.2510 0.1647
v -0.036377 0.905273 -0.059814 0.3961 0.2667 0.1804
v 0.031006 0.910156 -0.059814 0.3529 0.2314 0.1569
v -0.070557 0.445312 -0.059814 0.1137 0.1490 0.2627
v 0.070557 0.445312 -0.059814 0.1020 0.1294 0.2353
v -0.077393 0.403809 -0.059814 0.1137 0.1569 0.2667
v 0.077393 0.403809 -0.059814 0.1059 0.1569 0.2588
v -0.054443 0.400391 -0.059814 0.1137 0.1451 0.2471
v 0.054443 0.400391 -0.059814 0.1059 0.1451 0.2432
v -0.176514 0.789062 -0.060303 0.6550 0.4235 0.3255
v 0.176025 0.789062 -0.060303 0.6157 0.3882 0.2941
v -0.092529 0.800293 -0.060303 0.6118 0.3961 0.3019
v 0.092529 0.800293 -0.060303 0.5882 0.3843 0.2980
v -0.081299 0.802246 -0.060303 0.6197 0.3921 0.2980
v 0.081299 0.802246 -0.060303 0.6432 0.4196 0.3176
v -0.060791 0.821777 -0.060303 0.2118 0.1333 0.0863
v -0.053467 0.832031 -0.060303 0.2118 0.1255 0.0784
v -0.064697 0.833984 -0.060303 0.4157 0.2941 0.2235
v -0.044678 0.855469 -0.060303 0.2196 0.1373 0.1020
v -0.036865 0.862793 -0.060303 0.2078 0.1294 0.0824
v -0.004150 0.868652 -0.060303 0.2823 0.1725 0.1216
v -0.038330 0.871094 -0.060303 0.3137 0.2000 0.1412
v 0.013428 0.872070 -0.060303 0.2863 0.1843 0.1294
v 0.005615 0.875000 -0.060303 0.2549 0.1647 0.1137
v 0.013428 0.875977 -0.060303 0.3412 0.2196 0.1569
v -0.012939 0.876953 -0.060303 0.4078 0.2706 0.2078
v 0.029053 0.910156 -0.060303 0.3255 0.2118 0.1373
v 0.030029 0.916016 -0.060303 0.3333 0.2118 0.1373
v 0.030518 0.916016 -0.060303 0.3412 0.2157 0.1451
v 0.029053 0.916504 -0.060303 0.3255 0.2118 0.1373
v -0.042236 0.468750 -0.060303 0.0902 0.1176 0.2039
v 0.042236 0.468750 -0.060303 0.0941 0.1176 0.2078
v -0.109131 0.375000 -0.060303 0.1725 0.2392 0.3686
v 0.109131 0.375000 -0.060303 0.0275 0.0784 0.1804
v -0.125732 0.154297 -0.060303 0.0824 0.1451 0.2823
v 0.125732 0.154297 -0.060303 0.1216 0.2000 0.3176
v 0.111572 0.152832 -0.060303 0.1882 0.1765 0.2588
v -0.111572 0.152344 -0.060303 0.1059 0.1686 0.3333
v -0.127197 0.142578 -0.060303 0.7216 0.5255 0.2471
v 0.127197 0.142578 -0.060303 0.7372 0.5412 0.2667
v -0.133057 0.003906 -0.060303 0.3568 0.2823 0.1961
v 0.133057 0.003906 -0.060303 0.6315 0.4902 0.3059
v -0.000244 0.570801 -0.060791 0.7882 0.5921 0.3059
v -0.019287 0.570801 -0.060791 0.7529 0.5647 0.2706
v 0.019287 0.570801 -0.060791 0.7568 0.5569 0.2588
v -0.010986 0.629883 -0.060791 0.6157 0.3961 0.3059
v 0.010986 0.629883 -0.060791 0.6197 0.4000 0.3098
v -0.073975 0.649902 -0.060791 0.6393 0.4157 0.3294
v 0.073975 0.649902 -0.060791 0.6432 0.4157 0.3216
v -0.248779 0.762207 -0.060791 0.6236 0.3961 0.3098
v 0.248779 0.762207 -0.060791 0.6157 0.3882 0.2941
v -0.240967 0.762695 -0.060791 0.6354 0.4078 0.3137
v 0.240967 0.762695 -0.060791 0.6393 0.4118 0.3176
v 0.058350 0.831543 -0.060791 0.2118 0.1216 0.0863
v 0.055908 0.835449 -0.060791 0.3490 0.2078 0.1490
v -0.063232 0.836914 -0.060791 0.3176 0.2078 0.1490
v 0.050537 0.839355 -0.060791 0.3098 0.1961 0.1373
v 0.034424 0.848145 -0.060791 0.3019 0.1882 0.1333
v -0.044189 0.851074 -0.060791 0.3294 0.2039 0.1373
v -0.027588 0.852051 -0.060791 0.2510 0.1451 0.0980
v -0.033936 0.864258 -0.060791 0.2863 0.1608 0.1098
v 0.046143 0.864746 -0.060791 0.3176 0.2078 0.1294
v -0.032959 0.866699 -0.060791 0.2902 0.1647 0.1137
v -0.034424 0.869629 -0.060791 0.3372 0.2118 0.1569
v 0.007568 0.877930 -0.060791 0.2627 0.1608 0.1098
v 0.010986 0.878418 -0.060791 0.3333 0.2235 0.1569
v -0.036377 0.909668 -0.060791 0.4078 0.2667 0.1882
v -0.067627 0.461426 -0.060791 0.1216 0.1569 0.2706
v 0.067627 0.461426 -0.060791 0.1216 0.1569 0.2667
v -0.050537 0.422852 -0.060791 0.1059 0.1412 0.2314
v 0.050537 0.422852 -0.060791 0.1020 0.1333 0.2235
v -0.061768 0.363770 -0.060791 0.0471 0.0941 0.1882
v 0.061768 0.363770 -0.060791 0.0510 0.0824 0.1843
v -0.133057 0.184082 -0.060791 0.6315 0.4039 0.3098
v 0.133057 0.184082 -0.060791 0.6393 0.4157 0.3216
v -0.126221 0.151367 -0.060791 0.0353 0.0902 0.2314
v 0.126221 0.151367 -0.060791 0.0314 0.1059 0.2510
v -0.112061 0.149902 -0.060791 0.0392 0.1020 0.2471
v 0.112061 0.149902 -0.060791 0.0314 0.1059 0.2353
v -0.113037 0.141113 -0.060791 0.6863 0.4941 0.2078
v 0.113037 0.141113 -0.060791 0.7137 0.5137 0.2432
v -0.064697 0.538086 -0.061279 0.1137 0.1412 0.2510
v 0.064697 0.538086 -0.061279 0.1137 0.1451 0.2588
v -0.207764 0.725586 -0.061279 0.6276 0.4039 0.3098
v 0.207764 0.725586 -0.061279 0.6236 0.4000 0.3098
v -0.125732 0.726562 -0.061279 0.5530 0.3490 0.2667
v 0.125732 0.726562 -0.061279 0.6118 0.3961 0.2980
v -0.238037 0.732910 -0.061279 0.5725 0.3568 0.2706
v 0.238037 0.732910 -0.061279 0.5843 0.3765 0.2902
v -0.288818 0.761719 -0.061279 0.6589 0.4314 0.3372
v 0.288818 0.761719 -0.061279 0.6550 0.4275 0.3333
v -0.060791 0.816895 -0.061279 0.6000 0.4157 0.3255
v 0.012451 0.857910 -0.061279 0.2471 0.1412 0.0941
v 0.047607 0.863281 -0.061279 0.3490 0.2235 0.1490
v 0.048096 0.868652 -0.061279 0.3686 0.2549 0.1765
v -0.073975 0.425781 -0.061279 0.1020 0.1373 0.2471
v 0.073975 0.425781 -0.061279 0.1216 0.1647 0.2745
v -0.110596 0.253418 -0.061279 0.6706 0.4432 0.3490
v 0.110596 0.253418 -0.061279 0.6785 0.4510 0.3568
v -0.112061 0.181641 -0.061279 0.6157 0.4000 0.3019
v 0.112061 0.181641 -0.061279 0.6157 0.3961 0.2980
v 0.121338 0.051758 -0.061279 0.7843 0.5921 0.2745
v -0.121338 0.051270 -0.061279 0.6628 0.4706 0.2157
v 0.114502 0.039062 -0.061279 0.7020 0.5216 0.1922
v -0.114502 0.038574 -0.061279 0.5647 0.4550 0.3255
v -0.270752 0.730469 -0.061768 0.6276 0.4000 0.3137
v 0.270752 0.730469 -0.061768 0.6000 0.3843 0.2941
v -0.257080 0.762207 -0.061768 0.6118 0.3921 0.3019
v 0.257080 0.762207 -0.061768 0.6354 0.4118 0.3137
v -0.153076 0.791016 -0.061768 0.6039 0.3843 0.2863
v 0.153076 0.791016 -0.061768 0.5921 0.3804 0.2902
v -0.102295 0.802734 -0.061768 0.6276 0.4118 0.3176
v 0.102295 0.802734 -0.061768 0.6197 0.4000 0.3098
v -0.058838 0.815918 -0.061768 0.4784 0.3176 0.2471
v -0.055420 0.818848 -0.061768 0.2863 0.1922 0.1451
v -0.053955 0.825195 -0.061768 0.2039 0.1255 0.0706
v 0.055420 0.829102 -0.061768 0.2784 0.1647 0.1059
v -0.056396 0.832031 -0.061768 0.2275 0.1333 0.0824
v -0.044189 0.841797 -0.061768 0.2039 0.1137 0.0706
v -0.030518 0.853516 -0.061768 0.3608 0.2353 0.1608
v -0.002686 0.872559 -0.061768 0.2823 0.1686 0.1137
v -0.006592 0.876465 -0.061768 0.3647 0.2314 0.1686
v 0.113525 0.008301 -0.061768 0.3804 0.2588 0.1216
v -0.113525 0.007812 -0.061768 0.4235 0.3059 0.2078
v -0.123291 0.004395 -0.061768 0.4863 0.3608 0.2000
v 0.123291 0.004395 -0.061768 0.3176 0.2235 0.1176
v -0.245361 0.731934 -0.062256 0.6236 0.4039 0.3137
v 0.245361 0.731934 -0.062256 0.5686 0.3647 0.2823
v -0.228760 0.733398 -0.062256 0.5961 0.3765 0.2863
v 0.228760 0.733398 -0.062256 0.6039 0.3882 0.2980
v 0.201904 0.780273 -0.062256 0.6315 0.4039 0.3176
v -0.201904 0.780762 -0.062256 0.6197 0.3961 0.2941
v 0.152100 0.789551 -0.062256 0.6079 0.3882 0.2941
v -0.151611 0.790039 -0.062256 0.6039 0.3843 0.2863
v -0.050049 0.824707 -0.062256 0.2000 0.1216 0.0706
v -0.063232 0.831543 -0.062256 0.2706 0.1608 0.1059
v -0.034424 0.833008 -0.062256 0.1804 0.0941 0.0627
v -0.053467 0.836426 -0.062256 0.3451 0.2118 0.1490
v -0.015869 0.854492 -0.062256 0.2235 0.1412 0.0902
v -0.080811 0.385742 -0.062256 0.0902 0.1333 0.2432
v 0.080811 0.385742 -0.062256 0.0863 0.1412 0.2510
v -0.057373 0.381836 -0.062256 0.0941 0.1255 0.2196
v 0.057373 0.381836 -0.062256 0.0980 0.1294 0.2196
v -0.086182 0.247559 -0.062256 0.6354 0.4078 0.3137
v 0.086182 0.247559 -0.062256 0.6354 0.4078 0.3137
v -0.134033 0.038086 -0.062256 0.6589 0.4980 0.2275
v 0.134033 0.038086 -0.062256 0.7451 0.5333 0.2627
v -0.065186 0.484375 -0.062744 0.1020 0.1294 0.2314
v 0.065186 0.484375 -0.062744 0.1137 0.1412 0.2432
v -0.024658 0.628418 -0.062744 0.6393 0.4157 0.3216
v 0.024658 0.628418 -0.062744 0.6393 0.4196 0.3216
v -0.289795 0.728027 -0.062744 0.6236 0.4000 0.3059
v 0.289795 0.728027 -0.062744 0.6471 0.4196 0.3255
v -0.304443 0.738281 -0.062744 0.6550 0.4275 0.3412
v 0.304443 0.738281 -0.062744 0.6354 0.4078 0.3137
v -0.304932 0.745605 -0.062744 0.6276 0.4039 0.3137
v 0.304932 0.745605 -0.062744 0.6039 0.3843 0.2941
v -0.305420 0.761719 -0.062744 0.6785 0.4471 0.3529
v 0.305420 0.761719 -0.062744 0.6589 0.4314 0.3372
v 0.158447 0.779297 -0.062744 0.6236 0.4039 0.3137
v -0.158447 0.779785 -0.062744 0.6393 0.4196 0.3216
v -0.043213 0.833496 -0.062744 0.1843 0.0941 0.0510
v -0.051514 0.856445 -0.062744 0.3255 0.2157 0.1412
v 0.003662 0.857422 -0.062744 0.3412 0.2275 0.1725
v -0.077881 0.404297 -0.062744 0.1137 0.1569 0.2588
v 0.077881 0.404297 -0.062744 0.1098 0.1373 0.2392
v -0.098389 0.250488 -0.062744 0.6276 0.4000 0.3059
v 0.098389 0.250488 -0.062744 0.6510 0.4235 0.3294
v -0.113525 0.024902 -0.062744 0.0784 0.1294 0.2627
v 0.113525 0.024902 -0.062744 0.0627 0.1098 0.2157
v -0.113037 0.014648 -0.062744 0.6824 0.5255 0.2941
v 0.113037 0.014648 -0.062744 0.5647 0.3843 0.1412
v -0.219482 0.733398 -0.063232 0.6000 0.3804 0.2902
v 0.219482 0.733398 -0.063232 0.6276 0.4078 0.3098
v 0.203369 0.771973 -0.063232 0.6197 0.4000 0.3019
v -0.203369 0.772461 -0.063232 0.6315 0.4039 0.3098
v -0.083740 0.793457 -0.063232 0.6236 0.4000 0.3098
v 0.083740 0.793457 -0.063232 0.6039 0.3765 0.2863
v -0.101318 0.802246 -0.063232 0.6276 0.3961 0.3019
v 0.101318 0.802246 -0.063232 0.6079 0.3882 0.2980
v -0.061768 0.818359 -0.063232 0.4667 0.3059 0.2353
v -0.059326 0.822754 -0.063232 0.2784 0.1843 0.1294
v -0.060791 0.837891 -0.063232 0.2941 0.1843 0.1294
v 0.022217 0.848633 -0.063232 0.3137 0.1961 0.1373
v -0.049072 0.857422 -0.063232 0.2784 0.1804 0.1137
v 0.019287 0.868652 -0.063232 0.2157 0.1333 0.0784
v -0.018311 0.869629 -0.063232 0.2235 0.1333 0.0824
v 0.020752 0.871582 -0.063232 0.2275 0.1412 0.0902
v -0.084229 0.368164 -0.063232 0.0588 0.1020 0.2118
v 0.084229 0.368164 -0.063232 0.0588 0.1020 0.2078
v -0.128174 0.239746 -0.063232 0.6393 0.4118 0.3059
v 0.128174 0.239746 -0.063232 0.6628 0.4353 0.3412
v -0.112549 0.022461 -0.063232 0.0941 0.1255 0.2000
v 0.112549 0.022461 -0.063232 0.0588 0.0902 0.1765
v -0.135010 0.007324 -0.063232 0.4235 0.3216 0.2000
v 0.135010 0.007324 -0.063232 0.4432 0.3255 0.1882
v -0.231689 0.763184 -0.063721 0.6667 0.4314 0.3372
v 0.231689 0.763184 -0.063721 0.6628 0.4353 0.3412
v -0.112061 0.803223 -0.063721 0.6393 0.4118 0.3176
v 0.112061 0.803223 -0.063721 0.6510 0.4157 0.3294
v -0.060791 0.813477 -0.063721 0.5255 0.3529 0.2706
v -0.061768 0.814453 -0.063721 0.6000 0.4000 0.3059
v 0.049072 0.830566 -0.063721 0.2235 0.1255 0.0824
v 0.045166 0.837891 -0.063721 0.3216 0.2039 0.1530
v -0.042725 0.844238 -0.063721 0.2000 0.1216 0.0863
v -0.052002 0.854004 -0.063721 0.3255 0.2157 0.1490
v -0.022705 0.854980 -0.063721 0.2667 0.1647 0.1059
v 0.020264 0.866699 -0.063721 0.3255 0.2039 0.1451
v -0.040771 0.869141 -0.063721 0.3098 0.2157 0.1373
v -0.038330 0.870117 -0.063721 0.2941 0.1922 0.1216
v -0.017334 0.873047 -0.063721 0.3059 0.2039 0.1294
v 0.023682 0.873047 -0.063721 0.2863 0.1804 0.1216
v -0.075439 0.227051 -0.063721 0.6236 0.4078 0.3059
v 0.075439 0.227051 -0.063721 0.6354 0.4000 0.2980
v 0.135010 0.024414 -0.063721 0.0863 0.1255 0.2235
v -0.135010 0.023926 -0.063721 0.0471 0.1098 0.2392
v -0.209717 0.734375 -0.064209 0.6000 0.3843 0.2941
v 0.209717 0.734375 -0.064209 0.6236 0.4039 0.3137
v -0.265869 0.761719 -0.064209 0.6393 0.4118 0.3176
v -0.276611 0.761719 -0.064209 0.6471 0.4196 0.3255
v 0.265869 0.761719 -0.064209 0.6118 0.3843 0.2902
v 0.276611 0.761719 -0.064209 0.6276 0.4000 0.3059
v -0.156494 0.781250 -0.064209 0.6039 0.3843 0.2863
v 0.156494 0.781250 -0.064209 0.6276 0.4039 0.3098
v -0.143799 0.796387 -0.064209 0.6471 0.4235 0.3137
v 0.143799 0.796387 -0.064209 0.6118 0.3921 0.3019
v -0.057861 0.816406 -0.064209 0.3882 0.2745 0.2275
v -0.066162 0.835938 -0.064209 0.3098 0.2039 0.1373
v -0.065186 0.837891 -0.064209 0.3216 0.2078 0.1373
v -0.046631 0.856445 -0.064209 0.2863 0.1765 0.1216
v -0.015381 0.866211 -0.064209 0.2627 0.1569 0.1020
v 0.022705 0.866211 -0.064209 0.3216 0.1843 0.1216
v 0.024658 0.866699 -0.064209 0.3647 0.2314 0.1686
v -0.041260 0.867188 -0.064209 0.2471 0.1569 0.1059
v 0.026123 0.868652 -0.064209 0.2235 0.1333 0.0588
v -0.036377 0.869629 -0.064209 0.2588 0.1569 0.1098
v 0.025635 0.871582 -0.064209 0.3137 0.2039 0.1412
v 0.008057 0.877930 -0.064209 0.2784 0.1843 0.1176
v -0.100830 0.187012 -0.064209 0.6157 0.4000 0.3059
v 0.100830 0.187012 -0.064209 0.6079 0.3843 0.3019
v -0.122314 0.038574 -0.064209 0.6315 0.5059 0.3216
v 0.122314 0.038574 -0.064209 0.6785 0.5255 0.3059
v -0.042725 0.553223 -0.064697 0.1176 0.1490 0.2667
v 0.042725 0.553223 -0.064697 0.1176 0.1530 0.2745
v -0.146240 0.725098 -0.064697 0.6197 0.4000 0.3098
v -0.134521 0.742676 -0.064697 0.5647 0.3608 0.2706
v 0.134522 0.742676 -0.064697 0.5725 0.3647 0.2745
v -0.304932 0.751465 -0.064697 0.6276 0.4000 0.3059
v 0.304932 0.751465 -0.064697 0.6510 0.4235 0.3294
v -0.223389 0.764160 -0.064697 0.6706 0.4432 0.3490
v 0.222900 0.764160 -0.064697 0.6589 0.4314 0.3372
v -0.142822 0.794922 -0.064697 0.6157 0.3921 0.2902
v 0.142822 0.794922 -0.064697 0.6079 0.3961 0.3019
v -0.000244 0.808105 -0.064697 0.6079 0.3921 0.3098
v -0.067627 0.809082 -0.064697 0.6315 0.4078 0.3098
v 0.067627 0.809082 -0.064697 0.6589 0.4314 0.3451
v -0.062256 0.815430 -0.064697 0.6079 0.4039 0.3137
v -0.056396 0.821289 -0.064697 0.2823 0.1843 0.1294
v -0.054932 0.827148 -0.064697 0.1608 0.0941 0.0588
v -0.060303 0.832520 -0.064697 0.2432 0.1412 0.0863
v -0.039795 0.865723 -0.064697 0.2392 0.1530 0.1098
v -0.035400 0.867676 -0.064697 0.3137 0.2039 0.1490
v -0.013428 0.875488 -0.064697 0.3843 0.2667 0.2000
v 0.006592 0.875977 -0.064697 0.2275 0.1451 0.0980
v 0.011963 0.876465 -0.064697 0.3294 0.2196 0.1569
v 0.010498 0.878418 -0.064697 0.2980 0.2039 0.1490
v -0.083252 0.191895 -0.064697 0.6197 0.3961 0.3019
v 0.083252 0.191895 -0.064697 0.6393 0.4118 0.3176
v -0.125244 0.191406 -0.064697 0.6197 0.3921 0.3059
v 0.125244 0.191406 -0.064697 0.6236 0.4039 0.3059
v -0.135010 0.014160 -0.064697 0.6510 0.4745 0.2432
v 0.135010 0.014160 -0.064697 0.6471 0.4550 0.2196
v -0.040771 0.479004 -0.065186 0.0980 0.1255 0.2275
v 0.040771 0.479004 -0.065186 0.0941 0.1176 0.2118
v -0.068115 0.500000 -0.065186 0.0941 0.1216 0.2235
v 0.068115 0.500000 -0.065186 0.1059 0.1412 0.2432
v -0.118896 0.715332 -0.065186 0.5882 0.3647 0.2745
v 0.118897 0.715332 -0.065186 0.5961 0.3804 0.2980
v 0.146729 0.725098 -0.065186 0.6197 0.3882 0.2941
v -0.238525 0.736816 -0.065186 0.5882 0.3765 0.2823
v 0.238525 0.736816 -0.065186 0.5882 0.3725 0.2784
v -0.279541 0.738281 -0.065186 0.6079 0.3882 0.2941
v 0.279541 0.738281 -0.065186 0.5843 0.3686 0.2745
v -0.290283 0.742188 -0.065186 0.6276 0.4078 0.3098
v 0.290283 0.742188 -0.065186 0.5961 0.3804 0.2863
v -0.240479 0.751953 -0.065186 0.6197 0.4000 0.3019
v 0.240479 0.751953 -0.065186 0.6432 0.4157 0.3216
v 0.213135 0.765137 -0.065186 0.6471 0.4235 0.3294
v -0.213623 0.765625 -0.065186 0.6315 0.4039 0.3098
v -0.205811 0.766113 -0.065186 0.6354 0.4078 0.3137
v 0.163330 0.779785 -0.065186 0.6157 0.4039 0.3098
v -0.163330 0.780273 -0.065186 0.6589 0.4353 0.3412
v 0.133545 0.799805 -0.065186 0.6236 0.3961 0.3098
v -0.133545 0.800293 -0.065186 0.6589 0.4314 0.3294
v -0.122803 0.802246 -0.065186 0.6628 0.4314 0.3294
v 0.122803 0.802246 -0.065186 0.6550 0.4235 0.3294
v -0.062744 0.812012 -0.065186 0.6236 0.4118 0.3255
v -0.063232 0.812012 -0.065186 0.6315 0.4118 0.3255
v -0.060791 0.818848 -0.065186 0.5019 0.3176 0.2471
v 0.046143 0.832520 -0.065186 0.2510 0.1490 0.1020
v -0.052002 0.834961 -0.065186 0.2118 0.1216 0.0667
v -0.065186 0.834961 -0.065186 0.2980 0.1922 0.1255
v -0.058838 0.835938 -0.065186 0.2784 0.1765 0.1020
v 0.024170 0.837402 -0.065186 0.2039 0.1216 0.0706
v -0.063721 0.837891 -0.065186 0.3255 0.2157 0.1451
v -0.049561 0.852539 -0.065186 0.2078 0.1333 0.0941
v -0.046631 0.853516 -0.065186 0.4039 0.2745 0.1961
v -0.011475 0.858887 -0.065186 0.3137 0.1961 0.1412
v -0.037842 0.865234 -0.065186 0.2588 0.1530 0.1059
v -0.035889 0.866211 -0.065186 0.3882 0.2627 0.1961
v 0.009521 0.873047 -0.065186 0.2784 0.1725 0.1176
v 0.007080 0.873535 -0.065186 0.2353 0.1490 0.1020
v 0.011475 0.874023 -0.065186 0.2863 0.1765 0.1137
v -0.080811 0.386230 -0.065186 0.1255 0.1647 0.2784
v 0.080811 0.386230 -0.065186 0.1137 0.1530 0.2549
v -0.059814 0.365723 -0.065186 0.0549 0.1294 0.2588
v 0.059814 0.365723 -0.065186 0.0824 0.1490 0.2706
v -0.135498 0.021973 -0.065186 0.0431 0.1020 0.2157
v 0.135498 0.021973 -0.065186 0.0549 0.0902 0.1608
v -0.065674 0.519531 -0.065674 0.1059 0.1373 0.2432
v 0.065674 0.519531 -0.065674 0.1176 0.1530 0.2667
v -0.031006 0.643066 -0.065674 0.6000 0.3804 0.2902
v 0.031006 0.643066 -0.065674 0.6079 0.3882 0.2980
v -0.290283 0.736328 -0.065674 0.6550 0.4353 0.3412
v 0.290283 0.736328 -0.065674 0.6393 0.4118 0.3216
v 0.205322 0.765625 -0.065674 0.6276 0.4000 0.3019
v -0.089111 0.797363 -0.065674 0.5882 0.3725 0.2863
v 0.089111 0.797363 -0.065674 0.6197 0.4000 0.3137
v -0.111572 0.802734 -0.065674 0.6432 0.4157 0.3216
v 0.111572 0.802734 -0.065674 0.6510 0.4275 0.3255
v -0.063721 0.812500 -0.065674 0.6354 0.4157 0.3255
v -0.060303 0.813965 -0.065674 0.4863 0.3216 0.2549
v -0.002197 0.859863 -0.065674 0.2706 0.1569 0.1098
v -0.011475 0.865723 -0.065674 0.2314 0.1412 0.0784
v -0.122314 0.024902 -0.065674 0.0471 0.1059 0.2353
v 0.122314 0.024902 -0.065674 0.0784 0.1294 0.2196
v -0.123291 0.007812 -0.065674 0.4353 0.3176 0.2039
v 0.123291 0.007812 -0.065674 0.4275 0.3176 0.2157
v -0.245361 0.734863 -0.066162 0.5961 0.3765 0.2863
v 0.245361 0.734863 -0.066162 0.5921 0.3765 0.2823
v -0.138916 0.739258 -0.066162 0.6039 0.3921 0.2902
v 0.138916 0.739258 -0.066162 0.6039 0.3843 0.2941
v -0.065186 0.810059 -0.066162 0.6315 0.4196 0.3216
v -0.062744 0.812012 -0.066162 0.6118 0.4118 0.3176
v -0.063232 0.812500 -0.066162 0.6315 0.4196 0.3216
v -0.061768 0.815430 -0.066162 0.6000 0.4039 0.3137
v -0.058350 0.817871 -0.066162 0.3294 0.2118 0.1530
v -0.050537 0.821289 -0.066162 0.2314 0.1373 0.0863
v 0.056396 0.837402 -0.066162 0.2902 0.1882 0.1373
v -0.008057 0.875000 -0.066162 0.4039 0.2510 0.1804
v -0.133057 0.203125 -0.066162 0.6393 0.4118 0.3176
v 0.133057 0.203125 -0.066162 0.6354 0.4078 0.3176
v -0.085205 0.660645 -0.066650 0.6276 0.4078 0.3176
v 0.085205 0.660645 -0.066650 0.6354 0.4078 0.3216
v -0.000244 0.661621 -0.066650 0.5725 0.3608 0.2667
v -0.193115 0.722656 -0.066650 0.6236 0.3882 0.2980
v 0.193115 0.722656 -0.066650 0.6393 0.4118 0.3255
v -0.130615 0.736816 -0.066650 0.5412 0.3333 0.2510
v 0.130615 0.736816 -0.066650 0.5804 0.3686 0.2706
v -0.290283 0.751465 -0.066650 0.6236 0.3961 0.3059
v 0.290283 0.751465 -0.066650 0.6276 0.4000 0.3019
v -0.137939 0.751953 -0.066650 0.5882 0.3765 0.2863
v 0.137939 0.751953 -0.066650 0.5686 0.3529 0.2784
v -0.230713 0.752441 -0.066650 0.6432 0.4157 0.3216
v 0.230713 0.752441 -0.066650 0.6628 0.4353 0.3412
v -0.279053 0.754395 -0.066650 0.6276 0.4000 0.3059
v 0.279053 0.754395 -0.066650 0.6354 0.4078 0.3137
v 0.156006 0.771484 -0.066650 0.6197 0.4000 0.3019
v -0.156006 0.771973 -0.066650 0.6118 0.3921 0.2941
v -0.133057 0.799316 -0.066650 0.6393 0.4078 0.3137
v 0.133057 0.799316 -0.066650 0.6236 0.3961 0.3098
v -0.011475 0.811035 -0.066650 0.6197 0.4078 0.3137
v 0.011475 0.811035 -0.066650 0.6236 0.4000 0.3098
v -0.062744 0.812012 -0.066650 0.6236 0.4157 0.3176
v -0.053955 0.813965 -0.066650 0.6157 0.3961 0.3059
v 0.053955 0.813965 -0.066650 0.6550 0.4275 0.3333
v -0.060791 0.814941 -0.066650 0.4784 0.3098 0.2353
v -0.024170 0.816406 -0.066650 0.6276 0.4157 0.3216
v 0.024170 0.816406 -0.066650 0.6236 0.4118 0.3176
v -0.036865 0.818359 -0.066650 0.6039 0.4078 0.3255
v 0.036865 0.818359 -0.066650 0.6197 0.4078 0.3137
v 0.058350 0.833984 -0.066650 0.2941 0.1922 0.1373
v -0.064209 0.835449 -0.066650 0.3686 0.2549 0.1765
v -0.063232 0.836914 -0.066650 0.3490 0.2353 0.1608
v -0.051025 0.858398 -0.066650 0.3608 0.2353 0.1490
v -0.050049 0.858887 -0.066650 0.3608 0.2353 0.1530
v -0.131592 0.222168 -0.066650 0.6550 0.4196 0.3255
v 0.131592 0.222168 -0.066650 0.6589 0.4353 0.3372
v -0.077881 0.208984 -0.066650 0.6315 0.4118 0.3137
v 0.077881 0.208984 -0.066650 0.6393 0.4039 0.3098
v -0.107666 0.198730 -0.066650 0.6471 0.4275 0.3333
v 0.107666 0.198730 -0.066650 0.6393 0.4118 0.3137
v -0.123291 0.014648 -0.066650 0.7176 0.5373 0.2941
v 0.123291 0.014648 -0.066650 0.5921 0.4157 0.1608
v -0.037354 0.645020 -0.067139 0.6118 0.3882 0.2902
v 0.037354 0.645020 -0.067139 0.6000 0.3882 0.2941
v -0.229248 0.736816 -0.067139 0.6157 0.3961 0.2980
v 0.229248 0.736816 -0.067139 0.6197 0.3921 0.3059
v -0.239502 0.744629 -0.067139 0.6315 0.4078 0.3098
v 0.239502 0.744629 -0.067139 0.6197 0.3961 0.3019
v -0.221924 0.753418 -0.067139 0.6628 0.4392 0.3451
v 0.221924 0.753418 -0.067139 0.6471 0.4196 0.3255
v -0.212158 0.753906 -0.067139 0.6550 0.4275 0.3294
v 0.212158 0.753906 -0.067139 0.6510 0.4235 0.3294
v -0.203857 0.754395 -0.067139 0.6039 0.3921 0.2941
v 0.198486 0.772461 -0.067139 0.6432 0.4157 0.3216
v -0.198486 0.772949 -0.067139 0.6197 0.3882 0.2941
v -0.188721 0.781250 -0.067139 0.6550 0.4196 0.3176
v 0.188721 0.781250 -0.067139 0.6550 0.4196 0.3255
v -0.079346 0.788574 -0.067139 0.6000 0.3804 0.2863
v 0.079346 0.788574 -0.067139 0.6118 0.3882 0.2902
v -0.122314 0.801758 -0.067139 0.6432 0.4275 0.3333
v 0.122314 0.801758 -0.067139 0.6510 0.4157 0.3216
v 0.018311 0.836426 -0.067139 0.1882 0.1020 0.0706
v -0.066650 0.839844 -0.067139 0.3137 0.2157 0.1373
v 0.052979 0.839844 -0.067139 0.2784 0.1804 0.1255
v -0.038330 0.846680 -0.067139 0.3333 0.2039 0.1569
v -0.007080 0.867676 -0.067139 0.3059 0.1882 0.1373
v -0.039795 0.870117 -0.067139 0.3333 0.2196 0.1608
v -0.038818 0.870605 -0.067139 0.3294 0.2157 0.1412
v -0.005615 0.871582 -0.067139 0.2784 0.1725 0.1216
v -0.122803 0.022461 -0.067139 0.0980 0.1176 0.1843
v 0.122803 0.022461 -0.067139 0.0706 0.0863 0.1804
v -0.000244 0.551270 -0.067627 0.1176 0.1530 0.2706
v 0.019287 0.551758 -0.067627 0.1059 0.1412 0.2549
v -0.270264 0.735352 -0.067627 0.5921 0.3725 0.2823
v 0.270264 0.735352 -0.067627 0.6000 0.3804 0.2823
v -0.219971 0.737793 -0.067627 0.6393 0.4118 0.3176
v 0.219971 0.737793 -0.067627 0.6393 0.4118 0.3176
v -0.210205 0.738281 -0.067627 0.6315 0.4118 0.3137
v 0.202393 0.738281 -0.067627 0.6276 0.4000 0.3059
v 0.210205 0.738281 -0.067627 0.6432 0.4157 0.3216
v -0.202393 0.738770 -0.067627 0.5921 0.3725 0.2784
v 0.203857 0.753906 -0.067627 0.6276 0.4000 0.3059
v -0.054932 0.822266 -0.067627 0.2549 0.1569 0.1098
v -0.051514 0.857422 -0.067627 0.3451 0.2353 0.1530
v -0.049072 0.858398 -0.067627 0.3490 0.2275 0.1569
v -0.040283 0.869141 -0.067627 0.3098 0.2078 0.1530
v -0.037842 0.870605 -0.067627 0.3098 0.2039 0.1333
v 0.021729 0.872559 -0.067627 0.2784 0.1804 0.1176
v 0.022705 0.873535 -0.067627 0.2980 0.1922 0.1255
v -0.016846 0.874023 -0.067627 0.3137 0.2000 0.1373
v -0.084229 0.370605 -0.067627 0.0627 0.1373 0.2667
v 0.084229 0.370605 -0.067627 0.0863 0.1490 0.2745
v -0.114014 0.236816 -0.067627 0.6589 0.4314 0.3372
v 0.114014 0.236816 -0.067627 0.6706 0.4471 0.3490
v -0.088135 0.230469 -0.067627 0.6315 0.4039 0.3098
v 0.088135 0.230469 -0.067627 0.6393 0.4157 0.3216
v -0.099365 0.196289 -0.067627 0.6157 0.3961 0.2980
v 0.099365 0.196289 -0.067627 0.6236 0.3961 0.3019
v -0.019775 0.552246 -0.068115 0.1059 0.1451 0.2510
v -0.025146 0.644531 -0.068115 0.6354 0.4157 0.3176
v 0.025146 0.644531 -0.068115 0.6236 0.4000 0.2980
v -0.011963 0.646973 -0.068115 0.6197 0.4000 0.3098
v 0.011963 0.646973 -0.068115 0.6236 0.4039 0.3059
v -0.162354 0.721191 -0.068115 0.6276 0.4039 0.3137
v 0.162354 0.721191 -0.068115 0.6550 0.4157 0.3176
v -0.255615 0.733398 -0.068115 0.5882 0.3647 0.2863
v 0.255615 0.733398 -0.068115 0.6039 0.3804 0.2902
v -0.175049 0.781250 -0.068115 0.6589 0.4235 0.3294
v 0.175049 0.781250 -0.068115 0.6510 0.4275 0.3216
v -0.149658 0.786621 -0.068115 0.6354 0.4078 0.3137
v 0.149658 0.786621 -0.068115 0.6432 0.4157 0.3216
v -0.035889 0.825684 -0.068115 0.1961 0.1098 0.0627
v 0.056396 0.832031 -0.068115 0.2706 0.1765 0.1216
v -0.045654 0.835449 -0.068115 0.2235 0.1451 0.0902
v -0.047119 0.835938 -0.068115 0.2471 0.1490 0.0980
v 0.037354 0.841797 -0.068115 0.3294 0.2078 0.1412
v -0.050537 0.856934 -0.068115 0.3294 0.2196 0.1530
v -0.049072 0.857422 -0.068115 0.3255 0.2118 0.1373
v -0.037842 0.868652 -0.068115 0.3255 0.2118 0.1569
v -0.038330 0.868652 -0.068115 0.3412 0.2235 0.1608
v -0.039307 0.868652 -0.068115 0.3294 0.2196 0.1530
v -0.037354 0.869629 -0.068115 0.2941 0.1882 0.1255
v 0.021240 0.870605 -0.068115 0.2745 0.1725 0.1255
v 0.020752 0.871582 -0.068115 0.2706 0.1725 0.1137
v 0.024170 0.871582 -0.068115 0.3216 0.2039 0.1530
v 0.024170 0.872559 -0.068115 0.3255 0.2039 0.1412
v -0.013916 0.875488 -0.068115 0.3216 0.2039 0.1412
v 0.008545 0.878906 -0.068115 0.3019 0.2000 0.1333
v 0.009521 0.878906 -0.068115 0.3098 0.2039 0.1294
v -0.100830 0.233887 -0.068115 0.6510 0.4196 0.3255
v 0.100830 0.233887 -0.068115 0.6510 0.4235 0.3294
v -0.115967 0.200195 -0.068115 0.6197 0.3921 0.2980
v 0.115967 0.200195 -0.068115 0.6354 0.4078 0.3137
v -0.062256 0.649414 -0.068604 0.6236 0.4000 0.3019
v 0.062256 0.649414 -0.068604 0.6354 0.4157 0.3255
v -0.177979 0.720215 -0.068604 0.6393 0.4078 0.3176
v 0.177979 0.720215 -0.068604 0.6393 0.4039 0.3137
v -0.262939 0.733398 -0.068604 0.5921 0.3725 0.2823
v 0.262939 0.733398 -0.068603 0.5921 0.3686 0.2784
v -0.279541 0.746094 -0.068604 0.6276 0.4000 0.3059
v 0.279541 0.746094 -0.068603 0.6276 0.4039 0.3098
v -0.247314 0.750000 -0.068604 0.6550 0.4275 0.3333
v 0.247314 0.750000 -0.068603 0.6197 0.3961 0.3059
v 0.145752 0.757812 -0.068604 0.6039 0.3804 0.2941
v -0.145752 0.758301 -0.068604 0.5882 0.3765 0.2823
v 0.151123 0.763184 -0.068604 0.5882 0.3647 0.2784
v -0.151123 0.763672 -0.068604 0.6000 0.3725 0.2863
v 0.047119 0.834473 -0.068604 0.2471 0.1608 0.1059
v -0.007568 0.839844 -0.068604 0.1804 0.0941 0.0667
v -0.029053 0.845703 -0.068604 0.3137 0.2000 0.1373
v 0.022217 0.870117 -0.068604 0.2980 0.1804 0.1294
v 0.023682 0.870605 -0.068604 0.2863 0.1765 0.1176
v -0.017822 0.871094 -0.068604 0.2314 0.1451 0.0941
v 0.008057 0.877930 -0.068604 0.2745 0.1804 0.1255
v 0.010010 0.878418 -0.068604 0.3216 0.2235 0.1373
v 0.010498 0.878418 -0.068604 0.3568 0.2275 0.1530
v -0.109619 0.704590 -0.069092 0.6197 0.4078 0.3098
v 0.109619 0.704590 -0.069092 0.5921 0.3843 0.2863
v -0.130127 0.742188 -0.069092 0.5725 0.3725 0.2823
v 0.130127 0.742188 -0.069092 0.5569 0.3451 0.2510
v -0.230225 0.744629 -0.069092 0.6628 0.4353 0.3412
v 0.230225 0.744629 -0.069092 0.6589 0.4314 0.3333
v -0.074951 0.781738 -0.069092 0.5882 0.3725 0.2823
v 0.074951 0.781738 -0.069092 0.6236 0.4039 0.3059
v -0.098877 0.799805 -0.069092 0.6510 0.4275 0.3255
v 0.098877 0.799805 -0.069092 0.6393 0.4157 0.3216
v -0.050537 0.817383 -0.069092 0.2510 0.1490 0.0980
v 0.049561 0.838867 -0.069092 0.2510 0.1647 0.1098
v -0.031982 0.847168 -0.069092 0.3255 0.2039 0.1373
v 0.011963 0.851074 -0.069092 0.3255 0.2157 0.1647
v 0.008057 0.876953 -0.069092 0.2588 0.1686 0.1137
v 0.009033 0.876953 -0.069092 0.2823 0.1804 0.1176
v 0.010010 0.877441 -0.069092 0.3137 0.2039 0.1333
v 0.220947 0.745117 -0.069580 0.6550 0.4275 0.3333
v -0.220947 0.745605 -0.069580 0.6510 0.4235 0.3294
v -0.211182 0.746094 -0.069580 0.6785 0.4510 0.3568
v 0.211182 0.746094 -0.069580 0.6589 0.4314 0.3372
v -0.076416 0.791016 -0.069580 0.6197 0.4039 0.3137
v 0.076416 0.791016 -0.069580 0.6079 0.3882 0.2902
v -0.045654 0.827637 -0.069580 0.2078 0.1216 0.0706
v -0.053467 0.830078 -0.069580 0.2471 0.1530 0.1098
v 0.052490 0.833008 -0.069580 0.2510 0.1686 0.1137
v -0.016357 0.849121 -0.069580 0.2432 0.1490 0.0980
v -0.051025 0.861328 -0.069580 0.3568 0.2432 0.1569
v -0.010498 0.875488 -0.069580 0.3608 0.2275 0.1569
v -0.246338 0.742676 -0.070068 0.6393 0.4196 0.3255
v 0.246338 0.742676 -0.070068 0.6510 0.4235 0.3294
v 0.202881 0.746582 -0.070068 0.6393 0.4118 0.3176
v -0.202881 0.747070 -0.070068 0.6510 0.4314 0.3372
v -0.144775 0.747559 -0.070068 0.6118 0.3921 0.2980
v 0.144775 0.747559 -0.070068 0.6118 0.3921 0.2941
v 0.162354 0.771973 -0.070068 0.6118 0.3921 0.2980
v -0.162354 0.772461 -0.070068 0.6354 0.4078 0.3137
v -0.053955 0.817871 -0.070068 0.3176 0.2039 0.1412
v 0.049561 0.835938 -0.070068 0.1961 0.1333 0.0941
v -0.020752 0.837891 -0.070068 0.1686 0.0941 0.0627
v 0.027100 0.841309 -0.070068 0.2549 0.1569 0.1137
v -0.016357 0.869141 -0.070068 0.2471 0.1569 0.1020
v -0.039307 0.871582 -0.070068 0.3647 0.2471 0.1569
v -0.091064 0.212891 -0.070068 0.6354 0.4078 0.3098
v 0.091064 0.212891 -0.070068 0.6315 0.4039 0.3098
v -0.000244 0.496094 -0.070557 0.1020 0.1294 0.2314
v -0.093018 0.673340 -0.070557 0.6471 0.4314 0.3255
v 0.093018 0.673340 -0.070557 0.6471 0.4196 0.3255
v -0.126221 0.729492 -0.070557 0.5569 0.3490 0.2627
v 0.126709 0.729980 -0.070557 0.6079 0.3882 0.2902
v -0.149170 0.756348 -0.070557 0.6276 0.4078 0.3098
v 0.149170 0.756348 -0.070557 0.6079 0.3882 0.2980
v -0.153076 0.775391 -0.070557 0.6276 0.4157 0.3216
v 0.153076 0.775391 -0.070557 0.6354 0.4118 0.3176
v -0.140869 0.791504 -0.070557 0.6432 0.4157 0.3216
v 0.140869 0.791504 -0.070557 0.6589 0.4314 0.3372
v -0.030518 0.837402 -0.070557 0.1882 0.1059 0.0667
v 0.006104 0.837891 -0.070557 0.1686 0.0941 0.0549
v -0.044678 0.838379 -0.070557 0.2784 0.1686 0.1255
v 0.056885 0.839844 -0.070557 0.3372 0.2235 0.1490
v -0.023682 0.849121 -0.070557 0.2588 0.1608 0.1098
v -0.012939 0.854980 -0.070557 0.2706 0.1725 0.1176
v -0.116943 0.219238 -0.070557 0.6471 0.4118 0.3176
v 0.116943 0.219238 -0.070557 0.6550 0.4314 0.3333
v -0.104248 0.216309 -0.070557 0.6550 0.4235 0.3294
v 0.104248 0.216309 -0.070557 0.6471 0.4196 0.3255
v -0.043701 0.536133 -0.071045 0.1176 0.1451 0.2706
v 0.043701 0.536133 -0.071045 0.1098 0.1451 0.2588
v -0.151123 0.734375 -0.071045 0.6236 0.3961 0.3098
v 0.151611 0.734375 -0.071045 0.6276 0.4000 0.3059
v 0.193604 0.745605 -0.071045 0.6393 0.4118 0.3176
v -0.193604 0.746094 -0.071045 0.6589 0.4314 0.3372
v -0.132080 0.747070 -0.071045 0.5764 0.3725 0.2863
v 0.132080 0.747070 -0.071045 0.6000 0.3843 0.2902
v 0.269775 0.751465 -0.071045 0.6432 0.4157 0.3216
v -0.269775 0.751953 -0.071045 0.6785 0.4510 0.3568
v 0.195068 0.752441 -0.071045 0.6197 0.3921 0.3019
v -0.195068 0.752930 -0.071045 0.6236 0.4039 0.3059
v -0.000244 0.788086 -0.071045 0.6197 0.4078 0.3137
v 0.054932 0.840820 -0.071045 0.3294 0.2235 0.1490
v -0.016846 0.876465 -0.071045 0.3098 0.2039 0.1255
v -0.014893 0.876953 -0.071045 0.3294 0.2118 0.1373
v 0.009033 0.880859 -0.071045 0.3372 0.2275 0.1569
v 0.197022 0.765137 -0.071533 0.6315 0.4039 0.3137
v -0.197510 0.765625 -0.071533 0.6276 0.4000 0.3059
v -0.085205 0.791504 -0.071533 0.6157 0.4039 0.3176
v 0.085205 0.791504 -0.071533 0.5961 0.3765 0.2784
v -0.109619 0.800293 -0.071533 0.6510 0.4235 0.3255
v 0.109619 0.800293 -0.071533 0.6471 0.4196 0.3216
v -0.050537 0.812988 -0.071533 0.4157 0.2784 0.2078
v 0.049072 0.829102 -0.071533 0.2392 0.1451 0.0902
v 0.057861 0.837891 -0.071533 0.3568 0.2392 0.1686
v 0.001709 0.850098 -0.071533 0.3294 0.2196 0.1686
v -0.013428 0.868652 -0.071533 0.2549 0.1490 0.0941
v -0.009033 0.873047 -0.071533 0.3137 0.1843 0.1294
v 0.022705 0.875000 -0.071533 0.2863 0.1843 0.1216
v -0.123291 0.738770 -0.072022 0.5764 0.3725 0.2863
v 0.123291 0.738770 -0.072021 0.5725 0.3608 0.2667
v -0.254639 0.750000 -0.072022 0.6667 0.4392 0.3451
v 0.254639 0.750000 -0.072021 0.6589 0.4314 0.3372
v -0.133057 0.751465 -0.072022 0.5608 0.3451 0.2667
v 0.133057 0.751465 -0.072021 0.5764 0.3608 0.2706
v 0.187744 0.772949 -0.072021 0.6785 0.4432 0.3451
v -0.187744 0.773438 -0.072022 0.6628 0.4314 0.3412
v -0.048584 0.830078 -0.072021 0.2980 0.1922 0.1451
v -0.004639 0.854980 -0.072021 0.2941 0.1765 0.1216
v -0.010498 0.870117 -0.072021 0.3333 0.2078 0.1647
v -0.017822 0.875000 -0.072021 0.2902 0.1922 0.1216
v -0.012939 0.876953 -0.072021 0.3412 0.2235 0.1490
v -0.017334 0.494629 -0.072510 0.0902 0.1137 0.2118
v 0.017334 0.494629 -0.072510 0.1020 0.1294 0.2353
v -0.043213 0.495605 -0.072510 0.0980 0.1373 0.2432
v 0.043213 0.495605 -0.072510 0.1255 0.1530 0.2588
v -0.270752 0.743652 -0.072510 0.6276 0.4000 0.3059
v 0.270752 0.743652 -0.072510 0.6197 0.3961 0.3019
v -0.131104 0.795898 -0.072510 0.6354 0.4078 0.3098
v 0.131104 0.795898 -0.072510 0.6432 0.4157 0.3216
v -0.052979 0.813477 -0.072510 0.5294 0.3608 0.2784
v -0.035889 0.819336 -0.072510 0.2000 0.1059 0.0588
v -0.053467 0.824707 -0.072510 0.2823 0.1765 0.1294
v -0.046143 0.829590 -0.072510 0.3137 0.2118 0.1569
v 0.057373 0.836914 -0.072510 0.3372 0.2275 0.1569
v 0.053467 0.840332 -0.072510 0.3372 0.2314 0.1569
v -0.008057 0.660156 -0.072998 0.5764 0.3647 0.2706
v 0.008057 0.660156 -0.072998 0.6000 0.3882 0.2863
v -0.099365 0.688965 -0.072998 0.6236 0.4078 0.3137
v 0.099365 0.688965 -0.072998 0.5961 0.3804 0.2902
v -0.190186 0.734375 -0.072998 0.6510 0.4235 0.3294
v 0.190186 0.734375 -0.072998 0.6354 0.4078 0.3137
v 0.160400 0.763184 -0.072998 0.5961 0.3765 0.2863
v -0.160400 0.763672 -0.072998 0.6197 0.4000 0.3019
v 0.174072 0.772949 -0.072998 0.6589 0.4275 0.3333
v -0.174072 0.773438 -0.072998 0.6824 0.4471 0.3451
v -0.120361 0.798828 -0.072998 0.6667 0.4353 0.3333
v 0.120361 0.798828 -0.072998 0.6589 0.4314 0.3372
v -0.046631 0.824219 -0.072998 0.2510 0.1530 0.1059
v 0.042725 0.826660 -0.072998 0.2353 0.1412 0.0902
v -0.016846 0.879883 -0.072998 0.2980 0.2039 0.1255
v -0.015869 0.880371 -0.072998 0.3255 0.2078 0.1333
v -0.000244 0.534180 -0.073486 0.1137 0.1490 0.2667
v -0.026123 0.654297 -0.073486 0.6079 0.3882 0.2941
v 0.026123 0.654297 -0.073486 0.6432 0.4235 0.3333
v -0.000244 0.673828 -0.073486 0.5647 0.3647 0.2745
v -0.254639 0.741699 -0.073486 0.6393 0.4157 0.3176
v 0.254639 0.741699 -0.073486 0.6393 0.4118 0.3176
v -0.262451 0.750000 -0.073486 0.6550 0.4275 0.3333
v 0.262451 0.750000 -0.073486 0.6510 0.4275 0.3294
v -0.135498 0.753418 -0.073486 0.5530 0.3412 0.2510
v 0.135498 0.753418 -0.073486 0.5490 0.3451 0.2510
v -0.013428 0.797852 -0.073486 0.6157 0.4039 0.3098
v 0.013428 0.797852 -0.073486 0.6236 0.4039 0.3137
v 0.044189 0.835449 -0.073486 0.2549 0.1490 0.0941
v 0.055420 0.837402 -0.073486 0.2863 0.1882 0.1333
v 0.053467 0.838867 -0.073486 0.2902 0.1961 0.1294
v -0.000244 0.840820 -0.073486 0.1882 0.1176 0.0706
v 0.020752 0.841797 -0.073486 0.3019 0.1882 0.1255
v -0.016357 0.849609 -0.073486 0.2000 0.1255 0.0941
v -0.017334 0.874023 -0.073486 0.2588 0.1647 0.1098
v -0.015381 0.880371 -0.073486 0.3412 0.2157 0.1412
v 0.019287 0.534668 -0.073975 0.1059 0.1451 0.2549
v -0.120850 0.718750 -0.073975 0.6000 0.3882 0.2941
v 0.120850 0.718750 -0.073975 0.6197 0.4078 0.3137
v -0.165283 0.731445 -0.073975 0.6589 0.4353 0.3412
v 0.165283 0.731445 -0.073975 0.6628 0.4314 0.3372
v -0.155518 0.745117 -0.073975 0.6510 0.4235 0.3294
v 0.155518 0.745117 -0.073975 0.6315 0.4039 0.3098
v -0.000244 0.778809 -0.073975 0.6236 0.4039 0.3059
v -0.051514 0.808594 -0.073975 0.5804 0.3804 0.2941
v -0.044678 0.820312 -0.073975 0.2235 0.1373 0.0784
v -0.048584 0.824707 -0.073975 0.2823 0.1686 0.1176
v 0.026611 0.828613 -0.073975 0.1922 0.1098 0.0549
v -0.015869 0.846191 -0.073975 0.2706 0.1922 0.1490
v -0.012451 0.875977 -0.073975 0.3372 0.2196 0.1451
v -0.017334 0.879395 -0.073975 0.2941 0.1961 0.1216
v -0.016846 0.883789 -0.073975 0.3294 0.2196 0.1412
v -0.043701 0.517090 -0.074463 0.1294 0.1686 0.2745
v 0.043701 0.517090 -0.074463 0.1176 0.1490 0.2588
v -0.019287 0.535156 -0.074463 0.1098 0.1412 0.2471
v -0.015869 0.657715 -0.074463 0.6315 0.4118 0.3176
v 0.015869 0.657715 -0.074463 0.6276 0.4000 0.3059
v -0.179932 0.730957 -0.074463 0.6432 0.4157 0.3216
v 0.179932 0.730957 -0.074463 0.6628 0.4275 0.3333
v -0.262939 0.741699 -0.074463 0.6354 0.4078 0.3137
v 0.262939 0.741699 -0.074463 0.6315 0.4039 0.3019
v -0.158447 0.754883 -0.074463 0.6236 0.4039 0.3059
v 0.158447 0.754883 -0.074463 0.6276 0.4000 0.3059
v 0.147217 0.766602 -0.074463 0.6157 0.3882 0.2941
v -0.147217 0.767090 -0.074463 0.6157 0.3961 0.3019
v -0.052490 0.809082 -0.074463 0.5843 0.3882 0.3019
v -0.047607 0.819336 -0.074463 0.2863 0.1765 0.1255
v -0.052490 0.819336 -0.074463 0.4000 0.2392 0.1725
v 0.019775 0.827637 -0.074463 0.2157 0.1294 0.0863
v 0.049072 0.832031 -0.074463 0.3451 0.2314 0.1725
v -0.040283 0.840332 -0.074463 0.2510 0.1412 0.0941
v 0.057861 0.843262 -0.074463 0.3529 0.2353 0.1647
v -0.013916 0.853516 -0.074463 0.2392 0.1451 0.0941
v -0.015381 0.874023 -0.074463 0.2902 0.1843 0.1216
v -0.013428 0.874512 -0.074463 0.3176 0.1961 0.1294
v -0.017334 0.879395 -0.074463 0.3137 0.2039 0.1373
v -0.014893 0.879883 -0.074463 0.3529 0.2196 0.1490
v -0.124756 0.740723 -0.074951 0.5647 0.3490 0.2667
v 0.124756 0.740723 -0.074951 0.5647 0.3490 0.2549
v -0.182861 0.743652 -0.074951 0.6550 0.4275 0.3333
v 0.182861 0.743652 -0.074951 0.6628 0.4314 0.3372
v -0.141357 0.759277 -0.074951 0.5882 0.3765 0.2823
v 0.141357 0.759277 -0.074951 0.5921 0.3765 0.2823
v -0.146240 0.780762 -0.074951 0.6628 0.4353 0.3333
v 0.146240 0.780762 -0.074951 0.6589 0.4275 0.3333
v -0.015869 0.879395 -0.074951 0.3451 0.2275 0.1569
v -0.016357 0.879395 -0.074951 0.3372 0.2235 0.1530
v -0.097900 0.696289 -0.075439 0.6118 0.4000 0.3059
v 0.097900 0.696289 -0.075439 0.6118 0.3961 0.2980
v -0.185791 0.752930 -0.075439 0.6432 0.4157 0.3216
v 0.185791 0.752930 -0.075439 0.6550 0.4196 0.3216
v -0.186768 0.764648 -0.075439 0.6667 0.4235 0.3372
v 0.186279 0.764648 -0.075439 0.6706 0.4392 0.3372
v -0.062744 0.797363 -0.075439 0.6667 0.4471 0.3490
v 0.062744 0.797363 -0.075439 0.6589 0.4314 0.3372
v -0.048584 0.813477 -0.075439 0.3568 0.2353 0.1843
v -0.052002 0.814453 -0.075439 0.5490 0.3529 0.2745
v -0.000244 0.516113 -0.075928 0.1255 0.1569 0.2627
v -0.042725 0.651855 -0.075928 0.6079 0.3882 0.2902
v 0.042725 0.651855 -0.075928 0.6079 0.3882 0.2980
v 0.172607 0.763672 -0.075928 0.6667 0.4314 0.3372
v -0.172607 0.764160 -0.075928 0.6589 0.4314 0.3412
v -0.079346 0.777344 -0.075928 0.5882 0.3647 0.2784
v 0.079346 0.777344 -0.075928 0.6079 0.3882 0.2863
v -0.082275 0.783203 -0.075928 0.6354 0.4196 0.3216
v 0.082275 0.783203 -0.075928 0.6079 0.3843 0.2941
v -0.095459 0.793945 -0.075928 0.6589 0.4314 0.3372
v 0.095459 0.793945 -0.075928 0.6667 0.4314 0.3333
v -0.052979 0.804688 -0.075928 0.6197 0.4157 0.3255
v -0.050049 0.809082 -0.075928 0.5019 0.3333 0.2510
v -0.052002 0.809570 -0.075928 0.5882 0.3843 0.3019
v -0.045654 0.820801 -0.075928 0.3176 0.2078 0.1490
v -0.021240 0.830078 -0.075928 0.1804 0.1020 0.0588
v -0.031006 0.839355 -0.075928 0.3137 0.1804 0.1294
v -0.168701 0.743652 -0.076416 0.6824 0.4589 0.3608
v 0.168701 0.743652 -0.076416 0.6706 0.4353 0.3412
v -0.126709 0.748047 -0.076416 0.5921 0.3804 0.2863
v 0.126709 0.748047 -0.076416 0.5843 0.3725 0.2784
v -0.127197 0.752930 -0.076416 0.5764 0.3608 0.2706
v 0.127197 0.752930 -0.076416 0.5608 0.3490 0.2667
v -0.067627 0.776855 -0.076416 0.6197 0.3921 0.2941
v -0.007568 0.828125 -0.076416 0.1804 0.1020 0.0549
v 0.051025 0.828125 -0.076416 0.2627 0.1569 0.0863
v -0.046631 0.833008 -0.076416 0.3961 0.2784 0.2196
v -0.033936 0.840332 -0.076416 0.2823 0.1725 0.1137
v -0.016846 0.842773 -0.076416 0.2823 0.1608 0.1059
v -0.013428 0.843262 -0.076416 0.2078 0.1255 0.0824
v -0.018799 0.516113 -0.076904 0.1098 0.1412 0.2510
v 0.018799 0.516113 -0.076904 0.1216 0.1569 0.2667
v -0.068604 0.661133 -0.076904 0.6510 0.4275 0.3294
v 0.068604 0.661133 -0.076904 0.6432 0.4157 0.3216
v -0.170654 0.753906 -0.076904 0.6471 0.4196 0.3255
v 0.170654 0.753906 -0.076904 0.6432 0.4078 0.3137
v 0.067627 0.776855 -0.076904 0.6354 0.4118 0.3176
v -0.036377 0.813477 -0.076904 0.2353 0.1373 0.0863
v 0.006592 0.827637 -0.076904 0.1686 0.0902 0.0471
v 0.039795 0.835938 -0.076904 0.3921 0.2471 0.1843
v -0.026123 0.800781 -0.077393 0.6432 0.4235 0.3255
v 0.026123 0.800781 -0.077393 0.6628 0.4275 0.3294
v -0.031494 0.830078 -0.077393 0.1961 0.1137 0.0706
v -0.017822 0.850098 -0.077393 0.1804 0.1059 0.0706
v -0.007568 0.852539 -0.077393 0.3059 0.1922 0.1451
v -0.119873 0.726074 -0.077881 0.6276 0.4039 0.3059
v 0.119873 0.726074 -0.077881 0.6079 0.3882 0.2980
v -0.115967 0.735352 -0.077881 0.5764 0.3647 0.2667
v 0.115967 0.735352 -0.077881 0.6000 0.3765 0.2863
v -0.000244 0.769531 -0.077881 0.6197 0.4039 0.3059
v -0.137451 0.785156 -0.077881 0.6628 0.4275 0.3294
v 0.137451 0.785156 -0.077881 0.6902 0.4550 0.3529
v -0.049072 0.800781 -0.077881 0.6628 0.4392 0.3529
v 0.051025 0.831055 -0.077881 0.3608 0.2471 0.1804
v 0.046631 0.833496 -0.077881 0.2902 0.1843 0.1255
v 0.028564 0.834961 -0.077881 0.2235 0.1373 0.0980
v -0.024170 0.842773 -0.077881 0.3019 0.1882 0.1451
v -0.005127 0.844727 -0.077881 0.2706 0.1608 0.1059
v -0.008057 0.671875 -0.078369 0.6039 0.3843 0.2863
v 0.008057 0.671875 -0.078369 0.6079 0.3961 0.2980
v -0.129639 0.754395 -0.078369 0.5804 0.3608 0.2784
v 0.129639 0.754395 -0.078369 0.5804 0.3686 0.2745
v -0.012451 0.784668 -0.078369 0.6118 0.3921 0.3019
v 0.012451 0.784668 -0.078369 0.6197 0.4078 0.3059
v 0.049072 0.800781 -0.078369 0.6628 0.4353 0.3412
v -0.043701 0.814941 -0.078369 0.1922 0.1098 0.0706
v 0.048096 0.826172 -0.078369 0.2745 0.1725 0.1216
v -0.017822 0.846680 -0.078369 0.2275 0.1333 0.0980
v -0.003662 0.848633 -0.078369 0.3882 0.2588 0.1882
v -0.015869 0.852539 -0.078369 0.1765 0.1176 0.0863
v -0.029053 0.659180 -0.078857 0.6276 0.4078 0.3098
v 0.029053 0.659180 -0.078857 0.6197 0.3961 0.3176
v -0.000244 0.684082 -0.078857 0.5686 0.3568 0.2667
v -0.112549 0.709961 -0.078857 0.6079 0.3882 0.2980
v 0.112549 0.709961 -0.078857 0.6157 0.3921 0.3059
v -0.106201 0.793945 -0.078857 0.6706 0.4432 0.3490
v 0.106201 0.793945 -0.078857 0.6785 0.4353 0.3372
v -0.040283 0.801270 -0.078857 0.5451 0.3490 0.2667
v 0.040283 0.801270 -0.078857 0.6471 0.4235 0.3294
v -0.048584 0.825684 -0.078857 0.1961 0.1216 0.0902
v 0.042725 0.831055 -0.078857 0.3019 0.1843 0.1294
v -0.140381 0.770996 -0.079346 0.6432 0.4157 0.3216
v 0.140381 0.770996 -0.079346 0.6432 0.4118 0.3137
v -0.044678 0.822754 -0.079346 0.1647 0.1020 0.0745
v 0.011475 0.842773 -0.079346 0.3333 0.1961 0.1373
v -0.018799 0.666504 -0.079834 0.6197 0.4000 0.3019
v 0.018799 0.666504 -0.079834 0.6197 0.4000 0.3019
v -0.120361 0.754883 -0.079834 0.5843 0.3608 0.2745
v 0.120361 0.754883 -0.079834 0.5843 0.3647 0.2823
v -0.127686 0.789551 -0.079834 0.6785 0.4392 0.3451
v 0.127686 0.789551 -0.079834 0.6941 0.4589 0.3568
v -0.021240 0.823730 -0.079834 0.1922 0.1137 0.0706
v -0.117432 0.738770 -0.080322 0.5921 0.3686 0.2823
v 0.117432 0.738770 -0.080322 0.5882 0.3686 0.2784
v -0.134521 0.761719 -0.080322 0.6393 0.4196 0.3216
v 0.134522 0.761719 -0.080322 0.6510 0.4235 0.3294
v -0.091064 0.784668 -0.080322 0.6628 0.4353 0.3412
v 0.091064 0.784668 -0.080322 0.6628 0.4235 0.3333
v -0.116943 0.792480 -0.080322 0.6980 0.4628 0.3686
v 0.116943 0.792480 -0.080322 0.6785 0.4432 0.3412
v -0.037354 0.808594 -0.080322 0.2314 0.1412 0.0980
v 0.020264 0.820312 -0.080322 0.2510 0.1608 0.1020
v -0.032471 0.823242 -0.080322 0.1882 0.1137 0.0627
v 0.026611 0.824219 -0.080322 0.2078 0.1255 0.0745
v 0.053467 0.828613 -0.080322 0.2863 0.1765 0.1176
v -0.034912 0.830566 -0.080322 0.2941 0.1882 0.1373
v 0.000244 0.831055 -0.080322 0.2157 0.1373 0.0863
v 0.048584 0.832031 -0.080322 0.2863 0.1804 0.1255
v -0.042725 0.834473 -0.080322 0.3608 0.2392 0.1686
v 0.021729 0.834473 -0.080322 0.2980 0.1922 0.1294
v -0.099365 0.698242 -0.080811 0.6197 0.4000 0.3098
v 0.099365 0.698242 -0.080811 0.6197 0.4000 0.3019
v -0.075928 0.774414 -0.080811 0.6039 0.3804 0.2902
v 0.075928 0.774414 -0.080811 0.6079 0.3882 0.2902
v -0.049072 0.828613 -0.080811 0.3804 0.2588 0.1961
v 0.052979 0.830566 -0.080811 0.3216 0.2118 0.1412
v -0.015381 0.844238 -0.080811 0.2706 0.1725 0.1255
v -0.019775 0.851562 -0.080811 0.2118 0.1294 0.0784
v -0.073975 0.674805 -0.081299 0.6628 0.4432 0.3451
v 0.073975 0.674805 -0.081299 0.6628 0.4353 0.3412
v 0.119873 0.750000 -0.081299 0.6000 0.3804 0.2980
v -0.119873 0.750488 -0.081299 0.6157 0.3961 0.3059
v -0.042725 0.809570 -0.081299 0.2980 0.2000 0.1412
v 0.007568 0.819824 -0.081299 0.1686 0.0980 0.0588
v -0.031494 0.824707 -0.081299 0.1922 0.1137 0.0706
v 0.046631 0.829590 -0.081299 0.2510 0.1647 0.1059
v -0.030518 0.833496 -0.081299 0.2078 0.1216 0.0784
v 0.000244 0.840332 -0.081299 0.2510 0.1412 0.0980
v -0.011475 0.852051 -0.081299 0.3372 0.2157 0.1451
v -0.122314 0.756836 -0.081787 0.6118 0.3921 0.3019
v 0.122314 0.756836 -0.081787 0.6118 0.3921 0.2980
v -0.088135 0.776367 -0.081787 0.6315 0.4039 0.3098
v 0.088135 0.776367 -0.081787 0.6157 0.3961 0.2941
v 0.041748 0.822754 -0.081787 0.2627 0.1569 0.1059
v 0.052002 0.827148 -0.081787 0.2588 0.1569 0.0941
v -0.018311 0.853027 -0.081787 0.2353 0.1490 0.1098
v -0.000244 0.692383 -0.082275 0.5804 0.3725 0.2784
v -0.037354 0.833008 -0.082275 0.3647 0.2392 0.1686
v -0.016357 0.835938 -0.082275 0.2980 0.1843 0.1412
v -0.019775 0.849609 -0.082275 0.2314 0.1373 0.0902
v -0.112061 0.758301 -0.082764 0.6118 0.3843 0.2902
v 0.112061 0.758301 -0.082764 0.6236 0.4000 0.3059
v -0.006592 0.818848 -0.082764 0.1804 0.1059 0.0627
v 0.051514 0.831055 -0.082764 0.3333 0.2118 0.1412
v -0.005127 0.683594 -0.083252 0.6157 0.3961 0.2980
v 0.005127 0.683594 -0.083252 0.5804 0.3686 0.2667
v -0.132080 0.774902 -0.083252 0.6393 0.4118 0.3176
v 0.132080 0.774902 -0.083252 0.6628 0.4275 0.3333
v -0.039307 0.803711 -0.083252 0.3804 0.2627 0.1961
v -0.042236 0.804688 -0.083252 0.4628 0.3333 0.2588
v -0.033447 0.816406 -0.083252 0.2000 0.1255 0.0745
v -0.040283 0.823730 -0.083252 0.2784 0.1843 0.1373
v -0.052490 0.823730 -0.083252 0.2549 0.1608 0.0980
v -0.035400 0.824219 -0.083252 0.1961 0.1216 0.0824
v -0.011475 0.845703 -0.083252 0.2235 0.1333 0.0824
v -0.050049 0.664062 -0.083740 0.6510 0.4314 0.3333
v 0.050049 0.664062 -0.083740 0.6628 0.4392 0.3333
v -0.107178 0.734375 -0.083740 0.6236 0.4039 0.3098
v 0.107178 0.734375 -0.083740 0.6197 0.3961 0.3098
v -0.085205 0.771484 -0.083740 0.6118 0.3961 0.2980
v 0.085205 0.771484 -0.083740 0.6000 0.3804 0.2863
v 0.008057 0.812500 -0.083740 0.1725 0.0980 0.0627
v 0.020264 0.812500 -0.083740 0.2627 0.1647 0.1020
v -0.042725 0.817383 -0.083740 0.2235 0.1373 0.0941
v 0.050537 0.829102 -0.083740 0.3294 0.2157 0.1451
v 0.027588 0.829590 -0.083740 0.3019 0.1961 0.1333
v -0.024658 0.835938 -0.083740 0.2745 0.1608 0.1020
v -0.008057 0.838379 -0.083740 0.2745 0.1647 0.1020
v -0.009033 0.849121 -0.083740 0.3686 0.2275 0.1608
v -0.015869 0.853027 -0.083740 0.3059 0.1922 0.1373
v -0.021240 0.854004 -0.083740 0.2745 0.1725 0.1137
v -0.020752 0.854980 -0.083740 0.2823 0.1804 0.1137
v -0.111572 0.720215 -0.084229 0.6471 0.4275 0.3294
v 0.111572 0.720215 -0.084229 0.6315 0.4118 0.3137
v -0.113525 0.760742 -0.084229 0.6197 0.4000 0.3098
v 0.113525 0.760742 -0.084229 0.6039 0.3725 0.2902
v -0.103760 0.762695 -0.084229 0.6157 0.3921 0.2941
v 0.103760 0.762695 -0.084229 0.6315 0.4039 0.3098
v -0.126709 0.764648 -0.084229 0.6589 0.4314 0.3372
v 0.126709 0.764648 -0.084229 0.6432 0.4157 0.3176
v -0.101318 0.783691 -0.084229 0.6628 0.4314 0.3372
v 0.101318 0.783691 -0.084229 0.6745 0.4353 0.3412
v -0.046143 0.829590 -0.084229 0.3765 0.2392 0.1686
v -0.018799 0.848145 -0.084229 0.2549 0.1725 0.1137
v -0.021729 0.853516 -0.084229 0.2706 0.1765 0.1098
v -0.079346 0.691406 -0.084717 0.6000 0.3804 0.2902
v 0.079346 0.691406 -0.084717 0.6000 0.3804 0.2902
v -0.095947 0.769531 -0.084717 0.6197 0.3961 0.3019
v 0.095947 0.769531 -0.084717 0.6118 0.3882 0.2941
v 0.025146 0.820312 -0.084717 0.1882 0.1176 0.0706
v -0.052002 0.826660 -0.084717 0.3176 0.2078 0.1412
v 0.040771 0.828125 -0.084717 0.2863 0.1765 0.1216
v 0.055908 0.830566 -0.084717 0.3451 0.2314 0.1569
v -0.019775 0.854980 -0.084717 0.2863 0.1804 0.1059
v -0.022705 0.856934 -0.084717 0.2902 0.1882 0.1216
v -0.108643 0.730469 -0.085205 0.6118 0.3882 0.3019
v 0.108643 0.730469 -0.085205 0.6079 0.3882 0.2980
v 0.112061 0.753418 -0.085205 0.6393 0.4196 0.3216
v -0.112061 0.753906 -0.085205 0.6354 0.4118 0.3216
v -0.104736 0.765137 -0.085205 0.6276 0.4078 0.3137
v 0.104736 0.765137 -0.085205 0.6157 0.3882 0.2941
v -0.094971 0.767578 -0.085205 0.6039 0.3765 0.2902
v 0.094971 0.767578 -0.085205 0.6471 0.4196 0.3216
v -0.062744 0.768555 -0.085205 0.6315 0.4118 0.3176
v 0.062744 0.768555 -0.085205 0.6354 0.4078 0.3137
v -0.010010 0.773926 -0.085205 0.6236 0.4039 0.3137
v -0.097900 0.773926 -0.085205 0.6589 0.4314 0.3372
v 0.010010 0.773926 -0.085205 0.5921 0.3725 0.2823
v 0.097900 0.773926 -0.085205 0.6550 0.4275 0.3333
v -0.057373 0.783691 -0.085205 0.6079 0.3804 0.2823
v 0.057373 0.783691 -0.085205 0.6393 0.4078 0.3176
v -0.042725 0.798340 -0.085205 0.6510 0.4275 0.3529
v -0.034912 0.810059 -0.085205 0.2784 0.1804 0.1216
v -0.042725 0.811035 -0.085205 0.2980 0.1961 0.1373
v -0.031494 0.819824 -0.085205 0.1961 0.1216 0.0745
v -0.050537 0.821777 -0.085205 0.2588 0.1647 0.1059
v 0.022705 0.827148 -0.085205 0.2823 0.1804 0.1294
v -0.030518 0.828125 -0.085205 0.2078 0.1294 0.0941
v -0.021729 0.853027 -0.085205 0.2823 0.1843 0.1255
v -0.122314 0.778320 -0.085693 0.6667 0.4314 0.3372
v 0.122314 0.778320 -0.085693 0.6863 0.4510 0.3490
v -0.038330 0.804199 -0.085693 0.3372 0.2235 0.1530
v -0.042725 0.805176 -0.085693 0.5098 0.3490 0.2745
v 0.019287 0.805176 -0.085693 0.2667 0.1569 0.1059
v 0.008545 0.806641 -0.085693 0.1686 0.0941 0.0588
v -0.005127 0.811523 -0.085693 0.1765 0.1059 0.0627
v -0.021240 0.817871 -0.085693 0.1961 0.1176 0.0627
v -0.042236 0.827637 -0.085693 0.3647 0.2471 0.1882
v 0.035400 0.832520 -0.085693 0.2863 0.1843 0.1333
v -0.016846 0.849121 -0.085693 0.2784 0.1804 0.1294
v -0.015381 0.851074 -0.085693 0.3176 0.2039 0.1373
v -0.019775 0.854492 -0.085693 0.3255 0.2118 0.1333
v -0.034912 0.669434 -0.086182 0.6432 0.4157 0.3255
v 0.034912 0.669434 -0.086182 0.6510 0.4235 0.3294
v -0.108154 0.736816 -0.086182 0.6039 0.3765 0.2902
v 0.108154 0.736816 -0.086182 0.5882 0.3686 0.2784
v -0.112061 0.781250 -0.086182 0.6863 0.4471 0.3568
v 0.112061 0.781250 -0.086182 0.6667 0.4314 0.3372
v -0.024658 0.788574 -0.086182 0.6628 0.4432 0.3451
v 0.024658 0.788574 -0.086182 0.6393 0.4118 0.3176
v -0.036865 0.818359 -0.086182 0.2157 0.1294 0.0863
v -0.020752 0.853516 -0.086182 0.3804 0.2745 0.1882
v -0.056396 0.677734 -0.086670 0.6471 0.4235 0.3255
v 0.056397 0.677734 -0.086670 0.6628 0.4353 0.3372
v -0.011475 0.681152 -0.086670 0.6236 0.4039 0.3059
v 0.011475 0.681152 -0.086670 0.6236 0.3961 0.3019
v -0.117432 0.767578 -0.086670 0.6824 0.4550 0.3608
v 0.117432 0.767578 -0.086670 0.6510 0.4235 0.3333
v -0.107666 0.770996 -0.086670 0.6432 0.4196 0.3255
v 0.107666 0.770996 -0.086670 0.6589 0.4235 0.3216
v -0.000244 0.821777 -0.086670 0.2157 0.1294 0.0863
v -0.050049 0.827148 -0.086670 0.3059 0.2000 0.1333
v 0.011963 0.834473 -0.086670 0.3961 0.2510 0.1843
v -0.022217 0.674805 -0.087158 0.6354 0.4157 0.3216
v 0.022217 0.674805 -0.087158 0.6315 0.4039 0.3098
v -0.109619 0.740723 -0.087158 0.6315 0.4157 0.3176
v 0.109619 0.740723 -0.087158 0.6354 0.4118 0.3216
v -0.000244 0.757324 -0.087158 0.6039 0.3804 0.2941
v 0.017334 0.798340 -0.087158 0.2745 0.1608 0.0941
v 0.008057 0.800781 -0.087158 0.1725 0.0980 0.0588
v -0.040283 0.804688 -0.087158 0.5019 0.3568 0.2745
v -0.037842 0.811523 -0.087158 0.2275 0.1412 0.1020
v 0.038330 0.819824 -0.087158 0.2627 0.1569 0.0941
v -0.018311 0.829102 -0.087158 0.3647 0.2432 0.1765
v -0.002686 0.692871 -0.087646 0.6039 0.3882 0.2902
v 0.002686 0.692871 -0.087646 0.5608 0.3490 0.2627
v -0.100342 0.705078 -0.087647 0.6471 0.4196 0.3255
v 0.100342 0.705078 -0.087646 0.6471 0.4196 0.3255
v 0.025635 0.816895 -0.087646 0.1922 0.1255 0.0745
v -0.048096 0.822266 -0.087646 0.2823 0.1765 0.1176
v -0.056396 0.825195 -0.087646 0.3176 0.2039 0.1294
v 0.025635 0.825195 -0.087646 0.2627 0.1569 0.0980
v 0.001221 0.830566 -0.087646 0.2039 0.1216 0.0784
v -0.062256 0.690918 -0.088135 0.6315 0.4118 0.3137
v 0.062256 0.690918 -0.088135 0.6432 0.4157 0.3255
v -0.005127 0.804688 -0.088135 0.1922 0.1176 0.0745
v 0.001709 0.813965 -0.088135 0.1961 0.1255 0.0784
v 0.022705 0.821289 -0.088135 0.1922 0.1137 0.0745
v -0.055420 0.826172 -0.088135 0.3176 0.2078 0.1333
v -0.025635 0.830078 -0.088135 0.3098 0.1961 0.1412
v -0.065186 0.699219 -0.088623 0.6471 0.4275 0.3294
v 0.065186 0.699219 -0.088623 0.6236 0.4000 0.3059
v -0.000244 0.707031 -0.088623 0.6039 0.3804 0.2941
v -0.096924 0.735840 -0.088623 0.6039 0.3961 0.3019
v 0.096924 0.735840 -0.088623 0.6157 0.3961 0.3019
v -0.102783 0.757812 -0.088623 0.6432 0.4157 0.3216
v 0.102783 0.757812 -0.088623 0.6276 0.4000 0.3059
v -0.041748 0.787598 -0.088623 0.6706 0.4432 0.3490
v 0.041748 0.787598 -0.088623 0.6510 0.4235 0.3294
v 0.005615 0.795898 -0.088623 0.2000 0.1137 0.0745
v -0.031006 0.823730 -0.088623 0.2471 0.1490 0.1059
v -0.048096 0.825195 -0.088623 0.2980 0.1922 0.1373
v -0.002197 0.829102 -0.088623 0.3255 0.2000 0.1373
v -0.054443 0.705566 -0.089111 0.6197 0.4000 0.3019
v 0.054443 0.705566 -0.089111 0.6276 0.4000 0.3019
v 0.072998 0.767578 -0.089111 0.6276 0.4039 0.3059
v -0.072998 0.768066 -0.089111 0.6510 0.4235 0.3294
v -0.026123 0.815918 -0.089111 0.1804 0.1098 0.0706
v -0.055420 0.823730 -0.089111 0.3255 0.2118 0.1333
v -0.054443 0.826660 -0.089111 0.3216 0.2118 0.1412
v -0.041748 0.681641 -0.089600 0.6628 0.4353 0.3412
v 0.041748 0.681641 -0.089600 0.6589 0.4314 0.3333
v 0.011963 0.792969 -0.089600 0.2275 0.1255 0.0824
v 0.002686 0.808105 -0.089600 0.1804 0.1098 0.0667
v -0.018799 0.811035 -0.089600 0.2745 0.1765 0.1216
v 0.000244 0.813477 -0.089600 0.2078 0.1294 0.0863
v 0.036865 0.824219 -0.089600 0.3412 0.2118 0.1530
v -0.048096 0.693848 -0.090088 0.6510 0.4235 0.3294
v 0.048096 0.693848 -0.090088 0.6510 0.4235 0.3294
v 0.022705 0.814453 -0.090088 0.2275 0.1412 0.0941
v 0.033447 0.817383 -0.090088 0.2353 0.1216 0.0784
v -0.054443 0.824219 -0.090088 0.3216 0.2157 0.1451
v -0.053955 0.825684 -0.090088 0.3176 0.2039 0.1412
v -0.010498 0.831055 -0.090088 0.2863 0.1804 0.1294
v -0.002686 0.707520 -0.090576 0.5961 0.3843 0.2902
v 0.002686 0.707520 -0.090576 0.5686 0.3529 0.2588
v -0.060791 0.713867 -0.090576 0.6510 0.4235 0.3255
v 0.060791 0.713867 -0.090576 0.6667 0.4392 0.3451
v -0.093018 0.761719 -0.090576 0.6510 0.4235 0.3294
v 0.093018 0.761719 -0.090576 0.6785 0.4432 0.3490
v -0.083252 0.765625 -0.090576 0.6354 0.4078 0.3137
v 0.083252 0.765625 -0.090576 0.6510 0.4235 0.3294
v -0.005615 0.798828 -0.090576 0.1882 0.1176 0.0706
v 0.003662 0.802734 -0.090576 0.1765 0.1059 0.0588
v 0.027100 0.813965 -0.090576 0.1961 0.1137 0.0667
v -0.033936 0.817871 -0.090576 0.2157 0.1412 0.0902
v 0.024658 0.819824 -0.090576 0.2118 0.1255 0.0824
v 0.031494 0.828125 -0.090576 0.3176 0.2000 0.1412
v -0.098389 0.730469 -0.091064 0.6315 0.4039 0.3098
v 0.098389 0.730469 -0.091064 0.6197 0.3921 0.2980
v -0.098389 0.738770 -0.091064 0.6354 0.4118 0.3294
v 0.098389 0.738770 -0.091064 0.6276 0.4000 0.3137
v -0.069580 0.744141 -0.091064 0.6039 0.3804 0.2863
v 0.069580 0.744141 -0.091064 0.6197 0.4078 0.3019
v -0.006592 0.759766 -0.091064 0.6197 0.4000 0.3098
v 0.006592 0.759766 -0.091064 0.6000 0.3804 0.2863
v 0.001709 0.791504 -0.091064 0.2078 0.1255 0.0706
v 0.002686 0.823242 -0.091064 0.1961 0.1216 0.0745
v -0.099365 0.716797 -0.091553 0.6510 0.4235 0.3294
v 0.099365 0.716797 -0.091553 0.6589 0.4353 0.3372
v -0.000244 0.718750 -0.091553 0.5961 0.3686 0.2784
v -0.069092 0.737793 -0.091553 0.6432 0.4157 0.3216
v 0.069092 0.737793 -0.091553 0.6354 0.4078 0.3176
v -0.086670 0.738281 -0.091553 0.6157 0.3843 0.2980
v 0.086670 0.738281 -0.091553 0.6197 0.4039 0.3059
v -0.063232 0.748535 -0.091553 0.6079 0.3882 0.2980
v 0.063232 0.748535 -0.091553 0.6039 0.3765 0.2784
v -0.060791 0.756348 -0.091553 0.6276 0.4039 0.3176
v 0.060791 0.756348 -0.091553 0.6354 0.4078 0.3137
v 0.002686 0.798340 -0.091553 0.1804 0.1020 0.0627
v -0.016357 0.805664 -0.091553 0.2667 0.1725 0.1333
v 0.000244 0.806152 -0.091553 0.2078 0.1255 0.0824
v 0.021729 0.806641 -0.091553 0.2078 0.0980 0.0510
v -0.020264 0.818848 -0.091553 0.2196 0.1451 0.1059
v -0.002197 0.822266 -0.091553 0.3255 0.1922 0.1333
v -0.027588 0.824707 -0.091553 0.2823 0.1882 0.1333
v -0.058838 0.828125 -0.091553 0.3568 0.2432 0.1569
v -0.076904 0.741211 -0.092041 0.6157 0.3921 0.3019
v 0.076904 0.741211 -0.092041 0.6315 0.4000 0.3098
v -0.099854 0.743164 -0.092041 0.6550 0.4275 0.3333
v 0.099854 0.743164 -0.092041 0.6550 0.4275 0.3333
v 0.005127 0.789062 -0.092041 0.2314 0.1373 0.0824
v 0.031494 0.814941 -0.092041 0.2471 0.1490 0.0980
v -0.033447 0.820801 -0.092041 0.2471 0.1608 0.0980
v 0.013916 0.825684 -0.092041 0.4314 0.2823 0.2078
v -0.014404 0.691406 -0.092529 0.6510 0.4235 0.3294
v 0.014404 0.691406 -0.092529 0.6354 0.4078 0.3137
v -0.084229 0.702637 -0.092529 0.6354 0.4196 0.3216
v 0.084229 0.702637 -0.092529 0.6628 0.4353 0.3412
v 0.019287 0.799316 -0.092529 0.2784 0.1647 0.0902
v 0.029053 0.811523 -0.092529 0.2275 0.1294 0.0902
v -0.031494 0.814941 -0.092529 0.2118 0.1294 0.0784
v 0.025635 0.815430 -0.092529 0.1922 0.1137 0.0667
v -0.028076 0.686035 -0.093018 0.6589 0.4314 0.3372
v 0.028076 0.686035 -0.093018 0.6550 0.4235 0.3255
v -0.000244 0.729004 -0.093018 0.5961 0.3686 0.2745
v -0.000244 0.741699 -0.093018 0.6079 0.3843 0.2941
v 0.000244 0.793945 -0.093018 0.1882 0.1098 0.0667
v -0.007568 0.794434 -0.093018 0.2235 0.1333 0.0824
v 0.032471 0.820312 -0.093018 0.3804 0.2588 0.1843
v -0.023193 0.822754 -0.093018 0.3882 0.2627 0.2000
v -0.069092 0.748535 -0.093506 0.6315 0.4039 0.3098
v 0.069092 0.748535 -0.093506 0.6197 0.3843 0.2902
v 0.054443 0.770996 -0.093506 0.6628 0.4314 0.3372
v -0.054443 0.771484 -0.093506 0.6393 0.4157 0.3176
v 0.013428 0.793457 -0.093506 0.3255 0.2000 0.1294
v -0.001709 0.799805 -0.093506 0.2039 0.1216 0.0706
v -0.014404 0.800781 -0.093506 0.2549 0.1569 0.1137
v 0.031006 0.812500 -0.093506 0.2510 0.1530 0.0902
v 0.004150 0.815918 -0.093506 0.2078 0.1216 0.0784
v 0.028076 0.822266 -0.093506 0.3176 0.1922 0.1333
v -0.066650 0.726074 -0.093994 0.6393 0.4118 0.3137
v 0.066650 0.726074 -0.093994 0.6432 0.4118 0.3176
v -0.086670 0.732422 -0.093994 0.6550 0.4275 0.3333
v 0.086670 0.732422 -0.093994 0.6432 0.4157 0.3216
v -0.088135 0.741211 -0.093994 0.6079 0.3882 0.2902
v 0.088135 0.741211 -0.093994 0.6276 0.4000 0.3137
v -0.060303 0.744629 -0.093994 0.6236 0.4039 0.3098
v 0.060303 0.744629 -0.093994 0.6039 0.3843 0.2863
v -0.022705 0.777344 -0.093994 0.6432 0.4196 0.3255
v 0.022705 0.777344 -0.093994 0.6510 0.4275 0.3255
v 0.028564 0.811523 -0.093994 0.2235 0.1294 0.0824
v -0.001709 0.814941 -0.093994 0.2902 0.1765 0.1255
v -0.069580 0.708008 -0.094482 0.6510 0.4314 0.3333
v 0.069580 0.708008 -0.094482 0.6510 0.4235 0.3294
v -0.003662 0.719238 -0.094482 0.6315 0.4078 0.3059
v 0.003662 0.719238 -0.094482 0.6000 0.3804 0.2823
v -0.077881 0.744629 -0.094482 0.6276 0.3961 0.3059
v 0.077881 0.744629 -0.094482 0.6276 0.4000 0.3098
v -0.069092 0.753906 -0.094482 0.6471 0.4275 0.3412
v 0.069092 0.753906 -0.094482 0.6393 0.4078 0.3216
v -0.002686 0.788574 -0.094482 0.1843 0.1098 0.0667
v 0.005615 0.809082 -0.094482 0.2275 0.1333 0.0863
v 0.031982 0.809082 -0.094482 0.2471 0.1569 0.0980
v -0.017822 0.812500 -0.094482 0.2039 0.1216 0.0784
v 0.030518 0.816406 -0.094482 0.3098 0.1961 0.1255
v -0.031006 0.821777 -0.094482 0.2941 0.1843 0.1255
v -0.076416 0.735352 -0.094971 0.6589 0.4314 0.3372
v 0.076416 0.735352 -0.094971 0.6393 0.4078 0.3137
v -0.001221 0.787109 -0.094971 0.2118 0.1216 0.0706
v 0.006104 0.789062 -0.094971 0.2823 0.1804 0.1098
v -0.013428 0.796387 -0.094971 0.2863 0.1882 0.1412
v 0.005615 0.803711 -0.094971 0.2510 0.1530 0.1059
v 0.029053 0.812500 -0.094971 0.2471 0.1451 0.0784
v 0.031006 0.812988 -0.094971 0.2784 0.1725 0.1098
v 0.027588 0.816895 -0.094971 0.2980 0.1882 0.1255
v -0.037354 0.818359 -0.094971 0.2353 0.1530 0.0941
v -0.011475 0.822754 -0.094971 0.2823 0.1569 0.1059
v -0.086182 0.717285 -0.095459 0.6589 0.4314 0.3372
v 0.086182 0.717285 -0.095459 0.6824 0.4432 0.3490
v -0.089600 0.746094 -0.095459 0.6354 0.4078 0.3137
v 0.089600 0.746094 -0.095459 0.6471 0.4196 0.3294
v -0.002686 0.790039 -0.095459 0.2196 0.1255 0.0784
v -0.005127 0.794434 -0.095459 0.2392 0.1451 0.0902
v 0.004150 0.798828 -0.095459 0.2353 0.1412 0.0941
v -0.028564 0.815918 -0.095459 0.2706 0.1647 0.1020
v 0.014404 0.816895 -0.095459 0.4275 0.2784 0.2118
v -0.036377 0.820312 -0.095459 0.2510 0.1647 0.0980
v -0.004150 0.742676 -0.095947 0.6157 0.3843 0.2902
v 0.004150 0.742676 -0.095947 0.5961 0.3725 0.2784
v -0.078857 0.750000 -0.095947 0.6471 0.4235 0.3255
v 0.078857 0.750000 -0.095947 0.6510 0.4275 0.3372
v 0.001221 0.794434 -0.095947 0.2471 0.1333 0.1020
v -0.015869 0.807129 -0.095947 0.2039 0.1098 0.0667
v -0.001709 0.807617 -0.095947 0.2941 0.1882 0.1333
v -0.033936 0.697754 -0.096436 0.6393 0.4078 0.3137
v 0.033936 0.697754 -0.096436 0.6550 0.4196 0.3176
v -0.073975 0.721680 -0.096436 0.6432 0.4196 0.3176
v 0.073975 0.721680 -0.096436 0.6354 0.4039 0.3137
v -0.003662 0.729980 -0.096436 0.6315 0.4000 0.3019
v 0.003662 0.729980 -0.096436 0.5921 0.3647 0.2784
v -0.000732 0.787109 -0.096436 0.2588 0.1569 0.1020
v -0.002686 0.790039 -0.096436 0.2471 0.1451 0.0941
v -0.011475 0.790527 -0.096436 0.2157 0.1333 0.0824
v -0.036377 0.816895 -0.096436 0.2471 0.1569 0.0941
v -0.029053 0.819824 -0.096436 0.3294 0.2314 0.1686
v -0.039307 0.775391 -0.096924 0.6785 0.4510 0.3568
v -0.013916 0.792480 -0.096924 0.2196 0.1373 0.0824
v -0.002686 0.800781 -0.096924 0.2784 0.1686 0.1176
v -0.013916 0.802246 -0.096924 0.2157 0.1294 0.0863
v 0.012451 0.802246 -0.096924 0.4039 0.2588 0.1922
v 0.013916 0.809082 -0.096924 0.3765 0.2392 0.1765
v -0.035400 0.820801 -0.096924 0.2902 0.1882 0.1176
v -0.011475 0.707031 -0.097412 0.6471 0.4157 0.3216
v 0.011475 0.707031 -0.097412 0.6510 0.4235 0.3294
v 0.039307 0.775391 -0.097412 0.6902 0.4550 0.3490
v -0.001221 0.789062 -0.097412 0.2784 0.1725 0.1216
v -0.005615 0.795410 -0.097412 0.2823 0.1725 0.1176
v 0.009033 0.796875 -0.097412 0.4039 0.2667 0.2000
v -0.041260 0.710938 -0.097900 0.6471 0.4196 0.3255
v 0.041260 0.710938 -0.097900 0.6471 0.4157 0.3216
v -0.047607 0.722656 -0.097900 0.6471 0.4196 0.3255
v 0.047607 0.722656 -0.097900 0.6432 0.4039 0.3098
v -0.053467 0.733887 -0.097900 0.6197 0.4000 0.3019
v 0.053467 0.733887 -0.097900 0.6510 0.4235 0.3294
v -0.049072 0.755371 -0.097900 0.6432 0.4157 0.3216
v 0.049072 0.755371 -0.097900 0.6471 0.4078 0.3137
v -0.006592 0.787109 -0.097900 0.2510 0.1569 0.1059
v 0.004150 0.791992 -0.097900 0.3608 0.2471 0.1765
v -0.013428 0.797363 -0.097900 0.2000 0.1176 0.0706
v -0.010498 0.815430 -0.097900 0.2863 0.1765 0.1333
v -0.035400 0.817383 -0.097900 0.2823 0.1843 0.1137
v -0.034912 0.819336 -0.097900 0.3176 0.2118 0.1373
v -0.019775 0.763184 -0.098389 0.6667 0.4392 0.3451
v 0.019775 0.763184 -0.098389 0.6589 0.4314 0.3372
v -0.010010 0.791016 -0.098389 0.2432 0.1490 0.0941
v -0.020264 0.703613 -0.098877 0.6432 0.4157 0.3216
v 0.020264 0.703613 -0.098877 0.6589 0.4275 0.3333
v -0.013916 0.793457 -0.098877 0.2196 0.1373 0.0941
v -0.009033 0.808594 -0.098877 0.2902 0.1882 0.1333
v -0.040283 0.821289 -0.098877 0.2667 0.1608 0.1020
v -0.011963 0.718750 -0.099365 0.6471 0.4157 0.3216
v 0.011963 0.718750 -0.099365 0.6628 0.4275 0.3333
v -0.009521 0.797363 -0.099365 0.2823 0.1843 0.1490
v -0.008545 0.802734 -0.099365 0.2863 0.1922 0.1451
v -0.011963 0.792969 -0.099854 0.2471 0.1569 0.1059
v -0.016357 0.788574 -0.100830 0.2392 0.1569 0.1020
v -0.015869 0.745605 -0.101318 0.6510 0.4157 0.3216
v 0.015869 0.745605 -0.101318 0.6471 0.4196 0.3255
v -0.035889 0.760254 -0.101318 0.6863 0.4550 0.3608
v 0.035889 0.760254 -0.101318 0.6745 0.4392 0.3451
v -0.024658 0.716309 -0.101807 0.6628 0.4314 0.3372
v 0.024658 0.716309 -0.101807 0.6510 0.4118 0.3137
v -0.012939 0.730957 -0.101807 0.6745 0.4392 0.3451
v 0.012939 0.730957 -0.101807 0.6785 0.4432 0.3412
v -0.035889 0.744629 -0.103272 0.6863 0.4392 0.3490
v 0.035889 0.744629 -0.103271 0.6941 0.4589 0.3568
v -0.029541 0.729004 -0.103760 0.6706 0.4432 0.3568
v 0.029541 0.729004 -0.103760 0.6628 0.4275 0.3333
s 1
f 5756 5778 5761
f 5778 5756 5758
f 5756 5761 5411
f 5411 5761 5383
f 5411 5383 4313
f 4313 5383 3417
f 3417 5383 4489
f 4489 5383 5123
f 5383 5761 5667
f 5383 5667 5123
f 5778 5794 5761
f 5123 5667 5672
f 5123 5672 5212
f 5212 5672 5334
f 5672 5667 5774
f 5774 5667 5761
f 5774 5761 5794
f 5672 5774 5770
f 5770 5774 5794
f 5770 5794 5788
f 5756 5411 5758
f 5758 5411 5479
f 5778 5758 5786
f 5786 5758 5762
f 5762 5758 5479
f 5786 5762 5790
f 5762 5479 5517
f 5517 5479 4043
f 5517 4043 4097
f 5762 5517 5764
f 5762 5764 5790
f 5790 5764 5796
f 5796 5764 5766
f 5796 5766 5792
f 5766 5764 5539
f 5766 5539 5582
f 5794 5778 5786
f 5794 5786 5806
f 5806 5786 5790
f 5806 5790 5811
f 5811 5790 5796
f 5811 5796 5812
f 5411 4313 4095
f 4095 4313 3417
f 5411 4095 5479
f 5479 4095 4043
f 4043 4095 2448
f 3077 2448 3417
f 4043 2448 2183
f 4043 2183 4097
f 2448 3077 2344
f 2344 3077 2955
f 2183 2448 1123
f 2344 2955 1413
f 1413 2955 2020
f 2448 2344 1476
f 2448 1476 1123
f 1476 2344 1413
f 1304 591 1413
f 1413 591 6415
f 1476 1413 73
f 73 1413 6415
f 1476 73 1123
f 2185 2183 1123
f 2183 2185 4097
f 1123 73 5962
f 4097 2185 4099
f 4097 4099 5539
f 4097 5539 5517
f 5517 5539 5764
f 4099 2185 2147
f 2185 1123 1008
f 2185 1008 2147
f 1008 1123 5962
f 2147 1008 962
f 962 1008 6082
f 6082 1008 5962
f 962 6082 6161
f 6161 6082 7372
f 6082 5962 7216
f 7216 5962 73
f 7372 6082 7316
f 7316 6082 7216
f 8485 7549 7372
f 7372 7316 8450
f 7372 8450 8485
f 8450 7316 8378
f 7316 7216 8234
f 7316 8234 8378
f 8485 8450 9506
f 8485 9506 9509
f 8450 8378 9410
f 8450 9410 9506
f 9410 8378 8234
f 9506 9410 9941
f 9506 9941 10043
f 9410 8234 9257
f 9257 8234 9027
f 9257 9027 9696
f 9027 8234 7979
f 7979 8234 7216
f 9696 9027 8814
f 8814 9027 7979
f 9696 8814 9555
f 7979 7216 7625
f 7979 7625 8814
f 7625 7216 73
f 7625 73 6415
f 8814 7625 8700
f 8814 8700 9553
f 9553 8700 9373
f 7625 6415 7729
f 8780 8700 7729
f 7729 6415 6680
f 8780 7729 7844
f 7844 7729 6680
f 7844 6680 6772
f 6772 6680 232
f 8780 7844 7774
f 7774 7844 6772
f 8780 7774 8696
f 7774 6772 6886
f 8696 7774 8666
f 8696 8666 9251
f 8666 7774 7751
f 7751 7774 6886
f 8666 7751 8776
f 7751 6886 6885
f 6885 6886 5924
f 8776 7751 7810
f 7810 7751 6885
f 7810 6885 7007
f 8776 7810 8852
f 8852 7810 7892
f 8852 7892 8897
f 8897 7892 9004
f 9004 7892 8006
f 9004 8006 9120
f 2448 4095 3417
f 3417 4489 3911
f 3417 3911 3077
f 3077 3911 2955
f 3911 4489 4580
f 4580 4489 5123
f 4580 5123 4804
f 4804 5123 5212
f 4804 5212 5334
f 4580 4804 3658
f 3911 4580 3473
f 3473 4580 3658
f 3911 3473 2955
f 3473 3658 2446
f 2955 3473 2342
f 2342 3473 2446
f 2955 2342 2020
f 2342 2446 1542
f 2342 1542 2020
f 1542 2446 1603
f 1542 1603 1270
f 2020 1542 1304
f 2020 1304 1413
f 1542 1270 1156
f 1542 1156 1304
f 1156 1270 936
f 1304 1156 913
f 1304 913 232
f 913 1156 960
f 232 913 666
f 666 913 960
f 666 960 558
f 558 960 664
f 666 558 319
f 4804 5334 4721
f 4804 4721 3475
f 4721 5334 4135
f 4721 4135 3475
f 4804 3475 3658
f 3658 3475 2368
f 3658 2368 2446
f 3475 4135 3190
f 3475 3190 2368
f 2368 3190 2143
f 2368 2143 1006
f 3190 4135 2610
f 3190 2610 1638
f 2610 4135 3477
f 3477 4135 5337
f 5337 4135 5334
f 3477 5337 5304
f 5337 5334 5672
f 5304 5337 5743
f 5337 5672 5725
f 5337 5725 5743
f 5725 5672 5770
f 5743 5725 5768
f 5768 5725 5770
f 5743 5768 5776
f 5768 5770 5788
f 1474 2368 1006
f 2368 1474 2446
f 2446 1474 1603
f 1474 1006 423
f 1474 423 1084
f 1084 423 117
f 2143 3190 1638
f 2143 1638 1006
f 1006 1638 424
f 424 1638 1306
f 1306 1638 2610
f 1306 2610 2211
f 424 1306 321
f 424 321 6303
f 1006 424 6604
f 6604 424 6773
f 1006 6604 6485
f 1006 6485 423
f 423 6485 6640
f 6640 6485 7643
f 7643 6485 7714
f 6773 424 7009
f 7009 424 6303
f 7009 6303 7218
f 7009 7218 8038
f 7009 8038 7867
f 8038 7218 8216
f 1603 1474 1084
f 1603 1084 1270
f 1270 1084 911
f 1270 911 936
f 936 911 420
f 1156 936 960
f 960 936 664
f 664 936 420
f 664 420 317
f 664 317 487
f 487 317 379
f 664 487 662
f 664 662 558
f 487 379 660
f 487 660 662
f 662 660 556
f 660 379 525
f 660 525 873
f 873 525 656
f 911 1084 117
f 420 911 117
f 558 662 319
f 666 319 6159
f 666 6159 5924
f 666 5924 232
f 232 5924 6886
f 232 6886 6772
f 5924 6159 7007
f 5924 7007 6885
f 6159 319 6244
f 6244 319 199
f 7007 6159 7101
f 7101 6159 6244
f 7007 7101 7892
f 7007 7892 7810
f 7892 7101 8006
f 8006 7101 7214
f 7214 7101 6244
f 8006 7214 8070
f 6269 6244 199
f 6244 6269 7214
f 6269 199 160
f 8070 7214 7187
f 7187 7214 6269
f 8070 7187 8180
f 8180 7187 7210
f 7187 6269 6212
f 6212 6269 160
f 7187 6212 7210
f 6212 160 230
f 7210 6212 6194
f 6194 6212 230
f 6194 230 377
f 317 420 6116
f 317 6116 6157
f 317 6157 379
f 379 6157 6079
f 379 6079 525
f 525 6079 6004
f 525 6004 656
f 6004 6079 7189
f 7189 6079 6157
f 6004 7189 7185
f 7185 7189 8270
f 8270 7189 8182
f 7189 6157 7159
f 7189 7159 8182
f 7159 6157 6116
f 8182 7159 8036
f 7159 6116 7103
f 7103 6116 5959
f 7103 5959 6958
f 7103 6958 7894
f 7894 6958 7772
f 6958 5959 117
f 6958 117 6769
f 6769 117 423
f 6116 420 5959
f 5959 420 117
f 6958 6769 7772
f 7772 6769 7688
f 7688 6769 6640
f 7688 6640 7643
f 7772 7688 8778
f 7688 7643 8668
f 7688 8668 8778
f 7772 8778 8899
f 8899 8778 9329
f 8899 9329 9325
f 7772 8899 7894
f 7894 8899 9006
f 7894 9006 8036
f 7894 8036 7103
f 7103 8036 7159
f 8036 9006 9146
f 8036 9146 8182
f 8182 9146 9294
f 8182 9294 8270
f 8270 9294 8268
f 8268 9294 9227
f 8268 9227 8352
f 8352 9227 9323
f 8352 9323 8350
f 8350 9323 9290
f 8352 8350 7208
f 7208 8350 7237
f 8778 8668 9329
f 9329 8668 9186
f 6640 6769 423
f 8598 8668 7643
f 9253 9186 8668
f 9253 8668 8598
f 9253 8598 9255
f 8598 7643 7714
f 9255 8598 8698
f 8698 8598 7714
f 9255 8698 9333
f 6485 6604 7714
f 7714 6604 7716
f 7714 7716 8698
f 7716 6604 6773
f 9333 8698 8813
f 8813 8698 7716
f 9333 8813 9552
f 9552 8813 9590
f 8813 7716 8854
f 8813 8854 9590
f 8854 7716 7753
f 9590 8854 9009
f 9009 8854 7753
f 9590 9009 9694
f 9009 7753 7867
f 9694 9009 9830
f 9009 7867 8038
f 9009 8038 9149
f 9009 9149 9830
f 9149 8038 8216
f 9830 9149 9259
f 9259 9149 8216
f 9830 9259 9894
f 9894 9259 9918
f 9259 8216 9335
f 9335 8216 8236
f 9335 8236 8272
f 9297 9918 9335
f 9297 9335 8272
f 9918 9297 9896
f 9297 8272 8319
f 9896 9297 9849
f 9297 8319 9261
f 9297 9261 9849
f 9253 9255 9331
f 9253 9331 9186
f 9186 9331 9251
f 9329 9186 9251
f 9329 9251 9327
f 9329 9327 9325
f 9327 9251 8776
f 8776 9251 8666
f 9327 8776 8852
f 9325 9327 9371
f 9371 9327 8852
f 9325 9371 9504
f 9371 8852 8897
f 9504 9371 9549
f 9549 9371 8897
f 9504 9549 9588
f 9549 8897 9004
f 9588 9549 9627
f 9627 9549 9004
f 9588 9627 9805
f 9627 9004 9120
f 9805 9627 9764
f 9764 9627 9120
f 9764 9120 9225
f 9764 9225 9690
f 9331 9255 9373
f 9373 9255 9333
f 9373 9333 9553
f 9553 9333 9552
f 9553 9552 9555
f 9555 9552 9590
f 9553 9555 8814
f 7753 7716 6773
f 7753 6773 7867
f 7867 6773 7009
f 9590 9694 9828
f 9590 9828 9555
f 9555 9828 9696
f 9828 9694 9830
f 9828 9830 9966
f 9966 9830 10060
f 10060 9830 9894
f 10060 9894 9918
f 10060 9918 10147
f 10060 10147 10043
f 10060 10043 9941
f 6303 321 323
f 323 321 1306
f 6303 323 6383
f 323 1306 1272
f 1272 1306 2145
f 2145 1306 2211
f 6303 6383 7218
f 7218 6383 7240
f 7218 7240 8216
f 8216 7240 8236
f 6383 323 119
f 119 323 1086
f 1086 323 1272
f 1086 1272 1947
f 1947 1272 2145
f 6383 119 6196
f 6383 6196 7240
f 6196 119 6385
f 6385 119 6214
f 6385 6214 6518
f 7240 6196 7318
f 7318 6196 6385
f 7240 7318 8236
f 8236 7318 8272
f 7318 6385 7344
f 7344 6385 6518
f 7318 7344 8272
f 7344 6518 7455
f 8272 7344 8319
f 8319 7344 7455
f 8319 7455 8354
f 9259 9335 9918
f 9828 9966 9871
f 9871 9966 10060
f 9828 9871 9696
f 9871 10060 9941
f 9696 9871 9257
f 9871 9941 9410
f 9871 9410 9257
f 9373 8700 8780
f 9373 8780 9331
f 9331 8780 8696
f 9331 8696 9251
f 8700 7625 7729
f 6680 6415 591
f 6680 591 232
f 232 591 1304
f 8899 9325 9006
f 9006 9325 9504
f 9006 9504 9146
f 9146 9504 9588
f 9146 9588 9294
f 9294 9588 9805
f 9805 9764 9692
f 9692 9764 9690
f 9805 9692 9294
f 9294 9692 9227
f 199 319 662
f 199 662 556
f 8006 8070 9120
f 9120 8070 9225
f 8070 8180 9225
f 9225 8180 9144
f 9225 9144 9690
f 9144 8180 8150
f 8150 8180 7210
f 9144 8150 9249
f 8150 7210 7238
f 7238 7210 6194
f 9249 8150 8212
f 9249 8212 9224
f 9224 8212 8210
f 8210 8212 7234
f 8210 7234 7266
f 9690 9144 9801
f 9801 9144 9249
f 9690 9801 9803
f 9690 9803 9692
f 9801 9249 9760
f 9760 9249 9224
f 9803 9801 9763
f 9763 9801 9760
f 9803 9763 9290
f 9803 9290 9323
f 8212 8150 7238
f 8212 7238 7234
f 7234 7238 6348
f 7234 6348 6299
f 7234 6299 7266
f 6299 6348 158
f 7266 6299 6297
f 6297 6299 483
f 483 6299 158
f 6297 483 481
f 483 158 523
f 523 158 228
f 523 228 452
f 9760 9224 9089
f 9089 9224 8210
f 9760 9089 9578
f 9089 8210 8178
f 9760 9578 9763
f 8178 8210 7266
f 9763 9578 9547
f 8178 7266 7291
f 9763 9547 9290
f 7291 7266 6297
f 9290 9547 9117
f 7291 6297 6381
f 6381 6297 481
f 6381 481 373
f 9290 9117 8318
f 9290 8318 8350
f 8350 8318 7292
f 7238 6194 6348
f 6348 6194 377
f 6348 377 158
f 158 377 230
f 158 230 228
f 8178 7291 7312
f 7312 7291 6381
f 7312 6381 6443
f 6443 6381 373
f 8178 7312 8111
f 8178 8111 8963
f 8178 8963 9089
f 9089 8963 9369
f 9089 9369 9578
f 8111 7312 7498
f 7498 7312 6443
f 8111 7498 8963
f 7498 6443 280
f 8963 7498 9369
f 7498 280 758
f 9369 7498 9321
f 7498 758 721
f 9321 7498 9002
f 7498 721 156
f 9002 7498 8214
f 7498 156 6346
f 8214 7498 7314
f 7314 7498 6346
f 9578 9369 9321
f 9578 9321 9547
f 9547 9321 9117
f 9117 9321 9002
f 9117 9002 8214
f 9117 8214 8318
f 8318 8214 7314
f 8318 7314 7292
f 7292 7314 6346
f 7292 6346 6242
f 6242 6346 156
f 6242 156 315
f 315 156 721
f 315 721 907
f 9803 9323 9692
f 9692 9323 9227
f 8270 8268 7185
f 7185 8268 7212
f 7185 7212 6004
f 6004 7212 6077
f 6004 6077 656
f 656 6077 485
f 656 485 1051
f 1051 485 908
f 8268 8352 7212
f 7212 8352 7208
f 7212 7208 6077
f 6077 7208 6038
f 6038 7208 7237
f 6038 7237 6075
f 6077 6038 485
f 485 6038 554
f 7237 8350 7292
f 7237 7292 6075
f 6075 7292 6242
f 6075 6242 315
f 656 1051 873
f 554 6038 6075
f 554 6075 521
f 554 521 1082
f 1082 521 1049
f 1080 1121 1049
f 1049 1121 1082
f 1082 1121 958
f 1082 958 1004
f 554 1082 908
f 908 1082 1004
f 554 908 485
f 908 1004 841
f 908 841 762
f 873 1051 762
f 762 1051 908
f 521 6075 315
f 521 315 1049
f 556 660 873
f 556 873 764
f 556 764 160
f 556 160 199
f 160 764 230
f 764 873 762
f 764 762 659
f 764 659 230
f 230 659 228
f 659 762 760
f 760 762 841
f 659 760 228
f 760 841 1004
f 228 760 452
f 760 1004 958
f 452 760 523
f 523 760 958
f 523 958 1121
f 523 1121 483
f 483 1121 1080
f 483 1080 481
f 481 1080 934
f 481 934 373
f 934 1080 907
f 1080 1049 907
f 907 1049 315
f 907 721 934
f 934 721 758
f 934 758 373
f 373 758 280
f 6443 373 280
f 5788 5794 5806
f 5788 5806 5798
f 5788 5798 5768
f 5798 5806 5811
f 5768 5798 5776
f 5798 5811 5802
f 5798 5802 5776
f 5802 5811 5812
f 5776 5802 5782
f 5743 5776 5782
f 5743 5782 5747
f 5743 5747 5304
f 5304 5747 5286
f 5802 5812 5808
f 5802 5808 5782
f 5782 5808 5784
f 5782 5784 5747
f 5747 5784 5754
f 5747 5754 5286
f 5286 5754 5288
f 5286 5288 3154
f 3154 5288 3112
f 3154 3112 2145
f 5808 5812 5800
f 5800 5812 5804
f 5808 5800 5780
f 5808 5780 5784
f 5804 5812 5796
f 5804 5796 5792
f 5780 5800 5804
f 5780 5804 5772
f 5780 5772 5749
f 5772 5804 5766
f 5766 5804 5792
f 5749 5772 5693
f 5693 5772 5766
f 5749 5693 5238
f 5693 5766 5582
f 5238 5693 4806
f 4806 5693 5582
f 5238 4806 3002
f 4806 5582 4192
f 3002 4806 2576
f 2576 4806 4192
f 3002 2576 1947
f 2576 4192 2212
f 1947 2576 1508
f 1508 2576 2212
f 1947 1508 1086
f 1508 2212 1010
f 1086 1508 201
f 201 1508 1010
f 1086 201 119
f 201 1010 6083
f 201 6083 7137
f 201 7137 6736
f 201 6736 6214
f 6214 6736 6518
f 6518 6736 7191
f 7191 6736 7400
f 6518 7191 7455
f 7191 7400 7627
f 7455 7191 7869
f 7869 7191 7627
f 7455 7869 8354
f 7869 7627 8397
f 8354 7869 8965
f 8965 7869 8397
f 8354 8965 9151
f 8965 8397 9298
f 9151 8965 9698
f 8965 9298 9766
f 9698 8965 9850
f 9850 8965 9766
f 5539 4099 5582
f 5582 4099 4192
f 4192 4099 2147
f 4192 2147 2212
f 2212 2147 962
f 2212 962 1010
f 1010 962 6161
f 1010 6161 6083
f 6083 6161 7372
f 6083 7372 7137
f 5238 3002 3112
f 5238 3112 5288
f 5238 5288 5749
f 5749 5288 5754
f 5749 5754 5780
f 5780 5754 5784
f 3112 3002 1947
f 3112 1947 2145
f 5286 3154 5304
f 3477 5304 3154
f 2610 3477 3154
f 2610 3154 2211
f 2211 3154 2145
f 119 201 6214
f 9506 10043 9509
f 8487 8485 9509
f 8487 9509 9469
f 9509 10043 9996
f 9509 9996 9469
f 9996 10043 10147
f 9469 9996 9920
f 9996 10147 10118
f 9996 10118 9920
f 9920 10118 10062
f 10147 9918 10118
f 10118 9918 9896
f 10118 9896 9849
f 10118 9849 10062
f 9766 9920 10062
f 9766 10062 9850
f 9850 10062 9849
f 9850 9849 9698
f 9698 9849 9261
f 9698 9261 9151
f 9151 9261 8354
f 8354 9261 8319
f 9469 9920 9298
f 9298 9920 9766
f 9469 9298 8487
f 8487 9298 8397
f 8487 8397 7645
f 7645 8397 7627
f 7645 7627 7400
f 8487 7645 8485
f 8485 7645 7549
f 7400 6736 7137
f 7549 7645 7400
f 7549 7400 7137
f 7372 7549 7137
f 7288 6734 6379
f 6379 6734 24
f 6379 24 371
f 371 24 654
f 6379 371 115
f 654 24 451
f 24 6734 6192
f 654 451 900
f 900 451 652
f 6379 115 6564
f 6379 6564 7288
f 6564 115 6677
f 6677 115 5922
f 6564 6677 7367
f 6564 7367 7288
f 7367 6677 7369
f 7367 7369 7919
f 7919 7369 7890
f 7367 7919 7977
f 7367 7977 7288
f 8694 9000 7977
f 7977 9000 8148
f 7977 8148 7288
f 7288 8148 7341
f 7341 8148 8266
f 7288 7341 6734
f 7341 8266 7264
f 7341 7264 6734
f 7264 8266 8348
f 6734 7264 6192
f 7264 8348 7206
f 7264 7206 6192
f 6192 7206 5874
f 7206 8348 8206
f 5874 7206 71
f 7206 8206 7133
f 7206 7133 71
f 7133 8206 7917
f 71 7133 6956
f 6956 7133 7917
f 71 6956 69
f 6956 7917 7686
f 6956 7686 6732
f 6956 6732 69
f 6732 7686 7452
f 69 6732 5872
f 5872 6732 6602
f 7232 6602 7452
f 5872 6602 367
f 6602 7232 6411
f 6602 6411 367
f 6411 7232 6377
f 6411 6377 367
f 6377 7232 7099
f 5872 367 718
f 652 69 718
f 6377 7099 6267
f 6267 7099 7001
f 367 6377 418
f 418 6377 6267
f 367 418 1264
f 1264 418 1378
f 367 1264 1266
f 367 1266 718
f 418 6267 550
f 418 550 1378
f 550 6267 6190
f 1378 550 1472
f 550 6190 756
f 550 756 1472
f 756 6190 6073
f 1472 756 1470
f 756 6073 837
f 756 837 1470
f 837 6073 6002
f 837 6002 1000
f 1000 6002 5841
f 1470 837 1828
f 1828 837 1000
f 1000 5841 1506
f 1506 5841 152
f 1828 1000 1782
f 1782 1000 1506
f 1470 1828 2287
f 1506 152 1376
f 1470 2287 2208
f 1376 152 278
f 278 152 6675
f 1506 1376 2366
f 278 6675 6558
f 1376 278 1262
f 1470 2208 1945
f 1262 278 1468
f 278 6558 416
f 278 416 1468
f 416 6558 6482
f 1945 2208 2884
f 1945 2884 2391
f 2884 2208 3303
f 1945 2391 1886
f 3303 2208 2574
f 3303 2574 3471
f 3471 2574 3826
f 2574 2208 2287
f 1886 2391 1668
f 1886 1668 1378
f 1668 2391 2018
f 1668 2018 1701
f 1668 1701 1266
f 1266 1701 1540
f 1266 1540 1078
f 1266 1078 718
f 718 1078 652
f 1078 1540 1360
f 652 1078 900
f 900 1078 1360
f 900 1360 1119
f 3150 2287 2285
f 2285 2287 1828
f 3150 2285 3909
f 2285 1828 2608
f 2285 2608 3909
f 2608 1828 1782
f 2608 1782 2181
f 2181 1782 1506
f 2181 1506 2366
f 2608 2181 2998
f 2608 2998 3909
f 2998 2181 2366
f 3909 2998 4487
f 2998 2366 3337
f 2998 3337 4487
f 4487 3337 4754
f 3337 2366 2543
f 4754 3337 3467
f 3467 3337 2543
f 4754 3467 4802
f 4802 3467 3465
f 3467 2543 2568
f 3467 2568 3465
f 2568 2543 1468
f 1468 2543 1262
f 3465 2568 2701
f 2568 1468 1662
f 2568 1662 2701
f 3465 2701 3597
f 3597 2701 2727
f 2727 2701 1855
f 1855 2701 1662
f 3465 3597 4574
f 3465 4574 4719
f 4574 3597 3463
f 4574 3463 4373
f 1855 1662 869
f 869 1662 584
f 584 1662 1468
f 869 584 6340
f 584 1468 416
f 6340 584 6482
f 6482 584 416
f 5922 115 375
f 375 115 588
f 375 588 722
f 588 115 371
f 722 588 904
f 588 371 902
f 588 902 904
f 902 371 654
f 904 902 1154
f 902 654 1119
f 902 1119 1154
f 1119 654 900
f 1154 1119 1380
f 1380 1119 1572
f 1572 1119 1360
f 1572 1360 1745
f 1745 1360 1540
f 1745 1540 1701
f 1745 1701 1910
f 1910 1701 2018
f 1910 2018 2141
f 2141 2018 2545
f 2545 2018 2391
f 7919 7890 8420
f 7919 8420 8544
f 8544 8420 9184
f 7919 8544 8694
f 7919 8694 7977
f 722 904 282
f 282 904 479
f 479 904 1154
f 479 1154 805
f 805 1154 1380
f 805 1380 1047
f 1047 1380 1572
f 1047 1572 1268
f 1268 1572 1745
f 1268 1745 1411
f 1411 1745 1601
f 1601 1745 1910
f 1601 1910 1786
f 1786 1910 2141
f 1786 2141 2545
f 1786 2545 2238
f 2238 2545 2667
f 2391 2884 2545
f 2545 2884 3152
f 2545 3152 2667
f 2667 3152 3761
f 2667 3761 3000
f 3000 3761 4041
f 3000 4041 3148
f 9184 8420 9025
f 9184 9025 9292
f 9184 9292 9502
f 9184 9502 9825
f 8694 8544 9184
f 8694 9184 9408
f 9408 9184 9825
f 8694 9408 9000
f 9408 9825 9688
f 9408 9688 9000
f 9688 9825 9964
f 9688 9964 10174
f 9688 10174 9992
f 9688 9992 9000
f 9000 9992 9221
f 9221 9992 10114
f 9221 10114 9367
f 9502 9292 9058
f 9502 9058 9319
f 9319 9058 8511
f 9502 9319 9825
f 9319 8511 8749
f 9319 8749 9799
f 9319 9799 9825
f 9799 8749 9182
f 9825 9799 9994
f 9825 9994 10209
f 9799 9182 10076
f 9799 10076 9994
f 9994 10076 10209
f 10076 9182 9545
f 10209 10076 10296
f 10209 10296 10298
f 10076 9545 10112
f 10076 10112 10296
f 10112 9545 9467
f 10296 10112 10170
f 10170 10112 9916
f 8749 8511 7842
f 8749 7842 7888
f 8749 7888 9182
f 7888 7842 7135
f 7888 7135 7005
f 7005 7135 6301
f 7005 6301 6155
f 6155 6301 282
f 6155 282 479
f 7005 6155 6767
f 7005 6767 7888
f 6155 479 5920
f 6155 5920 6767
f 5920 479 805
f 5920 805 154
f 5920 154 6767
f 154 805 1047
f 7888 6767 7641
f 7888 7641 8208
f 8208 7641 8346
f 8346 7641 7471
f 7471 7641 6767
f 8346 7471 8204
f 6562 6767 154
f 6767 6562 7471
f 8204 7471 7339
f 7339 7471 6562
f 8204 7339 7975
f 6562 154 6413
f 6562 6413 7339
f 7975 7339 7183
f 7183 7339 6413
f 7975 7183 7749
f 6413 154 369
f 369 154 1047
f 369 1047 1268
f 369 1268 1411
f 7749 7183 7003
f 7749 7003 7597
f 7183 6413 6344
f 6344 6413 369
f 7003 7183 6342
f 6342 7183 6344
f 7597 7003 6638
f 6638 7003 6342
f 7597 6638 7496
f 6344 369 552
f 6344 552 6342
f 552 369 1411
f 6342 552 519
f 519 552 1411
f 6342 519 6638
f 519 1411 1601
f 519 1601 1786
f 6638 519 839
f 839 519 1786
f 6638 839 6295
f 839 1786 1784
f 1784 1786 2238
f 6295 839 1076
f 1076 839 1784
f 6295 1076 6114
f 1784 2238 2667
f 6114 1076 956
f 1076 1784 2111
f 1076 2111 956
f 2111 1784 2667
f 6114 956 1002
f 1002 956 2111
f 6114 1002 6112
f 2111 2667 2318
f 2111 2318 1002
f 2318 2667 3000
f 6112 1002 1045
f 1045 1002 2318
f 6112 1045 67
f 6112 67 6516
f 6516 67 6600
f 2318 3000 2283
f 2318 2283 1045
f 2283 3000 3148
f 67 1045 954
f 954 1045 2283
f 6600 67 716
f 2283 3148 1908
f 2283 1908 954
f 1908 3148 2752
f 67 954 871
f 871 954 1908
f 67 871 716
f 6600 716 6598
f 1908 2752 1666
f 1908 1666 871
f 1666 2752 2495
f 871 1666 1599
f 871 1599 716
f 1599 1666 2572
f 716 1599 586
f 716 586 6598
f 6598 586 650
f 6598 650 6596
f 6596 650 6560
f 650 586 1884
f 1884 586 1743
f 6560 650 714
f 6560 714 6514
f 714 650 1884
f 1884 1743 2635
f 1884 2635 2919
f 1884 2919 3232
f 714 1884 1986
f 1986 1884 3232
f 714 1986 712
f 1986 3232 3335
f 712 1986 1984
f 1984 1986 3335
f 712 1984 648
f 1984 3335 3295
f 648 1984 1943
f 1943 1984 3295
f 648 1943 646
f 1943 3295 3185
f 646 1943 1880
f 1880 1943 3185
f 9825 10209 10116
f 10116 10209 10298
f 9825 10116 9964
f 9964 10116 10174
f 10174 10116 10277
f 10277 10116 10298
f 9992 10174 10114
f 10114 10174 10277
f 10114 10277 9938
f 9938 10277 10172
f 10172 10277 10298
f 9938 10172 9869
f 9938 9869 9625
f 10172 10298 10207
f 10172 10207 9869
f 10207 10298 10296
f 10207 10296 10170
f 9625 9869 9178
f 9869 10207 9892
f 10207 10170 9823
f 10207 9823 9892
f 9823 10170 9916
f 9823 9916 9576
f 9823 9576 9056
f 9178 9869 9465
f 9178 9465 8747
f 9869 9892 9500
f 9500 9892 9823
f 9869 9500 9465
f 9823 9056 9365
f 9823 9365 9500
f 9365 9056 8596
f 9465 9500 9023
f 9465 9023 8747
f 9500 9365 9054
f 9500 9054 9023
f 8747 9023 8569
f 8569 9023 9054
f 8747 8569 8315
f 8315 8569 7863
f 7863 8569 8107
f 7863 8107 7768
f 7768 8107 8264
f 8264 8107 8569
f 7768 8264 7945
f 8569 9054 8594
f 8569 8594 8264
f 8895 9054 9365
f 9054 8895 8594
f 8895 9365 8596
f 8594 8895 8509
f 8509 8895 8596
f 8594 8509 8264
f 8509 8596 8313
f 8264 8509 8311
f 8264 8311 7945
f 7945 8311 8144
f 7945 8144 7911
f 7911 8144 8030
f 9000 9221 8148
f 8148 9221 8266
f 8266 9221 9367
f 8266 9367 8348
f 8348 9367 9181
f 8348 9181 8206
f 10114 9938 9367
f 9367 9938 9181
f 8206 9181 7917
f 9181 9938 9625
f 7917 9181 8850
f 8850 9181 9625
f 7917 8850 7686
f 8850 9625 8483
f 8850 8483 7686
f 8483 9625 9178
f 7686 8483 8146
f 8146 8483 9178
f 7686 8146 7452
f 8146 9178 8747
f 7452 8146 7547
f 7452 7547 7232
f 8146 8747 7807
f 8146 7807 7547
f 7807 8747 8315
f 7807 8315 7863
f 7547 7807 7450
f 7547 7450 7232
f 7450 7807 7684
f 7232 7450 7099
f 7099 7450 7001
f 7001 7450 7469
f 7001 7469 6923
f 6923 7469 7494
f 6190 6267 7001
f 6190 7001 6923
f 6190 6923 6073
f 6923 7494 7517
f 6073 6923 6921
f 6921 6923 7517
f 6073 6921 6002
f 6002 6921 6845
f 6002 6845 5841
f 5841 6845 152
f 6845 6921 7515
f 7515 6921 7517
f 152 6845 6730
f 6730 6845 7515
f 152 6730 6675
f 7515 7517 7861
f 7861 7517 7838
f 7515 7861 7939
f 7515 7939 7492
f 7515 7492 6730
f 7492 7939 8140
f 6730 7492 7569
f 7569 7492 8140
f 6730 7569 6675
f 7569 8140 8448
f 6675 7569 7680
f 6675 7680 6558
f 6558 7680 6482
f 6482 7680 7795
f 6482 7795 7834
f 6482 7834 6340
f 7834 7795 8810
f 7834 8810 8961
f 24 6192 5874
f 24 5874 451
f 451 5874 71
f 451 71 652
f 652 71 69
f 718 69 5872
f 6602 6732 7452
f 1266 1264 1668
f 1668 1264 1378
f 1378 1472 1886
f 1886 1472 1945
f 1945 1472 1470
f 7888 8208 9182
f 9182 8208 9545
f 9545 8208 8346
f 9545 8346 9467
f 9467 8346 8204
f 9467 8204 9142
f 9467 9142 10112
f 9142 8204 7975
f 10112 9142 9916
f 9142 7975 7749
f 9916 9142 9576
f 9142 7749 8848
f 9142 8848 9576
f 8848 7749 8481
f 8848 8481 9576
f 9576 8481 9056
f 8481 7749 7597
f 9056 8481 8596
f 8481 7597 8109
f 8481 8109 8596
f 8596 8109 8313
f 8109 7597 7496
f 8313 8109 7805
f 7805 8109 7496
f 8313 7805 8068
f 8068 7805 7770
f 8068 7770 7915
f 7915 7770 7712
f 7915 7712 7836
f 7770 7805 7595
f 7595 7805 7496
f 7595 7496 7310
f 7310 7496 6638
f 7310 6638 6295
f 7310 6295 7595
f 7595 6295 6114
f 7595 6114 7623
f 7623 6114 6112
f 7623 6112 7661
f 8509 8313 8311
f 8311 8313 8068
f 8311 8068 7915
f 8311 7915 8144
f 8144 7915 8030
f 8030 7915 7836
f 8030 7836 7799
f 8030 7799 8004
f 7799 7836 7710
f 7710 7836 7712
f 8004 7799 8101
f 8030 8004 7943
f 7943 8004 8101
f 8030 7943 7911
f 7710 7712 7661
f 7661 7712 7623
f 7623 7712 7770
f 7623 7770 7595
f 7710 7661 7708
f 7710 7708 7799
f 7708 7661 7639
f 7799 7708 7800
f 7800 7708 7639
f 7800 7639 7682
f 7800 7682 7941
f 7941 7682 8376
f 8376 7682 7727
f 8376 7727 8542
f 8542 7727 7766
f 8376 8542 8592
f 8376 8592 8342
f 8542 7766 8692
f 8692 7766 7797
f 8692 7797 8745
f 8542 8692 8998
f 8542 8998 8592
f 8692 8745 9219
f 8692 9219 8998
f 9219 8745 8662
f 9219 8662 9289
f 9219 9289 9462
f 9219 9462 9245
f 9219 9245 8998
f 8998 9245 8893
f 8998 8893 8592
f 8592 8893 8479
f 8592 8479 8344
f 8344 8479 8262
f 8592 8344 8309
f 8592 8309 8101
f 8101 8309 7943
f 7943 8309 8066
f 8066 8309 8344
f 7943 8066 7911
f 8344 8262 8202
f 8344 8202 8066
f 8202 8262 8176
f 7911 8066 7913
f 7913 8066 8202
f 7911 7913 7945
f 8202 8176 8103
f 8202 8103 7913
f 8103 8176 8105
f 7913 8103 7840
f 8103 8105 8032
f 8103 8032 7840
f 8032 8105 8034
f 7840 8032 7768
f 8032 8034 7947
f 8032 7947 7768
f 7947 8034 7973
f 7768 7947 7863
f 7947 7973 7865
f 7947 7865 7863
f 7863 7865 7807
f 1666 2495 2572
f 1743 1599 2572
f 1743 2572 2635
f 2572 2495 2882
f 2635 2572 2953
f 2953 2572 2882
f 2882 2495 3339
f 2635 2953 3469
f 2635 3469 2919
f 2953 2882 3553
f 2953 3553 3469
f 2882 3339 3599
f 2882 3599 3553
f 2919 3469 4093
f 2919 4093 3232
f 3469 3553 4309
f 4309 3553 3599
f 3469 4309 4093
f 3232 4093 4377
f 3232 4377 3335
f 4377 4093 4309
f 5000 4375 4377
f 5000 4377 4891
f 4891 4377 4309
f 4891 4309 5002
f 5002 4309 4424
f 5002 4424 4648
f 4648 4424 3975
f 3975 4424 4309
f 3975 4309 3599
f 3975 3599 3339
f 3975 3339 3654
f 3654 3339 3301
f 3654 3301 3601
f 3656 2752 3148
f 3656 3148 4041
f 2752 3656 3301
f 2752 3301 2495
f 3301 3656 3601
f 3656 4041 3759
f 3656 3759 3601
f 3759 4041 3471
f 3471 4041 3761
f 3471 3761 3303
f 3303 3761 3152
f 3303 3152 2884
f 2574 2287 3150
f 3826 2574 3150
f 3826 3150 3909
f 3826 3909 4578
f 3826 4578 3907
f 3826 3907 3471
f 3471 3907 3759
f 3759 3907 4311
f 4311 3907 4578
f 4311 4578 4576
f 4576 4578 4959
f 4576 4959 5121
f 4576 5121 4650
f 3759 4311 3601
f 3601 4311 3654
f 3654 4311 4576
f 3654 4576 3975
f 3975 4576 4650
f 3975 4650 4648
f 3301 3339 2495
f 1599 1743 586
f 714 712 6514
f 6514 712 6480
f 6480 712 648
f 6480 648 6376
f 6376 648 646
f 6480 6376 7622
f 6480 7622 7745
f 6480 7745 6514
f 7745 7622 8662
f 7745 8662 8745
f 7745 8745 7797
f 7745 7797 6514
f 6514 7797 6560
f 6560 7797 7766
f 6560 7766 6596
f 6596 7766 7727
f 6596 7727 6598
f 6598 7727 7682
f 6598 7682 7639
f 6600 6598 7639
f 6600 7639 6516
f 6112 6516 7661
f 7661 6516 7639
f 7800 7941 7799
f 7799 7941 8342
f 8342 7941 8376
f 7799 8342 8142
f 8142 8342 8592
f 7799 8142 8101
f 8101 8142 8592
f 7945 7913 7840
f 7945 7840 7768
f 7807 7865 7684
f 7684 7865 7973
f 7684 7973 7747
f 7747 7973 8034
f 7684 7747 7469
f 7684 7469 7450
f 7469 7747 7494
f 7494 7747 7803
f 7803 7747 8034
f 7494 7803 7517
f 7517 7803 7838
f 7838 7803 8034
f 7838 8034 8105
f 7838 8105 7861
f 7861 8105 8176
f 7861 8176 7939
f 7939 8176 8262
f 7939 8262 8140
f 8140 8262 8479
f 8140 8479 8448
f 8448 8479 8893
f 8448 8893 8810
f 8810 8893 9245
f 8810 9245 8961
f 8961 9245 9462
f 8448 8810 7680
f 8448 7680 7569
f 7680 8810 7795
f 3909 4487 4578
f 4578 4487 4959
f 4959 4487 4754
f 4959 4754 5121
f 5121 4754 4802
f 5121 4802 5055
f 5055 4802 4719
f 4719 4802 3465
f 5055 4719 4957
f 4957 4719 4574
f 4648 4650 5055
f 4648 5055 4957
f 4648 4957 5002
f 5002 4957 5206
f 5002 5206 4891
f 4957 4574 4953
f 4957 4953 5206
f 4953 4574 4373
f 4953 4373 4717
f 4953 4717 5206
f 4891 5206 5000
f 5206 4717 5164
f 5206 5164 5000
f 5000 5164 4890
f 4650 5121 5055
f 5000 4890 4375
f 4375 4890 4191
f 4375 4191 3185
f 4375 3185 3295
f 4375 3295 3335
f 4375 3335 4377
f 3463 3597 2727
f 1262 2543 2366
f 1262 2366 1376
f 4091 3297 4253
f 4091 4253 5319
f 5319 4253 5366
f 4091 5319 3824
f 4091 3824 3297
f 3297 3824 2604
f 2604 3824 3549
f 3549 3824 5204
f 2604 3549 2107
f 2107 3549 3333
f 2107 3333 3146
f 3333 3549 5051
f 5051 3549 5119
f 3297 2604 2566
f 2566 2604 2107
f 3297 2566 3230
f 3297 3230 4251
f 3297 4251 4253
f 5204 3824 5319
f 5204 5319 5562
f 5562 5319 5657
f 5657 5319 5366
f 5657 5366 5690
f 5204 5562 5119
f 5204 5119 3549
f 5119 5562 5500
f 5119 5500 5051
f 5051 5500 5446
f 5051 5446 4927
f 4927 5446 5399
f 5051 4927 3333
f 4927 5399 4756
f 4756 5399 5338
f 3333 4927 3144
f 3144 4927 4756
f 3333 3144 3146
f 3146 3144 2987
f 2987 3144 2850
f 2850 3144 4756
f 4756 5338 5306
f 2850 4756 4582
f 4582 4756 5306
f 2850 4582 2703
f 4582 5306 5290
f 4582 5290 4492
f 5446 5500 5498
f 5498 5500 5580
f 5580 5500 5562
f 5446 5498 5478
f 5446 5478 5399
f 5498 5580 5053
f 5498 5053 5079
f 5498 5079 5478
f 5053 5580 5080
f 5478 5079 5118
f 5080 5580 5635
f 5635 5580 5562
f 5080 5635 5167
f 5478 5118 5502
f 5478 5502 5399
f 5399 5502 5338
f 5635 5562 5676
f 5635 5676 5167
f 5676 5562 5657
f 5676 5657 5690
f 5167 5676 5210
f 5676 5690 5708
f 5676 5708 5210
f 5210 5708 5258
f 5203 5385 5502
f 5502 5385 5425
f 5502 5425 5338
f 5338 5425 5306
f 5306 5425 5426
f 5306 5426 5290
f 5426 5425 5503
f 2107 3146 2014
f 2107 2014 2109
f 2107 2109 2566
f 2109 2014 1302
f 2109 1302 2566
f 2566 1302 1780
f 2566 1780 3230
f 3230 1780 2281
f 3230 2281 4251
f 4251 2281 2729
f 1302 2014 1117
f 1117 2014 3146
f 1117 3146 2987
f 1302 1117 365
f 1117 2987 1300
f 1302 365 6000
f 1300 2987 1341
f 1302 6000 801
f 1341 2987 2852
f 801 6000 446
f 1341 2852 1308
f 446 6000 6407
f 446 6407 22
f 22 6407 6882
f 1308 2852 2705
f 1308 2705 1274
f 1274 2705 2671
f 1274 2671 2921
f 1274 2921 766
f 766 2921 964
f 964 2921 2547
f 964 2547 1012
f 1012 2547 2499
f 1012 2499 1053
f 1012 1053 724
f 1053 2499 2450
f 1053 2450 1014
f 1014 2450 2393
f 1014 2393 2149
f 1014 2149 1015
f 1015 2149 2114
f 1015 2114 1016
f 1016 2114 971
f 598 971 938
f 971 2114 2066
f 971 2066 938
f 938 2066 2068
f 938 2068 879
f 879 2068 2071
f 2071 2068 3193
f 2071 3193 3195
f 3195 3193 5061
f 5061 3193 5059
f 3193 2068 3158
f 3193 3158 5059
f 3158 2068 2066
f 5059 3158 5008
f 3158 2066 3191
f 3158 3191 5008
f 3191 2066 2114
f 5008 3191 5057
f 3191 2114 3156
f 3156 2114 2289
f 3156 2289 3660
f 5502 5118 5203
f 5503 5425 5385
f 5333 5385 5203
f 5503 5385 5669
f 5385 5333 5694
f 5385 5694 5669
f 5694 5333 5670
f 5670 5333 5318
f 5669 5694 5734
f 5669 5734 5503
f 5734 5694 5733
f 5503 5734 5600
f 5670 5318 5450
f 5503 5600 5482
f 5503 5482 5426
f 5426 5482 5290
f 5482 5600 5292
f 4492 5290 5292
f 5292 5600 5339
f 4492 5292 4652
f 4652 5292 5339
f 5049 5450 5318
f 5049 5318 2879
f 5450 5049 5466
f 5466 5049 5050
f 5050 5049 2950
f 5466 5050 5499
f 5499 5050 5054
f 5054 5050 2993
f 5054 2993 2952
f 5499 5054 5581
f 5581 5054 5081
f 5581 5081 5168
f 5581 5168 5636
f 5636 5168 5211
f 5636 5211 5677
f 5677 5211 5259
f 5677 5259 5709
f 5290 5482 5292
f 5734 5733 5745
f 5745 5733 5686
f 5686 5733 5694
f 5686 5694 5670
f 5686 5670 5541
f 5745 5686 5735
f 5735 5686 5541
f 5734 5745 5727
f 5734 5727 5600
f 5600 5727 5638
f 5638 5727 5720
f 5638 5720 5623
f 5727 5745 5751
f 5727 5751 5720
f 5736 5745 5735
f 5745 5736 5751
f 5623 5720 5710
f 5623 5710 5584
f 5584 5710 5678
f 5584 5678 5518
f 5678 5710 5711
f 5710 5720 5746
f 5746 5720 5751
f 5710 5746 5711
f 5746 5751 5728
f 5728 5751 5736
f 5711 5746 5729
f 5729 5746 5728
f 5711 5729 5713
f 5711 5713 5730
f 5729 5728 5542
f 5728 5736 5601
f 5728 5601 5542
f 5729 5542 5625
f 5729 5625 5713
f 5542 5601 4894
f 4894 5601 5215
f 4894 5215 3157
f 3157 5215 3661
f 3661 5215 4101
f 5215 5601 5622
f 5622 5601 5736
f 5622 5736 5735
f 5215 5622 5241
f 5215 5241 4101
f 5622 5735 5637
f 5622 5637 5241
f 5637 5735 5541
f 4101 5241 5294
f 5294 5241 5637
f 4101 5294 4316
f 4316 5294 4194
f 5294 5637 5240
f 5294 5240 4194
f 5240 5637 5541
f 4194 5240 5293
f 5293 5240 5541
f 4194 5293 4426
f 4194 4426 3115
f 3115 4426 4491
f 4426 5293 5291
f 4426 5291 4491
f 5293 5541 5481
f 5293 5481 5291
f 5481 5541 5670
f 5481 5670 5450
f 5481 5450 5291
f 4491 5291 5321
f 5321 5291 5450
f 4491 5321 4723
f 5321 5450 5466
f 4723 5321 5382
f 5382 5321 5466
f 5382 5466 5499
f 4723 5382 4928
f 5382 5499 5447
f 5382 5447 4928
f 5447 5499 5581
f 4928 5447 5052
f 5447 5581 5501
f 5447 5501 5052
f 5501 5581 5563
f 5563 5581 5636
f 5563 5636 5677
f 5501 5563 5120
f 5501 5120 5052
f 5563 5677 5658
f 5658 5677 5709
f 5658 5709 5691
f 5658 5691 5367
f 5563 5658 5205
f 5563 5205 5120
f 5658 5367 5320
f 5658 5320 5205
f 5320 5367 4092
f 4092 5367 4254
f 5320 4092 3825
f 5320 3825 5205
f 5205 3825 3550
f 5205 3550 5120
f 5120 3550 3334
f 5120 3334 5052
f 5052 3334 3145
f 5052 3145 4928
f 4928 3145 2851
f 3145 3334 2988
f 2988 3334 3147
f 3145 2988 2853
f 3145 2853 2851
f 2851 2853 2706
f 2851 2706 2704
f 2704 2706 2672
f 2704 2672 2670
f 5333 5203 3110
f 3110 5203 3111
f 5333 3110 5318
f 3110 3111 1907
f 5318 3110 3071
f 5318 3071 2879
f 2879 3071 1982
f 1982 3071 3110
f 1982 3110 1907
f 1982 1907 518
f 5600 5638 5451
f 5451 5638 5322
f 5451 5322 5082
f 5082 5322 3977
f 5322 5638 5623
f 5322 5623 5584
f 5678 5711 5730
f 5678 5730 5712
f 5678 5712 5518
f 5518 5712 5624
f 5518 5624 5057
f 5518 5057 4893
f 4893 5057 3156
f 3156 5057 3191
f 5687 5730 5713
f 5687 5713 5586
f 5586 5713 5625
f 5586 5625 5009
f 5009 5625 5058
f 5009 5058 3159
f 3159 5058 3192
f 5586 5009 5060
f 5586 5060 5602
f 5586 5602 5687
f 5602 5060 5062
f 5602 5062 5604
f 5602 5604 5689
f 5602 5689 5687
f 5689 5604 5681
f 5695 5730 5687
f 5695 5687 5689
f 5730 5695 5712
f 5689 5681 5696
f 5689 5696 5695
f 5696 5681 5697
f 5712 5695 5679
f 5679 5695 5696
f 5712 5679 5624
f 5624 5679 5585
f 5679 5696 5688
f 5679 5688 5585
f 5688 5696 5697
f 5585 5688 5626
f 5688 5697 5680
f 5688 5680 5626
f 5626 5680 5603
f 5625 5542 5058
f 5058 5542 4894
f 5058 4894 3192
f 3192 4894 3157
f 3192 3157 2115
f 2115 3157 2214
f 3159 3192 2067
f 2067 3192 2115
f 2067 2115 970
f 970 2115 969
f 969 2115 968
f 968 2115 2113
f 968 2113 2370
f 968 2370 967
f 967 2370 1013
f 1013 2370 2451
f 1013 2451 2500
f 1013 2500 966
f 966 2500 2548
f 966 2548 965
f 965 2548 2922
f 965 2922 767
f 767 2922 1275
f 3159 2067 2069
f 939 2067 970
f 2067 939 2069
f 2069 939 916
f 2069 916 2070
f 3159 2069 3194
f 3194 2069 2070
f 3159 3194 5009
f 3194 2070 3196
f 5009 3194 5060
f 5060 3194 3196
f 5060 3196 5062
f 5062 3196 3004
f 3004 3196 2070
f 3004 2070 1950
f 1950 2070 880
f 880 2070 916
f 5062 3004 4851
f 5062 4851 5604
f 5604 4851 5487
f 5604 5487 5681
f 4851 3004 668
f 4851 668 5487
f 668 3004 1950
f 668 1950 880
f 5487 668 5606
f 5606 668 5627
f 5606 5627 5697
f 5697 5627 5680
f 5627 668 5605
f 5605 668 5486
f 5605 5486 5603
f 5603 5486 4852
f 4852 5486 668
f 4852 668 3005
f 3005 668 1949
f 3005 1949 3195
f 1949 668 811
f 3195 1949 2071
f 1949 811 879
f 1949 879 2071
f 5681 5487 5606
f 5681 5606 5697
f 916 939 599
f 599 939 669
f 669 939 970
f 669 970 730
f 730 970 770
f 770 970 969
f 770 969 727
f 727 969 968
f 727 968 967
f 916 599 880
f 880 599 568
f 880 568 668
f 568 599 456
f 456 599 492
f 568 456 668
f 599 669 528
f 528 669 730
f 599 528 492
f 456 492 6087
f 456 6087 6040
f 6040 6087 7105
f 456 6040 668
f 6040 7105 7030
f 6040 7030 668
f 7030 7105 8010
f 7030 8010 7896
f 7030 7896 668
f 7896 8010 8820
f 7896 8820 8627
f 7896 8627 668
f 8627 8820 9338
f 8627 9338 9122
f 8627 9122 668
f 9122 9338 9580
f 9122 9580 9376
f 9122 9376 668
f 9376 9580 9664
f 9376 9664 9446
f 9376 9446 668
f 9446 9664 9594
f 9446 9594 9375
f 9446 9375 668
f 9375 9594 9337
f 9375 9337 9121
f 9375 9121 668
f 9121 9337 8860
f 9121 8860 8626
f 9121 8626 668
f 8626 8860 7921
f 8626 7921 668
f 7921 8860 8043
f 7921 8043 7140
f 7921 7140 7029
f 7921 7029 668
f 7029 7140 6086
f 668 7029 6041
f 6041 7029 6086
f 668 6041 426
f 6041 6086 455
f 6041 455 426
f 6087 492 528
f 6087 528 6085
f 6085 528 566
f 6087 6085 7105
f 6085 566 6121
f 7105 6085 7139
f 7139 6085 6121
f 7105 7139 8010
f 6121 566 565
f 8010 7139 8074
f 7139 6121 7194
f 7139 7194 8074
f 6121 565 6164
f 6121 6164 7194
f 6164 565 563
f 563 565 727
f 563 727 561
f 6164 563 6118
f 7194 6164 7245
f 7245 6164 6118
f 7194 7245 8042
f 7194 8042 8074
f 8074 8042 8902
f 8074 8902 8906
f 8902 8042 8968
f 8968 8042 8114
f 8114 8042 7245
f 7245 6118 7243
f 7245 7243 8114
f 8114 7243 8041
f 8041 7243 8399
f 7243 6118 6247
f 8399 7243 7428
f 7428 7243 6247
f 8399 7428 7572
f 7572 7428 6247
f 8399 7572 8703
f 7572 6247 6388
f 8703 7572 7811
f 7811 7572 6388
f 6388 6247 597
f 597 6247 561
f 597 561 810
f 810 561 725
f 810 725 1013
f 1013 725 967
f 810 1013 809
f 810 809 597
f 809 1013 966
f 809 966 965
f 809 965 808
f 597 809 595
f 595 809 808
f 597 595 6388
f 595 808 593
f 593 808 490
f 6388 595 6487
f 6487 595 593
f 6388 6487 7811
f 593 490 285
f 593 285 6487
f 285 490 1091
f 1091 490 1275
f 1091 1275 1309
f 6487 285 6682
f 6487 6682 7811
f 285 1091 915
f 285 915 6682
f 1091 1309 1089
f 1091 1089 915
f 1089 1309 1342
f 6682 915 878
f 878 915 1089
f 1089 1342 1126
f 1089 1126 878
f 1126 1342 1301
f 6682 878 6809
f 878 1126 876
f 878 876 6809
f 1126 1301 1044
f 1126 1044 876
f 1044 1301 868
f 868 1301 1118
f 868 1118 366
f 366 1118 1303
f 366 1303 6001
f 6001 1303 802
f 876 1044 800
f 876 800 6809
f 800 1044 711
f 6809 800 6848
f 6848 800 711
f 6809 6848 7777
f 6848 711 6998
f 6848 6998 7777
f 6998 711 7203
f 7777 6998 7970
f 7970 6998 7203
f 7777 7970 9139
f 9139 7970 9288
f 7777 9139 9030
f 7970 7203 8306
f 8308 9288 8306
f 9288 8308 9362
f 7777 9030 8009
f 7777 8009 6809
f 6809 8009 6682
f 8009 9030 9264
f 6682 8009 7811
f 7811 8009 9264
f 7811 9264 9153
f 7811 9153 8703
f 9153 9264 10001
f 8703 9153 9808
f 9153 10001 10046
f 9153 10046 9808
f 7156 8308 8306
f 8308 7156 8447
f 7156 8306 7203
f 8447 7156 7399
f 7156 7203 66
f 7156 66 7399
f 66 7203 711
f 66 711 225
f 66 225 6070
f 8447 7399 8591
f 66 6070 6266
f 66 6266 7399
f 6266 6070 6442
f 6266 6442 6702
f 6266 6702 7399
f 6702 6442 6955
f 8591 7399 7566
f 7566 7399 6702
f 6702 6955 7638
f 6702 7638 7566
f 7566 7638 8591
f 8591 7638 8665
f 566 528 730
f 566 730 770
f 565 566 770
f 565 770 727
f 2113 2115 2214
f 2113 2214 2416
f 2113 2416 2370
f 2370 2416 2502
f 2370 2502 2451
f 2451 2502 2498
f 2451 2498 2500
f 2500 2498 2548
f 2548 2498 2638
f 2548 2638 3115
f 2548 3115 2922
f 2214 3157 3661
f 2214 3661 2416
f 2416 3661 2502
f 2502 3661 4101
f 2502 4101 2498
f 2498 4101 4316
f 2498 4316 2638
f 727 967 725
f 2638 4316 4194
f 2638 4194 3115
f 3115 4491 2670
f 3115 2670 2672
f 2670 4491 2704
f 2704 4491 4723
f 2704 4723 2851
f 2851 4723 4928
f 3115 2672 2922
f 2922 2672 1275
f 2672 2706 1275
f 1275 2706 1309
f 1309 2706 2853
f 1309 2853 1342
f 1342 2853 2988
f 1342 2988 1301
f 1301 2988 3147
f 1301 3147 1118
f 1118 3147 2015
f 1118 2015 1303
f 1303 2015 2110
f 1303 2110 2567
f 1303 2567 1781
f 1781 2567 3231
f 1781 3231 2282
f 2282 3231 4252
f 2282 4252 2730
f 1275 490 767
f 767 490 808
f 767 808 965
f 725 561 727
f 563 561 6247
f 563 6247 6118
f 8114 8041 8857
f 8114 8857 8968
f 8968 8857 9558
f 9558 8857 9444
f 9558 9444 9660
f 9558 9660 9770
f 8857 8041 8399
f 8857 8399 9413
f 9413 8399 8703
f 9413 8703 9808
f 8857 9413 9969
f 8857 9969 9444
f 9413 9808 10301
f 9413 10301 9969
f 9444 9969 9660
f 10301 9808 10410
f 10410 9808 10046
f 10301 10410 10485
f 10301 10485 10393
f 10301 10393 9969
f 9660 9969 10150
f 10150 9969 10393
f 9660 10150 9659
f 10150 10393 10373
f 9659 10150 10149
f 10149 10150 10373
f 9659 10149 9661
f 9661 10149 10176
f 10176 10149 10373
f 9661 10176 9443
f 9443 10176 9968
f 9968 10176 10300
f 10300 10176 10411
f 10411 10176 10373
f 10411 10373 10484
f 10484 10373 10454
f 8074 8906 8010
f 8902 8968 9558
f 8902 9558 9414
f 9414 9558 9770
f 8902 9414 8906
f 9414 9770 9663
f 9414 9663 9416
f 9414 9416 8906
f 9416 9663 9630
f 8906 9416 9338
f 8906 9338 8820
f 9338 9416 9580
f 9580 9416 9630
f 9580 9630 9701
f 9580 9701 9664
f 9770 9660 9659
f 9770 9659 9768
f 9770 9768 9663
f 9768 9659 9661
f 9663 9768 9700
f 9663 9700 9630
f 9768 9661 9769
f 9768 9769 9700
f 9769 9661 9443
f 9630 9700 9701
f 9769 9443 9557
f 9557 9443 8856
f 9700 9769 9662
f 9700 9662 9701
f 9662 9769 9557
f 9594 9664 9701
f 9594 9701 9629
f 9629 9701 9662
f 9594 9629 9337
f 8967 9557 8856
f 8967 8856 8040
f 8967 8040 8113
f 9445 9662 9557
f 9445 9557 8967
f 9662 9445 9629
f 8967 8113 8901
f 8967 8901 9445
f 8901 8113 8072
f 9629 9445 9415
f 9415 9445 8901
f 9629 9415 9337
f 8901 8072 8905
f 8901 8905 9415
f 9415 8905 9337
f 8905 8072 8073
f 9337 8905 8860
f 8860 8905 8073
f 8860 8073 8043
f 10373 10393 10454
f 10454 10393 10485
f 10454 10485 10279
f 10279 10485 10344
f 10344 10485 10410
f 10344 10410 10346
f 8856 9443 9968
f 8856 9968 9412
f 8856 9412 8040
f 8040 9412 8398
f 8398 9412 8702
f 8702 9412 9807
f 8040 8398 7427
f 8040 7427 7242
f 8398 8702 7571
f 8398 7571 7427
f 8702 9807 9152
f 9152 9807 10045
f 7571 8702 7778
f 7778 8702 9152
f 7242 7427 6246
f 7242 6246 6119
f 6119 6246 560
f 6119 560 562
f 560 6246 596
f 6246 7427 6387
f 6246 6387 596
f 6387 7427 7571
f 596 6387 594
f 6387 7571 6486
f 6387 6486 594
f 6486 7571 7778
f 594 6486 592
f 592 6486 284
f 6486 7778 6681
f 6486 6681 284
f 6681 7778 8008
f 8008 7778 9152
f 8008 9152 9263
f 8008 9263 7776
f 7776 9263 9029
f 6681 8008 6808
f 6808 8008 7776
f 7776 9029 7969
f 7969 9029 9138
f 7969 9138 8305
f 8305 9138 9287
f 7776 7969 6997
f 7969 8305 7202
f 7969 7202 6997
f 7776 6997 6847
f 7776 6847 6808
f 6997 7202 710
f 6997 710 6847
f 7202 8305 7155
f 7155 8305 8307
f 7202 7155 65
f 7202 65 710
f 7155 8307 7398
f 7155 7398 65
f 9541 8307 9361
f 8307 9541 8446
f 8307 8446 7398
f 8446 9541 8590
f 7398 8446 7565
f 7565 8446 8590
f 7565 8590 7637
f 7637 8590 8664
f 7565 7637 6954
f 7398 7565 6701
f 6701 7565 6954
f 6701 6954 6441
f 6441 6954 6882
f 7398 6701 6265
f 6265 6701 6441
f 7398 6265 65
f 6265 6441 6069
f 65 6265 224
f 224 6265 6069
f 65 224 710
f 224 6069 365
f 224 365 899
f 224 899 710
f 899 365 1117
f 710 899 799
f 710 799 6847
f 6847 799 6808
f 899 1117 1043
f 899 1043 799
f 1043 1117 1300
f 6808 799 875
f 875 799 1043
f 1043 1300 1125
f 1043 1125 875
f 1125 1300 1341
f 6808 875 877
f 877 875 1125
f 6808 877 6681
f 1125 1341 1088
f 1125 1088 877
f 1088 1341 1308
f 6681 877 914
f 914 877 1088
f 6681 914 284
f 1088 1308 1090
f 1088 1090 914
f 914 1090 284
f 1090 1308 1274
f 284 1090 489
f 9412 9968 9807
f 9807 9968 10300
f 9807 10300 10409
f 10409 10300 10411
f 9807 10409 10045
f 10409 10411 10484
f 10454 10343 10484
f 10484 10343 10345
f 10484 10345 10409
f 10045 10409 10000
f 10000 10409 10345
f 10045 10000 9152
f 9152 10000 9263
f 10000 10345 9873
f 10000 9873 9263
f 9873 10345 9998
f 9263 9873 9029
f 9873 9998 9756
f 9029 9873 9657
f 9657 9873 9756
f 9029 9657 9138
f 9657 9756 9793
f 9657 9793 9138
f 9793 9756 9653
f 9138 9793 9287
f 9793 9653 9729
f 9793 9729 9287
f 9729 9653 9623
f 8307 8305 9287
f 8307 9287 9361
f 9361 9287 9729
f 9729 9623 9821
f 9729 9821 9361
f 9821 9623 9795
f 9821 9795 9733
f 9361 9821 9541
f 9541 9821 9890
f 9541 9890 9655
f 9541 9655 8590
f 8590 9655 8664
f 9655 9890 10039
f 8664 9655 9758
f 9758 9655 10039
f 9758 10039 10168
f 8072 8113 7244
f 8072 7244 7193
f 7193 7244 6163
f 8072 7193 8073
f 7193 6163 6120
f 8073 7193 7161
f 7161 7193 6120
f 8073 7161 8043
f 7161 6120 6122
f 8043 7161 7140
f 7161 6122 6086
f 7161 6086 7140
f 7242 8113 8040
f 8113 7242 7244
f 7244 7242 6119
f 7244 6119 6163
f 9998 10345 9592
f 9592 10345 10343
f 9998 9592 9756
f 10279 10343 10454
f 10343 10279 9592
f 9592 10279 9471
f 9471 10279 10344
f 9756 9592 9176
f 9756 9176 9653
f 9592 9471 8230
f 9592 8230 9176
f 8230 9471 8098
f 8230 8098 6804
f 9176 8230 9051
f 9176 9051 9653
f 9653 9051 9623
f 7567 7637 8664
f 7637 7567 6954
f 7567 8664 8477
f 6954 7567 6919
f 8477 8664 9758
f 6954 6919 6765
f 6954 6765 6882
f 6882 6765 22
f 8477 9758 9463
f 9463 9758 10168
f 9463 10168 9914
f 9890 9821 9733
f 9890 9733 10039
f 9085 9733 9052
f 9733 9085 9247
f 10039 9733 9867
f 9867 9733 9247
f 10039 9867 10168
f 9867 9247 9441
f 10168 9867 10041
f 10041 9867 9441
f 10168 10041 9914
f 9914 10041 9797
f 9797 10041 9441
f 9797 9441 9140
f 9140 9441 8340
f 9140 8340 8174
f 8174 8340 7131
f 7131 8340 7204
f 7131 7204 150
f 150 7204 197
f 150 197 1636
f 1636 197 1741
f 1636 1741 2996
f 2996 1741 3299
f 2996 3299 5006
f 5006 3299 5258
f 5006 5258 5598
f 5598 5258 5708
f 5598 5708 5690
f 5598 5690 5564
f 5564 5690 5366
f 5564 5366 5169
f 5169 5366 4253
f 5169 4253 3973
f 9463 9914 9865
f 9865 9914 9797
f 9865 9797 9686
f 9865 9686 9543
f 9865 9543 9731
f 9463 9865 9498
f 9498 9865 9731
f 9463 9498 8477
f 8477 9498 8475
f 9498 9731 9363
f 9363 9731 9215
f 9363 9215 8846
f 8477 8475 7567
f 6919 7567 6409
f 7567 8475 7490
f 7567 7490 6409
f 6409 7490 7337
f 6409 7337 6071
f 6071 7337 272
f 272 7337 6950
f 6950 7337 7937
f 7337 7490 8338
f 7337 8338 7937
f 8338 7490 8475
f 7937 8338 9363
f 9363 8338 8475
f 7937 9363 8846
f 9363 8475 9498
f 9686 9797 9087
f 9087 9797 9140
f 9686 9087 9543
f 9543 9087 8927
f 9543 8927 8567
f 9543 8567 9217
f 9543 9217 9731
f 9731 9217 9215
f 8846 9215 412
f 412 9215 9217
f 8846 412 7937
f 412 9217 8567
f 7937 412 6950
f 412 8567 7793
f 412 7793 6806
f 6950 412 272
f 1260 272 1882
f 1882 272 412
f 1882 412 2990
f 2990 412 4420
f 4420 412 5165
f 5165 412 5284
f 6071 272 803
f 6071 803 448
f 6071 448 6409
f 6409 448 6765
f 6409 6765 6919
f 6765 448 5839
f 6765 5839 22
f 22 5839 448
f 22 448 446
f 446 448 803
f 446 803 801
f 801 803 1302
f 1302 803 1260
f 6441 6882 6407
f 6441 6407 6069
f 6069 6407 6000
f 6069 6000 365
f 1260 803 272
f 1302 1260 1570
f 1302 1570 1780
f 1780 1570 2281
f 2281 1570 2016
f 2281 2016 2729
f 2729 2016 2570
f 1570 1260 1882
f 1570 1882 2444
f 2444 1882 2990
f 2444 2990 3551
f 1570 2444 3073
f 3073 2444 3551
f 1570 3073 2016
f 2016 3073 2570
f 2570 3073 3757
f 3073 3551 3905
f 3073 3905 3973
f 3973 3905 5208
f 3973 5208 5169
f 2852 2987 2850
f 2852 2850 2705
f 2705 2850 2703
f 2705 2703 2669
f 2705 2669 2671
f 489 1090 1274
f 284 489 592
f 592 489 807
f 592 807 594
f 2703 4582 4492
f 2703 4492 2669
f 2669 4492 3114
f 3114 4492 4652
f 596 594 768
f 768 594 807
f 596 768 724
f 596 724 560
f 560 724 726
f 560 726 562
f 807 489 766
f 807 766 964
f 807 964 768
f 768 964 1012
f 768 1012 724
f 766 489 1274
f 2921 2671 2669
f 2921 2669 3114
f 2547 2921 2637
f 2547 2637 2497
f 2637 2921 3114
f 2637 3114 4315
f 4315 3114 4652
f 4315 4652 5339
f 4315 5339 5260
f 5260 5339 5451
f 4315 5260 5082
f 4315 5082 3977
f 5339 5600 5451
f 5260 5451 5082
f 4315 3977 2637
f 2637 3977 2497
f 2497 3977 2501
f 2501 3977 3660
f 2501 3660 2415
f 2547 2497 2499
f 2499 2497 2450
f 2450 2497 2501
f 2450 2501 2415
f 2450 2415 2393
f 2393 2415 2289
f 3977 5322 5214
f 5214 5322 5584
f 3977 5214 3660
f 5214 5584 4893
f 5214 4893 3660
f 4893 5584 5518
f 3660 4893 3156
f 5680 5627 5605
f 5680 5605 5603
f 5626 5603 5061
f 5061 5603 4852
f 5626 5061 5059
f 5626 5059 5585
f 5585 5059 5008
f 5061 4852 3195
f 5585 5008 5624
f 5624 5008 5057
f 3195 4852 3005
f 879 811 491
f 879 491 567
f 491 811 668
f 3660 2289 2415
f 2393 2289 2149
f 2149 2289 2114
f 724 1053 726
f 726 1053 1014
f 726 1014 728
f 726 728 562
f 728 1014 1015
f 728 1015 769
f 769 1015 1016
f 769 1016 729
f 729 1016 971
f 729 971 598
f 562 728 564
f 562 564 6163
f 564 728 769
f 564 769 527
f 527 769 729
f 564 527 6120
f 564 6120 6163
f 6120 527 6122
f 527 729 454
f 527 454 6122
f 454 729 598
f 6122 454 6086
f 6119 562 6163
f 598 938 567
f 598 567 454
f 454 567 455
f 455 567 491
f 455 491 426
f 426 491 668
f 567 938 879
f 6086 454 455
f 8906 8820 8010
f 3551 2990 4998
f 3551 4998 3905
f 4998 2990 4420
f 3905 4998 5208
f 4998 4420 5448
f 5448 4420 5165
f 4998 5448 5537
f 4998 5537 5208
f 5208 5537 5564
f 5448 5165 5284
f 5448 5284 5514
f 5514 5284 4422
f 5448 5514 5596
f 5448 5596 5537
f 5537 5596 5564
f 5564 5596 5598
f 5598 5596 5004
f 5598 5004 5006
f 5004 5596 4955
f 4955 5596 5514
f 4955 5514 4422
f 4955 4422 2606
f 4955 2606 2880
f 4422 5284 412
f 4422 412 2606
f 2606 412 1504
f 1504 412 274
f 274 412 6806
f 4955 2880 5004
f 2880 2606 1504
f 2880 1504 1597
f 2880 1597 2994
f 5004 2994 5006
f 5006 2994 2996
f 2994 1597 1634
f 2994 1634 2996
f 1634 1597 226
f 2996 1634 1636
f 1634 226 193
f 1634 193 1636
f 1636 193 150
f 5004 2880 2994
f 1597 1504 274
f 1597 274 226
f 226 274 6999
f 6999 274 6806
f 226 6999 193
f 6999 6806 7793
f 193 6999 7129
f 193 7129 150
f 150 7129 7131
f 7129 6999 7971
f 7971 6999 7793
f 7131 7129 8138
f 8138 7129 7971
f 7131 8138 8174
f 8174 8138 9140
f 9140 8138 9087
f 9087 8138 7971
f 9087 7971 8927
f 8927 7971 7793
f 8927 7793 8567
f 7204 8340 8232
f 8232 8340 9441
f 8232 9441 9247
f 7204 8232 7157
f 7204 7157 197
f 197 7157 195
f 8232 9247 8064
f 8232 8064 7157
f 8064 9247 9085
f 195 7157 7027
f 7027 7157 8064
f 195 7027 276
f 8064 9085 8099
f 8064 8099 7027
f 8099 9085 9052
f 276 7027 6952
f 6952 7027 8099
f 276 6952 313
f 8099 9052 8028
f 8099 8028 6952
f 8028 9052 9083
f 313 6952 6880
f 6880 6952 8028
f 313 6880 414
f 8028 9083 8062
f 8028 8062 6880
f 8062 9083 9051
f 8062 9051 8230
f 6880 8062 6878
f 6880 6878 414
f 6878 8062 8230
f 414 6878 444
f 6878 8230 6804
f 6878 6804 444
f 444 6804 517
f 444 517 1983
f 517 6804 6764
f 6764 6804 8098
f 517 6764 583
f 197 195 1741
f 1741 195 1699
f 1741 1699 3299
f 1699 195 276
f 3299 1699 3187
f 3299 3187 5258
f 5258 3187 5210
f 1699 276 1664
f 1699 1664 3187
f 1664 276 313
f 5210 3187 3075
f 3075 3187 1664
f 5210 3075 5167
f 1664 313 1697
f 1664 1697 3075
f 1697 313 414
f 5167 3075 2951
f 2951 3075 1697
f 5167 2951 5080
f 1697 414 1695
f 1697 1695 2951
f 1695 414 444
f 5080 2951 2992
f 2992 2951 1695
f 5080 2992 5053
f 1695 444 1779
f 1695 1779 2992
f 1779 444 1983
f 5053 2992 2989
f 2989 2992 1779
f 2989 1779 1983
f 5053 2989 5079
f 5079 2989 3072
f 3072 2989 1983
f 5079 3072 5118
f 3072 1983 3111
f 3072 3111 5118
f 3111 1983 1907
f 5118 3111 5203
f 9052 9733 9795
f 9052 9795 9083
f 9083 9795 9623
f 9083 9623 9051
f 5564 5169 5208
f 3973 4253 4251
f 3973 4251 3757
f 3757 4251 2570
f 2570 4251 2729
f 3973 3757 3073
f 1907 1983 583
f 583 1983 517
f 1907 583 518
f 518 583 6805
f 6805 583 6764
f 6805 6764 8231
f 8231 6764 8098
f 8231 8098 9593
f 8231 9593 9177
f 9593 8098 9471
f 518 6805 445
f 518 445 1982
f 6879 6805 8231
f 6805 6879 445
f 8063 6881 6879
f 445 6879 415
f 415 6879 6881
f 1982 445 1778
f 445 415 1696
f 445 1696 1778
f 415 6881 314
f 314 6881 6953
f 1696 415 1698
f 1698 415 314
f 1778 1696 2993
f 1982 1778 2950
f 2950 1778 2993
f 1982 2950 2879
f 2879 2950 5049
f 2950 2993 5050
f 2993 1696 2952
f 2952 1696 1698
f 5054 2952 5081
f 5081 2952 3076
f 3076 2952 1698
f 5081 3076 5168
f 3076 1698 1665
f 1665 1698 314
f 5168 3076 3188
f 3188 3076 1665
f 5168 3188 5211
f 5211 3188 3300
f 5211 3300 5259
f 3300 3188 1700
f 1700 3188 1665
f 3300 1700 1742
f 1742 1700 198
f 1700 1665 196
f 1700 196 198
f 198 196 7158
f 198 7158 7205
f 7158 196 7028
f 196 1665 277
f 196 277 7028
f 277 1665 314
f 7028 277 6953
f 6953 277 314
f 6879 8231 8063
f 6881 8063 8029
f 6881 8029 6953
f 6953 8029 8100
f 6953 8100 7028
f 7028 8100 8065
f 7158 7028 8065
f 7158 8065 8233
f 7158 8233 8341
f 7158 8341 7205
f 8065 8100 9053
f 9053 8100 9084
f 9084 8100 8029
f 8065 9053 9086
f 8065 9086 8233
f 9053 9084 9624
f 9084 8029 9082
f 9082 8029 8063
f 9082 8063 9177
f 9177 8063 8231
f 9082 9177 9757
f 9757 9177 9999
f 9084 9082 9654
f 9654 9082 9757
f 9084 9654 9624
f 9654 9757 9658
f 9654 9658 9794
f 9654 9794 9624
f 9624 9794 9730
f 9624 9730 9796
f 9624 9796 9053
f 9796 9730 9822
f 9053 9796 9086
f 9796 9822 9734
f 9796 9734 9086
f 9734 9822 9891
f 9086 9734 9248
f 9734 9891 9868
f 9086 9248 8233
f 9734 9868 9248
f 8233 9248 8341
f 8341 9248 9442
f 9442 9248 9868
f 9868 9891 10040
f 9442 9868 10042
f 9868 10040 10169
f 9868 10169 10042
f 9999 9177 9593
f 9593 9471 10344
f 10344 10346 9593
f 9593 10346 9999
f 10346 10410 10046
f 10346 10046 10001
f 10346 10001 9999
f 9874 9999 10001
f 9874 10001 9264
f 9874 9264 9658
f 9658 9264 9030
f 9874 9658 9757
f 9874 9757 9999
f 9794 9658 9030
f 9794 9030 9139
f 9794 9139 9730
f 9730 9139 9288
f 9730 9288 9822
f 9822 9288 9362
f 9822 9362 9542
f 9542 9362 8308
f 9822 9542 9891
f 9542 8308 8447
f 9891 9542 9656
f 9656 9542 8447
f 9891 9656 10040
f 9656 8447 8591
f 10040 9656 9759
f 9759 9656 8591
f 10040 9759 10169
f 9759 8591 8665
f 7205 8341 8175
f 8175 8341 9442
f 7205 8175 7132
f 8175 9442 9141
f 9141 9442 9798
f 9798 9442 10042
f 7205 7132 198
f 198 7132 151
f 198 151 1637
f 198 1637 1742
f 1742 1637 3300
f 3300 1637 2997
f 3300 2997 5007
f 3300 5007 5259
f 5259 5007 5599
f 5259 5599 5709
f 5709 5599 5691
f 5691 5599 5565
f 5691 5565 5367
f 5367 5565 5170
f 5367 5170 3974
f 5367 3974 4254
f 4254 3974 4252
f 4252 3974 3758
f 4252 3758 2730
f 2730 3758 2571
f 7132 8175 8139
f 7132 8139 7130
f 7132 7130 151
f 8175 9141 9088
f 8175 9088 8139
f 9088 9141 9687
f 9687 9141 9798
f 9687 9798 9866
f 9866 9798 9915
f 9687 9866 9732
f 9088 9687 9544
f 9544 9687 9732
f 9544 9732 9216
f 9088 9544 8928
f 9544 9216 9218
f 9544 9218 8928
f 8928 9218 8568
f 8139 9088 8928
f 8139 8928 7972
f 8139 7972 7130
f 7972 8928 8568
f 7130 7972 7000
f 7972 8568 7794
f 7972 7794 7000
f 7000 7794 6807
f 9798 10042 10169
f 9798 10169 9915
f 9915 10169 9464
f 9464 10169 9759
f 9464 9759 8665
f 9915 9464 9866
f 8306 9288 7970
f 711 1044 868
f 711 868 225
f 225 868 366
f 225 366 6070
f 6070 366 6001
f 6070 6001 6442
f 6442 6001 6408
f 6442 6408 6883
f 6442 6883 6955
f 2015 3147 3334
f 2015 3334 2108
f 8665 7638 7568
f 7568 7638 6955
f 8665 7568 8478
f 8665 8478 9464
f 7568 6955 6920
f 6920 6955 6766
f 9464 8478 8476
f 9464 8476 9499
f 9499 8476 8339
f 9499 8339 9364
f 9364 8339 7938
f 9364 7938 8847
f 9499 9364 9732
f 9732 9364 8847
f 9499 9732 9866
f 9732 8847 9216
f 8476 8478 7568
f 8476 7568 7491
f 7491 7568 6410
f 6410 7568 6920
f 8476 7491 7338
f 7338 7491 6410
f 8476 7338 8339
f 7338 6410 6072
f 9464 9499 9866
f 6920 6766 6410
f 8339 7338 6951
f 7938 8339 6951
f 7938 6951 413
f 413 6951 273
f 7938 413 8847
f 413 273 1883
f 8847 413 9216
f 413 1883 2991
f 9216 413 9218
f 413 2991 4421
f 9218 413 8568
f 413 4421 5166
f 8568 413 7794
f 413 5166 5285
f 7794 413 6807
f 413 5285 4423
f 6807 413 275
f 413 4423 2607
f 275 413 1505
f 1505 413 2607
f 6951 7338 273
f 273 7338 6072
f 273 6072 804
f 804 6072 449
f 449 6072 6410
f 7130 7000 194
f 7130 194 151
f 151 194 1637
f 194 7000 227
f 227 7000 6807
f 227 6807 275
f 227 275 1505
f 194 227 1635
f 194 1635 1637
f 227 1505 1598
f 227 1598 1635
f 1598 1505 2881
f 2881 1505 2607
f 2881 2607 4423
f 2881 4423 4956
f 1637 1635 2995
f 2995 1635 1598
f 2995 1598 2881
f 2995 2881 4956
f 1637 2995 2997
f 2995 4956 5005
f 2997 2995 5007
f 5007 2995 5005
f 4956 4423 5285
f 4956 5285 5515
f 5005 4956 5515
f 5005 5515 5597
f 5005 5597 5599
f 5005 5599 5007
f 3334 3550 2108
f 2108 3550 3825
f 2108 3825 2605
f 2605 3825 4092
f 2605 4092 3298
f 3298 4092 4254
f 2015 2108 2110
f 2110 2108 2605
f 2110 2605 2567
f 2567 2605 3298
f 2567 3298 3231
f 3231 3298 4254
f 3231 4254 4252
f 2282 2730 2571
f 2282 2571 2017
f 2282 2017 1781
f 1781 2017 1571
f 1781 1571 1303
f 1303 1571 1261
f 2017 2571 3758
f 2017 3758 3074
f 3074 3758 3974
f 2017 3074 1571
f 1571 3074 2445
f 2445 3074 3906
f 2445 3906 3552
f 1571 2445 1883
f 1883 2445 3552
f 1883 3552 2991
f 1571 1883 1261
f 1261 1883 273
f 3074 3974 3906
f 3906 3974 5170
f 3906 5170 5209
f 3906 5209 3552
f 5209 5170 5565
f 3552 5209 4999
f 3552 4999 2991
f 2991 4999 4421
f 5209 5565 5538
f 5209 5538 4999
f 5538 5565 5599
f 5538 5599 5597
f 4999 5538 5449
f 4999 5449 4421
f 5449 5538 5597
f 4421 5449 5166
f 5449 5597 5515
f 5166 5449 5285
f 5285 5449 5515
f 1261 273 804
f 1261 804 1303
f 1303 804 802
f 802 804 449
f 802 449 447
f 447 449 21
f 21 449 5840
f 449 6410 6766
f 6001 802 447
f 6001 447 6408
f 6408 447 21
f 6408 21 6883
f 449 6766 5840
f 5840 6766 23
f 23 6766 6883
f 6883 6766 6955
f 1705 2294 2024
f 2294 1705 1382
f 2024 2294 2756
f 2294 1382 1912
f 1912 1382 1795
f 2756 2294 2642
f 2756 2642 2858
f 2756 2858 3162
f 3162 2858 2961
f 3162 2961 3308
f 3162 3308 3201
f 3308 2961 3079
f 3201 3308 3310
f 3308 3079 3312
f 3308 3312 3310
f 3310 3312 3314
f 3312 3079 3083
f 3314 3312 3317
f 3312 3083 3316
f 3312 3316 3317
f 3316 3083 2927
f 3317 3316 3164
f 3316 2927 3086
f 3316 3086 3164
f 3086 2927 2733
f 3164 3086 2892
f 2892 3086 2733
f 2892 2733 2591
f 2892 2591 2648
f 2648 2591 2398
f 2648 2398 2593
f 2648 2593 2892
f 2892 2593 2679
f 2892 2679 2762
f 1705 2024 973
f 1705 973 600
f 600 973 6419
f 973 2024 1161
f 1161 2024 2215
f 1161 2215 2293
f 1161 2293 1310
f 1161 1310 31
f 6419 973 6167
f 6167 973 1161
f 6419 6167 7433
f 7433 6167 7276
f 6167 1161 5926
f 6167 5926 7276
f 5926 1161 31
f 7276 5926 7064
f 7064 5926 31
f 7064 31 6851
f 7276 7064 7926
f 7926 7064 7785
f 2024 2756 2215
f 2215 2756 2856
f 2856 2756 3162
f 2215 2856 2293
f 2856 3162 2790
f 2856 2790 2293
f 2790 3162 3201
f 2293 2790 2322
f 2293 2322 1419
f 2293 1419 1310
f 1419 2322 2348
f 2348 2322 2790
f 1419 2348 1857
f 1857 2348 2072
f 2072 2348 2586
f 2586 2348 2790
f 2586 2790 3201
f 2586 3201 2758
f 2758 3201 3310
f 2758 3310 2793
f 31 1310 1419
f 31 1419 203
f 31 203 6851
f 203 1419 1276
f 1276 1419 1857
f 6851 203 6608
f 203 1276 286
f 203 286 6608
f 286 1276 327
f 327 1276 1343
f 286 327 6453
f 286 6453 6425
f 286 6425 6608
f 6425 6453 7280
f 7345 6851 6608
f 7345 6608 6425
f 7345 6425 7068
f 7068 6425 7280
f 7068 7280 7345
f 7460 8015 7280
f 7280 8015 7731
f 7280 7731 7345
f 7345 7731 8152
f 7599 6851 7345
f 7599 7345 8152
f 6851 7599 7064
f 7599 8152 8382
f 7064 7599 7785
f 7785 7599 8382
f 1276 1857 2072
f 1276 2072 1343
f 1343 2072 1345
f 1345 2072 2157
f 2157 2072 2586
f 2157 2586 2758
f 2157 2758 2159
f 2157 2159 1345
f 2159 2758 2793
f 2159 2793 2163
f 2163 2793 2861
f 2159 2163 1316
f 2159 1316 1345
f 1316 2163 1230
f 1316 1230 44
f 1316 44 174
f 1316 174 1345
f 174 44 6925
f 174 6925 6742
f 1345 174 248
f 248 174 6742
f 1345 248 1343
f 1343 248 327
f 248 6742 6581
f 248 6581 327
f 6581 6742 7601
f 327 6581 6453
f 6581 7601 7460
f 6581 7460 6453
f 6453 7460 7280
f 2793 3310 3314
f 2793 3314 2861
f 2861 3314 3317
f 2861 3317 2795
f 2861 2795 2123
f 2861 2123 2163
f 2795 3317 2762
f 2762 3317 3164
f 2762 3164 2892
f 2163 2123 1178
f 2163 1178 1230
f 1230 1178 44
f 44 1178 5894
f 5894 1178 6017
f 6017 1178 1101
f 1101 1178 2123
f 2033 2123 2795
f 2033 2795 2762
f 2123 2033 1101
f 2033 2762 1961
f 2033 1961 1101
f 1101 1961 1026
f 1961 2762 2679
f 1961 2679 1921
f 1921 2679 2593
f 1921 2593 1963
f 3079 2961 3607
f 3607 2961 2858
f 3079 3607 4047
f 3079 4047 3083
f 4047 3607 4659
f 4659 3607 4432
f 3083 4047 3986
f 3083 3986 2927
f 2927 3986 3670
f 2858 2642 3607
f 3607 2642 3199
f 3607 3199 3913
f 3199 2642 2454
f 2454 2642 2294
f 3913 3199 2754
f 2754 3199 2454
f 3913 2754 3344
f 2754 2454 2394
f 3986 4047 4661
f 4661 4047 4659
f 3986 4661 3670
f 4895 5013 4661
f 4661 5013 4762
f 4661 4762 4263
f 4661 4263 3670
f 4263 4762 4321
f 3670 4263 3374
f 3670 3374 2733
f 2733 3374 2591
f 3374 4263 3557
f 3557 4263 4321
f 2591 3374 2894
f 2894 3374 3557
f 2591 2894 2398
f 2398 2894 2797
f 2797 2894 3557
f 2797 3557 4321
f 2797 4321 3481
f 2733 2927 3670
f 44 5894 7072
f 44 7072 6925
f 6925 7072 7733
f 6925 7733 6742
f 6742 7733 7601
f 7733 7072 7900
f 7601 7733 8459
f 7601 8459 8282
f 7601 8282 7460
f 7460 8282 8015
f 8459 7733 8643
f 8643 7733 7900
f 7900 7072 8019
f 7900 8019 8643
f 8019 7072 7197
f 8643 8019 8794
f 8794 8019 8945
f 8945 8019 8160
f 7197 5894 6017
f 5894 7197 7072
f 7284 7197 6017
f 8019 7197 8160
f 8160 7197 7284
f 8160 7284 8219
f 8219 7284 7328
f 7284 6017 6101
f 7284 6101 7328
f 6101 6017 1101
f 6101 1101 1026
f 8219 7328 8323
f 6101 1026 6179
f 6101 6179 7328
f 8323 7328 7419
f 8323 7419 8465
f 7328 6179 6228
f 7328 6228 7419
f 6179 1026 944
f 6179 944 6228
f 944 1026 1961
f 944 1961 1921
f 8465 7419 7631
f 7631 7419 6228
f 8465 7631 8761
f 8761 7631 8388
f 8388 7631 8194
f 944 1921 980
f 944 980 6228
f 980 1921 1963
f 980 1963 1890
f 8194 7631 7505
f 8194 7505 8081
f 6322 7631 6228
f 6322 6228 980
f 7631 6322 7505
f 8081 7505 7503
f 7479 7503 6786
f 6786 7503 6654
f 7503 7505 6498
f 7503 6498 6654
f 6498 7505 6322
f 6654 6498 617
f 6654 617 135
f 6498 6322 1180
f 6498 1180 617
f 1180 6322 980
f 617 1180 1551
f 1180 980 1890
f 1180 1890 1551
f 1551 1890 2217
f 8643 8794 9098
f 9098 8794 8945
f 8643 9098 9011
f 8643 9011 8459
f 9098 8945 9155
f 9155 8945 9034
f 9011 9098 8975
f 8975 9098 9155
f 9011 8975 8935
f 8975 9155 9198
f 9198 9155 9034
f 9198 9034 9102
f 8913 8459 9011
f 8913 9011 8935
f 8459 8913 8282
f 9198 9102 9236
f 9198 9236 8937
f 9236 9102 9163
f 9236 9163 9349
f 9236 9349 8939
f 8939 9349 9069
f 9069 9349 9393
f 9069 9393 9125
f 8933 8913 8935
f 8933 8935 8863
f 8913 8933 8714
f 8913 8714 8282
f 8933 8863 8861
f 8933 8861 8714
f 8861 8863 8788
f 8788 8863 8751
f 8714 8861 8521
f 8714 8521 8282
f 8282 8521 8015
f 8015 8521 7731
f 7731 8521 8152
f 8861 8788 8712
f 8861 8712 8521
f 8521 8712 8152
f 8712 8788 8456
f 8152 8712 8382
f 8382 8712 8456
f 9034 8945 8160
f 9034 8160 8219
f 9034 8219 9102
f 9102 8219 8323
f 9102 8323 9163
f 9163 8323 8465
f 9163 8465 8761
f 9163 8761 9161
f 9163 9161 9349
f 9349 9161 9393
f 9161 8761 8981
f 9161 8981 9393
f 8981 8761 8388
f 9393 8981 9235
f 8981 8388 8796
f 8981 8796 9235
f 8796 8388 8194
f 9235 8796 9013
f 8796 8194 8645
f 8796 8645 9013
f 9013 8645 8790
f 8645 8194 8081
f 8790 8645 8462
f 8462 8645 8081
f 8790 8462 8529
f 8462 8081 7988
f 7988 8081 7479
f 7479 8081 7503
f 9198 8937 8975
f 8975 8937 8496
f 8496 8937 8939
f 8939 8937 9236
f 8496 8939 8528
f 8528 8939 9069
f 8496 8528 8241
f 8975 8496 8524
f 8524 8496 8241
f 8975 8524 8935
f 8528 9069 8639
f 8528 8639 8241
f 8639 9069 9125
f 9125 9393 9235
f 9235 9013 9067
f 9067 9013 8827
f 8827 9013 8790
f 9125 9067 8753
f 9067 8827 8672
f 9067 8672 8753
f 8753 8672 8044
f 8753 8044 8075
f 8672 8827 8523
f 8672 8523 8044
f 8523 8827 8790
f 8044 8523 7985
f 8523 8790 8428
f 8428 8790 8529
f 8428 8529 8154
f 8428 8154 7696
f 8523 8428 7875
f 8523 7875 7985
f 7875 8428 7696
f 7985 7875 7412
f 7412 7875 7349
f 7349 7875 7696
f 7349 7696 7224
f 9235 9067 9125
f 9125 8753 8639
f 8639 8753 8049
f 8049 8753 8075
f 8049 8075 7375
f 8639 8049 8241
f 8075 8044 7375
f 7375 8044 7410
f 7410 8044 7985
f 7410 7985 7412
f 7410 7412 6577
f 6577 7412 7349
f 7375 7410 6527
f 6527 7410 6579
f 6579 7410 6577
f 6527 6579 205
f 205 6579 124
f 124 6579 6577
f 205 124 1226
f 6577 7349 6526
f 6526 7349 7224
f 6526 7224 6457
f 6577 6526 126
f 6577 126 124
f 6526 6457 165
f 6526 165 126
f 165 6457 246
f 165 246 1017
f 124 126 1054
f 124 1054 1226
f 126 165 1094
f 126 1094 1054
f 1094 165 1096
f 1226 1054 1607
f 1607 1054 1094
f 1226 1607 1798
f 1226 1798 1709
f 1798 1607 2155
f 1094 1096 1707
f 1094 1707 1607
f 1607 1707 2155
f 1707 1096 1751
f 2155 1707 2297
f 2297 1707 1751
f 6527 205 244
f 244 205 1226
f 244 1226 1199
f 1199 1226 1709
f 6529 7375 6527
f 6529 6527 244
f 7375 6529 7417
f 7375 7417 8049
f 7417 6529 6458
f 6458 6529 238
f 6529 244 238
f 8049 7417 7414
f 8049 7414 8046
f 7414 7417 6458
f 8049 8046 8218
f 8049 8218 8241
f 8241 8218 8524
f 8218 8046 8751
f 8751 8046 8238
f 8218 8751 8524
f 8046 7414 8238
f 7527 7414 6458
f 7414 7527 8238
f 7527 6458 6613
f 6613 6458 238
f 6613 238 237
f 237 238 1278
f 237 1278 1382
f 1278 238 1197
f 1382 1278 1795
f 1795 1278 1197
f 8238 7527 7553
f 8238 7553 8117
f 7553 7527 6612
f 6612 7527 6613
f 6612 6613 381
f 381 6613 237
f 381 237 1382
f 8238 8117 8458
f 8238 8458 8751
f 8751 8458 8456
f 8751 8456 8788
f 8456 8458 7926
f 8456 7926 7785
f 8456 7785 8382
f 7926 8458 8013
f 8013 8458 8117
f 7926 8013 7276
f 7276 8013 7433
f 7433 8013 8117
f 7433 8117 7553
f 7433 7553 6419
f 6419 7553 6612
f 6419 6612 600
f 600 6612 381
f 600 381 1705
f 1705 381 1382
f 8751 8863 8524
f 8524 8863 8935
f 4429 4432 3913
f 3913 4432 3607
f 4432 4429 4895
f 4432 4895 4659
f 4429 3913 4141
f 4429 4141 4895
f 4141 3913 3344
f 4895 4141 4811
f 4811 4141 4257
f 4257 4141 3605
f 4661 4659 4895
f 2754 2394 3344
f 3344 2394 2888
f 3344 2888 3605
f 3344 3605 4141
f 3605 2888 2675
f 3605 2675 3423
f 2675 2888 2394
f 2675 2394 2188
f 2675 2188 2155
f 2675 2155 2644
f 2644 2155 2297
f 2155 2188 1888
f 1888 2188 2394
f 2155 1888 1798
f 1888 2394 2153
f 2153 2394 2454
f 1798 1888 1795
f 1795 1888 2153
f 1798 1795 1709
f 1795 2153 1912
f 3605 3423 4257
f 4257 3423 3425
f 4257 3425 4431
f 4431 3425 4259
f 4259 3425 3984
f 3425 3423 2644
f 2644 3423 2675
f 3984 3425 3122
f 3425 2644 2588
f 3425 2588 3122
f 2588 2644 2297
f 3984 3122 2760
f 2760 3122 2588
f 3984 2760 3346
f 3346 2760 2731
f 2760 2588 2507
f 2507 2588 2297
f 2731 2760 2419
f 2419 2760 2507
f 2731 2419 2241
f 2507 2297 2240
f 2507 2240 2419
f 2240 2297 1751
f 2241 2419 2075
f 2075 2419 2240
f 2075 2240 1751
f 2241 2075 1754
f 2075 1751 1575
f 2075 1575 1754
f 1754 1575 1228
f 1575 1751 1096
f 1228 1575 1017
f 1017 1575 1096
f 1017 1096 165
f 4811 4257 4431
f 4811 4431 4963
f 4811 4963 4895
f 4895 4963 5013
f 4963 4431 4759
f 4963 4759 5013
f 4759 4431 4259
f 5013 4759 4762
f 4759 4259 3984
f 4762 4759 4435
f 4435 4759 3984
f 4762 4435 4321
f 4435 3984 3764
f 4435 3764 4321
f 3764 3984 3346
f 4321 3764 3481
f 2797 3481 2735
f 2735 3481 3764
f 2735 3764 2929
f 1551 2217 2735
f 2735 2929 2084
f 2735 2084 1551
f 2241 2929 2731
f 2084 2929 2301
f 2301 2929 2241
f 1551 2084 1321
f 1321 2084 2301
f 1551 1321 617
f 2301 2241 1641
f 2301 1641 1321
f 1641 2241 1754
f 1641 1754 1228
f 617 1321 135
f 1321 1641 613
f 613 1641 1137
f 1321 613 5985
f 1321 5985 135
f 135 5985 6786
f 135 6786 6654
f 2593 2398 1963
f 2217 2398 2797
f 2217 2797 2735
f 1963 2398 1890
f 1890 2398 2217
f 8462 7988 8050
f 8462 8050 8498
f 8050 7988 7479
f 8529 8462 8498
f 8529 8498 8573
f 8573 8498 8606
f 8573 8606 8716
f 8573 8716 8384
f 8716 8606 9127
f 8384 8716 8494
f 8716 9127 9306
f 8716 9306 8494
f 8494 9306 9093
f 8494 9093 7928
f 7928 9093 8425
f 9093 9306 9267
f 9093 9267 9064
f 8050 7479 7531
f 7531 7479 6786
f 8498 8050 8606
f 8529 8573 8154
f 8154 8573 8384
f 8154 8384 7696
f 7696 8384 7850
f 7696 7850 7298
f 7696 7298 7224
f 7224 7298 6457
f 6457 7298 6455
f 6457 6455 331
f 6457 331 246
f 246 331 1017
f 8192 8050 7531
f 8192 7531 7609
f 8192 7609 8610
f 8610 7609 7957
f 7609 7531 6818
f 6818 7531 6786
f 6818 6786 5987
f 6818 5987 6015
f 7609 6818 6900
f 7609 6900 7957
f 6900 6818 6015
f 7957 6900 7327
f 7327 6900 6015
f 7327 6015 6496
f 7957 7327 7987
f 7987 7327 7379
f 8050 8192 8606
f 8606 8192 8610
f 8606 8610 9127
f 9127 8610 8608
f 8608 8610 7957
f 8608 7957 7987
f 9127 8608 9100
f 9127 9100 9306
f 9306 9100 9267
f 5987 6786 5985
f 5987 5985 735
f 735 5985 613
f 5987 735 6015
f 735 613 1281
f 6015 735 688
f 688 735 1281
f 688 1281 1280
f 1281 613 1137
f 1281 1137 1386
f 1386 1137 1228
f 1386 1228 1017
f 6015 688 6496
f 6496 688 46
f 6496 46 6619
f 6496 6619 7327
f 7327 6619 7379
f 6619 46 5892
f 5892 46 685
f 5892 685 469
f 1281 1386 1280
f 1280 1386 1421
f 46 688 1280
f 46 1280 685
f 685 1280 1421
f 685 1421 918
f 685 918 469
f 469 918 681
f 918 1421 678
f 678 1421 1129
f 7379 6619 7377
f 7377 6619 6687
f 6687 6619 5892
f 7379 7377 7987
f 7987 7377 7930
f 7987 7930 8531
f 7987 8531 8608
f 8608 8531 8941
f 8608 8941 9100
f 9100 8941 9267
f 9267 8941 9096
f 9267 9096 8931
f 9267 8931 9064
f 9064 8931 8360
f 9064 8360 8424
f 8424 8360 7692
f 7692 8360 7694
f 7692 7694 6896
f 6896 7694 6962
f 681 918 678
f 5892 469 258
f 258 469 681
f 258 681 463
f 463 681 457
f 463 457 288
f 288 457 6045
f 6045 457 5885
f 5885 457 678
f 5885 678 2
f 6045 5885 6896
f 6045 6896 6962
f 5892 258 6052
f 5892 6052 6687
f 6052 258 42
f 42 258 463
f 6052 42 6224
f 6052 6224 6687
f 6687 6224 6781
f 6687 6781 7377
f 7377 6781 7351
f 6224 42 7324
f 6224 7324 6781
f 6781 7324 7351
f 7351 7324 7853
f 7853 7324 8402
f 8402 7324 8792
f 8792 7324 8973
f 8973 7324 8823
f 8823 7324 8278
f 8278 7324 7651
f 7651 7324 6964
f 6964 7324 6092
f 6092 7324 167
f 290 7324 42
f 7324 290 167
f 290 42 463
f 290 463 167
f 167 463 288
f 167 288 6045
f 7377 7351 7930
f 7930 7351 7853
f 7930 7853 8402
f 7930 8402 8531
f 8531 8402 8792
f 8531 8792 8941
f 8941 8792 9096
f 9096 8792 8973
f 9096 8973 8931
f 8384 8494 7928
f 8384 7928 7850
f 7850 7928 7298
f 7298 7928 7347
f 7298 7347 6455
f 6455 7347 6489
f 7347 7928 8425
f 7347 8425 7663
f 8823 8931 8973
f 8931 8823 8278
f 8931 8278 8360
f 8360 8278 7694
f 7694 8278 7651
f 7694 7651 6962
f 6962 7651 6964
f 9093 9064 8425
f 8425 9064 8424
f 8425 8424 7663
f 7663 8424 7692
f 7663 7692 6896
f 5885 2 6896
f 6896 2 6812
f 6896 6812 7663
f 6812 2 329
f 7663 6812 6489
f 6489 6812 329
f 7663 6489 7347
f 6489 329 331
f 6964 6092 6962
f 6962 6092 6045
f 6045 6092 167
f 457 681 678
f 2 678 329
f 329 678 1129
f 329 1129 331
f 331 1129 1131
f 331 1131 1017
f 1017 1131 1386
f 1386 1131 1129
f 1386 1129 1421
f 6455 6489 331
f 1228 1137 1641
f 2731 2929 3764
f 2731 3764 3346
f 2153 2454 1912
f 1912 2454 2294
f 1199 1709 1795
f 244 1199 238
f 1199 1795 1197
f 1199 1197 238
f 234 5880 5882
f 5882 5880 5845
f 5966 5880 80
f 5880 5966 5845
f 5845 5966 5965
f 5882 5845 6049
f 5845 5965 5971
f 5971 5965 6169
f 6049 5845 6090
f 6090 5845 5971
f 6049 6090 6317
f 5882 6049 6046
f 5971 6169 6315
f 5971 6315 6090
f 6315 6169 6421
f 6090 6315 6248
f 6090 6248 6275
f 6315 6421 6646
f 6646 6421 7106
f 5882 6046 5889
f 5882 5889 234
f 5889 6046 6355
f 234 5889 239
f 5889 6355 6220
f 5889 6220 239
f 234 239 427
f 6220 6355 6685
f 427 239 495
f 427 495 383
f 239 6220 5852
f 239 5852 495
f 5852 6220 88
f 383 495 459
f 383 459 242
f 495 5852 207
f 495 207 459
f 207 5852 88
f 459 207 250
f 459 250 387
f 387 250 171
f 387 171 252
f 252 171 90
f 207 88 389
f 333 250 389
f 130 128 252
f 130 252 254
f 254 252 90
f 130 254 169
f 169 254 334
f 334 254 209
f 209 254 90
f 334 209 465
f 209 90 40
f 465 209 132
f 132 209 40
f 465 132 467
f 40 90 256
f 132 40 92
f 92 40 210
f 210 40 256
f 132 92 8
f 132 8 467
f 210 256 337
f 467 8 339
f 337 256 333
f 339 8 5891
f 5891 8 6012
f 339 5891 176
f 176 5891 6138
f 176 6138 5821
f 6138 5891 6319
f 337 333 393
f 337 393 5819
f 393 333 389
f 5819 393 6054
f 393 389 133
f 393 133 6054
f 133 389 88
f 6054 133 6279
f 6279 133 5974
f 5974 133 88
f 6279 5974 6615
f 5974 88 6096
f 6096 88 6220
f 6615 5974 6359
f 6359 5974 6096
f 6615 6359 6968
f 6096 6220 6493
f 6096 6493 6359
f 6968 6359 6744
f 6744 6359 6493
f 6968 6744 7166
f 7166 6744 7033
f 7033 6744 6853
f 6853 6744 6493
f 6853 6493 6685
f 5880 234 80
f 80 234 427
f 80 427 383
f 80 383 33
f 33 383 242
f 80 33 6007
f 80 6007 6042
f 80 6042 5966
f 6042 6007 6418
f 6042 6418 5966
f 5966 6418 6389
f 5966 6389 5965
f 5965 6389 6447
f 5965 6447 6169
f 6169 6447 6642
f 6418 6007 6354
f 6354 6007 6044
f 6044 6007 33
f 6354 6044 6488
f 6044 33 5849
f 5849 33 242
f 6488 6044 6130
f 6130 6044 5849
f 6488 6130 6571
f 6130 5849 6009
f 6009 5849 242
f 6571 6130 6132
f 6009 242 128
f 128 242 252
f 252 242 387
f 387 242 459
f 6009 128 130
f 6009 130 5973
f 6132 6130 5973
f 5973 130 169
f 5973 169 5850
f 5973 5850 6132
f 6132 5850 6135
f 6573 6571 6132
f 6573 6132 6135
f 6573 6135 6575
f 6355 6046 6049
f 6355 6049 6317
f 6355 6317 6685
f 6685 6317 6530
f 6685 6530 6853
f 6853 6530 6222
f 6530 6317 6275
f 6530 6275 6094
f 6275 6317 6090
f 250 207 389
f 250 333 171
f 171 333 256
f 171 256 90
f 210 337 5856
f 5856 337 5819
f 210 5856 5934
f 210 5934 92
f 5856 5819 6651
f 6651 5819 6858
f 5856 6651 6533
f 5856 6533 5934
f 6858 5819 6054
f 6858 6054 7110
f 7110 6054 6279
f 5934 6533 6495
f 6012 92 5934
f 6012 5934 6495
f 92 6012 8
f 6012 6495 6319
f 6012 6319 5891
f 6319 6495 7035
f 6319 7035 6705
f 7035 6495 7282
f 7110 6279 7300
f 7300 6279 6615
f 7300 6615 7462
f 7462 6615 6968
f 7462 6968 7555
f 7555 6968 7166
f 6493 6220 6685
f 7300 7462 8052
f 8052 7462 7555
f 7300 8052 7959
f 7300 7959 7110
f 7959 8052 8724
f 7959 8724 8759
f 8724 8052 8674
f 7110 7959 7855
f 7855 7959 8759
f 7110 7855 6858
f 7855 8759 8647
f 8674 8052 8121
f 8121 8052 7555
f 8674 8121 8641
f 8121 7555 8119
f 8121 8119 8641
f 8119 7555 7574
f 8641 8119 8156
f 8156 8119 7574
f 8641 8156 8722
f 8156 7574 7603
f 8722 8156 8757
f 8722 8757 9269
f 9269 8757 9351
f 9351 8757 9515
f 8757 8156 8188
f 8188 8156 7603
f 9515 8757 8829
f 8829 8757 8188
f 9515 8829 9710
f 7143 7037 7603
f 7603 7037 7605
f 7603 7605 8188
f 7605 7037 6927
f 8829 8188 8190
f 8190 8188 7605
f 9710 8829 8872
f 8872 8829 8190
f 9710 8872 9735
f 7605 6927 7607
f 7605 7607 8190
f 7607 6927 6898
f 9735 8872 8871
f 8872 8190 8159
f 8159 8190 7607
f 8872 8159 8871
f 7607 6898 7576
f 7607 7576 8159
f 7576 6898 6856
f 9735 8871 9602
f 7576 6856 7501
f 7576 7501 8159
f 7501 6856 6816
f 9602 8871 9071
f 9602 9071 9512
f 9071 8871 8576
f 8078 8871 8159
f 8871 8078 8576
f 8078 8159 7501
f 8576 8078 8017
f 8017 8078 7501
f 8017 7501 7500
f 7500 7501 6971
f 7555 7166 7574
f 7574 7166 7143
f 7574 7143 7603
f 7143 7166 7033
f 7143 7033 6966
f 7143 6966 7037
f 6966 7033 6814
f 6814 7033 6853
f 7037 6966 6746
f 7037 6746 6927
f 6927 6746 6617
f 6927 6617 6898
f 6898 6617 6536
f 6898 6536 6856
f 6856 6536 6535
f 6856 6535 6816
f 6816 6535 6583
f 6816 6583 6689
f 6816 6689 6971
f 6816 6971 7501
f 6971 6689 6748
f 6814 6853 6357
f 6357 6853 6222
f 6357 6222 6010
f 6357 6010 6
f 6814 6357 6277
f 6814 6277 6966
f 6966 6277 6198
f 9200 8724 8674
f 8724 9200 8759
f 9032 8674 8641
f 8674 9032 9200
f 9200 9032 9233
f 9233 9032 9196
f 8759 9200 9271
f 9233 9196 9387
f 8759 9271 8647
f 9200 9233 9484
f 9200 9484 9271
f 9271 9484 9391
f 9271 9391 9159
f 9271 9159 8647
f 8647 9159 8755
f 8647 8755 8404
f 9484 9233 9343
f 9343 9233 9385
f 9385 9233 9341
f 9343 9385 9481
f 9343 9481 9421
f 9385 9341 9775
f 9421 9481 9453
f 9421 9453 9344
f 9481 9385 9833
f 9833 9385 9775
f 9453 9481 9708
f 9708 9481 9833
f 9344 9453 9347
f 9344 9347 8868
f 8868 9347 8866
f 9347 9453 9709
f 9709 9453 9708
f 8866 9347 9815
f 9815 9347 9709
f 8866 9815 9389
f 9815 9709 9945
f 8866 9389 8386
f 9709 9708 9944
f 9709 9944 9945
f 9944 9708 9833
f 9945 9944 10309
f 10309 9944 10379
f 10379 9944 9833
f 9815 9945 10091
f 9815 10091 10085
f 10085 10091 10217
f 9815 10085 9389
f 9389 10085 9883
f 9389 9883 9482
f 9389 9482 8944
f 9389 8944 8386
f 8944 9482 8979
f 8386 8944 8430
f 8430 8944 8979
f 8430 8979 8720
f 8430 8720 8186
f 8186 8720 7955
f 7955 8720 8461
f 8461 8720 8718
f 8718 8720 8978
f 8978 8720 9154
f 7665 6858 7855
f 7665 7855 8647
f 6858 7665 6651
f 7665 8647 8404
f 6651 7665 7477
f 7477 7665 8404
f 6651 7477 6533
f 7477 8404 8079
f 6533 7477 7282
f 7282 7477 8079
f 6533 7282 6495
f 7282 8079 7735
f 7282 7735 7035
f 7035 7735 7473
f 7035 7473 6705
f 6705 7473 7195
f 6705 7195 6539
f 7195 7473 7852
f 7852 7473 8243
f 6539 7195 7013
f 6539 7013 6281
f 6281 7013 6783
f 7013 7195 7529
f 7529 7195 7852
f 6783 7013 7353
f 7353 7013 7529
f 6783 7353 7168
f 7168 7353 7718
f 7718 7353 7529
f 7168 7718 7475
f 7475 7718 8186
f 7475 8186 7955
f 8186 7718 8430
f 8430 7718 7878
f 7878 7718 7529
f 8430 7878 8386
f 8386 7878 7529
f 8386 7529 7852
f 8386 7852 8243
f 8386 8243 8866
f 8866 8243 8868
f 9032 8641 9157
f 9157 8641 9269
f 9159 9391 8868
f 9159 8868 8755
f 8755 8868 8243
f 8868 9391 9344
f 9344 9391 9484
f 9344 9484 9421
f 9421 9484 9343
f 8404 8755 8079
f 8079 8755 8243
f 8079 8243 7735
f 7735 8243 7473
f 6319 6705 6539
f 6319 6539 6138
f 6138 6539 5821
f 10091 9945 10309
f 10091 10309 10217
f 10217 10309 10347
f 10347 10309 10379
f 10347 10379 10416
f 10347 10416 10151
f 10347 10151 10217
f 10151 10416 10215
f 10217 10151 10007
f 10217 10007 10009
f 10217 10009 10085
f 10009 10007 10049
f 10085 10009 9881
f 9881 10009 10049
f 10085 9881 9973
f 10085 9973 9883
f 9883 9973 9668
f 9883 9668 9482
f 9973 9881 9563
f 9973 9563 9668
f 9881 10049 9879
f 9563 9881 9478
f 9478 9881 9879
f 9879 10049 9706
f 9706 10049 9877
f 9478 9879 9231
f 9231 9879 9706
f 9231 9706 8910
f 8910 9706 9303
f 9231 8910 8519
f 9231 8519 8821
f 9231 8821 9478
f 8821 8519 8400
f 8821 8400 8637
f 8637 8400 8280
f 8637 8280 8492
f 8637 8492 8602
f 9478 8821 9010
f 9010 8821 8637
f 9478 9010 9563
f 8637 8602 8826
f 8637 8826 9010
f 9563 9010 9066
f 9066 9010 8826
f 9563 9066 9668
f 8826 8602 8865
f 8826 8865 9066
f 8865 8602 8604
f 9668 9066 9154
f 9154 9066 8865
f 9668 9154 9482
f 9482 9154 8979
f 8979 9154 8720
f 9154 8865 8978
f 8978 8865 8604
f 8978 8604 8718
f 10332 10379 9833
f 10379 10332 10416
f 10416 10332 10377
f 10332 9833 10219
f 10332 10219 10377
f 10219 9833 9775
f 10377 10219 10263
f 10263 10219 10011
f 10011 10219 9775
f 10263 10011 10124
f 10011 9775 9777
f 10011 9777 10089
f 9777 9775 9341
f 9777 9341 9387
f 9777 9387 9922
f 9922 9387 9565
f 9922 9565 9975
f 9975 9565 9599
f 9975 9599 10014
f 10014 9599 9633
f 10014 9633 10015
f 10007 10151 9831
f 9831 10151 10215
f 10049 10007 9831
f 10049 9831 9877
f 9877 9831 9449
f 9877 9449 9706
f 9706 9449 9303
f 9303 9449 8633
f 8633 9449 8630
f 9449 9831 9476
f 9449 9476 8630
f 8630 9476 8629
f 8629 9476 8600
f 9476 9831 9704
f 8600 9476 9302
f 9302 9476 9704
f 8600 9302 8708
f 8708 9302 9191
f 8708 9191 8710
f 9191 9302 9631
f 9631 9302 9704
f 8710 9191 9062
f 8710 9062 8635
f 8635 9062 8571
f 9062 9191 9561
f 9561 9191 9631
f 8571 9062 8971
f 8571 8971 9091
f 8571 9091 8551
f 8551 9091 8452
f 9091 8971 9597
f 8971 9062 9451
f 8971 9451 9597
f 9451 9062 9561
f 9597 9451 9898
f 9597 9898 9942
f 9942 9898 10155
f 9942 10155 10158
f 10155 9898 10153
f 9898 9451 9854
f 9898 9854 10153
f 9854 9451 9561
f 10153 9854 10122
f 9854 9561 9813
f 9854 9813 10122
f 9813 9561 9631
f 10122 9813 10005
f 9813 9631 9852
f 9813 9852 10005
f 9852 9631 9704
f 10005 9852 10064
f 10064 9852 9704
f 10005 10064 10124
f 10124 10064 10263
f 10064 9704 10183
f 10064 10183 10263
f 10183 9704 10215
f 10263 10183 10377
f 10377 10183 10215
f 10377 10215 10416
f 9341 9233 9387
f 9196 9032 9157
f 9196 9157 9455
f 9196 9455 9387
f 9387 9455 9565
f 9565 9455 9568
f 9565 9568 9599
f 9599 9568 9601
f 9599 9601 9633
f 9633 9601 9857
f 9633 9857 9901
f 9901 9857 10132
f 9633 9901 10015
f 10132 9857 10337
f 10132 10337 10318
f 10318 10337 10448
f 10311 10015 10318
f 10311 10318 10448
f 10015 10311 10130
f 10015 10130 10128
f 10015 10128 10014
f 10014 10128 10126
f 10014 10126 9975
f 9975 10126 10089
f 9975 10089 9922
f 9922 10089 9777
f 10266 10130 10311
f 10124 10011 10089
f 10124 10089 10238
f 10124 10238 10005
f 10005 10238 10122
f 10122 10238 10252
f 10122 10252 10153
f 10153 10252 10253
f 10153 10253 10155
f 10155 10253 10158
f 10158 10253 10266
f 10158 10266 10361
f 10305 10266 10311
f 10266 10305 10361
f 10305 10311 10446
f 10446 10311 10448
f 10446 10448 10458
f 10446 10458 10488
f 10305 10446 10436
f 10436 10446 10488
f 10305 10436 10361
f 10436 10488 10471
f 10436 10471 10414
f 10436 10414 10361
f 10414 10471 10396
f 10361 10414 10213
f 10361 10213 10081
f 10361 10081 10158
f 10158 10081 9809
f 10158 9809 9942
f 9942 9809 9597
f 9455 9157 9568
f 9568 9157 9269
f 9568 9269 9601
f 9601 9269 9351
f 9601 9351 9515
f 9601 9515 9857
f 9857 9515 9710
f 9857 9710 10133
f 9857 10133 10337
f 10133 9710 10185
f 10185 9710 9735
f 10337 10133 10366
f 10366 10133 10185
f 10337 10366 10458
f 10337 10458 10448
f 10366 10185 10270
f 10366 10270 10458
f 10185 9735 10017
f 10185 10017 10270
f 10017 9735 9602
f 10017 9602 9886
f 10017 9886 10270
f 9886 9602 9512
f 10270 9886 10094
f 10270 10094 10364
f 10270 10364 10458
f 10364 10094 10224
f 10458 10364 10418
f 10418 10364 10224
f 10458 10418 10488
f 10488 10418 10471
f 10471 10418 10398
f 10418 10224 10284
f 10398 10418 10267
f 10267 10418 10284
f 10284 10224 10222
f 10284 10222 10267
f 10267 10222 10087
f 10267 10087 9971
f 9269 8641 8722
f 10015 9901 10132
f 10015 10132 10318
f 10126 10128 10252
f 10126 10252 10238
f 10126 10238 10089
f 10252 10128 10253
f 10253 10128 10130
f 10253 10130 10266
f 10215 9704 9831
f 9809 10081 9229
f 9229 10081 9381
f 9809 9229 9597
f 10414 10396 10213
f 9381 10081 10213
f 9381 10213 9474
f 9474 10213 10181
f 10181 10213 10396
f 9474 10181 9510
f 9510 10181 9970
f 9510 9970 9383
f 10181 10396 10302
f 10181 10302 9970
f 10471 10398 10396
f 10396 10398 10302
f 10302 10398 10267
f 10302 10267 10066
f 10066 10267 9971
f 9970 10302 9666
f 10066 9971 9666
f 10066 9666 10302
f 9970 9666 9383
f 9383 9666 9193
f 9383 9193 8515
f 8515 9193 8454
f 9381 9474 8513
f 9381 8513 9229
f 9229 8513 8489
f 8513 9474 8547
f 8547 9474 9510
f 8489 8513 7781
f 7781 8513 8547
f 8547 9510 8549
f 8549 9510 9383
f 8549 9383 8515
f 8547 8549 7779
f 7779 8549 8515
f 7781 8547 7818
f 7818 8547 7779
f 7781 7818 7322
f 7322 7818 7270
f 7270 7818 7779
f 7781 7322 7373
f 7270 7779 7272
f 7781 7373 7820
f 7781 7820 8489
f 7820 7373 7406
f 7272 7779 7755
f 7755 7779 8515
f 7272 7755 7274
f 7755 8515 8454
f 7274 7755 7649
f 7649 7755 8454
f 7848 8489 7820
f 7848 7820 7406
f 8489 7848 8452
f 7848 7406 7404
f 7404 7406 7066
f 7404 7066 7012
f 7848 7404 7873
f 7848 7873 8452
f 7873 7404 7456
f 8452 7873 8551
f 7873 7456 7924
f 7873 7924 8551
f 8551 7924 8571
f 7924 7456 7523
f 8571 7924 7981
f 7981 7924 7523
f 8571 7981 8635
f 8635 7981 7951
f 8635 7951 8710
f 7981 7523 7629
f 7981 7629 7951
f 8710 7951 7949
f 8710 7949 8708
f 7949 7951 7647
f 8708 7949 8600
f 8600 7949 7953
f 7629 7523 7431
f 7431 7523 7106
f 7431 7106 6892
f 7431 6892 6642
f 7629 7431 7296
f 7296 7431 6642
f 7629 7296 7647
f 7296 6642 6447
f 7647 7296 7248
f 7248 7296 6447
f 7647 7248 7953
f 7248 6447 6389
f 7922 8600 7953
f 7922 7953 7248
f 8600 7922 8629
f 7248 6389 7220
f 7248 7220 7922
f 7220 6389 6418
f 8629 7922 7871
f 7871 7922 7220
f 8629 7871 8630
f 7220 6418 7249
f 7220 7249 7871
f 8630 7871 7846
f 7846 7871 7249
f 8630 7846 8633
f 8633 7846 7783
f 8633 7783 8517
f 7783 7846 7252
f 7252 7846 7249
f 7252 7249 6418
f 7252 6418 6354
f 7252 6354 6488
f 7252 6488 7222
f 7222 6488 7141
f 7141 6488 6571
f 7141 6571 6573
f 7141 6573 7108
f 7108 6573 6575
f 7108 6575 7070
f 7141 7108 7458
f 7458 7108 7070
f 7458 7070 7408
f 7141 7458 7525
f 7458 7408 7897
f 7458 7897 7525
f 7525 7897 7983
f 10087 10222 10438
f 10438 10222 10224
f 10087 10438 10381
f 10087 10381 10334
f 9971 10087 10306
f 9971 10306 10236
f 10306 10087 10334
f 10306 10334 10473
f 10306 10473 10236
f 10473 10334 10475
f 10473 10475 10541
f 10473 10541 10575
f 10575 10541 10594
f 10473 10575 10546
f 10473 10546 10434
f 10546 10575 10652
f 10546 10652 10709
f 10546 10709 10688
f 10709 10652 10739
f 10688 10709 10784
f 10709 10739 10813
f 10709 10813 10784
f 10813 10739 10772
f 10784 10813 10884
f 10884 10813 10772
f 10784 10884 10849
f 10884 10772 10894
f 10884 10894 10849
f 10849 10894 10861
f 9971 10236 10083
f 10083 10236 10330
f 10083 10330 10282
f 10282 10330 10501
f 9971 10083 9666
f 9666 10083 9811
f 9666 9811 9193
f 9811 10083 10282
f 9811 10282 10002
f 10002 10282 10394
f 9193 9811 9300
f 9300 9811 10002
f 9193 9300 8422
f 8422 9300 8358
f 8358 9300 9379
f 8358 9379 9447
f 8358 9447 8184
f 9300 10002 10234
f 10234 10002 10394
f 10234 10394 10527
f 8184 9447 9377
f 10234 10527 10564
f 10234 10564 10444
f 10444 10564 10639
f 10564 10527 10720
f 10564 10720 10821
f 8184 9377 8011
f 8011 9377 7816
f 8011 7816 7162
f 7162 7816 6960
f 6960 7816 7521
f 6960 7521 6520
f 6520 7521 6311
f 7521 7816 9123
f 9123 7816 9377
f 9123 9377 10078
f 10078 9377 10280
f 7521 9123 8706
f 8706 9123 10078
f 7521 8706 8276
f 7521 8276 7268
f 8706 10078 9265
f 8706 9265 8276
f 7268 8276 7814
f 7268 7814 6888
f 8276 9265 9060
f 6888 7814 7519
f 6888 7519 6350
f 7814 8276 8704
f 7814 8704 7519
f 8704 8276 9060
f 7519 8704 8356
f 8356 8704 9339
f 8356 9339 8929
f 9773 9060 9265
f 9773 9265 10078
f 9060 9773 9559
f 9773 10078 10486
f 9559 9773 10211
f 10211 9773 10486
f 10334 10381 10475
f 10475 10381 10514
f 10514 10381 10548
f 10514 10548 10583
f 10548 10381 10438
f 10583 10548 10632
f 10583 10632 10628
f 10548 10438 10535
f 10632 10548 10600
f 10600 10548 10535
f 10628 10632 10700
f 10628 10700 10653
f 10653 10700 10702
f 10702 10700 10690
f 10690 10700 10673
f 10673 10700 10632
f 10673 10632 10600
f 10673 10600 10543
f 10543 10600 10504
f 10504 10600 10440
f 10440 10600 10535
f 10440 10535 10421
f 10421 10535 10438
f 10440 10421 10286
f 10421 10438 10224
f 10421 10224 10286
f 10286 10224 10094
f 10475 10514 10583
f 10475 10583 10541
f 10541 10583 10594
f 10594 10583 10628
f 10594 10628 10630
f 10630 10628 10653
f 10630 10653 10641
f 10575 10594 10652
f 10594 10630 10652
f 10653 10702 10660
f 10660 10702 10690
f 10673 10543 10690
f 10690 10543 10552
f 10552 10543 10349
f 10552 10349 10367
f 10552 10367 10529
f 10552 10529 10690
f 10529 10367 10321
f 10634 10660 10690
f 10634 10690 10529
f 10529 10321 10463
f 10529 10463 10634
f 10463 10321 10242
f 10660 10634 10550
f 10550 10634 10463
f 10463 10242 10319
f 10319 10242 10052
f 10319 10052 10135
f 10463 10319 10461
f 10461 10319 10135
f 10463 10461 10550
f 10461 10135 10240
f 10585 10660 10550
f 10585 10550 10461
f 10585 10461 10459
f 10660 10585 10641
f 10585 10459 10613
f 10585 10613 10641
f 10641 10613 10655
f 10655 10613 10774
f 10655 10774 10772
f 10772 10774 10894
f 10774 10613 10566
f 10894 10774 10863
f 10774 10566 10750
f 10774 10750 10863
f 10750 10566 10477
f 10863 10750 10801
f 10750 10477 10657
f 10750 10657 10801
f 10641 10653 10660
f 10630 10641 10655
f 10504 10440 10288
f 10504 10288 10543
f 10543 10288 10349
f 10349 10288 9977
f 10349 9977 10095
f 9977 10288 9859
f 9859 10288 10187
f 10187 10288 10440
f 9859 10187 9512
f 10187 10440 9948
f 10187 9948 9512
f 9948 10440 10286
f 9512 9948 9886
f 9886 9948 10286
f 9886 10286 10094
f 9859 9512 9835
f 9859 9835 9977
f 9835 9512 9202
f 9202 9512 9071
f 9202 9071 8576
f 9835 9202 9517
f 9977 9835 9950
f 9950 9835 9517
f 9977 9950 10095
f 9950 9517 9671
f 9202 8576 8677
f 8677 8576 8017
f 9202 8677 9517
f 9517 8677 8875
f 9517 8875 8986
f 9517 8986 9671
f 8986 8875 8055
f 8055 8875 8677
f 8986 8055 8083
f 8677 8017 8022
f 8677 8022 8055
f 8022 8017 7500
f 8022 7500 7436
f 8022 7436 8055
f 8055 7436 7383
f 7436 7500 6817
f 6817 7500 6971
f 7436 6817 7383
f 7383 6817 6690
f 6690 6817 6748
f 7383 6690 7355
f 7355 6690 6627
f 7355 6627 7387
f 6627 6690 6500
f 7387 6627 6658
f 6658 6627 6500
f 7387 6658 7437
f 6658 6500 6502
f 7437 6658 6711
f 6711 6658 6502
f 6711 6502 6585
f 6711 6585 6863
f 8055 7383 8083
f 8083 7383 7355
f 8083 7355 8123
f 8123 7355 7387
f 8083 8123 9036
f 8083 9036 8986
f 8986 9036 9712
f 8986 9712 9671
f 9036 8123 8165
f 8165 8123 7387
f 9036 8165 9038
f 9038 8165 9040
f 8165 7387 7437
f 9040 8165 8221
f 8221 8165 7437
f 9040 8221 8987
f 8831 8987 8244
f 8244 8987 8246
f 8246 8987 8221
f 8246 8221 7507
f 7507 8221 7437
f 8246 7507 7578
f 7578 7507 7043
f 7043 7507 6863
f 6863 7507 7437
f 6863 7437 6711
f 9038 9040 9636
f 9636 9040 8987
f 9038 9636 9714
f 9038 9714 9036
f 9036 9714 9712
f 9714 9636 9924
f 9714 9924 10020
f 9714 10020 9712
f 9924 9636 9837
f 9712 10020 10019
f 9712 10019 9671
f 9671 10019 9950
f 9837 9636 9486
f 9486 9636 8987
f 9837 9486 9273
f 9273 9486 8987
f 9837 9273 9604
f 9273 8987 8831
f 9604 9273 9518
f 9273 8831 8876
f 9273 8876 9518
f 9950 10019 10095
f 10095 10019 10137
f 10137 10019 10020
f 10095 10137 10367
f 10095 10367 10349
f 10137 10020 10054
f 10137 10054 10367
f 10054 10020 9924
f 10367 10054 10321
f 10054 9924 9837
f 10321 10054 9904
f 9904 10054 9837
f 10321 9904 10242
f 9904 9837 9737
f 9904 9737 10242
f 10242 9737 10052
f 9737 9837 9604
f 9737 9604 9518
f 8831 8244 8876
f 8876 8244 8285
f 8285 8244 7667
f 7667 8244 8246
f 8285 7667 7757
f 7667 8246 7578
f 7667 7578 7043
f 7757 7667 7381
f 7667 7043 7255
f 7667 7255 7381
f 7381 7255 7145
f 7145 7255 6931
f 9518 8876 8983
f 8983 8876 8285
f 9518 8983 9739
f 9518 9739 9902
f 9902 9739 10255
f 10255 9739 10450
f 10450 9739 9980
f 9980 9739 8983
f 9980 8983 9204
f 9980 9204 10100
f 10100 9204 9353
f 9204 8983 7991
f 9204 7991 8162
f 6863 6585 6709
f 6863 6709 7043
f 7043 6709 6931
f 7043 6931 7255
f 6585 6502 6253
f 6253 6502 6252
f 6252 6502 6500
f 6252 6500 6361
f 6361 6500 6626
f 6585 6253 6324
f 6324 6253 499
f 6585 6324 6709
f 6324 499 433
f 6709 6324 6503
f 6503 6324 433
f 6709 6503 6931
f 6503 433 212
f 6503 212 6749
f 6503 6749 6931
f 6749 212 5989
f 6931 6749 7113
f 6931 7113 7145
f 499 6253 476
f 476 6253 6252
f 499 476 1236
f 499 1236 433
f 476 6252 295
f 295 6252 6361
f 295 6361 48
f 48 6361 6621
f 48 6621 6689
f 295 48 571
f 295 571 920
f 920 571 1347
f 476 295 1141
f 1141 295 920
f 1141 920 1347
f 476 1141 1236
f 1141 1347 1550
f 1141 1550 1236
f 1550 1347 1478
f 1550 1478 1756
f 1550 1756 1720
f 1550 1720 1236
f 1720 1756 1919
f 1236 1720 1801
f 1236 1801 1239
f 1236 1239 433
f 1239 1801 1058
f 1239 1058 433
f 1058 1801 1722
f 433 1058 212
f 5989 212 1058
f 6749 5989 7112
f 7145 7113 7381
f 7112 5989 6394
f 7112 6394 7381
f 7381 6394 6929
f 5989 690 6394
f 6929 6394 95
f 95 6394 690
f 6929 95 6250
f 6929 6250 6541
f 6541 6250 6056
f 95 690 850
f 95 850 6250
f 850 690 1388
f 850 1388 1675
f 850 1675 1140
f 6056 6250 263
f 263 6250 850
f 263 850 1140
f 263 1140 615
f 263 615 49
f 690 5989 1058
f 8285 7757 7991
f 7991 7757 7381
f 7991 7381 7254
f 7254 7381 6929
f 7991 7254 8162
f 7254 6929 6541
f 7254 6541 6653
f 8162 7254 7385
f 7254 6653 6861
f 7254 6861 7385
f 7385 6861 7533
f 7533 6861 7040
f 7533 7040 7655
f 7655 7040 7115
f 7655 7115 7170
f 7170 7115 6320
f 7655 7170 7671
f 8285 7991 8983
f 6541 6056 6283
f 6056 263 49
f 6056 49 6283
f 6541 6283 6653
f 6653 6283 6861
f 6861 6283 6461
f 6461 6283 6226
f 6461 6226 6177
f 6461 6177 6623
f 6461 6623 6861
f 6861 6623 7040
f 7040 6623 7115
f 6283 49 6226
f 6226 49 6177
f 6177 49 474
f 6177 474 472
f 472 474 848
f 472 848 1174
f 8162 7385 8325
f 8325 7385 7533
f 8162 8325 9353
f 8162 9353 9204
f 8325 7533 8409
f 8409 7533 7655
f 9353 8325 9276
f 9276 8325 8409
f 9353 9276 10105
f 10105 9276 9423
f 9276 8409 8948
f 9276 8948 9423
f 8409 7655 8363
f 8409 8363 8948
f 8363 7655 7671
f 8363 7671 8290
f 8363 8290 8948
f 8948 8290 9423
f 9423 8290 8916
f 9353 10105 10100
f 10450 9980 10100
f 10450 10100 10506
f 10450 10506 10741
f 10506 10100 10531
f 10531 10100 10105
f 10506 10531 10741
f 10450 10741 10663
f 10531 10105 10103
f 10103 10105 9423
f 10741 10531 10494
f 10494 10531 10103
f 10663 10741 10910
f 10663 10910 10838
f 10910 10741 10692
f 10692 10741 10494
f 10103 9423 9641
f 9641 9423 8916
f 10494 10103 10097
f 10097 10103 9641
f 9641 8916 9639
f 9641 9639 10097
f 9639 8916 8678
f 8678 8916 8329
f 9639 8678 9521
f 9639 9521 9979
f 9639 9979 10097
f 9979 9521 10098
f 10097 9979 10383
f 10097 10383 10494
f 10383 9979 10312
f 10383 10312 10400
f 10494 10383 10516
f 10516 10383 10400
f 10494 10516 10692
f 10516 10400 10503
f 10692 10516 10659
f 10659 10516 10503
f 10692 10659 10853
f 10692 10853 10910
f 10910 10853 10953
f 10659 10503 10788
f 10659 10788 10853
f 10788 10503 10711
f 10788 10711 10830
f 10788 10830 10892
f 10953 10853 10937
f 10937 10853 10788
f 10953 10937 10959
f 10959 10937 10951
f 10951 10937 10788
f 10951 10788 10892
f 10951 10892 10903
f 10951 10903 10957
f 7115 6623 6543
f 6543 6623 93
f 7115 6543 6320
f 6320 6543 93
f 93 6623 6200
f 93 6200 472
f 6200 6623 6177
f 6200 6177 472
f 6320 93 342
f 342 93 472
f 342 472 1024
f 6320 342 819
f 819 342 1545
f 1545 342 1024
f 1024 472 1174
f 1024 1174 1545
f 1545 1174 1577
f 1577 1174 848
f 2350 1916 1545
f 2350 1545 1957
f 1957 1545 1577
f 2350 1957 2646
f 2646 1957 1577
f 2646 1577 2243
f 1577 848 1319
f 1577 1319 2243
f 2243 1319 1834
f 1834 1319 1479
f 1319 848 474
f 1319 474 976
f 976 474 615
f 615 474 49
f 1319 976 1479
f 1479 976 615
f 1479 615 1176
f 1479 1176 2396
f 1479 2396 1834
f 2396 1176 2161
f 1834 2396 2707
f 1834 2707 2243
f 2707 2396 2925
f 2925 2396 2161
f 2243 2707 3081
f 1203 1716 2161
f 2161 1716 2029
f 2243 3081 2646
f 2161 2029 2551
f 2161 2551 2925
f 2551 2029 2421
f 2421 2029 2080
f 2421 2080 1914
f 2646 3081 3427
f 2646 3427 2859
f 2859 3427 3668
f 3427 3081 4261
f 3668 3427 4813
f 4813 3427 4261
f 3668 4813 4897
f 4897 4813 5374
f 5374 4813 4261
f 4261 3081 3371
f 3371 3081 2707
f 3371 2707 2925
f 4261 3371 4197
f 4197 3371 2925
f 5374 4261 5133
f 5133 4261 4197
f 5374 5133 5509
f 5374 5509 5665
f 5133 4197 5342
f 5133 5342 5509
f 4197 2925 3369
f 5509 5342 5507
f 5509 5507 5653
f 5507 5342 5340
f 5653 5507 5530
f 5530 5507 5340
f 5653 5530 5619
f 5530 5340 5439
f 5530 5439 5458
f 5340 5342 4726
f 4726 5342 4197
f 4726 4197 3369
f 5619 5530 5557
f 5557 5530 5458
f 5619 5557 5617
f 5557 5458 5575
f 5557 5575 5617
f 5575 5458 5489
f 5617 5575 5633
f 5575 5489 5592
f 5633 5575 5651
f 5651 5575 5592
f 5633 5651 5663
f 5651 5592 5647
f 3666 4591 4726
f 3666 4726 3369
f 3666 3369 3008
f 3008 3369 2890
f 2890 3369 2925
f 3008 2890 2505
f 2890 2925 2551
f 2890 2551 2677
f 2890 2677 2505
f 2677 2551 2421
f 2505 2677 2299
f 2299 2677 2421
f 2505 2299 2074
f 2299 2421 1914
f 2299 1914 2074
f 2074 1914 1753
f 2074 1753 1576
f 615 1140 1203
f 1203 1140 1716
f 1716 1140 1675
f 1716 1675 2029
f 2029 1675 1990
f 1990 1675 1388
f 2029 1990 2080
f 1990 1388 1722
f 1990 1722 2031
f 1990 2031 2080
f 2031 1722 1801
f 2080 2031 1919
f 2080 1919 1914
f 615 1203 1176
f 1176 1203 2161
f 1388 690 1722
f 1722 690 1058
f 1919 2031 1801
f 1801 1720 1919
f 1914 1919 1756
f 1914 1756 1753
f 1753 1756 1576
f 1576 1756 1478
f 1576 1478 1021
f 1576 1021 1173
f 1576 1173 1168
f 2646 2859 2350
f 1916 2350 2078
f 2078 2350 2509
f 2509 2350 2859
f 2078 2509 2590
f 2590 2509 2963
f 2509 2859 2964
f 2509 2964 2963
f 2964 2859 3668
f 2964 3668 3555
f 2964 3555 2963
f 2963 3555 3368
f 3368 3555 4531
f 3368 4531 4143
f 4143 4531 5131
f 4143 5131 4810
f 4810 5131 5392
f 4810 5392 5218
f 1545 1916 1718
f 1545 1718 1234
f 1545 1234 819
f 819 1234 619
f 819 619 5823
f 1718 1916 2078
f 1718 2078 1954
f 3555 3668 4531
f 2963 3368 2965
f 2510 2590 2963
f 2510 2963 2965
f 2510 2965 2351
f 2965 3368 3556
f 3556 3368 4143
f 2351 2965 2860
f 2860 2965 3556
f 2351 2860 1958
f 1958 2860 2647
f 3556 4143 4532
f 2860 3556 3669
f 2860 3669 2647
f 3669 3556 4532
f 2647 3669 3428
f 2647 3428 2244
f 3669 4532 4898
f 3669 4898 3428
f 4898 4532 5373
f 2244 3428 3082
f 5373 4532 5132
f 3428 4898 4814
f 3428 4814 3082
f 4814 4898 5373
f 5373 5132 5393
f 4814 5373 5375
f 5375 5373 5656
f 5656 5373 5393
f 5656 5393 5560
f 5656 5560 5724
f 5724 5560 5650
f 4262 3082 4814
f 3082 4262 2708
f 3082 2708 1835
f 2708 4262 3372
f 1835 2708 2397
f 2397 2708 3372
f 2397 3372 2926
f 2397 2926 2552
f 2397 2552 2162
f 2397 2162 1177
f 2030 2552 2081
f 2552 2030 1717
f 2552 1717 2162
f 1717 2030 1991
f 1177 2162 1204
f 1204 2162 1717
f 1177 1204 616
f 1177 616 977
f 1204 1717 1139
f 1204 1139 616
f 1717 1991 1676
f 1717 1676 1139
f 1676 1991 1723
f 616 1139 851
f 851 1139 1676
f 616 851 264
f 616 264 50
f 264 851 96
f 851 1676 1389
f 851 1389 96
f 1389 1676 1723
f 96 1389 691
f 96 691 5990
f 5990 691 213
f 691 1389 1059
f 691 1059 213
f 1059 1389 1723
f 213 1059 434
f 1059 1723 1238
f 1059 1238 434
f 1238 1723 1802
f 434 1238 500
f 500 1238 1237
f 4531 3668 4897
f 4531 4897 5372
f 5372 4897 5374
f 5372 5374 5665
f 4531 5372 5131
f 5131 5372 5655
f 5131 5655 5392
f 5718 5655 5665
f 5392 5655 5723
f 5723 5655 5718
f 5392 5723 5559
f 5559 5723 5737
f 5559 5737 5649
f 5737 5723 5716
f 5716 5723 5718
f 5649 5737 5702
f 5716 5718 5645
f 5645 5718 5653
f 5649 5702 5643
f 5643 5702 5571
f 5643 5571 5416
f 5416 5571 5405
f 5416 5405 5323
f 5323 5405 5417
f 5405 5571 5523
f 5523 5571 5714
f 5523 5714 5671
f 5671 5714 5752
f 5671 5752 5722
f 5722 5752 5739
f 5722 5739 5721
f 4532 4143 4810
f 4532 4810 5132
f 5132 4810 5218
f 5132 5218 5393
f 5393 5218 5323
f 5393 5323 5560
f 5560 5323 5650
f 5650 5323 5417
f 5650 5417 5572
f 5655 5372 5665
f 5718 5665 5653
f 5653 5665 5509
f 4726 4591 5340
f 5297 5390 5340
f 5297 5340 4591
f 5297 4591 4045
f 5297 4045 5089
f 4045 4591 2886
f 4045 2886 3197
f 3197 2886 2346
f 2346 2886 1749
f 2886 4591 3421
f 3421 4591 3666
f 2886 3421 2788
f 2886 2788 2371
f 2886 2371 1749
f 1749 2371 1384
f 3666 3008 3421
f 3421 3008 2788
f 2788 3008 2505
f 2788 2505 2371
f 2371 2505 2026
f 2026 2505 1799
f 1799 2505 2074
f 1799 2074 1711
f 1711 2074 1576
f 2371 2026 1384
f 1384 2026 1166
f 1166 2026 1799
f 1166 1799 1711
f 1384 1166 84
f 84 1166 1168
f 1384 84 122
f 1384 122 569
f 84 1168 461
f 461 1168 680
f 680 1168 1173
f 1384 569 1127
f 1384 1127 1749
f 1749 1127 2346
f 2346 1127 1830
f 2346 1830 2614
f 2346 2614 3197
f 3197 2614 3982
f 3197 3982 4589
f 1166 1711 1168
f 1168 1711 1576
f 1173 1021 680
f 461 680 816
f 816 680 534
f 461 816 604
f 461 604 385
f 461 385 84
f 385 604 845
f 845 604 816
f 385 845 531
f 531 845 676
f 676 845 1056
f 845 816 942
f 845 942 1056
f 942 816 683
f 942 683 883
f 1056 942 1170
f 1170 942 883
f 1056 1170 1164
f 1170 883 1022
f 1164 1170 1314
f 1314 1170 1022
f 1164 1314 1195
f 1314 1022 1098
f 1195 1314 1362
f 1362 1314 1098
f 1195 1362 1162
f 1362 1098 1135
f 1362 1135 1312
f 1362 1312 1162
f 1312 1135 1133
f 1162 1312 1201
f 1201 1312 1133
f 1162 1201 1092
f 1201 1133 1019
f 534 680 1021
f 534 1021 261
f 816 534 683
f 683 534 261
f 683 261 341
f 341 261 5936
f 341 5936 471
f 341 471 683
f 683 471 883
f 1021 1478 1347
f 1021 1347 571
f 1021 571 261
f 261 571 48
f 261 48 5936
f 5936 48 6689
f 6626 6500 6690
f 6626 6690 6748
f 6621 6361 6626
f 6621 6626 6748
f 6621 6748 6689
f 6748 6817 6971
f 5936 6689 5977
f 5977 6689 5979
f 5979 6689 6583
f 5979 6583 5981
f 5981 6583 6535
f 5981 6535 5982
f 5982 6535 6536
f 5982 6536 6013
f 6013 6536 6617
f 6013 6617 6099
f 6099 6617 6746
f 6099 6746 6198
f 6198 6746 6966
f 5936 5977 471
f 471 5977 538
f 538 5977 5979
f 471 538 1022
f 471 1022 883
f 1022 538 1098
f 538 5979 607
f 538 607 1098
f 607 5979 5981
f 1098 607 1135
f 607 5981 611
f 607 611 1135
f 611 5981 5982
f 1135 611 1133
f 611 5982 608
f 611 608 1133
f 608 5982 6013
f 1133 608 1019
f 608 6013 535
f 608 535 1019
f 535 6013 6099
f 1019 535 817
f 535 6099 292
f 535 292 817
f 292 6099 6198
f 817 292 391
f 817 391 940
f 940 391 497
f 497 391 86
f 292 6198 6
f 292 6 391
f 6 6198 6277
f 6 6277 6357
f 391 6 6010
f 391 6010 5854
f 6010 6222 5854
f 5854 6222 86
f 5854 86 391
f 6222 6530 6094
f 6222 6094 86
f 1019 817 940
f 497 86 37
f 37 86 6094
f 37 6094 6048
f 497 37 429
f 497 429 940
f 37 6048 6173
f 6173 6048 6248
f 6173 6248 6315
f 6173 6315 6171
f 37 6173 5847
f 6173 6171 82
f 6173 82 5847
f 5847 82 37
f 37 82 429
f 82 6171 6127
f 843 940 429
f 843 429 82
f 940 843 1201
f 1201 843 1092
f 843 82 325
f 325 82 6127
f 843 325 1092
f 325 6127 5969
f 1092 325 529
f 1092 529 1162
f 1162 529 602
f 1162 602 672
f 1162 672 1195
f 1195 672 674
f 1195 674 1164
f 1164 674 1056
f 1056 674 676
f 1201 1019 940
f 531 676 1
f 531 1 385
f 1 676 5816
f 5816 676 674
f 5887 1 6175
f 6175 1 6451
f 6451 1 5816
f 5816 674 5844
f 5816 5844 6451
f 5844 674 672
f 6451 5844 6449
f 5844 672 5878
f 5844 5878 6449
f 5878 672 602
f 6449 5878 6568
f 5878 602 5928
f 5878 5928 6568
f 5928 602 529
f 6568 5928 6777
f 5928 529 5969
f 5928 5969 6777
f 5969 529 325
f 6777 5969 6740
f 6740 5969 6127
f 6740 6127 6779
f 6779 6127 6171
f 6779 6171 6646
f 6646 6171 6315
f 385 1 35
f 385 35 84
f 35 1 5887
f 35 5887 84
f 84 5887 5930
f 84 5930 122
f 122 5930 6088
f 5930 5887 6218
f 6218 5887 6175
f 6218 6175 6451
f 5930 6218 6423
f 5930 6423 6088
f 6088 6423 6644
f 6423 6218 6894
f 6894 6218 6648
f 6648 6218 6451
f 6423 6894 7164
f 6423 7164 6644
f 7164 6894 7278
f 7164 7278 7649
f 122 6088 78
f 78 6088 6644
f 122 78 569
f 569 78 493
f 569 493 1127
f 493 78 6566
f 493 6566 6445
f 6566 78 6644
f 6566 6644 7062
f 7062 6644 7164
f 7062 7164 7551
f 6566 7062 6890
f 6890 7062 7551
f 7649 7551 7164
f 7551 7649 8454
f 7551 8454 8422
f 8422 8454 9193
f 7551 8422 8358
f 6890 7551 7429
f 7429 7551 8358
f 6890 7429 6683
f 6683 7429 7294
f 7294 7429 8358
f 7294 8358 8184
f 7294 8184 7162
f 7162 8184 8011
f 6566 6890 6445
f 6445 6890 6683
f 6445 6683 6165
f 6165 6683 6352
f 6352 6683 6524
f 6352 6524 6313
f 493 6445 6165
f 493 6165 1225
f 493 1225 1127
f 6683 7294 7162
f 6524 6683 7162
f 6524 7162 6522
f 6165 6352 77
f 77 6352 30
f 30 6352 6313
f 6165 77 1225
f 77 30 917
f 77 917 1225
f 917 30 1159
f 1225 917 1672
f 1225 1672 1830
f 1225 1830 1127
f 1830 1672 2320
f 2320 1672 1574
f 2320 1574 2187
f 6313 6524 6125
f 30 6313 28
f 28 6313 6125
f 28 6125 6273
f 6216 26 6273
f 6273 26 5814
f 6273 5814 28
f 5814 26 731
f 28 5814 733
f 733 5814 731
f 28 733 814
f 733 731 1442
f 733 1442 814
f 1442 731 1440
f 1417 1159 814
f 1417 814 1442
f 1442 1440 2022
f 1417 1442 2120
f 1442 2022 2118
f 1442 2118 2120
f 2120 2118 2584
f 2118 2022 2612
f 2118 2612 2584
f 2612 2022 2582
f 2584 2612 2957
f 2957 2612 3006
f 2584 2957 2923
f 2503 2452 2120
f 2452 2503 3118
f 3118 2503 2923
f 2452 3118 2959
f 3118 2923 3305
f 3118 3305 3828
f 2923 2957 3479
f 2923 3479 3305
f 3305 3479 3828
f 3479 2957 3006
f 3828 3479 4139
f 3828 4139 4757
f 4139 3479 3006
f 4139 3006 3341
f 3341 3006 2854
f 2854 3006 2639
f 2639 3006 2582
f 2639 2582 1951
f 2639 1951 2116
f 2639 2116 2854
f 2116 1951 1415
f 2854 2116 2290
f 2854 2290 3236
f 2116 1415 1605
f 3236 2290 2549
f 1605 1415 670
f 3236 2549 2786
f 3236 2786 3662
f 3662 2786 3116
f 1605 670 881
f 881 670 5876
f 881 5876 75
f 75 5876 6311
f 1605 881 812
f 812 881 75
f 1605 812 1747
f 812 75 5963
f 2150 2549 1747
f 2549 2150 2417
f 2150 1747 1703
f 2150 1703 2417
f 1703 1747 812
f 812 5963 779
f 812 779 1703
f 779 5963 6350
f 6350 5963 6888
f 1703 779 1792
f 1703 1792 2417
f 779 6350 777
f 779 777 1792
f 777 6350 6309
f 2417 1792 2580
f 2417 2580 2786
f 2786 2580 3116
f 2580 1792 1790
f 1790 1792 777
f 777 6309 775
f 777 775 1790
f 775 6309 6307
f 775 6307 774
f 774 6307 6305
f 775 774 1788
f 775 1788 1790
f 1788 774 771
f 1788 771 1670
f 1788 1670 2578
f 1790 1788 2673
f 2673 1788 2578
f 1790 2673 2580
f 2580 2673 3116
f 2673 2578 3234
f 3234 2578 3161
f 3116 2673 3419
f 3116 3419 3978
f 3978 3419 4317
f 4317 3419 4255
f 6125 6524 6273
f 6273 6524 6522
f 6273 6522 6216
f 6216 6522 6520
f 6216 6520 6311
f 6216 6311 5876
f 1159 30 28
f 1159 28 814
f 917 1159 1574
f 917 1574 1672
f 1574 1159 1417
f 1574 1417 2120
f 1574 2120 2187
f 2614 1830 2320
f 2614 2320 2959
f 2320 2187 2452
f 2452 2187 2120
f 2320 2452 2959
f 2614 2959 3120
f 3120 2959 3306
f 2614 3120 3982
f 3982 3120 3306
f 3982 3306 4427
f 3982 4427 4853
f 4427 3306 3980
f 4427 3980 4808
f 4853 4427 5358
f 5358 4427 5087
f 3306 2959 3118
f 3306 3118 3828
f 3306 3828 3980
f 3980 3828 4757
f 3980 4757 4808
f 4808 4757 5216
f 5216 4757 5125
f 4045 3197 4589
f 5089 4045 4589
f 5297 5089 5360
f 5297 5360 5390
f 5360 5089 5433
f 5456 5403 5360
f 5456 5360 5433
f 5433 5089 5388
f 5388 5089 4589
f 5388 4589 5129
f 5388 5129 5370
f 5388 5370 5553
f 5388 5553 5433
f 5456 5433 5524
f 5524 5433 5553
f 5456 5524 5526
f 5553 5370 5629
f 5526 5524 5612
f 5524 5553 5611
f 5524 5611 5612
f 5611 5553 5645
f 5645 5553 5629
f 5611 5645 5653
f 5645 5629 5716
f 5716 5629 5737
f 5737 5629 5702
f 5555 5526 5612
f 5526 5555 5473
f 5555 5612 5613
f 5340 5390 5439
f 5439 5390 5406
f 5439 5406 5458
f 5406 5390 5403
f 5403 5390 5360
f 5406 5403 5435
f 5458 5406 5437
f 5437 5406 5435
f 5458 5437 5489
f 5489 5437 5573
f 5573 5437 5435
f 5573 5435 5528
f 5592 5489 5573
f 5592 5573 5647
f 5647 5573 5528
f 5647 5528 5590
f 5647 5590 5631
f 5647 5631 5661
f 5663 5651 5647
f 5663 5647 5661
f 5663 5661 5633
f 5633 5661 5613
f 5633 5613 5617
f 5617 5613 5612
f 5617 5612 5619
f 5619 5612 5611
f 5619 5611 5653
f 5613 5661 5555
f 5555 5661 5631
f 5631 5590 5555
f 5555 5590 5473
f 5590 5528 5435
f 5590 5435 5473
f 5473 5435 5403
f 5473 5403 5456
f 5473 5456 5526
f 5129 4589 4657
f 4657 4589 3982
f 5129 4657 5127
f 5129 5127 5370
f 5370 5127 5431
f 5370 5431 5629
f 5629 5431 5702
f 5702 5431 5551
f 5702 5551 5571
f 4657 3982 4853
f 4657 4853 5127
f 5127 4853 5358
f 5127 5358 5521
f 5127 5521 5431
f 5431 5521 5551
f 5551 5521 5684
f 5684 5521 5674
f 5551 5684 5571
f 5684 5674 5731
f 5571 5684 5714
f 5684 5731 5752
f 5684 5752 5714
f 5521 5358 5674
f 5087 5356 5358
f 5358 5356 5505
f 5358 5505 5674
f 5505 5356 5401
f 5505 5401 5674
f 5401 5356 5216
f 5401 5216 5295
f 5674 5401 5569
f 5674 5569 5682
f 5674 5682 5731
f 5731 5682 5752
f 5752 5682 5739
f 5087 4427 4808
f 5087 4808 5356
f 5356 4808 5216
f 4757 4139 5125
f 5125 4139 4655
f 5125 4655 4961
f 4961 4655 3664
f 5261 5295 5125
f 5261 5125 4961
f 5261 4961 5010
f 5010 4961 4587
f 4961 3664 4137
f 4961 4137 4587
f 4137 3664 3662
f 4137 3662 4587
f 3662 3664 3236
f 4587 3662 4319
f 4319 3662 4195
f 2923 2503 2584
f 2584 2503 2120
f 2612 2582 3006
f 2022 1440 1951
f 2022 1951 2582
f 1951 1440 1415
f 1415 1440 731
f 1415 731 670
f 3341 2854 3664
f 3341 3664 4139
f 4139 3664 4655
f 3664 2854 3236
f 2290 2116 1747
f 1747 2116 1605
f 2290 1747 2549
f 2786 2549 2417
f 3662 3116 3978
f 3662 3978 4195
f 4195 3978 4317
f 4587 4319 5085
f 4587 5085 5010
f 5085 4319 4195
f 5085 4195 5171
f 5171 4195 4585
f 5171 4585 4724
f 3419 2673 3234
f 3234 3161 3419
f 3419 3161 3603
f 3419 3603 4255
f 4317 4255 4653
f 4653 4255 4583
f 4653 4583 4724
f 4317 4653 4195
f 4195 4653 4585
f 4585 4653 4724
f 5171 4724 5083
f 5171 5083 5354
f 5171 5354 5412
f 5171 5412 5427
f 5171 5427 5085
f 5412 5354 5543
f 5412 5543 5427
f 5427 5543 5566
f 5543 5354 5452
f 5543 5452 5607
f 5607 5452 5484
f 5085 5427 5010
f 5010 5427 5368
f 5368 5427 5519
f 5368 5519 5469
f 5566 5543 5607
f 5427 5566 5519
f 5519 5566 5545
f 5566 5607 5588
f 5566 5588 5545
f 5588 5607 5488
f 5488 5607 5587
f 5587 5607 5484
f 5587 5484 5483
f 5588 5488 5429
f 5588 5429 5545
f 5545 5429 5386
f 5545 5386 5400
f 5467 5519 5545
f 5467 5545 5400
f 5519 5467 5469
f 5467 5400 5387
f 5387 5400 5468
f 5467 5387 5504
f 5587 5483 5608
f 5608 5483 5485
f 5608 5485 5544
f 5544 5485 5453
f 5608 5544 5589
f 5608 5589 5587
f 5544 5453 5413
f 5413 5453 5355
f 5589 5544 5567
f 5567 5544 5413
f 5589 5567 5520
f 5589 5520 5546
f 5546 5520 5470
f 5546 5470 5468
f 5470 5520 5369
f 5520 5567 5428
f 5520 5428 5369
f 5428 5567 5413
f 5369 5428 5011
f 5011 5428 5086
f 5086 5428 5413
f 5086 5413 5172
f 5587 5589 5488
f 5488 5589 5430
f 5430 5589 5546
f 5430 5546 5386
f 5429 5488 5307
f 5386 5429 5307
f 5307 5488 5430
f 5307 5430 5386
f 5400 5386 5546
f 5400 5546 5468
f 5469 5467 5609
f 5469 5609 5639
f 5469 5639 5368
f 5368 5639 5547
f 5368 5547 5414
f 5368 5414 5010
f 5467 5504 5609
f 5504 5387 5610
f 5610 5387 5468
f 5504 5610 5701
f 5504 5701 5568
f 5701 5610 5699
f 5568 5701 5707
f 5699 5610 5640
f 5640 5610 5468
f 5568 5707 5628
f 5628 5707 5742
f 5628 5742 5721
f 5640 5468 5470
f 5640 5470 5548
f 5548 5470 5369
f 5010 5414 5261
f 5261 5414 5471
f 5261 5471 5295
f 5295 5471 5454
f 5295 5454 5401
f 5125 5295 5216
f 5401 5454 5569
f 5569 5454 5659
f 5569 5659 5682
f 5682 5659 5704
f 5682 5704 5741
f 5454 5471 5659
f 5659 5471 5641
f 5641 5471 5414
f 5641 5414 5549
f 5641 5549 5698
f 5698 5549 5639
f 5659 5641 5704
f 5704 5641 5698
f 5704 5698 5706
f 5704 5706 5741
f 5741 5706 5721
f 5721 5706 5628
f 5706 5698 5700
f 5706 5700 5628
f 5628 5700 5568
f 5700 5698 5639
f 5700 5639 5609
f 5671 5722 5715
f 5715 5722 5753
f 5671 5715 5572
f 5572 5715 5552
f 5671 5572 5523
f 5523 5572 5417
f 5523 5417 5405
f 5753 5722 5721
f 5753 5721 5740
f 5753 5740 5732
f 5732 5740 5683
f 5753 5732 5685
f 5753 5685 5715
f 5715 5685 5552
f 5552 5685 5432
f 5685 5732 5522
f 5685 5522 5432
f 5522 5732 5675
f 5432 5522 5128
f 5128 5522 4854
f 5128 4854 4658
f 4658 4854 3983
f 4854 5522 5359
f 5359 5522 5675
f 5359 5675 5506
f 5506 5675 5402
f 5359 5506 5357
f 5357 5506 5402
f 5572 5552 5703
f 5572 5703 5644
f 5572 5644 5650
f 5650 5644 5703
f 5650 5703 5738
f 5650 5738 5724
f 5703 5552 5432
f 5703 5432 5630
f 5630 5432 5371
f 5630 5371 5554
f 5371 5432 5128
f 5371 5128 4658
f 5371 4658 5130
f 5130 4658 4590
f 4590 4658 3983
f 4590 3983 3198
f 3198 3983 2641
f 5675 5732 5683
f 5675 5683 5570
f 5675 5570 5402
f 5371 5130 5554
f 5130 4590 5389
f 5389 4590 5090
f 5090 4590 3198
f 5389 5090 5434
f 5389 5434 5554
f 5554 5434 5525
f 5090 3198 4046
f 4046 3198 2347
f 5525 5434 5457
f 5525 5457 5527
f 5434 5090 5361
f 5434 5361 5457
f 5361 5090 5298
f 5298 5090 4046
f 5298 4046 4592
f 5361 5298 5391
f 4592 4046 3422
f 5361 5391 5404
f 5361 5404 5457
f 5404 5391 5407
f 3422 4046 2887
f 2887 4046 2347
f 3422 2887 2789
f 2887 2347 1750
f 5404 5407 5436
f 5404 5436 5457
f 5436 5407 5438
f 5436 5438 5574
f 5457 5436 5474
f 5474 5436 5591
f 2887 1750 2372
f 2887 2372 2789
f 2372 1750 1385
f 2789 2372 2506
f 2372 1385 2027
f 2372 2027 2506
f 2027 1385 1167
f 2506 2027 1800
f 1800 2027 1167
f 2506 1800 2028
f 1800 1167 1674
f 1674 1167 1169
f 1169 1167 462
f 1169 462 606
f 1674 1169 1172
f 1172 1169 606
f 1674 1172 1544
f 1172 606 533
f 1544 1172 975
f 975 1172 533
f 1544 975 1444
f 975 533 260
f 975 260 539
f 539 260 5976
f 539 5976 9
f 9 5976 6707
f 5130 5389 5554
f 5646 5630 5554
f 5646 5554 5525
f 5630 5646 5717
f 5646 5525 5614
f 5614 5525 5527
f 5717 5646 5654
f 5646 5614 5620
f 5646 5620 5654
f 5620 5614 5618
f 5618 5614 5615
f 5620 5618 5531
f 5620 5531 5654
f 5558 5618 5576
f 5618 5558 5531
f 5531 5558 5440
f 5391 5440 5407
f 5440 5391 5341
f 5440 5341 5531
f 5341 5391 5298
f 5341 5298 4592
f 5531 5341 5508
f 5531 5508 5654
f 5508 5341 5343
f 5508 5343 5654
f 5341 4592 4727
f 5341 4727 5343
f 4727 4592 3667
f 3667 4592 3422
f 3667 3422 2789
f 5654 5343 5510
f 5343 4727 5134
f 5343 5134 5510
f 5654 5510 5719
f 5654 5719 5717
f 5717 5719 5738
f 5738 5719 5724
f 5719 5510 5666
f 5719 5666 5724
f 5666 5510 5134
f 5724 5666 5656
f 5656 5666 5375
f 5375 5666 5134
f 5375 5134 4262
f 5375 4262 4814
f 4262 5134 3372
f 3372 5134 4198
f 4198 5134 4727
f 3372 4198 2926
f 4198 4727 3667
f 2926 4198 3370
f 3370 4198 3667
f 2926 3370 2552
f 3370 3667 2891
f 3370 2891 2552
f 2891 3667 3009
f 3009 3667 2789
f 3009 2789 2506
f 2891 3009 2678
f 2891 2678 2552
f 2678 3009 2506
f 2552 2678 2422
f 2422 2678 2506
f 2552 2422 2081
f 2422 2506 2300
f 2300 2506 2028
f 2081 2422 1915
f 1915 2422 2300
f 1800 1674 2028
f 2028 1674 1544
f 2300 2028 1712
f 1712 2028 1544
f 2300 1712 1915
f 1712 1544 1444
f 1915 1712 1713
f 1713 1712 1444
f 1915 1713 1920
f 1915 1920 2081
f 1713 1444 1318
f 1318 1444 975
f 1318 975 539
f 2081 1920 2032
f 2081 2032 2030
f 2030 2032 1991
f 1991 2032 1723
f 1723 2032 1802
f 2032 1920 1721
f 2032 1721 1802
f 1802 1721 1237
f 1802 1237 1238
f 1721 1920 1549
f 1549 1920 1713
f 1549 1713 1318
f 1237 1721 1100
f 1100 1721 1549
f 1237 1100 432
f 432 1100 262
f 1100 1549 884
f 884 1549 1318
f 1100 884 262
f 884 1318 539
f 884 539 262
f 262 539 9
f 2347 3198 2641
f 2347 2641 1831
f 2347 1831 1750
f 1750 1831 1128
f 1750 1128 570
f 1750 570 1385
f 1385 570 123
f 1385 123 85
f 1385 85 1167
f 5407 5440 5475
f 5475 5440 5558
f 5475 5558 5576
f 5407 5475 5438
f 5438 5475 5490
f 5438 5490 5593
f 5438 5593 5574
f 5475 5576 5490
f 5490 5576 5652
f 5490 5652 5593
f 5574 5593 5652
f 5574 5652 5648
f 5648 5652 5662
f 5662 5652 5664
f 5648 5662 5591
f 5591 5662 5632
f 5436 5574 5529
f 5529 5574 5648
f 5529 5648 5591
f 5436 5529 5591
f 5474 5591 5632
f 5474 5632 5556
f 5474 5556 5527
f 5474 5527 5457
f 5632 5662 5616
f 5616 5662 5664
f 5616 5664 5634
f 5632 5616 5556
f 5556 5616 5615
f 5556 5615 5527
f 5527 5615 5614
f 5664 5652 5634
f 5634 5652 5576
f 5634 5576 5618
f 5634 5618 5615
f 5616 5634 5615
f 5630 5717 5738
f 5630 5738 5703
f 3082 1835 2244
f 2647 2244 1958
f 1958 2244 1578
f 1578 2244 1320
f 1320 2244 1835
f 1320 1835 1480
f 1578 1320 849
f 849 1320 475
f 475 1320 977
f 475 977 50
f 50 977 616
f 1578 849 1175
f 1578 1175 1958
f 1958 1175 1546
f 1958 1546 2351
f 2351 1546 1917
f 1546 1175 1025
f 1025 1175 473
f 2510 2351 1917
f 2510 1917 2079
f 2510 2079 2590
f 2079 1917 1719
f 1719 1917 1546
f 1719 1546 820
f 1719 820 1235
f 1235 820 5824
f 1235 5824 620
f 620 5824 396
f 2079 1719 1548
f 1548 1719 1235
f 1548 1235 1233
f 1233 1235 620
f 2079 1548 1956
f 2079 1956 2122
f 2122 1956 1955
f 2079 2122 2590
f 2122 1955 2077
f 2122 2077 2590
f 2077 1955 1989
f 2590 2077 2121
f 1953 2121 1989
f 2590 2121 2078
f 2121 1953 1954
f 2121 1954 2078
f 1955 1956 1715
f 1715 1956 1548
f 1715 1548 1365
f 1365 1548 1233
f 1365 1233 979
f 1955 1715 1833
f 1833 1715 1644
f 1955 1833 1989
f 1989 1833 1918
f 1989 1918 1953
f 1918 1833 1960
f 1918 1960 2082
f 2121 2077 1989
f 1953 1918 1832
f 1953 1832 1954
f 1960 1833 1644
f 2082 1960 2191
f 2191 1960 1860
f 1860 1960 1644
f 1715 1365 1644
f 1644 1365 1391
f 1644 1391 1860
f 1391 1365 979
f 2353 1860 2247
f 2247 1860 1862
f 1862 1860 1446
f 1446 1860 1391
f 1446 1391 886
f 886 1391 979
f 1446 886 1104
f 1233 620 979
f 979 620 396
f 979 396 886
f 886 396 183
f 183 396 6329
f 886 183 622
f 622 183 399
f 1918 2082 1832
f 1832 2082 1959
f 1959 2082 2245
f 1959 2245 2190
f 1832 1959 1643
f 1643 1959 2190
f 1832 1643 1714
f 1643 2190 1859
f 2245 2082 2191
f 1832 1714 1954
f 1954 1714 1547
f 1547 1714 1364
f 1547 1364 1232
f 1954 1547 1718
f 1718 1547 1232
f 1714 1643 1364
f 1718 1232 1234
f 1234 1232 978
f 1364 1643 1390
f 1364 1390 1232
f 978 1232 1390
f 978 1390 885
f 978 885 619
f 978 619 1234
f 619 885 395
f 395 885 621
f 619 395 5823
f 395 621 182
f 182 621 400
f 182 400 5939
f 182 5939 6662
f 395 182 6328
f 6328 182 6662
f 395 6328 5823
f 6328 6662 7199
f 6328 7199 7170
f 6328 7170 5823
f 5823 7170 6320
f 819 5823 6320
f 1859 1390 1643
f 885 1390 1445
f 1445 1390 1861
f 885 1445 1553
f 1553 1445 1861
f 885 1553 1103
f 885 1103 621
f 1103 1553 1677
f 1677 1553 1992
f 1992 1553 1861
f 1677 1992 2192
f 2192 1992 2710
f 1992 1861 2456
f 1859 1861 1390
f 2456 1861 2246
f 2246 1861 1859
f 2456 2246 2615
f 2615 2246 1859
f 2456 2615 2931
f 2615 1859 2352
f 2352 1859 2190
f 2352 2190 2511
f 2352 2511 2615
f 2615 2511 2863
f 2615 2863 2931
f 2863 2511 3087
f 2931 2863 3205
f 3205 2863 3087
f 2931 3205 3558
f 3205 3087 3484
f 3558 3205 3915
f 3915 3205 3484
f 7170 7199 7612
f 7612 7199 7173
f 7173 7199 6662
f 7173 6662 5939
f 7671 7612 8290
f 8290 7612 7173
f 7173 5939 6867
f 6867 5939 6023
f 7173 6867 7586
f 6867 6023 6716
f 7586 6867 7485
f 7485 6867 6716
f 7485 6716 7422
f 6716 6023 5903
f 6716 5903 5907
f 6716 5907 6718
f 6718 5907 5861
f 6718 5861 6667
f 6667 5861 5863
f 6667 5863 6698
f 6667 6698 7229
f 7229 6698 7446
f 7446 6698 6874
f 6698 5863 5914
f 5914 5863 1037
f 5914 1037 992
f 7170 7612 7671
f 7826 8290 7173
f 7826 7173 7586
f 7826 7586 7963
f 7826 7963 8329
f 7826 8329 8290
f 8290 8329 8916
f 7963 7586 7828
f 7828 7586 7485
f 7828 7485 7422
f 7963 7828 7907
f 7963 7907 8025
f 7907 7828 7721
f 7721 7828 7422
f 7907 7721 7764
f 7721 7422 7446
f 7446 7422 7229
f 7963 8025 8329
f 8329 8025 8226
f 8329 8226 8678
f 8678 8226 8330
f 8678 8330 8917
f 8226 8025 7964
f 8226 7964 8330
f 8917 8330 8293
f 7964 8025 7829
f 8330 7964 7587
f 7587 7964 7829
f 8330 7587 7827
f 8330 7827 8293
f 8293 7827 7613
f 8293 7613 7672
f 7613 7827 7174
f 7907 7829 8025
f 7587 7829 7486
f 7829 7907 7764
f 7486 7829 7722
f 7722 7829 7764
f 7486 7722 7423
f 7423 7722 7230
f 6699 6668 7230
f 6699 7230 6875
f 7230 7722 7447
f 7230 7447 6875
f 7447 7722 7764
f 6875 7447 6912
f 7447 7764 7545
f 7447 7545 6912
f 7545 7764 7721
f 6912 7545 6874
f 7545 7721 7446
f 7545 7446 6874
f 7587 7486 6868
f 7587 6868 7827
f 7827 6868 7174
f 5941 6663 7174
f 5941 7174 6868
f 5941 6868 6024
f 6024 6868 5904
f 6868 7486 6717
f 6868 6717 5904
f 6717 7486 7423
f 5904 6717 5908
f 5904 5908 308
f 6717 7423 6719
f 6719 7423 7230
f 6719 7230 6668
f 6719 6668 5864
f 6717 6719 5862
f 6717 5862 5908
f 5862 6719 5864
f 406 308 5908
f 406 5908 5862
f 308 406 857
f 857 406 896
f 896 406 5862
f 5862 5864 951
f 5862 951 896
f 951 5864 989
f 896 951 1491
f 951 989 2053
f 1491 951 1900
f 1900 951 2053
f 7229 7422 6718
f 6718 7422 6716
f 6667 7229 6718
f 6874 6698 5914
f 6874 5914 5954
f 5954 5914 992
f 6874 5954 6912
f 5954 992 995
f 995 992 1901
f 6912 5954 5956
f 5956 5954 995
f 6912 5956 6875
f 995 1901 1933
f 1933 1901 2662
f 5956 995 997
f 997 995 1933
f 6875 5956 5955
f 5955 5956 997
f 6875 5955 6699
f 6699 5955 5915
f 5915 5955 996
f 996 5955 997
f 5915 996 993
f 997 1933 1974
f 997 1974 996
f 1974 1933 2750
f 996 1974 1934
f 1974 2750 2916
f 1974 2916 1934
f 1934 2916 2781
f 1901 992 1037
f 1901 1037 1970
f 2845 2662 1901
f 2845 1901 1970
f 1970 1037 1899
f 2845 1970 2747
f 1899 1037 950
f 950 1037 5863
f 950 5863 5861
f 2845 2747 3104
f 2845 3104 3294
f 3294 3104 3588
f 3588 3104 3958
f 3104 2747 3361
f 4127 3958 3361
f 3361 2747 2873
f 4127 3361 3540
f 4127 3540 4295
f 4295 3540 3648
f 3648 3540 3098
f 3540 3361 2943
f 2943 3361 2873
f 3540 2943 3098
f 2408 2873 2747
f 2873 2408 2943
f 2408 2747 1970
f 2408 1970 1899
f 2943 2408 2535
f 2943 2535 3098
f 2535 2408 1899
f 3098 2535 2656
f 3098 2656 3290
f 3098 3290 4027
f 4027 3290 4119
f 4027 4119 4623
f 4623 4119 4620
f 4119 3290 3355
f 3290 2656 2772
f 3290 2772 3355
f 2403 2656 2535
f 2656 2403 2772
f 2403 2535 2093
f 2093 2535 1899
f 2772 2403 2380
f 2093 1899 1490
f 1490 1899 950
f 2403 2093 1998
f 1998 2093 1490
f 2403 1998 2380
f 1490 950 895
f 895 950 5861
f 1998 1490 1524
f 1524 1490 895
f 895 5861 405
f 405 5861 5907
f 405 5907 307
f 307 5907 5903
f 405 307 856
f 405 856 895
f 895 856 1524
f 1524 856 1612
f 2126 1998 1524
f 2126 1524 1612
f 1612 856 1106
f 1998 2126 2380
f 1612 1106 1679
f 1612 1679 2126
f 788 926 1106
f 1106 926 1064
f 1064 926 923
f 923 926 625
f 1106 1064 1208
f 1106 1208 1679
f 1064 923 1062
f 1064 1062 1208
f 1062 923 852
f 1062 852 921
f 1062 921 1028
f 1028 921 823
f 1208 1062 1240
f 1240 1062 1028
f 1647 1679 1208
f 1647 1208 1240
f 1679 1647 2262
f 1679 2262 2126
f 1647 1240 1205
f 1205 1240 1028
f 1647 1205 1579
f 1205 1028 1142
f 1205 1142 1579
f 1579 1142 1514
f 1647 1579 2089
f 2089 1579 1514
f 1142 1028 946
f 1142 946 1060
f 1142 1060 1514
f 946 1028 783
f 1060 946 889
f 889 946 783
f 783 1028 823
f 889 783 572
f 783 823 501
f 783 501 572
f 501 823 503
f 572 501 436
f 501 503 299
f 501 299 436
f 436 299 140
f 299 503 218
f 140 299 12
f 12 299 218
f 140 12 5940
f 5940 12 6105
f 6105 12 5897
f 5897 12 218
f 6105 5897 6107
f 785 625 218
f 218 625 185
f 218 185 5897
f 5897 185 5943
f 5897 5943 6107
f 5943 185 101
f 6107 5943 60
f 6107 60 5947
f 6668 6699 5915
f 6668 5915 5864
f 5864 5915 993
f 5864 993 989
f 989 993 2053
f 996 1934 993
f 993 1934 1902
f 993 1902 2053
f 1902 1934 2781
f 3544 2781 3816
f 2781 3544 3225
f 1902 2781 2693
f 2693 2781 3225
f 1902 2693 2780
f 2780 2693 3225
f 1902 2780 2053
f 2780 3225 3589
f 2780 3589 3177
f 2780 3177 2748
f 2780 2748 2053
f 2748 3177 3362
f 2748 3362 2874
f 2748 2874 2409
f 2748 2409 2053
f 2053 2409 1900
f 896 1491 1525
f 896 1525 857
f 1525 1491 2096
f 2096 1491 1900
f 857 1525 1613
f 2096 1900 2536
f 2536 1900 2409
f 857 1613 1107
f 2536 2409 2944
f 2536 2944 3099
f 2944 2409 2874
f 2944 2874 3541
f 3541 2874 3362
f 2944 3541 3650
f 927 790 1107
f 927 1107 1065
f 927 1065 924
f 924 1065 1063
f 924 1063 853
f 853 1063 922
f 1063 1065 1241
f 1065 1107 1209
f 1065 1209 1241
f 1209 1107 1680
f 1680 1107 1613
f 1241 1209 1648
f 1648 1209 1680
f 1680 1613 2263
f 2263 1613 2127
f 1648 1680 2166
f 2166 1680 2263
f 1241 1648 1580
f 1648 2166 2090
f 1648 2090 1580
f 1206 1063 1241
f 1206 1241 1580
f 1063 1206 1029
f 1206 1580 1515
f 1515 1580 2090
f 1029 1206 1143
f 1143 1206 1515
f 1029 1143 947
f 1029 947 784
f 947 1143 1061
f 1061 1143 1515
f 784 947 890
f 890 947 1061
f 784 890 573
f 573 890 822
f 784 573 502
f 502 573 437
f 502 437 300
f 300 437 141
f 300 141 5942
f 300 5942 13
f 300 13 219
f 300 219 504
f 300 504 502
f 502 504 824
f 888 1061 1285
f 1285 1061 1424
f 1424 1061 1515
f 1554 1104 1285
f 1554 1285 1678
f 1678 1285 1424
f 1554 1678 1993
f 1424 1515 1864
f 1424 1864 1678
f 1864 1515 1966
f 1966 1515 2090
f 1678 1864 2193
f 1678 2193 1993
f 1864 1966 2374
f 2374 1966 2090
f 2193 1864 2327
f 2327 1864 2374
f 1993 2193 2711
f 2711 2193 2327
f 1993 2711 2457
f 2457 2711 2932
f 2711 2327 2738
f 2738 2327 2374
f 2932 2711 3242
f 2711 2738 3208
f 2711 3208 3242
f 2932 3242 3559
f 2932 3559 3206
f 3559 3242 3918
f 3206 3559 3916
f 3916 3559 3918
f 3206 3916 3485
f 3485 3916 3674
f 3918 3242 3561
f 3561 3242 3208
f 3916 3918 4202
f 3674 3916 4145
f 4145 3916 4202
f 4145 4202 4438
f 3561 3208 3920
f 3561 3920 3989
f 3920 3208 3487
f 3920 3487 3768
f 3920 3768 4149
f 3487 3208 3210
f 3768 3487 3376
f 3376 3487 3210
f 3768 3376 3563
f 3563 3376 3433
f 3433 3376 3210
f 3210 3208 2738
f 3433 3210 3246
f 3433 3246 3386
f 3210 2738 2800
f 3210 2800 3246
f 2800 2738 2374
f 3246 2800 2903
f 2903 2800 2374
f 3246 2903 3386
f 2903 2374 2476
f 2476 2374 2090
f 2476 2090 2166
f 2476 2166 2596
f 2476 2596 2903
f 2596 2166 2263
f 2903 2596 2971
f 2903 2971 3386
f 2596 2263 2715
f 2596 2715 2971
f 2715 2263 2527
f 2527 2263 2127
f 2971 2715 3129
f 3386 2971 3442
f 3442 2971 3129
f 3386 3442 3837
f 3386 3837 3938
f 3837 3442 3940
f 3386 3938 3576
f 3940 3442 3503
f 3503 3442 3129
f 3503 3129 3253
f 3253 3129 2715
f 3576 3938 4013
f 3253 2715 2869
f 2869 2715 2527
f 3253 2869 2973
f 2973 2869 2527
f 3253 2973 3352
f 3253 3352 3579
f 2973 2527 2717
f 3093 2717 2820
f 2820 2717 2655
f 2655 2717 2527
f 2655 2527 2402
f 2402 2527 2127
f 2402 2127 1999
f 2402 1999 2381
f 2381 1999 2096
f 2655 2402 2557
f 2557 2402 2381
f 2655 2557 2682
f 2655 2682 2742
f 2557 2381 2910
f 2910 2381 2773
f 2682 2557 2941
f 2941 2557 2910
f 2742 2682 2771
f 2682 2941 2977
f 2682 2977 2771
f 2742 2771 2871
f 2742 2871 2906
f 2871 2771 2939
f 2871 2939 2906
f 2906 2939 2975
f 2975 2939 3399
f 2975 3399 3397
f 3397 3399 3806
f 3806 3399 3808
f 3399 2939 3401
f 3399 3401 3808
f 3403 3401 2977
f 3403 2977 2941
f 3401 3403 4024
f 3403 2941 3405
f 3403 3405 4024
f 3405 2941 2910
f 3405 2910 3356
f 3356 2910 2773
f 3356 2773 3291
f 3405 3356 4077
f 3405 4077 4024
f 3356 3291 4120
f 3356 4120 4077
f 4120 3291 4028
f 4024 4077 4466
f 4466 4077 4120
f 4024 4466 4361
f 4466 4120 4621
f 4361 4466 4684
f 4466 4621 4871
f 4466 4871 4684
f 3541 3362 4128
f 4296 3650 3541
f 4296 3541 4128
f 4128 3362 3959
f 3959 3362 3177
f 3959 3177 3589
f 4128 3959 4627
f 3959 3589 4408
f 3959 4408 4627
f 4408 3589 4086
f 4086 3589 3225
f 4086 3225 3544
f 4128 4627 4786
f 4128 4786 4296
f 4296 4786 4977
f 4296 4977 4624
f 4977 4786 5144
f 5144 4786 5073
f 5073 4786 4627
f 5144 5073 5182
f 5073 4627 4875
f 4875 4627 4408
f 5182 5073 5146
f 5146 5073 4875
f 5182 5146 5142
f 5142 5146 5105
f 5142 5105 5140
f 5146 4875 4941
f 5140 5105 5103
f 5103 5105 4941
f 5140 5103 5141
f 4690 4875 4408
f 4875 4690 4941
f 4690 4408 4086
f 5141 5103 5104
f 5141 5104 5181
f 5103 4941 4939
f 5103 4939 5104
f 4941 4690 4789
f 4941 4789 4939
f 4690 4086 4369
f 4690 4369 4789
f 4369 4086 3544
f 4369 3544 3816
f 4369 3816 4569
f 4369 4569 4789
f 4569 3816 4037
f 4836 4939 4789
f 4836 4789 4569
f 4836 4569 4788
f 4788 4569 4689
f 4939 4836 4940
f 4940 4836 4788
f 4940 4788 4689
f 4939 4940 5104
f 4940 4689 4874
f 4940 4874 5072
f 5104 4940 5145
f 5145 4940 5072
f 5104 5145 5181
f 5145 5072 5143
f 5145 5143 5181
f 2781 2916 3816
f 3816 2916 4037
f 4037 2916 3899
f 3899 2916 2750
f 4037 3899 4368
f 4037 4368 4569
f 4569 4368 4689
f 4368 3899 4131
f 4368 4131 4689
f 3899 2750 3592
f 3899 3592 4131
f 3592 2750 3294
f 4131 3592 3588
f 3588 3592 3294
f 4131 3588 3958
f 3294 2750 2662
f 3294 2662 2845
f 2662 2750 1933
f 4131 3958 4407
f 4131 4407 4689
f 4407 3958 4127
f 4689 4407 4626
f 4626 4407 4127
f 4689 4626 4874
f 4626 4127 4295
f 4874 4626 4785
f 4785 4626 4295
f 4874 4785 5072
f 5072 4785 5143
f 5143 4785 4976
f 4976 4785 4623
f 4623 4785 4295
f 4623 4295 4027
f 4027 4295 3648
f 4027 3648 3098
f 4296 4624 3650
f 3650 4624 4028
f 3650 4028 3099
f 3650 3099 2944
f 3099 4028 3291
f 3099 3291 2657
f 3099 2657 2536
f 2657 3291 2773
f 2657 2773 2404
f 4624 4977 4871
f 4028 4624 4621
f 4621 4624 4871
f 4871 4977 5029
f 5029 4977 5144
f 5029 5144 5027
f 5027 5144 5182
f 4871 5029 4684
f 4684 5029 4833
f 4833 5029 5027
f 4684 4833 4510
f 4684 4510 4361
f 4833 5027 4831
f 4831 5027 4975
f 4510 4833 4556
f 4556 4833 4831
f 4361 4510 4359
f 4359 4510 4556
f 4361 4359 4292
f 4359 4556 4357
f 4361 4292 4024
f 4357 4556 4554
f 4554 4556 4831
f 4357 4554 4290
f 4554 4831 4783
f 4783 4831 4914
f 4554 4783 4552
f 4554 4552 4290
f 4290 4552 4288
f 4290 4288 4071
f 3892 4024 4292
f 4024 3892 3401
f 3892 4292 4118
f 3401 3892 3808
f 3808 3892 4118
f 3808 4118 4075
f 3808 4075 4022
f 4022 4075 4020
f 4075 4118 4177
f 4075 4177 4073
f 4073 4177 4116
f 4073 4116 4018
f 5027 5182 5142
f 5027 5142 4975
f 4975 5142 5069
f 4975 5069 4914
f 5069 5142 5140
f 5069 5140 5141
f 5069 5141 4974
f 5069 4974 4912
f 4912 4974 4830
f 5069 4912 4971
f 4971 4912 4910
f 4971 4910 4935
f 5105 5146 4941
f 4292 4359 4118
f 4118 4359 4177
f 4177 4359 4357
f 4177 4357 4116
f 4116 4357 4290
f 4075 4073 4020
f 4020 4073 4018
f 4020 4018 3950
f 3950 4018 3862
f 3862 4018 3866
f 4116 4290 4071
f 4116 4071 4018
f 4288 4552 4619
f 4619 4552 4783
f 4071 4288 4069
f 4071 4069 3866
f 4069 4288 4067
f 3866 4069 3852
f 3852 4069 4067
f 3852 4067 3796
f 3852 3796 3802
f 3852 3802 3862
f 3862 3802 3723
f 3862 3723 3872
f 3723 3802 3719
f 3872 3723 3804
f 3723 3719 3640
f 3723 3640 3804
f 3640 3719 3581
f 3804 3640 3029
f 3029 3640 3581
f 3866 4018 4071
f 3866 3852 3862
f 3950 3862 3872
f 3950 3872 4020
f 4020 3872 3954
f 3954 3872 3804
f 4020 3954 3956
f 3954 3804 3029
f 3954 3029 3956
f 3956 3029 3735
f 3735 3029 3354
f 3354 3029 3095
f 4020 3956 4022
f 3719 3802 3714
f 3714 3802 3799
f 3799 3802 3796
f 3799 3796 3793
f 3799 3793 3800
f 3793 3796 3787
f 3800 3793 3850
f 3850 3793 3846
f 3846 3793 3787
f 3850 3846 3848
f 3846 3787 3841
f 3848 3846 3844
f 3844 3846 3841
f 3848 3844 3790
f 3790 3844 3699
f 3841 3787 4016
f 3844 3841 3786
f 3844 3786 3699
f 3841 4016 3948
f 3786 3841 3840
f 3840 3841 3948
f 3948 4016 4063
f 3948 4063 3840
f 4065 4224 4016
f 4016 4224 4112
f 4016 4112 4063
f 4112 4224 4221
f 4112 4221 4063
f 4221 4224 4349
f 4506 4613 4349
f 4349 4613 4460
f 4349 4460 4221
f 4221 4460 4284
f 4284 4460 4504
f 4063 4221 4110
f 4110 4221 4284
f 4063 4110 3946
f 4063 3946 3840
f 4284 4504 4347
f 3840 3946 3634
f 3840 3634 3786
f 4347 4504 4345
f 4345 4504 4458
f 4284 4347 4169
f 4169 4347 4345
f 4345 4458 4456
f 3786 3634 3636
f 3786 3636 3699
f 4345 4456 4390
f 4390 4456 4502
f 4169 4345 4167
f 4167 4345 4390
f 4108 4284 4169
f 4284 4108 4110
f 4110 4108 3944
f 4110 3944 3946
f 4108 4169 3942
f 4108 3942 3944
f 3942 4169 3940
f 3940 4169 4167
f 3940 4167 3837
f 3942 3940 3503
f 3837 4167 3938
f 3942 3503 3579
f 3942 3579 3944
f 3579 3503 3253
f 3938 4167 4165
f 4165 4167 4390
f 3938 4165 4280
f 4280 4165 4390
f 3938 4280 4013
f 3944 3579 3632
f 3944 3632 3946
f 3632 3579 3352
f 3946 3632 3634
f 3632 3352 3391
f 3632 3391 3634
f 3634 3391 3636
f 3636 3391 3393
f 3393 3391 3093
f 3393 3093 3131
f 3636 3393 3699
f 3699 3393 3395
f 3699 3395 3444
f 3395 3393 3175
f 4605 4340 4280
f 4605 4280 4500
f 4500 4280 4390
f 4605 4500 4771
f 4500 4390 4607
f 4500 4607 4771
f 4607 4390 4502
f 4607 4502 4736
f 4736 4502 4609
f 4771 4607 4823
f 4823 4607 4736
f 4736 4609 4777
f 4771 4823 4861
f 4771 4861 4818
f 4861 4823 4903
f 4861 4903 4816
f 4861 4816 4769
f 4823 4736 4822
f 4822 4736 4774
f 4774 4736 4777
f 4822 4774 4819
f 4774 4777 4772
f 4774 4772 4819
f 4772 4777 4775
f 4772 4775 4773
f 4772 4773 4819
f 4773 4775 4776
f 4773 4776 4735
f 4819 4773 4820
f 4819 4820 4900
f 4900 4820 4902
f 4820 4773 4821
f 4820 4821 4860
f 3719 3714 3581
f 3581 3714 3638
f 3581 3638 3029
f 3029 3638 3709
f 3709 3638 3715
f 3709 3715 3850
f 3638 3714 3715
f 3715 3714 3799
f 3715 3799 3800
f 3715 3800 3850
f 3709 3850 3794
f 3709 3794 3029
f 3794 3850 3848
f 3794 3848 3703
f 3703 3848 3790
f 3794 3703 3029
f 3029 3703 3446
f 3029 3446 3269
f 3029 3269 3095
f 3095 3269 3035
f 3787 3796 4065
f 3787 4065 4016
f 4065 3796 4067
f 4065 4067 4234
f 4065 4234 4462
f 4065 4462 4224
f 4506 4349 4224
f 4506 4224 4462
f 4506 4462 4740
f 4462 4234 4398
f 4288 4398 4067
f 4740 4462 4615
f 4615 4462 4398
f 4740 4615 4869
f 4740 4869 4934
f 4615 4398 4742
f 4934 4869 5094
f 4398 4288 4619
f 4398 4619 4742
f 4934 5094 5175
f 5175 5094 5268
f 5268 5094 5220
f 5175 5268 5309
f 5175 5309 5245
f 5175 5245 4969
f 4969 5245 5017
f 4969 5017 4827
f 4827 5017 4907
f 4827 4907 4678
f 4827 4678 4611
f 4678 4907 4676
f 4611 4678 4504
f 4504 4678 4676
f 4504 4676 4458
f 5096 5220 5019
f 5096 5019 4909
f 4909 5019 4742
f 5096 4909 5021
f 4909 4742 4619
f 5021 4909 4829
f 4829 4909 4619
f 5021 4829 4911
f 4829 4619 4783
f 4829 4783 4911
f 3703 3790 3444
f 3444 3790 3699
f 3703 3444 3446
f 3446 3444 3269
f 3269 3444 3218
f 3035 3269 3218
f 3035 3218 2975
f 3095 3035 3354
f 3354 3035 3397
f 3354 3397 3735
f 3956 3735 4022
f 4022 3735 3806
f 3806 3735 3397
f 4022 3806 3808
f 3397 3035 2975
f 3175 2975 3218
f 3175 3218 3444
f 3175 3444 3395
f 2975 3175 3131
f 2975 3131 2906
f 2906 3131 2820
f 2820 3131 3093
f 2906 2820 2742
f 2742 2820 2655
f 3131 3175 3393
f 2939 2771 2977
f 2939 2977 3401
f 4621 4120 4028
f 2657 2404 2536
f 2404 2773 2381
f 2404 2381 2096
f 2536 2404 2096
f 2096 1999 1525
f 1525 1999 2127
f 1525 2127 1613
f 1651 1897 2096
f 1651 2096 2128
f 1651 2128 1927
f 1651 1927 1582
f 1582 1927 1967
f 1582 1967 1845
f 1582 1845 1522
f 1522 1845 1729
f 1729 1845 891
f 1729 891 1649
f 1649 891 1032
f 891 1845 826
f 891 826 629
f 629 826 306
f 1522 1729 1649
f 1522 1649 1487
f 1487 1649 1581
f 1487 1581 1456
f 1456 1581 1518
f 1522 1487 1147
f 1032 891 1147
f 1147 891 629
f 1032 1147 1210
f 1032 1210 1288
f 1288 1210 1456
f 306 826 358
f 306 358 14
f 1147 629 791
f 791 629 306
f 5906 306 14
f 306 5906 353
f 306 353 791
f 791 353 949
f 791 949 1147
f 14 358 5828
f 14 5828 6147
f 14 6147 5901
f 5901 6147 6025
f 6147 5828 6715
f 6147 6715 6206
f 6206 6715 7359
f 6206 7359 6400
f 6400 7359 6428
f 14 5901 6149
f 6149 5901 6025
f 14 6149 5906
f 5906 6149 6467
f 6467 6149 6368
f 6368 6149 6185
f 6368 6185 6140
f 6368 6140 6399
f 6368 6399 6633
f 6633 6399 6935
f 6467 6368 7049
f 6935 6399 6752
f 6752 6399 6331
f 6752 6331 6751
f 6752 6751 7078
f 7078 6751 7148
f 7078 7148 7421
f 6467 7049 7149
f 6467 7149 6549
f 7149 7049 7482
f 7482 7049 7445
f 7482 7445 7760
f 7760 7445 7617
f 7482 7760 7739
f 7739 7760 8086
f 8086 7760 8168
f 8086 8168 8412
f 8412 8168 8504
f 8412 8504 8681
f 8681 8504 8764
f 8681 8764 8951
f 6147 6206 6025
f 6149 6025 6185
f 6185 6025 6140
f 6140 6025 6104
f 6140 6104 6399
f 6399 6104 6331
f 6104 6025 6022
f 6022 6025 6060
f 6104 6022 5938
f 5938 6022 5858
f 5938 5858 184
f 5938 184 51
f 51 184 217
f 6368 6633 7049
f 7049 6633 6935
f 7049 6935 7228
f 7228 6935 7360
f 7360 6935 7175
f 7360 7175 7444
f 7444 7175 7331
f 7444 7331 7512
f 7512 7331 7443
f 7512 7443 7540
f 6060 6025 6206
f 6331 6104 5938
f 6331 5938 6182
f 6182 5938 51
f 6331 6182 6751
f 6182 51 5896
f 6751 6182 6547
f 6182 5896 6232
f 6751 6547 7148
f 6232 5896 6058
f 7148 6547 6866
f 6232 6058 6330
f 7148 6866 7306
f 6330 6058 6397
f 7306 6866 7120
f 7306 7120 7358
f 7358 7120 7260
f 6397 6058 6202
f 6397 6202 6257
f 6397 6257 6396
f 6396 6257 6327
f 6327 6257 6256
f 6327 6256 6181
f 6022 6060 5858
f 6060 6206 6205
f 6060 6205 5858
f 5858 6205 6059
f 5858 6059 184
f 184 6059 5825
f 184 5825 139
f 184 139 346
f 346 139 398
f 398 139 216
f 398 216 215
f 398 215 344
f 6205 6206 6400
f 6205 6400 6059
f 7359 6715 7483
f 6059 6400 6233
f 6233 6400 6428
f 6233 6428 5937
f 6233 5937 6059
f 6059 5937 5825
f 5937 6428 6258
f 6258 6428 6587
f 5937 6258 11
f 11 6258 6427
f 11 6427 6103
f 6103 6427 6230
f 6230 6427 6505
f 6230 6505 6463
f 6230 6463 6286
f 6286 6463 6326
f 6286 6326 6255
f 6255 6326 6181
f 139 5825 5937
f 139 5937 10
f 139 10 97
f 97 10 11
f 139 97 216
f 216 97 215
f 215 97 137
f 215 137 179
f 215 179 214
f 179 137 180
f 214 179 178
f 178 179 180
f 10 5937 11
f 6427 6258 6587
f 6427 6587 6661
f 6427 6661 6660
f 6427 6660 6505
f 6505 6660 6546
f 6505 6546 6463
f 346 398 401
f 401 398 435
f 401 435 217
f 217 435 298
f 298 435 297
f 297 435 397
f 297 397 296
f 297 296 266
f 266 296 178
f 346 401 184
f 184 401 217
f 51 217 11
f 11 217 298
f 11 298 138
f 138 298 181
f 181 298 297
f 181 297 266
f 181 266 180
f 180 266 178
f 51 11 5896
f 5896 11 6058
f 344 435 398
f 435 344 397
f 397 344 296
f 296 344 265
f 265 344 215
f 296 265 178
f 265 215 214
f 265 214 178
f 181 180 137
f 137 97 138
f 137 138 181
f 138 97 11
f 6058 11 6103
f 6058 6103 6230
f 6058 6230 6202
f 6202 6230 6257
f 6257 6230 6286
f 6257 6286 6256
f 6330 6397 6660
f 6660 6397 6396
f 6330 6660 6661
f 6660 6396 6546
f 6330 6661 6587
f 6330 6587 6232
f 6232 6587 6182
f 6546 6396 6327
f 6546 6327 6362
f 6362 6327 6181
f 6256 6286 6255
f 6326 6463 6546
f 6326 6546 6362
f 6326 6362 6181
f 6181 6256 6255
f 6307 6309 7402
f 6307 7402 6305
f 6305 7402 7320
f 7402 6309 7519
f 7402 7519 8356
f 7519 6309 6350
f 771 774 6305
f 771 6305 6271
f 6271 6305 7320
f 6271 7320 7246
f 7246 7320 8115
f 7246 8115 7812
f 7320 7402 8274
f 8274 7402 8356
f 8274 8356 8929
f 8274 8929 8786
f 8274 8786 8115
f 8786 8929 8969
f 8115 8786 8670
f 8115 8670 7812
f 7812 8670 8381
f 8670 8786 8784
f 8784 8786 8969
f 8381 8670 8818
f 8818 8670 8784
f 8381 8818 8816
f 8816 8818 8858
f 8818 8784 8907
f 8818 8907 8858
f 8907 8784 8969
f 8858 8907 9417
f 8858 9417 8903
f 9417 8907 9595
f 9595 8907 8969
f 9595 8969 9875
f 9875 8969 9581
f 9581 8969 8929
f 9581 8929 9419
f 9875 9581 10177
f 9581 9419 10047
f 9581 10047 10177
f 10177 10047 10374
f 7320 8274 8115
f 8903 9417 9188
f 8903 9188 8782
f 8782 9188 8628
f 8782 8628 8546
f 9188 9417 9472
f 9472 9417 9595
f 9472 9595 9771
f 9472 9771 9190
f 9771 9595 9875
f 9190 9771 9665
f 9771 9875 10177
f 9665 9771 10179
f 10179 9771 10177
f 9665 10179 10357
f 9665 10357 10080
f 10080 10357 10376
f 10179 10177 10412
f 10179 10412 10357
f 10412 10177 10374
f 10376 10357 10512
f 10512 10357 10412
f 10376 10512 10598
f 10376 10598 10526
f 10526 10598 10590
f 10598 10512 10698
f 10512 10412 10539
f 10512 10539 10698
f 10539 10412 10374
f 10598 10698 10718
f 10718 10698 10819
f 10698 10539 10707
f 10698 10707 10819
f 10539 10374 10524
f 10539 10524 10707
f 10707 10524 10686
f 10707 10686 10827
f 10707 10827 10819
f 10686 10524 10455
f 10455 10524 10374
f 10686 10455 10609
f 10819 10827 10899
f 10609 10455 10486
f 10486 10455 10211
f 10211 10455 9559
f 9559 10455 10120
f 10120 10455 10374
f 10120 10374 10047
f 10120 10047 9702
f 9702 10047 9419
f 9702 9419 8929
f 9702 8929 9339
f 10940 10819 10899
f 10819 10940 10917
f 10819 10917 10768
f 10819 10768 10718
f 10917 10940 10945
f 10945 10940 10955
f 10945 10955 10957
f 10945 10957 10903
f 10945 10903 10859
f 10945 10859 10768
f 10768 10859 10736
f 10768 10736 10590
f 8628 9188 9472
f 8628 9472 8909
f 8909 9472 9190
f 8546 8628 9189
f 8546 9189 8783
f 8783 9189 9418
f 8783 9418 8904
f 9418 9189 9596
f 9189 8628 9473
f 9189 9473 9596
f 9473 8628 8909
f 9596 9473 9876
f 9473 8909 9772
f 9473 9772 9876
f 9876 9772 10178
f 9772 8909 9190
f 10178 9772 10180
f 10180 9772 9190
f 10180 9190 9665
f 10180 9665 10358
f 10358 9665 10080
f 10180 10358 10413
f 10358 10080 10513
f 10358 10513 10413
f 10513 10080 10376
f 10413 10513 10540
f 10413 10540 10525
f 10525 10540 10708
f 10708 10540 10513
f 10525 10708 10687
f 10687 10708 10755
f 10708 10513 10699
f 10708 10699 10828
f 10599 10513 10376
f 10513 10599 10699
f 10599 10376 10526
f 10599 10526 10719
f 10699 10599 10820
f 10820 10599 10719
f 10699 10820 10828
f 10820 10719 10918
f 10828 10820 10941
f 10941 10820 10918
f 10828 10941 10900
f 10900 10941 10924
f 10941 10918 10956
f 10918 10719 10769
f 10956 10918 10946
f 10946 10918 10769
f 10956 10946 10962
f 10590 10736 10769
f 10769 10736 10860
f 10769 10860 10946
f 10860 10736 10794
f 10962 10946 10958
f 10958 10946 10860
f 10962 10958 10960
f 10860 10794 10904
f 10860 10904 10958
f 10904 10794 10829
f 10960 10958 10952
f 10952 10958 10904
f 10904 10829 10893
f 10893 10829 10830
f 10904 10893 10952
f 10952 10893 10789
f 10960 10952 10954
f 10952 10789 10938
f 10952 10938 10954
f 10954 10938 10919
f 8904 9418 8908
f 8908 9418 9596
f 8908 9596 8785
f 8785 9596 8970
f 8785 8970 8930
f 8970 9596 9582
f 8970 9582 8930
f 9582 9596 9876
f 9582 9876 10178
f 9582 10178 10048
f 10048 10178 10375
f 10375 10178 10180
f 10375 10180 10413
f 10375 10413 10525
f 9582 10048 9420
f 9582 9420 8930
f 10048 10375 10121
f 10048 10121 9420
f 10375 10525 10456
f 10375 10456 10121
f 9420 10121 9703
f 9420 9703 8930
f 9703 10121 9560
f 9560 10121 10456
f 8930 9703 9340
f 9340 9703 9560
f 8930 9340 8705
f 9340 9560 9061
f 9340 9061 8705
f 8930 8705 8357
f 8930 8357 8787
f 8787 8357 8275
f 8357 8705 7520
f 7520 8705 7815
f 7815 8705 8277
f 8277 8705 9061
f 8277 9061 8707
f 7817 7522 8707
f 7817 8707 9124
f 8707 9061 9266
f 8707 9266 9124
f 9266 9061 9774
f 9774 9061 9560
f 9124 9266 10079
f 10079 9266 9774
f 9774 9560 10212
f 9774 10212 10079
f 10212 9560 10456
f 9124 10079 10281
f 9124 10281 9378
f 10079 10212 10487
f 10487 10212 10456
f 10079 10487 10281
f 9378 10281 10360
f 9378 10360 9448
f 9448 10360 10235
f 10235 10360 10445
f 10445 10360 10640
f 10360 10281 10573
f 10573 10281 10487
f 10360 10573 10640
f 10610 10487 10456
f 10487 10610 10573
f 10610 10456 10525
f 10610 10525 10687
f 10573 10610 10697
f 10573 10697 10640
f 10640 10697 10728
f 10640 10728 10735
f 10640 10735 10822
f 10822 10735 10858
f 10640 10822 10721
f 10640 10721 10565
f 10721 10822 10793
f 10793 10822 10883
f 10721 10793 10627
f 10721 10627 10528
f 10721 10528 10565
f 10565 10528 10235
f 8904 8908 8859
f 8859 8908 8785
f 9124 9378 8012
f 7817 9124 8012
f 7817 8012 6961
f 7817 6961 7522
f 6961 8012 7163
f 7163 8012 8185
f 7522 6961 6521
f 6521 6961 6523
f 6523 6961 7163
f 6523 7163 6525
f 7522 6521 6312
f 7163 8185 7295
f 7163 7295 6525
f 6525 7295 6684
f 7295 8185 8359
f 6684 7295 7430
f 7430 7295 8359
f 7430 8359 8423
f 7430 8423 7552
f 7552 8423 8455
f 7552 8455 7650
f 7269 7522 6312
f 7522 7269 8277
f 8277 7269 6889
f 6889 7269 6312
f 8277 6889 7815
f 7815 6889 7520
f 7520 6889 6351
f 6889 6312 6124
f 6889 6124 6351
f 6124 6312 76
f 6351 6124 5964
f 5964 6124 76
f 5964 76 813
f 8012 9378 8185
f 8185 9378 9448
f 8185 9448 9380
f 9380 9448 10235
f 8185 9380 8359
f 8359 9380 8423
f 8423 9380 9301
f 9301 9380 10003
f 8423 9301 9194
f 9194 9301 10003
f 8423 9194 8455
f 9194 10003 9812
f 9194 9812 9667
f 9667 9812 10084
f 9667 10084 9972
f 9972 10084 10237
f 8707 7522 8277
f 8930 8787 8785
f 8785 8787 8819
f 8819 8787 8671
f 8785 8819 8859
f 8859 8819 8817
f 8817 8819 8671
f 8817 8671 8380
f 8380 8671 8116
f 8116 8671 8275
f 8380 8116 7813
f 7813 8116 7247
f 7247 8116 7321
f 8787 8275 8671
f 8116 8275 7321
f 7321 8275 7403
f 7403 8275 8357
f 7403 8357 7520
f 7403 7520 6310
f 6310 7520 6351
f 7321 7403 6308
f 6308 7403 6310
f 7321 6308 6306
f 7321 6306 7247
f 7247 6306 6272
f 6306 6308 773
f 773 6308 776
f 776 6308 6310
f 776 6310 778
f 778 6310 6351
f 778 6351 780
f 780 6351 5964
f 6272 6306 772
f 772 6306 773
f 772 773 1671
f 1671 773 1789
f 1789 773 776
f 1671 1789 2579
f 2579 1789 2674
f 2579 2674 3160
f 3160 2674 3235
f 3160 3235 3604
f 2674 1789 1791
f 1791 1789 776
f 2674 1791 2581
f 1791 776 778
f 2581 1791 1793
f 1793 1791 778
f 1793 778 780
f 2581 1793 2418
f 1793 780 1704
f 1793 1704 2418
f 2418 1704 2151
f 3604 3235 3420
f 3604 3420 4256
f 3420 3235 2674
f 4256 3420 4318
f 4318 3420 3117
f 4318 3117 3979
f 3979 3117 2787
f 3979 2787 3663
f 3663 2787 3237
f 3237 2787 2550
f 2550 2787 2151
f 2550 2151 1748
f 3237 2550 2291
f 2291 2550 1748
f 3237 2291 2855
f 2855 2291 2117
f 2855 2117 2640
f 2117 2291 1606
f 1606 2291 1748
f 1606 1748 882
f 882 1748 813
f 4256 4318 4584
f 4584 4318 4654
f 4584 4654 4725
f 4725 4654 4586
f 4725 4586 5084
f 4586 4654 4196
f 4196 4654 4318
f 4196 4318 3979
f 4196 3979 3663
f 4196 3663 4320
f 4320 3663 4138
f 4320 4138 4588
f 4138 3663 3237
f 4138 3237 3665
f 3665 3237 2855
f 3665 2855 3342
f 3342 2855 2640
f 3420 2674 3117
f 3117 2674 2581
f 3117 2581 2787
f 2787 2581 2418
f 2787 2418 2151
f 5084 4586 5172
f 5172 4586 4196
f 5172 4196 5086
f 5084 5172 5355
f 5355 5172 5413
f 5086 4196 4320
f 5086 4320 4588
f 5086 4588 5011
f 5011 4588 4138
f 5011 4138 4962
f 4962 4138 3665
f 4962 3665 4656
f 4656 3665 3342
f 4656 3342 4140
f 4140 3342 3007
f 3007 3342 2640
f 4140 3007 3480
f 3480 3007 2958
f 3480 2958 2924
f 2958 3007 2613
f 2958 2613 2585
f 2613 3007 2583
f 2585 2613 2119
f 2613 2583 2023
f 2613 2023 2119
f 2023 2583 1952
f 2119 2023 1443
f 2023 1952 1441
f 2023 1441 1443
f 1441 1952 1416
f 1443 1441 734
f 734 1441 732
f 732 1441 1416
f 734 732 5815
f 732 1416 671
f 671 1416 1606
f 5815 732 27
f 27 732 671
f 5815 27 6274
f 27 671 163
f 6274 27 6217
f 6217 27 163
f 5548 5369 5415
f 5415 5369 5011
f 5415 5011 5262
f 5415 5262 5472
f 5415 5472 5550
f 5472 5262 5296
f 5472 5296 5455
f 5455 5296 5217
f 5642 5640 5550
f 5642 5550 5472
f 5640 5642 5699
f 5642 5472 5660
f 5642 5660 5699
f 5660 5472 5455
f 5660 5455 5402
f 5402 5455 5217
f 5660 5402 5570
f 5699 5660 5705
f 5705 5660 5570
f 5699 5705 5701
f 5705 5570 5683
f 5701 5705 5707
f 5707 5705 5683
f 5707 5683 5742
f 5504 5568 5609
f 5609 5568 5700
f 5296 5262 5126
f 5296 5126 5217
f 5217 5126 4758
f 5217 4758 4809
f 4809 4758 3763
f 4809 3763 3981
f 3981 3763 3307
f 3307 3763 3119
f 3307 3119 2960
f 3307 2960 3121
f 3121 2960 2321
f 3121 2321 2641
f 4656 5126 5262
f 5126 4656 4140
f 4656 5262 4962
f 4962 5262 5011
f 5402 5217 5357
f 5359 5357 5088
f 5088 5357 4809
f 4809 5357 5217
f 5359 5088 4428
f 4428 5088 4809
f 4428 4809 3981
f 5359 4428 4854
f 4428 3981 3307
f 4428 3307 4854
f 4854 3307 3983
f 3983 3307 3121
f 3983 3121 2641
f 4758 5126 4140
f 4758 4140 3763
f 3119 3763 3343
f 3119 3343 2924
f 3119 2924 2504
f 3119 2504 2453
f 2453 2504 1988
f 2453 1988 2152
f 2152 1988 1418
f 2453 2152 2321
f 2453 2321 2960
f 2321 2152 1673
f 2152 1418 1158
f 2152 1158 1673
f 1158 1418 815
f 1673 1158 972
f 1158 815 121
f 1158 121 972
f 734 29 815
f 815 29 121
f 6274 6126 29
f 29 6126 121
f 121 6126 6314
f 121 6314 6353
f 121 6353 164
f 121 164 972
f 972 164 781
f 972 781 1224
f 972 1224 1794
f 1224 781 494
f 494 781 6446
f 6446 781 6166
f 494 6446 6567
f 6567 6446 7063
f 494 6567 79
f 494 79 570
f 6567 7063 6645
f 6567 6645 79
f 6645 7063 7165
f 7165 7063 7650
f 79 6645 6089
f 79 6089 570
f 570 6089 123
f 2960 3119 2453
f 3343 3763 3480
f 3343 3480 2924
f 3480 3763 4140
f 2924 2958 2585
f 2924 2585 2504
f 2504 2585 2119
f 2504 2119 1988
f 1988 2119 1418
f 1418 2119 1443
f 1418 1443 815
f 1952 2583 2640
f 2640 2583 3007
f 1952 2640 2117
f 1952 2117 1416
f 2117 1606 1416
f 2151 1704 1748
f 1748 1704 780
f 1748 780 813
f 813 780 5964
f 882 813 76
f 882 76 5877
f 76 6312 5877
f 1606 882 671
f 671 882 5877
f 5877 6312 6521
f 5877 6521 6217
f 6217 6521 6523
f 6217 6523 6274
f 6274 6523 6525
f 6274 6525 6126
f 6126 6525 6314
f 6314 6525 6684
f 6314 6684 6353
f 6353 6684 6166
f 6166 6684 6891
f 6166 6891 6446
f 6891 6684 7430
f 6446 6891 7063
f 6891 7430 7552
f 6891 7552 7063
f 7063 7552 7650
f 671 5877 163
f 163 5877 6217
f 5815 6274 29
f 5815 29 734
f 1443 734 815
f 2321 1673 1794
f 1794 1673 972
f 2321 1794 2641
f 2641 1794 1831
f 1794 1224 1831
f 1831 1224 1128
f 1128 1224 494
f 1128 494 570
f 781 164 6166
f 6166 164 6353
f 6645 7165 6424
f 6424 7165 7279
f 7279 7165 7650
f 6424 7279 6895
f 6424 6895 6219
f 6219 6895 6649
f 6219 6649 6452
f 6645 6424 6089
f 6089 6424 5931
f 5931 6424 6219
f 6089 5931 123
f 123 5931 5888
f 123 5888 85
f 5888 5931 6176
f 6176 5931 6219
f 6176 6219 6452
f 7275 6895 7279
f 7275 7279 7650
f 7275 7650 7756
f 6895 7275 6811
f 6895 6811 6649
f 6811 7275 6776
f 6776 7275 7273
f 6649 6811 6611
f 6611 6811 6776
f 6649 6611 6452
f 6452 6611 6450
f 6450 6611 6607
f 6450 6607 6569
f 6569 6607 6704
f 6569 6704 6778
f 6778 6704 7032
f 6607 6611 6739
f 6739 6611 6776
f 6739 6776 7273
f 6739 7273 7271
f 6739 7271 7323
f 6850 7323 7032
f 7323 6850 6739
f 5888 6176 36
f 5888 36 85
f 85 36 386
f 85 386 462
f 462 386 605
f 605 386 846
f 386 36 532
f 386 532 846
f 532 36 3
f 532 3 677
f 532 677 846
f 943 782 846
f 943 846 1171
f 1171 846 1057
f 1057 846 677
f 1057 677 1165
f 1165 677 675
f 1165 675 1196
f 675 677 5843
f 5843 677 5817
f 1196 675 673
f 1196 673 1163
f 1163 673 603
f 1163 603 1093
f 1093 603 530
f 1093 530 844
f 844 530 326
f 36 6176 3
f 3 6176 6452
f 3 6452 5817
f 3 5817 677
f 5817 6452 5843
f 5843 6452 6450
f 5843 6450 6569
f 5843 6569 5879
f 5843 5879 675
f 5879 6569 6778
f 675 5879 673
f 5879 6778 5929
f 5879 5929 673
f 5929 6778 6741
f 673 5929 603
f 603 5929 5970
f 5970 5929 6741
f 603 5970 530
f 5970 6741 6780
f 6780 6741 7107
f 6780 7107 6647
f 5970 6780 6128
f 5970 6128 530
f 6128 6780 6647
f 530 6128 326
f 326 6128 6172
f 6172 6128 6647
f 6172 6647 6316
f 85 462 1167
f 462 605 782
f 782 605 846
f 606 462 782
f 606 782 684
f 606 684 533
f 684 782 847
f 847 782 943
f 847 943 1023
f 533 684 294
f 533 294 260
f 260 294 5976
f 5976 294 5978
f 294 684 431
f 294 431 5978
f 431 684 847
f 5978 431 5980
f 431 847 537
f 431 537 5980
f 537 847 1023
f 5980 537 5983
f 537 1023 609
f 537 609 5983
f 609 1023 1099
f 5983 609 5984
f 609 1099 612
f 609 612 5984
f 612 1099 1136
f 5984 612 6014
f 612 1136 610
f 612 610 6014
f 610 1136 1134
f 6014 610 6100
f 610 1134 536
f 610 536 6100
f 2397 1177 1480
f 1480 1177 977
f 2397 1480 1835
f 1320 1480 977
f 1175 849 473
f 473 849 475
f 473 475 6178
f 475 50 6227
f 6227 50 6284
f 6284 50 6057
f 6284 6057 6251
f 6284 6251 6542
f 6542 6251 6930
f 475 6227 6178
f 6227 6284 6178
f 50 264 6057
f 6057 264 6251
f 6251 264 96
f 6251 96 6930
f 6284 6542 6655
f 6655 6542 6930
f 6284 6655 6462
f 6284 6462 6178
f 6462 6655 6862
f 6862 6655 7256
f 7256 6655 6930
f 6862 7256 7386
f 6862 7386 7041
f 7041 7386 7534
f 7041 7534 7656
f 7041 7656 7116
f 7116 7656 7171
f 7171 7656 7672
f 7116 7171 6321
f 6178 6462 6624
f 6178 6624 6201
f 6624 6462 6862
f 6624 6862 7041
f 6624 7041 6544
f 6544 7041 7116
f 6544 7116 6321
f 6178 6201 473
f 473 6201 94
f 94 6201 6624
f 473 94 1025
f 1025 94 343
f 94 6624 6544
f 94 6544 343
f 343 6544 6321
f 1025 343 1546
f 1546 343 820
f 820 343 6321
f 820 6321 5824
f 396 5824 6329
f 6329 5824 6321
f 6329 6321 7171
f 1104 886 622
f 1104 622 1285
f 1285 622 888
f 1446 1104 1554
f 1862 1446 1554
f 1862 1554 1993
f 1862 1993 2457
f 1862 2457 2247
f 2247 2457 2932
f 2247 2932 2616
f 2247 2616 2353
f 2616 2932 3206
f 1860 2353 2191
f 2191 2353 2512
f 2512 2353 2864
f 2191 2512 2651
f 2651 2512 2864
f 2191 2651 2709
f 2191 2709 2245
f 2651 2864 3088
f 3088 2864 3485
f 3485 2864 3206
f 3088 3485 3674
f 2651 3088 3204
f 3204 3088 3674
f 2651 3204 2709
f 4145 4266 3674
f 3674 4266 3766
f 3674 3766 3204
f 3204 3766 3240
f 3204 3240 2709
f 3240 3766 3829
f 3240 3829 3319
f 3240 3319 2709
f 3319 3829 3765
f 3765 3829 4265
f 3765 4265 3673
f 3319 3765 3239
f 3239 3765 3673
f 3319 3239 2709
f 3239 3673 3203
f 3239 3203 2709
f 3203 3673 3087
f 3087 3673 3484
f 2709 3203 2650
f 2650 3203 3087
f 2709 2650 2245
f 2650 3087 2511
f 2245 2650 2190
f 2190 2650 2511
f 2353 2616 2864
f 2616 3206 2864
f 3766 4266 4200
f 3766 4200 3829
f 4438 4266 4145
f 4266 4438 4534
f 4266 4534 4200
f 4200 4534 4535
f 3829 4200 4265
f 4265 4200 4535
f 4265 4535 4533
f 4265 4533 4144
f 4265 4144 3673
f 4144 4533 4437
f 3673 4144 3915
f 3915 4144 4437
f 3673 3915 3484
f 3915 4437 4201
f 3915 4201 3917
f 4201 4437 4439
f 2456 2931 2710
f 2456 2710 1992
f 2710 2931 3241
f 3241 2931 3558
f 3241 3558 3917
f 3917 3558 3915
f 3241 3917 3560
f 3560 3917 3988
f 3560 3988 3919
f 3919 3988 4203
f 4203 3988 3917
f 4203 3917 4201
f 3241 3560 3207
f 3241 3207 2710
f 3207 3560 3486
f 3207 3486 3375
f 3375 3486 3767
f 2710 3207 2737
f 2737 3207 3209
f 2710 2737 2326
f 2710 2326 2192
f 2192 2326 1677
f 2326 2737 2373
f 2737 3209 2799
f 2737 2799 2373
f 2799 3209 3245
f 3245 3209 3432
f 2799 3245 2901
f 2799 2901 2373
f 3245 3432 3348
f 3245 3348 2901
f 3348 3432 3575
f 3348 3575 3836
f 3575 3432 3689
f 3575 3689 3937
f 2901 3348 3441
f 3939 3502 3441
f 3441 3502 3128
f 2901 3441 2970
f 2970 3441 3128
f 3128 3502 3252
f 2901 2970 2475
f 2901 2475 2373
f 2970 3128 2595
f 2970 2595 2475
f 3128 3252 2714
f 3128 2714 2595
f 2714 3252 2868
f 2475 2595 2165
f 2595 2714 2262
f 2595 2262 2165
f 2165 2262 1647
f 2165 1647 2089
f 2165 2089 2475
f 2475 2089 2373
f 2373 2089 1965
f 1965 2089 1514
f 2373 1965 1863
f 1863 1965 1514
f 2373 1863 2326
f 2326 1863 1677
f 1863 1514 1423
f 1863 1423 1677
f 1423 1514 1060
f 1677 1423 1284
f 1284 1423 1060
f 1677 1284 1103
f 1284 1060 887
f 1284 887 1103
f 1103 887 621
f 2526 2262 2714
f 2526 2714 2868
f 2262 2526 2126
f 2526 2868 2972
f 2972 2868 3252
f 2972 3252 3351
f 2972 3351 3390
f 2526 2972 2716
f 2972 3390 3092
f 2126 2526 2401
f 2126 2401 2380
f 3092 3390 3130
f 2401 2526 2654
f 2654 2526 2716
f 2380 2401 2556
f 2556 2401 2654
f 2654 2716 2819
f 2819 2716 2972
f 2819 2972 3092
f 2556 2654 2681
f 2380 2556 2909
f 2909 2556 2681
f 2380 2909 2772
f 2772 2909 3355
f 2909 2681 2940
f 2909 2940 3355
f 3355 2940 3404
f 2741 2654 2819
f 2770 2681 2741
f 2905 2819 3092
f 2819 2905 2741
f 2770 2741 2870
f 2870 2741 2905
f 2770 2870 2938
f 2938 2870 2905
f 2905 3092 3130
f 2938 2905 2974
f 2974 2905 3130
f 2938 2974 3400
f 2974 3130 3174
f 3174 3130 3394
f 3174 3394 3443
f 4437 4533 4537
f 4437 4537 4439
f 4537 4533 4536
f 4536 4533 4535
f 4537 4536 4379
f 4537 4379 4380
f 4379 4536 4381
f 4536 4535 4538
f 4536 4538 4381
f 4538 4535 4534
f 4381 4538 4268
f 4538 4534 4440
f 4538 4440 4268
f 4440 4534 4438
f 4268 4440 4147
f 4440 4438 4204
f 4440 4204 4147
f 4204 4438 4202
f 4147 4204 3920
f 4147 3920 4149
f 3920 4204 3989
f 3989 4204 4202
f 3989 4202 3918
f 3918 3561 3989
f 4442 4147 4149
f 4442 4149 4207
f 4442 4207 4444
f 4444 4207 4446
f 4446 4207 4209
f 4207 4149 3922
f 4209 4207 3993
f 3993 4207 3922
f 3993 3922 3678
f 4147 4442 4268
f 4268 4442 4594
f 4594 4442 4444
f 4594 4444 4596
f 4596 4444 4446
f 4594 4596 4664
f 4596 4446 4598
f 4664 4596 4731
f 4731 4596 4598
f 4664 4731 4728
f 4731 4598 4666
f 4728 4731 4729
f 4729 4731 4666
f 4728 4729 4663
f 4729 4666 4732
f 4729 4732 4730
f 4732 4666 4542
f 4542 4666 4494
f 4268 4594 4664
f 4268 4664 4381
f 4381 4664 4728
f 4381 4728 4379
f 4379 4728 4663
f 4379 4663 4380
f 4380 4663 4267
f 4267 4663 4593
f 4267 4593 4441
f 4267 4441 4146
f 4146 4441 3919
f 4441 4593 4595
f 3919 4441 4148
f 3919 4148 3767
f 3919 3767 3560
f 3560 3767 3486
f 4441 4595 4443
f 4443 4595 4597
f 4443 4597 4445
f 4597 4595 4730
f 4730 4595 4663
f 4730 4663 4729
f 4537 4380 4439
f 4439 4380 4267
f 4439 4267 4203
f 4439 4203 4201
f 4203 4267 4146
f 4203 4146 3919
f 4593 4663 4595
f 4441 4443 4206
f 4206 4443 4445
f 4441 4206 4148
f 4206 4445 4208
f 4148 4206 3921
f 4148 3921 3767
f 3767 3921 3677
f 3767 3677 3562
f 3562 3677 3489
f 4206 4208 3992
f 3992 4208 4153
f 3992 4153 3925
f 3992 3925 3682
f 3992 3682 3679
f 3679 3682 3609
f 3609 3682 3614
f 4445 4597 4493
f 4445 4493 4322
f 4445 4322 4208
f 4208 4322 4153
f 4153 4322 4272
f 4272 4322 4385
f 4153 4272 4053
f 4453 4385 4493
f 4153 4053 3925
f 3925 4053 3832
f 3925 3832 3682
f 4453 4493 4540
f 4540 4493 4665
f 4665 4493 4597
f 4665 4597 4730
f 4540 4665 4599
f 4665 4730 4732
f 4665 4732 4599
f 4599 4732 4542
f 4599 4542 4454
f 4666 4598 4494
f 4494 4598 4323
f 4323 4598 4446
f 4388 4494 4273
f 4273 4494 4323
f 4273 4323 4054
f 4323 4446 4209
f 4054 4323 4154
f 4154 4323 4209
f 4154 4209 3993
f 4054 4154 3833
f 4154 3993 3926
f 4154 3926 3833
f 3926 3993 3684
f 3926 3684 3833
f 3833 3684 3618
f 3833 3618 3574
f 3618 3684 3570
f 3618 3570 3574
f 4542 4494 4388
f 4542 4388 4454
f 4454 4388 4275
f 4275 4388 4273
f 4275 4273 4159
f 4159 4273 4006
f 4006 4273 4054
f 4006 4054 3833
f 4006 3833 3777
f 3777 3833 3574
f 4006 3777 3687
f 3687 3777 3493
f 3933 4057 4159
f 4159 4057 4275
f 4275 4057 4158
f 4275 4158 4214
f 4275 4214 4333
f 4275 4333 4454
f 4333 4214 4324
f 4454 4333 4448
f 4448 4333 4324
f 4454 4448 4599
f 4599 4448 4540
f 4448 4324 4330
f 4448 4330 4453
f 4330 4324 4212
f 4453 4330 4385
f 4330 4212 4274
f 4330 4274 4385
f 4274 4212 4156
f 4385 4274 4272
f 4274 4156 4056
f 4272 4274 4157
f 4157 4274 4056
f 4272 4157 4053
f 4157 4056 4004
f 4157 4004 4053
f 4053 4004 3832
f 3832 4004 3775
f 3832 3775 3572
f 3832 3572 3617
f 3617 3572 3569
f 3922 4149 3768
f 3922 3768 3678
f 3678 3768 3563
f 3678 3563 3491
f 3491 3563 3433
f 3678 3491 3568
f 3678 3568 3680
f 3491 3433 3576
f 3576 3433 3386
f 3993 3678 3680
f 3993 3680 3684
f 3684 3680 3611
f 3684 3611 3616
f 3680 3568 3612
f 3612 3568 3774
f 3612 3774 3772
f 3772 3774 3997
f 3772 3997 3995
f 3774 3568 3691
f 3691 3568 3491
f 3691 3491 3576
f 3691 3576 4013
f 3774 3691 4002
f 4002 3691 4013
f 3995 3997 4328
f 4328 3997 4002
f 3995 4328 4270
f 4270 4328 4603
f 4002 4013 4340
f 4340 4013 4280
f 4328 4002 4334
f 4334 4002 4340
f 4328 4334 4603
f 4334 4340 4670
f 4334 4670 4603
f 3680 3612 3611
f 3612 3772 3611
f 3611 3772 3771
f 3611 3771 3683
f 3683 3771 3995
f 3683 3995 3928
f 3997 3774 4002
f 3771 3772 3995
f 3611 3683 3616
f 3684 3616 3570
f 3570 3616 3683
f 3570 3683 3615
f 3574 3570 3490
f 3574 3490 3493
f 3574 3493 3777
f 3490 3570 3615
f 4006 3687 3933
f 4006 3933 4159
f 3933 3687 3321
f 3933 3321 4057
f 4057 3321 4158
f 4158 3321 3429
f 4158 3429 4214
f 4214 3429 4271
f 4214 4271 4324
f 4324 4271 4212
f 4212 4271 3429
f 4212 3429 3320
f 4212 3320 4156
f 4156 3320 4056
f 4056 3320 3931
f 4056 3931 4004
f 4004 3931 3775
f 3931 3320 3124
f 3931 3124 3686
f 3686 3124 3492
f 3492 3124 3010
f 3492 3010 3377
f 3687 3493 3125
f 3321 3687 3125
f 3378 3493 3490
f 3493 3378 3011
f 3493 3011 3125
f 3378 3490 3380
f 3378 3380 1610
f 3378 1610 3011
f 3011 1610 1646
f 3011 1646 3125
f 3125 1646 1725
f 3125 1725 1757
f 3125 1757 3321
f 3321 1757 3429
f 3429 1757 3320
f 3320 1757 3124
f 3124 1757 1724
f 3124 1724 3010
f 3010 1724 1645
f 1610 3380 1808
f 1808 3380 3251
f 1610 1808 1646
f 1646 1808 1759
f 1646 1759 1725
f 1725 1759 1757
f 1757 1759 1760
f 1757 1760 1724
f 1724 1760 1758
f 3380 3490 3495
f 3495 3490 3615
f 3495 3615 3690
f 3690 3615 3778
f 3690 3778 4052
f 4052 3778 3831
f 3831 3778 3615
f 3831 3615 3683
f 3831 3683 3928
f 3831 3928 4154
f 3251 3380 3495
f 3251 3495 3690
f 3251 3690 4011
f 4011 3690 4052
f 4011 4052 4215
f 3251 4011 3577
f 3577 4011 4161
f 3577 4161 3784
f 3784 4161 4277
f 3784 4277 4060
f 4060 4277 4339
f 4060 4339 4219
f 4219 4339 4338
f 4219 4338 4332
f 4219 4332 4382
f 4382 4332 4447
f 4382 4447 4449
f 3577 1808 3251
f 1808 3577 1759
f 4052 3831 4154
f 4052 4154 4327
f 3928 3995 4270
f 3928 4270 4154
f 4327 4154 4270
f 4215 4052 4327
f 4011 4215 4161
f 4161 4215 4277
f 4277 4215 4387
f 3577 3784 1759
f 1759 3784 4060
f 1759 4060 1760
f 1760 4060 4219
f 1760 4219 4014
f 1760 4014 1758
f 1758 4014 3630
f 1758 3630 3350
f 1758 3350 1806
f 4387 4215 4327
f 4498 4327 4270
f 4327 4498 4668
f 4668 4498 4603
f 4327 4668 4497
f 4327 4497 4387
f 4497 4668 4734
f 4497 4734 4544
f 4497 4544 4387
f 4387 4544 4386
f 4386 4544 4541
f 4541 4544 4767
f 4386 4541 4452
f 4541 4767 4765
f 4452 4541 4601
f 4601 4541 4765
f 4452 4601 4451
f 4601 4765 4763
f 4451 4601 4599
f 4599 4601 4763
f 4451 4599 4447
f 4599 4763 4764
f 4599 4764 4600
f 4600 4764 4766
f 4600 4766 4539
f 4600 4539 4449
f 4449 4539 4450
f 4277 4387 4386
f 4277 4386 4339
f 4339 4386 4452
f 4339 4452 4338
f 4338 4452 4451
f 4338 4451 4332
f 4332 4451 4447
f 4544 4734 4767
f 4767 4734 4859
f 4498 4270 4603
f 4734 4668 4769
f 4769 4668 4603
f 4769 4603 4670
f 4769 4670 4818
f 4769 4818 4861
f 4670 4340 4605
f 4670 4605 4818
f 4818 4605 4771
f 4769 4816 4734
f 4734 4816 4859
f 4859 4816 4903
f 4859 4903 4857
f 4859 4857 4767
f 4857 4903 4901
f 4767 4857 4765
f 4857 4901 4855
f 4857 4855 4765
f 4855 4901 4899
f 4765 4855 4763
f 4855 4899 4856
f 4855 4856 4763
f 4856 4899 4900
f 4763 4856 4764
f 4856 4900 4902
f 4764 4856 4858
f 4858 4856 4902
f 4764 4858 4766
f 4858 4902 4860
f 4766 4858 4815
f 4815 4858 4860
f 4766 4815 4733
f 4733 4815 4667
f 4815 4860 4768
f 4815 4768 4667
f 4768 4860 4817
f 4768 4817 4669
f 4667 4768 4602
f 4602 4768 4669
f 4667 4602 4496
f 4602 4669 4326
f 4602 4326 4496
f 4326 4669 4331
f 4496 4326 4269
f 4326 4331 3996
f 4326 3996 4269
f 4269 3996 3994
f 3927 4153 3994
f 3927 3994 3769
f 3769 3994 3996
f 3996 4331 4000
f 3769 3996 3770
f 3769 3770 3610
f 3610 3770 3566
f 3770 3996 3773
f 3770 3773 3566
f 3773 3996 4000
f 3566 3773 3489
f 3489 3773 3689
f 3689 3773 4000
f 3489 3689 3432
f 3689 4000 4012
f 4012 4000 4337
f 3689 4012 3937
f 3937 4012 4164
f 3937 4164 3836
f 3937 3836 3575
f 3441 3348 3836
f 3441 3836 3939
f 3836 4164 4166
f 3939 3836 4168
f 4168 3836 4166
f 4166 4164 4344
f 4168 4166 4346
f 4346 4166 4344
f 4346 4344 4503
f 4503 4344 4457
f 4344 4164 4343
f 4457 4344 4455
f 4455 4344 4343
f 4455 4343 4501
f 4107 3939 4168
f 4107 4168 4283
f 3939 4107 3941
f 3939 3941 3502
f 3941 4107 4109
f 4109 4107 4220
f 3941 4109 3943
f 3502 3941 3578
f 3578 3941 3943
f 3502 3578 3252
f 3578 3943 3631
f 3578 3631 3252
f 3631 3943 3945
f 3252 3631 3351
f 4899 4901 4819
f 4899 4819 4900
f 4819 4901 4822
f 4822 4901 4903
f 4822 4903 4823
f 4902 4820 4860
f 4599 4600 4447
f 4447 4600 4449
f 4766 4733 4539
f 4539 4733 4543
f 4543 4733 4667
f 4539 4543 4383
f 4383 4543 4495
f 4495 4543 4667
f 4383 4495 4384
f 4495 4667 4325
f 4495 4325 4384
f 4325 4667 4496
f 4384 4325 4213
f 4325 4496 4269
f 4213 4325 4153
f 4153 4325 4269
f 4153 4269 3994
f 4213 4153 4051
f 4051 4153 3927
f 4051 3927 3830
f 3830 3927 3681
f 3681 3927 3769
f 3830 3681 3613
f 3681 3769 3614
f 3613 3681 3569
f 3569 3681 3614
f 4539 4383 4450
f 4449 4450 4329
f 4449 4329 4382
f 4382 4329 4219
f 4329 4450 4335
f 4219 4329 4335
f 4219 4335 4336
f 4335 4450 4336
f 4336 4450 4383
f 4336 4383 4384
f 4336 4384 4276
f 4336 4276 4219
f 4276 4384 4213
f 4219 4276 4014
f 4276 4213 4160
f 4276 4160 4014
f 4160 4213 4051
f 4014 4160 4009
f 4009 4160 4051
f 4009 4051 3776
f 3776 4051 3830
f 4009 3776 3688
f 4014 4009 3630
f 3630 4009 3688
f 3630 3688 3350
f 3350 3688 3494
f 3350 3494 3379
f 3350 3379 1806
f 1806 3379 1609
f 1609 3379 3377
f 3377 3379 3488
f 3488 3379 3494
f 3488 3494 3613
f 3688 3776 3613
f 3613 3776 3830
f 3494 3688 3613
f 3613 3569 3488
f 1806 1609 1758
f 1758 1609 1645
f 1645 1609 3010
f 3010 1609 3377
f 1758 1645 1724
f 3492 3377 3488
f 3492 3488 3572
f 3492 3572 3775
f 3572 3488 3569
f 3686 3492 3775
f 3686 3775 3931
f 3832 3617 3682
f 3682 3617 3569
f 4540 4448 4453
f 4493 4385 4322
f 4206 3992 3921
f 3921 3992 3677
f 3992 3679 3677
f 3677 3679 3610
f 3610 3679 3609
f 3375 3767 3562
f 3375 3562 3432
f 3375 3432 3209
f 3375 3209 3207
f 3562 3489 3432
f 3489 3677 3566
f 3566 3677 3610
f 3769 3610 3609
f 3609 3614 3769
f 3614 3682 3569
f 4817 4860 4770
f 4770 4860 4821
f 4817 4770 4669
f 4669 4770 4604
f 4669 4604 4337
f 4770 4821 4735
f 4735 4821 4773
f 4604 4770 4606
f 4606 4770 4735
f 4604 4606 4499
f 4606 4735 4501
f 4606 4501 4499
f 4501 4735 4608
f 4608 4735 4776
f 4499 4501 4343
f 4499 4343 4279
f 4279 4343 4164
f 4337 4000 4331
f 4337 4331 4669
f 4499 4337 4604
f 4337 4499 4279
f 4337 4279 4012
f 4012 4279 4164
f 4168 4346 4283
f 4283 4346 4459
f 4459 4346 4503
f 4283 4459 4348
f 4283 4348 4220
f 4283 4220 4107
f 4220 4348 4222
f 4220 4222 4111
f 4220 4111 4109
f 4111 4222 4064
f 4111 4064 4015
f 4111 4015 4062
f 4015 4064 3788
f 3788 4064 4066
f 3788 4066 3795
f 4015 3788 3947
f 4015 3947 4062
f 4062 3947 3945
f 3945 3947 3839
f 3839 3947 3842
f 3839 3842 3785
f 3839 3785 3635
f 3945 3839 3633
f 3633 3839 3635
f 3945 3633 3631
f 3631 3633 3351
f 3633 3635 3390
f 3390 3635 3392
f 3390 3392 3130
f 3130 3392 3394
f 3394 3392 3698
f 4348 4459 4612
f 4612 4459 4503
f 4612 4503 4610
f 4612 4610 4826
f 4348 4612 4505
f 4348 4505 4461
f 4348 4461 4222
f 4222 4461 4064
f 4232 4066 4064
f 4066 4232 4287
f 4505 4612 4780
f 4780 4612 4826
f 4461 4505 4739
f 4739 4505 4780
f 4397 4232 4461
f 4232 4397 4287
f 4461 4739 4614
f 4461 4614 4397
f 4780 4826 4968
f 4739 4780 4933
f 4933 4780 4968
f 4968 4826 5016
f 4739 4933 4868
f 4739 4868 4614
f 4397 4614 4741
f 4741 4614 4868
f 4618 4287 4397
f 4618 4397 4741
f 4287 4618 4551
f 4551 4618 4782
f 4618 4741 4828
f 4618 4828 4782
f 4782 4828 4910
f 4782 4910 4912
f 4910 4828 5020
f 4828 4741 4908
f 4828 4908 5020
f 4908 4741 4868
f 5020 4908 5018
f 5018 4908 4868
f 5018 4868 4933
f 5020 5018 5095
f 5018 4933 5093
f 5018 5093 5095
f 5093 4933 4968
f 5095 5093 5219
f 5093 4968 5174
f 5093 5174 5219
f 5219 5174 5267
f 5267 5174 5308
f 5174 4968 5016
f 5174 5016 5244
f 5345 5308 5244
f 5244 5016 5065
f 5345 5244 5265
f 5265 5244 5065
f 5345 5265 5324
f 5065 5016 4906
f 5065 4906 4904
f 4904 4906 4675
f 4675 4906 4677
f 4675 4677 4503
f 4904 4675 4673
f 4675 4503 4457
f 4675 4457 4673
f 4673 4457 4455
f 4109 4111 4062
f 4109 4062 3943
f 3943 4062 3945
f 3842 3947 3788
f 3842 3788 3791
f 3791 3788 3795
f 3791 3795 3797
f 3797 3795 3801
f 3791 3797 3798
f 3842 3791 3845
f 3845 3791 3798
f 3842 3845 3785
f 3845 3798 3849
f 3785 3845 3843
f 3843 3845 3849
f 3843 3849 3847
f 3843 3847 3698
f 3351 3633 3390
f 3635 3785 3698
f 3698 3785 3843
f 3635 3698 3392
f 3849 3798 3711
f 3711 3798 3797
f 3849 3711 3708
f 3849 3708 3847
f 3711 3797 3710
f 3710 3797 3801
f 3710 3801 3718
f 3710 3718 3580
f 3710 3580 3711
f 3711 3580 3637
f 3637 3580 3028
f 3637 3028 3708
f 3792 3847 3708
f 3792 3708 3028
f 3847 3792 3789
f 3792 3028 3701
f 3792 3701 3789
f 3789 3701 3445
f 3445 3701 3028
f 3789 3445 3443
f 3443 3445 3268
f 3268 3445 3028
f 3268 3028 3094
f 3708 3711 3637
f 3801 3795 3851
f 3801 3851 3859
f 3801 3859 3718
f 3851 3795 4066
f 3851 4066 4068
f 3851 4068 3865
f 3580 3718 3720
f 3580 3720 3639
f 3639 3720 3871
f 3580 3639 3028
f 3028 3639 3803
f 3720 3718 3859
f 3720 3859 3949
f 3720 3949 3871
f 3871 3949 4019
f 3871 4019 3803
f 3803 4019 3953
f 3871 3803 3639
f 3949 3859 4017
f 3949 4017 4019
f 4019 4017 4072
f 4019 4072 4021
f 4021 4072 4074
f 4021 4074 3805
f 3805 4074 3807
f 3953 4021 3955
f 3955 4021 3805
f 3955 3805 3732
f 3732 3805 3353
f 3353 3805 3396
f 3396 3805 3398
f 3396 3398 3034
f 3396 3034 3094
f 3034 3398 2974
f 2974 3398 3400
f 3400 3398 3891
f 3400 3891 4023
f 3400 4023 3402
f 4023 3891 4291
f 3402 4023 3404
f 4023 4291 4360
f 4360 4291 4509
f 4360 4509 4465
f 4360 4465 4023
f 3404 4023 4076
f 4076 4023 4465
f 3404 4076 4119
f 4119 4076 4465
f 3404 4119 3355
f 4119 4465 4620
f 4620 4465 4870
f 4870 4465 4683
f 4870 4683 4832
f 4870 4832 5028
f 4620 4870 4976
f 4620 4976 4623
f 4976 4870 5143
f 5143 4870 5028
f 5143 5028 5181
f 5181 5028 5026
f 5181 5026 5141
f 3865 3859 3851
f 3859 3865 4017
f 3803 3953 3028
f 3028 3953 3955
f 3028 3955 3732
f 3028 3732 3353
f 3028 3353 3094
f 3953 4019 4021
f 3805 3807 3398
f 3807 4074 3891
f 3807 3891 3398
f 3891 4074 4117
f 3891 4117 4291
f 4117 4074 4072
f 4291 4117 4176
f 4176 4117 4072
f 3353 3396 3094
f 3094 3034 3217
f 3217 3034 3174
f 3174 3034 2974
f 3217 3174 3443
f 3094 3217 3268
f 3268 3217 3443
f 3847 3789 3698
f 3698 3789 3443
f 3698 3443 3394
f 621 887 821
f 821 887 1060
f 621 821 540
f 621 540 400
f 400 540 345
f 400 345 5939
f 5939 345 52
f 5939 52 6019
f 821 1060 889
f 821 889 540
f 540 889 572
f 540 572 345
f 345 572 436
f 345 436 52
f 52 436 140
f 823 921 692
f 692 921 852
f 692 852 785
f 503 823 692
f 503 692 218
f 52 140 6019
f 6019 140 5940
f 6019 5940 6141
f 6141 5940 6105
f 6141 6105 6145
f 6145 6105 6107
f 5939 6019 6023
f 6023 6019 6141
f 6023 6141 6145
f 6023 6145 5903
f 5903 6145 6028
f 6028 6145 6107
f 5903 6028 5826
f 6028 6107 5947
f 5826 6028 107
f 107 6028 5947
f 5826 107 187
f 5826 187 5903
f 187 107 355
f 5947 60 107
f 5903 187 307
f 307 187 355
f 307 355 788
f 352 107 60
f 107 352 355
f 355 352 698
f 355 698 788
f 788 698 926
f 352 60 101
f 101 60 5943
f 352 101 304
f 101 185 304
f 304 185 625
f 352 304 698
f 698 304 625
f 698 625 926
f 785 218 692
f 785 852 923
f 785 923 625
f 307 788 856
f 856 788 1106
f 3958 3104 3361
f 2681 2654 2741
f 2940 2681 2976
f 2976 2681 2770
f 2976 2770 2938
f 2940 2976 3402
f 3402 2976 2938
f 2940 3402 3404
f 3402 2938 3400
f 4176 4072 4017
f 4176 4017 4115
f 4115 4017 3865
f 4176 4115 4358
f 4358 4115 4356
f 4358 4356 4509
f 4115 3865 4070
f 4115 4070 4356
f 4070 3865 4068
f 4356 4070 4289
f 4289 4070 4068
f 4291 4176 4358
f 4291 4358 4509
f 4289 4068 4287
f 4289 4287 4551
f 4287 4068 4066
f 4356 4289 4553
f 4356 4553 4555
f 4356 4555 4509
f 4509 4555 4683
f 4683 4555 4832
f 4832 4555 4553
f 4832 4553 4830
f 4832 4830 5028
f 5028 4830 5026
f 5026 4830 4974
f 4509 4683 4465
f 4551 4553 4289
f 4830 4553 4551
f 5141 5026 4974
f 5069 4971 4914
f 4975 4914 4831
f 4914 4971 4935
f 4914 4935 4911
f 4911 4935 5067
f 4911 5067 5021
f 5021 5067 5137
f 5021 5137 5096
f 5096 5137 5246
f 5096 5246 5220
f 5220 5246 5300
f 5220 5300 5268
f 5268 5300 5326
f 5268 5326 5309
f 4783 4914 4911
f 4782 4912 4830
f 4782 4830 4551
f 4935 4910 5020
f 4935 5020 5067
f 5067 5020 5095
f 5067 5095 5137
f 5137 5095 5219
f 5137 5219 5246
f 5246 5219 5300
f 5300 5219 5267
f 5300 5267 5308
f 5300 5308 5326
f 5326 5308 5345
f 5326 5345 5376
f 5326 5376 5309
f 5019 5220 5094
f 5019 5094 4869
f 5019 4869 4742
f 4742 4869 4615
f 4067 4398 4234
f 3093 3391 3352
f 2973 3093 3352
f 3093 2973 2717
f 857 1107 790
f 857 790 308
f 922 1063 1029
f 922 1029 824
f 922 824 693
f 924 853 693
f 693 853 922
f 927 924 786
f 786 924 693
f 927 786 626
f 927 626 699
f 786 693 219
f 693 824 504
f 693 504 219
f 824 1029 784
f 824 784 502
f 822 890 1061
f 822 1061 888
f 822 888 622
f 822 622 541
f 822 541 573
f 437 573 541
f 437 541 347
f 437 347 141
f 141 347 53
f 141 53 5942
f 53 347 399
f 399 347 622
f 5942 53 6020
f 5942 6020 6106
f 6106 6020 6142
f 541 622 347
f 399 183 5941
f 399 5941 53
f 53 5941 6020
f 6020 5941 6142
f 6142 5941 6024
f 6142 6024 6146
f 6146 6024 5904
f 6146 5904 6027
f 5942 6106 13
f 13 6106 5898
f 13 5898 219
f 5898 6106 6108
f 5898 6108 5944
f 5898 5944 186
f 5944 6108 61
f 61 6108 5948
f 219 5898 186
f 219 186 786
f 786 186 626
f 6106 6142 6146
f 6106 6146 6108
f 6108 6146 6027
f 6108 6027 5948
f 5948 6027 108
f 108 6027 5827
f 5827 6027 5904
f 6663 5941 183
f 6663 183 6329
f 6663 6329 7200
f 7200 6329 7171
f 7200 7171 7613
f 6663 7200 7174
f 7174 7200 7613
f 7613 7171 7672
f 8293 7672 8364
f 8364 7672 8410
f 8293 8364 8949
f 8949 8364 8410
f 8293 8949 8917
f 8917 8949 9424
f 9424 8949 10106
f 10106 8949 9277
f 9277 8949 8410
f 7656 8410 7672
f 9277 8410 9354
f 8410 7656 8326
f 8410 8326 9354
f 8326 7656 7534
f 9354 8326 9205
f 8326 7534 8164
f 8326 8164 9205
f 8917 9424 9642
f 8917 9642 9640
f 9642 9424 10106
f 9640 9642 10104
f 10104 9642 10106
f 9640 10104 10098
f 10098 10104 10384
f 10104 10106 10495
f 10495 10106 10532
f 10532 10106 10101
f 10101 10106 9277
f 10495 10532 10742
f 10495 10742 10693
f 10101 9277 9354
f 10693 10742 10854
f 10101 9354 9981
f 9981 9354 9205
f 9981 9205 8984
f 10518 10532 10101
f 10532 10518 10742
f 10854 10742 10919
f 10854 10919 10938
f 10742 10518 10664
f 10518 10101 10451
f 10518 10451 10664
f 10451 10101 9981
f 10664 10451 10256
f 10742 10664 10837
f 10742 10837 10919
f 10919 10837 10954
f 10954 10837 10930
f 10930 10837 10802
f 10954 10930 10960
f 10930 10802 10852
f 10930 10852 10960
f 10852 10802 10800
f 10852 10800 10787
f 10852 10787 10796
f 10960 10852 10928
f 10928 10852 10796
f 10960 10928 10962
f 10928 10796 10846
f 9740 10256 10451
f 9740 10451 9981
f 10256 9740 9903
f 9740 9981 8984
f 9903 9740 9519
f 9519 9740 8984
f 9519 8984 8877
f 8917 9640 8678
f 8678 9640 9521
f 9640 10098 9521
f 10384 10104 10495
f 10098 10384 10312
f 10098 10312 9979
f 10312 10384 10400
f 10400 10384 10517
f 10517 10384 10495
f 10400 10517 10503
f 9518 9902 9737
f 9737 9902 10052
f 10052 9902 10135
f 9902 10255 10135
f 10135 10255 10240
f 10240 10255 10477
f 10477 10255 10450
f 10461 10240 10459
f 10459 10240 10477
f 10459 10477 10566
f 10459 10566 10613
f 10655 10772 10630
f 10630 10772 10739
f 10630 10739 10652
f 10863 10801 10835
f 10835 10801 10799
f 10863 10835 10894
f 10835 10799 10786
f 10894 10835 10861
f 10835 10786 10811
f 10835 10811 10861
f 10861 10811 10797
f 10861 10797 10849
f 10849 10797 10737
f 10849 10737 10784
f 10784 10737 10611
f 10784 10611 10688
f 10811 10786 10795
f 10811 10795 10871
f 10811 10871 10797
f 10797 10871 10847
f 10871 10795 10901
f 10901 10795 10845
f 10795 10786 10799
f 10795 10799 10851
f 10795 10851 10927
f 10795 10927 10845
f 10851 10799 10929
f 10851 10929 10927
f 10929 10799 10801
f 10845 10927 10770
f 10929 10801 10657
f 10929 10657 10838
f 10929 10838 10953
f 10953 10838 10910
f 10929 10953 10959
f 10929 10959 10927
f 10927 10959 10925
f 10927 10925 10770
f 10925 10959 10961
f 10770 10925 10747
f 10770 10747 10734
f 10925 10961 10923
f 10925 10923 10747
f 10923 10961 10955
f 10955 10961 10957
f 10747 10923 10761
f 10747 10761 10734
f 10923 10955 10899
f 10899 10955 10940
f 10923 10899 10761
f 10734 10761 10727
f 10734 10727 10639
f 10761 10899 10754
f 10754 10899 10827
f 10754 10827 10686
f 10754 10686 10609
f 10761 10754 10696
f 10696 10754 10609
f 10761 10696 10727
f 10696 10609 10486
f 10727 10696 10572
f 10572 10696 10486
f 10727 10572 10639
f 10572 10486 10280
f 10280 10486 10078
f 10639 10572 10359
f 10359 10572 10280
f 10639 10359 10444
f 10444 10359 10234
f 10359 10280 9447
f 10359 9447 10234
f 9447 10280 9377
f 10234 9447 9379
f 10234 9379 9300
f 10845 10770 10901
f 10871 10901 10882
f 10871 10882 10847
f 10882 10901 10821
f 10821 10901 10857
f 10882 10821 10720
f 10882 10720 10792
f 10882 10792 10847
f 10792 10720 10527
f 10847 10792 10782
f 10847 10782 10797
f 10797 10782 10737
f 10782 10792 10626
f 10626 10792 10527
f 10782 10626 10649
f 10626 10527 10394
f 10649 10626 10499
f 10499 10626 10394
f 10649 10499 10501
f 10499 10394 10282
f 10737 10782 10649
f 10737 10649 10611
f 10611 10649 10501
f 10611 10501 10688
f 10688 10501 10546
f 10546 10501 10434
f 10434 10501 10330
f 10434 10330 10236
f 10434 10236 10473
f 10501 10499 10282
f 7649 7278 7274
f 7274 7278 6894
f 7274 6894 6810
f 7274 6810 7272
f 7272 6810 6775
f 7272 6775 6738
f 7272 6738 7270
f 7270 6738 7322
f 7322 6738 6849
f 7322 6849 7373
f 6849 6738 6703
f 6703 6738 6606
f 7373 6849 7031
f 7373 7031 7406
f 7406 7031 7066
f 7031 6849 6777
f 6777 6849 6703
f 7031 6777 7066
f 6777 6703 6568
f 6568 6703 6606
f 7066 6777 6740
f 6568 6606 6449
f 6449 6606 6451
f 6451 6606 6610
f 7066 6740 7012
f 7012 6740 6779
f 7012 6779 7106
f 7106 6779 6646
f 7012 7106 7456
f 7012 7456 7404
f 7456 7106 7523
f 6810 6894 6648
f 6810 6648 6775
f 6775 6648 6610
f 6610 6648 6451
f 6775 6610 6738
f 6738 6610 6606
f 9229 8489 8452
f 9229 8452 9091
f 9229 9091 9597
f 7647 7951 7629
f 7953 7949 7647
f 8517 9303 8633
f 9303 8517 8910
f 8910 8517 8321
f 8321 8517 7783
f 8910 8321 7983
f 8910 7983 8519
f 8519 7983 8400
f 7983 8321 7525
f 8400 7983 7897
f 8400 7897 7822
f 7822 7897 7408
f 8400 7822 8280
f 7525 8321 7690
f 7690 8321 7783
f 7525 7690 7141
f 7690 7783 7252
f 7141 7690 7222
f 7222 7690 7252
f 5973 6130 6009
f 5821 6539 6281
f 5876 670 162
f 162 670 731
f 162 731 26
f 162 26 5876
f 5876 26 6216
f 5963 75 6123
f 6123 75 6311
f 5963 6123 6888
f 6888 6123 7268
f 7268 6123 6311
f 7268 6311 7521
f 9339 8704 9559
f 9559 8704 9060
f 9339 9559 9702
f 9702 9559 10120
f 6522 7162 6960
f 6522 6960 6520
f 10564 10821 10639
f 10821 10857 10639
f 10639 10857 10734
f 10734 10857 10770
f 10857 10901 10770
f 10957 10961 10959
f 10768 10917 10945
f 10718 10768 10590
f 10718 10590 10598
f 10736 10859 10794
f 10794 10859 10903
f 10794 10903 10829
f 10829 10903 10892
f 10829 10892 10830
f 10951 10957 10959
f 10838 10657 10477
f 10838 10477 10663
f 10663 10477 10450
f 10830 10711 10789
f 10789 10711 10503
f 10789 10503 10661
f 10661 10503 10517
f 10789 10661 10854
f 10789 10854 10938
f 10854 10661 10693
f 10693 10661 10517
f 10693 10517 10495
f 10830 10789 10893
f 10956 10962 10926
f 10926 10962 10928
f 10926 10928 10771
f 10771 10928 10846
f 10926 10771 10748
f 10926 10748 10924
f 10924 10748 10762
f 10924 10762 10900
f 10900 10762 10828
f 10828 10762 10755
f 10828 10755 10708
f 10769 10719 10590
f 10590 10719 10526
f 10924 10941 10956
f 10924 10956 10926
f 10755 10762 10728
f 10755 10728 10697
f 10728 10762 10748
f 10728 10748 10735
f 10735 10748 10858
f 10858 10748 10771
f 10858 10771 10902
f 10902 10771 10846
f 10858 10902 10822
f 10822 10902 10883
f 10902 10846 10796
f 10902 10796 10872
f 10755 10697 10687
f 10687 10697 10610
f 10445 10640 10565
f 10445 10565 10235
f 10872 10796 10812
f 10872 10812 10848
f 10872 10848 10902
f 10848 10812 10798
f 10902 10848 10883
f 10848 10798 10783
f 10848 10783 10883
f 10783 10798 10738
f 10883 10783 10793
f 10783 10738 10650
f 10783 10650 10793
f 10793 10650 10627
f 10650 10738 10612
f 10650 10612 10502
f 10796 10787 10812
f 10812 10787 10862
f 10885 10850 10862
f 10885 10862 10895
f 10862 10787 10836
f 10862 10836 10895
f 10836 10787 10800
f 10895 10836 10864
f 10836 10800 10802
f 10836 10802 10864
f 10802 10837 10658
f 10658 10837 10490
f 10490 10837 10664
f 10490 10664 10256
f 10490 10256 10241
f 10864 10802 10749
f 10749 10802 10658
f 10749 10658 10490
f 10864 10749 10895
f 10749 10490 10567
f 10895 10749 10775
f 10895 10775 10885
f 10749 10567 10614
f 10749 10614 10775
f 10614 10567 10586
f 10614 10586 10662
f 10775 10614 10656
f 10656 10614 10642
f 10656 10642 10654
f 10775 10656 10773
f 10775 10773 10885
f 10773 10656 10631
f 10885 10773 10814
f 10773 10631 10740
f 10773 10740 10814
f 10740 10631 10651
f 10740 10651 10814
f 10814 10651 10710
f 10651 10631 10595
f 10651 10595 10542
f 10651 10542 10574
f 10574 10542 10476
f 10862 10850 10812
f 10812 10850 10798
f 10798 10850 10785
f 10798 10785 10738
f 10785 10850 10814
f 10814 10850 10885
f 10738 10785 10689
f 10689 10785 10814
f 10689 10814 10710
f 10738 10689 10612
f 10689 10710 10547
f 10689 10547 10612
f 10612 10547 10502
f 10502 10547 10435
f 10502 10435 10331
f 10651 10574 10547
f 10547 10574 10435
f 10435 10574 10474
f 10331 10435 10237
f 10331 10237 10084
f 10435 10474 10307
f 10435 10307 10237
f 10307 10474 10335
f 10237 10307 9972
f 10502 10627 10650
f 10528 10627 10395
f 10395 10627 10500
f 10395 10500 10283
f 10528 10395 10235
f 10235 10395 10003
f 10003 10395 10283
f 10003 10283 9812
f 9812 10283 10084
f 10500 10627 10502
f 10500 10502 10283
f 10547 10710 10651
f 10502 10331 10283
f 10283 10331 10084
f 10474 10574 10476
f 10474 10476 10335
f 10088 10307 10335
f 10307 10088 9972
f 10003 9380 10235
f 8455 9194 9384
f 7756 7650 8455
f 7756 8455 8516
f 8516 8455 9384
f 8516 9384 9511
f 9511 9384 10182
f 10182 9384 10004
f 10004 9384 9667
f 9384 9194 9667
f 10004 9667 10303
f 10004 10303 10182
f 10182 10303 10397
f 10303 9667 10067
f 10067 9667 9972
f 10397 10303 10472
f 10437 10415 10397
f 10437 10397 10472
f 10437 10472 10447
f 10447 10472 10489
f 10472 10303 10399
f 10472 10399 10489
f 10399 10303 10067
f 10489 10399 10419
f 10399 10067 10268
f 10268 10067 9972
f 10399 10268 10419
f 10268 9972 10088
f 10489 10419 10457
f 10268 10088 10285
f 10268 10285 10419
f 10285 10088 10221
f 10285 10221 10223
f 10285 10223 10419
f 10457 10419 10363
f 10363 10419 10223
f 10457 10363 10365
f 10363 10223 10269
f 10363 10269 10365
f 7756 8516 8550
f 8550 8516 9511
f 8550 9511 9475
f 7756 8550 7780
f 7756 7780 7275
f 7275 7780 7273
f 8550 9475 8548
f 8550 8548 7780
f 8548 9475 9382
f 7273 7780 7819
f 7819 7780 8548
f 7273 7819 7271
f 8548 9382 8514
f 8548 8514 7819
f 8514 9382 9230
f 7271 7819 7782
f 7782 7819 8514
f 7271 7782 7323
f 8514 9230 8490
f 8514 8490 7782
f 8490 9230 8453
f 8453 9230 9092
f 7782 8490 7821
f 7821 8490 8453
f 7782 7821 7323
f 7323 7821 7374
f 7323 7374 7032
f 7821 8453 7849
f 7821 7849 7374
f 7849 8453 8552
f 7374 7849 7407
f 7374 7407 7067
f 7849 8552 7874
f 7849 7874 7407
f 7874 8552 8572
f 7407 7874 7405
f 7874 8572 7925
f 7874 7925 7405
f 7925 8572 8636
f 7405 7925 7457
f 7925 8636 7982
f 7925 7982 7457
f 7982 8636 8711
f 7457 7982 7524
f 7982 8711 7952
f 7982 7952 7524
f 7952 8711 8709
f 7952 8709 7950
f 7950 8709 8601
f 7950 8601 7954
f 7954 8601 8631
f 7950 7954 7648
f 7954 8631 7923
f 7923 8631 8632
f 7954 7923 7250
f 7923 8632 7872
f 7923 7872 7250
f 7872 8632 8634
f 7648 7954 7297
f 7297 7954 7250
f 7648 7297 7432
f 7648 7432 7630
f 7297 7250 6643
f 7297 6643 7432
f 7630 7432 7524
f 7432 6643 6893
f 7432 6893 7524
f 7524 6893 7107
f 6643 7250 6448
f 6448 7250 7221
f 7221 7250 7872
f 6448 7221 6390
f 7221 7872 7847
f 7847 7872 8634
f 6390 7221 7251
f 7251 7221 7847
f 6390 7251 6417
f 7847 8634 7784
f 7847 7784 7251
f 7784 8634 8518
f 7784 8518 8322
f 6417 7251 7253
f 7253 7251 7784
f 6417 7253 6391
f 6391 7253 6570
f 7784 8322 7691
f 7784 7691 7253
f 7691 8322 7984
f 6570 7253 7223
f 7223 7253 7691
f 7691 7984 7526
f 7691 7526 7223
f 7526 7984 7898
f 6570 7223 7142
f 7142 7223 7526
f 6570 7142 6572
f 7526 7898 7459
f 7526 7459 7142
f 7459 7898 7823
f 7459 7823 7409
f 7142 7459 7109
f 7109 7459 7409
f 7142 7109 6572
f 7109 7409 7071
f 7109 7071 6574
f 7109 6574 6572
f 6574 7071 6576
f 6572 6574 6131
f 6572 6131 6129
f 6131 6574 6133
f 6133 6574 6576
f 6133 6576 6136
f 9475 9511 10214
f 10214 9511 10182
f 10214 10182 10415
f 10415 10182 10397
f 10214 10415 10362
f 9475 10214 10082
f 10082 10214 10362
f 9475 10082 9382
f 9382 10082 9810
f 10082 10362 10156
f 10156 10362 10265
f 10082 10156 9810
f 9382 9810 9230
f 9810 10156 9943
f 9943 10156 10157
f 9943 10157 10154
f 9810 9943 9899
f 9899 9943 10154
f 9230 9810 9598
f 9598 9810 9899
f 9899 10154 9855
f 9899 9855 9598
f 9855 10154 10123
f 9230 9598 9092
f 9598 9855 9452
f 9598 9452 9092
f 9452 9855 9814
f 9814 9855 10006
f 10006 9855 10123
f 10006 10123 10125
f 10125 10123 10239
f 9092 9452 8972
f 9092 8972 8552
f 9092 8552 8453
f 8552 8972 8572
f 8572 8972 9063
f 8572 9063 8636
f 6607 6739 6704
f 6704 6739 6850
f 6704 6850 7032
f 7067 6778 7032
f 7067 7032 7374
f 7011 7067 7407
f 7011 7407 7405
f 7067 7011 6778
f 6778 7011 6741
f 6741 7011 7107
f 7107 7011 7405
f 7405 7457 7107
f 7457 7524 7107
f 8636 9063 9192
f 8636 9192 8711
f 8711 9192 9304
f 8711 9304 8709
f 8709 9304 8601
f 9304 9192 9705
f 9705 9192 9632
f 9705 9632 9853
f 9632 9192 9063
f 9632 9063 9562
f 9562 9063 9452
f 9304 9705 9477
f 9477 9705 9832
f 9477 9832 9878
f 9477 9878 9450
f 9477 9450 8631
f 8631 9450 8632
f 8632 9450 8634
f 9450 9878 9707
f 9707 9878 10050
f 8634 9450 9305
f 9305 9450 9707
f 8634 9305 8518
f 9707 10050 9880
f 8518 9305 8911
f 8911 9305 9707
f 8518 8911 8322
f 9707 9880 9479
f 8322 8911 8520
f 8322 8520 7984
f 8911 9707 9232
f 9232 9707 9479
f 9479 9880 9564
f 8911 9232 8822
f 8911 8822 8520
f 9232 9479 9031
f 9232 9031 8822
f 8520 8822 8638
f 8638 8822 9031
f 8401 7984 8520
f 8401 8520 8638
f 7984 8401 7898
f 7898 8401 8281
f 7898 8281 7823
f 8281 8401 8493
f 8493 8401 8638
f 8493 8638 8603
f 8603 8638 8825
f 8825 8638 9031
f 8825 9031 8912
f 8825 8912 8605
f 8605 8912 8719
f 8719 8912 8977
f 8912 9031 9095
f 8912 9095 8977
f 9095 9031 9479
f 8977 9095 9195
f 9095 9479 9564
f 9095 9564 9195
f 9195 9564 9669
f 9669 9564 9882
f 9669 9882 9974
f 9974 9882 10010
f 7524 7952 7630
f 7630 7952 7950
f 7630 7950 7648
f 6893 6643 6170
f 6170 6643 5967
f 5967 6643 6448
f 5967 6448 5968
f 5968 6448 6390
f 5968 6390 6043
f 6043 6390 6417
f 5968 6043 81
f 6043 6417 6006
f 6006 6417 6391
f 6043 6006 81
f 81 6006 34
f 81 34 384
f 81 384 428
f 81 428 235
f 81 235 5881
f 5881 235 5883
f 5883 235 5890
f 5883 5890 6047
f 5890 235 240
f 7107 6893 6422
f 7107 6422 6647
f 6647 6422 6316
f 6422 6893 6170
f 6316 6422 5972
f 5972 6422 6170
f 5972 6170 5846
f 5846 6170 5967
f 5846 5967 5881
f 5881 5967 5968
f 5881 5968 81
f 5846 5881 5883
f 5846 5883 6047
f 5846 6047 6051
f 5846 6051 5972
f 5972 6051 6091
f 6006 6391 6570
f 6006 6570 6129
f 6129 6570 6572
f 8631 8601 9477
f 9477 8601 9304
f 9564 9880 9882
f 9882 9880 10050
f 9882 10050 10010
f 10050 9878 9832
f 10050 9832 10008
f 10050 10008 10010
f 8825 8605 8603
f 8721 8719 8977
f 8719 8721 8463
f 8463 8721 7956
f 7956 8721 8187
f 8721 8977 9195
f 8187 8721 8431
f 8721 9195 8980
f 8721 8980 8431
f 8980 9195 9669
f 8980 9669 9483
f 8980 9483 8431
f 9483 9669 9974
f 8431 9483 8943
f 8431 8943 8387
f 8387 8943 8867
f 8943 9483 9390
f 8943 9390 8867
f 9483 9974 9884
f 9483 9884 9390
f 9884 9974 10086
f 9390 9884 9816
f 9390 9816 8867
f 9816 9884 10086
f 8867 9816 9348
f 9816 10086 10092
f 10092 10086 10218
f 10092 10218 10348
f 10092 10348 10308
f 10308 10348 10417
f 10308 10417 10380
f 10092 10308 9947
f 10092 9947 9816
f 10308 10380 9946
f 10308 9946 9947
f 9946 10380 9834
f 9834 10380 10333
f 9947 9946 9480
f 9816 9947 9454
f 9454 9947 9480
f 9816 9454 9348
f 9386 9480 9834
f 9454 9480 9346
f 9454 9346 9348
f 9346 9480 9422
f 9348 9346 8869
f 9386 9834 9342
f 9348 8869 8284
f 9776 9834 10333
f 9834 9776 9342
f 7877 8867 8284
f 7877 8284 7736
f 8284 8869 8756
f 8284 8756 7736
f 7736 8756 8080
f 8080 8756 8405
f 8756 8869 9392
f 8405 8756 8648
f 8756 9392 9160
f 8756 9160 8648
f 9160 9392 9485
f 8648 9160 8760
f 9160 9485 9272
f 9160 9272 8760
f 8760 9272 9201
f 8760 9201 8725
f 9234 9342 9388
f 9388 9342 9776
f 9234 9388 9197
f 9234 9197 9033
f 9033 9197 9158
f 9388 9776 9778
f 9778 9776 10220
f 9197 9388 9566
f 9566 9388 9778
f 9158 9197 9456
f 9456 9197 9566
f 9158 9456 9270
f 9566 9778 9923
f 9456 9566 9600
f 9600 9566 9923
f 9456 9600 9567
f 9456 9567 9270
f 9567 9600 9634
f 9270 9567 9635
f 9600 9923 9976
f 9600 9976 9634
f 8723 8642 9270
f 8723 9270 8758
f 8758 9270 9352
f 9352 9270 9635
f 8758 9352 8830
f 9352 9635 9856
f 9856 9635 9634
f 9352 9856 9514
f 9514 9856 9711
f 9711 9856 10134
f 9711 10134 9736
f 9736 10134 10186
f 9736 10186 9603
f 9603 10186 10016
f 10016 10186 10269
f 10269 10186 10365
f 10186 10134 10336
f 10186 10336 10365
f 10336 10134 9856
f 10365 10336 10457
f 10457 10336 10449
f 10336 9856 10131
f 10336 10131 10449
f 10449 10131 10317
f 10449 10317 10447
f 10131 9856 9900
f 10131 9900 10317
f 9900 9856 9634
f 10317 9900 10051
f 10051 9900 9634
f 10051 9634 10013
f 10013 9634 9976
f 10051 10013 10159
f 10051 10159 10310
f 10013 9976 10129
f 10013 10129 10159
f 10159 10129 10265
f 10159 10265 10304
f 10304 10265 10362
f 10304 10362 10415
f 10265 10129 10254
f 10129 9976 10127
f 10129 10127 10254
f 10127 9976 9923
f 10254 10127 10251
f 10127 9923 10090
f 10127 10090 10251
f 10090 9923 9778
f 10251 10090 10239
f 10090 9778 10012
f 10090 10012 10239
f 10239 10012 10125
f 6133 6136 5932
f 6133 5932 6131
f 5932 6136 5851
f 5932 5851 131
f 131 5851 170
f 5932 131 129
f 5932 129 6134
f 6129 6131 6134
f 6134 6131 5932
f 6129 6134 5884
f 6129 5884 34
f 34 5884 384
f 6129 34 6006
f 131 170 336
f 131 336 255
f 131 255 129
f 129 255 253
f 129 253 243
f 253 255 173
f 173 255 466
f 173 466 468
f 243 253 388
f 243 388 384
f 384 388 460
f 384 460 428
f 428 460 496
f 428 496 235
f 235 496 240
f 496 460 251
f 251 460 172
f 39 172 388
f 172 39 5
f 5 39 91
f 251 172 257
f 257 172 5
f 257 5 41
f 41 5 5818
f 41 5818 5933
f 257 41 211
f 251 257 335
f 335 257 211
f 251 335 208
f 208 335 390
f 335 211 338
f 335 338 390
f 338 211 5935
f 5935 211 6098
f 338 5935 5857
f 390 338 394
f 394 338 5857
f 394 5857 5820
f 390 394 89
f 89 394 134
f 255 336 466
f 6134 129 243
f 6134 243 5884
f 384 5884 243
f 388 253 39
f 39 253 173
f 39 173 91
f 91 173 468
f 91 468 340
f 91 340 5818
f 91 5818 5
f 5818 340 5933
f 5933 340 177
f 5933 177 6137
f 6137 177 5822
f 6137 5822 6282
f 6137 6282 6540
f 5933 6137 6098
f 5933 6098 41
f 41 6098 211
f 6098 6137 6392
f 6392 6137 6540
f 6098 6392 5935
f 6392 6540 6706
f 6392 6706 6532
f 6532 6706 7036
f 388 172 460
f 6540 6282 6784
f 6540 6784 7039
f 7039 6784 7169
f 6540 7039 6706
f 7039 7169 7376
f 6706 7039 7196
f 7196 7039 7376
f 7376 7169 7476
f 6706 7196 7036
f 7376 7476 7698
f 7698 7476 7956
f 7698 7956 8187
f 7376 7698 7573
f 7376 7573 7196
f 7698 8187 7899
f 7698 7899 7573
f 7899 8187 8431
f 7899 8431 8387
f 7899 8387 7573
f 7573 8387 7877
f 7877 8387 8867
f 7474 7196 7573
f 7474 7573 7877
f 7196 7474 7036
f 7474 7877 7736
f 7036 7474 7283
f 7283 7474 7736
f 7036 7283 6534
f 7283 7736 7478
f 7283 7478 6652
f 7478 7736 8080
f 6652 7478 6859
f 7478 8080 7666
f 7478 7666 6859
f 7666 8080 8405
f 6859 7666 7111
f 7666 8405 7856
f 7666 7856 7111
f 7856 8405 8648
f 7111 7856 7301
f 7856 8648 7960
f 7856 7960 7301
f 7960 8648 8760
f 7301 7960 7463
f 7960 8760 8053
f 7960 8053 7463
f 8053 8760 8725
f 7463 8053 7556
f 8053 8725 8122
f 8053 8122 7556
f 8122 8725 8675
f 7556 8122 7575
f 8122 8675 8642
f 8122 8642 8120
f 8122 8120 7575
f 8120 8642 8157
f 7575 8120 7604
f 7604 8120 8157
f 7575 7604 7038
f 7038 7604 6928
f 6928 7604 7606
f 7606 7604 8157
f 6928 7606 6899
f 7606 8157 8189
f 8189 8157 8723
f 8189 8723 8758
f 6899 7606 7608
f 7608 7606 8189
f 6899 7608 6857
f 8189 8758 8191
f 8189 8191 7608
f 8191 8758 8830
f 6857 7608 7577
f 7577 7608 8191
f 6857 7577 6855
f 8191 8830 8158
f 8191 8158 7577
f 9352 9514 8830
f 8830 9514 8873
f 8830 8873 8158
f 8873 9514 9711
f 6855 7577 7530
f 7530 7577 8158
f 6855 7530 7502
f 6855 7502 6970
f 7502 7530 8077
f 8077 7530 8158
f 8077 8158 8873
f 8873 9711 8870
f 8873 8870 8077
f 8870 9711 9736
f 8077 8870 8575
f 8077 8575 8018
f 8575 8870 9072
f 9072 8870 9736
f 9072 9736 9603
f 9072 9603 9513
f 5935 6392 6532
f 5935 6532 5857
f 9974 10010 10086
f 10086 10010 10218
f 10218 10010 10008
f 10218 10008 10152
f 10152 10008 9832
f 10218 10152 10348
f 10152 9832 10216
f 10152 10216 10348
f 10348 10216 10417
f 10417 10216 10184
f 10417 10184 10378
f 10216 9832 9705
f 10216 9705 10184
f 10184 9705 9853
f 10417 10378 10380
f 10380 10378 10333
f 10333 10378 10264
f 10333 10264 10220
f 10264 10378 10065
f 10065 10378 10184
f 10264 10065 10006
f 10006 10065 9814
f 10264 10006 10125
f 10264 10125 10220
f 10220 10125 10012
f 10220 10012 9778
f 9946 9834 9480
f 8867 9348 8284
f 9422 9480 9386
f 9346 9422 9392
f 9392 9422 9485
f 9422 9386 9345
f 9422 9345 9485
f 9345 9386 9342
f 9345 9342 9234
f 9345 9234 9485
f 9485 9234 9272
f 9272 9234 9201
f 9201 9234 9033
f 9346 9392 8869
f 7036 6534 6532
f 6532 6534 5857
f 5857 6534 6652
f 5857 6652 5820
f 6652 6534 7283
f 496 251 208
f 496 208 240
f 240 208 5853
f 240 5853 6221
f 240 6221 5890
f 5890 6221 6356
f 5890 6356 6047
f 6047 6356 6051
f 6051 6356 6091
f 6356 6221 6686
f 6356 6686 6318
f 6318 6686 6276
f 5853 208 89
f 89 208 390
f 5853 89 6221
f 6221 89 6097
f 6221 6097 6686
f 6097 89 5975
f 5975 89 134
f 6686 6097 6494
f 6494 6097 5975
f 6686 6494 6854
f 6494 5975 6360
f 6494 6360 6854
f 6854 6360 6745
f 6854 6745 7034
f 5972 6091 6316
f 6316 6091 6249
f 6249 6091 6318
f 6091 6356 6318
f 6249 6318 6276
f 6316 6249 6174
f 6316 6174 6172
f 6174 6249 6050
f 6050 6249 6276
f 6050 6276 6095
f 6050 6095 38
f 6050 38 6174
f 38 6095 87
f 6174 38 5848
f 83 6172 6174
f 83 6174 5848
f 83 5848 38
f 6172 83 326
f 83 38 430
f 83 430 326
f 326 430 844
f 6095 6276 6531
f 6095 6531 6223
f 6095 6223 87
f 87 6223 5855
f 6223 6531 6358
f 6223 6358 5855
f 6854 6531 6686
f 6531 6854 6358
f 5855 6358 6011
f 5855 6011 392
f 6358 6854 6815
f 6815 6854 7034
f 6815 7034 6967
f 6815 6967 6199
f 392 6011 7
f 7 6011 6358
f 392 7 818
f 818 7 293
f 536 293 6199
f 536 6199 6100
f 293 7 6278
f 6278 7 6358
f 293 6278 6199
f 6278 6358 6815
f 6278 6815 6199
f 6531 6276 6686
f 1163 1093 1202
f 1202 1093 941
f 941 1093 844
f 1163 1202 1313
f 1163 1313 1196
f 1202 941 818
f 1196 1313 1363
f 818 941 392
f 1196 1363 1165
f 392 941 498
f 498 941 844
f 392 498 5855
f 498 844 430
f 5855 498 87
f 87 498 430
f 87 430 38
f 1315 1165 1363
f 1165 1315 1057
f 1057 1315 1171
f 1315 1363 1136
f 1315 1136 1099
f 1315 1099 1171
f 1136 1363 1134
f 1171 1099 1023
f 1171 1023 943
f 1134 1363 1313
f 1134 1313 1020
f 1134 1020 536
f 1020 1313 1202
f 536 1020 293
f 1020 1202 818
f 1020 818 293
f 5976 5978 6707
f 6707 5978 6584
f 6584 5978 5980
f 6584 5980 6537
f 6537 5980 5983
f 6537 5983 6538
f 6538 5983 5984
f 6538 5984 6618
f 6618 5984 6014
f 6618 6014 6747
f 6747 6014 6100
f 6747 6100 6199
f 6747 6199 6967
f 9 6707 6622
f 6622 6707 6970
f 9 6622 262
f 6622 6970 6785
f 262 6622 6393
f 6393 6622 6785
f 6393 6785 6625
f 262 6393 432
f 432 6393 6285
f 432 6285 500
f 500 6285 6254
f 432 500 1237
f 6707 6584 6855
f 6707 6855 6970
f 6855 6584 6857
f 6857 6584 6537
f 6857 6537 6899
f 6899 6537 6538
f 6899 6538 6928
f 6928 6538 6618
f 6928 6618 7038
f 7038 6618 6747
f 6393 6625 6285
f 6285 6625 6545
f 6285 6545 6254
f 6254 6545 6501
f 6254 6501 6325
f 6325 6501 6586
f 6254 6325 434
f 6254 434 500
f 434 6325 213
f 6325 6586 6504
f 6325 6504 213
f 6504 6586 6710
f 213 6504 6750
f 6750 6504 6710
f 213 6750 5990
f 6750 6710 6932
f 5990 6750 6395
f 5990 6395 96
f 6395 6750 7114
f 7114 6750 6932
f 7114 6932 7146
f 7114 7146 7382
f 6625 6785 6860
f 6860 6785 6970
f 6625 6860 6708
f 6625 6708 6545
f 6545 6708 6657
f 6545 6657 6501
f 6501 6657 6659
f 6860 6970 7502
f 8018 7502 8077
f 7502 8018 8021
f 6860 7502 7435
f 7435 7502 8021
f 6860 7435 6708
f 6708 7435 7384
f 7384 7435 8021
f 6708 7384 6657
f 7384 8021 8054
f 8054 8021 8676
f 8054 8676 8874
f 7384 8054 7354
f 7384 7354 6657
f 7354 8054 8084
f 6657 7354 6659
f 6659 7354 7388
f 96 6395 6930
f 6930 6395 7114
f 6930 7114 7382
f 6586 6501 6659
f 6586 6659 6712
f 6586 6712 6710
f 6710 6712 6864
f 6710 6864 6932
f 6932 6864 7042
f 6932 7042 7257
f 6932 7257 7146
f 7146 7257 7382
f 7257 7042 7579
f 7257 7579 7668
f 7382 7256 6930
f 7256 7382 7758
f 7256 7758 7992
f 7992 7758 8286
f 7256 7992 8164
f 7256 8164 7386
f 7386 8164 7534
f 8164 7992 9205
f 9205 7992 8984
f 7438 6864 6712
f 7388 6712 6659
f 6712 7388 7438
f 6864 7438 7508
f 6864 7508 7042
f 7042 7508 7579
f 7438 7388 8124
f 8124 7388 7354
f 8124 7354 8084
f 8124 8084 9037
f 9037 8084 8985
f 7438 8124 8166
f 8166 8124 9037
f 7438 8166 7508
f 8166 9037 9039
f 7508 8166 8222
f 8222 8166 9039
f 7508 8222 7579
f 8222 9039 9041
f 7579 8222 8247
f 7579 8247 7668
f 7668 8247 8245
f 8247 8222 8988
f 8988 8222 9041
f 8247 8988 8245
f 8988 9041 9637
f 8245 8988 8832
f 7257 7668 7382
f 7382 7668 7758
f 7758 7668 8245
f 7758 8245 8286
f 8286 8245 8832
f 8286 8832 8877
f 8877 8832 9274
f 9274 8832 8988
f 8877 9274 9519
f 9274 8988 9487
f 9519 9274 9605
f 9605 9274 9487
f 9605 9487 9838
f 7992 8286 8984
f 8286 8877 8984
f 9487 8988 9637
f 9487 9637 9838
f 9838 9637 9925
f 9925 9637 10021
f 10021 9637 9715
f 9041 9039 9637
f 9637 9039 9715
f 9715 9039 9037
f 10021 9715 10018
f 9715 9037 9713
f 9715 9713 10018
f 9713 9037 9670
f 9670 9037 8985
f 10018 9713 9951
f 9951 9713 9670
f 9670 8985 8874
f 9670 8874 9516
f 9516 8874 8676
f 9670 9516 9836
f 9670 9836 9951
f 9951 9836 9858
f 10018 9951 9978
f 9978 9951 9858
f 10018 9978 10096
f 9513 9949 9858
f 9858 9949 10188
f 10188 9949 10441
f 9858 10188 10289
f 9858 10289 9978
f 10289 10188 10441
f 10096 9978 10350
f 10350 9978 10289
f 10536 10441 10287
f 10096 10350 10368
f 10096 10368 10138
f 10441 10536 10601
f 10289 10441 10505
f 10289 10505 10350
f 10505 10441 10601
f 10368 10350 10544
f 10544 10350 10505
f 10544 10505 10674
f 10674 10505 10601
f 10674 10601 10701
f 10701 10601 10633
f 10544 10674 10691
f 10544 10691 10553
f 10544 10553 10368
f 10553 10691 10635
f 10368 10553 10530
f 10530 10553 10635
f 10368 10530 10322
f 10322 10530 10243
f 10530 10635 10551
f 10530 10551 10464
f 8985 8084 8874
f 8084 8054 8874
f 8676 8021 8575
f 8575 8021 8018
f 8676 8575 9203
f 8676 9203 9516
f 9203 8575 9072
f 9516 9203 9836
f 9203 9072 9513
f 9203 9513 9836
f 9858 9836 9513
f 10021 10018 10096
f 10021 10096 10138
f 10021 10138 9925
f 9925 10138 10055
f 9925 10055 9838
f 10055 10138 10322
f 10322 10138 10368
f 10055 10322 10243
f 9838 10055 9905
f 9905 10055 10243
f 9838 9905 9738
f 9738 9905 10243
f 9838 9738 9605
f 9738 10243 10053
f 9605 9738 9519
f 9519 9738 10053
f 10053 10243 10320
f 10320 10243 10464
f 9519 10053 9903
f 9903 10053 10136
f 10136 10053 10320
f 10136 10320 10241
f 10320 10464 10462
f 10320 10462 10241
f 10462 10464 10551
f 10241 10462 10460
f 9903 10136 10256
f 10464 10243 10530
f 10136 10241 10256
f 10462 10551 10460
f 10460 10551 10586
f 10586 10551 10635
f 10586 10635 10662
f 10662 10635 10691
f 10642 10614 10662
f 10642 10662 10654
f 10662 10691 10703
f 10662 10703 10654
f 10703 10691 10674
f 10703 10674 10701
f 10703 10701 10654
f 10654 10701 10629
f 10654 10629 10631
f 10631 10629 10595
f 10654 10631 10656
f 10490 10241 10460
f 10490 10460 10567
f 10567 10460 10586
f 10701 10633 10629
f 10629 10633 10584
f 10629 10584 10595
f 10595 10584 10542
f 10584 10633 10549
f 10542 10584 10515
f 10515 10584 10549
f 10542 10515 10476
f 10476 10515 10382
f 10382 10515 10549
f 10476 10382 10335
f 10335 10382 10088
f 10536 10549 10633
f 10536 10633 10601
f 10549 10536 10420
f 10088 10382 10439
f 10439 10382 10549
f 10439 10549 10420
f 10088 10439 10221
f 10221 10439 10420
f 10221 10420 10223
f 10287 10441 9949
f 9885 9949 9513
f 9949 9885 10093
f 9949 10093 10287
f 10287 10093 10420
f 10287 10420 10536
f 10420 10093 10223
f 10093 9885 10016
f 10016 9885 9513
f 10016 9513 9603
f 10093 10016 10269
f 10093 10269 10223
f 6747 6967 7038
f 7038 6967 7144
f 7144 6967 7167
f 7167 6967 7034
f 7038 7144 7575
f 7575 7144 7167
f 7034 6745 7167
f 7556 7575 7167
f 7556 7167 7463
f 7463 7167 6969
f 6969 7167 6745
f 7463 6969 7301
f 6969 6745 6616
f 6969 6616 7301
f 6616 6745 6360
f 7301 6616 7111
f 6616 6360 6280
f 6616 6280 7111
f 6280 6360 5975
f 7111 6280 6859
f 6280 5975 134
f 6859 6280 6055
f 6055 6280 134
f 6859 6055 6652
f 6652 6055 5820
f 5820 6055 134
f 5820 134 394
f 8157 8642 8723
f 8642 8675 9033
f 9033 8675 8725
f 8725 9201 9033
f 9033 9158 8642
f 8642 9158 9270
f 10220 9776 10333
f 10065 10184 9853
f 10065 9853 9814
f 9853 9632 9562
f 9853 9562 9814
f 9814 9562 9452
f 9452 9063 8972
f 10123 10154 10239
f 10239 10154 10251
f 10251 10154 10157
f 10251 10157 10254
f 10254 10157 10156
f 10254 10156 10265
f 10304 10415 10437
f 10304 10437 10310
f 10304 10310 10159
f 10310 10437 10447
f 10310 10447 10317
f 10051 10310 10317
f 9635 9567 9634
f 10449 10447 10457
f 10457 10447 10489
f 5643 5416 5649
f 5649 5416 5323
f 5649 5323 5559
f 5392 5559 5218
f 5218 5559 5323
f 5324 5242 5263
f 5263 5242 5135
f 5135 5242 5091
f 5135 5091 5063
f 5063 5091 4866
f 5135 5063 4929
f 5063 4866 4931
f 5063 4931 4929
f 5324 5263 5299
f 5324 5299 5344
f 5324 5344 5376
f 5324 5376 5345
f 5299 5263 5135
f 4929 5173 5135
f 5135 5173 5299
f 4930 5173 4965
f 5173 4930 5136
f 5173 5136 5299
f 5299 5136 5264
f 5299 5264 5325
f 5299 5325 5344
f 5242 5324 5265
f 5242 5265 5014
f 5376 5344 5346
f 5346 5344 5325
f 5376 5346 5309
f 5242 5014 5091
f 5091 5014 4966
f 4966 5014 4862
f 5091 4966 4866
f 4866 4966 4862
f 5065 5014 5265
f 4862 5014 4864
f 4862 4864 4778
f 4864 5014 4904
f 4864 4904 4671
f 5014 5065 4904
f 4862 4778 4866
f 4778 4864 4671
f 4866 4778 4737
f 4866 4737 4824
f 4824 4737 4776
f 4776 4737 4608
f 4737 4778 4671
f 4737 4671 4608
f 4608 4671 4501
f 4501 4671 4673
f 4673 4671 4904
f 4866 4824 4931
f 4931 4824 4776
f 4501 4673 4455
f 4929 4931 4776
f 4929 4776 4965
f 4503 4677 4610
f 4610 4677 4826
f 4826 4677 4906
f 4826 4906 5016
f 5308 5174 5244
f 5245 5309 5346
f 4934 5175 4969
f 4934 4969 4781
f 4934 4781 4740
f 4740 4781 4506
f 4781 4969 4827
f 4506 4781 4613
f 4613 4781 4827
f 4613 4827 4611
f 4613 4611 4460
f 4460 4611 4504
f 5017 5245 5066
f 5066 5245 5266
f 5346 5325 5266
f 5266 5325 5243
f 5266 5243 5066
f 5243 5325 5264
f 5243 5264 5136
f 5243 5136 5092
f 5092 5136 5064
f 5064 5136 4932
f 4932 5136 4930
f 5066 5243 5015
f 5015 5243 4967
f 5066 5015 4905
f 5066 4905 4907
f 4907 4905 4676
f 5015 4967 4865
f 5015 4865 4905
f 4865 4967 4863
f 4676 4905 4674
f 4674 4905 4865
f 4676 4674 4458
f 4458 4674 4456
f 4674 4865 4672
f 4672 4865 4863
f 4502 4456 4672
f 4502 4672 4609
f 4609 4672 4738
f 4609 4738 4777
f 4777 4738 4825
f 4777 4825 4932
f 4932 4825 4867
f 4777 4932 4930
f 4777 4930 4965
f 5017 5066 4907
f 5266 5245 5346
f 4672 4456 4674
f 4967 5243 5092
f 4967 5092 4867
f 4967 4867 4863
f 4863 4867 4779
f 5092 5064 4867
f 4867 5064 4932
f 4863 4779 4672
f 4672 4779 4738
f 4779 4867 4738
f 4738 4867 4825
f 4965 5173 4929
f 4965 4776 4775
f 4965 4775 4777
f 2425 2400 2619
f 2400 2425 2377
f 2400 2377 2264
f 2264 2377 2198
f 2425 2619 2554
f 2425 2554 2377
f 2377 2554 2528
f 2377 2528 2379
f 2379 2528 2622
f 2379 2622 2484
f 2484 2622 2774
f 2484 2774 2721
f 2721 2774 3100
f 2554 2619 2553
f 2554 2553 2555
f 2554 2555 2528
f 2619 2400 2479
f 2479 2400 2375
f 2375 2400 2264
f 2619 2479 2553
f 2553 2479 2555
f 2555 2479 2375
f 2555 2375 2378
f 2555 2378 2620
f 2620 2378 2531
f 2620 2531 2839
f 2839 2531 2719
f 2839 2719 3132
f 3132 2719 3057
f 3132 3057 3587
f 3587 3057 4032
f 4032 3057 3408
f 3408 3057 3135
f 4032 3408 3964
f 3964 3408 3651
f 4032 3964 4300
f 2375 2264 2198
f 2375 2198 2378
f 2378 2198 2270
f 2378 2270 2531
f 2531 2270 2406
f 2531 2406 2719
f 2719 2406 3057
f 3057 2406 2723
f 3057 2723 3135
f 2198 2377 2379
f 2198 2379 2270
f 2270 2379 2484
f 2270 2484 2721
f 2270 2721 2406
f 2406 2721 2842
f 2555 2620 2528
f 2528 2620 2622
f 2622 2620 2839
f 2622 2839 2774
f 2774 2839 3132
f 2774 3132 3100
f 3100 3132 3587
f 3100 3587 3542
f 3542 3587 4183
f 3100 3542 3054
f 3542 4183 3811
f 3542 3811 3054
f 3054 3811 3223
f 3054 3223 2624
f 2624 3223 2718
f 2624 2718 2354
f 2624 2354 2269
f 2269 2354 2095
f 2269 2095 1928
f 3223 3811 3101
f 3101 3811 3543
f 3543 3811 4085
f 4085 3811 4299
f 4299 3811 4183
f 4085 4299 4479
f 4299 4183 4748
f 4299 4748 4750
f 4750 4748 5042
f 4750 5042 4988
f 4988 5042 5158
f 4988 5158 5078
f 5078 5158 5198
f 3100 3054 2721
f 3054 2624 2721
f 2721 2624 2405
f 2405 2624 2091
f 2091 2624 2269
f 2091 2269 1928
f 2091 1928 1816
f 2718 3223 3101
f 2718 3101 2685
f 2718 2685 2354
f 2354 2685 2384
f 2354 2384 2095
f 2095 2384 2130
f 2685 3101 2746
f 2685 2746 2488
f 2746 3101 3103
f 3103 3101 3543
f 3103 3543 3410
f 3410 3543 4085
f 3410 4085 4479
f 3410 4479 3968
f 3968 4479 4847
f 3968 4847 4303
f 4847 4479 4750
f 4750 4479 4299
f 4847 4750 4988
f 1848 2095 2130
f 2095 1848 1928
f 1848 2130 1898
f 1928 1848 1733
f 1848 1898 1683
f 1848 1683 1733
f 1683 1898 1735
f 1733 1683 1620
f 1683 1735 1584
f 1683 1584 1620
f 2384 2685 2488
f 2384 2488 2272
f 2384 2272 2130
f 2130 2272 2002
f 2130 2002 1898
f 1898 2002 1850
f 1898 1850 1735
f 1735 1850 1684
f 2488 2746 2490
f 2488 2490 2273
f 2490 2746 2689
f 2689 2746 3103
f 2689 3103 2913
f 2913 3103 3410
f 2913 3410 3226
f 3226 3410 3968
f 3226 3968 3593
f 3593 3968 4303
f 2272 2488 2001
f 2001 2488 2273
f 2272 2001 2002
f 2002 2001 1849
f 2002 1849 1682
f 1584 1735 1684
f 1733 1620 1619
f 1619 1620 1556
f 1733 1619 1928
f 1928 1619 1816
f 1620 1584 1556
f 1556 1584 1557
f 1556 1557 1583
f 1556 1583 1619
f 1584 1684 1621
f 1621 1684 1850
f 1621 1850 1682
f 1682 1850 2002
f 1584 1621 1557
f 1557 1621 1583
f 1621 1682 1583
f 1583 1682 1849
f 1583 1849 1732
f 1732 1849 1929
f 1929 1849 2001
f 1929 2001 2273
f 1929 2273 2228
f 2228 2273 2490
f 2228 2490 2487
f 2487 2490 2688
f 2688 2490 2689
f 2688 2689 2844
f 2844 2689 2913
f 2844 2913 3179
f 3179 2913 3226
f 3179 3226 3593
f 1816 1619 1583
f 1816 1583 1732
f 1816 1732 1929
f 1816 1929 2091
f 2091 1929 2405
f 2405 1929 2228
f 2405 2228 2487
f 2405 2487 2721
f 2721 2487 2842
f 2842 2487 2688
f 2842 2688 2356
f 2842 2356 2406
f 2688 2844 2430
f 2430 2844 2432
f 2688 2430 2356
f 2430 2432 2134
f 2356 2430 1817
f 2356 1817 1528
f 2356 1528 1652
f 2430 2134 2098
f 2098 2134 1818
f 2098 1818 1734
f 1734 1818 1493
f 1493 1818 1558
f 1493 1558 1397
f 1493 1397 1370
f 1370 1397 1290
f 1290 1397 1329
f 3179 3593 3065
f 3179 3065 2599
f 3179 2599 2844
f 2844 2599 2432
f 2432 2599 2276
f 3065 3593 2915
f 3065 2915 2386
f 3065 2386 2599
f 2915 3593 2982
f 2982 3593 3751
f 3751 3593 4188
f 2982 3751 3107
f 3751 4188 4372
f 4372 4188 4714
f 4714 4188 4524
f 4714 4524 4712
f 4714 4712 4800
f 2982 3107 2563
f 2492 2915 2982
f 2492 2982 2563
f 2915 2492 2386
f 2386 2492 1871
f 1871 2492 1971
f 1971 2492 2563
f 1971 2563 2055
f 1971 2055 1559
f 1971 1559 1430
f 1430 1559 991
f 991 1559 1217
f 2386 1871 2599
f 2599 1871 2276
f 2432 2276 1931
f 1931 2276 1871
f 1931 1871 1622
f 1622 1871 1531
f 1931 1622 1685
f 1685 1622 1460
f 1460 1622 1399
f 1685 1460 1494
f 1494 1460 1371
f 2134 2432 1931
f 2134 1931 1818
f 1818 1931 1685
f 1818 1685 1494
f 1818 1494 1558
f 1558 1494 1397
f 1397 1494 1398
f 1398 1494 1371
f 1397 1398 1330
f 1397 1330 1329
f 2430 2098 1817
f 1817 2098 1734
f 1817 1734 1530
f 1530 1734 1493
f 1530 1493 1352
f 1817 1530 1369
f 1369 1530 1352
f 1369 1352 1213
f 1213 1352 1247
f 1213 1247 1187
f 1528 1817 1369
f 1528 1369 985
f 985 1369 987
f 985 987 356
f 987 1369 931
f 931 1369 1399
f 987 931 309
f 987 309 443
f 443 309 6029
f 5950 356 443
f 5950 443 6029
f 356 5950 6064
f 6064 5950 6550
f 5950 6029 6369
f 5950 6369 6333
f 1352 1493 1370
f 1352 1370 1247
f 1247 1370 1215
f 1215 1370 1290
f 1215 1290 1250
f 1247 1215 1188
f 1188 1215 1250
f 1247 1188 1187
f 1290 1329 1250
f 1329 1330 1250
f 1250 1330 1249
f 1249 1330 1328
f 1328 1330 1398
f 1328 1398 1371
f 1250 1249 1216
f 1250 1216 1188
f 1216 1249 1328
f 1188 1216 1187
f 1216 1328 1214
f 1216 1214 1187
f 1214 1328 1248
f 1214 1248 1187
f 1248 1328 1371
f 1187 1248 1213
f 1213 1248 1369
f 1248 1371 1460
f 1248 1460 1327
f 1327 1460 1399
f 1369 1248 1327
f 1369 1327 1399
f 1399 1622 1531
f 1399 1531 931
f 931 1531 830
f 931 830 5829
f 1531 1871 1430
f 1430 1871 1971
f 1531 1430 1149
f 1528 985 1034
f 1528 1034 1652
f 1034 985 740
f 740 985 356
f 740 356 104
f 740 104 5949
f 5949 104 6431
f 6431 104 6235
f 6235 104 356
f 6235 356 6064
f 1652 1034 1245
f 1245 1034 893
f 1652 1245 1396
f 1396 1245 893
f 1396 893 1068
f 1068 893 627
f 1652 1396 1847
f 1652 1847 2356
f 1847 1396 1523
f 1847 1523 1968
f 1847 1968 2406
f 1523 1396 1068
f 1523 1068 1146
f 1146 1068 697
f 697 1068 627
f 697 627 221
f 697 221 220
f 220 221 5860
f 2356 1847 2406
f 789 893 1034
f 789 1034 740
f 789 740 103
f 789 103 303
f 789 303 825
f 825 303 350
f 303 103 6186
f 303 6186 5992
f 5992 6186 6367
f 6367 6186 6508
f 6367 6508 6755
f 627 893 507
f 627 507 221
f 507 893 789
f 1523 1146 1031
f 1031 1146 697
f 1523 1031 1428
f 1031 697 542
f 542 697 143
f 143 697 220
f 1523 1428 1815
f 1523 1815 1968
f 1968 1815 2303
f 1968 2303 2406
f 2406 2303 2533
f 2533 2303 2268
f 2268 2303 1925
f 2533 2268 2486
f 2268 1925 1924
f 1924 1925 1520
f 1520 1925 1521
f 1520 1521 1145
f 1145 1521 1183
f 2533 2486 2722
f 2533 2722 2777
f 2533 2777 2406
f 2406 2777 2723
f 2777 2722 2872
f 2723 2777 3135
f 3135 2777 2872
f 3135 2872 3224
f 3135 3224 3651
f 3651 3224 3965
f 3965 3224 3456
f 3965 3456 3812
f 3965 3812 4184
f 4184 3812 3961
f 2303 1815 1925
f 1925 1815 1428
f 1925 1428 1521
f 1521 1428 1066
f 1521 1066 1183
f 1183 1066 694
f 1183 694 737
f 737 694 348
f 2268 1924 1763
f 1763 1924 1520
f 2268 1763 2049
f 1763 1520 1395
f 2268 2049 2486
f 1395 1520 1030
f 1030 1520 1145
f 1030 1145 736
f 2486 2049 2271
f 2486 2271 2560
f 2486 2560 2722
f 2722 2560 2872
f 2560 2271 2051
f 2051 2271 1846
f 1846 2271 2049
f 1846 2049 1763
f 1846 1763 1615
f 1615 1763 1395
f 1615 1395 1348
f 1348 1395 982
f 982 1395 1030
f 982 1030 574
f 574 1030 623
f 623 1030 736
f 574 623 267
f 574 267 268
f 268 267 54
f 2560 2051 2308
f 2308 2051 2094
f 2094 2051 1681
f 2094 1681 2169
f 2169 1681 2050
f 2050 1681 2048
f 2048 1681 1896
f 1896 1681 1926
f 1926 1681 1764
f 1764 1681 1488
f 1681 2051 1731
f 1681 1731 1458
f 1681 1458 1488
f 1488 1458 1109
f 1488 1109 1457
f 1457 1109 1184
f 1488 1457 1814
f 1488 1814 1764
f 1457 1184 1427
f 1427 1184 1242
f 1427 1242 1426
f 1426 1242 1324
f 1426 1324 1394
f 1731 2051 1846
f 1731 1846 1527
f 1527 1846 1617
f 1731 1527 1458
f 1527 1617 1212
f 1212 1617 1428
f 1458 1527 1108
f 1458 1108 1109
f 1109 1108 739
f 739 1108 624
f 1814 1457 1650
f 1650 1457 1427
f 1650 1427 1519
f 1519 1427 1426
f 1519 1426 1486
f 1486 1426 1394
f 1527 1212 1108
f 1617 1846 1615
f 1617 1615 1428
f 1615 1348 1428
f 1348 982 1428
f 1428 982 1066
f 1212 1428 1031
f 1212 1031 825
f 825 1031 440
f 440 1031 542
f 440 542 143
f 440 143 59
f 59 143 5946
f 5946 143 5945
f 5946 5945 6062
f 982 574 1066
f 1066 574 694
f 694 574 302
f 302 574 268
f 302 268 54
f 736 1145 1183
f 736 1183 737
f 736 737 348
f 348 694 302
f 736 348 301
f 301 348 54
f 348 302 54
f 54 267 301
f 736 301 623
f 623 301 267
f 1483 1516 1455
f 1455 1516 1517
f 1455 1517 1394
f 1394 1517 1485
f 1394 1485 1486
f 1516 1483 1517
f 1517 1483 1392
f 1517 1392 1287
f 1517 1287 1485
f 1485 1287 1182
f 1485 1182 1486
f 1486 1182 1105
f 1486 1105 1519
f 1519 1105 1033
f 1519 1033 1650
f 1650 1033 928
f 1650 928 1814
f 1483 1455 1392
f 1392 1455 1394
f 1392 1394 1287
f 1287 1394 1182
f 1182 1394 1324
f 1182 1324 1105
f 1324 1242 1105
f 1105 1242 1033
f 1033 1242 1184
f 928 1033 1184
f 928 1184 1109
f 928 1109 738
f 738 1109 739
f 738 739 402
f 928 738 1186
f 1186 738 404
f 1186 404 1367
f 404 738 402
f 404 402 109
f 109 402 106
f 109 106 6063
f 6063 106 5902
f 6063 5902 5993
f 109 6063 6756
f 6756 6063 6144
f 6756 6144 7176
f 7176 6144 6632
f 6756 7176 7704
f 7176 6632 6902
f 7704 7176 7903
f 7903 7176 6902
f 7704 7903 9239
f 7903 6902 7227
f 7903 7227 7558
f 7903 7558 8288
f 7903 8288 8798
f 8798 8288 8947
f 402 739 403
f 402 403 106
f 106 403 5905
f 5902 106 5905
f 5902 5905 5993
f 5993 5905 6061
f 5993 6061 6139
f 6061 5905 6366
f 6366 5905 6332
f 6366 6332 6753
f 6366 6753 6713
f 6713 6753 7122
f 6713 7122 7121
f 7121 7122 7392
f 7392 7122 7393
f 7392 7393 7633
f 7392 7633 7673
f 7673 7633 7880
f 7880 7633 7825
f 7880 7825 8023
f 8023 7825 7994
f 8023 7994 8167
f 8167 7994 8127
f 8167 8127 8250
f 6144 6063 5993
f 624 403 739
f 403 624 57
f 403 57 6026
f 624 1108 855
f 624 855 350
f 624 350 57
f 57 350 6204
f 6204 350 5991
f 6204 5991 6365
f 6204 6365 6548
f 6548 6365 6826
f 6826 6365 6714
f 855 1108 1212
f 855 1212 825
f 855 825 350
f 403 6026 5905
f 5905 6026 6588
f 6026 57 6430
f 6430 57 6204
f 6430 6204 6754
f 6754 6204 6548
f 6754 6548 6826
f 6754 6826 6975
f 6975 6826 7079
f 7079 6826 7046
f 5991 350 5992
f 5992 350 303
f 5991 5992 6365
f 6365 5992 6367
f 6365 6367 6694
f 6365 6694 6714
f 789 825 441
f 789 441 507
f 507 441 145
f 145 441 59
f 145 59 5900
f 5900 59 5946
f 59 441 440
f 440 441 825
f 507 145 221
f 221 145 5900
f 221 5900 5860
f 5860 5900 6062
f 5860 6062 5859
f 5860 5859 220
f 6062 5900 5946
f 5945 143 220
f 5945 220 5859
f 5945 5859 6062
f 3675 3923 3565
f 3565 3923 3621
f 3621 3923 3999
f 3999 3923 4150
f 3923 3675 4102
f 3923 4102 4150
f 4102 3675 3990
f 4150 4102 4205
f 4205 4102 3990
f 4205 3990 4049
f 3675 3565 3089
f 3089 3565 3211
f 3089 3211 2739
f 3211 3565 3213
f 3211 3213 2739
f 3213 3565 3621
f 3213 3621 3249
f 3213 3249 2802
f 3213 2802 2739
f 3089 2739 2617
f 2739 2802 2469
f 2617 2739 2423
f 2423 2739 2469
f 2617 2423 2324
s 0
f 2324 2423 2038
s 1
f 2423 2469 2194
f 2423 2194 2038
f 2194 2469 2252
f 2038 2194 1803
f 2194 2252 1893
f 2194 1893 1803
f 1893 2252 1892
f 1892 2252 2250
f 2250 2252 2469
f 2250 2469 2467
f 2467 2469 2802
f 2467 2802 2766
f 2766 2802 3249
f 2766 3249 3168
f 3168 3249 3623
f 3168 3623 3435
f 3435 3623 4003
f 3435 4003 3692
f 3435 3692 3381
f 3692 4003 3934
f 3934 4003 4104
f 3934 4104 3998
f 3998 4104 4152
f 3998 4152 3935
f 3935 4152 4105
f 3935 4105 3693
f 3693 4105 4005
f 3693 4005 3437
f 3437 4005 3625
f 3437 3625 3250
f 3437 3250 3170
f 3170 3250 2767
f 2767 3250 2804
f 2767 2804 2472
f 2767 2472 2470
f 2470 2472 2255
f 2470 2255 2253
f 2253 2255 1895
f 2253 1895 1894
f 1892 2250 1865
f 1865 2250 2219
f 1865 2219 1836
f 2219 2250 2467
f 1836 2219 2087
f 2219 2467 2465
f 2219 2465 2087
f 2087 2465 2328
f 2465 2467 2766
f 2328 2465 2764
f 2764 2465 2766
f 2764 2766 3168
f 2764 3168 3126
f 3126 3168 3381
f 3381 3168 3435
f 1836 2087 1726
f 2328 2764 2712
f 2712 2764 2896
f 2896 2764 3126
f 2896 3126 3381
f 2896 3381 3166
f 3166 3381 3619
f 3619 3381 3692
f 3623 3249 3621
f 3623 3621 3999
f 3166 3619 3430
f 3430 3619 3779
f 3779 3619 3692
f 3779 3692 3934
f 3779 3934 3998
f 3430 3779 3929
f 3929 3779 3998
f 3430 3929 3564
f 3929 3998 3780
f 3929 3780 3564
f 3780 3998 3935
f 3564 3780 3431
f 3623 3999 4003
f 4104 4003 3999
f 3431 3780 3620
f 3431 3620 3167
f 3620 3780 3693
f 3693 3780 3935
f 3167 3620 3382
f 3382 3620 3693
f 3167 3382 2897
f 3382 3693 3437
f 3382 3437 3127
f 3382 3127 2897
f 3127 3437 3170
f 3127 3170 2767
f 2897 3127 2765
f 2765 3127 2767
f 2897 2765 2713
f 2765 2767 2470
f 2713 2765 2466
f 2466 2765 2470
f 2713 2466 2329
f 2466 2470 2253
f 2329 2466 2088
f 2466 2253 2220
f 2466 2220 2088
f 2220 2253 1894
f 2220 1894 1866
f 2220 1866 1837
f 2220 1837 2088
f 2088 1837 1727
f 4152 4104 4210
f 4152 4210 4105
f 4210 4104 4150
f 4150 4104 3999
f 4105 4210 4151
f 4105 4151 4005
f 4150 4205 4210
f 4210 4205 4151
f 4049 3991 4205
f 4205 3991 4103
f 4205 4103 4151
f 4103 3991 3924
f 4151 4103 4001
f 4001 4103 3924
f 4151 4001 4005
f 4001 3924 3622
f 4005 4001 3625
f 3625 4001 3622
f 3924 3991 3676
f 3924 3676 3567
f 3924 3567 3622
f 3622 3567 3214
f 3567 3676 3212
f 3567 3212 3214
f 3212 3676 3090
f 3212 3090 2740
f 3212 2740 3214
f 2740 3090 2618
f 2740 2618 2424
f 2424 2618 2325
s 0
f 2424 2325 2039
s 1
f 2424 2039 2195
f 3214 2740 2804
f 2804 2740 2472
f 3214 2804 3250
f 3214 3250 3625
f 3625 3622 3214
f 1895 2255 1804
f 1804 2255 2195
f 2195 2255 2472
f 2195 2472 2424
f 2424 2472 2740
f 1804 2195 2039
f 3861 3855 3951
f 3951 3855 3854
f 3951 3854 3853
f 3878 3874 3951
f 3878 3951 3882
f 3882 3951 3886
f 3886 3951 3889
f 3951 3853 3860
f 3860 3853 3704
f 3860 3704 3712
f 3712 3704 3510
f 3510 3704 3506
f 3712 3510 3721
f 3712 3721 3860
f 3860 3721 3867
f 3860 3867 3951
f 3514 3518 3721
f 3721 3518 3726
f 3721 3726 3867
f 3726 3518 3522
f 3867 3726 3873
f 3867 3873 3951
f 3726 3522 3730
f 3726 3730 3873
f 3730 3522 3736
f 3873 3730 3877
f 3873 3877 3951
f 3877 3730 3736
f 3951 3877 3881
f 3881 3877 3736
f 3736 3522 3526
f 3951 3881 3885
f 3885 3881 3736
f 3951 3885 3889
f 3889 3885 3741
f 3741 3885 3740
f 3740 3885 3736
f 3740 3736 3526
f 3740 3526 3530
f 3854 3855 3705
f 3705 3855 3861
f 3854 3705 3700
f 3854 3700 3853
f 3853 3700 3704
f 3704 3700 3506
f 3506 3700 3504
f 3504 3700 3705
f 3504 3705 3507
f 3705 3861 3713
f 3507 3705 3511
f 3511 3705 3713
f 3507 3511 3261
f 3507 3261 3257
f 3257 3261 3017
f 3261 3511 3515
f 3261 3515 3265
f 3511 3713 3722
f 3511 3722 3515
f 3722 3713 3861
f 3515 3722 3519
f 3519 3722 3727
f 3727 3722 3874
f 3722 3861 3868
f 3722 3868 3874
f 3868 3861 3951
f 3868 3951 3874
f 3727 3874 3878
f 3727 3878 3731
f 3731 3878 3882
f 3727 3731 3523
f 3727 3523 3519
f 3731 3882 3737
f 3737 3882 3886
f 3737 3886 3742
f 3523 3731 3527
f 3527 3731 3737
f 3523 3527 3275
f 3275 3527 3279
f 3527 3737 3531
f 3527 3531 3279
f 3531 3737 3742
f 3045 3041 3279
f 3045 3279 3283
f 3283 3279 3531
f 3045 3283 3050
f 3531 3742 3534
f 3531 3534 3283
f 3534 3742 3741
f 3283 3534 3288
f 3288 3534 3282
f 3282 3534 3530
f 3515 3519 3265
f 3265 3519 3271
f 3271 3519 3523
f 3271 3523 3275
f 3271 3275 3031
f 3271 3031 3265
f 3031 3275 3037
f 3031 3037 2826
f 3031 2826 2822
f 3031 2822 2816
f 3031 2816 3025
f 3031 3025 3265
f 3265 3025 3261
f 3275 3279 3041
f 3742 3886 3741
f 3741 3886 3889
f 3741 3740 3530
f 3741 3530 3534
f 3530 3526 3278
f 3278 3526 3522
f 3530 3278 3282
f 3282 3278 3040
f 3282 3040 3044
f 3044 3040 2833
f 2833 3040 2829
f 2829 3040 2825
f 2825 3040 3036
f 3036 3040 3278
f 2825 3036 3030
f 3030 3036 3270
f 3036 3278 3274
f 3036 3274 3270
f 3274 3278 3522
f 3270 3274 3518
f 3518 3274 3522
f 3721 3510 3514
f 3518 3514 3270
f 3270 3514 3264
f 3264 3514 3510
f 3270 3264 3030
f 3264 3510 3260
f 3260 3510 3506
f 3030 3264 3024
f 3024 3264 3260
f 3030 3024 2821
f 2821 3024 2815
f 3024 3260 3020
f 3024 3020 2815
f 2815 3020 2811
f 2811 3020 3016
f 3016 3020 3256
f 3030 2821 2825
f 3020 3260 3256
f 3256 3260 3506
f 3256 3506 3254
f 3254 3506 3504
f 3256 3254 3016
f 3016 3254 3014
f 3014 3254 3257
f 3014 3257 3017
f 3016 3014 2807
f 3016 2807 2811
f 2807 3014 2805
f 2805 3014 3017
f 2805 3017 2808
f 3254 3504 3257
f 3257 3504 3507
f 2808 3017 3021
f 2808 3021 2812
f 3021 3017 3261
f 3021 3261 3025
f 3021 3025 2816
f 2812 3021 2816
f 3037 3275 3041
f 3037 3041 2826
f 2826 3041 2830
f 2830 3041 2834
f 2834 3041 3045
f 2834 3045 2837
f 2837 3045 3050
f 2837 3050 2833
f 2833 3050 3044
f 3044 3050 3288
f 3288 3050 3283
f 3044 3288 3282
f 3500 3389 3783
f 3500 3783 4061
f 4061 3783 4162
f 4162 3783 3696
f 3696 3783 3389
f 3696 3389 3322
f 3696 3322 3247
f 3696 3247 3624
f 3247 3322 2900
f 2900 3322 3389
f 3247 2900 2865
f 2867 3389 3500
f 3389 2867 2900
f 2865 2900 2514
f 2867 3500 2477
f 2900 2867 2524
f 2524 2867 2477
f 2900 2524 2522
f 2900 2522 2514
f 2524 2477 2260
f 2524 2260 2522
f 2260 2477 1809
f 1809 2477 1761
f 2522 2260 2258
f 2258 2260 1809
f 2522 2258 2514
f 2258 1809 1805
f 2514 2258 2248
f 2248 2258 1805
f 2248 1805 1838
f 4061 4162 4217
f 4217 4162 4281
f 4217 4281 4282
f 4281 4162 4058
f 4058 4162 3696
f 4058 3696 4008
f 4008 3696 3624
f 4281 4058 4216
f 4216 4058 4008
f 4281 4216 4389
f 4216 4008 4155
f 4389 4216 4341
f 4216 4155 4271
f 4216 4271 4341
f 4282 4281 4389
f 4282 4389 4218
f 4218 4389 4342
f 4218 4342 4059
f 4342 4389 4341
f 4059 4342 4163
f 4342 4341 4278
f 4342 4278 4163
f 4278 4341 4271
f 4278 4271 4211
f 4278 4211 4106
f 4278 4106 4163
f 4106 4211 4057
f 4163 4106 3838
f 3838 4106 3782
f 4163 3838 3501
f 4059 4163 3501
f 4271 4155 4007
f 4007 4155 4008
f 4271 4007 4055
f 4007 4008 3694
f 4271 4055 4010
f 3694 4008 3438
f 4271 4010 4211
f 3438 4008 3624
f 4211 4010 3781
f 3438 3624 3169
f 4211 3781 4057
f 3169 3624 3247
f 4057 3781 3499
f 3169 3247 2801
f 4057 3499 3695
f 2801 3247 2865
f 3695 3499 3215
f 2801 2865 2468
f 3695 3215 3248
f 2468 2865 2514
f 3248 3215 2803
f 2468 2514 2251
f 3248 2803 2866
f 2251 2514 2248
f 2251 2248 1867
f 1867 2248 1838
f 2866 2803 2515
f 2515 2803 2471
f 2515 2471 2249
f 2249 2471 2254
f 2249 2254 1839
f 3501 3838 3440
f 3501 3440 2478
f 2478 3440 2904
f 2478 2904 2525
f 2478 2525 2261
f 2478 2261 1810
f 2478 1810 1762
f 3838 3782 3440
f 4106 4057 3782
f 3782 4057 3695
f 3440 3782 3349
f 3349 3782 3695
f 3440 3349 2904
f 3349 3695 3248
f 2904 3349 2902
f 2902 3349 3248
f 2902 3248 2866
f 2904 2902 2525
f 2902 2866 2515
f 2525 2902 2523
f 2523 2902 2515
f 2525 2523 2261
f 2523 2515 2259
f 2523 2259 2261
f 2261 2259 1810
f 2259 2515 2249
f 1810 2259 1807
f 1807 2259 2249
f 1807 2249 1839
f 1839 2254 1868
f 1868 2254 1840
f 1840 2254 2257
f 2257 2254 2471
f 1840 2257 2222
f 1840 2222 1811
f 2222 2257 2653
f 2257 2471 2474
f 2257 2474 2653
f 2474 2471 2803
f 2653 2474 2769
f 2769 2474 2803
f 2653 2769 3173
f 2769 2803 3216
f 2769 3216 3173
f 3216 2803 3215
f 3173 3216 3439
f 3439 3216 3215
f 3173 3439 3388
f 3439 3215 3499
f 3439 3499 3781
f 3439 3781 3627
f 3388 3439 3627
f 3388 3627 3835
f 3388 3835 3629
f 3629 3835 3936
f 3629 3936 3697
f 3781 4010 3627
f 3835 3627 4010
f 4010 4055 3835
f 3835 4055 3936
f 3936 4055 4007
f 3936 4007 3834
f 3936 3834 3697
f 3697 3834 3628
f 3834 4007 3694
f 3628 3834 3387
f 3834 3694 3626
f 3834 3626 3387
f 3626 3694 3385
f 3626 3385 3387
f 3385 3694 3438
f 3387 3385 3171
f 3171 3385 3438
f 3387 3171 3172
f 3172 3171 2652
f 3438 3169 3171
f 3171 3169 2768
f 3171 2768 2652
f 2768 3169 2801
f 2652 2768 2473
f 2473 2768 2801
f 2473 2801 2468
f 2652 2473 2221
f 2473 2468 2256
f 2473 2256 2221
f 2221 2256 1841
f 1841 2256 1869
f 1869 2256 2251
f 2251 2256 2468
f 1869 2251 1867
f 2933 2934 3498
f 2934 2933 2513
f 2934 2513 2516
f 2516 2513 2040
f 2516 2040 2043
f 2933 3498 2935
f 2933 2935 2518
f 2933 2518 2513
f 2513 2518 2044
f 2513 2044 2040
f 2040 2044 1449
f 2040 1449 1447
f 1449 2044 1452
f 2040 1447 2043
f 2043 1447 1448
f 1452 2044 2046
f 2046 2044 2518
f 1452 2046 1453
f 1453 2046 2042
f 2046 2518 2521
f 2046 2521 2042
f 2521 2518 2935
f 2042 2521 2519
f 2521 2935 2937
f 2521 2937 2519
f 2519 2937 2969
f 2937 2935 3498
f 3436 3384 2969
f 3384 3436 3932
f 3932 3436 4050
f 4050 3436 3498
f 4050 3498 3930
f 3930 3498 3434
f 3930 3434 3383
f 3434 3498 2934
f 3434 2934 2936
f 2936 2934 2516
f 2936 2516 2520
f 2936 2520 2968
f 2520 2516 2043
f 2968 2520 2517
f 2520 2043 2045
f 2520 2045 2517
f 2045 2043 1448
f 2517 2045 2041
f 2045 1448 1450
f 2045 1450 2041
f 2041 1450 1451
f 1453 2042 1482
f 1482 2042 1995
f 1995 2042 2519
f 1995 2519 2464
f 2464 2519 2899
f 2899 2519 2969
f 2899 2969 3497
f 3497 2969 3384
f 3497 3384 3932
f 1482 1995 1513
f 1513 1995 2086
f 2086 1995 2462
f 2462 1995 2464
f 2462 2464 2967
f 2967 2464 2899
f 2967 2899 3497
f 2967 3497 3244
f 3244 3497 3932
f 3244 3932 3573
f 2517 2041 2463
f 2463 2041 1994
f 1994 2041 1451
f 1994 1451 1481
f 2517 2463 2968
f 2968 2463 2898
f 2968 2898 3496
f 1994 1481 1512
f 1994 1512 2085
f 1994 2085 2463
f 2463 2085 2460
f 2463 2460 2966
f 2463 2966 2898
f 2898 2966 3496
f 3496 2966 3243
f 2085 1512 2036
f 2036 1512 1510
f 2085 2036 2460
f 2460 2036 2459
f 2460 2459 2966
f 2966 2459 3012
f 2966 3012 3243
f 3243 3012 3571
f 3571 3012 3685
f 3685 3012 3091
f 3091 3012 2458
f 2035 2458 2459
f 3685 3091 3013
f 3091 2458 2461
f 3091 2461 3013
f 2458 2035 2037
f 2458 2037 2461
f 2037 2035 1511
f 1511 2035 1555
f 2037 1511 1513
f 2037 1513 2086
f 2037 2086 2461
f 2461 2086 2462
f 2461 2462 3013
f 3013 2462 2967
f 3013 2967 3573
f 3013 3573 3685
f 3573 2967 3244
f 3685 3573 4050
f 4050 3573 3932
f 2036 1510 1555
f 2036 1555 2035
f 2036 2035 2459
f 2459 2458 3012
f 2968 3496 3383
f 3383 3496 3930
f 2968 3383 2936
f 2936 3383 3434
f 3496 3243 3930
f 3930 3243 3571
f 3930 3571 3685
f 3930 3685 4050
f 3498 3436 2937
f 2969 2937 3436
f 4393 4226 4223
f 4226 4393 4350
f 4226 4350 4170
f 4170 4350 4228
f 4350 4393 4395
f 4350 4395 4228
f 4507 4393 4391
f 4393 4507 4395
f 4547 4507 4545
f 4507 4547 4395
f 4614 4547 4679
f 4547 4614 4395
f 4395 4614 4681
f 4395 4681 4549
f 4395 4549 4463
f 4285 4228 4395
f 4228 4285 4172
f 4172 4285 4113
f 4113 4285 4230
f 4230 4285 4395
f 4233 4174 4230
f 4233 4230 4352
f 4233 4352 4236
f 4352 4230 4395
f 4236 4352 4354
f 4354 4352 4395
f 4354 4395 4463
f 4463 4549 4399
f 4549 4681 4616
f 4461 4232 4064
f 4913 4972 4830
f 4972 4913 5070
f 5070 4913 5023
f 5070 5023 4972
f 5023 4913 4830
f 4972 5023 5097
f 5023 4830 4936
f 5023 4936 5097
f 5097 4936 5098
f 5098 4936 5068
f 4936 4830 5068
f 4972 5097 5178
f 5178 5097 5221
f 5178 5221 5270
f 5221 5097 5098
f 5221 5098 5177
f 5221 5177 5270
f 5177 5098 5068
f 5177 5068 5176
f 5177 5176 5249
f 704 752 642
f 752 704 795
f 795 704 703
f 795 703 863
f 863 703 747
f 863 747 952
f 952 747 831
f 952 831 991
f 952 991 1217
f 642 752 751
f 751 752 795
f 642 751 750
f 750 751 833
f 751 795 833
f 833 795 863
f 704 642 640
f 704 640 703
f 703 640 577
f 703 577 747
f 747 577 546
f 577 640 639
f 639 640 642
f 639 642 638
f 639 638 578
f 639 578 577
f 577 578 546
f 546 578 547
f 546 547 544
f 544 547 509
f 544 509 634
f 544 634 746
f 638 642 750
f 638 750 749
f 638 749 636
f 638 636 578
f 578 636 547
f 547 636 635
f 749 750 833
f 749 833 864
f 749 864 794
f 749 794 636
f 794 864 994
f 636 794 635
f 794 994 861
f 635 794 702
f 702 794 861
f 864 833 863
f 864 863 952
f 547 635 702
f 547 702 509
f 509 702 634
f 634 702 832
f 634 832 990
f 990 832 1038
f 994 864 952
f 994 952 1218
f 1218 952 1217
f 1218 1217 1559
f 1218 1559 1495
f 1218 1495 1039
f 1218 1039 994
f 994 1039 861
f 702 861 832
f 832 861 1039
f 832 1039 1291
f 832 1291 1038
f 1291 1039 1495
f 1038 1291 1401
f 1291 1495 1623
f 1291 1623 1401
f 1623 1495 1903
f 1401 1623 1820
f 1820 1623 2004
f 1820 2004 2199
f 2199 2004 2411
f 2199 2411 2541
f 2541 2411 2751
f 2751 2411 2783
f 2751 2783 3331
f 2541 2751 2848
f 2751 3331 3904
f 2848 2751 3140
f 3140 2751 3904
f 2848 3140 3139
f 3139 3140 3548
f 3548 3140 3904
f 3548 3904 4306
f 1038 1401 990
f 990 1401 1331
f 746 634 990
f 746 990 1149
f 1149 990 1331
f 1149 1331 1531
f 1903 1495 1559
f 1903 1559 2055
f 1903 2055 2563
f 1903 2563 2359
f 2359 2563 2783
f 2783 2563 3107
f 2783 3107 3751
f 2783 3751 3331
f 1623 1903 2359
f 1623 2359 2004
f 2004 2359 2411
f 2411 2359 2783
f 831 747 546
f 831 546 544
f 831 544 746
f 831 746 991
f 991 746 1430
f 1430 746 1149
f 1531 1331 830
f 830 1331 793
f 793 1331 1401
f 793 1401 633
f 830 793 15
f 15 793 633
f 830 15 5829
f 15 633 5913
f 5829 15 6470
f 15 5913 6636
f 15 6636 6472
f 15 6472 6470
f 6472 6636 7087
f 6472 7087 6470
f 6470 7087 7084
f 7084 7087 7543
f 7543 7087 7590
f 7590 7087 7201
f 7543 7590 7967
f 7543 7967 7936
f 7936 7967 8416
f 7936 8416 8437
f 8437 8416 8806
f 8437 8806 8881
f 8881 8806 9133
f 8881 9133 9213
f 9213 9133 9404
f 931 5829 309
f 309 5829 6236
f 309 6236 6029
f 6029 6236 6370
f 6370 6236 6553
f 6370 6553 6793
f 6370 6793 6635
f 5913 633 6032
f 6032 633 576
f 576 633 1401
f 5913 6032 6636
f 6636 6032 6697
f 6636 6697 7363
f 6636 7363 7201
f 7201 7363 7678
f 6636 7201 7087
f 6236 5829 5951
f 6236 5951 6469
f 6236 6469 6831
f 6236 6831 6553
f 6553 6831 6793
f 6793 6831 7019
f 6793 7019 6904
f 5951 5829 6470
f 5951 6470 6551
f 576 1401 545
f 545 1401 1332
f 576 545 6152
f 6152 545 6110
f 576 6152 6032
f 6152 6110 6372
f 6032 6152 6796
f 6796 6152 6372
f 6796 6372 6946
f 6032 6796 6697
f 6796 6946 7424
f 6697 6796 7334
f 7334 6796 7424
f 6697 7334 7333
f 7334 7424 7743
f 7334 7743 7724
f 7724 7743 8095
f 7724 8095 8134
f 8134 8095 8418
f 8134 8418 8473
f 8473 8418 8624
f 8473 8624 8690
f 8473 8690 8807
f 8690 8624 8773
f 8807 8690 8841
f 8841 8690 8773
f 8841 8773 8843
f 7201 7678 7590
f 7590 7678 8059
f 7590 8059 7967
f 8059 7678 8058
f 8058 7678 7706
f 7706 7678 7363
f 7967 8059 8439
f 7967 8439 8416
f 8416 8439 8882
f 8416 8882 8806
f 8806 8882 9173
f 8806 9173 9133
f 7543 7936 7562
f 7543 7562 7084
f 7084 7562 7636
f 7084 7636 7152
f 7636 7562 8199
f 7562 7936 8026
f 7562 8026 8199
f 8026 7936 8437
f 8199 8026 8685
f 8026 8437 8556
f 8026 8556 8685
f 8556 8437 8881
f 8685 8556 9171
f 8556 8881 9047
f 8556 9047 9171
f 9171 9047 9493
f 9047 8881 9213
f 9493 9047 9403
f 9403 9047 9213
f 9403 9213 9461
f 9403 9461 9572
f 7152 6470 7084
f 6470 7152 6551
f 7636 8199 8367
f 8367 8199 8685
f 8685 9171 9172
f 8685 9172 8767
f 8685 8767 8367
f 9172 9171 9459
f 9459 9171 9493
f 9459 9493 9615
f 9615 9493 9614
f 8767 9172 9048
f 9048 9172 9459
f 8767 9048 8652
f 8767 8652 8367
f 8367 8652 8368
f 9048 9459 9360
f 9360 9459 9615
f 9360 9615 9534
f 9534 9615 9586
f 9586 9615 9648
f 9586 9648 9587
f 9493 9403 9614
f 9614 9403 9572
f 9614 9572 9647
f 9647 9572 9616
f 9647 9616 9587
f 9647 9587 9648
f 9647 9648 9614
f 9614 9648 9615
f 9213 9404 9461
f 9133 9173 9437
f 9133 9437 9404
f 9173 8882 9048
f 9048 8882 8652
f 8652 8882 8472
f 8652 8472 8368
f 9173 9048 9360
f 9173 9360 9437
f 9437 9360 9534
f 9437 9534 9586
f 9437 9586 9536
f 9536 9586 9587
f 9437 9536 9404
f 9404 9536 9535
f 9535 9536 9587
f 9404 9535 9461
f 9535 9587 9573
f 9573 9587 9616
f 9573 9616 9461
f 9535 9573 9461
f 9616 9572 9461
f 8368 8472 8058
f 8368 8058 8371
f 8371 8058 7706
f 8368 8371 8584
f 8584 8371 8883
f 8368 8584 8839
f 8839 8584 8883
f 8883 8371 8620
f 8839 8883 9077
f 8839 9077 9284
f 8371 7706 7968
f 8371 7968 8620
f 7968 7706 7363
f 8620 7968 8372
f 8372 7968 8092
f 8092 7968 7619
f 8839 9284 9112
f 9112 9284 9492
f 9112 9492 9433
f 8839 9112 8536
f 8839 8536 8368
f 8368 8536 8367
f 8367 8536 8952
f 8952 8536 9112
f 8952 9112 9433
f 8952 9433 9311
f 9311 9433 9721
f 9721 9433 9747
f 9721 9747 9935
f 9311 9721 9679
f 9679 9721 9934
f 9679 9934 9959
f 9959 9934 10144
f 9959 10144 10163
f 10163 10144 10276
f 8883 8620 8955
f 8883 8955 9077
f 8955 8620 8739
f 8739 8620 8372
f 9077 8955 9113
f 9077 9113 9284
f 9113 8955 8768
f 8768 8955 8739
f 9113 8768 8920
f 9284 9113 9315
f 9284 9315 9530
f 9284 9530 9492
f 8768 8739 8585
f 8585 8739 8440
f 8440 8739 8441
f 8441 8739 8372
f 8440 8441 8133
f 8133 8441 8372
f 8133 8372 8092
f 8133 8092 7791
f 8440 8133 8256
f 8256 8133 7791
f 8440 8256 8559
f 8256 7791 8508
f 8256 8508 8559
f 8508 7791 8027
f 8027 7791 7546
f 8559 8508 8840
f 7546 7791 7425
f 7546 7425 6800
f 7546 6800 6996
f 8585 8440 8559
f 8559 8840 9134
f 8585 8559 8885
f 8885 8559 9134
f 8585 8885 8954
f 8585 8954 8768
f 8885 9134 9212
f 9212 9134 9460
f 9212 9460 9751
f 9212 9751 9613
f 8954 8885 9212
f 8954 9212 9613
f 8954 9613 9529
f 9529 9613 9936
f 9134 8840 9174
f 9174 8840 8886
f 8886 8840 8508
f 9134 9174 9532
f 9134 9532 9460
f 9460 9532 9751
f 9751 9532 9847
f 9532 9174 9402
f 9532 9402 9847
f 9402 9174 8769
f 9847 9402 9846
f 9847 9846 10146
f 9847 10146 10075
f 8769 9174 8560
f 8560 9174 8886
f 8560 8886 8541
f 8541 8886 8508
f 8560 8541 8304
f 8304 8541 7886
f 8541 8508 8096
f 8541 8096 7886
f 8096 8508 8027
f 8096 8027 7546
f 8096 7546 7467
f 8096 7467 7886
f 7886 7467 7488
f 9846 9402 9243
f 9243 9402 8769
f 9846 9243 9746
f 9846 9746 10146
f 10146 9746 10143
f 10146 10143 10340
f 10146 10340 10328
f 10146 10328 10075
f 9751 9847 10075
f 9751 10075 9988
f 9751 9988 9613
f 9988 10075 10262
f 9988 10262 10204
f 9988 10204 9936
f 9936 10204 10167
f 10204 10262 10342
f 10204 10342 10315
f 10075 10328 10262
f 10262 10328 10406
f 10262 10406 10342
f 10342 10406 10433
f 10342 10433 10392
f 10392 10433 10408
f 10392 10408 10372
f 10392 10372 10315
f 10406 10328 10340
f 10406 10340 10431
f 10431 10340 10327
f 10431 10327 10430
f 10327 10340 10059
f 10059 10340 10143
f 10143 9746 9571
f 9571 9746 9243
f 10143 9571 10059
f 10059 9571 9528
f 10059 9528 9956
f 9528 9571 9019
f 10406 10431 10442
f 10406 10442 10433
f 10433 10442 10408
f 10408 10442 10443
f 10431 10430 10442
f 10442 10430 10443
f 10327 10275 10430
f 10430 10275 10391
f 10430 10391 10443
f 10443 10391 10432
f 10443 10432 10408
f 10275 10327 10059
f 10275 10059 9956
f 10341 10391 10275
f 10341 10275 10230
f 10230 10275 9912
f 9912 10275 9956
f 9912 9956 9529
f 9529 9956 9528
f 9529 9528 8954
f 8954 9528 9019
f 8954 9019 8768
f 10432 10391 10407
f 10432 10407 10408
f 10408 10407 10371
f 10371 10407 10341
f 10371 10341 10314
f 10314 10341 10230
f 10314 10230 10167
f 10407 10391 10341
f 10408 10371 10372
f 10372 10371 10314
f 10372 10314 10315
f 10315 10314 10167
f 10315 10167 10204
f 10392 10315 10342
f 10167 10230 9912
f 10167 9912 9936
f 9936 9912 9529
f 9988 9936 9613
f 9019 9571 9429
f 9429 9571 9719
f 9429 9719 9864
f 9864 9719 10033
f 9864 10033 10295
f 9864 10295 10260
f 10260 10295 10429
f 10260 10429 10390
f 8768 9019 9130
f 9130 9019 9569
f 9569 9019 9429
f 9569 9429 9864
f 9569 9864 9932
f 9932 9864 10294
f 10294 9864 10260
f 10294 10260 10510
f 10510 10260 10482
f 10482 10260 10483
f 10510 10482 10592
f 10592 10482 10483
f 10592 10483 10511
f 10510 10592 10620
f 10620 10592 10733
f 10733 10592 10717
f 10717 10592 10621
f 10733 10717 10809
f 10809 10717 10834
f 10809 10834 10909
f 10909 10834 10807
f 10809 10909 10870
f 10870 10909 10916
f 10916 10909 10936
f 10916 10936 10944
f 10936 10909 10935
f 8768 9130 8920
f 8920 9130 9046
f 9130 9569 9310
f 9310 9569 9932
f 9310 9932 9785
f 9785 9932 10227
f 10227 9932 10294
f 10227 10294 10510
f 10227 10510 10470
f 10470 10510 10620
f 10470 10620 10580
f 10470 10580 10496
f 10580 10620 10671
f 10580 10671 10496
f 10671 10620 10733
f 10496 10671 10578
f 10578 10671 10668
f 10671 10733 10809
f 10671 10809 10744
f 10744 10809 10817
f 10817 10809 10870
f 9113 8920 9170
f 9113 9170 9315
f 9170 8920 9046
f 9315 9170 9530
f 9170 9046 9491
f 9170 9491 9530
f 9491 9046 9431
f 9491 9431 9786
f 9530 9491 9788
f 9788 9491 9786
f 9530 9788 9789
f 9789 9788 9961
f 9788 9786 9987
f 9788 9987 9961
f 9987 9786 10035
f 9987 10035 10199
f 9987 10199 9961
f 9961 10199 10164
f 10164 10199 10276
f 9046 9130 9310
f 9530 9789 9492
f 9492 9789 9747
f 9492 9747 9433
f 9747 9789 9935
f 9935 9789 9961
f 9935 9961 10164
f 9935 10164 10145
f 10145 10164 10276
f 9935 10145 9934
f 9935 9934 9721
f 9934 10145 10144
f 8952 9311 8804
f 8952 8804 8367
f 8804 9311 9280
f 9280 9311 9679
f 9280 9679 9718
f 9718 9679 9986
f 9986 9679 9959
f 9718 9986 9745
f 9745 9986 10034
f 9986 9959 10163
f 9986 10163 10198
f 9280 9718 9745
f 9280 9745 9358
f 9280 9358 8804
f 9358 9745 9786
f 8804 9358 8992
f 9358 9786 9431
f 8992 9358 9046
f 9046 9358 9431
f 10144 10145 10276
f 10198 10163 10276
f 9986 10198 10197
f 10197 10198 10276
f 10197 10276 10196
f 10196 10276 10199
f 10197 10196 10034
f 10196 10199 10035
f 10196 10035 10034
f 10034 10035 9745
f 9745 10035 9786
f 9986 10197 10034
f 8804 8992 8919
f 8804 8919 8734
f 8992 9046 9211
f 8992 9211 8919
f 9211 9046 9401
f 9211 9401 9845
f 9211 9845 9675
f 9211 9675 9356
f 9356 9675 9930
f 9930 9675 10142
f 9930 10142 10427
f 9930 10427 10292
f 10292 10427 10562
f 10292 10562 10480
f 10480 10562 10568
f 10568 10562 10636
f 10354 10191 10292
f 10292 10191 9844
f 10292 9844 9930
f 9930 9844 9356
f 9356 9844 9108
f 9356 9108 8650
f 9108 9844 9609
f 9609 9844 10192
f 8650 9108 9017
f 9017 9108 9609
f 8650 9017 8728
f 8728 9017 9426
f 8650 8728 8469
f 8650 8469 8088
f 9609 10192 10026
f 9609 10026 9742
f 10026 10192 10258
f 10026 10258 9742
f 10258 10192 10338
f 9742 10258 9984
f 9984 10258 10160
f 10160 10258 10353
f 10160 10353 10424
f 10160 10424 10271
f 10271 10424 10351
f 10351 10424 10453
f 10351 10453 10467
f 10351 10467 10422
f 10422 10467 10465
f 9401 9046 9310
f 9401 9310 9845
f 9845 9310 9785
f 9845 9785 10246
f 10246 9785 10227
f 10246 10227 10470
f 10246 10470 10481
f 10481 10470 10559
f 10246 10481 10427
f 10427 10481 10591
f 10427 10591 10562
f 10562 10591 10636
f 10636 10591 10681
f 10636 10681 10705
f 10705 10681 10745
f 10705 10745 10753
f 10753 10745 10766
f 10753 10766 10810
f 8804 8734 8367
f 8919 9211 9109
f 8919 9109 8734
f 8734 9109 9044
f 9044 9109 9357
f 9357 9109 9428
f 8367 8734 8506
f 8506 8734 9044
f 8367 8506 8089
f 8367 8089 7636
f 8506 9044 8879
f 8879 9044 9357
f 7636 8089 7561
f 7636 7561 7152
f 7152 7561 7124
f 7152 7124 6551
f 6551 7124 6432
f 6551 6432 5951
f 5951 6432 5949
f 5949 6432 6402
f 6402 6432 6937
f 6937 6432 6979
f 6937 6979 7394
f 6937 7394 7361
f 7361 7394 7703
f 7361 7703 7676
f 7676 7703 7997
f 7676 7997 7996
f 7996 7997 8332
f 8332 7997 8366
f 8332 8366 8582
f 8332 8582 8580
f 8332 8580 8579
f 8089 8506 7905
f 8089 7905 7561
f 7905 8506 8298
f 8298 8506 8879
f 8298 8879 8732
f 8732 8879 9242
f 8732 9242 9167
f 9167 9242 9611
f 9167 9611 9610
f 9610 9611 9888
f 9610 9888 9931
f 9931 9888 10110
f 9931 10110 10161
f 10161 10110 10261
f 7124 7561 7484
f 7484 7561 7763
f 7763 7561 7905
f 7763 7905 8254
f 7763 8254 8131
f 8131 8254 8414
f 8414 8254 8535
f 8414 8535 8683
f 8414 8683 8651
f 7124 7484 7394
f 7394 7484 7763
f 7394 7763 7703
f 7124 7394 6979
f 7124 6979 6432
f 6937 7361 7465
f 7465 7361 7761
f 7761 7361 7676
f 6937 7465 7047
f 6937 7047 6430
f 6937 6430 6402
f 8131 7703 7763
f 7703 8131 7997
f 7997 8131 8366
f 7676 7996 8087
f 7676 8087 7761
f 8087 7996 8332
f 8087 8332 8392
f 8366 8131 8414
f 8366 8414 8651
f 8366 8651 8582
f 8582 8651 8838
f 8838 8651 8683
f 8582 8838 8580
f 8580 8838 8579
f 8332 8579 8392
f 8838 8683 8730
f 8838 8730 8729
f 8729 8730 8583
f 8583 8730 8683
f 8583 8683 8535
f 8583 8535 8254
f 8583 8254 8395
f 8395 8254 8171
f 8171 8254 7905
f 8171 7905 8088
f 8649 8579 8838
f 8579 8649 8470
f 8579 8470 8392
f 8392 8470 8087
f 8087 8470 8251
f 8087 8251 7761
f 7761 8251 7935
f 7761 7935 7618
f 7761 7618 7465
f 7465 7618 7047
f 8129 7702 7618
f 7618 7702 7261
f 7618 7261 7047
f 7047 7261 6026
f 7047 6026 6430
f 6026 7261 6588
f 8649 8838 8729
f 8649 8729 8555
f 8555 8729 8583
f 8649 8555 8470
f 8470 8555 8251
f 8251 8555 8393
f 8251 8393 8129
f 8251 8129 7935
f 7935 8129 7618
f 8555 8583 8395
f 8393 8555 8395
f 8395 8171 8393
f 8393 8171 8129
f 8171 8088 8129
f 8088 7905 8298
f 8088 8298 8732
f 7702 8129 8088
f 6402 6430 6754
f 6402 6754 6695
f 6695 6754 6975
f 6695 6975 6903
f 6903 6975 7048
f 7048 6975 7079
f 7048 7079 7123
f 5905 6588 6332
f 6332 6588 6753
f 6753 6588 7122
f 7122 6588 7261
f 7122 7261 7393
f 7393 7261 7541
f 7393 7541 7633
f 7633 7541 7759
f 6139 6061 6366
f 6139 6366 6183
f 6183 6366 6429
f 6183 6429 6465
f 6183 6465 6364
f 6465 6429 6692
f 6692 6429 6507
f 6364 6465 6631
f 6631 6465 6692
f 6364 6631 6788
f 6692 6507 6825
f 6364 6788 6629
f 6629 6788 6933
f 6629 6933 6820
f 6692 6825 7119
f 7119 6825 7226
f 7119 7226 7356
f 7356 7226 7440
f 5993 6139 6184
f 6184 6139 6183
f 6184 6183 6203
f 6203 6183 6231
f 5993 6184 6144
f 6144 6184 6287
f 6287 6184 6203
f 6287 6203 6398
f 6398 6203 6231
f 6398 6231 6464
f 6464 6231 6363
f 6464 6363 6630
f 6630 6363 6821
f 6821 6363 6628
f 6144 6287 6632
f 6632 6287 6398
f 6632 6398 6693
f 6632 6693 6902
f 6693 6398 6789
f 6789 6398 6464
f 6789 6464 6630
f 6902 6693 7016
f 6902 7016 7227
f 7227 7016 7330
f 7227 7330 7441
f 7227 7441 7558
f 7558 7441 7701
f 7558 7701 7788
f 7788 7701 8085
f 6693 6789 7016
f 7016 6789 7330
f 6231 6183 6364
f 6231 6364 6363
f 6363 6364 6628
f 6628 6364 6629
f 6628 6629 6820
f 6628 6820 6865
f 6865 6820 7014
f 7014 6820 7015
f 7014 7015 7074
f 6789 6630 6822
f 6822 6630 6821
f 6822 6821 6973
f 6789 6822 6823
f 6822 6973 6934
f 6822 6934 6823
f 6934 6973 7077
f 6934 7077 7045
f 7045 7077 7076
f 7076 7077 7117
f 6973 6821 6972
f 6973 6972 7077
f 7077 6972 7075
f 7077 7075 7117
f 7117 7075 7074
f 6972 6821 6865
f 6865 6821 6628
f 6972 6865 7075
f 7075 6865 7014
f 7075 7014 7074
f 7117 7074 7076
f 7076 7074 7044
f 7044 7074 7015
f 7076 7044 6933
f 6933 7044 7015
f 6933 7015 6820
f 7076 6933 7045
f 7045 6933 6934
f 6934 6933 6788
f 6934 6788 6823
f 6823 6788 6631
f 6823 6631 6692
f 6429 6366 6507
f 6507 6366 6713
f 6507 6713 6825
f 6825 6713 7121
f 6825 7121 7226
f 7226 7121 7392
f 7226 7392 7440
f 7440 7392 7611
f 7119 6823 6692
f 6823 7119 7147
f 7147 7119 7389
f 7389 7119 7356
f 7389 7356 7557
f 7557 7356 7535
f 7557 7535 7654
f 7654 7535 7657
f 6823 7147 6789
f 6789 7147 7258
f 7258 7147 7389
f 7258 7389 7481
f 7481 7389 7557
f 7481 7557 7653
f 7653 7557 7654
f 7653 7654 7699
f 7481 7653 7581
f 7481 7581 7330
f 6789 7258 7330
f 7258 7481 7330
f 7535 7356 7440
f 7535 7440 7582
f 7535 7582 7657
f 7654 7657 7700
f 7700 7657 7658
f 7654 7700 7699
f 7657 7582 7658
f 7582 7440 7611
f 7582 7611 7670
f 7582 7670 7658
f 7658 7670 7719
f 7658 7719 7700
f 7700 7719 7738
f 7738 7719 7670
f 7738 7670 7737
f 7737 7670 7611
f 7700 7738 7699
f 7738 7737 7699
f 7699 7737 7653
f 7653 7737 7581
f 7673 7611 7392
f 7611 7673 7737
f 7541 7261 7702
f 7541 7702 7759
f 7759 7702 7995
f 7633 7759 7934
f 7633 7934 7825
f 7825 7934 7994
f 7994 7934 8057
f 7994 8057 8127
f 8127 8057 8197
f 8127 8197 8250
f 7934 7759 8128
f 8128 7759 7995
f 7934 8128 8057
f 8057 8128 8198
f 8057 8198 8197
f 8197 8198 8249
f 8197 8249 8250
f 8126 7673 7880
f 8126 7880 8023
f 8126 8023 8196
f 8196 8023 8167
f 8196 8167 8248
f 7673 8126 7902
f 7902 8126 8125
f 7673 7902 7737
f 8167 8250 8248
f 8250 8249 8292
f 8292 8249 8198
f 8292 8198 8291
f 8291 8198 8128
f 8291 8128 8225
f 8225 8128 7995
f 8250 8292 8248
f 8248 8292 8291
f 8248 8291 8196
f 8196 8291 8225
f 8196 8225 8126
f 8225 7995 8435
f 8225 8435 8365
f 8225 8365 8126
f 8126 8365 8362
f 8435 7995 8294
f 8435 8294 8679
f 8435 8679 8835
f 8679 8294 8533
f 8835 8679 8950
f 8679 8533 8800
f 8679 8800 8950
f 8365 8435 8578
f 8365 8578 8362
f 8362 8578 8989
f 8362 8989 8726
f 8726 8989 9395
f 8726 9395 9165
f 9165 9395 9741
f 9165 9741 9583
f 9583 9741 9906
f 9583 9906 9817
f 9817 9906 9982
f 9817 9982 9927
f 9927 9982 10023
f 10023 9982 10056
f 8578 8435 8799
f 8578 8799 9309
f 8578 9309 8989
f 8989 9309 9674
f 8989 9674 9395
f 9395 9674 9741
f 9741 9674 9907
f 9741 9907 10024
f 9741 10024 9906
f 9906 10024 9982
f 9982 10024 10071
f 9982 10071 10056
f 10056 10071 10070
f 10056 10070 10068
f 8294 7995 8024
f 8024 7995 7702
f 8024 7702 8088
f 8024 8088 8331
f 8024 8331 8296
f 8296 8331 8503
f 8296 8503 8680
f 8296 8680 8534
f 8534 8680 8763
f 8763 8680 8878
f 8763 8878 9074
f 8763 9074 9043
f 9043 9074 9240
f 8799 8435 8835
f 8799 8835 9104
f 8799 9104 9309
f 9309 9104 9425
f 9309 9425 9608
f 8294 8024 8296
f 8294 8296 8534
f 8533 8294 8534
f 8533 8534 8800
f 8800 8534 8763
f 8800 8763 9043
f 8800 9043 9073
f 9073 9043 9240
f 8503 8331 8469
f 8469 8331 8088
f 8503 8469 8728
f 8503 8728 8680
f 8878 8680 8836
f 8836 8680 8728
f 8836 8728 8835
f 8836 8835 8950
f 8878 8836 8990
f 8878 8990 9074
f 9074 8990 9106
f 9240 9074 9106
f 9240 9106 9105
f 9105 9106 8990
f 9105 8990 8950
f 8950 8990 8836
f 9240 9105 9073
f 9073 9105 8800
f 8800 9105 8950
f 8835 8728 9210
f 8835 9210 9104
f 9104 9210 9425
f 9425 9210 9525
f 9425 9525 9781
f 9425 9781 9743
f 9210 8728 9426
f 9017 9609 9426
f 9426 9609 9716
f 9426 9716 9210
f 9210 9716 9525
f 9525 9716 9781
f 9781 9716 9908
f 9781 9908 10030
f 9781 10030 9954
f 9716 9609 9863
f 9716 9863 10028
f 9716 10028 9908
f 9908 10028 10030
f 10030 10028 10109
f 9781 9954 9743
f 9843 10028 9863
f 10028 9843 9985
f 10028 9985 10108
f 10028 10108 10109
f 10108 9985 9861
f 9843 9863 9609
f 9954 10030 10140
f 10140 10030 10109
f 9743 9954 9953
f 9953 9954 10140
f 9743 9953 9861
f 9743 9861 9425
f 9425 9861 9608
f 9861 9953 10027
f 9861 10027 10108
f 10027 9953 10140
f 10027 10140 10108
f 10140 10109 10108
f 9985 9843 9861
f 9861 9843 9608
f 9608 9843 9309
f 9309 9843 9742
f 9742 9843 9609
f 10338 10192 10191
f 10191 10192 9844
f 10338 10191 10354
f 10338 10354 10403
f 10403 10354 10369
f 10403 10369 10423
f 10258 10338 10403
f 10258 10403 10353
f 10353 10403 10424
f 10424 10403 10423
f 9742 9984 9489
f 9489 9984 9860
f 9860 9984 10160
f 9860 10160 10073
f 10073 10160 10244
f 10244 10160 10271
f 10244 10271 10351
f 10244 10351 10323
f 10323 10351 10401
f 10401 10351 10422
f 10401 10422 10465
f 9742 9489 9309
f 10073 10244 10423
f 10423 10244 10323
f 10073 10423 10369
f 10423 10323 10452
f 10073 10369 9860
f 10452 10323 10401
f 10452 10401 10466
f 10466 10401 10465
f 9860 10369 10257
f 9860 10257 9489
f 9489 10257 9887
f 9489 9887 8798
f 10369 10354 10257
f 10424 10423 10453
f 10453 10423 10452
f 10467 10453 10452
f 10467 10452 10466
f 10467 10466 10465
f 9862 9887 10257
f 9862 10257 10189
f 10189 10257 10352
f 10352 10257 10402
f 10352 10402 10491
f 10491 10402 10519
f 10491 10519 10576
f 10491 10576 10554
f 10554 10576 10602
f 10602 10576 10603
f 10602 10603 10665
f 9887 9862 8798
f 9489 8798 8947
f 9489 8947 9841
f 9489 9841 9309
f 9309 9841 9674
f 9674 9841 9983
f 9674 9983 9907
f 9907 9983 10024
f 10024 9983 10072
f 9841 8947 9523
f 9841 9523 9840
f 9841 9840 9983
f 9983 9840 10072
f 10072 9840 9952
f 9523 8947 8612
f 8612 8947 8085
f 8085 8947 8288
f 8085 8288 7788
f 7788 8288 7558
f 8362 8726 8612
f 8362 8612 8085
f 8612 8726 9207
f 9207 8726 9165
f 9207 9165 9606
f 9606 9165 9583
f 9606 9583 9839
f 9839 9583 9817
f 9839 9817 9927
f 9839 9927 9926
f 9926 9927 10023
f 9926 10023 10022
f 10022 10023 10068
f 8612 9207 9523
f 9523 9207 9840
f 9840 9207 9606
f 9606 9839 9840
f 9840 9839 9952
f 9952 9839 10057
f 10057 9839 9926
f 10072 9952 10057
f 10072 10057 10102
f 10102 10057 10069
f 10024 10072 10071
f 10071 10072 10102
f 10071 10102 10070
f 10070 10102 10099
f 10070 10099 10068
f 10102 10069 10099
f 10099 10069 10068
f 10068 10069 10022
f 10022 10069 10057
f 10056 10068 10023
f 10022 10057 9926
f 5232 4918 5252
f 5252 4918 5251
f 5251 4918 5037
f 5232 5252 5331
f 5232 5331 5315
f 5232 5315 5156
f 5156 5315 5255
f 5252 5251 5328
f 5252 5328 5331
f 5328 5251 5310
f 5310 5251 5228
f 5310 5228 5183
f 5228 5251 5037
f 5183 5228 5035
f 5035 5228 5037
f 5331 5328 5330
f 5330 5328 5312
f 5331 5330 5314
f 5312 5328 5310
f 5331 5314 5315
f 5312 5310 5302
f 5315 5314 5254
f 5302 5310 5250
f 5315 5254 5255
f 5250 5310 5271
f 5255 5254 5112
f 5250 5271 5225
f 5112 5254 5110
f 5250 5225 5226
f 5226 5225 5147
f 5226 5147 5148
f 5148 5147 5102
f 5112 5110 4948
f 4948 5110 4986
f 4986 5110 5075
f 4948 4986 4791
f 4791 4986 4841
f 4791 4841 4703
f 4791 4703 4515
f 4703 4841 4699
f 4703 4699 4632
f 4632 4699 4691
f 5314 5330 5186
f 5314 5186 5075
f 5314 5075 5254
f 5254 5075 5110
f 5186 5330 5230
f 5186 5230 4919
f 4919 5230 4945
f 5230 5330 5312
f 5230 5312 5185
f 5185 5312 5302
f 5185 5302 5184
f 5184 5302 5150
f 5150 5302 5250
f 5186 4919 4842
f 5186 4842 5075
f 5075 4842 4705
f 5075 4705 4878
f 4945 5230 5185
f 4945 5185 4982
f 4982 5185 5184
f 4982 5184 4981
f 4981 5184 5150
f 4981 5150 4980
f 4980 5150 5033
f 5033 5150 5108
f 5033 5108 5031
f 5031 5108 5107
f 5031 5107 5102
f 4842 4919 4793
f 4842 4793 4638
f 4638 4793 4476
f 4476 4793 4520
f 4793 4919 4945
f 4520 4793 4517
f 4793 4945 4838
f 4838 4945 4876
f 4876 4945 4982
f 4876 4982 4917
f 4917 4982 4981
f 4517 4793 4637
f 4637 4793 4918
f 4517 4637 4410
f 4989 5255 5112
f 5255 4989 5156
f 4989 5112 4845
f 4845 5112 4921
f 4921 5112 4948
f 4845 4921 4707
f 4707 4921 4948
f 4707 4948 4791
f 4707 4791 4515
f 5156 4989 5077
f 4989 4845 5077
f 5077 4845 4880
f 4880 4845 4707
f 5077 4880 4881
f 4881 4880 4707
f 5077 4881 5044
f 5077 5044 5193
f 5077 5193 5156
f 5193 5044 5194
f 5194 5044 5195
f 5156 5193 5233
f 5233 5193 5194
f 5156 5233 5232
f 5194 5195 5235
f 5194 5235 5233
f 5235 5195 5197
f 5235 5197 5198
f 5235 5198 5158
f 5233 5235 5191
f 5191 5235 5158
f 5233 5191 5232
f 5191 5158 5155
f 5191 5155 5232
f 5232 5155 5189
f 4986 5075 4878
f 4986 4878 4841
f 4841 4878 4634
f 4634 4878 4705
f 4841 4634 4566
f 4841 4566 4699
f 4699 4566 4691
f 4924 4881 4707
f 4924 4707 4751
f 4751 4707 4515
f 4881 4924 5044
f 5044 4924 5113
f 5044 5113 5283
f 5044 5283 5195
f 5195 5283 5316
f 4566 4634 4565
f 4565 4634 4365
f 4365 4634 4705
f 4703 4632 4693
f 4703 4693 4631
f 4703 4631 4633
f 4515 4703 4633
f 4633 4631 4697
f 4697 4631 4692
f 4633 4697 4515
f 4515 4697 4635
f 4635 4697 4701
f 4697 4692 4694
f 4924 4751 4797
f 4924 4797 4950
f 4924 4950 5113
f 5113 4950 5283
f 5283 4950 5115
f 5283 5115 5316
f 5115 4950 4711
f 5115 4711 4849
f 4751 4515 4640
f 4751 4640 4797
f 4640 4515 4475
f 4640 4475 4415
f 4640 4415 4797
f 4797 4415 4522
f 4797 4522 4711
f 4797 4711 4950
f 5316 5115 5201
f 5201 5115 4849
f 5316 5201 5317
f 5317 5201 5199
f 5317 5199 5161
f 5317 5161 5280
f 5280 5161 5196
f 5196 5161 5045
f 5196 5045 5043
f 5043 5045 4926
f 4849 4711 4571
f 4571 4711 4522
f 4849 4571 4644
f 4849 4644 4712
f 4849 4712 4888
f 4888 4712 4799
f 4888 4799 4887
f 4571 4522 4643
f 4643 4522 4482
f 4571 4643 4753
f 4753 4643 4482
f 4753 4482 4483
f 4753 4483 4800
f 4753 4800 4712
f 4800 4483 4485
f 4800 4485 4714
f 4714 4485 4306
f 4644 4571 4753
f 4644 4753 4712
f 4888 5201 4849
f 5201 4888 5199
f 5199 4888 4887
f 5199 4887 5161
f 5161 4887 4886
f 5161 4886 5045
f 5045 4886 4798
f 4887 4799 4885
f 4887 4885 4886
f 4886 4885 4848
f 4799 4712 4524
f 4799 4524 4572
f 4572 4524 4188
f 4572 4188 4303
f 4303 4188 3593
f 4799 4572 4885
f 4885 4572 4847
f 4847 4572 4303
f 4885 4847 5078
f 5078 4847 4988
f 4485 4483 3903
f 4485 3903 4306
f 4306 3903 3548
f 3548 3903 3139
f 3139 3903 3460
f 3903 4483 4090
f 3903 4090 3460
f 4090 4483 4482
f 3460 4090 3820
f 3820 4090 3970
f 4714 4306 4372
f 4372 4306 3904
f 4372 3904 3751
f 3751 3904 3331
f 1401 1820 1332
f 1332 1820 1771
f 1771 1820 2201
f 2201 1820 2199
f 2201 2199 2564
f 2564 2199 2541
f 2564 2541 2848
f 2564 2848 2877
f 2877 2848 3139
f 2877 3139 3229
f 1771 2201 2060
f 2060 2201 2564
f 1771 2060 1562
f 1771 1562 1332
f 1332 1562 1151
f 1332 1151 637
f 1332 637 748
f 748 637 223
f 748 223 545
f 223 637 190
f 223 190 5996
f 223 5996 6033
f 6033 5996 6262
f 6033 6262 6336
f 6336 6262 6512
f 2060 2564 2441
f 2060 2441 2179
f 2441 2564 2849
f 2441 2849 2179
f 2849 2564 2877
f 2179 2849 2633
f 2849 2877 3229
f 2633 2849 3069
f 3069 2849 3229
f 3069 3229 3412
f 3069 3412 2985
f 3412 3229 3547
f 3069 2985 2699
f 3547 3229 3139
f 3547 3139 3460
f 3547 3460 3820
f 2699 2985 2602
f 2699 2602 2206
f 2699 2206 2341
f 2341 2206 1979
f 1979 2206 1877
f 1979 1877 1656
f 1656 1877 1592
f 1656 1592 1464
f 1464 1592 1406
f 1464 1406 1338
f 1464 1338 1337
f 1337 1338 1223
f 2060 2179 1688
f 2060 1688 1562
f 1562 1688 1292
f 1292 1688 1433
f 1433 1688 1941
f 1292 1433 1040
f 1292 1040 548
f 1292 548 865
f 865 548 410
f 865 410 1151
f 1151 410 637
f 410 548 191
f 191 548 6034
f 637 410 17
f 17 410 191
f 191 6034 5994
f 5994 6034 6592
f 5994 6592 6555
f 6555 6592 7125
f 7125 6592 7179
f 17 191 5957
f 17 5957 6210
f 17 6210 6068
f 190 637 17
f 190 17 6068
f 190 6068 5996
f 1562 1292 1151
f 1151 1292 865
f 1688 2179 1941
f 1332 748 545
f 5996 6068 6292
f 5996 6292 6262
f 6262 6292 6513
f 6262 6513 6512
f 6512 6513 6672
f 6512 6672 6673
f 6673 6672 6801
f 6512 6673 6557
f 6512 6557 6336
f 6292 6068 6210
f 6292 6210 6404
f 6292 6404 6593
f 6292 6593 6513
f 6513 6593 6726
f 6513 6726 6672
f 6672 6726 6801
f 5994 5957 191
f 5957 5994 6210
f 6210 5994 6291
f 223 6033 6188
f 6188 6033 6336
f 223 6188 16
f 223 16 545
f 545 16 6110
f 6110 16 6290
f 6290 16 6188
f 6290 6188 6556
f 6110 6290 6291
f 6110 6291 5994
f 6291 6290 6511
f 6511 6290 6556
f 6511 6556 6700
f 6700 6556 6725
f 6700 6725 6761
f 6761 6725 6799
f 6761 6799 6801
f 6291 6511 6210
f 6210 6511 6404
f 6404 6511 6700
f 6404 6700 6593
f 6593 6700 6726
f 6726 6700 6761
f 6726 6761 6801
f 6556 6188 6438
f 6438 6188 6336
f 6438 6336 6671
f 6671 6336 6557
f 6110 5994 6555
f 6110 6555 6372
f 6372 6555 6946
f 6946 6555 7125
f 6946 7125 7513
f 6557 6673 6727
f 6727 6673 6801
f 6727 6801 6762
f 6727 6762 6557
f 6557 6762 6671
f 6762 6801 6799
f 6762 6799 6671
f 6671 6799 6725
f 6671 6725 6438
f 6438 6725 6556
f 5189 4918 5232
f 4918 5189 4944
f 4918 4944 4744
f 4744 4944 4688
f 4744 4688 4404
f 4404 4688 4126
f 4126 4688 4297
f 4126 4297 4031
f 4126 4031 3895
f 3895 4031 3746
f 3895 3746 3644
f 3644 3746 3582
f 4944 5189 5155
f 4944 5155 4946
f 4944 4946 4630
f 4944 4630 4688
f 4688 4630 4298
f 4688 4298 4297
f 4297 4298 4031
f 4031 4298 3957
f 4031 3957 3747
f 4031 3747 3746
f 5197 5195 5279
f 5197 5279 5257
f 5197 5257 5198
f 5198 5257 5236
f 5198 5236 5078
f 5078 5236 5159
f 5279 5195 5316
f 5279 5316 5317
f 5257 5279 5317
f 5257 5317 5236
f 5236 5317 5280
f 5236 5280 5159
f 5159 5280 5196
f 5159 5196 5043
f 5159 5043 4990
f 4990 5043 4846
f 4990 4846 4795
f 4795 4846 4412
f 4412 4846 4474
f 4412 4474 4033
f 4412 4033 3962
f 3962 4033 3454
f 3454 4033 3455
f 3454 3455 3059
f 4886 4848 4798
f 4798 4848 4710
f 4710 4848 4709
f 4710 4709 4480
f 4480 4709 4478
f 4480 4478 4186
f 4186 4478 4185
f 4186 4185 3814
f 3814 4185 3813
f 3814 3813 3363
f 3814 3363 3409
f 3409 3363 2980
f 3409 2980 3061
f 4848 4885 5078
f 4848 5078 5159
f 4848 5159 4990
f 5158 5042 5155
f 5042 4748 5155
f 5155 4748 4946
f 4946 4748 4630
f 4630 4748 4406
f 4630 4406 4298
f 4298 4406 4081
f 4298 4081 3809
f 4298 3809 3957
f 3957 3809 3747
f 3747 3809 3585
f 3747 3585 3582
f 4406 4748 4183
f 4406 4183 4081
f 4081 4183 3810
f 3810 4183 3587
f 4081 3810 3809
f 3809 3810 3538
f 3810 3587 3451
f 3810 3451 3538
f 3538 3451 3448
f 3448 3451 3449
f 3448 3449 3582
f 3809 3538 3448
f 3809 3448 3585
f 3585 3448 3582
f 3746 3747 3582
f 3644 3582 3536
f 3536 3582 3449
f 3644 3536 3895
f 3536 3449 3649
f 3536 3649 3895
f 3649 3449 3451
f 3895 3649 3897
f 3897 3649 3451
f 3897 3451 3587
f 3897 3587 4032
f 3895 3897 4126
f 4126 3897 4129
f 4126 4129 4404
f 4404 4129 4744
f 4744 4129 4410
f 4744 4410 4637
f 4744 4637 4918
f 3897 4032 4129
f 4129 4032 4410
f 4410 4032 4300
f 4410 4300 4517
f 3408 3135 3651
f 4300 3964 4247
f 4247 3964 3651
f 4247 3651 4130
f 4130 3651 3965
f 4130 3965 4184
f 4247 4130 4517
f 4517 4130 4520
f 4300 4247 4517
f 4184 3961 4083
f 4184 4083 4084
f 4184 4084 4242
f 4184 4242 4244
f 4130 4184 4520
f 4520 4184 4476
f 4476 4184 4411
f 4411 4184 4244
f 4411 4244 4364
f 4411 4364 4365
f 4411 4365 4471
f 4411 4471 4638
f 4471 4365 4705
f 4471 4705 4842
f 4471 4842 4638
f 4411 4638 4476
f 4918 4793 4838
f 4918 4838 5037
f 5037 4838 4876
f 5037 4876 5035
f 5035 4876 4917
f 5035 4917 5034
f 5034 4917 4942
f 5034 4942 5032
f 5032 4942 4978
f 5032 4978 5030
f 5032 5030 5071
f 5035 5034 5183
f 5183 5034 5149
f 5149 5034 5032
f 5149 5032 5071
f 5149 5071 5106
f 5106 5071 5102
f 4917 4981 4942
f 4942 4981 4980
f 4942 4980 5033
f 4942 5033 4978
f 4978 5033 5030
f 5271 5310 5183
f 5271 5183 5149
f 5271 5149 5225
f 5225 5149 5147
f 5147 5149 5106
f 5147 5106 5102
f 5150 5250 5226
f 5150 5226 5108
f 5108 5226 5148
f 5108 5148 5107
f 5107 5148 5102
f 5031 5102 5030
f 5031 5030 5033
f 5030 5102 5071
f 3059 3060 2687
f 2687 3060 3062
f 3060 3059 3455
f 3060 3455 3062
f 3062 3455 3457
f 3457 3455 4033
f 3457 4033 3963
f 3963 4033 4367
f 4367 4033 4474
f 4367 4474 4846
f 4367 4846 4708
f 4708 4846 4926
f 4926 4846 5043
f 2687 3062 3061
f 3061 3062 3457
f 3061 3457 3409
f 3409 3457 3963
f 3409 3963 3814
f 3059 2687 2980
f 3059 2980 3363
f 2980 2687 3061
f 3454 3059 3363
f 3454 3363 3962
f 3962 3363 3813
f 3814 3963 4367
f 3814 4367 4186
f 4186 4367 4708
f 4186 4708 4480
f 4480 4708 4710
f 4710 4708 4926
f 4710 4926 4798
f 4798 4926 5045
f 3962 3813 4185
f 3962 4185 4412
f 4185 4478 4412
f 4412 4478 4795
f 4795 4478 4709
f 4795 4709 4990
f 4990 4709 4848
f 740 5949 103
f 103 5949 6402
f 103 6402 6186
f 6186 6402 6508
f 6508 6402 6695
f 6508 6695 6755
f 6755 6695 6903
f 6755 6903 6977
f 6977 6903 7048
f 6977 7048 7123
f 6367 6755 6694
f 6694 6755 6936
f 6936 6755 6977
f 6936 6977 7123
f 6694 6936 6714
f 6714 6936 6976
f 6976 6936 7123
f 6714 6976 7046
f 7046 6976 7123
f 6714 7046 6826
f 7123 7079 7046
f 6235 6064 6550
f 6431 6235 6550
f 6550 5950 6333
f 443 356 987
f 6334 6369 6635
f 6334 6635 6634
f 6634 6635 6792
f 6792 6635 6758
f 6792 6758 6872
f 6469 5951 5949
f 6469 5949 6431
f 6469 6431 6831
f 6831 6431 6829
f 6831 6829 7051
f 6831 7051 7019
f 6829 6431 6550
f 6830 6550 6334
f 6830 6334 6634
f 6830 6634 6792
f 6830 6792 6939
f 6939 6792 6981
f 6981 6792 6871
f 6981 6871 6942
f 6942 6871 6905
f 6942 6905 6910
f 6905 6871 6873
f 6905 6873 6910
f 6550 6830 6829
f 6829 6830 7051
f 7051 6830 6939
f 7051 6939 7085
f 6904 6635 6793
f 7019 7051 7086
f 7019 7086 6904
f 6904 7086 6940
f 6940 7086 7053
f 6904 6940 6758
f 6758 6940 6872
f 6904 6758 6635
f 7086 7051 7085
f 7086 7085 7052
f 7052 7085 6939
f 7086 7052 7053
f 7053 7052 6984
f 6984 7052 6983
f 6940 7053 6984
f 6872 6940 6906
f 6872 6906 6873
f 6873 6906 6910
f 6872 6873 6871
f 6872 6871 6792
f 6906 6940 6984
f 6939 6981 7052
f 6906 6984 6910
f 6981 6942 6983
f 6983 6942 6910
f 6983 6910 6984
f 6981 6983 7052
f 3893 4025 4078
f 4078 4025 4121
f 3893 4078 3646
f 3893 3646 3643
f 3893 3643 4025
f 4121 4029 4078
f 4121 4025 4180
f 4180 4025 4178
f 4178 4025 3641
f 3641 4025 3643
f 4121 4180 4293
f 4121 4293 4238
f 4121 4238 4123
f 4180 4178 4293
f 4123 4238 4240
f 4240 4238 4293
f 4240 4293 4362
f 4362 4293 4401
f 4401 4293 4178
f 4401 4178 4557
f 4401 4557 4560
f 4557 4178 3641
f 4401 4560 4362
f 4362 4560 4467
f 4362 4467 4469
f 4560 4557 4562
f 4560 4562 4512
f 4467 4560 4512
f 4469 4467 4512
f 2621 3641 3096
f 3096 3641 3284
f 2621 3096 3046
f 3046 3096 3284
f 3046 3284 3052
f 3052 3284 3406
f 3406 3284 3641
f 3406 3641 3583
f 3406 3583 3323
f 3052 3406 3219
f 3583 3641 3643
f 3583 3643 3357
f 3583 3357 3323
f 3323 3357 3221
f 3406 3323 3219
f 3219 3323 3221
f 4840 4701 4697
f 4840 4697 4839
f 4839 4697 4694
f 4839 4694 4837
f 4837 4694 4745
f 4839 4837 5038
f 4839 5038 5039
f 5039 5038 5274
f 5274 5038 5253
f 5274 5253 5397
f 5397 5253 5364
f 5397 5364 5445
f 5397 5445 5494
f 5494 5445 5578
f 5578 5445 5512
f 5578 5512 5621
f 5621 5512 5534
f 5621 5534 5533
f 5621 5533 5594
f 5594 5533 5511
f 5594 5511 5561
f 5561 5511 5491
f 5491 5511 5459
f 5491 5459 5408
f 4515 4635 4706
f 4515 4706 4568
f 4568 4706 4796
f 4796 4706 4882
f 4796 4882 4992
f 4992 4882 4991
f 4635 4701 4749
f 4635 4749 4792
f 4792 4749 4922
f 4792 4922 4949
f 4949 4922 5157
f 4949 5157 5160
f 5160 5157 5303
f 5160 5303 5281
f 5281 5303 5353
f 5353 5303 5351
f 5303 5157 5256
f 5256 5157 5076
f 5303 5256 5278
f 5303 5278 5351
f 5351 5278 5277
f 5351 5277 5380
f 5380 5277 5192
f 5380 5192 5350
f 4701 4840 4790
f 4790 4840 4985
f 4701 4790 4749
f 4749 4790 4922
f 4635 4792 4706
f 4706 4792 4949
f 4706 4949 4882
f 4882 4949 4991
f 4991 4949 5160
f 4991 5160 5114
f 4922 4790 4987
f 4922 4987 5076
f 5076 4987 5190
f 5190 4987 5231
f 5190 5231 5332
f 5332 5231 5365
f 4987 4790 4985
f 4987 4985 5231
f 4985 4840 5041
f 4985 5041 5276
f 4985 5276 5231
f 5231 5276 5365
f 5365 5276 5398
f 5041 4840 4839
f 5041 4839 5039
f 5041 5039 5276
f 5276 5039 5274
f 5276 5274 5397
f 5276 5397 5398
f 5398 5397 5494
f 5076 5190 5256
f 5256 5190 5332
f 5256 5332 5349
f 5349 5332 5424
f 5349 5424 5379
f 5424 5332 5365
f 5379 5424 5497
f 5497 5424 5465
f 5465 5424 5365
f 5497 5465 5536
f 5465 5365 5496
f 5465 5496 5536
f 5496 5365 5398
f 5536 5496 5579
f 5496 5398 5494
f 5579 5496 5578
f 5578 5496 5494
f 4922 5076 5157
f 5160 5281 5114
f 5114 5281 5353
f 5114 5353 5200
f 5114 5200 4995
f 5200 5353 5237
f 5237 5353 5381
f 5237 5381 5163
f 4991 5114 4994
f 4992 4991 4994
f 4992 4994 5162
f 4796 4992 4884
f 4884 4992 5162
f 4884 5162 4996
f 4884 4996 4647
f 4884 4647 4642
f 4884 4642 4796
f 4796 4642 4641
f 4796 4641 4568
f 4515 4568 4475
f 4568 4641 4301
f 4301 4641 4248
f 4248 4641 4642
f 4248 4642 4089
f 4089 4642 4647
f 4089 4647 3821
f 3821 4647 4527
f 3821 4527 3595
f 3595 4527 4418
f 3595 4418 3413
f 4475 4568 4413
f 4413 4568 4301
f 4475 4413 4416
f 4475 4416 4521
f 4521 4416 4481
f 4521 4481 4570
f 4570 4481 4525
f 4570 4525 4645
f 4645 4525 4713
f 4713 4525 4573
f 4713 4573 4529
f 4713 4529 4715
f 4715 4529 4308
f 4715 4308 4530
f 4413 4301 4187
f 4187 4301 4088
f 4413 4187 4416
f 4416 4187 4132
f 4416 4132 4481
f 4481 4132 4133
f 4481 4133 4525
f 4133 4132 3970
f 4133 3970 4134
f 4301 4248 4088
f 4088 4248 3819
f 3819 4248 4089
f 3819 4089 3546
f 3546 4089 3821
f 3546 3821 3330
f 3330 3821 3595
f 3330 3595 3413
f 3330 3413 3183
f 4475 4521 4415
f 4415 4521 4417
f 4417 4521 4570
f 4417 4570 4645
f 4417 4645 4482
f 4482 4645 4484
f 4484 4645 4713
f 4484 4713 4715
f 4484 4715 4486
f 4486 4715 4307
f 4307 4715 4530
f 4307 4530 4039
f 4039 4530 4190
f 4039 4190 3653
f 4039 3653 3461
f 4415 4417 4522
f 4522 4417 4482
f 4525 4133 4134
f 4525 4134 4573
f 4529 4573 4134
f 4529 4134 4038
f 4529 4038 4308
f 4308 4038 3822
f 4308 3822 3972
f 3972 3822 3462
f 4090 4482 4484
f 4134 3970 4090
f 4134 4090 4038
f 4484 4486 3753
f 4484 3753 4090
f 3753 4486 4307
f 3753 4307 3596
f 3596 4307 4039
f 3596 4039 3367
f 4090 3753 4038
f 3822 4038 3753
f 3822 3753 3596
f 3822 3596 3367
f 3822 3367 3462
f 4190 4530 4308
f 4190 4308 3972
f 4190 3972 3415
f 4190 3415 3653
f 3653 3415 3143
f 3143 3415 2986
f 3143 2986 2725
f 2725 2986 2666
f 2725 2666 2364
f 2725 2364 2389
f 2389 2364 2105
f 2389 2105 2104
f 2104 2105 1826
f 2104 1826 1824
f 1824 1826 1591
f 3367 4039 3067
f 3067 4039 3461
f 3067 3461 2984
f 3067 2984 2724
f 2724 2984 2631
f 2724 2631 2440
f 3367 3067 3462
f 3972 3462 3142
f 3972 3142 3415
f 3415 3142 2785
f 3415 2785 2986
f 2986 2785 2666
f 2666 2785 2542
f 3142 3462 3067
f 2984 3461 3653
f 2724 3142 3067
f 3142 2724 2785
f 2785 2724 2440
f 2785 2440 2542
f 2542 2440 2315
f 2315 2440 2235
f 2315 2235 2064
f 2064 2235 1977
f 2064 1977 1774
f 2064 1774 1823
f 1823 1774 1591
f 3653 3143 2984
f 2984 3143 2631
f 2631 3143 2725
f 2631 2725 2389
f 2631 2389 2339
f 2339 2389 2012
f 2364 2666 2542
f 2364 2542 2315
f 2364 2315 2064
f 2364 2064 2105
f 2105 2064 1823
f 2105 1823 1826
f 1826 1823 1591
f 2235 2440 2631
f 2235 2631 2339
f 2235 2339 1977
f 1977 2339 2012
f 1977 2012 1774
f 2012 2389 2104
f 2012 2104 1775
f 2012 1775 1774
f 1774 1775 1591
f 1775 2104 1824
f 1775 1824 1591
f 4698 4747 4696
f 4747 4698 4947
f 4696 4747 4745
f 4947 4698 4700
f 4745 4747 4837
f 5038 4837 4747
f 5038 4747 4947
f 5038 4947 5187
f 5038 5187 5253
f 5253 5187 5313
f 5253 5313 5364
f 5364 5313 5445
f 5445 5313 5377
f 4947 4700 4746
f 4947 4746 5154
f 5154 4746 5040
f 4947 5154 5187
f 5187 5154 5313
f 5313 5154 5275
f 5313 5275 5347
f 5313 5347 5377
f 5377 5347 5423
f 5423 5347 5396
f 5445 5377 5423
f 5445 5423 5512
f 5512 5423 5534
f 5534 5423 5463
f 5534 5463 5462
f 5534 5462 5533
f 5533 5462 5461
f 5533 5461 5511
f 5511 5461 5420
f 5511 5420 5459
f 5459 5420 5394
f 5459 5394 5408
f 5408 5394 5362
f 5578 5621 5579
f 5579 5621 5595
f 5595 5621 5577
f 5577 5621 5594
f 5577 5594 5532
f 5532 5594 5561
f 5532 5561 5476
f 5476 5561 5491
f 5476 5491 5419
f 5419 5491 5418
f 5419 5418 5362
f 5463 5423 5396
f 5579 5595 5513
f 5513 5595 5577
f 5513 5577 5492
f 5492 5577 5477
f 5477 5577 5532
f 5477 5532 5460
f 5460 5532 5476
f 5460 5476 5409
f 5409 5476 5419
f 5409 5419 5362
f 5579 5513 5536
f 5463 5396 5444
f 5444 5396 5513
f 5463 5444 5442
f 5463 5442 5462
f 5462 5442 5441
f 5462 5441 5461
f 5461 5441 5421
f 5461 5421 5420
f 5420 5421 5394
f 5442 5444 5513
f 5442 5513 5492
f 5442 5492 5477
f 5442 5477 5441
f 5441 5477 5460
f 5441 5460 5421
f 5421 5460 5409
f 5421 5409 5394
f 5394 5409 5362
f 5491 5408 5418
f 5408 5362 5418
f 5275 5154 5040
f 5275 5040 5153
f 5275 5153 5347
f 5347 5153 5188
f 5347 5188 5396
f 5040 4746 4843
f 4843 4746 4704
f 4843 4704 4567
f 4843 4567 4639
f 4639 4567 4473
f 4639 4473 4366
f 5153 5040 4920
f 5153 4920 4879
f 5153 4879 5188
f 4920 5040 4843
f 4920 4843 4639
f 4366 4246 4639
f 4639 4246 4518
f 4639 4518 4920
f 4920 4518 4879
f 4879 4518 4414
f 4414 4518 4087
f 4567 4704 4702
f 4516 4473 4567
f 4366 4473 4472
f 4518 4246 4087
f 4879 4414 4794
f 4879 4794 5188
f 4087 4245 4414
f 4414 4245 4794
f 4794 4245 4636
f 5188 4794 5109
f 4794 4636 4983
f 4794 4983 5109
f 5188 5109 5329
f 5329 5109 4983
f 5188 5329 5396
f 5396 5329 5513
f 5513 5329 5443
f 5443 5329 5363
f 5329 4983 5229
f 5329 5229 5363
f 5363 5229 5036
f 5036 5229 4983
f 5363 5036 5272
f 5272 5036 5074
f 5074 5036 4873
f 5074 4873 4916
f 4916 4873 4686
f 4916 4686 4622
f 4916 4622 4784
f 4835 4983 4409
f 4409 4983 4636
f 4835 4409 4082
f 4409 4636 4245
f 4409 4245 3960
f 3960 4245 3967
f 4409 3960 3452
f 4409 3452 4082
f 4082 3452 3133
f 4082 3133 3586
f 5513 5443 5535
f 5513 5535 5536
f 5535 5443 5493
f 5493 5443 5422
f 5422 5443 5363
f 5422 5363 5272
f 5422 5272 5327
f 5327 5272 5074
f 5327 5074 5227
f 5227 5074 4916
f 5227 4916 4979
f 4979 4916 4872
f 4872 4916 4784
f 4872 4784 4743
f 5536 5535 5495
f 5536 5495 5497
f 5495 5535 5493
f 5495 5493 5464
f 5464 5493 5395
f 5395 5493 5422
f 5395 5422 5311
f 5311 5422 5327
f 5311 5327 5151
f 5151 5327 5227
f 5151 5227 4938
f 4938 5227 4979
f 4938 4979 4872
f 4938 4872 4834
f 4834 4872 4743
f 5495 5464 5348
f 5348 5464 5395
f 5495 5348 5378
f 5495 5378 5497
f 5497 5378 5379
f 5379 5378 5192
f 5379 5192 5277
f 5192 5378 5348
f 5192 5348 5111
f 5192 5111 4923
f 4923 5111 4844
f 4923 4844 4519
f 5111 5348 4984
f 4519 4844 4695
f 4984 5348 5273
f 5273 5348 5395
f 4984 5273 5152
f 5152 5273 5395
f 4984 5152 4877
f 5152 5395 5311
f 5152 5311 4943
f 4943 5311 5151
f 4943 5151 4938
f 4943 4938 4787
f 4243 4519 4695
f 4519 4243 4034
f 4034 4243 3453
f 4243 4695 3898
f 3453 4243 3748
f 3898 4695 4405
f 3453 3748 3058
f 3898 4405 4080
f 3058 3748 3360
f 3058 3360 2841
f 2841 3360 3056
f 2841 3056 2658
f 2658 3056 2776
f 2658 2776 2485
f 2485 2776 2558
f 2485 2558 2330
f 2485 2330 2305
f 2305 2330 2097
f 3539 3898 4080
f 3539 4080 3176
f 3539 3176 3359
f 3176 4080 3450
f 3176 3450 2840
f 2840 3450 2979
f 2840 2979 2530
f 2530 2979 2598
f 2530 2598 2225
f 2225 2598 2266
f 2225 2266 1997
f 4938 4834 4787
f 4787 4834 4685
f 4685 4834 4743
f 4784 4622 4743
f 4685 4743 4559
f 4685 4559 4787
f 4787 4559 4564
f 4787 4564 4687
f 4787 4687 4943
f 4943 4687 5152
f 5152 4687 4877
f 4743 4622 4511
f 4511 4622 4686
f 4511 4686 4514
f 4514 4686 4625
f 4625 4686 4873
f 4625 4873 5036
f 4625 5036 4835
f 4835 5036 4983
f 4743 4511 4559
f 4514 4559 4511
f 4559 4514 4564
f 4564 4514 4687
f 4687 4514 4625
f 4687 4625 4835
f 4687 4835 4877
f 4984 4877 4844
f 4984 4844 5111
f 4844 4877 4695
f 4695 4877 4405
f 5192 4923 4925
f 4925 4923 4477
f 4925 4477 4370
f 4370 4477 3815
f 4477 4923 4519
f 3815 4477 4035
f 4035 4477 4519
f 4035 4519 4034
f 4405 4877 4629
f 4629 4877 4835
f 4405 4629 4080
f 4034 3453 4035
f 4035 3453 3458
f 4035 3458 3364
f 4035 3364 3815
f 3458 3453 3102
f 3458 3102 3364
f 3364 3102 2945
f 2945 3102 2661
f 3102 3453 3058
f 3102 3058 2745
f 2745 3058 2660
f 2745 2660 2538
f 2538 2660 2407
f 2538 2407 2274
f 2538 2274 2355
f 2355 2274 2171
f 3748 4243 3898
f 3748 3898 3360
f 3360 3898 3359
f 3360 3359 3056
f 3359 3898 3539
f 3364 2945 2690
f 3364 2690 3105
f 3364 3105 3815
f 2690 2945 2661
f 2690 2661 2431
f 2431 2661 2332
f 2332 2661 2491
f 2332 2491 2233
f 2233 2491 2331
f 2233 2331 2172
f 2661 3102 2745
f 2661 2745 2491
f 2491 2745 2538
f 2491 2538 2331
f 2331 2538 2355
f 2331 2355 2232
f 2232 2355 2230
f 2232 2230 2133
f 2431 2332 2357
f 2431 2357 2690
f 2357 2332 2231
f 2231 2332 2233
f 2231 2233 2132
f 2132 2233 2099
f 2357 2231 2489
f 2357 2489 2778
f 2489 2231 2309
f 2309 2231 2132
f 2309 2132 2170
f 2170 2132 2099
f 2690 2357 2310
f 2660 3058 2489
f 2489 3058 2778
f 2660 2489 2407
f 2407 2489 2309
f 2357 2778 2310
f 2407 2309 2170
f 2407 2170 2274
f 2274 2170 2131
f 2131 2170 2099
f 2274 2131 2171
f 2131 2099 2133
f 2131 2133 2171
f 2355 2171 2230
f 2230 2171 2133
f 2232 2133 2172
f 2232 2172 2331
f 2172 2133 2099
f 2172 2099 2233
f 3820 3970 3752
f 3820 3752 3547
f 3547 3752 3412
f 3752 3970 3902
f 3902 3970 4132
f 3752 3902 3594
f 3752 3594 3332
f 3752 3332 3412
f 3412 3332 2985
f 3902 4132 3545
f 3545 4132 3817
f 3817 4132 4187
f 3545 3817 3328
f 3545 3328 3228
f 3228 3328 2947
f 3545 3228 3329
f 3228 2947 2784
f 3329 3228 3141
f 3141 3228 2784
f 3329 3141 3182
f 3141 2784 2632
f 3182 3141 2949
f 2949 3141 2632
f 2179 2633 1941
f 3594 3902 3329
f 3329 3902 3545
f 3594 3329 3332
f 3332 3329 3109
f 3332 3109 2698
f 3332 2698 2985
f 2985 2698 2365
f 2985 2365 2602
f 2602 2365 1978
f 2602 1978 2206
f 3817 4187 4088
f 3817 4088 3366
f 3366 4088 3819
f 3366 3819 3138
f 3366 3138 2847
f 3138 3819 3546
f 2847 3138 2664
f 3138 3546 2948
f 3138 2948 2664
f 2948 3546 3330
f 2948 3330 2876
f 2664 2948 2629
f 2664 2629 2360
f 2360 2629 1976
f 1976 2629 2314
f 1976 2314 1873
f 1976 1873 1625
f 1625 1873 1190
f 1190 1873 1435
f 1190 1435 798
f 1190 798 580
f 580 798 5869
f 5869 798 5838
f 5869 5838 6477
f 5869 6477 6373
f 6373 6477 7126
f 6373 7126 7026
f 7026 7126 7563
f 7563 7126 7180
f 7026 7563 7489
f 7489 7563 7908
f 7489 7908 7832
f 7832 7908 8173
f 8173 7908 8260
f 8173 8260 8588
f 8173 8588 8565
f 8565 8588 8995
f 8565 8995 9020
f 9020 8995 9317
f 9020 9317 9407
f 3817 3366 3328
f 3328 3366 2847
f 4527 4647 4996
f 4996 5162 5048
f 5048 5162 5202
f 5048 5202 4997
f 5048 4997 4527
f 4527 4997 4418
f 4418 4997 4189
f 4189 4997 4801
f 4189 4801 3823
f 3823 4801 4250
f 4250 4801 4419
f 3823 4250 3756
f 3823 3756 3416
f 3416 3756 3070
f 3070 3756 3184
f 3070 3184 2726
f 3070 2726 2700
f 2700 2726 2390
f 2700 2390 2414
f 2414 2390 2106
f 2414 2106 2207
f 2207 2106 1879
f 2207 1879 1981
f 1981 1879 1694
f 1981 1694 1854
f 1854 1694 1633
f 1854 1633 1740
f 1740 1633 1693
f 1693 1633 1632
f 1693 1632 1692
f 1692 1632 1661
f 1692 1661 1739
f 4996 5048 4527
f 3413 4418 4189
f 3413 4189 3183
f 3183 4189 3823
f 3183 3823 2917
f 2917 3823 3416
f 5117 4997 5202
f 5116 5202 5162
f 5202 5116 5047
f 5202 5047 5117
f 5117 5047 4951
f 5117 4951 4997
f 4951 5047 4850
f 4997 4951 4801
f 4951 4850 4528
f 4951 4528 4801
f 4801 4528 4419
f 5116 5162 4994
f 5116 4994 4995
f 4995 4994 5114
f 5047 5116 4889
f 4889 5116 4995
f 4995 5200 4889
f 4889 5200 5237
f 4889 5237 5163
f 4889 5163 4646
f 4646 5163 4526
f 4526 5163 5046
f 4526 5046 4752
f 4526 4752 4249
f 4249 4752 4304
f 4249 4304 3818
f 4249 3818 3969
f 3969 3818 3365
f 3365 3818 3066
f 3066 3818 3327
f 3327 3818 4304
f 3327 4304 3750
f 3327 3750 2946
f 2946 3750 3180
f 5047 4889 4646
f 5381 5353 5351
f 5381 5351 5380
f 5381 5380 5352
f 5381 5352 5163
f 5352 5380 5350
f 5352 5350 5282
f 5282 5350 5234
f 5282 5234 4993
f 4993 5234 4883
f 5278 5256 5349
f 5278 5349 5277
f 5277 5349 5379
f 5350 5192 4925
f 5350 4925 5234
f 5234 4925 4883
f 4883 4925 4370
f 4883 4370 4302
f 4302 4370 3590
f 3590 4370 3325
f 4302 3590 3063
f 4302 3063 3591
f 3591 3063 2626
f 3590 3325 2779
f 2779 3325 3105
f 3105 3325 3815
f 5352 5282 5046
f 5352 5046 5163
f 5046 5282 4752
f 4752 5282 4993
f 4752 4993 4304
f 4304 4993 4523
f 4304 4523 3901
f 4526 4249 3969
f 4526 3969 4371
f 4526 4371 4646
f 4371 3969 3136
f 3136 3969 3365
f 4371 3136 3971
f 4371 3971 4646
f 3136 3365 2627
f 3136 2627 2435
f 2435 2627 2136
f 2435 2136 1932
f 1932 2136 1586
f 1932 1586 1431
f 1431 1586 1112
f 1431 1112 862
f 862 1112 310
f 310 1112 508
f 310 508 5830
f 310 5830 5953
f 5953 5830 6241
f 6241 5830 6239
f 6241 6239 6476
f 6476 6239 6510
f 6476 6510 6723
f 6476 6723 6670
f 6670 6723 6843
f 6670 6843 6798
f 4646 3971 4850
f 4646 4850 5047
f 4528 4850 4305
f 4528 4305 3754
f 3754 4305 3411
f 3411 4305 3971
f 3411 3971 3181
f 3754 3411 2875
f 3411 3181 2695
f 3411 2695 2875
f 2875 2695 2438
f 2438 2695 2278
f 2278 2695 2540
f 2278 2540 2006
f 2438 2278 1772
f 2438 1772 2011
f 4305 4850 3971
f 4528 3754 4419
f 4419 3754 3755
f 4419 3755 4250
f 3754 2875 3755
f 3414 4250 3755
f 3414 3755 2697
f 2697 3755 3068
f 3414 2697 2696
f 2696 2697 2388
f 4250 3414 3756
f 3068 3755 2875
f 3068 2875 2438
f 3068 2438 2565
f 2565 2438 2011
f 2565 2011 2178
f 2178 2011 1629
f 2178 1629 1827
f 1827 1629 1538
f 1538 1629 1405
f 1538 1405 1408
f 1408 1405 1340
f 1408 1340 1358
f 3756 3414 2878
f 2878 3414 2696
f 2878 2696 2439
f 3756 2878 3184
f 3184 2878 2726
f 2726 2878 2494
f 2726 2494 2180
f 2726 2180 2390
f 2390 2180 1852
f 2390 1852 2106
f 2106 1852 1631
f 2106 1631 1879
f 2697 3068 2363
f 2363 3068 2565
f 2363 2565 2178
f 2363 2178 2062
f 2062 2178 1827
f 2062 1827 1776
f 1776 1827 1538
f 1776 1538 1537
f 1537 1538 1407
f 1407 1538 1408
f 3416 3070 2665
f 3416 2665 2917
f 2917 2665 2413
f 2413 2665 2443
f 2413 2443 2236
f 2917 2413 2630
f 2917 2630 2983
f 2917 2983 3183
f 3183 2983 3330
f 3330 2983 2876
f 2876 2983 2630
f 2948 2876 2629
f 2629 2876 2630
f 2629 2630 2314
f 2314 2630 1873
f 2664 2360 2337
f 2337 2360 2007
f 2007 2360 1976
f 2664 2337 2412
f 2412 2337 2007
f 2412 2007 2203
f 2203 2007 1904
f 2203 1904 2632
f 2632 1904 2340
f 1904 2007 1687
f 2340 1904 1628
f 1628 1904 1687
f 1628 1687 1497
f 1628 1497 1374
f 1374 1497 1334
f 1334 1497 1073
f 1374 1334 1115
f 1115 1334 1073
f 1115 1073 797
f 1115 797 708
f 797 1073 705
f 797 705 411
f 797 411 312
f 312 411 19
f 312 19 5919
f 2664 2412 2784
f 2784 2412 2632
f 2632 2412 2203
f 2664 2784 2947
f 2664 2947 2847
f 2847 2947 3328
f 3329 3182 3109
f 3109 3182 2698
f 2698 3182 2918
f 2698 2918 2603
f 2698 2603 2442
f 2698 2442 2338
f 2442 2603 2317
f 2338 2442 2061
f 2442 2317 2205
f 2442 2205 2061
f 2205 2317 1906
f 2061 2205 1822
f 2205 1906 1876
f 2205 1876 1822
f 1876 1906 1566
f 1822 1876 1565
f 1565 1876 1566
f 1822 1565 1498
f 1498 1565 1295
f 1295 1565 1566
f 1295 1566 1339
f 1295 1339 1075
f 1295 1075 1042
f 1042 1075 867
f 1042 867 835
f 835 867 644
f 644 867 709
f 644 709 516
f 644 516 582
f 644 582 754
f 3182 2949 2918
f 2918 2949 2603
f 2603 2949 2634
f 2603 2634 2280
f 2603 2280 2317
f 2317 2280 1906
f 1906 2280 1853
f 2340 2949 2632
f 2949 2340 2634
f 2634 2340 1980
f 2634 1980 2280
f 1980 2340 1628
f 1980 1628 1593
f 1593 1628 1374
f 1593 1374 1074
f 1593 1074 1297
f 1297 1074 708
f 1297 708 933
f 2280 1980 1853
f 1853 1980 1593
f 1853 1593 1297
f 1853 1297 1465
f 1465 1297 933
f 1853 1465 1500
f 1853 1500 1906
f 1906 1500 1566
f 1566 1500 1339
f 1500 1465 1257
f 1500 1257 1339
f 1465 933 1194
f 1465 1194 1257
f 1339 1257 999
f 1339 999 1075
f 1075 999 836
f 1075 836 867
f 1194 933 515
f 1257 1194 866
f 866 1194 515
f 866 515 364
f 364 515 114
f 364 114 6154
f 364 6154 5958
f 5958 6154 6479
f 5837 514 5958
f 5837 5958 6294
f 5958 6479 6375
f 5958 6375 6294
f 6375 6479 6803
f 6294 6375 6729
f 6729 6375 6803
f 6729 6803 7128
f 6729 7128 7061
f 7061 7128 7308
f 6729 7061 6728
f 6728 7061 7098
f 2698 2338 2362
f 2362 2338 2061
f 2362 2061 2103
f 2103 2061 1822
f 2103 1822 1589
f 2103 1589 1941
f 1589 1822 1498
f 1941 1589 1433
f 1589 1498 1116
f 1433 1589 1251
f 1589 1116 1153
f 1153 1116 514
f 514 1116 364
f 1433 1251 953
f 953 1251 707
f 953 707 5918
f 953 5918 271
f 2698 2362 2063
f 2698 2063 2365
f 2365 2063 1825
f 2365 1825 1978
f 2362 2103 2063
f 2063 2103 1825
f 1825 2103 1773
f 1825 1773 1536
f 1825 1536 1564
f 1564 1536 1354
f 1354 1536 1463
f 1564 1354 1355
f 1354 1463 1252
f 1354 1252 1355
f 1252 1463 1335
f 1355 1252 1253
f 3069 2699 2633
f 2633 2699 2341
f 2633 2341 2316
f 2316 2341 1942
f 2316 1942 1874
f 1942 2341 1979
f 1942 1979 1656
f 1942 1656 1590
f 2633 2316 1941
f 2206 1978 1877
f 1877 1978 1658
f 1877 1658 1437
f 1877 1437 1592
f 1592 1437 1406
f 1406 1437 1336
f 1406 1336 1338
f 1338 1336 1256
f 1338 1256 1223
f 2316 1874 1941
f 1874 1942 1590
f 1941 1874 1689
f 1689 1874 1590
f 1689 1590 1463
f 1463 1590 1335
f 1335 1590 1404
f 1335 1404 1296
f 1335 1296 1255
f 1255 1296 1223
f 1335 1255 1220
f 1220 1255 1223
f 1658 1978 1825
f 1658 1825 1564
f 1658 1564 1437
f 1437 1564 1355
f 1437 1355 1336
f 1336 1355 1253
f 1336 1253 1221
f 1336 1221 1256
f 1256 1221 1223
f 1656 1464 1590
f 1536 1773 1689
f 1536 1689 1463
f 1773 2103 1941
f 1773 1941 1689
f 1253 1252 1220
f 1220 1252 1335
f 1253 1220 1221
f 1221 1220 1223
f 1404 1590 1464
f 1404 1464 1296
f 1296 1464 1337
f 1223 1296 1337
f 953 1040 1433
f 1040 953 271
f 1040 271 548
f 548 271 6337
f 548 6337 6067
f 548 6067 6034
f 6067 6337 7095
f 6034 6067 6592
f 6592 6067 6724
f 6724 6067 7095
f 6724 7095 7286
f 7286 7095 7621
f 7179 6592 7286
f 7286 7621 7620
f 7286 7620 7179
f 7179 7620 7619
f 7619 7620 8060
f 707 1251 1153
f 1153 1251 1589
f 707 1153 513
f 707 513 6153
f 707 6153 5918
f 5918 6153 6844
f 5918 6844 6674
f 6674 6844 7468
f 6674 7468 7364
f 271 5918 6674
f 271 6674 6337
f 6337 6674 7364
f 6337 7364 7095
f 7095 7364 7792
f 7095 7792 7621
f 7621 7792 8136
f 7621 8136 7620
f 8136 7792 8259
f 7620 8136 8060
f 8136 8259 8657
f 8060 8136 8587
f 8587 8136 8657
f 8587 8657 9050
f 8060 8587 8562
f 8562 8587 9049
f 8562 9049 9079
f 9079 9049 9405
f 9079 9405 9438
f 9438 9405 9617
f 6844 6153 6800
f 6800 6153 6189
f 6844 6800 7468
f 6592 6724 7286
f 7179 7619 7125
f 7125 7619 7513
f 7513 7619 7885
f 8259 7792 8337
f 8259 8337 8657
f 8337 7792 7887
f 7887 7792 7364
f 7887 7364 7468
f 8337 7887 7858
f 7858 7887 7425
f 8337 7858 8336
f 8337 8336 8772
f 8337 8772 8742
f 8742 8772 9115
f 7887 7468 7425
f 7425 7468 6800
f 7858 7425 7791
f 7858 7791 8336
f 8336 7791 8258
f 8336 8258 8772
f 8772 8258 8740
f 8772 8740 9214
f 8772 9214 9175
f 8772 9175 9115
f 9175 9214 9494
f 9494 9214 9574
f 9494 9574 9682
f 8337 8742 8657
f 8657 8742 9115
f 8657 9115 9050
f 9050 9115 9439
f 9050 9439 9406
f 9050 9406 9049
f 9050 9049 8587
f 9049 9406 9405
f 8258 7791 8092
f 8258 8092 8740
f 8740 8092 8621
f 8740 8621 9214
f 9214 8621 9135
f 8621 8092 8060
f 8621 8060 8562
f 9115 9175 9495
f 9115 9495 9439
f 9439 9495 9682
f 9439 9682 9618
f 9618 9682 9792
f 9439 9618 9406
f 8060 8092 7619
f 9135 8621 8562
f 9135 8562 9079
f 9135 9079 9537
f 9537 9079 9438
f 9214 9135 9574
f 9574 9135 9537
f 9574 9537 9726
f 9726 9537 9727
f 9574 9726 9682
f 9682 9726 9792
f 9726 9727 9792
f 9792 9727 9649
f 9649 9727 9438
f 9438 9727 9537
f 9618 9792 9619
f 9619 9792 9617
f 9618 9619 9406
f 9619 9617 9405
f 9619 9405 9406
f 9792 9649 9617
f 9617 9649 9438
f 1498 1295 1116
f 999 1257 866
f 999 866 836
f 836 866 755
f 836 755 581
f 836 581 645
f 645 581 516
f 933 708 515
f 515 708 312
f 515 312 114
f 114 312 5919
f 114 5919 6264
f 114 6264 6154
f 6154 6264 6595
f 6154 6595 6479
f 6479 6595 6803
f 6803 6595 6918
f 708 1074 1115
f 1115 1074 1374
f 708 797 312
f 1687 2007 1626
f 1687 1626 1497
f 1497 1626 1152
f 1152 1626 1219
f 1152 1219 706
f 706 1219 643
f 1626 2007 1976
f 1626 1976 1625
f 1152 1073 1497
f 1073 1152 706
f 1073 706 705
f 705 706 64
f 705 64 113
f 113 64 6339
f 113 6339 6293
f 6293 6339 6916
f 6916 6339 6949
f 6916 6949 7426
f 6916 7426 7467
f 7467 7426 7726
f 7467 7726 7744
f 7744 7726 8061
f 7744 8061 8097
f 8097 8061 8375
f 8097 8375 8445
f 8445 8375 8566
f 8445 8566 8660
f 8660 8566 8744
f 8660 8744 8808
f 8660 8808 8958
f 8808 8744 8845
f 8958 8808 8960
f 8808 8845 8891
f 8808 8891 8960
f 8891 8845 8892
f 8891 8892 8960
f 1626 1625 1191
f 1191 1625 1190
f 1626 1191 1219
f 1191 1190 512
f 1219 1191 549
f 549 1191 512
f 1219 549 643
f 549 512 5870
f 549 5870 643
f 643 5870 5871
f 706 643 5871
f 706 5871 64
f 64 5871 6440
f 64 6440 6339
f 5870 6439 5871
f 5871 6439 6440
f 6339 6440 6949
f 6440 6439 7097
f 6440 7097 7060
f 6440 7060 6949
f 7060 7097 7594
f 6949 7060 7514
f 7514 7060 7594
f 6949 7514 7426
f 7514 7594 7860
f 7514 7860 7426
f 7860 7594 8003
f 7426 7860 7726
f 7860 8003 8201
f 7860 8201 7726
f 8201 8003 8419
f 8201 8419 8691
f 7726 8201 8061
f 8061 8201 8474
f 8061 8474 8375
f 5870 512 5868
f 5870 5868 6439
f 5868 512 511
f 511 512 1190
f 6439 5868 6374
f 6439 6374 7097
f 7097 6374 7059
f 7097 7059 7594
f 7594 7059 7564
f 7594 7564 8003
f 8003 7564 7910
f 8003 7910 8419
f 8419 7910 8444
f 8419 8444 8775
f 8419 8775 8691
f 705 113 411
f 411 113 19
f 113 6293 19
f 5919 19 6264
f 19 6293 6263
f 6263 6293 6996
f 6996 6293 6916
f 6263 6996 6800
f 6263 6800 6189
f 19 6263 6264
f 6264 6263 6594
f 6264 6594 6595
f 6595 6594 6918
f 6918 6594 6917
f 6918 6917 7154
f 7154 6917 7182
f 7154 7182 7335
f 7335 7182 7365
f 7335 7365 7449
f 6803 6918 7128
f 7128 6918 7154
f 7128 7154 7335
f 7128 7335 7308
f 7308 7335 7449
f 7308 7449 7287
f 7308 7287 7061
f 6294 6729 6728
f 5837 6294 6338
f 6338 6294 6728
f 5837 6338 5836
f 6338 6728 6763
f 5837 5836 513
f 5837 513 514
f 514 513 1153
f 6763 6728 7098
f 6763 7098 7127
f 7127 7098 7309
f 5958 514 364
f 364 1116 866
f 513 5836 6189
f 6189 5836 6338
f 6189 6338 6802
f 6802 6338 6763
f 6802 6763 7181
f 7181 6763 7127
f 7181 7127 7336
f 7181 7336 7366
f 513 6189 6153
f 932 866 1116
f 866 932 755
f 755 932 754
f 755 754 581
f 581 754 582
f 581 582 516
f 932 1116 1295
f 932 1295 1042
f 754 932 1042
f 754 1042 835
f 754 835 644
f 836 645 867
f 867 645 709
f 709 645 516
f 1630 1690 1739
f 1690 1630 1568
f 1690 1568 1660
f 1660 1568 1567
f 1660 1567 1691
f 1567 1568 1439
f 1567 1439 1438
f 1439 1568 1501
f 1501 1568 1595
f 1630 1739 1595
f 1630 1595 1568
f 1595 1739 1569
f 1595 1569 1466
f 1569 1739 1596
f 1569 1596 1466
f 1596 1739 1661
f 1596 1661 1502
f 1692 1739 1690
f 1692 1690 1693
f 1693 1690 1660
f 1596 1502 1466
f 1661 1632 1502
f 1502 1632 1467
f 1467 1632 1633
f 1467 1633 1503
f 1503 1633 1694
f 1503 1694 1631
f 1631 1694 1879
f 1502 1467 1466
f 1466 1467 1410
f 1410 1467 1503
f 1410 1503 1409
f 1409 1503 1499
f 1499 1503 1631
f 1499 1631 1852
f 1499 1852 1657
f 1693 1660 1740
f 1740 1660 1691
f 1740 1691 1854
f 1854 1691 1777
f 1854 1777 1981
f 1981 1777 1878
f 1691 1567 1594
f 1691 1594 1777
f 2207 1981 1878
f 2207 1878 2065
f 2207 2065 2414
f 2414 2065 2237
f 2414 2237 2443
f 2414 2443 2700
f 2700 2443 3070
f 3070 2443 2665
f 1878 1777 1659
f 1878 1659 2065
f 1659 1777 1594
f 1438 1594 1567
f 1594 1438 1539
f 1594 1539 1659
f 2065 1659 1851
f 1851 1659 1539
f 2065 1851 2237
f 1851 1539 1655
f 2237 1851 2013
f 2013 1851 1655
f 2237 2013 2443
f 2013 1655 1875
f 2443 2013 2236
f 2236 2013 1875
f 2236 1875 2177
f 1852 2180 1905
f 1852 1905 1657
f 1905 2180 2494
f 1905 2494 2204
f 2494 2878 2439
f 2204 2494 2439
f 2204 2439 2177
f 2204 2177 1905
f 2177 2439 2413
f 2413 2439 2630
f 2630 2439 2696
f 1905 2177 1875
f 1905 1875 1655
f 1905 1655 1657
f 1657 1655 1539
f 1657 1539 1499
f 1499 1539 1438
f 1499 1438 1409
f 2177 2413 2236
f 1438 1439 1409
f 1409 1439 1410
f 1410 1439 1501
f 1410 1501 1466
f 1466 1501 1595
f 6189 6594 6263
f 6996 6916 7546
f 6594 6189 6917
f 6917 6189 6802
f 6917 6802 7182
f 7182 6802 7181
f 7182 7181 7365
f 7365 7181 7366
f 7365 7366 7449
f 7366 7336 7449
f 7449 7336 7309
f 7309 7336 7127
f 7287 7449 7309
f 7287 7309 7098
f 7287 7098 7061
f 6892 7106 6421
f 6892 6421 6642
f 6642 6421 6169
f 6248 6048 6094
f 6248 6094 6275
f 8432 8391 8408
f 8408 8391 8223
f 8408 8223 8327
f 8432 8408 8468
f 8468 8408 8434
f 8434 8408 8327
f 8391 8432 8406
f 8391 8406 8223
f 8223 8406 8287
f 8223 8287 8056
f 8223 8056 7993
f 7993 8056 7737
f 7737 8056 7824
f 7737 7824 7581
f 8406 8432 8467
f 8406 8467 8407
f 8432 8468 8500
f 8432 8500 8467
f 8467 8500 8407
f 8407 8500 8501
f 8406 8407 8287
f 8287 8407 8224
f 8224 8407 8501
f 8224 8501 8362
f 8224 8362 8085
f 8224 8085 7961
f 7961 8085 7701
f 8468 8434 8500
f 8500 8434 8501
f 8501 8434 8362
f 8362 8434 8328
f 8362 8328 8126
f 8328 8434 8327
f 8328 8327 8125
f 8328 8125 8126
f 8125 8327 8223
f 8125 8223 7993
f 8125 7993 7737
f 8125 7737 7902
f 8056 8287 8224
f 8056 8224 7961
f 8056 7961 7824
f 7824 7961 7581
f 7581 7961 7701
f 7581 7701 7441
f 7581 7441 7330
f 7903 8798 9239
f 9239 8798 9862
f 9239 9862 10290
f 10290 9862 10496
f 10496 9862 10189
f 10496 10189 10556
f 10556 10189 10352
f 10556 10352 10491
f 10556 10491 10604
f 10604 10491 10666
f 10666 10491 10554
f 10666 10554 10602
f 10666 10602 10675
f 10675 10602 10665
f 7704 9239 7906
f 7906 9239 9399
f 10290 10273 9239
f 9239 10273 10226
f 9239 10226 9399
f 9399 10226 10388
f 9399 10388 9427
f 10273 10290 10496
f 10273 10496 10469
f 10273 10469 10226
f 10226 10469 10478
f 10478 10469 10596
f 10469 10496 10545
f 10469 10545 10596
f 10545 10496 10578
f 10545 10578 10668
f 10596 10545 10680
f 10680 10545 10668
f 10596 10680 10758
f 10680 10668 10751
f 10596 10758 10679
f 10751 10668 10825
f 10679 10758 10804
f 10825 10668 10779
f 10825 10779 10880
f 10825 10880 10908
f 10679 10804 10729
f 10729 10804 10776
f 10776 10804 10841
f 10776 10841 10832
f 10832 10841 10875
f 10832 10875 10911
f 10832 10911 10907
f 10907 10911 10950
f 9427 7906 9399
f 7906 9427 9107
f 7906 9107 7483
f 10226 10478 10388
f 10388 10478 10560
f 10560 10478 10704
f 10704 10478 10596
f 9427 10388 10291
f 9427 10291 10139
f 10291 10388 10492
f 10291 10492 10139
f 10492 10388 10560
f 10139 10492 10425
f 10492 10560 10704
f 10425 10492 10555
f 10492 10704 10577
f 10492 10577 10555
f 10577 10704 10615
f 10577 10615 10555
f 10615 10704 10730
f 10555 10615 10616
f 10615 10730 10757
f 10616 10615 10678
f 10678 10615 10757
f 10616 10678 10677
f 10678 10757 10713
f 10713 10757 10777
f 10713 10777 10803
f 10678 10713 10712
f 10712 10713 10743
f 10712 10743 10756
f 10756 10743 10790
f 10756 10790 10815
f 10815 10790 10865
f 10815 10865 10873
f 10873 10865 10931
f 9427 10139 9107
f 10139 10425 10389
f 10139 10389 9107
f 9107 10389 9909
f 10389 10425 10563
f 10563 10425 10670
f 10670 10425 10555
f 10670 10555 10731
f 10731 10555 10616
f 10731 10616 10763
f 10763 10616 10677
f 10763 10677 10806
f 10806 10677 10712
f 10806 10712 10823
f 10823 10712 10756
f 10823 10756 10839
f 10563 10670 10818
f 10818 10670 10731
f 10818 10731 10763
f 10818 10763 10890
f 10890 10763 10806
f 10890 10806 10915
f 10563 10818 10706
f 10706 10818 10791
f 10706 10791 10726
f 10563 10706 10538
f 10538 10706 10726
f 10563 10538 10389
f 10538 10726 10581
f 10389 10538 9909
f 10538 10581 10247
f 10538 10247 9909
f 10621 10511 10581
f 10621 10581 10767
f 10581 10511 10326
f 10581 10326 10247
f 10767 10581 10746
f 10767 10746 10808
f 10767 10808 10881
f 10881 10808 10934
f 10934 10808 10856
f 10934 10856 10943
f 10943 10856 10898
f 10943 10898 10948
f 10948 10898 10912
f 9818 9909 10247
f 9818 10247 10326
f 9783 10274 9909
f 10274 9783 10193
f 10274 10193 10493
f 10493 10193 10385
f 10274 10493 10509
f 9783 9909 9490
f 9490 9909 9818
f 9783 9490 9279
f 9279 9490 8766
f 9279 8766 8684
f 8684 8766 8299
f 8299 8766 9045
f 9045 8766 9490
f 9045 9490 9818
f 9045 9818 9282
f 9045 9282 8735
f 8735 9282 8880
f 8735 8880 8617
f 8880 9282 8953
f 9282 9818 9432
f 9282 9432 8953
f 8953 9432 9243
f 8953 9243 8769
f 9432 9818 9889
f 9889 9818 10326
f 9243 9432 9678
f 9678 9432 9889
f 9243 9678 9571
f 9571 9678 9719
f 9678 9889 10058
f 9678 10058 9719
f 10058 9889 10326
f 9719 10058 10033
f 10058 10326 10339
f 10339 10326 10522
f 10339 10522 10498
f 10498 10522 10622
f 10498 10622 10582
f 10582 10622 10623
f 10623 10622 10684
f 10623 10684 10647
f 10647 10684 10685
f 10647 10685 10648
f 10648 10685 10695
f 10695 10685 10683
f 10677 10678 10712
f 10818 10890 10843
f 10818 10843 10791
f 10843 10890 10915
f 10843 10915 10866
f 10866 10915 10876
f 10876 10915 10914
f 10876 10914 10888
f 10888 10914 10922
f 10888 10922 10932
f 10888 10932 10896
f 10896 10932 10906
f 10906 10932 10920
f 10726 10791 10704
f 10726 10704 10581
f 10704 10791 10843
f 10704 10843 10730
f 10730 10843 10757
f 10757 10843 10866
f 10757 10866 10876
f 10757 10876 10777
f 10777 10876 10803
f 10803 10876 10888
f 10803 10888 10831
f 10831 10888 10896
f 10831 10896 10886
f 10886 10896 10906
f 10886 10906 10931
f 10743 10713 10803
f 10743 10803 10790
f 10790 10803 10831
f 10790 10831 10865
f 10865 10831 10886
f 10914 10915 10823
f 10914 10823 10839
f 10914 10839 10922
f 10922 10839 10932
f 10932 10839 10874
f 10932 10874 10905
f 10932 10905 10920
f 10920 10905 10931
f 10823 10915 10806
f 10839 10756 10815
f 10839 10815 10874
f 10874 10815 10873
f 10874 10873 10905
f 10905 10873 10931
f 10906 10920 10931
f 10886 10931 10865
f 9241 9356 8650
f 9356 9241 9784
f 9784 9241 9717
f 9241 8650 8732
f 8732 8650 8088
f 9241 8732 9167
f 9241 9167 9717
f 9717 9167 9610
f 9717 9610 10031
f 10031 9610 9931
f 10031 9931 10194
f 10194 9931 10161
f 9242 8879 9357
f 9744 9357 9428
f 9357 9744 9644
f 9357 9644 9242
f 9242 9644 9611
f 9611 9644 9910
f 9611 9910 9888
f 9910 9644 9955
f 9784 9717 10032
f 10032 9717 10031
f 10032 10031 10195
f 10195 10031 10194
f 10195 10194 10261
f 9784 10032 9955
f 9955 10032 10195
f 9955 10195 10162
f 10162 10195 10261
f 9784 9955 9744
f 9784 9744 9356
f 9356 9744 9428
f 9356 9428 9109
f 10261 10194 10161
f 10261 10110 10111
f 10111 10110 9888
f 10111 9888 9910
f 10261 10111 10162
f 10162 10111 9910
f 10162 9910 9955
f 9955 9644 9744
f 9356 9109 9211
f 10142 9675 9845
f 10142 9845 10246
f 10142 10246 10427
f 10033 10058 10339
f 10033 10339 10295
f 10295 10339 10498
f 10295 10498 10429
f 10429 10498 10523
f 10523 10498 10582
f 10523 10582 10589
f 10589 10582 10623
f 10522 10326 10511
f 10522 10511 10622
f 10622 10511 10608
f 10622 10608 10684
f 10684 10608 10683
f 10683 10608 10570
f 10683 10570 10637
f 10390 10429 10523
f 10390 10523 10497
f 10497 10523 10589
f 10497 10589 10571
f 10571 10589 10625
f 10571 10625 10624
f 10624 10625 10648
f 10260 10390 10405
f 10405 10390 10497
f 10405 10497 10521
f 10521 10497 10571
f 10521 10571 10593
f 10593 10571 10638
f 10638 10571 10624
f 10593 10638 10672
f 10638 10624 10648
f 10638 10648 10672
f 10260 10405 10483
f 10405 10521 10570
f 10405 10570 10483
f 10570 10521 10637
f 10637 10521 10593
f 10637 10593 10672
f 10483 10570 10608
f 10483 10608 10511
f 10637 10672 10683
f 10683 10672 10695
f 10695 10672 10648
f 10625 10589 10623
f 10625 10623 10647
f 10625 10647 10648
f 10683 10685 10684
f 10592 10511 10621
f 10621 10767 10717
f 10746 10581 10704
f 10746 10704 10808
f 10808 10704 10856
f 10856 10704 10759
f 10856 10759 10898
f 10898 10759 10805
f 10898 10805 10840
f 10898 10840 10912
f 10912 10840 10921
f 10921 10840 10887
f 10767 10881 10807
f 10767 10807 10717
f 10881 10934 10807
f 10807 10934 10868
f 10868 10934 10897
f 10897 10934 10943
f 10897 10943 10948
f 10897 10948 10913
f 10913 10948 10933
f 10933 10948 10947
f 10933 10947 10942
f 10942 10947 10949
f 10759 10704 10679
f 10759 10679 10805
f 10805 10679 10729
f 10805 10729 10776
f 10805 10776 10840
f 10840 10776 10832
f 10840 10832 10887
f 10679 10704 10596
f 10868 10897 10804
f 10804 10897 10913
f 10804 10913 10841
f 10868 10804 10758
f 10868 10758 10807
f 10807 10758 10680
f 10680 10751 10807
f 10807 10751 10825
f 10807 10825 10889
f 10889 10825 10935
f 10935 10825 10908
f 10668 10671 10744
f 10668 10744 10817
f 10668 10817 10779
f 10779 10817 10891
f 10779 10891 10880
f 10880 10891 10944
f 10891 10817 10916
f 10916 10817 10870
f 10891 10916 10944
f 10880 10944 10908
f 10908 10944 10935
f 10935 10944 10936
f 10889 10935 10909
f 10889 10909 10807
f 10807 10834 10717
f 10470 10496 10559
f 10481 10559 10591
f 10591 10559 10605
f 10591 10605 10681
f 10559 10496 10607
f 10559 10607 10605
f 10607 10496 10556
f 10607 10556 10694
f 10694 10556 10604
f 10694 10604 10666
f 10694 10666 10715
f 10402 10257 10468
f 10468 10257 10354
f 10402 10468 10519
f 10468 10354 10537
f 10468 10537 10519
f 10519 10537 10617
f 10607 10694 10617
f 10607 10617 10605
f 10576 10519 10667
f 10667 10519 10617
f 10576 10667 10603
f 10603 10667 10676
f 10603 10676 10665
f 10667 10617 10694
f 10667 10694 10715
f 10667 10715 10676
f 10676 10715 10714
f 10676 10714 10665
f 10605 10617 10537
f 10714 10715 10666
f 10714 10666 10675
f 10714 10675 10665
f 10669 10605 10537
f 10605 10669 10723
f 10723 10669 10752
f 10669 10537 10606
f 10606 10537 10533
f 10533 10537 10354
f 10605 10723 10681
f 10681 10723 10745
f 10745 10723 10766
f 10766 10723 10765
f 10766 10765 10810
f 10765 10723 10752
f 10752 10669 10606
f 10752 10606 10724
f 10752 10724 10810
f 10533 10354 10480
f 10480 10354 10292
f 10533 10480 10568
f 10533 10568 10606
f 10606 10568 10644
f 10644 10568 10636
f 10644 10636 10705
f 10644 10705 10732
f 10732 10705 10753
f 10606 10644 10724
f 10724 10644 10732
f 10724 10732 10810
f 10810 10732 10753
f 10752 10810 10765
f 10907 10950 10939
f 10832 10907 10939
f 10950 10911 10942
f 10942 10911 10933
f 10933 10911 10875
f 10933 10875 10841
f 10933 10841 10913
f 10950 10942 10949
f 10950 10949 10939
f 10939 10949 10947
f 10939 10947 10921
f 10939 10921 10887
f 10921 10947 10912
f 10912 10947 10948
f 10887 10832 10939
f 7333 7363 6697
f 7363 7333 7830
f 7830 7333 7742
f 7830 7742 8303
f 7742 7333 7724
f 7724 7333 7334
f 7742 7724 8134
f 8303 7742 8200
f 8200 7742 8134
f 8303 8200 8654
f 8200 8134 8473
f 8654 8200 8561
f 8561 8200 8473
f 8561 8473 8807
f 7363 7830 7968
f 7968 7830 8373
f 8373 7830 8303
f 8373 8303 8655
f 8655 8303 8654
f 8655 8654 8888
f 8888 8654 8922
f 7424 6946 7513
f 7424 7513 7790
f 7424 7790 7743
f 7743 7790 8135
f 8135 7790 8257
f 7743 8135 8095
f 8095 8135 8443
f 8095 8443 8418
f 7513 7885 7790
f 7790 7885 8257
f 7885 7619 7968
f 7885 7968 8373
f 7885 8373 8257
f 8257 8373 8655
f 8257 8655 8540
f 8540 8655 8741
f 8741 8655 8888
f 8741 8888 8923
f 8741 8923 8842
f 8842 8923 8843
f 8135 8257 8443
f 8443 8257 8540
f 8443 8540 8741
f 8443 8741 8658
f 8658 8741 8774
f 8774 8741 8842
f 8774 8842 8843
f 8418 8443 8658
f 8418 8658 8624
f 8624 8658 8774
f 8624 8774 8773
f 8774 8843 8773
f 8841 8843 8924
f 8924 8843 8957
f 8841 8924 8807
f 8924 8957 8807
f 8807 8957 8922
f 8807 8922 8561
f 8561 8922 8654
f 8957 8843 8923
f 8957 8923 8922
f 8922 8923 8888
f 7483 9107 7359
f 8411 9107 9643
f 9107 8411 7359
f 6691 6428 7359
f 6691 7359 7172
f 7172 7359 7881
f 7881 7359 8411
f 7172 7881 7509
f 7509 7881 7787
f 7881 8411 8553
f 7881 8553 7787
f 7787 8553 8163
f 8553 8411 9355
f 8163 8553 8577
f 8553 9355 9278
f 9278 9355 9842
f 8577 8553 9042
f 8577 9042 9396
f 8577 9396 9015
f 9015 9396 9308
f 9308 9396 9607
f 9308 9607 9673
f 9308 9673 9520
f 9520 9673 9672
f 9643 9107 10029
f 10029 9107 10274
f 10029 10274 10404
f 10404 10274 10509
f 10404 10509 10619
f 10619 10509 10682
f 9643 10029 10404
f 10274 9107 9909
f 9783 9279 8837
f 9783 8837 9398
f 9783 9398 10193
f 10193 9398 9929
f 10193 9929 10385
f 10385 9929 10225
f 10385 10225 10426
f 10385 10426 10508
f 10508 10426 10507
f 10507 10426 10324
f 10324 10426 10025
f 10507 10324 10479
f 10507 10479 10569
f 10569 10479 10558
f 10569 10558 10646
f 9279 8684 8837
f 8837 8684 8333
f 8613 9398 8837
f 8613 8837 8333
f 8613 8333 8169
f 9398 8613 9166
f 9398 9166 9782
f 9398 9782 9929
f 9929 9782 10245
f 10245 9782 10141
f 10245 10141 10313
f 10245 10313 10356
f 10356 10313 10428
f 9782 9166 8834
f 8834 9166 8613
f 8834 8613 8295
f 8834 8295 7933
f 7933 8295 7617
f 7933 7617 7559
f 7933 7559 7148
f 7933 7148 7720
f 7720 7148 7537
f 7720 7537 7536
f 7933 7720 8502
f 7933 8502 8834
f 7720 7536 7932
f 7720 7932 8502
f 7932 7536 7669
f 7669 7536 7302
f 7932 7669 8289
f 8289 7669 7962
f 8289 7962 8433
f 8289 8433 8727
f 8727 8433 9208
f 9208 8433 8915
f 9208 8915 9275
f 9208 9275 9524
f 9397 8834 8502
f 9397 8502 9209
f 8834 9397 9782
f 9397 9209 9780
f 9397 9780 9782
f 9780 9209 9779
f 9782 9780 10074
f 10074 9780 9779
f 10074 9779 10107
f 9782 10074 10141
f 10074 10107 10325
f 10141 10074 10293
f 10293 10074 10325
f 10141 10293 10313
f 10293 10325 10428
f 10225 9929 10025
f 10225 10025 10426
f 10385 10508 10493
f 10025 9929 10245
f 10025 10245 10272
f 10272 10245 10356
f 10272 10356 10387
f 10387 10356 10428
f 10493 10508 10534
f 10534 10508 10579
f 10493 10534 10645
f 10493 10645 10682
f 10682 10645 10781
f 10781 10645 10760
f 10781 10760 10844
f 10844 10760 10833
f 10844 10833 10869
f 10844 10869 10879
f 10879 10869 10877
f 10508 10507 10561
f 10561 10507 10597
f 10597 10507 10569
f 10597 10569 10646
f 10579 10508 10561
f 10579 10561 10597
f 10579 10597 10618
f 10597 10646 10618
f 10618 10646 10588
f 10588 10646 10558
f 10588 10558 10479
f 10618 10588 10579
f 10579 10588 10520
f 10579 10520 10370
f 10579 10370 10534
f 10520 10588 10479
f 10520 10479 10370
f 10370 10479 10324
f 10370 10324 10025
f 10370 10025 9643
f 10370 9643 10404
f 10370 10404 10587
f 10534 10370 10645
f 10645 10370 10587
f 10645 10587 10716
f 10645 10716 10760
f 10493 10682 10509
f 10682 10781 10619
f 10404 10619 10557
f 10557 10619 10643
f 10643 10619 10725
f 10643 10725 10780
f 10643 10780 10722
f 10619 10781 10725
f 10725 10781 10780
f 10780 10781 10844
f 10780 10844 10826
f 10826 10844 10879
f 10404 10557 10587
f 10587 10557 10643
f 10716 10587 10643
f 10716 10643 10764
f 10716 10764 10760
f 10643 10722 10764
f 10764 10722 10778
f 10722 10780 10778
f 10760 10764 10833
f 10833 10764 10869
f 10869 10764 10816
f 10869 10816 10842
f 10869 10842 10878
f 10764 10778 10816
f 10816 10778 10842
f 10780 10826 10778
f 10826 10879 10877
f 10826 10877 10855
f 10855 10877 10867
f 10867 10877 10878
f 10878 10877 10869
f 10778 10826 10855
f 10778 10855 10824
f 10824 10855 10867
f 10778 10824 10842
f 10842 10824 10867
f 10878 10842 10867
f 9076 8953 8769
f 8953 9076 9435
f 9076 8769 9078
f 9078 8769 8887
f 9076 9078 9285
f 8887 8769 8560
f 9076 9285 9531
f 8887 8560 8564
f 9076 9531 9435
f 8564 8560 8304
f 9435 9531 9790
f 8564 8304 7886
f 9435 9790 9749
f 8564 7886 8137
f 8137 7886 7765
f 7765 7886 7488
f 9749 9790 9963
f 9749 9963 9989
f 9989 9963 10205
f 9989 10205 10231
f 9989 10231 10037
f 10037 10231 10248
f 10248 10231 10316
f 9078 8887 8956
f 8956 8887 8564
f 9078 8956 9114
f 9078 9114 9285
f 9114 8956 8689
f 9114 8689 8921
f 8689 8956 8656
f 8656 8956 8564
f 8689 8656 8442
f 8442 8656 8173
f 9114 8921 9316
f 9114 9316 9285
f 9316 8921 9132
f 9316 9132 9458
f 9285 9316 9533
f 9533 9316 9458
f 9285 9533 9531
f 9533 9458 9791
f 9791 9458 9750
f 8229 8173 8656
f 8229 8656 8564
f 8229 8564 8137
f 8173 8229 7832
f 7832 8229 7592
f 7832 7592 7489
f 9531 9533 9790
f 9790 9533 9791
f 9790 9791 9991
f 9790 9991 9963
f 9963 9991 10206
f 9963 10206 10205
f 9458 9132 9359
f 9458 9359 9750
f 9359 9132 8993
f 9750 9359 9748
f 8993 9132 8921
f 9750 9748 9990
f 8993 8921 8617
f 9990 9748 10038
f 8617 8921 8689
f 9990 10038 10233
f 10233 10038 10250
f 10233 10250 10316
f 8617 8689 8417
f 8417 8689 8091
f 8091 8689 8442
f 8091 8442 7725
f 7725 8442 8173
f 9791 9750 9990
f 9791 9990 9991
f 9991 9990 10232
f 9991 10232 10206
f 10206 10232 10316
f 9312 9359 8993
f 9359 9312 9748
f 9312 8993 8880
f 9312 8880 8953
f 9748 9312 9722
f 9312 8953 9313
f 9312 9313 9722
f 9722 9313 9723
f 9722 9723 10036
f 10036 9723 10037
f 10205 10206 10316
f 10231 10205 10316
f 9435 9749 9313
f 9435 9313 8953
f 9749 9989 9723
f 9749 9723 9313
f 9989 10037 9723
f 10248 10316 10249
f 10248 10249 10037
f 10249 10316 10250
f 10037 10249 10036
f 10036 10249 10250
f 10036 10250 10038
f 10036 10038 9722
f 9722 10038 9748
f 8880 8993 8617
f 9045 8735 9169
f 8735 8617 8994
f 8539 8884 8617
f 8617 8884 8994
f 8994 8884 9131
f 8994 9131 9436
f 8994 9436 9314
f 8994 9314 8735
f 8735 9314 9169
f 9169 9314 9646
f 9169 9646 9585
f 9585 9646 9913
f 9585 9913 9911
f 9911 9913 10165
f 10165 9913 10166
f 9911 10165 10201
f 8617 8417 8539
f 8417 8091 8093
f 8093 8091 7725
f 8417 8093 8539
f 8229 8137 7765
f 8229 7765 7592
f 7592 7765 7564
f 7564 7765 7488
f 7467 7546 6916
f 7489 7592 7059
f 7059 7592 7564
f 7489 7059 7026
f 8260 7908 8261
f 8261 7908 7909
f 8260 8261 8588
f 8588 8261 8589
f 8589 8261 8228
f 8589 8228 8625
f 8589 8625 9021
f 8588 8589 8996
f 8996 8589 9021
f 8996 9021 9318
f 8588 8996 8995
f 8996 9318 9286
f 8996 9286 8995
f 8995 9286 9317
f 7026 7059 6374
f 7026 6374 6373
f 6373 6374 5868
f 6373 5868 5869
f 5869 5868 511
f 5869 511 580
f 580 511 1190
f 7909 7908 7563
f 8228 8261 7909
f 8228 7909 7833
f 7833 7909 7448
f 7909 7563 7593
f 7909 7593 7448
f 7593 7563 7180
f 7448 7593 7096
f 7096 7593 7180
f 7096 7180 6478
f 7096 6478 6405
f 7126 6477 7180
f 7180 6477 6478
f 6478 6477 20
f 20 6477 5838
f 20 5838 798
f 20 798 834
f 834 798 1435
f 6478 20 6405
f 7096 6405 6877
f 6877 6405 6211
f 6211 6405 20
f 6211 20 363
f 363 20 834
f 6211 363 478
f 6211 478 5997
f 478 363 1114
f 363 834 1041
f 363 1041 1114
f 1041 834 1435
f 1114 1041 1686
f 1041 1435 1627
f 1041 1627 1686
f 1686 1627 2361
f 2361 1627 2176
f 2361 2176 2630
f 2361 2630 2696
f 2361 2696 2279
f 2361 2279 2058
f 2058 2279 2410
f 2058 2410 1738
f 1738 2410 1935
f 1935 2410 2493
f 2493 2410 3137
f 3137 2410 3108
f 3137 3108 3971
f 1935 2493 2003
f 1738 1935 1535
f 1535 1935 2003
f 1738 1535 1372
f 1535 2003 1533
f 1372 1535 1150
f 1150 1535 1533
f 1372 1150 998
f 1150 1533 1072
f 998 1150 753
f 753 1150 1072
f 753 1072 579
f 998 753 641
f 753 579 192
f 641 753 361
f 361 753 192
f 641 361 362
f 361 192 112
f 361 112 362
f 362 112 149
f 112 192 5832
f 112 5832 5917
f 112 5917 5834
f 5834 5917 5835
f 5835 5917 5999
f 5999 5917 6035
f 7096 6877 7448
f 7448 6877 6637
f 7448 6637 7263
f 7448 7263 7707
f 7448 7707 7833
f 7833 7707 8228
f 8228 7707 8172
f 8228 8172 8625
f 8625 8172 8623
f 8625 8623 9081
f 8625 9081 9021
f 9081 8623 8622
f 9081 8622 9137
f 9081 9137 9440
f 9440 9137 9538
f 9440 9538 9621
f 9621 9538 9728
f 9621 9728 9684
f 9684 9728 9754
f 9684 9754 9652
f 6877 6211 5997
f 7910 7564 7488
f 7910 7488 7859
f 7910 7859 8444
f 8444 7859 8374
f 7859 7488 7467
f 7859 7467 7744
f 7859 7744 8374
f 8374 7744 8097
f 8374 8097 8659
f 8659 8097 8445
f 8659 8445 8889
f 8889 8445 8660
f 8889 8660 8958
f 8444 8374 8775
f 8775 8374 8743
f 8775 8743 8997
f 8743 8374 8659
f 8997 8743 8659
f 8997 8659 8889
f 8997 8889 9022
f 9022 8889 8958
f 9022 8958 8959
f 8959 8958 8960
f 8691 8775 8890
f 8890 8775 8997
f 8201 8691 8474
f 8474 8691 8890
f 8474 8890 8661
f 8661 8890 8809
f 8809 8890 8925
f 8809 8925 8926
f 8809 8926 8844
f 8844 8926 8892
f 8474 8661 8375
f 8375 8661 8566
f 8566 8661 8744
f 8744 8661 8809
f 8997 9022 8925
f 8997 8925 8890
f 9022 8959 8926
f 9022 8926 8925
f 8926 8959 8892
f 8892 8959 8960
f 8892 8845 8844
f 8844 8845 8744
f 8844 8744 8809
f 322 425 6304
f 425 322 1307
f 322 6304 324
f 322 324 1307
f 1307 324 1273
f 1273 324 120
f 1273 120 1087
f 1273 1087 2146
f 2146 1087 1948
f 1273 2146 1307
f 1307 2146 2210
f 120 324 6384
f 6384 324 6304
f 1307 2210 2611
f 120 6384 6197
f 120 6197 6386
f 6386 6197 7343
f 2611 2210 3155
f 7343 6197 7319
f 7319 6197 6384
f 7343 7319 8273
f 7343 8273 8320
f 8320 8273 9296
f 9296 8273 9336
f 9336 8273 8237
f 8237 8273 7319
f 7319 6384 7241
f 7319 7241 8237
f 7241 6384 6304
f 8237 7241 8217
f 8217 7241 7219
f 7219 7241 6304
f 8217 7219 8039
f 7219 6304 7010
f 7219 7010 8039
f 8039 7010 7868
f 7010 6304 425
f 7868 7010 6774
f 6774 7010 425
f 7868 6774 7754
f 7754 6774 7717
f 7717 6774 6605
f 6605 6774 425
f 7717 6605 7715
f 7715 6605 6484
f 7715 6484 7644
f 6605 425 1007
f 6605 1007 6484
f 7644 6484 6641
f 7644 6641 7689
f 6641 6484 422
f 422 6484 1007
f 7689 6641 6770
f 6770 6641 422
f 7689 6770 7773
f 1639 1007 425
f 1639 425 1307
f 1639 1307 2611
f 1007 1639 2144
f 2144 1639 2611
f 1007 2144 1475
f 1007 1475 422
f 1475 2144 2369
f 2369 2144 3476
f 422 1475 1085
f 2144 2611 3189
f 422 1085 910
f 3189 2611 3478
f 3189 3478 4136
f 3478 2611 3155
f 422 910 118
f 118 910 421
f 422 118 6770
f 118 421 5960
f 6770 118 6959
f 6959 118 5960
f 6770 6959 7773
f 7773 6959 7895
f 6959 5960 6117
f 6959 6117 7104
f 8037 7895 7104
f 7104 6117 7160
f 7104 7160 8037
f 8037 7160 8183
f 7160 6117 6158
f 8183 7160 7190
f 7190 7160 6158
f 7190 6158 6080
f 7190 6080 7186
f 7186 6080 6005
f 7186 6005 6078
f 7186 6078 7213
f 7213 6078 6039
f 7213 6039 7209
f 7209 6039 6076
f 6076 6039 555
f 7209 6076 7236
f 7209 7236 8351
f 7209 8351 8353
f 1948 1087 1509
f 1948 1509 3003
f 3003 1509 2577
f 3003 2577 4807
f 3003 4807 5239
f 2577 1509 2213
f 2577 2213 4807
f 2213 1509 1011
f 5239 4807 5750
f 1011 1509 6084
f 4807 2213 4193
f 6084 1509 202
f 202 1509 1087
f 202 1087 120
f 6084 202 7138
f 202 120 6737
f 202 6737 7138
f 7138 6737 7401
f 7401 6737 7628
f 7628 6737 7192
f 7192 6737 6215
f 7192 6215 6519
f 7628 7192 8396
f 7192 6519 7454
f 8396 7192 7870
f 7870 7192 7454
f 8396 7870 8966
f 8966 7870 7454
f 8396 8966 9299
f 9299 8966 9767
f 8966 7454 8355
f 9767 8966 9851
f 8966 8355 9150
f 9851 8966 9699
f 9699 8966 9150
f 2146 1948 3003
f 2146 3003 3113
f 3113 3003 5289
f 5289 3003 5239
f 2210 2146 3113
f 2210 3113 3155
f 3155 3113 5289
f 3155 5289 5287
f 5305 3478 3155
f 3478 5305 4136
f 4136 5305 5336
f 5305 3155 5287
f 5336 5305 5726
f 5305 5287 5748
f 5726 5305 5744
f 5744 5305 5748
f 5726 5744 5769
f 5769 5744 5777
f 5777 5744 5748
f 5748 5287 5289
f 5777 5748 5783
f 5777 5783 5803
f 5783 5748 5755
f 5755 5748 5289
f 5783 5755 5785
f 5785 5755 5750
f 5750 5755 5289
f 5750 5289 5239
f 2144 3189 3476
f 3476 3189 4136
f 3476 4136 4722
f 4722 4136 5336
f 4722 5336 5335
f 5335 5336 5673
f 5673 5336 5726
f 5673 5726 5771
f 5771 5726 5769
f 5771 5769 5789
f 5789 5769 5799
f 5799 5769 5777
f 5789 5799 5795
f 5799 5777 5803
f 5795 5799 5807
f 5807 5799 5803
f 4805 4722 5335
f 4805 5335 5213
f 4805 5213 4581
f 4581 5213 5124
f 4722 4805 3659
f 3659 4805 4581
f 3659 4581 3474
f 4722 3659 3476
f 3659 3474 2343
f 3476 3659 2447
f 2447 3659 2343
f 3476 2447 2369
f 2369 2447 1475
f 2447 2343 1543
f 1543 2343 1305
f 2447 1543 1604
f 2447 1604 1475
f 1604 1543 1157
f 1604 1157 1271
f 1604 1271 1475
f 1475 1271 1085
f 1085 1271 937
f 937 1271 961
f 937 961 559
f 5213 5335 5673
f 5213 5673 5124
f 5124 5673 5668
f 5668 5673 5771
f 5124 5668 5384
f 5124 5384 4490
f 4490 5384 3418
f 3418 5384 4314
f 5384 5668 5775
f 5775 5668 5771
f 5775 5771 5789
f 5384 5775 5760
f 5775 5789 5795
f 5775 5795 5760
f 5760 5795 5779
f 5795 5807 5779
f 5779 5807 5787
f 5787 5807 5810
f 5810 5807 5803
f 5787 5810 5791
f 5791 5810 5813
f 5791 5813 5797
f 5797 5813 5793
f 5793 5813 5805
f 5805 5813 5809
f 5805 5809 5801
f 5760 5779 5757
f 5757 5779 5787
f 5757 5787 5759
f 5759 5787 5791
f 5759 5791 5763
f 5763 5791 5797
f 5763 5797 5765
f 5757 5759 5480
f 5763 5765 5516
f 5763 5516 5480
f 5516 5765 5540
f 5516 5540 4100
f 5516 4100 4098
f 4098 4100 2148
f 4098 2148 2186
f 2186 2148 963
f 2186 963 1009
f 1009 963 6081
f 5410 5757 5480
f 5757 5410 5760
f 5760 5410 5384
f 5410 5480 4096
f 5410 4096 5384
f 4096 5480 4044
f 5384 4096 4314
f 4314 4096 2449
f 4314 2449 3418
f 3418 2449 3078
f 3418 3078 4490
f 3078 2449 2345
f 2345 2449 1477
f 4490 3078 3912
f 3912 3078 2345
f 4490 3912 4581
f 4490 4581 5124
f 4581 3912 2956
f 2956 3912 2345
f 4581 2956 3474
f 2345 1477 74
f 3474 2956 2021
f 2021 2956 2345
f 3474 2021 2343
f 2343 2021 1305
f 2021 2345 1414
f 1414 2345 74
f 2021 1414 590
f 590 1414 74
f 2021 590 1305
f 590 74 6416
f 590 6416 6679
f 590 6679 6771
f 1305 590 233
f 1305 233 912
f 912 233 5925
f 5925 233 6887
f 5925 6887 6884
f 912 5925 667
f 667 5925 6160
f 667 6160 320
f 6160 5925 7008
f 5810 5803 5809
f 5810 5809 5813
f 5809 5803 5783
f 5809 5783 5785
f 5759 5763 5480
f 4044 5480 5516
f 4044 5516 4098
f 4044 4098 2184
f 2184 4098 2186
f 2184 2186 1009
f 4044 2184 2449
f 4044 2449 4096
f 2449 2184 1124
f 1124 2184 1009
f 2449 1124 1477
f 1477 1124 74
f 1124 1009 5961
f 1124 5961 74
f 5961 1009 6081
f 74 5961 7217
f 5961 6081 7317
f 5961 7317 7217
f 74 7217 7626
f 74 7626 6416
f 6416 7626 6679
f 7317 6081 6162
f 6162 6081 963
f 7217 7317 8235
f 6162 963 1011
f 1011 963 2148
f 6162 1011 6084
f 1011 2148 2213
f 2213 2148 4193
f 4193 2148 4100
f 6162 6084 7138
f 6162 7138 7371
f 6162 7371 7317
f 7371 7138 7550
f 7550 7138 7401
f 7317 7371 8451
f 7371 7550 8486
f 7371 8486 8451
f 8486 7550 7646
f 8486 7646 8488
f 8486 8488 9470
f 8486 9470 9508
f 8486 9508 8451
f 8451 9508 9507
f 9507 9508 10044
f 9411 8379 9507
f 8379 8235 7317
f 8235 8379 9411
f 8235 9411 9258
f 8235 9258 9028
f 8235 9028 7980
f 8235 7980 7217
f 7217 7980 7626
f 7626 7980 9028
f 7626 9028 8815
f 7626 8815 8701
f 8701 8815 9556
f 8701 9556 9551
f 8701 9551 8781
f 7626 8701 7730
f 7730 8701 8781
f 7626 7730 6679
f 6679 7730 6771
f 7730 8781 7845
f 7730 7845 6771
f 7845 8781 7775
f 7845 7775 6771
f 7775 8781 8697
f 233 590 6771
f 233 6771 6887
f 6887 6771 7775
f 7775 8697 8667
f 6887 7775 7752
f 7752 7775 8667
f 6887 7752 6884
f 9252 8667 9332
f 8667 9252 8777
f 8667 8777 7752
f 8777 9252 9328
f 8777 9328 8853
f 7752 8777 7809
f 7809 8777 8853
f 7752 7809 6884
f 6884 7809 7008
f 6884 7008 5925
f 7809 8853 7893
f 7893 8853 8898
f 7008 7809 7102
f 7102 7809 7893
f 7008 7102 6160
f 7893 8898 8007
f 7893 8007 7102
f 8007 8898 9005
f 7102 8007 7215
f 8007 9005 8071
f 8007 8071 7215
f 8071 9005 9119
f 8071 9119 9226
f 7215 8071 7188
f 8071 9226 8181
f 8071 8181 7188
f 7188 8181 7211
f 1157 1543 1305
f 1157 1305 912
f 1157 912 667
f 1157 667 961
f 1157 961 1271
f 961 667 320
f 961 320 559
f 559 320 200
f 559 200 663
f 663 200 161
f 559 663 665
f 559 665 937
f 665 663 488
f 937 665 910
f 937 910 1085
f 663 161 557
f 663 557 661
f 557 161 231
f 661 557 765
f 765 557 231
f 661 765 874
f 765 231 658
f 765 658 874
f 658 231 229
f 229 231 159
f 874 658 763
f 874 763 1052
f 1052 763 909
f 910 665 421
f 421 665 488
f 200 320 6245
f 6245 320 6160
f 6245 6160 7102
f 6245 7102 7215
f 6245 7215 6270
f 6245 6270 200
f 6270 7215 7188
f 200 6270 161
f 6270 7188 6213
f 6270 6213 161
f 6213 7188 7211
f 161 6213 231
f 6213 7211 6195
f 6213 6195 231
f 231 6195 378
f 5692 4807 4193
f 5692 4193 5583
f 4807 5692 5750
f 5692 5583 5773
f 5692 5773 5750
f 5750 5773 5781
f 5781 5773 5801
f 5773 5583 5767
f 5801 5773 5805
f 5805 5773 5767
f 5805 5767 5793
f 5583 4193 4100
f 5583 4100 5540
f 5583 5540 5767
f 5767 5540 5765
f 5767 5765 5793
f 5793 5765 5797
f 5781 5801 5809
f 5781 5809 5785
f 5781 5785 5750
f 8039 7868 9008
f 9008 7868 7754
f 8039 9008 9148
f 8039 9148 8217
f 9148 9008 9695
f 9695 9008 9591
f 9148 9695 9829
f 9591 9008 8855
f 8855 9008 7754
f 9591 8855 9554
f 8217 9148 9260
f 9260 9148 9829
f 8217 9260 8237
f 9260 9829 9895
f 8237 9260 9336
f 9336 9260 9895
f 9336 9895 9919
f 8812 9554 8855
f 8812 8855 7754
f 9554 8812 9334
f 8812 7754 7717
f 9334 8812 8699
f 8699 8812 7717
f 9334 8699 9256
f 8699 7717 7715
f 9256 8699 8599
f 8599 8699 7715
f 8599 7715 7644
f 8599 7644 8669
f 8669 7644 7689
f 9554 9334 9374
f 9374 9334 9256
f 9554 9374 9551
f 9554 9551 9591
f 9551 9374 8781
f 8781 9374 8697
f 8599 8669 9254
f 8599 9254 9256
f 9256 9254 9332
f 9256 9332 9374
f 9332 9254 9252
f 9254 8669 9187
f 9254 9187 9252
f 9187 8669 8779
f 9252 9187 9328
f 9328 9187 9330
f 9330 9187 8779
f 9328 9330 9372
f 9330 8779 9326
f 9330 9326 9372
f 9326 8779 8900
f 9372 9326 9550
f 9326 8900 9505
f 9326 9505 9550
f 9505 8900 9007
f 9550 9505 9628
f 9505 9007 9589
f 9505 9589 9628
f 9589 9007 9147
f 9628 9589 9765
f 9589 9147 9295
f 9765 9589 9806
f 9806 9589 9295
f 8779 8669 7689
f 8779 7689 7773
f 8779 7773 8900
f 8900 7773 7895
f 8900 7895 9007
f 9007 7895 8037
f 9007 8037 9147
f 9147 8037 8183
f 9147 8183 8271
f 9147 8271 9295
f 6117 5960 421
f 6117 421 318
f 6117 318 6158
f 6158 318 380
f 6158 380 6080
f 380 318 661
f 661 318 488
f 661 488 663
f 380 661 874
f 6080 380 526
f 526 380 874
f 6080 526 657
f 657 526 874
f 6080 657 6005
f 657 874 1052
f 6959 7104 7895
f 8183 7190 7186
f 318 421 488
f 8898 8853 9372
f 9372 8853 9328
f 8898 9372 9005
f 9005 9372 9550
f 9005 9550 9119
f 9119 9550 9628
f 9119 9628 9226
f 9226 9628 9765
f 9332 8667 8697
f 9374 9332 8697
f 9551 9556 9591
f 8815 9028 9556
f 9556 9028 9697
f 9556 9697 9827
f 9556 9827 9591
f 9697 9028 9872
f 9697 9872 9827
f 9872 9028 9258
f 9827 9872 9967
f 9872 9258 9411
f 9967 9872 10061
f 9872 9411 9940
f 9872 9940 10061
f 9940 9411 9507
f 9940 9507 10044
f 9940 10044 10061
f 10061 10044 10148
f 8379 7317 8451
f 9507 8379 8451
f 9827 9967 9829
f 9827 9829 9695
f 9827 9695 9591
f 9829 9967 10061
f 9829 10061 9895
f 9895 10061 9919
f 9919 10061 10148
f 9336 9919 9296
f 9296 9919 9897
f 9897 9919 10148
f 9296 9897 9262
f 9262 9897 9848
f 9897 10148 10119
f 9897 10119 9848
f 10119 10148 10044
f 10119 10044 9997
f 10119 9997 10063
f 10119 10063 9848
f 9848 10063 9699
f 10044 9508 9997
f 9997 9508 9470
f 9997 9470 9921
f 9997 9921 10063
f 10063 9921 9851
f 10063 9851 9699
f 9851 9921 9767
f 9767 9921 9299
f 9299 9921 9470
f 9299 9470 8396
f 8396 9470 8488
f 8396 8488 7646
f 8396 7646 7628
f 7628 7646 7401
f 7550 7401 7646
f 6737 120 6215
f 6215 120 6386
f 6215 6386 6519
f 6519 6386 7454
f 7454 6386 7343
f 7454 7343 8320
f 7454 8320 8355
f 8355 8320 9262
f 9262 8320 9296
f 8355 9262 9150
f 9150 9262 9848
f 9150 9848 9699
f 909 1005 1083
f 1005 909 842
f 909 1083 486
f 842 909 763
f 842 763 761
f 761 763 658
f 486 1083 555
f 486 555 6039
f 486 6039 6078
f 1005 842 959
f 959 842 761
f 1005 959 1122
f 1005 1122 1083
f 1122 959 484
f 484 959 524
f 1122 484 482
f 1122 482 1081
f 1122 1081 1083
f 1083 1081 1050
f 959 761 524
f 524 761 453
f 524 453 159
f 524 159 484
f 484 159 6300
f 6300 159 6349
f 159 453 229
f 229 453 761
f 229 761 658
f 657 1052 909
f 657 909 486
f 657 486 6078
f 657 6078 6005
f 6076 555 522
f 522 555 1050
f 1050 555 1083
f 522 1050 906
f 906 1050 935
f 935 1050 1081
f 1081 482 374
f 1081 374 935
f 374 482 6298
f 374 6298 6382
f 6382 6298 7267
f 6382 7267 7290
f 7290 7267 8211
f 7290 8211 8179
f 8179 8211 9090
f 9090 8211 9223
f 9090 9223 9579
f 9579 9223 9761
f 9579 9761 9548
f 9548 9761 9762
f 9548 9762 9291
f 9548 9291 9118
f 9118 9291 8317
f 8317 9291 8351
f 8317 8351 7236
f 8317 7236 7293
f 7293 7236 6243
f 6243 7236 6076
f 6243 6076 522
f 6243 522 316
f 316 522 906
f 482 484 6298
f 6298 484 6300
f 6298 6300 7267
f 7267 6300 7235
f 316 906 157
f 316 157 6243
f 157 906 720
f 720 906 935
f 720 935 759
f 6243 157 6347
f 6243 6347 7293
f 7293 6347 7315
f 759 935 374
f 759 374 281
f 281 374 6444
f 6444 374 6382
f 6444 6382 7313
f 7313 6382 7290
f 7313 7290 8179
f 7313 8179 8112
f 157 720 7499
f 7499 720 759
f 157 7499 6347
f 7499 759 281
f 6347 7499 7315
f 7499 281 6444
f 7315 7499 8215
f 7499 6444 7313
f 8215 7499 9003
f 7499 7313 8112
f 9003 7499 9322
f 7499 8112 8964
f 9322 7499 9370
f 9370 7499 8964
f 8112 8179 8964
f 8964 8179 9090
f 8964 9090 9370
f 9370 9090 9579
f 9370 9579 9322
f 9322 9579 9548
f 7235 8211 7267
f 8211 7235 8213
f 8213 7235 7239
f 8211 8213 9223
f 8213 7239 8151
f 9223 8213 9250
f 9250 8213 8151
f 9250 8151 9145
f 7235 6300 7239
f 9322 9548 9118
f 9322 9118 9003
f 9003 9118 8317
f 9003 8317 8215
f 8215 8317 7293
f 8215 7293 7315
f 8353 8351 9291
f 8353 9291 9324
f 7209 8353 7213
f 7213 8353 8269
f 8269 8353 9324
f 8269 9324 9228
f 7213 8269 7186
f 7186 8269 8271
f 8271 8269 9228
f 8271 9228 9295
f 9295 9228 9693
f 9295 9693 9806
f 9324 9291 9762
f 9324 9762 9804
f 9804 9762 9761
f 9324 9804 9228
f 9804 9761 9802
f 9228 9804 9693
f 9693 9804 9802
f 9693 9802 9691
f 7186 8271 8183
f 9765 9806 9693
f 9765 9693 9691
f 9765 9691 9145
f 9765 9145 9226
f 9226 9145 8151
f 9226 8151 8181
f 9802 9761 9223
f 9802 9223 9250
f 9802 9250 9691
f 9691 9250 9145
f 8181 8151 7239
f 8181 7239 7211
f 7211 7239 6349
f 6349 7239 6300
f 7211 6349 6195
f 6195 6349 378
f 6349 159 378
f 378 159 231
f 70 719 5873
f 719 70 72
f 719 72 653
f 653 72 450
f 450 72 5875
f 450 5875 25
f 25 5875 6193
f 450 25 901
f 450 901 1079
f 25 6193 6735
f 25 6735 6380
f 6735 6193 7265
f 6380 6735 7289
f 6735 7265 7342
f 6735 7342 7289
f 1079 901 1541
f 1079 1541 1267
f 1541 901 1361
f 1361 901 655
f 1361 655 1120
f 1120 655 372
f 1361 1120 1573
f 1361 1573 1541
f 1541 1573 1746
f 1573 1120 1381
f 1541 1746 1911
f 1120 372 903
f 1120 903 1381
f 903 372 116
f 1381 903 1155
f 1541 1911 1702
f 1541 1702 1267
f 1702 1911 2142
f 1155 903 589
f 589 903 116
f 1155 589 905
f 589 116 376
f 589 376 905
f 376 116 5923
f 905 376 723
f 1669 1267 1702
f 1267 1669 1265
f 1669 1702 2019
f 2019 1702 2142
f 1265 1669 1887
f 1887 1669 2019
f 1265 1887 1379
f 2019 2142 2392
f 2019 2392 1887
f 2392 2142 2546
f 1379 1887 1473
f 2392 2546 2885
f 2392 2885 1887
f 1473 1887 1946
f 1946 1887 2885
f 1473 1946 2209
f 2209 1946 2885
f 2885 2546 3153
f 2885 3153 3762
f 2885 3762 3304
f 2885 3304 2209
f 3304 3762 4042
f 3304 4042 3472
f 3472 4042 3760
f 3304 3472 2575
f 3304 2575 2209
f 2575 3472 3827
f 2209 2575 2288
f 2209 2288 1471
f 1471 2288 1829
f 1471 1829 757
f 2288 2575 3151
f 3151 2575 3827
f 2288 3151 2286
f 2286 3151 2609
f 3151 3827 3910
f 3151 3910 2609
f 3910 3827 4579
f 2609 3910 4488
f 4488 3910 4579
f 2609 4488 2999
f 4488 4579 4960
f 4488 4960 5122
f 4488 5122 4755
f 4755 5122 5056
f 70 5873 6733
f 6733 5873 6603
f 6733 6603 7453
f 70 6733 6957
f 70 6957 72
f 6733 7453 7687
f 6733 7687 6957
f 7687 7453 8147
f 8147 7453 7548
f 7687 8147 8484
f 7687 8484 8851
f 6957 7687 7918
f 8207 7918 8851
f 7918 8207 6957
f 7134 72 6957
f 7134 6957 8207
f 72 7134 7207
f 7207 7134 8207
f 72 7207 5875
f 7207 8207 8349
f 7207 8349 7265
f 7265 8349 8267
f 8349 8207 9368
f 9368 8207 9180
f 6603 5873 368
f 368 5873 719
f 6603 368 6412
f 6603 6412 7453
f 6412 368 6378
f 6378 368 419
f 7453 6412 7233
f 7233 6412 6378
f 7233 6378 6268
f 7233 6268 7100
f 7233 7100 7548
f 7548 7100 7451
f 7451 7100 7470
f 7100 6268 7002
f 7100 7002 7470
f 7002 6268 6191
f 7470 7002 6924
f 6074 6924 6191
f 7470 6924 7495
f 6924 6074 6003
f 7495 6924 7518
f 6924 6003 6922
f 6924 6922 7518
f 6922 6003 6846
f 6922 6846 7518
f 6846 6003 5842
f 7518 6846 7516
f 7516 6846 7493
f 7493 6846 6731
f 7493 6731 7570
f 7570 6731 6676
f 6676 6731 153
f 7570 6676 6559
f 7570 6559 7681
f 7681 6559 7796
f 6559 6676 417
f 417 6676 279
f 6559 417 6483
f 6559 6483 7796
f 7796 6483 7835
f 7835 6483 6341
f 7918 7687 8851
f 8851 8484 9179
f 9179 8484 8147
f 8851 9179 9626
f 8851 9626 9180
f 8851 9180 8207
f 9180 9626 9939
f 9179 8147 8748
f 9179 8748 9466
f 8748 8147 7808
f 7808 8147 7548
f 8748 7808 8316
f 8748 8316 9024
f 8316 7808 7864
f 9024 8316 8570
f 8316 7864 8108
f 8316 8108 8570
f 8108 7864 7769
f 8570 8108 8265
f 9626 9179 9466
f 9626 9466 9870
f 9626 9870 10173
f 9626 10173 9939
f 9180 9939 9368
f 9368 9939 10115
f 10115 9939 10173
f 9368 10115 9222
f 9222 10115 9993
f 9222 9993 9689
f 9222 9689 9001
f 9689 9993 10175
f 10175 9993 10115
f 9689 10175 9965
f 10115 10173 10278
f 10115 10278 10175
f 10278 10173 10208
f 10175 10278 10117
f 10278 10208 10299
f 10278 10299 10117
f 10299 10208 10171
f 10299 10171 10297
f 10299 10297 10117
f 10117 10297 10210
f 10117 10210 9826
f 9826 10210 9995
f 10173 9870 10208
f 10208 9870 9893
f 9893 9870 9501
f 10208 9893 9824
f 9824 9893 9501
f 9501 9870 9466
f 10208 9824 10171
f 9501 9466 9055
f 9055 9466 9024
f 9055 9024 8570
f 9055 8570 8595
f 8595 8570 8265
f 8595 8265 8510
f 8595 8510 9055
f 8510 8265 8312
f 9501 9055 9366
f 9501 9366 9824
f 9055 8510 8896
f 9055 8896 9366
f 8510 8312 8314
f 8510 8314 8896
f 8314 8312 8069
f 8069 8312 7916
f 7916 8312 8145
f 7916 8145 7837
f 7837 8145 8031
f 7837 8031 8005
f 7837 8005 7801
f 7837 7801 7711
f 7801 8005 8143
f 8597 8896 8314
f 8896 8597 9366
f 8597 8314 7806
f 8597 7806 8110
f 8597 8110 8482
f 9366 8597 9057
f 9057 8597 8482
f 9366 9057 9824
f 9057 8482 8849
f 9057 8849 9577
f 9057 9577 9824
f 9577 8849 9143
f 9577 9143 9917
f 9577 9917 9824
f 9824 9917 10171
f 10171 9917 10297
f 10297 9917 10113
f 10175 10117 9965
f 9965 10117 9826
f 9965 9826 9689
f 9689 9826 9409
f 9368 9222 8267
f 9368 8267 8349
f 8267 9222 9001
f 8267 9001 8149
f 8267 8149 7265
f 7265 8149 7342
f 8149 9001 8695
f 8695 9001 9689
f 7342 8149 7978
f 7978 8149 8695
f 7342 7978 7289
f 7978 8695 7920
f 7978 7920 7368
f 7920 8695 8545
f 7920 8545 7891
f 7891 8545 8421
f 9917 9143 10113
f 5875 7207 7265
f 653 450 1079
f 653 1079 719
f 719 1079 1267
f 719 1267 368
f 368 1267 1265
f 368 1265 1379
f 368 1379 419
f 419 1379 1473
f 419 1473 551
f 1471 1473 2209
f 1473 1471 757
f 1473 757 551
f 551 757 6268
f 6268 757 6191
f 6191 757 6074
f 6074 757 838
f 838 757 1829
f 6193 5875 7265
f 901 25 655
f 655 25 372
f 372 25 6380
f 372 6380 116
f 116 6380 6565
f 116 6565 6678
f 116 6678 5923
f 6565 6380 7368
f 6565 7368 6678
f 7368 6380 7289
f 7368 7289 7978
f 6678 7368 7370
f 7370 7368 7891
f 7891 7368 7920
f 1155 905 806
f 1155 806 1381
f 806 905 480
f 480 905 723
f 480 723 283
f 1381 806 1048
f 1381 1048 1269
f 1381 1269 1573
f 1573 1269 1412
f 1573 1412 1746
f 1746 1412 1602
f 1746 1602 1911
f 1911 1602 1787
f 1911 1787 2142
f 2142 1787 2546
f 2546 1787 2239
f 480 283 6156
f 6156 283 6302
f 6156 6302 7006
f 7006 6302 7136
f 7006 7136 7889
f 6156 7006 6768
f 480 6156 5921
f 5921 6156 6768
f 480 5921 806
f 7642 6768 7889
f 806 5921 155
f 155 5921 6768
f 806 155 1048
f 1048 155 370
f 1048 370 1269
f 1269 370 553
f 1269 553 1412
f 1412 553 1602
f 370 155 6414
f 6414 155 6563
f 6563 155 6768
f 6414 6563 7340
f 6563 6768 7472
f 6563 7472 7340
f 7472 6768 7642
f 7340 7472 8205
f 7472 7642 8347
f 7006 7889 6768
f 7889 7136 7843
f 7889 7843 8750
f 8750 7843 8512
f 8750 8512 9059
f 7889 8750 8209
f 8209 8750 9183
f 7889 8209 7642
f 8209 9183 9546
f 7642 8209 8347
f 8347 8209 9546
f 10113 9546 10077
f 9546 10113 9468
f 9546 9468 8347
f 8347 9468 8205
f 8347 8205 7472
f 8205 9468 9143
f 8205 9143 7976
f 7976 9143 7750
f 7750 9143 8849
f 7750 8849 8482
f 8750 9059 9320
f 9320 9059 9293
f 9320 9293 9503
f 8750 9320 9183
f 9320 9503 9800
f 9320 9800 9183
f 9183 9800 9546
f 9546 9800 10077
f 10077 9800 9995
f 10077 9995 10210
f 9995 9800 9826
f 9503 9293 9026
f 9826 9800 9503
f 9826 9503 9185
f 9185 9503 9026
f 9826 9185 9409
f 9185 9026 8545
f 9185 8545 9409
f 8545 9026 8421
f 9409 8545 8695
f 9409 8695 9689
f 9143 9468 10113
f 10113 10077 10210
f 10113 10210 10297
f 2546 2239 2668
f 2546 2668 3153
f 2668 2239 1785
f 1785 2239 1787
f 1785 1787 840
f 2668 1785 2112
f 2112 1785 1077
f 2668 2112 2319
f 2668 2319 3001
f 3001 2319 2284
f 3001 2284 3149
f 840 1787 1602
f 840 1602 520
f 520 1602 553
f 840 520 6639
f 6639 520 6343
f 6345 6343 553
f 6345 553 370
f 6345 370 6414
f 6343 6345 7004
f 6343 7004 6639
f 6345 6414 7184
f 6345 7184 7004
f 7184 6414 7340
f 7184 7340 7976
f 7184 7976 7004
f 7976 7340 8205
f 7004 7976 7750
f 7004 7750 7598
f 7004 7598 6639
f 7598 7750 8482
f 6639 7598 7311
f 7598 8482 7497
f 7497 8482 8110
f 1077 6639 6296
f 6639 1077 840
f 840 1077 1785
f 1077 6296 6115
f 1077 6115 957
f 553 6343 520
f 6296 6639 7311
f 6296 7311 6115
f 7497 7311 7598
f 6115 7311 7596
f 7596 7311 7497
f 6115 7596 7624
f 7596 7497 7806
f 7596 7806 7624
f 7806 7497 8110
f 6115 7624 6113
f 6113 7624 7662
f 6113 7662 6517
f 6517 7662 7640
f 6517 7640 6601
f 6601 7640 7683
f 6601 7683 6599
f 6599 7683 6597
f 6597 7683 7728
f 7728 7683 8377
f 7728 8377 8543
f 7728 8543 7767
f 7767 8543 8693
f 6597 7728 6561
f 6561 7728 7767
f 6597 6561 651
f 6597 651 587
f 7767 8693 7798
f 7798 8693 8746
f 6561 7767 6515
f 6515 7767 7798
f 651 6561 715
f 715 6561 6515
f 651 715 1885
f 651 1885 1744
f 1885 715 1987
f 1987 715 713
f 713 715 6515
f 1987 713 1985
f 1985 713 649
f 1985 649 1944
f 713 6515 6481
f 713 6481 649
f 6481 6515 7798
f 649 6481 647
f 647 6481 6406
f 6406 6481 7679
f 6481 7798 7746
f 6481 7746 7679
f 7746 7798 8746
f 7679 7746 8663
f 8663 7746 8746
f 2112 1077 957
f 2112 957 1003
f 2112 1003 2319
f 2319 1003 1046
f 2319 1046 2284
f 2284 1046 955
f 955 1046 68
f 2284 955 1909
f 1909 955 872
f 1909 872 1667
f 957 6115 1003
f 1003 6115 6113
f 1003 6113 1046
f 7806 8314 8069
f 7806 8069 7771
f 7771 8069 7713
f 7713 8069 7916
f 7713 7916 7837
f 7713 7837 7711
f 9024 9466 8748
f 7806 7771 7624
f 7624 7771 7713
f 7624 7713 7662
f 7662 7713 7709
f 7662 7709 7640
f 8145 8312 8265
f 8145 8265 7946
f 8145 7946 8031
f 7946 8265 7769
f 7769 8265 8108
f 7946 7769 7841
f 8031 7946 7912
f 7912 7946 7841
f 7912 7841 7914
f 8031 7912 8005
f 7912 7914 7944
f 7912 7944 8005
f 8005 7944 8102
f 8005 8102 8143
f 7864 7808 7866
f 7864 7866 7948
f 7866 7808 7685
f 7685 7808 7548
f 7685 7548 7451
f 7685 7451 7470
f 7685 7470 7748
f 7866 7685 7974
f 7974 7685 7748
f 7866 7974 7948
f 7748 7470 7804
f 7748 7804 7974
f 7804 7470 7495
f 7948 7974 8035
f 8035 7974 7804
f 7948 8035 8033
f 8033 8035 8104
f 8104 8035 8106
f 8106 8035 7804
f 8104 8106 8203
f 7804 7495 7839
f 7804 7839 8106
f 7839 7495 7518
f 8203 8106 8177
f 8177 8106 7839
f 7839 7518 7862
f 7839 7862 8177
f 7862 7518 7516
f 7862 7516 7493
f 8177 7862 8263
f 8177 8263 8203
f 7862 7493 7940
f 7862 7940 8263
f 8203 8263 8345
f 8203 8345 8310
f 8345 8263 8480
f 8480 8263 7940
f 8345 8480 8593
f 8593 8480 8999
f 8141 7940 7493
f 7940 8141 8480
f 8141 7493 7570
f 8999 8480 8894
f 8894 8480 8141
f 8141 7570 8449
f 8141 8449 8894
f 8449 7570 7681
f 8999 8894 9246
f 9246 8894 8449
f 8999 9246 9220
f 9220 9246 9116
f 9116 9246 9244
f 8449 7681 7796
f 9244 9246 8811
f 8811 9246 8449
f 8811 8449 7796
f 9244 8811 8962
f 8962 8811 7796
f 8962 7796 7835
f 7864 7948 7769
f 7769 7948 8033
f 7769 8033 7841
f 7841 8033 7914
f 7914 8033 8104
f 7914 8104 8067
f 7914 8067 7944
f 7944 8067 8310
f 8310 8067 8203
f 7944 8310 8102
f 8102 8310 8593
f 8102 8593 8143
f 8593 8310 8345
f 8104 8203 8067
f 153 6731 6846
f 153 6846 5842
f 279 6676 153
f 153 5842 1507
f 279 153 1377
f 1377 153 1507
f 1507 5842 1001
f 1001 5842 6003
f 1001 6003 6074
f 1507 1001 1783
f 279 1377 1263
f 1377 1507 2367
f 1377 2367 1263
f 2367 1507 2182
f 279 1263 417
f 2367 2182 3338
f 3338 2182 2999
f 3338 2999 4488
f 3338 4488 4755
f 3338 4755 4803
f 2544 1263 2367
f 2544 2367 3338
f 1469 417 1263
f 1469 1263 2544
f 3338 4803 3468
f 3338 3468 2544
f 3468 4803 4720
f 1469 2544 2569
f 2569 2544 3468
f 3468 4720 3466
f 3468 3466 2569
f 3466 4720 4575
f 1469 2569 1663
f 1469 1663 417
f 2569 3466 2702
f 2569 2702 1663
f 3466 4575 3598
f 3466 3598 2702
f 3598 4575 4374
f 3598 4374 3464
f 3598 3464 2702
f 1663 2702 2728
f 1663 2728 1856
f 1663 1856 870
f 1663 870 585
f 1663 585 417
f 417 585 6483
f 6483 585 6341
f 9220 9116 8663
f 9220 8663 8746
f 6341 585 870
f 8746 8999 9220
f 8999 8746 8693
f 8593 8999 8693
f 649 647 1881
f 649 1881 1944
f 1944 1881 3296
f 3296 1881 3186
f 1944 3296 3336
f 1944 3336 1985
f 8593 8693 8543
f 8593 8543 8343
f 8593 8343 8143
f 8343 8543 8377
f 8143 8343 7801
f 8343 8377 7942
f 8343 7942 7801
f 3296 3186 4376
f 4376 3186 4040
f 3296 4376 4378
f 3296 4378 3336
f 4376 4040 5001
f 5001 4040 4716
f 4378 4376 4892
f 4892 4376 5001
f 3336 4378 4094
f 3336 4094 3233
f 3233 4094 2920
f 2954 2636 2920
f 2954 2920 3470
f 3470 2920 4094
f 4094 4378 4310
f 4094 4310 3470
f 4310 4378 4892
f 3470 4310 3554
f 3554 4310 3600
f 3554 3600 3340
f 3600 4310 3976
f 3600 3976 3340
f 3340 3976 3655
f 3340 3655 3602
f 3976 4310 4425
f 4425 4310 4892
f 3340 3602 3302
f 3340 3302 2883
f 3302 3602 3760
f 3760 3602 3908
f 3302 3760 3657
f 3760 3908 3472
f 3472 3908 3827
f 3657 3760 4042
f 3657 4042 2753
f 3657 2753 2496
f 2753 4042 3149
f 3149 4042 3762
f 3149 3762 3001
f 3001 3762 3153
f 3001 3153 2668
f 1985 3336 3233
f 1985 3233 1987
f 1987 3233 2920
f 1987 2920 1885
f 1885 2920 2636
f 1885 2636 1744
f 1744 2636 2573
f 2573 2636 2954
f 1744 2573 1600
f 1600 2573 2496
f 1600 2496 1667
f 1600 1667 872
f 1744 1600 587
f 1744 587 651
f 1600 872 717
f 1600 717 587
f 717 872 68
f 587 717 6599
f 587 6599 6597
f 6599 717 6601
f 6601 717 68
f 6601 68 6517
f 5003 4892 5001
f 4892 5003 4425
f 5003 5001 5207
f 5207 5001 4716
f 5207 4716 4952
f 4425 5003 4649
f 4425 4649 4651
f 4651 4649 5122
f 4651 5122 4960
f 5122 4649 5056
f 5056 4649 5003
f 4651 4960 4577
f 4651 4577 3976
f 4577 4960 4579
f 4577 4579 4312
f 5056 5003 4958
f 4958 5003 5207
f 5056 4958 4803
f 5056 4803 4755
f 4803 4958 4720
f 4958 5207 4954
f 4958 4954 4720
f 4954 5207 4952
f 4720 4954 4575
f 4954 4952 4718
f 4954 4718 4575
f 4575 4718 4374
f 2702 3464 2728
f 2182 1507 1783
f 2999 2182 2609
f 2609 2182 1783
f 1001 6074 838
f 1001 838 1829
f 1001 1829 1783
f 1783 1829 2609
f 2609 1829 2286
f 2286 1829 2288
f 6924 7002 6191
f 7233 7548 7453
f 6378 419 6268
f 6268 419 551
f 1046 6113 68
f 68 6113 6517
f 3149 2284 1909
f 3149 1909 2753
f 2753 1909 1667
f 2753 1667 2496
f 872 955 68
f 3302 3657 2496
f 3827 3908 4312
f 3827 4312 4579
f 4312 3908 3602
f 4312 3602 3655
f 4312 3655 4577
f 4577 3655 3976
f 4425 4651 3976
f 3554 3340 2883
f 3554 2883 3470
f 3470 2883 2954
f 2954 2883 2496
f 2883 3302 2496
f 2954 2496 2573
f 7942 8377 7683
f 7942 7683 7802
f 7942 7802 7801
f 7802 7683 7640
f 7802 7640 7709
f 7711 7801 7802
f 7711 7802 7709
f 7711 7709 7713
f 4682 4615 4396
f 4548 4615 4680
f 4615 4548 4396
f 4396 4548 4508
f 4396 4508 4394
f 4550 4617 4682
f 4550 4682 4396
f 4550 4396 4464
f 4550 4464 4400
f 4508 4548 4546
f 4464 4396 4355
f 4235 4237 4355
f 4235 4355 4353
f 4353 4355 4396
f 4235 4353 4231
f 4231 4353 4396
f 4231 4396 4286
f 4231 4286 4114
f 4114 4286 4173
f 4235 4231 4175
f 4392 4394 4508
f 4173 4286 4229
f 4229 4286 4396
f 4229 4396 4351
f 4229 4351 4171
f 4351 4396 4394
f 4171 4351 4227
f 4227 4351 4394
f 4227 4394 4225
f 3863 3856 3952
f 3952 3856 3857
f 3952 3857 3858
f 3879 3875 3952
f 3879 3952 3883
f 3883 3952 3887
f 3887 3952 3890
f 3952 3858 3864
f 3864 3858 3707
f 3864 3707 3717
f 3717 3707 3513
f 3513 3707 3509
f 3717 3513 3725
f 3717 3725 3864
f 3864 3725 3870
f 3864 3870 3952
f 3517 3521 3725
f 3725 3521 3729
f 3725 3729 3870
f 3729 3521 3525
f 3870 3729 3876
f 3870 3876 3952
f 3729 3525 3734
f 3729 3734 3876
f 3734 3525 3529
f 3952 3876 3880
f 3880 3876 3734
f 3952 3880 3884
f 3884 3880 3734
f 3952 3884 3888
f 3952 3888 3890
f 3890 3888 3745
f 3533 3745 3529
f 3888 3884 3739
f 3888 3739 3745
f 3739 3884 3734
f 3745 3739 3529
f 3529 3739 3734
f 3857 3856 3706
f 3706 3856 3863
f 3857 3706 3702
f 3857 3702 3858
f 3858 3702 3707
f 3707 3702 3509
f 3509 3702 3505
f 3505 3702 3706
f 3706 3863 3716
f 3505 3706 3508
f 3505 3508 3255
f 3706 3716 3512
f 3706 3512 3508
f 3716 3863 3724
f 3716 3724 3512
f 3508 3512 3262
f 3508 3262 3258
f 3258 3262 3018
f 3262 3512 3516
f 3262 3516 3266
f 3516 3512 3724
f 3516 3724 3520
f 3520 3724 3728
f 3728 3724 3875
f 3875 3724 3869
f 3869 3724 3863
f 3875 3869 3952
f 3952 3869 3863
f 3516 3520 3266
f 3266 3520 3272
f 3272 3520 3524
f 3272 3524 3276
f 3272 3276 3038
f 3272 3038 3032
f 3272 3032 3266
f 3032 3038 2827
f 3032 2827 2823
f 3032 2823 2817
f 3032 2817 3026
f 3032 3026 3266
f 3266 3026 3262
f 3728 3875 3879
f 3728 3879 3733
f 3733 3879 3883
f 3728 3733 3524
f 3728 3524 3520
f 3524 3733 3528
f 3524 3528 3276
f 3733 3883 3738
f 3733 3738 3528
f 3738 3883 3743
f 3743 3883 3887
f 3528 3738 3532
f 3532 3738 3743
f 3276 3528 3280
f 3280 3528 3532
f 3743 3887 3890
f 3743 3890 3744
f 3744 3890 3745
f 3744 3745 3533
f 3743 3744 3535
f 3743 3535 3532
f 3286 3535 3533
f 3535 3286 3289
f 3535 3289 3532
f 3532 3289 3285
f 3532 3285 3280
f 3285 3289 3047
f 3285 3047 3280
f 3280 3047 3042
f 3509 3505 3255
f 3509 3255 3259
f 3509 3259 3263
f 3263 3259 3023
f 3259 3255 3019
f 3508 3258 3255
f 3255 3258 3018
f 3019 3255 3015
f 3015 3255 3018
f 3019 3015 2810
f 3019 2810 2814
f 2810 3015 2806
f 2806 3015 3018
f 2806 3018 2809
f 3513 3509 3263
f 3725 3513 3517
f 3513 3263 3267
f 3513 3267 3517
f 3517 3267 3273
f 3517 3273 3521
f 3273 3267 3033
f 3267 3263 3027
f 3267 3027 3033
f 3033 3027 2824
f 2824 3027 2818
f 3027 3263 3023
f 3027 3023 2818
f 2818 3023 2814
f 2814 3023 3019
f 3019 3023 3259
f 3525 3521 3277
f 3277 3521 3273
f 3525 3277 3281
f 3525 3281 3529
f 3529 3281 3533
f 3533 3281 3286
f 3286 3281 3043
f 3043 3281 3277
f 3286 3043 3048
f 3277 3273 3039
f 3277 3039 3043
f 3039 3273 3033
f 3039 3033 2824
f 3039 2824 2828
f 3039 2828 2832
f 3039 2832 3043
f 3043 2832 3048
f 3048 2832 2836
f 3535 3744 3533
f 3276 3280 3042
f 3038 3276 3042
f 3042 3047 2835
f 3042 2835 2831
f 2835 3047 2838
f 2838 3047 3051
f 2838 3051 2836
f 3051 3047 3289
f 2836 3051 3048
f 3048 3051 3289
f 3048 3289 3286
f 3042 2831 3038
f 3038 2831 2827
f 3026 2817 3022
f 3026 3022 3262
f 3262 3022 3018
f 3018 3022 2813
f 3018 2813 2809
f 3022 2817 2813
f 1454 1484 1286
f 1484 1454 1393
f 1484 1393 1518
f 1518 1393 1425
f 1518 1425 1456
f 1425 1393 1323
f 1456 1425 1288
f 1288 1425 1323
f 1393 1454 1286
f 1393 1286 1323
f 1286 1484 1518
f 1286 1518 1207
f 1207 1518 1144
f 1144 1518 1581
f 1144 1581 1032
f 1032 1581 1649
f 1286 1207 1323
f 1323 1207 1144
f 1323 1144 1288
f 1288 1144 1032
f 1456 1210 1487
f 1487 1210 1147
f 699 790 927
f 699 626 305
f 699 305 354
f 354 305 61
f 61 305 102
f 61 102 5944
f 305 626 186
f 305 186 102
f 102 186 5944
f 699 354 357
f 699 357 790
f 357 354 108
f 108 354 61
f 108 61 5948
f 108 5827 357
f 357 5827 188
f 188 5827 5904
f 188 790 357
f 790 188 308
f 308 188 5904
f 6506 6182 6587
f 6506 6587 6824
f 6824 6587 6974
f 6182 6506 6547
f 6547 6506 6866
f 6866 6506 6824
f 6866 6824 7120
f 7120 6824 7118
f 7120 7118 7260
f 7260 7118 7259
f 7260 7259 7304
f 7304 7259 7303
f 7304 7303 7305
f 6752 7078 7175
f 6752 7175 6935
f 7175 7078 7331
f 7331 7078 7307
f 7331 7307 7443
f 7049 7228 7445
f 7445 7228 7360
f 7360 7444 7585
f 7360 7585 7542
f 7585 7444 7512
f 7585 7512 7616
f 7616 7512 7615
f 7307 7078 7421
f 7307 7421 7464
f 7464 7421 7538
f 7538 7421 7614
f 7443 7307 7464
f 7443 7464 7540
f 7540 7464 7539
f 7540 7539 7584
f 7540 7584 7560
f 7540 7560 7512
f 7512 7560 7615
f 7615 7560 7584
f 7615 7584 7660
f 7615 7660 7616
f 7616 7660 7674
f 7616 7674 7675
f 7616 7675 7585
f 7585 7675 7635
f 7585 7635 7542
f 7542 7635 7617
f 7542 7617 7445
f 7583 7584 7539
f 7583 7539 7464
f 7660 7584 7634
f 7634 7584 7583
f 7660 7634 7659
f 7634 7583 7538
f 7634 7538 7659
f 7659 7538 7614
f 7583 7464 7538
f 7660 7659 7674
f 7674 7659 7614
f 7674 7614 7675
f 7675 7614 7635
f 7635 7614 7559
f 7635 7559 7617
f 7148 7614 7421
f 7614 7148 7559
f 7360 7542 7445
f 7760 7617 7904
f 7760 7904 8297
f 7760 8297 8168
f 8168 8297 8504
f 8504 8297 8554
f 7617 8295 7904
f 8295 8613 7904
f 7904 8613 8169
f 9779 9209 9278
f 9278 9209 8553
f 8553 9209 8502
f 9779 9278 9842
f 10107 9779 9842
f 10293 10428 10313
f 10325 10107 10190
f 10325 10190 10355
f 10325 10355 10428
f 10190 10107 9842
f 10190 9842 10259
f 10259 9842 9928
f 9928 9842 9355
f 9928 9355 9643
f 9643 9355 8411
f 10190 10259 10355
f 10355 10259 10386
f 10355 10386 10428
f 10387 10428 10386
f 10387 10386 10272
f 10272 10386 10259
f 10272 10259 10025
f 10025 10259 9928
f 10025 9928 9643
f 7172 7509 7302
f 7302 7509 7787
f 7172 7302 6974
f 7172 6974 6691
f 6691 6974 6587
f 6974 7302 6824
f 6824 7302 7118
f 7118 7302 7259
f 7302 7787 7580
f 7259 7302 7390
f 7580 7787 7879
f 7259 7390 7303
f 7303 7390 7391
f 7303 7391 7305
f 7879 7787 8163
f 7879 8163 8390
f 8390 8163 8577
f 8390 8577 8833
f 8833 8577 9015
f 8833 9015 9206
f 9206 9015 9308
f 9206 9308 9488
f 6428 6691 6587
f 7148 7306 7537
f 7537 7306 7511
f 7511 7306 7358
f 7511 7358 7357
f 7511 7357 7442
f 7442 7357 7305
f 7536 7537 7511
f 7536 7511 7510
f 7510 7511 7442
f 7510 7442 7439
f 7357 7358 7260
f 7357 7260 7304
f 7357 7304 7305
f 7305 7391 7439
f 7439 7391 7390
f 7439 7390 7510
f 7510 7390 7302
f 7510 7302 7536
f 7305 7439 7442
f 7932 8289 8502
f 8502 8289 9016
f 9016 8289 8727
f 9016 8727 9208
f 9016 9208 9396
f 7669 7302 7580
f 7669 7580 7962
f 7962 7580 7879
f 7962 7879 8433
f 8433 7879 8390
f 8433 8390 8915
f 8915 8390 8833
f 8915 8833 9275
f 9275 8833 9206
f 9275 9206 9522
f 9522 9206 9488
f 9522 9488 9672
f 8502 9016 8553
f 8553 9016 9042
f 9042 9016 9396
f 9524 9396 9208
f 9396 9524 9607
f 9607 9524 9638
f 9607 9638 9673
f 9673 9638 9672
f 9524 9275 9638
f 9638 9275 9522
f 9638 9522 9672
f 9488 9308 9520
f 9488 9520 9672
f 6021 99 98
f 98 99 505
f 98 505 438
f 438 505 854
f 854 505 948
f 99 6021 142
f 99 142 505
f 505 142 506
f 505 506 925
f 505 925 948
f 948 925 1325
f 1325 925 1243
f 1325 1243 1614
f 1614 1243 1526
f 1614 1526 1766
f 1614 1766 1870
f 1870 1766 2129
f 6021 98 55
f 55 98 438
f 55 438 349
f 349 438 695
f 695 438 854
f 695 854 1211
f 695 1211 983
f 983 1211 1489
f 983 1489 1244
f 1244 1489 1765
f 1244 1765 1459
f 1244 1459 1036
f 142 6021 100
f 142 100 439
f 142 439 506
f 506 439 925
f 925 439 787
f 100 6021 56
f 100 56 351
f 100 351 439
f 56 6021 55
f 56 55 351
f 351 55 349
f 351 349 695
f 351 695 696
f 696 695 983
f 439 351 696
f 439 696 787
f 787 696 949
f 787 949 1067
f 854 948 1325
f 854 1325 1211
f 1211 1325 1614
f 1211 1614 1489
f 1489 1614 1765
f 1765 1614 1870
f 1765 1870 2129
f 1765 2129 2000
f 2000 2129 2307
f 2307 2129 2561
f 2561 2129 2385
f 2561 2385 2686
f 2561 2686 2912
f 2686 2385 2843
f 2686 2843 2912
f 2843 2385 2537
f 2912 2843 3134
f 2912 3134 3459
f 2912 3459 3293
f 2537 2385 2306
f 2306 2385 2092
f 2306 2092 1730
f 2306 1730 1969
f 949 696 983
f 1067 925 787
f 1243 925 1067
f 1244 949 983
f 1036 358 1244
f 1459 1765 1768
f 1768 1765 2000
f 1768 2000 2307
f 1768 2307 2561
f 2385 2129 1766
f 1526 1243 1067
f 1766 1526 1366
f 1366 1526 1067
f 1366 1067 1069
f 1069 1067 628
f 1035 1349 1069
f 1035 1069 543
f 543 1069 628
f 543 628 105
f 105 628 144
f 105 144 6148
f 6148 144 6143
f 6148 6143 6466
f 6466 6143 6509
f 6466 6509 6791
f 6791 6509 6827
f 6791 6827 7017
f 6791 7017 6978
f 6978 7017 7083
f 7083 7017 7080
f 2092 2385 1766
f 2092 1766 1730
f 1730 1766 1349
f 1730 1349 1185
f 1730 1185 1429
f 1766 1366 1349
f 1349 1366 1069
f 2306 1969 1930
f 2306 1930 2229
f 1930 1969 1616
f 1930 1616 1618
f 1618 1616 1350
f 1350 1616 1326
f 1350 1326 1070
f 1070 1326 984
f 1070 984 858
f 858 984 828
f 858 828 744
f 744 828 742
f 742 828 984
f 742 984 894
f 1969 1730 1616
f 1616 1730 1429
f 1616 1429 1326
f 1185 892 1429
f 1429 892 1110
f 1429 1110 1326
f 1326 1110 894
f 1326 894 984
f 2537 2306 2229
f 2537 2229 2429
f 2537 2429 2843
f 2843 2429 2778
f 2229 1930 1767
f 1767 1930 1492
f 1492 1930 1618
f 2229 1767 2052
f 2229 2052 2429
f 2429 2052 2310
f 2429 2310 2778
f 2310 2052 1769
f 1769 2052 1529
f 1529 2052 1767
f 1769 1529 1351
f 1351 1529 1289
f 1289 1529 1767
f 1289 1767 1492
f 1289 1492 1246
f 1246 1492 1618
f 1289 1246 1071
f 1246 1618 1350
f 1246 1350 986
f 986 1350 1070
f 2843 2778 3058
f 2843 3058 2659
f 2659 3058 2841
f 2659 2841 2658
f 2659 2658 2534
f 1185 1349 1035
f 1185 1035 827
f 1185 827 892
f 1351 1111 1035
f 1035 1111 827
f 827 1111 897
f 827 897 743
f 827 743 630
f 827 630 892
f 892 630 741
f 894 1110 892
f 894 892 741
f 741 630 631
f 741 631 700
f 700 631 744
f 700 744 742
f 700 742 741
f 741 742 894
f 631 630 743
f 631 743 701
f 631 701 744
f 1070 858 859
f 859 858 744
f 1070 859 986
f 859 744 792
f 859 792 986
f 986 792 898
f 792 744 701
f 792 701 898
f 898 701 743
f 898 743 897
f 898 897 1071
f 898 1071 986
f 986 1071 1246
f 1071 897 1289
f 1289 897 1111
f 1289 1111 1351
f 1351 1035 860
f 860 1035 543
f 1351 860 829
f 860 543 359
f 860 359 829
f 829 359 110
f 110 359 5909
f 359 543 5909
f 5909 543 105
f 5909 105 6259
f 5909 6259 6187
f 6187 6259 6468
f 6468 6259 6757
f 6259 105 6148
f 6259 6148 6589
f 6589 6148 6466
f 6589 6466 6828
f 6828 6466 6791
f 929 1351 829
f 929 829 407
f 407 829 110
f 407 110 5910
f 5910 110 6207
f 5910 6207 6288
f 6288 6207 6552
f 6288 6552 6590
f 6590 6552 6833
f 144 628 58
f 144 58 6143
f 58 628 575
f 575 628 1067
f 575 1067 949
f 6143 58 6234
f 6143 6234 6509
f 6509 6234 6664
f 6509 6664 6827
f 6827 6664 6938
f 6827 6938 7017
f 7017 6938 7080
f 1368 1351 929
f 1351 1368 1769
f 1368 929 930
f 930 929 477
f 1368 930 1353
f 1368 1353 1769
f 477 929 407
f 1769 1353 1770
f 477 407 62
f 1769 1770 2275
f 62 407 5910
f 1769 2275 2310
f 62 5910 6288
f 2310 2275 2691
f 2691 2275 2692
f 2691 2692 3105
f 62 6288 6150
f 6150 6288 6433
f 6433 6288 6590
f 6433 6590 6665
f 6665 6590 6835
f 6665 6835 6941
f 6665 6941 6837
f 6837 6941 6985
f 6837 6985 6907
f 6907 6985 6944
f 6907 6944 6909
f 6909 6944 6841
f 930 477 269
f 269 477 5912
f 5912 477 62
f 5912 62 6237
f 6237 62 6150
f 6237 6150 6433
f 6237 6433 6471
f 930 269 632
f 930 632 1353
f 222 269 6065
f 269 222 632
f 632 222 189
f 189 222 6031
f 189 6031 6151
f 6151 6031 6473
f 6473 6031 6371
f 632 189 745
f 1148 1353 632
f 1148 632 745
f 1353 1148 1585
f 1585 1148 745
f 1353 1585 1770
f 1585 745 1400
f 1770 1585 2275
f 1585 1400 2054
f 2275 1585 2173
f 2173 1585 2054
f 2275 2173 2692
f 2173 2054 2562
f 2692 2173 2625
f 2625 2173 2562
f 2692 2625 3105
f 2625 2562 3106
f 3106 2562 3064
f 3106 3064 3652
f 2310 2691 2690
f 2690 2691 3105
f 3815 3325 4370
f 2779 3105 2625
f 3590 2779 3063
f 3063 2779 2433
f 3063 2433 2626
f 2626 2433 2135
f 2626 2135 2333
f 2333 2135 2056
f 2056 2135 1872
f 2056 1872 1819
f 1819 1872 1653
f 1819 1653 1534
f 1819 1534 1624
f 2433 2779 2625
f 4883 4302 4523
f 4883 4523 4993
f 4523 4302 3901
f 3901 4302 3591
f 3901 3591 2981
f 2981 3591 2626
f 3901 2981 3227
f 2981 2626 2628
f 2981 2628 3227
f 2628 2626 2334
f 3227 2628 2782
f 2782 2628 2358
f 2782 2358 2539
f 2539 2358 2336
f 2336 2358 2175
f 4304 3901 3750
f 3750 3901 3180
f 3180 3901 3227
f 3180 3227 2782
f 3180 2782 2846
f 2846 2782 2539
f 2846 2539 2601
f 2601 2539 2336
f 2601 2336 2387
f 2387 2336 2202
f 2387 2202 2234
f 2234 2202 2102
f 2234 2102 2140
f 2140 2102 2010
f 3180 2846 2946
f 2946 2846 2663
f 2663 2846 2601
f 2663 2601 2437
f 2437 2601 2387
f 2437 2387 2313
f 2313 2387 2200
f 2200 2387 2234
f 2200 2234 2140
f 2200 2140 2100
f 2694 3327 2946
f 3327 2694 3066
f 2694 2946 2436
f 2436 2946 2663
f 2436 2663 2277
f 2277 2663 2437
f 2277 2437 2139
f 2139 2437 2313
f 2139 2313 2057
f 2057 2313 2200
f 2057 2200 2008
f 2008 2200 2100
f 2008 2100 2010
f 2436 2277 2138
f 2436 2138 2335
f 2436 2335 2694
f 2694 2335 2600
f 2694 2600 2914
f 2600 2335 2312
f 2694 2914 3066
f 2312 2335 2138
f 3066 2914 3326
f 3066 3326 3365
f 3365 3326 3900
f 2312 2138 2137
f 2312 2137 2334
f 2137 2138 1975
f 1975 2138 2005
f 2005 2138 2277
f 1975 2005 1937
f 2005 2277 2139
f 1937 2005 1936
f 1936 2005 2139
f 1937 1936 1940
f 1936 2139 2057
f 1940 1936 1939
f 1939 1936 2057
f 1940 1939 2010
f 1939 2057 2008
f 1939 2008 2010
f 2137 1975 2358
f 2137 2358 2628
f 2137 2628 2334
f 2358 1975 2175
f 2175 1975 1937
f 2175 1937 2059
f 2312 2334 2600
f 2334 2626 2600
f 2175 2059 2336
f 2336 2059 2202
f 2202 2059 2102
f 2102 2059 2009
f 2102 2009 2010
f 2010 2009 1940
f 2009 2059 1937
f 2009 1937 1940
f 2140 2010 2100
f 5301 5269 5247
f 5247 5269 5223
f 5247 5223 5180
f 5223 5269 5222
f 5223 5222 5138
f 5138 5222 5099
f 5138 5099 5022
f 5022 5099 5024
f 5024 5099 5179
f 5180 5223 5139
f 5223 5138 5139
f 5139 5138 5022
f 5179 5222 5248
f 5222 5179 5099
f 5139 5022 5100
f 5224 5100 5139
f 5022 5024 4937
f 5022 4937 4970
f 5022 4970 5100
f 4937 5024 4831
f 4937 4831 4915
f 4937 4915 4970
f 4915 4831 4973
f 4915 4973 5025
f 5139 5100 4973
f 4970 4915 5025
f 4970 5025 5100
f 5100 5025 5101
f 4973 5100 5101
f 4973 5101 5025
f 4561 4563 4558
f 4563 4561 4468
f 4563 4468 4513
f 4513 4468 4470
f 4470 4468 4363
f 4363 4468 4561
f 4363 4561 4402
f 4402 4561 4558
f 4402 4558 4179
f 4402 4179 4181
f 4402 4181 4294
f 4181 4179 4026
f 4026 4179 3642
f 4181 4026 4079
f 4026 3642 3645
f 4079 4026 3894
f 3894 4026 3645
f 4179 4558 3642
f 4363 4402 4294
f 4363 4294 4239
f 4363 4239 4241
f 4241 4239 4124
f 4294 4181 4122
f 4239 4294 4122
f 4124 4239 4122
f 4122 4181 4079
f 4122 4079 4030
f 4079 3894 3647
f 3647 3894 3645
f 3645 3642 3584
f 3645 3584 3358
f 3358 3584 3324
f 3358 3324 3222
f 3222 3324 3220
f 3220 3324 3407
f 3324 3584 3407
f 3407 3584 3642
f 3407 3642 3287
f 3287 3642 3097
f 3097 3642 2623
f 3220 3407 3053
f 3053 3407 3287
f 3053 3287 3049
f 3049 3287 3097
f 3049 3097 2623
f 4403 4628 4835
f 4835 4628 4629
f 4628 4403 4125
f 4629 4628 4182
f 4182 4628 4125
f 4182 4125 3537
f 3537 4125 3447
f 3537 3447 2978
f 4629 4182 4080
f 4080 4182 3450
f 3450 4182 3537
f 3450 3537 2979
f 2979 3537 2978
f 2979 2978 2598
f 2598 2978 2597
f 2598 2597 2266
f 2266 2597 2265
f 2266 2265 1997
f 1997 2265 2223
f 4403 4835 4082
f 4403 4082 3586
f 4403 3586 3896
f 3896 3586 3292
f 4403 3896 4125
f 4125 3896 3292
f 4125 3292 3447
f 3586 3133 3292
f 3452 3960 3134
f 3134 3960 3459
f 3459 3960 3967
f 3452 3134 3133
f 3967 4245 4087
f 3967 4087 3966
f 3967 3966 3749
f 3967 3749 3459
f 3966 4087 4036
f 3459 3749 3293
f 3134 2843 2911
f 3134 2911 3133
f 2911 2843 2659
f 3133 2911 2720
f 2720 2911 2659
f 2720 2659 2534
f 2720 2534 2559
f 2559 2534 2383
f 2559 2383 2382
f 2382 2383 2227
f 2382 2227 2226
f 2226 2227 2097
f 3133 2720 2775
f 2775 2720 2482
f 3133 2775 3292
f 3292 2775 2482
f 3292 2482 2743
f 3292 2743 2907
f 3292 2907 3447
f 2743 2482 2376
f 2376 2482 2224
f 2743 2376 2907
f 2376 2224 1923
f 2907 2376 2480
f 2376 1923 2047
f 2376 2047 2480
f 2480 2047 2167
f 2047 1923 1728
f 2047 1728 1812
f 1842 2167 1812
f 1812 1728 1611
f 1812 1611 1842
f 2482 2720 2483
f 2482 2483 2267
f 2482 2267 2224
f 2224 2267 1996
f 2224 1996 1923
f 1923 1996 1813
f 2483 2720 2683
f 2483 2683 2267
f 1996 2267 2426
f 2426 2267 2683
f 2426 2683 2908
f 1996 2426 2125
f 1996 2125 1813
f 1813 2125 1844
f 1813 1844 1611
f 1923 1813 1728
f 1728 1813 1611
f 2047 1812 2167
f 1842 1611 1843
f 1843 1611 1844
f 1842 1843 2167
f 1843 1844 2168
f 1843 2168 2167
f 2168 1844 2125
f 2167 2168 2480
f 2168 2125 2481
f 2168 2481 2480
f 2481 2125 2426
f 2480 2481 2907
f 2481 2426 2908
f 2481 2908 2907
f 2907 2908 3447
f 2978 3447 2908
f 2978 2908 2597
f 2597 2908 2529
f 2597 2529 2265
f 2265 2529 2223
f 3176 2840 2684
f 2684 2840 2530
f 3176 2684 2942
f 3176 2942 3359
f 2530 2225 2428
f 2530 2428 2684
f 2428 2225 2197
f 2197 2225 1997
f 2684 2428 2683
f 2684 2683 2942
f 2683 2428 2427
f 2427 2428 2197
f 2942 2683 2720
f 2942 2720 3359
f 2683 2427 2908
f 2908 2427 2529
f 2529 2427 2196
f 2529 2196 2223
f 2427 2197 2196
f 2196 2197 1997
f 2196 1997 2223
f 3055 3359 2720
f 3055 2720 2559
f 3055 2559 2744
f 2744 2559 2532
f 2532 2559 2382
f 3359 3055 3056
f 3056 3055 2776
f 2776 3055 2744
f 2776 2744 2532
f 2776 2532 2558
f 2558 2532 2330
f 2330 2532 2304
f 2330 2304 2097
f 2658 2485 2534
f 2534 2485 2383
f 2383 2485 2227
f 2227 2485 2305
f 2227 2305 2097
f 2382 2226 2532
f 2532 2226 2304
f 2097 2304 2226
f 3326 2914 2749
f 2749 2914 2434
f 2914 2600 2434
f 2434 2600 2174
f 2434 2174 1972
f 1972 2174 1973
f 2434 1972 2311
f 1972 1973 1736
f 2434 2311 2625
f 1736 1973 1560
f 2434 2625 2749
f 1560 1973 1737
f 1560 1737 1461
f 1461 1737 1587
f 1461 1587 1402
f 2749 2625 3106
f 2749 3106 3178
f 2749 3178 3326
f 3178 3106 3652
f 3326 3178 3900
f 3900 3178 3652
f 3900 3652 3064
f 3900 3064 3365
f 3365 3064 2627
f 2627 3064 2562
f 2627 2562 2136
f 2136 2562 2054
f 2136 2054 1586
f 1586 2054 1532
f 1586 1532 1112
f 1112 1532 988
f 1112 988 508
f 508 988 360
f 508 360 5830
f 5830 360 6066
f 5830 6066 6239
f 6239 6066 6474
f 6239 6474 6510
f 6510 6474 6760
f 6510 6760 6914
f 6510 6914 6723
f 2625 2311 2433
f 2433 2311 1972
f 2433 1972 2135
f 2135 1972 1872
f 1872 1972 1736
f 1872 1736 1560
f 1872 1560 1653
f 1653 1560 1534
f 1534 1560 1461
f 1534 1461 1432
f 1432 1461 1402
f 3136 2435 2493
f 3136 2493 3137
f 2493 2435 2003
f 2003 2435 1932
f 2003 1932 1533
f 1533 1932 1431
f 1533 1431 1072
f 1072 1431 862
f 1072 862 311
f 1072 311 579
f 579 311 192
f 192 311 5866
f 1532 2054 1400
f 1532 1400 745
f 1532 745 988
f 988 745 360
f 360 745 111
f 360 111 6066
f 6066 111 6261
f 6066 6261 6474
f 3136 3137 3971
f 3971 3108 3181
f 3181 3108 2540
f 3181 2540 2695
f 2540 3108 2410
f 1772 2278 2006
f 1772 2006 1561
f 1772 1561 1434
f 1434 1561 1333
f 1434 1333 1294
f 1772 1434 1629
f 1629 1434 1294
f 1772 1629 2011
f 1629 1294 1405
f 2006 2540 1938
f 1938 2540 2410
f 1561 2006 1938
f 1561 1938 1588
f 1561 1588 1333
f 1333 1588 1403
f 1333 1403 1293
f 1333 1293 1192
f 1192 1293 1193
f 1193 1293 1254
f 1193 1254 1298
f 1193 1298 1258
f 1258 1298 1359
f 1258 1359 1259
f 1258 1259 1222
f 2062 1776 1821
f 1821 1776 1563
f 1563 1776 1537
f 1563 1537 1436
f 2062 1821 2363
f 2363 1821 2101
f 2363 2101 2388
f 2363 2388 2697
f 1340 1405 1294
f 1192 1294 1333
f 1294 1192 1193
f 1340 1294 1222
f 1222 1294 1193
f 1222 1193 1258
f 1340 1222 1299
f 1299 1222 1259
f 1299 1259 1359
f 1436 1537 1407
f 1436 1407 1356
f 1356 1407 1375
f 1356 1375 1357
f 1357 1375 1359
f 1356 1357 1298
f 1298 1357 1359
f 1563 1436 1293
f 1293 1436 1254
f 1254 1436 1356
f 1254 1356 1298
f 1563 1293 1403
f 1563 1403 1821
f 1821 1403 1588
f 1407 1408 1375
f 1375 1408 1358
f 1375 1358 1359
f 1299 1359 1358
f 1299 1358 1340
f 1588 1938 1821
f 1821 1938 2101
f 2101 1938 2388
f 2388 1938 2279
f 2388 2279 2696
f 2279 1938 2410
f 2058 1738 1654
f 2058 1654 2361
f 1654 1738 1372
f 1654 1372 1189
f 1654 1189 1113
f 1113 1189 796
f 796 1189 1372
f 796 1372 998
f 796 998 641
f 796 641 409
f 409 641 362
f 2630 2176 1873
f 1873 2176 1627
f 1686 2361 1654
f 1686 1654 1114
f 1114 1654 1113
f 1114 1113 478
f 478 1113 510
f 478 510 5997
f 5997 510 5831
f 5997 5831 6437
f 5997 6437 6637
f 6637 6437 7263
f 7263 6437 7092
f 7263 7092 7707
f 7707 7092 7591
f 7707 7591 8172
f 8172 7591 8093
f 8172 8093 8623
f 8623 8093 8622
f 1873 1627 1435
f 510 1113 796
f 510 796 147
f 147 796 409
f 147 409 5916
f 5916 409 148
f 5916 148 6036
f 6036 148 5833
f 6036 5833 5998
f 5831 510 270
f 270 510 408
f 5831 270 6437
f 270 408 6209
f 270 6209 6437
f 6209 408 5952
f 6437 6209 6842
f 6209 5952 6436
f 6209 6436 6842
f 5997 6637 6877
f 6437 6842 7092
f 7591 7092 6842
f 7591 6842 7397
f 7591 7397 7831
f 7591 7831 8093
f 8093 7831 8539
f 8539 7831 8302
f 8539 8302 8686
f 8539 8686 8884
f 8884 8686 9131
f 9131 8686 9075
f 9131 9075 9436
f 9436 9075 9434
f 9436 9434 9724
f 9436 9724 9725
f 9021 9081 9440
f 9021 9440 9318
f 9318 9440 9621
f 9318 9621 9540
f 9318 9540 9497
f 9540 9621 9684
f 9540 9684 9651
f 9137 8622 8586
f 9137 8586 9136
f 8586 8622 8093
f 8586 8093 8094
f 8586 8094 8563
f 8094 8093 7725
f 9137 9136 9538
f 9538 9136 9575
f 9538 9575 9728
f 9728 9575 9752
f 9575 9136 9080
f 9575 9080 9496
f 9496 9080 9407
f 9407 9080 9020
f 9020 9080 8565
f 9080 9136 8563
f 9080 8563 8565
f 8563 9136 8586
f 8565 8563 8173
f 8173 8563 8094
f 8173 8094 7725
f 9317 9286 9497
f 9497 9286 9318
f 9317 9497 9539
f 9539 9497 9622
f 9539 9622 9650
f 9650 9622 9652
f 9650 9652 9685
f 9650 9685 9620
f 9407 9317 9620
f 9620 9317 9539
f 9620 9539 9650
f 9407 9620 9496
f 9575 9496 9752
f 9752 9496 9683
f 9683 9496 9620
f 9683 9620 9755
f 9683 9755 9753
f 9683 9753 9752
f 9752 9753 9754
f 9728 9752 9754
f 9754 9753 9652
f 9652 9753 9755
f 9755 9620 9685
f 9755 9685 9652
f 9652 9622 9651
f 9652 9651 9684
f 9651 9622 9497
f 9651 9497 9540
f 2174 2600 2333
f 2333 2600 2626
f 2333 2056 2174
f 2174 2056 1973
f 1973 2056 1819
f 1973 1819 1737
f 1737 1819 1587
f 1587 1819 1624
f 1587 1624 1496
f 1587 1496 1462
f 1462 1496 1373
f 1534 1432 1624
f 1402 1587 1462
f 1402 1462 1373
f 1432 1402 1373
f 1624 1432 1496
f 1496 1432 1373
f 6187 6260 110
f 6187 110 5909
f 6260 6187 6549
f 6260 6549 6870
f 6870 6549 7395
f 6870 7395 7487
f 7487 7395 7965
f 7965 7395 7762
f 7965 7762 8415
f 8415 7762 8253
f 6187 6468 6549
f 6468 6757 6549
f 6757 6259 6589
f 6757 6589 6828
f 6757 6828 6980
f 6757 6980 7081
f 6757 7081 6869
f 6757 6869 6549
f 6549 6869 6467
f 6980 6828 7082
f 7082 6828 7018
f 6980 7082 7081
f 7081 7082 7151
f 7151 7082 7083
f 7151 7083 7150
f 7018 6828 6791
f 7018 6791 6978
f 7018 6978 7083
f 7082 7018 7083
f 7083 7080 7150
f 7150 7080 6938
f 7150 6938 7050
f 7050 6938 6664
f 7050 6664 6790
f 7150 7050 7151
f 7151 7050 7081
f 7081 7050 6790
f 7081 6790 6869
f 6869 6790 6467
f 6401 6664 6234
f 6664 6401 6790
f 6790 6401 6467
f 6401 6234 58
f 6467 6401 5906
f 5906 6401 5899
f 5899 6401 58
f 5906 5899 353
f 5899 58 442
f 5899 442 353
f 442 58 575
f 353 442 949
f 949 442 575
f 7395 6549 7149
f 7395 7149 7588
f 7588 7149 7482
f 7395 7588 7762
f 7588 7482 7857
f 7588 7857 7762
f 7857 7482 7739
f 7762 7857 7998
f 7857 7739 8130
f 7857 8130 7998
f 8130 7739 8086
f 7998 8130 8252
f 8130 8086 8436
f 8130 8436 8252
f 8252 8436 8505
f 8436 8086 8412
f 8505 8436 8731
f 8436 8412 8682
f 8436 8682 8731
f 8682 8412 8681
f 8731 8682 8951
f 8951 8682 8681
f 8297 7904 8413
f 8413 7904 8169
f 8297 8413 8614
f 8297 8614 8554
f 8504 8554 8764
f 8764 8554 8801
f 8764 8801 8951
f 8801 8554 8802
f 8801 8802 8951
f 8802 8554 8614
f 8951 8802 8803
f 8803 8802 8614
f 8803 8614 8581
f 8581 8614 8413
f 8413 8169 8394
f 8413 8394 8581
f 8951 8803 8731
f 8731 8803 8581
f 8731 8581 8505
f 8505 8581 8252
f 8252 8581 8394
f 8252 8394 8170
f 8252 8170 7998
f 8170 8394 8169
f 7998 8170 7762
f 7762 8170 8333
f 8170 8169 8333
f 7762 8333 8253
f 8253 8333 8733
f 8733 8333 8918
f 8733 8918 9168
f 9168 8918 9400
f 8415 8253 8733
f 8415 8733 8765
f 8765 8733 9168
f 8765 9168 9111
f 9111 9168 9526
f 9111 9526 9430
f 9430 9526 9720
f 9430 9720 9645
f 9645 9720 9820
f 8918 8333 8684
f 8918 8684 9110
f 8918 9110 9400
f 9400 9110 9457
f 9526 9168 9400
f 9526 9400 9676
f 8765 9111 9281
f 9281 9111 9430
f 9281 9430 9527
f 8765 9281 8991
f 8765 8991 8415
f 9457 9110 9281
f 9457 9281 9677
f 9281 9110 8991
f 9677 9281 9527
f 8991 9110 8684
f 8991 8684 8615
f 8615 8684 8299
f 9677 9527 9680
f 9677 9680 9787
f 9787 9680 9820
f 9400 9457 9677
f 9400 9677 9676
f 9676 9677 9787
f 9676 9787 9819
f 9819 9787 9820
f 9526 9676 9720
f 9720 9676 9819
f 9720 9819 9820
f 9430 9645 9527
f 9527 9645 9680
f 9680 9645 9820
f 8991 8615 8415
f 8415 8615 8255
f 8415 8255 7965
f 7965 8255 7741
f 7741 8255 7883
f 7741 7883 7589
f 7883 8255 8299
f 7589 7883 8000
f 8000 7883 8299
f 8255 8615 8299
f 7965 7741 7487
f 8000 8299 8369
f 8000 8369 7589
f 7589 8369 7884
f 7589 7884 7466
f 8369 8299 8805
f 8805 8299 9283
f 9283 8299 9129
f 7999 7487 7741
f 7487 7999 7882
f 7882 7999 8300
f 8300 7999 8334
f 7362 6870 7487
f 6870 7362 6832
f 6870 6832 6260
f 7362 7487 7740
f 7740 7487 7882
f 7740 7882 8300
f 7740 8300 8132
f 6832 7362 7332
f 7332 7362 7677
f 6832 7332 6834
f 7677 7362 7740
f 6832 6834 6260
f 6260 6834 6289
f 6260 6289 110
f 7677 7740 8001
f 8001 7740 8132
f 8001 8132 8438
f 8001 8438 8335
f 6834 7332 7396
f 7396 7332 7705
f 7705 7332 7677
f 7705 7677 8002
f 8002 7677 8001
f 8002 8001 8335
f 8002 8335 8301
f 8301 8335 8507
f 8507 8335 8537
f 6982 6834 7396
f 6834 6982 6289
f 7544 7262 6982
f 6982 7262 6794
f 6289 6982 6434
f 6434 6982 6794
f 6289 6434 5911
f 6434 6794 6109
f 6434 6109 146
f 146 6109 745
f 7396 7705 7789
f 7789 7705 8002
f 7544 6982 7396
f 7544 7396 7789
f 7723 7262 7544
f 7723 7544 7789
f 7723 7789 7966
f 7966 7789 8227
f 7789 8002 8090
f 7789 8090 8227
f 8090 8002 8301
f 8090 8301 8370
f 8090 8370 8227
f 8227 8370 8471
f 8438 8132 8300
f 8438 8300 8557
f 8438 8557 8616
f 8616 8557 8736
f 8300 8334 8558
f 8300 8558 8557
f 8557 8558 8737
f 8557 8737 8736
f 8736 8737 8770
f 8770 8737 8771
f 8334 7999 8227
f 8334 8227 8558
f 8227 7999 7966
f 7966 7999 7741
f 7966 7741 7723
f 8558 8227 8471
f 8558 8471 8618
f 8558 8618 8737
f 8737 8618 8771
f 8771 8618 8687
f 8771 8687 8688
f 8370 8301 8507
f 8370 8507 8538
f 8370 8538 8471
f 8471 8538 8618
f 8538 8507 8619
f 8618 8538 8687
f 8687 8538 8619
f 8687 8619 8688
f 7723 7741 7589
f 7723 7589 7262
f 7262 7589 7466
f 7262 7466 6794
f 6794 7466 6990
f 6794 6990 6109
f 6109 6990 6335
f 6109 6335 745
f 7884 8369 8302
f 7884 8302 7466
f 8302 8369 8686
f 7466 8302 7831
f 8686 8369 8805
f 7466 7831 7397
f 8686 8805 9075
f 7466 7397 6990
f 9075 8805 9434
f 9434 8805 9283
f 9434 9283 9681
f 9434 9681 9724
f 9724 9681 9962
f 9962 9681 9960
f 9962 9960 10203
f 10203 9960 10202
f 10203 10202 10329
f 10329 10202 10229
f 10229 10202 9958
f 6436 6990 7397
f 6990 6436 6335
f 6436 7397 6842
f 6434 146 5911
f 5911 146 6030
f 5911 6030 6289
f 6289 6030 6208
f 6289 6208 6403
f 6289 6403 6591
f 6591 6403 6836
f 6836 6403 6666
f 6836 6666 6838
f 6836 6838 7021
f 7021 6838 6943
f 7021 6943 7089
f 7089 6943 7054
f 146 745 189
f 146 189 6030
f 9436 9725 9314
f 9314 9725 9646
f 9646 9725 9937
f 9646 9937 9913
f 9913 9937 10166
f 9725 9724 9962
f 9725 9962 9937
f 9937 9962 10166
f 10166 9962 10203
f 10166 10203 10329
f 9169 9585 9570
f 9169 9570 9045
f 9570 9585 9933
f 9933 9585 9911
f 9933 9911 10200
f 10200 9911 10201
f 9933 10200 10228
f 9933 10228 9957
f 10165 10166 10329
f 10165 10329 10201
f 10200 10201 10329
f 10200 10329 10228
f 9933 9957 9570
f 10228 10329 10229
f 10228 10229 9957
f 9957 10229 9958
f 9957 9958 9584
f 9584 9958 9612
f 9612 9958 9960
f 9612 9960 9681
f 9960 9958 10202
f 9570 9957 9584
f 9570 9584 9045
f 9045 9584 9018
f 9045 9018 8299
f 8299 9018 9129
f 9129 9018 9584
f 9129 9584 9612
f 9283 9129 9681
f 9129 9612 9681
f 222 6065 6031
f 6031 6065 6371
f 6371 6065 6435
f 6371 6435 6840
f 6371 6840 6720
f 6720 6840 7055
f 6720 7055 6989
f 6989 7055 7177
f 6989 7177 7153
f 189 6151 6238
f 189 6238 6030
f 6238 6151 6473
f 6238 6473 6554
f 6554 6473 6759
f 6030 6238 269
f 269 6238 6065
f 6065 6238 6554
f 6065 6554 6435
f 6030 269 6208
f 6208 269 5912
f 6208 5912 6403
f 6403 5912 6237
f 6403 6237 6471
f 6403 6471 6666
f 6666 6471 6838
f 6838 6471 6696
f 6838 6696 6839
f 6435 6554 6840
f 6759 6473 6371
f 6759 6371 6720
f 6759 6720 7022
f 7022 6720 6989
f 7022 6989 7153
f 7022 7153 7178
f 7178 7153 7231
f 6554 6759 6840
f 6840 6759 7022
f 6840 7022 7055
f 7055 7022 7177
f 7177 7022 7178
f 7177 7178 7231
f 7153 7177 7231
f 111 745 6335
f 111 6335 6261
f 6795 6261 6335
f 6261 6795 6721
f 6795 6335 6436
f 6795 6436 6722
f 6721 6795 6991
f 6795 6722 6913
f 6991 6795 7023
f 7023 6795 6913
f 6991 7023 7056
f 7023 6913 7091
f 7023 7091 7056
f 7091 6913 6992
f 7056 7091 7093
f 7091 6992 7094
f 7091 7094 7093
f 7093 7094 7058
f 7058 7094 7057
f 7057 7094 7024
f 6474 6261 6721
f 6474 6721 6760
f 6760 6721 6991
f 6760 6991 6914
f 6914 6991 7056
f 6914 7056 6993
f 6993 7056 7093
f 6993 7093 6994
f 6993 6994 6948
f 6994 7093 7058
f 6948 6994 6995
f 6995 6994 7058
f 6913 6722 6669
f 6913 6669 6992
f 6669 6722 6475
f 6475 6722 6436
f 6475 6436 6240
f 6240 6436 5952
f 6992 6669 6797
f 6992 6797 7024
f 6992 7024 7094
f 7024 6797 6876
f 7024 6876 6947
f 7024 6947 7025
f 7024 7025 7057
f 6669 6475 6476
f 6669 6476 6670
f 6669 6670 6797
f 6797 6670 6798
f 6797 6798 6876
f 6876 6798 6915
f 6876 6915 6947
f 6476 6475 6241
f 6241 6475 6240
f 6241 6240 5953
f 5953 6240 310
f 310 6240 5865
f 5865 6240 5952
f 5865 5952 408
f 5865 408 310
f 310 408 862
f 6843 6723 6914
f 6843 6914 6993
f 6843 6993 6948
f 6798 6843 6948
f 6798 6948 6915
f 6915 6948 6995
f 6947 6915 6995
f 6947 6995 7025
f 7025 6995 7057
f 7057 6995 7058
f 18 5835 5867
f 18 5867 149
f 149 5867 5833
f 5833 5867 5998
f 5998 5867 5835
f 5835 18 5834
f 5834 18 149
f 5834 149 112
f 5998 5835 6037
f 5998 6037 6036
f 6036 6037 6111
f 6036 6111 5916
f 5916 6111 5995
f 5916 5995 63
f 5916 63 147
f 147 63 408
f 147 408 510
f 149 5833 148
f 149 148 362
f 362 148 409
f 5835 5999 6037
f 6037 5999 6111
f 6111 5999 6035
f 6035 5917 5832
f 6035 5832 192
f 6035 192 5866
f 6111 6035 5995
f 5995 6035 5866
f 5995 5866 63
f 63 5866 311
f 63 311 408
f 408 311 862
f 1706 2025 2295
f 1706 2295 1383
f 1383 2295 1913
f 2295 2025 2757
f 2757 2025 2216
f 2295 2757 2643
f 2757 2216 2292
f 2643 2757 3163
f 2757 2292 2857
f 2757 2857 3163
f 2025 1706 974
f 974 1706 601
f 974 601 6420
f 2025 974 2216
f 2216 974 1160
f 2216 1160 2292
f 1160 974 5927
f 5927 974 6168
f 2292 1160 1311
f 2292 1311 1420
f 1420 1311 204
f 1311 1160 32
f 1311 32 204
f 32 1160 5927
f 204 32 6609
f 5927 6168 7065
f 5927 7065 32
f 7065 6168 7277
f 7065 7277 7927
f 7065 7927 7786
f 7065 7786 7600
f 32 7065 6852
f 32 6852 6609
f 6609 6852 7346
f 6609 7346 7069
f 2857 2292 2323
f 2857 2323 2791
f 2323 2292 1420
f 2791 2323 2349
f 2349 2323 1420
f 2791 2349 2587
f 2349 1420 1858
f 2587 2349 2073
f 2073 2349 1858
f 2587 2073 2158
f 2587 2158 2759
f 2759 2158 2160
f 2759 2160 2794
f 2160 2158 1317
f 1317 2158 1346
f 1346 2158 2073
f 1317 1346 175
f 175 1346 249
f 1346 2073 1344
f 1346 1344 249
f 1344 2073 1858
f 1344 1858 1277
f 1277 1858 1420
f 249 1344 328
f 328 1344 1277
f 249 328 6582
f 6582 328 6454
f 328 1277 287
f 287 1277 1420
f 328 287 6454
f 287 1420 204
f 6454 287 6426
f 6426 287 204
f 6454 6426 7281
f 6426 204 6609
f 7281 6426 7069
f 7069 6426 6609
f 2857 2791 3163
f 2587 2759 2791
f 2791 2759 3202
f 2791 3202 3163
f 3202 2759 2794
f 3202 2794 3311
f 3202 3311 3163
f 3163 3311 3309
f 3309 3311 3313
f 3311 2794 3315
f 3311 3315 3313
f 3315 2794 2862
f 3313 3315 3318
f 3318 3315 2862
f 3313 3318 3238
f 3318 2862 2796
f 3238 3318 3085
f 3318 2796 2763
f 3085 3318 3165
f 3165 3318 2763
f 2160 1317 1231
f 1231 1317 45
f 45 1317 175
f 2160 1231 2164
f 2160 2164 2794
f 2794 2164 2862
f 6743 6926 175
f 175 6926 45
f 2164 1231 1179
f 1179 1231 45
f 2862 2164 2124
f 2124 2164 1179
f 2862 2124 2796
f 2796 2124 2763
f 45 6926 7073
f 7073 6926 7734
f 7073 7734 7901
f 45 7073 5895
f 45 5895 1179
f 7073 7901 7198
f 7198 7901 8020
f 7073 7198 6018
f 7073 6018 5895
f 5895 6018 1179
f 1179 6018 1102
f 2034 2124 1179
f 2034 1179 1102
f 2124 2034 2763
f 2763 2034 2680
f 2680 2034 1962
f 1962 2034 1102
f 1962 1102 1027
f 175 249 6743
f 6743 249 6582
f 6926 6743 7734
f 7734 6743 7602
f 7602 6743 6582
f 7734 7602 8460
f 7602 6582 7461
f 7461 6582 6454
f 8460 7602 8283
f 7461 6454 7281
f 8283 7602 7461
f 7461 7281 7732
f 8460 8283 8715
f 7461 7732 8016
f 7461 8016 8283
f 8283 8016 8522
f 8283 8522 8715
f 1027 1102 6018
f 1027 6018 6102
f 6102 6018 7198
f 1962 1027 1922
f 1922 1027 945
f 945 1027 6102
f 1922 945 1964
f 6102 7198 7285
f 7285 7198 8020
f 7285 8020 8161
f 1964 945 981
f 945 6102 6180
f 6180 6102 7285
f 945 6180 981
f 7285 8161 7329
f 7285 7329 6180
f 7329 8161 8220
f 1964 981 1181
f 981 6180 6229
f 6229 6180 7329
f 981 6229 1181
f 7329 8220 7420
f 7329 7420 6229
f 7420 8220 8324
f 1181 6229 6323
f 6323 6229 7420
f 7420 8324 7632
f 7420 7632 6323
f 7632 8324 8466
f 7632 8466 8762
f 7632 8762 8389
f 1181 6323 618
f 1181 618 1552
f 1181 1552 1891
f 1891 1552 2218
f 1891 2218 2798
f 618 6323 6499
f 6499 6323 7632
f 618 6499 136
f 6499 7632 7506
f 7506 7632 8389
f 136 6499 6656
f 6656 6499 7506
f 136 6656 6787
f 136 6787 5986
f 6787 6656 7504
f 7504 6656 7506
f 6787 7504 7480
f 7506 8389 8195
f 7506 8195 7504
f 8195 8389 8982
f 7504 8195 8082
f 8082 8195 8797
f 2680 1962 2594
f 2594 1962 1922
f 2594 1922 2399
f 2399 1922 1964
f 2399 1964 1891
f 1891 1964 1181
f 2594 2399 2649
f 2893 2680 2649
f 2649 2399 2592
f 2893 2649 2734
f 2734 2649 2592
f 2680 2594 2649
f 2680 2893 2763
f 2763 2893 3165
f 3165 2893 3085
f 2893 2734 3085
f 3085 2734 2928
f 3085 2928 3084
f 3085 3084 3238
f 3238 3084 3313
f 3313 3084 3080
f 3313 3080 2962
f 3313 2962 3309
f 3309 2962 2792
f 3309 2792 3163
f 2592 2399 2895
f 2592 2895 2734
f 2895 2399 2798
f 2798 2399 1891
f 2895 2798 3483
f 2895 3483 3373
f 2895 3373 2734
f 3373 3483 4199
f 3373 4199 3672
f 3373 3672 2734
f 2734 3672 2928
f 2928 3672 3987
f 2928 3987 3084
f 3987 3672 4662
f 3084 3987 3080
f 3987 4662 4048
f 3987 4048 3080
f 3163 2792 2643
f 2962 3080 3608
f 2962 3608 2792
f 3080 4048 3608
f 3672 4199 4662
f 3483 4264 4199
f 4199 4264 4761
f 4199 4761 4662
f 4662 4761 5012
f 5012 4761 4760
f 5012 4760 4964
f 5012 4964 4812
f 5012 4812 4896
f 5012 4896 4662
f 4662 4896 4660
f 4662 4660 4048
f 4660 4896 4434
f 4264 3483 2798
f 3671 4436 4264
f 3671 4264 3482
f 3482 4264 2798
f 3671 3482 2930
f 3482 2798 2736
f 3482 2736 2930
f 2736 2798 2218
f 2930 2736 2083
f 2083 2736 2218
f 2930 2083 2302
f 2083 2218 1552
f 2302 2083 1322
f 1322 2083 1552
f 1322 1552 618
f 1322 618 136
f 1322 136 614
f 614 136 5986
f 4048 4660 4434
f 4048 4434 3608
f 3608 4434 3914
f 3914 4434 4430
f 4430 4434 4896
f 3914 4430 4142
f 3608 3914 3200
f 3608 3200 2792
f 2792 3200 2643
f 4760 4761 4264
f 4430 4896 4142
f 4896 4812 4142
f 4812 4964 4433
f 4433 4964 4760
f 4812 4433 4258
f 4812 4258 4142
f 4142 4258 3606
f 3606 4258 3424
f 3424 4258 4433
f 3424 4433 3426
f 4433 4760 4260
f 3985 3426 4260
f 3985 4260 4760
f 3426 3985 3123
f 3985 4760 4436
f 3200 3914 2755
f 3200 2755 2643
f 2755 3914 3345
f 3345 3914 4142
f 2755 3345 2889
f 2889 3345 4142
f 2755 2889 2395
f 2889 4142 3606
f 2643 2755 2455
f 2455 2755 2395
f 2455 2395 2154
f 2643 2455 2295
f 2295 2455 2154
f 3606 3424 2889
f 2889 3424 2676
f 2889 2676 2395
f 2395 2676 2189
f 2189 2676 2156
f 2676 3424 2645
f 2676 2645 2156
f 2645 3424 3426
f 2156 2645 2589
f 2589 2645 3426
f 2589 3426 3123
f 2589 3123 2508
f 2589 2508 2296
f 3426 4433 4260
f 2395 2189 1889
f 1889 2189 2156
f 1889 2156 1797
f 1889 1797 1796
f 1796 1797 1710
f 1889 1796 2154
f 1889 2154 2395
f 2154 1796 1913
f 2295 2154 1913
f 1913 1796 1279
f 1913 1279 1383
f 1383 1279 236
f 1383 236 382
f 1706 1383 601
f 601 1383 382
f 601 382 6420
f 6420 382 6650
f 6420 6650 7434
f 7434 6650 7554
f 974 6420 6168
f 6168 6420 7434
f 6168 7434 7277
f 7277 7434 7927
f 7927 7434 8014
f 8014 7434 7554
f 8014 7554 8118
f 236 1279 241
f 241 1279 1198
f 236 241 6460
f 382 236 6614
f 382 6614 6650
f 6650 6614 7528
f 6650 7528 7554
f 7554 7528 8239
f 7554 8239 8118
f 8239 7528 8047
f 8239 8047 8240
f 8239 8240 8752
f 8752 8240 8526
f 8752 8526 8864
f 8864 8526 8936
f 6852 7065 7600
f 6852 7600 7346
f 7281 7069 7346
f 7281 7346 7732
f 7732 7346 7600
f 7732 7600 8153
f 8153 7600 7786
f 7732 8153 8522
f 7732 8522 8016
f 8153 7786 8383
f 8153 8383 8522
f 8383 7786 8457
f 8457 7786 7927
f 8457 7927 8014
f 8457 8014 8491
f 8383 8457 8713
f 8383 8713 8522
f 8713 8457 8789
f 8522 8713 8715
f 8715 8713 8862
f 8457 8491 8789
f 8118 8491 8014
f 8491 8118 8752
f 8752 8118 8239
f 8491 8752 8789
f 8789 8752 8864
f 8789 8864 8934
f 8934 8864 8936
f 8789 8934 8862
f 8789 8862 8713
f 8862 8934 8715
f 8934 8936 9012
f 8934 9012 8914
f 9012 8936 8976
f 8976 8936 8526
f 8976 8526 8497
f 8497 8526 8240
f 8976 8497 8938
f 8976 8938 9156
f 8497 8240 8242
f 8242 8240 8047
f 8242 8047 8048
f 8048 8047 7418
f 7418 8047 7415
f 8460 8715 8914
f 8460 8914 8644
f 8460 8644 7734
f 8644 8914 9012
f 7734 8644 7901
f 8644 9012 9099
f 7901 8644 8020
f 8644 9099 8795
f 8644 8795 8020
f 8795 9099 9156
f 8020 8795 8161
f 8795 9156 8946
f 8795 8946 8161
f 8946 9156 9199
f 8161 8946 8220
f 8946 9199 9035
f 8946 9035 8220
f 9035 9199 9238
f 8220 9035 8324
f 9035 9238 9103
f 9035 9103 8324
f 9103 9238 9350
f 8324 9103 8466
f 9103 9350 9164
f 9103 9164 8466
f 9164 9350 9394
f 8466 9164 8762
f 9164 9394 9162
f 9164 9162 8762
f 8762 9162 8982
f 8914 8715 8934
f 7528 6614 7415
f 7528 7415 8047
f 7415 6614 6460
f 6460 6614 236
f 7415 6460 6492
f 6492 6460 241
f 7418 7415 6492
f 6492 241 245
f 245 241 1198
f 245 1198 1200
f 1198 1279 1796
f 1200 1198 1796
f 1200 1796 1710
f 1710 1797 1200
f 1200 1797 1227
f 1200 1227 245
f 1227 1797 1640
f 1640 1797 2156
f 1640 2156 2296
f 2296 2156 2589
f 1227 1640 1055
f 1640 2296 1708
f 1640 1708 1055
f 1708 2296 1752
f 1708 1752 1097
f 1708 1097 1095
f 1708 1095 1055
f 1227 1055 206
f 1055 1095 125
f 1055 125 206
f 125 1095 127
f 206 125 6491
f 206 6491 6492
f 6492 6491 7418
f 125 127 6580
f 125 6580 6491
f 6580 127 6578
f 7418 6491 7416
f 7416 6491 6580
f 7418 7416 8048
f 8048 7416 8076
f 7416 6580 7411
f 7416 7411 8076
f 7411 6580 6578
f 8076 7411 8045
f 8045 7411 7413
f 7413 7411 6578
f 8045 7413 7986
f 7413 6578 6528
f 6528 6578 166
f 7413 6528 7350
f 6528 166 6459
f 6528 6459 7350
f 7350 6459 7225
f 245 1227 206
f 245 206 6492
f 127 1095 1097
f 1752 2296 2298
f 2298 2296 2508
f 2298 2508 2420
f 2508 3123 2761
f 2761 3123 3985
f 2508 2761 2420
f 2761 3985 3347
f 2761 3347 2420
f 3347 3985 4436
f 3347 4436 3671
f 3347 3671 2930
f 2420 3347 2732
f 2732 3347 2930
f 2732 2930 2242
f 2732 2242 2420
f 2242 2930 2302
f 2420 2242 2076
f 2420 2076 2298
f 2298 2076 1752
f 1752 2076 1608
f 2076 2242 1755
f 2076 1755 1608
f 1755 2242 2302
f 1608 1755 1018
f 1018 1755 1229
f 1229 1755 1138
f 1755 2302 1642
f 1755 1642 1138
f 1642 2302 1322
f 1642 1322 1138
f 1138 1322 614
f 1752 1608 1097
f 1018 1097 1608
f 4436 4760 4264
f 1229 1138 1387
f 1387 1138 1283
f 1387 1283 1422
f 1422 1283 1282
f 1387 1422 1132
f 1132 1422 1130
f 1229 1387 1018
f 1018 1387 1132
f 1018 1132 332
f 332 1132 330
f 1018 332 247
f 247 332 6459
f 6459 332 6456
f 6459 6456 7225
f 7225 6456 7299
f 7225 7299 7697
f 7697 7299 7851
f 1283 1138 614
f 1283 614 687
f 687 614 5986
f 687 5986 5988
f 5988 5986 6787
f 5988 6787 6819
f 6819 6787 7532
f 7532 6787 7480
f 7532 7480 7990
f 1132 1130 330
f 330 1130 679
f 679 1130 1422
f 330 679 4
f 679 1422 919
f 4 679 458
f 458 679 919
f 4 458 5886
f 458 919 682
f 1018 247 1097
f 1097 247 166
f 166 247 6459
f 1097 166 127
f 127 166 6578
f 8048 8076 8640
f 8048 8640 8242
f 8640 8076 8754
f 8754 8076 8045
f 8754 8045 8673
f 8754 8673 9126
f 9126 8673 9068
f 8754 9126 9070
f 8754 9070 8640
f 9070 9126 9350
f 9070 9350 9238
f 9070 9238 8940
f 9070 8940 8640
f 8940 9238 9199
f 8640 8940 8527
f 8640 8527 8242
f 8527 8940 8938
f 8242 8527 8497
f 8497 8527 8938
f 7986 7413 7350
f 7986 7350 7876
f 7986 7876 8525
f 8525 7876 8429
f 7876 7350 7697
f 7876 7697 8429
f 7697 7350 7225
f 8429 7697 8155
f 8045 7986 8525
f 8673 8045 8525
f 9068 8673 8525
f 9068 8525 8828
f 8828 8525 8791
f 8791 8525 8429
f 8791 8429 8155
f 8791 8155 8530
f 8791 8530 8646
f 8646 8530 8464
f 8791 8646 9014
f 8791 9014 8828
f 9014 8646 8797
f 9014 8797 8982
f 8828 9014 9237
f 9237 9014 8982
f 8828 9237 9068
f 9237 8982 9162
f 9068 9237 9126
f 9237 9162 9394
f 9237 9394 9126
f 9126 9394 9350
f 8646 8464 7990
f 8646 7990 8082
f 8646 8082 8797
f 8082 7990 7480
f 8082 7480 7504
f 8464 8530 8499
f 8464 8499 7990
f 7990 8499 8051
f 7990 8051 7532
f 8051 8499 8607
f 8051 8607 8193
f 8607 8499 8717
f 8717 8499 8574
f 8607 8717 9307
f 8607 9307 9128
f 8607 9128 8193
f 8193 9128 8611
f 8611 9128 9101
f 8611 9101 8609
f 8797 8195 8982
f 8982 8389 8762
f 9099 9012 8976
f 9099 8976 9156
f 9199 9156 8938
f 9199 8938 8940
f 291 43 7325
f 43 291 259
f 259 291 464
f 464 291 289
f 289 291 168
f 291 7325 168
f 168 7325 6093
f 43 259 6225
f 6225 259 6053
f 6225 6053 6688
f 43 6225 7325
f 6225 6688 6782
f 6225 6782 7325
f 6782 6688 7352
f 6782 7352 7325
f 7352 6688 7378
f 7325 7352 7854
f 7854 7352 7378
f 7325 7854 8403
f 7854 7378 7931
f 7854 7931 8403
f 8403 7931 8532
f 289 168 6093
f 289 6093 6008
f 6008 6093 6965
f 6008 6965 6963
f 6963 6965 7652
f 6963 7652 7695
f 7695 7652 8279
f 7695 8279 8361
f 464 289 458
f 464 458 682
f 464 682 259
f 259 682 470
f 470 682 919
f 259 470 5893
f 259 5893 6053
f 6053 5893 6620
f 6053 6620 6688
f 289 6008 458
f 6965 6093 7325
f 6965 7325 7652
f 7652 7325 8279
f 8279 7325 8824
f 8824 7325 8974
f 8824 8974 8932
f 8932 8974 9097
f 9097 8974 8793
f 8793 8974 7325
f 8793 7325 8403
f 6008 6963 5886
f 5886 6963 6897
f 6897 6963 7695
f 6897 7695 7693
f 7693 7695 8361
f 7693 8361 8426
f 8426 8361 9065
f 9065 8361 8932
f 9065 8932 9268
f 9268 8932 9097
f 6008 5886 458
f 5886 6897 4
f 4 6897 6813
f 6813 6897 7693
f 8426 8427 7693
f 7693 8427 7664
f 7693 7664 6813
f 6813 7664 7348
f 4 6813 6490
f 6490 6813 7348
f 6490 7348 7299
f 4 6490 330
f 6490 7299 6456
f 6490 6456 330
f 330 6456 332
f 8361 8279 8932
f 8279 8824 8932
f 9065 9268 9307
f 9065 9307 9094
f 9307 9268 9128
f 9128 9268 9101
f 8426 9065 9094
f 8426 9094 8427
f 9307 8717 9094
f 9094 8717 8495
f 9094 8495 8427
f 8495 8717 8574
f 8495 8574 8385
f 8427 8495 7929
f 7929 8495 8385
f 8427 7929 7664
f 7929 8385 7851
f 7664 7929 7348
f 7348 7929 7851
f 7348 7851 7299
f 7697 7851 8385
f 7697 8385 8155
f 8155 8385 8574
f 8155 8574 8530
f 8530 8574 8499
f 9101 9268 9097
f 9101 9097 8942
f 9101 8942 8609
f 8609 8942 8532
f 8609 8532 7931
f 8609 7931 7989
f 7989 7931 7378
f 7989 7378 7380
f 7380 7378 6620
f 6620 7378 6688
f 8051 8193 7610
f 8051 7610 7532
f 7610 8193 7958
f 7958 8193 8611
f 7958 8611 7989
f 7989 8611 8609
f 7958 7989 7380
f 7958 7380 7326
f 7958 7326 7610
f 7326 7380 6620
f 7326 6620 6497
f 7610 7326 6901
f 6901 7326 6497
f 7610 6901 7532
f 6901 6497 6016
f 7532 6901 6819
f 6819 6901 6016
f 6819 6016 5988
f 8942 9097 8793
f 8942 8793 8532
f 8532 8793 8403
f 6620 5893 47
f 6620 47 6497
f 47 5893 470
f 6497 47 6016
f 47 470 686
f 686 470 919
f 6016 47 689
f 689 47 686
f 6016 689 5988
f 5988 689 687
f 689 686 1282
f 1282 686 919
f 689 1282 687
f 1282 919 1422
f 687 1282 1283
f 8688 8619 8653
f 8653 8619 8507
f 8771 8688 8770
f 8688 8653 8738
f 8738 8653 8537
f 8688 8738 8770
f 8738 8537 8616
f 8770 8738 8736
f 8736 8738 8616
f 8653 8507 8537
f 8537 8335 8438
f 8616 8537 8438
f 6841 6911 6909
f 6909 6911 6908
f 6909 6908 6907
f 6907 6908 6837
f 6837 6908 6839
f 6911 6841 6945
f 6911 6945 6908
f 6908 6945 6986
f 6908 6986 6839
f 6839 6986 6943
f 6839 6943 6838
f 6945 6841 6988
f 6945 6988 7054
f 6988 6841 6987
f 6988 6987 7054
f 7054 6987 7090
f 6987 6841 6944
f 6986 6945 7054
f 6987 6944 7090
f 6944 6985 7090
f 6943 6986 7054
f 6985 6941 7090
f 7090 6941 7088
f 7088 6941 6835
f 7088 6835 7020
f 7020 6835 6833
f 6833 6835 6590
f 7088 7054 7090
f 7054 7088 7089
f 6665 6837 6839
f 7089 7088 7021
f 7021 7088 7020
f 7021 7020 6833
f 7021 6833 6836
f 6836 6833 6552
f 6836 6552 6591
f 6591 6552 6207
f 6591 6207 6289
f 6696 6665 6839
f 6665 6696 6471
f 6433 6665 6471
f 6289 6207 110
