# Blender 5.0.1
# www.blender.org
o tripo_node_52fce6f8-d156-404b-aa5d-66c7629d6c47
v -0.107666 0.594238 0.000244 0.4628 0.2941 0.0667
v 0.108154 0.594238 0.000244 0.4235 0.2706 0.0471
v -0.076416 0.645508 0.000244 0.5608 0.2510 0.1137
v 0.077393 0.645508 0.000244 0.5961 0.2745 0.1373
v -0.058838 0.666016 0.000244 0.7176 0.3961 0.2432
v 0.059326 0.666016 0.000244 0.6745 0.3608 0.2039
v -0.062256 0.700684 0.000244 0.6354 0.3725 0.2353
v 0.062744 0.700684 0.000244 0.6118 0.3529 0.2353
v -0.080811 0.728516 0.000244 0.1530 0.1373 0.1020
v 0.081299 0.728516 0.000244 0.1530 0.1255 0.0941
v -0.312256 0.779297 0.000244 0.6039 0.3568 0.2432
v 0.312256 0.779297 0.000244 0.6980 0.4000 0.2118
v -0.466065 0.804688 0.000244 0.8235 0.5961 0.0314
v 0.465088 0.804688 0.000244 0.8549 0.6197 0.0314
v -0.462158 0.815918 0.000244 0.8274 0.6079 0.0235
v 0.462158 0.815918 0.000244 0.8431 0.6197 0.0275
v -0.444092 0.833984 0.000244 0.8549 0.6354 0.0314
v 0.444580 0.834473 0.000244 0.8549 0.6354 0.0431
v -0.154541 0.835449 0.000244 0.5921 0.3608 0.2353
v 0.155029 0.835449 0.000244 0.5921 0.3529 0.2314
v -0.026611 0.880371 0.000244 0.6079 0.3647 0.2471
v 0.027100 0.880371 0.000244 0.5647 0.3412 0.2275
v -0.048096 0.934570 0.000244 0.6118 0.3451 0.2353
v 0.048584 0.934570 0.000244 0.5764 0.3216 0.2118
v -0.051514 0.956055 0.000244 0.4823 0.2039 0.0980
v 0.052002 0.956055 0.000244 0.4863 0.2118 0.1098
v -0.042236 0.981445 0.000244 0.5373 0.2275 0.0980
v 0.042725 0.981445 0.000244 0.4980 0.2039 0.0824
v -0.054443 0.329590 0.000244 0.5804 0.3059 0.1725
v 0.054932 0.329590 0.000244 0.5921 0.3529 0.2314
v -0.070557 0.319336 0.000244 0.6197 0.3529 0.2314
v 0.071045 0.319336 0.000244 0.5804 0.3451 0.2235
v -0.074951 0.304199 0.000244 0.6393 0.3647 0.2432
v 0.075928 0.304199 0.000244 0.5647 0.3255 0.2196
v -0.108154 0.273438 0.000244 0.6393 0.3843 0.2549
v 0.109131 0.273438 0.000244 0.6315 0.3686 0.2353
v -0.106689 0.046387 0.000244 0.1098 0.0824 0.0784
v 0.108154 0.046387 0.000244 0.7333 0.4314 0.2353
v -0.156982 0.004883 0.000244 0.1412 0.1137 0.0784
v 0.157959 0.004883 0.000244 0.1176 0.1020 0.0588
v -0.229248 0.770020 0.000732 0.5961 0.3529 0.2353
v 0.229736 0.770020 0.000732 0.6197 0.3647 0.2392
v -0.319580 0.779297 0.000732 0.7412 0.4157 0.2039
v 0.319580 0.779297 0.000732 0.5647 0.3098 0.1922
v -0.089111 0.782227 0.000732 0.6432 0.3882 0.2667
v 0.089600 0.782227 0.000732 0.6393 0.3804 0.2392
v -0.375244 0.782715 0.000732 0.1098 0.0902 0.0627
v 0.375244 0.782715 0.000732 0.0784 0.0667 0.0431
v -0.108154 0.790039 0.000732 0.5451 0.3098 0.2000
v 0.108643 0.790039 0.000732 0.5647 0.3137 0.2039
v -0.234619 0.825195 0.000732 0.6667 0.4118 0.2902
v 0.235107 0.825195 0.000732 0.6706 0.4078 0.2941
v -0.454834 0.826172 0.000732 0.8157 0.5961 0.0275
v 0.455322 0.826660 0.000732 0.8353 0.6079 0.0314
v -0.265869 0.827148 0.000732 0.6550 0.3882 0.2588
v 0.266846 0.827148 0.000732 0.6628 0.3961 0.2549
v -0.071045 0.854492 0.000732 0.6039 0.3647 0.2353
v 0.071533 0.854492 0.000732 0.6236 0.3843 0.2588
v -0.050049 0.855469 0.000732 0.4432 0.3059 0.0627
v 0.050537 0.855469 0.000732 0.1098 0.0824 0.0784
v -0.044678 0.912598 0.000732 0.7176 0.4432 0.3176
v 0.045166 0.912598 0.000732 0.7020 0.4196 0.2902
v -0.043701 0.930664 0.000732 0.3647 0.1647 0.0824
v 0.044678 0.930664 0.000732 0.4628 0.2353 0.1373
v -0.047607 0.936035 0.000732 0.5608 0.2941 0.1922
v 0.048096 0.936035 0.000732 0.5725 0.3176 0.2196
v -0.051514 0.948730 0.000732 0.5059 0.2275 0.1216
v 0.052002 0.948730 0.000732 0.4314 0.1647 0.0627
v 0.171143 0.041504 0.000732 0.2196 0.1569 0.1412
v -0.170166 0.041016 0.000732 0.0980 0.0824 0.0471
v -0.177490 0.027832 0.000732 0.7921 0.6118 0.1961
v 0.178467 0.027832 0.000732 0.8784 0.7804 0.1961
v -0.266357 0.768066 0.001221 0.6393 0.3765 0.2510
v 0.266846 0.768066 0.001221 0.6393 0.3765 0.2510
v -0.314697 0.777832 0.001221 0.3372 0.1137 0.0471
v 0.315186 0.777832 0.001221 0.8039 0.4902 0.2432
v -0.199951 0.781250 0.001221 0.6628 0.3882 0.2549
v 0.200928 0.781250 0.001221 0.6628 0.3804 0.2549
v -0.466065 0.794434 0.001221 0.8470 0.6236 0.0196
v 0.466065 0.794434 0.001221 0.8353 0.6118 0.0118
v -0.026123 0.871094 0.001221 0.6000 0.3765 0.2392
v 0.026611 0.871094 0.001221 0.5725 0.3412 0.2196
v -0.039795 0.908203 0.001221 0.5647 0.3255 0.2118
v 0.040283 0.908203 0.001221 0.5686 0.3333 0.2235
v -0.043213 0.914062 0.001221 0.7176 0.4432 0.3137
v 0.043701 0.914062 0.001221 0.7294 0.4589 0.3294
v -0.040283 0.921875 0.001221 0.4078 0.2275 0.1569
v 0.040771 0.921875 0.001221 0.5098 0.2784 0.1843
v -0.049561 0.942383 0.001221 0.4941 0.2157 0.1176
v 0.050049 0.942383 0.001221 0.4589 0.1961 0.0902
v -0.127197 0.499512 0.001221 0.1765 0.1020 0.0706
v 0.127686 0.499512 0.001221 0.1765 0.1059 0.0706
v -0.130127 0.500488 0.001709 0.2667 0.1569 0.1098
v -0.074951 0.650879 0.001709 0.5530 0.2745 0.1216
v 0.075439 0.650879 0.001709 0.6902 0.3725 0.1961
v -0.060303 0.697266 0.001709 0.6354 0.3765 0.2392
v 0.060791 0.697266 0.001709 0.6197 0.3647 0.2392
v -0.078369 0.724609 0.001709 0.1451 0.1294 0.0941
v 0.078857 0.724609 0.001709 0.1530 0.1373 0.1020
v -0.146240 0.835449 0.001709 0.6393 0.3882 0.2627
v 0.146729 0.835449 0.001709 0.5961 0.3568 0.2314
v -0.140869 0.838867 0.001709 0.6432 0.3882 0.2549
v 0.141357 0.838867 0.001709 0.6510 0.3921 0.2588
v -0.047607 0.855469 0.001709 0.8823 0.6550 0.0824
v 0.048584 0.855469 0.001709 0.5530 0.4078 0.1373
v -0.032471 0.903320 0.001709 0.6157 0.3804 0.2627
v 0.032959 0.903320 0.001709 0.6000 0.3686 0.2432
v -0.041748 0.907227 0.001709 0.5725 0.3255 0.2157
v 0.042236 0.907227 0.001709 0.5725 0.3412 0.2235
v -0.039795 0.916992 0.001709 0.6941 0.4314 0.3176
v 0.040283 0.916992 0.001709 0.7020 0.4353 0.3059
v -0.038330 0.918457 0.001709 0.4667 0.2432 0.1490
v 0.038818 0.918457 0.001709 0.5882 0.3333 0.2275
v -0.041748 0.925781 0.001709 0.5725 0.3294 0.2275
v 0.042725 0.925781 0.001709 0.6628 0.4039 0.2863
v -0.048584 0.937500 0.001709 0.4432 0.1686 0.0706
v 0.049072 0.937500 0.001709 0.3882 0.1451 0.0549
v -0.100342 0.271484 0.001709 0.6276 0.3804 0.2432
v 0.100830 0.271484 0.001709 0.6393 0.3843 0.2510
v -0.108154 0.011230 0.001709 0.0941 0.0745 0.0510
v 0.109131 0.011230 0.001709 0.1098 0.0902 0.0510
v 0.130615 0.500488 0.002197 0.2784 0.1451 0.1020
v -0.102783 0.610840 0.002197 0.4275 0.2941 0.0549
v 0.103760 0.610840 0.002197 0.4157 0.2549 0.0353
v -0.087646 0.758789 0.002197 0.6745 0.4000 0.2980
v 0.088135 0.758789 0.002197 0.6706 0.3882 0.2314
v -0.319580 0.776855 0.002197 0.7568 0.4078 0.2039
v 0.320068 0.776855 0.002197 0.2353 0.1608 0.1176
v -0.385986 0.778320 0.002197 0.1098 0.0863 0.0627
v 0.385986 0.778320 0.002197 0.0353 0.0235 0.0353
v -0.294678 0.778809 0.002197 0.6432 0.3647 0.2471
v 0.295166 0.778809 0.002197 0.6471 0.3647 0.2392
v -0.187744 0.783203 0.002197 0.6706 0.4039 0.2667
v 0.188232 0.783203 0.002197 0.6667 0.3921 0.2588
v -0.119385 0.785156 0.002197 0.5961 0.3137 0.1882
v 0.119873 0.785156 0.002197 0.5961 0.3412 0.2157
v -0.226318 0.817383 0.002197 0.6315 0.3921 0.2627
v 0.226807 0.817383 0.002197 0.6745 0.4235 0.2980
v -0.279541 0.823242 0.002197 0.6393 0.3882 0.2627
v -0.307861 0.823242 0.002197 0.5686 0.3490 0.2706
v 0.280029 0.823242 0.002197 0.6628 0.3961 0.2667
v 0.308350 0.823242 0.002197 0.8470 0.4863 0.2157
v -0.037842 0.852539 0.002197 0.6550 0.4078 0.2588
v 0.038330 0.852539 0.002197 0.5725 0.3255 0.2078
v -0.030029 0.895508 0.002197 0.5961 0.3647 0.2392
v 0.030518 0.895508 0.002197 0.6000 0.3647 0.2510
v -0.042236 0.916016 0.002197 0.7294 0.4550 0.3372
v 0.042725 0.916016 0.002197 0.7137 0.4471 0.3255
v -0.040283 0.925293 0.002197 0.5098 0.2706 0.1725
v 0.040771 0.925293 0.002197 0.6197 0.3647 0.2353
v -0.045166 0.931641 0.002197 0.5137 0.2784 0.1804
v 0.046143 0.931641 0.002197 0.5176 0.2745 0.1647
v -0.125244 0.445312 0.002197 0.6471 0.4000 0.2627
v 0.125732 0.445312 0.002197 0.6510 0.4000 0.2627
v -0.172119 0.041016 0.002197 0.0902 0.0941 0.0706
v 0.173096 0.041016 0.002197 0.0902 0.0510 0.0706
v -0.105713 0.036621 0.002197 0.8078 0.5686 0.1059
v 0.106689 0.036621 0.002197 0.6589 0.4118 0.2196
v -0.106201 0.014160 0.002197 0.0706 0.0588 0.0314
v 0.107178 0.014160 0.002197 0.0824 0.0667 0.0314
v -0.112549 0.008789 0.002197 0.0510 0.0627 0.0353
v 0.113525 0.008789 0.002197 0.1373 0.0980 0.0706
v -0.056885 0.671875 0.002686 0.6118 0.3804 0.2471
v 0.057861 0.671875 0.002686 0.6118 0.3725 0.2510
v -0.251709 0.767578 0.002686 0.6393 0.3608 0.2392
v 0.252197 0.767578 0.002686 0.6510 0.3765 0.2471
v -0.239502 0.768555 0.002686 0.6197 0.3921 0.2863
v 0.239990 0.768555 0.002686 0.6510 0.3843 0.2627
v -0.322022 0.775879 0.002686 0.6785 0.4392 0.2902
v 0.322510 0.775879 0.002686 0.1725 0.1412 0.1294
v -0.210693 0.777832 0.002686 0.6079 0.3294 0.2039
v -0.395264 0.777832 0.002685 0.1098 0.0784 0.0431
v 0.211182 0.777832 0.002686 0.6039 0.3372 0.2196
v -0.329834 0.778320 0.002686 0.0392 0.0471 0.0588
v 0.329834 0.778320 0.002686 0.1176 0.0863 0.0745
v -0.341064 0.780762 0.002686 0.0980 0.0784 0.0627
v 0.341553 0.780762 0.002686 0.1216 0.1020 0.0863
v -0.311768 0.789062 0.002686 0.5764 0.3216 0.2196
v 0.312256 0.789062 0.002686 0.6785 0.3961 0.2392
v -0.096924 0.794922 0.002686 0.5686 0.3372 0.2196
v 0.097412 0.794922 0.002686 0.5686 0.3372 0.2196
v -0.316162 0.824707 0.002686 0.7176 0.4039 0.2039
v 0.316162 0.824707 0.002686 0.0980 0.0902 0.0745
v -0.205322 0.826172 0.002686 0.6432 0.3961 0.2745
v 0.205811 0.826172 0.002686 0.6236 0.3686 0.2471
v -0.042236 0.927734 0.002686 0.6197 0.3529 0.2549
v 0.042725 0.927734 0.002686 0.5961 0.3451 0.2353
v -0.087158 0.287109 0.002686 0.6276 0.3725 0.2471
v 0.088135 0.287109 0.002686 0.5882 0.3333 0.2235
v -0.073975 0.656250 0.003174 0.6432 0.3176 0.1725
v 0.074463 0.656250 0.003174 0.6745 0.3647 0.2118
v -0.076416 0.720703 0.003174 0.1216 0.1137 0.0980
v 0.076904 0.720703 0.003174 0.1255 0.1059 0.0824
v 0.395264 0.777832 0.003174 0.0039 0.0039 0.0471
v -0.404053 0.778320 0.003174 0.1020 0.0745 0.0510
v 0.404053 0.778320 0.003174 0.0824 0.0627 0.0392
v -0.291748 0.819824 0.003174 0.6550 0.4039 0.2784
v 0.292236 0.819824 0.003174 0.6628 0.4039 0.2627
v -0.310791 0.825195 0.003174 0.6785 0.4275 0.2235
v 0.310791 0.825195 0.003174 0.8431 0.4706 0.2118
v -0.133057 0.844727 0.003174 0.6157 0.3647 0.2549
v 0.133545 0.844727 0.003174 0.6315 0.3686 0.2627
v -0.082764 0.857910 0.003174 0.6354 0.3882 0.2588
v 0.083252 0.857910 0.003174 0.6276 0.3804 0.2510
v -0.042725 0.908203 0.003174 0.6706 0.4118 0.2902
v 0.043701 0.908203 0.003174 0.6000 0.3490 0.2275
v -0.035400 0.916992 0.003174 0.4589 0.2588 0.1647
v 0.035889 0.916992 0.003174 0.6276 0.3686 0.2549
v -0.037842 0.920410 0.003174 0.3529 0.1686 0.0941
v 0.038330 0.920410 0.003174 0.4314 0.2118 0.1373
v -0.155518 0.055664 0.003174 0.9058 0.5764 0.2275
v 0.156982 0.055664 0.003174 0.9607 0.7059 0.2118
v -0.177002 0.032227 0.003174 0.0196 0.0235 0.0667
v 0.177979 0.032227 0.003174 0.0353 0.0078 0.0588
v -0.123291 0.005859 0.003174 0.1059 0.0902 0.0549
v 0.124268 0.005859 0.003174 0.1373 0.1216 0.0863
v -0.139893 0.004395 0.003174 0.1451 0.1176 0.0784
v 0.141357 0.004395 0.003174 0.1608 0.1333 0.0941
v -0.353272 0.781738 0.003662 0.1059 0.0863 0.0745
v 0.353272 0.781738 0.003662 0.0980 0.0745 0.0667
v -0.304443 0.787598 0.003662 0.6589 0.3882 0.2588
v 0.304932 0.787598 0.003662 0.6432 0.3765 0.2549
v -0.089111 0.792969 0.003662 0.5882 0.3412 0.2157
v 0.089600 0.792969 0.003662 0.5843 0.3372 0.2118
v -0.040771 0.855469 0.003662 0.6315 0.3882 0.2863
v 0.041260 0.855469 0.003662 0.8274 0.5843 0.0784
v -0.026611 0.861816 0.003662 0.5804 0.3608 0.2235
v 0.027588 0.861816 0.003662 0.5843 0.3451 0.2275
v -0.037842 0.909668 0.003662 0.6079 0.3490 0.2471
v 0.038330 0.909668 0.003662 0.5804 0.3412 0.2157
v -0.038330 0.915527 0.003662 0.6941 0.4314 0.3137
v 0.038818 0.915527 0.003662 0.7020 0.4353 0.3294
v -0.043701 0.929688 0.003662 0.6157 0.3568 0.2471
v 0.044678 0.929688 0.003662 0.6197 0.3686 0.2549
v -0.046143 0.932617 0.003662 0.5843 0.3176 0.2118
v 0.047119 0.932617 0.003662 0.5569 0.3059 0.2000
v -0.044189 0.346191 0.003662 0.5608 0.3059 0.1804
v 0.044678 0.346191 0.003662 0.5686 0.3294 0.2157
v -0.121826 0.520508 0.004150 0.4196 0.2549 0.0784
v 0.122803 0.520508 0.004150 0.4000 0.2392 0.0980
v -0.057373 0.690430 0.004150 0.6667 0.4000 0.2549
v 0.057861 0.690430 0.004150 0.6589 0.4078 0.2667
v -0.220459 0.775391 0.004150 0.6236 0.3294 0.2078
v 0.220947 0.775391 0.004150 0.5804 0.3176 0.2000
v -0.171143 0.778809 0.004150 0.6667 0.3961 0.2627
v -0.407959 0.778809 0.004150 0.1255 0.0863 0.0353
v 0.171631 0.778809 0.004150 0.6628 0.3843 0.2510
v 0.407959 0.778809 0.004150 0.0941 0.0667 0.0275
v -0.135010 0.779297 0.004150 0.6354 0.3490 0.2235
v 0.135498 0.779297 0.004150 0.6354 0.3647 0.2314
v -0.365967 0.784668 0.004150 0.1020 0.0667 0.0275
v 0.365967 0.784668 0.004150 0.0863 0.0667 0.0392
v -0.301514 0.818848 0.004150 0.6471 0.4039 0.2745
v 0.302490 0.818848 0.004150 0.7020 0.4353 0.3098
v -0.315674 0.827637 0.004150 0.6550 0.3843 0.2000
v 0.316162 0.827637 0.004150 0.1216 0.1059 0.0863
v -0.325439 0.829590 0.004150 0.0588 0.0627 0.0667
v 0.325928 0.829590 0.004150 0.1294 0.1176 0.0980
v -0.340088 0.830078 0.004150 0.1059 0.0902 0.0863
v 0.340088 0.830078 0.004150 0.1020 0.0863 0.0824
v -0.122803 0.850586 0.004150 0.6393 0.3882 0.2588
v 0.123291 0.850586 0.004150 0.6510 0.3882 0.2627
v -0.038330 0.854980 0.004150 0.6315 0.4039 0.2667
v 0.038818 0.854980 0.004150 0.2078 0.1059 0.0353
v -0.096436 0.857422 0.004150 0.6393 0.3843 0.2588
v 0.097412 0.857422 0.004150 0.6079 0.3568 0.2314
v -0.028076 0.883301 0.004150 0.6236 0.3843 0.2471
v 0.028564 0.883301 0.004150 0.6236 0.3882 0.2627
v -0.037842 0.905762 0.004150 0.5961 0.3608 0.2471
v 0.038330 0.905762 0.004150 0.5961 0.3529 0.2392
v -0.042236 0.910645 0.004150 0.7137 0.4471 0.2980
v 0.042725 0.910645 0.004150 0.6902 0.4353 0.3059
v -0.041260 0.912598 0.004150 0.6785 0.4157 0.2980
v 0.041748 0.912598 0.004150 0.7176 0.4510 0.3216
v -0.040771 0.923828 0.004150 0.4902 0.2706 0.1882
v 0.041260 0.923828 0.004150 0.5294 0.2823 0.1647
v 0.105225 0.035645 0.004150 0.0784 0.0549 0.0510
v -0.124756 0.521973 0.004639 0.3216 0.2118 0.0353
v 0.125244 0.521973 0.004639 0.1765 0.0980 0.0431
v -0.122803 0.529785 0.004639 0.8235 0.6510 0.1686
v 0.123291 0.529785 0.004639 0.9176 0.7294 0.1333
v -0.055908 0.679688 0.004639 0.6471 0.3961 0.2549
v 0.056396 0.679688 0.004639 0.6471 0.4000 0.2667
v -0.074951 0.717773 0.004639 0.0941 0.0980 0.1020
v 0.075439 0.717773 0.004639 0.0745 0.0667 0.0667
v -0.084229 0.749023 0.004639 0.5843 0.3843 0.2667
v 0.084717 0.749023 0.004639 0.5961 0.3647 0.2275
v -0.152588 0.776367 0.004639 0.6706 0.3843 0.2549
v 0.153076 0.776367 0.004639 0.6667 0.3765 0.2392
v -0.411377 0.780273 0.004639 0.5451 0.3608 0.0431
v 0.411377 0.780273 0.004639 0.4667 0.3059 0.0431
v -0.360596 0.782227 0.004639 0.1530 0.1294 0.1098
v 0.361084 0.782227 0.004639 0.1451 0.1137 0.1059
v -0.107666 0.794922 0.004639 0.5686 0.3333 0.2196
v 0.108154 0.794922 0.004639 0.5843 0.3451 0.2235
v -0.309326 0.818359 0.004639 0.4314 0.2627 0.1804
v 0.309326 0.818359 0.004639 0.8117 0.4706 0.2157
v -0.318115 0.829102 0.004639 0.0235 0.0471 0.0549
v 0.318115 0.829102 0.004639 0.1176 0.0902 0.0706
v -0.369873 0.830566 0.004639 0.4471 0.3098 0.0745
v 0.369873 0.830566 0.004639 0.7882 0.5921 0.0392
v -0.110107 0.854492 0.004639 0.6354 0.3882 0.2510
v 0.110596 0.854492 0.004639 0.6432 0.3921 0.2588
v -0.040283 0.904297 0.004639 0.6000 0.3608 0.2432
v 0.040771 0.904297 0.004639 0.5882 0.3608 0.2392
v -0.040283 0.915039 0.004639 0.7098 0.4432 0.3216
v 0.041260 0.915039 0.004639 0.6980 0.4432 0.3255
v -0.045654 0.934082 0.004639 0.4784 0.2039 0.1059
v 0.046143 0.934082 0.004639 0.4784 0.2196 0.1216
v -0.155518 0.057617 0.004639 0.7372 0.5530 0.1843
v 0.156982 0.057617 0.004639 0.3216 0.2157 0.0745
v -0.104248 0.035645 0.004639 0.8078 0.5686 0.1294
v -0.103271 0.021484 0.004639 0.0745 0.0471 0.0157
v 0.104248 0.021484 0.004639 0.0431 0.0353 0.0275
v -0.124268 0.507812 0.005127 0.5019 0.2941 0.1765
v -0.127197 0.507812 0.005127 0.3176 0.2000 0.1530
v 0.124756 0.507812 0.005127 0.4235 0.2588 0.1176
v 0.127686 0.507812 0.005127 0.3098 0.1882 0.1647
v -0.095459 0.625000 0.005127 0.3765 0.2235 0.0078
v 0.095947 0.625000 0.005127 0.4392 0.2706 0.0196
v -0.071533 0.661133 0.005127 0.5843 0.2745 0.1294
v 0.072021 0.661133 0.005127 0.6315 0.3176 0.1725
v -0.055908 0.685059 0.005127 0.6628 0.3961 0.2588
v 0.056396 0.685059 0.005127 0.6550 0.4039 0.2627
v -0.074463 0.715820 0.005127 0.0431 0.0431 0.0510
v 0.074951 0.715820 0.005127 0.0392 0.0392 0.0471
v -0.409424 0.776855 0.005127 0.6589 0.4392 0.0549
v 0.409424 0.777344 0.005127 0.6118 0.3921 0.0510
v -0.364502 0.782227 0.005127 0.1216 0.0980 0.0784
v 0.364502 0.782227 0.005127 0.0745 0.0745 0.0471
v -0.367920 0.785645 0.005127 0.0824 0.0706 0.0431
v 0.368408 0.785645 0.005127 0.1412 0.1137 0.0902
v -0.233643 0.808594 0.005127 0.6236 0.3882 0.2627
v 0.234131 0.808594 0.005127 0.6393 0.4039 0.2784
v -0.249756 0.823730 0.005127 0.6706 0.4275 0.2941
v 0.250244 0.823730 0.005127 0.6902 0.4392 0.3098
v -0.367432 0.829102 0.005127 0.8000 0.4823 0.2157
v 0.367920 0.829102 0.005127 0.7294 0.5216 0.0275
v -0.355713 0.830566 0.005127 0.1255 0.0941 0.0588
v 0.355713 0.830566 0.005127 0.0118 0.0235 0.0510
v -0.028564 0.854004 0.005127 0.5843 0.3529 0.2196
v 0.029541 0.854004 0.005127 0.6118 0.3568 0.2392
v -0.036865 0.915527 0.005127 0.6510 0.3921 0.2863
v 0.037354 0.915527 0.005127 0.6628 0.3961 0.2823
v -0.034912 0.919922 0.005127 0.6667 0.4235 0.3059
v 0.035400 0.919922 0.005127 0.6393 0.4000 0.2863
v -0.038330 0.921875 0.005127 0.6941 0.4314 0.3019
v 0.038818 0.921875 0.005127 0.6039 0.3647 0.2432
v -0.042725 0.926758 0.005127 0.6000 0.3451 0.2157
v 0.043213 0.926758 0.005127 0.6315 0.3765 0.2510
v -0.044678 0.929688 0.005127 0.6315 0.3608 0.2471
v 0.045166 0.929688 0.005127 0.6157 0.3686 0.2471
v -0.406982 0.774414 0.005615 0.6432 0.4235 0.0353
v 0.406982 0.774414 0.005615 0.6276 0.4039 0.0471
v -0.136963 0.789062 0.005615 0.6550 0.3921 0.2745
v 0.137451 0.789062 0.005615 0.6471 0.3961 0.2588
v -0.120361 0.793457 0.005615 0.5843 0.3451 0.2275
v 0.120850 0.793457 0.005615 0.5804 0.3412 0.2196
v -0.236084 0.817871 0.005615 0.6667 0.4078 0.2706
v 0.236572 0.817871 0.005615 0.6667 0.4157 0.2902
v -0.219971 0.818848 0.005615 0.6118 0.3804 0.2588
v 0.220459 0.818848 0.005615 0.6315 0.3843 0.2549
v -0.364014 0.832031 0.005615 0.8706 0.5255 0.2510
v 0.364014 0.832031 0.005615 0.5059 0.2588 0.1490
v -0.375732 0.834473 0.005615 0.8666 0.6550 0.0196
v 0.375732 0.834473 0.005615 0.7960 0.5686 0.0118
v -0.034912 0.906250 0.005615 0.6079 0.3725 0.2510
v 0.035400 0.906250 0.005615 0.5843 0.3529 0.2314
v -0.175537 0.036133 0.005615 0.0431 0.0392 0.0471
v 0.176514 0.036133 0.005615 0.0510 0.0314 0.0549
v 0.105225 0.024414 0.005615 0.9176 0.6628 0.0353
v -0.103271 0.023926 0.005615 0.8980 0.6667 0.0784
v 0.104248 0.023926 0.005615 0.8313 0.6157 0.1098
v -0.072510 0.713867 0.006104 0.0784 0.0863 0.0941
v 0.072998 0.713867 0.006104 0.0706 0.0706 0.0784
v -0.085693 0.747070 0.006104 0.1333 0.0863 0.0706
v 0.086670 0.747070 0.006104 0.1373 0.0784 0.0471
v -0.083740 0.775391 0.006104 0.6510 0.3882 0.2627
v 0.084717 0.775391 0.006104 0.6354 0.3804 0.2432
v -0.281494 0.776367 0.006103 0.6589 0.3765 0.2510
v 0.281982 0.776367 0.006104 0.6432 0.3686 0.2353
v -0.154053 0.784668 0.006103 0.6706 0.4118 0.2863
v 0.154541 0.784668 0.006104 0.6667 0.4000 0.2588
v -0.293701 0.785156 0.006103 0.6628 0.3921 0.2627
v 0.294189 0.785156 0.006104 0.6510 0.3921 0.2549
v -0.366943 0.831055 0.006103 0.8627 0.4863 0.2235
v 0.366943 0.831055 0.006104 0.6863 0.4980 0.0824
v -0.050049 0.846191 0.006104 0.5530 0.3451 0.2078
v 0.050537 0.846191 0.006104 0.5569 0.3255 0.2078
v 0.037354 0.903809 0.006104 0.5843 0.3568 0.2314
v -0.036865 0.904297 0.006104 0.5882 0.3608 0.2549
v -0.039307 0.913574 0.006104 0.7098 0.4667 0.3333
v 0.039795 0.913574 0.006104 0.7020 0.4392 0.3137
v -0.036865 0.916992 0.006104 0.6315 0.3961 0.2902
v -0.037842 0.919434 0.006104 0.6980 0.4471 0.3216
v 0.038330 0.919434 0.006104 0.6706 0.4196 0.3059
v -0.040283 0.922852 0.006104 0.6706 0.4196 0.2980
v 0.040771 0.922852 0.006104 0.6276 0.3765 0.2549
v -0.167725 0.043945 0.006103 0.1176 0.0980 0.0784
v 0.168701 0.043945 0.006104 0.1922 0.1490 0.1333
v -0.104248 0.024414 0.006104 0.9137 0.6706 0.0392
v -0.121338 0.520020 0.006592 0.5412 0.3529 0.0667
v 0.121826 0.520020 0.006592 0.4314 0.2627 0.0902
v -0.404053 0.771484 0.006592 0.6706 0.4589 0.0627
v 0.404053 0.771484 0.006592 0.6941 0.4667 0.0549
v -0.311768 0.783691 0.006592 0.5059 0.3059 0.2039
v 0.311768 0.783691 0.006592 0.7568 0.4314 0.2157
v -0.212647 0.785156 0.006592 0.6079 0.3529 0.2353
v 0.213135 0.785156 0.006592 0.6079 0.3608 0.2392
v -0.171631 0.785645 0.006592 0.6393 0.3843 0.2549
v 0.172119 0.785645 0.006592 0.6315 0.3725 0.2471
v -0.193115 0.829590 0.006592 0.6628 0.4118 0.2863
v 0.193604 0.829590 0.006592 0.6589 0.4118 0.2823
v -0.052002 0.849121 0.006592 0.4157 0.2549 0.1059
v 0.052490 0.849121 0.006592 0.2432 0.1490 0.1098
v -0.031982 0.902344 0.006592 0.6000 0.3686 0.2471
v 0.032471 0.902344 0.006592 0.6000 0.3686 0.2432
v -0.041260 0.906250 0.006592 0.6393 0.3804 0.2588
v 0.041748 0.906250 0.006592 0.6432 0.3843 0.2667
v 0.037354 0.916992 0.006592 0.6510 0.4118 0.2823
v -0.040283 0.918945 0.006592 0.7020 0.4392 0.3137
v 0.040771 0.918945 0.006592 0.6667 0.4118 0.2980
v -0.044189 0.931152 0.006592 0.5176 0.2549 0.1569
v 0.045166 0.931152 0.006592 0.5373 0.2823 0.1686
v -0.108154 0.351074 0.006592 0.5961 0.3608 0.2314
v 0.108643 0.351074 0.006592 0.6000 0.3647 0.2314
v -0.110107 0.308594 0.006592 0.5961 0.3490 0.2353
v 0.111084 0.308594 0.006592 0.5686 0.3372 0.2235
v -0.168213 0.043457 0.006592 0.0941 0.0941 0.0627
v 0.169189 0.043457 0.006592 0.1216 0.0784 0.0745
v -0.129150 0.500000 0.007080 0.3019 0.1843 0.1333
v 0.130127 0.500000 0.007080 0.2823 0.1804 0.1216
v -0.123779 0.521973 0.007080 0.8862 0.6941 0.1333
v 0.124268 0.521973 0.007080 0.6157 0.4941 0.2196
v -0.117432 0.546387 0.007080 0.6236 0.4667 0.1882
v 0.117920 0.546387 0.007080 0.8157 0.6628 0.1725
v -0.069092 0.665527 0.007080 0.6589 0.3490 0.1843
v 0.070068 0.665527 0.007080 0.6785 0.3568 0.1961
v -0.084717 0.745117 0.007080 0.1451 0.0863 0.0549
v 0.085693 0.745117 0.007080 0.1137 0.0784 0.0627
v -0.230225 0.774902 0.007080 0.6471 0.3568 0.2235
v 0.230713 0.774902 0.007080 0.6315 0.3608 0.2353
v -0.082764 0.789062 0.007080 0.5921 0.3412 0.2235
v 0.083252 0.789062 0.007080 0.5921 0.3451 0.2235
v -0.085693 0.798340 0.007080 0.5608 0.3176 0.2039
v 0.086182 0.798828 0.007080 0.5569 0.3176 0.2039
v -0.094971 0.800781 0.007080 0.5608 0.3216 0.2039
v 0.095459 0.800781 0.007080 0.5608 0.3333 0.2157
v -0.242432 0.802246 0.007080 0.6550 0.4039 0.2627
v 0.242920 0.802246 0.007080 0.6628 0.4157 0.2784
v -0.239990 0.808594 0.007080 0.6510 0.4039 0.2745
v 0.240967 0.808594 0.007080 0.6197 0.3843 0.2510
v -0.028076 0.887695 0.007080 0.6000 0.3686 0.2432
v 0.028564 0.887695 0.007080 0.5804 0.3568 0.2314
v -0.030518 0.897461 0.007080 0.6039 0.3725 0.2471
v 0.031006 0.897461 0.007080 0.6000 0.3686 0.2392
v -0.123291 0.469727 0.007080 0.6118 0.3647 0.2353
v 0.124268 0.469727 0.007080 0.6079 0.3608 0.2275
v -0.088623 0.631836 0.007568 0.4823 0.3098 0.0627
v 0.089111 0.631836 0.007568 0.5647 0.3765 0.0706
v -0.393311 0.775391 0.007568 0.1176 0.0902 0.0510
v 0.393311 0.775391 0.007568 0.0196 0.0196 0.0627
v -0.401611 0.776855 0.007568 0.1020 0.0745 0.0431
v -0.221436 0.782715 0.007568 0.6315 0.3647 0.2353
v 0.221924 0.782715 0.007568 0.6157 0.3568 0.2353
v -0.319092 0.783691 0.007568 0.7059 0.3882 0.1765
v 0.319580 0.783691 0.007568 0.1255 0.1059 0.0706
v -0.370850 0.785645 0.007568 0.1098 0.0863 0.0706
v 0.370850 0.785645 0.007568 0.1059 0.0863 0.0706
v -0.155518 0.791016 0.007568 0.6079 0.3686 0.2432
v 0.156006 0.791016 0.007568 0.6118 0.3647 0.2353
v -0.230225 0.795410 0.007568 0.6745 0.4235 0.2941
v 0.230713 0.795410 0.007568 0.6628 0.4118 0.2784
v -0.233154 0.802246 0.007568 0.6118 0.3725 0.2510
v 0.234131 0.802246 0.007568 0.6550 0.4078 0.2667
v -0.032471 0.848145 0.007568 0.6157 0.3804 0.2235
v 0.032959 0.848145 0.007568 0.6039 0.3490 0.2392
v -0.038330 0.903320 0.007568 0.5921 0.3647 0.2392
v 0.038818 0.903320 0.007568 0.6000 0.3686 0.2510
v -0.039795 0.910156 0.007568 0.6941 0.4392 0.3176
v 0.040283 0.910156 0.007568 0.7059 0.4550 0.3216
v -0.038818 0.915039 0.007568 0.6980 0.4471 0.3176
v 0.039795 0.915039 0.007568 0.6706 0.4196 0.2941
v -0.042236 0.926270 0.007568 0.6157 0.3568 0.2392
v 0.043213 0.926270 0.007568 0.6315 0.3765 0.2588
v -0.126221 0.499512 0.007568 0.2432 0.1373 0.0863
v 0.126709 0.499512 0.007568 0.2235 0.1333 0.0824
v -0.038818 0.366211 0.007568 0.5608 0.3059 0.1882
v 0.039795 0.366211 0.007568 0.5647 0.3255 0.2118
v -0.072021 0.324219 0.007568 0.5490 0.3019 0.1922
v 0.072510 0.324219 0.007568 0.5608 0.3294 0.2118
v -0.105225 0.289551 0.007568 0.6276 0.3647 0.2549
v 0.105713 0.289551 0.007568 0.6157 0.3529 0.2392
v -0.114502 0.054688 0.007568 0.8392 0.5764 0.2549
v 0.115479 0.054688 0.007568 0.7804 0.4941 0.1961
v -0.170166 0.043457 0.007568 0.1098 0.1020 0.0745
v 0.171143 0.043457 0.007568 0.1137 0.0784 0.0549
v -0.120850 0.529297 0.008057 0.9058 0.7020 0.1176
v 0.121826 0.529297 0.008057 0.7608 0.5961 0.2039
v 0.401611 0.776855 0.008057 0.0745 0.0510 0.0392
v -0.314697 0.782227 0.008057 0.3059 0.1255 0.0314
v 0.314697 0.782227 0.008057 0.7490 0.4157 0.1608
v -0.202881 0.785156 0.008057 0.6354 0.3804 0.2549
v 0.203369 0.785156 0.008057 0.6236 0.3686 0.2432
v -0.223877 0.789062 0.008057 0.6510 0.3961 0.2706
v 0.224365 0.789062 0.008057 0.6510 0.3961 0.2706
v -0.137939 0.795898 0.008057 0.6039 0.3647 0.2471
v 0.138916 0.795898 0.008057 0.5961 0.3568 0.2353
v -0.121338 0.799805 0.008057 0.6315 0.3882 0.2667
v 0.121826 0.799805 0.008057 0.6197 0.3725 0.2392
v -0.278564 0.814941 0.008057 0.6745 0.4235 0.2863
v 0.279541 0.814941 0.008057 0.6980 0.4471 0.3059
v -0.264893 0.819336 0.008057 0.6863 0.4353 0.2980
v 0.265381 0.819336 0.008057 0.6863 0.4353 0.2980
v -0.387451 0.835938 0.008057 0.8509 0.6354 0.0275
v 0.387451 0.835938 0.008057 0.8000 0.5764 0.0078
v -0.057861 0.848145 0.008057 0.5686 0.3529 0.2353
v 0.058350 0.848145 0.008057 0.5882 0.3529 0.2353
v -0.052002 0.851074 0.008057 0.5921 0.4118 0.0549
v 0.052490 0.851562 0.008057 0.1647 0.1137 0.0941
v -0.026611 0.873047 0.008057 0.6039 0.3686 0.2432
v 0.027100 0.873047 0.008057 0.6079 0.3725 0.2471
v -0.047119 0.935059 0.008057 0.4980 0.2275 0.1294
v 0.047607 0.935059 0.008057 0.4589 0.2000 0.0941
v -0.020264 0.445801 0.008057 0.5176 0.2823 0.1725
v 0.020752 0.445801 0.008057 0.5255 0.2902 0.1843
v -0.094971 0.287109 0.008057 0.5961 0.3412 0.2314
v 0.095947 0.287109 0.008057 0.6197 0.3568 0.2432
v -0.173096 0.040039 0.008057 0.0902 0.0706 0.0588
v 0.174561 0.040039 0.008057 0.0941 0.0667 0.0549
v -0.178467 0.010742 0.008057 0.0784 0.0510 0.0118
v 0.179443 0.010742 0.008057 0.0902 0.0588 0.0196
v -0.176025 0.007812 0.008057 0.0824 0.0549 0.0157
v 0.177490 0.007812 0.008057 0.0784 0.0471 0.0039
v -0.113525 0.559082 0.008545 0.4118 0.2902 0.0863
v 0.114502 0.559082 0.008545 0.8784 0.7137 0.1725
v -0.415772 0.750488 0.008545 0.8823 0.6471 0.0471
v 0.416260 0.750488 0.008545 0.8157 0.6118 0.0314
v -0.406006 0.756348 0.008545 0.8784 0.6471 0.0275
v 0.406006 0.756348 0.008545 0.8313 0.6118 0.0196
v -0.401611 0.767090 0.008545 0.7412 0.5098 0.0549
v 0.401611 0.767090 0.008545 0.7490 0.5176 0.0510
v -0.107178 0.800781 0.008545 0.6157 0.3686 0.2471
v 0.108154 0.800781 0.008545 0.6197 0.3725 0.2510
v 0.050537 0.851074 0.008545 0.4118 0.3019 0.0980
v -0.049561 0.851562 0.008545 0.9176 0.6902 0.0549
v -0.111572 0.356934 0.008545 0.5961 0.3568 0.2392
v 0.112549 0.356934 0.008545 0.6157 0.3765 0.2471
v -0.107178 0.041504 0.008545 0.8274 0.5725 0.0941
v 0.108643 0.041504 0.008545 0.0745 0.0588 0.0706
v -0.170166 0.004883 0.008545 0.1137 0.0784 0.0392
v 0.171143 0.004883 0.008545 0.0627 0.0667 0.0471
v -0.121826 0.520020 0.009033 0.6902 0.4745 0.1020
v 0.122314 0.520020 0.009033 0.7137 0.4823 0.1294
v -0.124268 0.521484 0.009033 0.8980 0.6667 0.0627
v 0.125244 0.521484 0.009033 0.9529 0.7529 0.1020
v -0.066162 0.665039 0.009033 0.7216 0.4000 0.2432
v 0.066650 0.665039 0.009033 0.6941 0.3843 0.2314
v -0.069580 0.705078 0.009033 0.2235 0.0549 0.0039
v 0.070068 0.705078 0.009033 0.4039 0.3176 0.0667
v -0.427490 0.749023 0.009033 0.8627 0.6550 0.0431
v 0.427490 0.749023 0.009033 0.8588 0.6550 0.0235
v -0.402100 0.761719 0.009033 0.8157 0.5882 0.0275
v 0.402100 0.761719 0.009033 0.8039 0.5804 0.0275
v -0.240967 0.774902 0.009033 0.6393 0.3608 0.2314
v 0.241455 0.774902 0.009033 0.6393 0.3686 0.2471
v -0.386475 0.775879 0.009033 0.1020 0.0824 0.0588
v 0.386475 0.775879 0.009033 0.0863 0.0706 0.0667
v -0.465088 0.788574 0.009033 0.8509 0.6393 0.0078
v 0.464600 0.788574 0.009033 0.8353 0.6157 0.0039
v -0.311279 0.792969 0.009033 0.4392 0.2353 0.1569
v 0.311768 0.792969 0.009033 0.6980 0.3921 0.2118
v -0.248779 0.815430 0.009033 0.6745 0.4157 0.2784
v 0.249268 0.815430 0.009033 0.6863 0.4275 0.2902
v -0.178955 0.832031 0.009033 0.6706 0.4157 0.2902
v 0.179932 0.832031 0.009033 0.6550 0.4000 0.2745
v -0.028564 0.890625 0.009033 0.5764 0.3568 0.2275
v 0.029053 0.890625 0.009033 0.5882 0.3568 0.2353
v -0.035889 0.903320 0.009033 0.6000 0.3804 0.2588
v 0.036865 0.903320 0.009033 0.6118 0.3765 0.2549
v 0.150146 0.061035 0.009033 0.1647 0.0784 0.0471
v -0.103271 0.028320 0.009033 0.1216 0.0745 0.0157
v 0.104248 0.028320 0.009033 0.0588 0.0275 0.0196
v -0.158936 0.002930 0.009033 0.1647 0.1373 0.0980
v 0.160400 0.002930 0.009033 0.0941 0.0784 0.0392
v -0.069092 0.702637 0.009521 0.6197 0.3804 0.2510
v 0.069580 0.702637 0.009521 0.6079 0.3647 0.2549
v -0.438721 0.751465 0.009521 0.8431 0.6276 0.0235
v 0.438721 0.751465 0.009522 0.8470 0.6276 0.0118
v -0.266846 0.775879 0.009521 0.6706 0.3843 0.2627
v 0.267334 0.775879 0.009522 0.6628 0.3804 0.2549
v -0.319580 0.781250 0.009521 0.7020 0.3725 0.1882
v 0.319580 0.781250 0.009522 0.1373 0.0941 0.0510
v -0.230713 0.784180 0.009521 0.6745 0.4039 0.2745
v 0.231689 0.784180 0.009522 0.6510 0.3921 0.2588
v -0.280029 0.784668 0.009521 0.6824 0.4118 0.2823
v 0.280518 0.784668 0.009522 0.6589 0.4000 0.2627
v -0.291260 0.812988 0.009521 0.6941 0.4432 0.3059
v 0.291748 0.812988 0.009522 0.7098 0.4589 0.3137
v -0.147217 0.833984 0.009521 0.5608 0.3294 0.2078
v 0.147705 0.833984 0.009522 0.5961 0.3568 0.2392
v -0.068604 0.853516 0.009521 0.5764 0.3451 0.2235
v 0.069092 0.853516 0.009521 0.5686 0.3412 0.2235
v -0.038818 0.905273 0.009521 0.6236 0.3804 0.2627
v 0.039795 0.905273 0.009521 0.6354 0.4000 0.2667
v -0.048584 0.941895 0.009521 0.4589 0.1882 0.0706
v 0.049561 0.941895 0.009521 0.5569 0.2549 0.1451
v -0.018799 0.458984 0.009521 0.2432 0.1216 0.0784
v 0.019287 0.458984 0.009521 0.4157 0.2196 0.1490
v -0.038330 0.387695 0.009521 0.5608 0.3137 0.1922
v 0.038818 0.387695 0.009521 0.5686 0.3294 0.2078
v -0.148682 0.061035 0.009521 0.6706 0.4628 0.1569
v -0.180420 0.018066 0.009521 0.1059 0.0667 0.0431
v 0.181396 0.018066 0.009522 0.0980 0.0627 0.0549
v -0.115967 0.545410 0.010010 0.9255 0.7333 0.0980
v 0.116455 0.545410 0.010010 0.8745 0.6706 0.2039
v -0.067627 0.702148 0.010010 0.6354 0.3843 0.2510
v 0.068115 0.702148 0.010010 0.6236 0.3647 0.2510
v -0.448486 0.757324 0.010010 0.8862 0.6589 0.0196
v 0.448975 0.757324 0.010010 0.9176 0.6980 0.0275
v -0.456299 0.765625 0.010010 0.8313 0.6079 0.0157
v -0.253174 0.774902 0.010010 0.6745 0.3882 0.2588
v 0.253662 0.774902 0.010010 0.6706 0.3921 0.2667
v -0.462158 0.775879 0.010010 0.8470 0.6354 0.0078
v -0.405518 0.777832 0.010010 0.0902 0.0706 0.0510
v 0.405518 0.777832 0.010010 0.0784 0.0549 0.0353
v -0.329346 0.782715 0.010010 0.0667 0.0549 0.0353
v 0.329834 0.782715 0.010010 0.1098 0.0706 0.0314
v -0.303955 0.791504 0.010010 0.6276 0.3804 0.2588
v 0.304443 0.791504 0.010010 0.6393 0.3921 0.2706
v -0.241455 0.793457 0.010010 0.6863 0.4353 0.2980
v 0.241943 0.793457 0.010010 0.6863 0.4275 0.2902
v -0.249756 0.804688 0.010010 0.6550 0.4000 0.2627
v 0.250244 0.804688 0.010010 0.6157 0.3804 0.2471
v -0.302002 0.812500 0.010010 0.6824 0.4314 0.2980
v -0.309326 0.812500 0.010010 0.2314 0.1490 0.1059
v 0.302490 0.812500 0.010010 0.6941 0.4471 0.2980
v 0.309814 0.812500 0.010010 0.8235 0.4941 0.2314
v -0.308350 0.817871 0.010010 0.2432 0.1647 0.1137
v 0.308838 0.817871 0.010010 0.8078 0.4784 0.2275
v -0.165771 0.833496 0.010010 0.6276 0.3804 0.2588
v 0.166260 0.833496 0.010010 0.6276 0.3804 0.2510
v -0.154053 0.833984 0.010010 0.5882 0.3490 0.2275
v 0.155029 0.833984 0.010010 0.6118 0.3647 0.2392
v -0.401611 0.838379 0.010010 0.8392 0.6236 0.0235
v -0.416748 0.838379 0.010010 0.8392 0.6236 0.0235
v 0.401611 0.838379 0.010010 0.8706 0.6510 0.0353
v 0.416748 0.838379 0.010010 0.8235 0.6000 0.0235
v -0.039795 0.847168 0.010010 0.6118 0.3725 0.2275
v 0.040283 0.847168 0.010010 0.4706 0.2667 0.2078
v -0.026123 0.855469 0.010010 0.6039 0.3725 0.2392
v 0.027100 0.855469 0.010010 0.6000 0.3490 0.2353
v -0.038818 0.912109 0.010010 0.6824 0.4432 0.3059
v 0.039307 0.912109 0.010010 0.6941 0.4471 0.3137
v -0.041260 0.919922 0.010010 0.6432 0.3882 0.2667
v 0.041748 0.919922 0.010010 0.6236 0.3765 0.2549
v -0.120361 0.488770 0.010010 0.6079 0.3608 0.2275
v 0.121338 0.488770 0.010010 0.6000 0.3451 0.2235
v 0.123291 0.057129 0.010010 0.8157 0.6471 0.1804
v -0.180420 0.020508 0.010010 0.8588 0.6432 0.1255
v 0.181396 0.020508 0.010010 0.7490 0.5764 0.1569
v -0.109619 0.573730 0.010498 0.3019 0.2000 0.0000
v 0.110596 0.573730 0.010498 0.7020 0.5412 0.2196
v -0.082764 0.737305 0.010498 0.1255 0.1176 0.0745
v 0.083252 0.737305 0.010498 0.1451 0.1098 0.0745
v 0.458252 0.765625 0.010498 0.8745 0.6589 0.0275
v 0.463135 0.775391 0.010498 0.8627 0.6432 0.0196
v -0.378662 0.778320 0.010498 0.0980 0.0706 0.0549
v 0.379150 0.778320 0.010498 0.0824 0.0627 0.0431
v -0.322022 0.780273 0.010498 0.6471 0.3490 0.1490
v 0.322022 0.780273 0.010498 0.1686 0.1294 0.0863
v -0.340576 0.785156 0.010498 0.1020 0.0745 0.0431
v 0.340576 0.785156 0.010498 0.1020 0.0667 0.0392
v -0.189697 0.786133 0.010498 0.6706 0.4000 0.2706
v 0.190674 0.786133 0.010498 0.6393 0.3804 0.2549
v -0.464111 0.800781 0.010498 0.8588 0.6354 0.0392
v 0.464111 0.800781 0.010498 0.8549 0.6471 0.0118
v -0.225342 0.811035 0.010498 0.6039 0.3725 0.2510
v 0.225830 0.811035 0.010498 0.6276 0.3804 0.2510
v -0.042236 0.850586 0.010498 0.6393 0.3843 0.2432
v 0.043213 0.850586 0.010498 0.8392 0.5725 0.0667
v -0.034424 0.898438 0.010498 0.6276 0.3961 0.2706
v 0.035400 0.898438 0.010498 0.6118 0.3804 0.2471
v -0.044678 0.926758 0.010498 0.5137 0.2432 0.1412
v 0.045654 0.926758 0.010498 0.5098 0.2588 0.1530
v -0.050049 0.948730 0.010498 0.5490 0.2471 0.1451
v 0.051025 0.948730 0.010498 0.5137 0.2196 0.1098
v -0.122314 0.057129 0.010498 0.8431 0.6706 0.2235
v -0.106201 0.040527 0.010498 0.5764 0.4275 0.1804
v 0.107178 0.040527 0.010498 0.0588 0.0627 0.0627
v -0.178467 0.020996 0.010498 0.8980 0.6589 0.0627
v 0.179443 0.020996 0.010498 0.9568 0.7412 0.0941
v -0.122314 0.528809 0.010986 0.8902 0.6510 0.0627
v 0.123291 0.528809 0.010986 0.9098 0.6824 0.0235
v -0.083252 0.636230 0.010986 0.5804 0.2745 0.1098
v 0.083740 0.636230 0.010986 0.6236 0.2627 0.1176
v -0.066162 0.698730 0.010986 0.6510 0.4039 0.2627
v 0.066650 0.698730 0.010986 0.6354 0.3725 0.2549
v -0.242432 0.784668 0.010986 0.6824 0.4196 0.2863
v 0.242920 0.784668 0.010986 0.6706 0.4078 0.2784
v -0.217529 0.789551 0.010986 0.6276 0.3725 0.2549
v 0.218018 0.789551 0.010986 0.6276 0.3804 0.2588
v -0.251709 0.796875 0.010986 0.6785 0.4275 0.2902
v 0.252197 0.796875 0.010986 0.6706 0.4196 0.2823
v -0.316650 0.819336 0.010986 0.3568 0.1922 0.1294
v 0.316650 0.819336 0.010986 0.1490 0.1333 0.1059
v -0.430908 0.836426 0.010986 0.8313 0.6157 0.0196
v 0.430908 0.836426 0.010986 0.8431 0.6276 0.0235
v -0.040283 0.850098 0.010986 0.6510 0.4157 0.2549
v 0.040771 0.850098 0.010986 0.2157 0.1137 0.0157
v -0.050537 0.955566 0.010986 0.4667 0.1922 0.0863
v 0.051025 0.955566 0.010986 0.4667 0.1882 0.0902
v -0.033936 0.988770 0.010986 0.4392 0.1765 0.0706
v 0.034424 0.988770 0.010986 0.4118 0.1608 0.0627
v -0.133057 0.486328 0.010986 0.0902 0.0667 0.0667
v 0.133545 0.486328 0.010986 0.0784 0.0667 0.0667
v -0.130127 0.485840 0.010986 0.0980 0.0745 0.0627
v 0.130615 0.485840 0.010986 0.0980 0.0706 0.0588
v -0.017334 0.471680 0.010986 0.1647 0.0824 0.0275
v 0.017822 0.471680 0.010986 0.6079 0.3686 0.2471
v -0.140869 0.002441 0.010986 0.1020 0.0863 0.0510
v 0.141846 0.002441 0.010986 0.0980 0.0824 0.0471
v -0.112061 0.558105 0.011475 0.9568 0.7333 0.1255
v 0.112549 0.558105 0.011475 0.7255 0.5608 0.1412
v -0.084229 0.638672 0.011475 0.6550 0.3216 0.1647
v 0.084717 0.638672 0.011475 0.6745 0.3255 0.1765
v -0.063232 0.671387 0.011475 0.6236 0.3804 0.2510
v 0.064209 0.671387 0.011475 0.6197 0.3921 0.2549
v -0.399658 0.775391 0.011475 0.1098 0.0784 0.0392
v 0.399658 0.775391 0.011475 0.0196 0.0118 0.0431
v -0.351807 0.786133 0.011475 0.0941 0.0667 0.0353
v 0.351807 0.786133 0.011475 0.0980 0.0706 0.0471
v -0.080322 0.792480 0.011475 0.5725 0.3255 0.2157
v 0.080811 0.792480 0.011475 0.5608 0.3255 0.2118
v -0.311279 0.819824 0.011475 0.6824 0.3921 0.1569
v 0.311279 0.819824 0.011475 0.5098 0.3019 0.1608
v -0.025146 0.864746 0.011475 0.5921 0.3608 0.2314
v 0.026123 0.864746 0.011475 0.5882 0.3529 0.2314
v -0.049561 0.962891 0.011475 0.5176 0.2275 0.1020
v 0.050049 0.962891 0.011475 0.4902 0.2000 0.0863
v -0.025146 0.994629 0.011475 0.4902 0.1961 0.0706
v 0.025635 0.994629 0.011475 0.4784 0.1882 0.0706
v -0.032959 0.408203 0.011475 0.5764 0.3176 0.1804
v 0.033447 0.408203 0.011475 0.5882 0.3372 0.2118
v -0.079834 0.301758 0.011475 0.5608 0.3098 0.2039
v 0.080811 0.301758 0.011475 0.5647 0.3098 0.2039
v -0.081787 0.733887 0.011963 0.1333 0.1255 0.0784
v 0.082275 0.733887 0.011963 0.1530 0.1176 0.0902
v -0.253174 0.786133 0.011963 0.6785 0.4196 0.2863
v 0.253662 0.786133 0.011963 0.6628 0.4039 0.2706
v -0.311279 0.788574 0.011963 0.2863 0.1725 0.1216
v 0.311279 0.788574 0.011963 0.7686 0.4432 0.2157
v -0.364502 0.789062 0.011963 0.1373 0.1098 0.0549
v 0.364502 0.789062 0.011963 0.0667 0.0549 0.0314
v -0.293213 0.789551 0.011963 0.6354 0.3882 0.2667
v 0.293701 0.789551 0.011963 0.6197 0.3725 0.2432
v -0.086670 0.799316 0.011963 0.5530 0.3098 0.1922
v 0.087646 0.799316 0.011963 0.5412 0.3098 0.1961
v -0.263916 0.810059 0.011963 0.6706 0.4157 0.2706
v 0.264404 0.810059 0.011963 0.6745 0.4275 0.2902
v -0.209717 0.822754 0.011963 0.6236 0.3843 0.2667
v 0.210205 0.822754 0.011963 0.6393 0.3843 0.2588
v -0.442627 0.832031 0.011963 0.8274 0.6079 0.0314
v 0.443115 0.832031 0.011963 0.8431 0.6236 0.0471
v -0.035400 0.844238 0.011963 0.6079 0.3608 0.2039
v 0.035889 0.844238 0.011963 0.5804 0.3333 0.2275
v -0.037354 0.904785 0.011963 0.6471 0.4196 0.2902
v 0.037842 0.904785 0.011963 0.6197 0.3843 0.2510
v -0.038330 0.908691 0.011963 0.6510 0.4078 0.2863
v 0.038818 0.908691 0.011963 0.6706 0.4275 0.2941
v -0.039795 0.914062 0.011963 0.6432 0.4039 0.2823
v 0.040283 0.914062 0.011963 0.6354 0.3921 0.2706
v -0.043213 0.919922 0.011963 0.6079 0.3568 0.2432
v 0.043701 0.919922 0.011963 0.6039 0.3568 0.2432
v 0.000244 0.996094 0.011963 0.4118 0.1530 0.0706
v -0.061768 0.328125 0.011963 0.5530 0.2902 0.1647
v 0.062256 0.328125 0.011963 0.5921 0.3608 0.2432
v -0.122803 0.059082 0.011963 0.2157 0.1294 0.0275
v 0.123779 0.059082 0.011963 0.9647 0.7412 0.1137
v -0.164307 0.044922 0.011963 0.1059 0.0784 0.0706
v 0.165283 0.044922 0.011963 0.1255 0.0980 0.0902
v -0.179932 0.024902 0.011963 0.8745 0.6667 0.1333
v 0.180908 0.024902 0.011963 0.9255 0.7882 0.1412
v -0.122803 0.003906 0.011963 0.1216 0.1059 0.0706
v 0.124268 0.003906 0.011963 0.1373 0.1098 0.0706
v -0.081787 0.766602 0.012451 0.6432 0.3804 0.2510
v 0.082275 0.766602 0.012451 0.6354 0.3804 0.2510
v -0.359131 0.786621 0.012451 0.1098 0.0706 0.0196
v 0.359619 0.786621 0.012451 0.0902 0.0706 0.0510
v -0.265381 0.788574 0.012451 0.6745 0.4157 0.2823
v 0.265869 0.788574 0.012451 0.6589 0.4000 0.2667
v -0.460205 0.813965 0.012451 0.8392 0.6236 0.0157
v 0.460205 0.813965 0.012451 0.8353 0.6157 0.0314
v -0.047119 0.971680 0.012451 0.4589 0.1804 0.0667
v 0.047607 0.971680 0.012451 0.4000 0.1373 0.0314
v -0.005615 0.998535 0.012451 0.4157 0.1530 0.0706
v -0.014893 0.998535 0.012451 0.5686 0.2471 0.1137
v 0.006104 0.998535 0.012451 0.4510 0.1725 0.0863
v 0.015381 0.998535 0.012451 0.5294 0.2353 0.1098
v -0.139404 0.062012 0.012451 0.1804 0.1216 0.0196
v 0.140381 0.062012 0.012451 0.7725 0.6118 0.2235
v -0.164795 0.044434 0.012451 0.1020 0.0824 0.0784
v 0.165771 0.044434 0.012451 0.1137 0.0980 0.0941
v -0.104248 0.033691 0.012451 0.0510 0.0431 0.0549
v 0.105225 0.033691 0.012451 0.0510 0.0431 0.0627
v 0.117920 0.545898 0.012939 0.8941 0.6510 0.0275
v -0.106201 0.590820 0.012939 0.1176 0.0510 0.0000
v 0.106689 0.590820 0.012939 0.5569 0.3921 0.1412
v -0.082275 0.644043 0.012939 0.5294 0.2196 0.0784
v 0.082764 0.644043 0.012939 0.5882 0.2588 0.1137
v -0.063721 0.691895 0.012939 0.6589 0.4039 0.2588
v 0.064209 0.691895 0.012939 0.6471 0.3961 0.2549
v -0.081299 0.755371 0.012939 0.6157 0.3608 0.2432
v 0.081787 0.755371 0.012939 0.5843 0.3529 0.2392
v -0.409912 0.777832 0.012939 0.5921 0.3882 0.0549
v 0.410400 0.777832 0.012940 0.5255 0.3294 0.0314
v -0.407959 0.778320 0.012939 0.1098 0.0824 0.0431
v 0.407959 0.778320 0.012940 0.0824 0.0667 0.0510
v -0.410889 0.780273 0.012939 0.5961 0.4000 0.0549
v 0.410889 0.780273 0.012940 0.5098 0.3333 0.0510
v -0.363037 0.787109 0.012939 0.1294 0.0902 0.0314
v 0.363037 0.787109 0.012940 0.1020 0.0902 0.0667
v -0.173584 0.788574 0.012939 0.6315 0.3843 0.2549
v 0.174561 0.788574 0.012939 0.6471 0.3882 0.2588
v -0.279541 0.789062 0.012939 0.6745 0.4196 0.2941
v 0.280029 0.789062 0.012939 0.6667 0.4157 0.2784
v -0.366455 0.789551 0.012939 0.1098 0.0863 0.0588
v 0.366455 0.789551 0.012940 0.1216 0.1059 0.0745
v -0.222900 0.796387 0.012939 0.5882 0.3568 0.2392
v 0.223389 0.796387 0.012939 0.6393 0.4000 0.2784
v -0.316162 0.821777 0.012939 0.1490 0.1098 0.0863
v 0.316650 0.821777 0.012939 0.1569 0.1333 0.1098
v -0.452881 0.824219 0.012939 0.8392 0.6236 0.0157
v 0.453369 0.824219 0.012940 0.8509 0.6315 0.0235
v -0.368408 0.827637 0.012939 0.6276 0.4314 0.0902
v 0.368408 0.827637 0.012940 0.8117 0.6197 0.0392
v -0.136475 0.833496 0.012939 0.6354 0.4000 0.2745
v 0.136963 0.833496 0.012939 0.6315 0.3882 0.2588
v -0.025635 0.848633 0.012939 0.6197 0.3882 0.2432
v 0.026611 0.848633 0.012939 0.6118 0.3608 0.2353
v -0.022217 0.875488 0.012939 0.5921 0.3568 0.2314
v 0.023193 0.875488 0.012939 0.6276 0.3921 0.2549
v -0.023193 0.881348 0.012939 0.5764 0.3529 0.2353
v 0.023682 0.881348 0.012939 0.5882 0.3568 0.2353
v -0.116943 0.545898 0.013428 0.9490 0.7216 0.0824
v -0.108154 0.572754 0.013428 0.9451 0.6980 0.1412
v 0.108643 0.572754 0.013428 0.7059 0.5647 0.1373
v -0.061768 0.679199 0.013428 0.6550 0.4000 0.2745
v 0.062256 0.679199 0.013428 0.6471 0.4000 0.2706
v -0.408447 0.774902 0.013428 0.5647 0.3647 0.0431
v -0.319092 0.789062 0.013428 0.7176 0.3882 0.1843
v 0.319580 0.789062 0.013428 0.1373 0.1216 0.0863
v -0.108643 0.803711 0.013428 0.6197 0.3765 0.2588
v -0.225830 0.803711 0.013428 0.5882 0.3568 0.2353
v 0.109131 0.803711 0.013428 0.6354 0.3882 0.2588
v 0.226318 0.803711 0.013428 0.6236 0.3804 0.2510
v -0.325928 0.823730 0.013428 0.0824 0.0784 0.0745
v 0.325928 0.823730 0.013428 0.1490 0.1294 0.1059
v -0.339600 0.824219 0.013428 0.1451 0.1294 0.1176
v 0.339600 0.824219 0.013428 0.1137 0.1059 0.0902
v -0.041260 0.914551 0.013428 0.6276 0.3921 0.2706
v 0.041748 0.914551 0.013428 0.6118 0.3647 0.2432
v -0.113037 0.322754 0.013428 0.5921 0.3451 0.2235
v 0.113525 0.322754 0.013428 0.5764 0.3412 0.2275
v -0.167236 0.044922 0.013428 0.0902 0.0824 0.0824
v 0.168213 0.044922 0.013428 0.1176 0.0863 0.0745
v -0.111572 0.006836 0.013428 0.0706 0.0745 0.0431
v 0.113037 0.006836 0.013428 0.1451 0.1098 0.0667
v -0.081787 0.649414 0.013916 0.7137 0.3921 0.2314
v 0.082764 0.649414 0.013916 0.7294 0.4078 0.2392
v -0.061279 0.685059 0.013916 0.6589 0.3921 0.2745
v 0.061768 0.685059 0.013916 0.6628 0.4078 0.2706
v -0.079834 0.729004 0.013916 0.1216 0.1059 0.0706
v 0.080322 0.729004 0.013916 0.1333 0.1137 0.0863
v -0.394775 0.773926 0.013916 0.1059 0.0824 0.0431
v 0.394775 0.773926 0.013916 0.0510 0.0471 0.0706
v 0.408447 0.775391 0.013916 0.5373 0.3333 0.0392
v -0.373291 0.782227 0.013916 0.0784 0.0745 0.0549
v 0.373291 0.782227 0.013916 0.0941 0.0824 0.0627
v -0.314209 0.787598 0.013916 0.6197 0.3686 0.2196
v 0.314209 0.787598 0.013916 0.7451 0.4196 0.2078
v -0.310791 0.798828 0.013916 0.1255 0.0980 0.0784
v 0.310791 0.798828 0.013916 0.7725 0.4510 0.2039
v -0.309814 0.806152 0.013916 0.1412 0.0941 0.0627
v 0.310303 0.806152 0.013916 0.8117 0.4823 0.2196
v -0.318604 0.823242 0.013916 0.1098 0.1294 0.1255
v 0.318604 0.823242 0.013916 0.1686 0.1412 0.1098
v -0.365967 0.823730 0.013916 0.4667 0.2863 0.1451
v 0.365967 0.823730 0.013916 0.7647 0.5647 0.0510
v -0.081299 0.856445 0.013916 0.5804 0.3451 0.2118
v 0.082275 0.856445 0.013916 0.6000 0.3647 0.2314
v -0.021729 0.866211 0.013916 0.6000 0.3686 0.2392
v 0.022217 0.866211 0.013916 0.6157 0.3725 0.2471
v -0.032959 0.891602 0.013916 0.6197 0.3882 0.2627
v 0.033447 0.891602 0.013916 0.6039 0.3725 0.2471
v -0.040771 0.980957 0.013916 0.4432 0.1804 0.0745
v 0.041260 0.980957 0.013916 0.4471 0.1647 0.0510
v -0.027588 0.427734 0.013916 0.5843 0.3255 0.1882
v 0.028076 0.427734 0.013916 0.6039 0.3451 0.2078
v -0.130127 0.062012 0.013916 0.7764 0.6039 0.2000
v 0.131104 0.062012 0.013916 0.8980 0.7137 0.2549
v -0.158936 0.047852 0.013916 0.1451 0.1098 0.1255
v 0.159912 0.047852 0.013916 0.1373 0.0941 0.1020
v -0.110596 0.044434 0.013916 0.1530 0.0902 0.0392
v 0.112061 0.044434 0.013916 0.0824 0.0784 0.0745
v -0.178955 0.029785 0.013916 0.0078 0.0039 0.0588
v 0.179932 0.029785 0.013916 0.0078 0.0039 0.0510
v -0.107178 0.009766 0.013916 0.0667 0.0667 0.0392
v 0.108154 0.009766 0.013916 0.1059 0.0824 0.0471
v 0.000244 0.500488 0.014404 0.3059 0.1843 0.0118
v -0.084717 0.753906 0.014404 0.1020 0.0745 0.0588
v 0.085205 0.753906 0.014404 0.0941 0.0745 0.0784
v -0.404541 0.776855 0.014404 0.0980 0.0745 0.0471
v 0.404541 0.776855 0.014404 0.0667 0.0510 0.0353
v -0.302979 0.797852 0.014404 0.6667 0.4118 0.2823
v 0.303467 0.797852 0.014404 0.6667 0.4118 0.2863
v -0.262939 0.798340 0.014404 0.6745 0.4235 0.2863
v 0.263428 0.798340 0.014404 0.6510 0.4157 0.2823
v -0.121338 0.801270 0.014404 0.6276 0.3843 0.2627
v 0.121826 0.801270 0.014404 0.6157 0.3686 0.2549
v -0.095459 0.804199 0.014404 0.5530 0.3176 0.2000
v 0.095947 0.804199 0.014404 0.5490 0.3137 0.2000
v -0.302490 0.806152 0.014404 0.6863 0.4275 0.2941
v 0.302979 0.806152 0.014404 0.6667 0.4196 0.2823
v -0.278564 0.807129 0.014404 0.7020 0.4432 0.3059
v 0.279053 0.807129 0.014404 0.6863 0.4432 0.2980
v -0.354248 0.825684 0.014404 0.1647 0.1451 0.1137
v 0.354736 0.825684 0.014404 0.4745 0.2667 0.1804
v -0.018799 0.866699 0.014404 0.6118 0.3804 0.2549
v 0.019287 0.866699 0.014404 0.6276 0.3804 0.2510
v -0.105225 0.012207 0.014404 0.0706 0.0588 0.0314
v 0.106201 0.012207 0.014404 0.0824 0.0667 0.0314
v -0.113525 0.557617 0.014893 0.9607 0.7333 0.1020
v 0.114014 0.557617 0.014893 0.9215 0.6785 0.0314
v -0.406982 0.771973 0.014893 0.6432 0.4314 0.0510
v 0.406982 0.771973 0.014893 0.6393 0.4314 0.0314
v -0.156006 0.792480 0.014893 0.6157 0.3765 0.2549
v 0.156494 0.792480 0.014893 0.5961 0.3568 0.2353
v -0.373779 0.832031 0.014893 0.8549 0.6393 0.0196
v 0.373779 0.832031 0.014893 0.8353 0.6197 0.0314
v -0.055420 0.845703 0.014893 0.0941 0.0745 0.0627
v 0.055908 0.845703 0.014893 0.5686 0.3333 0.2157
v -0.041748 0.915527 0.014893 0.6197 0.3804 0.2588
v 0.042236 0.915527 0.014893 0.6079 0.3608 0.2392
v -0.043213 0.919922 0.014893 0.4863 0.2353 0.1294
v 0.044189 0.919922 0.014893 0.4980 0.2510 0.1530
v -0.045166 0.926758 0.014893 0.4275 0.1686 0.0745
v 0.045654 0.926758 0.014893 0.4078 0.1647 0.0745
v -0.045654 0.934570 0.014893 0.4353 0.1765 0.0745
v 0.046143 0.934570 0.014893 0.4745 0.2196 0.1255
v -0.133545 0.471680 0.014893 0.0863 0.0667 0.0627
v 0.134033 0.471680 0.014893 0.0824 0.0667 0.0667
v -0.120361 0.376465 0.014893 0.6315 0.3843 0.2549
v 0.120850 0.376465 0.014893 0.6276 0.3765 0.2432
v 0.108154 0.339844 0.014893 0.5961 0.3608 0.2392
v -0.126221 0.502930 0.015381 0.9137 0.6980 0.0863
v 0.127197 0.502930 0.015381 0.8509 0.6276 0.0667
v -0.102295 0.607910 0.015381 0.3137 0.2235 0.0588
v 0.102783 0.607910 0.015381 0.9215 0.7333 0.2510
v -0.077881 0.724121 0.015381 0.1216 0.1098 0.0902
v 0.078369 0.724121 0.015381 0.1294 0.1176 0.0902
v -0.077393 0.784180 0.015381 0.5961 0.3490 0.2275
v 0.077881 0.784180 0.015381 0.5686 0.3294 0.2196
v -0.206787 0.788574 0.015381 0.6039 0.3529 0.2432
v 0.207275 0.788574 0.015381 0.6157 0.3647 0.2432
v -0.137939 0.796387 0.015381 0.5961 0.3568 0.2392
v 0.138428 0.796387 0.015381 0.5804 0.3451 0.2275
v -0.292236 0.796875 0.015381 0.6706 0.4118 0.2706
v 0.292725 0.796875 0.015381 0.6589 0.4078 0.2667
v -0.291748 0.806152 0.015381 0.6980 0.4392 0.3019
v 0.292236 0.806152 0.015381 0.7020 0.4432 0.3019
v -0.308838 0.811035 0.015381 0.1216 0.0980 0.0784
v 0.309326 0.811035 0.015381 0.8196 0.4863 0.2196
v -0.364990 0.825684 0.015381 0.7451 0.4314 0.1843
v 0.364990 0.825684 0.015381 0.7529 0.5412 0.0745
v -0.362061 0.826660 0.015381 0.8549 0.5059 0.2275
v 0.362061 0.826660 0.015381 0.2353 0.1373 0.0549
v -0.026123 0.841797 0.015381 0.6157 0.3725 0.2432
v 0.026611 0.841797 0.015381 0.5843 0.3412 0.2196
v -0.023682 0.857422 0.015381 0.6039 0.3725 0.2392
v 0.024170 0.857422 0.015381 0.6000 0.3568 0.2275
v -0.015869 0.859375 0.015381 0.6079 0.3725 0.2432
v 0.016357 0.859375 0.015381 0.6354 0.3843 0.2471
v -0.025146 0.883301 0.015381 0.5647 0.3451 0.2235
v 0.025635 0.883301 0.015381 0.5490 0.3333 0.2118
v -0.036865 0.900879 0.015381 0.6745 0.4432 0.3098
v 0.037354 0.900879 0.015381 0.6550 0.4196 0.2863
v -0.038818 0.910645 0.015381 0.6432 0.4118 0.2823
v 0.039307 0.910645 0.015381 0.6432 0.3961 0.2784
v -0.003174 0.495605 0.015381 0.4432 0.2823 0.0235
v 0.004150 0.495605 0.015381 0.4706 0.3019 0.0824
v -0.136475 0.472656 0.015381 0.1098 0.0745 0.0706
v 0.137451 0.472656 0.015381 0.0863 0.0784 0.0549
v -0.107666 0.339844 0.015381 0.6000 0.3608 0.2392
v -0.158447 0.050293 0.015381 0.7216 0.5804 0.2118
v 0.159424 0.050293 0.015381 0.5686 0.4667 0.1569
v -0.109131 0.043457 0.015381 0.0941 0.0745 0.0706
v 0.110596 0.043457 0.015381 0.0824 0.0745 0.0784
v -0.177002 0.034180 0.015381 0.0314 0.0314 0.0667
v 0.177979 0.034180 0.015381 0.0353 0.0275 0.0471
v -0.129150 0.503906 0.015869 0.9176 0.7137 0.0863
v 0.130127 0.504395 0.015869 0.8470 0.6197 0.0667
v -0.104248 0.589844 0.015869 0.8353 0.6000 0.1098
v 0.104736 0.589844 0.015869 0.4784 0.3137 0.1098
v -0.078857 0.654297 0.015869 0.7098 0.4000 0.2432
v 0.079346 0.654297 0.015869 0.6785 0.3725 0.1922
v -0.083740 0.751953 0.015869 0.1020 0.0627 0.0588
v 0.084717 0.751953 0.015869 0.0902 0.0745 0.0667
v -0.388428 0.773926 0.015869 0.1059 0.0902 0.0549
v 0.388428 0.773926 0.015869 0.0667 0.0627 0.0549
v -0.319092 0.786621 0.015869 0.7020 0.3804 0.1804
v 0.319580 0.786621 0.015869 0.1373 0.1098 0.0784
v -0.319580 0.792480 0.015869 0.5059 0.2392 0.0980
v 0.320068 0.792480 0.015869 0.1765 0.0980 0.0549
v -0.310303 0.794922 0.015869 0.1255 0.0980 0.0863
v 0.310791 0.794922 0.015869 0.7608 0.4510 0.2196
v -0.129639 0.840332 0.015869 0.6393 0.3921 0.2745
v 0.130127 0.840332 0.015869 0.6471 0.3882 0.2510
v -0.054932 0.846680 0.015869 0.3882 0.2745 0.0902
v 0.055420 0.846680 0.015869 0.5530 0.3294 0.2157
v -0.004150 0.490234 0.015869 0.6276 0.4118 0.0353
v 0.005127 0.490234 0.015869 0.5725 0.3921 0.0824
v -0.102783 0.304688 0.015869 0.6550 0.3765 0.2784
v 0.103760 0.304688 0.015869 0.6432 0.3608 0.2510
v -0.106689 0.039062 0.015869 0.0784 0.0667 0.0627
v 0.107666 0.039062 0.015869 0.0706 0.0706 0.0706
v -0.076416 0.720703 0.016357 0.0863 0.0784 0.0667
v 0.076904 0.720703 0.016357 0.0549 0.0510 0.0510
v -0.328857 0.787598 0.016357 0.0784 0.0824 0.0627
v 0.328857 0.787598 0.016357 0.1412 0.1020 0.0627
v -0.340088 0.790039 0.016357 0.1176 0.0902 0.0667
v 0.340088 0.790039 0.016357 0.1294 0.0941 0.0667
v -0.083252 0.794434 0.016357 0.5412 0.3137 0.2039
v 0.083740 0.794434 0.016357 0.5490 0.3098 0.2000
v -0.278564 0.796875 0.016357 0.6706 0.4196 0.2823
v 0.279053 0.796875 0.016357 0.6667 0.4196 0.2823
v -0.317139 0.812500 0.016357 0.1451 0.1373 0.1412
v 0.317627 0.812500 0.016357 0.1294 0.1176 0.0980
v -0.005615 0.845215 0.016357 0.6118 0.3686 0.2432
v 0.000244 0.845215 0.016357 0.6550 0.4078 0.2784
v 0.006592 0.845215 0.016357 0.6393 0.3921 0.2627
v -0.052490 0.846191 0.016357 0.9176 0.6902 0.0549
v 0.052979 0.846191 0.016357 0.2667 0.1922 0.0431
v -0.012939 0.852539 0.016357 0.6315 0.4000 0.2549
v 0.013428 0.852539 0.016357 0.6236 0.3765 0.2471
v -0.019287 0.858887 0.016357 0.6039 0.3765 0.2353
v 0.019775 0.858887 0.016357 0.6197 0.3725 0.2432
v -0.040771 0.915039 0.016357 0.5764 0.3372 0.2157
v 0.041260 0.915039 0.016357 0.6197 0.3725 0.2510
v -0.174072 0.038574 0.016357 0.0980 0.0824 0.0824
v 0.175049 0.038574 0.016357 0.0902 0.0706 0.0549
v -0.103271 0.019043 0.016357 0.2118 0.1333 0.0196
v 0.104248 0.019043 0.016357 0.2353 0.1530 0.0275
v -0.078369 0.660156 0.016846 0.6432 0.3333 0.1804
v 0.078857 0.660156 0.016846 0.6980 0.3765 0.2235
v -0.075928 0.718262 0.016846 0.0275 0.0392 0.0353
v 0.076904 0.718262 0.016846 0.0431 0.0353 0.0471
v -0.406006 0.767578 0.016846 0.7176 0.4863 0.0353
v 0.406006 0.767578 0.016846 0.7333 0.5019 0.0392
v -0.321533 0.785645 0.016846 0.3412 0.1961 0.1294
v 0.321533 0.785645 0.016846 0.1176 0.0941 0.0588
v -0.362549 0.794434 0.016846 0.1922 0.1530 0.0745
v 0.362549 0.794434 0.016846 0.5843 0.4314 0.1216
v -0.311768 0.812500 0.016846 0.7529 0.4353 0.1804
v 0.312256 0.812500 0.016846 0.2314 0.1569 0.0902
v -0.195557 0.826172 0.016846 0.6276 0.3843 0.2627
v 0.196045 0.826172 0.016846 0.6550 0.3882 0.2588
v -0.141357 0.831543 0.016846 0.6236 0.3843 0.2549
v 0.141846 0.831543 0.016846 0.6315 0.3921 0.2706
v -0.095459 0.856445 0.016846 0.6354 0.3882 0.2588
v 0.095947 0.856445 0.016846 0.6315 0.3725 0.2432
v -0.046631 0.941406 0.016846 0.4706 0.1843 0.0706
v 0.047119 0.941406 0.016846 0.4314 0.1647 0.0706
v -0.104736 0.021973 0.016846 0.9176 0.6667 0.0314
v 0.106201 0.021973 0.016846 0.9176 0.6667 0.0196
v -0.103271 0.020996 0.016846 0.9137 0.6628 0.0784
v 0.104736 0.020996 0.016846 0.9058 0.6706 0.0471
v -0.109619 0.572266 0.017334 0.9255 0.6628 0.0667
v 0.110107 0.572266 0.017334 0.9843 0.7804 0.0941
v -0.418213 0.752441 0.017334 0.8902 0.6628 0.0275
v 0.418213 0.752441 0.017334 0.8313 0.6236 0.0275
v -0.410400 0.756836 0.017334 0.8823 0.6236 0.0000
v 0.410400 0.756836 0.017334 0.8470 0.6276 0.0118
v -0.400635 0.774902 0.017334 0.1216 0.0863 0.0353
v 0.400635 0.774902 0.017334 0.0039 0.0078 0.0392
v -0.350830 0.791016 0.017334 0.1294 0.0941 0.0588
v 0.350830 0.791016 0.017334 0.1255 0.0980 0.0745
v -0.322022 0.794434 0.017334 0.6980 0.3608 0.1608
v 0.322022 0.794434 0.017334 0.7255 0.4353 0.2275
v -0.320068 0.794922 0.017334 0.7020 0.3686 0.1569
v 0.320557 0.794922 0.017334 0.7059 0.3882 0.1843
v -0.309814 0.803223 0.017334 0.2000 0.1255 0.0784
v 0.309814 0.803711 0.017334 0.8117 0.4667 0.1961
v -0.120361 0.847656 0.017334 0.6432 0.3921 0.2706
v 0.120850 0.847656 0.017334 0.6471 0.3882 0.2627
v -0.007080 0.853027 0.017334 0.6118 0.3765 0.2432
v 0.008057 0.853027 0.017334 0.6236 0.3804 0.2510
v -0.041748 0.920410 0.017334 0.5176 0.2667 0.1686
v 0.042236 0.920410 0.017334 0.4628 0.2196 0.1216
v -0.005615 0.479492 0.017334 0.6863 0.4667 0.0235
v 0.006592 0.479492 0.017334 0.6628 0.4432 0.0510
v -0.162842 0.044434 0.017334 0.0941 0.0863 0.0824
v 0.163818 0.044434 0.017334 0.1020 0.0902 0.0824
v -0.162354 0.043457 0.017334 0.1020 0.0824 0.0902
v 0.163330 0.043457 0.017334 0.0980 0.0863 0.0706
v -0.169678 0.042480 0.017334 0.0784 0.0667 0.0745
v 0.171143 0.042480 0.017334 0.1137 0.0824 0.0667
v -0.095947 0.622559 0.017822 0.8157 0.6550 0.2432
v 0.096436 0.622559 0.017822 0.7725 0.5647 0.1020
v -0.074463 0.716309 0.017822 0.0824 0.0863 0.0902
v 0.074951 0.716309 0.017822 0.0667 0.0627 0.0667
v -0.427490 0.751465 0.017822 0.8470 0.6315 0.0353
v 0.427490 0.751465 0.017822 0.8509 0.6393 0.0275
v -0.406982 0.762207 0.017822 0.8000 0.5569 0.0275
v 0.406982 0.762207 0.017822 0.7960 0.5647 0.0275
v -0.381592 0.775879 0.017822 0.0627 0.0510 0.0471
v 0.381592 0.775879 0.017822 0.0706 0.0588 0.0353
v -0.411377 0.778320 0.017822 0.6550 0.4471 0.0549
v 0.411377 0.778320 0.017822 0.5921 0.3804 0.0549
v 0.407959 0.778809 0.017822 0.1216 0.0745 0.0196
v -0.407959 0.779297 0.017822 0.1255 0.0902 0.0471
v -0.410400 0.780762 0.017822 0.5255 0.3647 0.0745
v 0.410400 0.780762 0.017822 0.4235 0.2823 0.0471
v -0.314209 0.794434 0.017822 0.6824 0.3647 0.1490
v 0.314209 0.794434 0.017822 0.7137 0.3921 0.1608
v -0.322022 0.795898 0.017822 0.7490 0.3961 0.1922
v 0.322022 0.795898 0.017822 0.7216 0.3961 0.1686
v -0.319580 0.797363 0.017822 0.6589 0.3647 0.1882
v 0.319580 0.797363 0.017822 0.6902 0.4000 0.2039
v -0.038330 0.840332 0.017822 0.6667 0.4314 0.2745
v 0.038818 0.840332 0.017822 0.6510 0.3961 0.2706
v -0.041748 0.842773 0.017822 0.6550 0.4039 0.2432
v 0.042236 0.842773 0.017822 0.3882 0.2235 0.1725
v -0.010498 0.845215 0.017822 0.6197 0.3843 0.2510
v 0.010986 0.845215 0.017822 0.6432 0.4000 0.2627
v -0.108643 0.853516 0.017822 0.6510 0.4039 0.2745
v 0.109131 0.853516 0.017822 0.6354 0.3843 0.2549
v -0.039795 0.914551 0.017822 0.6432 0.4118 0.2863
v 0.040283 0.914551 0.017822 0.6354 0.3882 0.2588
v -0.136963 0.460449 0.017822 0.1098 0.0784 0.0706
v 0.137451 0.460449 0.017822 0.0941 0.0667 0.0510
v -0.091553 0.302246 0.017822 0.6276 0.3529 0.2510
v 0.092041 0.302246 0.017822 0.6510 0.3608 0.2549
v -0.165283 0.044922 0.017822 0.0941 0.0784 0.0824
v 0.166260 0.044922 0.017822 0.1176 0.0863 0.0745
v -0.100342 0.606934 0.018311 0.8980 0.6863 0.1725
v 0.100830 0.606934 0.018311 0.5412 0.3882 0.1373
v -0.074463 0.664551 0.018311 0.6980 0.3843 0.2275
v 0.075439 0.664551 0.018311 0.6785 0.3608 0.1961
v -0.369385 0.788086 0.018310 0.0784 0.0745 0.0627
v 0.369385 0.788086 0.018311 0.0745 0.0706 0.0549
v -0.357666 0.791504 0.018311 0.1490 0.1216 0.0588
v 0.357666 0.791504 0.018311 0.0941 0.0745 0.0627
v -0.364014 0.793945 0.018311 0.1843 0.1412 0.0784
v 0.364014 0.793945 0.018311 0.6276 0.4432 0.0627
v -0.327881 0.796387 0.018311 0.7843 0.4078 0.1882
v 0.327881 0.796387 0.018311 0.7333 0.4000 0.1725
v -0.318115 0.805664 0.018311 0.1373 0.1176 0.1020
v 0.318604 0.805664 0.018311 0.1098 0.1020 0.0863
v -0.212158 0.814453 0.018311 0.6393 0.4039 0.2627
v 0.213135 0.814453 0.018311 0.6589 0.4039 0.2627
v -0.366455 0.822266 0.018311 0.7490 0.5530 0.0980
v 0.366455 0.822266 0.018311 0.7725 0.5647 0.0471
v 0.000244 0.837891 0.018311 0.6197 0.3804 0.2510
v -0.044678 0.844727 0.018311 0.5569 0.3412 0.2235
v 0.045166 0.844727 0.018311 0.8353 0.5921 0.0588
v -0.021729 0.851074 0.018311 0.6039 0.3725 0.2353
v 0.022217 0.851074 0.018311 0.6276 0.3765 0.2471
v -0.016357 0.852051 0.018311 0.6079 0.3686 0.2392
v 0.016846 0.852051 0.018311 0.6197 0.3725 0.2432
v 0.000244 0.853027 0.018311 0.6315 0.3882 0.2627
v -0.007080 0.468750 0.018311 0.7020 0.4745 0.0196
v 0.008057 0.468750 0.018311 0.6941 0.4667 0.0353
v -0.104248 0.357910 0.018311 0.5804 0.3451 0.2157
v 0.104736 0.357910 0.018311 0.5608 0.3255 0.1922
v -0.074463 0.314941 0.018311 0.5961 0.3412 0.2275
v 0.074951 0.314941 0.018311 0.5647 0.3294 0.2157
v -0.114990 0.046387 0.018311 0.0863 0.0745 0.0627
v 0.115967 0.046387 0.018311 0.1843 0.1255 0.0667
v -0.437744 0.753906 0.018799 0.8274 0.6118 0.0235
v 0.438232 0.753906 0.018799 0.8470 0.6276 0.0314
v -0.410889 0.775391 0.018799 0.5961 0.3961 0.0510
v 0.410889 0.775391 0.018799 0.4745 0.3019 0.0392
v -0.404541 0.777344 0.018799 0.1098 0.0863 0.0510
v -0.192139 0.790039 0.018799 0.6118 0.3725 0.2510
v 0.192627 0.790039 0.018799 0.6197 0.3725 0.2510
v -0.361084 0.791992 0.018799 0.1373 0.1216 0.0471
v 0.361572 0.791992 0.018799 0.0902 0.0784 0.0784
v -0.360107 0.798828 0.018799 0.8784 0.4745 0.1765
v 0.360107 0.798828 0.018799 0.6276 0.4157 0.0824
v -0.318115 0.806152 0.018799 0.1176 0.1176 0.1333
v -0.317139 0.813965 0.018799 0.1020 0.1216 0.1216
v 0.317139 0.813965 0.018799 0.1451 0.1216 0.0980
v -0.004639 0.837891 0.018799 0.6079 0.3725 0.2353
v 0.005127 0.837891 0.018799 0.6039 0.3686 0.2471
v -0.042236 0.844238 0.018799 0.6197 0.3804 0.2157
v 0.042725 0.844238 0.018799 0.2745 0.1569 0.0706
v -0.040283 0.919922 0.018799 0.5451 0.2902 0.1843
v 0.041260 0.919922 0.018799 0.5569 0.3059 0.1961
v -0.043213 0.926758 0.018799 0.4628 0.2118 0.1098
v 0.043701 0.926758 0.018799 0.4667 0.2118 0.1137
v -0.047119 0.947754 0.018799 0.5098 0.2314 0.1216
v 0.047607 0.947754 0.018799 0.5098 0.2275 0.1216
v -0.139893 0.461426 0.018799 0.1137 0.0784 0.0471
v 0.140381 0.461426 0.018799 0.1059 0.0784 0.0549
v -0.123291 0.398926 0.018799 0.6510 0.4000 0.2627
v 0.123779 0.398926 0.018799 0.6432 0.3843 0.2588
v -0.150635 0.053711 0.018799 0.7333 0.5647 0.1608
v 0.152100 0.053711 0.018799 0.0902 0.0745 0.0824
v -0.114502 0.045898 0.018799 0.0941 0.0784 0.0745
v 0.115479 0.045898 0.018799 0.1490 0.1137 0.0784
v -0.105713 0.589844 0.019287 0.9686 0.7568 0.0863
v 0.106201 0.589844 0.019287 0.9490 0.7020 0.0902
v -0.090088 0.629395 0.019287 0.9098 0.6628 0.1176
v 0.090576 0.629395 0.019287 0.8902 0.6667 0.0784
v 0.405029 0.777344 0.019287 0.0510 0.0353 0.0510
v -0.319580 0.790039 0.019287 0.5882 0.3882 0.2510
v 0.320068 0.790039 0.019287 0.1020 0.0824 0.0549
v -0.210205 0.796387 0.019287 0.6157 0.3725 0.2432
v -0.339111 0.798340 0.019287 0.8000 0.4392 0.2000
v 0.339111 0.798340 0.019287 0.7098 0.3765 0.1490
v -0.350830 0.799805 0.019287 0.8274 0.4432 0.1843
v -0.359131 0.799805 0.019287 0.8392 0.4432 0.1725
v 0.351318 0.799805 0.019287 0.7255 0.3921 0.1804
v 0.359131 0.799805 0.019287 0.4784 0.2549 0.0471
v -0.312744 0.803711 0.019287 0.7372 0.4235 0.1922
v 0.313232 0.803711 0.019287 0.2157 0.1490 0.1059
v -0.111572 0.806641 0.019287 0.6079 0.3608 0.2392
v 0.112549 0.806641 0.019287 0.5725 0.3412 0.2196
v -0.363525 0.816895 0.019287 0.4823 0.2392 0.1059
v 0.364014 0.816895 0.019287 0.7843 0.5725 0.0549
v -0.385498 0.834473 0.019287 0.8431 0.6354 0.0314
v 0.385498 0.834473 0.019287 0.8627 0.6510 0.0275
v -0.009033 0.860352 0.019287 0.5921 0.3568 0.2275
v 0.009521 0.860352 0.019287 0.6079 0.3647 0.2392
v -0.008545 0.452148 0.019287 0.7176 0.4863 0.0235
v 0.009521 0.452148 0.019287 0.7137 0.4784 0.0157
v -0.025146 0.446289 0.019287 0.5216 0.2863 0.1765
v 0.025635 0.446289 0.019287 0.5294 0.2902 0.1765
v -0.073486 0.333008 0.019287 0.6000 0.3412 0.2235
v 0.074463 0.333008 0.019287 0.5647 0.3255 0.2039
v -0.104248 0.025391 0.019287 0.1059 0.0745 0.0431
v 0.105225 0.025391 0.019287 0.0431 0.0275 0.0275
v -0.070068 0.663086 0.019775 0.6902 0.3725 0.2196
v 0.070557 0.663086 0.019775 0.7216 0.4078 0.2353
v -0.072021 0.707031 0.019775 0.1882 0.0314 0.0000
v 0.072510 0.707031 0.019775 0.3412 0.2353 0.0549
v -0.447510 0.759766 0.019775 0.8784 0.6471 0.0392
v 0.447998 0.759766 0.019775 0.8980 0.6745 0.0235
v -0.395752 0.773926 0.019775 0.1059 0.0784 0.0353
v 0.395752 0.773926 0.019775 0.0157 0.0118 0.0431
v -0.321533 0.789062 0.019775 0.0745 0.0784 0.0627
v 0.321533 0.789062 0.019775 0.1176 0.1020 0.0627
v 0.210693 0.796387 0.019775 0.6354 0.3882 0.2588
v -0.357178 0.799316 0.019775 0.8470 0.4667 0.1882
v 0.357178 0.799316 0.019775 0.6589 0.3725 0.1882
v -0.357178 0.800293 0.019775 0.8392 0.4550 0.1922
v 0.357178 0.800293 0.019775 0.6471 0.3568 0.1804
v -0.339111 0.816895 0.019775 0.1373 0.1098 0.0980
v 0.339111 0.816895 0.019775 0.1059 0.0941 0.0745
v -0.179932 0.828613 0.019775 0.6550 0.4078 0.2784
v 0.180420 0.828613 0.019775 0.6432 0.3882 0.2627
v -0.150635 0.831055 0.019775 0.6510 0.4000 0.2745
v 0.151611 0.831055 0.019775 0.6471 0.4000 0.2706
v -0.016846 0.876465 0.019775 0.6000 0.3647 0.2432
v 0.017822 0.876465 0.019775 0.5764 0.3451 0.2235
v -0.043213 0.934082 0.019775 0.4628 0.2118 0.1137
v 0.043701 0.934082 0.019775 0.4314 0.1804 0.0824
v -0.011963 0.436035 0.019775 0.1922 0.1059 0.0314
v 0.012451 0.436035 0.019775 0.2000 0.1059 0.0275
v -0.011963 0.425781 0.019775 0.0941 0.0706 0.0510
v 0.012451 0.425781 0.019775 0.1020 0.0667 0.0431
v 0.123291 0.049805 0.019775 0.9255 0.6628 0.1294
v -0.071533 0.704590 0.020264 0.6315 0.3765 0.2549
v 0.072510 0.704590 0.020264 0.6079 0.3608 0.2471
v -0.081787 0.744629 0.020264 0.1333 0.1098 0.0784
v 0.082764 0.744629 0.020264 0.3255 0.2627 0.0588
v -0.454346 0.767090 0.020264 0.8353 0.6118 0.0196
v 0.455322 0.767090 0.020264 0.8392 0.6197 0.0118
v -0.407959 0.780273 0.020264 0.1490 0.1059 0.0431
v 0.407959 0.780273 0.020264 0.2471 0.1530 0.0353
v -0.322022 0.792480 0.020264 0.2588 0.1647 0.0745
v -0.175049 0.792969 0.020264 0.6157 0.3686 0.2471
v 0.175537 0.792969 0.020264 0.6276 0.3804 0.2588
v -0.359619 0.801758 0.020264 0.8823 0.4823 0.1922
v 0.360107 0.801758 0.020264 0.6824 0.4550 0.1020
v -0.121826 0.804199 0.020264 0.5804 0.3490 0.2353
v 0.122314 0.804199 0.020264 0.5725 0.3412 0.2235
v -0.211670 0.805176 0.020264 0.6745 0.4275 0.2980
v 0.212647 0.805176 0.020264 0.6785 0.4196 0.2863
v -0.319092 0.814941 0.020264 0.0196 0.0392 0.0392
v 0.319580 0.814941 0.020264 0.1647 0.1333 0.1020
v -0.325928 0.815430 0.020264 0.1020 0.0980 0.0863
v 0.326416 0.815430 0.020264 0.1569 0.1294 0.1020
v -0.416748 0.835449 0.020264 0.8470 0.6276 0.0431
v 0.416748 0.835938 0.020264 0.8627 0.6393 0.0549
v -0.068604 0.849609 0.020264 0.6510 0.3843 0.2627
v 0.069092 0.849609 0.020264 0.6393 0.3921 0.2549
v -0.034912 0.895020 0.020264 0.6863 0.4667 0.3294
v 0.035400 0.895020 0.020264 0.6745 0.4432 0.3019
v -0.033936 0.987793 0.020264 0.5216 0.2235 0.1059
v 0.034912 0.987793 0.020264 0.5451 0.2510 0.1255
v -0.139404 0.451660 0.020264 0.0784 0.0627 0.0588
v 0.139893 0.451660 0.020264 0.0824 0.0627 0.0667
v -0.008545 0.436523 0.020264 0.7608 0.5255 0.0392
v 0.009521 0.436523 0.020264 0.7686 0.5373 0.0392
v -0.009033 0.425293 0.020264 0.1098 0.0706 0.0510
v 0.009521 0.425293 0.020264 0.1059 0.0706 0.0471
v -0.122314 0.049805 0.020264 0.9490 0.7529 0.0627
v -0.113037 0.045410 0.020264 0.1020 0.0863 0.0745
v 0.114014 0.045410 0.020264 0.0863 0.0745 0.0667
v -0.172119 0.003418 0.020264 0.1451 0.1216 0.0784
v 0.173096 0.003418 0.020264 0.0549 0.0471 0.0157
v -0.161377 0.001465 0.020264 0.1451 0.1176 0.0824
v 0.162354 0.001465 0.020264 0.0980 0.0824 0.0471
v -0.094482 0.621094 0.020752 0.8274 0.6510 0.1922
v 0.094971 0.621094 0.020752 0.1294 0.0549 0.0667
v -0.069580 0.704102 0.020752 0.6471 0.3843 0.2627
v 0.070068 0.704102 0.020752 0.6354 0.3686 0.2510
v -0.410889 0.771484 0.020752 0.6197 0.4157 0.0627
v 0.410889 0.771484 0.020752 0.5961 0.4078 0.0549
v -0.401123 0.775879 0.020752 0.1216 0.0902 0.0471
v 0.401123 0.775879 0.020752 0.0275 0.0235 0.0745
v -0.459229 0.776367 0.020752 0.8274 0.6039 0.0196
v 0.459717 0.776367 0.020752 0.8509 0.6393 0.0118
v -0.376221 0.779297 0.020752 0.0745 0.0627 0.0471
v -0.411377 0.779297 0.020752 0.6471 0.4353 0.0471
v 0.376221 0.779297 0.020752 0.0863 0.0667 0.0510
v -0.322998 0.790527 0.020752 0.0863 0.0980 0.0863
v 0.322998 0.790527 0.020752 0.1333 0.0980 0.0706
v -0.328369 0.792480 0.020752 0.0824 0.0784 0.0549
v 0.322022 0.792480 0.020752 0.1176 0.0980 0.0627
v 0.328857 0.792480 0.020752 0.1373 0.0941 0.0667
v -0.339111 0.794434 0.020752 0.1530 0.0941 0.0510
v 0.339600 0.794434 0.020752 0.1216 0.0980 0.0667
v -0.362061 0.799316 0.020752 0.8627 0.4863 0.1843
v 0.362061 0.799316 0.020752 0.7568 0.5137 0.0588
v -0.352783 0.817871 0.020752 0.1961 0.1530 0.1020
v 0.353272 0.817871 0.020752 0.6197 0.3686 0.2314
v -0.164307 0.830078 0.020752 0.6550 0.4039 0.2745
v 0.164795 0.830078 0.020752 0.6471 0.4000 0.2706
v -0.007568 0.838379 0.020752 0.6118 0.3765 0.2432
v 0.008545 0.838379 0.020752 0.5843 0.3451 0.2275
v -0.020264 0.844727 0.020752 0.5961 0.3725 0.2432
v 0.020752 0.844727 0.020752 0.6039 0.3647 0.2353
v -0.013916 0.845703 0.020752 0.5921 0.3608 0.2314
v 0.014404 0.845703 0.020752 0.6079 0.3686 0.2392
v -0.029541 0.884766 0.020752 0.6000 0.3725 0.2471
v 0.030029 0.884766 0.020752 0.6000 0.3686 0.2432
v -0.037842 0.906250 0.020752 0.6589 0.4275 0.2941
v 0.038330 0.906250 0.020752 0.6432 0.4078 0.2745
v -0.040771 0.926270 0.020752 0.5333 0.2863 0.1725
v 0.041260 0.926270 0.020752 0.5098 0.2588 0.1490
v -0.129639 0.487793 0.020752 0.6589 0.4510 0.0980
v 0.130127 0.487793 0.020752 0.7882 0.5569 0.0588
v -0.050537 0.343262 0.020752 0.6236 0.3333 0.1882
v 0.051025 0.343262 0.020752 0.5961 0.3608 0.2392
v -0.179932 0.008789 0.020752 0.1255 0.0902 0.0549
v 0.181396 0.008301 0.020752 0.0863 0.0510 0.0157
v -0.177979 0.005859 0.020752 0.0784 0.0471 0.0039
v 0.178955 0.005859 0.020752 0.0863 0.0471 0.0078
v -0.085205 0.633789 0.021240 0.6471 0.3137 0.1412
v 0.085693 0.633789 0.021240 0.6236 0.2863 0.1098
v -0.069092 0.700195 0.021240 0.6432 0.3921 0.2549
v 0.069580 0.700195 0.021240 0.6354 0.3804 0.2549
v -0.078369 0.761230 0.021240 0.4000 0.2510 0.1804
v 0.078857 0.761230 0.021240 0.2118 0.1255 0.0902
v 0.411377 0.779785 0.021240 0.5255 0.3451 0.0549
v -0.461182 0.787598 0.021240 0.8235 0.6000 0.0118
v 0.461182 0.787598 0.021240 0.8549 0.6432 0.0196
v -0.327881 0.794434 0.021240 0.7529 0.4471 0.2432
v 0.327881 0.794434 0.021240 0.3059 0.1843 0.1059
v -0.321533 0.795410 0.021240 0.7412 0.4000 0.1843
v 0.322022 0.795410 0.021240 0.7490 0.4078 0.1725
v -0.327393 0.796387 0.021240 0.7882 0.4196 0.1882
v -0.339111 0.796387 0.021240 0.7255 0.3921 0.1843
v 0.327881 0.796387 0.021240 0.7412 0.4039 0.1804
v 0.339111 0.796387 0.021240 0.7176 0.4392 0.2549
v -0.156982 0.796875 0.021240 0.6118 0.3647 0.2432
v -0.319580 0.796875 0.021240 0.6628 0.3529 0.1804
v 0.157471 0.796875 0.021240 0.6236 0.3765 0.2549
v 0.319580 0.796875 0.021240 0.7412 0.4275 0.2000
v -0.090088 0.797363 0.021240 0.5412 0.3059 0.2000
v 0.090576 0.797363 0.021240 0.5451 0.3059 0.2039
v -0.339111 0.798340 0.021240 0.7960 0.4353 0.1961
v 0.339111 0.798340 0.021240 0.7020 0.3843 0.1608
v -0.104248 0.809082 0.021240 0.5373 0.3176 0.2039
v 0.104736 0.809082 0.021240 0.5451 0.3216 0.2078
v -0.125732 0.825684 0.021240 0.6432 0.4000 0.2627
v 0.126221 0.825684 0.021240 0.6745 0.4353 0.3019
v -0.430420 0.833008 0.021240 0.8392 0.6197 0.0353
v 0.430908 0.833008 0.021240 0.8235 0.5961 0.0431
v -0.027588 0.836426 0.021240 0.6276 0.3765 0.2471
v 0.028076 0.836426 0.021240 0.6432 0.3882 0.2510
v 0.000244 0.860352 0.021240 0.6197 0.3804 0.2510
v -0.048584 0.954102 0.021240 0.4353 0.1647 0.0627
v 0.049072 0.954102 0.021240 0.4941 0.2118 0.1020
v -0.022705 0.458496 0.021240 0.2784 0.1530 0.0980
v 0.023193 0.458496 0.021240 0.4078 0.2314 0.1647
v -0.142334 0.452637 0.021240 0.0863 0.0667 0.0706
v 0.142822 0.452637 0.021240 0.0941 0.0824 0.0588
v -0.140869 0.054199 0.021240 0.7882 0.5961 0.2196
v 0.141846 0.054199 0.021240 0.5373 0.3529 0.0235
v -0.122803 0.051758 0.021240 0.8666 0.7176 0.2275
v 0.123779 0.051758 0.021240 0.7843 0.6039 0.2196
v -0.159912 0.042969 0.021240 0.0941 0.0745 0.0784
v 0.160889 0.042969 0.021240 0.1059 0.0745 0.0784
v 0.143311 0.000488 0.021240 0.1294 0.1059 0.0588
v -0.101807 0.606934 0.021729 0.9568 0.7412 0.0824
v 0.102295 0.606934 0.021729 0.9882 0.8000 0.1059
v -0.067627 0.670410 0.021729 0.6393 0.3921 0.2627
v 0.068115 0.670410 0.021729 0.6197 0.3765 0.2549
v -0.408447 0.777344 0.021728 0.3686 0.2588 0.0510
v 0.408447 0.777344 0.021729 0.4314 0.2863 0.0510
v -0.404541 0.778809 0.021728 0.1176 0.0863 0.0471
v 0.405029 0.778809 0.021729 0.1490 0.0980 0.0549
v -0.350342 0.795410 0.021728 0.1843 0.1137 0.0627
v 0.350830 0.795410 0.021729 0.1176 0.0824 0.0510
v -0.138428 0.800293 0.021728 0.6118 0.3725 0.2510
v 0.138916 0.800293 0.021729 0.6000 0.3608 0.2392
v -0.318115 0.805176 0.021728 0.0824 0.0980 0.1020
v 0.318604 0.805176 0.021729 0.1059 0.0980 0.0784
v -0.361572 0.808594 0.021728 0.8941 0.5216 0.2000
v 0.361572 0.808594 0.021729 0.7568 0.5294 0.0510
v -0.362549 0.817871 0.021728 0.8941 0.5216 0.1961
v 0.363037 0.817871 0.021729 0.7764 0.5686 0.0471
v -0.039795 0.916016 0.021729 0.6550 0.4196 0.2863
v 0.040283 0.916016 0.021729 0.6354 0.3961 0.2588
v -0.132568 0.488770 0.021728 0.8274 0.6667 0.2039
v 0.133057 0.488770 0.021729 0.9255 0.7333 0.1255
v -0.124756 0.421875 0.021729 0.6550 0.4000 0.2627
v 0.125244 0.421875 0.021729 0.6393 0.3882 0.2510
v -0.164795 0.043945 0.021728 0.0902 0.0824 0.0863
v 0.165771 0.043945 0.021729 0.1059 0.0941 0.0784
v -0.162354 0.043457 0.021728 0.0902 0.0824 0.0824
v 0.163330 0.043457 0.021729 0.1020 0.0941 0.0784
v -0.105225 0.031250 0.021729 0.0314 0.0353 0.0588
v 0.106689 0.031250 0.021729 0.0392 0.0353 0.0588
v -0.142334 0.000488 0.021728 0.1255 0.0980 0.0588
v -0.089111 0.627930 0.022217 0.0824 0.0392 0.0667
v 0.089600 0.627930 0.022217 0.1216 0.0471 0.0471
v -0.081299 0.741211 0.022217 0.1412 0.1176 0.0745
v 0.081787 0.741211 0.022217 0.1451 0.1373 0.0902
v -0.083740 0.760742 0.022217 0.0824 0.0745 0.0588
v 0.084717 0.760742 0.022217 0.0941 0.0784 0.0745
v -0.390381 0.773438 0.022217 0.1098 0.0902 0.0667
v 0.390381 0.773438 0.022217 0.0549 0.0588 0.0667
v -0.412842 0.775391 0.022217 0.5725 0.3843 0.0667
v 0.413330 0.775391 0.022217 0.4314 0.2823 0.0706
v 0.365479 0.791992 0.022217 0.1490 0.1137 0.0510
v -0.365479 0.792480 0.022217 0.1098 0.0902 0.0627
v -0.356689 0.794922 0.022217 0.1882 0.1373 0.0824
v 0.357178 0.794922 0.022217 0.1059 0.0902 0.0745
v -0.359619 0.796387 0.022217 0.3725 0.2235 0.0980
v 0.359619 0.796387 0.022217 0.1176 0.0706 0.0392
v -0.350830 0.797363 0.022217 0.7568 0.3921 0.1608
v 0.350830 0.797363 0.022217 0.7098 0.4314 0.2549
v -0.338623 0.800781 0.022217 0.4863 0.2902 0.1608
v 0.339111 0.800781 0.022217 0.6706 0.3686 0.1686
v -0.365479 0.816895 0.022217 0.8549 0.6354 0.1176
v 0.365479 0.816895 0.022217 0.7568 0.5412 0.0471
v -0.360107 0.818359 0.022217 0.8745 0.5216 0.2196
v 0.360107 0.818359 0.022217 0.4941 0.3490 0.1098
v -0.440186 0.828613 0.022217 0.8274 0.6079 0.0471
v -0.010498 0.868652 0.022217 0.5882 0.3372 0.2118
v 0.010986 0.868652 0.022217 0.5882 0.3490 0.2275
v -0.040771 0.932617 0.022217 0.4902 0.2432 0.1451
v 0.041260 0.932617 0.022217 0.4314 0.1804 0.0745
v -0.042725 0.940430 0.022217 0.4392 0.1647 0.0627
v 0.043701 0.940430 0.022217 0.4745 0.2118 0.1059
v -0.047119 0.960938 0.022217 0.4863 0.1961 0.0745
v 0.047607 0.960938 0.022217 0.4745 0.1961 0.0902
v -0.181885 0.015625 0.022217 0.0941 0.0667 0.0588
v 0.182861 0.015625 0.022217 0.1098 0.0667 0.0745
v -0.066650 0.692871 0.022705 0.6628 0.4039 0.2667
v 0.067139 0.692871 0.022705 0.6354 0.3843 0.2432
v -0.411377 0.767578 0.022705 0.5530 0.3568 0.0471
v 0.411865 0.767578 0.022705 0.5961 0.4039 0.0431
v -0.409912 0.773438 0.022705 0.5294 0.3412 0.0627
v 0.409912 0.773438 0.022705 0.4196 0.2627 0.0471
v -0.405518 0.775391 0.022705 0.2510 0.1569 0.0196
v 0.405518 0.775391 0.022705 0.2863 0.1843 0.0471
v -0.356689 0.797363 0.022705 0.8078 0.4471 0.2000
v 0.357178 0.797363 0.022705 0.3608 0.2000 0.1216
v -0.321533 0.797852 0.022705 0.6471 0.3451 0.1765
v 0.321533 0.797852 0.022705 0.7490 0.4432 0.2039
v -0.327393 0.798828 0.022705 0.6432 0.3529 0.1882
v 0.327393 0.798828 0.022705 0.7647 0.4471 0.2078
v -0.460205 0.799316 0.022705 0.8235 0.5961 0.0235
v 0.460205 0.799316 0.022705 0.8392 0.6157 0.0235
v -0.350830 0.799805 0.022705 0.7804 0.4118 0.1843
v 0.351318 0.799805 0.022705 0.7255 0.3961 0.1922
v -0.338623 0.807617 0.022705 0.0941 0.0941 0.0863
v 0.339111 0.807617 0.022705 0.0706 0.0784 0.0706
v -0.115967 0.811035 0.022705 0.6432 0.3961 0.2549
v 0.116455 0.811035 0.022705 0.6000 0.3608 0.2392
v -0.371338 0.826660 0.022705 0.8588 0.6510 0.0157
v 0.371826 0.826660 0.022705 0.8157 0.5961 0.0549
v 0.440186 0.828613 0.022705 0.8588 0.6315 0.0588
v -0.025146 0.993652 0.022705 0.5490 0.2392 0.0980
v 0.025635 0.993652 0.022705 0.4667 0.1765 0.0667
v -0.118896 0.045410 0.022705 0.1137 0.0784 0.0667
v 0.119873 0.045410 0.022705 0.4510 0.3294 0.1098
v -0.181396 0.018066 0.022705 0.9137 0.6785 0.1098
v 0.182861 0.018066 0.022705 0.8980 0.7020 0.2000
v -0.064697 0.679199 0.023193 0.6510 0.4000 0.2667
v 0.065186 0.679199 0.023193 0.6510 0.3961 0.2706
v -0.078369 0.788086 0.023193 0.5294 0.2941 0.1843
v 0.078857 0.788086 0.023193 0.5294 0.2980 0.1882
v -0.356689 0.800293 0.023193 0.7451 0.3843 0.1255
v 0.356689 0.800293 0.023193 0.6393 0.3412 0.1725
v -0.350830 0.802246 0.023193 0.1922 0.0941 0.0235
v 0.351318 0.802246 0.023193 0.4314 0.2196 0.0980
v -0.362549 0.804688 0.023193 0.8157 0.4745 0.1765
v 0.362549 0.804688 0.023193 0.7568 0.5490 0.0745
v -0.320068 0.805176 0.023193 0.0314 0.0549 0.0667
v 0.320557 0.805176 0.023193 0.1255 0.1098 0.0980
v -0.326416 0.806152 0.023193 0.0353 0.0588 0.0588
v 0.326904 0.806152 0.023193 0.0863 0.0863 0.0706
v -0.113037 0.817383 0.023193 0.5608 0.3294 0.2078
v -0.119873 0.817383 0.023193 0.6589 0.4078 0.2706
v 0.113525 0.817383 0.023193 0.6079 0.3686 0.2471
v 0.120361 0.817383 0.023193 0.6589 0.4118 0.2784
v -0.401123 0.834961 0.023193 0.8549 0.6432 0.0431
v 0.401123 0.834961 0.023193 0.8588 0.6393 0.0588
v -0.019287 0.839355 0.023193 0.5843 0.3568 0.2314
v 0.020264 0.839355 0.023193 0.6118 0.3686 0.2471
v -0.058350 0.839844 0.023193 0.0863 0.0549 0.0588
v 0.058838 0.839844 0.023193 0.6039 0.3568 0.2432
v -0.020264 0.470703 0.023193 0.1530 0.0824 0.0314
v 0.020752 0.470703 0.023193 0.2000 0.0784 0.0039
v -0.130615 0.054199 0.023193 0.3216 0.2039 0.0275
v 0.132080 0.054199 0.023193 0.5176 0.3294 0.0275
v -0.118408 0.045898 0.023193 0.1176 0.0941 0.0824
v 0.119385 0.045898 0.023193 0.5921 0.4392 0.1137
v -0.160889 0.041016 0.023193 0.1059 0.0824 0.0824
v 0.161865 0.041016 0.023193 0.0980 0.0902 0.0706
v -0.179443 0.018555 0.023193 0.9294 0.6902 0.0784
v 0.180420 0.018555 0.023193 0.9529 0.7529 0.1059
v -0.123291 0.002441 0.023193 0.1020 0.0863 0.0471
v 0.124268 0.002441 0.023193 0.1216 0.0941 0.0627
v -0.064697 0.685547 0.023682 0.6667 0.4078 0.2745
v 0.065186 0.685547 0.023682 0.6510 0.4000 0.2627
v -0.083252 0.758789 0.023682 0.1255 0.0863 0.0667
v 0.083740 0.758789 0.023682 0.1373 0.0902 0.0824
v -0.406494 0.772461 0.023682 0.5921 0.3921 0.0588
v 0.406494 0.772461 0.023682 0.5764 0.3882 0.0627
v -0.396729 0.774902 0.023682 0.1255 0.0902 0.0392
v 0.396729 0.774902 0.023682 0.0706 0.0588 0.0588
v -0.074951 0.775391 0.023682 0.6039 0.3490 0.2275
v 0.075439 0.775391 0.023682 0.5961 0.3568 0.2275
v -0.401611 0.777344 0.023682 0.1255 0.0980 0.0471
v 0.401611 0.777344 0.023682 0.2196 0.1373 0.0706
v -0.373291 0.784180 0.023682 0.0824 0.0745 0.0471
v 0.373779 0.784180 0.023682 0.0863 0.0667 0.0510
v -0.193604 0.797852 0.023682 0.6589 0.4039 0.2706
v 0.194580 0.797852 0.023682 0.6432 0.3921 0.2588
v -0.358643 0.801758 0.023682 0.8235 0.4314 0.1451
v 0.359131 0.801758 0.023682 0.4039 0.2235 0.0824
v -0.351807 0.809082 0.023682 0.1412 0.1333 0.0863
v 0.351807 0.809082 0.023682 0.2941 0.1804 0.1530
v -0.363525 0.810547 0.023682 0.3882 0.1961 0.0667
v 0.364014 0.810547 0.023682 0.7529 0.5294 0.0667
v -0.133057 0.825195 0.023682 0.6785 0.4353 0.2941
v 0.133545 0.825195 0.023682 0.6863 0.4353 0.2980
v 0.000244 0.831543 0.023682 0.6039 0.3568 0.2353
v -0.011475 0.839844 0.023682 0.5882 0.3568 0.2275
v 0.012451 0.839844 0.023682 0.5843 0.3490 0.2275
v -0.020752 0.877930 0.023682 0.5647 0.3294 0.2078
v 0.021240 0.877930 0.023682 0.5490 0.3255 0.2078
v -0.046143 0.969238 0.023682 0.5098 0.2157 0.1059
v 0.046631 0.969238 0.023682 0.5373 0.2275 0.1098
v 0.000244 0.991699 0.023682 0.3804 0.1294 0.0549
v -0.108154 0.037109 0.023682 0.0902 0.0706 0.0627
v 0.109131 0.037109 0.023682 0.0667 0.0627 0.0863
v -0.095459 0.621094 0.024170 0.9607 0.7255 0.1020
v 0.096436 0.621094 0.024170 0.9764 0.7843 0.1098
v -0.084717 0.632324 0.024170 0.1412 0.0627 0.0784
v 0.085693 0.632324 0.024170 0.1608 0.0588 0.0431
v 0.421143 0.754883 0.024170 0.8470 0.6157 0.0118
v -0.420654 0.755371 0.024170 0.8706 0.6236 0.0157
v -0.415283 0.758301 0.024170 0.8196 0.5764 0.0039
v -0.412842 0.763184 0.024170 0.6902 0.4628 0.0549
v 0.412842 0.763184 0.024170 0.7216 0.5019 0.0353
v -0.402100 0.773926 0.024170 0.4863 0.3216 0.0784
v 0.402100 0.773926 0.024170 0.4353 0.3059 0.0824
v -0.356689 0.802734 0.024170 0.3098 0.1647 0.0549
v 0.356689 0.802734 0.024170 0.6354 0.3490 0.1765
v -0.360596 0.808594 0.024170 0.8941 0.5176 0.2078
v 0.360596 0.808594 0.024170 0.7412 0.5255 0.0784
v -0.456299 0.811035 0.024170 0.8078 0.5882 0.0157
v 0.456299 0.811035 0.024170 0.8235 0.6000 0.0196
v -0.196533 0.817871 0.024170 0.6628 0.4275 0.2863
v 0.197022 0.817871 0.024170 0.6706 0.4196 0.2823
v -0.448975 0.821289 0.024170 0.8000 0.5764 0.0196
v 0.448975 0.821289 0.024170 0.8274 0.6039 0.0157
v -0.121826 0.832031 0.024170 0.6393 0.3961 0.2510
v 0.122314 0.832031 0.024170 0.6471 0.3921 0.2588
v -0.044189 0.834961 0.024170 0.6393 0.4039 0.2432
v 0.045166 0.834961 0.024170 0.3294 0.1647 0.1098
v -0.058350 0.840820 0.024170 0.1961 0.1059 0.0353
v 0.058838 0.840820 0.024170 0.5569 0.3294 0.2235
v -0.014893 0.996094 0.024170 0.5059 0.1961 0.0784
v 0.015381 0.996094 0.024170 0.5490 0.2432 0.1020
v -0.122803 0.444824 0.024170 0.6236 0.3765 0.2432
v 0.123291 0.444824 0.024170 0.6236 0.3725 0.2392
v -0.115967 0.045898 0.024170 0.1098 0.0980 0.0784
v 0.117432 0.045898 0.024170 0.3647 0.2588 0.0902
v -0.180908 0.022461 0.024170 0.8902 0.6902 0.1294
v 0.181885 0.022461 0.024170 0.9372 0.7882 0.1373
v -0.427490 0.754395 0.024658 0.8745 0.6315 0.0157
v 0.427490 0.754395 0.024658 0.8470 0.6157 0.0157
v 0.415772 0.758301 0.024658 0.8431 0.6118 0.0353
v -0.407959 0.770020 0.024658 0.6157 0.4157 0.0588
v 0.407959 0.770020 0.024658 0.6079 0.4118 0.0431
v -0.404053 0.770996 0.024658 0.6667 0.4628 0.0392
v 0.404053 0.770996 0.024658 0.6745 0.4628 0.0549
v -0.415772 0.771973 0.024658 0.3294 0.2118 0.0667
v -0.384522 0.774902 0.024658 0.0863 0.0824 0.0627
v 0.384522 0.774902 0.024658 0.0980 0.0902 0.0941
v -0.124268 0.809082 0.024658 0.6432 0.3961 0.2588
v 0.124756 0.809082 0.024658 0.6118 0.3725 0.2510
v -0.358154 0.809570 0.024658 0.7372 0.4392 0.2039
v 0.358154 0.809570 0.024658 0.3686 0.1961 0.1216
v 0.056396 0.840332 0.024658 0.2353 0.1686 0.0667
v -0.055908 0.840820 0.024658 0.8980 0.6863 0.0745
v -0.080811 0.850586 0.024658 0.6628 0.4000 0.2706
v 0.081299 0.850586 0.024658 0.6706 0.4157 0.2902
v 0.000244 0.867188 0.024658 0.5764 0.3451 0.2275
v -0.005615 0.995117 0.024658 0.4000 0.1530 0.0667
v 0.006104 0.995117 0.024658 0.4706 0.1922 0.0902
v -0.160400 0.042969 0.024658 0.0980 0.0784 0.0745
v 0.161377 0.042969 0.024658 0.0980 0.0902 0.0784
v -0.112061 0.042480 0.024658 0.1294 0.0941 0.0745
v 0.113525 0.042480 0.024658 0.0667 0.0588 0.0863
v -0.112549 0.005371 0.024658 0.0627 0.0588 0.0275
v 0.113525 0.005371 0.024658 0.1647 0.1294 0.0706
v 0.415772 0.771973 0.025147 0.2627 0.1647 0.0471
v -0.415283 0.772461 0.025146 0.3098 0.1882 0.0588
v 0.415283 0.772461 0.025147 0.2432 0.1569 0.0510
v -0.364502 0.796875 0.025146 0.3372 0.2275 0.0667
v -0.041748 0.834473 0.025146 0.6432 0.4039 0.2432
v 0.042236 0.834473 0.025146 0.6236 0.3686 0.2549
v -0.039795 0.938965 0.025146 0.4706 0.2118 0.1098
v 0.040283 0.938965 0.025146 0.4510 0.1922 0.0902
v -0.179443 0.027344 0.025146 0.0157 0.0118 0.0667
v 0.180908 0.027344 0.025147 0.0078 0.0039 0.0588
v -0.090088 0.628418 0.025635 0.9058 0.6628 0.0824
v 0.090576 0.628418 0.025635 0.9647 0.7882 0.1059
v -0.085693 0.635742 0.025635 0.6276 0.2902 0.1647
v 0.086182 0.635742 0.025635 0.6902 0.3255 0.1922
v -0.371826 0.786133 0.025635 0.0745 0.0706 0.0510
v 0.371826 0.786133 0.025635 0.0784 0.0706 0.0510
v 0.364014 0.796875 0.025635 0.7882 0.5569 0.0667
v -0.176514 0.800293 0.025635 0.6550 0.3961 0.2627
v 0.177002 0.800293 0.025635 0.6432 0.3882 0.2627
v -0.195557 0.807129 0.025635 0.6706 0.4196 0.2823
v 0.196045 0.807129 0.025635 0.6706 0.4196 0.2823
v -0.004639 0.832031 0.025635 0.5961 0.3568 0.2353
v 0.005127 0.832031 0.025635 0.6276 0.3804 0.2549
v -0.164795 0.042969 0.025635 0.1020 0.0863 0.0902
v 0.166260 0.042969 0.025635 0.1020 0.0902 0.0863
v -0.162354 0.042480 0.025635 0.1059 0.0941 0.0980
v 0.163330 0.042480 0.025635 0.1059 0.0941 0.0745
v -0.170166 0.040039 0.025635 0.0941 0.0784 0.0824
v 0.171143 0.040039 0.025635 0.1137 0.0784 0.0784
v -0.174072 0.036621 0.025635 0.0784 0.0667 0.0706
v 0.175049 0.036621 0.025635 0.0941 0.0784 0.0745
v -0.177490 0.032227 0.025635 0.0941 0.0902 0.1216
v 0.178467 0.032227 0.025635 0.0667 0.0588 0.0863
v -0.078369 0.734375 0.026123 0.0941 0.0824 0.0549
v 0.078857 0.734375 0.026123 0.1294 0.1137 0.0745
v -0.436279 0.756836 0.026123 0.8470 0.6157 0.0196
v 0.436279 0.756836 0.026123 0.8509 0.6157 0.0118
v -0.397705 0.776855 0.026123 0.1137 0.0941 0.0510
v 0.397705 0.776855 0.026123 0.2314 0.1608 0.1059
v -0.127197 0.816406 0.026123 0.6824 0.4314 0.2902
v 0.127686 0.816406 0.026123 0.6510 0.4000 0.2627
v -0.427490 0.831055 0.026123 0.8470 0.6354 0.0549
v 0.427490 0.831055 0.026123 0.8274 0.6157 0.0353
v -0.020264 0.835938 0.026123 0.6079 0.3725 0.2510
v 0.020752 0.835938 0.026123 0.6354 0.3804 0.2549
v -0.047119 0.838867 0.026123 0.5764 0.3529 0.2196
v 0.047607 0.838867 0.026123 0.8980 0.6432 0.0784
v -0.039795 0.921875 0.026123 0.6628 0.4157 0.2863
v 0.040283 0.921875 0.026123 0.6589 0.4118 0.2823
v -0.042725 0.946289 0.026123 0.4392 0.1765 0.0745
v 0.043701 0.946289 0.026123 0.4510 0.1961 0.0902
v -0.131592 0.473145 0.026123 0.3255 0.2000 0.0471
v 0.132080 0.473145 0.026123 0.2471 0.1530 0.0392
v -0.042236 0.363770 0.026123 0.6118 0.3255 0.1882
v 0.043213 0.363770 0.026123 0.6079 0.3608 0.2392
v -0.077393 0.342773 0.026123 0.6236 0.3686 0.2353
v 0.078369 0.342773 0.026123 0.5725 0.3255 0.2000
v -0.102295 0.318848 0.026123 0.6276 0.3608 0.2549
v 0.103271 0.318848 0.026123 0.6079 0.3412 0.2314
v -0.161377 0.040527 0.026123 0.1059 0.0863 0.0824
v 0.162354 0.040527 0.026123 0.1020 0.0824 0.0784
v -0.108154 0.007812 0.026123 0.0627 0.0549 0.0314
v 0.109131 0.007812 0.026123 0.1608 0.1294 0.0902
v -0.414307 0.770020 0.026611 0.2588 0.1569 0.0510
v 0.414307 0.770020 0.026611 0.2510 0.1647 0.0549
v -0.391846 0.774902 0.026611 0.1176 0.0824 0.0549
v 0.391846 0.774902 0.026611 0.1098 0.0902 0.0706
v -0.157959 0.803223 0.026611 0.6471 0.3882 0.2549
v 0.158936 0.803223 0.026611 0.6471 0.3961 0.2706
v -0.139893 0.806152 0.026611 0.6510 0.4000 0.2627
v 0.140381 0.806152 0.026611 0.6393 0.3921 0.2627
v -0.416748 0.832520 0.026611 0.8313 0.6197 0.0392
v 0.416748 0.832520 0.026611 0.8274 0.6118 0.0471
v -0.044678 0.837891 0.026611 0.6354 0.4000 0.2549
v 0.045166 0.837891 0.026611 0.3647 0.2314 0.0824
v -0.114502 0.839355 0.026611 0.6706 0.4235 0.2863
v 0.114990 0.839355 0.026611 0.6824 0.4157 0.2706
v -0.035889 0.899902 0.026611 0.6785 0.4589 0.3216
v 0.036377 0.899902 0.026611 0.6824 0.4550 0.3176
v -0.038330 0.911133 0.026611 0.6745 0.4392 0.2980
v 0.038818 0.911133 0.026611 0.6745 0.4275 0.2980
v -0.098877 0.339355 0.026611 0.6745 0.4039 0.2784
v 0.099854 0.339355 0.026611 0.6589 0.3882 0.2627
v -0.122803 0.044922 0.026611 0.9294 0.7333 0.1098
v 0.123779 0.044922 0.026611 0.8862 0.6941 0.2588
v -0.121338 0.043945 0.026611 0.1843 0.1137 0.0314
v 0.122314 0.043945 0.026611 0.8706 0.6745 0.0980
v -0.106201 0.010254 0.026611 0.0745 0.0627 0.0275
v 0.107178 0.010254 0.026611 0.0980 0.0824 0.0471
v -0.085205 0.632812 0.027100 0.5294 0.2314 0.1255
v 0.085693 0.632812 0.027100 0.5647 0.2510 0.1569
v -0.084717 0.641602 0.027100 0.5569 0.2549 0.1216
v 0.085205 0.641602 0.027100 0.7059 0.3804 0.2275
v -0.076416 0.727539 0.027100 0.1216 0.1098 0.0863
v 0.076904 0.727539 0.027100 0.0863 0.0745 0.0471
v -0.401611 0.768555 0.027100 0.7098 0.4823 0.0431
v 0.402100 0.768555 0.027100 0.7098 0.4941 0.0392
v -0.398193 0.772461 0.027100 0.6000 0.4235 0.0588
v 0.398193 0.772461 0.027100 0.6118 0.4275 0.0941
v -0.379639 0.777344 0.027100 0.0706 0.0627 0.0471
v 0.380127 0.777344 0.027100 0.0980 0.0863 0.0667
v -0.145752 0.823730 0.027100 0.6902 0.4392 0.3019
v 0.146240 0.823730 0.027100 0.6824 0.4353 0.2980
v -0.039795 0.977539 0.027100 0.4784 0.1961 0.0863
v 0.040771 0.977539 0.027100 0.5255 0.2275 0.0980
v -0.118896 0.466309 0.027100 0.5647 0.3255 0.2039
v 0.119385 0.466309 0.027100 0.5569 0.3176 0.2000
v -0.093994 0.362305 0.027100 0.6236 0.3686 0.2353
v 0.094482 0.362305 0.027100 0.6157 0.3608 0.2235
v -0.152588 0.047363 0.027100 0.1451 0.1059 0.0549
v 0.153564 0.047363 0.027100 0.3176 0.2275 0.0627
v 0.000244 0.504395 0.027588 0.5804 0.3921 0.0667
v -0.081299 0.646484 0.027588 0.6000 0.2823 0.1255
v 0.082275 0.646484 0.027588 0.7490 0.4314 0.2588
v -0.445068 0.761719 0.027588 0.8431 0.6197 0.0196
v 0.445068 0.761719 0.027588 0.8784 0.6315 0.0157
v -0.406982 0.766602 0.027588 0.5647 0.3686 0.0588
v 0.406982 0.766602 0.027588 0.4550 0.2980 0.0588
v -0.418213 0.768555 0.027588 0.4863 0.3176 0.0706
v 0.418213 0.768555 0.027588 0.4432 0.2863 0.0549
v -0.369385 0.819824 0.027588 0.9019 0.6785 0.0275
v 0.369385 0.819824 0.027588 0.8196 0.5961 0.0549
v -0.179443 0.820312 0.027588 0.6745 0.4392 0.2980
v 0.179932 0.820312 0.027588 0.6785 0.4314 0.2941
v -0.011475 0.835938 0.027588 0.6079 0.3725 0.2432
v 0.012451 0.835938 0.027588 0.6432 0.3921 0.2588
v -0.093506 0.849121 0.027588 0.6785 0.4314 0.2941
v 0.093994 0.849121 0.027588 0.6863 0.4353 0.2980
v -0.010498 0.872559 0.027588 0.5412 0.2980 0.1843
v 0.010986 0.872559 0.027588 0.5451 0.3098 0.1882
v -0.031494 0.888672 0.027588 0.6432 0.4235 0.2863
v 0.031982 0.888672 0.027588 0.6706 0.4432 0.3098
v -0.134521 0.474121 0.027588 0.1255 0.0588 0.0510
v 0.135010 0.474121 0.027588 0.4275 0.3059 0.0980
v -0.120361 0.044434 0.027588 0.1137 0.0824 0.1020
v 0.121338 0.044434 0.027588 0.8627 0.6471 0.0824
v -0.074951 0.723633 0.028076 0.0549 0.0549 0.0471
v 0.075439 0.723633 0.028076 0.0549 0.0471 0.0431
v -0.425537 0.757324 0.028076 0.8431 0.6118 0.0157
v 0.425537 0.757324 0.028076 0.8313 0.6000 0.0000
v -0.364502 0.801758 0.028076 0.5882 0.4000 0.1176
v 0.364502 0.801758 0.028076 0.7647 0.5608 0.0863
v -0.097900 0.804688 0.028076 0.5412 0.3137 0.1961
v 0.098389 0.804688 0.028076 0.5490 0.3137 0.2039
v -0.112061 0.823242 0.028076 0.5725 0.3451 0.2196
v 0.113037 0.823242 0.028076 0.5882 0.3568 0.2314
v -0.104736 0.845215 0.028076 0.6824 0.4353 0.2980
v 0.105225 0.845215 0.028076 0.6863 0.4275 0.2902
v -0.084717 0.335938 0.028076 0.6315 0.3686 0.2314
v 0.085205 0.335938 0.028076 0.6589 0.4000 0.2588
v -0.088623 0.315918 0.028076 0.6197 0.3412 0.2471
v 0.089111 0.315918 0.028076 0.6315 0.3529 0.2549
v -0.122803 0.046387 0.028076 0.9490 0.7216 0.1020
v 0.124268 0.046387 0.028076 0.7176 0.5764 0.1255
v -0.117920 0.044922 0.028076 0.0980 0.0902 0.0706
v 0.118896 0.044922 0.028076 0.8274 0.6157 0.1137
v -0.107178 0.019043 0.028076 0.9098 0.6628 0.0353
v 0.108154 0.019043 0.028076 0.8078 0.6118 0.0980
v -0.104736 0.016602 0.028076 0.6471 0.4941 0.1333
v 0.105713 0.016602 0.028076 0.7647 0.5725 0.1176
v -0.074951 0.721191 0.028564 0.0627 0.0667 0.0627
v 0.075439 0.721191 0.028564 0.0627 0.0627 0.0627
v 0.413818 0.767578 0.028565 0.3451 0.2235 0.0667
v -0.079346 0.768066 0.028564 0.0588 0.0549 0.0392
v -0.450928 0.768555 0.028564 0.8588 0.6315 0.0353
v 0.079834 0.768555 0.028564 0.0706 0.0627 0.0667
v 0.451416 0.768555 0.028565 0.8745 0.6432 0.0235
v -0.368897 0.788574 0.028564 0.1020 0.0824 0.0627
v 0.368897 0.788574 0.028565 0.1294 0.1059 0.0510
v -0.177979 0.809570 0.028564 0.6824 0.4314 0.2980
v 0.178467 0.809570 0.028564 0.6706 0.4196 0.2823
v -0.162354 0.822266 0.028564 0.6863 0.4392 0.3098
v 0.162842 0.822266 0.028564 0.6745 0.4392 0.3019
v -0.382080 0.828125 0.028564 0.8549 0.6393 0.0431
v 0.382080 0.828613 0.028565 0.8274 0.6236 0.0431
v -0.071045 0.840332 0.028564 0.6432 0.3765 0.2667
v 0.071533 0.840332 0.028564 0.6510 0.4039 0.2745
v -0.038330 0.429688 0.028564 0.6118 0.3451 0.1922
v 0.039307 0.429688 0.028564 0.6118 0.3568 0.2196
v -0.039307 0.386719 0.028564 0.5882 0.3216 0.1882
v 0.039795 0.386719 0.028564 0.5882 0.3412 0.2196
v -0.105225 0.018555 0.028564 0.8902 0.6510 0.0353
v 0.106201 0.018555 0.028564 0.9058 0.6628 0.0471
v -0.081299 0.652344 0.029053 0.6197 0.3176 0.1412
v 0.081787 0.652344 0.029053 0.6824 0.3765 0.2196
v -0.073486 0.718750 0.029053 0.0627 0.0745 0.0863
v 0.073975 0.718750 0.029053 0.0784 0.0784 0.0863
v -0.081299 0.751953 0.029053 0.2118 0.1686 0.0784
v 0.081787 0.751953 0.029053 0.7451 0.6079 0.2588
v -0.413818 0.767578 0.029053 0.4118 0.2745 0.0745
v -0.083252 0.768066 0.029053 0.0745 0.0588 0.0627
v 0.083740 0.768066 0.029053 0.0667 0.0667 0.0549
v -0.377686 0.780762 0.029053 0.0902 0.0706 0.0549
v 0.377686 0.780762 0.029053 0.1020 0.0863 0.0706
v -0.084229 0.791504 0.029053 0.5412 0.3059 0.1961
v 0.084717 0.791504 0.029053 0.5216 0.2980 0.1882
v -0.365479 0.807617 0.029053 0.8823 0.6550 0.0471
v 0.365479 0.807617 0.029053 0.7764 0.5647 0.0510
v -0.367432 0.813477 0.029053 0.8902 0.6902 0.0392
v -0.142334 0.814453 0.029053 0.6902 0.4392 0.2902
v 0.142822 0.814453 0.029053 0.6628 0.4157 0.2784
v -0.031006 0.834473 0.029053 0.6315 0.3843 0.2471
v 0.031494 0.834473 0.029053 0.6354 0.3765 0.2432
v -0.024658 0.879395 0.029053 0.5882 0.3490 0.2235
v 0.025146 0.879395 0.029053 0.5921 0.3529 0.2314
v -0.039307 0.928223 0.029053 0.6589 0.4118 0.2863
v 0.039795 0.928223 0.029053 0.6706 0.4196 0.2902
v -0.039307 0.408691 0.029053 0.5882 0.3294 0.1922
v 0.039795 0.408691 0.029053 0.5804 0.3451 0.2275
v -0.111084 0.375000 0.029053 0.6510 0.4000 0.2706
v 0.111572 0.375000 0.029053 0.6510 0.3686 0.2235
v -0.419678 0.764648 0.029541 0.5961 0.4039 0.0588
v 0.419678 0.764648 0.029541 0.6667 0.4628 0.0549
v -0.073486 0.767578 0.029541 0.0863 0.0627 0.0549
v 0.073975 0.767578 0.029541 0.0980 0.0667 0.0627
v 0.420654 0.772461 0.029541 0.3961 0.2549 0.0431
v -0.420166 0.772949 0.029541 0.5059 0.3451 0.0941
v -0.420654 0.773926 0.029541 0.5098 0.3451 0.0863
v 0.421143 0.773926 0.029541 0.4078 0.2627 0.0706
v -0.386475 0.775391 0.029541 0.0824 0.0706 0.0549
v 0.386475 0.775391 0.029541 0.1020 0.0941 0.0863
v -0.393311 0.776855 0.029541 0.1490 0.1216 0.0784
v -0.454834 0.776855 0.029541 0.8353 0.6118 0.0196
v 0.393311 0.776855 0.029541 0.1216 0.0824 0.0588
v 0.454834 0.776855 0.029541 0.8666 0.6354 0.0235
v -0.159912 0.812012 0.029541 0.6863 0.4314 0.2941
v 0.160400 0.812012 0.029541 0.6745 0.4275 0.2902
v 0.366943 0.813477 0.029541 0.8039 0.5804 0.0549
v -0.433838 0.826172 0.029541 0.8588 0.6510 0.0471
v 0.434326 0.826660 0.029541 0.8431 0.6236 0.0235
v 0.000244 0.870605 0.029541 0.5294 0.3098 0.1961
v -0.002686 0.499512 0.029541 0.6354 0.4314 0.0667
v 0.003174 0.499512 0.029541 0.6863 0.4667 0.0314
v -0.115967 0.484375 0.029541 0.4941 0.2980 0.2000
v 0.116455 0.484375 0.029541 0.5098 0.3098 0.2118
v -0.122314 0.042480 0.029541 0.1804 0.1333 0.0824
v 0.123291 0.042480 0.029541 0.6510 0.4980 0.0824
v -0.106201 0.022949 0.029541 0.0510 0.0235 0.0078
v 0.107178 0.022949 0.029541 0.0431 0.0275 0.0157
v -0.078857 0.657227 0.030029 0.6824 0.3647 0.2157
v 0.079346 0.657227 0.030029 0.6510 0.3412 0.1765
v -0.422119 0.760742 0.030029 0.8157 0.5921 0.0314
v 0.422119 0.760742 0.030029 0.7960 0.5686 0.0196
v -0.394287 0.772949 0.030029 0.5373 0.3725 0.0863
v 0.394287 0.772949 0.030029 0.5764 0.4196 0.0863
v -0.455811 0.786133 0.030029 0.8392 0.6236 0.0235
v 0.455811 0.786133 0.030029 0.8549 0.6276 0.0039
v -0.038818 0.944336 0.030029 0.5804 0.3333 0.2118
v 0.039307 0.944336 0.030029 0.5412 0.2863 0.1725
v -0.044678 0.952148 0.030029 0.4078 0.1530 0.0510
v 0.045166 0.952148 0.030029 0.4550 0.1686 0.0745
v -0.141846 0.048340 0.030029 0.0157 0.0157 0.0549
v 0.142822 0.047852 0.030029 0.0118 0.0039 0.0471
v -0.400147 0.766113 0.030518 0.7020 0.4823 0.0549
v 0.400147 0.766113 0.030518 0.6745 0.4628 0.0392
v -0.396240 0.770020 0.030518 0.6079 0.4000 0.0314
v -0.062256 0.833008 0.030518 0.1686 0.1098 0.0902
v 0.062744 0.833008 0.030518 0.6589 0.4039 0.2745
v -0.034424 0.985840 0.030518 0.4235 0.1725 0.0706
v 0.034912 0.985840 0.030518 0.4510 0.1882 0.0745
v -0.082764 0.354004 0.030518 0.6236 0.3686 0.2314
v 0.083252 0.354004 0.030518 0.6157 0.3608 0.2235
v -0.070557 0.660645 0.031006 0.6902 0.3765 0.2157
v 0.071533 0.660645 0.031006 0.7333 0.4078 0.2353
v -0.075439 0.661621 0.031006 0.6863 0.3804 0.2275
v 0.076416 0.661621 0.031006 0.7059 0.3765 0.2157
v -0.069580 0.706055 0.031006 0.6315 0.3765 0.2549
v 0.070068 0.706055 0.031006 0.6354 0.3765 0.2510
v -0.072021 0.708984 0.031006 0.1961 0.0549 0.0157
v 0.072510 0.708984 0.031006 0.3294 0.2549 0.0627
v -0.080811 0.749512 0.031006 0.1490 0.1412 0.0824
v 0.081299 0.749512 0.031006 0.1530 0.1373 0.0941
v -0.082764 0.766113 0.031006 0.2039 0.1373 0.0667
v 0.083252 0.766113 0.031006 0.1333 0.1020 0.0471
v 0.396240 0.770020 0.031006 0.7294 0.5255 0.0549
v 0.420654 0.770996 0.031006 0.4078 0.2784 0.0706
v -0.383545 0.776855 0.031006 0.1020 0.0745 0.0549
v 0.384033 0.776855 0.031006 0.0510 0.0314 0.0353
v -0.408936 0.828613 0.031006 0.8588 0.6471 0.0353
v 0.408936 0.828613 0.031006 0.8470 0.6354 0.0392
v -0.043213 0.958984 0.031006 0.4784 0.2000 0.0863
v 0.043701 0.958984 0.031006 0.4902 0.2118 0.1020
v -0.004639 0.494141 0.031006 0.6824 0.4628 0.0118
v 0.005615 0.494141 0.031006 0.7137 0.4941 0.0196
v -0.133057 0.461914 0.031006 0.1412 0.0863 0.0627
v 0.133545 0.461914 0.031006 0.1294 0.0863 0.0510
v -0.070068 0.665039 0.031494 0.6079 0.3765 0.2392
v 0.070557 0.665039 0.031494 0.5961 0.3725 0.2510
v -0.072021 0.706543 0.031494 0.6197 0.3608 0.2432
v 0.072510 0.706543 0.031494 0.6157 0.3686 0.2471
v -0.433350 0.759766 0.031494 0.8627 0.6432 0.0235
v 0.433350 0.759766 0.031494 0.8509 0.6236 0.0039
v -0.406006 0.764648 0.031494 0.6471 0.4392 0.0667
v 0.406006 0.764648 0.031494 0.5804 0.3961 0.0706
v -0.420654 0.770996 0.031494 0.4078 0.2667 0.0784
v -0.376709 0.783203 0.031494 0.1098 0.0902 0.0471
v 0.376709 0.783203 0.031494 0.1530 0.1176 0.0745
v -0.367432 0.793457 0.031494 0.6157 0.4353 0.0588
v 0.366943 0.793457 0.031494 0.7764 0.5412 0.0471
v -0.104248 0.815918 0.031494 0.5882 0.3529 0.2353
v 0.104736 0.815918 0.031494 0.5764 0.3490 0.2235
v -0.107178 0.829590 0.031494 0.6432 0.3921 0.2549
v 0.108154 0.829590 0.031494 0.6550 0.4000 0.2667
v 0.062744 0.834961 0.031494 0.6589 0.3961 0.2667
v -0.038818 0.917480 0.031494 0.6745 0.4353 0.2980
v 0.039307 0.917480 0.031494 0.6785 0.4314 0.3019
v -0.130615 0.047852 0.031494 0.5490 0.4078 0.1059
v 0.131592 0.047852 0.031494 0.0118 0.0078 0.0667
v 0.122314 0.043457 0.031494 0.5412 0.4118 0.0745
v -0.121338 0.042969 0.031494 0.0941 0.0863 0.0549
v 0.124268 0.042969 0.031494 0.4863 0.3725 0.0980
v -0.123291 0.042480 0.031494 0.2039 0.1412 0.0549
v -0.110107 0.034668 0.031494 0.0941 0.0667 0.0471
v 0.111572 0.034668 0.031494 0.0078 0.0235 0.0902
v -0.107666 0.028320 0.031494 0.0588 0.0314 0.0275
v 0.108643 0.028320 0.031494 0.0039 0.0039 0.0627
v 0.116943 0.550293 0.031982 0.0980 0.0863 0.0667
v -0.116455 0.550781 0.031982 0.1294 0.1137 0.0784
v -0.069092 0.701660 0.031982 0.6354 0.3804 0.2510
v 0.070068 0.701660 0.031982 0.6197 0.3647 0.2432
v -0.413818 0.765137 0.031982 0.5333 0.3490 0.0745
v 0.413818 0.765137 0.031982 0.5412 0.3647 0.0863
v -0.424561 0.770508 0.031982 0.4000 0.2588 0.0667
v 0.424561 0.770508 0.031982 0.5490 0.3568 0.0549
v -0.423584 0.773438 0.031982 0.4550 0.2980 0.0706
v 0.424072 0.773438 0.031982 0.4432 0.2745 0.0627
v -0.454834 0.796387 0.031982 0.8353 0.6236 0.0196
v 0.454834 0.796387 0.031982 0.8470 0.6276 0.0039
v -0.047119 0.829102 0.031982 0.6941 0.4471 0.2823
v 0.047607 0.829102 0.031982 0.2000 0.0902 0.0824
v -0.062256 0.834961 0.031982 0.2118 0.1490 0.0941
v -0.080811 0.839844 0.031982 0.6628 0.4118 0.2823
v 0.081299 0.839844 0.031982 0.6667 0.4118 0.2745
v -0.015869 0.873047 0.031982 0.5412 0.2980 0.1882
v 0.016357 0.873047 0.031982 0.5412 0.3059 0.1922
v -0.038330 0.934082 0.031982 0.6667 0.4196 0.2902
v 0.038818 0.934082 0.031982 0.6824 0.4275 0.2980
v -0.135986 0.462891 0.031982 0.2275 0.1608 0.1490
v 0.136475 0.462891 0.031982 0.0275 0.0157 0.0706
v -0.065674 0.345703 0.031982 0.6236 0.3647 0.2314
v 0.066650 0.345703 0.031982 0.6471 0.3765 0.2471
v -0.118408 0.042969 0.031982 0.0863 0.0745 0.0863
v 0.119873 0.042969 0.031982 0.3765 0.2823 0.0824
v -0.114014 0.039551 0.031982 0.1020 0.0863 0.0745
v 0.114990 0.039551 0.031982 0.0078 0.0118 0.0902
v -0.128662 0.509277 0.032471 0.0549 0.0549 0.0627
v 0.129150 0.509277 0.032471 0.0863 0.0745 0.0706
v -0.068115 0.671875 0.032471 0.6589 0.4039 0.2784
v 0.068604 0.671875 0.032471 0.6510 0.4039 0.2745
v -0.065186 0.679688 0.032471 0.6628 0.4000 0.2706
v 0.066162 0.679688 0.032471 0.6510 0.3961 0.2706
v -0.067627 0.693848 0.032471 0.6589 0.4000 0.2627
v 0.068115 0.693848 0.032471 0.6276 0.3765 0.2392
v -0.424072 0.777832 0.032471 0.5137 0.3333 0.0667
v 0.424561 0.777832 0.032471 0.3882 0.2432 0.0510
v -0.044189 0.829102 0.032471 0.6902 0.4432 0.2745
v 0.044678 0.829102 0.032471 0.6276 0.3647 0.2588
v -0.059814 0.834473 0.032471 0.8157 0.6079 0.1020
v 0.060303 0.834473 0.032471 0.4863 0.3216 0.2235
v -0.036377 0.905762 0.032471 0.6941 0.4589 0.3176
v 0.036865 0.905762 0.032471 0.6902 0.4628 0.3176
v -0.033936 0.453125 0.032471 0.4941 0.2745 0.1765
v 0.034424 0.453125 0.032471 0.4745 0.2627 0.1725
v -0.135498 0.449707 0.032471 0.0824 0.0588 0.0588
v 0.135986 0.449707 0.032471 0.0902 0.0706 0.0588
v -0.122314 0.530273 0.032959 0.1098 0.0980 0.0784
v 0.122803 0.530273 0.032959 0.1137 0.1020 0.0824
v -0.065674 0.686523 0.032959 0.6589 0.4078 0.2667
v 0.066162 0.686523 0.032959 0.6393 0.3921 0.2588
v -0.387940 0.777344 0.032959 0.1490 0.1216 0.0863
v 0.387940 0.777344 0.032959 0.0941 0.0667 0.0667
v -0.382080 0.778809 0.032959 0.1843 0.1569 0.0588
v 0.382568 0.778809 0.032959 0.1176 0.0980 0.0745
v -0.072021 0.781250 0.032959 0.5255 0.3019 0.2039
v 0.072510 0.781250 0.032959 0.5098 0.2980 0.2000
v 0.425049 0.784180 0.032959 0.3059 0.1882 0.0510
v 0.000244 0.828125 0.032959 0.6432 0.3921 0.2627
v -0.393799 0.829102 0.032959 0.8392 0.6236 0.0314
v 0.394287 0.829102 0.032959 0.8431 0.6315 0.0353
v -0.099854 0.834961 0.032959 0.6628 0.4039 0.2706
v 0.100342 0.834961 0.032959 0.6824 0.4235 0.2902
v -0.162842 0.000488 0.032959 0.1412 0.1255 0.0824
v 0.163818 0.000488 0.032959 0.1216 0.0941 0.0667
v -0.440674 0.764160 0.033447 0.8470 0.6236 0.0275
v 0.441162 0.764160 0.033447 0.8549 0.6276 0.0000
v -0.424561 0.776855 0.033447 0.4667 0.2941 0.0706
v 0.425049 0.776855 0.033447 0.3843 0.2471 0.0510
v -0.424561 0.784180 0.033447 0.6039 0.4000 0.0706
v -0.450440 0.807129 0.033447 0.8431 0.6315 0.0275
v -0.099854 0.820801 0.033447 0.6745 0.4196 0.2941
v 0.100830 0.820801 0.033447 0.6667 0.4196 0.2745
v -0.422607 0.826660 0.033447 0.8509 0.6432 0.0392
v 0.422607 0.826660 0.033447 0.8588 0.6550 0.0392
v -0.020264 0.834961 0.033447 0.6000 0.3608 0.2275
v 0.020752 0.834961 0.033447 0.6393 0.3843 0.2588
v -0.091553 0.837891 0.033447 0.6745 0.4196 0.2823
v 0.092529 0.837891 0.033447 0.6980 0.4392 0.3059
v 0.000244 0.985840 0.033447 0.4275 0.1804 0.0863
v -0.024658 0.991211 0.033447 0.6079 0.2941 0.1530
v 0.025146 0.991211 0.033447 0.5451 0.2353 0.1020
v -0.007568 0.482422 0.033447 0.7412 0.5098 0.0157
v 0.008057 0.482422 0.033447 0.7451 0.5137 0.0235
v -0.138428 0.450195 0.033447 0.0902 0.0706 0.0667
v 0.138916 0.450195 0.033447 0.0863 0.0706 0.0627
v -0.163330 0.040039 0.033447 0.0627 0.0588 0.0549
v -0.165771 0.040039 0.033447 0.5098 0.3882 0.1059
v 0.164307 0.040039 0.033447 0.1098 0.0824 0.0392
v 0.166748 0.040039 0.033447 0.0784 0.0784 0.0667
v -0.161865 0.038574 0.033447 0.0784 0.0784 0.0588
v 0.162842 0.038574 0.033447 0.8470 0.6706 0.1020
v -0.169678 0.038086 0.033447 0.1765 0.1490 0.0706
v 0.170654 0.038086 0.033447 0.1020 0.0784 0.0784
v -0.172119 0.002441 0.033447 0.1373 0.1098 0.0706
v 0.173584 0.002441 0.033447 0.1451 0.1294 0.0863
v -0.143311 0.000000 0.033447 0.1176 0.0902 0.0549
v 0.144775 0.000000 0.033447 0.0824 0.0667 0.0314
v -0.429932 0.763672 0.033935 0.8078 0.5804 0.0353
v 0.429932 0.763672 0.033936 0.8313 0.6236 0.0353
v -0.427002 0.767578 0.033935 0.4784 0.3059 0.0667
v 0.427002 0.767578 0.033936 0.7490 0.5490 0.0549
v -0.421143 0.769043 0.033935 0.4353 0.2902 0.0863
v 0.421143 0.769043 0.033936 0.4314 0.2902 0.0824
v -0.390869 0.772949 0.033935 0.6785 0.4628 0.0706
v 0.390869 0.772949 0.033936 0.6706 0.4628 0.0510
v -0.425537 0.784180 0.033935 0.5490 0.3568 0.0784
v 0.425537 0.784180 0.033936 0.2823 0.1765 0.0588
v -0.422119 0.791016 0.033935 0.6550 0.4471 0.0824
v 0.422119 0.791016 0.033936 0.2549 0.1608 0.0549
v -0.367432 0.799316 0.033936 0.8666 0.6039 0.0471
v 0.450440 0.807129 0.033936 0.8431 0.6315 0.0118
v -0.441650 0.817383 0.033935 0.8706 0.6589 0.0235
v 0.442139 0.817383 0.033936 0.8470 0.6276 0.0196
v -0.049561 0.833008 0.033936 0.4980 0.3176 0.2118
v 0.050049 0.833008 0.033936 0.9215 0.6667 0.1020
v -0.032471 0.893555 0.033936 0.6941 0.4745 0.3294
v 0.032959 0.893555 0.033936 0.6824 0.4628 0.3176
v -0.043701 0.966309 0.033936 0.4902 0.1961 0.0902
v 0.044189 0.966309 0.033936 0.4667 0.1843 0.0784
v -0.088623 0.374023 0.033936 0.6276 0.3765 0.2392
v 0.089111 0.374023 0.033936 0.6236 0.3725 0.2353
v -0.111084 0.563965 0.034424 0.1373 0.1176 0.0941
v 0.111572 0.563965 0.034424 0.1098 0.0980 0.0784
v -0.077881 0.742188 0.034424 0.1412 0.1255 0.0902
v 0.078369 0.742188 0.034424 0.1333 0.1059 0.0745
v -0.405518 0.761719 0.034424 0.6863 0.4745 0.0627
v 0.406006 0.761719 0.034424 0.6550 0.4628 0.1059
v -0.399170 0.764160 0.034424 0.6745 0.4628 0.0627
v 0.399170 0.764160 0.034424 0.6785 0.4745 0.0627
v -0.427979 0.773438 0.034424 0.3882 0.2432 0.0549
v 0.428467 0.773438 0.034424 0.6863 0.4745 0.0471
v -0.078857 0.774414 0.034424 0.0706 0.0549 0.0510
v 0.079346 0.774902 0.034424 0.0784 0.0627 0.0549
v -0.426514 0.778320 0.034424 0.4157 0.2706 0.0431
v 0.427002 0.778320 0.034424 0.4510 0.2863 0.0549
v -0.373779 0.784668 0.034424 0.1490 0.1059 0.0588
v 0.373779 0.784668 0.034424 0.2157 0.1451 0.0784
v -0.422607 0.791504 0.034424 0.6471 0.4314 0.0824
v 0.367432 0.799316 0.034424 0.8078 0.5882 0.0627
v -0.092529 0.826172 0.034424 0.6785 0.4235 0.2980
v 0.093018 0.826172 0.034424 0.6980 0.4392 0.3019
v -0.078857 0.828613 0.034424 0.6824 0.4235 0.3019
v 0.079834 0.828613 0.034424 0.7020 0.4510 0.3137
v -0.047119 0.832520 0.034424 0.6628 0.4118 0.2471
v 0.047607 0.832520 0.034424 0.7137 0.5451 0.2078
v 0.010498 0.833008 0.034424 0.6510 0.3961 0.2627
v -0.009521 0.833496 0.034424 0.6079 0.3725 0.2392
v -0.173096 0.034668 0.034424 0.0863 0.0784 0.0980
v 0.174561 0.034668 0.034424 0.0902 0.0824 0.0863
v -0.177490 0.004395 0.034424 0.0980 0.0549 0.0196
v 0.178467 0.004395 0.034424 0.0902 0.0627 0.0000
v -0.394775 0.769043 0.034912 0.7255 0.5019 0.0392
v 0.394775 0.769043 0.034912 0.7294 0.5255 0.0510
v -0.082764 0.774414 0.034912 0.0627 0.0549 0.0471
v 0.083252 0.774414 0.034912 0.1020 0.0784 0.0745
v -0.427490 0.783691 0.034912 0.4980 0.3255 0.0392
v 0.427490 0.783691 0.034912 0.4000 0.2510 0.0431
v -0.448486 0.785645 0.034912 0.8706 0.6589 0.0235
v 0.448975 0.785645 0.034912 0.8470 0.6354 0.0196
v 0.422607 0.791504 0.034912 0.2471 0.1569 0.0588
v -0.089600 0.800293 0.034912 0.5725 0.3333 0.2196
v 0.090088 0.800293 0.034912 0.5569 0.3216 0.2118
v -0.037842 0.924316 0.034912 0.6706 0.4353 0.3019
v 0.038330 0.924316 0.034912 0.6902 0.4550 0.3216
v -0.036865 0.981934 0.034912 0.4510 0.1922 0.0863
v 0.037354 0.981934 0.034912 0.4863 0.2196 0.1059
v -0.005615 0.989746 0.034912 0.4471 0.1882 0.0941
v 0.006592 0.989746 0.034912 0.5255 0.2314 0.1059
v -0.014404 0.992188 0.034912 0.5059 0.2157 0.0980
v 0.014893 0.992188 0.034912 0.4902 0.2118 0.0863
v -0.114502 0.396484 0.034912 0.6432 0.3921 0.2588
v 0.114990 0.396484 0.034912 0.6628 0.3804 0.2471
v -0.179443 0.006836 0.034912 0.0627 0.0275 0.0000
v 0.180908 0.006836 0.034912 0.0902 0.0549 0.0039
v -0.446045 0.770508 0.035400 0.8549 0.6354 0.0196
v 0.446533 0.770508 0.035400 0.8549 0.6315 0.0118
v -0.381104 0.781250 0.035400 0.4745 0.2745 0.0510
v 0.381592 0.781250 0.035400 0.1608 0.1098 0.0353
v -0.418213 0.797363 0.035400 0.6393 0.4353 0.0627
v 0.418213 0.797363 0.035400 0.2039 0.1255 0.0471
v -0.026611 0.882812 0.035400 0.6589 0.4275 0.2863
v 0.027100 0.882812 0.035400 0.6550 0.4235 0.2902
v -0.037354 0.949219 0.035400 0.6471 0.4000 0.2706
v 0.037842 0.949219 0.035400 0.6589 0.3961 0.2667
v -0.030518 0.469727 0.035400 0.1765 0.1020 0.0235
v 0.031006 0.469727 0.035400 0.1608 0.0549 0.0039
v -0.096924 0.375000 0.035400 0.6393 0.3804 0.2432
v 0.097412 0.375000 0.035400 0.6589 0.3843 0.2510
v -0.161865 0.037109 0.035400 0.0627 0.0510 0.0667
v 0.162842 0.037109 0.035400 0.9176 0.7137 0.1098
v -0.124756 0.001465 0.035400 0.0902 0.0667 0.0275
v 0.125732 0.001465 0.035400 0.1098 0.0902 0.0549
v -0.413818 0.762695 0.035889 0.4980 0.3333 0.0784
v 0.413818 0.762695 0.035889 0.4432 0.2549 0.0196
v -0.082764 0.770996 0.035889 0.2392 0.1647 0.0431
v 0.083252 0.770996 0.035889 0.1020 0.0745 0.0471
v -0.070068 0.773438 0.035889 0.0902 0.0627 0.0471
v 0.070557 0.773438 0.035889 0.1098 0.0824 0.0706
v -0.426025 0.775879 0.035889 0.3921 0.2314 0.0627
v 0.426025 0.775879 0.035889 0.3961 0.2549 0.0706
v -0.448975 0.777832 0.035889 0.8549 0.6393 0.0196
v 0.448975 0.777832 0.035889 0.8549 0.6393 0.0118
v 0.431885 0.782715 0.035889 0.6393 0.4196 0.0235
v -0.418701 0.796875 0.035889 0.6510 0.4392 0.1020
v 0.418701 0.796875 0.035889 0.2078 0.1216 0.0549
v -0.404053 0.827148 0.035889 0.8470 0.6276 0.0314
v -0.036865 0.941406 0.035889 0.6745 0.4392 0.3059
v 0.037842 0.941406 0.035889 0.7137 0.4628 0.3255
v -0.008545 0.470215 0.035889 0.7568 0.5137 0.0078
v 0.009033 0.470215 0.035889 0.7529 0.5216 0.0118
v -0.163818 0.039062 0.035889 0.3216 0.2392 0.0549
v 0.164795 0.039062 0.035889 0.0980 0.0784 0.0235
v -0.176514 0.030273 0.035889 0.0196 0.0353 0.0549
v 0.177490 0.030273 0.035889 0.0314 0.0235 0.0588
v -0.181396 0.013672 0.035889 0.1412 0.0784 0.0235
v 0.182373 0.013672 0.035889 0.1137 0.0588 0.0471
v -0.109619 0.575684 0.036377 0.1294 0.1098 0.0863
v 0.110107 0.575684 0.036377 0.1020 0.0902 0.0745
v -0.075439 0.736328 0.036377 0.1176 0.1059 0.0706
v 0.076416 0.736328 0.036377 0.1255 0.1098 0.0745
v -0.436279 0.767578 0.036377 0.8157 0.6000 0.0275
v 0.436279 0.767578 0.036377 0.8392 0.6315 0.0314
v -0.431885 0.770996 0.036377 0.6902 0.4941 0.0392
v 0.432373 0.770996 0.036377 0.8353 0.6315 0.0627
v 0.430420 0.777344 0.036377 0.6706 0.4589 0.0471
v -0.431397 0.783203 0.036377 0.5961 0.4157 0.1098
v -0.427002 0.783691 0.036377 0.3372 0.2118 0.0471
v 0.427002 0.783691 0.036377 0.2863 0.1882 0.0588
v -0.442139 0.785156 0.036377 0.8941 0.6980 0.0471
v 0.442139 0.785156 0.036377 0.8588 0.6432 0.0471
v -0.425537 0.790039 0.036377 0.5176 0.3255 0.0549
v 0.425537 0.790039 0.036377 0.3451 0.2196 0.0549
v -0.424072 0.792969 0.036377 0.5333 0.3372 0.0471
v 0.424072 0.792969 0.036377 0.2941 0.1922 0.0627
v -0.415283 0.823730 0.036377 0.8353 0.6118 0.0314
v 0.415283 0.823730 0.036377 0.8980 0.6941 0.0353
v 0.404053 0.827148 0.036377 0.8509 0.6393 0.0392
v -0.032471 0.828125 0.036377 0.6589 0.4118 0.2667
v 0.032959 0.828125 0.036377 0.6550 0.3961 0.2627
v -0.035889 0.956055 0.036377 0.5451 0.3059 0.1961
v 0.036377 0.956055 0.036377 0.4745 0.2000 0.1020
v -0.039307 0.957031 0.036377 0.4510 0.1961 0.0941
v 0.039795 0.957031 0.036377 0.4667 0.1961 0.0784
v -0.039307 0.972168 0.036377 0.5412 0.2432 0.1137
v 0.039795 0.972168 0.036377 0.5490 0.2353 0.0980
v -0.165771 0.039062 0.036377 0.7255 0.5255 0.0549
v 0.166748 0.039062 0.036377 0.0667 0.0627 0.0588
v -0.178955 0.016602 0.036377 0.9058 0.6510 0.0784
v 0.179932 0.016602 0.036377 0.9647 0.7529 0.1333
v -0.180908 0.015625 0.036377 0.9058 0.6706 0.1098
v 0.181885 0.015625 0.036377 0.9019 0.6941 0.1098
v -0.081299 0.759277 0.036865 0.1490 0.1216 0.0745
v 0.082275 0.759277 0.036865 0.6354 0.4941 0.1216
v -0.429932 0.777344 0.036865 0.6510 0.4432 0.1020
v -0.436279 0.785156 0.036865 0.8196 0.6079 0.0824
v 0.436279 0.785156 0.036865 0.8549 0.6393 0.0471
v -0.424561 0.791504 0.036865 0.4823 0.3137 0.0627
v 0.424561 0.791504 0.036865 0.2980 0.1922 0.0510
v -0.369385 0.805176 0.036865 0.8157 0.5725 0.0078
v 0.369385 0.805176 0.036865 0.8000 0.5804 0.0392
v -0.432861 0.819824 0.036865 0.8980 0.6941 0.0235
v 0.432861 0.819824 0.036865 0.8784 0.6706 0.0235
v -0.065674 0.826660 0.036865 0.1765 0.0902 0.0824
v 0.066162 0.826660 0.036865 0.7176 0.4550 0.3059
v -0.019287 0.874512 0.036865 0.5686 0.3216 0.1922
v 0.019775 0.874512 0.036865 0.5725 0.3255 0.1961
v -0.179932 0.020020 0.036865 0.8980 0.6980 0.1059
v 0.180908 0.020020 0.036865 0.9568 0.8039 0.1333
v -0.421631 0.767090 0.037353 0.4510 0.2941 0.0824
v 0.421631 0.767090 0.037354 0.4784 0.3333 0.0784
v -0.385498 0.778809 0.037353 0.1922 0.1490 0.0627
v 0.385986 0.778809 0.037354 0.3137 0.2039 0.0431
v -0.417236 0.800781 0.037353 0.6118 0.4000 0.0667
v 0.417725 0.800781 0.037354 0.2432 0.1490 0.0706
v -0.417236 0.801270 0.037353 0.6315 0.4196 0.0667
v -0.379639 0.819824 0.037353 0.8745 0.6589 0.0196
v 0.379639 0.819824 0.037354 0.8509 0.6471 0.0235
v 0.000244 0.868652 0.037354 0.5176 0.2863 0.1765
v -0.036865 0.912598 0.037354 0.6550 0.4078 0.2745
v 0.037354 0.912598 0.037354 0.6785 0.4314 0.3019
v -0.154053 0.041504 0.037353 0.0980 0.0784 0.0392
v 0.155029 0.041504 0.037354 0.0941 0.0588 0.0118
v -0.162354 0.040527 0.037353 0.7568 0.5921 0.1843
v 0.163818 0.040527 0.037354 0.4471 0.3255 0.0627
v -0.159424 0.038574 0.037353 0.0627 0.0627 0.0392
v 0.160400 0.038574 0.037354 0.8980 0.6745 0.0549
v -0.115479 0.003906 0.037354 0.0784 0.0863 0.0510
v 0.116455 0.003906 0.037354 0.1412 0.1020 0.0549
v -0.105713 0.589355 0.037842 0.1216 0.1020 0.0784
v 0.106201 0.589355 0.037842 0.1059 0.0902 0.0706
v -0.073486 0.730469 0.037842 0.1098 0.1059 0.0863
v 0.073975 0.730469 0.037842 0.0902 0.0784 0.0471
v -0.436279 0.780762 0.037842 0.7921 0.5804 0.0549
v 0.436279 0.780762 0.037842 0.7725 0.5569 0.0431
v -0.077393 0.786133 0.037842 0.4078 0.2392 0.1725
v 0.077881 0.786133 0.037842 0.4235 0.2549 0.1686
v -0.420654 0.797363 0.037842 0.6157 0.4157 0.0784
v 0.420654 0.797363 0.037842 0.2471 0.1490 0.0588
v -0.093018 0.811523 0.037842 0.6354 0.3804 0.2549
v 0.093506 0.811523 0.037842 0.6354 0.3843 0.2627
v -0.036865 0.930664 0.037842 0.6550 0.4078 0.2863
v 0.037354 0.930664 0.037842 0.6902 0.4432 0.3137
v -0.010498 0.452637 0.037842 0.7568 0.5216 0.0039
v 0.010986 0.452637 0.037842 0.7529 0.5216 0.0118
v -0.178467 0.024902 0.037842 0.0078 0.0118 0.0667
v 0.179443 0.024902 0.037842 0.0157 0.0000 0.0706
v -0.397705 0.762695 0.038330 0.6550 0.4432 0.0627
v 0.398193 0.762695 0.038330 0.5961 0.4000 0.0863
v -0.388428 0.772949 0.038330 0.7098 0.4784 0.0510
v -0.440186 0.772949 0.038330 0.8431 0.6197 0.0353
v 0.388428 0.772949 0.038330 0.7333 0.5176 0.0627
v -0.082275 0.773438 0.038330 0.4078 0.2863 0.0588
v 0.083252 0.773438 0.038330 0.2039 0.1451 0.0275
v -0.434815 0.775879 0.038330 0.6902 0.4745 0.0275
v 0.434815 0.775879 0.038330 0.8157 0.5921 0.0510
v -0.442139 0.779785 0.038330 0.8509 0.6315 0.0314
v 0.442139 0.779785 0.038330 0.8431 0.6315 0.0314
v -0.371338 0.788574 0.038330 0.6157 0.4118 0.0588
v -0.429932 0.788574 0.038330 0.6863 0.4706 0.0706
v 0.371338 0.788574 0.038330 0.6236 0.4157 0.0314
v 0.429932 0.788574 0.038330 0.6236 0.4235 0.0588
v -0.428955 0.792480 0.038330 0.6471 0.4235 0.0902
v 0.428955 0.792480 0.038330 0.5294 0.3372 0.0431
v -0.421143 0.796875 0.038330 0.6039 0.4078 0.0784
v 0.421143 0.796875 0.038330 0.2432 0.1530 0.0588
v -0.373291 0.812012 0.038330 0.9019 0.7020 0.0314
v 0.373291 0.812012 0.038330 0.8431 0.6354 0.0235
v -0.065674 0.828613 0.038330 0.1843 0.1333 0.0902
v 0.066650 0.828613 0.038330 0.7294 0.4510 0.3098
v -0.005615 0.868652 0.038330 0.5294 0.2941 0.1843
v 0.006104 0.868652 0.038330 0.5255 0.2902 0.1843
v -0.131592 0.491699 0.038330 0.0980 0.0824 0.0863
v 0.132568 0.491699 0.038330 0.1059 0.0902 0.0824
v -0.082764 0.630371 0.038818 0.6980 0.3176 0.1686
v 0.083252 0.630371 0.038818 0.6000 0.2941 0.1647
v -0.393311 0.768066 0.038818 0.7059 0.4745 0.0471
v 0.393311 0.768066 0.038818 0.7216 0.5019 0.0588
v 0.440186 0.772949 0.038818 0.8353 0.6236 0.0275
v -0.447998 0.792969 0.038818 0.8862 0.6745 0.0235
v 0.447998 0.792969 0.038818 0.8549 0.6393 0.0275
v -0.427490 0.794434 0.038818 0.6000 0.4078 0.0549
v 0.427490 0.794434 0.038818 0.5098 0.3255 0.0471
v -0.419678 0.800781 0.038818 0.6628 0.4510 0.0588
v 0.419678 0.800781 0.038818 0.1961 0.1255 0.0431
v -0.417725 0.803223 0.038818 0.6510 0.4392 0.0510
v 0.417725 0.803223 0.038818 0.2432 0.1490 0.0431
v -0.417725 0.803711 0.038818 0.6628 0.4510 0.0471
v -0.424561 0.820312 0.038818 0.8862 0.6706 0.0314
v 0.424561 0.820312 0.038818 0.8784 0.6706 0.0392
v 0.000244 0.824707 0.038818 0.6667 0.4078 0.2706
v -0.033447 0.958984 0.038818 0.5255 0.2863 0.1725
v 0.033936 0.958984 0.038818 0.5098 0.2471 0.1294
v -0.031982 0.985352 0.038818 0.4902 0.2000 0.0784
v 0.032471 0.985352 0.038818 0.5059 0.2157 0.0941
v -0.129639 0.459473 0.038818 0.1647 0.1020 0.0510
v 0.130127 0.459473 0.038818 0.1608 0.0941 0.0314
v -0.014893 0.435547 0.038818 0.2275 0.1412 0.0314
v 0.015381 0.435547 0.038818 0.2392 0.1490 0.0510
v -0.015869 0.424805 0.038818 0.1098 0.0706 0.0549
v 0.016357 0.424805 0.038818 0.1059 0.0706 0.0510
v -0.160400 0.041504 0.038818 0.8627 0.6510 0.1647
v 0.161377 0.041504 0.038818 0.9255 0.7020 0.0706
v 0.123291 0.040527 0.038818 0.7490 0.5569 0.1333
v -0.121826 0.040039 0.038818 0.0941 0.0824 0.0588
v -0.164795 0.040039 0.038818 0.8706 0.6471 0.0627
v 0.165771 0.040039 0.038818 0.0627 0.0510 0.0588
v -0.123779 0.038574 0.038818 0.0667 0.0745 0.0549
v 0.124756 0.038574 0.038818 0.4980 0.3608 0.1137
v -0.168701 0.036621 0.038818 0.3019 0.2353 0.0980
v 0.170166 0.036621 0.038818 0.0784 0.0627 0.0667
v -0.111084 0.006348 0.038818 0.0706 0.0667 0.0314
v 0.112061 0.006348 0.038818 0.1255 0.1020 0.0588
v -0.099854 0.605469 0.039307 0.1176 0.0980 0.0745
v 0.100342 0.605469 0.039307 0.0980 0.0902 0.0706
v -0.087646 0.625488 0.039307 0.1647 0.1255 0.1020
v 0.088135 0.625488 0.039307 0.1294 0.0941 0.0784
v -0.083252 0.632812 0.039307 0.7333 0.3490 0.1843
v 0.083740 0.632812 0.039307 0.7686 0.4196 0.2392
v -0.072021 0.726074 0.039307 0.0588 0.0549 0.0471
v 0.072510 0.726074 0.039307 0.0627 0.0549 0.0431
v -0.405029 0.760254 0.039307 0.7333 0.5333 0.1490
v 0.405029 0.760254 0.039307 0.7255 0.5255 0.0745
v -0.427002 0.774414 0.039307 0.3725 0.2432 0.0824
v 0.427002 0.774414 0.039307 0.4118 0.2706 0.0941
v -0.072021 0.778809 0.039307 0.0784 0.0510 0.0431
v 0.072510 0.778809 0.039307 0.1098 0.0784 0.0706
v -0.077881 0.781250 0.039307 0.0745 0.0549 0.0549
v 0.078369 0.781250 0.039307 0.0863 0.0706 0.0588
v -0.379150 0.781738 0.039307 0.4706 0.2745 0.0627
v 0.379150 0.781738 0.039307 0.4550 0.2706 0.1059
v -0.428467 0.783203 0.039307 0.2157 0.1451 0.0510
v 0.428467 0.783203 0.039307 0.2902 0.1804 0.0784
v -0.426025 0.791504 0.039307 0.2745 0.1725 0.0431
v 0.426514 0.791504 0.039307 0.3412 0.2275 0.0706
v -0.444092 0.802246 0.039307 0.8706 0.6628 0.0196
v 0.444092 0.802246 0.039307 0.8509 0.6432 0.0275
v -0.419678 0.803223 0.039307 0.7059 0.5019 0.0824
v 0.419678 0.803223 0.039307 0.3019 0.1882 0.0471
v -0.417725 0.804199 0.039307 0.6745 0.4745 0.0667
v 0.417725 0.804199 0.039307 0.2510 0.1490 0.0392
v -0.087646 0.816406 0.039307 0.6902 0.4353 0.3098
v 0.088135 0.816406 0.039307 0.6902 0.4314 0.2941
v -0.063232 0.828125 0.039307 0.8000 0.5843 0.0863
v 0.063721 0.828125 0.039307 0.5921 0.3765 0.2510
v -0.032959 0.900391 0.039307 0.6745 0.4432 0.2980
v 0.033936 0.900391 0.039307 0.6628 0.4314 0.2980
v -0.115479 0.419434 0.039307 0.6471 0.3961 0.2588
v 0.115967 0.419434 0.039307 0.6550 0.3882 0.2432
v -0.119873 0.040039 0.039307 0.1098 0.0745 0.0588
v -0.154541 0.040039 0.039307 0.0902 0.0549 0.0627
v 0.120850 0.040039 0.039307 0.7216 0.5294 0.1255
v 0.155518 0.040039 0.039307 0.8862 0.6589 0.0784
v 0.000244 0.509766 0.039795 0.7176 0.4823 0.0392
v -0.093018 0.618164 0.039795 0.1608 0.1255 0.0902
v 0.093506 0.618164 0.039795 0.1255 0.0941 0.0824
v -0.070557 0.721191 0.039795 0.0588 0.0745 0.0745
v 0.071045 0.721191 0.039795 0.0745 0.0667 0.0784
v -0.071533 0.723633 0.039795 0.0784 0.0784 0.0824
v 0.072510 0.723633 0.039795 0.0902 0.0824 0.0863
v -0.441650 0.788574 0.039795 0.7843 0.5530 0.0275
v 0.442139 0.788574 0.039795 0.8235 0.6157 0.0196
v -0.432373 0.795410 0.039795 0.6039 0.3921 0.0784
v 0.432373 0.795410 0.039795 0.6785 0.4745 0.0471
v -0.422119 0.797852 0.039795 0.4432 0.2745 0.0392
v 0.422119 0.797852 0.039795 0.2863 0.1882 0.0510
v -0.418213 0.805176 0.039795 0.7412 0.5451 0.0431
v 0.418701 0.805176 0.039795 0.4196 0.2902 0.0980
v -0.413818 0.814453 0.039795 0.7451 0.5490 0.0941
v 0.414307 0.814453 0.039795 0.6118 0.4157 0.0510
v -0.020752 0.828125 0.039795 0.6432 0.3961 0.2588
v 0.021240 0.828125 0.039795 0.6550 0.3961 0.2588
v -0.038818 0.963379 0.039795 0.3843 0.1412 0.0471
v 0.039795 0.963379 0.039795 0.4745 0.2000 0.0902
v -0.131104 0.474609 0.039795 0.1176 0.0902 0.0667
v 0.131592 0.474609 0.039795 0.0863 0.0706 0.0588
v -0.132080 0.447754 0.039795 0.0980 0.0667 0.0510
v 0.132568 0.447754 0.039795 0.0784 0.0627 0.0510
v -0.011963 0.435547 0.039795 0.8078 0.5412 0.0196
v 0.012451 0.435547 0.039795 0.7960 0.5686 0.0392
v -0.012939 0.424316 0.039795 0.1176 0.0745 0.0588
v 0.013428 0.424316 0.039795 0.1216 0.0745 0.0510
v -0.116455 0.036621 0.039795 0.0863 0.0863 0.0784
v 0.117432 0.036621 0.039795 0.5059 0.3765 0.1490
v -0.110596 0.017090 0.039795 0.8235 0.5686 0.0196
v 0.111572 0.017090 0.039795 0.8627 0.6745 0.1098
v -0.109619 0.008789 0.039795 0.0941 0.0706 0.0392
v 0.110596 0.008789 0.039795 0.1059 0.0902 0.0471
v -0.082275 0.638672 0.040283 0.6628 0.3372 0.1765
v 0.082764 0.638672 0.040283 0.6197 0.2902 0.1412
v -0.077881 0.643066 0.040283 0.6236 0.3216 0.1725
v 0.078857 0.643066 0.040283 0.7020 0.3843 0.2235
v -0.081787 0.781250 0.040283 0.0980 0.0667 0.0510
v 0.082275 0.781250 0.040283 0.1059 0.0784 0.0667
v -0.435303 0.789551 0.040283 0.7725 0.5569 0.0667
v 0.435303 0.789551 0.040283 0.7608 0.5490 0.0471
v -0.437744 0.798340 0.040283 0.8274 0.6079 0.0275
v -0.421631 0.801758 0.040283 0.7020 0.4902 0.0588
v 0.422119 0.801758 0.040283 0.4392 0.2745 0.0627
v -0.420654 0.805176 0.040283 0.7255 0.5333 0.1098
v 0.420654 0.805176 0.040283 0.5961 0.4039 0.0706
v -0.417236 0.806641 0.040283 0.7608 0.5451 0.0627
v 0.417236 0.806641 0.040283 0.2000 0.1216 0.0314
v -0.418213 0.818359 0.040283 0.6432 0.4235 0.0196
v 0.418213 0.818359 0.040283 0.7647 0.5725 0.0431
v -0.077881 0.819336 0.040283 0.7098 0.4275 0.3333
v 0.078369 0.819336 0.040283 0.6863 0.4392 0.2980
v -0.049072 0.823730 0.040283 0.6667 0.4196 0.2588
v 0.049561 0.823730 0.040283 0.2118 0.1176 0.1176
v -0.010498 0.869629 0.040283 0.5294 0.2941 0.1843
v 0.010986 0.869629 0.040283 0.5255 0.2902 0.1804
v -0.034912 0.961426 0.040283 0.4902 0.2471 0.1412
v 0.035400 0.961426 0.040283 0.4628 0.1922 0.0941
v 0.132568 0.460449 0.040283 0.0824 0.0667 0.0588
v -0.056885 0.364258 0.040283 0.6432 0.3725 0.2353
v 0.057861 0.364258 0.040283 0.6510 0.3843 0.2510
v -0.142822 0.042480 0.040283 0.0784 0.0745 0.0431
v 0.143799 0.042480 0.040283 0.0784 0.0745 0.0510
v -0.113037 0.032227 0.040283 0.0627 0.0627 0.0706
v 0.114502 0.032227 0.040283 0.0784 0.0549 0.0784
v -0.109619 0.020020 0.040283 0.7647 0.5843 0.1490
v 0.110596 0.020020 0.040283 0.1216 0.0667 0.0196
v -0.079346 0.752930 0.040771 0.1490 0.1333 0.0863
v 0.079834 0.752930 0.040771 0.1530 0.1176 0.0824
v -0.413330 0.761719 0.040771 0.8157 0.5961 0.0510
v 0.413330 0.761719 0.040772 0.7921 0.5843 0.0941
v -0.424561 0.797852 0.040771 0.7255 0.5333 0.0824
v 0.424561 0.797852 0.040772 0.3176 0.1804 0.0157
v 0.437744 0.798340 0.040772 0.8196 0.6118 0.0314
v -0.419678 0.801758 0.040771 0.6118 0.4157 0.0863
v 0.419678 0.801758 0.040772 0.2118 0.1294 0.0471
v -0.416748 0.807617 0.040771 0.7216 0.5176 0.0745
v -0.418213 0.807617 0.040771 0.7647 0.5373 0.0706
v 0.416748 0.807617 0.040772 0.1725 0.1059 0.0471
v 0.418701 0.807617 0.040772 0.5098 0.3333 0.0706
v -0.438232 0.809570 0.040771 0.8588 0.6471 0.0157
v 0.438232 0.809570 0.040772 0.8588 0.6432 0.0314
v -0.416260 0.810547 0.040771 0.7294 0.5098 0.0667
v 0.416260 0.810547 0.040772 0.5216 0.3568 0.0824
v -0.408936 0.819336 0.040771 0.8078 0.5961 0.0353
v 0.409424 0.819336 0.040772 0.6667 0.4471 0.0118
v -0.391357 0.821289 0.040771 0.8745 0.6667 0.0235
v 0.391357 0.821289 0.040772 0.8627 0.6550 0.0118
v -0.009521 0.826660 0.040771 0.6393 0.3882 0.2510
v 0.010010 0.826660 0.040771 0.6471 0.3921 0.2588
v -0.035889 0.920410 0.040771 0.6471 0.3921 0.2667
v 0.036377 0.920410 0.040771 0.6589 0.4000 0.2745
v -0.033936 0.952637 0.040771 0.6118 0.3647 0.2353
v 0.034424 0.952637 0.040771 0.6628 0.4039 0.2706
v -0.132080 0.460449 0.040771 0.1176 0.1059 0.0863
v -0.131592 0.041504 0.040771 0.8509 0.6354 0.0784
v 0.132568 0.041016 0.040772 0.6824 0.5373 0.1569
v -0.124268 0.037109 0.040771 0.0902 0.0784 0.0706
v 0.125244 0.037109 0.040772 0.1176 0.0706 0.0510
v -0.111084 0.027832 0.040771 0.0392 0.0275 0.0549
v 0.112549 0.027832 0.040772 0.1098 0.0627 0.0118
v -0.110107 0.023926 0.040771 0.0392 0.0353 0.0392
v 0.111084 0.023926 0.040772 0.1530 0.0941 0.0196
v 0.110107 0.016113 0.040772 0.7960 0.5843 0.0745
v -0.108154 0.014160 0.040771 0.1373 0.0902 0.0392
v 0.109619 0.014160 0.040772 0.6157 0.4392 0.1020
v -0.067627 0.708008 0.041260 0.6118 0.3647 0.2275
v 0.068115 0.708008 0.041260 0.6197 0.3529 0.2353
v -0.080811 0.764648 0.041260 0.1294 0.1137 0.0706
v 0.081299 0.764648 0.041260 0.5725 0.4196 0.0784
v -0.440674 0.792480 0.041260 0.8980 0.6902 0.0471
v 0.440674 0.792480 0.041260 0.8470 0.6354 0.0235
v -0.424561 0.803711 0.041260 0.1137 0.0431 0.0275
v -0.046143 0.823730 0.041260 0.6706 0.4196 0.2549
v 0.046631 0.823730 0.041260 0.5804 0.3412 0.2471
v -0.035889 0.937012 0.041260 0.6236 0.3686 0.2549
v 0.036377 0.937012 0.041260 0.6510 0.4039 0.2823
v -0.155029 0.042969 0.041260 0.8706 0.6197 0.0941
v 0.156006 0.042969 0.041260 0.8862 0.6471 0.0471
v -0.148682 0.040527 0.041260 0.1490 0.1098 0.0784
v 0.149658 0.040527 0.041260 0.8078 0.5882 0.0627
v -0.122314 0.039551 0.041260 0.1255 0.0941 0.0588
v 0.123779 0.039551 0.041260 0.6824 0.5216 0.1451
v 0.169189 0.037598 0.041260 0.0588 0.0510 0.0667
v -0.171631 0.033203 0.041260 0.0235 0.0314 0.0824
v 0.173096 0.033203 0.041260 0.0392 0.0196 0.0706
v -0.109131 0.016113 0.041260 0.5608 0.3765 0.0510
v -0.078857 0.648926 0.041748 0.6000 0.3059 0.1451
v 0.079346 0.648926 0.041748 0.7372 0.4353 0.2784
v -0.069580 0.658691 0.041748 0.6276 0.3412 0.1804
v 0.070068 0.659180 0.041748 0.6745 0.3529 0.1804
v -0.064697 0.679688 0.041748 0.6589 0.3921 0.2627
v 0.065186 0.679688 0.041748 0.6471 0.4039 0.2627
v -0.064697 0.687012 0.041748 0.6589 0.4000 0.2588
v 0.065186 0.687012 0.041748 0.6276 0.3804 0.2510
v -0.067139 0.703125 0.041748 0.6157 0.3686 0.2314
v 0.068115 0.703125 0.041748 0.6197 0.3608 0.2353
v -0.069580 0.711426 0.041748 0.2275 0.0824 0.0196
v 0.070557 0.711426 0.041748 0.4157 0.3372 0.0902
v -0.075439 0.784668 0.041748 0.0941 0.0588 0.0549
v 0.075928 0.784668 0.041748 0.1765 0.1176 0.0745
v -0.079346 0.794922 0.041748 0.3216 0.1922 0.1294
v 0.080322 0.794922 0.041748 0.5764 0.3647 0.2510
v 0.424561 0.803711 0.041748 0.7098 0.5059 0.0745
v -0.419190 0.812500 0.041748 0.3451 0.2196 0.0471
v 0.419190 0.812500 0.041748 0.6510 0.4510 0.0275
v -0.430908 0.813477 0.041748 0.8666 0.6471 0.0353
v 0.430908 0.813477 0.041748 0.8666 0.6550 0.0314
v -0.068604 0.819336 0.041748 0.2157 0.1176 0.0902
v 0.069092 0.819336 0.041748 0.7176 0.4471 0.3019
v -0.052002 0.826660 0.041748 0.3412 0.2039 0.1098
v 0.052490 0.826660 0.041748 0.9058 0.6706 0.0863
v -0.020264 0.877441 0.041748 0.6471 0.3961 0.2627
v 0.020752 0.877441 0.041748 0.6432 0.3961 0.2667
v -0.036865 0.978027 0.041748 0.4823 0.1922 0.0784
v 0.037354 0.978027 0.041748 0.4863 0.2000 0.0824
v 0.000244 0.979980 0.041748 0.4000 0.1412 0.0549
v -0.134521 0.448730 0.041748 0.0588 0.0510 0.0431
v 0.135010 0.448730 0.041748 0.0980 0.0706 0.0549
v -0.167725 0.037598 0.041748 0.1255 0.0902 0.0392
v -0.002686 0.506348 0.042236 0.4589 0.4510 0.5019
v 0.003174 0.506348 0.042236 0.7333 0.4980 0.0196
v -0.075928 0.654297 0.042236 0.5451 0.2432 0.0980
v 0.076416 0.654297 0.042236 0.6039 0.2980 0.1451
v -0.068604 0.664062 0.042236 0.6315 0.3961 0.2627
v 0.069092 0.664062 0.042236 0.6393 0.4039 0.2706
v -0.067139 0.671387 0.042236 0.6550 0.4039 0.2667
v 0.067627 0.671387 0.042236 0.6471 0.4000 0.2667
v -0.066162 0.694336 0.042236 0.6471 0.3843 0.2510
v 0.066650 0.694336 0.042236 0.6393 0.3882 0.2510
v -0.069580 0.708496 0.042236 0.6079 0.3608 0.2392
v 0.070068 0.708496 0.042236 0.6236 0.3490 0.2392
v -0.371826 0.794434 0.042236 0.9176 0.6393 0.0549
v 0.371826 0.794434 0.042236 0.8235 0.6039 0.0471
v -0.422119 0.808594 0.042236 0.1804 0.0980 0.0510
v 0.422119 0.808594 0.042236 0.7059 0.4980 0.0353
v -0.424072 0.813965 0.042236 0.6197 0.4039 0.0157
v 0.424072 0.813965 0.042236 0.8549 0.6471 0.0392
v -0.049072 0.826172 0.042236 0.6863 0.4235 0.2667
v 0.049561 0.826172 0.042236 0.4235 0.2980 0.1059
v -0.026611 0.887695 0.042236 0.6863 0.4589 0.3137
v 0.027100 0.887695 0.042236 0.6745 0.4432 0.3098
v -0.033936 0.927734 0.042236 0.6667 0.4392 0.3098
v 0.034912 0.927734 0.042236 0.6902 0.4471 0.3255
v -0.034424 0.946777 0.042236 0.6745 0.4275 0.2902
v 0.034912 0.946777 0.042236 0.7137 0.4667 0.3372
v -0.023682 0.988281 0.042236 0.5843 0.2823 0.1333
v 0.024170 0.988281 0.042236 0.5098 0.2039 0.0588
v -0.114014 0.442383 0.042236 0.6079 0.3725 0.2392
v 0.114502 0.442383 0.042236 0.5921 0.3608 0.2353
v -0.075928 0.369141 0.042236 0.6785 0.4118 0.2745
v 0.076416 0.369141 0.042236 0.6824 0.4078 0.2627
v -0.142822 0.041016 0.042236 0.2784 0.1608 0.0588
v 0.144287 0.041016 0.042236 0.7725 0.5843 0.1216
v -0.120361 0.039551 0.042236 0.0941 0.0745 0.0549
v 0.121338 0.039551 0.042236 0.4392 0.3137 0.0824
v -0.126221 0.038086 0.042236 0.0471 0.0392 0.0549
v 0.127686 0.038086 0.042236 0.0863 0.0627 0.0431
v -0.073486 0.658691 0.042725 0.6197 0.3137 0.1530
v 0.073975 0.658691 0.042725 0.6785 0.3568 0.1882
v -0.081787 0.766113 0.042725 0.1451 0.1176 0.0824
v 0.082764 0.766113 0.042725 0.5686 0.4275 0.0941
v -0.384522 0.778809 0.042725 0.5530 0.3686 0.0745
v 0.384522 0.778809 0.042725 0.6902 0.4863 0.0706
v -0.081299 0.779297 0.042725 0.6628 0.4784 0.1137
v 0.081787 0.779297 0.042725 0.5294 0.3843 0.0627
v -0.423096 0.798828 0.042725 0.6432 0.4471 0.0902
v 0.423096 0.798828 0.042725 0.2196 0.1216 0.0235
v -0.428467 0.799805 0.042725 0.4039 0.2588 0.0824
v 0.428467 0.799805 0.042725 0.6667 0.4628 0.0510
v -0.414307 0.810547 0.042725 0.7216 0.5019 0.0392
v -0.161377 0.041016 0.042725 0.8039 0.5686 0.0196
v 0.162842 0.041016 0.042725 0.0549 0.0510 0.0784
v -0.123291 0.040039 0.042725 0.0824 0.0706 0.0627
v 0.124756 0.040039 0.042725 0.4510 0.3490 0.1255
v -0.397705 0.762207 0.043213 0.2353 0.1176 0.0078
v 0.397705 0.762207 0.043213 0.6667 0.4745 0.0667
v -0.421143 0.766113 0.043213 0.7843 0.5451 0.0627
v 0.421143 0.766113 0.043213 0.7921 0.5490 0.0667
v -0.076904 0.789551 0.043213 0.0980 0.0588 0.0588
v 0.077393 0.789551 0.043213 0.2314 0.1530 0.1059
v -0.427490 0.791992 0.043213 0.2235 0.1333 0.0431
v 0.427490 0.791992 0.043213 0.0902 0.0431 0.0275
v -0.418701 0.803711 0.043213 0.6197 0.4432 0.0784
v 0.419190 0.803711 0.043213 0.2157 0.1255 0.0392
v 0.433350 0.803711 0.043213 0.7647 0.5647 0.0314
v -0.079346 0.805176 0.043213 0.6745 0.4157 0.3176
v 0.079834 0.805176 0.043213 0.6745 0.4275 0.2863
v -0.427490 0.807617 0.043213 0.7686 0.5294 0.0627
v 0.427490 0.807617 0.043213 0.7764 0.5686 0.0392
v 0.414307 0.810547 0.043213 0.1922 0.1137 0.0275
v -0.401611 0.820801 0.043213 0.8666 0.6510 0.0157
v 0.401611 0.820801 0.043213 0.8353 0.6197 0.0196
v -0.029053 0.961426 0.043213 0.5764 0.3333 0.2118
v 0.029541 0.961426 0.043213 0.6039 0.3451 0.2235
v -0.149170 0.043457 0.043213 0.8470 0.5843 0.0196
v 0.150146 0.043457 0.043213 0.8862 0.6393 0.0588
v -0.137451 0.040527 0.043213 0.8157 0.6039 0.0745
v 0.138428 0.040527 0.043213 0.8157 0.5921 0.0784
v -0.131592 0.039551 0.043213 0.7764 0.5843 0.0824
v 0.132568 0.039551 0.043213 0.7725 0.5764 0.0980
v -0.116943 0.036621 0.043213 0.0784 0.0745 0.0784
v 0.117920 0.036621 0.043213 0.0824 0.0745 0.0549
v -0.076416 0.746582 0.043701 0.1333 0.1020 0.0824
v 0.076904 0.746582 0.043701 0.1490 0.1137 0.0784
v -0.080322 0.761719 0.043701 0.1294 0.1098 0.0863
v -0.080811 0.761719 0.043701 0.1294 0.1098 0.0863
v 0.081299 0.761719 0.043701 0.1569 0.1294 0.1020
v -0.392334 0.767090 0.043701 0.6628 0.4745 0.0980
v 0.392334 0.767090 0.043701 0.6706 0.4745 0.1020
v -0.386963 0.772461 0.043701 0.6628 0.4550 0.0627
v 0.386963 0.772461 0.043701 0.6315 0.4392 0.0588
v -0.433350 0.803711 0.043701 0.7804 0.5373 0.0471
v -0.069580 0.820801 0.043701 0.1608 0.1255 0.0902
v 0.070068 0.820801 0.043701 0.7059 0.4235 0.2941
v -0.013428 0.870605 0.043701 0.5569 0.3059 0.1804
v 0.013916 0.870605 0.043701 0.5412 0.3059 0.1804
v -0.033936 0.907715 0.043701 0.6706 0.4118 0.2863
v 0.034424 0.907715 0.043701 0.6824 0.4235 0.2980
v -0.036865 0.968262 0.043701 0.4510 0.1804 0.0745
v 0.037354 0.968262 0.043701 0.4235 0.1647 0.0627
v -0.005615 0.984375 0.043701 0.4353 0.1804 0.0863
v 0.006104 0.984375 0.043701 0.4471 0.1765 0.0627
v -0.113525 0.032227 0.043701 0.0588 0.0549 0.0667
v 0.114990 0.032227 0.043701 0.1098 0.0627 0.0235
v -0.174072 0.029297 0.043701 0.1412 0.0824 0.0000
v 0.175049 0.029297 0.043701 0.0157 0.0039 0.0510
v -0.112061 0.016602 0.043701 0.8588 0.6000 0.0196
v 0.113037 0.016602 0.043701 0.8745 0.6628 0.0706
v -0.403565 0.760742 0.044189 0.8039 0.5921 0.0667
v 0.403565 0.760742 0.044190 0.7764 0.5686 0.0902
v -0.427002 0.773438 0.044189 0.7490 0.5255 0.0784
v 0.427490 0.773438 0.044190 0.8000 0.5764 0.0784
v -0.429443 0.782715 0.044189 0.4667 0.2980 0.0627
v 0.429443 0.782715 0.044190 0.6745 0.4784 0.1020
v -0.377197 0.784180 0.044189 0.4314 0.3137 0.0627
v 0.377197 0.784180 0.044190 0.6550 0.4510 0.0314
v -0.080322 0.788086 0.044189 0.2000 0.1216 0.0667
v 0.081299 0.788086 0.044189 0.1255 0.0980 0.0706
v -0.013916 0.988281 0.044189 0.5804 0.2784 0.1333
v 0.014404 0.988281 0.044189 0.5490 0.2588 0.1216
v -0.046143 0.452637 0.044189 0.5176 0.2941 0.1882
v 0.046631 0.452637 0.044189 0.4863 0.2667 0.1765
v -0.099365 0.395020 0.044189 0.6745 0.4157 0.2784
v 0.099854 0.395020 0.044189 0.6667 0.4000 0.2588
v -0.143311 0.043945 0.044189 0.8784 0.6118 0.0510
v 0.144287 0.043945 0.044189 0.8588 0.6000 0.0392
v -0.125244 0.041016 0.044189 0.0745 0.0627 0.0627
v 0.126709 0.041016 0.044189 0.4078 0.3098 0.1098
v -0.170654 0.034180 0.044189 0.1412 0.0980 0.0000
v 0.172119 0.034180 0.044189 0.1098 0.0627 0.0157
v -0.111572 0.027832 0.044189 0.0392 0.0235 0.0353
v 0.112549 0.027832 0.044189 0.7686 0.5490 0.0510
v -0.005127 0.500000 0.044678 0.5451 0.4706 0.3137
v 0.006104 0.500000 0.044678 0.7255 0.5137 0.0196
v -0.076904 0.794434 0.044678 0.1176 0.0784 0.0784
v 0.077393 0.794434 0.044678 0.4706 0.3019 0.2157
v -0.073975 0.811035 0.044678 0.5333 0.2941 0.2235
v 0.074951 0.811035 0.044678 0.6902 0.4314 0.2902
v -0.110596 0.461914 0.044678 0.5176 0.2941 0.1922
v 0.111572 0.461914 0.044678 0.5059 0.2863 0.1804
v -0.084229 0.393555 0.044678 0.6471 0.3882 0.2471
v 0.085205 0.393555 0.044678 0.6589 0.3961 0.2588
v -0.110596 0.024414 0.044678 0.1059 0.0588 0.0196
v 0.111572 0.024414 0.044678 0.7529 0.5451 0.0275
v -0.110107 0.021973 0.044678 0.1333 0.0824 0.0196
v 0.111084 0.021973 0.044678 0.6628 0.5059 0.0941
v 0.111572 0.019043 0.044678 0.2510 0.1569 0.0039
v -0.110107 0.018555 0.044678 0.8666 0.6432 0.0824
v -0.374756 0.801270 0.045166 0.8902 0.6667 0.0314
v 0.374756 0.801270 0.045166 0.8392 0.6276 0.0275
v -0.071045 0.813477 0.045166 0.2432 0.1608 0.1020
v 0.071533 0.813477 0.045166 0.6941 0.4235 0.2980
v 0.071533 0.813965 0.045166 0.7020 0.4275 0.2863
v -0.067627 0.820801 0.045166 0.5725 0.4078 0.1059
v 0.068115 0.820801 0.045166 0.6628 0.4275 0.2823
v -0.033936 0.823242 0.045166 0.6276 0.3804 0.2432
v 0.034424 0.823242 0.045166 0.6432 0.3843 0.2588
v -0.031982 0.927246 0.045166 0.6118 0.4078 0.2823
v 0.032471 0.927246 0.045166 0.6824 0.4471 0.3137
v -0.044678 0.468750 0.045166 0.1451 0.0784 0.0471
v 0.045166 0.468750 0.045166 0.1843 0.0941 0.0471
v -0.047119 0.431152 0.045166 0.6236 0.3725 0.2314
v 0.047607 0.431152 0.045166 0.6354 0.3882 0.2432
v -0.050049 0.386230 0.045166 0.6667 0.3765 0.2392
v 0.051025 0.386230 0.045166 0.6471 0.3882 0.2510
v -0.137451 0.043457 0.045166 0.8784 0.6315 0.0588
v 0.138428 0.043457 0.045166 0.8588 0.6276 0.0627
v -0.131104 0.042480 0.045166 0.8706 0.6589 0.0353
v 0.132080 0.042480 0.045166 0.8509 0.6393 0.0745
v -0.121826 0.039551 0.045166 0.0863 0.0745 0.0667
v 0.122803 0.039551 0.045166 0.1059 0.0824 0.0784
v -0.162842 0.000488 0.045166 0.1608 0.1333 0.0941
v 0.163818 0.000488 0.045166 0.0980 0.0824 0.0471
v -0.081787 0.763184 0.045654 0.1333 0.1216 0.0824
v 0.082275 0.763184 0.045654 0.1569 0.1294 0.0941
v -0.417236 0.805176 0.045654 0.4863 0.3255 0.0667
v 0.417236 0.805664 0.045654 0.3490 0.2196 0.0706
v 0.000244 0.866699 0.045654 0.5137 0.2902 0.1765
v -0.034424 0.933594 0.045654 0.5530 0.3059 0.2196
v 0.035400 0.933594 0.045654 0.5686 0.3059 0.2235
v -0.032471 0.964844 0.045654 0.4823 0.2196 0.1059
v 0.033447 0.964844 0.045654 0.5059 0.2510 0.1412
v -0.176025 0.025879 0.045654 0.7960 0.5882 0.0667
v 0.177002 0.025879 0.045654 0.6628 0.5294 0.2235
v -0.080322 0.786133 0.046143 0.4550 0.3451 0.1294
v 0.080811 0.786133 0.046143 0.5059 0.3843 0.0980
v -0.072998 0.809082 0.046143 0.5059 0.3098 0.2196
v 0.073486 0.809082 0.046143 0.6824 0.4196 0.2902
v -0.028564 0.895996 0.046143 0.6550 0.4275 0.2823
v 0.029053 0.895996 0.046143 0.6785 0.4471 0.3137
v -0.032471 0.929688 0.046143 0.3294 0.1765 0.0941
v 0.032959 0.929688 0.046143 0.5137 0.3098 0.2157
v -0.032471 0.930176 0.046143 0.2745 0.1569 0.0902
v 0.032959 0.930176 0.046143 0.4000 0.2196 0.1412
v 0.033447 0.930176 0.046143 0.4000 0.2235 0.1490
v -0.033447 0.941895 0.046143 0.6550 0.4196 0.2863
v 0.033936 0.941895 0.046143 0.6941 0.4510 0.3176
v -0.029541 0.955078 0.046143 0.6510 0.4039 0.2667
v 0.030029 0.955078 0.046143 0.6667 0.4157 0.2784
v -0.031494 0.981934 0.046143 0.4667 0.2078 0.1059
v 0.031982 0.981934 0.046143 0.4275 0.1882 0.0863
v -0.107178 0.479004 0.046143 0.2118 0.1137 0.0549
v 0.107666 0.479004 0.046143 0.4078 0.2432 0.1647
v -0.156494 0.041992 0.046143 0.8862 0.6902 0.1530
v 0.157959 0.041992 0.046143 0.0627 0.0588 0.0627
v -0.170654 0.001953 0.046143 0.1490 0.1255 0.0784
v 0.172119 0.001953 0.046143 0.1098 0.0863 0.0431
v -0.144775 0.000000 0.046143 0.1216 0.0941 0.0549
v 0.145752 0.000000 0.046143 0.1216 0.1059 0.0627
v -0.072998 0.739746 0.046631 0.1255 0.1137 0.0941
v 0.073486 0.739746 0.046631 0.1176 0.0941 0.0627
v -0.410889 0.762207 0.046631 0.8157 0.5725 0.0588
v 0.410889 0.762207 0.046631 0.8157 0.6079 0.0510
v -0.078857 0.794434 0.046631 0.1490 0.1020 0.0745
v 0.079834 0.794434 0.046631 0.3490 0.2039 0.1216
v -0.422119 0.799805 0.046631 0.4118 0.2549 0.0235
v 0.422607 0.799805 0.046631 0.0980 0.0196 0.0039
v -0.074951 0.802734 0.046631 0.2667 0.1804 0.1294
v 0.075439 0.802734 0.046631 0.6393 0.4000 0.2902
v -0.072021 0.814941 0.046631 0.1882 0.1647 0.1020
v 0.072510 0.814941 0.046631 0.6863 0.4118 0.2863
v 0.000244 0.817383 0.046631 0.6902 0.4314 0.2941
v -0.058838 0.822266 0.046631 0.9411 0.7098 0.0941
v 0.059814 0.822266 0.046631 0.9176 0.6706 0.0510
v -0.006104 0.867188 0.046631 0.5176 0.2941 0.1765
v 0.006592 0.867188 0.046631 0.5255 0.2941 0.1843
v -0.019775 0.880859 0.046631 0.6941 0.4589 0.3137
v 0.020264 0.880859 0.046631 0.6941 0.4510 0.3137
v 0.033447 0.915527 0.046631 0.6706 0.3961 0.2745
v -0.032959 0.916016 0.046631 0.6432 0.3686 0.2510
v -0.032471 0.929688 0.046631 0.2627 0.1490 0.0824
v 0.032959 0.929688 0.046631 0.4157 0.2353 0.1647
v -0.031982 0.930176 0.046631 0.2549 0.1490 0.0941
v 0.032471 0.930176 0.046631 0.4157 0.2314 0.1608
v -0.010498 0.486328 0.046631 0.7412 0.4823 0.0000
v 0.011475 0.486328 0.046631 0.7568 0.5490 0.0471
v -0.046631 0.409180 0.046631 0.6315 0.3725 0.2275
v 0.047607 0.409180 0.046631 0.6510 0.3843 0.2549
v -0.163818 0.038574 0.046631 0.2353 0.2078 0.1020
v 0.165283 0.038574 0.046631 0.8706 0.6824 0.1216
v -0.380615 0.807617 0.047119 0.8862 0.6824 0.0275
v 0.380615 0.807617 0.047119 0.8588 0.6471 0.0118
v -0.410400 0.812988 0.047119 0.8000 0.5961 0.0275
v 0.410400 0.812988 0.047119 0.7490 0.5294 0.1216
v -0.389404 0.813965 0.047119 0.8823 0.6824 0.0118
v 0.389404 0.813965 0.047119 0.8823 0.6745 0.0157
v -0.009521 0.818359 0.047119 0.6706 0.4196 0.2823
v 0.010010 0.818359 0.047119 0.6628 0.4039 0.2667
v -0.021240 0.820801 0.047119 0.6432 0.3961 0.2627
v 0.021729 0.820801 0.047119 0.6354 0.3843 0.2471
v -0.030029 0.921387 0.047119 0.6236 0.3882 0.2627
v 0.030518 0.921387 0.047119 0.6550 0.4118 0.2941
v -0.173096 0.030762 0.047119 0.8627 0.6432 0.0706
v 0.174561 0.030762 0.047119 0.8902 0.6785 0.0824
v -0.175537 0.003906 0.047119 0.1098 0.0667 0.0314
v 0.176514 0.003906 0.047119 0.0784 0.0431 0.0000
v -0.400147 0.762695 0.047607 0.8627 0.6315 0.0824
v 0.400147 0.762695 0.047607 0.7490 0.5490 0.0510
v -0.014404 0.873047 0.047607 0.6510 0.3921 0.2549
v 0.014893 0.873047 0.047607 0.6393 0.3882 0.2510
v -0.029541 0.926758 0.047607 0.4471 0.2902 0.1882
v 0.030029 0.926758 0.047607 0.6315 0.4235 0.3098
v -0.177002 0.021973 0.047607 0.8157 0.6000 0.0824
v 0.177979 0.021973 0.047607 0.7960 0.5921 0.1176
v -0.127686 0.000977 0.047607 0.1216 0.1059 0.0627
v -0.383057 0.779297 0.048096 0.7372 0.5176 0.0745
v 0.383057 0.779297 0.048096 0.7608 0.5412 0.0510
v -0.076416 0.803223 0.048096 0.5608 0.3608 0.1922
v 0.076904 0.803223 0.048096 0.2196 0.1451 0.1020
v -0.073975 0.809570 0.048096 0.3451 0.2432 0.1373
v 0.074463 0.809570 0.048096 0.6393 0.3961 0.2549
v -0.027588 0.926758 0.048096 0.6745 0.5686 0.4353
v 0.028076 0.926758 0.048096 0.5725 0.3804 0.2667
v -0.033936 0.932617 0.048096 0.3921 0.2196 0.1412
v 0.034424 0.932617 0.048096 0.3843 0.2157 0.1530
v -0.029541 0.949219 0.048096 0.6706 0.4196 0.2823
v 0.030029 0.949219 0.048096 0.6706 0.4353 0.2941
v -0.024170 0.962891 0.048096 0.5921 0.3372 0.2157
v 0.024658 0.962891 0.048096 0.5882 0.3333 0.2039
v -0.119385 0.036621 0.048096 0.6785 0.5216 0.1647
v 0.120361 0.036621 0.048096 0.6980 0.5176 0.1098
v -0.177490 0.005859 0.048096 0.0745 0.0392 0.0078
v 0.178467 0.005859 0.048096 0.0980 0.0627 0.0196
v 0.128662 0.000977 0.048096 0.1412 0.1176 0.0706
v 0.104248 0.560547 0.048584 0.1176 0.1020 0.0824
v -0.081299 0.772949 0.048584 0.2588 0.1647 0.0235
v 0.081787 0.772949 0.048584 0.8470 0.6276 0.0667
v -0.377686 0.789062 0.048584 0.4784 0.3059 0.0000
v 0.377686 0.789062 0.048584 0.8431 0.6197 0.0235
v -0.427002 0.792480 0.048584 0.8039 0.5725 0.1059
v 0.427002 0.792480 0.048584 0.8353 0.6079 0.0745
v -0.070068 0.814941 0.048584 0.6236 0.4392 0.1176
v 0.070557 0.814941 0.048584 0.6197 0.3686 0.2432
v -0.009033 0.868164 0.048584 0.5490 0.3216 0.2000
v 0.009521 0.868164 0.048584 0.5608 0.3294 0.2118
v -0.034424 0.932129 0.048584 0.3882 0.2157 0.1255
v 0.035400 0.932129 0.048584 0.3843 0.2039 0.1333
v -0.034912 0.972656 0.048584 0.3804 0.1294 0.0549
v 0.035400 0.972656 0.048584 0.4510 0.1725 0.0627
v -0.177490 0.017578 0.048584 0.9176 0.7020 0.0667
v 0.178467 0.017578 0.048584 0.9372 0.7608 0.0510
v -0.103272 0.560547 0.049072 0.1176 0.1020 0.0902
v -0.067627 0.728027 0.049072 0.0824 0.0706 0.0627
v 0.068115 0.728027 0.049072 0.0627 0.0431 0.0510
v -0.069092 0.733398 0.049072 0.0745 0.0706 0.0549
v 0.069580 0.733398 0.049072 0.0824 0.0667 0.0510
v -0.078369 0.756348 0.049072 0.1098 0.0784 0.0549
v 0.078857 0.756348 0.049072 0.1137 0.0824 0.0667
v -0.078369 0.793457 0.049072 0.4275 0.2902 0.0510
v 0.078857 0.793457 0.049072 0.6628 0.4510 0.2275
v -0.028076 0.924316 0.049072 0.5098 0.3294 0.2039
v 0.028564 0.924316 0.049072 0.6393 0.4157 0.3059
v -0.032959 0.937988 0.049072 0.6079 0.3882 0.2902
v 0.033936 0.937988 0.049072 0.5764 0.3529 0.2549
v -0.019287 0.968262 0.049072 0.5725 0.3098 0.2039
v 0.000244 0.974121 0.049072 0.3725 0.1333 0.0627
v -0.150635 0.042480 0.049072 0.7686 0.6276 0.1804
v 0.151611 0.042480 0.049072 0.0902 0.0745 0.0627
v -0.124756 0.040039 0.049072 0.0824 0.0784 0.0588
v 0.125732 0.040039 0.049072 0.0902 0.0784 0.0588
v -0.175049 0.026855 0.049072 0.8666 0.6510 0.0549
v 0.176025 0.026855 0.049072 0.8980 0.6589 0.0706
v -0.176025 0.014648 0.049072 0.9255 0.6745 0.0510
v 0.177490 0.014648 0.049072 0.9607 0.7529 0.1176
v -0.179443 0.012207 0.049072 0.3098 0.1961 0.0745
v 0.180420 0.012207 0.049072 0.2353 0.1176 0.0000
v -0.112061 0.529297 0.049561 0.0706 0.0627 0.0667
v 0.112549 0.529297 0.049561 0.1137 0.0941 0.0706
v -0.108154 0.548340 0.049561 0.1373 0.1255 0.1059
v 0.108643 0.548340 0.049561 0.1176 0.0980 0.0784
v -0.066162 0.723145 0.049561 0.1530 0.1373 0.0824
v 0.066650 0.723145 0.049561 0.1098 0.0863 0.0902
v -0.067139 0.725586 0.049561 0.1412 0.1294 0.1020
v 0.067627 0.725586 0.049561 0.0353 0.0275 0.0471
v -0.394287 0.766602 0.049561 0.7294 0.5294 0.1137
v -0.418213 0.766602 0.049560 0.8862 0.6550 0.0510
v 0.394775 0.766602 0.049561 0.7608 0.5373 0.0549
v 0.418701 0.766602 0.049561 0.8509 0.6354 0.0471
v -0.050049 0.816895 0.049561 0.6667 0.4157 0.2549
v 0.050537 0.816895 0.049561 0.5647 0.4275 0.0784
v -0.029053 0.903809 0.049561 0.6589 0.4039 0.2784
v 0.029541 0.903809 0.049561 0.6902 0.4118 0.2863
v -0.026123 0.925293 0.049561 0.5373 0.4157 0.2980
v 0.027100 0.925293 0.049561 0.5686 0.3686 0.2471
v -0.026611 0.927734 0.049561 0.7020 0.6393 0.4980
v 0.027100 0.927734 0.049561 0.4667 0.3019 0.2078
v -0.028564 0.928711 0.049561 0.5961 0.5216 0.4275
v 0.029541 0.928711 0.049561 0.4628 0.2902 0.2078
v -0.030029 0.932129 0.049561 0.3882 0.2275 0.1373
v -0.032471 0.932129 0.049561 0.3451 0.1961 0.1176
v 0.030518 0.932129 0.049561 0.3372 0.1725 0.1059
v 0.032959 0.932129 0.049561 0.3843 0.2000 0.1294
v -0.018799 0.967773 0.049561 0.5098 0.2745 0.1804
v -0.019287 0.967773 0.049561 0.5373 0.2902 0.1922
v 0.019287 0.967773 0.049561 0.5373 0.2902 0.1922
v 0.019775 0.967773 0.049561 0.5412 0.2902 0.1882
v -0.018799 0.968262 0.049561 0.5373 0.2941 0.2000
v 0.019287 0.968262 0.049561 0.5412 0.2863 0.1882
v 0.019775 0.968262 0.049561 0.5412 0.2863 0.1922
v -0.022705 0.983887 0.049561 0.5412 0.2432 0.1059
v 0.023193 0.983887 0.049561 0.5137 0.2235 0.0902
v -0.178467 0.014160 0.049561 0.9255 0.6941 0.0431
v 0.179932 0.014160 0.049561 0.9607 0.7568 0.0824
v 0.000244 0.515625 0.050049 0.7255 0.4941 0.0392
v -0.076904 0.626953 0.050049 0.6236 0.3137 0.1804
v 0.077393 0.626953 0.050049 0.3843 0.1843 0.0941
v -0.387940 0.772461 0.050049 0.7412 0.5373 0.0784
v 0.388428 0.772461 0.050049 0.7921 0.5686 0.0510
v -0.079834 0.774414 0.050049 0.7725 0.5647 0.1333
v 0.080322 0.774414 0.050049 0.8745 0.6471 0.0510
v -0.074951 0.802734 0.050049 0.8039 0.5921 0.1569
v 0.075928 0.802734 0.050049 0.5764 0.3451 0.2549
v -0.414307 0.806641 0.050049 0.7686 0.5569 0.0471
v 0.414307 0.806641 0.050049 0.7216 0.5137 0.0549
v -0.072510 0.809570 0.050049 0.7137 0.5373 0.1765
v 0.072998 0.809570 0.050049 0.6118 0.3804 0.2510
v -0.022217 0.888184 0.050049 0.6706 0.4432 0.2980
v 0.022705 0.888184 0.050049 0.6902 0.4550 0.3216
v -0.032959 0.931152 0.050049 0.3019 0.1608 0.0941
v 0.033447 0.931152 0.050049 0.4275 0.2432 0.1647
v -0.031982 0.935059 0.050049 0.5412 0.3255 0.2157
v 0.032471 0.935059 0.050049 0.6079 0.3725 0.2706
v -0.034912 0.935547 0.050049 0.5412 0.3216 0.2196
v 0.035400 0.935547 0.050049 0.5725 0.3490 0.2314
v -0.032959 0.936523 0.050049 0.6000 0.3725 0.2588
v 0.033447 0.936523 0.050049 0.6118 0.3804 0.2823
v -0.014893 0.473145 0.050049 0.7764 0.5255 0.0078
v 0.015381 0.473145 0.050049 0.7686 0.5569 0.0392
v -0.100342 0.416504 0.050049 0.6902 0.4235 0.2745
v 0.100830 0.416504 0.050049 0.6706 0.4196 0.2745
v 0.069580 0.389160 0.050049 0.7020 0.4353 0.2863
v -0.120361 0.002930 0.050049 0.1412 0.1333 0.0863
v 0.121338 0.002930 0.050049 0.1569 0.1176 0.0824
v -0.062256 0.679688 0.050537 0.6667 0.4078 0.2706
v 0.062744 0.679688 0.050537 0.6550 0.4078 0.2706
v -0.061768 0.687500 0.050537 0.6471 0.3921 0.2549
v 0.062744 0.687500 0.050537 0.6157 0.3686 0.2392
v -0.063721 0.709961 0.050537 0.6354 0.3804 0.2432
v 0.064209 0.709961 0.050537 0.6432 0.3647 0.2196
v -0.427979 0.783203 0.050537 0.8157 0.5764 0.0314
v 0.428467 0.783203 0.050537 0.8666 0.6354 0.0431
v -0.401123 0.812500 0.050537 0.8706 0.6706 0.0235
v 0.401123 0.812500 0.050537 0.8823 0.6745 0.0196
v -0.047607 0.816895 0.050537 0.6785 0.4235 0.2667
v 0.048584 0.816895 0.050537 0.4118 0.2549 0.2000
v -0.004639 0.866699 0.050537 0.5647 0.3255 0.2078
v 0.005127 0.866699 0.050537 0.5608 0.3333 0.2157
v -0.035889 0.934570 0.050537 0.4823 0.2784 0.1608
v 0.036377 0.934570 0.050537 0.5059 0.2980 0.2000
v -0.029541 0.944336 0.050537 0.6236 0.3961 0.2706
v 0.030029 0.944336 0.050537 0.6393 0.4039 0.2706
v -0.005615 0.979004 0.050537 0.4589 0.1961 0.0863
v 0.006104 0.979004 0.050537 0.4667 0.1804 0.0824
v -0.069092 0.389160 0.050537 0.6941 0.4196 0.2784
v -0.144287 0.042969 0.050537 0.5882 0.4667 0.1490
v 0.145264 0.042969 0.050537 0.1098 0.0784 0.0627
v -0.166748 0.035645 0.050537 0.8666 0.6550 0.0510
v 0.167725 0.035645 0.050537 0.8902 0.6745 0.0627
v -0.116943 0.032715 0.050537 0.9137 0.6785 0.0784
v 0.117920 0.032715 0.050537 0.7764 0.5725 0.0431
v -0.004639 0.514160 0.051025 0.5921 0.3804 0.0431
v 0.005127 0.514160 0.051025 0.7568 0.5255 0.0118
v -0.101807 0.573730 0.051025 0.1216 0.1098 0.0941
v 0.102295 0.573730 0.051025 0.1098 0.0941 0.0745
v -0.063232 0.670410 0.051025 0.6471 0.3921 0.2588
v 0.063721 0.670410 0.051025 0.6393 0.3921 0.2667
v -0.062256 0.694824 0.051025 0.6471 0.3921 0.2432
v 0.063232 0.694824 0.051025 0.6393 0.3882 0.2510
v -0.063721 0.703125 0.051025 0.6432 0.3882 0.2432
v 0.064209 0.703125 0.051025 0.6393 0.3725 0.2392
v -0.065674 0.713379 0.051025 0.2353 0.0863 0.0118
v 0.066162 0.713379 0.051025 0.4706 0.3647 0.0667
v -0.079346 0.757324 0.051025 0.8941 0.7059 0.2078
v 0.079834 0.757324 0.051025 0.6118 0.4784 0.1569
v -0.425049 0.773926 0.051025 0.8784 0.6432 0.0588
v 0.425049 0.773926 0.051025 0.9019 0.6745 0.0627
v -0.050537 0.818848 0.051025 0.6628 0.4118 0.2588
v 0.051025 0.818848 0.051025 0.8784 0.6824 0.1059
v 0.000244 0.866699 0.051025 0.5608 0.3255 0.2078
v -0.013916 0.876465 0.051025 0.6824 0.4353 0.2941
v 0.014404 0.876465 0.051025 0.6863 0.4392 0.3019
v -0.017822 0.883301 0.051025 0.6667 0.4392 0.2902
v 0.018311 0.883301 0.051025 0.6785 0.4432 0.3098
v -0.026611 0.918457 0.051025 0.6706 0.4196 0.2902
v 0.027100 0.918457 0.051025 0.6667 0.4039 0.2784
v -0.024170 0.923340 0.051025 0.4471 0.2706 0.1608
v 0.024658 0.923340 0.051025 0.5569 0.3490 0.2510
v -0.025146 0.926758 0.051025 0.6902 0.6197 0.4823
v 0.025635 0.926758 0.051025 0.4314 0.2823 0.2000
v -0.024170 0.956543 0.051025 0.6039 0.3451 0.2196
v 0.024658 0.956543 0.051025 0.6197 0.3686 0.2353
v -0.028076 0.969238 0.051025 0.4196 0.1530 0.0627
v 0.028564 0.969238 0.051025 0.4432 0.1922 0.0863
v -0.082275 0.414551 0.051025 0.6628 0.4118 0.2706
v 0.082764 0.414551 0.051025 0.6589 0.4078 0.2667
v -0.130615 0.041504 0.051025 0.0863 0.0824 0.0471
v 0.131592 0.041504 0.051025 0.0980 0.0706 0.0824
v -0.176514 0.023438 0.051025 0.8392 0.6118 0.0392
v 0.177490 0.023438 0.051025 0.8588 0.6157 0.0314
v -0.065674 0.656738 0.051514 0.6354 0.3568 0.2078
v 0.066650 0.656738 0.051514 0.6980 0.3882 0.2078
v -0.064697 0.662598 0.051514 0.6118 0.3686 0.2510
v 0.065186 0.662598 0.051514 0.6118 0.3843 0.2627
v -0.065186 0.710938 0.051514 0.6276 0.3686 0.2392
v 0.066162 0.710938 0.051514 0.6157 0.3451 0.2314
v -0.406494 0.764648 0.051514 0.5843 0.4039 0.0314
v 0.406494 0.764648 0.051514 0.8274 0.6315 0.0706
v -0.419190 0.800293 0.051514 0.8117 0.5804 0.0549
v 0.419190 0.800293 0.051514 0.8588 0.6276 0.0784
v -0.052979 0.819336 0.051514 0.2823 0.1882 0.0314
v 0.053467 0.819336 0.051514 0.8941 0.6706 0.1216
v -0.023193 0.894043 0.051514 0.6745 0.4510 0.3059
v 0.023682 0.894043 0.051514 0.6902 0.4550 0.3176
v -0.028564 0.912109 0.051514 0.6745 0.3882 0.2667
v 0.029053 0.912109 0.051514 0.6941 0.4078 0.2784
v -0.025146 0.922363 0.051514 0.5764 0.3568 0.2392
v 0.025635 0.922363 0.051514 0.6276 0.3921 0.2863
v -0.011963 0.923828 0.051514 0.5412 0.3451 0.2314
v 0.012451 0.923828 0.051514 0.5255 0.3333 0.2118
v -0.024658 0.928711 0.051514 0.3255 0.2588 0.1137
v 0.025635 0.928711 0.051514 0.5451 0.4275 0.3294
v -0.034912 0.937988 0.051514 0.5451 0.3098 0.2000
v 0.035889 0.937988 0.051514 0.5843 0.3529 0.2549
v -0.015381 0.966797 0.051514 0.6079 0.3568 0.2432
v 0.015869 0.966797 0.051514 0.5686 0.3137 0.2039
v -0.013428 0.983398 0.051514 0.5882 0.2706 0.1020
v 0.013916 0.983398 0.051514 0.6039 0.2823 0.1294
v -0.137451 0.042480 0.051514 0.1725 0.1137 0.0078
v 0.138428 0.042480 0.051514 0.1098 0.0706 0.0471
v -0.158936 0.040039 0.051514 0.1373 0.1098 0.0588
v 0.159912 0.040039 0.051514 0.8274 0.6157 0.0235
v 0.117432 0.509766 0.052002 0.3804 0.2392 0.0000
v -0.081299 0.622070 0.052002 0.1137 0.1137 0.1059
v 0.082275 0.622070 0.052002 0.1255 0.1059 0.0824
v -0.078369 0.629395 0.052002 0.6118 0.2588 0.1137
v 0.078857 0.629395 0.052002 0.6393 0.2902 0.1294
v -0.080811 0.770020 0.052002 0.8745 0.6393 0.0549
v 0.081299 0.770020 0.052002 0.6550 0.4941 0.1059
v -0.381104 0.794922 0.052002 0.9372 0.7059 0.0235
v 0.381104 0.794922 0.052002 0.8627 0.6510 0.0235
v -0.026123 0.929688 0.052002 0.4706 0.4196 0.3294
v -0.032959 0.934082 0.052002 0.5569 0.3333 0.2314
v 0.033936 0.934082 0.052002 0.5530 0.3372 0.2392
v -0.036377 0.937500 0.052002 0.5059 0.2784 0.1647
v 0.037354 0.937500 0.052002 0.6236 0.3882 0.2863
v -0.018311 0.963867 0.052002 0.5921 0.3412 0.2275
v 0.018799 0.963867 0.052002 0.5647 0.3176 0.2000
v -0.021729 0.967773 0.052002 0.5059 0.2627 0.1608
v 0.022705 0.967773 0.052002 0.5059 0.2627 0.1490
v -0.022217 0.968262 0.052002 0.5216 0.2627 0.1647
v 0.022705 0.968262 0.052002 0.5216 0.2667 0.1608
v -0.030029 0.976074 0.052002 0.3882 0.1412 0.0510
v 0.030518 0.976074 0.052002 0.4039 0.1490 0.0510
v -0.114990 0.028809 0.052002 0.9019 0.6510 0.0235
v 0.115967 0.028320 0.052002 0.7725 0.5764 0.0627
v -0.177002 0.020020 0.052002 0.8509 0.6236 0.1451
v 0.178467 0.020020 0.052002 0.8509 0.6432 0.0824
v -0.116455 0.005371 0.052002 0.0745 0.0627 0.0314
v 0.117432 0.004883 0.052002 0.1530 0.1255 0.0824
v -0.117432 0.510254 0.052490 0.0745 0.0588 0.0824
v -0.076904 0.635254 0.052490 0.7137 0.3882 0.2118
v 0.077393 0.635254 0.052490 0.6079 0.2784 0.1176
v -0.074463 0.640625 0.052490 0.6432 0.3333 0.1882
v 0.074951 0.640625 0.052490 0.6550 0.3372 0.1725
v -0.010010 0.870117 0.052490 0.6550 0.4039 0.2745
v 0.010498 0.870117 0.052490 0.6510 0.4039 0.2667
v -0.021240 0.922363 0.052490 0.4902 0.3019 0.1765
v 0.021729 0.922363 0.052490 0.5373 0.3412 0.2157
v -0.014404 0.922852 0.052490 0.5804 0.3725 0.2667
v 0.014893 0.922852 0.052490 0.5725 0.3647 0.2510
v 0.026611 0.929688 0.052490 0.1882 0.1137 0.0667
v -0.027100 0.933105 0.052490 0.3921 0.2275 0.1530
v -0.034424 0.933105 0.052490 0.4980 0.2823 0.2000
v 0.027588 0.933105 0.052490 0.3568 0.2039 0.1373
v 0.034912 0.933105 0.052490 0.4471 0.2784 0.1882
v -0.024170 0.950195 0.052490 0.6589 0.4039 0.2784
v 0.024658 0.950195 0.052490 0.6315 0.3804 0.2432
v -0.021240 0.967773 0.052490 0.4980 0.2432 0.1490
v 0.021729 0.967773 0.052490 0.5059 0.2510 0.1294
v -0.021240 0.968750 0.052490 0.5137 0.2549 0.1530
v 0.021729 0.968750 0.052490 0.5137 0.2510 0.1294
v -0.175049 0.014160 0.052490 0.9255 0.6824 0.0471
v 0.176514 0.014160 0.052490 0.8980 0.6667 0.1294
v -0.010498 0.503906 0.052979 0.7451 0.5059 0.0039
v 0.010986 0.503906 0.052979 0.7764 0.5647 0.0196
v -0.007568 0.510254 0.052979 0.7216 0.4902 0.0118
v 0.008057 0.510254 0.052979 0.7686 0.5412 0.0118
v -0.068604 0.656250 0.052979 0.6745 0.3804 0.2118
v 0.069092 0.656250 0.052979 0.7176 0.4000 0.2196
v -0.078857 0.779297 0.052979 0.9058 0.6667 0.0667
v 0.079834 0.779297 0.052979 0.6667 0.5216 0.1176
v 0.000244 0.809570 0.052979 0.6667 0.4000 0.2784
v -0.049072 0.814453 0.052979 0.6510 0.4078 0.2510
v 0.050049 0.814453 0.052979 0.5843 0.4628 0.2510
v -0.021729 0.920898 0.052979 0.6315 0.4196 0.2902
v 0.022217 0.920898 0.052979 0.6393 0.3961 0.2667
v -0.017822 0.922363 0.052979 0.5764 0.3608 0.2353
v 0.018311 0.922363 0.052979 0.5412 0.3294 0.2157
v -0.013916 0.924805 0.052979 0.5059 0.3529 0.2510
v 0.014404 0.924805 0.052979 0.5569 0.4353 0.2863
v -0.023193 0.926270 0.052979 0.3608 0.3059 0.1059
v 0.023682 0.926270 0.052979 0.6039 0.5019 0.3843
v -0.013428 0.926758 0.052979 0.4157 0.2549 0.1647
v 0.013916 0.926758 0.052979 0.6745 0.5961 0.4314
v -0.022705 0.929688 0.052979 0.4589 0.3961 0.2627
v 0.023193 0.929688 0.052979 0.6393 0.5255 0.4118
v -0.029541 0.940430 0.052979 0.3451 0.1765 0.0824
v -0.034424 0.940918 0.052979 0.3019 0.1490 0.0863
v 0.034912 0.940918 0.052979 0.3059 0.1686 0.1020
v 0.115479 0.024414 0.052979 0.7490 0.5490 0.0588
v -0.177490 0.017090 0.052979 0.9176 0.7137 0.0706
v 0.178467 0.017090 0.052979 0.9490 0.7764 0.1020
v -0.114502 0.007324 0.052979 0.0980 0.0667 0.0353
v 0.115967 0.007324 0.052979 0.1098 0.0784 0.0314
v -0.073486 0.645996 0.053467 0.7059 0.3921 0.2039
v 0.073975 0.645996 0.053467 0.6902 0.3765 0.2078
v -0.071045 0.651367 0.053467 0.6118 0.3216 0.1765
v 0.071533 0.651367 0.053467 0.6667 0.3490 0.1804
v -0.074951 0.750000 0.053467 0.2078 0.1294 0.0118
v 0.075439 0.750000 0.053467 0.0980 0.0549 0.0549
v -0.079346 0.772461 0.053467 0.9098 0.6315 0.0667
v 0.080322 0.772461 0.053467 0.3882 0.2588 0.0275
v -0.384522 0.782715 0.053467 0.9411 0.7098 0.1098
v 0.384522 0.782715 0.053467 0.8274 0.6079 0.0118
v -0.423584 0.793945 0.053467 0.8706 0.6393 0.0510
v 0.423584 0.793945 0.053467 0.8941 0.6745 0.0588
v -0.394775 0.807129 0.053467 0.8902 0.6863 0.0157
v 0.394775 0.807129 0.053467 0.9019 0.7059 0.0196
v -0.012451 0.879883 0.053467 0.6667 0.4392 0.3019
v 0.013428 0.879883 0.053467 0.6706 0.4353 0.3019
v -0.018799 0.888672 0.053467 0.6667 0.4510 0.3059
v 0.019287 0.888672 0.053467 0.6824 0.4392 0.3059
v -0.022217 0.916504 0.053467 0.6745 0.4196 0.2823
v 0.022705 0.916504 0.053467 0.6706 0.4078 0.2745
v -0.010498 0.922363 0.053467 0.6236 0.4118 0.2823
v -0.010986 0.922363 0.053467 0.6000 0.4000 0.3019
v 0.011475 0.922363 0.053467 0.6118 0.4039 0.2784
v 0.010986 0.924316 0.053467 0.4902 0.3059 0.1843
v -0.010498 0.924805 0.053467 0.5647 0.3725 0.2667
v -0.029053 0.936523 0.053467 0.6118 0.3804 0.2588
v 0.029541 0.936523 0.053467 0.5961 0.3765 0.2667
v 0.030518 0.940430 0.053467 0.5098 0.3098 0.2157
v -0.035889 0.940918 0.053467 0.3372 0.1686 0.0941
v 0.036377 0.940918 0.053467 0.3059 0.1569 0.0824
v -0.032959 0.943359 0.053467 0.3019 0.1608 0.0902
v 0.033447 0.943359 0.053467 0.3176 0.1647 0.1137
v -0.015869 0.966797 0.053467 0.5843 0.3372 0.2196
v 0.016357 0.966797 0.053467 0.5569 0.3098 0.1961
v -0.015381 0.967285 0.053467 0.5843 0.3372 0.2196
v -0.023682 0.967285 0.053467 0.5294 0.2784 0.1686
v 0.015869 0.967285 0.053467 0.5530 0.3059 0.1882
v 0.016357 0.967285 0.053467 0.5569 0.3059 0.1961
v 0.024170 0.967285 0.053467 0.5098 0.2588 0.1530
v -0.016357 0.454102 0.053467 0.8196 0.5647 0.0078
v 0.016846 0.454102 0.053467 0.7529 0.5255 0.0353
v -0.021729 0.435547 0.053467 0.3019 0.1647 0.0235
v 0.022217 0.435547 0.053467 0.2784 0.1530 0.0353
v -0.023193 0.424805 0.053467 0.1137 0.0784 0.0549
v 0.023682 0.424805 0.053467 0.1137 0.0784 0.0471
v -0.168701 0.032715 0.053467 0.8666 0.6550 0.0745
v 0.170166 0.032715 0.053467 0.8627 0.6471 0.0510
v -0.114014 0.024902 0.053467 0.8666 0.6276 0.0118
v -0.099854 0.587402 0.053955 0.1294 0.1216 0.1098
v 0.100342 0.587402 0.053955 0.1059 0.0941 0.0784
v -0.087646 0.614746 0.053955 0.1294 0.1137 0.1020
v 0.088135 0.614746 0.053955 0.1451 0.1216 0.0980
v -0.387451 0.801270 0.053955 0.8980 0.6980 0.0196
v 0.387451 0.801270 0.053955 0.8745 0.6667 0.0157
v -0.017822 0.920898 0.053955 0.6432 0.4235 0.2941
v 0.018311 0.920898 0.053955 0.6315 0.4000 0.2823
v -0.013916 0.921387 0.053955 0.6393 0.4235 0.3019
v 0.014893 0.921387 0.053955 0.6471 0.4314 0.3019
v -0.020264 0.926270 0.053955 0.2510 0.2157 0.0667
v 0.021240 0.926270 0.053955 0.6785 0.5843 0.4471
v -0.016357 0.929199 0.053955 0.2392 0.1490 0.0745
v 0.016846 0.929199 0.053955 0.4941 0.4550 0.3372
v -0.019775 0.929688 0.053955 0.2471 0.2078 0.1294
v 0.020264 0.929688 0.053955 0.2196 0.1686 0.0588
v -0.023193 0.930664 0.053955 0.1216 0.0588 0.0118
v 0.023682 0.930664 0.053955 0.2118 0.1333 0.0824
v -0.033936 0.936523 0.053955 0.6079 0.3765 0.2627
v 0.034424 0.936523 0.053955 0.6000 0.3686 0.2549
v -0.030029 0.938477 0.053955 0.6354 0.4039 0.2823
v 0.030518 0.938477 0.053955 0.6471 0.4235 0.3176
v -0.024170 0.944824 0.053955 0.6471 0.4118 0.2706
v 0.024658 0.944824 0.053955 0.6706 0.4353 0.3019
v -0.030518 0.945312 0.053955 0.4941 0.2784 0.1765
v 0.031006 0.945312 0.053955 0.5608 0.3529 0.2432
v -0.028076 0.947266 0.053955 0.5882 0.3294 0.1922
v 0.028564 0.947266 0.053955 0.6079 0.3608 0.2196
v -0.024170 0.967773 0.053955 0.5255 0.2667 0.1608
v 0.024658 0.967773 0.053955 0.5255 0.2745 0.1647
v -0.114014 0.020996 0.053955 0.7804 0.5647 0.0706
v 0.114990 0.020996 0.053955 0.7725 0.5686 0.0510
v -0.115479 0.015137 0.053955 0.8470 0.5764 0.0078
v 0.116455 0.015137 0.053955 0.9019 0.6667 0.1020
v -0.114014 0.014648 0.053955 0.8235 0.5764 0.0588
v 0.114990 0.014648 0.053955 0.8157 0.5882 0.0706
v -0.113525 0.012695 0.053955 0.1647 0.0824 0.0039
v 0.114502 0.012695 0.053955 0.8078 0.5921 0.0980
v 0.094482 0.602539 0.054443 0.1137 0.0941 0.0824
v -0.093994 0.603027 0.054443 0.1333 0.1176 0.1059
v -0.008545 0.810059 0.054443 0.6276 0.3725 0.2549
v 0.009033 0.810059 0.054443 0.6354 0.3804 0.2627
v -0.063232 0.814453 0.054443 0.9255 0.6863 0.0627
v 0.063721 0.814453 0.054443 0.9411 0.6824 0.0824
v -0.049561 0.815918 0.054443 0.6197 0.3921 0.2471
v 0.050049 0.815918 0.054443 0.8666 0.6902 0.2157
v -0.035400 0.816895 0.054443 0.6667 0.4118 0.2863
v 0.036377 0.816895 0.054443 0.6510 0.3921 0.2823
v -0.015381 0.885742 0.054443 0.6667 0.4432 0.3059
v 0.015869 0.885742 0.054443 0.6667 0.4314 0.2980
v -0.016357 0.889648 0.054443 0.6824 0.4550 0.3255
v 0.016846 0.889648 0.054443 0.6785 0.4432 0.3176
v -0.021729 0.901367 0.054443 0.6706 0.4235 0.2941
v 0.022705 0.901367 0.054443 0.6824 0.4235 0.2980
v -0.017822 0.916504 0.054443 0.6589 0.3961 0.2627
v 0.018311 0.916504 0.054443 0.6785 0.4078 0.2784
v -0.007568 0.924316 0.054443 0.5412 0.3372 0.2157
v 0.008057 0.924316 0.054443 0.5412 0.3529 0.2392
v -0.016846 0.925781 0.054443 0.6510 0.5725 0.4589
v 0.017334 0.925781 0.054443 0.4078 0.3372 0.1569
v -0.012451 0.927734 0.054443 0.4745 0.2784 0.1922
v 0.012939 0.927734 0.054443 0.4823 0.3921 0.2667
v -0.035400 0.936523 0.054443 0.6315 0.3882 0.2745
v 0.035889 0.936523 0.054443 0.5961 0.3686 0.2549
v -0.033936 0.943848 0.054443 0.3451 0.1725 0.1020
v 0.034424 0.943848 0.054443 0.3333 0.1804 0.1020
v -0.026611 0.949707 0.054443 0.5647 0.3098 0.1804
v 0.027100 0.949707 0.054443 0.5764 0.3294 0.2039
v -0.119873 0.491699 0.054443 0.1137 0.0902 0.0863
v 0.120361 0.491699 0.054443 0.8588 0.6432 0.1804
v -0.098877 0.438477 0.054443 0.6236 0.3647 0.2314
v 0.099365 0.438477 0.054443 0.6393 0.3961 0.2588
v -0.114014 0.017578 0.054443 0.9137 0.6980 0.0549
v 0.115479 0.017578 0.054443 0.3176 0.1725 0.0000
v -0.399658 0.768555 0.054932 0.9019 0.6589 0.0431
v 0.399658 0.768555 0.054932 0.8235 0.6197 0.0235
v -0.413330 0.769043 0.054932 0.8588 0.6393 0.0196
v 0.413330 0.769043 0.054932 0.8588 0.6315 0.0353
v -0.408447 0.805664 0.054932 0.8509 0.6471 0.0353
v 0.408447 0.805664 0.054932 0.8745 0.6667 0.0392
v -0.004639 0.868652 0.054932 0.6471 0.4078 0.2863
v 0.000244 0.868652 0.054932 0.6315 0.3921 0.2706
v 0.005615 0.868652 0.054932 0.6510 0.4078 0.2784
v -0.014404 0.890625 0.054932 0.6197 0.3843 0.2706
v 0.014893 0.890625 0.054932 0.6706 0.4510 0.3098
v -0.019287 0.892578 0.054932 0.6550 0.4392 0.3019
v 0.019775 0.892578 0.054932 0.6863 0.4471 0.3137
v -0.022705 0.910156 0.054932 0.7059 0.4196 0.2941
v 0.023682 0.910156 0.054932 0.6941 0.4118 0.2823
v -0.012939 0.916992 0.054932 0.6315 0.3921 0.2510
v 0.013916 0.916992 0.054932 0.7098 0.4589 0.3216
v -0.008545 0.919434 0.054932 0.5961 0.3765 0.2588
v 0.009033 0.919434 0.054932 0.6628 0.4314 0.2863
v -0.023682 0.933594 0.054932 0.4863 0.2902 0.2000
v 0.024658 0.933594 0.054932 0.3372 0.1922 0.1255
v -0.031494 0.946289 0.054932 0.4745 0.2588 0.1451
v 0.031982 0.946289 0.054932 0.4706 0.2510 0.1490
v -0.018799 0.957031 0.054932 0.6393 0.3882 0.2510
v 0.019287 0.957031 0.054932 0.6197 0.3608 0.2353
v -0.011963 0.964355 0.054932 0.6589 0.4196 0.2784
v 0.012451 0.964355 0.054932 0.6628 0.4000 0.2627
v -0.025146 0.965820 0.054932 0.5412 0.2941 0.1882
v 0.025635 0.965820 0.054932 0.5373 0.2941 0.1765
v -0.022705 0.967285 0.054932 0.5412 0.2823 0.1804
v 0.023193 0.967285 0.054932 0.5294 0.2706 0.1569
v -0.022705 0.968262 0.054932 0.5294 0.2745 0.1765
v 0.023682 0.968262 0.054932 0.5373 0.2823 0.1608
v -0.056885 0.467773 0.054932 0.1569 0.0863 0.0353
v 0.057861 0.467773 0.054932 0.1922 0.0980 0.0549
v -0.058350 0.458496 0.054932 0.3765 0.2078 0.1490
v 0.059326 0.458496 0.054932 0.4196 0.2314 0.1530
v -0.119873 0.456055 0.054932 0.1373 0.0902 0.0588
v 0.120361 0.456055 0.054932 0.1451 0.0863 0.0510
v -0.060303 0.448730 0.054932 0.5373 0.3137 0.2000
v 0.060791 0.448730 0.054932 0.5373 0.3019 0.1922
v -0.019287 0.435547 0.054932 0.8470 0.5882 0.0039
v 0.019775 0.435547 0.054932 0.7804 0.5451 0.0235
v -0.064697 0.411133 0.054932 0.6706 0.4157 0.2667
v 0.065186 0.411133 0.054932 0.6667 0.4118 0.2627
v -0.152588 0.041016 0.054932 0.1843 0.1216 0.0275
v 0.153564 0.041016 0.054932 0.8784 0.6471 0.0784
v -0.123779 0.037598 0.054932 0.9019 0.6589 0.0745
v 0.124756 0.037598 0.054932 0.8000 0.5882 0.0431
v -0.052490 0.816406 0.055420 0.4118 0.3137 0.0745
v 0.052979 0.816406 0.055420 0.9098 0.6706 0.1098
v -0.009521 0.874023 0.055420 0.6706 0.4432 0.3098
v 0.010010 0.874023 0.055420 0.6745 0.4432 0.3098
v -0.016357 0.891602 0.055420 0.6745 0.4432 0.3255
v 0.017334 0.891602 0.055420 0.6785 0.4471 0.3137
v -0.015869 0.929688 0.055420 0.3372 0.1882 0.1137
v 0.016357 0.929688 0.055420 0.2118 0.1765 0.0902
v -0.019775 0.930664 0.055420 0.0902 0.0392 0.0039
v 0.020264 0.930664 0.055420 0.1137 0.0706 0.0392
v -0.033447 0.939453 0.055420 0.4628 0.2823 0.1843
v 0.033936 0.939453 0.055420 0.5686 0.3647 0.2549
v -0.029053 0.948242 0.055420 0.5647 0.3059 0.1804
v 0.029541 0.948242 0.055420 0.5686 0.3216 0.2000
v -0.027588 0.949707 0.055420 0.5569 0.2980 0.1725
v 0.028076 0.949707 0.055420 0.5451 0.2902 0.1725
v -0.026123 0.952148 0.055420 0.5569 0.2980 0.1647
v 0.026611 0.952148 0.055420 0.5373 0.2902 0.1686
v -0.015869 0.966309 0.055420 0.5804 0.3294 0.2078
v 0.000244 0.966309 0.055420 0.4863 0.2392 0.1216
v 0.016357 0.966309 0.055420 0.5373 0.3019 0.1843
v -0.015381 0.966797 0.055420 0.5843 0.3294 0.2196
v -0.016357 0.966797 0.055420 0.5764 0.3294 0.2078
v -0.025635 0.966797 0.055420 0.5373 0.2863 0.1843
v 0.015869 0.966797 0.055420 0.5451 0.3059 0.1765
v 0.016846 0.966797 0.055420 0.5412 0.3019 0.1765
v 0.026123 0.966797 0.055420 0.5373 0.2941 0.1765
v -0.020264 0.970703 0.055420 0.4667 0.2078 0.0980
v 0.021240 0.970703 0.055420 0.4863 0.2196 0.1059
v -0.122314 0.443848 0.055420 0.0706 0.0627 0.0627
v 0.122803 0.443848 0.055420 0.0706 0.0627 0.0588
v -0.062256 0.432617 0.055420 0.6432 0.3882 0.2432
v 0.062744 0.432617 0.055420 0.6393 0.3882 0.2471
v -0.020752 0.424316 0.055420 0.1294 0.0863 0.0627
v 0.021240 0.424316 0.055420 0.1373 0.0863 0.0549
v -0.161377 0.000977 0.055420 0.1294 0.1059 0.0588
v 0.162842 0.000977 0.055420 0.1490 0.1176 0.0667
v -0.075928 0.750488 0.055908 0.9451 0.6980 0.1176
v 0.076416 0.750488 0.055908 0.9451 0.7451 0.1059
v -0.391846 0.774902 0.055908 0.9215 0.6471 0.0196
v 0.391846 0.774902 0.055908 0.8353 0.6079 0.0235
v -0.008057 0.878418 0.055908 0.7059 0.4745 0.3529
v 0.008545 0.878418 0.055908 0.6863 0.4510 0.3176
v -0.011475 0.883301 0.055908 0.6550 0.4353 0.3019
v 0.011963 0.883301 0.055908 0.6628 0.4314 0.2980
v -0.013428 0.888184 0.055908 0.6510 0.4118 0.2941
v 0.013916 0.888184 0.055908 0.6706 0.4432 0.3137
v -0.011475 0.890625 0.055908 0.6079 0.3647 0.2784
v 0.011963 0.890625 0.055908 0.6550 0.4235 0.3019
v -0.034912 0.939453 0.055908 0.4628 0.2627 0.1765
v 0.035400 0.939453 0.055908 0.5608 0.3451 0.2353
v -0.031982 0.941895 0.055908 0.3019 0.1647 0.0980
v 0.032471 0.941895 0.055908 0.3568 0.2000 0.1255
v -0.027100 0.951660 0.055908 0.5451 0.2706 0.1530
v 0.027588 0.951660 0.055908 0.5255 0.2667 0.1451
v -0.026123 0.954590 0.055908 0.5686 0.3294 0.2118
v 0.026611 0.954590 0.055908 0.5764 0.3333 0.2078
v -0.026123 0.964355 0.055908 0.5373 0.2980 0.1922
v 0.026611 0.964355 0.055908 0.5412 0.2902 0.1804
v -0.005615 0.965332 0.055908 0.6197 0.3725 0.2432
v 0.006104 0.965332 0.055908 0.6550 0.4039 0.2667
v -0.015869 0.967285 0.055908 0.5843 0.3216 0.2196
v 0.016357 0.967285 0.055908 0.5451 0.2941 0.1765
v -0.005615 0.973145 0.055908 0.4392 0.1765 0.0902
v 0.006104 0.973145 0.055908 0.4353 0.1608 0.0471
v -0.022217 0.978516 0.055908 0.5255 0.2353 0.1020
v 0.022705 0.978516 0.055908 0.5255 0.2314 0.1020
v -0.160889 0.037598 0.055908 0.8823 0.6628 0.0549
v 0.161865 0.037598 0.055908 0.8313 0.6236 0.0235
v -0.170654 0.028809 0.055908 0.8470 0.6354 0.0549
v 0.171631 0.028809 0.055908 0.8431 0.6236 0.0471
v -0.009521 0.518066 0.056396 0.7843 0.5608 0.0078
v 0.010010 0.518066 0.056396 0.7882 0.5608 0.0235
v -0.414307 0.799805 0.056396 0.8392 0.6393 0.0431
v 0.414307 0.799805 0.056397 0.8666 0.6550 0.0353
v -0.060303 0.814453 0.056396 0.6039 0.5059 0.1647
v 0.061279 0.814453 0.056396 0.9294 0.7098 0.0706
v -0.012451 0.889648 0.056396 0.6118 0.3608 0.2627
v 0.012939 0.889648 0.056396 0.6589 0.4392 0.3059
v -0.017334 0.910156 0.056396 0.6980 0.4118 0.2863
v 0.017822 0.910156 0.056396 0.6941 0.4157 0.2863
v -0.010986 0.928711 0.056396 0.4589 0.2510 0.1647
v 0.011963 0.928711 0.056396 0.3255 0.1961 0.1098
v -0.019775 0.933105 0.056396 0.4314 0.2588 0.1647
v 0.020264 0.933105 0.056396 0.3372 0.1922 0.1255
v -0.024658 0.937012 0.056396 0.4980 0.3098 0.2078
v 0.025635 0.937012 0.056396 0.6432 0.4118 0.3059
v -0.024658 0.940918 0.056396 0.2863 0.1373 0.0627
v 0.025635 0.940918 0.056396 0.2549 0.1216 0.0510
v -0.029541 0.943848 0.056396 0.3608 0.2000 0.1059
v 0.030029 0.943848 0.056396 0.5530 0.3372 0.2275
v -0.026611 0.945801 0.056396 0.4941 0.2588 0.1373
v 0.027100 0.945801 0.056396 0.6000 0.3804 0.2588
v -0.024658 0.948242 0.056396 0.5412 0.2823 0.1647
v -0.018311 0.950195 0.056396 0.6550 0.4157 0.2745
v 0.018799 0.950195 0.056396 0.6471 0.3961 0.2549
v -0.027100 0.964844 0.056396 0.5255 0.2902 0.1765
v 0.027588 0.964844 0.056396 0.5373 0.2902 0.1725
v -0.024170 0.966309 0.056396 0.5490 0.3019 0.1961
v 0.024658 0.966309 0.056396 0.5451 0.2902 0.1765
v 0.122803 0.456543 0.056397 0.1137 0.0902 0.0667
v -0.062256 0.728027 0.056885 0.8666 0.6667 0.1765
v 0.062744 0.728027 0.056885 0.7764 0.6197 0.2549
v -0.071045 0.743652 0.056885 0.7451 0.5412 0.1490
v 0.071533 0.743652 0.056885 0.6236 0.4784 0.1490
v -0.423584 0.785156 0.056885 0.8666 0.6550 0.0471
v 0.423584 0.785156 0.056885 0.8784 0.6550 0.0510
v -0.075928 0.790527 0.056885 0.9333 0.6745 0.0784
v 0.076416 0.790527 0.056885 0.3451 0.2667 0.1020
v -0.418701 0.795410 0.056885 0.8431 0.6393 0.0510
v 0.418701 0.795410 0.056885 0.8706 0.6471 0.0510
v -0.016846 0.895996 0.056885 0.6824 0.4628 0.3255
v 0.017334 0.895996 0.056885 0.6863 0.4510 0.3098
v -0.015869 0.903320 0.056885 0.7137 0.4667 0.3294
v 0.016846 0.903320 0.056885 0.6902 0.4392 0.3019
v -0.032959 0.942383 0.056885 0.3372 0.1882 0.1176
v 0.033447 0.942383 0.056885 0.3216 0.1843 0.1176
v 0.025635 0.948242 0.056885 0.6276 0.3804 0.2549
v -0.027100 0.954590 0.056885 0.5921 0.3608 0.2353
v 0.027588 0.954590 0.056885 0.5843 0.3372 0.2275
v -0.026611 0.957520 0.056885 0.5882 0.3529 0.2392
v 0.027588 0.957520 0.056885 0.5882 0.3490 0.2275
v -0.027100 0.959961 0.056885 0.5843 0.3372 0.2235
v 0.027588 0.959961 0.056885 0.5804 0.3294 0.2196
v -0.005615 0.962402 0.056885 0.6706 0.4353 0.2941
v -0.026611 0.962402 0.056885 0.5608 0.3098 0.2078
v 0.006104 0.962402 0.056885 0.6745 0.4235 0.2823
v 0.027588 0.962402 0.056885 0.5608 0.3137 0.2000
v -0.024658 0.966797 0.056885 0.5451 0.2902 0.1843
v 0.025146 0.966797 0.056885 0.5451 0.2902 0.1725
v -0.005615 0.968750 0.056885 0.4275 0.1843 0.0824
v 0.006104 0.968750 0.056885 0.4589 0.2078 0.0980
v -0.012939 0.977539 0.056885 0.5686 0.2588 0.1098
v 0.013916 0.977539 0.056885 0.5216 0.2196 0.0745
v -0.013428 0.489746 0.056885 0.7843 0.5412 0.0118
v 0.013916 0.489746 0.056885 0.7372 0.5216 0.0235
v -0.121826 0.473145 0.056885 0.1020 0.0824 0.0863
v 0.122314 0.473145 0.056885 0.2000 0.1098 0.0039
v -0.122314 0.456543 0.056885 0.0824 0.0745 0.0706
v -0.145264 0.041504 0.056885 0.2314 0.1451 0.0196
v 0.146240 0.041504 0.056885 0.7686 0.5647 0.0549
v 0.131592 0.040039 0.056885 0.4628 0.3333 0.0745
v -0.167725 0.001953 0.056885 0.1569 0.1333 0.0784
v 0.168701 0.001465 0.056885 0.1412 0.1059 0.0471
v -0.057373 0.669434 0.057373 0.6667 0.4157 0.2863
v 0.057861 0.669434 0.057373 0.6510 0.3804 0.2510
v -0.056885 0.679688 0.057373 0.6510 0.4000 0.2706
v 0.057373 0.679688 0.057373 0.6550 0.3882 0.2510
v -0.056885 0.687500 0.057373 0.6315 0.3921 0.2549
v 0.057373 0.687500 0.057373 0.6157 0.3608 0.2275
v -0.419190 0.776367 0.057373 0.8823 0.6628 0.0275
v 0.419678 0.776367 0.057373 0.8784 0.6432 0.0431
v -0.070557 0.801758 0.057373 0.9176 0.6471 0.0627
v 0.071045 0.801758 0.057373 0.9019 0.6667 0.0824
v -0.007080 0.881836 0.057373 0.6471 0.4235 0.2941
v 0.007568 0.881836 0.057373 0.6706 0.4275 0.3059
v -0.011963 0.891113 0.057373 0.6039 0.3451 0.2667
v 0.012451 0.891113 0.057373 0.6550 0.4275 0.3098
v -0.011963 0.904297 0.057373 0.6902 0.4471 0.3255
v 0.012451 0.904297 0.057373 0.6941 0.4432 0.3098
v -0.011963 0.910645 0.057373 0.6471 0.4000 0.2745
v 0.012451 0.910645 0.057373 0.6785 0.4039 0.2745
v -0.015381 0.931152 0.057373 0.4235 0.2392 0.1333
v 0.015869 0.931152 0.057373 0.2275 0.1176 0.0627
v -0.025146 0.938965 0.057373 0.2314 0.1020 0.0471
v 0.026123 0.938965 0.057373 0.6550 0.4392 0.3176
v -0.018311 0.943848 0.057373 0.7176 0.4706 0.3372
v 0.018799 0.943848 0.057373 0.7255 0.4706 0.3176
v -0.030029 0.944824 0.057373 0.5294 0.3294 0.2314
v 0.031006 0.944824 0.057373 0.5686 0.3333 0.2235
v -0.027588 0.946289 0.057373 0.5804 0.3372 0.2118
v 0.028076 0.946289 0.057373 0.6039 0.3765 0.2588
v -0.024170 0.951172 0.057373 0.5373 0.2823 0.1451
v 0.024658 0.951172 0.057373 0.6118 0.3608 0.2353
v -0.027588 0.957031 0.057373 0.6000 0.3608 0.2392
v 0.028564 0.957031 0.057373 0.5843 0.3451 0.2118
v 0.000244 0.961914 0.057373 0.6824 0.4432 0.3019
v -0.027588 0.962891 0.057373 0.5530 0.3137 0.2118
v 0.028076 0.962891 0.057373 0.5608 0.3098 0.1961
v -0.025146 0.964355 0.057373 0.5764 0.3333 0.2275
v 0.025635 0.964355 0.057373 0.5412 0.2941 0.1843
v -0.016357 0.965332 0.057373 0.5843 0.3372 0.2118
v 0.016846 0.965332 0.057373 0.5686 0.3176 0.2039
v -0.015869 0.965820 0.057373 0.5764 0.3372 0.2118
v -0.016846 0.965820 0.057373 0.5764 0.3372 0.2157
v 0.016357 0.965820 0.057373 0.5647 0.3137 0.2000
v 0.017334 0.965820 0.057373 0.5608 0.3098 0.1961
v -0.012939 0.970703 0.057373 0.4471 0.2000 0.0941
v 0.013428 0.970703 0.057373 0.4745 0.2157 0.1098
v -0.096924 0.454102 0.057373 0.5333 0.2980 0.1961
v 0.097900 0.454102 0.057373 0.5176 0.2980 0.1922
v -0.124756 0.444824 0.057373 0.0549 0.0510 0.0510
v 0.125244 0.444824 0.057373 0.0745 0.0510 0.0627
v -0.130615 0.040039 0.057373 0.7176 0.5490 0.1373
v -0.120850 0.033203 0.057373 0.9137 0.6824 0.0431
v 0.121826 0.033203 0.057373 0.7921 0.5764 0.0667
v 0.000244 0.522461 0.057861 0.7764 0.5490 0.0157
v -0.058350 0.660645 0.057861 0.6315 0.4000 0.2745
v 0.058838 0.660645 0.057861 0.6197 0.3725 0.2432
v -0.057373 0.694336 0.057861 0.6432 0.3882 0.2549
v 0.057861 0.694336 0.057861 0.6432 0.3765 0.2392
v -0.062744 0.733398 0.057861 0.6315 0.4157 0.0980
v 0.063232 0.733887 0.057861 0.5137 0.3333 0.1059
v -0.388428 0.788086 0.057861 0.9451 0.7137 0.0118
v 0.388428 0.788086 0.057861 0.8706 0.6628 0.0196
v -0.021240 0.812988 0.057861 0.6432 0.3804 0.2627
v 0.021729 0.812988 0.057861 0.6393 0.3765 0.2627
v 0.000244 0.872559 0.057861 0.6785 0.4353 0.3176
v -0.004639 0.873047 0.057861 0.6667 0.4275 0.3059
v 0.005127 0.873047 0.057861 0.6785 0.4432 0.3137
v -0.003662 0.877930 0.057861 0.7098 0.4784 0.3529
v 0.004150 0.877930 0.057861 0.7137 0.4863 0.3608
v -0.003174 0.881348 0.057861 0.6745 0.4432 0.3216
v 0.000244 0.881348 0.057861 0.6863 0.4510 0.3255
v 0.004150 0.881348 0.057861 0.6785 0.4392 0.3137
v -0.014404 0.893555 0.057861 0.5647 0.3255 0.2314
v -0.009033 0.904785 0.057861 0.6236 0.3608 0.2392
v 0.010010 0.904785 0.057861 0.6785 0.4392 0.3059
v -0.007568 0.914062 0.057861 0.6079 0.3804 0.2627
v 0.008545 0.914062 0.057861 0.6510 0.3961 0.2588
v -0.004639 0.921387 0.057861 0.6354 0.4000 0.2667
v 0.005127 0.921387 0.057861 0.6197 0.3961 0.2627
v -0.006104 0.926758 0.057861 0.5686 0.3608 0.2353
v -0.026123 0.948730 0.057861 0.6276 0.3647 0.2471
v 0.026611 0.948730 0.057861 0.6315 0.3804 0.2510
v -0.024658 0.954590 0.057861 0.5725 0.3176 0.2039
v 0.025146 0.954590 0.057861 0.6157 0.3647 0.2432
v -0.012451 0.957031 0.057861 0.6824 0.4471 0.3059
v 0.012939 0.957031 0.057861 0.6745 0.4196 0.2706
v -0.028076 0.959961 0.057861 0.5804 0.3451 0.2275
v 0.028564 0.959961 0.057861 0.5843 0.3451 0.2196
v -0.025635 0.965332 0.057861 0.5530 0.3137 0.2039
v 0.026123 0.965332 0.057861 0.5333 0.2941 0.1843
v -0.016357 0.966309 0.057861 0.5764 0.3372 0.2078
v 0.016846 0.966309 0.057861 0.5608 0.3059 0.1961
v -0.137939 0.041016 0.057861 0.5530 0.4000 0.1098
v 0.138916 0.041016 0.057861 0.7960 0.6157 0.1137
v -0.058838 0.654297 0.058350 0.7176 0.4000 0.2588
v 0.059326 0.654297 0.058350 0.6941 0.3961 0.2353
v -0.058350 0.702637 0.058350 0.6589 0.3921 0.2432
v 0.058838 0.702637 0.058350 0.6589 0.3882 0.2353
v -0.058350 0.711914 0.058350 0.6315 0.3765 0.2314
v 0.058838 0.711914 0.058350 0.6510 0.3843 0.2392
v -0.060791 0.725098 0.058350 0.8941 0.6785 0.0824
v 0.061279 0.725098 0.058350 0.9451 0.7333 0.0784
v -0.066650 0.738281 0.058350 0.8902 0.6432 0.0980
v 0.067139 0.738281 0.058350 0.8274 0.5961 0.1255
v -0.078857 0.762695 0.058350 0.8745 0.6667 0.1333
v 0.079346 0.762695 0.058350 0.7294 0.5412 0.1451
v 0.000244 0.799316 0.058350 0.6589 0.4039 0.2745
v -0.401611 0.800781 0.058350 0.8862 0.6902 0.0196
v 0.401611 0.800781 0.058350 0.8980 0.6902 0.0235
v 0.000244 0.877441 0.058350 0.7137 0.4823 0.3686
v -0.010498 0.885742 0.058350 0.6550 0.4157 0.2902
v 0.011475 0.885742 0.058350 0.6628 0.4314 0.3059
v -0.008545 0.890625 0.058350 0.6039 0.3294 0.2588
v 0.009033 0.890625 0.058350 0.6000 0.3294 0.2432
v -0.012939 0.892090 0.058350 0.5333 0.2784 0.2078
v 0.013916 0.892090 0.058350 0.6628 0.4392 0.3255
v 0.014893 0.893555 0.058350 0.5764 0.3451 0.2353
v -0.013428 0.898438 0.058350 0.7098 0.4823 0.3372
v 0.013916 0.898438 0.058350 0.6941 0.4628 0.3216
v -0.008545 0.907715 0.058350 0.6354 0.3804 0.2627
v 0.009521 0.907715 0.058350 0.6745 0.4275 0.2980
v 0.006592 0.926758 0.058350 0.4510 0.2588 0.1373
v -0.017822 0.949707 0.058350 0.6667 0.4196 0.2863
v 0.018311 0.949707 0.058350 0.6628 0.4157 0.2745
v -0.025635 0.951172 0.058350 0.6510 0.4039 0.2745
v 0.017822 0.951172 0.058350 0.6628 0.4118 0.2706
v 0.026123 0.951172 0.058350 0.6432 0.3921 0.2549
v -0.016846 0.951660 0.058350 0.6589 0.4275 0.2863
v -0.025635 0.957520 0.058350 0.6079 0.3686 0.2471
v 0.026123 0.957520 0.058350 0.6197 0.3804 0.2510
v -0.025635 0.962402 0.058350 0.5686 0.3333 0.2314
v 0.026123 0.962402 0.058350 0.5804 0.3333 0.2039
v -0.016846 0.964355 0.058350 0.5961 0.3529 0.2275
v 0.017334 0.964355 0.058350 0.5764 0.3333 0.2157
v -0.095459 0.463867 0.058350 0.3961 0.2078 0.1490
v 0.095947 0.463867 0.058350 0.4196 0.2314 0.1530
v -0.172119 0.024902 0.058350 0.8470 0.6276 0.0627
v 0.173096 0.024902 0.058350 0.8706 0.6354 0.0745
v -0.014893 0.515137 0.058838 0.7960 0.5725 0.0157
v 0.015381 0.515137 0.058838 0.7921 0.5686 0.0078
v -0.406006 0.773438 0.058838 0.9137 0.6941 0.0196
v 0.406006 0.773438 0.058838 0.8941 0.6785 0.0314
v -0.020264 0.935547 0.058838 0.2549 0.1137 0.0392
v 0.020752 0.935547 0.058838 0.5412 0.3294 0.2196
v -0.019287 0.939453 0.058838 0.6785 0.4667 0.3490
v 0.019775 0.939453 0.058838 0.2471 0.1216 0.0510
v -0.018799 0.947754 0.058838 0.6745 0.4235 0.2863
v 0.019287 0.947754 0.058838 0.6550 0.4157 0.2706
v -0.016846 0.953613 0.058838 0.6550 0.4196 0.2745
v 0.017334 0.953613 0.058838 0.6628 0.4039 0.2588
v -0.025635 0.954102 0.058838 0.6471 0.3921 0.2745
v 0.026123 0.954102 0.058838 0.6276 0.3804 0.2392
v -0.025635 0.959961 0.058838 0.5921 0.3529 0.2314
v 0.026123 0.959961 0.058838 0.6157 0.3647 0.2392
v -0.026611 0.962891 0.058838 0.5647 0.3333 0.2157
v 0.027100 0.962891 0.058838 0.5686 0.3294 0.2118
v -0.017334 0.964844 0.058838 0.5882 0.3490 0.2235
v 0.017822 0.964844 0.058838 0.5725 0.3255 0.2078
v -0.080322 0.435059 0.058838 0.6432 0.3921 0.2471
v 0.080811 0.435059 0.058838 0.6628 0.3961 0.2510
v -0.171631 0.002930 0.058838 0.1530 0.1176 0.0784
v 0.173096 0.002930 0.058838 0.0824 0.0510 0.0118
v -0.068115 0.624023 0.059326 0.6667 0.3059 0.1843
v 0.068604 0.624023 0.059326 0.4157 0.2039 0.0706
v -0.060303 0.714844 0.059326 0.3961 0.2118 0.1294
v 0.061279 0.714844 0.059326 0.3961 0.2392 0.0196
v -0.072021 0.743652 0.059326 0.8353 0.6079 0.0941
v 0.072510 0.743652 0.059326 0.9098 0.6706 0.1059
v -0.394775 0.794434 0.059326 0.8980 0.6980 0.0078
v 0.394775 0.794434 0.059326 0.8941 0.6902 0.0196
v -0.010010 0.888672 0.059326 0.6197 0.3529 0.2706
v 0.010498 0.888672 0.059326 0.6157 0.3725 0.2706
v -0.010010 0.900391 0.059326 0.6980 0.4628 0.3333
v 0.010498 0.900391 0.059326 0.7059 0.4863 0.3490
v -0.008057 0.902344 0.059326 0.6315 0.3921 0.2745
v 0.008545 0.902344 0.059326 0.6902 0.4628 0.3294
v -0.010498 0.929688 0.059326 0.4980 0.2980 0.1922
v 0.010986 0.929688 0.059326 0.4078 0.2432 0.1451
v -0.019287 0.948242 0.059326 0.6785 0.4275 0.2902
v 0.020264 0.948242 0.059326 0.6393 0.3921 0.2549
v -0.012451 0.949219 0.059326 0.6863 0.4353 0.2980
v -0.017334 0.949219 0.059326 0.6667 0.4235 0.2863
v 0.012939 0.949219 0.059326 0.6863 0.4314 0.2823
v 0.017822 0.949219 0.059326 0.6706 0.4196 0.2745
v -0.018799 0.950195 0.059326 0.6628 0.4157 0.2745
v 0.019287 0.950195 0.059326 0.6589 0.4078 0.2745
v -0.016357 0.951172 0.059326 0.6589 0.4275 0.2902
v 0.016846 0.951172 0.059326 0.6785 0.4196 0.2745
v -0.017822 0.951660 0.059326 0.6667 0.4196 0.2823
v 0.018311 0.951660 0.059326 0.6628 0.4118 0.2667
v -0.017334 0.953125 0.059326 0.6550 0.4196 0.2823
v 0.018311 0.953125 0.059326 0.6550 0.4000 0.2549
v -0.016846 0.955566 0.059326 0.6510 0.4118 0.2745
v 0.017334 0.955566 0.059326 0.6393 0.3921 0.2549
v -0.006104 0.956055 0.059326 0.6824 0.4471 0.3059
v 0.006592 0.956055 0.059326 0.6902 0.4432 0.2941
v -0.026611 0.957031 0.059326 0.6276 0.3725 0.2588
v 0.027100 0.957031 0.059326 0.6276 0.3843 0.2588
v -0.026611 0.959961 0.059326 0.5921 0.3529 0.2314
v 0.027100 0.959961 0.059326 0.6118 0.3568 0.2275
v -0.016846 0.962891 0.059326 0.6118 0.3765 0.2432
v 0.017822 0.962891 0.059326 0.5921 0.3412 0.2196
v -0.015869 0.964355 0.059326 0.6039 0.3568 0.2353
v 0.016846 0.964355 0.059326 0.5725 0.3333 0.2157
v -0.016846 0.964844 0.059326 0.5921 0.3490 0.2275
v 0.017334 0.964844 0.059326 0.5804 0.3294 0.2000
v -0.093994 0.473633 0.059326 0.1333 0.0745 0.0196
v 0.094482 0.473633 0.059326 0.1569 0.0824 0.0275
v -0.173584 0.020508 0.059326 0.8627 0.6197 0.0549
v 0.174561 0.020508 0.059326 0.8823 0.6315 0.0510
v -0.173584 0.013672 0.059326 0.9372 0.6785 0.0235
v 0.174561 0.013672 0.059326 0.8235 0.6118 0.0235
v -0.019287 0.504883 0.059814 0.7804 0.5569 0.0039
v 0.019775 0.504883 0.059814 0.7686 0.5530 0.0078
v -0.050537 0.679688 0.059814 0.6354 0.3843 0.2510
v 0.051025 0.679688 0.059814 0.6432 0.3843 0.2549
v -0.060303 0.712402 0.059814 0.6315 0.3725 0.2275
v 0.060791 0.712402 0.059814 0.6432 0.3608 0.2196
v -0.062256 0.728027 0.059814 0.9019 0.6941 0.1294
v 0.062744 0.728027 0.059814 0.7059 0.5216 0.0784
v -0.069092 0.800781 0.059814 0.9019 0.7608 0.2627
v 0.069580 0.800781 0.059814 0.8980 0.6589 0.0510
v -0.005615 0.890625 0.059814 0.6079 0.3098 0.2432
v 0.006104 0.890625 0.059814 0.6197 0.3176 0.2627
v -0.009033 0.905762 0.059814 0.6079 0.3372 0.2157
v 0.009521 0.905762 0.059814 0.6706 0.4196 0.2941
v -0.002197 0.922852 0.059814 0.6863 0.4510 0.3176
v 0.002686 0.922852 0.059814 0.6393 0.4039 0.2667
v -0.020264 0.937500 0.059814 0.2235 0.0941 0.0353
v 0.020752 0.937500 0.059814 0.4078 0.2353 0.1530
v -0.012451 0.941895 0.059814 0.7216 0.4941 0.3529
v 0.012939 0.941895 0.059814 0.7568 0.4941 0.3451
v -0.019287 0.946289 0.059814 0.6863 0.4471 0.2980
v 0.019775 0.946289 0.059814 0.6706 0.4235 0.2823
v -0.018311 0.947754 0.059814 0.6785 0.4314 0.2941
v 0.018799 0.947754 0.059814 0.6667 0.4157 0.2784
v -0.017822 0.949707 0.059814 0.6628 0.4235 0.2823
v 0.018799 0.949707 0.059814 0.6706 0.4118 0.2549
v -0.017334 0.951172 0.059814 0.6589 0.4235 0.2784
v 0.017822 0.951172 0.059814 0.6667 0.4118 0.2667
v -0.015869 0.953125 0.059814 0.6550 0.4235 0.2863
v 0.016357 0.953125 0.059814 0.6667 0.4157 0.2667
v -0.017822 0.955078 0.059814 0.6393 0.4078 0.2627
v 0.018311 0.955078 0.059814 0.6471 0.3921 0.2549
v 0.000244 0.955566 0.059814 0.6785 0.4432 0.3019
v -0.017334 0.957520 0.059814 0.6471 0.3961 0.2627
v 0.017822 0.957520 0.059814 0.6354 0.3804 0.2471
v -0.017334 0.960938 0.059814 0.6354 0.3882 0.2627
v 0.017822 0.960938 0.059814 0.6079 0.3608 0.2314
v -0.017822 0.962891 0.059814 0.6118 0.3804 0.2432
v 0.018311 0.962891 0.059814 0.5921 0.3412 0.2235
v -0.162842 0.034668 0.059814 0.8509 0.6432 0.0510
v 0.164307 0.034668 0.059814 0.8666 0.6550 0.0471
v -0.119385 0.029297 0.059814 0.8980 0.6667 0.0314
v 0.120361 0.029297 0.059814 0.7804 0.5764 0.0431
v -0.174561 0.016113 0.059814 0.9294 0.7176 0.0431
v 0.175537 0.016113 0.059814 0.9451 0.7882 0.0706
v -0.175049 0.012695 0.059814 0.9215 0.6785 0.0588
v 0.176025 0.012695 0.059814 0.9529 0.7686 0.0824
v -0.173584 0.004883 0.059814 0.1098 0.0745 0.0275
v 0.175049 0.004883 0.059814 0.1216 0.0784 0.0157
v -0.125244 0.002441 0.059814 0.1373 0.1216 0.0784
v 0.126221 0.002441 0.059814 0.1608 0.1333 0.0941
v -0.061279 0.726074 0.060303 0.8666 0.6510 0.1451
v 0.061768 0.726074 0.060303 0.7764 0.5686 0.0471
v -0.077393 0.764160 0.060303 0.9176 0.7020 0.1176
v 0.077881 0.764160 0.060303 0.8862 0.6863 0.1020
v -0.397217 0.780273 0.060303 0.9372 0.7059 0.0118
v 0.397217 0.780273 0.060303 0.8784 0.6667 0.0078
v -0.074463 0.789062 0.060303 0.7216 0.5882 0.2392
v -0.416260 0.789062 0.060303 0.8627 0.6589 0.0275
v 0.075439 0.789062 0.060303 0.8470 0.6432 0.1059
v 0.416260 0.789062 0.060303 0.9019 0.6902 0.0314
v -0.006592 0.800781 0.060303 0.6393 0.3843 0.2588
v 0.007080 0.800781 0.060303 0.6354 0.3882 0.2432
v -0.045166 0.810547 0.060303 0.6354 0.3843 0.2588
v 0.045654 0.810547 0.060303 0.1137 0.0588 0.0863
v -0.007568 0.884277 0.060303 0.6315 0.3961 0.2745
v 0.008057 0.884277 0.060303 0.6471 0.4196 0.2941
v -0.009521 0.891602 0.060303 0.5451 0.2745 0.2157
v 0.010010 0.891602 0.060303 0.6000 0.3451 0.2588
v -0.011475 0.895996 0.060303 0.7059 0.4706 0.3568
v 0.011963 0.895996 0.060303 0.6824 0.4667 0.3294
v -0.007080 0.910156 0.060303 0.6315 0.3765 0.2510
v 0.007568 0.910156 0.060303 0.6550 0.4000 0.2863
v -0.004639 0.916016 0.060303 0.6432 0.4039 0.2823
v 0.005127 0.916016 0.060303 0.6393 0.4000 0.2784
v 0.000244 0.923340 0.060303 0.6706 0.4392 0.3059
v -0.003662 0.928223 0.060303 0.6315 0.4039 0.2863
v 0.004150 0.928223 0.060303 0.5530 0.3333 0.2118
v -0.015381 0.933105 0.060303 0.2941 0.1490 0.0745
v 0.015869 0.933105 0.060303 0.4235 0.2392 0.1490
v -0.019287 0.944824 0.060303 0.6941 0.4510 0.3098
v 0.020264 0.944824 0.060303 0.6863 0.4432 0.2980
v -0.018799 0.946289 0.060303 0.6863 0.4432 0.3059
v 0.019287 0.946289 0.060303 0.6785 0.4314 0.3019
v -0.019775 0.946777 0.060303 0.6785 0.4392 0.2980
v 0.020752 0.946777 0.060303 0.6354 0.3961 0.2549
v -0.018799 0.948242 0.060303 0.6785 0.4235 0.3019
v 0.019287 0.948242 0.060303 0.6745 0.4235 0.2745
v -0.016846 0.953125 0.060303 0.6628 0.4235 0.2902
v 0.017334 0.953125 0.060303 0.6706 0.4078 0.2667
v -0.016357 0.955078 0.060303 0.6510 0.4118 0.2706
v 0.016846 0.955078 0.060303 0.6471 0.3961 0.2588
v -0.018311 0.957031 0.060303 0.6393 0.3961 0.2667
v 0.018799 0.957031 0.060303 0.6315 0.3843 0.2510
v -0.017822 0.958984 0.060303 0.6393 0.3921 0.2588
v 0.018311 0.958984 0.060303 0.6276 0.3725 0.2353
v -0.018311 0.961426 0.060303 0.6197 0.3882 0.2510
v 0.018799 0.961426 0.060303 0.6118 0.3608 0.2392
v -0.016357 0.962891 0.060303 0.6197 0.3843 0.2392
v 0.016846 0.962891 0.060303 0.5961 0.3529 0.2235
v -0.154053 0.039062 0.060303 0.8862 0.6550 0.0314
v 0.155029 0.039062 0.060303 0.8235 0.6118 0.0157
v -0.175537 0.010742 0.060303 0.1569 0.0784 0.0157
v 0.176514 0.010742 0.060303 0.1569 0.0549 0.0196
v -0.131592 0.001465 0.060303 0.1255 0.0980 0.0588
v 0.132568 0.001465 0.060303 0.1294 0.1059 0.0588
v -0.016357 0.510254 0.060791 0.7647 0.5373 0.0118
v 0.016846 0.510254 0.060791 0.7882 0.5686 0.0157
v -0.068604 0.626465 0.060791 0.7098 0.3725 0.2157
v 0.069092 0.626465 0.060791 0.6745 0.3333 0.1843
v -0.067139 0.631836 0.060791 0.6157 0.2941 0.1412
v 0.067627 0.631836 0.060791 0.6197 0.2980 0.1451
v -0.060791 0.653320 0.060791 0.7255 0.4196 0.2432
v 0.061279 0.653320 0.060791 0.6510 0.3490 0.1922
v -0.042236 0.667969 0.060791 0.5921 0.3568 0.2235
v 0.043213 0.667969 0.060791 0.6471 0.4000 0.2706
v -0.049072 0.668457 0.060791 0.6550 0.4078 0.2706
v 0.049561 0.668457 0.060791 0.6589 0.4000 0.2667
v 0.052002 0.687500 0.060791 0.6197 0.3608 0.2275
v -0.051025 0.687988 0.060791 0.6550 0.3961 0.2627
v -0.063232 0.732910 0.060791 0.5882 0.3568 0.0314
v 0.063721 0.732910 0.060791 0.6550 0.4471 0.1176
v -0.067139 0.737793 0.060791 0.7294 0.4902 0.0510
v 0.068115 0.737793 0.060791 0.6745 0.4432 0.0627
v -0.408936 0.794434 0.060791 0.8862 0.6863 0.0235
v 0.408936 0.794434 0.060791 0.9058 0.6863 0.0235
v -0.002686 0.890625 0.060791 0.5882 0.2902 0.2275
v 0.003174 0.890625 0.060791 0.6315 0.3255 0.2784
v -0.005615 0.901855 0.060791 0.6236 0.4000 0.2863
v 0.006104 0.901855 0.060791 0.6628 0.4432 0.3137
v -0.003662 0.903320 0.060791 0.5686 0.3333 0.2353
v 0.004150 0.903320 0.060791 0.6079 0.3843 0.2706
v -0.004639 0.904297 0.060791 0.5608 0.3216 0.2196
v 0.005127 0.904297 0.060791 0.6118 0.3686 0.2627
v 0.000244 0.928223 0.060791 0.6510 0.4196 0.2863
v -0.013428 0.937012 0.060791 0.6745 0.4823 0.3490
v 0.014404 0.937012 0.060791 0.3176 0.1569 0.0824
v -0.019287 0.944824 0.060791 0.6902 0.4510 0.3098
v -0.019775 0.944824 0.060791 0.6902 0.4471 0.3137
v 0.019775 0.944824 0.060791 0.6941 0.4471 0.3019
v 0.020264 0.944824 0.060791 0.6902 0.4432 0.2941
v -0.019287 0.946777 0.060791 0.6824 0.4392 0.3019
v 0.019775 0.946777 0.060791 0.6824 0.4275 0.2863
v -0.006104 0.947754 0.060791 0.6941 0.4432 0.3019
v 0.006592 0.947754 0.060791 0.6902 0.4314 0.2941
v -0.017334 0.955078 0.060791 0.6471 0.4078 0.2745
v 0.017822 0.955078 0.060791 0.6510 0.4000 0.2510
v -0.016846 0.957031 0.060791 0.6510 0.4039 0.2706
v 0.017334 0.957031 0.060791 0.6354 0.3843 0.2510
v -0.016846 0.958984 0.060791 0.6354 0.3882 0.2627
v -0.018311 0.958984 0.060791 0.6315 0.3843 0.2588
v 0.017334 0.958984 0.060791 0.6276 0.3725 0.2392
v 0.019287 0.958984 0.060791 0.6236 0.3686 0.2471
v -0.016846 0.960938 0.060791 0.6393 0.3921 0.2588
v 0.017334 0.960938 0.060791 0.6118 0.3568 0.2314
v -0.017334 0.963379 0.060791 0.6118 0.3765 0.2471
v 0.017822 0.963379 0.060791 0.5961 0.3451 0.2157
v -0.126221 0.036621 0.060791 0.8784 0.6550 0.0588
v 0.127686 0.036621 0.060791 0.8157 0.6079 0.0549
v -0.064209 0.643066 0.061279 0.6393 0.3294 0.1725
v 0.064697 0.643066 0.061279 0.6000 0.2980 0.1412
v -0.040771 0.650391 0.061279 0.6276 0.3372 0.2157
v 0.041260 0.650391 0.061279 0.6315 0.3451 0.1882
v -0.041260 0.657715 0.061279 0.5961 0.3647 0.2471
v 0.041748 0.657715 0.061279 0.6276 0.3882 0.2667
v -0.048584 0.658691 0.061279 0.6197 0.3804 0.2588
v 0.049072 0.658691 0.061279 0.6510 0.4118 0.2784
v -0.411865 0.780762 0.061279 0.9058 0.6941 0.0353
v 0.411865 0.780762 0.061279 0.8902 0.6745 0.0078
v -0.044678 0.812012 0.061279 0.6236 0.3804 0.2549
v 0.045654 0.812012 0.061279 0.1333 0.0745 0.0588
v -0.003662 0.882812 0.061279 0.6315 0.3961 0.2745
v 0.004150 0.882812 0.061279 0.6432 0.4118 0.2902
v -0.007080 0.887207 0.061279 0.6393 0.3647 0.2823
v 0.007568 0.887207 0.061279 0.6039 0.3372 0.2432
v 0.000244 0.889648 0.061279 0.6236 0.3333 0.2745
v -0.010498 0.893555 0.061279 0.5569 0.3019 0.2314
v 0.010986 0.893555 0.061279 0.5333 0.2980 0.2039
v -0.002197 0.903320 0.061279 0.5530 0.3176 0.2235
v 0.003174 0.903320 0.061279 0.5843 0.3647 0.2510
v -0.008545 0.903809 0.061279 0.5804 0.3372 0.2275
v 0.009033 0.903809 0.061279 0.6510 0.4157 0.2980
v -0.009521 0.930664 0.061279 0.5255 0.3137 0.2196
v 0.010010 0.930664 0.061279 0.3568 0.1882 0.0863
v -0.004150 0.933105 0.061279 0.6824 0.4432 0.3098
v -0.008057 0.933105 0.061279 0.6079 0.3843 0.2588
v 0.004639 0.933105 0.061279 0.6550 0.4157 0.2980
v 0.008545 0.933105 0.061279 0.3333 0.1647 0.0745
v -0.014404 0.934570 0.061279 0.2353 0.0941 0.0314
v 0.015381 0.934570 0.061279 0.3059 0.1569 0.0784
v -0.006104 0.938965 0.061279 0.7137 0.4667 0.3255
v 0.006592 0.938965 0.061279 0.7529 0.4863 0.3490
v -0.019287 0.943359 0.061279 0.6941 0.4510 0.3098
v 0.019775 0.943359 0.061279 0.7020 0.4628 0.3216
v -0.018799 0.943848 0.061279 0.6902 0.4550 0.3137
v 0.019775 0.943848 0.061279 0.7059 0.4667 0.3255
v -0.019775 0.945312 0.061279 0.6863 0.4510 0.3059
v 0.020264 0.945312 0.061279 0.6941 0.4432 0.2941
v 0.000244 0.947266 0.061279 0.6863 0.4353 0.2941
v -0.017822 0.957031 0.061279 0.6471 0.4078 0.2627
v 0.018311 0.957031 0.061279 0.6354 0.3843 0.2432
v -0.017822 0.961426 0.061279 0.6236 0.3882 0.2588
v 0.018311 0.961426 0.061279 0.6079 0.3568 0.2314
v -0.085693 0.582520 0.061768 0.2667 0.1647 0.0078
v 0.086182 0.582520 0.061768 0.2039 0.1725 0.0667
v -0.072021 0.618652 0.061768 0.2588 0.1804 0.0196
v 0.072510 0.618652 0.061768 0.2980 0.2118 0.0510
v -0.066162 0.637207 0.061768 0.6236 0.3216 0.1765
v 0.066650 0.637695 0.061768 0.6589 0.3412 0.1686
v -0.062744 0.648926 0.061768 0.5921 0.2863 0.1373
v 0.063721 0.648926 0.061768 0.6079 0.3059 0.1608
v -0.048584 0.651855 0.061768 0.6393 0.3333 0.1882
v 0.049072 0.651855 0.061768 0.6315 0.3255 0.1765
v -0.051514 0.694336 0.061768 0.6667 0.4157 0.2745
v 0.052490 0.694336 0.061768 0.6315 0.3725 0.2353
v -0.403076 0.787109 0.061768 0.9098 0.7020 0.0196
v 0.403076 0.787109 0.061768 0.9098 0.6980 0.0275
v 0.000244 0.882812 0.061768 0.6315 0.4039 0.2784
v -0.007080 0.898438 0.061768 0.6902 0.4628 0.3176
v 0.007568 0.898438 0.061768 0.7020 0.4941 0.3451
v -0.004150 0.900879 0.061768 0.6118 0.4000 0.2706
v 0.004639 0.900879 0.061768 0.6706 0.4589 0.3255
v -0.005127 0.903809 0.061768 0.5764 0.3333 0.2392
v 0.005615 0.903809 0.061768 0.6079 0.3765 0.2706
v -0.002686 0.905762 0.061768 0.5490 0.3059 0.2235
v 0.003662 0.905762 0.061768 0.5608 0.3333 0.2275
v 0.000244 0.933105 0.061768 0.6863 0.4314 0.3019
v 0.000244 0.938965 0.061768 0.7176 0.4550 0.3176
v -0.018799 0.942871 0.061768 0.6980 0.4550 0.3137
v 0.019287 0.942871 0.061768 0.7020 0.4706 0.3294
v -0.019287 0.943848 0.061768 0.6863 0.4550 0.3098
v 0.019775 0.943848 0.061768 0.6980 0.4550 0.3176
v -0.017822 0.958984 0.061768 0.6393 0.3921 0.2549
v 0.018311 0.958984 0.061768 0.6315 0.3804 0.2432
v -0.077881 0.450684 0.061768 0.5451 0.3098 0.1922
v 0.078369 0.450684 0.061768 0.5333 0.2980 0.1882
v -0.118408 0.024902 0.061768 0.8745 0.6315 0.0353
v 0.119873 0.024902 0.061768 0.7882 0.5843 0.0431
v -0.018311 0.523438 0.062256 0.8313 0.6197 0.0196
v 0.018799 0.523438 0.062256 0.8078 0.5921 0.0235
v -0.092529 0.557129 0.062256 0.6706 0.5255 0.1255
v 0.093506 0.557129 0.062256 0.4510 0.3647 0.0902
v -0.042236 0.681152 0.062256 0.6315 0.3765 0.2432
v 0.042725 0.681152 0.062256 0.6471 0.3961 0.2588
v -0.038330 0.810547 0.062256 0.6980 0.4392 0.3019
v 0.038818 0.810547 0.062256 0.5764 0.3372 0.2275
v -0.002197 0.900879 0.062256 0.5961 0.3725 0.2667
v 0.002686 0.900879 0.062256 0.6550 0.4471 0.3098
v -0.006592 0.902832 0.062256 0.6039 0.3686 0.2706
v 0.007080 0.902832 0.062256 0.6432 0.4118 0.3019
v -0.007568 0.907715 0.062256 0.7020 0.4196 0.2902
v 0.008057 0.907715 0.062256 0.6667 0.4235 0.3019
v -0.002197 0.917480 0.062256 0.6706 0.4196 0.2941
v 0.002686 0.917480 0.062256 0.6315 0.4000 0.2706
v -0.076416 0.460449 0.062256 0.4000 0.2157 0.1373
v 0.076904 0.460449 0.062256 0.4314 0.2314 0.1490
v -0.121826 0.004395 0.062256 0.0824 0.0667 0.0235
v 0.122803 0.004395 0.062256 0.1530 0.1137 0.0627
v -0.146729 0.001465 0.062256 0.1333 0.1059 0.0627
v 0.147705 0.001465 0.062256 0.1333 0.1020 0.0588
v 0.023682 0.518555 0.062744 0.8157 0.6039 0.0157
v -0.080811 0.597656 0.062744 0.4706 0.3216 0.0980
v 0.081299 0.597656 0.062744 0.2196 0.1765 0.0706
v -0.038330 0.657227 0.062744 0.5608 0.3372 0.2235
v 0.038818 0.657227 0.062744 0.6276 0.3882 0.2667
v -0.052490 0.701660 0.062744 0.6236 0.3725 0.2314
v 0.052979 0.701660 0.062744 0.6510 0.3961 0.2471
v 0.000244 0.886230 0.062744 0.6157 0.3294 0.2510
v -0.003174 0.886719 0.062744 0.6315 0.3529 0.2745
v 0.004150 0.886719 0.062744 0.6157 0.3333 0.2549
v -0.006104 0.892090 0.062744 0.4628 0.1882 0.1294
v 0.006592 0.892090 0.062744 0.4823 0.2078 0.1608
v 0.000244 0.897949 0.062744 0.6902 0.4589 0.3098
v 0.000244 0.900391 0.062744 0.6393 0.4157 0.2980
v -0.001709 0.903809 0.062744 0.5137 0.2706 0.1922
v 0.002686 0.903809 0.062744 0.5137 0.2863 0.2000
v -0.004639 0.904297 0.062744 0.5412 0.2980 0.2118
v 0.005127 0.904297 0.062744 0.5373 0.3216 0.2275
v 0.022705 0.476562 0.062744 0.7451 0.5294 0.0078
v -0.074951 0.469727 0.062744 0.1608 0.0863 0.0157
v 0.075439 0.469727 0.062744 0.2000 0.1098 0.0314
v -0.028076 0.456543 0.062744 0.8235 0.6039 0.0275
v 0.028564 0.456543 0.062744 0.8274 0.6079 0.0235
v -0.146240 0.039551 0.062744 0.8784 0.6628 0.0431
v 0.147705 0.039551 0.062744 0.8706 0.6745 0.0431
v -0.131104 0.038086 0.062744 0.8980 0.6706 0.0275
v 0.132568 0.038086 0.062744 0.8431 0.6432 0.0392
v -0.023193 0.518555 0.063232 0.8117 0.5882 0.0275
v -0.095459 0.546387 0.063232 0.5725 0.4353 0.0941
v 0.095947 0.546387 0.063232 0.3137 0.2588 0.0706
v -0.089600 0.570312 0.063232 0.6432 0.5098 0.1137
v 0.090088 0.570312 0.063232 0.3255 0.2627 0.0706
v 0.044189 0.687988 0.063232 0.6393 0.3882 0.2471
v -0.052002 0.708496 0.063232 0.6510 0.4000 0.2392
v 0.052979 0.708496 0.063232 0.6276 0.3765 0.2353
v 0.000244 0.788574 0.063232 0.6393 0.3961 0.2784
v -0.011475 0.802734 0.063232 0.6706 0.4118 0.2745
v 0.011963 0.802734 0.063232 0.6667 0.4039 0.2745
v -0.047607 0.812012 0.063232 0.1255 0.0784 0.0275
v 0.048096 0.812012 0.063232 0.9411 0.7333 0.1176
v -0.002686 0.898438 0.063232 0.6785 0.4471 0.3137
v 0.003174 0.898438 0.063232 0.6980 0.4706 0.3451
v -0.004639 0.911621 0.063232 0.6432 0.3921 0.2823
v 0.005127 0.911621 0.063232 0.6197 0.3765 0.2667
v 0.000244 0.917969 0.063232 0.6745 0.4275 0.3059
v -0.022705 0.492676 0.063232 0.8235 0.6118 0.0118
v 0.023193 0.492676 0.063232 0.8196 0.6079 0.0275
v -0.021729 0.476562 0.063232 0.7882 0.5647 0.0078
v 0.126221 0.034180 0.063232 0.8235 0.6157 0.0431
v 0.165771 0.031250 0.063232 0.8313 0.6157 0.0196
v -0.164795 0.030762 0.063232 0.8353 0.6315 0.0549
v -0.118897 0.020508 0.063232 0.8823 0.6354 0.0353
v 0.119873 0.020508 0.063232 0.8235 0.6039 0.0510
v -0.120361 0.006348 0.063232 0.1255 0.0863 0.0235
v 0.121338 0.006348 0.063232 0.1412 0.0980 0.0196
v -0.098877 0.528320 0.063721 0.3216 0.2196 0.0314
v 0.099365 0.528320 0.063721 0.4118 0.3059 0.0353
v -0.076416 0.610352 0.063721 0.1765 0.0824 0.0078
v 0.076904 0.610352 0.063721 0.1608 0.1137 0.0314
v -0.043701 0.688477 0.063721 0.6354 0.3843 0.2471
v -0.075439 0.754883 0.063721 0.9058 0.7137 0.0745
v 0.075928 0.754883 0.063721 0.9058 0.7176 0.0784
v -0.003174 0.892578 0.063721 0.4823 0.2157 0.1647
v 0.003662 0.892578 0.063721 0.4432 0.1725 0.1098
v -0.006592 0.895020 0.063721 0.6039 0.3412 0.2784
v 0.007568 0.895020 0.063721 0.5882 0.3333 0.2549
v -0.001709 0.901855 0.063721 0.5490 0.3098 0.2196
v 0.002197 0.901855 0.063721 0.5882 0.3529 0.2549
v -0.002686 0.904297 0.063721 0.5059 0.2627 0.1882
v -0.003662 0.904297 0.063721 0.4980 0.2745 0.2000
v 0.003174 0.904297 0.063721 0.4980 0.2745 0.2000
v 0.004150 0.904297 0.063721 0.5059 0.2902 0.2118
v -0.032471 0.436523 0.063721 0.2471 0.1216 0.0039
v 0.032959 0.436523 0.063721 0.2314 0.1216 0.0039
v -0.138428 0.039551 0.063721 0.8823 0.6667 0.0314
v 0.139404 0.039551 0.063721 0.8274 0.6118 0.0157
v -0.125244 0.034180 0.063721 0.8862 0.6667 0.0431
v -0.120361 0.014160 0.063721 0.8666 0.5961 0.0118
v 0.121826 0.014160 0.063721 0.8706 0.6393 0.0510
v -0.161377 0.002441 0.063721 0.1490 0.1255 0.0745
v 0.162354 0.002441 0.063721 0.1255 0.0745 0.0392
v -0.014404 0.531250 0.064209 0.8078 0.5882 0.0196
v 0.014893 0.531250 0.064209 0.7882 0.5647 0.0157
v -0.056396 0.621094 0.064209 0.6510 0.2941 0.1765
v 0.057373 0.621094 0.064209 0.4471 0.2000 0.0745
v -0.035400 0.649414 0.064209 0.5921 0.3176 0.1882
v 0.036377 0.649414 0.064209 0.5961 0.3098 0.1686
v 0.000244 0.892090 0.064209 0.4510 0.1804 0.1216
v 0.000244 0.901367 0.064209 0.5921 0.3608 0.2549
v -0.006104 0.903809 0.064209 0.5451 0.3098 0.2118
v 0.006592 0.903809 0.064209 0.5921 0.3568 0.2510
v -0.007568 0.905273 0.064209 0.4745 0.2392 0.1373
v 0.008057 0.905273 0.064209 0.6079 0.3608 0.2471
v -0.034424 0.425781 0.064209 0.1608 0.1020 0.0431
v 0.034912 0.425781 0.064209 0.1255 0.0745 0.0549
v -0.034424 0.425293 0.064209 0.0980 0.0667 0.0431
v -0.119385 0.016602 0.064209 0.9215 0.7255 0.1490
v 0.120850 0.016602 0.064209 0.4745 0.3412 0.0824
v -0.119385 0.013184 0.064209 0.8784 0.6236 0.0392
v 0.120361 0.013184 0.064209 0.8431 0.6079 0.0471
v -0.118897 0.011719 0.064209 0.4196 0.2745 0.0392
v 0.120361 0.011719 0.064209 0.8470 0.6118 0.0824
v -0.044678 0.694336 0.064697 0.6432 0.3921 0.2549
v 0.045166 0.694336 0.064697 0.6393 0.3882 0.2471
v -0.048584 0.702148 0.064697 0.6118 0.3608 0.2157
v 0.049072 0.702148 0.064697 0.6432 0.3843 0.2471
v -0.052002 0.713379 0.064697 0.6628 0.4039 0.2432
v 0.052979 0.713379 0.064697 0.6197 0.3725 0.2392
v -0.003174 0.895508 0.064697 0.6039 0.3490 0.2667
v 0.000244 0.895508 0.064697 0.6039 0.3451 0.2823
v 0.003662 0.895508 0.064697 0.6000 0.3412 0.2706
v -0.156006 0.036621 0.064697 0.8862 0.6785 0.0471
v 0.156982 0.036621 0.064697 0.8627 0.6510 0.0157
v 0.167236 0.026855 0.065186 0.8470 0.6236 0.0549
v -0.029053 0.504883 0.065674 0.8000 0.5882 0.0078
v 0.030029 0.504883 0.065674 0.8235 0.6118 0.0157
v -0.101807 0.508789 0.065674 0.7059 0.5490 0.1137
v 0.102295 0.508789 0.065674 0.8470 0.6589 0.1608
v -0.059326 0.614746 0.065674 0.7568 0.5569 0.0627
v 0.059814 0.614746 0.065674 0.8000 0.5921 0.0471
v -0.004639 0.903809 0.065674 0.5373 0.2980 0.2118
v 0.005127 0.903809 0.065674 0.5373 0.3019 0.2039
v -0.005127 0.908203 0.065674 0.6471 0.3882 0.2784
v 0.005615 0.908203 0.065674 0.6432 0.3882 0.2706
v -0.002686 0.912598 0.065674 0.6628 0.4078 0.2980
v 0.003174 0.912598 0.065674 0.6393 0.3804 0.2706
v -0.166260 0.026855 0.065674 0.8274 0.6157 0.0392
v -0.051025 0.651367 0.066162 0.6980 0.3961 0.2314
v 0.051514 0.651367 0.066162 0.7294 0.4118 0.2432
v -0.074463 0.756348 0.066162 0.7059 0.4667 0.0510
v 0.074951 0.756348 0.066162 0.8509 0.6667 0.1569
v -0.003662 0.790527 0.066162 0.6276 0.3882 0.2745
v 0.004639 0.790527 0.066162 0.6432 0.3961 0.2667
v -0.054932 0.808594 0.066162 0.1490 0.1176 0.0549
v 0.055420 0.808594 0.066162 0.1490 0.1373 0.1176
v -0.002686 0.902832 0.066162 0.5333 0.2980 0.2078
v 0.003174 0.902832 0.066162 0.5451 0.3137 0.2432
v -0.030518 0.437012 0.066162 0.8313 0.5961 0.0118
v 0.031006 0.437012 0.066162 0.8196 0.5921 0.0275
v -0.124268 0.030273 0.066162 0.8823 0.6550 0.0314
v 0.125244 0.030273 0.066162 0.8078 0.6039 0.0314
v -0.056885 0.623535 0.066650 0.6432 0.2980 0.1686
v 0.057861 0.623535 0.066650 0.6432 0.3255 0.1961
v -0.055908 0.628906 0.066650 0.6393 0.3294 0.1765
v 0.056396 0.628906 0.066650 0.6471 0.3294 0.1882
v -0.054443 0.634766 0.066650 0.5804 0.2863 0.1412
v 0.055420 0.634766 0.066650 0.6824 0.3608 0.1961
v -0.054443 0.713867 0.066650 0.6589 0.3961 0.2471
v 0.054932 0.713867 0.066650 0.6197 0.3725 0.2314
v -0.054932 0.716797 0.066650 0.2902 0.1451 0.0275
v 0.055420 0.716797 0.066650 0.4980 0.3412 0.0863
v -0.054932 0.726562 0.066650 0.5098 0.3804 0.0510
v -0.056885 0.726562 0.066650 0.8470 0.6315 0.1020
v 0.055420 0.726562 0.066650 0.7882 0.5608 0.0784
v 0.057373 0.726562 0.066650 0.7804 0.5412 0.0784
v -0.074951 0.777832 0.066650 0.0275 0.0392 0.0667
v 0.075439 0.777832 0.066650 0.1490 0.1020 0.0353
v -0.027588 0.808105 0.066650 0.7137 0.4432 0.3059
v 0.028076 0.808105 0.066650 0.7098 0.4275 0.2980
v -0.005127 0.905762 0.066650 0.5843 0.3412 0.2353
v 0.006104 0.905762 0.066650 0.5764 0.3255 0.2353
v 0.000244 0.912598 0.066650 0.6628 0.4078 0.2941
v -0.031982 0.495117 0.066650 0.7725 0.5490 0.0196
v 0.032471 0.494629 0.066650 0.7921 0.5686 0.0078
v -0.032471 0.425293 0.066650 0.1020 0.0667 0.0510
v 0.032959 0.425293 0.066650 0.0980 0.0706 0.0510
v -0.130127 0.002441 0.066650 0.1294 0.1059 0.0588
v 0.131104 0.002441 0.066650 0.1451 0.1255 0.0824
v -0.026611 0.511719 0.067139 0.8039 0.5882 0.0118
v 0.027588 0.511719 0.067139 0.8000 0.5843 0.0196
v -0.032471 0.533203 0.067139 0.8078 0.5921 0.0157
v 0.033447 0.533203 0.067139 0.8078 0.5921 0.0196
v -0.048584 0.601562 0.067139 0.7647 0.5569 0.0157
v 0.049561 0.601562 0.067139 0.8313 0.6315 0.0196
v -0.052490 0.645996 0.067139 0.5764 0.2823 0.1294
v 0.052979 0.645996 0.067139 0.6471 0.3451 0.1765
v 0.000244 0.901855 0.067139 0.5608 0.3255 0.2314
v -0.131104 0.035645 0.067139 0.8706 0.6510 0.0353
v 0.132080 0.035645 0.067139 0.8470 0.6354 0.0431
v -0.167236 0.022461 0.067139 0.8431 0.6118 0.0471
v 0.168213 0.022461 0.067139 0.8666 0.6315 0.0392
v -0.036865 0.523438 0.067627 0.8235 0.6118 0.0196
v 0.037354 0.523438 0.067627 0.8157 0.6039 0.0196
v -0.030518 0.539062 0.067627 0.8313 0.6236 0.0196
v 0.031006 0.539062 0.067627 0.8274 0.6197 0.0118
v -0.052490 0.587402 0.067627 0.8157 0.6039 0.0157
v 0.052979 0.587402 0.067627 0.8313 0.6236 0.0157
v -0.046143 0.611816 0.067627 0.7451 0.5490 0.0588
v 0.047119 0.611816 0.067627 0.7804 0.5764 0.0392
v -0.053955 0.640137 0.067627 0.6589 0.3294 0.1843
v 0.054443 0.640137 0.067627 0.7098 0.3882 0.2157
v -0.040283 0.688477 0.067627 0.6315 0.3804 0.2432
v 0.040771 0.688477 0.067627 0.6276 0.3804 0.2432
v -0.071045 0.747070 0.067627 0.9255 0.6941 0.1255
v 0.071533 0.747070 0.067627 0.9333 0.7255 0.0824
v -0.147705 0.037598 0.067627 0.8706 0.6706 0.0157
v 0.148682 0.037598 0.067627 0.8627 0.6589 0.0235
v -0.167725 0.018066 0.067627 0.9058 0.7020 0.1216
v 0.168701 0.018066 0.067627 0.5686 0.3882 0.0510
v -0.167236 0.015625 0.067627 0.9058 0.6471 0.0314
v 0.168213 0.015625 0.067627 0.9255 0.7020 0.0549
v -0.035889 0.669922 0.068115 0.6197 0.3686 0.2353
v 0.036377 0.669922 0.068115 0.6157 0.3686 0.2471
v -0.048584 0.709961 0.068115 0.6589 0.4000 0.2471
v 0.049072 0.709961 0.068115 0.6471 0.3961 0.2588
v -0.054443 0.728027 0.068115 0.2157 0.1569 0.0196
v 0.054932 0.728027 0.068115 0.8117 0.5843 0.1059
v -0.057373 0.728516 0.068115 0.7960 0.6000 0.1059
v 0.057861 0.728516 0.068115 0.8313 0.6354 0.1490
v 0.000244 0.779785 0.068115 0.6471 0.3921 0.2745
v -0.041260 0.806152 0.068115 0.5804 0.3608 0.2510
v 0.041748 0.806152 0.068115 0.2039 0.1412 0.0902
v -0.038818 0.808594 0.068115 0.6236 0.3647 0.2549
v 0.039795 0.808594 0.068115 0.0980 0.0667 0.0588
v -0.104248 0.490234 0.068115 0.7843 0.5804 0.0471
v 0.104736 0.490234 0.068115 0.8666 0.6432 0.0510
v -0.165283 0.004883 0.068115 0.1294 0.0863 0.0392
v -0.033936 0.528320 0.068604 0.8313 0.6236 0.0196
v 0.034424 0.528320 0.068604 0.8078 0.6000 0.0157
v 0.000244 0.534668 0.068604 0.8000 0.5764 0.0235
v -0.062744 0.605469 0.068604 0.7451 0.5333 0.0471
v 0.063232 0.605469 0.068604 0.8549 0.6471 0.0314
v 0.045654 0.618652 0.068604 0.4902 0.2275 0.1059
v -0.044678 0.619141 0.068604 0.6432 0.2941 0.1725
v -0.043213 0.695801 0.068604 0.6118 0.3608 0.2235
v 0.043701 0.695801 0.068604 0.6197 0.3725 0.2353
v -0.058838 0.732910 0.068604 0.8549 0.6393 0.1490
v -0.003174 0.904785 0.068604 0.6236 0.3804 0.2784
v 0.003662 0.904785 0.068604 0.4471 0.2118 0.1216
v -0.003174 0.908691 0.068604 0.6902 0.4392 0.3216
v 0.003662 0.908691 0.068604 0.6550 0.4078 0.2902
v -0.138916 0.037109 0.068604 0.8745 0.6628 0.0275
v 0.139893 0.037109 0.068604 0.8823 0.6706 0.0431
v -0.156982 0.033203 0.068604 0.8706 0.6667 0.0431
v 0.158447 0.033203 0.068604 0.9019 0.6745 0.0392
v -0.123779 0.025879 0.068604 0.8941 0.6667 0.0392
v 0.125244 0.025391 0.068604 0.8353 0.6315 0.0314
v 0.166260 0.004883 0.068604 0.1216 0.0863 0.0196
v -0.154053 0.003418 0.068604 0.1530 0.1333 0.0784
v 0.155029 0.002930 0.068604 0.1490 0.1176 0.0706
v -0.056885 0.572266 0.069092 0.8431 0.6471 0.0314
v 0.057373 0.572266 0.069092 0.8078 0.5961 0.0118
v -0.046143 0.703613 0.069092 0.6432 0.3882 0.2471
v 0.046631 0.703613 0.069092 0.6315 0.3804 0.2392
v 0.059326 0.732910 0.069092 0.8353 0.6667 0.1882
v -0.168213 0.015137 0.069092 0.9058 0.6510 0.0353
v 0.169189 0.015137 0.069092 0.8784 0.6393 0.0549
v -0.038818 0.516602 0.069580 0.8313 0.6315 0.0118
v 0.039795 0.516602 0.069580 0.8117 0.5961 0.0275
v -0.049561 0.539551 0.069580 0.8157 0.6039 0.0118
v 0.050049 0.539551 0.069580 0.8274 0.6157 0.0196
v -0.054932 0.729004 0.069580 0.3059 0.2078 0.0314
v 0.055420 0.729004 0.069580 0.7804 0.5843 0.0784
v -0.065186 0.739258 0.069580 0.8353 0.5764 0.0784
v 0.065674 0.739258 0.069580 0.9215 0.6785 0.1843
v -0.007568 0.792969 0.069580 0.6510 0.4039 0.2784
v 0.008057 0.792969 0.069580 0.6432 0.3961 0.2667
v 0.000244 0.904297 0.069580 0.6118 0.3647 0.2667
v 0.000244 0.908691 0.069580 0.6902 0.4392 0.3294
v -0.168213 0.013184 0.069580 0.5764 0.3961 0.0627
v 0.169189 0.013184 0.069580 0.9137 0.6706 0.0745
v -0.166748 0.006836 0.069580 0.2196 0.1490 0.0392
v 0.168213 0.006836 0.069580 0.1530 0.1020 0.0157
v -0.135986 0.002930 0.069580 0.1255 0.0980 0.0471
v 0.136963 0.002930 0.069580 0.1255 0.0941 0.0431
v -0.048096 0.544922 0.070068 0.8392 0.6432 0.0196
v 0.048584 0.544922 0.070068 0.8509 0.6432 0.0235
v -0.032959 0.657227 0.070068 0.5921 0.3451 0.2235
v 0.033447 0.657227 0.070068 0.5921 0.3608 0.2353
v -0.069580 0.748047 0.070068 0.6393 0.4078 0.0157
v 0.070068 0.748047 0.070068 0.8392 0.6315 0.1059
v -0.124268 0.020508 0.070068 0.8823 0.6550 0.0431
v 0.125244 0.020508 0.070068 0.8666 0.6550 0.0549
v -0.012451 0.540039 0.070557 0.8196 0.6079 0.0235
v 0.013428 0.540039 0.070557 0.8157 0.5961 0.0235
v -0.079834 0.546875 0.070557 0.8274 0.6276 0.0275
v 0.080322 0.546875 0.070557 0.8353 0.6157 0.0157
v -0.078857 0.552246 0.070557 0.8313 0.6315 0.0235
v 0.079346 0.552246 0.070557 0.8313 0.6118 0.0078
v -0.074951 0.567871 0.070557 0.8392 0.6432 0.0275
v 0.075439 0.567871 0.070557 0.8509 0.6315 0.0235
v -0.072021 0.578125 0.070557 0.8157 0.6157 0.0235
v 0.072510 0.578125 0.070557 0.8549 0.6354 0.0196
v -0.067139 0.592773 0.070557 0.8353 0.6315 0.0275
v 0.067627 0.592773 0.070557 0.8470 0.6354 0.0196
v -0.045166 0.621582 0.070557 0.6706 0.3294 0.2000
v 0.045654 0.621582 0.070557 0.6039 0.2745 0.1765
v -0.040771 0.649902 0.070557 0.6628 0.3568 0.1961
v 0.041260 0.649902 0.070557 0.7059 0.3961 0.2157
v -0.032959 0.682617 0.070557 0.6471 0.3921 0.2549
v 0.033936 0.682617 0.070557 0.6354 0.3882 0.2510
v -0.056885 0.733398 0.070557 0.5176 0.3490 0.0824
v 0.057373 0.733398 0.070557 0.6941 0.4745 0.0471
v -0.064209 0.795410 0.070557 0.1176 0.1098 0.0824
v 0.064697 0.795410 0.070557 0.0902 0.0902 0.0902
v -0.041260 0.808105 0.070557 0.0980 0.0745 0.0471
v 0.041748 0.808105 0.070557 0.9725 0.7608 0.1059
v -0.032959 0.479980 0.070557 0.8157 0.6039 0.0157
v 0.033447 0.479980 0.070557 0.8274 0.6079 0.0235
v 0.107178 0.470703 0.070557 0.8706 0.6432 0.0392
v 0.126221 0.016113 0.070557 0.9176 0.6902 0.1020
v -0.125732 0.014160 0.070557 0.9019 0.6471 0.0353
v 0.127197 0.013672 0.070557 0.8902 0.6276 0.0588
v -0.127686 0.003906 0.070557 0.0784 0.0549 0.0157
v 0.128662 0.003906 0.070557 0.1059 0.0863 0.0275
v -0.147705 0.003418 0.070557 0.1569 0.1294 0.0784
v 0.148682 0.003418 0.070557 0.1333 0.0980 0.0588
v -0.040771 0.504395 0.071045 0.8235 0.6118 0.0235
v 0.041260 0.504395 0.071045 0.8235 0.6079 0.0078
v -0.044189 0.626953 0.071045 0.6550 0.3255 0.1843
v 0.045166 0.626953 0.071045 0.6393 0.3176 0.1922
v -0.030029 0.648926 0.071045 0.6393 0.3255 0.1843
v 0.030518 0.648926 0.071045 0.5843 0.2784 0.1294
v -0.046143 0.715332 0.071045 0.6510 0.3882 0.2432
v 0.047119 0.715332 0.071045 0.6393 0.3804 0.2510
v 0.000244 0.770996 0.071045 0.5725 0.3451 0.2432
v -0.002686 0.781738 0.071045 0.6236 0.3804 0.2588
v 0.003174 0.781738 0.071045 0.6276 0.3882 0.2706
v -0.019775 0.802246 0.071045 0.6902 0.4392 0.3059
v 0.020752 0.802246 0.071045 0.6745 0.4235 0.2784
v -0.042725 0.496582 0.071045 0.8196 0.6118 0.0118
v 0.043213 0.496582 0.071045 0.8235 0.6079 0.0196
v -0.106689 0.470703 0.071045 0.7647 0.5686 0.0431
v -0.107178 0.451172 0.071045 0.3647 0.2196 0.0196
v 0.107666 0.451172 0.071045 0.4863 0.3059 0.0157
v -0.047119 0.438477 0.071045 0.2823 0.1647 0.0078
v 0.047607 0.438477 0.071045 0.3019 0.1725 0.0157
v -0.130615 0.032227 0.071045 0.8745 0.6550 0.0431
v 0.132080 0.032227 0.071045 0.8549 0.6393 0.0314
v -0.124756 0.016113 0.071045 0.9411 0.7451 0.1412
v -0.142334 0.003418 0.071045 0.1333 0.1020 0.0627
v 0.143311 0.003418 0.071045 0.1530 0.1176 0.0745
v -0.051514 0.527344 0.071533 0.8431 0.6393 0.0235
v 0.052002 0.527344 0.071533 0.8274 0.6197 0.0157
v -0.064209 0.543457 0.071533 0.8353 0.6393 0.0235
v 0.064697 0.543457 0.071533 0.8509 0.6432 0.0314
v -0.063232 0.548828 0.071533 0.8313 0.6315 0.0157
v 0.063721 0.548828 0.071533 0.8078 0.5921 0.0157
v -0.042725 0.638184 0.071533 0.5961 0.2745 0.1176
v 0.043213 0.638184 0.071533 0.7098 0.3843 0.2157
v -0.063232 0.740234 0.071533 0.7529 0.5608 0.0941
v 0.064209 0.740234 0.071533 0.8745 0.6667 0.1255
v -0.108643 0.439453 0.071533 0.0824 0.0588 0.0667
v 0.109131 0.439453 0.071533 0.0902 0.0667 0.0549
v -0.157959 0.028809 0.071533 0.8745 0.6628 0.0314
v 0.159424 0.028809 0.071533 0.8823 0.6667 0.0275
v -0.125244 0.013184 0.071533 0.9098 0.6589 0.0353
v 0.126221 0.013184 0.071533 0.8862 0.6432 0.0706
v -0.126221 0.005859 0.071533 0.1647 0.1216 0.0314
v 0.127197 0.005859 0.071533 0.1922 0.1412 0.0431
v 0.000244 0.544922 0.072021 0.8196 0.6039 0.0353
v -0.032959 0.617188 0.072021 0.6589 0.3098 0.2157
v 0.033447 0.617188 0.072021 0.5686 0.2588 0.1647
v -0.043701 0.632812 0.072021 0.5608 0.2549 0.1098
v 0.044189 0.632812 0.072021 0.6039 0.2941 0.1530
v 0.000244 0.645996 0.072021 0.7098 0.4000 0.2353
v 0.000244 0.679688 0.072021 0.6432 0.3765 0.2549
v -0.044678 0.711426 0.072021 0.6393 0.3804 0.2392
v -0.049561 0.728027 0.072021 0.0902 0.0902 0.0902
v 0.050049 0.728027 0.072021 0.0157 0.0353 0.0824
v 0.000244 0.761230 0.072021 0.2353 0.1451 0.0941
v -0.073486 0.767090 0.072021 0.0078 0.0235 0.0549
v 0.073975 0.767090 0.072021 0.0706 0.0667 0.0588
v 0.040283 0.458984 0.072021 0.7960 0.5725 0.0196
v -0.148193 0.034180 0.072021 0.8784 0.6745 0.0314
v 0.149658 0.034180 0.072022 0.8823 0.6745 0.0392
v -0.124756 0.011230 0.072021 0.5294 0.3568 0.0824
v 0.126221 0.011230 0.072022 0.3725 0.2549 0.0431
v -0.052979 0.519043 0.072510 0.8470 0.6432 0.0157
v 0.053467 0.519043 0.072510 0.8470 0.6393 0.0275
v -0.081299 0.526855 0.072510 0.8313 0.6236 0.0157
v 0.081787 0.526855 0.072510 0.8353 0.6197 0.0196
v -0.011475 0.547852 0.072510 0.8196 0.6039 0.0196
v 0.011963 0.547852 0.072510 0.8274 0.6157 0.0353
v -0.010986 0.559570 0.072510 0.8078 0.5882 0.0118
v 0.011475 0.559570 0.072510 0.8313 0.6197 0.0314
v 0.078369 0.560059 0.072510 0.8706 0.6510 0.0235
v -0.059814 0.562988 0.072510 0.8117 0.6000 0.0196
v 0.060303 0.562988 0.072510 0.8196 0.6039 0.0078
v -0.042236 0.567383 0.072510 0.8588 0.6510 0.0392
v 0.042725 0.567383 0.072510 0.8392 0.6236 0.0196
v -0.039307 0.458984 0.072510 0.7960 0.5686 0.0275
v -0.039307 0.509766 0.072998 0.8117 0.6000 0.0118
v 0.040283 0.509766 0.072998 0.8313 0.6157 0.0118
v -0.050049 0.533691 0.072998 0.8353 0.6236 0.0275
v 0.050537 0.533691 0.072998 0.8353 0.6354 0.0314
v 0.029541 0.546387 0.072998 0.8196 0.6039 0.0235
v -0.077881 0.560059 0.072998 0.8157 0.6118 0.0314
v -0.042236 0.644043 0.072998 0.5843 0.2784 0.1412
v 0.042725 0.644043 0.072998 0.6118 0.3137 0.1647
v -0.048096 0.715820 0.072998 0.6471 0.3882 0.2432
v 0.048584 0.715820 0.072998 0.6197 0.3686 0.2706
v -0.048584 0.718262 0.072998 0.2353 0.1176 0.0039
v 0.049072 0.718262 0.072998 0.5490 0.3961 0.1059
v -0.032471 0.803223 0.072998 0.5843 0.3568 0.2549
v 0.033447 0.803223 0.072998 0.1255 0.0902 0.0824
v -0.048584 0.426758 0.072998 0.1020 0.0706 0.0471
v 0.049072 0.426758 0.072998 0.1020 0.0588 0.0471
v -0.138916 0.033691 0.072998 0.8706 0.6628 0.0314
v 0.140381 0.033691 0.072998 0.8745 0.6589 0.0235
v -0.158447 0.024414 0.072998 0.9019 0.6941 0.0510
v 0.159912 0.024414 0.072998 0.8706 0.6510 0.0275
v -0.079834 0.540527 0.073486 0.8274 0.6315 0.0118
v 0.080322 0.540527 0.073486 0.8392 0.6236 0.0157
v -0.028564 0.546387 0.073486 0.8353 0.6276 0.0275
v -0.026123 0.562988 0.073486 0.8431 0.6354 0.0196
v 0.026611 0.562988 0.073486 0.7921 0.5961 0.0235
v -0.039307 0.802246 0.073486 0.4823 0.3255 0.1922
v 0.040283 0.802246 0.073486 0.2118 0.1725 0.0980
v -0.031494 0.805176 0.073486 0.5764 0.3490 0.2314
v 0.031982 0.805176 0.073486 0.0745 0.0510 0.0471
v -0.045166 0.481445 0.073486 0.7960 0.5804 0.0157
v 0.046143 0.481445 0.073486 0.8039 0.5804 0.0196
v -0.109131 0.452148 0.073486 0.7412 0.5451 0.0353
v 0.109619 0.452148 0.073486 0.8745 0.6510 0.0902
v -0.045166 0.438965 0.073486 0.8392 0.6197 0.0275
v 0.046143 0.438965 0.073486 0.8549 0.6315 0.0353
v -0.130615 0.027344 0.073486 0.9137 0.7059 0.0353
v 0.131592 0.027344 0.073486 0.8745 0.6706 0.0275
v -0.027588 0.553223 0.073975 0.8470 0.6354 0.0157
v 0.028076 0.553223 0.073975 0.8196 0.6197 0.0157
v 0.000244 0.558594 0.073975 0.8235 0.6039 0.0314
v -0.039307 0.583496 0.073975 0.8353 0.6276 0.0157
v 0.040283 0.583496 0.073975 0.8117 0.5961 0.0235
v -0.034912 0.609863 0.073975 0.8117 0.6197 0.0510
v 0.035400 0.609863 0.073975 0.7333 0.5176 0.0353
v -0.051025 0.729980 0.073975 0.0706 0.0745 0.0824
v 0.051514 0.729980 0.073975 0.0588 0.0431 0.0471
v -0.003174 0.771484 0.073975 0.4784 0.2902 0.1961
v 0.003662 0.771484 0.073975 0.3725 0.2196 0.1373
v -0.110596 0.439941 0.073975 0.0667 0.0549 0.0627
v 0.111084 0.439941 0.073975 0.0941 0.0627 0.0588
v -0.158936 0.020996 0.073975 0.4118 0.2667 0.0196
v 0.159912 0.020996 0.073975 0.6902 0.5333 0.1882
v -0.158447 0.018555 0.073975 0.9490 0.6902 0.0627
v 0.159424 0.018555 0.073975 0.9255 0.6902 0.1098
v -0.156982 0.005859 0.073975 0.1333 0.0863 0.0000
v 0.158447 0.005859 0.073975 0.1098 0.0745 0.0039
v -0.066650 0.521973 0.074463 0.8353 0.6432 0.0078
v 0.067139 0.521973 0.074463 0.8431 0.6276 0.0196
v -0.044678 0.558594 0.074463 0.8274 0.6157 0.0196
v 0.045166 0.558594 0.074463 0.8313 0.6118 0.0275
v -0.010498 0.578613 0.074463 0.8235 0.6039 0.0196
v 0.010986 0.578613 0.074463 0.8196 0.6000 0.0235
v -0.020752 0.616211 0.074463 0.6510 0.2941 0.1804
v 0.021240 0.616211 0.074463 0.6432 0.3019 0.1843
v -0.011475 0.679199 0.074463 0.6745 0.4078 0.2784
v 0.011963 0.679199 0.074463 0.6785 0.4196 0.2863
v -0.022705 0.679688 0.074463 0.6628 0.4000 0.2667
v 0.023193 0.679688 0.074463 0.6667 0.4039 0.2667
v -0.034424 0.687988 0.074463 0.6079 0.3608 0.2314
v 0.035400 0.687988 0.074463 0.6157 0.3647 0.2432
v -0.005127 0.762207 0.074463 0.1725 0.1098 0.0784
v 0.005615 0.762207 0.074463 0.2235 0.1294 0.0902
v -0.006104 0.783691 0.074463 0.6039 0.3725 0.2471
v 0.006592 0.783691 0.074463 0.6079 0.3804 0.2627
v -0.067139 0.531250 0.074951 0.8353 0.6354 0.0078
v 0.067627 0.531250 0.074951 0.8431 0.6354 0.0314
v -0.024170 0.580566 0.074951 0.8627 0.6510 0.0196
v 0.025146 0.580566 0.074951 0.7647 0.5608 0.0275
v -0.036865 0.599121 0.074951 0.8235 0.6118 0.0314
v 0.037842 0.599121 0.074951 0.7686 0.5608 0.0235
v -0.021729 0.608398 0.074951 0.8392 0.6276 0.0588
v 0.022217 0.608398 0.074951 0.7294 0.5019 0.0392
v -0.022217 0.669922 0.074951 0.6785 0.4196 0.2863
v 0.023193 0.669922 0.074951 0.6628 0.4078 0.2667
v -0.046631 0.804199 0.074951 0.2235 0.1725 0.0980
v 0.047607 0.804199 0.074951 0.2000 0.1608 0.1216
v -0.148682 0.029785 0.074951 0.9019 0.6941 0.0471
v 0.150146 0.029785 0.074951 0.9098 0.6980 0.0353
v -0.131104 0.022461 0.074951 0.9058 0.6941 0.0353
v 0.132080 0.022461 0.074951 0.8980 0.6824 0.0471
v -0.132080 0.016113 0.074951 0.9372 0.7059 0.0706
v 0.133057 0.016113 0.074951 0.9098 0.6550 0.0588
v -0.085693 0.507324 0.075439 0.8235 0.6276 0.0118
v 0.086182 0.507324 0.075439 0.8549 0.6432 0.0235
v -0.064697 0.538086 0.075439 0.8235 0.6157 0.0157
v 0.065186 0.538086 0.075439 0.8431 0.6354 0.0235
v -0.046143 0.551758 0.075439 0.8157 0.6039 0.0157
v 0.047119 0.551758 0.075439 0.8157 0.6118 0.0157
v -0.061768 0.556152 0.075439 0.8353 0.6393 0.0196
v 0.062744 0.556152 0.075439 0.8392 0.6315 0.0196
v -0.009521 0.595703 0.075439 0.8392 0.6236 0.0196
v 0.010010 0.595703 0.075439 0.7843 0.5647 0.0235
v -0.022705 0.597168 0.075439 0.8549 0.6393 0.0353
v 0.023682 0.597168 0.075439 0.7294 0.5216 0.0196
v -0.009033 0.607422 0.075439 0.8039 0.5843 0.0431
v 0.009521 0.607422 0.075439 0.7686 0.5412 0.0510
v -0.033447 0.619629 0.075439 0.6667 0.3255 0.1922
v 0.033936 0.619629 0.075439 0.6236 0.2823 0.1804
v -0.032959 0.625000 0.075439 0.6432 0.3176 0.1843
v 0.033447 0.625000 0.075439 0.6197 0.3059 0.1765
v -0.031006 0.647461 0.075439 0.7020 0.3843 0.2157
v 0.031494 0.647461 0.075439 0.6118 0.3059 0.1608
v -0.020264 0.647949 0.075439 0.6471 0.3529 0.2000
v 0.020752 0.647949 0.075439 0.6706 0.3725 0.2157
v 0.000244 0.669922 0.075439 0.6393 0.3843 0.2588
v -0.070068 0.757324 0.075439 0.0510 0.0392 0.0824
v 0.071045 0.757324 0.075439 0.1333 0.0902 0.0667
v -0.047119 0.427246 0.075439 0.1137 0.0706 0.0549
v 0.047607 0.427246 0.075439 0.0941 0.0627 0.0431
v -0.131104 0.018555 0.075439 0.4784 0.3333 0.0510
v 0.132568 0.018555 0.075439 0.9490 0.7294 0.1922
v -0.158936 0.017578 0.075439 0.9176 0.6393 0.0471
v 0.159912 0.017578 0.075439 0.9529 0.7020 0.0784
v -0.157959 0.008789 0.075439 0.2549 0.2000 0.0824
v 0.159424 0.008789 0.075439 0.1804 0.1294 0.0471
v -0.134033 0.005371 0.075439 0.0941 0.0510 0.0000
v 0.135010 0.004883 0.075439 0.1137 0.0745 0.0039
v -0.009033 0.615723 0.075928 0.6432 0.2863 0.1765
v 0.009521 0.615723 0.075928 0.6589 0.3059 0.1961
v -0.021240 0.657715 0.075928 0.6745 0.4157 0.2823
v 0.021729 0.657715 0.075928 0.6510 0.3961 0.2667
v 0.000244 0.688477 0.075928 0.6354 0.3804 0.2510
v -0.040771 0.713379 0.075928 0.6118 0.3608 0.2235
v 0.041260 0.713379 0.075928 0.6471 0.3961 0.2549
v -0.052490 0.734375 0.075928 0.0706 0.0706 0.0667
v 0.053467 0.734375 0.075928 0.0549 0.0196 0.0275
v -0.015869 0.794922 0.075928 0.6550 0.4118 0.2902
v 0.016357 0.794922 0.075928 0.6902 0.4392 0.3216
v -0.139404 0.029297 0.075928 0.9058 0.7020 0.0235
v 0.140381 0.029297 0.075928 0.9019 0.6980 0.0314
v 0.160400 0.015625 0.075928 0.8941 0.6393 0.0471
v 0.055908 0.500000 0.076416 0.8313 0.6157 0.0157
v -0.032471 0.630859 0.076416 0.7294 0.4039 0.2392
v 0.032959 0.630859 0.076416 0.6785 0.3490 0.1804
v -0.031494 0.636719 0.076416 0.7294 0.4039 0.2314
v 0.032471 0.636719 0.076416 0.7176 0.3961 0.2235
v 0.000244 0.656738 0.076416 0.5490 0.3137 0.2039
v -0.036865 0.695801 0.076416 0.6315 0.3804 0.2432
v 0.037354 0.695801 0.076416 0.6157 0.3686 0.2392
v -0.034912 0.800293 0.076416 0.3765 0.2432 0.1451
v 0.035400 0.800293 0.076416 0.2706 0.1961 0.0902
v -0.032959 0.804688 0.076416 0.1137 0.0863 0.0588
v 0.033447 0.804688 0.076416 0.9764 0.8039 0.0980
v -0.158936 0.015625 0.076416 0.8784 0.6393 0.1059
v -0.131592 0.015137 0.076416 0.9176 0.6589 0.0353
v 0.132568 0.015137 0.076416 0.9215 0.6628 0.0784
v -0.055420 0.500000 0.076904 0.8470 0.6393 0.0235
v 0.000244 0.577637 0.076904 0.8274 0.6157 0.0157
v 0.000244 0.615234 0.076904 0.6197 0.2706 0.1647
v -0.031494 0.642578 0.076904 0.6197 0.3098 0.1530
v 0.031982 0.642578 0.076904 0.6236 0.3294 0.1725
v -0.009033 0.647461 0.076904 0.6276 0.3255 0.1882
v 0.009521 0.647461 0.076904 0.6628 0.3686 0.2039
v -0.010010 0.669922 0.076904 0.6863 0.4235 0.2902
v 0.010498 0.669922 0.076904 0.6863 0.4275 0.2980
v -0.038818 0.705078 0.076904 0.6471 0.4039 0.2588
v 0.039307 0.705078 0.076904 0.6432 0.3921 0.2510
v -0.039307 0.716797 0.076904 0.6000 0.3412 0.2157
v 0.039795 0.716797 0.076904 0.6393 0.3765 0.2549
v -0.059814 0.740723 0.076904 0.0784 0.0824 0.0667
v 0.060303 0.740723 0.076904 0.3333 0.2392 0.1294
v -0.027100 0.799316 0.076904 0.3490 0.2118 0.1412
v 0.027588 0.799316 0.076904 0.2823 0.1804 0.1216
v -0.022217 0.802734 0.076904 0.4039 0.2471 0.1686
v 0.022705 0.802734 0.076904 0.0745 0.0510 0.0549
v -0.149170 0.025391 0.076904 0.8941 0.6902 0.0157
v 0.150146 0.025391 0.076904 0.8980 0.6628 0.0392
v -0.148682 0.019043 0.076904 0.9568 0.7020 0.0588
v 0.149658 0.019043 0.076904 0.9568 0.7059 0.0745
v -0.133057 0.007324 0.076904 0.2118 0.1530 0.0510
v 0.134033 0.007324 0.076904 0.2353 0.1725 0.0667
v -0.148682 0.006348 0.076904 0.1333 0.0902 0.0118
v 0.149658 0.006348 0.076904 0.1373 0.0902 0.0118
v -0.140869 0.005859 0.076904 0.1098 0.0745 0.0078
v -0.053467 0.508789 0.077393 0.8470 0.6432 0.0275
v 0.053955 0.508789 0.077393 0.8353 0.6197 0.0118
v -0.065674 0.748535 0.077393 0.0667 0.0627 0.0902
v 0.066162 0.748535 0.077393 0.2275 0.1569 0.0784
v -0.139404 0.024902 0.077393 0.9019 0.6863 0.0471
v 0.140381 0.024902 0.077393 0.9137 0.6863 0.0196
v -0.148682 0.021484 0.077393 0.3843 0.2706 0.0471
v 0.150146 0.021484 0.077393 0.4275 0.2823 0.0353
v -0.139893 0.018555 0.077393 0.9568 0.7176 0.1020
v 0.140869 0.018555 0.077393 0.9647 0.7098 0.0667
v -0.131592 0.013184 0.077393 0.9058 0.6589 0.0902
v 0.133057 0.013184 0.077393 0.5804 0.4275 0.1098
v 0.142334 0.005859 0.077393 0.1333 0.0863 0.0039
v -0.009033 0.657227 0.077881 0.6785 0.4275 0.2902
v 0.010010 0.657227 0.077881 0.6706 0.4196 0.2941
v -0.041748 0.729980 0.077881 0.0824 0.0824 0.0863
v 0.042236 0.729980 0.077881 0.0353 0.0549 0.0784
v -0.006592 0.772949 0.077881 0.1765 0.1216 0.0980
v 0.007568 0.772949 0.077881 0.2118 0.1412 0.1098
v -0.088135 0.488281 0.077881 0.8431 0.6393 0.0078
v 0.088623 0.488281 0.077881 0.8509 0.6354 0.0196
v 0.058838 0.484375 0.077881 0.8392 0.6197 0.0118
v 0.140869 0.020996 0.077881 0.3216 0.1843 0.0000
v -0.139404 0.020508 0.077881 0.4275 0.2784 0.0118
v 0.000244 0.607422 0.078369 0.7921 0.5725 0.0549
v -0.021240 0.618164 0.078369 0.6432 0.2941 0.1647
v 0.021729 0.618164 0.078369 0.6745 0.3216 0.2039
v -0.020752 0.624023 0.078369 0.6550 0.3294 0.1843
v 0.021240 0.624023 0.078369 0.6471 0.3294 0.1922
v -0.020264 0.645996 0.078369 0.7020 0.3921 0.2275
v 0.020752 0.645996 0.078369 0.6471 0.3372 0.1804
v 0.000244 0.698242 0.078369 0.6471 0.3882 0.2549
v -0.040283 0.717773 0.078369 0.5686 0.3294 0.2157
v 0.040771 0.717773 0.078369 0.5921 0.3608 0.2510
v -0.040283 0.720215 0.078369 0.2549 0.1451 0.0039
v 0.041260 0.720215 0.078369 0.7608 0.6118 0.1961
v 0.000244 0.757324 0.078369 0.3412 0.2196 0.0863
v -0.066650 0.782227 0.078369 0.1059 0.0980 0.0745
v 0.067139 0.782227 0.078369 0.0863 0.0902 0.0706
v -0.058350 0.484375 0.078369 0.8431 0.6276 0.0196
v -0.149170 0.008789 0.078369 0.2275 0.1647 0.0627
v 0.150146 0.008789 0.078369 0.2745 0.2196 0.1216
v 0.000244 0.595215 0.078857 0.8157 0.5921 0.0275
v -0.009033 0.623535 0.078857 0.6157 0.2941 0.1569
v 0.000244 0.623535 0.078857 0.6432 0.3176 0.1725
v 0.009521 0.623535 0.078857 0.6589 0.3294 0.1843
v 0.000244 0.634766 0.078857 0.6471 0.3255 0.1765
v 0.000244 0.645508 0.078857 0.7255 0.4157 0.2510
v -0.023682 0.687012 0.078857 0.6197 0.3647 0.2392
v 0.024658 0.687012 0.078857 0.6079 0.3568 0.2314
v -0.010986 0.800293 0.078857 0.1451 0.1020 0.0902
v 0.011475 0.800293 0.078857 0.1686 0.1216 0.0941
v -0.050537 0.461426 0.078857 0.8353 0.6118 0.0275
v 0.051514 0.461426 0.078857 0.8313 0.6157 0.0196
v -0.058838 0.439941 0.078857 0.5176 0.3686 0.0706
v 0.059326 0.439941 0.078857 0.5333 0.3451 0.0588
v -0.149170 0.018555 0.078857 0.9411 0.6745 0.0471
v 0.150146 0.018555 0.078857 0.9568 0.7020 0.0667
v 0.140869 0.017578 0.078857 0.9372 0.6706 0.0627
v -0.140869 0.008789 0.078857 0.2510 0.1922 0.0824
v 0.141846 0.008789 0.078857 0.2784 0.2196 0.1059
v -0.009033 0.617676 0.079346 0.6197 0.2706 0.1569
v 0.000244 0.617676 0.079346 0.6236 0.2823 0.1569
v 0.009521 0.617676 0.079346 0.6785 0.3294 0.2078
v -0.020264 0.629883 0.079346 0.6785 0.3529 0.1804
v 0.021240 0.629883 0.079346 0.6236 0.3059 0.1569
v -0.020264 0.635254 0.079346 0.7098 0.3843 0.2196
v 0.020752 0.635254 0.079346 0.6432 0.3333 0.1765
v -0.009033 0.645508 0.079346 0.6863 0.3765 0.2196
v 0.009521 0.645508 0.079346 0.6745 0.3568 0.2000
v -0.010986 0.687500 0.079346 0.6393 0.3843 0.2510
v 0.011963 0.687500 0.079346 0.6039 0.3529 0.2235
v -0.030029 0.797852 0.079346 0.4353 0.2549 0.1137
v 0.030518 0.797852 0.079346 0.3412 0.2039 0.1020
v 0.000244 0.799316 0.079346 0.1882 0.1451 0.1176
v -0.139893 0.017578 0.079346 0.9255 0.6667 0.0471
v -0.149170 0.016113 0.079346 0.9490 0.7176 0.1765
v 0.150146 0.016113 0.079346 0.9451 0.6941 0.0549
v -0.068115 0.505371 0.079834 0.8392 0.6432 0.0118
v 0.068604 0.505371 0.079834 0.8549 0.6432 0.0118
v -0.009033 0.634766 0.079834 0.6118 0.2863 0.1373
v 0.009521 0.634766 0.079834 0.7451 0.4275 0.2471
v -0.019775 0.641113 0.079834 0.6667 0.3490 0.1765
v 0.020752 0.641113 0.079834 0.6197 0.3059 0.1647
v -0.043213 0.731934 0.079834 0.0980 0.0941 0.0941
v 0.043701 0.731934 0.079834 0.0471 0.0549 0.0784
v -0.139893 0.015625 0.079834 0.9490 0.6941 0.0667
v 0.140869 0.015625 0.079834 0.9333 0.7059 0.1569
v -0.009033 0.629395 0.080322 0.6118 0.2941 0.1255
v 0.009521 0.629395 0.080322 0.7216 0.3921 0.2157
v 0.000244 0.708008 0.080322 0.6510 0.3961 0.2588
v 0.031982 0.718262 0.080322 0.6276 0.3725 0.2471
v -0.023193 0.801758 0.080322 0.1490 0.1137 0.0706
v 0.023682 0.801758 0.080322 0.9215 0.7568 0.1725
v 0.000244 0.628906 0.080811 0.6236 0.3019 0.1490
v -0.009033 0.640625 0.080811 0.6589 0.3490 0.1961
v 0.009521 0.640625 0.080811 0.6550 0.3490 0.1882
v 0.000244 0.716309 0.080811 0.6315 0.3725 0.2392
v -0.030029 0.718750 0.080811 0.6354 0.3765 0.2549
v -0.013916 0.787109 0.080811 0.1725 0.1373 0.1020
v 0.014404 0.787109 0.080811 0.2039 0.1569 0.1059
v 0.091553 0.467773 0.080811 0.8392 0.6197 0.0118
v 0.061279 0.428711 0.080811 0.1020 0.0667 0.0471
v -0.060791 0.428223 0.080811 0.0824 0.0667 0.0471
v 0.000244 0.640625 0.081299 0.6628 0.3451 0.1882
v 0.000244 0.721191 0.081299 0.6118 0.3529 0.2157
v -0.055420 0.740723 0.081299 0.1176 0.0980 0.0863
v 0.055908 0.740723 0.081299 0.0196 0.0471 0.0824
v -0.023682 0.794434 0.081299 0.1882 0.1451 0.1059
v 0.024658 0.794434 0.081299 0.1765 0.1490 0.1020
v -0.028076 0.796387 0.081299 0.2627 0.1647 0.1059
v 0.028564 0.796387 0.081299 0.1961 0.1490 0.1137
v -0.072510 0.486328 0.081299 0.8549 0.6628 0.0157
v 0.072998 0.486328 0.081299 0.8588 0.6471 0.0157
v -0.091064 0.467773 0.081299 0.8470 0.6432 0.0196
v -0.092529 0.446777 0.081299 0.4745 0.3019 0.0235
v 0.093018 0.446777 0.081299 0.5843 0.3921 0.0314
v -0.057373 0.440430 0.081299 0.8549 0.6432 0.0392
v 0.057861 0.440430 0.081299 0.8980 0.6824 0.0510
v -0.027588 0.715820 0.081787 0.6628 0.4039 0.2667
v 0.028076 0.715820 0.081787 0.6628 0.4039 0.2667
v -0.044678 0.735352 0.081787 0.0902 0.0745 0.0627
v 0.045166 0.735352 0.081787 0.0510 0.0588 0.0745
v -0.052002 0.794434 0.081787 0.1333 0.1059 0.0902
v 0.052979 0.794434 0.081787 0.1412 0.1255 0.0902
v -0.036865 0.799805 0.081787 0.2118 0.1765 0.1098
v 0.037354 0.799805 0.081787 0.1843 0.1647 0.1216
v -0.063232 0.463379 0.081787 0.8509 0.6589 0.0196
v 0.063721 0.463379 0.081787 0.8509 0.6354 0.0235
v -0.025146 0.696289 0.082275 0.6471 0.3882 0.2549
v 0.025635 0.696289 0.082275 0.6628 0.3961 0.2627
v -0.030518 0.719727 0.082275 0.5530 0.3294 0.2039
v 0.031006 0.719727 0.082275 0.5647 0.3333 0.2432
v -0.031006 0.722168 0.082275 0.6902 0.5882 0.1882
v 0.031494 0.722168 0.082275 0.7882 0.6393 0.1725
v -0.031982 0.732422 0.082275 0.0549 0.0667 0.0667
v 0.032471 0.732422 0.082275 0.0549 0.0510 0.0471
v 0.000244 0.770996 0.082275 0.3921 0.2745 0.0745
v 0.000244 0.794434 0.082275 0.5412 0.3804 0.1176
v -0.012451 0.794922 0.082275 0.4706 0.3333 0.1020
v 0.013428 0.794922 0.082275 0.3372 0.2000 0.0784
v -0.011475 0.799316 0.082275 0.2823 0.2039 0.0667
v 0.011963 0.799316 0.082275 0.6157 0.4941 0.1176
v -0.011475 0.697266 0.082764 0.6745 0.4118 0.2745
v 0.011963 0.697266 0.082764 0.6785 0.4235 0.2784
v -0.026123 0.706543 0.082764 0.6941 0.4432 0.2941
v 0.027100 0.706543 0.082764 0.7020 0.4432 0.2902
v -0.009521 0.720703 0.082764 0.6510 0.3921 0.2549
v 0.010010 0.720703 0.082764 0.6589 0.4078 0.2627
v -0.026611 0.793945 0.082764 0.1647 0.1569 0.1098
v 0.027100 0.793945 0.082764 0.1686 0.1490 0.1098
v 0.000244 0.798340 0.082764 0.4550 0.3686 0.1294
v -0.094482 0.435547 0.082764 0.0784 0.0706 0.0588
v 0.094971 0.435547 0.082764 0.0902 0.0627 0.0510
v -0.019775 0.720215 0.083252 0.6628 0.4000 0.2627
v 0.020264 0.720215 0.083252 0.6706 0.4000 0.2706
v -0.066162 0.770020 0.083252 0.1059 0.0902 0.0667
v 0.066650 0.770020 0.083252 0.0706 0.0706 0.0745
v -0.013428 0.781738 0.083252 0.1608 0.1412 0.1059
v 0.013916 0.781738 0.083252 0.1765 0.1412 0.1216
v -0.012939 0.716797 0.083740 0.6745 0.4157 0.2784
v 0.013428 0.716797 0.083740 0.6902 0.4314 0.2941
v 0.094482 0.447754 0.083740 0.8706 0.6589 0.0353
v -0.069092 0.441406 0.083740 0.4667 0.2980 0.0235
v 0.069580 0.441406 0.083740 0.6039 0.4000 0.0275
v -0.058838 0.428711 0.083740 0.1098 0.0706 0.0549
v 0.059814 0.428711 0.083740 0.0941 0.0627 0.0471
v -0.011963 0.707520 0.084229 0.7059 0.4510 0.3019
v 0.012939 0.707520 0.084229 0.6980 0.4392 0.3059
v 0.000244 0.779785 0.084229 0.2549 0.1843 0.0745
v -0.076416 0.465332 0.084229 0.8666 0.6589 0.0157
v 0.076904 0.465332 0.084229 0.8627 0.6550 0.0118
v -0.093994 0.447754 0.084229 0.8980 0.6824 0.0431
v -0.020264 0.720703 0.084717 0.6315 0.3765 0.2471
v 0.020752 0.720703 0.084717 0.6315 0.3804 0.2549
v -0.020264 0.723633 0.084717 0.8117 0.6980 0.3176
v 0.020752 0.723633 0.084717 0.8078 0.6706 0.2314
v -0.032959 0.733887 0.084717 0.1020 0.1059 0.0980
v 0.033447 0.733887 0.084717 0.0784 0.0667 0.0706
v -0.021240 0.734375 0.084717 0.0431 0.0471 0.0392
v 0.021729 0.734375 0.084717 0.0627 0.0588 0.0471
v -0.059326 0.749023 0.084717 0.0745 0.0706 0.0510
v 0.060303 0.749023 0.084717 0.0157 0.0275 0.0627
v 0.000244 0.786621 0.084717 0.1451 0.1255 0.1020
v -0.010498 0.735840 0.085205 0.1059 0.1059 0.1020
v 0.010986 0.735840 0.085205 0.1059 0.1059 0.0941
v 0.000244 0.736328 0.085205 0.1216 0.1176 0.1137
v -0.063721 0.758789 0.085205 0.0902 0.0824 0.0667
v 0.064209 0.758789 0.085205 0.0431 0.0471 0.0667
v -0.080322 0.443848 0.085205 0.4275 0.2392 0.0078
v 0.080811 0.443848 0.085205 0.5333 0.3176 0.0000
v -0.009521 0.721680 0.085693 0.6276 0.3647 0.2314
v 0.000244 0.721680 0.085693 0.5882 0.3372 0.2118
v 0.010010 0.721680 0.085693 0.6236 0.3686 0.2314
v -0.009521 0.724121 0.085693 0.5373 0.4471 0.1333
v 0.010498 0.724121 0.085693 0.7059 0.6157 0.2157
v 0.000244 0.724609 0.085693 0.8353 0.7137 0.2353
v -0.011963 0.787109 0.085693 0.1647 0.1412 0.1020
v 0.012939 0.787109 0.085693 0.1804 0.1490 0.1098
v -0.025146 0.796387 0.085693 0.2314 0.2078 0.1216
v 0.025635 0.796387 0.085693 0.2078 0.1804 0.1176
v -0.095947 0.436035 0.085693 0.1216 0.1020 0.0549
v 0.096436 0.436035 0.085693 0.0980 0.0667 0.0471
v -0.033936 0.737793 0.086182 0.0980 0.0902 0.0824
v 0.034424 0.737793 0.086182 0.0941 0.0863 0.0706
v -0.022705 0.787598 0.086182 0.1412 0.1333 0.1020
v 0.023193 0.787598 0.086182 0.1686 0.1373 0.1098
v -0.071045 0.430176 0.086182 0.1098 0.0745 0.0353
v 0.071533 0.430176 0.086182 0.1216 0.0745 0.0392
v -0.021729 0.736328 0.086670 0.1176 0.1137 0.1098
v 0.022217 0.736328 0.086670 0.1098 0.1059 0.0941
v 0.011475 0.737793 0.086670 0.0627 0.0627 0.0510
v -0.010498 0.738281 0.086670 0.0588 0.0588 0.0431
v 0.000244 0.738770 0.086670 0.0784 0.0667 0.0588
v 0.000244 0.741211 0.086670 0.1255 0.1059 0.0980
v -0.047607 0.741699 0.086670 0.1059 0.0941 0.0745
v 0.048096 0.741699 0.086670 0.0706 0.0745 0.0627
v 0.000244 0.744141 0.086670 0.0824 0.0667 0.0588
v -0.068115 0.442383 0.086670 0.8823 0.6589 0.0275
v 0.068604 0.442383 0.086670 0.8745 0.6550 0.0392
v -0.010986 0.740723 0.087158 0.1333 0.1176 0.1137
v 0.011475 0.740723 0.087158 0.1098 0.1020 0.0863
v -0.011963 0.743164 0.087158 0.0824 0.0745 0.0588
v 0.012451 0.743164 0.087158 0.0824 0.0745 0.0588
v 0.000244 0.792969 0.087158 0.2275 0.2000 0.1176
v -0.012451 0.793945 0.087158 0.2235 0.1922 0.1137
v 0.012939 0.793945 0.087158 0.2157 0.1843 0.1059
v -0.082275 0.432617 0.087158 0.1647 0.0784 0.0275
v 0.082764 0.432617 0.087158 0.1490 0.0784 0.0353
v -0.022217 0.740234 0.087646 0.0706 0.0627 0.0431
v 0.022705 0.740234 0.087646 0.0941 0.0824 0.0627
v -0.054932 0.783203 0.088135 0.1333 0.1098 0.0980
v 0.055420 0.783203 0.088135 0.1294 0.1176 0.0902
v -0.039795 0.791992 0.088135 0.1647 0.1451 0.1216
v 0.040283 0.791992 0.088135 0.1647 0.1451 0.1098
v -0.080322 0.444824 0.088135 0.9019 0.6941 0.0353
v 0.080811 0.444824 0.088135 0.8902 0.6706 0.0431
v -0.070068 0.430664 0.089111 0.1412 0.0902 0.0235
v 0.071045 0.430664 0.089111 0.1176 0.0706 0.0392
v 0.083252 0.433105 0.090088 0.1137 0.0706 0.0431
v -0.036377 0.743652 0.090576 0.1098 0.0941 0.0706
v 0.036865 0.743652 0.090576 0.1216 0.1059 0.0824
v 0.000244 0.746582 0.090576 0.1020 0.0863 0.0745
v 0.000244 0.786133 0.090576 0.1882 0.1686 0.1255
v -0.012939 0.787109 0.090576 0.1882 0.1608 0.1216
v 0.013916 0.787109 0.090576 0.1961 0.1686 0.1294
v -0.026611 0.789062 0.090576 0.1882 0.1608 0.1294
v 0.027100 0.789062 0.090576 0.1725 0.1530 0.1020
v -0.082275 0.433105 0.090576 0.0980 0.0706 0.0588
v -0.012451 0.746582 0.091064 0.1255 0.1137 0.0902
v 0.012939 0.746582 0.091064 0.1137 0.1020 0.0784
v -0.050537 0.750000 0.091064 0.1098 0.0941 0.0745
v 0.051025 0.750000 0.091064 0.0824 0.0745 0.0667
v -0.024170 0.745605 0.091553 0.1176 0.0980 0.0745
v 0.025146 0.745605 0.091553 0.1098 0.0980 0.0706
v -0.055420 0.771484 0.092529 0.1255 0.1059 0.0941
v 0.055908 0.771484 0.092529 0.1216 0.1020 0.0745
v 0.000244 0.754395 0.093018 0.1216 0.1098 0.0902
v -0.053467 0.759766 0.093018 0.1137 0.0980 0.0784
v 0.053955 0.759766 0.093018 0.1059 0.0941 0.0745
v -0.012939 0.753906 0.093506 0.1255 0.1059 0.0902
v 0.013428 0.753906 0.093506 0.1333 0.1137 0.0980
v -0.041260 0.782715 0.093506 0.1490 0.1373 0.1176
v 0.041748 0.782715 0.093506 0.1333 0.1216 0.0941
v 0.000244 0.770508 0.093994 0.1255 0.1098 0.0941
v -0.038330 0.751465 0.094482 0.1059 0.0941 0.0667
v 0.039307 0.751465 0.094971 0.1020 0.0863 0.0588
v -0.025635 0.753418 0.094971 0.1216 0.1059 0.0863
v 0.026123 0.753418 0.094971 0.1176 0.0941 0.0706
v -0.013428 0.770996 0.094971 0.1294 0.1176 0.0980
v 0.014404 0.770996 0.094971 0.1373 0.1176 0.1020
v -0.027100 0.781250 0.094971 0.1255 0.1137 0.0941
v 0.028076 0.781250 0.094971 0.1530 0.1412 0.1216
v 0.000244 0.779297 0.095459 0.1255 0.1137 0.0863
v -0.013428 0.779785 0.095459 0.1294 0.1176 0.0902
v 0.013916 0.779785 0.095459 0.1216 0.1176 0.0980
v -0.040283 0.761230 0.096924 0.1294 0.1098 0.0863
v 0.041260 0.761230 0.096924 0.1137 0.1020 0.0745
v -0.027588 0.771484 0.096924 0.1412 0.1294 0.1098
v 0.028076 0.771484 0.096924 0.1373 0.1216 0.1098
v -0.041748 0.771973 0.096924 0.1530 0.1333 0.1176
v 0.042236 0.771973 0.096924 0.1255 0.1216 0.0980
v -0.013428 0.762207 0.097412 0.1373 0.1255 0.1059
v -0.026611 0.762207 0.097412 0.1373 0.1176 0.0941
v 0.000244 0.762207 0.097412 0.1255 0.1098 0.0941
v 0.013916 0.762207 0.097412 0.1373 0.1255 0.1059
v 0.027588 0.762207 0.097412 0.1412 0.1216 0.1059
v 0.449463 0.755371 -0.000244 0.8980 0.6824 0.0196
v -0.448975 0.755859 -0.000244 0.8980 0.6745 0.0275
v 0.459229 0.763672 -0.000244 0.8627 0.6510 0.0235
v -0.457275 0.764160 -0.000244 0.8666 0.6471 0.0235
v -0.463135 0.773926 -0.000244 0.8549 0.6354 0.0118
v 0.464600 0.773926 -0.000244 0.8666 0.6510 0.0157
v -0.186279 0.777344 -0.000244 0.6157 0.3451 0.2157
v 0.186768 0.777344 -0.000244 0.6197 0.3451 0.2157
v -0.466065 0.784668 -0.000244 0.8392 0.6197 0.0118
v 0.465576 0.784668 -0.000244 0.8627 0.6432 0.0157
v -0.053467 0.847168 -0.000244 0.5451 0.3255 0.2275
v 0.054443 0.847168 -0.000244 0.5530 0.3216 0.2078
v -0.049561 0.853027 -0.000244 0.2039 0.1098 0.0392
v 0.050049 0.853027 -0.000244 0.0941 0.0745 0.0745
v 0.041748 0.917969 -0.000244 0.7020 0.4196 0.3176
v -0.040771 0.923828 -0.000244 0.4589 0.2314 0.1373
v 0.041260 0.923828 -0.000244 0.5882 0.3294 0.2275
v -0.043701 0.924316 -0.000244 0.5176 0.2745 0.1765
v 0.044189 0.924316 -0.000244 0.6197 0.3529 0.2549
v -0.047119 0.933105 -0.000244 0.4980 0.2510 0.1530
v 0.047607 0.933105 -0.000244 0.4550 0.2078 0.1020
v -0.050049 0.963867 -0.000244 0.4471 0.1725 0.0745
v 0.051025 0.963867 -0.000244 0.4863 0.1843 0.0824
v -0.047119 0.972656 -0.000244 0.4863 0.2039 0.0941
v 0.047607 0.972656 -0.000244 0.5137 0.2196 0.1059
v -0.034424 0.988770 -0.000244 0.4902 0.1961 0.0941
v 0.034912 0.988770 -0.000244 0.4941 0.2078 0.0902
v -0.025146 0.995117 -0.000244 0.5137 0.2118 0.0902
v 0.026123 0.995117 -0.000244 0.4980 0.2000 0.0824
v 0.000244 0.998047 -0.000244 0.4510 0.1804 0.1020
v -0.015381 0.999023 -0.000244 0.5176 0.2157 0.1020
v 0.015869 0.999023 -0.000244 0.5216 0.2235 0.1098
v -0.006104 0.999512 -0.000244 0.4392 0.1765 0.0863
v 0.006592 0.999512 -0.000244 0.4589 0.1686 0.0588
v 0.000244 0.496094 -0.000244 0.3333 0.2039 0.0196
v -0.002686 0.495117 -0.000244 0.4980 0.3216 0.0353
v 0.003662 0.495117 -0.000244 0.4000 0.2432 0.0314
v -0.007080 0.452148 -0.000244 0.6706 0.4628 0.0235
v 0.008057 0.452148 -0.000244 0.6471 0.4235 0.0314
v -0.007080 0.437988 -0.000244 0.7372 0.5098 0.0157
v 0.007568 0.437988 -0.000244 0.6667 0.4628 0.0431
v -0.010010 0.437500 -0.000244 0.1961 0.1059 0.0235
v 0.010986 0.437500 -0.000244 0.2823 0.1608 0.0471
v -0.161377 0.052734 -0.000244 0.9451 0.6354 0.2392
v 0.162354 0.052734 -0.000244 0.9686 0.7098 0.1961
v -0.103760 0.030762 -0.000244 0.6550 0.4863 0.0941
v 0.104736 0.030762 -0.000244 0.3843 0.2510 0.0627
v -0.075928 0.636719 -0.000732 0.5216 0.2667 0.0627
v 0.076416 0.636719 -0.000732 0.5059 0.1961 0.0549
v -0.063232 0.701172 -0.000732 0.6197 0.3725 0.2471
v 0.063721 0.701172 -0.000732 0.5921 0.3568 0.2314
v -0.438721 0.749512 -0.000732 0.8549 0.6550 0.0118
v 0.438721 0.749512 -0.000732 0.8745 0.6667 0.0314
v -0.304932 0.782227 -0.000732 0.6393 0.3725 0.2353
v 0.305908 0.782227 -0.000732 0.6197 0.3451 0.2235
v -0.431397 0.838379 -0.000732 0.8823 0.6745 0.0353
v 0.431397 0.838379 -0.000732 0.8706 0.6510 0.0784
v -0.027100 0.889160 -0.000732 0.6039 0.3725 0.2432
v 0.028076 0.889160 -0.000732 0.5961 0.3647 0.2314
v -0.044678 0.910645 -0.000732 0.6039 0.3451 0.2275
v 0.045166 0.910645 -0.000732 0.5451 0.3098 0.2039
v -0.046143 0.916504 -0.000732 0.7176 0.4432 0.3098
v 0.046631 0.916504 -0.000732 0.7294 0.4589 0.3333
v -0.043701 0.917480 -0.000732 0.7216 0.4510 0.3137
v 0.044189 0.917480 -0.000732 0.7137 0.4314 0.3176
v -0.040771 0.917969 -0.000732 0.7137 0.4353 0.3137
v -0.045166 0.926270 -0.000732 0.5961 0.3686 0.2745
v 0.045654 0.926270 -0.000732 0.5764 0.3137 0.2118
v -0.004639 0.490234 -0.000732 0.5843 0.3725 0.0196
v 0.005615 0.490234 -0.000732 0.5333 0.3372 0.0588
v -0.007080 0.427246 -0.000732 0.1059 0.0706 0.0510
v -0.010498 0.427246 -0.000732 0.1020 0.0627 0.0431
v 0.008057 0.427246 -0.000732 0.1059 0.0667 0.0471
v 0.010986 0.427246 -0.000732 0.1216 0.0627 0.0510
v -0.093506 0.273926 -0.000732 0.6118 0.3647 0.2432
v 0.093994 0.273926 -0.000732 0.6118 0.3686 0.2353
v -0.111084 0.261719 -0.000732 0.6550 0.3961 0.2588
v 0.111572 0.261719 -0.000732 0.6706 0.4039 0.2588
v -0.128174 0.073730 -0.000732 0.6079 0.4000 0.1490
v 0.129150 0.073730 -0.000732 0.5804 0.3961 0.0941
v -0.176025 0.023926 -0.000732 0.9215 0.6824 0.0902
v 0.177002 0.023926 -0.000732 0.9686 0.7804 0.0824
v -0.124268 0.007324 -0.000732 0.0902 0.0627 0.0314
v 0.125244 0.007324 -0.000732 0.0784 0.0588 0.0353
v -0.139893 0.005859 -0.000732 0.1255 0.0980 0.0667
v 0.140869 0.005859 -0.000732 0.1530 0.1255 0.0980
v -0.077881 0.640137 -0.001221 0.6471 0.3176 0.1412
v 0.078369 0.640137 -0.001221 0.6550 0.3137 0.1608
v -0.063721 0.703613 -0.001221 0.1961 0.0471 0.0039
v 0.064697 0.703613 -0.001221 0.5216 0.4353 0.1059
v -0.082275 0.731445 -0.001221 0.1412 0.1294 0.0902
v 0.082764 0.731445 -0.001221 0.1686 0.1255 0.0980
v -0.427002 0.747559 -0.001221 0.8706 0.6667 0.0314
v 0.427002 0.747559 -0.001221 0.8353 0.6236 0.0039
v -0.091553 0.768066 -0.001221 0.6550 0.4000 0.2902
v 0.092041 0.768066 -0.001221 0.6745 0.3843 0.2314
v -0.281006 0.770508 -0.001221 0.6354 0.3804 0.2471
v 0.281494 0.770508 -0.001221 0.6354 0.3686 0.2314
v -0.387940 0.780273 -0.001221 0.1059 0.0784 0.0471
v -0.094971 0.786133 -0.001221 0.6276 0.3804 0.2471
v 0.095947 0.786133 -0.001221 0.6079 0.3490 0.2157
v -0.214600 0.823242 -0.001221 0.6079 0.3647 0.2471
v 0.215088 0.823242 -0.001221 0.6354 0.3804 0.2549
v -0.165771 0.834961 -0.001221 0.6510 0.4039 0.2745
v 0.166260 0.834961 -0.001221 0.6157 0.3647 0.2392
v -0.417236 0.839844 -0.001221 0.8627 0.6550 0.0314
v 0.417236 0.839844 -0.001221 0.8666 0.6510 0.0549
v -0.047119 0.850098 -0.001221 0.5490 0.3568 0.1725
v 0.047607 0.850098 -0.001221 0.3137 0.1922 0.1530
v -0.038818 0.913574 -0.001221 0.5686 0.3059 0.2078
v 0.039307 0.913574 -0.001221 0.5490 0.3098 0.2039
v -0.045166 0.932129 -0.001221 0.4745 0.2471 0.1490
v 0.045654 0.932129 -0.001221 0.4745 0.2235 0.1176
v -0.016357 0.473145 -0.001221 0.1490 0.0784 0.0549
v 0.016846 0.473145 -0.001221 0.5137 0.3216 0.2314
v -0.083252 0.286621 -0.001221 0.6589 0.4000 0.2745
v 0.084229 0.286621 -0.001221 0.6315 0.3765 0.2549
v -0.104248 0.025879 -0.001221 0.8039 0.6157 0.1725
v 0.105225 0.025879 -0.001221 0.4667 0.3372 0.0627
v -0.177490 0.023438 -0.001221 0.9098 0.6824 0.1216
v 0.178467 0.023438 -0.001221 0.8784 0.7020 0.1412
v -0.414795 0.749512 -0.001709 0.8588 0.6393 0.0275
v 0.414795 0.749512 -0.001709 0.8745 0.6589 0.0510
v -0.387940 0.780273 -0.001709 0.1020 0.0745 0.0431
v 0.387940 0.780273 -0.001709 0.0392 0.0353 0.0549
v -0.062744 0.850098 -0.001709 0.6000 0.3608 0.2353
v 0.063232 0.850098 -0.001709 0.5961 0.3647 0.2392
v -0.041260 0.911133 -0.001709 0.5530 0.2980 0.2118
v 0.041748 0.911133 -0.001709 0.5764 0.3216 0.2196
v -0.041260 0.919922 -0.001709 0.5451 0.2980 0.2078
v 0.042236 0.919922 -0.001709 0.6000 0.3372 0.2392
v 0.045654 0.919922 -0.001709 0.6118 0.3490 0.2392
v -0.045166 0.922363 -0.001709 0.4745 0.2432 0.1530
v 0.045654 0.922363 -0.001709 0.5921 0.3372 0.2392
v -0.006104 0.479492 -0.001709 0.6118 0.3961 0.0157
v 0.007080 0.479492 -0.001709 0.5961 0.3961 0.0471
v -0.007080 0.468262 -0.001709 0.6236 0.4078 0.0157
v 0.007568 0.468262 -0.001709 0.6236 0.4078 0.0196
v -0.100830 0.259277 -0.001709 0.6354 0.3843 0.2471
v 0.101318 0.259277 -0.001709 0.6667 0.4118 0.2706
v -0.136475 0.074707 -0.001709 0.2980 0.2157 0.0941
v 0.137451 0.074707 -0.001709 0.1686 0.0941 0.0314
v -0.104248 0.023438 -0.001709 0.0745 0.0549 0.0235
v 0.105225 0.023438 -0.001709 0.0667 0.0549 0.0353
v -0.111084 0.576660 -0.002197 0.4275 0.2667 0.0275
v 0.112061 0.576660 -0.002197 0.4314 0.2706 0.0235
v -0.404053 0.755859 -0.002197 0.8862 0.6667 0.0275
v 0.404053 0.755859 -0.002197 0.8313 0.6118 0.0353
v -0.221924 0.823730 -0.002197 0.6393 0.3921 0.2667
v 0.222412 0.823730 -0.002197 0.6550 0.4000 0.2745
v -0.250732 0.829590 -0.002197 0.6589 0.3882 0.2588
v 0.251221 0.829590 -0.002197 0.6863 0.4078 0.2823
v -0.178467 0.833496 -0.002197 0.6354 0.3804 0.2549
v 0.178955 0.833496 -0.002197 0.6236 0.3686 0.2432
v -0.402588 0.839355 -0.002197 0.8392 0.6197 0.0118
v 0.402588 0.839355 -0.002197 0.8588 0.6315 0.0510
v -0.036377 0.860352 -0.002197 0.6079 0.3804 0.2510
v 0.036865 0.860352 -0.002197 0.2000 0.0824 0.0275
v -0.043213 0.909668 -0.002197 0.5608 0.3098 0.2078
v 0.043701 0.909668 -0.002197 0.5725 0.3255 0.2196
v -0.045166 0.919922 -0.002197 0.6432 0.3804 0.2902
v -0.042236 0.922363 -0.002197 0.4863 0.2510 0.1647
v 0.043213 0.922363 -0.002197 0.5843 0.3255 0.2275
v -0.113037 0.239746 -0.002197 0.6824 0.4157 0.2706
v 0.113525 0.239746 -0.002197 0.6745 0.4039 0.2627
v -0.177979 0.020996 -0.002197 0.1020 0.0510 0.0314
v 0.178955 0.020996 -0.002197 0.0902 0.0471 0.0588
v -0.167236 0.007324 -0.002197 0.1530 0.1255 0.0784
v 0.168701 0.007324 -0.002197 0.1608 0.1569 0.1216
v -0.061279 0.666504 -0.002686 0.6941 0.3686 0.2196
v 0.061768 0.666504 -0.002686 0.6941 0.3843 0.2235
v -0.047119 0.679688 -0.002686 0.6354 0.3804 0.2549
v 0.047607 0.679688 -0.002686 0.6315 0.3804 0.2510
v -0.047607 0.686523 -0.002686 0.6393 0.3804 0.2432
v 0.048096 0.686523 -0.002686 0.6550 0.3961 0.2588
v -0.399658 0.760742 -0.002686 0.8470 0.6197 0.0235
v 0.399658 0.760742 -0.002685 0.8353 0.6118 0.0196
v -0.396729 0.780273 -0.002686 0.0980 0.0824 0.0471
v 0.397217 0.780273 -0.002685 0.0980 0.0706 0.0392
v -0.312256 0.784180 -0.002686 0.5961 0.3372 0.2196
v 0.312744 0.784180 -0.002686 0.6667 0.3843 0.2432
v -0.038818 0.860352 -0.002686 0.6157 0.3765 0.2706
v 0.039307 0.860352 -0.002686 0.8313 0.5961 0.1098
v -0.028564 0.870605 -0.002686 0.5804 0.3608 0.2314
v 0.029053 0.870605 -0.002686 0.5608 0.3372 0.2118
v -0.026611 0.880859 -0.002686 0.5804 0.3529 0.2275
v 0.027100 0.880859 -0.002686 0.5725 0.3412 0.2196
v -0.035889 0.911133 -0.002686 0.5530 0.2980 0.1961
v 0.036377 0.911133 -0.002686 0.5569 0.3059 0.2000
v -0.047119 0.915039 -0.002686 0.7333 0.4471 0.3216
v 0.047607 0.915039 -0.002686 0.6863 0.4118 0.2902
v -0.047607 0.919434 -0.002686 0.7137 0.4392 0.3333
v 0.048584 0.919434 -0.002686 0.7176 0.4392 0.3294
v -0.045654 0.929199 -0.002686 0.5490 0.2980 0.2039
v 0.046143 0.929199 -0.002686 0.6510 0.3804 0.2706
v -0.017334 0.459473 -0.002686 0.2627 0.1294 0.0784
v 0.017822 0.459473 -0.002686 0.3921 0.2118 0.1490
v -0.124268 0.422852 -0.002686 0.6393 0.3921 0.2549
v 0.124756 0.422852 -0.002686 0.6628 0.4000 0.2706
v -0.173584 0.037598 -0.002686 0.0627 0.0471 0.0549
v 0.174561 0.037598 -0.002686 0.0471 0.0039 0.0588
v -0.105225 0.031738 -0.002686 0.8078 0.5686 0.0706
v 0.106689 0.031738 -0.002686 0.7333 0.4550 0.1451
v -0.105225 0.027344 -0.002686 0.9058 0.6628 0.0745
v 0.106201 0.027344 -0.002686 0.8862 0.6432 0.1412
v -0.114014 0.010254 -0.002686 0.0863 0.0902 0.0667
v 0.114990 0.010254 -0.002686 0.1608 0.1294 0.0902
v -0.398193 0.766113 -0.003174 0.7647 0.5333 0.0353
v 0.398682 0.766113 -0.003174 0.7686 0.5412 0.0275
v -0.198486 0.776855 -0.003174 0.6236 0.3372 0.2118
v 0.198975 0.776855 -0.003174 0.6276 0.3412 0.2157
v -0.369385 0.782715 -0.003174 0.0824 0.0706 0.0510
v 0.369873 0.782715 -0.003174 0.1333 0.1059 0.0824
v -0.101318 0.788574 -0.003174 0.5804 0.3412 0.2196
v 0.101807 0.788574 -0.003174 0.5686 0.3255 0.2000
v -0.388428 0.835938 -0.003174 0.8353 0.6197 0.0235
v 0.388916 0.835938 -0.003174 0.8157 0.5961 0.0275
v -0.047607 0.923828 -0.003174 0.5882 0.3255 0.2432
v 0.048096 0.923828 -0.003174 0.5686 0.3059 0.2000
v -0.048096 0.932617 -0.003174 0.5255 0.2627 0.1686
v 0.048584 0.932617 -0.003174 0.5333 0.2667 0.1569
v -0.113037 0.294922 -0.003174 0.6079 0.3725 0.2392
v 0.113525 0.294922 -0.003174 0.6039 0.3568 0.2275
v -0.120361 0.070312 -0.003174 0.7529 0.5530 0.1333
v 0.121338 0.070312 -0.003174 0.0235 0.0235 0.0784
v -0.085205 0.738770 -0.003662 0.9529 0.7372 0.2196
v 0.085693 0.738770 -0.003662 0.8353 0.6550 0.2235
v -0.210693 0.773926 -0.003662 0.6276 0.3725 0.2471
v 0.211670 0.773926 -0.003662 0.6197 0.3568 0.2432
v -0.035400 0.859375 -0.003662 0.6157 0.3725 0.2471
v 0.035889 0.859375 -0.003662 0.5569 0.3255 0.2353
v -0.046143 0.932129 -0.003662 0.5098 0.2549 0.1569
v 0.046631 0.932129 -0.003662 0.5255 0.2549 0.1530
v -0.049072 0.934570 -0.003662 0.6510 0.3647 0.2510
v 0.049561 0.934570 -0.003662 0.6000 0.3294 0.2275
v -0.135010 0.488281 -0.003662 0.0980 0.0667 0.0510
v 0.135498 0.488281 -0.003662 0.0902 0.0588 0.0471
v -0.115479 0.357910 -0.003662 0.5882 0.3529 0.2235
v 0.115967 0.357910 -0.003662 0.5882 0.3608 0.2275
v -0.155518 0.006836 -0.003662 0.1176 0.1020 0.0667
v 0.156494 0.006836 -0.003662 0.1176 0.0902 0.0588
v -0.294678 0.773926 -0.004150 0.6510 0.3921 0.2627
v 0.295166 0.773926 -0.004150 0.6354 0.3804 0.2549
v -0.380615 0.781738 -0.004150 0.1059 0.0863 0.0706
v 0.380615 0.781738 -0.004150 0.0824 0.0784 0.0588
v -0.191162 0.831055 -0.004150 0.6432 0.3882 0.2627
v 0.191650 0.831055 -0.004150 0.6276 0.3686 0.2353
v -0.048584 0.936523 -0.004150 0.6706 0.4000 0.2863
v 0.049072 0.936523 -0.004150 0.7098 0.4196 0.3019
v -0.131592 0.487793 -0.004150 0.0824 0.0588 0.0510
v 0.132568 0.487793 -0.004150 0.0824 0.0627 0.0510
v -0.018311 0.446289 -0.004150 0.4980 0.2745 0.1725
v 0.018799 0.446289 -0.004150 0.5176 0.2823 0.1843
v -0.110596 0.340820 -0.004150 0.6118 0.3686 0.2392
v 0.111572 0.340820 -0.004150 0.6157 0.3804 0.2549
v -0.114014 0.277344 -0.004150 0.6276 0.3765 0.2392
v 0.114502 0.277344 -0.004150 0.6354 0.3765 0.2314
v -0.107178 0.015625 -0.004150 0.0667 0.0627 0.0431
v 0.108154 0.015625 -0.004150 0.1020 0.0784 0.0471
v -0.109619 0.012695 -0.004150 0.0902 0.0784 0.0510
v -0.175537 0.012695 -0.004150 0.0706 0.0392 0.0118
v 0.110596 0.012695 -0.004150 0.1020 0.0902 0.0392
v 0.176514 0.012695 -0.004150 0.0745 0.0510 0.0039
v -0.173096 0.009766 -0.004150 0.0863 0.0510 0.0157
v 0.174072 0.009766 -0.004150 0.1216 0.0980 0.0549
v -0.079834 0.630859 -0.004639 0.5137 0.3176 0.0627
v 0.080322 0.630859 -0.004639 0.4510 0.2784 0.0157
v -0.048096 0.671875 -0.004639 0.6118 0.3725 0.2471
v 0.048584 0.671875 -0.004639 0.5961 0.3725 0.2471
v -0.086182 0.741211 -0.004639 0.1843 0.0902 0.0471
v 0.086670 0.741211 -0.004639 0.1373 0.0706 0.0549
v -0.401611 0.770508 -0.004639 0.6785 0.4550 0.0392
v 0.401611 0.770508 -0.004639 0.7020 0.4784 0.0588
v -0.095947 0.775879 -0.004639 0.6315 0.3843 0.2549
v 0.096924 0.775879 -0.004639 0.6354 0.3529 0.2039
v -0.362061 0.779297 -0.004639 0.1098 0.0941 0.0745
v -0.365479 0.779297 -0.004639 0.1569 0.1294 0.1059
v 0.362061 0.779297 -0.004639 0.1490 0.1373 0.1176
v 0.365479 0.779297 -0.004639 0.0824 0.0667 0.0510
v -0.376709 0.835449 -0.004639 0.8823 0.6589 0.0353
v 0.377197 0.835449 -0.004639 0.8313 0.6157 0.0431
v -0.046631 0.913574 -0.004639 0.5216 0.2706 0.1686
v 0.047119 0.913574 -0.004639 0.5176 0.2823 0.1804
v -0.047119 0.926758 -0.004639 0.5647 0.3019 0.1882
v 0.047607 0.926758 -0.004639 0.6824 0.4078 0.2902
v -0.171143 0.037598 -0.004639 0.0980 0.0863 0.1255
v 0.172119 0.037598 -0.004639 0.0314 0.0157 0.0549
v -0.107178 0.028320 -0.004639 0.9058 0.6628 0.0706
v 0.108154 0.028320 -0.004639 0.8745 0.6157 0.1059
v -0.067627 0.711914 -0.005127 0.0510 0.0667 0.0667
v 0.068115 0.711914 -0.005127 0.0627 0.0706 0.0784
v -0.086182 0.742676 -0.005127 0.4589 0.2941 0.1882
v 0.086670 0.742676 -0.005127 0.6236 0.3882 0.2706
v -0.354248 0.779297 -0.005127 0.1098 0.0902 0.0745
v 0.354248 0.779297 -0.005127 0.0902 0.0706 0.0549
v -0.366455 0.781738 -0.005127 0.1451 0.1176 0.0863
v 0.366455 0.781738 -0.005127 0.0902 0.0706 0.0549
v -0.109619 0.784668 -0.005127 0.5569 0.3019 0.1804
v 0.110596 0.784668 -0.005127 0.5569 0.3019 0.1804
v -0.308838 0.821289 -0.005127 0.5843 0.3529 0.2588
v 0.309326 0.821289 -0.005127 0.5804 0.3255 0.2000
v -0.370850 0.832031 -0.005127 0.4941 0.3216 0.0275
v 0.370850 0.832031 -0.005127 0.7608 0.5569 0.0235
v -0.046143 0.859863 -0.005127 0.7372 0.5686 0.1922
v 0.046631 0.859863 -0.005127 0.5961 0.4589 0.2157
v -0.022705 0.426758 -0.005127 0.5490 0.3098 0.1882
v 0.023193 0.426758 -0.005127 0.5608 0.3137 0.1922
v -0.068604 0.302246 -0.005127 0.6276 0.3255 0.1843
v 0.069580 0.302246 -0.005127 0.6550 0.4039 0.2823
v -0.145264 0.073730 -0.005127 0.2980 0.2118 0.1255
v 0.146240 0.073730 -0.005127 0.2941 0.1922 0.0549
v -0.119873 0.068359 -0.005127 0.9294 0.7059 0.0549
v 0.120850 0.068359 -0.005127 0.0510 0.0275 0.0784
v -0.128174 0.503906 -0.005615 0.8627 0.6550 0.0667
v -0.114502 0.562012 -0.005615 0.5921 0.3804 0.0510
v 0.115479 0.562012 -0.005615 0.5333 0.3333 0.0863
v -0.064209 0.663086 -0.005615 0.7020 0.3843 0.2196
v 0.064697 0.663086 -0.005615 0.7059 0.3882 0.2235
v -0.051514 0.695801 -0.005615 0.6236 0.3686 0.2392
v 0.052490 0.695801 -0.005615 0.6354 0.3765 0.2432
v -0.151123 0.767578 -0.005615 0.6315 0.3647 0.2432
v 0.151611 0.767578 -0.005615 0.6276 0.3568 0.2392
v -0.223389 0.770508 -0.005615 0.5921 0.3529 0.2275
v 0.223877 0.770508 -0.005615 0.5882 0.3372 0.2275
v -0.405518 0.773438 -0.005615 0.6354 0.4157 0.0235
v 0.405518 0.773438 -0.005615 0.6667 0.4392 0.0392
v -0.301514 0.822266 -0.005615 0.6039 0.3725 0.2471
v 0.302002 0.822266 -0.005615 0.6550 0.3843 0.2667
v -0.234619 0.829590 -0.005615 0.6589 0.3961 0.2667
v 0.235596 0.829590 -0.005615 0.6824 0.4118 0.2823
v -0.368897 0.831055 -0.005615 0.7255 0.4550 0.2314
v 0.368897 0.831055 -0.005615 0.7059 0.4863 0.0275
v -0.367920 0.833496 -0.005615 0.8509 0.4902 0.2196
v 0.367920 0.833496 -0.005615 0.6628 0.4745 0.0431
v -0.364990 0.833984 -0.005615 0.8157 0.4902 0.2510
v 0.364990 0.833984 -0.005615 0.6628 0.3882 0.2667
v -0.042725 0.914551 -0.005615 0.5333 0.2941 0.2000
v 0.043213 0.914551 -0.005615 0.5843 0.3451 0.2314
v -0.046631 0.930176 -0.005615 0.5569 0.2784 0.1686
v 0.047119 0.930176 -0.005615 0.5333 0.2667 0.1530
v -0.124268 0.400391 -0.005615 0.6315 0.3843 0.2471
v 0.124756 0.400391 -0.005615 0.6471 0.3961 0.2627
v -0.111084 0.326172 -0.005615 0.6589 0.4039 0.2667
v 0.112061 0.326172 -0.005615 0.6197 0.3725 0.2432
v -0.061768 0.319336 -0.005615 0.6039 0.3137 0.1765
v 0.062256 0.319336 -0.005615 0.6236 0.3725 0.2588
v -0.121338 0.264648 -0.005615 0.6589 0.4039 0.2667
v 0.121826 0.264648 -0.005615 0.6510 0.3843 0.2471
v -0.114990 0.218750 -0.005615 0.6824 0.4157 0.2706
v 0.115967 0.218750 -0.005615 0.6902 0.4314 0.2667
v 0.128662 0.503906 -0.006103 0.9019 0.6785 0.0863
v -0.049561 0.666504 -0.006104 0.6667 0.3372 0.1882
v 0.050537 0.666504 -0.006104 0.7059 0.3804 0.2353
v -0.069580 0.713379 -0.006104 0.0471 0.0588 0.0588
v 0.070068 0.713379 -0.006104 0.0706 0.0627 0.0588
v -0.235107 0.766602 -0.006104 0.6236 0.3686 0.2510
v 0.235596 0.766602 -0.006103 0.6315 0.3765 0.2510
v -0.169189 0.767578 -0.006104 0.6315 0.3686 0.2235
v 0.169678 0.767578 -0.006103 0.6276 0.3608 0.2392
v -0.133057 0.770996 -0.006104 0.6000 0.3451 0.2196
v 0.133545 0.770996 -0.006103 0.5961 0.3412 0.2235
v -0.341553 0.778320 -0.006104 0.1137 0.0941 0.0784
v 0.342041 0.778320 -0.006103 0.1255 0.1059 0.0902
v -0.291748 0.824219 -0.006104 0.6432 0.3961 0.2667
v 0.292236 0.824219 -0.006103 0.6510 0.3921 0.2588
v -0.202393 0.827637 -0.006104 0.6118 0.3647 0.2314
v 0.202881 0.827637 -0.006103 0.6315 0.3765 0.2510
v -0.356689 0.833008 -0.006104 0.1294 0.0980 0.0667
v 0.356689 0.833008 -0.006103 0.0157 0.0235 0.0431
v -0.048096 0.859375 -0.006104 0.0667 0.0549 0.0863
v 0.049072 0.859375 -0.006104 0.0824 0.0824 0.0863
v -0.044678 0.913086 -0.006104 0.5333 0.2902 0.2000
v 0.045166 0.913086 -0.006104 0.5451 0.3098 0.1961
v -0.048096 0.918945 -0.006104 0.7020 0.4118 0.2941
v 0.048584 0.918945 -0.006104 0.7294 0.4432 0.3255
v 0.121826 0.377930 -0.006104 0.6236 0.3765 0.2471
v -0.099854 0.239746 -0.006104 0.6118 0.3647 0.2275
v 0.100830 0.239746 -0.006104 0.6432 0.3921 0.2549
v -0.121826 0.168945 -0.006104 0.1137 0.0941 0.1137
v -0.127197 0.168945 -0.006104 0.1216 0.1098 0.0902
v 0.122803 0.168945 -0.006104 0.1059 0.1020 0.0980
v 0.128174 0.168945 -0.006103 0.0824 0.0902 0.1059
v -0.121826 0.166016 -0.006104 0.1255 0.1059 0.0980
v 0.122803 0.166016 -0.006104 0.1255 0.1098 0.1020
v -0.174072 0.034180 -0.006104 0.0980 0.1059 0.1333
v 0.175049 0.034180 -0.006103 0.2432 0.2000 0.2471
v -0.131104 0.505371 -0.006592 0.8941 0.7137 0.0745
v 0.131592 0.505371 -0.006592 0.7568 0.6276 0.1647
v -0.322510 0.773438 -0.006592 0.6039 0.4000 0.2196
v 0.322510 0.773438 -0.006592 0.1176 0.0902 0.0784
v -0.320068 0.774414 -0.006592 0.7529 0.4353 0.2157
v 0.320068 0.774414 -0.006592 0.1176 0.0980 0.0902
v -0.329834 0.775879 -0.006592 0.0510 0.0588 0.0706
v -0.408447 0.775879 -0.006592 0.6510 0.4314 0.0431
v 0.330322 0.775879 -0.006592 0.1333 0.1059 0.0824
v 0.408447 0.775879 -0.006592 0.6276 0.4078 0.0431
v -0.305420 0.777832 -0.006592 0.6276 0.3765 0.2510
v 0.305908 0.777832 -0.006592 0.6315 0.3686 0.2549
v -0.315674 0.830566 -0.006592 0.7176 0.4118 0.1961
v 0.315674 0.830566 -0.006592 0.1098 0.0941 0.0706
v -0.318115 0.832031 -0.006592 0.0667 0.0510 0.0353
v 0.318115 0.832031 -0.006592 0.1216 0.1059 0.0863
v -0.325439 0.832520 -0.006592 0.0863 0.1059 0.1176
v -0.340576 0.832520 -0.006592 0.0941 0.0784 0.0745
v 0.325928 0.832520 -0.006592 0.1255 0.1059 0.0941
v 0.340576 0.832520 -0.006592 0.1216 0.1059 0.1020
v -0.112061 0.858398 -0.006592 0.6706 0.4118 0.2745
v 0.112549 0.858398 -0.006592 0.6941 0.4353 0.2980
v -0.031494 0.906738 -0.006592 0.6079 0.3647 0.2471
v 0.031982 0.906738 -0.006592 0.5961 0.3490 0.2275
v -0.040771 0.917480 -0.006592 0.5294 0.2823 0.1961
v 0.041260 0.917480 -0.006592 0.5647 0.3216 0.2196
v -0.048584 0.930664 -0.006592 0.5725 0.2941 0.1804
v 0.049561 0.930664 -0.006592 0.5451 0.2706 0.1569
v -0.049072 0.940430 -0.006592 0.4745 0.2196 0.1216
v 0.049561 0.940430 -0.006592 0.4039 0.1530 0.0549
v -0.027588 0.407227 -0.006592 0.5490 0.3176 0.1961
v 0.028076 0.407227 -0.006592 0.5608 0.3176 0.1961
v -0.120850 0.377930 -0.006592 0.6197 0.3843 0.2510
v -0.127686 0.166504 -0.006592 0.1412 0.1059 0.0980
v 0.128662 0.166504 -0.006592 0.0824 0.0863 0.1020
v -0.085205 0.622559 -0.007080 0.4471 0.2823 0.0471
v 0.085693 0.622559 -0.007080 0.4667 0.2902 0.0431
v -0.064697 0.657227 -0.007080 0.6393 0.3294 0.1725
v 0.065674 0.657227 -0.007080 0.6510 0.3412 0.1922
v -0.070068 0.715332 -0.007080 0.1176 0.1137 0.1059
v 0.070557 0.715332 -0.007080 0.1412 0.1412 0.1412
v -0.091553 0.752441 -0.007080 0.6432 0.3843 0.2510
v 0.092529 0.752441 -0.007080 0.6393 0.3765 0.2392
v -0.249268 0.764648 -0.007080 0.6432 0.3882 0.2627
v 0.249756 0.764648 -0.007080 0.6510 0.3843 0.2549
v -0.315186 0.774902 -0.007080 0.2627 0.0902 0.0235
v 0.315186 0.774902 -0.007080 0.8392 0.4941 0.2471
v -0.319580 0.776367 -0.007080 0.7451 0.4392 0.2078
v 0.319580 0.776367 -0.007080 0.1255 0.0902 0.0549
v -0.388916 0.780762 -0.007080 0.1176 0.0824 0.0471
v 0.388916 0.780762 -0.007080 0.0118 0.0118 0.0510
v -0.100342 0.781250 -0.007080 0.6157 0.3686 0.2432
v 0.100830 0.781250 -0.007080 0.6000 0.3333 0.2039
v -0.307861 0.826172 -0.007080 0.5490 0.3372 0.2627
v 0.307861 0.826172 -0.007080 0.7764 0.4353 0.2000
v -0.315674 0.827637 -0.007080 0.7333 0.4118 0.1843
v 0.315674 0.827637 -0.007080 0.0941 0.0902 0.0706
v -0.310303 0.828613 -0.007080 0.3568 0.1647 0.0627
v 0.310791 0.828613 -0.007080 0.8431 0.4667 0.1882
v -0.056396 0.850586 -0.007080 0.5882 0.3647 0.2471
v 0.056885 0.850586 -0.007080 0.5725 0.3451 0.2275
v -0.125244 0.853516 -0.007080 0.6706 0.4118 0.2784
v 0.125732 0.853516 -0.007080 0.6667 0.4118 0.2784
v -0.071533 0.856445 -0.007080 0.6393 0.3921 0.2627
v 0.072510 0.856445 -0.007080 0.6471 0.4000 0.2706
v 0.048096 0.856934 -0.007080 0.0941 0.0706 0.0588
v -0.083740 0.859375 -0.007080 0.6471 0.3961 0.2588
v 0.084229 0.859375 -0.007080 0.6667 0.4078 0.2823
v -0.097900 0.860352 -0.007080 0.6745 0.4157 0.2784
v 0.098389 0.860352 -0.007080 0.6510 0.3921 0.2588
v -0.028564 0.899902 -0.007080 0.5961 0.3608 0.2275
v 0.029053 0.899902 -0.007080 0.5882 0.3490 0.2275
v -0.047607 0.922852 -0.007080 0.7294 0.4471 0.3255
v 0.048096 0.922852 -0.007080 0.7686 0.4667 0.3412
v -0.047119 0.926758 -0.007080 0.6706 0.3882 0.2823
v 0.047607 0.926758 -0.007080 0.6354 0.3490 0.2314
v -0.106201 0.037109 -0.007080 0.6000 0.3451 0.2275
v 0.107178 0.037109 -0.007080 0.7176 0.4118 0.1961
v -0.175537 0.025391 -0.007080 0.8980 0.6902 0.1530
v 0.177002 0.025391 -0.007080 0.7804 0.6197 0.1255
v -0.165771 0.008789 -0.007080 0.1373 0.1059 0.0784
v 0.166748 0.008789 -0.007080 0.0745 0.0667 0.0471
v -0.126221 0.522461 -0.007568 0.5764 0.3686 0.0510
v 0.126709 0.522461 -0.007568 0.5098 0.2980 0.0275
v -0.039795 0.672852 -0.007568 0.6315 0.3921 0.2588
v 0.040283 0.672852 -0.007568 0.6197 0.3843 0.2588
v -0.053467 0.700195 -0.007568 0.6157 0.3568 0.2432
v -0.312256 0.776855 -0.007568 0.5530 0.3412 0.2314
v 0.312744 0.776855 -0.007568 0.7843 0.4392 0.2118
v -0.407471 0.778809 -0.007568 0.1373 0.0980 0.0314
v 0.407471 0.778809 -0.007568 0.1059 0.0706 0.0510
v -0.411377 0.779297 -0.007568 0.5530 0.3647 0.0353
v 0.411377 0.779297 -0.007568 0.4784 0.3098 0.0353
v -0.312744 0.780273 -0.007568 0.6000 0.3529 0.2314
v 0.312744 0.780273 -0.007568 0.7294 0.4000 0.2314
v -0.280029 0.827148 -0.007568 0.6745 0.4235 0.2863
v 0.280518 0.827148 -0.007568 0.6706 0.4039 0.2667
v -0.047607 0.856934 -0.007568 0.0824 0.0667 0.0824
v -0.049561 0.932129 -0.007568 0.6589 0.3686 0.2510
v 0.050049 0.932129 -0.007568 0.6863 0.4000 0.2823
v -0.033447 0.387207 -0.007568 0.5686 0.3255 0.2157
v 0.033936 0.387207 -0.007568 0.5764 0.3216 0.1961
v -0.114014 0.315430 -0.007568 0.6550 0.4000 0.2745
v 0.114502 0.315430 -0.007568 0.6276 0.3843 0.2471
v -0.076904 0.281250 -0.007568 0.5882 0.3333 0.2078
v -0.132568 0.169434 -0.007568 0.0941 0.0941 0.0902
v 0.133545 0.169434 -0.007568 0.0627 0.0784 0.1137
v -0.116455 0.168457 -0.007568 0.1020 0.0902 0.1059
v 0.117432 0.168457 -0.007568 0.1255 0.1020 0.1059
v -0.133057 0.166992 -0.007568 0.1255 0.1059 0.0941
v 0.134033 0.166992 -0.007568 0.0549 0.0510 0.0902
v -0.116455 0.166016 -0.007568 0.1098 0.0902 0.1098
v 0.117920 0.166016 -0.007568 0.1373 0.1098 0.1020
v -0.112549 0.064453 -0.007568 0.7098 0.4353 0.2706
v 0.113525 0.064453 -0.007568 0.6393 0.3921 0.2667
v -0.038818 0.681641 -0.008057 0.6550 0.4000 0.2627
v 0.039795 0.681641 -0.008057 0.6471 0.3882 0.2549
v 0.054443 0.700195 -0.008057 0.6393 0.3686 0.2549
v -0.185303 0.770508 -0.008057 0.6824 0.3921 0.2667
v 0.185791 0.770508 -0.008057 0.6118 0.3725 0.2549
v -0.117920 0.777832 -0.008057 0.5647 0.3137 0.1922
v 0.118408 0.777832 -0.008057 0.5647 0.3137 0.1961
v -0.211670 0.827148 -0.008057 0.6471 0.4000 0.2627
v 0.212158 0.827148 -0.008057 0.6510 0.3961 0.2588
v -0.219971 0.828125 -0.008057 0.6706 0.4157 0.2784
v 0.220459 0.828125 -0.008057 0.6902 0.4392 0.3019
v -0.136475 0.847656 -0.008057 0.6393 0.3804 0.2745
v 0.136963 0.847656 -0.008057 0.6550 0.3921 0.2745
v -0.046143 0.855469 -0.008057 0.2235 0.1412 0.0980
v 0.046631 0.855469 -0.008057 0.2784 0.1490 0.1137
v -0.047607 0.917480 -0.008057 0.5530 0.2980 0.1961
v 0.048584 0.917480 -0.008057 0.5176 0.2667 0.1569
v -0.048584 0.922852 -0.008057 0.6902 0.4039 0.2823
v 0.049072 0.922852 -0.008057 0.7412 0.4471 0.3216
v -0.049072 0.927246 -0.008057 0.5921 0.3059 0.1882
v 0.049561 0.927246 -0.008057 0.6980 0.4275 0.2980
v 0.077881 0.281250 -0.008057 0.6236 0.3961 0.2706
v -0.085205 0.265625 -0.008057 0.5961 0.3568 0.2353
v 0.086182 0.265625 -0.008057 0.6039 0.3686 0.2432
v -0.125732 0.244141 -0.008057 0.6510 0.3882 0.2471
v 0.126221 0.244141 -0.008057 0.6628 0.3882 0.2471
v -0.121826 0.168945 -0.008057 0.0863 0.0824 0.1059
v 0.122803 0.168945 -0.008057 0.0941 0.0863 0.1059
v -0.167725 0.045898 -0.008057 0.9372 0.6236 0.1647
v 0.168701 0.045898 -0.008057 0.9529 0.7412 0.1451
v -0.171631 0.034180 -0.008057 0.0588 0.0235 0.0353
v 0.172607 0.034180 -0.008057 0.0824 0.0431 0.0431
v -0.176025 0.022949 -0.008057 0.1098 0.0667 0.0549
v 0.177002 0.022949 -0.008057 0.0745 0.0431 0.0510
v -0.071533 0.718262 -0.008545 0.0824 0.0745 0.0471
v 0.072021 0.718262 -0.008545 0.1333 0.1216 0.1020
v -0.264893 0.764648 -0.008545 0.6393 0.3843 0.2588
v 0.265381 0.764648 -0.008545 0.6471 0.3765 0.2471
v -0.404053 0.778809 -0.008545 0.0941 0.0784 0.0431
v 0.404053 0.778809 -0.008545 0.0784 0.0588 0.0471
v -0.033936 0.864746 -0.008545 0.6079 0.3725 0.2314
v 0.034424 0.864746 -0.008545 0.5255 0.3255 0.1882
v -0.034424 0.865234 -0.008545 0.6079 0.3765 0.2353
v 0.035400 0.865234 -0.008545 0.2667 0.1608 0.0549
v -0.043701 0.917969 -0.008545 0.4745 0.2471 0.1647
v 0.044678 0.917969 -0.008545 0.5176 0.2902 0.1725
v -0.048584 0.933105 -0.008545 0.7216 0.4275 0.3019
v 0.049072 0.933105 -0.008545 0.7020 0.4078 0.2784
v -0.116943 0.202148 -0.008545 0.6667 0.4039 0.2667
v 0.117432 0.202148 -0.008545 0.6745 0.4235 0.2784
v -0.126709 0.169434 -0.008545 0.0902 0.0902 0.0902
v 0.127686 0.169434 -0.008545 0.0902 0.0902 0.1216
v -0.174072 0.030273 -0.008545 0.9176 0.7412 0.1765
v 0.175049 0.030273 -0.008545 0.9451 0.8157 0.1647
v -0.054932 0.700195 -0.009033 0.6118 0.3568 0.2275
v 0.055420 0.700195 -0.009033 0.6315 0.3725 0.2510
v -0.143799 0.841309 -0.009033 0.6628 0.4078 0.2745
v 0.144775 0.841309 -0.009033 0.6785 0.4157 0.2784
v -0.036865 0.865234 -0.009033 0.6354 0.4039 0.2314
v 0.037354 0.865234 -0.009033 0.7529 0.5294 0.1176
v -0.027100 0.893555 -0.009033 0.5961 0.3608 0.2275
v 0.027588 0.893555 -0.009033 0.5961 0.3529 0.2314
v -0.038330 0.916016 -0.009033 0.4667 0.2432 0.1490
v 0.038818 0.916016 -0.009033 0.4823 0.2549 0.1686
v -0.047119 0.933105 -0.009033 0.6785 0.3882 0.2588
v 0.047607 0.933105 -0.009033 0.6628 0.3725 0.2588
v -0.138916 0.477539 -0.009033 0.1020 0.0627 0.0549
v 0.139893 0.477539 -0.009033 0.0863 0.0706 0.0667
v -0.124756 0.083496 -0.009033 0.7568 0.5569 0.2314
v 0.125732 0.083496 -0.009033 0.2275 0.1176 0.0549
v -0.171143 0.011230 -0.009033 0.0431 0.0118 0.0039
v 0.172119 0.011230 -0.009033 0.1059 0.0863 0.0353
v -0.117920 0.549805 -0.009522 0.5843 0.3686 0.0471
v 0.118408 0.549805 -0.009521 0.5294 0.3137 0.0549
v -0.067139 0.652832 -0.009521 0.7020 0.3765 0.2039
v 0.067627 0.652832 -0.009521 0.7020 0.3882 0.2196
v -0.039795 0.665527 -0.009521 0.6824 0.3608 0.2078
v 0.040283 0.665527 -0.009521 0.6902 0.3765 0.2353
v -0.096924 0.762695 -0.009521 0.6393 0.3686 0.2392
v 0.097412 0.762695 -0.009521 0.6315 0.3686 0.2314
v -0.198975 0.771973 -0.009522 0.6157 0.3608 0.2353
v 0.199463 0.771973 -0.009521 0.6197 0.3686 0.2510
v -0.104736 0.784180 -0.009521 0.5647 0.3176 0.1961
v 0.105225 0.784180 -0.009521 0.5569 0.3019 0.1843
v -0.046143 0.917480 -0.009521 0.4745 0.2432 0.1569
v 0.046631 0.917480 -0.009521 0.4980 0.2667 0.1765
v -0.135986 0.476562 -0.009522 0.1059 0.0667 0.0706
v 0.136963 0.476562 -0.009521 0.0941 0.0667 0.0588
v -0.040283 0.368164 -0.009521 0.5764 0.3294 0.2078
v 0.041260 0.368164 -0.009521 0.5764 0.3216 0.1961
v -0.132080 0.169922 -0.009522 0.0941 0.0941 0.0902
v 0.133057 0.169922 -0.009521 0.0863 0.0902 0.1098
v -0.117432 0.168945 -0.009522 0.0980 0.0941 0.1216
v 0.118408 0.168945 -0.009521 0.0863 0.0784 0.1137
v -0.106689 0.051758 -0.009521 0.6393 0.3568 0.2235
v 0.107666 0.051758 -0.009521 0.1686 0.1137 0.1137
v -0.173096 0.027344 -0.009522 0.9451 0.7059 0.0902
v 0.174072 0.027344 -0.009521 0.9647 0.7843 0.1216
v -0.173584 0.014648 -0.009522 0.0902 0.0588 0.0118
v 0.174561 0.014160 -0.009521 0.1451 0.1216 0.0745
v -0.092041 0.609863 -0.010010 0.4275 0.2706 0.0353
v 0.092529 0.609863 -0.010010 0.4471 0.2823 0.0314
v -0.052002 0.667480 -0.010010 0.6471 0.3372 0.1804
v 0.052490 0.667480 -0.010010 0.6824 0.3647 0.2118
v -0.055908 0.702637 -0.010010 0.1961 0.0745 0.0196
v 0.056396 0.702637 -0.010010 0.2510 0.1530 0.0118
v -0.073975 0.722168 -0.010010 0.1373 0.1137 0.0824
v 0.074463 0.722168 -0.010010 0.1530 0.1255 0.0863
v -0.280518 0.767578 -0.010010 0.6471 0.3921 0.2627
v 0.281006 0.767578 -0.010010 0.6589 0.4039 0.2784
v -0.212158 0.770996 -0.010010 0.6354 0.3765 0.2510
v 0.212647 0.770996 -0.010010 0.6432 0.3882 0.2627
v -0.266357 0.830078 -0.010010 0.6628 0.4039 0.2706
v 0.266846 0.830078 -0.010010 0.6824 0.4196 0.2823
v -0.048584 0.922363 -0.010010 0.6197 0.3451 0.2353
v 0.049561 0.922363 -0.010010 0.6550 0.3765 0.2549
v -0.043213 0.922852 -0.010010 0.6118 0.3529 0.2549
v 0.043701 0.922852 -0.010010 0.5608 0.3137 0.2118
v -0.049561 0.927734 -0.010010 0.6667 0.3882 0.2745
v 0.050049 0.927734 -0.010010 0.6980 0.4039 0.2745
v -0.120361 0.161133 -0.010010 0.0863 0.0549 0.0902
v 0.121338 0.161133 -0.010010 0.1020 0.0824 0.0980
v -0.134033 0.084473 -0.010010 0.0667 0.0627 0.0863
v 0.135010 0.084473 -0.010010 0.1451 0.0627 0.0471
v -0.067627 0.646973 -0.010498 0.6079 0.2863 0.1333
v 0.068115 0.646973 -0.010498 0.6354 0.3176 0.1608
v -0.064697 0.853516 -0.010498 0.5882 0.3529 0.2314
v 0.065186 0.853516 -0.010498 0.6000 0.3686 0.2432
v -0.026611 0.883789 -0.010498 0.6157 0.3804 0.2510
v 0.027100 0.883789 -0.010498 0.6039 0.3647 0.2471
v -0.045166 0.922852 -0.010498 0.6118 0.3568 0.2510
v 0.045654 0.922852 -0.010498 0.5843 0.3216 0.2235
v -0.045166 0.928711 -0.010498 0.6432 0.3568 0.2314
v 0.045654 0.928711 -0.010498 0.5882 0.3294 0.2118
v -0.117920 0.491699 -0.010498 0.5098 0.3019 0.1961
v 0.118408 0.491699 -0.010498 0.4980 0.2980 0.1922
v -0.117920 0.301758 -0.010498 0.6550 0.4039 0.2667
v 0.118896 0.301758 -0.010498 0.6510 0.3921 0.2667
v -0.102783 0.218262 -0.010498 0.6236 0.3765 0.2392
v 0.103760 0.218262 -0.010498 0.6197 0.3725 0.2432
v -0.137451 0.170410 -0.010498 0.0824 0.0784 0.0863
v -0.137939 0.167480 -0.010498 0.0863 0.0863 0.0824
v 0.138916 0.167480 -0.010498 0.5216 0.4745 0.4275
v -0.127197 0.161133 -0.010498 0.0980 0.0824 0.1098
v 0.128174 0.161133 -0.010498 0.0471 0.0353 0.1020
v -0.171631 0.031250 -0.010498 0.9255 0.7568 0.2353
v 0.172607 0.031250 -0.010498 0.9137 0.7960 0.2392
v -0.438721 0.749023 -0.010986 0.8549 0.6471 0.0275
v 0.438721 0.749023 -0.010986 0.8706 0.6667 0.0353
v -0.448975 0.754883 -0.010986 0.8902 0.6824 0.0118
v 0.449463 0.754883 -0.010986 0.9058 0.6941 0.0196
v -0.457275 0.763184 -0.010986 0.8588 0.6432 0.0118
v 0.458740 0.763184 -0.010986 0.8902 0.6745 0.0431
v -0.398193 0.778320 -0.010986 0.0863 0.0745 0.0549
v 0.398193 0.778320 -0.010986 0.0745 0.0588 0.0471
v -0.148193 0.836914 -0.010986 0.6667 0.4196 0.2823
v 0.149170 0.836914 -0.010986 0.6157 0.3686 0.2432
v -0.046143 0.928223 -0.010986 0.6550 0.3686 0.2353
v -0.048096 0.928223 -0.010986 0.6824 0.3882 0.2706
v 0.047119 0.928223 -0.010986 0.6236 0.3529 0.2196
v 0.048584 0.928223 -0.010986 0.6432 0.3647 0.2392
v -0.050537 0.946289 -0.010986 0.5764 0.2784 0.1725
v 0.051025 0.946289 -0.010986 0.4000 0.1373 0.0471
v -0.050049 0.955078 -0.010986 0.4471 0.1882 0.0863
v 0.051025 0.955078 -0.010986 0.4039 0.1412 0.0392
v -0.127686 0.223145 -0.010986 0.6471 0.3921 0.2432
v 0.128174 0.223145 -0.010986 0.6628 0.3961 0.2510
v -0.117920 0.188477 -0.010986 0.6745 0.4039 0.2745
v 0.118896 0.188477 -0.010986 0.6785 0.4235 0.2863
v 0.138428 0.170410 -0.010986 0.1059 0.1059 0.1098
v 0.113037 0.165527 -0.010986 0.1098 0.1020 0.0980
v -0.427002 0.747070 -0.011475 0.8706 0.6785 0.0353
v 0.427002 0.747070 -0.011475 0.8627 0.6550 0.0275
v -0.294189 0.771484 -0.011475 0.6315 0.3843 0.2549
v 0.295166 0.771484 -0.011475 0.6550 0.4039 0.2745
v -0.463135 0.772461 -0.011475 0.8823 0.6628 0.0118
v 0.464600 0.772461 -0.011475 0.8745 0.6589 0.0235
v -0.466065 0.783203 -0.011475 0.8666 0.6510 0.0157
v 0.466065 0.783203 -0.011475 0.8706 0.6432 0.0196
v -0.155029 0.834473 -0.011475 0.5843 0.3451 0.2235
v 0.155518 0.834473 -0.011475 0.6079 0.3725 0.2392
v -0.047119 0.922363 -0.011475 0.5961 0.3255 0.2353
v 0.047607 0.922363 -0.011475 0.5373 0.2784 0.1686
v -0.112061 0.168457 -0.011475 0.2863 0.2745 0.2784
v 0.113037 0.167969 -0.011475 0.1098 0.0902 0.1137
v -0.112061 0.166016 -0.011475 0.0314 0.0431 0.0588
v -0.150635 0.070312 -0.011475 0.1451 0.0902 0.0235
v 0.152100 0.070312 -0.011475 0.0392 0.0235 0.0471
v -0.170654 0.028320 -0.011475 0.9490 0.7020 0.0784
v 0.172119 0.028320 -0.011475 0.9568 0.7647 0.1176
v -0.041748 0.694824 -0.011963 0.6471 0.3882 0.2549
v 0.042236 0.694824 -0.011963 0.6432 0.3804 0.2432
v -0.076416 0.725586 -0.011963 0.1333 0.1137 0.0706
v 0.076904 0.725586 -0.011963 0.1608 0.1333 0.0941
v -0.414795 0.749512 -0.011963 0.8706 0.6471 0.0235
v 0.414795 0.749512 -0.011963 0.8862 0.6745 0.0510
v -0.381104 0.779297 -0.011963 0.0980 0.0784 0.0549
v 0.381592 0.779297 -0.011963 0.1412 0.1216 0.1098
v -0.111084 0.781738 -0.011963 0.5451 0.3059 0.1882
v 0.111572 0.781738 -0.011963 0.5412 0.2980 0.1882
v -0.466065 0.793945 -0.011963 0.8823 0.6667 0.0353
v 0.466553 0.793945 -0.011963 0.8706 0.6589 0.0039
v -0.466553 0.804688 -0.011963 0.8509 0.6276 0.0118
v 0.465576 0.804688 -0.011963 0.8706 0.6550 0.0157
v -0.462647 0.816406 -0.011963 0.8353 0.6118 0.0118
v 0.462647 0.816406 -0.011963 0.8706 0.6510 0.0275
v -0.455811 0.827148 -0.011963 0.8353 0.6079 0.0235
v 0.456299 0.827148 -0.011963 0.8627 0.6393 0.0275
v -0.057861 0.854492 -0.011963 0.6197 0.3921 0.2745
v 0.058838 0.854492 -0.011963 0.5569 0.3333 0.2157
v -0.050049 0.963379 -0.011963 0.4745 0.1922 0.0902
v 0.050537 0.963379 -0.011963 0.5059 0.2039 0.0941
v -0.045654 0.971680 -0.011963 0.4667 0.1882 0.0706
v 0.046143 0.971680 -0.011963 0.4628 0.1686 0.0471
v -0.045654 0.349609 -0.011963 0.5725 0.3216 0.1961
v 0.046143 0.349609 -0.011963 0.5804 0.3294 0.1922
v -0.135986 0.170410 -0.011963 0.0745 0.0863 0.0745
v -0.116455 0.079590 -0.011963 0.9843 0.7216 0.0471
v 0.117920 0.079590 -0.011963 0.1373 0.0824 0.0431
v -0.109131 0.031250 -0.011963 0.8902 0.6118 0.1686
v 0.110107 0.031250 -0.011963 0.7647 0.4902 0.1373
v -0.100830 0.771484 -0.012451 0.6276 0.3568 0.2353
v 0.101318 0.771484 -0.012451 0.6157 0.3568 0.2314
v 0.306397 0.775391 -0.012451 0.6550 0.4000 0.2823
v -0.305908 0.775879 -0.012451 0.6197 0.3804 0.2549
v -0.389893 0.777832 -0.012451 0.1569 0.1216 0.0745
v 0.389893 0.777832 -0.012451 0.0275 0.0275 0.0549
v -0.251221 0.832031 -0.012451 0.6745 0.4157 0.2784
v 0.251709 0.832031 -0.012451 0.6589 0.3921 0.2549
v -0.445068 0.834961 -0.012451 0.8353 0.6197 0.0118
v 0.445068 0.835449 -0.012451 0.8431 0.6236 0.0275
v -0.431397 0.838867 -0.012451 0.8588 0.6471 0.0157
v 0.431885 0.838867 -0.012451 0.8588 0.6589 0.0235
v -0.044189 0.863770 -0.012451 0.2627 0.1686 0.0863
v 0.044678 0.863770 -0.012451 0.2588 0.2432 0.1922
v -0.047607 0.935547 -0.012451 0.3882 0.1451 0.0549
v 0.048096 0.935547 -0.012451 0.3882 0.1255 0.0275
v -0.041748 0.980957 -0.012451 0.4628 0.1569 0.0392
v 0.042236 0.980957 -0.012451 0.4471 0.1608 0.0627
v -0.033936 0.987793 -0.012451 0.5490 0.2471 0.1255
v 0.034912 0.987793 -0.012451 0.5137 0.2235 0.1098
v 0.000244 0.996582 -0.012451 0.4000 0.1373 0.0667
v 0.136963 0.170410 -0.012451 0.0784 0.0902 0.1137
v -0.134033 0.162109 -0.012451 0.1098 0.0824 0.1059
v 0.135010 0.162109 -0.012451 0.9098 0.6941 0.1176
v -0.106201 0.030273 -0.012451 0.6980 0.4784 0.1373
v 0.107666 0.030273 -0.012451 0.4157 0.2863 0.0824
v -0.098389 0.594727 -0.012939 0.4784 0.3019 0.0510
v 0.098877 0.594727 -0.012939 0.5059 0.3372 0.0667
v -0.068604 0.639160 -0.012939 0.5098 0.2549 0.0902
v 0.069580 0.639160 -0.012939 0.6000 0.3019 0.1451
v -0.069092 0.642090 -0.012939 0.6197 0.2784 0.1216
v 0.070068 0.642090 -0.012939 0.6628 0.3451 0.1843
v -0.053955 0.663574 -0.012939 0.5882 0.2823 0.1373
v 0.054443 0.663574 -0.012939 0.6550 0.3372 0.1725
v -0.078369 0.729004 -0.012939 0.1608 0.1294 0.1059
v 0.078857 0.729004 -0.012939 0.1686 0.1333 0.0980
v -0.404053 0.754883 -0.012940 0.9215 0.6863 0.0392
v 0.404053 0.754883 -0.012939 0.8157 0.6118 0.0431
v -0.312744 0.778320 -0.012939 0.5882 0.3568 0.2471
v 0.313232 0.778320 -0.012939 0.7529 0.4196 0.2196
v -0.417236 0.839844 -0.012940 0.8509 0.6354 0.0235
v 0.417236 0.839844 -0.012939 0.8588 0.6432 0.0275
v -0.028076 0.875000 -0.012939 0.6354 0.3882 0.2627
v 0.028564 0.875000 -0.012939 0.6354 0.3804 0.2588
v -0.027588 0.902344 -0.012939 0.5569 0.3176 0.2039
v 0.028076 0.902344 -0.012939 0.5373 0.3019 0.1882
v -0.041748 0.921875 -0.012939 0.3686 0.1451 0.0588
v 0.042236 0.921875 -0.012939 0.3529 0.1451 0.0471
v -0.025635 0.994629 -0.012939 0.4980 0.1922 0.0784
v 0.026123 0.994629 -0.012939 0.5490 0.2314 0.0941
v -0.015869 0.998535 -0.012939 0.5098 0.2000 0.0941
v 0.016357 0.998535 -0.012939 0.4353 0.1530 0.0627
v -0.006592 0.999023 -0.012939 0.4039 0.1412 0.0745
v 0.007080 0.999023 -0.012939 0.4784 0.2000 0.0824
v -0.050049 0.333008 -0.012939 0.5764 0.3176 0.1922
v 0.051025 0.333008 -0.012939 0.5882 0.3412 0.2118
v -0.114014 0.168457 -0.012939 0.2275 0.1765 0.2039
v 0.114990 0.168457 -0.012939 0.0941 0.0784 0.1216
v -0.114990 0.160645 -0.012939 0.3608 0.2549 0.1137
v 0.115967 0.160645 -0.012939 0.1294 0.1059 0.1137
v -0.142822 0.084473 -0.012939 0.7647 0.5451 0.1255
v 0.143799 0.084473 -0.012939 0.4353 0.2902 0.1333
v -0.106201 0.028320 -0.012939 0.0863 0.0588 0.0235
v 0.107178 0.028320 -0.012939 0.1020 0.0784 0.0471
v -0.032471 0.673340 -0.013428 0.6393 0.3961 0.2588
v 0.033447 0.673340 -0.013428 0.6393 0.3961 0.2667
v -0.374268 0.780273 -0.013428 0.0784 0.0588 0.0431
v 0.374268 0.780273 -0.013428 0.0667 0.0471 0.0392
v -0.402588 0.839355 -0.013428 0.8470 0.6354 0.0157
v 0.402588 0.839355 -0.013428 0.8745 0.6550 0.0549
v -0.049561 0.857910 -0.013428 0.5764 0.3412 0.2392
v 0.050537 0.857910 -0.013428 0.6157 0.3647 0.2510
v -0.046143 0.863281 -0.013428 0.1608 0.1098 0.0824
v 0.047119 0.863281 -0.013428 0.1137 0.0941 0.0667
v -0.035889 0.912109 -0.013428 0.3490 0.1333 0.0588
v 0.036377 0.912109 -0.013428 0.3843 0.1686 0.0863
v -0.133057 0.490234 -0.013428 0.8431 0.6315 0.0824
v 0.133545 0.490234 -0.013428 0.8078 0.5961 0.0824
v -0.120361 0.476074 -0.013428 0.5569 0.3294 0.2157
v 0.120850 0.476074 -0.013428 0.5608 0.3294 0.2118
v -0.122803 0.288574 -0.013428 0.6393 0.3961 0.2549
v 0.123291 0.288574 -0.013428 0.6550 0.3921 0.2549
v -0.105225 0.201660 -0.013428 0.6118 0.3647 0.2275
v 0.106201 0.201660 -0.013428 0.6079 0.3608 0.2314
v -0.119385 0.176758 -0.013428 0.7020 0.4196 0.2902
v 0.120361 0.176758 -0.013428 0.7216 0.4314 0.3019
v -0.107666 0.158691 -0.013428 0.2078 0.1098 0.0706
v 0.109131 0.158691 -0.013428 0.9451 0.7137 0.1333
v -0.150146 0.068359 -0.013428 0.0863 0.0353 0.0431
v 0.151123 0.068359 -0.013428 0.0157 0.0118 0.0471
v 0.000244 0.504883 -0.013916 0.4902 0.3333 0.0353
v -0.128662 0.205566 -0.013916 0.6432 0.3843 0.2353
v 0.129639 0.205566 -0.013916 0.6510 0.3843 0.2471
v -0.110107 0.160645 -0.013916 0.8980 0.6980 0.1412
v 0.111084 0.160645 -0.013916 0.4784 0.3568 0.1530
v -0.137939 0.013184 -0.013916 0.1255 0.1098 0.0745
v 0.138916 0.013184 -0.013916 0.1176 0.0941 0.0667
v -0.044189 0.700195 -0.014404 0.6393 0.3765 0.2549
v 0.044678 0.700195 -0.014404 0.6432 0.3804 0.2510
v -0.059814 0.710449 -0.014404 0.0471 0.0627 0.0627
v 0.060303 0.710449 -0.014404 0.0706 0.0745 0.0706
v -0.399170 0.759277 -0.014404 0.8666 0.6354 0.0235
v 0.399170 0.759277 -0.014404 0.8509 0.6197 0.0235
v -0.222900 0.770020 -0.014404 0.6276 0.3686 0.2432
v 0.223389 0.770020 -0.014404 0.6000 0.3529 0.2314
v -0.103760 0.777832 -0.014404 0.5764 0.3294 0.2078
v 0.104248 0.777832 -0.014404 0.5686 0.3333 0.2118
v -0.177490 0.831543 -0.014404 0.6667 0.4078 0.2745
v -0.235596 0.831543 -0.014404 0.6589 0.4000 0.2627
v 0.177979 0.831543 -0.014404 0.6315 0.3725 0.2392
v 0.236084 0.831543 -0.014404 0.6667 0.4000 0.2588
v -0.164795 0.833496 -0.014404 0.6354 0.3843 0.2471
v 0.165771 0.833496 -0.014404 0.6471 0.3921 0.2667
v -0.388916 0.835938 -0.014404 0.8588 0.6471 0.0196
v 0.388916 0.835938 -0.014404 0.8196 0.5961 0.0118
v -0.044678 0.859863 -0.014404 0.4550 0.2863 0.2039
v 0.045654 0.859863 -0.014404 0.5764 0.3372 0.2000
v -0.045166 0.928711 -0.014404 0.4432 0.1843 0.0902
v 0.045654 0.928711 -0.014404 0.4275 0.1765 0.0667
v -0.135498 0.491699 -0.014404 0.8862 0.7020 0.0784
v 0.135986 0.491699 -0.014404 0.7372 0.5843 0.1530
v -0.115967 0.077637 -0.014404 0.5176 0.3765 0.0824
v -0.121826 0.534180 -0.014893 0.5608 0.3608 0.0157
v 0.122314 0.534180 -0.014893 0.4863 0.2784 0.0078
v 0.000244 0.666016 -0.014893 0.6510 0.3451 0.2078
v -0.031006 0.667480 -0.014893 0.6745 0.3529 0.1882
v 0.031494 0.667480 -0.014893 0.6785 0.3568 0.2039
v 0.000244 0.672363 -0.014893 0.6118 0.3765 0.2471
v -0.189697 0.829102 -0.014893 0.6354 0.3765 0.2432
v 0.190186 0.829102 -0.014893 0.6471 0.3765 0.2471
v -0.142822 0.840332 -0.014893 0.6550 0.4039 0.2667
v 0.143311 0.840332 -0.014893 0.6941 0.4275 0.2902
v -0.031494 0.868652 -0.014893 0.7216 0.4784 0.1490
v 0.031982 0.868652 -0.014893 0.7960 0.5530 0.0784
v -0.032471 0.869629 -0.014893 0.6824 0.4353 0.1333
v 0.032959 0.869629 -0.014893 0.8000 0.5647 0.0941
v -0.143311 0.465820 -0.014893 0.0824 0.0667 0.0471
v 0.144287 0.465820 -0.014893 0.0863 0.0706 0.0627
v -0.140381 0.464844 -0.014893 0.0902 0.0667 0.0627
v 0.141357 0.464844 -0.014893 0.0902 0.0706 0.0588
v -0.054932 0.320312 -0.014893 0.5804 0.3216 0.1961
v 0.055420 0.320312 -0.014893 0.6039 0.3490 0.2235
v -0.089600 0.243652 -0.014893 0.6276 0.3804 0.2432
v 0.090576 0.243652 -0.014893 0.6000 0.3647 0.2275
v -0.120850 0.167480 -0.014893 0.1647 0.1137 0.1216
v 0.121826 0.167480 -0.014893 0.0667 0.0510 0.0980
v -0.112061 0.152832 -0.014893 0.9137 0.6980 0.1333
v 0.113037 0.152832 -0.014893 0.8549 0.5882 0.1333
v 0.116943 0.077637 -0.014893 0.0118 0.0157 0.0706
v -0.106201 0.041504 -0.014893 0.6315 0.3372 0.2118
v 0.107178 0.041504 -0.014893 0.4510 0.2471 0.1647
v -0.108643 0.021484 -0.014893 0.0745 0.0667 0.0353
v 0.109619 0.021484 -0.014893 0.1176 0.0941 0.0510
v -0.115479 0.017090 -0.014893 0.0745 0.0745 0.0667
v 0.116455 0.017090 -0.014893 0.1333 0.1059 0.0706
v 0.004150 0.500000 -0.015381 0.4314 0.2706 0.0275
v -0.042236 0.667969 -0.015381 0.6510 0.3412 0.1922
v 0.042725 0.667969 -0.015381 0.6706 0.3686 0.2078
v 0.000244 0.678711 -0.015381 0.6118 0.3608 0.2314
v -0.031494 0.680664 -0.015381 0.6706 0.4118 0.2745
v 0.031982 0.680664 -0.015381 0.6785 0.4235 0.2863
v -0.082275 0.735840 -0.015381 0.9294 0.6863 0.1137
v 0.082764 0.735840 -0.015381 0.9607 0.7137 0.0784
v -0.369385 0.780762 -0.015381 0.0784 0.0627 0.0471
v 0.369385 0.780762 -0.015381 0.0863 0.0667 0.0431
v -0.201416 0.827148 -0.015381 0.6157 0.3686 0.2314
v -0.211182 0.827148 -0.015381 0.6236 0.3765 0.2432
v 0.201904 0.827148 -0.015381 0.6236 0.3647 0.2314
v 0.211670 0.827148 -0.015381 0.6354 0.3804 0.2549
v -0.376709 0.835449 -0.015381 0.8784 0.6706 0.0314
v 0.377197 0.835449 -0.015381 0.8196 0.6079 0.0157
v -0.003174 0.499512 -0.015381 0.6354 0.4118 0.0078
v -0.116943 0.361816 -0.015381 0.6276 0.3843 0.2510
v 0.117432 0.361816 -0.015381 0.6197 0.3725 0.2392
v -0.061768 0.301758 -0.015381 0.5764 0.3176 0.1922
v 0.062256 0.301758 -0.015381 0.5961 0.3412 0.2157
v -0.107666 0.187988 -0.015381 0.6197 0.3608 0.2392
v 0.108154 0.187988 -0.015381 0.6197 0.3725 0.2392
v -0.109131 0.165527 -0.015381 0.0941 0.0902 0.1137
v 0.110107 0.165527 -0.015381 0.0824 0.0745 0.0941
v -0.111572 0.161133 -0.015381 0.9137 0.7059 0.1020
v 0.112549 0.161133 -0.015381 0.0902 0.0627 0.0902
v -0.104736 0.160645 -0.015381 0.7176 0.5490 0.1294
v 0.105713 0.160645 -0.015381 0.9764 0.7764 0.1333
v -0.127197 0.154297 -0.015381 0.0314 0.0235 0.0824
v 0.128174 0.154297 -0.015381 0.0039 0.0039 0.0745
v -0.169189 0.037109 -0.015381 0.9098 0.6236 0.2118
v 0.170166 0.037109 -0.015381 0.9294 0.7882 0.3176
v -0.111084 0.019043 -0.015381 0.0667 0.0745 0.0431
v 0.112061 0.019043 -0.015381 0.1137 0.0941 0.0510
v -0.055420 0.658691 -0.015869 0.6863 0.3725 0.2118
v 0.056396 0.658691 -0.015869 0.5961 0.2863 0.1255
v -0.061279 0.711914 -0.015869 0.0549 0.0588 0.0392
v 0.061768 0.711914 -0.015869 0.0667 0.0706 0.0627
v -0.083252 0.738281 -0.015869 0.6510 0.4706 0.1176
v 0.084229 0.738281 -0.015869 0.4353 0.3176 0.0627
v -0.397217 0.764648 -0.015869 0.7921 0.5647 0.0510
v 0.397217 0.764648 -0.015869 0.8000 0.5686 0.0431
v -0.233643 0.769043 -0.015869 0.6315 0.3725 0.2471
v 0.234131 0.769043 -0.015869 0.6118 0.3608 0.2353
v -0.361572 0.778809 -0.015869 0.1098 0.0902 0.0745
v 0.362061 0.778809 -0.015869 0.1216 0.1020 0.0863
v -0.354248 0.779297 -0.015869 0.0980 0.0784 0.0627
v -0.364990 0.779297 -0.015869 0.1686 0.1490 0.1137
v 0.354736 0.779297 -0.015869 0.0941 0.0824 0.0667
v 0.364990 0.779297 -0.015869 0.0824 0.0627 0.0510
v -0.365967 0.781250 -0.015869 0.1490 0.1294 0.1020
v 0.366455 0.781250 -0.015869 0.1020 0.0824 0.0549
v -0.290283 0.821777 -0.015869 0.6315 0.3804 0.2432
v 0.291260 0.821777 -0.015869 0.6471 0.3882 0.2549
v -0.220459 0.828613 -0.015869 0.6667 0.4078 0.2667
v 0.220947 0.828613 -0.015869 0.6628 0.4039 0.2706
v -0.371338 0.832031 -0.015869 0.6236 0.4275 0.0941
v 0.371338 0.832031 -0.015869 0.7647 0.5647 0.0392
v -0.034912 0.869141 -0.015869 0.7843 0.5608 0.1098
v 0.035400 0.869141 -0.015869 0.4823 0.3686 0.1176
v -0.109131 0.167480 -0.015869 0.1725 0.1608 0.2039
v 0.110107 0.167480 -0.015869 0.1333 0.0980 0.1216
v -0.105713 0.163574 -0.015869 0.8313 0.6550 0.1804
v 0.107178 0.163574 -0.015869 0.1882 0.0941 0.0431
v -0.117920 0.154785 -0.015869 0.3529 0.2078 0.0824
v -0.114502 0.154297 -0.015869 0.3608 0.1922 0.0196
v 0.115479 0.154297 -0.015869 0.0549 0.0353 0.0667
v 0.118896 0.154297 -0.015869 0.0353 0.0314 0.0784
v -0.123291 0.015625 -0.015869 0.1059 0.0863 0.0627
v 0.124268 0.015625 -0.015869 0.0863 0.0667 0.0431
v -0.104248 0.577637 -0.016357 0.5255 0.3255 0.0431
v 0.104736 0.577637 -0.016357 0.4706 0.2863 0.0078
v -0.045654 0.699707 -0.016357 0.6276 0.3804 0.2627
v 0.046143 0.699707 -0.016357 0.6276 0.3843 0.2549
v -0.083740 0.739746 -0.016357 0.1530 0.0863 0.0471
v 0.084229 0.739746 -0.016357 0.1059 0.0588 0.0549
v -0.342041 0.778320 -0.016357 0.1216 0.1020 0.0863
v 0.342041 0.778320 -0.016357 0.1255 0.1059 0.0902
v -0.308838 0.820801 -0.016357 0.6157 0.3686 0.2588
v 0.309326 0.820801 -0.016357 0.5294 0.2902 0.1882
v -0.135986 0.846680 -0.016357 0.6393 0.3765 0.2706
v 0.136475 0.846680 -0.016357 0.6510 0.3882 0.2823
v -0.004150 0.494141 -0.016357 0.6510 0.4275 0.0118
v 0.005127 0.494141 -0.016357 0.6157 0.4039 0.0275
v -0.129150 0.190918 -0.016357 0.6667 0.3921 0.2588
v 0.130127 0.190918 -0.016357 0.6589 0.3921 0.2549
v -0.140869 0.170898 -0.016357 0.0980 0.0745 0.0941
v 0.141357 0.170898 -0.016357 0.0941 0.0824 0.1098
v -0.141357 0.168457 -0.016357 0.0902 0.0627 0.0706
v 0.142334 0.168457 -0.016357 0.0902 0.0706 0.0902
v -0.112549 0.166992 -0.016357 0.2784 0.2118 0.2392
v 0.113525 0.166992 -0.016357 0.2863 0.1804 0.1882
v -0.108643 0.151855 -0.016357 0.2823 0.1686 0.0196
v 0.109619 0.151855 -0.016357 0.8078 0.6785 0.2118
v -0.114502 0.147461 -0.016357 0.0784 0.0745 0.1020
v 0.115967 0.147461 -0.016357 0.3529 0.2314 0.1020
v -0.117432 0.145020 -0.016357 0.1490 0.0941 0.0627
v 0.118408 0.145020 -0.016357 0.8745 0.6941 0.2392
v -0.061768 0.713867 -0.016846 0.0745 0.0745 0.0706
v 0.062744 0.713867 -0.016846 0.1020 0.1020 0.1020
v -0.399658 0.769043 -0.016846 0.7176 0.4902 0.0392
v 0.399658 0.769043 -0.016846 0.7216 0.4863 0.0471
v -0.329834 0.775391 -0.016846 0.0157 0.0314 0.0431
v 0.330322 0.775391 -0.016846 0.1451 0.1176 0.0980
v -0.319580 0.775879 -0.016846 0.7882 0.5412 0.3019
v 0.319580 0.775879 -0.016846 0.1530 0.1176 0.0941
v -0.312744 0.776367 -0.016846 0.5176 0.3137 0.2157
v 0.312744 0.776367 -0.016846 0.7529 0.4157 0.2118
v -0.106689 0.782227 -0.016846 0.5530 0.3059 0.1961
v 0.107178 0.782227 -0.016846 0.5530 0.3019 0.1882
v -0.301514 0.820801 -0.016846 0.6432 0.4118 0.2823
v 0.302002 0.820801 -0.016846 0.6745 0.4157 0.2823
v -0.368897 0.830566 -0.016846 0.8353 0.5019 0.2549
v 0.369385 0.830566 -0.016846 0.6354 0.4235 0.0157
v -0.074463 0.855957 -0.016846 0.6236 0.3765 0.2471
v 0.074951 0.855957 -0.016846 0.6315 0.3843 0.2549
v 0.123291 0.460938 -0.016846 0.6157 0.3686 0.2353
v -0.122803 0.460449 -0.016846 0.6197 0.3725 0.2353
v -0.116943 0.379883 -0.016846 0.6315 0.3843 0.2471
v 0.117432 0.379883 -0.016846 0.6276 0.3804 0.2510
v -0.109619 0.175293 -0.016846 0.6393 0.3647 0.2588
v 0.110596 0.175293 -0.016846 0.6785 0.3921 0.2706
v -0.138428 0.170898 -0.016846 0.0745 0.0745 0.0863
v 0.139404 0.170898 -0.016846 0.0824 0.0706 0.1137
v -0.111084 0.167969 -0.016846 0.3294 0.2392 0.2510
v -0.108643 0.163574 -0.016846 0.3568 0.2706 0.0980
v 0.109619 0.163574 -0.016846 0.0784 0.0706 0.0941
v -0.130127 0.096191 -0.016846 0.5333 0.4314 0.1725
v 0.131104 0.096191 -0.016846 0.8941 0.6628 0.1804
v -0.055908 0.653320 -0.017334 0.6902 0.3725 0.2000
v 0.056885 0.653320 -0.017334 0.6667 0.3490 0.1843
v -0.046143 0.702148 -0.017334 0.2000 0.1020 0.0000
v 0.046631 0.702148 -0.017334 0.3019 0.2235 0.0667
v -0.247314 0.766602 -0.017334 0.6276 0.3725 0.2471
v 0.248291 0.766602 -0.017334 0.6471 0.3843 0.2706
v -0.322510 0.773438 -0.017334 0.6157 0.3921 0.2314
v 0.322510 0.773438 -0.017334 0.0863 0.0824 0.0627
v -0.320068 0.773926 -0.017334 0.7372 0.4353 0.2157
v 0.320557 0.773926 -0.017334 0.1333 0.1294 0.1098
v -0.315186 0.774414 -0.017334 0.2784 0.1020 0.0275
v 0.315186 0.774414 -0.017334 0.7490 0.4039 0.1686
v -0.278564 0.823730 -0.017334 0.6471 0.3921 0.2667
v 0.279053 0.823730 -0.017334 0.6393 0.3882 0.2549
v -0.357178 0.832520 -0.017334 0.1647 0.1294 0.1020
v 0.357178 0.832520 -0.017334 0.0196 0.0314 0.0588
v -0.368408 0.833008 -0.017334 0.8509 0.4941 0.2157
v 0.368408 0.833008 -0.017334 0.6315 0.4275 0.0549
v -0.365479 0.833984 -0.017334 0.7608 0.4706 0.2275
v 0.365479 0.833984 -0.017334 0.5059 0.2863 0.1686
v -0.125732 0.853027 -0.017334 0.6628 0.4078 0.2706
v 0.126221 0.853027 -0.017334 0.6745 0.4157 0.2823
v -0.005127 0.485840 -0.017334 0.6550 0.4353 0.0118
v 0.006104 0.485840 -0.017334 0.6471 0.4275 0.0078
v 0.112061 0.167969 -0.017334 0.3490 0.2235 0.2196
v -0.138916 0.162598 -0.017334 0.3961 0.2980 0.0353
v 0.139893 0.162598 -0.017334 0.5569 0.4314 0.1530
v -0.118896 0.147949 -0.017334 0.5176 0.3961 0.1137
v 0.119873 0.147949 -0.017334 0.7529 0.5804 0.1608
v -0.127686 0.146484 -0.017334 0.9176 0.7176 0.1255
v 0.128662 0.146484 -0.017334 0.5530 0.3921 0.0902
v -0.073975 0.634766 -0.017822 0.3451 0.2196 0.0314
v 0.074951 0.634766 -0.017822 0.4039 0.2549 0.0157
v -0.307861 0.826660 -0.017822 0.5882 0.3725 0.2784
v 0.307861 0.826660 -0.017822 0.7921 0.4628 0.2235
v -0.315674 0.828125 -0.017822 0.7490 0.4471 0.2000
v 0.315674 0.828125 -0.017822 0.1098 0.0941 0.0667
v -0.310303 0.829102 -0.017822 0.3372 0.1490 0.0784
v 0.310791 0.829102 -0.017822 0.8941 0.5294 0.2314
v -0.341064 0.832520 -0.017822 0.1059 0.0902 0.0863
v 0.341064 0.832520 -0.017822 0.1059 0.0902 0.0863
v -0.112549 0.857422 -0.017822 0.6706 0.4118 0.2745
v 0.113037 0.857422 -0.017822 0.6706 0.4078 0.2706
v -0.084717 0.857910 -0.017822 0.6432 0.3921 0.2549
v 0.085205 0.857910 -0.017822 0.6589 0.4078 0.2706
v -0.098389 0.858887 -0.017822 0.6589 0.4000 0.2627
v 0.098877 0.858887 -0.017822 0.6550 0.3961 0.2706
v -0.006104 0.476562 -0.017822 0.6667 0.4510 0.0118
v 0.007080 0.476562 -0.017822 0.6628 0.4471 0.0157
v -0.123779 0.445801 -0.017822 0.6354 0.3882 0.2510
v 0.124756 0.445801 -0.017822 0.6510 0.4000 0.2588
v -0.119873 0.400879 -0.017822 0.6276 0.3804 0.2510
v 0.120361 0.400879 -0.017822 0.6197 0.3686 0.2314
v -0.071533 0.280762 -0.017822 0.5921 0.3333 0.2078
v 0.072021 0.280762 -0.017822 0.5921 0.3529 0.2353
v -0.108154 0.166016 -0.017822 0.0902 0.0667 0.1059
v 0.109131 0.166016 -0.017822 0.0667 0.0588 0.1020
v -0.116943 0.148926 -0.017822 0.7568 0.6079 0.1843
v 0.117920 0.148926 -0.017822 0.9098 0.7098 0.1412
v -0.063721 0.717285 -0.018311 0.0471 0.0431 0.0275
v 0.064209 0.717285 -0.018311 0.1059 0.1020 0.0863
v -0.090576 0.750000 -0.018311 0.6471 0.3804 0.2432
v 0.091064 0.750000 -0.018311 0.6589 0.3882 0.2588
v -0.198975 0.771973 -0.018311 0.6354 0.3765 0.2510
v -0.212647 0.771973 -0.018311 0.6157 0.3608 0.2392
v 0.199463 0.771973 -0.018311 0.6118 0.3647 0.2353
v 0.213135 0.771973 -0.018311 0.6079 0.3686 0.2471
v -0.111572 0.781250 -0.018311 0.5569 0.3059 0.1922
v 0.112549 0.781250 -0.018311 0.5530 0.3059 0.1843
v -0.315674 0.831055 -0.018311 0.7412 0.4471 0.2118
v 0.316162 0.831055 -0.018311 0.1647 0.1451 0.1216
v -0.318115 0.832520 -0.018311 0.1176 0.0667 0.0471
v -0.325928 0.832520 -0.018311 0.0980 0.1020 0.1098
v 0.318115 0.832520 -0.018311 0.1176 0.0980 0.0784
v 0.325928 0.832520 -0.018311 0.1216 0.1020 0.0863
v -0.123291 0.422852 -0.018311 0.6393 0.3921 0.2549
v 0.124268 0.422852 -0.018311 0.6354 0.3843 0.2471
v -0.129639 0.270996 -0.018311 0.6354 0.3843 0.2510
v 0.130615 0.270996 -0.018311 0.6510 0.3921 0.2549
v -0.130127 0.177734 -0.018311 0.7020 0.4196 0.2941
v 0.130615 0.177734 -0.018311 0.6902 0.3961 0.2823
v -0.129150 0.168457 -0.018311 0.0706 0.0510 0.1020
v 0.129639 0.168457 -0.018311 0.0510 0.0471 0.1020
v -0.105713 0.151855 -0.018311 0.8627 0.6745 0.1686
v 0.106689 0.151855 -0.018311 0.6863 0.5764 0.1686
v -0.109619 0.143555 -0.018311 0.7059 0.5098 0.1490
v 0.110596 0.143555 -0.018311 0.1137 0.0706 0.0784
v -0.031982 0.667969 -0.018799 0.6863 0.3647 0.2078
v 0.032471 0.667969 -0.018799 0.6550 0.3372 0.1922
v -0.263428 0.765625 -0.018799 0.6236 0.3686 0.2510
v 0.263916 0.765625 -0.018799 0.6393 0.3804 0.2549
v -0.150635 0.767090 -0.018799 0.6354 0.3765 0.2510
v 0.151611 0.767090 -0.018799 0.6276 0.3686 0.2432
v -0.168213 0.767578 -0.018799 0.6550 0.3843 0.2627
v 0.168701 0.767578 -0.018799 0.6236 0.3686 0.2432
v -0.133545 0.770508 -0.018799 0.6079 0.3490 0.2235
v 0.134033 0.770508 -0.018799 0.6079 0.3529 0.2314
v -0.184326 0.770996 -0.018799 0.6550 0.3804 0.2471
v 0.184814 0.770996 -0.018799 0.6315 0.3843 0.2588
v -0.312256 0.778809 -0.018799 0.5961 0.3647 0.2471
v 0.312744 0.778809 -0.018799 0.7333 0.4118 0.2196
v -0.039307 0.918945 -0.018799 0.4078 0.1569 0.0706
v 0.039795 0.918945 -0.018799 0.4432 0.1725 0.0980
v -0.007080 0.465332 -0.018799 0.6980 0.4667 0.0118
v 0.007568 0.465332 -0.018799 0.6785 0.4550 0.0118
v -0.117432 0.342285 -0.018799 0.6471 0.3921 0.2627
v 0.117920 0.342285 -0.018799 0.6197 0.3725 0.2471
v -0.127197 0.149414 -0.018799 0.8196 0.6039 0.1020
v 0.128174 0.149414 -0.018799 0.9137 0.7333 0.1216
v -0.155518 0.064453 -0.018799 0.0471 0.0157 0.0196
v 0.156494 0.064453 -0.018799 0.0118 0.0039 0.0353
v -0.167725 0.031250 -0.018799 0.9411 0.7098 0.0941
v 0.168701 0.031250 -0.018799 0.9529 0.7608 0.1530
v -0.043701 0.664551 -0.019287 0.7137 0.3961 0.2235
v 0.044678 0.664551 -0.019287 0.7059 0.3843 0.2275
v -0.010010 0.667480 -0.019287 0.6354 0.3333 0.1922
v 0.010498 0.667480 -0.019287 0.6589 0.3412 0.1882
v -0.020752 0.667969 -0.019287 0.6628 0.3333 0.1725
v 0.021240 0.667969 -0.019287 0.6745 0.3568 0.2039
v -0.010010 0.673340 -0.019287 0.6393 0.3921 0.2627
v 0.010498 0.673340 -0.019287 0.6315 0.3843 0.2549
v -0.020752 0.673828 -0.019287 0.6510 0.4039 0.2745
v 0.021240 0.673828 -0.019287 0.6471 0.4000 0.2706
v -0.032959 0.693848 -0.019287 0.6667 0.4078 0.2706
v 0.033447 0.693848 -0.019287 0.6824 0.4000 0.2627
v -0.279541 0.767578 -0.019287 0.6276 0.3725 0.2392
v 0.280029 0.767578 -0.019287 0.6432 0.3961 0.2667
v -0.294189 0.771484 -0.019287 0.6471 0.3961 0.2667
v -0.403565 0.771484 -0.019287 0.6628 0.4353 0.0392
v 0.294678 0.771484 -0.019287 0.6393 0.3843 0.2588
v 0.403565 0.771484 -0.019287 0.6745 0.4628 0.0392
v -0.305420 0.775879 -0.019287 0.6354 0.3882 0.2588
v 0.306397 0.775879 -0.019287 0.6354 0.3804 0.2667
v -0.118896 0.777832 -0.019287 0.5764 0.3216 0.2039
v 0.119385 0.777832 -0.019287 0.5764 0.3216 0.2039
v -0.068115 0.854980 -0.019287 0.6000 0.3608 0.2392
v 0.068604 0.854980 -0.019287 0.5725 0.3529 0.2235
v -0.022217 0.897461 -0.019287 0.6236 0.3765 0.2471
v 0.023193 0.897461 -0.019287 0.6118 0.3568 0.2314
v -0.146729 0.457520 -0.019287 0.0980 0.0588 0.0745
v 0.147217 0.457520 -0.019287 0.0863 0.0706 0.0627
v -0.143799 0.456543 -0.019287 0.0902 0.0588 0.0588
v 0.144287 0.456543 -0.019287 0.0902 0.0667 0.0588
v -0.008057 0.453125 -0.019287 0.6941 0.4706 0.0196
v 0.008545 0.453125 -0.019287 0.6824 0.4589 0.0157
v -0.109619 0.166504 -0.019287 0.0431 0.0431 0.0980
v 0.110596 0.166504 -0.019287 0.1294 0.0902 0.1216
v -0.107666 0.164062 -0.019287 0.1843 0.1255 0.1255
v 0.108643 0.164062 -0.019287 0.0667 0.0588 0.1059
v -0.135498 0.156250 -0.019287 0.8039 0.5843 0.1412
v 0.136475 0.156250 -0.019287 0.7333 0.5608 0.2000
v -0.120361 0.092773 -0.019287 0.9529 0.7020 0.1490
v 0.121826 0.092773 -0.019287 0.2314 0.1333 0.0549
v 0.171631 0.030762 -0.019287 0.9058 0.7333 0.1647
v -0.152100 0.015625 -0.019287 0.1216 0.1020 0.0784
v 0.153564 0.015625 -0.019287 0.1020 0.0902 0.0549
v -0.108154 0.562500 -0.019775 0.5451 0.3333 0.0392
v 0.108643 0.562500 -0.019775 0.5059 0.3137 0.0471
v -0.265381 0.825684 -0.019775 0.6393 0.3843 0.2549
v 0.265869 0.825684 -0.019775 0.6393 0.3843 0.2588
v -0.041748 0.867188 -0.019775 0.3765 0.2432 0.1451
v 0.042236 0.867188 -0.019775 0.3176 0.2627 0.1922
v -0.021240 0.886230 -0.019775 0.6471 0.4000 0.2706
v 0.021729 0.886230 -0.019775 0.6118 0.3647 0.2432
v -0.030029 0.908203 -0.019775 0.3765 0.1373 0.0510
v 0.031006 0.908203 -0.019775 0.3568 0.1333 0.0549
v -0.046143 0.937988 -0.019775 0.4471 0.1765 0.0863
v 0.046631 0.937988 -0.019775 0.4471 0.1843 0.0902
v -0.136475 0.479004 -0.019775 0.7216 0.5059 0.0275
v 0.137451 0.479004 -0.019775 0.6980 0.4784 0.0549
v -0.077393 0.264648 -0.019775 0.6471 0.3843 0.2471
v 0.077881 0.264648 -0.019775 0.6157 0.3882 0.2549
v -0.148682 0.082031 -0.019775 0.8745 0.7020 0.1882
v -0.170654 0.030762 -0.019775 0.9372 0.7098 0.0863
v -0.057861 0.648438 -0.020264 0.6354 0.3216 0.1647
v 0.058350 0.648438 -0.020264 0.6393 0.3176 0.1608
v -0.010010 0.680176 -0.020264 0.6471 0.3961 0.2588
v 0.010498 0.680176 -0.020264 0.6510 0.3882 0.2432
v -0.021240 0.680664 -0.020264 0.6785 0.4235 0.2823
v 0.021729 0.680664 -0.020264 0.6824 0.4157 0.2706
v 0.000244 0.694824 -0.020264 0.6432 0.3765 0.2275
v -0.405518 0.774414 -0.020264 0.5686 0.3647 0.0275
v 0.406006 0.774414 -0.020264 0.5961 0.3843 0.0392
v -0.403565 0.776367 -0.020264 0.1020 0.0745 0.0510
v 0.403565 0.776367 -0.020264 0.1216 0.0941 0.0588
v -0.405518 0.777344 -0.020264 0.2196 0.1451 0.0431
v 0.406006 0.777344 -0.020264 0.2353 0.1530 0.0549
v -0.009033 0.440430 -0.020264 0.7529 0.5255 0.0353
v 0.010010 0.440430 -0.020264 0.7333 0.5098 0.0314
v -0.012451 0.439941 -0.020264 0.3137 0.1843 0.0431
v 0.012939 0.439941 -0.020264 0.3019 0.1725 0.0353
v -0.118408 0.324707 -0.020264 0.6667 0.4157 0.2784
v 0.118896 0.324707 -0.020264 0.6432 0.3882 0.2510
v 0.149658 0.082031 -0.020264 0.2627 0.1922 0.0667
v -0.171143 0.028320 -0.020264 0.1059 0.0627 0.0353
v 0.172119 0.028320 -0.020264 0.0902 0.0392 0.0549
v -0.044678 0.658691 -0.020752 0.6393 0.3372 0.1765
v 0.045166 0.658691 -0.020752 0.6315 0.3098 0.1686
v -0.066162 0.721191 -0.020752 0.0980 0.0824 0.0471
v 0.066650 0.721191 -0.020752 0.1333 0.1059 0.0667
v -0.096924 0.760742 -0.020752 0.6354 0.3647 0.2353
v 0.097412 0.760742 -0.020752 0.6354 0.3765 0.2432
v -0.399658 0.775391 -0.020752 0.1020 0.0784 0.0510
v 0.399658 0.775391 -0.020752 0.0980 0.0784 0.0510
v -0.407959 0.776855 -0.020752 0.4550 0.3019 0.0627
v 0.408447 0.776855 -0.020752 0.4275 0.2706 0.0510
v -0.061279 0.857422 -0.020752 0.6393 0.4039 0.2706
v 0.062256 0.857422 -0.020752 0.6118 0.3804 0.2471
v -0.139404 0.480469 -0.020752 0.8039 0.6157 0.1098
v 0.139893 0.480469 -0.020752 0.6236 0.4706 0.0353
v -0.012451 0.429688 -0.020752 0.1059 0.0706 0.0471
v 0.012939 0.429688 -0.020752 0.1059 0.0706 0.0471
v -0.135498 0.250000 -0.020752 0.6354 0.3843 0.2471
v 0.136475 0.250000 -0.020752 0.6432 0.3843 0.2432
v -0.119385 0.124023 -0.020752 0.1490 0.0824 0.0353
v 0.120361 0.124023 -0.020752 0.9137 0.7451 0.1922
v -0.139404 0.095703 -0.020752 0.7372 0.5137 0.1686
v 0.140381 0.095703 -0.020752 0.0706 0.0196 0.0000
v -0.163818 0.052734 -0.020752 0.8431 0.5333 0.2432
v 0.164795 0.052734 -0.020752 0.8627 0.5569 0.2549
v -0.160889 0.017090 -0.020752 0.1098 0.0824 0.0510
v 0.161865 0.017090 -0.020752 0.1059 0.1020 0.0745
v -0.058350 0.640137 -0.021240 0.6197 0.3137 0.1569
v 0.058838 0.640137 -0.021240 0.6785 0.3529 0.1922
v -0.021240 0.667969 -0.021240 0.6628 0.3529 0.1922
v 0.021729 0.667969 -0.021240 0.6589 0.3490 0.1922
v -0.427002 0.748047 -0.021240 0.8980 0.6667 0.0471
v 0.427002 0.748047 -0.021240 0.8980 0.6980 0.0431
v -0.389893 0.774902 -0.021240 0.1137 0.0824 0.0392
v 0.389893 0.774902 -0.021240 0.0353 0.0353 0.0706
v -0.145752 0.835449 -0.021240 0.6550 0.4039 0.2667
v 0.146729 0.835449 -0.021240 0.6236 0.3686 0.2314
v -0.043701 0.866211 -0.021240 0.3255 0.1765 0.1020
v 0.044189 0.866211 -0.021240 0.3765 0.2078 0.1137
v -0.028564 0.871094 -0.021240 0.8078 0.5725 0.1490
v 0.029541 0.871094 -0.021240 0.8313 0.6039 0.0902
v -0.030029 0.873047 -0.021240 0.8470 0.6079 0.0941
v 0.030518 0.873047 -0.021240 0.8666 0.6393 0.0902
v -0.043213 0.927246 -0.021240 0.4118 0.1490 0.0627
v 0.043701 0.927246 -0.021240 0.4471 0.1725 0.0863
v -0.018799 0.475586 -0.021240 0.1490 0.0784 0.0627
v 0.019775 0.475586 -0.021240 0.2039 0.1098 0.0824
v -0.009521 0.429688 -0.021240 0.1020 0.0706 0.0431
v 0.010010 0.429688 -0.021240 0.1020 0.0667 0.0431
v -0.109131 0.164551 -0.021240 0.0510 0.0510 0.0980
v 0.110107 0.164551 -0.021240 0.0627 0.0627 0.1098
v -0.142822 0.163574 -0.021240 0.9137 0.7176 0.1255
v 0.143799 0.163574 -0.021240 0.6589 0.4667 0.0824
v -0.109619 0.034180 -0.021240 0.4078 0.2157 0.1294
v 0.111084 0.034180 -0.021240 0.4275 0.2353 0.1294
v -0.106689 0.033203 -0.021240 0.6157 0.3568 0.2000
v 0.107666 0.033203 -0.021240 0.4432 0.2784 0.1176
v -0.058838 0.643066 -0.021729 0.6432 0.3137 0.1686
v 0.059326 0.643066 -0.021729 0.7059 0.3843 0.2275
v -0.034424 0.699219 -0.021729 0.6393 0.3804 0.2549
v 0.034912 0.699219 -0.021729 0.6667 0.3882 0.2588
v -0.049561 0.709961 -0.021729 0.0549 0.0667 0.0745
v 0.050537 0.709961 -0.021729 0.0706 0.0706 0.0627
v -0.415283 0.749512 -0.021729 0.8353 0.6276 0.0039
v 0.415283 0.749512 -0.021728 0.8666 0.6471 0.0392
v -0.438232 0.750000 -0.021729 0.8902 0.6824 0.0392
v 0.438232 0.750000 -0.021728 0.8706 0.6589 0.0314
v -0.448486 0.755371 -0.021729 0.9019 0.6902 0.0157
v 0.448486 0.755371 -0.021728 0.8980 0.6902 0.0078
v -0.456299 0.763184 -0.021729 0.8627 0.6432 0.0157
v 0.457764 0.763184 -0.021728 0.8588 0.6432 0.0039
v -0.380127 0.776367 -0.021729 0.0941 0.0745 0.0510
v 0.380127 0.776367 -0.021728 0.0706 0.0549 0.0353
v -0.042725 0.863281 -0.021729 0.6315 0.3921 0.2432
v 0.043213 0.863281 -0.021729 0.6510 0.3961 0.2471
v -0.047119 0.945312 -0.021729 0.4863 0.2000 0.0902
v 0.047607 0.945312 -0.021729 0.4941 0.1922 0.0745
v -0.093506 0.220215 -0.021729 0.6432 0.3882 0.2549
v 0.094482 0.220215 -0.021729 0.6000 0.3529 0.2196
v -0.107178 0.166992 -0.021729 0.0588 0.0667 0.1098
v 0.108154 0.166992 -0.021729 0.1725 0.1451 0.1451
v -0.140869 0.164062 -0.021729 0.9019 0.7098 0.1020
v 0.141846 0.164062 -0.021728 0.8431 0.6157 0.0745
v -0.139404 0.157227 -0.021729 0.1843 0.1098 0.0275
v 0.140381 0.157227 -0.021728 0.4235 0.2902 0.0588
v -0.141846 0.156250 -0.021729 0.4902 0.3686 0.1608
v 0.142822 0.156250 -0.021728 0.8549 0.6197 0.1020
v -0.135010 0.149414 -0.021729 0.8745 0.6745 0.1569
v 0.135986 0.149414 -0.021728 0.0863 0.0510 0.0667
v -0.137451 0.147461 -0.021729 0.0510 0.0627 0.1059
v 0.138428 0.147461 -0.021728 0.0275 0.0235 0.0353
v -0.108643 0.142578 -0.021729 0.9451 0.6824 0.0510
v 0.109619 0.142578 -0.021729 0.0941 0.0784 0.0863
v -0.104736 0.056152 -0.021729 0.0549 0.0549 0.0627
v 0.106201 0.055664 -0.021729 0.1373 0.0902 0.0824
v -0.106201 0.031250 -0.021729 0.0902 0.0510 0.0196
v 0.107178 0.030762 -0.021729 0.0667 0.0627 0.0353
v -0.123779 0.521484 -0.022217 0.5255 0.3412 0.0353
v 0.124268 0.521484 -0.022217 0.4667 0.2863 0.0196
v -0.081787 0.626953 -0.022217 0.3608 0.2432 0.0471
v 0.082275 0.626953 -0.022217 0.3529 0.2078 0.0118
v -0.032959 0.664062 -0.022217 0.6589 0.3372 0.1647
v 0.033936 0.664062 -0.022217 0.6118 0.3019 0.1412
v -0.405029 0.754395 -0.022217 0.9294 0.6785 0.0549
v 0.405029 0.754395 -0.022217 0.8235 0.6157 0.0549
v -0.101807 0.770020 -0.022217 0.6118 0.3529 0.2235
v 0.102295 0.770020 -0.022217 0.6039 0.3490 0.2235
v 0.463135 0.771973 -0.022217 0.8666 0.6471 0.0235
v -0.462158 0.772461 -0.022217 0.8588 0.6393 0.0235
v -0.251221 0.827148 -0.022217 0.6432 0.3882 0.2627
v 0.251709 0.827148 -0.022217 0.6393 0.3882 0.2588
v -0.051025 0.861328 -0.022217 0.6354 0.3882 0.2510
v 0.051514 0.861328 -0.022217 0.6393 0.3882 0.2510
v -0.023682 0.877441 -0.022217 0.6079 0.3765 0.2745
v 0.024170 0.877441 -0.022217 0.6236 0.3765 0.2549
v -0.020752 0.461426 -0.022217 0.3961 0.2118 0.1333
v 0.021240 0.461426 -0.022217 0.3765 0.2039 0.1373
v -0.079346 0.242188 -0.022217 0.6510 0.3921 0.2549
v 0.080322 0.242188 -0.022217 0.6667 0.4118 0.2706
v -0.144775 0.162598 -0.022217 0.6745 0.4863 0.1294
v 0.145752 0.162598 -0.022217 0.7490 0.5725 0.1294
v -0.128174 0.125488 -0.022217 0.1530 0.0706 0.0745
v 0.129150 0.125488 -0.022217 0.7647 0.5961 0.2235
v -0.168701 0.021973 -0.022217 0.1059 0.0706 0.0471
v -0.010498 0.667969 -0.022705 0.6589 0.3412 0.1804
v 0.010986 0.667969 -0.022705 0.6628 0.3490 0.1922
v 0.000244 0.668457 -0.022705 0.6667 0.3568 0.1922
v -0.035400 0.699707 -0.022705 0.6197 0.3765 0.2745
v 0.035889 0.699707 -0.022705 0.6510 0.3843 0.2745
v -0.371826 0.779297 -0.022705 0.1020 0.0824 0.0627
v 0.371826 0.779297 -0.022705 0.1176 0.0980 0.0745
v -0.465088 0.782227 -0.022705 0.8588 0.6432 0.0118
v 0.464600 0.782227 -0.022705 0.8784 0.6628 0.0196
v -0.289795 0.821777 -0.022705 0.6706 0.4196 0.2823
v 0.290772 0.821777 -0.022705 0.6941 0.4314 0.2941
v -0.138916 0.838379 -0.022705 0.6354 0.3804 0.2471
v 0.139404 0.838379 -0.022705 0.6550 0.4000 0.2667
v -0.031494 0.872070 -0.022705 0.8470 0.6236 0.1647
v 0.032471 0.872070 -0.022705 0.8470 0.6471 0.1608
v -0.047607 0.953613 -0.022705 0.5333 0.2392 0.1137
v 0.048096 0.953613 -0.022705 0.4628 0.1686 0.0667
v -0.042725 0.969727 -0.022705 0.4353 0.1490 0.0431
v 0.043701 0.969727 -0.022705 0.4275 0.1608 0.0588
v -0.138916 0.170898 -0.022705 0.0941 0.0667 0.0980
v -0.141357 0.170898 -0.022705 0.1373 0.1137 0.1294
v 0.139893 0.170898 -0.022705 0.0941 0.0667 0.1059
v 0.142334 0.170410 -0.022705 0.1530 0.1176 0.1569
v -0.136963 0.151367 -0.022705 0.9255 0.7098 0.1333
v 0.137939 0.151367 -0.022705 0.0196 0.0157 0.0314
v -0.139404 0.150391 -0.022705 0.2078 0.1098 0.0353
v 0.140381 0.150391 -0.022705 0.5725 0.4196 0.0824
v 0.169678 0.021973 -0.022705 0.1255 0.0902 0.0549
v -0.166260 0.019531 -0.022705 0.0902 0.0745 0.0471
v 0.167236 0.019531 -0.022705 0.1294 0.1176 0.0706
v -0.045654 0.653809 -0.023193 0.6276 0.2941 0.1451
v 0.046143 0.653809 -0.023193 0.7216 0.4118 0.2353
v -0.033447 0.658691 -0.023193 0.6079 0.2980 0.1412
v 0.034424 0.658691 -0.023193 0.6393 0.3255 0.1843
v -0.069092 0.725586 -0.023193 0.1137 0.0980 0.0627
v 0.070068 0.725586 -0.023193 0.1412 0.1137 0.0745
v -0.104736 0.776855 -0.023193 0.5764 0.3294 0.2078
v 0.105225 0.776855 -0.023193 0.5843 0.3255 0.2196
v -0.038818 0.978027 -0.023193 0.4000 0.1373 0.0353
v 0.039795 0.978027 -0.023193 0.4196 0.1608 0.0510
v -0.039307 0.388672 -0.023193 0.5764 0.3529 0.2392
v 0.039795 0.388672 -0.023193 0.6550 0.3529 0.2078
v -0.044189 0.369629 -0.023193 0.5921 0.3608 0.2432
v 0.044678 0.369629 -0.023193 0.6354 0.3490 0.1961
v -0.142334 0.168945 -0.023193 0.3608 0.3059 0.2275
v 0.142822 0.168945 -0.023193 0.2941 0.2392 0.1490
v -0.111572 0.123047 -0.023193 0.9372 0.6902 0.0549
v 0.112549 0.123047 -0.023193 0.0549 0.0471 0.0941
v -0.112061 0.089844 -0.023193 0.5216 0.3921 0.1098
v 0.113525 0.089844 -0.023193 0.5216 0.4000 0.1608
v -0.147705 0.080566 -0.023193 0.0824 0.0549 0.0824
v 0.148682 0.080566 -0.023193 0.0824 0.0588 0.0706
v -0.110107 0.549805 -0.023682 0.5294 0.3216 0.0353
v 0.110596 0.549805 -0.023682 0.4510 0.2706 0.0353
v -0.022217 0.693359 -0.023682 0.6550 0.3921 0.2549
v 0.022705 0.693359 -0.023682 0.6785 0.4078 0.2549
v -0.035889 0.701660 -0.023682 0.2314 0.1490 0.0039
v 0.000244 0.701660 -0.023682 0.6236 0.3725 0.2392
v 0.036377 0.701660 -0.023682 0.2980 0.2118 0.0627
v -0.051025 0.710938 -0.023682 0.0784 0.0863 0.0902
v 0.051514 0.710938 -0.023682 0.0706 0.0706 0.0627
v 0.223389 0.775879 -0.023682 0.5921 0.3333 0.2157
v -0.222900 0.776367 -0.023682 0.6039 0.3568 0.2275
v -0.465088 0.792480 -0.023682 0.8745 0.6550 0.0196
v 0.465576 0.792480 -0.023682 0.8549 0.6393 0.0078
v -0.465576 0.803711 -0.023682 0.8431 0.6276 0.0039
v 0.464600 0.803711 -0.023682 0.8941 0.6785 0.0431
v -0.462158 0.815430 -0.023682 0.8706 0.6471 0.0275
v 0.462158 0.815430 -0.023682 0.8784 0.6628 0.0235
v -0.222412 0.823242 -0.023682 0.6315 0.3961 0.2627
v 0.222900 0.823242 -0.023682 0.6393 0.3882 0.2510
v -0.213135 0.823730 -0.023682 0.6510 0.4000 0.2588
v 0.214111 0.823730 -0.023682 0.6432 0.3843 0.2510
v -0.236572 0.826172 -0.023682 0.6471 0.3921 0.2667
v 0.237061 0.826172 -0.023682 0.6510 0.3921 0.2627
v -0.156494 0.835449 -0.023682 0.6471 0.3882 0.2549
v 0.156982 0.835449 -0.023682 0.6432 0.3843 0.2510
v -0.047607 0.961914 -0.023682 0.4432 0.1569 0.0549
v 0.048096 0.961914 -0.023682 0.4432 0.1686 0.0706
v -0.032959 0.985352 -0.023682 0.4745 0.1961 0.0980
v 0.033447 0.985352 -0.023682 0.4784 0.1882 0.0745
v -0.022217 0.447754 -0.023682 0.5294 0.2980 0.1882
v 0.022705 0.447754 -0.023682 0.5412 0.2980 0.1882
v -0.027100 0.428223 -0.023682 0.5961 0.3568 0.2039
v 0.027588 0.428223 -0.023682 0.6550 0.3608 0.1843
v -0.032959 0.408203 -0.023682 0.5882 0.3608 0.2432
v 0.033447 0.408203 -0.023682 0.6510 0.3490 0.1961
v -0.120361 0.106934 -0.023682 0.4118 0.3098 0.1020
v 0.121338 0.106934 -0.023682 0.9176 0.7490 0.2275
v -0.108643 0.024902 -0.023682 0.0824 0.0784 0.0431
v 0.109619 0.024902 -0.023682 0.1137 0.0980 0.0588
v -0.021729 0.664062 -0.024170 0.6118 0.3019 0.1451
v 0.022705 0.664062 -0.024170 0.6432 0.3216 0.1608
v -0.010498 0.693848 -0.024170 0.6354 0.3843 0.2471
v 0.011475 0.693848 -0.024170 0.6393 0.3843 0.2549
v -0.072021 0.729492 -0.024170 0.1451 0.1176 0.0902
v 0.072510 0.729492 -0.024170 0.1530 0.1294 0.0941
v -0.400147 0.758301 -0.024170 0.8666 0.6354 0.0196
v 0.400635 0.758301 -0.024170 0.8392 0.6157 0.0235
v -0.107178 0.781250 -0.024170 0.5647 0.3137 0.1961
v 0.107666 0.781738 -0.024170 0.5569 0.3059 0.1804
v -0.312744 0.782227 -0.024170 0.6471 0.3725 0.2235
v 0.312744 0.782227 -0.024170 0.6118 0.3412 0.2235
v -0.455322 0.826660 -0.024170 0.8470 0.6197 0.0314
v 0.455811 0.826660 -0.024170 0.8588 0.6393 0.0235
v -0.376709 0.833984 -0.024170 0.8902 0.6706 0.0353
v 0.376709 0.833984 -0.024170 0.8509 0.6393 0.0431
v -0.402588 0.838379 -0.024170 0.8509 0.6393 0.0235
v 0.402588 0.838379 -0.024170 0.8588 0.6432 0.0392
v -0.416748 0.839355 -0.024170 0.8509 0.6315 0.0235
v 0.416748 0.839355 -0.024170 0.8588 0.6432 0.0275
v -0.131592 0.843750 -0.024170 0.6550 0.3961 0.2667
v 0.132080 0.843750 -0.024170 0.6432 0.3921 0.2706
v 0.000244 0.993164 -0.024170 0.3882 0.1294 0.0510
v -0.137939 0.229492 -0.024170 0.6354 0.3843 0.2432
v 0.138916 0.229492 -0.024170 0.6471 0.3882 0.2549
v -0.135498 0.169434 -0.024170 0.0353 0.0275 0.0745
v 0.136475 0.169434 -0.024170 0.0588 0.0510 0.0941
v -0.099365 0.164551 -0.024170 0.7764 0.6157 0.1216
v 0.100342 0.164551 -0.024170 0.1725 0.0941 0.0588
v -0.098389 0.161133 -0.024170 0.6118 0.4039 0.0157
v 0.099365 0.161133 -0.024170 0.8980 0.6785 0.1412
v -0.106689 0.073242 -0.024170 0.0431 0.0235 0.0078
v 0.108154 0.073242 -0.024170 0.0902 0.0941 0.1098
v -0.046143 0.648438 -0.024658 0.5804 0.2667 0.1294
v 0.046631 0.648438 -0.024658 0.7059 0.3843 0.2432
v -0.051514 0.713379 -0.024658 0.0588 0.0588 0.0588
v 0.052002 0.713379 -0.024658 0.1020 0.1020 0.0980
v -0.277588 0.821289 -0.024658 0.6550 0.4039 0.2667
v 0.278076 0.821289 -0.024658 0.6667 0.4118 0.2667
v -0.370850 0.830566 -0.024658 0.5019 0.3490 0.0745
v 0.370850 0.830566 -0.024658 0.7804 0.5961 0.0353
v -0.444580 0.834473 -0.024658 0.8549 0.6393 0.0196
v 0.445068 0.834961 -0.024658 0.8588 0.6393 0.0275
v -0.388428 0.836426 -0.024658 0.8353 0.6236 0.0000
v 0.388428 0.836426 -0.024658 0.8313 0.6157 0.0196
v -0.430908 0.838379 -0.024658 0.8588 0.6393 0.0314
v 0.431397 0.838379 -0.024658 0.8470 0.6276 0.0118
v -0.025635 0.992188 -0.024658 0.4745 0.1804 0.0667
v 0.026123 0.992188 -0.024658 0.5098 0.2039 0.0784
v -0.144775 0.167480 -0.024658 0.7333 0.5843 0.1451
v 0.145752 0.167480 -0.024658 0.9255 0.7451 0.0863
v -0.141846 0.166992 -0.024658 0.4589 0.3608 0.1059
v 0.142822 0.166992 -0.024658 0.8745 0.7176 0.1294
v -0.233643 0.774414 -0.025147 0.5921 0.3372 0.2157
v 0.234131 0.774414 -0.025146 0.5882 0.3137 0.1882
v -0.212647 0.776367 -0.025147 0.6118 0.3568 0.2353
v 0.213135 0.776367 -0.025146 0.5961 0.3451 0.2157
v -0.112061 0.779297 -0.025147 0.5725 0.3176 0.2000
v -0.304932 0.779297 -0.025147 0.6315 0.3804 0.2432
v 0.113037 0.779297 -0.025146 0.5686 0.3137 0.1922
v 0.305420 0.779297 -0.025146 0.6315 0.3804 0.2510
v -0.202393 0.827148 -0.025147 0.6667 0.4118 0.2627
v 0.202881 0.827148 -0.025146 0.6785 0.4157 0.2823
v -0.015869 0.995605 -0.025146 0.5647 0.2471 0.1098
v 0.016846 0.995605 -0.025146 0.5137 0.2039 0.0824
v -0.006592 0.996094 -0.025146 0.4000 0.1333 0.0549
v 0.007568 0.996094 -0.025146 0.4510 0.1725 0.0706
v -0.081787 0.219238 -0.025146 0.6667 0.3961 0.2588
v 0.082764 0.219238 -0.025146 0.6628 0.4039 0.2745
v -0.099854 0.151855 -0.025147 0.9411 0.6667 0.0078
v 0.100830 0.151855 -0.025146 0.5961 0.4550 0.2353
v -0.136963 0.126465 -0.025147 0.4589 0.3490 0.1961
v 0.137939 0.126465 -0.025146 0.4784 0.3176 0.1294
v -0.128174 0.108398 -0.025147 0.9176 0.7216 0.1608
v 0.129639 0.108398 -0.025146 0.3686 0.2510 0.0784
v 0.000244 0.511719 -0.025635 0.6315 0.4039 0.0157
v -0.034424 0.653320 -0.025635 0.6550 0.3412 0.1804
v 0.034912 0.653320 -0.025635 0.7176 0.4118 0.2471
v -0.022217 0.658203 -0.025635 0.6432 0.3451 0.1922
v 0.023193 0.658203 -0.025635 0.6510 0.3412 0.1882
v -0.010986 0.664062 -0.025635 0.6393 0.3137 0.1569
v 0.011475 0.664062 -0.025635 0.6354 0.3137 0.1530
v -0.166748 0.834961 -0.025635 0.6785 0.4196 0.2823
v 0.167236 0.834961 -0.025635 0.6706 0.4118 0.2745
v -0.122803 0.848633 -0.025635 0.6589 0.4000 0.2627
v 0.123291 0.848633 -0.025635 0.6589 0.4000 0.2667
v -0.033936 0.916016 -0.025635 0.4157 0.1294 0.0471
v 0.034424 0.916016 -0.025635 0.4353 0.1569 0.0706
v -0.047607 0.351074 -0.025635 0.5961 0.3647 0.2392
v 0.048096 0.351074 -0.025635 0.6276 0.3255 0.1647
v -0.146729 0.165039 -0.025635 0.8470 0.6079 0.0824
v 0.147705 0.165039 -0.025635 0.8000 0.5608 0.1255
v -0.144775 0.156250 -0.025635 0.9019 0.6706 0.0980
v 0.145752 0.156250 -0.025635 0.8784 0.6510 0.1765
v -0.106201 0.043457 -0.025635 0.0824 0.0588 0.0667
v 0.107178 0.043457 -0.025635 0.5137 0.2980 0.2078
v -0.115479 0.020996 -0.025635 0.0941 0.0902 0.0745
v 0.116455 0.020996 -0.025635 0.1294 0.1020 0.0627
v -0.088135 0.613770 -0.026123 0.4000 0.2510 0.0431
v 0.088623 0.613770 -0.026123 0.3372 0.2078 0.0078
v -0.061768 0.635254 -0.026123 0.6902 0.4550 0.0314
v 0.062256 0.635254 -0.026123 0.6393 0.4078 0.0235
v -0.047119 0.640137 -0.026123 0.5804 0.2667 0.1530
v 0.047607 0.640137 -0.026123 0.6000 0.2549 0.1098
v 0.000244 0.664062 -0.026123 0.6315 0.3098 0.1490
v -0.023193 0.699219 -0.026123 0.6471 0.3921 0.2588
v 0.023682 0.699219 -0.026123 0.6941 0.4000 0.2627
v -0.076904 0.736816 -0.026123 0.9686 0.7608 0.0980
v 0.077393 0.736816 -0.026123 0.9843 0.7608 0.1020
v -0.398193 0.762695 -0.026123 0.8274 0.6000 0.0275
v 0.398193 0.762695 -0.026123 0.8313 0.6000 0.0353
v -0.341553 0.780273 -0.026123 0.1059 0.0902 0.0706
v 0.341553 0.780273 -0.026123 0.1098 0.0980 0.0784
v -0.353760 0.781250 -0.026123 0.1294 0.1098 0.0980
v 0.353760 0.781250 -0.026123 0.1176 0.0980 0.0824
v -0.250244 0.817383 -0.026123 0.6276 0.3804 0.2510
v -0.263916 0.819824 -0.026123 0.6354 0.3882 0.2588
v 0.264404 0.819824 -0.026123 0.6432 0.3961 0.2627
v -0.190186 0.831055 -0.026123 0.6824 0.4235 0.2863
v 0.191162 0.831055 -0.026123 0.6706 0.4118 0.2745
v -0.177979 0.833496 -0.026123 0.6863 0.4275 0.2902
v 0.178955 0.833496 -0.026123 0.6628 0.4039 0.2667
v -0.024658 0.904785 -0.026123 0.3961 0.1451 0.0471
v 0.025146 0.904785 -0.026123 0.4196 0.1647 0.0549
v -0.139893 0.469238 -0.026123 0.7686 0.5412 0.0314
v 0.140381 0.469238 -0.026123 0.7725 0.5333 0.0392
v -0.119873 0.307129 -0.026123 0.6354 0.3843 0.2471
v 0.120361 0.307129 -0.026123 0.6315 0.3725 0.2353
v -0.061768 0.302246 -0.026123 0.5961 0.3412 0.2157
v 0.062256 0.302246 -0.026123 0.6118 0.3451 0.2118
v -0.098389 0.188965 -0.026123 0.6589 0.3882 0.2510
v 0.098877 0.188965 -0.026123 0.6354 0.3882 0.2667
v -0.138916 0.169434 -0.026123 0.0902 0.0706 0.0745
v -0.141357 0.169434 -0.026123 0.1255 0.0980 0.0745
v 0.139893 0.169434 -0.026123 0.1569 0.1098 0.0549
v 0.142334 0.169434 -0.026123 0.2392 0.1882 0.1059
v -0.111084 0.123047 -0.026123 0.9451 0.6902 0.0784
v 0.112061 0.123047 -0.026123 0.0314 0.0353 0.0980
v -0.112549 0.088379 -0.026123 0.1451 0.1098 0.0627
v 0.113525 0.088379 -0.026123 0.1255 0.1059 0.1020
v -0.110596 0.022949 -0.026123 0.0353 0.0353 0.0235
v 0.111572 0.022949 -0.026123 0.1373 0.1059 0.0745
v -0.035400 0.638672 -0.026611 0.5216 0.2510 0.0902
v 0.035889 0.638672 -0.026611 0.6354 0.3019 0.1647
v -0.034912 0.647949 -0.026611 0.6393 0.3176 0.1804
v 0.035400 0.647949 -0.026611 0.6079 0.2941 0.1490
v -0.010986 0.658203 -0.026611 0.6079 0.2941 0.1530
v 0.000244 0.658203 -0.026611 0.6276 0.3255 0.1804
v 0.011963 0.658203 -0.026611 0.6000 0.2863 0.1373
v -0.053467 0.717285 -0.026611 0.0549 0.0549 0.0471
v 0.053955 0.717285 -0.026611 0.0627 0.0549 0.0588
v -0.078369 0.738770 -0.026611 0.8627 0.6393 0.1569
v 0.078857 0.738770 -0.026611 0.9725 0.7725 0.2118
v -0.078857 0.740723 -0.026611 0.2627 0.1216 0.0118
v 0.079346 0.740723 -0.026611 0.1843 0.0863 0.0235
v -0.293701 0.774902 -0.026611 0.6550 0.3961 0.2627
v 0.294189 0.774902 -0.026611 0.6432 0.3882 0.2627
v -0.312256 0.778809 -0.026611 0.5059 0.2902 0.1961
v 0.312744 0.778809 -0.026611 0.6941 0.3765 0.2000
v -0.360596 0.781250 -0.026611 0.1373 0.1176 0.1020
v 0.360596 0.781250 -0.026611 0.1569 0.1373 0.1294
v -0.364990 0.783691 -0.026611 0.1294 0.1098 0.0902
v 0.364990 0.783691 -0.026611 0.0784 0.0627 0.0431
v 0.250732 0.817383 -0.026611 0.6157 0.3686 0.2392
v -0.016357 0.887695 -0.026611 0.5725 0.3294 0.2314
v 0.016846 0.887695 -0.026611 0.5921 0.3412 0.2235
v -0.142334 0.470215 -0.026611 0.5608 0.3568 0.0196
v 0.143311 0.470215 -0.026611 0.5176 0.3333 0.0196
v -0.113037 0.105469 -0.026611 0.9255 0.6471 0.0667
v 0.114014 0.105469 -0.026611 0.1020 0.0431 0.0392
v -0.146240 0.094727 -0.026611 0.9098 0.6863 0.1333
v 0.147217 0.094727 -0.026611 0.4510 0.3412 0.0667
v -0.166260 0.042480 -0.026611 0.8549 0.5176 0.2471
v 0.167236 0.042480 -0.026611 0.8627 0.5098 0.2432
v -0.123779 0.019531 -0.026611 0.0902 0.0706 0.0471
v 0.124756 0.019531 -0.026611 0.1020 0.0863 0.0510
v -0.047119 0.643066 -0.027100 0.6118 0.2784 0.1412
v 0.047607 0.643066 -0.027100 0.5686 0.2432 0.0980
v -0.022705 0.652832 -0.027100 0.7216 0.4000 0.2235
v 0.023193 0.652832 -0.027100 0.6863 0.3647 0.1922
v -0.010986 0.699707 -0.027100 0.6276 0.3725 0.2432
v 0.011475 0.699707 -0.027100 0.6039 0.3608 0.2432
v -0.199463 0.773926 -0.027100 0.6197 0.3647 0.2432
v 0.200439 0.773926 -0.027100 0.6276 0.3804 0.2588
v -0.329834 0.777832 -0.027100 0.0471 0.0627 0.0745
v 0.329834 0.777832 -0.027100 0.1373 0.1098 0.0863
v -0.319580 0.778809 -0.027100 0.5686 0.3412 0.1882
v 0.319580 0.778809 -0.027100 0.3451 0.2078 0.1294
v -0.363525 0.782227 -0.027100 0.1216 0.1098 0.0902
v 0.364014 0.782227 -0.027100 0.0706 0.0588 0.0353
v -0.368408 0.827637 -0.027100 0.8196 0.5059 0.2157
v 0.368408 0.827637 -0.027100 0.7176 0.4980 0.0471
v -0.111084 0.852539 -0.027100 0.6589 0.4000 0.2627
v 0.112061 0.852539 -0.027100 0.6589 0.4000 0.2667
v -0.072998 0.853516 -0.027100 0.5961 0.3647 0.2314
v 0.073486 0.853516 -0.027100 0.5961 0.3608 0.2353
v -0.042725 0.864258 -0.027100 0.6393 0.4039 0.2549
v 0.043213 0.864258 -0.027100 0.6471 0.3961 0.2549
v -0.037842 0.869141 -0.027100 0.2392 0.1882 0.1137
v 0.038330 0.869141 -0.027100 0.2980 0.2314 0.1490
v -0.024658 0.873047 -0.027100 0.8000 0.5647 0.1608
v 0.025146 0.873047 -0.027100 0.7960 0.5647 0.1647
v -0.015869 0.897461 -0.027100 0.5843 0.3294 0.1882
v 0.016357 0.897461 -0.027100 0.5882 0.3255 0.1961
v -0.138916 0.210938 -0.027100 0.6079 0.3686 0.2314
v 0.139404 0.210938 -0.027100 0.6276 0.3804 0.2432
v -0.093994 0.203125 -0.027100 0.6393 0.3765 0.2510
v 0.094971 0.203125 -0.027100 0.6432 0.3961 0.2667
v -0.144775 0.147461 -0.027100 0.9411 0.7137 0.0627
v 0.145752 0.147461 -0.027100 0.7921 0.6550 0.2314
v -0.136475 0.109375 -0.027100 0.2000 0.1608 0.1020
v 0.137451 0.109375 -0.027100 0.0510 0.0314 0.0118
v -0.004639 0.505859 -0.027588 0.6393 0.4157 0.0118
v 0.005127 0.505859 -0.027588 0.6039 0.3843 0.0039
v -0.023682 0.699707 -0.027588 0.5451 0.3451 0.2549
v 0.024170 0.699707 -0.027588 0.6471 0.3961 0.2784
v -0.038818 0.709473 -0.027588 0.0549 0.0706 0.0745
v 0.039307 0.709473 -0.027588 0.0471 0.0588 0.0549
v 0.399658 0.766602 -0.027588 0.7098 0.4745 0.0392
v -0.399658 0.767090 -0.027588 0.6980 0.4745 0.0314
v -0.246826 0.770508 -0.027588 0.6157 0.3490 0.2235
v 0.247314 0.770508 -0.027588 0.6354 0.3490 0.2235
v -0.320068 0.776367 -0.027588 0.7020 0.3961 0.1961
v 0.320068 0.776367 -0.027588 0.1647 0.1216 0.0941
v -0.315186 0.776855 -0.027588 0.4196 0.1765 0.0863
v 0.315186 0.776855 -0.027588 0.7843 0.4471 0.2196
v -0.366943 0.782227 -0.027588 0.0824 0.0667 0.0510
v 0.366943 0.782227 -0.027588 0.0902 0.0706 0.0431
v -0.308838 0.821289 -0.027588 0.5961 0.3568 0.2510
v 0.308838 0.821289 -0.027588 0.6079 0.3490 0.1922
v -0.084717 0.853027 -0.027588 0.6432 0.3882 0.2549
v 0.085205 0.853027 -0.027588 0.6354 0.3804 0.2471
v -0.098389 0.854004 -0.027588 0.6510 0.4000 0.2627
v 0.098877 0.854004 -0.027588 0.6589 0.4000 0.2706
v -0.039795 0.865234 -0.027588 0.6236 0.3843 0.2314
v 0.040283 0.865234 -0.027588 0.6393 0.3961 0.2471
v -0.025635 0.874512 -0.027588 0.8392 0.5843 0.0863
v 0.026123 0.874512 -0.027588 0.8078 0.5647 0.1020
v -0.049561 0.333984 -0.027588 0.6197 0.3647 0.2314
v 0.050049 0.333984 -0.027588 0.6236 0.3412 0.2078
v 0.054932 0.320801 -0.027588 0.6236 0.3529 0.2196
v -0.053955 0.320312 -0.027588 0.6039 0.3568 0.2275
v -0.100830 0.175293 -0.027588 0.6510 0.3725 0.2627
v 0.101807 0.175293 -0.027588 0.6236 0.3647 0.2510
v -0.103271 0.142090 -0.027588 0.1020 0.0549 0.0275
v 0.104248 0.142090 -0.027588 0.4392 0.3137 0.0392
v -0.126709 0.505859 -0.028076 0.5647 0.3529 0.0000
v 0.127197 0.505859 -0.028076 0.5412 0.3529 0.0471
v -0.012451 0.638184 -0.028076 0.6197 0.2863 0.1530
v 0.012939 0.638184 -0.028076 0.5843 0.2510 0.1059
v -0.023193 0.647461 -0.028076 0.6315 0.3176 0.1569
v 0.023682 0.647461 -0.028076 0.5725 0.2549 0.1098
v 0.000244 0.700195 -0.028076 0.5921 0.3647 0.2588
v -0.024170 0.701660 -0.028076 0.3961 0.2941 0.0471
v 0.024658 0.701660 -0.028076 0.2823 0.2157 0.0392
v -0.322022 0.775879 -0.028076 0.6550 0.4039 0.2627
v 0.322510 0.775879 -0.028076 0.0980 0.0784 0.0549
v -0.307861 0.824707 -0.028076 0.6118 0.3765 0.2667
v 0.308350 0.824707 -0.028076 0.8117 0.4667 0.2157
v -0.316162 0.825684 -0.028076 0.7294 0.4235 0.2118
v 0.316162 0.825684 -0.028076 0.1725 0.1098 0.0745
v -0.356689 0.830078 -0.028076 0.1412 0.1176 0.0824
v 0.357178 0.830078 -0.028076 0.0235 0.0431 0.0667
v -0.141846 0.167480 -0.028076 0.5019 0.3921 0.1216
v 0.142334 0.167480 -0.028076 0.7255 0.5882 0.1530
v -0.135986 0.019043 -0.028076 0.1294 0.1137 0.0784
v 0.136963 0.019043 -0.028076 0.1216 0.1059 0.0706
v 0.000244 0.646973 -0.028564 0.6393 0.3137 0.1686
v -0.011475 0.653320 -0.028564 0.6432 0.3176 0.1569
v 0.012451 0.653320 -0.028564 0.5921 0.2823 0.1294
v -0.011475 0.700195 -0.028564 0.5373 0.3294 0.2235
v 0.011963 0.700195 -0.028564 0.5412 0.3412 0.2432
v -0.262939 0.769043 -0.028564 0.6628 0.3961 0.2667
v 0.263428 0.769043 -0.028564 0.6471 0.3765 0.2510
v -0.279053 0.770508 -0.028564 0.6510 0.3961 0.2627
v 0.280029 0.770508 -0.028564 0.6510 0.3961 0.2706
v -0.237061 0.817871 -0.028564 0.5608 0.3333 0.2157
v 0.237549 0.817871 -0.028564 0.5961 0.3568 0.2353
v -0.301025 0.821289 -0.028564 0.6471 0.4118 0.2745
v 0.301514 0.821289 -0.028564 0.6667 0.4118 0.2823
v -0.310791 0.826660 -0.028564 0.3490 0.1725 0.0980
v 0.311279 0.826660 -0.028564 0.8745 0.5059 0.2118
v -0.341064 0.829590 -0.028565 0.1176 0.1059 0.0941
v 0.341064 0.829590 -0.028564 0.1176 0.1020 0.0941
v -0.367920 0.830078 -0.028565 0.8431 0.5059 0.2000
v 0.367920 0.830078 -0.028564 0.6863 0.4863 0.0667
v -0.364990 0.831055 -0.028565 0.7098 0.4314 0.2196
v 0.364990 0.831055 -0.028564 0.5961 0.3451 0.2078
v -0.039795 0.867676 -0.028564 0.4628 0.2863 0.1765
v 0.040283 0.867676 -0.028564 0.5647 0.3647 0.2392
v -0.070068 0.282227 -0.028564 0.5961 0.3333 0.2118
v 0.070557 0.282227 -0.028564 0.6039 0.3490 0.2235
v -0.105225 0.034668 -0.028564 0.3176 0.1725 0.0549
v 0.106201 0.034668 -0.028564 0.6276 0.4118 0.1647
v -0.092529 0.597656 -0.029053 0.3647 0.2118 0.0000
v 0.093018 0.597656 -0.029053 0.3725 0.2275 0.0275
v -0.023682 0.639160 -0.029053 0.6079 0.2745 0.1294
v 0.024170 0.639160 -0.029053 0.6941 0.3647 0.2078
v -0.035400 0.642578 -0.029053 0.6157 0.2863 0.1412
v 0.035889 0.642578 -0.029053 0.6824 0.3529 0.2118
v -0.011963 0.647461 -0.029053 0.6157 0.2902 0.1451
v 0.012451 0.647461 -0.029053 0.6354 0.3098 0.1725
v 0.000244 0.653320 -0.029053 0.7137 0.3961 0.2235
v 0.000244 0.702637 -0.029053 0.6902 0.5294 0.2196
v -0.086182 0.751465 -0.029053 0.6589 0.3608 0.2275
v 0.086670 0.751465 -0.029053 0.6393 0.3843 0.2588
v -0.184814 0.770508 -0.029053 0.6471 0.3765 0.2471
v 0.185791 0.770508 -0.029053 0.6197 0.3725 0.2471
v -0.119873 0.775391 -0.029053 0.5843 0.3333 0.2118
v 0.120361 0.775391 -0.029053 0.5921 0.3333 0.2118
v -0.316162 0.828613 -0.029053 0.6706 0.3961 0.1961
v 0.316162 0.828613 -0.029053 0.1373 0.1059 0.0824
v -0.326416 0.830078 -0.029053 0.0941 0.1020 0.1098
v 0.326416 0.830078 -0.029053 0.1333 0.1137 0.0980
v -0.027100 0.873535 -0.029053 0.7608 0.5412 0.0784
v 0.027588 0.873535 -0.029053 0.7098 0.4941 0.0706
v -0.018311 0.879395 -0.029053 0.5804 0.3490 0.2196
v 0.018799 0.879395 -0.029053 0.6000 0.3490 0.2196
v -0.108643 0.493164 -0.029053 0.2980 0.1804 0.1333
v 0.109131 0.493164 -0.029053 0.2706 0.1530 0.1020
v -0.138916 0.195312 -0.029053 0.6157 0.3765 0.2392
v 0.139893 0.195312 -0.029053 0.6236 0.3765 0.2471
v -0.101318 0.166992 -0.029053 0.0706 0.0314 0.0627
v -0.138428 0.166992 -0.029053 0.1490 0.1333 0.0980
v 0.102295 0.166992 -0.029053 0.0667 0.0588 0.0902
v -0.146729 0.156738 -0.029053 0.9058 0.6667 0.0980
v 0.147705 0.156738 -0.029053 0.9411 0.6902 0.0980
v -0.112549 0.104980 -0.029053 0.9333 0.6706 0.0706
v 0.113525 0.104980 -0.029053 0.1333 0.1020 0.0784
v -0.108643 0.035645 -0.029053 0.5804 0.3412 0.1098
v 0.109619 0.035645 -0.029053 0.5569 0.3176 0.1255
v -0.104736 0.032715 -0.029053 0.1020 0.0745 0.0510
v 0.105713 0.032227 -0.029053 0.0667 0.0627 0.0471
v 0.112549 0.534180 -0.029541 0.4157 0.2471 0.0157
v 0.000244 0.638672 -0.029541 0.6628 0.3216 0.1686
v -0.023682 0.642090 -0.029541 0.5921 0.2745 0.1451
v 0.024170 0.642090 -0.029541 0.7059 0.3882 0.2314
v -0.011963 0.702148 -0.029541 0.6236 0.4941 0.1961
v 0.012451 0.702148 -0.029541 0.4196 0.3176 0.2078
v -0.039307 0.710938 -0.029541 0.0549 0.0627 0.0627
v 0.040283 0.710938 -0.029541 0.0706 0.0745 0.0627
v -0.056396 0.722168 -0.029541 0.0941 0.0824 0.0549
v 0.056885 0.722168 -0.029541 0.1137 0.1020 0.0784
v -0.406494 0.754395 -0.029541 0.9333 0.7098 0.0431
v 0.406494 0.754395 -0.029541 0.7686 0.5608 0.0118
v -0.402588 0.769531 -0.029541 0.5647 0.3843 0.0392
v 0.402588 0.769531 -0.029541 0.6118 0.4000 0.0431
v -0.318604 0.829590 -0.029541 0.0824 0.0471 0.0196
v 0.318604 0.829590 -0.029541 0.1333 0.1059 0.0824
v -0.037354 0.924316 -0.029541 0.4235 0.1569 0.0667
v 0.038330 0.924316 -0.029541 0.4078 0.1490 0.0549
v -0.006104 0.499512 -0.029541 0.6471 0.4235 0.0157
v 0.007080 0.499512 -0.029541 0.6510 0.4275 0.0118
v 0.139404 0.166992 -0.029541 0.1569 0.1373 0.0784
v -0.164795 0.034180 -0.029541 0.9215 0.6902 0.0745
v 0.165771 0.034180 -0.029541 0.9451 0.7608 0.1216
v -0.112061 0.534180 -0.030029 0.4550 0.2627 0.0196
v -0.039795 0.713379 -0.030029 0.0980 0.0980 0.1020
v 0.040283 0.713379 -0.030029 0.0863 0.0824 0.0706
v -0.416260 0.750488 -0.030029 0.8706 0.6628 0.0314
v 0.416260 0.750488 -0.030029 0.8784 0.6589 0.0824
v -0.145264 0.093262 -0.030029 0.0627 0.0510 0.0627
v 0.146240 0.093262 -0.030029 0.0980 0.0706 0.0863
v -0.148682 0.019531 -0.030029 0.0902 0.0745 0.0392
v 0.149658 0.019531 -0.030029 0.1020 0.0784 0.0392
v -0.012451 0.642090 -0.030518 0.6628 0.3333 0.1725
v 0.012939 0.642090 -0.030518 0.5921 0.2627 0.1176
v -0.000732 0.708008 -0.030518 0.1294 0.1137 0.0667
v 0.001709 0.708008 -0.030518 0.1333 0.1059 0.0745
v -0.001221 0.708496 -0.030518 0.0980 0.0980 0.0706
v 0.002197 0.708984 -0.030518 0.0863 0.0824 0.0667
v -0.001709 0.709473 -0.030518 0.1020 0.0902 0.0863
v 0.002686 0.710449 -0.030518 0.0824 0.0706 0.0706
v -0.002197 0.711426 -0.030518 0.1686 0.1333 0.1216
v -0.426514 0.750000 -0.030518 0.8706 0.6550 0.0235
v 0.427002 0.750000 -0.030518 0.8470 0.6236 0.0275
v -0.168701 0.767090 -0.030518 0.6706 0.4039 0.2667
v 0.169189 0.767090 -0.030518 0.6550 0.3765 0.2510
v -0.370850 0.780273 -0.030518 0.1020 0.0863 0.0627
v 0.370850 0.780273 -0.030518 0.0980 0.0863 0.0667
v -0.312256 0.785156 -0.030518 0.6785 0.4000 0.2235
v 0.312256 0.785156 -0.030518 0.6276 0.3647 0.2314
v -0.139404 0.179688 -0.030518 0.6118 0.3608 0.2588
v 0.140381 0.179688 -0.030518 0.6079 0.3490 0.2627
v -0.139404 0.170898 -0.030518 0.0431 0.0235 0.0667
v 0.140381 0.170410 -0.030518 0.1843 0.1569 0.0980
v -0.143799 0.126465 -0.030518 0.6039 0.4550 0.0667
v 0.144775 0.126465 -0.030518 0.0510 0.0118 0.0235
v -0.167725 0.034180 -0.030518 0.9019 0.6706 0.1020
v 0.168701 0.034180 -0.030518 0.7843 0.6354 0.1725
v -0.107178 0.026367 -0.030518 0.0784 0.0706 0.0392
v 0.108154 0.026367 -0.030518 0.0980 0.0824 0.0471
v 0.000244 0.641602 -0.031006 0.6276 0.2902 0.1451
v -0.000732 0.706543 -0.031006 0.1882 0.1373 0.0824
v 0.001709 0.707031 -0.031006 0.1843 0.1412 0.0784
v 0.002197 0.711914 -0.031006 0.0863 0.0824 0.0706
v -0.437256 0.751953 -0.031006 0.8549 0.6393 0.0275
v 0.437744 0.751953 -0.031006 0.8588 0.6393 0.0353
v -0.402588 0.757812 -0.031006 0.8588 0.6276 0.0314
v 0.402588 0.757812 -0.031006 0.8353 0.6079 0.0353
v -0.134033 0.770508 -0.031006 0.6197 0.3608 0.2275
v 0.134521 0.770508 -0.031006 0.6118 0.3490 0.2196
v -0.404053 0.774414 -0.031006 0.5176 0.3451 0.0510
v 0.404541 0.774414 -0.031006 0.4706 0.3059 0.0471
v -0.379150 0.776367 -0.031006 0.1059 0.0902 0.0745
v 0.379639 0.776367 -0.031006 0.0824 0.0627 0.0510
v -0.225830 0.818848 -0.031006 0.6118 0.3804 0.2549
v 0.226318 0.818848 -0.031006 0.6039 0.3647 0.2432
v -0.289795 0.820312 -0.031006 0.6706 0.4235 0.2941
v 0.290283 0.820312 -0.031006 0.6667 0.4118 0.2784
v -0.063721 0.856934 -0.031006 0.6393 0.3921 0.2510
v 0.064697 0.856934 -0.031006 0.6628 0.4196 0.2784
v -0.038330 0.867676 -0.031006 0.3961 0.2510 0.1569
v 0.038818 0.867676 -0.031006 0.5373 0.3568 0.2353
v -0.009521 0.888184 -0.031006 0.5961 0.3451 0.2275
v 0.010010 0.888184 -0.031006 0.5686 0.3216 0.2078
v -0.008545 0.897461 -0.031006 0.5843 0.3255 0.2039
v 0.009033 0.897461 -0.031006 0.5764 0.3255 0.2118
v -0.040283 0.934082 -0.031006 0.4510 0.1686 0.0588
v 0.041260 0.934082 -0.031006 0.4471 0.1843 0.0980
v -0.040771 0.943359 -0.031006 0.4902 0.1882 0.0824
v 0.041748 0.943359 -0.031006 0.4157 0.1490 0.0588
v -0.125244 0.293945 -0.031006 0.6510 0.4000 0.2667
v 0.125732 0.293945 -0.031006 0.6471 0.3843 0.2471
v -0.085693 0.203125 -0.031006 0.6471 0.3765 0.2392
v 0.086670 0.203125 -0.031006 0.6432 0.3882 0.2627
v -0.144287 0.146973 -0.031006 0.0431 0.0275 0.0627
v 0.145264 0.146973 -0.031006 0.0706 0.0353 0.0549
v -0.106201 0.122070 -0.031006 0.0941 0.0549 0.0078
v 0.107178 0.122070 -0.031006 0.6039 0.4471 0.1412
v -0.002686 0.708008 -0.031494 0.1373 0.1098 0.0863
v 0.003662 0.708496 -0.031494 0.1333 0.1216 0.0941
v -0.026123 0.708984 -0.031494 0.0706 0.0784 0.0784
v 0.026611 0.708984 -0.031494 0.0745 0.0824 0.0706
v -0.003174 0.709473 -0.031494 0.1137 0.0980 0.0824
v 0.000244 0.709473 -0.031494 0.1216 0.1059 0.0784
v 0.004150 0.709961 -0.031494 0.0980 0.0980 0.0863
v -0.447022 0.756836 -0.031494 0.8862 0.6745 0.0039
v 0.447510 0.756836 -0.031494 0.9019 0.6706 0.0196
v -0.093018 0.763184 -0.031494 0.6628 0.3608 0.2157
v 0.093506 0.763184 -0.031494 0.6393 0.3882 0.2588
v 0.455811 0.764160 -0.031494 0.8666 0.6510 0.0196
v -0.454346 0.764648 -0.031494 0.8627 0.6471 0.0157
v -0.151123 0.767090 -0.031494 0.6471 0.3765 0.2471
v 0.151611 0.767090 -0.031494 0.6510 0.3725 0.2471
v -0.459717 0.772461 -0.031494 0.8470 0.6315 0.0157
v 0.460205 0.772461 -0.031494 0.8470 0.6315 0.0000
v -0.389404 0.774414 -0.031494 0.1137 0.0902 0.0510
v -0.398682 0.774414 -0.031494 0.1059 0.0902 0.0510
v 0.389404 0.774414 -0.031494 0.0510 0.0510 0.0627
v 0.398682 0.774414 -0.031494 0.0902 0.0667 0.0627
v -0.404541 0.776367 -0.031494 0.5255 0.3372 0.0784
v 0.405029 0.776367 -0.031494 0.4000 0.2627 0.0667
v -0.370361 0.827637 -0.031494 0.4823 0.2980 0.0196
v 0.370361 0.827637 -0.031494 0.7764 0.5764 0.0471
v -0.375732 0.831543 -0.031494 0.8862 0.6706 0.0275
v 0.376221 0.831543 -0.031494 0.8509 0.6354 0.0471
v 0.000244 0.887695 -0.031494 0.6039 0.3529 0.2392
v -0.007080 0.490234 -0.031494 0.6824 0.4589 0.0078
v 0.008057 0.490234 -0.031494 0.6745 0.4510 0.0039
v -0.109619 0.479492 -0.031494 0.4745 0.2745 0.2000
v 0.110107 0.479492 -0.031494 0.4550 0.2627 0.1765
v -0.142822 0.457520 -0.031494 0.1137 0.0863 0.0667
v 0.143799 0.457520 -0.031494 0.1059 0.0745 0.0784
v -0.113037 0.359863 -0.031494 0.6589 0.3921 0.2588
v 0.114014 0.359863 -0.031494 0.6393 0.3765 0.2432
v -0.112549 0.343262 -0.031494 0.6393 0.3686 0.2392
v 0.113525 0.343262 -0.031494 0.6471 0.3882 0.2627
v -0.068604 0.265137 -0.031494 0.6236 0.3412 0.2039
v 0.069580 0.265137 -0.031494 0.6157 0.3725 0.2510
v -0.168213 0.031738 -0.031494 0.1020 0.0627 0.0353
v 0.169189 0.031738 -0.031494 0.0902 0.0588 0.0510
v -0.157471 0.020508 -0.031494 0.1294 0.0941 0.0549
v 0.158447 0.020508 -0.031494 0.0863 0.0824 0.0510
v -0.096436 0.578613 -0.031982 0.4628 0.2980 0.0118
v 0.096924 0.578613 -0.031982 0.3882 0.2353 0.0314
v -0.071045 0.626953 -0.031982 0.6941 0.4432 0.0275
v 0.071533 0.626953 -0.031982 0.6000 0.3882 0.0118
v -0.012451 0.631348 -0.031982 0.6628 0.4353 0.0235
v 0.012939 0.631348 -0.031982 0.7372 0.5019 0.0471
v -0.050049 0.635254 -0.031982 0.6315 0.4196 0.0314
v 0.050537 0.635254 -0.031982 0.5490 0.3686 0.0667
v -0.002197 0.707031 -0.031982 0.1765 0.1373 0.0980
v 0.003174 0.707520 -0.031982 0.1804 0.1490 0.0941
v -0.003662 0.711426 -0.031982 0.1176 0.1020 0.0824
v 0.004150 0.711914 -0.031982 0.0980 0.0902 0.0784
v -0.001709 0.713379 -0.031982 0.1098 0.0824 0.0667
v -0.402100 0.775391 -0.031982 0.1451 0.0902 0.0157
v 0.402100 0.775391 -0.031982 0.1137 0.0824 0.0471
v -0.462647 0.781738 -0.031982 0.8431 0.6276 0.0157
v 0.462158 0.781738 -0.031982 0.8862 0.6706 0.0314
v -0.304932 0.782715 -0.031982 0.6393 0.3451 0.2196
v 0.305420 0.782715 -0.031982 0.6510 0.3725 0.2432
v -0.138916 0.833496 -0.031982 0.6197 0.3725 0.2432
v 0.139404 0.833496 -0.031982 0.6315 0.3921 0.2627
v 0.000244 0.897461 -0.031982 0.5530 0.3019 0.1804
v -0.035400 0.974609 -0.031982 0.5176 0.2196 0.0902
v 0.035889 0.974609 -0.031982 0.5412 0.2275 0.0902
v -0.145752 0.458984 -0.031982 0.0980 0.0745 0.0627
v 0.146240 0.458984 -0.031982 0.0980 0.0784 0.0627
v -0.105713 0.086914 -0.031982 0.0588 0.0314 0.0039
v 0.106689 0.086914 -0.031982 0.1020 0.0980 0.1137
v -0.037354 0.632812 -0.032471 0.6706 0.4235 0.0392
v -0.000732 0.706055 -0.032471 0.3333 0.2157 0.1216
v 0.001221 0.706055 -0.032471 0.3608 0.2353 0.0863
v -0.002197 0.707031 -0.032471 0.1961 0.1451 0.0980
v -0.012939 0.708984 -0.032471 0.0902 0.0941 0.0784
v 0.013428 0.708984 -0.032471 0.0510 0.0588 0.0549
v -0.003174 0.709473 -0.032471 0.1294 0.1216 0.1059
v 0.001709 0.713867 -0.032471 0.0745 0.0824 0.0667
v -0.041260 0.717285 -0.032471 0.0706 0.0667 0.0549
v 0.041748 0.717285 -0.032471 0.0667 0.0549 0.0588
v -0.098389 0.772949 -0.032471 0.6510 0.3608 0.2235
v 0.098877 0.772949 -0.032471 0.6354 0.3921 0.2627
v 0.403565 0.776367 -0.032471 0.2314 0.1530 0.0510
v -0.102295 0.779785 -0.032471 0.5647 0.3176 0.1961
v 0.102783 0.779785 -0.032471 0.5921 0.3451 0.2196
v -0.223877 0.781250 -0.032471 0.5764 0.3294 0.2157
v 0.224365 0.781250 -0.032471 0.5569 0.3098 0.1882
v -0.463135 0.791504 -0.032471 0.8313 0.6118 0.0039
v 0.463135 0.791504 -0.032471 0.8627 0.6471 0.0157
v -0.216064 0.820801 -0.032471 0.6589 0.4000 0.2667
v 0.216553 0.820801 -0.032471 0.6550 0.3961 0.2627
v -0.018799 0.874512 -0.032471 0.8902 0.6510 0.0824
v 0.019287 0.874512 -0.032471 0.8823 0.6354 0.1059
v -0.017822 0.902344 -0.032471 0.3686 0.1333 0.0431
v 0.018311 0.902344 -0.032471 0.4157 0.1608 0.0588
v -0.027100 0.912109 -0.032471 0.3843 0.1176 0.0275
v 0.028076 0.912109 -0.032471 0.4000 0.1373 0.0353
v -0.038818 0.967285 -0.032471 0.4823 0.1882 0.0706
v 0.039307 0.967285 -0.032471 0.4980 0.2039 0.0824
v -0.030029 0.979980 -0.032471 0.5019 0.2078 0.0941
v 0.031006 0.979980 -0.032471 0.4823 0.2039 0.0941
v -0.110596 0.400391 -0.032471 0.6354 0.3843 0.2471
v 0.111572 0.400391 -0.032471 0.6315 0.3804 0.2392
v -0.112549 0.379395 -0.032471 0.6432 0.3843 0.2510
v 0.113037 0.379395 -0.032471 0.6471 0.3921 0.2549
v -0.141846 0.108887 -0.032471 0.0706 0.0275 0.0314
v 0.142822 0.108887 -0.032471 0.0431 0.0314 0.0627
v -0.161377 0.057617 -0.032471 0.0549 0.0549 0.0471
v 0.161865 0.057617 -0.032471 0.0588 0.0549 0.0745
v 0.037842 0.632812 -0.032959 0.5921 0.3725 0.0392
v 0.002686 0.707031 -0.032959 0.2627 0.1961 0.1020
v 0.003662 0.709961 -0.032959 0.1176 0.1059 0.0824
v -0.026611 0.710938 -0.032959 0.0549 0.0627 0.0588
v 0.000244 0.710938 -0.032959 0.1176 0.0980 0.0863
v 0.027100 0.710938 -0.032959 0.0588 0.0627 0.0471
v -0.002686 0.711426 -0.032959 0.1255 0.1020 0.0745
v -0.003174 0.712891 -0.032959 0.0980 0.0941 0.0706
v 0.003174 0.713379 -0.032959 0.0863 0.0863 0.0824
v -0.060303 0.728027 -0.032959 0.1059 0.0941 0.0667
v 0.060791 0.728027 -0.032959 0.1137 0.0941 0.0627
v -0.401123 0.761230 -0.032959 0.8353 0.6000 0.0392
v 0.401123 0.761230 -0.032959 0.8470 0.6079 0.0392
v -0.403565 0.776367 -0.032959 0.4706 0.3216 0.0941
v -0.234131 0.781250 -0.032959 0.6000 0.3529 0.2314
v 0.234619 0.781250 -0.032959 0.5804 0.3255 0.2078
v -0.277100 0.819336 -0.032959 0.6980 0.4510 0.3137
v 0.277588 0.819336 -0.032959 0.6745 0.4235 0.2784
v -0.133545 0.836426 -0.032959 0.6393 0.3882 0.2510
v 0.134033 0.836426 -0.032959 0.6589 0.4118 0.2823
v -0.019287 0.874512 -0.032959 0.8980 0.6510 0.0392
v 0.019775 0.874512 -0.032959 0.8823 0.6276 0.0706
v -0.042725 0.951172 -0.032959 0.4980 0.2000 0.0824
v 0.043701 0.951172 -0.032959 0.4157 0.1530 0.0588
v -0.041260 0.959473 -0.032959 0.4628 0.1647 0.0706
v 0.042236 0.959473 -0.032959 0.4432 0.1647 0.0706
v -0.008057 0.480469 -0.032959 0.7098 0.4784 0.0196
v 0.009033 0.480469 -0.032959 0.7098 0.4745 0.0118
v -0.110107 0.325684 -0.032959 0.6589 0.4000 0.2667
v 0.111084 0.325684 -0.032959 0.6432 0.3882 0.2627
v -0.166260 0.025391 -0.032959 0.0863 0.0549 0.0078
v 0.167236 0.025391 -0.032959 0.1216 0.0863 0.0510
v -0.163818 0.022949 -0.032959 0.1451 0.1137 0.0706
v 0.164795 0.022949 -0.032959 0.0431 0.0392 0.0118
v 0.000244 0.631836 -0.033447 0.7412 0.5137 0.0627
v 0.000244 0.708008 -0.033447 0.2235 0.1608 0.1059
v 0.000244 0.708496 -0.033447 0.2432 0.1961 0.1098
v -0.002686 0.710938 -0.033447 0.1176 0.1020 0.0784
v 0.003174 0.710938 -0.033447 0.0980 0.0824 0.0706
v 0.003174 0.711426 -0.033447 0.1373 0.1216 0.1098
v -0.027100 0.713379 -0.033447 0.0980 0.0980 0.0902
v 0.000244 0.713379 -0.033447 0.0863 0.0824 0.0784
v 0.027588 0.713379 -0.033447 0.0941 0.0902 0.0824
v -0.403565 0.771973 -0.033447 0.3608 0.2353 0.0549
v 0.404053 0.772461 -0.033447 0.5530 0.3647 0.0627
v -0.213135 0.779785 -0.033447 0.6000 0.3412 0.2157
v 0.213623 0.779785 -0.033447 0.6118 0.3372 0.2118
v -0.106201 0.783691 -0.033447 0.5686 0.3255 0.2000
v 0.106689 0.783691 -0.033447 0.5764 0.3255 0.1922
v -0.463135 0.802734 -0.033447 0.8509 0.6315 0.0275
v 0.462647 0.802734 -0.033447 0.8627 0.6471 0.0078
v -0.147217 0.834473 -0.033447 0.6315 0.3765 0.2353
v -0.387451 0.834473 -0.033447 0.8470 0.6276 0.0196
v 0.147705 0.834473 -0.033447 0.6510 0.3921 0.2549
v 0.387451 0.834473 -0.033447 0.8313 0.6079 0.0235
v -0.032959 0.869141 -0.033447 0.4078 0.3098 0.1608
v 0.033447 0.869141 -0.033447 0.4275 0.3961 0.2588
v 0.000244 0.878418 -0.033447 0.5882 0.3490 0.2314
v -0.010498 0.878906 -0.033447 0.6157 0.3725 0.2510
v 0.011475 0.878906 -0.033447 0.6000 0.3490 0.2314
v -0.129639 0.493164 -0.033447 0.5686 0.3804 0.0510
v 0.130127 0.493164 -0.033447 0.4902 0.3176 0.0275
v -0.110596 0.465332 -0.033447 0.5961 0.3490 0.2196
v 0.111084 0.465332 -0.033447 0.5843 0.3490 0.2118
v -0.111084 0.422363 -0.033447 0.6315 0.3843 0.2471
v 0.111572 0.422363 -0.033447 0.6118 0.3686 0.2471
v -0.134521 0.275879 -0.033447 0.6589 0.4078 0.2706
v 0.135498 0.275879 -0.033447 0.6510 0.3921 0.2588
v -0.143311 0.126953 -0.033447 0.0039 0.0039 0.0353
v 0.144287 0.126953 -0.033447 0.0471 0.0314 0.0549
v -0.004150 0.632324 -0.033936 0.7608 0.5294 0.0353
v 0.004639 0.632324 -0.033936 0.6941 0.4706 0.0275
v -0.023682 0.633301 -0.033936 0.6510 0.4275 0.0157
v 0.024170 0.633301 -0.033936 0.6118 0.3882 0.0353
v -0.002197 0.707031 -0.033936 0.3137 0.2314 0.1647
v -0.002686 0.708984 -0.033936 0.1922 0.1647 0.1137
v 0.001709 0.709473 -0.033936 0.2353 0.1804 0.1216
v -0.001221 0.709961 -0.033936 0.2196 0.1686 0.1294
v -0.012939 0.710938 -0.033936 0.0902 0.0863 0.0706
v 0.013916 0.710938 -0.033936 0.0745 0.0745 0.0706
v -0.401611 0.765137 -0.033936 0.6863 0.4550 0.0314
v 0.402100 0.765137 -0.033935 0.8000 0.5294 0.0588
v -0.293213 0.779785 -0.033936 0.6550 0.3804 0.2392
v 0.294189 0.779785 -0.033936 0.6550 0.3882 0.2588
v -0.311768 0.783203 -0.033936 0.6980 0.3921 0.2078
v 0.312256 0.783203 -0.033936 0.6589 0.3765 0.2314
v -0.363037 0.788086 -0.033936 0.0431 0.0353 0.0118
v 0.363525 0.788086 -0.033936 0.1137 0.0667 0.0078
v -0.236084 0.810059 -0.033936 0.5961 0.3568 0.2392
v 0.236572 0.810059 -0.033936 0.6000 0.3529 0.2275
v -0.127197 0.840820 -0.033936 0.6471 0.3961 0.2627
v 0.127686 0.840820 -0.033936 0.6550 0.4118 0.2784
v -0.053467 0.860352 -0.033936 0.6354 0.3804 0.2549
v 0.053955 0.860352 -0.033936 0.6276 0.3804 0.2432
v -0.053467 0.371094 -0.033936 0.6393 0.3921 0.2588
v 0.053955 0.371094 -0.033936 0.6393 0.3804 0.2432
v -0.056396 0.352539 -0.033936 0.6510 0.3921 0.2549
v 0.056885 0.352539 -0.033936 0.6550 0.3725 0.2353
v -0.068115 0.242188 -0.033936 0.6315 0.3412 0.1961
v 0.068604 0.242188 -0.033936 0.6236 0.3804 0.2549
v -0.108154 0.103516 -0.033936 0.0941 0.0627 0.0275
v 0.109131 0.103516 -0.033936 0.9137 0.6706 0.0902
v -0.002686 0.703613 -0.034424 0.4078 0.3059 0.1608
v 0.003174 0.704102 -0.034424 0.5373 0.4078 0.1373
v -0.000732 0.706055 -0.034424 0.3451 0.2353 0.1255
v 0.001221 0.706055 -0.034424 0.4392 0.2863 0.1059
v 0.002686 0.707031 -0.034424 0.4157 0.2863 0.1451
v 0.000244 0.708496 -0.034424 0.2471 0.1843 0.1216
v 0.003174 0.708984 -0.034424 0.1765 0.1490 0.1176
v -0.000732 0.709473 -0.034424 0.2157 0.1647 0.1294
v 0.001221 0.709473 -0.034424 0.2471 0.1843 0.1294
v -0.001221 0.709961 -0.034424 0.2314 0.1765 0.1333
v 0.002197 0.709961 -0.034424 0.1882 0.1569 0.1176
v 0.002197 0.710449 -0.034424 0.1608 0.1490 0.1020
v -0.002197 0.710938 -0.034424 0.1333 0.1255 0.0941
v 0.002686 0.710938 -0.034424 0.0980 0.0902 0.0784
v -0.002686 0.711426 -0.034424 0.1255 0.1294 0.0980
v 0.002686 0.711914 -0.034424 0.1333 0.1216 0.0980
v -0.003174 0.712891 -0.034424 0.1216 0.1059 0.0549
v -0.013428 0.713379 -0.034424 0.0824 0.0784 0.0627
v 0.003174 0.713379 -0.034424 0.0863 0.0824 0.0824
v 0.013916 0.713379 -0.034424 0.0824 0.0784 0.0588
v -0.001709 0.714355 -0.034424 0.0824 0.0745 0.0627
v 0.001221 0.714355 -0.034424 0.0902 0.0667 0.0667
v -0.065186 0.732910 -0.034424 0.0980 0.0863 0.0588
v 0.065674 0.732910 -0.034424 0.1412 0.1216 0.0667
v 0.404053 0.767578 -0.034424 0.6039 0.4000 0.0863
v -0.319092 0.783203 -0.034424 0.1882 0.0980 0.0392
v 0.319580 0.783203 -0.034424 0.6510 0.3333 0.1373
v -0.340576 0.784668 -0.034424 0.0902 0.0588 0.0275
v 0.341064 0.784668 -0.034424 0.0824 0.0627 0.0392
v -0.352783 0.785645 -0.034424 0.0980 0.0706 0.0353
v 0.352783 0.785645 -0.034424 0.0667 0.0353 0.0118
v -0.460205 0.813965 -0.034424 0.8392 0.6197 0.0039
v 0.460205 0.813965 -0.034424 0.8588 0.6393 0.0157
v -0.401611 0.835938 -0.034424 0.8470 0.6276 0.0157
v 0.401611 0.835938 -0.034424 0.8353 0.6079 0.0275
v -0.119873 0.844727 -0.034424 0.6510 0.4000 0.2549
v 0.120361 0.844727 -0.034424 0.6667 0.4196 0.2902
v -0.020264 0.873047 -0.034424 0.9098 0.6628 0.0353
v 0.020752 0.873047 -0.034424 0.8745 0.6157 0.0431
v 0.000244 0.987793 -0.034424 0.4392 0.1725 0.0863
v -0.111572 0.444824 -0.034424 0.6197 0.3765 0.2314
v 0.112061 0.444824 -0.034424 0.6236 0.3765 0.2353
v -0.099365 0.562500 -0.034912 0.5294 0.3372 0.0275
v 0.099854 0.562500 -0.034912 0.4275 0.2667 0.0235
v -0.062744 0.625488 -0.034912 0.6941 0.4628 0.0196
v 0.063232 0.625488 -0.034912 0.7647 0.5373 0.0314
v -0.006592 0.707520 -0.034912 0.1176 0.1176 0.0980
v 0.007080 0.708008 -0.034912 0.2392 0.1961 0.1216
v -0.001709 0.710449 -0.034912 0.2823 0.2157 0.1059
v -0.404053 0.767578 -0.034912 0.4000 0.2549 0.0392
v -0.359131 0.785645 -0.034912 0.0745 0.0431 0.0196
v 0.359131 0.785645 -0.034912 0.0706 0.0235 0.0000
v -0.362061 0.786621 -0.034912 0.1059 0.0863 0.0510
v 0.362061 0.786621 -0.034912 0.1255 0.0784 0.0314
v -0.262939 0.817871 -0.034912 0.6667 0.4157 0.2784
v 0.263428 0.817871 -0.034912 0.6589 0.4078 0.2706
v -0.415772 0.836914 -0.034912 0.8509 0.6354 0.0118
v 0.416260 0.836914 -0.034912 0.8392 0.6079 0.0275
v -0.034912 0.867188 -0.034912 0.3176 0.1961 0.1216
v 0.035400 0.867188 -0.034912 0.4353 0.2667 0.1569
v -0.024170 0.985840 -0.034912 0.4432 0.1765 0.0706
v 0.024658 0.985840 -0.034912 0.4392 0.1725 0.0784
v -0.104736 0.343750 -0.034912 0.6432 0.3686 0.2353
v 0.105225 0.343750 -0.034912 0.6197 0.3725 0.2510
v -0.066162 0.304199 -0.034912 0.6039 0.3529 0.2432
v 0.067139 0.304199 -0.034912 0.6510 0.3412 0.1961
v -0.141846 0.108398 -0.034912 0.0549 0.0471 0.0706
v 0.142822 0.108398 -0.034912 0.0667 0.0549 0.0667
v -0.002686 0.703613 -0.035400 0.3412 0.2549 0.1412
v 0.003174 0.704102 -0.035400 0.5490 0.3882 0.1216
v -0.004150 0.705078 -0.035400 0.1373 0.1216 0.0863
v -0.004639 0.705566 -0.035400 0.1412 0.1294 0.0980
v 0.004150 0.705566 -0.035400 0.6000 0.4039 0.1255
v 0.005127 0.706055 -0.035400 0.4432 0.2823 0.0824
v 0.005127 0.706543 -0.035400 0.3921 0.2784 0.1412
v -0.002686 0.708008 -0.035400 0.3333 0.2510 0.1843
v -0.002686 0.712402 -0.035400 0.1333 0.1137 0.0824
v -0.070557 0.740234 -0.035400 0.9176 0.6902 0.1412
v -0.072510 0.744141 -0.035400 0.3098 0.1843 0.0627
v 0.073486 0.744141 -0.035400 0.5412 0.3961 0.1255
v -0.408936 0.754395 -0.035400 0.9372 0.7059 0.0471
v 0.408936 0.754395 -0.035400 0.8117 0.6079 0.0235
v -0.199951 0.777832 -0.035400 0.6315 0.3529 0.2235
v 0.200439 0.777832 -0.035400 0.6236 0.3412 0.2157
v -0.314697 0.781738 -0.035400 0.6706 0.3451 0.1294
v 0.314697 0.781738 -0.035400 0.2902 0.1098 0.0235
v -0.365479 0.786133 -0.035400 0.1530 0.1059 0.0549
v 0.365479 0.786133 -0.035400 0.1176 0.0745 0.0235
v -0.248779 0.814941 -0.035400 0.6550 0.4078 0.2706
v 0.249756 0.814941 -0.035400 0.6667 0.4078 0.2745
v -0.203369 0.824219 -0.035400 0.6745 0.4078 0.2627
v -0.453369 0.824219 -0.035400 0.8196 0.5961 0.0118
v 0.203857 0.824219 -0.035400 0.6745 0.4000 0.2627
v 0.453857 0.824219 -0.035400 0.8784 0.6589 0.0353
v -0.429932 0.835938 -0.035400 0.8549 0.6354 0.0275
v 0.430420 0.835938 -0.035400 0.8392 0.6236 0.0157
v 0.000244 0.872559 -0.035400 0.8627 0.6157 0.0588
v -0.010010 0.874023 -0.035400 0.8823 0.6393 0.0745
v 0.010498 0.874023 -0.035400 0.8313 0.5804 0.0627
v -0.009521 0.468262 -0.035400 0.7216 0.4980 0.0235
v 0.010498 0.468262 -0.035400 0.7098 0.4706 0.0157
v -0.060791 0.322266 -0.035400 0.6315 0.3882 0.2667
v 0.061768 0.322266 -0.035400 0.6589 0.3568 0.2118
v -0.146729 0.169922 -0.035400 0.8862 0.8000 0.1961
v 0.147705 0.169922 -0.035400 0.9098 0.8000 0.1137
v 0.000244 0.518555 -0.035889 0.6510 0.4392 0.0196
v -0.005615 0.697754 -0.035889 0.2549 0.2039 0.1882
v 0.006104 0.699219 -0.035889 0.3216 0.2510 0.2000
v -0.005127 0.706055 -0.035889 0.1333 0.1255 0.0902
v -0.001221 0.707031 -0.035889 0.2432 0.1647 0.0784
v -0.006104 0.707520 -0.035889 0.1255 0.1216 0.1020
v 0.002686 0.707520 -0.035889 0.4000 0.2627 0.1020
v 0.006592 0.708008 -0.035889 0.3529 0.2745 0.1686
v -0.002686 0.708984 -0.035889 0.3059 0.2471 0.1569
v -0.002686 0.710938 -0.035889 0.1333 0.1098 0.0667
v 0.003174 0.712402 -0.035889 0.0784 0.0863 0.0902
v -0.027588 0.717773 -0.035889 0.0471 0.0431 0.0510
v 0.028564 0.717773 -0.035889 0.0588 0.0431 0.0353
v 0.000244 0.718262 -0.035889 0.0667 0.0588 0.0627
v 0.071045 0.740234 -0.035889 0.9490 0.7921 0.3372
v -0.072510 0.742188 -0.035889 0.5725 0.3921 0.0706
v 0.072998 0.742188 -0.035889 0.9764 0.7176 0.0824
v -0.405518 0.769531 -0.035889 0.1843 0.1020 0.0078
v 0.405518 0.769531 -0.035889 0.2980 0.1725 0.0039
v -0.246826 0.777344 -0.035889 0.6432 0.3804 0.2471
v 0.247803 0.777344 -0.035889 0.6393 0.3725 0.2432
v -0.111572 0.782227 -0.035889 0.6000 0.3412 0.2118
v -0.329346 0.782227 -0.035889 0.1098 0.0627 0.0392
v 0.112549 0.782227 -0.035889 0.5764 0.3176 0.2000
v 0.329834 0.782227 -0.035889 0.0471 0.0431 0.0275
v -0.366455 0.822266 -0.035889 0.7333 0.5373 0.0667
v 0.366943 0.822266 -0.035889 0.8000 0.4823 0.2275
v -0.443115 0.832031 -0.035889 0.8470 0.6276 0.0314
v 0.443604 0.832520 -0.035889 0.8666 0.6432 0.0157
v -0.155029 0.833984 -0.035889 0.6550 0.3882 0.2432
v 0.155518 0.833984 -0.035889 0.6785 0.4118 0.2745
v -0.110107 0.847168 -0.035889 0.6550 0.4039 0.2667
v 0.111084 0.847168 -0.035889 0.6589 0.4078 0.2706
v -0.015381 0.988770 -0.035889 0.4432 0.1686 0.0667
v 0.016357 0.988770 -0.035889 0.4745 0.1961 0.0863
v -0.007080 0.989746 -0.035889 0.4706 0.1961 0.0980
v 0.007568 0.989746 -0.035889 0.4275 0.1686 0.0824
v 0.029541 0.479004 -0.035889 0.1608 0.0863 0.0510
v -0.071533 0.338867 -0.035889 0.6354 0.3882 0.2510
v 0.072510 0.338867 -0.035889 0.6118 0.3608 0.2314
v -0.058350 0.335938 -0.035889 0.6393 0.3921 0.2706
v 0.059326 0.335938 -0.035889 0.6628 0.3725 0.2235
v -0.114014 0.023438 -0.035889 0.0824 0.0706 0.0431
v 0.114990 0.022949 -0.035889 0.0824 0.0627 0.0392
v -0.122803 0.021973 -0.035889 0.1137 0.0980 0.0706
v 0.123779 0.021973 -0.035889 0.0784 0.0667 0.0392
v -0.113037 0.520020 -0.036377 0.4745 0.2863 0.0078
v 0.113525 0.520020 -0.036377 0.4628 0.2863 0.0471
v -0.005127 0.706543 -0.036377 0.1098 0.1137 0.0824
v 0.001221 0.707031 -0.036377 0.5490 0.3882 0.1843
v 0.005615 0.707031 -0.036377 0.3490 0.2588 0.1530
v -0.001221 0.712891 -0.036377 0.1098 0.1137 0.0902
v 0.001221 0.713379 -0.036377 0.0745 0.0706 0.0824
v -0.279053 0.776855 -0.036377 0.6628 0.3804 0.2432
v 0.279541 0.776855 -0.036377 0.6432 0.3843 0.2471
v -0.319580 0.781250 -0.036377 0.1451 0.0863 0.0510
v 0.320068 0.781250 -0.036377 0.6510 0.3294 0.1490
v -0.225342 0.812012 -0.036377 0.5804 0.3490 0.2196
v 0.225830 0.812012 -0.036377 0.6118 0.3765 0.2432
v -0.041260 0.863770 -0.036377 0.6118 0.3843 0.2510
v 0.041748 0.863770 -0.036377 0.6315 0.3882 0.2432
v -0.009033 0.901855 -0.036377 0.4392 0.1882 0.0980
v 0.010010 0.901855 -0.036377 0.4275 0.1843 0.0902
v -0.029053 0.479004 -0.036377 0.1412 0.0784 0.0431
v -0.047607 0.390137 -0.036377 0.6354 0.3882 0.2510
v 0.048096 0.390137 -0.036377 0.6276 0.3686 0.2314
v -0.113037 0.310547 -0.036377 0.6550 0.4000 0.2667
v 0.113525 0.310547 -0.036377 0.6589 0.4000 0.2667
v -0.090088 0.189941 -0.036377 0.6393 0.3490 0.2118
v 0.091064 0.189941 -0.036377 0.6236 0.3765 0.2667
v -0.148682 0.167480 -0.036377 0.8313 0.5882 0.0745
v 0.149658 0.167480 -0.036377 0.8274 0.5961 0.0980
v -0.102295 0.035645 -0.036377 0.1490 0.1020 0.0510
v 0.103272 0.035645 -0.036377 0.5530 0.3961 0.1176
v -0.101807 0.033691 -0.036377 0.1020 0.0784 0.0549
v 0.102783 0.033691 -0.036377 0.0824 0.0667 0.0510
v -0.108643 0.024414 -0.036377 0.0549 0.0510 0.0353
v 0.109619 0.024414 -0.036377 0.1137 0.0902 0.0588
v -0.008057 0.700195 -0.036865 0.1961 0.1843 0.1451
v 0.008057 0.701660 -0.036865 0.3294 0.2314 0.0784
v -0.010986 0.703125 -0.036865 0.2823 0.2392 0.1530
v 0.010498 0.704102 -0.036865 0.1725 0.1530 0.1176
v 0.003174 0.708984 -0.036865 0.2549 0.2118 0.1412
v 0.003174 0.710938 -0.036865 0.0941 0.0980 0.0863
v -0.013916 0.717773 -0.036865 0.0627 0.0510 0.0392
v 0.014404 0.717773 -0.036865 0.0510 0.0471 0.0275
v -0.043701 0.723633 -0.036865 0.0941 0.0824 0.0627
v 0.044189 0.723633 -0.036865 0.1020 0.0902 0.0588
v -0.416748 0.752441 -0.036865 0.9058 0.6980 0.0549
v 0.417236 0.752441 -0.036865 0.8588 0.6471 0.0510
v -0.406006 0.757324 -0.036865 0.8509 0.6276 0.0314
v 0.406006 0.757324 -0.036865 0.8470 0.6236 0.0275
v -0.322022 0.780273 -0.036865 0.1451 0.0863 0.0471
v 0.322022 0.780273 -0.036865 0.6354 0.3216 0.1608
v -0.311768 0.790527 -0.036865 0.6785 0.3961 0.2353
v 0.312256 0.790527 -0.036865 0.6510 0.3882 0.2314
v -0.308838 0.816895 -0.036865 0.5804 0.3608 0.2157
v 0.309326 0.816895 -0.036865 0.6706 0.4157 0.2627
v -0.308350 0.819824 -0.036865 0.5882 0.3647 0.2235
v 0.308838 0.819824 -0.036865 0.7255 0.4353 0.2314
v -0.316650 0.820801 -0.036865 0.2863 0.1961 0.1176
v 0.317139 0.820801 -0.036865 0.6785 0.3921 0.2039
v -0.098877 0.848633 -0.036865 0.6510 0.4039 0.2667
v 0.099365 0.848633 -0.036865 0.6550 0.4078 0.2784
v -0.040771 0.864746 -0.036865 0.6197 0.3765 0.2314
v 0.041260 0.864746 -0.036865 0.6197 0.3843 0.2353
v -0.038330 0.865234 -0.036865 0.6315 0.3765 0.2510
v 0.038818 0.865234 -0.036865 0.4392 0.2549 0.1294
v -0.010498 0.874023 -0.036865 0.8862 0.6510 0.0745
v 0.010986 0.874023 -0.036865 0.8313 0.5843 0.0627
v 0.000244 0.902832 -0.036865 0.3529 0.1216 0.0431
v -0.141846 0.255859 -0.036865 0.6510 0.4000 0.2588
v 0.142822 0.255859 -0.036865 0.6550 0.3921 0.2627
v -0.007080 0.512207 -0.037354 0.6432 0.4196 0.0157
v 0.007568 0.512207 -0.037354 0.6197 0.4078 0.0078
v -0.078369 0.615234 -0.037354 0.6824 0.4432 0.0235
v 0.078857 0.615234 -0.037354 0.6589 0.4392 0.0196
v -0.005615 0.698242 -0.037354 0.2588 0.2157 0.1882
v -0.007080 0.699707 -0.037354 0.2118 0.1843 0.1569
v 0.005615 0.699707 -0.037354 0.3333 0.2588 0.2039
v 0.007080 0.701172 -0.037354 0.2902 0.2235 0.1569
v 0.008545 0.702637 -0.037354 0.3490 0.2784 0.1490
v 0.001221 0.708496 -0.037354 0.5137 0.4118 0.2706
v -0.001221 0.708984 -0.037354 0.5569 0.4471 0.2510
v -0.001221 0.710938 -0.037354 0.1922 0.1490 0.1020
v -0.262939 0.775391 -0.037354 0.6471 0.3765 0.2432
v 0.263428 0.775391 -0.037353 0.6276 0.3568 0.2275
v -0.368897 0.823730 -0.037354 0.7255 0.5294 0.0471
v 0.368897 0.823730 -0.037353 0.5333 0.3647 0.0588
v -0.355713 0.824219 -0.037354 0.0510 0.0667 0.0980
v 0.356201 0.824219 -0.037353 0.1451 0.1333 0.1137
v -0.190186 0.827637 -0.037354 0.6863 0.4196 0.2823
v 0.191162 0.828125 -0.037353 0.6980 0.4196 0.2784
v -0.086182 0.849121 -0.037354 0.6471 0.4000 0.2706
v 0.086670 0.849121 -0.037354 0.6550 0.4078 0.2823
v -0.032471 0.971191 -0.037354 0.5412 0.2275 0.1176
v 0.032959 0.971191 -0.037354 0.5255 0.2196 0.1020
v -0.010986 0.456055 -0.037354 0.7255 0.4941 0.0235
v 0.011475 0.456055 -0.037354 0.7294 0.4784 0.0157
v -0.068604 0.219727 -0.037354 0.6039 0.3412 0.2118
v 0.069580 0.219727 -0.037354 0.6197 0.3647 0.2471
v -0.105225 0.036621 -0.037354 0.6315 0.4118 0.0980
v 0.106201 0.036621 -0.037354 0.8862 0.6354 0.0706
v -0.134521 0.021484 -0.037354 0.0667 0.0471 0.0275
v 0.135498 0.021484 -0.037354 0.0784 0.0588 0.0392
v -0.007568 0.691895 -0.037842 0.2980 0.2353 0.2118
v 0.008057 0.694336 -0.037842 0.3451 0.2863 0.2549
v -0.008545 0.701172 -0.037842 0.1373 0.1294 0.0941
v -0.010498 0.703125 -0.037842 0.3843 0.3216 0.1804
v 0.010010 0.704590 -0.037842 0.1490 0.1333 0.1020
v 0.001221 0.710938 -0.037842 0.0784 0.0784 0.0627
v -0.185303 0.774902 -0.037842 0.6510 0.3608 0.2235
v 0.185791 0.774902 -0.037842 0.6354 0.3490 0.2157
v -0.403076 0.775391 -0.037842 0.5255 0.3451 0.0824
v 0.403076 0.775391 -0.037842 0.4196 0.2745 0.0471
v -0.369385 0.783203 -0.037842 0.1137 0.0824 0.0392
v 0.369873 0.783203 -0.037842 0.0902 0.0588 0.0314
v -0.303955 0.789062 -0.037842 0.6432 0.3804 0.2627
v 0.304932 0.789062 -0.037842 0.6550 0.4000 0.2745
v -0.301025 0.816406 -0.037842 0.7020 0.4432 0.3176
v 0.301514 0.816406 -0.037842 0.6863 0.4275 0.2941
v -0.311768 0.821777 -0.037842 0.6785 0.4039 0.2078
v 0.311768 0.821777 -0.037842 0.6315 0.3608 0.1843
v -0.341064 0.824219 -0.037842 0.1255 0.1098 0.0980
v -0.365967 0.824219 -0.037842 0.6118 0.4589 0.1059
v 0.341064 0.824219 -0.037842 0.1412 0.1255 0.1137
v 0.366455 0.824219 -0.037842 0.8157 0.4550 0.1765
v -0.363525 0.825195 -0.037842 0.5176 0.3372 0.2118
v 0.363525 0.825195 -0.037842 0.6589 0.4157 0.2314
v -0.165771 0.832520 -0.037842 0.6706 0.3961 0.2549
v 0.166260 0.832520 -0.037842 0.6941 0.4275 0.2823
v -0.072998 0.848633 -0.037842 0.6354 0.3921 0.2588
v 0.073486 0.848633 -0.037842 0.6393 0.3921 0.2627
v -0.030518 0.866211 -0.037842 0.3882 0.2353 0.1804
v 0.031494 0.866211 -0.037842 0.6000 0.3647 0.2275
v -0.030029 0.867188 -0.037842 0.1961 0.1255 0.1098
v 0.030518 0.867188 -0.037842 0.4196 0.2588 0.1647
v -0.030029 0.921387 -0.037842 0.4432 0.1686 0.0784
v 0.030518 0.921387 -0.037842 0.3725 0.1294 0.0392
v -0.030518 0.464844 -0.037842 0.4823 0.2745 0.1843
v 0.031006 0.464844 -0.037842 0.5019 0.2902 0.1882
v -0.091553 0.176758 -0.037842 0.6157 0.3333 0.2039
v 0.092529 0.176758 -0.037842 0.5961 0.3529 0.2432
v -0.149170 0.157715 -0.037842 0.9372 0.6902 0.0902
v 0.150146 0.157715 -0.037842 0.9490 0.7137 0.1020
v 0.164795 0.045410 -0.037842 0.0314 0.0275 0.0667
v 0.000244 0.622070 -0.038330 0.6667 0.4432 0.0039
v -0.009033 0.701660 -0.038330 0.1216 0.1098 0.0667
v 0.009033 0.703125 -0.038330 0.1882 0.1412 0.0667
v -0.426514 0.752441 -0.038330 0.8823 0.6628 0.0431
v 0.426514 0.752441 -0.038330 0.8666 0.6510 0.0353
v -0.404541 0.760742 -0.038330 0.7686 0.5451 0.0196
v 0.404541 0.760742 -0.038330 0.8941 0.6157 0.0275
v 0.405029 0.764160 -0.038330 0.6432 0.3882 0.0157
v -0.406494 0.766602 -0.038330 0.2275 0.1333 0.0235
v 0.406982 0.766602 -0.038330 0.5137 0.3019 0.0706
v -0.403565 0.777344 -0.038330 0.4667 0.3176 0.0667
v 0.403565 0.777344 -0.038330 0.3412 0.2353 0.0667
v -0.361572 0.792480 -0.038330 0.0863 0.0588 0.0196
v 0.362061 0.792969 -0.038330 0.1451 0.1098 0.0431
v -0.177490 0.830566 -0.038330 0.6824 0.4118 0.2745
v 0.178467 0.830566 -0.038330 0.6980 0.4235 0.2823
v -0.027588 0.865234 -0.038330 0.4589 0.2667 0.2157
v 0.028076 0.865234 -0.038330 0.5647 0.3216 0.2196
v -0.028076 0.866211 -0.038330 0.3490 0.2157 0.1922
v 0.028564 0.866211 -0.038330 0.5059 0.3098 0.2314
v -0.010986 0.872070 -0.038330 0.8196 0.5843 0.0863
v 0.011475 0.872070 -0.038330 0.8157 0.5608 0.0980
v 0.000244 0.873535 -0.038330 0.8549 0.6197 0.0667
v -0.104736 0.359375 -0.038330 0.6706 0.3804 0.2353
v 0.105713 0.359375 -0.038330 0.6510 0.3961 0.2667
v -0.069580 0.286621 -0.038330 0.6079 0.3451 0.2196
v 0.070557 0.286621 -0.038330 0.6118 0.3372 0.2039
v -0.151123 0.077148 -0.038330 0.1059 0.0941 0.0745
v 0.152100 0.077148 -0.038330 0.0902 0.0745 0.0588
v -0.163818 0.045410 -0.038330 0.0510 0.0588 0.0941
v -0.104248 0.027344 -0.038330 0.0824 0.0706 0.0471
v 0.105225 0.026855 -0.038330 0.0902 0.0784 0.0471
v 0.114990 0.021973 -0.038330 0.0941 0.0745 0.0510
v 0.123291 0.020996 -0.038330 0.0863 0.0706 0.0471
v -0.101318 0.550293 -0.038818 0.4550 0.2823 0.0157
v 0.102295 0.550293 -0.038818 0.4628 0.2863 0.0431
v -0.011475 0.622070 -0.038818 0.6941 0.4628 0.0118
v 0.012451 0.622070 -0.038818 0.7255 0.4863 0.0196
v -0.004639 0.622559 -0.038818 0.7176 0.4863 0.0235
v 0.005127 0.622559 -0.038818 0.7059 0.4745 0.0196
v -0.014893 0.698242 -0.038818 0.2471 0.2039 0.1765
v 0.014404 0.700684 -0.038818 0.2118 0.1922 0.1530
v -0.405029 0.764160 -0.038818 0.5216 0.3255 0.0196
v -0.404541 0.770020 -0.038818 0.5255 0.3529 0.0667
v 0.404541 0.770020 -0.038818 0.5961 0.4078 0.0471
v -0.311279 0.787598 -0.038818 0.7608 0.4353 0.2118
v 0.311768 0.787598 -0.038818 0.6471 0.3882 0.2510
v -0.214600 0.813965 -0.038818 0.6471 0.3961 0.2627
v 0.215088 0.813965 -0.038818 0.6393 0.4000 0.2627
v -0.316650 0.823242 -0.038818 0.3059 0.2275 0.1373
v 0.317139 0.823242 -0.038818 0.6354 0.3765 0.2078
v -0.326904 0.824219 -0.038818 0.1412 0.1216 0.1059
v 0.326904 0.824219 -0.038818 0.0902 0.1098 0.1059
v 0.374268 0.826660 -0.038818 0.8235 0.6079 0.0235
v -0.023193 0.868164 -0.038818 0.2980 0.2196 0.1686
v 0.023682 0.868164 -0.038818 0.1137 0.0980 0.1059
v -0.133057 0.480957 -0.038818 0.5373 0.3333 0.0275
v 0.133545 0.480957 -0.038818 0.4196 0.2471 0.0157
v -0.015381 0.442871 -0.038818 0.3686 0.2392 0.1020
v 0.015869 0.442871 -0.038818 0.2471 0.1373 0.0510
v -0.041260 0.409668 -0.038818 0.6197 0.3765 0.2471
v 0.041748 0.409668 -0.038818 0.6118 0.3529 0.2157
v -0.069580 0.354980 -0.038818 0.6157 0.3725 0.2432
v 0.070068 0.354980 -0.038818 0.6197 0.3686 0.2314
v -0.105225 0.327148 -0.038818 0.6236 0.3647 0.2314
v 0.106201 0.327148 -0.038818 0.6393 0.3882 0.2588
v -0.071533 0.324707 -0.038818 0.6510 0.4000 0.2627
v 0.072510 0.324707 -0.038818 0.6276 0.3686 0.2353
v -0.142334 0.171875 -0.038818 0.0314 0.0157 0.0549
v 0.143311 0.171875 -0.038818 0.0784 0.0510 0.0745
v -0.114014 0.021973 -0.038818 0.0902 0.0784 0.0510
v -0.122314 0.020996 -0.038818 0.0902 0.0745 0.0471
v -0.009033 0.687012 -0.039307 0.3137 0.2510 0.2157
v 0.009033 0.690430 -0.039307 0.3451 0.2784 0.2432
v -0.007568 0.692383 -0.039307 0.2902 0.2392 0.2118
v -0.010498 0.694824 -0.039307 0.2039 0.1961 0.1608
v 0.007568 0.694824 -0.039307 0.3451 0.2745 0.2471
v 0.010498 0.697266 -0.039307 0.4550 0.2745 0.2118
v -0.412354 0.754883 -0.039307 0.8902 0.6628 0.0275
v 0.412842 0.754883 -0.039307 0.8549 0.6236 0.0118
v -0.407959 0.768066 -0.039307 0.2510 0.1569 0.0431
v 0.407959 0.768066 -0.039307 0.4314 0.2706 0.0431
v -0.378174 0.779297 -0.039307 0.0745 0.0549 0.0314
v 0.378662 0.779785 -0.039307 0.0980 0.0667 0.0510
v -0.120850 0.780273 -0.039307 0.6276 0.3529 0.2314
v 0.121826 0.780273 -0.039307 0.6157 0.3216 0.1922
v -0.212647 0.786133 -0.039307 0.6118 0.3568 0.2392
v 0.213135 0.786133 -0.039307 0.6157 0.3529 0.2314
v -0.319092 0.788086 -0.039307 0.1373 0.0980 0.0549
v 0.319580 0.788086 -0.039307 0.6902 0.3608 0.1686
v -0.310791 0.798828 -0.039307 0.6276 0.3725 0.2078
v 0.311279 0.798828 -0.039307 0.6510 0.3921 0.2549
v -0.212647 0.805176 -0.039307 0.6393 0.3882 0.2549
v 0.213135 0.805176 -0.039307 0.6118 0.3608 0.2392
v -0.290283 0.814941 -0.039307 0.6785 0.4275 0.2902
v 0.290772 0.814941 -0.039307 0.6745 0.4275 0.2980
v -0.319580 0.824219 -0.039307 0.1490 0.1216 0.0980
v 0.319580 0.824219 -0.039307 0.0863 0.0510 0.0078
v -0.131592 0.825684 -0.039307 0.6550 0.4078 0.2745
v 0.132080 0.825684 -0.039307 0.6039 0.3647 0.2353
v -0.374268 0.826660 -0.039307 0.8078 0.6000 0.0706
v -0.027588 0.864258 -0.039307 0.5490 0.3255 0.2118
v 0.028076 0.864258 -0.039307 0.5921 0.3412 0.2235
v 0.000244 0.871582 -0.039307 0.8196 0.5921 0.0863
v -0.019775 0.909180 -0.039307 0.3568 0.1098 0.0275
v 0.020264 0.909180 -0.039307 0.3490 0.1098 0.0235
v -0.034912 0.957031 -0.039307 0.4589 0.1725 0.0667
v 0.035400 0.957031 -0.039307 0.4353 0.1686 0.0667
v -0.031494 0.450684 -0.039307 0.5764 0.3372 0.2078
v 0.032471 0.450684 -0.039307 0.5961 0.3529 0.2157
v -0.012451 0.442871 -0.039307 0.8039 0.5764 0.0314
v 0.012939 0.442871 -0.039307 0.7843 0.5255 0.0157
v -0.092041 0.165039 -0.039307 0.8431 0.6354 0.0745
v 0.092529 0.165039 -0.039307 0.8274 0.6393 0.1059
v -0.091064 0.162109 -0.039307 0.7764 0.5608 0.0706
v 0.092041 0.162109 -0.039307 0.7372 0.5294 0.0549
v -0.102783 0.044434 -0.039307 0.1922 0.1059 0.0706
v 0.103760 0.044434 -0.039307 0.0902 0.0706 0.0588
v 0.109619 0.022949 -0.039307 0.1098 0.0941 0.0549
v -0.146729 0.021973 -0.039307 0.0745 0.0588 0.0314
v 0.148193 0.021973 -0.039307 0.0941 0.0745 0.0510
v -0.009521 0.694336 -0.039795 0.2314 0.1882 0.1490
v -0.011963 0.696289 -0.039795 0.1647 0.1647 0.1373
v 0.009521 0.696777 -0.039795 0.4000 0.2706 0.2078
v 0.011475 0.698730 -0.039795 0.1608 0.1294 0.0824
v 0.000244 0.725098 -0.039795 0.0824 0.0706 0.0510
v -0.436279 0.754883 -0.039795 0.8823 0.6471 0.0157
v 0.436279 0.754883 -0.039795 0.8588 0.6276 0.0157
v -0.451904 0.766602 -0.039795 0.8666 0.6432 0.0235
v -0.402588 0.773438 -0.039795 0.5333 0.3568 0.0745
v 0.403076 0.773438 -0.039795 0.4745 0.3098 0.0471
v -0.456787 0.773926 -0.039795 0.8509 0.6315 0.0157
v 0.456787 0.773926 -0.039795 0.8392 0.6157 0.0196
v -0.199463 0.785156 -0.039795 0.6354 0.3765 0.2432
v 0.199951 0.785156 -0.039795 0.6589 0.4000 0.2784
v -0.247314 0.786133 -0.039795 0.6276 0.3686 0.2353
v 0.247803 0.786133 -0.039795 0.6197 0.3647 0.2392
v -0.116943 0.840332 -0.039795 0.6550 0.4039 0.2706
v 0.117432 0.840332 -0.039795 0.6706 0.4235 0.2863
v -0.024170 0.864746 -0.039795 0.4823 0.2863 0.1804
v 0.024658 0.864746 -0.039795 0.5294 0.3059 0.2196
v -0.028564 0.865234 -0.039795 0.5451 0.3216 0.2196
v 0.029053 0.865234 -0.039795 0.5921 0.3529 0.2235
v -0.034912 0.941406 -0.039795 0.4432 0.1686 0.0784
v 0.035400 0.941406 -0.039795 0.4432 0.1686 0.0745
v -0.028076 0.974121 -0.039795 0.4863 0.1843 0.0745
v 0.029053 0.974121 -0.039795 0.4589 0.1765 0.0745
v -0.016846 0.432617 -0.039795 0.1098 0.0667 0.0431
v 0.017334 0.432617 -0.039795 0.1098 0.0706 0.0431
v -0.035889 0.430176 -0.039795 0.6079 0.3765 0.2196
v 0.036377 0.430176 -0.039795 0.6157 0.3686 0.2118
v -0.093018 0.167480 -0.039795 0.2118 0.1530 0.0392
v 0.093994 0.167480 -0.039795 0.1098 0.0902 0.0824
v -0.147705 0.147461 -0.039795 0.0980 0.0784 0.0431
v 0.148682 0.147461 -0.039795 0.1294 0.1020 0.0667
v -0.101807 0.057617 -0.039795 0.0745 0.0745 0.0627
v 0.102783 0.057617 -0.039795 0.0745 0.0706 0.0627
v -0.108643 0.022949 -0.039795 0.0824 0.0745 0.0471
v -0.134033 0.020508 -0.039795 0.0863 0.0667 0.0510
v 0.135498 0.020508 -0.039795 0.0902 0.0706 0.0549
v -0.053467 0.626953 -0.040283 0.6157 0.4039 0.0118
v 0.053955 0.626953 -0.040283 0.5686 0.3608 0.0118
v -0.017822 0.694824 -0.040283 0.3059 0.2549 0.2196
v -0.012451 0.697266 -0.040283 0.1647 0.1530 0.1333
v 0.016846 0.697754 -0.040283 0.2706 0.2353 0.2000
v -0.013916 0.698730 -0.040283 0.1686 0.1373 0.1255
v 0.011963 0.699219 -0.040283 0.1569 0.1530 0.1098
v 0.013428 0.700684 -0.040283 0.1922 0.1686 0.1294
v -0.029053 0.724609 -0.040283 0.0824 0.0784 0.0549
v 0.029541 0.724609 -0.040283 0.0745 0.0706 0.0549
v -0.078369 0.755371 -0.040283 0.6589 0.3843 0.2510
v -0.445557 0.759766 -0.040283 0.9176 0.6706 0.0157
v 0.445557 0.759766 -0.040283 0.8706 0.6315 0.0039
v 0.452881 0.766602 -0.040283 0.8549 0.6276 0.0196
v -0.387940 0.777344 -0.040283 0.1176 0.0941 0.0627
v 0.388428 0.777344 -0.040283 0.0745 0.0627 0.0588
v -0.459717 0.782227 -0.040283 0.8509 0.6315 0.0157
v 0.459229 0.782227 -0.040283 0.8627 0.6432 0.0353
v -0.293213 0.786621 -0.040283 0.6510 0.3921 0.2588
v -0.314209 0.786621 -0.040283 0.6745 0.3490 0.1412
v 0.293701 0.786621 -0.040283 0.6550 0.4000 0.2745
v 0.314697 0.786621 -0.040283 0.3921 0.1725 0.0549
v -0.351807 0.790039 -0.040283 0.0980 0.0706 0.0471
v -0.358154 0.790039 -0.040283 0.1020 0.0706 0.0353
v 0.351807 0.790039 -0.040283 0.1137 0.0824 0.0471
v 0.358154 0.790039 -0.040283 0.1176 0.0784 0.0353
v -0.360596 0.791016 -0.040283 0.1098 0.0902 0.0706
v 0.361084 0.791016 -0.040283 0.1137 0.0902 0.0314
v -0.359619 0.796875 -0.040283 0.1373 0.0706 0.0235
v 0.360107 0.796875 -0.040283 0.7529 0.4471 0.2196
v -0.125732 0.830566 -0.040283 0.6197 0.3843 0.2471
v 0.126221 0.830566 -0.040283 0.6276 0.3921 0.2588
v -0.024170 0.866699 -0.040283 0.1098 0.0784 0.0588
v 0.024658 0.866699 -0.040283 0.1608 0.0980 0.0902
v -0.032471 0.931641 -0.040283 0.3412 0.1216 0.0510
v 0.032959 0.931641 -0.040283 0.3961 0.1412 0.0471
v -0.032959 0.964355 -0.040283 0.5373 0.2432 0.1255
v 0.033447 0.964355 -0.040283 0.4432 0.1686 0.0667
v -0.145264 0.234863 -0.040283 0.6471 0.3882 0.2510
v 0.146240 0.234863 -0.040283 0.6510 0.3961 0.2627
v -0.010498 0.505859 -0.040771 0.6393 0.4275 0.0118
v 0.010986 0.505859 -0.040771 0.6432 0.4196 0.0118
v -0.010010 0.683105 -0.040771 0.3255 0.2627 0.2314
v 0.010498 0.687012 -0.040771 0.3804 0.2902 0.2510
v -0.011963 0.690918 -0.040771 0.2510 0.1530 0.1137
v 0.011963 0.693848 -0.040771 0.3961 0.2588 0.1961
v -0.014404 0.724609 -0.040771 0.0863 0.0745 0.0549
v 0.014893 0.724609 -0.040771 0.1059 0.0941 0.0627
v 0.078857 0.755371 -0.040771 0.6667 0.4039 0.2823
v -0.169189 0.772949 -0.040772 0.6706 0.3686 0.2235
v 0.169678 0.772949 -0.040771 0.6628 0.3686 0.2314
v -0.340088 0.789551 -0.040772 0.1059 0.0784 0.0471
v 0.340576 0.789551 -0.040771 0.1020 0.0824 0.0588
v -0.364502 0.791016 -0.040772 0.2353 0.1451 0.0627
v 0.364502 0.791016 -0.040771 0.1608 0.1333 0.0706
v 0.460205 0.791504 -0.040771 0.8509 0.6315 0.0157
v -0.302979 0.797852 -0.040772 0.6745 0.4039 0.2745
v 0.303467 0.797852 -0.040771 0.6824 0.4314 0.2902
v -0.358643 0.798340 -0.040772 0.6980 0.4078 0.2157
v 0.359131 0.798340 -0.040771 0.7020 0.3137 0.0627
v -0.139893 0.827148 -0.040772 0.6706 0.4157 0.2784
v 0.140381 0.827148 -0.040771 0.6550 0.4039 0.2627
v -0.120850 0.835938 -0.040772 0.6236 0.3765 0.2392
v 0.121338 0.835938 -0.040771 0.6393 0.3961 0.2667
v -0.064209 0.851562 -0.040771 0.6550 0.4039 0.2667
v 0.064697 0.851562 -0.040771 0.6589 0.4118 0.2823
v -0.035889 0.949219 -0.040771 0.4706 0.1804 0.0784
v 0.036377 0.949219 -0.040771 0.3765 0.1255 0.0431
v -0.013916 0.432129 -0.040771 0.1255 0.0706 0.0510
v 0.014404 0.432129 -0.040771 0.1725 0.1059 0.0471
v -0.095459 0.358887 -0.040771 0.6157 0.3608 0.2314
v 0.095947 0.358887 -0.040771 0.6354 0.3843 0.2471
v -0.078857 0.356934 -0.040771 0.6589 0.4000 0.2667
v 0.079834 0.356934 -0.040771 0.6393 0.3882 0.2510
v -0.163330 0.036621 -0.040772 0.8941 0.6785 0.0745
v 0.164307 0.036621 -0.040771 0.9411 0.7647 0.1569
v -0.015381 0.687500 -0.041260 0.3216 0.2667 0.2353
v -0.008545 0.687988 -0.041260 0.3294 0.2706 0.2314
v -0.010986 0.689941 -0.041260 0.2510 0.1804 0.1451
v -0.012939 0.689941 -0.041260 0.4784 0.3137 0.2588
v -0.013916 0.690918 -0.041260 0.4980 0.3176 0.2471
v 0.009033 0.691406 -0.041260 0.3725 0.3137 0.2667
v 0.014893 0.691406 -0.041260 0.3568 0.2706 0.2039
v -0.013916 0.692871 -0.041260 0.2667 0.1961 0.1569
v 0.010986 0.693359 -0.041260 0.4353 0.2902 0.2314
v 0.012939 0.693359 -0.041260 0.3176 0.2196 0.1686
v 0.013916 0.694336 -0.041260 0.2314 0.1843 0.1412
v 0.013916 0.695801 -0.041260 0.2078 0.1725 0.1294
v -0.410400 0.757324 -0.041260 0.8470 0.6157 0.0039
v 0.410400 0.757324 -0.041260 0.9019 0.6315 0.0039
v -0.406982 0.768555 -0.041260 0.5725 0.3882 0.0549
v 0.406982 0.768555 -0.041260 0.6745 0.4823 0.0902
v -0.135010 0.776367 -0.041260 0.6393 0.3647 0.2353
v -0.396729 0.776367 -0.041260 0.1608 0.1373 0.0745
v 0.135986 0.776367 -0.041260 0.6276 0.3451 0.2039
v 0.397217 0.776367 -0.041260 0.0863 0.0549 0.0627
v -0.400147 0.777344 -0.041260 0.2314 0.1647 0.0549
v 0.400147 0.777344 -0.041260 0.0471 0.0235 0.0196
v -0.402100 0.778320 -0.041260 0.3176 0.2392 0.0627
v 0.402100 0.778320 -0.041260 0.4353 0.3098 0.1490
v -0.222900 0.784668 -0.041260 0.6000 0.3451 0.2196
v 0.223389 0.784668 -0.041260 0.5921 0.3333 0.2118
v -0.460205 0.791504 -0.041260 0.8431 0.6236 0.0157
v -0.102295 0.794434 -0.041260 0.5961 0.3529 0.2235
v 0.102783 0.794434 -0.041260 0.6471 0.3921 0.2627
v -0.357178 0.797852 -0.041260 0.7020 0.4235 0.2314
v 0.357178 0.797852 -0.041260 0.8509 0.4706 0.2078
v 0.357178 0.798828 -0.041260 0.7921 0.4000 0.1294
v -0.248291 0.808105 -0.041260 0.6432 0.3882 0.2627
v -0.309814 0.808105 -0.041260 0.7647 0.4628 0.2275
v 0.248779 0.808105 -0.041260 0.6315 0.3765 0.2549
v 0.310303 0.808105 -0.041260 0.6510 0.3921 0.2627
v -0.277100 0.813477 -0.041260 0.6902 0.4392 0.2980
v 0.277588 0.813477 -0.041260 0.6667 0.4078 0.2745
v -0.364502 0.814941 -0.041260 0.7412 0.5412 0.0588
v 0.364990 0.814941 -0.041260 0.8235 0.4471 0.1490
v 0.000244 0.863281 -0.041260 0.6000 0.3804 0.2314
v -0.011475 0.867676 -0.041260 0.7216 0.5764 0.2706
v 0.012451 0.867676 -0.041260 0.6118 0.4823 0.1843
v -0.092529 0.152344 -0.041260 0.9058 0.6785 0.0784
v 0.093506 0.152344 -0.041260 0.9255 0.6824 0.0471
v -0.166260 0.036133 -0.041260 0.8392 0.6510 0.1686
v 0.167236 0.036133 -0.041260 0.5333 0.3843 0.1804
v -0.155518 0.022949 -0.041260 0.0980 0.0667 0.0431
v 0.156494 0.022949 -0.041260 0.0275 0.0235 0.0039
v -0.084229 0.598633 -0.041748 0.7137 0.4706 0.0275
v 0.084717 0.598633 -0.041748 0.7098 0.4706 0.0314
v -0.067627 0.613770 -0.041748 0.6628 0.4392 0.0039
v 0.068115 0.613770 -0.041748 0.6550 0.4235 0.0118
v -0.024170 0.624512 -0.041748 0.7451 0.5137 0.0510
v 0.024658 0.624512 -0.041748 0.6354 0.4039 0.0078
v -0.019775 0.691406 -0.041748 0.3333 0.2745 0.2314
v -0.014893 0.693359 -0.041748 0.3333 0.2275 0.1882
v -0.016846 0.694824 -0.041748 0.3098 0.2432 0.2078
v 0.018799 0.695312 -0.041748 0.3490 0.2745 0.2235
v 0.014404 0.696289 -0.041748 0.2078 0.1804 0.1412
v 0.016357 0.698242 -0.041748 0.2392 0.2039 0.1843
v -0.410400 0.765625 -0.041748 0.5647 0.3961 0.1020
v 0.410400 0.765625 -0.041748 0.4353 0.2902 0.0745
v -0.410889 0.767090 -0.041748 0.3490 0.2353 0.0471
v 0.410889 0.767090 -0.041748 0.2784 0.1922 0.0353
v -0.403076 0.778809 -0.041748 0.4823 0.3255 0.0667
v 0.403076 0.778809 -0.041748 0.2667 0.1725 0.0314
v -0.184814 0.783691 -0.041748 0.6745 0.3961 0.2745
v 0.185303 0.783691 -0.041748 0.6628 0.4039 0.2706
v -0.097900 0.785156 -0.041748 0.6236 0.3529 0.2235
v 0.098389 0.785156 -0.041748 0.6393 0.3961 0.2667
v -0.319580 0.786133 -0.041748 0.0980 0.0667 0.0549
v 0.319580 0.786133 -0.041748 0.6980 0.3686 0.1608
v -0.310791 0.792480 -0.041748 0.7921 0.4471 0.2235
v 0.311279 0.792480 -0.041748 0.6432 0.4000 0.2667
v -0.351318 0.798340 -0.041748 0.7412 0.4078 0.1804
v -0.357178 0.798828 -0.041748 0.6902 0.3843 0.1647
v -0.360107 0.800781 -0.041748 0.4432 0.2235 0.0627
v 0.360107 0.800781 -0.041748 0.8196 0.4235 0.1373
v -0.223389 0.806152 -0.041748 0.6354 0.3765 0.2471
v 0.223877 0.806152 -0.041748 0.6354 0.3804 0.2549
v -0.125244 0.813965 -0.041748 0.6432 0.3961 0.2549
v 0.126221 0.813965 -0.041748 0.6197 0.3725 0.2432
v -0.386475 0.829590 -0.041748 0.8313 0.6197 0.0353
v 0.386475 0.829590 -0.041748 0.8274 0.6118 0.0392
v 0.000244 0.867188 -0.041748 0.7764 0.6118 0.2745
v -0.079346 0.342285 -0.041748 0.6667 0.4000 0.2627
v 0.080322 0.342285 -0.041748 0.6550 0.3961 0.2627
v -0.166748 0.033691 -0.041748 0.1176 0.0902 0.0667
v 0.167725 0.033691 -0.041748 0.1059 0.0745 0.0627
v -0.146240 0.020508 -0.041748 0.0941 0.0824 0.0549
v 0.147217 0.020508 -0.041748 0.0706 0.0627 0.0431
v 0.123291 0.015137 -0.041748 0.1294 0.1020 0.0706
v -0.039795 0.625488 -0.042236 0.6706 0.4314 0.0118
v 0.040283 0.625488 -0.042236 0.6785 0.4510 0.0275
v -0.010010 0.683594 -0.042236 0.3333 0.2745 0.2432
v 0.010010 0.687988 -0.042236 0.3529 0.2863 0.2549
v -0.012939 0.689453 -0.042236 0.4275 0.3019 0.2549
v -0.014404 0.690918 -0.042236 0.4432 0.3059 0.2432
v 0.012451 0.692871 -0.042236 0.3294 0.2432 0.1843
v 0.013916 0.694336 -0.042236 0.2510 0.2039 0.1647
v -0.409424 0.760254 -0.042236 0.8235 0.6039 0.0157
v 0.409424 0.760254 -0.042236 0.8706 0.6157 0.0314
v -0.409424 0.763184 -0.042236 0.7804 0.5530 0.0549
v 0.409424 0.763184 -0.042236 0.7764 0.4980 0.0667
v -0.403565 0.770996 -0.042236 0.6824 0.4823 0.0784
v 0.404053 0.770996 -0.042236 0.7098 0.4745 0.0863
v -0.152100 0.773438 -0.042236 0.6628 0.3804 0.2471
v 0.152588 0.773438 -0.042236 0.6550 0.3608 0.2078
v -0.328857 0.787598 -0.042236 0.1216 0.0824 0.0471
v 0.328857 0.787598 -0.042236 0.0549 0.0627 0.0510
v -0.319580 0.792480 -0.042236 0.1490 0.1098 0.0667
v 0.320068 0.792480 -0.042236 0.6118 0.3059 0.0902
v -0.351318 0.798340 -0.042236 0.7921 0.4784 0.2432
v 0.351318 0.798340 -0.042236 0.7960 0.4039 0.1569
v -0.459229 0.801758 -0.042236 0.8353 0.6118 0.0157
v 0.459717 0.801758 -0.042236 0.8431 0.6197 0.0275
v -0.199951 0.807129 -0.042236 0.6315 0.3765 0.2549
v -0.302002 0.807129 -0.042236 0.6863 0.4157 0.2706
v 0.200439 0.807129 -0.042236 0.6276 0.3804 0.2432
v 0.302490 0.807129 -0.042236 0.6941 0.4275 0.2902
v -0.202393 0.816406 -0.042236 0.6785 0.4235 0.2863
v 0.202881 0.816406 -0.042236 0.6745 0.4196 0.2863
v -0.133545 0.817871 -0.042236 0.6510 0.4000 0.2627
v 0.134033 0.817871 -0.042236 0.6471 0.3921 0.2549
v -0.110107 0.840332 -0.042236 0.6393 0.3921 0.2549
v 0.110596 0.840332 -0.042236 0.6315 0.3843 0.2471
v -0.011963 0.864746 -0.042236 0.4078 0.2745 0.1608
v 0.012451 0.864746 -0.042236 0.2902 0.1686 0.0706
v -0.011963 0.865723 -0.042236 0.1804 0.1373 0.0471
v 0.012451 0.865723 -0.042236 0.1490 0.1059 0.0275
v -0.022217 0.977539 -0.042236 0.5019 0.2118 0.0706
v 0.022705 0.977539 -0.042236 0.4078 0.1490 0.0667
v -0.012451 0.495117 -0.042236 0.6393 0.4235 0.0235
v 0.012939 0.495117 -0.042236 0.6432 0.4118 0.0039
v -0.093994 0.493164 -0.042236 0.1961 0.1059 0.0392
v 0.094482 0.493164 -0.042236 0.2196 0.1255 0.0627
v -0.133545 0.467285 -0.042236 0.6941 0.4667 0.0549
v 0.134033 0.467285 -0.042236 0.6863 0.4589 0.0784
v -0.094971 0.343750 -0.042236 0.6589 0.3882 0.2588
v 0.095459 0.343750 -0.042236 0.6628 0.4118 0.2784
v -0.074951 0.202637 -0.042236 0.6118 0.3412 0.2000
v 0.075439 0.202637 -0.042236 0.6157 0.3568 0.2314
v -0.146729 0.127930 -0.042236 0.0784 0.0627 0.0510
v 0.147705 0.127930 -0.042236 0.0784 0.0667 0.0471
v -0.122314 0.015137 -0.042236 0.1176 0.1020 0.0667
v 0.115967 0.015137 -0.042236 0.1176 0.1176 0.0706
v -0.014893 0.687988 -0.042725 0.3372 0.2667 0.2392
v 0.014404 0.691895 -0.042725 0.3019 0.2549 0.2235
v -0.066650 0.750000 -0.042725 0.4589 0.2745 0.1843
v -0.067139 0.750000 -0.042725 0.3843 0.2471 0.1530
v 0.067627 0.750000 -0.042725 0.6706 0.4745 0.1843
v -0.417725 0.755371 -0.042725 0.8666 0.6393 0.0118
v 0.417725 0.755371 -0.042725 0.8862 0.6315 0.0039
v -0.402588 0.776855 -0.042725 0.6039 0.4000 0.0784
v 0.403076 0.777344 -0.042725 0.5098 0.3490 0.0902
v -0.093994 0.778809 -0.042725 0.6510 0.3765 0.2353
v 0.094482 0.778809 -0.042725 0.6471 0.4000 0.2706
v 0.234131 0.782715 -0.042725 0.5804 0.3176 0.2039
v -0.233643 0.783203 -0.042725 0.6039 0.3451 0.2235
v -0.262939 0.784180 -0.042725 0.6589 0.4000 0.2667
v 0.263428 0.784180 -0.042725 0.6510 0.3882 0.2627
v -0.279053 0.784668 -0.042725 0.6667 0.4000 0.2667
v 0.279541 0.784668 -0.042725 0.6745 0.4157 0.2823
v -0.322022 0.785156 -0.042725 0.1020 0.0745 0.0314
v 0.322022 0.785156 -0.042725 0.5764 0.3176 0.1843
v -0.359619 0.794434 -0.042725 0.1020 0.0941 0.0706
v 0.359619 0.794434 -0.042725 0.1843 0.1333 0.0745
v -0.292236 0.795898 -0.042725 0.6589 0.4039 0.2667
v 0.292725 0.795898 -0.042725 0.6706 0.4118 0.2784
v -0.362061 0.807617 -0.042725 0.6315 0.4314 0.0471
v 0.362549 0.807617 -0.042725 0.8588 0.4863 0.1843
v -0.262451 0.811523 -0.042725 0.6706 0.4157 0.2784
v 0.263428 0.811523 -0.042725 0.6980 0.4392 0.3019
v -0.309326 0.812988 -0.042725 0.8313 0.4980 0.2314
v 0.309326 0.812988 -0.042725 0.6354 0.4039 0.2823
v -0.317627 0.813965 -0.042725 0.1412 0.1255 0.1020
v 0.317627 0.813965 -0.042725 0.7216 0.4039 0.2118
v 0.000244 0.865234 -0.042725 0.1294 0.0941 0.0275
v -0.010010 0.908691 -0.042725 0.3529 0.1216 0.0431
v 0.010498 0.908691 -0.042725 0.3372 0.1098 0.0353
v 0.000244 0.979980 -0.042725 0.4039 0.1451 0.0471
v -0.096436 0.141602 -0.042725 0.0353 0.0353 0.0314
v -0.104736 0.024414 -0.042725 0.0667 0.0667 0.0353
v 0.105713 0.024414 -0.042725 0.0863 0.0706 0.0353
v -0.114990 0.015137 -0.042725 0.1059 0.0902 0.0549
v -0.019287 0.691895 -0.043213 0.3804 0.3137 0.2745
v 0.018311 0.695801 -0.043213 0.3137 0.2588 0.2275
v -0.047607 0.733887 -0.043213 0.1294 0.1098 0.0745
v 0.048096 0.733887 -0.043213 0.0980 0.0863 0.0667
v -0.057861 0.739258 -0.043213 0.1098 0.0902 0.0745
v 0.058350 0.739258 -0.043213 0.1686 0.1373 0.0863
v -0.087158 0.768555 -0.043213 0.6745 0.4000 0.2588
v 0.087646 0.768555 -0.043213 0.6667 0.4118 0.2863
v -0.113037 0.791992 -0.043213 0.6276 0.3725 0.2510
v 0.113525 0.791992 -0.043213 0.6039 0.3529 0.2235
v -0.358154 0.792969 -0.043213 0.1255 0.1059 0.0745
v 0.358154 0.792969 -0.043213 0.1765 0.1294 0.0784
v -0.364014 0.795898 -0.043213 0.5530 0.3647 0.0510
v 0.364502 0.795898 -0.043213 0.1333 0.1059 0.0196
v -0.114502 0.804688 -0.043213 0.6236 0.3725 0.2432
v 0.115479 0.804688 -0.043213 0.6276 0.3804 0.2432
v -0.234131 0.807617 -0.043213 0.6315 0.3843 0.2549
v 0.235107 0.807617 -0.043213 0.6393 0.3843 0.2471
v -0.456299 0.811035 -0.043213 0.8392 0.6157 0.0196
v 0.456787 0.811035 -0.043213 0.8549 0.6354 0.0275
v -0.367432 0.816406 -0.043213 0.7568 0.5569 0.0275
v 0.367432 0.816895 -0.043213 0.5098 0.3137 0.0392
v -0.400635 0.831543 -0.043213 0.8235 0.6079 0.0392
v 0.400635 0.831543 -0.043213 0.8157 0.5961 0.0314
v 0.000244 0.859375 -0.043213 0.6276 0.3843 0.2314
v 0.000244 0.908691 -0.043213 0.3647 0.1137 0.0392
v -0.135986 0.468750 -0.043213 0.6902 0.4823 0.0353
v 0.136475 0.468750 -0.043213 0.6236 0.4196 0.0235
v -0.103760 0.377930 -0.043213 0.6667 0.3921 0.2510
v 0.104248 0.377930 -0.043213 0.6706 0.4078 0.2745
v -0.073486 0.308105 -0.043213 0.6276 0.3843 0.2549
v 0.074463 0.308105 -0.043213 0.6197 0.3490 0.2157
v -0.145264 0.216309 -0.043213 0.6432 0.3882 0.2510
v 0.146240 0.216309 -0.043213 0.6354 0.3843 0.2549
v 0.097412 0.141602 -0.043213 0.0235 0.0235 0.0314
v -0.148193 0.093750 -0.043213 0.0745 0.0627 0.0431
v 0.148193 0.093262 -0.043213 0.1059 0.0941 0.0745
v -0.161377 0.024414 -0.043213 0.0863 0.0627 0.0235
v 0.162842 0.024414 -0.043213 0.0745 0.0588 0.0196
v -0.133545 0.014648 -0.043213 0.1216 0.1059 0.0706
v 0.134521 0.014648 -0.043213 0.1020 0.0902 0.0627
v -0.064697 0.745605 -0.043701 0.8980 0.6706 0.1098
v 0.065186 0.745605 -0.043701 0.9451 0.7882 0.3019
v -0.409912 0.767090 -0.043701 0.4980 0.3098 0.0471
v 0.409912 0.767090 -0.043701 0.6354 0.4667 0.1922
v 0.369385 0.787598 -0.043701 0.1961 0.1216 0.0235
v -0.314697 0.792480 -0.043701 0.5725 0.2980 0.1216
v 0.314697 0.792480 -0.043701 0.5490 0.3098 0.1530
v -0.322022 0.794434 -0.043701 0.6824 0.4000 0.2235
v 0.322022 0.794434 -0.043701 0.7098 0.3804 0.1647
v -0.320557 0.794922 -0.043701 0.7647 0.4667 0.2588
v 0.320557 0.794922 -0.043701 0.7255 0.4078 0.2039
v -0.310303 0.797852 -0.043701 0.8117 0.4745 0.2392
v -0.339600 0.797852 -0.043701 0.7647 0.4235 0.1804
v 0.310791 0.797852 -0.043701 0.5764 0.3568 0.2471
v 0.339600 0.797852 -0.043701 0.7647 0.3921 0.1686
v -0.291260 0.805664 -0.043701 0.6863 0.4157 0.2784
v 0.291748 0.805664 -0.043701 0.6941 0.4275 0.2902
v -0.364014 0.815918 -0.043701 0.6941 0.5059 0.0667
v 0.364014 0.815918 -0.043701 0.8588 0.4980 0.2039
v -0.354736 0.816895 -0.043701 0.0000 0.0353 0.0706
v 0.354736 0.816895 -0.043701 0.1412 0.1137 0.0824
v -0.121338 0.818848 -0.043701 0.5843 0.3451 0.2235
v 0.121826 0.818848 -0.043701 0.6236 0.3804 0.2471
v -0.014893 0.979980 -0.043701 0.4392 0.1569 0.0549
v 0.015381 0.979980 -0.043701 0.4941 0.2000 0.0824
v -0.094971 0.478516 -0.043701 0.3412 0.1922 0.1373
v 0.095459 0.478516 -0.043701 0.4550 0.2706 0.1843
v -0.064697 0.372559 -0.043701 0.6628 0.4039 0.2667
v 0.065186 0.372559 -0.043701 0.6628 0.4039 0.2667
v -0.099365 0.037109 -0.043701 0.1294 0.0980 0.0588
v 0.100830 0.037109 -0.043701 0.3372 0.2157 0.0196
v -0.099365 0.034668 -0.043701 0.1059 0.0784 0.0549
v 0.100342 0.034668 -0.043701 0.1137 0.0902 0.0549
v -0.111572 0.015625 -0.043701 0.1059 0.0941 0.0588
v 0.112549 0.015625 -0.043701 0.1255 0.1020 0.0706
v -0.115479 0.504883 -0.044189 0.4235 0.2510 0.0078
v 0.115967 0.504883 -0.044189 0.4314 0.2588 0.0157
v -0.066650 0.747559 -0.044189 0.3451 0.2353 0.0353
v 0.067139 0.747559 -0.044189 0.9686 0.7059 0.0863
v -0.415283 0.766602 -0.044190 0.3098 0.1843 0.0235
v 0.415283 0.766602 -0.044189 0.2784 0.1804 0.0275
v -0.406006 0.769043 -0.044190 0.6980 0.4589 0.0627
v 0.406006 0.769043 -0.044189 0.6471 0.4392 0.0745
v -0.402588 0.774902 -0.044190 0.6039 0.4039 0.0549
v 0.402588 0.774902 -0.044189 0.6079 0.4078 0.0588
v -0.402588 0.780273 -0.044190 0.5921 0.4039 0.0824
v 0.402588 0.780273 -0.044189 0.2275 0.1725 0.0588
v -0.368897 0.788086 -0.044190 0.2118 0.1530 0.0510
v 0.185303 0.791504 -0.044189 0.6667 0.4157 0.2784
v -0.356201 0.793945 -0.044190 0.0902 0.0824 0.0588
v 0.356201 0.793945 -0.044189 0.1490 0.1137 0.0549
v -0.278564 0.794434 -0.044189 0.6510 0.4000 0.2627
v -0.350830 0.794434 -0.044190 0.1255 0.1020 0.0863
v 0.279053 0.794434 -0.044189 0.6745 0.4039 0.2588
v 0.351318 0.794434 -0.044189 0.1725 0.1255 0.0745
v -0.322510 0.795898 -0.044190 0.7882 0.4510 0.2000
v -0.357178 0.795898 -0.044190 0.1255 0.0941 0.0706
v 0.322510 0.795898 -0.044189 0.6510 0.3255 0.1255
v 0.357178 0.795898 -0.044189 0.2039 0.1255 0.0471
v -0.319580 0.796387 -0.044190 0.7020 0.3725 0.1608
v -0.327881 0.796387 -0.044190 0.8000 0.4550 0.2157
v 0.320068 0.796387 -0.044189 0.6510 0.3412 0.1530
v 0.328369 0.796387 -0.044189 0.7412 0.3921 0.1686
v -0.129150 0.809570 -0.044189 0.6510 0.4000 0.2627
v 0.129639 0.809570 -0.044189 0.6589 0.4000 0.2627
v -0.312256 0.813965 -0.044189 0.8549 0.5098 0.2275
v 0.312744 0.813965 -0.044189 0.5882 0.3765 0.2118
v -0.340576 0.816406 -0.044190 0.1569 0.1412 0.1333
v 0.340576 0.816406 -0.044189 0.1020 0.0902 0.0706
v -0.361572 0.816895 -0.044190 0.6079 0.3647 0.1961
v 0.361572 0.816895 -0.044189 0.2235 0.1216 0.0118
v -0.414795 0.832520 -0.044190 0.8353 0.6157 0.0431
v 0.414795 0.832520 -0.044189 0.8196 0.6039 0.0353
v -0.099854 0.840820 -0.044189 0.6510 0.4039 0.2667
v 0.100342 0.840820 -0.044189 0.6471 0.4000 0.2627
v -0.026611 0.926758 -0.044189 0.3568 0.1294 0.0588
v 0.027100 0.926758 -0.044189 0.3451 0.1216 0.0471
v -0.030518 0.956543 -0.044189 0.4863 0.2039 0.0784
v 0.031006 0.956543 -0.044189 0.4784 0.1843 0.0784
v -0.026611 0.966309 -0.044189 0.4941 0.2039 0.0941
v 0.027588 0.966309 -0.044189 0.4628 0.1804 0.0784
v -0.007080 0.980957 -0.044189 0.4706 0.1725 0.0627
v 0.007568 0.980957 -0.044189 0.4196 0.1530 0.0667
v -0.144775 0.109375 -0.044189 0.0784 0.0627 0.0471
v 0.146729 0.109375 -0.044189 0.0902 0.0706 0.0471
v -0.164307 0.026855 -0.044189 0.0824 0.0588 0.0235
v 0.165771 0.026855 -0.044189 0.1098 0.0745 0.0353
v -0.154541 0.021484 -0.044189 0.0588 0.0471 0.0275
v 0.155518 0.021484 -0.044189 0.0706 0.0549 0.0157
v -0.425537 0.756348 -0.044678 0.8745 0.6432 0.0118
v 0.425537 0.756348 -0.044678 0.8823 0.6276 0.0118
v -0.416260 0.757812 -0.044678 0.8431 0.6276 0.0157
v 0.416748 0.757812 -0.044678 0.8823 0.6354 0.0196
v -0.414795 0.765137 -0.044678 0.6550 0.4550 0.0863
v 0.415283 0.765137 -0.044678 0.6157 0.3961 0.0941
v 0.403076 0.780273 -0.044678 0.2235 0.1647 0.0667
v -0.184814 0.791016 -0.044678 0.6510 0.3961 0.2667
v -0.169678 0.791504 -0.044678 0.6550 0.3961 0.2627
v -0.198975 0.791504 -0.044678 0.6236 0.3647 0.2392
v 0.170166 0.791504 -0.044678 0.6432 0.3843 0.2510
v 0.199951 0.791504 -0.044678 0.6354 0.3804 0.2510
v -0.262939 0.793457 -0.044678 0.6667 0.4039 0.2667
v 0.263428 0.793457 -0.044678 0.6667 0.4000 0.2588
v -0.351318 0.796387 -0.044678 0.2549 0.1530 0.0784
v 0.351318 0.796387 -0.044678 0.4863 0.2941 0.1647
v -0.212158 0.798828 -0.044678 0.6667 0.4000 0.2627
v 0.212647 0.798828 -0.044678 0.6706 0.4000 0.2745
v -0.319092 0.799316 -0.044678 0.2510 0.1530 0.0706
v 0.319580 0.799316 -0.044678 0.7059 0.4078 0.2039
v -0.118896 0.802246 -0.044678 0.6471 0.3921 0.2588
v 0.119385 0.802246 -0.044678 0.6315 0.3843 0.2471
v -0.309814 0.804688 -0.044678 0.8039 0.4667 0.2039
v 0.310303 0.804688 -0.044678 0.3333 0.2039 0.1333
v -0.449951 0.820312 -0.044678 0.8313 0.5961 0.0157
v -0.116455 0.825195 -0.044678 0.6315 0.3843 0.2471
v 0.116943 0.825195 -0.044678 0.6550 0.4039 0.2667
v -0.150146 0.826660 -0.044678 0.6785 0.4196 0.2823
v 0.150635 0.826660 -0.044678 0.6628 0.4118 0.2784
v -0.112549 0.832520 -0.044678 0.6354 0.3961 0.2471
v 0.113037 0.832520 -0.044678 0.6471 0.4118 0.2706
v -0.053955 0.854492 -0.044678 0.6432 0.3921 0.2549
v 0.054443 0.854492 -0.044678 0.6432 0.4078 0.2745
v -0.020752 0.917969 -0.044678 0.3372 0.1059 0.0353
v 0.021240 0.917969 -0.044678 0.3372 0.1020 0.0314
v -0.029541 0.940918 -0.044678 0.3529 0.1176 0.0549
v 0.030029 0.940918 -0.044678 0.3372 0.1176 0.0471
v -0.043701 0.483398 -0.044678 0.1451 0.0824 0.0588
v 0.044189 0.483398 -0.044678 0.1804 0.0941 0.0431
v -0.107178 0.312988 -0.044678 0.6628 0.3843 0.2510
v 0.107666 0.312988 -0.044678 0.6550 0.4078 0.2863
v -0.121826 0.297852 -0.044678 0.6628 0.4118 0.2784
v 0.122803 0.297852 -0.044678 0.6432 0.3882 0.2510
v -0.102295 0.038086 -0.044678 0.2706 0.1569 0.0235
v 0.103760 0.038086 -0.044678 0.7451 0.5373 0.0824
v -0.121826 0.013184 -0.044678 0.1451 0.1137 0.0706
v -0.104248 0.535156 -0.045166 0.4706 0.3098 0.0275
v 0.104736 0.535156 -0.045166 0.4157 0.2549 0.0118
v -0.089600 0.579590 -0.045166 0.7255 0.4863 0.0314
v 0.090576 0.579590 -0.045166 0.7451 0.5019 0.0235
v 0.000244 0.734375 -0.045166 0.0902 0.0784 0.0510
v -0.403076 0.780273 -0.045166 0.6628 0.4589 0.0549
v -0.169189 0.782715 -0.045166 0.6902 0.4235 0.2863
v 0.170166 0.782715 -0.045166 0.6706 0.4000 0.2706
v -0.123291 0.790039 -0.045166 0.6471 0.3882 0.2627
v -0.320068 0.790039 -0.045166 0.1333 0.1137 0.0745
v 0.123779 0.790039 -0.045166 0.6432 0.3882 0.2627
v 0.320068 0.790039 -0.045166 0.6706 0.3529 0.1843
v -0.212158 0.791504 -0.045166 0.6706 0.4039 0.2667
v 0.212647 0.791504 -0.045166 0.6471 0.3765 0.2549
v -0.339600 0.793945 -0.045166 0.1216 0.0902 0.0706
v 0.340088 0.793945 -0.045166 0.1569 0.1098 0.0745
v -0.184814 0.798828 -0.045166 0.6550 0.3961 0.2627
v -0.351807 0.798828 -0.045166 0.6667 0.3333 0.1137
v -0.357178 0.798828 -0.045166 0.6667 0.3490 0.1373
v 0.185791 0.798828 -0.045166 0.6315 0.3725 0.2432
v 0.351807 0.798828 -0.045166 0.7451 0.3608 0.1176
v 0.357178 0.798828 -0.045166 0.7843 0.3882 0.1294
v -0.199463 0.799316 -0.045166 0.6706 0.4078 0.2745
v 0.199951 0.799316 -0.045166 0.6628 0.4039 0.2706
v -0.247314 0.800293 -0.045166 0.6667 0.4078 0.2667
v -0.359131 0.800293 -0.045166 0.6315 0.3568 0.1725
v 0.247803 0.800293 -0.045166 0.6667 0.4078 0.2745
v 0.359131 0.800293 -0.045166 0.8000 0.4353 0.1725
v -0.262939 0.802246 -0.045166 0.6628 0.4039 0.2706
v 0.263428 0.802246 -0.045166 0.6863 0.4196 0.2823
v -0.318604 0.805664 -0.045166 0.1569 0.1294 0.0980
v 0.318604 0.805664 -0.045166 0.6902 0.3961 0.2078
v -0.317627 0.815430 -0.045166 0.1490 0.1294 0.1137
v 0.318115 0.815430 -0.045166 0.7098 0.3843 0.1882
v 0.450440 0.820312 -0.045166 0.8431 0.6276 0.0353
v -0.428467 0.831543 -0.045166 0.8353 0.6157 0.0314
v 0.428955 0.831543 -0.045166 0.8431 0.6315 0.0510
v -0.028076 0.934082 -0.045166 0.3176 0.1059 0.0392
v 0.028564 0.934082 -0.045166 0.3255 0.1255 0.0471
v -0.145264 0.199707 -0.045166 0.6550 0.4039 0.2667
v 0.145752 0.199707 -0.045166 0.6432 0.3961 0.2667
v -0.100342 0.121582 -0.045166 0.0431 0.0431 0.0353
v 0.101318 0.121582 -0.045166 0.0275 0.0275 0.0275
v -0.158447 0.060547 -0.045166 0.1137 0.1020 0.0824
v 0.159424 0.060547 -0.045166 0.0745 0.0667 0.0549
v -0.145264 0.014648 -0.045166 0.1020 0.0824 0.0588
v 0.146240 0.014648 -0.045166 0.1137 0.0863 0.0549
v -0.115967 0.013184 -0.045166 0.1255 0.1098 0.0745
v 0.117432 0.013184 -0.045166 0.1490 0.1137 0.0745
v 0.122803 0.013184 -0.045166 0.1451 0.1216 0.0824
v 0.000244 0.610840 -0.045654 0.7020 0.4706 0.0039
v -0.415283 0.760254 -0.045654 0.8470 0.6276 0.0314
v 0.415283 0.760254 -0.045654 0.8431 0.6039 0.0196
v -0.414795 0.763184 -0.045654 0.7686 0.5490 0.0471
v 0.414795 0.763184 -0.045654 0.7451 0.5137 0.0078
v -0.414307 0.766602 -0.045654 0.4078 0.2667 0.0980
v 0.414307 0.766602 -0.045654 0.4275 0.2941 0.0745
v -0.321533 0.788574 -0.045654 0.1137 0.0863 0.0588
v 0.322022 0.788574 -0.045654 0.5804 0.3568 0.2157
v -0.339600 0.796387 -0.045654 0.5843 0.3686 0.2039
v 0.339600 0.796387 -0.045654 0.8431 0.4706 0.2353
v -0.313721 0.797852 -0.045654 0.6980 0.3843 0.1451
v -0.339600 0.797852 -0.045654 0.7098 0.3804 0.1608
v 0.314209 0.797852 -0.045654 0.6745 0.4157 0.2196
v -0.364990 0.801270 -0.045654 0.7686 0.5333 0.0471
v 0.364990 0.801270 -0.045654 0.4196 0.1843 0.0118
v -0.277588 0.804199 -0.045654 0.6745 0.4118 0.2784
v 0.278564 0.804199 -0.045654 0.6863 0.4275 0.2902
v -0.361572 0.807129 -0.045654 0.5255 0.3529 0.0745
v 0.361572 0.807129 -0.045654 0.8470 0.4706 0.1961
v -0.365967 0.808594 -0.045654 0.7490 0.5530 0.0471
v 0.365967 0.808594 -0.045654 0.5961 0.3725 0.0627
v -0.327393 0.816406 -0.045654 0.1294 0.1020 0.0824
v 0.327393 0.816406 -0.045654 0.0431 0.0706 0.0745
v -0.189209 0.819336 -0.045654 0.6902 0.4353 0.2941
v 0.189697 0.819336 -0.045654 0.6902 0.4353 0.2980
v -0.440674 0.827637 -0.045654 0.8313 0.6079 0.0235
v 0.441162 0.827637 -0.045654 0.8274 0.6118 0.0392
v -0.087646 0.840820 -0.045654 0.6667 0.4157 0.2784
v 0.088135 0.840820 -0.045654 0.6589 0.4118 0.2745
v -0.024170 0.859863 -0.045654 0.6118 0.3608 0.2196
v 0.024658 0.859863 -0.045654 0.4980 0.2823 0.1961
v -0.011963 0.860352 -0.045654 0.6354 0.3843 0.2353
v 0.012451 0.860352 -0.045654 0.6039 0.3529 0.2118
v -0.028076 0.948242 -0.045654 0.3961 0.1530 0.0784
v 0.028564 0.948242 -0.045654 0.3647 0.1294 0.0588
v -0.014404 0.485352 -0.045654 0.6276 0.4196 0.0118
v 0.014893 0.485352 -0.045654 0.6745 0.4392 0.0000
v -0.095947 0.463867 -0.045654 0.6000 0.3529 0.2314
v 0.096436 0.463867 -0.045654 0.5961 0.3490 0.2157
v -0.136963 0.457031 -0.045654 0.1255 0.0784 0.0431
v 0.137451 0.457031 -0.045654 0.1176 0.0784 0.0549
v -0.066162 0.267578 -0.045654 0.6079 0.3529 0.2157
v 0.066650 0.267578 -0.045654 0.6079 0.3490 0.2118
v -0.101318 0.041992 -0.045654 0.8862 0.6236 0.0392
v 0.102783 0.041992 -0.045654 0.2314 0.1765 0.0549
v -0.100342 0.038086 -0.045654 0.1804 0.1373 0.0588
v 0.101318 0.038086 -0.045654 0.7804 0.5725 0.0941
v -0.101318 0.028320 -0.045654 0.0941 0.0824 0.0471
v 0.102295 0.028320 -0.045654 0.0941 0.0784 0.0431
v 0.000244 0.527344 -0.046143 0.6432 0.4196 0.0039
v -0.014404 0.733887 -0.046143 0.1059 0.0863 0.0627
v 0.014893 0.733887 -0.046143 0.1020 0.0902 0.0549
v -0.029541 0.734375 -0.046143 0.1530 0.1373 0.0941
v 0.030518 0.734375 -0.046143 0.1216 0.1059 0.0627
v -0.434326 0.758789 -0.046143 0.8784 0.6510 0.0118
v 0.434326 0.758789 -0.046143 0.8706 0.6471 0.0157
v -0.421143 0.767090 -0.046143 0.6941 0.4980 0.1059
v 0.421143 0.767090 -0.046143 0.2902 0.1804 0.0627
v -0.409424 0.767578 -0.046143 0.6118 0.4000 0.0196
v 0.409424 0.767578 -0.046143 0.5490 0.3490 0.0706
v -0.403076 0.772461 -0.046143 0.6785 0.4510 0.0549
v 0.403565 0.772461 -0.046143 0.6863 0.4706 0.0471
v -0.402588 0.778809 -0.046143 0.6902 0.4706 0.0588
v 0.403076 0.778809 -0.046143 0.3961 0.2627 0.0471
v -0.378174 0.784668 -0.046143 0.1804 0.1255 0.0549
v 0.378174 0.784668 -0.046143 0.1569 0.0941 0.0039
v 0.247803 0.791992 -0.046143 0.6589 0.3882 0.2588
v -0.247314 0.792480 -0.046143 0.6589 0.3882 0.2510
v 0.339600 0.797852 -0.046143 0.7451 0.3725 0.1569
v -0.351807 0.800781 -0.046143 0.5647 0.3451 0.1765
v 0.351807 0.800781 -0.046143 0.5373 0.2941 0.1490
v -0.353272 0.808105 -0.046143 0.0235 0.0510 0.0824
v 0.353272 0.808105 -0.046143 0.1216 0.1176 0.0824
v -0.320068 0.816406 -0.046143 0.1647 0.1333 0.1059
v 0.320557 0.816406 -0.046143 0.0431 0.0471 0.0431
v -0.373291 0.818848 -0.046143 0.8235 0.6000 0.0706
v -0.028076 0.859375 -0.046143 0.6079 0.3608 0.2196
v 0.028564 0.859375 -0.046143 0.5804 0.3568 0.2471
v -0.020264 0.968262 -0.046143 0.4745 0.1804 0.0706
v 0.020752 0.968262 -0.046143 0.4471 0.1765 0.0667
v -0.095459 0.328613 -0.046143 0.6745 0.4118 0.2706
v 0.095947 0.328613 -0.046143 0.6589 0.4118 0.2745
v -0.081787 0.326660 -0.046143 0.6785 0.4157 0.2784
v 0.082764 0.326660 -0.046143 0.6589 0.3921 0.2588
v -0.113037 0.013672 -0.046143 0.0902 0.0745 0.0471
v -0.133057 0.013184 -0.046143 0.1373 0.1098 0.0667
v 0.114502 0.013184 -0.046143 0.1490 0.1176 0.0863
v 0.134033 0.012695 -0.046143 0.1098 0.0902 0.0510
v -0.004639 0.610840 -0.046631 0.6902 0.4589 0.0039
v 0.005127 0.610840 -0.046631 0.7098 0.4745 0.0118
v -0.442627 0.763184 -0.046631 0.8823 0.6315 0.0039
v 0.442627 0.763184 -0.046631 0.8784 0.6667 0.0353
v -0.448975 0.769043 -0.046631 0.8902 0.6471 0.0196
v 0.448975 0.769043 -0.046631 0.8627 0.6432 0.0353
v -0.323486 0.790527 -0.046631 0.1412 0.1137 0.0784
v 0.323975 0.790527 -0.046631 0.0471 0.0627 0.0314
v -0.322022 0.792480 -0.046631 0.1216 0.1059 0.0745
v -0.328857 0.792480 -0.046631 0.1451 0.1098 0.0863
v 0.322510 0.792480 -0.046631 0.3921 0.2118 0.0941
v 0.329346 0.792480 -0.046631 0.0863 0.0784 0.0392
v -0.154541 0.793457 -0.046631 0.7020 0.4471 0.3137
v 0.155029 0.793457 -0.046631 0.7020 0.4432 0.3098
v -0.170166 0.798340 -0.046631 0.6315 0.3765 0.2510
v 0.170654 0.798340 -0.046631 0.6471 0.3882 0.2549
v -0.126709 0.800781 -0.046631 0.6785 0.4235 0.2902
v -0.357178 0.800781 -0.046631 0.7333 0.4275 0.2196
v 0.127197 0.800781 -0.046631 0.6628 0.4039 0.2667
v 0.357666 0.800781 -0.046631 0.6745 0.4000 0.1922
v -0.313232 0.805176 -0.046631 0.8196 0.4745 0.2118
v 0.313232 0.805176 -0.046631 0.5569 0.3255 0.1961
v -0.140381 0.805664 -0.046631 0.6550 0.4039 0.2667
v -0.340088 0.807617 -0.046631 0.0824 0.0863 0.0824
v 0.340088 0.807617 -0.046631 0.1216 0.1255 0.1098
v -0.359131 0.808105 -0.046631 0.6628 0.4157 0.2118
v 0.359619 0.808105 -0.046631 0.1530 0.1255 0.0667
v -0.109619 0.811523 -0.046631 0.6550 0.4000 0.2510
v 0.110596 0.811523 -0.046631 0.6354 0.3843 0.2471
v -0.145264 0.815918 -0.046631 0.6628 0.4039 0.2667
v 0.145752 0.815918 -0.046631 0.6745 0.4196 0.2706
v -0.373291 0.818848 -0.046631 0.7764 0.5530 0.0314
v 0.373291 0.818848 -0.046631 0.8745 0.6432 0.0196
v -0.074463 0.840820 -0.046631 0.6550 0.4039 0.2627
v 0.074951 0.840820 -0.046631 0.6471 0.4000 0.2627
v -0.025146 0.958496 -0.046631 0.4510 0.1882 0.0941
v 0.025635 0.958496 -0.046631 0.4510 0.1686 0.0745
v -0.139404 0.458496 -0.046631 0.1216 0.0745 0.0510
v -0.102295 0.398926 -0.046631 0.6667 0.3961 0.2627
v 0.102783 0.398926 -0.046631 0.6824 0.4118 0.2784
v -0.134521 0.279297 -0.046631 0.6432 0.3921 0.2510
v 0.135010 0.279297 -0.046631 0.6706 0.4000 0.2706
v -0.144775 0.184082 -0.046631 0.6315 0.3725 0.2627
v 0.145752 0.184082 -0.046631 0.6354 0.3804 0.2745
v -0.101318 0.087891 -0.046631 0.0745 0.0706 0.0549
v 0.101318 0.087402 -0.046631 0.0706 0.0627 0.0510
v -0.159424 0.022949 -0.046631 0.0824 0.0627 0.0157
v 0.160400 0.022949 -0.046631 0.0863 0.0588 0.0157
v -0.424072 0.759277 -0.047119 0.8666 0.6471 0.0275
v 0.424072 0.759277 -0.047119 0.8509 0.6276 0.0118
v -0.452881 0.775879 -0.047119 0.8588 0.6315 0.0078
v 0.452881 0.775879 -0.047119 0.8784 0.6628 0.0353
v -0.401611 0.782227 -0.047119 0.6785 0.4745 0.0588
v -0.137451 0.787109 -0.047119 0.6550 0.3961 0.2627
v 0.137939 0.787109 -0.047119 0.6628 0.4078 0.2745
v -0.328369 0.794434 -0.047119 0.1608 0.1020 0.0510
v 0.328369 0.794922 -0.047119 0.7764 0.4432 0.2196
v -0.328369 0.796387 -0.047119 0.5608 0.3059 0.1451
v 0.328369 0.796387 -0.047119 0.7020 0.3451 0.1333
v -0.339600 0.800293 -0.047119 0.6000 0.3725 0.2039
v 0.340088 0.800293 -0.047119 0.5373 0.3019 0.1569
v 0.140869 0.805664 -0.047119 0.6589 0.4000 0.2627
v -0.162354 0.824219 -0.047119 0.6902 0.4314 0.2941
v 0.162842 0.824219 -0.047119 0.6824 0.4314 0.2941
v -0.042236 0.857422 -0.047119 0.5647 0.4196 0.1530
v 0.042725 0.857422 -0.047119 0.6039 0.3765 0.2510
v -0.029053 0.859863 -0.047119 0.6079 0.3568 0.2275
v -0.031006 0.859863 -0.047119 0.6079 0.3725 0.2314
v 0.029541 0.859863 -0.047119 0.5451 0.3176 0.2000
v 0.031982 0.859863 -0.047119 0.6276 0.3843 0.2353
v -0.033447 0.921387 -0.047119 0.3529 0.1098 0.0471
v 0.033936 0.921387 -0.047119 0.3255 0.0980 0.0471
v -0.024170 0.930176 -0.047119 0.3137 0.1098 0.0431
v 0.024658 0.930176 -0.047119 0.3059 0.0980 0.0392
v 0.139893 0.458496 -0.047119 0.1137 0.0863 0.0627
v -0.082275 0.190430 -0.047119 0.6197 0.3412 0.2118
v 0.083252 0.190430 -0.047119 0.6157 0.3608 0.2314
v -0.103271 0.103027 -0.047119 0.0667 0.0588 0.0510
v 0.104248 0.103027 -0.047119 0.0588 0.0471 0.0510
v -0.098877 0.041992 -0.047119 0.8823 0.6432 0.0863
v 0.100342 0.041992 -0.047119 0.8784 0.6863 0.0980
v -0.011475 0.520020 -0.047607 0.6980 0.4784 0.0196
v 0.012451 0.520020 -0.047607 0.7098 0.4823 0.0039
v -0.073486 0.597168 -0.047607 0.6550 0.4275 0.0078
v 0.073975 0.597168 -0.047607 0.6510 0.4275 0.0235
v -0.011963 0.611328 -0.047607 0.7137 0.4823 0.0196
v 0.012451 0.611328 -0.047607 0.7294 0.4980 0.0431
v -0.057373 0.615234 -0.047607 0.6236 0.4118 0.0000
v 0.057861 0.615234 -0.047607 0.7176 0.4980 0.0235
v -0.421143 0.766113 -0.047607 0.7490 0.5333 0.0549
v 0.421143 0.766113 -0.047607 0.4902 0.3176 0.1294
v -0.420166 0.767578 -0.047607 0.4392 0.2941 0.0431
v 0.420166 0.767578 -0.047607 0.2432 0.1569 0.0000
v -0.405518 0.770508 -0.047607 0.7294 0.5059 0.0549
v 0.405518 0.770508 -0.047607 0.6745 0.4628 0.0471
v -0.402588 0.777344 -0.047607 0.7490 0.5137 0.0667
v 0.403076 0.777344 -0.047607 0.6157 0.4196 0.0627
v 0.401611 0.781738 -0.047607 0.2039 0.1490 0.0627
v -0.387451 0.782227 -0.047607 0.1725 0.1333 0.0667
v -0.403076 0.782715 -0.047607 0.7255 0.5059 0.0627
v 0.387940 0.782715 -0.047607 0.1608 0.1059 0.0078
v 0.403565 0.782715 -0.047607 0.1961 0.1530 0.0549
v -0.455322 0.783203 -0.047607 0.8627 0.6315 0.0078
v 0.455322 0.783203 -0.047607 0.8706 0.6589 0.0392
v -0.153076 0.783691 -0.047607 0.6510 0.3921 0.2588
v 0.154053 0.783691 -0.047607 0.6706 0.4118 0.2863
v -0.369873 0.793945 -0.047607 0.6863 0.4706 0.1020
v 0.369873 0.793945 -0.047607 0.3216 0.1804 0.0039
v -0.139893 0.797363 -0.047607 0.6628 0.4039 0.2706
v -0.320068 0.797363 -0.047607 0.7255 0.3961 0.2039
v 0.140381 0.797363 -0.047607 0.6824 0.4235 0.2902
v 0.320068 0.797363 -0.047607 0.6902 0.3882 0.2039
v -0.186768 0.808594 -0.047607 0.6432 0.3843 0.2471
v 0.187256 0.808594 -0.047607 0.6354 0.3765 0.2392
v -0.175049 0.821777 -0.047607 0.7176 0.4589 0.3216
v 0.176025 0.821777 -0.047607 0.6902 0.4353 0.3059
v -0.041260 0.857910 -0.047607 0.7882 0.5647 0.1216
v 0.042236 0.857910 -0.047607 0.5530 0.3490 0.2432
v -0.038818 0.858398 -0.047607 0.6393 0.4039 0.1294
v 0.039795 0.858398 -0.047607 0.2902 0.1569 0.0588
v -0.044678 0.468750 -0.047607 0.5921 0.3490 0.2510
v 0.045166 0.468750 -0.047607 0.5412 0.3216 0.2235
v -0.098389 0.442871 -0.047607 0.6236 0.3804 0.2275
v 0.098877 0.442871 -0.047607 0.6471 0.3921 0.2471
v -0.092041 0.376465 -0.047607 0.6550 0.3921 0.2549
v 0.093018 0.376465 -0.047607 0.6550 0.3961 0.2588
v -0.162354 0.046387 -0.047607 0.0471 0.0588 0.1098
v 0.163330 0.046387 -0.047607 0.0157 0.0157 0.0549
v -0.100830 0.045898 -0.047607 0.6824 0.4784 0.1020
v 0.101807 0.045898 -0.047607 0.4745 0.3333 0.1608
v -0.162842 0.038086 -0.047607 0.9215 0.6785 0.0706
v 0.163818 0.038086 -0.047607 0.9607 0.7960 0.1137
v -0.109619 0.015137 -0.047607 0.1216 0.0902 0.0706
v -0.151611 0.015137 -0.047607 0.0941 0.0824 0.0588
v 0.110596 0.015137 -0.047607 0.1059 0.0902 0.0549
v 0.152588 0.015137 -0.047607 0.0863 0.0706 0.0471
v -0.413818 0.767090 -0.048096 0.5686 0.3725 0.0863
v 0.413818 0.767090 -0.048096 0.5373 0.3490 0.0510
v -0.426514 0.769531 -0.048096 0.7098 0.5019 0.0627
v 0.427002 0.769531 -0.048096 0.1490 0.0824 0.0353
v -0.396240 0.781250 -0.048096 0.1137 0.0941 0.0667
v -0.399658 0.781250 -0.048096 0.2510 0.1725 0.0196
v 0.396240 0.781250 -0.048096 0.2157 0.1608 0.0627
v 0.399658 0.781250 -0.048096 0.1961 0.1490 0.0745
v -0.221924 0.790527 -0.048096 0.6902 0.4196 0.2863
v 0.222900 0.790527 -0.048096 0.6706 0.4000 0.2706
v -0.322510 0.795898 -0.048096 0.7686 0.4392 0.2039
v 0.322510 0.795898 -0.048096 0.6785 0.3451 0.1255
v -0.221924 0.799805 -0.048096 0.6589 0.3921 0.2588
v 0.222412 0.799805 -0.048096 0.6706 0.4000 0.2706
v -0.155518 0.801270 -0.048096 0.6510 0.4000 0.2627
v 0.156494 0.801270 -0.048096 0.6589 0.4000 0.2667
v -0.318604 0.806152 -0.048096 0.1294 0.1098 0.0941
v 0.319092 0.806152 -0.048096 0.6589 0.3725 0.2000
v -0.105713 0.820801 -0.048096 0.6589 0.4000 0.2627
v 0.106201 0.820801 -0.048096 0.6706 0.4196 0.2784
v -0.385498 0.823242 -0.048096 0.8235 0.6118 0.0275
v 0.385498 0.823242 -0.048096 0.8353 0.6157 0.0275
v -0.102295 0.831055 -0.048096 0.6354 0.3843 0.2471
v 0.102783 0.831055 -0.048096 0.6510 0.4000 0.2588
v -0.033447 0.914551 -0.048096 0.3451 0.1059 0.0471
v 0.033936 0.914551 -0.048096 0.3176 0.0980 0.0471
v -0.027100 0.920898 -0.048096 0.3059 0.0902 0.0431
v 0.027588 0.920898 -0.048096 0.3098 0.0941 0.0431
v -0.020264 0.925293 -0.048096 0.3098 0.0902 0.0392
v 0.020752 0.925293 -0.048096 0.3019 0.0902 0.0353
v -0.028076 0.934570 -0.048096 0.2706 0.0941 0.0314
v 0.028564 0.934570 -0.048096 0.2471 0.0902 0.0235
v -0.029541 0.940430 -0.048096 0.2823 0.1059 0.0392
v 0.030029 0.940430 -0.048096 0.2706 0.0980 0.0353
v -0.023682 0.952637 -0.048096 0.4157 0.1647 0.0941
v 0.024170 0.952637 -0.048096 0.3843 0.1373 0.0588
v -0.076904 0.491211 -0.048096 0.1686 0.0941 0.0392
v 0.077393 0.491211 -0.048096 0.1725 0.1020 0.0235
v -0.059814 0.487305 -0.048096 0.1490 0.0863 0.0549
v 0.060303 0.487305 -0.048096 0.2471 0.1333 0.0784
v -0.100342 0.420898 -0.048096 0.6432 0.3843 0.2510
v 0.101318 0.420898 -0.048096 0.6550 0.3961 0.2588
v -0.058838 0.391602 -0.048096 0.6745 0.4157 0.2784
v 0.059326 0.391602 -0.048096 0.6589 0.3921 0.2549
v -0.078369 0.374512 -0.048096 0.6628 0.4039 0.2706
v 0.078857 0.374512 -0.048096 0.6550 0.3961 0.2627
v -0.165771 0.037598 -0.048096 0.8902 0.6745 0.1843
v 0.166748 0.037598 -0.048096 0.5412 0.4196 0.0902
v -0.144287 0.013184 -0.048096 0.1451 0.1216 0.0784
v 0.145752 0.012695 -0.048096 0.1530 0.1333 0.0824
v -0.061279 0.756836 -0.048584 0.5333 0.3255 0.2432
v 0.061768 0.756836 -0.048584 0.8706 0.6745 0.2471
v -0.422607 0.761719 -0.048584 0.8353 0.6157 0.0353
v 0.422607 0.761719 -0.048584 0.8000 0.5569 0.0275
v -0.421631 0.764160 -0.048584 0.7804 0.5725 0.0588
v 0.421631 0.764160 -0.048584 0.7294 0.5019 0.0627
v -0.425537 0.770508 -0.048584 0.6118 0.4235 0.0588
v 0.425537 0.770508 -0.048584 0.3529 0.2118 0.0353
v -0.430908 0.772949 -0.048584 0.7568 0.5412 0.0667
v -0.428955 0.773926 -0.048584 0.5843 0.3765 0.0392
v -0.090088 0.789062 -0.048584 0.6589 0.4000 0.2627
v 0.091064 0.789062 -0.048584 0.6589 0.4078 0.2706
v -0.455811 0.791992 -0.048584 0.8627 0.6315 0.0196
v 0.455811 0.791992 -0.048584 0.8588 0.6432 0.0275
v -0.327881 0.798828 -0.048584 0.6432 0.3765 0.1922
v 0.328369 0.798828 -0.048584 0.5686 0.3294 0.1922
v -0.327881 0.807129 -0.048584 0.1294 0.1176 0.1098
v 0.327881 0.807129 -0.048584 0.0196 0.0627 0.0510
v -0.061768 0.842285 -0.048584 0.6550 0.4039 0.2667
v 0.062256 0.842285 -0.048584 0.6589 0.4078 0.2706
v 0.000244 0.917480 -0.048584 0.3568 0.1216 0.0392
v -0.019287 0.959961 -0.048584 0.4000 0.1451 0.0588
v 0.019775 0.959961 -0.048584 0.4078 0.1373 0.0392
v -0.015869 0.498535 -0.048584 0.6393 0.4275 0.0078
v 0.016357 0.498535 -0.048584 0.6432 0.4157 0.0000
v 0.167236 0.035156 -0.048584 0.1176 0.0824 0.0588
v -0.093994 0.563965 -0.049072 0.6941 0.4550 0.0078
v 0.094482 0.563965 -0.049072 0.7529 0.5098 0.0157
v -0.432373 0.761719 -0.049072 0.8706 0.6510 0.0235
v 0.432373 0.761719 -0.049072 0.8745 0.6628 0.0353
v -0.408936 0.769043 -0.049072 0.7176 0.4980 0.0549
v 0.408936 0.769043 -0.049072 0.3608 0.2588 0.0667
v 0.430908 0.773438 -0.049072 0.1098 0.0549 0.0078
v 0.428955 0.773926 -0.049072 0.7843 0.5569 0.1059
v -0.430420 0.777832 -0.049072 0.4784 0.2784 0.0314
v 0.430908 0.777832 -0.049072 0.7490 0.5176 0.0667
v -0.403565 0.781738 -0.049072 0.7451 0.5216 0.0667
v 0.403565 0.781738 -0.049072 0.2000 0.1451 0.0588
v -0.322022 0.798340 -0.049072 0.6745 0.4118 0.2432
v 0.322510 0.798340 -0.049072 0.4432 0.2588 0.1451
v -0.454346 0.800781 -0.049072 0.8353 0.6157 0.0078
v 0.454834 0.800781 -0.049072 0.8627 0.6432 0.0314
v -0.096436 0.805176 -0.049072 0.6550 0.3961 0.2588
v 0.096924 0.805176 -0.049072 0.6432 0.3843 0.2510
v -0.321045 0.806641 -0.049072 0.1176 0.0980 0.0941
v 0.321045 0.806641 -0.049072 0.2039 0.1255 0.0784
v -0.027588 0.914551 -0.049072 0.3098 0.0902 0.0392
v 0.028076 0.914551 -0.049072 0.3098 0.0902 0.0392
v -0.010498 0.917969 -0.049072 0.3216 0.0980 0.0431
v 0.010986 0.917969 -0.049072 0.3255 0.1098 0.0392
v -0.032959 0.927734 -0.049072 0.3412 0.1020 0.0392
v 0.033936 0.927734 -0.049072 0.3176 0.0980 0.0431
v -0.024170 0.930664 -0.049072 0.3137 0.0980 0.0314
v 0.024658 0.930664 -0.049072 0.3059 0.0980 0.0353
v 0.000244 0.971191 -0.049072 0.4550 0.1765 0.0863
v -0.098389 0.045898 -0.049072 0.9019 0.6628 0.0510
v 0.099854 0.045898 -0.049072 0.6471 0.4510 0.1020
v -0.166260 0.035156 -0.049072 0.1294 0.0980 0.0588
v -0.119385 0.012695 -0.049072 0.1020 0.0784 0.0471
v 0.120361 0.012695 -0.049072 0.1059 0.0902 0.0549
v -0.419190 0.768066 -0.049561 0.4314 0.2784 0.0706
v 0.419190 0.768066 -0.049560 0.4902 0.3098 0.0353
v -0.427490 0.768555 -0.049561 0.7529 0.5530 0.0275
v 0.427979 0.768555 -0.049560 0.4550 0.3059 0.1216
v -0.403565 0.774902 -0.049561 0.7451 0.5098 0.0353
v 0.404053 0.774902 -0.049560 0.7176 0.4863 0.0588
v -0.432861 0.777344 -0.049561 0.6902 0.4745 0.0314
v 0.432861 0.777344 -0.049560 0.2314 0.1333 0.0353
v -0.430420 0.782715 -0.049561 0.3098 0.1530 0.0196
v 0.430908 0.782715 -0.049560 0.4902 0.2902 0.0196
v -0.019287 0.928223 -0.049561 0.3059 0.0863 0.0392
v 0.019775 0.928223 -0.049561 0.3098 0.0902 0.0431
v -0.028076 0.946777 -0.049561 0.3333 0.1176 0.0431
v 0.028564 0.946777 -0.049561 0.3137 0.1255 0.0706
v -0.014404 0.970703 -0.049561 0.4628 0.1804 0.0784
v 0.014893 0.970703 -0.049561 0.4589 0.1647 0.0627
v -0.006592 0.971191 -0.049561 0.4863 0.1843 0.0745
v 0.007080 0.971191 -0.049561 0.3921 0.1451 0.0549
v -0.015869 0.472656 -0.049561 0.6863 0.4628 0.0078
v 0.016846 0.472656 -0.049561 0.7137 0.4784 0.0039
v -0.084717 0.310547 -0.049561 0.6354 0.3843 0.2549
v 0.085205 0.310547 -0.049561 0.6354 0.3843 0.2392
v -0.089600 0.178223 -0.049561 0.6157 0.3490 0.2078
v 0.090576 0.178223 -0.049561 0.6039 0.3529 0.2157
v -0.149658 0.013184 -0.049561 0.1294 0.1059 0.0706
v 0.150635 0.013184 -0.049561 0.0784 0.0667 0.0353
v 0.000244 0.761230 -0.050049 0.1922 0.1098 0.0824
v -0.404541 0.786621 -0.050049 0.7137 0.5216 0.0314
v 0.404541 0.786621 -0.050049 0.2118 0.1451 0.0824
v -0.428955 0.787109 -0.050049 0.1843 0.1020 0.0275
v 0.428955 0.787109 -0.050049 0.7098 0.4745 0.0510
v -0.233154 0.790527 -0.050049 0.6706 0.3961 0.2627
v 0.233643 0.790527 -0.050049 0.6941 0.4235 0.2941
v -0.370361 0.800781 -0.050049 0.8196 0.5921 0.0314
v 0.370850 0.800781 -0.050049 0.8862 0.6276 0.0706
v -0.451904 0.807617 -0.050049 0.8431 0.6157 0.0196
v 0.451904 0.807617 -0.050049 0.8627 0.6471 0.0275
v -0.371826 0.809082 -0.050049 0.7843 0.5647 0.0431
v 0.372314 0.809082 -0.050049 0.8902 0.6628 0.0471
v -0.158447 0.812500 -0.050049 0.6824 0.4235 0.2863
v 0.158936 0.812500 -0.050049 0.6706 0.4157 0.2706
v -0.399170 0.825195 -0.050049 0.8431 0.6315 0.0196
v 0.399658 0.825195 -0.050049 0.8274 0.6079 0.0235
v 0.000244 0.846191 -0.050049 0.6118 0.3765 0.2432
v -0.037354 0.895996 -0.050049 0.3490 0.1098 0.0549
v 0.037842 0.895996 -0.050049 0.3529 0.1137 0.0471
v -0.027588 0.926758 -0.050049 0.3098 0.0902 0.0353
v 0.028076 0.926758 -0.050049 0.3019 0.0863 0.0314
v -0.018799 0.954102 -0.050049 0.3529 0.1176 0.0392
v 0.019287 0.954102 -0.050049 0.3176 0.0902 0.0235
v -0.096436 0.312500 -0.050049 0.6471 0.3843 0.2510
v 0.096924 0.312500 -0.050049 0.6550 0.4039 0.2667
v -0.145264 0.173828 -0.050049 0.0510 0.0196 0.0392
v 0.146240 0.173828 -0.050049 0.1490 0.0980 0.0745
v -0.154541 0.015137 -0.050049 0.0745 0.0588 0.0392
v 0.155518 0.014648 -0.050049 0.0745 0.0510 0.0275
v -0.112549 0.013184 -0.050049 0.1647 0.1490 0.1020
v 0.113525 0.013184 -0.050049 0.1098 0.1020 0.0706
v -0.051025 0.748535 -0.050537 0.0745 0.0667 0.0549
v 0.051514 0.748535 -0.050537 0.1843 0.1569 0.0902
v -0.058838 0.753418 -0.050537 0.9137 0.7020 0.2000
v 0.059326 0.753418 -0.050537 0.9764 0.7804 0.1922
v -0.060791 0.754883 -0.050537 0.1451 0.0941 0.0627
v 0.061768 0.754883 -0.050537 0.9921 0.7686 0.1451
v -0.430420 0.764160 -0.050537 0.8509 0.6510 0.0510
v 0.430420 0.764160 -0.050537 0.8588 0.6432 0.0392
v -0.439697 0.766113 -0.050537 0.8470 0.6315 0.0118
v 0.439697 0.766113 -0.050537 0.8941 0.6785 0.0667
v -0.428955 0.766602 -0.050537 0.7960 0.5882 0.0314
v 0.428955 0.766602 -0.050537 0.7764 0.5451 0.0784
v -0.412842 0.768066 -0.050537 0.6354 0.4392 0.0902
v 0.412842 0.768066 -0.050537 0.4157 0.2784 0.0392
v -0.424561 0.770508 -0.050537 0.5137 0.3686 0.1098
v 0.424561 0.770508 -0.050537 0.6941 0.5098 0.0784
v -0.432373 0.772461 -0.050537 0.7921 0.5882 0.0510
v 0.432373 0.772461 -0.050537 0.4471 0.2667 0.0510
v -0.433350 0.782227 -0.050537 0.5843 0.3765 0.0235
v 0.433350 0.782227 -0.050537 0.1961 0.1176 0.0196
v -0.379150 0.791504 -0.050537 0.6589 0.4314 0.0039
v 0.379150 0.791504 -0.050537 0.4550 0.2823 0.0275
v -0.233154 0.800781 -0.050537 0.6628 0.3921 0.2627
v 0.233643 0.800781 -0.050537 0.6550 0.3882 0.2549
v -0.171631 0.809570 -0.050537 0.6980 0.4314 0.2941
v 0.172119 0.809570 -0.050537 0.6745 0.4157 0.2784
v -0.037842 0.903320 -0.050537 0.3608 0.1176 0.0549
v 0.038330 0.903320 -0.050537 0.3804 0.1294 0.0627
v -0.038818 0.921387 -0.050537 0.4235 0.1333 0.0471
v 0.039307 0.921387 -0.050537 0.4392 0.1490 0.0627
v -0.032959 0.929199 -0.050537 0.3490 0.1098 0.0471
v 0.033447 0.929199 -0.050537 0.3137 0.0824 0.0353
v -0.027100 0.935059 -0.050537 0.2706 0.0941 0.0314
v 0.027588 0.935059 -0.050537 0.2784 0.0863 0.0353
v -0.028076 0.939941 -0.050537 0.2588 0.0941 0.0392
v 0.028564 0.939941 -0.050537 0.2863 0.1020 0.0431
v -0.118408 0.492188 -0.050537 0.5843 0.3725 0.0196
v 0.118897 0.492188 -0.050537 0.4823 0.2941 0.0235
v -0.045654 0.454590 -0.050537 0.6157 0.3686 0.2471
v 0.046143 0.454590 -0.050537 0.6236 0.3765 0.2549
v -0.148193 0.171875 -0.050537 0.8784 0.7372 0.1176
v 0.149170 0.171875 -0.050537 0.8784 0.7490 0.0941
v -0.102295 0.073730 -0.050537 0.0863 0.0824 0.0667
v 0.103272 0.073730 -0.050537 0.0588 0.0549 0.0510
v -0.098389 0.039062 -0.050537 0.1530 0.1098 0.0314
v 0.099365 0.039062 -0.050537 0.7451 0.5608 0.0627
v -0.097900 0.038574 -0.050537 0.1098 0.0863 0.0510
v -0.164307 0.028320 -0.050537 0.1020 0.0784 0.0275
v 0.165283 0.027832 -0.050537 0.1176 0.0863 0.0431
v -0.161377 0.024414 -0.050537 0.1255 0.0980 0.0353
v 0.162842 0.024414 -0.050537 0.1255 0.0941 0.0471
v -0.132080 0.012207 -0.050537 0.0902 0.0745 0.0392
v 0.133545 0.012207 -0.050537 0.0941 0.0784 0.0431
v -0.016357 0.511719 -0.051025 0.7294 0.5059 0.0157
v 0.017334 0.511719 -0.051025 0.6745 0.4510 0.0039
v -0.097900 0.551758 -0.051025 0.6432 0.4235 0.0118
v 0.098389 0.551758 -0.051025 0.7490 0.5098 0.0196
v -0.025635 0.613770 -0.051025 0.6667 0.4471 0.0118
v 0.026123 0.613770 -0.051025 0.7020 0.4589 0.0157
v 0.000244 0.745117 -0.051025 0.1412 0.1176 0.0824
v 0.445068 0.771484 -0.051025 0.8902 0.6824 0.0471
v -0.427979 0.773926 -0.051025 0.4000 0.2314 0.0353
v 0.427979 0.773926 -0.051025 0.7921 0.5647 0.0824
v -0.429443 0.777832 -0.051025 0.3843 0.2196 0.0392
v 0.429443 0.777832 -0.051025 0.7098 0.4863 0.0784
v -0.403565 0.780273 -0.051025 0.7960 0.5725 0.0549
v 0.404053 0.780273 -0.051025 0.2275 0.1725 0.0353
v 0.405518 0.785156 -0.051025 0.1490 0.1255 0.0549
v -0.405029 0.785645 -0.051025 0.7764 0.5569 0.0627
v -0.426025 0.790527 -0.051025 0.0980 0.0667 0.0235
v 0.426025 0.790527 -0.051025 0.7490 0.5176 0.0667
v -0.422119 0.792480 -0.051025 0.4745 0.3176 0.0980
v 0.422607 0.792480 -0.051025 0.7412 0.4902 0.0431
v -0.089600 0.830078 -0.051025 0.6354 0.3843 0.2432
v 0.090576 0.830078 -0.051025 0.6471 0.3961 0.2588
v -0.038330 0.915039 -0.051025 0.3686 0.1216 0.0471
v 0.039307 0.915039 -0.051025 0.3647 0.1176 0.0471
v -0.013428 0.925293 -0.051025 0.3216 0.0980 0.0431
v 0.013916 0.925293 -0.051025 0.3216 0.1020 0.0392
v -0.019287 0.929199 -0.051025 0.3098 0.0863 0.0392
v 0.020264 0.929199 -0.051025 0.2980 0.0941 0.0353
v -0.024170 0.932129 -0.051025 0.3137 0.0902 0.0392
v 0.024658 0.932129 -0.051025 0.3019 0.0902 0.0314
v -0.032959 0.934570 -0.051025 0.3490 0.1176 0.0549
v 0.033447 0.934570 -0.051025 0.3647 0.1176 0.0510
v -0.078369 0.476562 -0.051025 0.3372 0.2000 0.1647
v 0.078857 0.476562 -0.051025 0.4353 0.2510 0.1804
v -0.052979 0.412109 -0.051025 0.6589 0.4039 0.2627
v 0.053955 0.412109 -0.051025 0.6510 0.3921 0.2549
v -0.072998 0.291016 -0.051025 0.6510 0.4039 0.2784
v 0.073975 0.291016 -0.051025 0.6550 0.3568 0.2157
v -0.065186 0.245117 -0.051025 0.6157 0.3568 0.2353
v 0.065674 0.245117 -0.051025 0.6236 0.3529 0.2157
v -0.149658 0.169434 -0.051025 0.8353 0.5804 0.0824
v 0.150635 0.169434 -0.051025 0.7882 0.5686 0.1059
v -0.100830 0.050781 -0.051025 0.2588 0.1804 0.0510
v 0.101807 0.050781 -0.051025 0.1961 0.1373 0.0471
v 0.098877 0.038574 -0.051025 0.3333 0.2235 0.0196
v -0.097412 0.036621 -0.051025 0.1059 0.0863 0.0588
v 0.098877 0.036621 -0.051025 0.1098 0.0863 0.0392
v -0.445068 0.771484 -0.051514 0.8509 0.6354 0.0118
v -0.405518 0.772949 -0.051514 0.7333 0.5137 0.0667
v 0.406006 0.772949 -0.051514 0.4745 0.3137 0.0392
v -0.434815 0.776855 -0.051514 0.7451 0.5451 0.0353
v 0.434815 0.776855 -0.051514 0.3412 0.2353 0.0863
v -0.402588 0.786621 -0.051514 0.5921 0.4039 0.0980
v 0.402588 0.786621 -0.051514 0.2078 0.1530 0.0667
v -0.419678 0.793457 -0.051514 0.6157 0.4118 0.1020
v 0.419678 0.793457 -0.051514 0.7412 0.5137 0.0667
v -0.417236 0.793945 -0.051514 0.6354 0.4235 0.0431
v 0.416748 0.793945 -0.051514 0.6706 0.4471 0.0392
v -0.446045 0.814941 -0.051514 0.8392 0.6157 0.0196
v 0.446045 0.814941 -0.051514 0.8588 0.6471 0.0157
v -0.383545 0.815918 -0.051514 0.8313 0.6118 0.0314
v 0.383545 0.815918 -0.051514 0.8353 0.6157 0.0196
v -0.413330 0.826172 -0.051514 0.8353 0.6079 0.0275
v 0.413330 0.826172 -0.051514 0.8431 0.6276 0.0314
v -0.032959 0.908691 -0.051514 0.3255 0.1020 0.0431
v 0.033447 0.908691 -0.051514 0.3098 0.0980 0.0392
v 0.000244 0.926758 -0.051514 0.3294 0.1020 0.0314
v -0.013916 0.929199 -0.051514 0.3216 0.1020 0.0431
v 0.014893 0.929199 -0.051514 0.3176 0.0980 0.0431
v -0.026611 0.945312 -0.051514 0.3608 0.1216 0.0627
v 0.027100 0.945312 -0.051514 0.2627 0.0863 0.0392
v -0.024658 0.951172 -0.051514 0.3647 0.1294 0.0471
v 0.025146 0.951172 -0.051514 0.2745 0.0824 0.0431
v -0.013428 0.961426 -0.051514 0.4039 0.1412 0.0549
v 0.014404 0.961426 -0.051514 0.4039 0.1412 0.0510
v -0.097900 0.044434 -0.051514 0.9333 0.6980 0.0706
v -0.013428 0.745605 -0.052002 0.1412 0.1137 0.0745
v 0.013916 0.745605 -0.052002 0.1216 0.1059 0.0627
v -0.418213 0.768555 -0.052002 0.4235 0.2784 0.0431
v -0.436768 0.768555 -0.052002 0.8549 0.6393 0.0275
v 0.418213 0.768555 -0.052002 0.6745 0.4628 0.1098
v 0.436768 0.768555 -0.052002 0.8745 0.6510 0.0549
v -0.434326 0.770996 -0.052002 0.7960 0.5882 0.0353
v 0.434326 0.770996 -0.052002 0.7608 0.5412 0.0588
v -0.448486 0.777344 -0.052002 0.8706 0.6550 0.0157
v 0.448486 0.777344 -0.052002 0.8980 0.6863 0.0510
v -0.429443 0.782227 -0.052002 0.1412 0.0588 0.0314
v 0.429443 0.782227 -0.052002 0.5059 0.2941 0.0118
v -0.430908 0.787598 -0.052002 0.5921 0.3765 0.0706
v 0.430908 0.787598 -0.052002 0.5686 0.3882 0.1137
v 0.406982 0.790039 -0.052002 0.1686 0.1137 0.0510
v -0.406982 0.790527 -0.052002 0.6628 0.4510 0.0784
v -0.414307 0.792969 -0.052002 0.7490 0.5333 0.0745
v 0.414307 0.792969 -0.052002 0.6510 0.4628 0.0784
v -0.093018 0.817383 -0.052002 0.6785 0.4196 0.2823
v 0.093506 0.817383 -0.052002 0.6667 0.4157 0.2745
v -0.030518 0.895996 -0.052002 0.3059 0.0863 0.0353
v 0.031494 0.895996 -0.052002 0.3019 0.0902 0.0471
v -0.031982 0.902832 -0.052002 0.3098 0.0941 0.0431
v 0.032471 0.902832 -0.052002 0.2980 0.0902 0.0353
v -0.028076 0.908691 -0.052002 0.2980 0.0863 0.0353
v 0.029053 0.908691 -0.052002 0.3059 0.0824 0.0392
v -0.023193 0.915039 -0.052002 0.3176 0.0902 0.0471
v 0.024170 0.915039 -0.052002 0.3098 0.0902 0.0392
v -0.037842 0.927734 -0.052002 0.4392 0.1569 0.0745
v 0.038330 0.927734 -0.052002 0.4314 0.1530 0.0667
v 0.000244 0.962402 -0.052002 0.4550 0.1725 0.0863
v -0.061279 0.472656 -0.052002 0.3686 0.2196 0.1686
v 0.061768 0.472656 -0.052002 0.4314 0.2510 0.1882
v -0.048584 0.433105 -0.052002 0.6510 0.4000 0.2510
v 0.049072 0.433105 -0.052002 0.6471 0.3921 0.2353
v -0.090088 0.168457 -0.052002 0.5059 0.3608 0.0941
v 0.091064 0.168457 -0.052002 0.5176 0.3804 0.1333
v -0.089111 0.166016 -0.052002 0.8000 0.6157 0.1020
v 0.090088 0.166016 -0.052002 0.8784 0.6589 0.1098
v -0.098389 0.050293 -0.052002 0.7176 0.5176 0.0745
v 0.098877 0.044434 -0.052002 0.8470 0.6589 0.1255
v -0.151123 0.013184 -0.052002 0.1373 0.1216 0.0863
v 0.152100 0.013184 -0.052002 0.1373 0.1216 0.0706
v -0.042236 0.615723 -0.052490 0.6628 0.4353 0.0157
v 0.043213 0.615723 -0.052490 0.6745 0.4550 0.0157
v -0.064697 0.765625 -0.052490 0.6471 0.3921 0.2667
v 0.065674 0.765625 -0.052490 0.6706 0.3843 0.2902
v 0.000244 0.767578 -0.052490 0.6157 0.3647 0.2549
v -0.408447 0.770996 -0.052490 0.7843 0.5294 0.0471
v 0.408936 0.770996 -0.052490 0.5882 0.4235 0.1020
v -0.427979 0.786133 -0.052490 0.1294 0.0863 0.0353
v 0.427979 0.786133 -0.052490 0.7137 0.4823 0.0275
v -0.400147 0.786621 -0.052490 0.1059 0.0941 0.0392
v 0.400147 0.786621 -0.052490 0.2353 0.1725 0.0549
v -0.388428 0.789062 -0.052490 0.7176 0.4941 0.0667
v -0.407959 0.789062 -0.052490 0.7608 0.5530 0.0745
v 0.407959 0.789062 -0.052490 0.1608 0.0863 0.0157
v 0.388428 0.789551 -0.052490 0.7020 0.4980 0.1373
v -0.410889 0.791504 -0.052490 0.7608 0.5451 0.0627
v 0.411377 0.791504 -0.052490 0.5294 0.3568 0.0824
v -0.437744 0.821289 -0.052490 0.8353 0.6079 0.0235
v 0.437744 0.821289 -0.052490 0.8470 0.6354 0.0157
v -0.427002 0.825195 -0.052490 0.8353 0.6157 0.0157
v 0.427002 0.825195 -0.052490 0.8470 0.6276 0.0392
v -0.052002 0.843750 -0.052490 0.6236 0.3725 0.2392
v 0.052490 0.843750 -0.052490 0.6589 0.4039 0.2667
v -0.022705 0.920898 -0.052490 0.3098 0.0902 0.0392
v 0.023682 0.920898 -0.052490 0.3019 0.0863 0.0392
v -0.007568 0.927246 -0.052490 0.3294 0.1020 0.0392
v 0.008057 0.927246 -0.052490 0.3372 0.1059 0.0392
v -0.028076 0.929688 -0.052490 0.3137 0.0902 0.0431
v 0.028564 0.929688 -0.052490 0.3098 0.0902 0.0353
v -0.028076 0.933594 -0.052490 0.3019 0.0980 0.0392
v 0.028564 0.933594 -0.052490 0.3255 0.0941 0.0431
v -0.029541 0.937500 -0.052490 0.3804 0.1412 0.0627
v 0.030029 0.937500 -0.052490 0.4314 0.1490 0.0510
v -0.013428 0.953613 -0.052490 0.2941 0.0784 0.0275
v 0.014404 0.953613 -0.052490 0.3686 0.1255 0.0549
v -0.142334 0.259766 -0.052490 0.6745 0.4118 0.2784
v 0.142822 0.259766 -0.052490 0.6745 0.4078 0.2706
v -0.088623 0.163086 -0.052490 0.8588 0.6393 0.0902
v 0.099365 0.050293 -0.052490 0.9176 0.7176 0.0824
v -0.080811 0.574219 -0.052979 0.6902 0.4432 0.0000
v 0.081299 0.574219 -0.052979 0.6785 0.4589 0.0078
v -0.027588 0.747070 -0.052979 0.1294 0.1137 0.0667
v 0.028076 0.747070 -0.052979 0.1098 0.0980 0.0627
v -0.041748 0.750000 -0.052979 0.1020 0.0824 0.0627
v 0.042725 0.750000 -0.052979 0.1216 0.0941 0.0549
v -0.423096 0.770996 -0.052979 0.1647 0.0941 0.0431
v 0.423096 0.770996 -0.052978 0.7960 0.5647 0.0549
v -0.404541 0.778320 -0.052979 0.7568 0.5294 0.0471
v 0.405029 0.778320 -0.052978 0.3608 0.2275 0.0078
v -0.435303 0.781250 -0.052979 0.7490 0.5451 0.0353
v 0.435791 0.781250 -0.052978 0.5686 0.3961 0.1059
v -0.405518 0.784180 -0.052979 0.7843 0.5647 0.0824
v -0.449951 0.784180 -0.052979 0.8666 0.6510 0.0157
v 0.406006 0.784180 -0.052978 0.2980 0.1765 0.0157
v 0.450440 0.784180 -0.052978 0.8784 0.6706 0.0392
v -0.396240 0.787598 -0.052979 0.2235 0.1569 0.0275
v 0.396240 0.787598 -0.052978 0.3372 0.1961 0.0431
v -0.427979 0.790527 -0.052979 0.5098 0.3294 0.0980
v 0.428467 0.790527 -0.052978 0.6197 0.4039 0.0118
v -0.410400 0.793457 -0.052979 0.6315 0.4314 0.0784
v 0.410400 0.793457 -0.052978 0.1098 0.0784 0.0235
v 0.415283 0.795410 -0.052978 0.1961 0.1137 0.0196
v -0.381104 0.799316 -0.052979 0.8157 0.5921 0.0078
v 0.381104 0.799316 -0.052978 0.9137 0.6667 0.0471
v -0.075928 0.829590 -0.052979 0.6628 0.4118 0.2706
v 0.076416 0.829590 -0.052979 0.6471 0.3961 0.2549
v -0.032471 0.906250 -0.052979 0.3216 0.0980 0.0392
v 0.032959 0.906250 -0.052979 0.3176 0.0941 0.0392
v -0.014893 0.930176 -0.052979 0.3059 0.0980 0.0392
v 0.015381 0.930176 -0.052979 0.3176 0.0941 0.0431
v -0.019775 0.931152 -0.052979 0.2980 0.0824 0.0431
v -0.024170 0.931152 -0.052979 0.3176 0.0863 0.0353
v 0.020264 0.931152 -0.052979 0.3019 0.0824 0.0353
v 0.024658 0.931152 -0.052979 0.3019 0.0902 0.0353
v -0.010498 0.932129 -0.052979 0.3019 0.0980 0.0314
v 0.010986 0.932129 -0.052979 0.3098 0.1020 0.0471
v -0.029053 0.941895 -0.052979 0.4275 0.1686 0.0745
v 0.029541 0.941895 -0.052979 0.4432 0.1569 0.0784
v -0.023682 0.949219 -0.052979 0.3686 0.1294 0.0549
v 0.024658 0.949219 -0.052979 0.3098 0.0980 0.0510
v -0.006592 0.962402 -0.052979 0.4510 0.1686 0.0627
v 0.007080 0.962402 -0.052979 0.4157 0.1412 0.0627
v -0.017334 0.459961 -0.052979 0.7216 0.4941 0.0118
v 0.018311 0.459961 -0.052979 0.7255 0.4863 0.0000
v 0.089600 0.163086 -0.052979 0.8549 0.6236 0.0627
v -0.150146 0.159668 -0.052979 0.9058 0.6471 0.0627
v 0.150635 0.159668 -0.052979 0.8980 0.6628 0.0745
v -0.098877 0.030273 -0.052979 0.0980 0.0902 0.0549
v 0.100342 0.030273 -0.052979 0.0902 0.0745 0.0392
v -0.101318 0.025879 -0.052979 0.0980 0.0824 0.0471
v 0.102783 0.025879 -0.052979 0.0863 0.0706 0.0353
v -0.145264 0.012695 -0.052979 0.1176 0.1020 0.0667
v 0.146240 0.012695 -0.052979 0.0863 0.0706 0.0353
v -0.107178 0.520508 -0.053467 0.4863 0.3255 0.0471
v 0.107666 0.520508 -0.053467 0.4745 0.2980 0.0431
v -0.056885 0.764160 -0.053467 0.5490 0.3490 0.2353
v 0.057373 0.764160 -0.053467 0.8549 0.6550 0.2353
v -0.411865 0.770020 -0.053467 0.7843 0.5216 0.0353
v 0.412354 0.770020 -0.053467 0.8666 0.6197 0.1020
v -0.441162 0.773438 -0.053467 0.8431 0.6315 0.0275
v 0.441162 0.773438 -0.053467 0.8627 0.6471 0.0549
v -0.426514 0.774414 -0.053467 0.1647 0.1059 0.0471
v 0.426514 0.774414 -0.053467 0.7804 0.5530 0.0706
v -0.437256 0.775391 -0.053467 0.7451 0.5294 0.0157
v 0.437256 0.775391 -0.053467 0.8039 0.5882 0.0980
v -0.427979 0.777832 -0.053467 0.1765 0.0902 0.0392
v 0.428467 0.777832 -0.053467 0.7372 0.5137 0.0706
v -0.077393 0.780762 -0.053467 0.6628 0.4039 0.2667
v 0.078369 0.780762 -0.053467 0.6628 0.4000 0.2627
v -0.424561 0.789062 -0.053467 0.6276 0.4235 0.0706
v 0.425049 0.789062 -0.053467 0.7568 0.5333 0.0745
v -0.421143 0.791504 -0.053467 0.7020 0.4706 0.0627
v 0.421143 0.791504 -0.053467 0.8078 0.5804 0.0824
v -0.426025 0.791992 -0.053467 0.4941 0.3412 0.1176
v 0.426025 0.791992 -0.053467 0.6863 0.4550 0.0824
v -0.423096 0.793945 -0.053467 0.1922 0.1216 0.0353
v 0.423096 0.793945 -0.053467 0.5961 0.4039 0.0784
v -0.420166 0.794922 -0.053467 0.1530 0.0902 0.0039
v -0.414307 0.795410 -0.053467 0.4392 0.2902 0.0863
v -0.417725 0.795410 -0.053467 0.2588 0.1686 0.0235
v 0.419678 0.795410 -0.053467 0.5019 0.3372 0.1059
v -0.081299 0.799805 -0.053467 0.6471 0.3882 0.2510
v 0.081787 0.799805 -0.053467 0.6471 0.3882 0.2510
v -0.035889 0.890137 -0.053467 0.3176 0.0902 0.0431
v 0.036377 0.890137 -0.053467 0.3647 0.1176 0.0549
v -0.019287 0.909180 -0.053467 0.3372 0.1020 0.0431
v -0.037354 0.909180 -0.053467 0.3490 0.1098 0.0588
v 0.019775 0.909180 -0.053467 0.3216 0.0941 0.0431
v 0.037842 0.909180 -0.053467 0.3608 0.1137 0.0431
v -0.005127 0.935059 -0.053467 0.2863 0.0941 0.0392
v -0.038818 0.935059 -0.053467 0.5059 0.1843 0.0667
v 0.005615 0.935059 -0.053467 0.3765 0.1216 0.0471
v 0.039307 0.935059 -0.053467 0.4667 0.1647 0.0667
v -0.010010 0.949707 -0.053467 0.3294 0.0980 0.0235
v 0.010498 0.949707 -0.053467 0.3255 0.1059 0.0353
v -0.019775 0.952637 -0.053467 0.4196 0.1412 0.0431
v 0.020264 0.952637 -0.053467 0.3921 0.1373 0.0667
v 0.000244 0.954590 -0.053467 0.3804 0.1216 0.0431
v -0.073486 0.394043 -0.053467 0.6785 0.4118 0.2745
v 0.074463 0.394043 -0.053467 0.6550 0.3961 0.2588
v -0.161865 0.041992 -0.053467 0.8980 0.6706 0.0706
v 0.163330 0.041992 -0.053467 0.9451 0.7333 0.0824
v -0.162354 0.039551 -0.053467 0.9333 0.7098 0.0392
v 0.163330 0.039551 -0.053467 0.9764 0.8000 0.1333
v -0.061279 0.598145 -0.053955 0.6785 0.4471 0.0000
v 0.062256 0.598145 -0.053955 0.7098 0.4863 0.0314
v -0.405029 0.791016 -0.053955 0.4196 0.2902 0.0824
v 0.405518 0.791016 -0.053955 0.4353 0.2980 0.0627
v 0.421143 0.791504 -0.053955 0.7764 0.5490 0.0510
v -0.417725 0.791992 -0.053955 0.7216 0.4980 0.0549
v 0.417725 0.791992 -0.053955 0.8039 0.5764 0.0824
v -0.449951 0.792480 -0.053955 0.8549 0.6471 0.0235
v 0.449951 0.792480 -0.053955 0.8745 0.6628 0.0275
v -0.383545 0.808105 -0.053955 0.8000 0.5804 0.0078
v 0.383545 0.808105 -0.053955 0.8274 0.5961 0.0235
v -0.011475 0.847656 -0.053955 0.6315 0.3804 0.2392
v 0.012451 0.847656 -0.053955 0.6000 0.3568 0.2275
v -0.019775 0.901855 -0.053955 0.3216 0.0902 0.0314
v 0.020752 0.901855 -0.053955 0.3216 0.0941 0.0392
v -0.024658 0.909668 -0.053955 0.3137 0.0941 0.0431
v 0.025146 0.909668 -0.053955 0.3098 0.0902 0.0353
v -0.024658 0.926758 -0.053955 0.3098 0.0902 0.0353
v 0.025146 0.926758 -0.053955 0.2941 0.0824 0.0353
v 0.000244 0.934570 -0.053955 0.3294 0.1098 0.0431
v -0.008057 0.936523 -0.053955 0.2549 0.0784 0.0275
v 0.008545 0.936523 -0.053955 0.3255 0.1020 0.0431
v -0.007080 0.940918 -0.053955 0.2667 0.0824 0.0196
v 0.007568 0.940918 -0.053955 0.3451 0.1137 0.0471
v -0.004639 0.941406 -0.053955 0.3098 0.0902 0.0314
v 0.005127 0.941406 -0.053955 0.3921 0.1333 0.0471
v -0.008057 0.945801 -0.053955 0.2863 0.0863 0.0314
v 0.008545 0.945801 -0.053955 0.3333 0.1020 0.0353
v -0.079834 0.461426 -0.053955 0.6000 0.3529 0.2235
v 0.080811 0.461426 -0.053955 0.5961 0.3490 0.2196
v -0.089111 0.396484 -0.053955 0.6667 0.4000 0.2667
v 0.089600 0.396484 -0.053955 0.6550 0.3961 0.2588
v -0.406494 0.775879 -0.054443 0.7725 0.5451 0.0471
v 0.406982 0.775879 -0.054443 0.8549 0.6197 0.0706
v -0.427979 0.781250 -0.054443 0.2314 0.1059 0.0392
v 0.427979 0.781250 -0.054443 0.6941 0.4628 0.0627
v -0.408447 0.787598 -0.054443 0.8000 0.5725 0.0667
v 0.408447 0.787598 -0.054443 0.6980 0.4902 0.0745
v -0.431885 0.788574 -0.054443 0.7804 0.5490 0.0627
v 0.431885 0.788574 -0.054443 0.1098 0.0784 0.0000
v -0.411865 0.790039 -0.054443 0.7804 0.5451 0.0627
v 0.411865 0.790039 -0.054443 0.7608 0.5255 0.0353
v -0.414795 0.791504 -0.054443 0.8039 0.5764 0.0706
v 0.415283 0.791504 -0.054443 0.7451 0.5098 0.0314
v -0.447998 0.801758 -0.054443 0.8470 0.6354 0.0157
v 0.447998 0.801758 -0.054443 0.8706 0.6589 0.0431
v -0.043213 0.845215 -0.054443 0.5333 0.3137 0.2039
v 0.043701 0.845215 -0.054443 0.6980 0.4235 0.2432
v -0.028076 0.879395 -0.054443 0.3255 0.0941 0.0471
v 0.028564 0.879395 -0.054443 0.3098 0.0902 0.0353
v -0.028564 0.885254 -0.054443 0.3216 0.0941 0.0431
v 0.029053 0.885254 -0.054443 0.3137 0.0902 0.0392
v -0.043213 0.895996 -0.054443 0.3608 0.1020 0.0471
v 0.043701 0.895996 -0.054443 0.3804 0.1176 0.0431
v -0.028076 0.903320 -0.054443 0.2902 0.0902 0.0392
v 0.028564 0.903320 -0.054443 0.2902 0.0824 0.0235
v -0.040771 0.909180 -0.054443 0.4235 0.1490 0.0627
v 0.041260 0.909180 -0.054443 0.4510 0.1490 0.0706
v -0.019775 0.930664 -0.054443 0.3019 0.0863 0.0431
v 0.020264 0.930664 -0.054443 0.2902 0.0824 0.0353
v -0.015869 0.932129 -0.054443 0.3059 0.0863 0.0314
v 0.016846 0.932129 -0.054443 0.3059 0.0863 0.0353
v -0.011475 0.933105 -0.054443 0.3098 0.0902 0.0431
v 0.012451 0.933105 -0.054443 0.3098 0.0902 0.0431
v -0.031494 0.940430 -0.054443 0.4863 0.1922 0.1020
v 0.031982 0.940430 -0.054443 0.4157 0.1451 0.0392
v -0.005127 0.947266 -0.054443 0.2706 0.0824 0.0275
v 0.005615 0.947266 -0.054443 0.3882 0.1255 0.0510
v -0.020264 0.950195 -0.054443 0.3804 0.1294 0.0510
v 0.020752 0.950195 -0.054443 0.3490 0.1176 0.0549
v -0.006592 0.954102 -0.054443 0.3333 0.0941 0.0235
v 0.007080 0.954102 -0.054443 0.3921 0.1294 0.0510
v -0.112549 0.297852 -0.054443 0.6628 0.3882 0.2549
v 0.113037 0.297852 -0.054443 0.6354 0.4000 0.2667
v -0.161377 0.045898 -0.054443 0.6550 0.5490 0.2706
v 0.162354 0.045898 -0.054443 0.7372 0.6197 0.2549
v -0.155518 0.015137 -0.054443 0.0745 0.0588 0.0431
v 0.156494 0.015137 -0.054443 0.0510 0.0431 0.0196
v 0.000244 0.539062 -0.054932 0.6824 0.4628 0.0118
v -0.011475 0.761230 -0.054932 0.1765 0.1059 0.0745
v 0.011963 0.761230 -0.054932 0.1530 0.1020 0.0824
v -0.416748 0.770508 -0.054932 0.7725 0.5373 0.1059
v 0.416748 0.770508 -0.054932 0.8549 0.6118 0.0392
v 0.000244 0.777344 -0.054932 0.6354 0.3843 0.2549
v -0.443604 0.778809 -0.054932 0.8431 0.6354 0.0157
v 0.443604 0.778809 -0.054932 0.8980 0.6785 0.0392
v -0.438721 0.779785 -0.054932 0.8196 0.6197 0.0392
v 0.439209 0.779785 -0.054932 0.8470 0.6197 0.0549
v -0.406494 0.781738 -0.054932 0.8117 0.5961 0.0549
v 0.406982 0.781738 -0.054932 0.8588 0.5843 0.0863
v -0.426514 0.784668 -0.054932 0.5608 0.3725 0.1294
v 0.426514 0.784668 -0.054932 0.7451 0.5137 0.0941
v -0.409424 0.794922 -0.054932 0.2353 0.1412 0.0157
v 0.409424 0.794922 -0.054932 0.5176 0.3608 0.0980
v -0.078369 0.815918 -0.054932 0.6667 0.4118 0.2745
v 0.078857 0.815918 -0.054932 0.6785 0.4157 0.2784
v -0.398682 0.817383 -0.054932 0.8235 0.6079 0.0157
v 0.398682 0.817383 -0.054932 0.8509 0.6315 0.0235
v -0.043701 0.903809 -0.054932 0.4235 0.1412 0.0510
v 0.044189 0.903809 -0.054932 0.4510 0.1530 0.0667
v 0.000244 0.940918 -0.054932 0.3372 0.1098 0.0314
v -0.029541 0.945312 -0.054932 0.4432 0.1882 0.0824
v 0.030029 0.945312 -0.054932 0.4314 0.1686 0.0863
v 0.000244 0.947754 -0.054932 0.3686 0.1255 0.0431
v -0.015381 0.951660 -0.054932 0.4118 0.1412 0.0510
v 0.015869 0.951660 -0.054932 0.3333 0.0980 0.0196
v -0.021729 0.446289 -0.054932 0.3882 0.2314 0.0392
v 0.022705 0.446289 -0.054932 0.3294 0.2196 0.0902
v -0.046143 0.757324 -0.055420 0.0902 0.0863 0.0784
v 0.046631 0.757324 -0.055420 0.1451 0.1176 0.0549
v -0.056396 0.763184 -0.055420 0.2118 0.1176 0.0784
v 0.056885 0.763184 -0.055420 0.9804 0.7686 0.1530
v -0.410400 0.773438 -0.055420 0.7725 0.5490 0.0745
v 0.410400 0.773438 -0.055420 0.8902 0.6510 0.0549
v -0.426514 0.777832 -0.055420 0.4980 0.3451 0.1294
v 0.427002 0.777832 -0.055420 0.7568 0.5137 0.0824
v -0.423584 0.787598 -0.055420 0.7333 0.5019 0.0784
v 0.424072 0.787598 -0.055420 0.7608 0.5255 0.0431
v -0.429932 0.790527 -0.055420 0.7098 0.5019 0.0627
v 0.418213 0.790527 -0.055420 0.8039 0.5843 0.0549
v 0.429932 0.790527 -0.055420 0.3490 0.2549 0.1020
v -0.418213 0.791016 -0.055420 0.7490 0.5294 0.0667
v -0.402588 0.791992 -0.055420 0.1725 0.1176 0.0471
v 0.402588 0.791992 -0.055420 0.6589 0.4314 0.0510
v -0.391357 0.797363 -0.055420 0.8745 0.6432 0.0471
v -0.414307 0.797363 -0.055420 0.2039 0.1451 0.0314
v 0.391846 0.797363 -0.055420 0.8509 0.6315 0.0353
v 0.414795 0.797363 -0.055420 0.3294 0.1843 0.0353
v -0.061279 0.830078 -0.055420 0.6589 0.4078 0.2706
v 0.061768 0.830078 -0.055420 0.6550 0.4039 0.2627
v -0.029053 0.847168 -0.055420 0.6079 0.3686 0.2549
v 0.029541 0.847168 -0.055420 0.1216 0.0863 0.0745
v -0.021240 0.915039 -0.055420 0.3019 0.0824 0.0353
v 0.021729 0.915039 -0.055420 0.3098 0.0902 0.0431
v -0.040771 0.921387 -0.055420 0.3568 0.0980 0.0235
v 0.041260 0.921387 -0.055420 0.3843 0.1412 0.0549
v -0.019775 0.926270 -0.055420 0.3019 0.0824 0.0353
v 0.020264 0.926270 -0.055420 0.2941 0.0824 0.0353
v 0.014404 0.934082 -0.055420 0.3019 0.0941 0.0392
v -0.013428 0.934570 -0.055420 0.3098 0.0863 0.0431
v -0.009521 0.936523 -0.055420 0.3137 0.0941 0.0314
v 0.010010 0.936523 -0.055420 0.3019 0.0980 0.0314
v -0.062256 0.458496 -0.055420 0.6000 0.3529 0.2275
v 0.063232 0.458496 -0.055420 0.6118 0.3647 0.2275
v 0.152588 0.013184 -0.055420 0.1647 0.1333 0.0824
v -0.020264 0.503418 -0.055908 0.7255 0.4941 0.0039
v 0.020752 0.503418 -0.055908 0.6824 0.4589 0.0078
v 0.000244 0.756348 -0.055908 0.9647 0.7686 0.2745
v -0.053955 0.762207 -0.055908 0.8470 0.6628 0.1961
v 0.054443 0.762207 -0.055908 0.9764 0.7255 0.1490
v -0.421631 0.772461 -0.055908 0.7686 0.5569 0.1490
v 0.421631 0.772461 -0.055908 0.8274 0.6079 0.0588
v -0.425049 0.775391 -0.055908 0.5569 0.3921 0.1294
v 0.425049 0.775391 -0.055908 0.7843 0.5764 0.0510
v -0.444580 0.784668 -0.055908 0.8431 0.6393 0.0235
v 0.444580 0.784668 -0.055908 0.8862 0.6785 0.0118
v -0.434815 0.787109 -0.055908 0.6432 0.4275 0.0039
v 0.434815 0.787109 -0.055908 0.3372 0.2196 0.0314
v -0.420166 0.789551 -0.055908 0.7725 0.5333 0.0784
v 0.420166 0.789551 -0.055908 0.8235 0.5961 0.0745
v -0.427002 0.792969 -0.055908 0.6785 0.4589 0.0588
v 0.427002 0.792969 -0.055908 0.4157 0.2863 0.1216
v -0.419678 0.796875 -0.055908 0.5059 0.3725 0.1098
v 0.419678 0.796875 -0.055908 0.1569 0.1137 0.0549
v -0.441650 0.809082 -0.055908 0.8392 0.6157 0.0118
v 0.000244 0.832520 -0.055908 0.6354 0.3843 0.2510
v -0.042725 0.845703 -0.055908 0.5451 0.3333 0.2196
v 0.043213 0.845703 -0.055908 0.5216 0.3176 0.1843
v -0.024170 0.848145 -0.055908 0.6315 0.3725 0.2353
v 0.024658 0.848145 -0.055908 0.6079 0.3529 0.2275
v -0.036377 0.869141 -0.055908 0.3019 0.0745 0.0392
v 0.036865 0.869141 -0.055908 0.3255 0.0863 0.0471
v -0.023193 0.885742 -0.055908 0.3137 0.0863 0.0431
v 0.023682 0.885742 -0.055908 0.2980 0.0863 0.0392
v -0.030029 0.890137 -0.055908 0.2980 0.0824 0.0353
v 0.030518 0.890137 -0.055908 0.2980 0.0863 0.0392
v -0.040283 0.915039 -0.055908 0.3451 0.1020 0.0235
v 0.040771 0.915039 -0.055908 0.4235 0.1412 0.0510
v -0.011963 0.949219 -0.055908 0.4471 0.1608 0.0627
v 0.012451 0.949219 -0.055908 0.3019 0.0980 0.0392
v -0.016846 0.949707 -0.055908 0.3725 0.1137 0.0275
v 0.017334 0.949707 -0.055908 0.3647 0.1255 0.0549
v -0.065674 0.223633 -0.055908 0.6197 0.3568 0.2235
v 0.066162 0.223633 -0.055908 0.6236 0.3529 0.2196
v -0.100830 0.056641 -0.055908 0.3098 0.2157 0.0392
v 0.101807 0.056641 -0.055908 0.1373 0.0863 0.0392
v -0.163330 0.042480 -0.055908 0.9255 0.6785 0.0980
v 0.164795 0.042480 -0.055908 0.9215 0.7137 0.0980
v -0.163330 0.040039 -0.055908 0.9333 0.7137 0.0745
v 0.164307 0.040039 -0.055908 0.9647 0.7921 0.1333
v -0.151611 0.013184 -0.055908 0.1216 0.1020 0.0706
v -0.025146 0.524414 -0.056396 0.7137 0.4980 0.0275
v 0.025635 0.524414 -0.056396 0.7098 0.4863 0.0078
v -0.010010 0.537109 -0.056396 0.6628 0.4432 0.0000
v -0.100830 0.537109 -0.056397 0.5451 0.3372 0.0000
v 0.010498 0.537109 -0.056396 0.6785 0.4550 0.0078
v 0.101318 0.537109 -0.056396 0.7490 0.5019 0.0196
v 0.408447 0.779297 -0.056396 0.8627 0.6197 0.0510
v -0.426025 0.779785 -0.056397 0.6745 0.4510 0.0667
v 0.426025 0.779785 -0.056396 0.6628 0.4550 0.0549
v -0.439209 0.784668 -0.056397 0.8549 0.6432 0.0471
v 0.439209 0.784668 -0.056396 0.8274 0.5921 0.0745
v -0.409424 0.785156 -0.056397 0.8000 0.5764 0.0667
v 0.409424 0.785156 -0.056396 0.8078 0.5569 0.0314
v -0.416260 0.789551 -0.056397 0.8039 0.5804 0.0824
v 0.416748 0.789551 -0.056396 0.7921 0.5647 0.0471
v -0.398193 0.794434 -0.056397 0.8627 0.6197 0.0667
v 0.398193 0.794434 -0.056396 0.9098 0.6863 0.0314
v -0.423584 0.794922 -0.056397 0.5333 0.3647 0.0863
v 0.424072 0.795410 -0.056396 0.1608 0.0863 0.0392
v 0.442139 0.809082 -0.056396 0.8549 0.6315 0.0196
v -0.412354 0.818359 -0.056397 0.8588 0.6432 0.0471
v 0.412354 0.818359 -0.056396 0.8588 0.6354 0.0431
v -0.040283 0.846191 -0.056396 0.6197 0.3843 0.2588
v 0.040771 0.846191 -0.056396 0.3608 0.1882 0.0745
v -0.028076 0.873535 -0.056396 0.2980 0.0863 0.0431
v 0.028564 0.873535 -0.056396 0.2941 0.0863 0.0392
v -0.021729 0.879395 -0.056396 0.3176 0.0902 0.0431
v 0.022705 0.879395 -0.056396 0.3019 0.0824 0.0392
v -0.032959 0.879883 -0.056396 0.2667 0.0627 0.0118
v 0.033447 0.879883 -0.056396 0.3294 0.0980 0.0353
v -0.040283 0.890137 -0.056396 0.3451 0.1176 0.0431
v 0.040771 0.890137 -0.056396 0.3882 0.1255 0.0431
v -0.042236 0.927734 -0.056396 0.4902 0.1882 0.0863
v 0.042725 0.927734 -0.056396 0.4078 0.1451 0.0510
v -0.011963 0.937500 -0.056396 0.3137 0.1020 0.0431
v 0.012451 0.937500 -0.056396 0.2941 0.0902 0.0314
v -0.009033 0.940918 -0.056396 0.3568 0.1176 0.0510
v 0.009521 0.940918 -0.056396 0.3059 0.1059 0.0392
v -0.036865 0.941406 -0.056396 0.5490 0.2196 0.1098
v 0.037354 0.941406 -0.056396 0.4471 0.1569 0.0510
v -0.009521 0.945312 -0.056396 0.3843 0.1255 0.0471
v 0.010010 0.945312 -0.056396 0.3294 0.1059 0.0275
v -0.019287 0.446289 -0.056396 0.8196 0.5804 0.0275
v 0.019775 0.446289 -0.056396 0.8078 0.5608 0.0039
v -0.082275 0.439941 -0.056397 0.6432 0.3921 0.2314
v 0.083252 0.439941 -0.056396 0.6510 0.4000 0.2510
v 0.024170 0.435547 -0.056396 0.0980 0.0667 0.0471
v -0.085693 0.418457 -0.056397 0.6667 0.4000 0.2627
v 0.086182 0.418457 -0.056396 0.6550 0.3961 0.2588
v -0.147705 0.149414 -0.056397 0.1216 0.0902 0.0627
v 0.148682 0.149414 -0.056396 0.1255 0.0902 0.0627
v -0.011963 0.756836 -0.056885 0.9019 0.7098 0.2627
v 0.012451 0.756836 -0.056885 0.9686 0.7608 0.2706
v -0.022217 0.764160 -0.056885 0.1725 0.1176 0.1020
v 0.022705 0.764160 -0.056885 0.2863 0.1490 0.0980
v -0.011475 0.767578 -0.056885 0.6236 0.3490 0.2510
v 0.011963 0.767578 -0.056885 0.6079 0.3529 0.2432
v -0.408447 0.779297 -0.056885 0.8196 0.6157 0.0784
v -0.412842 0.788086 -0.056885 0.7960 0.5725 0.0510
v 0.412842 0.788086 -0.056885 0.8235 0.5882 0.0627
v -0.444092 0.791016 -0.056885 0.8392 0.6276 0.0157
v 0.444092 0.791016 -0.056885 0.9176 0.6980 0.0667
v -0.407471 0.796875 -0.056885 0.3647 0.2235 0.0157
v 0.407471 0.796875 -0.056885 0.8157 0.5843 0.0745
v -0.434326 0.814453 -0.056885 0.8588 0.6432 0.0275
v 0.434326 0.814453 -0.056885 0.8627 0.6510 0.0314
v -0.424561 0.817871 -0.056885 0.8588 0.6393 0.0196
v 0.425049 0.817871 -0.056885 0.8588 0.6393 0.0314
v -0.049072 0.831543 -0.056885 0.6550 0.4000 0.2588
v 0.049561 0.831543 -0.056885 0.6550 0.4000 0.2667
v -0.032471 0.847656 -0.056885 0.6941 0.4392 0.1882
v 0.033447 0.847656 -0.056885 0.8078 0.5608 0.1176
v -0.030029 0.848145 -0.056885 0.6118 0.3765 0.2471
v 0.030518 0.848145 -0.056885 0.4823 0.3216 0.1765
v -0.035889 0.862793 -0.056885 0.2980 0.0902 0.0392
v 0.036377 0.862793 -0.056885 0.3176 0.0863 0.0431
v -0.032959 0.885254 -0.056885 0.3294 0.1020 0.0471
v 0.033447 0.885254 -0.056885 0.3608 0.1176 0.0431
v -0.020264 0.920410 -0.056885 0.2980 0.0863 0.0353
v 0.020752 0.920410 -0.056885 0.2980 0.0902 0.0392
v -0.011475 0.940918 -0.056885 0.3529 0.1137 0.0471
v 0.011963 0.940918 -0.056885 0.3137 0.0980 0.0392
v -0.013916 0.947754 -0.056885 0.4510 0.1647 0.0549
v 0.014404 0.947754 -0.056885 0.3216 0.0941 0.0314
v 0.027588 0.949707 -0.056885 0.3921 0.1294 0.0510
v -0.022217 0.489258 -0.056885 0.6941 0.4706 0.0118
v 0.022705 0.489258 -0.056885 0.6863 0.4706 0.0157
v -0.121338 0.480469 -0.056885 0.5294 0.3216 0.0549
v 0.121826 0.480469 -0.056885 0.4392 0.2784 0.0314
v -0.023682 0.435547 -0.056885 0.1020 0.0706 0.0431
v -0.069092 0.415039 -0.056885 0.6354 0.3765 0.2432
v 0.069580 0.415039 -0.056885 0.6706 0.4118 0.2745
v -0.147217 0.239258 -0.056885 0.6550 0.3921 0.2549
v 0.147705 0.239258 -0.056885 0.6667 0.3961 0.2667
v -0.145752 0.129395 -0.056885 0.0745 0.0588 0.0431
v 0.146729 0.129395 -0.056885 0.0745 0.0627 0.0431
v -0.159912 0.051758 -0.056885 0.9058 0.7412 0.2392
v 0.160889 0.051758 -0.056885 0.9215 0.7098 0.0863
v -0.162842 0.046387 -0.056885 0.6863 0.5059 0.1804
v 0.164307 0.046387 -0.056885 0.7725 0.6157 0.1686
v -0.106689 0.016602 -0.056885 0.1098 0.0863 0.0549
v 0.107666 0.016602 -0.056885 0.1294 0.1098 0.0627
v -0.088623 0.552734 -0.057373 0.7176 0.4628 0.0078
v 0.089111 0.552734 -0.057373 0.6745 0.4589 0.0157
v 0.000244 0.758789 -0.057373 0.9686 0.7412 0.2392
v -0.029053 0.768066 -0.057373 0.1843 0.1294 0.1216
v 0.030029 0.768066 -0.057373 0.6197 0.3686 0.2510
v -0.032959 0.770996 -0.057373 0.2039 0.1216 0.0784
v 0.033447 0.770996 -0.057373 0.6667 0.3804 0.2471
v -0.415283 0.773438 -0.057373 0.8470 0.6157 0.0824
v 0.415283 0.773438 -0.057373 0.8117 0.5608 0.0706
v 0.410889 0.776855 -0.057373 0.8823 0.6393 0.0667
v -0.424072 0.783203 -0.057373 0.6236 0.4275 0.0549
v 0.424561 0.783203 -0.057373 0.7529 0.5373 0.0706
v -0.421631 0.785645 -0.057373 0.7451 0.5019 0.0706
v -0.420166 0.787598 -0.057373 0.7490 0.5216 0.0667
v 0.420166 0.787598 -0.057373 0.8392 0.6118 0.0863
v 0.000244 0.790527 -0.057373 0.6432 0.3921 0.2549
v -0.413818 0.799805 -0.057373 0.6236 0.4157 0.0353
v 0.413818 0.799805 -0.057373 0.7412 0.5098 0.0667
v -0.399170 0.807617 -0.057373 0.8588 0.6354 0.0353
v 0.399170 0.807617 -0.057373 0.8431 0.6197 0.0471
v -0.025635 0.891113 -0.057373 0.2823 0.0824 0.0314
v 0.026123 0.891113 -0.057373 0.2941 0.0784 0.0392
v -0.027100 0.895508 -0.057373 0.2863 0.0784 0.0353
v -0.021240 0.895996 -0.057373 0.2941 0.0824 0.0353
v 0.022217 0.895996 -0.057373 0.2941 0.0824 0.0353
v -0.044678 0.908203 -0.057373 0.4550 0.1530 0.0549
v 0.045166 0.908203 -0.057373 0.4706 0.1647 0.0549
v -0.014893 0.933105 -0.057373 0.3137 0.0902 0.0275
v 0.015381 0.933105 -0.057373 0.3059 0.0902 0.0392
v -0.011963 0.944336 -0.057373 0.4392 0.1647 0.0706
v 0.012451 0.944336 -0.057373 0.3294 0.1059 0.0392
v -0.026611 0.949707 -0.057373 0.3686 0.1216 0.0510
v 0.027588 0.949707 -0.057373 0.3882 0.1333 0.0627
v -0.085693 0.293457 -0.057373 0.6354 0.3843 0.2471
v 0.086182 0.293457 -0.057373 0.6471 0.3961 0.2588
v -0.129150 0.280762 -0.057373 0.6745 0.4275 0.2902
v 0.129639 0.280762 -0.057373 0.6510 0.3882 0.2549
v 0.000244 0.596191 -0.057861 0.7059 0.4863 0.0196
v -0.011475 0.759766 -0.057861 0.9529 0.7294 0.2078
v 0.011963 0.759766 -0.057861 0.8039 0.6393 0.2353
v -0.034912 0.774902 -0.057861 0.2078 0.1255 0.1412
v -0.419678 0.774902 -0.057861 0.7843 0.5451 0.0667
v 0.035400 0.774902 -0.057861 0.6510 0.3804 0.2353
v 0.419678 0.775391 -0.057861 0.8157 0.5764 0.1020
v -0.410889 0.776855 -0.057861 0.7843 0.5686 0.0588
v -0.423096 0.777832 -0.057861 0.7372 0.4980 0.0627
v 0.423096 0.777832 -0.057861 0.7725 0.5451 0.0745
v -0.410889 0.782715 -0.057861 0.8078 0.6000 0.0471
v 0.410889 0.782715 -0.057861 0.8666 0.6354 0.0549
v 0.422119 0.785645 -0.057861 0.7960 0.5764 0.0706
v -0.417236 0.787109 -0.057861 0.7843 0.5569 0.0588
v 0.417725 0.787109 -0.057861 0.8196 0.5921 0.0471
v -0.438721 0.789062 -0.057861 0.8039 0.5921 0.0118
v 0.438721 0.789062 -0.057861 0.8470 0.6236 0.0824
v -0.432373 0.791504 -0.057861 0.8235 0.6157 0.0627
v 0.432373 0.791504 -0.057861 0.1922 0.1137 0.0000
v -0.441650 0.797852 -0.057861 0.8666 0.6589 0.0275
v 0.441650 0.797852 -0.057861 0.8862 0.6628 0.0392
v -0.404053 0.800781 -0.057861 0.8823 0.6628 0.0431
v 0.404053 0.800781 -0.057861 0.8941 0.6745 0.0510
v -0.042236 0.869629 -0.057861 0.3372 0.0941 0.0431
v 0.042725 0.869629 -0.057861 0.3608 0.1059 0.0510
v -0.035889 0.875000 -0.057861 0.2471 0.0588 0.0275
v 0.036377 0.875000 -0.057861 0.3294 0.0941 0.0392
v -0.026611 0.895996 -0.057861 0.2706 0.0824 0.0275
v 0.027588 0.895996 -0.057861 0.2784 0.0784 0.0353
v -0.065186 0.437012 -0.057861 0.6667 0.4196 0.2588
v 0.065674 0.437012 -0.057861 0.6589 0.4039 0.2471
v -0.144287 0.110352 -0.057861 0.0980 0.0824 0.0549
v -0.110107 0.014648 -0.057861 0.1686 0.1530 0.1059
v 0.111084 0.014648 -0.057861 0.1176 0.1059 0.0510
v -0.115479 0.013672 -0.057861 0.1059 0.0902 0.0549
v 0.116455 0.013672 -0.057861 0.1490 0.1255 0.0784
v -0.066162 0.579590 -0.058350 0.7098 0.4745 0.0078
v 0.066650 0.579590 -0.058350 0.7137 0.4823 0.0275
v -0.004639 0.596191 -0.058350 0.7176 0.4902 0.0118
v 0.005615 0.596191 -0.058350 0.6824 0.4550 0.0157
v -0.023682 0.760254 -0.058350 0.9490 0.6980 0.1255
v 0.024658 0.760254 -0.058350 0.9529 0.6902 0.0941
v -0.022705 0.768066 -0.058350 0.6276 0.3647 0.2627
v 0.023193 0.768066 -0.058350 0.6471 0.3765 0.2627
v -0.052979 0.773438 -0.058350 0.6000 0.3568 0.2392
v 0.053467 0.773438 -0.058350 0.6980 0.5176 0.2353
v -0.413818 0.776367 -0.058350 0.6785 0.4589 0.0118
v 0.413818 0.776367 -0.058350 0.8588 0.6393 0.0588
v -0.413818 0.785156 -0.058350 0.8196 0.5882 0.0706
v 0.414307 0.785156 -0.058350 0.8431 0.6079 0.0706
v 0.429443 0.794922 -0.058350 0.3608 0.2000 0.0118
v -0.420166 0.799316 -0.058350 0.7372 0.5294 0.0745
v 0.420166 0.799805 -0.058350 0.7176 0.4941 0.0667
v -0.042236 0.862793 -0.058350 0.3059 0.0863 0.0314
v 0.042725 0.862793 -0.058350 0.3333 0.0980 0.0392
v -0.032959 0.874512 -0.058350 0.2902 0.0824 0.0353
v 0.033447 0.874512 -0.058350 0.3294 0.0941 0.0431
v -0.013916 0.909668 -0.058350 0.3568 0.1098 0.0549
v 0.014893 0.909668 -0.058350 0.3529 0.1137 0.0588
v -0.044678 0.915039 -0.058350 0.5098 0.1922 0.0863
v 0.045166 0.915039 -0.058350 0.5608 0.2353 0.1059
v -0.014893 0.927246 -0.058350 0.3098 0.0902 0.0353
v 0.015381 0.927246 -0.058350 0.3019 0.0941 0.0392
v -0.042236 0.934570 -0.058350 0.4628 0.1530 0.0627
v 0.043213 0.934570 -0.058350 0.5176 0.2039 0.0902
v -0.020752 0.435547 -0.058350 0.1176 0.0706 0.0392
v 0.021729 0.435547 -0.058350 0.1216 0.0824 0.0431
v -0.099365 0.295898 -0.058350 0.6589 0.4000 0.2627
v 0.100342 0.295898 -0.058350 0.6354 0.3882 0.2510
v 0.146240 0.110352 -0.058350 0.1137 0.0980 0.0667
v -0.098389 0.056152 -0.058350 0.9176 0.6745 0.0784
v 0.099365 0.056152 -0.058350 0.9294 0.7568 0.0824
v -0.026611 0.515625 -0.058838 0.7059 0.4823 0.0118
v 0.027100 0.515625 -0.058838 0.7176 0.4980 0.0314
v -0.412842 0.779785 -0.058838 0.7804 0.5569 0.0510
v 0.412842 0.779785 -0.058838 0.8941 0.6667 0.0824
v -0.421143 0.780762 -0.058838 0.6550 0.4432 0.0627
v 0.421143 0.780762 -0.058838 0.7725 0.5490 0.0431
v -0.419190 0.784180 -0.058838 0.7764 0.5412 0.0667
v 0.419190 0.784180 -0.058838 0.8078 0.5921 0.0549
v -0.436279 0.794434 -0.058838 0.8941 0.6941 0.0431
v 0.436768 0.794434 -0.058838 0.7764 0.5451 0.0118
v -0.429443 0.794922 -0.058838 0.7960 0.5725 0.0706
v -0.425049 0.797852 -0.058838 0.8431 0.6276 0.0471
v 0.425537 0.797852 -0.058838 0.6471 0.4275 0.0863
v -0.436768 0.803711 -0.058838 0.8666 0.6471 0.0275
v 0.437256 0.803711 -0.058838 0.8902 0.6785 0.0471
v -0.412842 0.804199 -0.058838 0.8627 0.6354 0.0667
v 0.000244 0.804199 -0.058838 0.6432 0.3882 0.2549
v 0.412842 0.804199 -0.058838 0.8431 0.6276 0.0314
v -0.411865 0.810547 -0.058838 0.8588 0.6393 0.0314
v 0.411865 0.810547 -0.058838 0.8509 0.6354 0.0275
v 0.000244 0.818359 -0.058838 0.6432 0.3882 0.2588
v -0.043701 0.831543 -0.058838 0.6628 0.3843 0.2706
v 0.044189 0.831543 -0.058838 0.6941 0.4314 0.2549
v -0.022705 0.873535 -0.058838 0.3098 0.0824 0.0353
v 0.023682 0.873535 -0.058838 0.2863 0.0824 0.0353
v -0.014404 0.902344 -0.058838 0.3372 0.1098 0.0549
v 0.015381 0.902344 -0.058838 0.3412 0.0980 0.0431
v -0.016357 0.915527 -0.058838 0.3059 0.0902 0.0431
v 0.016846 0.915527 -0.058838 0.3019 0.0863 0.0353
v -0.091064 0.154297 -0.058838 0.9176 0.6941 0.0706
v 0.092041 0.154297 -0.058838 0.9294 0.6980 0.0549
v 0.147705 0.094727 -0.058838 0.0902 0.0784 0.0588
v -0.161377 0.051758 -0.058838 0.9137 0.6902 0.0510
v 0.162354 0.051758 -0.058838 0.9294 0.7098 0.0784
v -0.164307 0.040039 -0.058838 0.9137 0.7020 0.1490
v 0.165283 0.040039 -0.058838 0.5098 0.3647 0.0980
v -0.012939 0.596680 -0.059326 0.7059 0.4823 0.0196
v 0.013428 0.596680 -0.059326 0.7137 0.4823 0.0196
v -0.022217 0.763184 -0.059326 0.6079 0.4353 0.1255
v 0.023193 0.763184 -0.059326 0.1686 0.0941 0.0588
v -0.011475 0.777344 -0.059326 0.6157 0.3686 0.2314
v 0.011963 0.777344 -0.059326 0.6157 0.3686 0.2392
v -0.417725 0.778320 -0.059326 0.6824 0.4589 0.0078
v 0.417725 0.778320 -0.059326 0.8509 0.6236 0.1059
v -0.415772 0.781738 -0.059326 0.7412 0.5216 0.0353
v 0.415772 0.781738 -0.059326 0.8509 0.6236 0.0745
v -0.430908 0.808105 -0.059326 0.8509 0.6393 0.0314
v 0.430908 0.808105 -0.059326 0.8862 0.6785 0.0275
v -0.422607 0.810547 -0.059326 0.8862 0.6745 0.0549
v 0.422607 0.810547 -0.059326 0.8784 0.6667 0.0353
v -0.063232 0.816406 -0.059326 0.6589 0.4078 0.2706
v 0.063721 0.816406 -0.059326 0.6863 0.4235 0.2863
v -0.040283 0.880371 -0.059326 0.3961 0.1255 0.0549
v 0.040771 0.880371 -0.059326 0.3961 0.1098 0.0157
v -0.041748 0.919922 -0.059326 0.3961 0.1373 0.0588
v 0.042236 0.919922 -0.059326 0.3961 0.1373 0.0431
v -0.015869 0.921387 -0.059326 0.3098 0.0902 0.0392
v 0.016846 0.921387 -0.059326 0.3098 0.0941 0.0314
v -0.033936 0.945312 -0.059326 0.4510 0.1765 0.0706
v 0.034424 0.945312 -0.059326 0.4353 0.1608 0.0706
v -0.022705 0.950684 -0.059326 0.4392 0.1530 0.0667
v 0.023193 0.950684 -0.059326 0.3765 0.1137 0.0510
v -0.147705 0.219727 -0.059326 0.6393 0.3843 0.2432
v 0.148682 0.219727 -0.059326 0.6628 0.3961 0.2627
v -0.070068 0.205566 -0.059326 0.6039 0.3412 0.2118
v 0.071045 0.205566 -0.059326 0.6157 0.3451 0.2118
v -0.096436 0.142578 -0.059326 0.0667 0.0627 0.0471
v 0.097412 0.142578 -0.059326 0.0078 0.0078 0.0078
v -0.147705 0.094727 -0.059326 0.0784 0.0667 0.0510
v -0.079834 0.543945 -0.059814 0.7451 0.5137 0.0157
v 0.080322 0.543945 -0.059814 0.7216 0.4941 0.0000
v -0.072021 0.562012 -0.059814 0.7176 0.4823 0.0078
v 0.072998 0.562012 -0.059814 0.7294 0.4980 0.0078
v -0.041260 0.767578 -0.059814 0.1569 0.1137 0.0902
v 0.041748 0.767578 -0.059814 0.9058 0.7568 0.3019
v -0.052490 0.773438 -0.059814 0.4863 0.3059 0.2039
v 0.052979 0.773438 -0.059814 0.9490 0.7490 0.1647
v -0.063721 0.783691 -0.059814 0.6628 0.4118 0.2706
v 0.064209 0.783691 -0.059814 0.6785 0.4078 0.2784
v -0.432861 0.798828 -0.059815 0.8627 0.6471 0.0431
v 0.432861 0.798828 -0.059814 0.8745 0.6471 0.0431
v -0.427490 0.802246 -0.059815 0.8745 0.6550 0.0392
v 0.427979 0.802246 -0.059814 0.9137 0.6863 0.0549
v -0.421143 0.804199 -0.059815 0.8588 0.6510 0.0196
v 0.421143 0.804199 -0.059814 0.8902 0.6589 0.0627
v -0.011475 0.833496 -0.059814 0.6510 0.3961 0.2588
v 0.012451 0.833496 -0.059814 0.6039 0.3608 0.2314
v -0.034912 0.857910 -0.059814 0.2745 0.0824 0.0431
v 0.035400 0.857910 -0.059814 0.2745 0.0745 0.0314
v -0.031006 0.864258 -0.059814 0.2941 0.0824 0.0431
v 0.031494 0.864258 -0.059814 0.3059 0.0863 0.0431
v -0.031494 0.869629 -0.059814 0.3019 0.0784 0.0392
v 0.031982 0.869629 -0.059814 0.3059 0.0863 0.0431
v -0.040771 0.874512 -0.059814 0.3529 0.0941 0.0431
v 0.041260 0.874512 -0.059814 0.4196 0.1333 0.0510
v -0.034912 0.879883 -0.059814 0.3372 0.1176 0.0588
v 0.035889 0.879883 -0.059814 0.4000 0.1294 0.0431
v 0.037354 0.884766 -0.059814 0.3765 0.1098 0.0314
v -0.036377 0.885254 -0.059814 0.3647 0.1294 0.0667
v -0.156982 0.058594 -0.059814 0.8980 0.7176 0.1098
v 0.157959 0.058594 -0.059814 0.9176 0.7137 0.0667
v -0.164307 0.038086 -0.059814 0.1412 0.1137 0.0863
v 0.165283 0.038086 -0.059814 0.1294 0.0784 0.0549
v -0.045654 0.599121 -0.060303 0.7216 0.4902 0.0275
v 0.046143 0.599121 -0.060303 0.6785 0.4510 0.0078
v -0.034912 0.766113 -0.060303 0.9725 0.7333 0.1569
v 0.035400 0.766113 -0.060303 0.9725 0.7294 0.1176
v -0.030029 0.767090 -0.060303 0.8509 0.6667 0.2275
v 0.030518 0.767090 -0.060303 0.1373 0.0784 0.0392
v -0.050049 0.771973 -0.060303 0.6315 0.5216 0.1686
v 0.050537 0.771973 -0.060303 0.9176 0.6393 0.0549
v -0.028076 0.869141 -0.060303 0.2941 0.0824 0.0314
v 0.028564 0.869141 -0.060303 0.2863 0.0824 0.0314
v -0.017822 0.917969 -0.060303 0.2980 0.0902 0.0353
v 0.018799 0.917969 -0.060303 0.3098 0.0863 0.0392
v -0.012451 0.937012 -0.060303 0.3294 0.1020 0.0510
v 0.012939 0.937012 -0.060303 0.3098 0.0980 0.0392
v -0.024658 0.477051 -0.060303 0.6589 0.4432 0.0000
v 0.025146 0.477051 -0.060303 0.6941 0.4706 0.0157
v -0.072021 0.271484 -0.060303 0.6236 0.3843 0.2627
v 0.072510 0.271484 -0.060303 0.6628 0.3568 0.2078
v -0.100342 0.123535 -0.060303 0.0706 0.0667 0.0510
v 0.101318 0.123535 -0.060303 0.0039 0.0039 0.0157
v -0.130615 0.013184 -0.060303 0.1294 0.1020 0.0627
v 0.131592 0.013184 -0.060303 0.1255 0.1098 0.0627
v -0.110107 0.506836 -0.060791 0.5059 0.3216 0.0549
v 0.110596 0.506836 -0.060791 0.4628 0.2902 0.0549
v -0.022217 0.538086 -0.060791 0.6941 0.4784 0.0118
v 0.022705 0.538086 -0.060791 0.7020 0.4745 0.0118
v -0.033447 0.769531 -0.060791 0.9607 0.7412 0.1569
v 0.033936 0.769531 -0.060791 0.1804 0.0941 0.0353
v -0.024658 0.776855 -0.060791 0.6393 0.3647 0.2627
v 0.025146 0.776855 -0.060791 0.6589 0.4000 0.2627
v -0.038818 0.885742 -0.060791 0.4157 0.1490 0.0706
v 0.039795 0.885742 -0.060791 0.4432 0.1530 0.0431
v -0.042725 0.926270 -0.060791 0.3843 0.1412 0.0627
v 0.043213 0.926270 -0.060791 0.2902 0.0980 0.0275
v -0.011963 0.940430 -0.060791 0.3412 0.1059 0.0510
v -0.040771 0.940430 -0.060791 0.4745 0.1765 0.0745
v 0.012451 0.940430 -0.060791 0.3294 0.1020 0.0353
v 0.041260 0.940430 -0.060791 0.4980 0.2078 0.0784
v -0.018311 0.949219 -0.060791 0.3725 0.1020 0.0392
v -0.018799 0.949219 -0.060791 0.3647 0.0980 0.0353
v 0.019287 0.949219 -0.060791 0.3882 0.1451 0.0706
v -0.146729 0.202637 -0.060791 0.6589 0.3921 0.2706
v 0.147705 0.202637 -0.060791 0.6510 0.3921 0.2588
v -0.078857 0.191895 -0.060791 0.6079 0.3372 0.2078
v 0.079346 0.191895 -0.060791 0.6118 0.3412 0.2078
v -0.097900 0.048828 -0.060791 0.3921 0.2510 0.0039
v 0.098877 0.048828 -0.060791 0.8902 0.6902 0.0784
v -0.162842 0.030762 -0.060791 0.1294 0.0980 0.0588
v 0.163818 0.030762 -0.060791 0.1647 0.1333 0.0824
v -0.040771 0.528809 -0.061279 0.6824 0.4589 0.0118
v 0.041260 0.528809 -0.061279 0.6980 0.4706 0.0118
v -0.027588 0.598145 -0.061279 0.7216 0.4980 0.0471
v 0.028076 0.598145 -0.061279 0.6902 0.4550 0.0078
v -0.065186 0.800781 -0.061279 0.6628 0.4039 0.2667
v 0.065674 0.800781 -0.061279 0.6706 0.4039 0.2667
v -0.043701 0.832031 -0.061279 0.5804 0.3568 0.2471
v 0.044189 0.832031 -0.061279 0.7137 0.4628 0.2157
v -0.040283 0.857910 -0.061279 0.2706 0.0745 0.0392
v 0.041260 0.857910 -0.061279 0.2863 0.0824 0.0431
v 0.024170 0.891602 -0.061279 0.2902 0.0784 0.0314
v -0.043701 0.896973 -0.061279 0.2863 0.0941 0.0392
v 0.044189 0.896973 -0.061279 0.3098 0.0902 0.0314
v -0.012451 0.943848 -0.061279 0.4314 0.1412 0.0510
v 0.012939 0.943848 -0.061279 0.3216 0.1020 0.0471
v -0.012451 0.944336 -0.061279 0.3843 0.1216 0.0588
v 0.012939 0.944336 -0.061279 0.3451 0.1176 0.0431
v -0.145264 0.187500 -0.061279 0.6667 0.4039 0.2863
v 0.146240 0.187500 -0.061279 0.6589 0.3961 0.2745
v -0.105713 0.088867 -0.061279 0.0627 0.0627 0.0549
v 0.106689 0.088867 -0.061279 0.0196 0.0196 0.0118
v -0.162354 0.047363 -0.061279 0.6393 0.4550 0.1294
v 0.163330 0.047363 -0.061279 0.6550 0.5019 0.1843
v -0.072021 0.530762 -0.061768 0.7333 0.5019 0.0196
v 0.072510 0.530762 -0.061768 0.7412 0.5137 0.0157
v -0.068604 0.539551 -0.061768 0.7216 0.4980 0.0431
v 0.069092 0.539551 -0.061768 0.7294 0.5059 0.0392
v 0.000244 0.550781 -0.061768 0.7255 0.5059 0.0314
v -0.038330 0.773438 -0.061768 0.8862 0.6276 0.0667
v 0.038818 0.773438 -0.061768 0.4550 0.3529 0.0784
v -0.034912 0.773926 -0.061768 0.5490 0.3647 0.1020
v 0.035889 0.773926 -0.061768 0.6315 0.3804 0.2353
v -0.011963 0.790039 -0.061768 0.6393 0.3882 0.2510
v 0.012451 0.790039 -0.061768 0.6315 0.3843 0.2549
v -0.041260 0.832520 -0.061768 0.3255 0.1922 0.1059
v 0.041748 0.832520 -0.061768 0.7137 0.4863 0.1686
v -0.030518 0.833496 -0.061768 0.4784 0.2706 0.1686
v 0.031006 0.833496 -0.061768 0.1804 0.0941 0.0706
v -0.024658 0.869141 -0.061768 0.2902 0.0784 0.0353
v 0.025146 0.869141 -0.061768 0.2902 0.0784 0.0314
v -0.020752 0.886230 -0.061768 0.3137 0.0863 0.0392
v 0.021240 0.886230 -0.061768 0.3059 0.0824 0.0392
v -0.023682 0.891602 -0.061768 0.2863 0.0784 0.0353
v 0.017822 0.896484 -0.061768 0.3059 0.0824 0.0353
v -0.011963 0.933105 -0.061768 0.3216 0.0941 0.0392
v 0.012451 0.933105 -0.061768 0.3216 0.1020 0.0471
v -0.014404 0.947754 -0.061768 0.3765 0.1098 0.0353
v 0.015381 0.947754 -0.061768 0.3843 0.1294 0.0431
v -0.105225 0.104492 -0.061768 0.0627 0.0510 0.0588
v 0.106201 0.104492 -0.061768 0.0196 0.0196 0.0196
v -0.147705 0.080078 -0.061768 0.0431 0.0353 0.0588
v 0.148682 0.080078 -0.061768 0.0431 0.0392 0.0706
v -0.101318 0.062988 -0.061768 0.6745 0.4941 0.0627
v 0.102783 0.062988 -0.061768 0.1176 0.0784 0.0235
v -0.160400 0.026367 -0.061768 0.1059 0.0784 0.0314
v 0.161377 0.026367 -0.061768 0.1098 0.0863 0.0314
v -0.028076 0.505859 -0.062256 0.7020 0.4745 0.0039
v 0.029053 0.505859 -0.062256 0.7137 0.4902 0.0039
v -0.091553 0.538086 -0.062256 0.7255 0.4823 0.0118
v 0.092529 0.538086 -0.062256 0.7176 0.5019 0.0078
v -0.067139 0.550781 -0.062256 0.6824 0.4550 0.0196
v 0.067627 0.550781 -0.062256 0.7216 0.4863 0.0078
v -0.033936 0.789062 -0.062256 0.1647 0.0902 0.0824
v 0.034424 0.789062 -0.062256 0.6550 0.4000 0.2432
v -0.024170 0.833984 -0.062256 0.6315 0.3765 0.2588
v 0.024658 0.833984 -0.062256 0.6118 0.3568 0.2353
v -0.030029 0.859863 -0.062256 0.2863 0.0824 0.0353
v 0.030518 0.859863 -0.062256 0.2823 0.0745 0.0314
v -0.017334 0.896484 -0.062256 0.3176 0.0941 0.0392
v -0.042725 0.902832 -0.062256 0.4078 0.1412 0.0588
v 0.043213 0.902832 -0.062256 0.4157 0.1530 0.0706
v -0.011475 0.927734 -0.062256 0.3216 0.0941 0.0392
v 0.012451 0.927734 -0.062256 0.3176 0.0980 0.0431
v -0.030518 0.949707 -0.062256 0.3686 0.1176 0.0392
v 0.031006 0.949707 -0.062256 0.4353 0.1569 0.0627
v -0.121826 0.466309 -0.062256 0.6785 0.4471 0.0392
v -0.086670 0.179688 -0.062256 0.6354 0.3608 0.2235
v 0.087158 0.179688 -0.062256 0.6197 0.3568 0.2196
v -0.144287 0.175293 -0.062256 0.1373 0.1059 0.0431
v 0.145264 0.175293 -0.062256 0.1530 0.1098 0.0275
v -0.097900 0.042480 -0.062256 0.8274 0.6236 0.1569
v 0.098877 0.042480 -0.062256 0.9372 0.7255 0.0745
v -0.162354 0.041504 -0.062256 0.9411 0.7137 0.0941
v 0.163330 0.041504 -0.062256 0.9647 0.7764 0.1373
v -0.103271 0.522461 -0.062744 0.4902 0.2980 0.0000
v 0.103760 0.522461 -0.062744 0.7255 0.4863 0.0157
v -0.082275 0.533203 -0.062744 0.7294 0.4941 0.0196
v 0.083252 0.533203 -0.062744 0.7333 0.5019 0.0157
v -0.056885 0.533691 -0.062744 0.7294 0.4980 0.0314
v 0.057373 0.533691 -0.062744 0.7333 0.5059 0.0235
v -0.008057 0.550781 -0.062744 0.7020 0.4863 0.0000
v 0.008545 0.550781 -0.062744 0.7216 0.4941 0.0078
v -0.011963 0.818848 -0.062744 0.6393 0.3804 0.2510
v 0.012451 0.818848 -0.062744 0.6197 0.3725 0.2314
v -0.033936 0.833496 -0.062744 0.7412 0.4784 0.1686
v 0.034424 0.833496 -0.062744 0.5255 0.3098 0.1216
v -0.019287 0.880371 -0.062744 0.3098 0.0941 0.0431
v 0.020264 0.880371 -0.062744 0.3059 0.0902 0.0353
v -0.040771 0.890625 -0.062744 0.4196 0.1490 0.0667
v 0.041260 0.890625 -0.062744 0.4314 0.1530 0.0667
v 0.122314 0.466309 -0.062744 0.6471 0.4235 0.0627
v -0.091064 0.169922 -0.062744 0.2392 0.1686 0.0627
v 0.091553 0.169922 -0.062744 0.1373 0.0902 0.0627
v -0.158447 0.058105 -0.062744 0.8980 0.6863 0.0627
v 0.159912 0.058105 -0.062744 0.8862 0.7137 0.0549
v -0.096924 0.041504 -0.062744 0.4196 0.2941 0.0510
v 0.097900 0.041504 -0.062744 0.7921 0.6236 0.1647
v -0.146240 0.013672 -0.062744 0.1294 0.1020 0.0627
v 0.147217 0.013672 -0.062744 0.0980 0.0824 0.0314
v -0.049561 0.786133 -0.063232 0.6039 0.3765 0.2549
v 0.050049 0.786133 -0.063232 0.5961 0.4550 0.1294
v -0.011963 0.804199 -0.063232 0.6510 0.3921 0.2549
v 0.012451 0.804199 -0.063232 0.6276 0.3804 0.2432
v -0.049561 0.817383 -0.063232 0.6432 0.3921 0.2549
v 0.050049 0.817383 -0.063232 0.5961 0.3568 0.2863
v -0.031494 0.833984 -0.063232 0.6276 0.3725 0.2275
v 0.031982 0.833984 -0.063232 0.2941 0.1412 0.0941
v -0.028564 0.849121 -0.063232 0.2941 0.0784 0.0314
v 0.029053 0.849121 -0.063232 0.3019 0.0824 0.0431
v -0.033936 0.854004 -0.063232 0.2823 0.0824 0.0353
v 0.034424 0.854004 -0.063232 0.2980 0.0784 0.0392
v -0.029053 0.864746 -0.063232 0.2902 0.0824 0.0314
v 0.029541 0.864746 -0.063232 0.2902 0.0784 0.0392
v -0.020752 0.875000 -0.063232 0.3216 0.0863 0.0431
v 0.021240 0.875000 -0.063232 0.3137 0.0863 0.0314
v -0.044678 0.880371 -0.063232 0.4235 0.1333 0.0471
v 0.045654 0.880371 -0.063232 0.4628 0.1647 0.0824
v -0.043701 0.886230 -0.063232 0.5216 0.1922 0.0824
v 0.044189 0.886230 -0.063232 0.5137 0.2078 0.0980
v -0.046143 0.908203 -0.063232 0.4039 0.1490 0.0549
v 0.046631 0.908203 -0.063232 0.4432 0.1647 0.0667
v -0.124268 0.467773 -0.063232 0.6000 0.3804 0.0353
v -0.146240 0.173340 -0.063232 0.8627 0.6941 0.1059
v 0.147217 0.173340 -0.063232 0.8941 0.7372 0.0706
v -0.089600 0.167480 -0.063232 0.8862 0.6628 0.1216
v 0.090576 0.167480 -0.063232 0.8666 0.6432 0.0902
v -0.089600 0.164551 -0.063232 0.5098 0.3333 0.0275
v 0.090576 0.164551 -0.063232 0.6039 0.4078 0.0431
v -0.096924 0.039551 -0.063232 0.1294 0.1020 0.0549
v 0.097900 0.039551 -0.063232 0.1530 0.1059 0.0275
v -0.058350 0.524902 -0.063721 0.7294 0.5137 0.0196
v 0.058838 0.524902 -0.063721 0.7216 0.4941 0.0078
v -0.055908 0.543945 -0.063721 0.7568 0.5255 0.0235
v 0.056885 0.543945 -0.063721 0.7333 0.5019 0.0196
v -0.024658 0.789551 -0.063721 0.6354 0.3725 0.2588
v 0.025146 0.789551 -0.063721 0.6745 0.4196 0.2706
v -0.044678 0.817383 -0.063721 0.4745 0.2980 0.2157
v 0.045654 0.817383 -0.063721 0.7490 0.5725 0.1216
v -0.030029 0.854492 -0.063721 0.2902 0.0824 0.0353
v 0.030518 0.854492 -0.063721 0.2941 0.0824 0.0392
v -0.043701 0.870605 -0.063721 0.3843 0.1059 0.0392
v 0.044189 0.870605 -0.063721 0.4510 0.1569 0.0706
v -0.044189 0.874512 -0.063721 0.4078 0.1176 0.0353
v 0.044678 0.874512 -0.063721 0.4275 0.1373 0.0706
v -0.012939 0.921875 -0.063721 0.3098 0.0902 0.0392
v 0.013428 0.921875 -0.063721 0.3255 0.0980 0.0431
v -0.038330 0.944336 -0.063721 0.5451 0.2392 0.1294
v 0.038818 0.944336 -0.063721 0.4863 0.1882 0.0627
v 0.124756 0.467773 -0.063721 0.5451 0.3451 0.0039
v -0.099365 0.062500 -0.063721 0.9294 0.6863 0.0706
v 0.100830 0.062500 -0.063721 0.9294 0.7568 0.1255
v -0.154541 0.017090 -0.063721 0.0471 0.0353 0.0196
v 0.156006 0.017090 -0.063721 0.0275 0.0157 0.0000
v -0.151123 0.014648 -0.063721 0.1255 0.1020 0.0627
v 0.152588 0.014648 -0.063721 0.1530 0.1255 0.0784
v -0.043213 0.520508 -0.064209 0.7412 0.5176 0.0118
v 0.043701 0.520508 -0.064209 0.7020 0.4823 0.0039
v -0.037354 0.540527 -0.064209 0.7059 0.4784 0.0039
v 0.037842 0.540527 -0.064209 0.7333 0.5019 0.0275
v -0.048584 0.582031 -0.064209 0.7098 0.4706 0.0235
v 0.049072 0.582031 -0.064209 0.7098 0.4863 0.0196
v -0.045654 0.785156 -0.064209 0.9176 0.7686 0.2157
v 0.046631 0.785156 -0.064209 0.9411 0.6863 0.0824
v -0.048584 0.785645 -0.064209 0.2000 0.1176 0.0706
v 0.049072 0.785645 -0.064209 0.9215 0.7255 0.1020
v -0.024170 0.854980 -0.064209 0.3137 0.0863 0.0431
v 0.024658 0.854980 -0.064209 0.3059 0.0824 0.0392
v -0.044678 0.864258 -0.064209 0.3725 0.1059 0.0314
v 0.045166 0.864258 -0.064209 0.3843 0.1137 0.0431
v -0.018799 0.890625 -0.064209 0.3019 0.0863 0.0353
v 0.019775 0.890625 -0.064209 0.3019 0.0863 0.0392
v -0.015869 0.915039 -0.064209 0.3137 0.0902 0.0431
v -0.047119 0.915039 -0.064209 0.5569 0.2235 0.1059
v 0.016357 0.915039 -0.064209 0.3137 0.0863 0.0392
v 0.047607 0.915039 -0.064209 0.6000 0.2745 0.1333
v 0.148682 0.170898 -0.064209 0.7608 0.5216 0.1255
v -0.147705 0.170410 -0.064209 0.7804 0.5530 0.1490
v -0.153076 0.065430 -0.064209 0.8980 0.6824 0.0588
v 0.154053 0.065430 -0.064209 0.9058 0.7137 0.0784
v -0.022705 0.849609 -0.064697 0.3098 0.0863 0.0235
v 0.023682 0.849609 -0.064697 0.3059 0.0824 0.0431
v -0.013916 0.910156 -0.064697 0.3529 0.1098 0.0588
v 0.014404 0.910156 -0.064697 0.3568 0.1098 0.0549
v -0.042725 0.932617 -0.064697 0.4196 0.1647 0.0784
v 0.043213 0.932617 -0.064697 0.4314 0.1647 0.0627
v -0.011475 0.937012 -0.064697 0.3412 0.1098 0.0431
v 0.011963 0.937012 -0.064697 0.3608 0.1098 0.0549
v -0.011475 0.939941 -0.064697 0.3529 0.1098 0.0431
v 0.011963 0.939941 -0.064697 0.3647 0.1137 0.0510
v -0.147217 0.160156 -0.064697 0.9215 0.6706 0.0667
v 0.148193 0.160156 -0.064697 0.9372 0.6824 0.0863
v -0.097900 0.032715 -0.064697 0.1137 0.0980 0.0627
v 0.098877 0.032715 -0.064697 0.0980 0.0784 0.0549
v -0.072021 0.517090 -0.065186 0.7764 0.5451 0.0157
v 0.072510 0.517090 -0.065186 0.7412 0.5098 0.0353
v -0.019287 0.551758 -0.065186 0.6980 0.4784 0.0118
v 0.019775 0.551758 -0.065186 0.7333 0.5098 0.0118
v 0.000244 0.565918 -0.065186 0.7568 0.5333 0.0549
v -0.032471 0.803223 -0.065186 0.1490 0.0941 0.0784
v 0.032959 0.803223 -0.065186 0.6667 0.4118 0.2549
v -0.044189 0.817871 -0.065186 0.2432 0.1216 0.0588
v 0.045166 0.817871 -0.065186 0.8784 0.6706 0.0941
v -0.031494 0.818359 -0.065186 0.2549 0.1373 0.0588
v 0.031982 0.818359 -0.065186 0.6236 0.3725 0.2510
v -0.028564 0.843750 -0.065186 0.3019 0.0824 0.0235
v 0.029053 0.843750 -0.065186 0.3019 0.0824 0.0353
v -0.043213 0.854004 -0.065186 0.3137 0.0824 0.0275
v 0.043701 0.854004 -0.065186 0.3294 0.0980 0.0431
v -0.026123 0.860352 -0.065186 0.3019 0.0824 0.0353
v 0.026611 0.860352 -0.065186 0.2941 0.0784 0.0314
v -0.022705 0.870605 -0.065186 0.3176 0.0902 0.0431
v 0.023682 0.870605 -0.065186 0.3059 0.0863 0.0275
v -0.044678 0.921387 -0.065186 0.5764 0.2549 0.1333
v 0.045166 0.921387 -0.065186 0.5608 0.2510 0.1059
v -0.041260 0.924805 -0.065186 0.4078 0.1451 0.0549
v 0.041748 0.924805 -0.065186 0.4118 0.1490 0.0549
v -0.025146 0.950195 -0.065186 0.4392 0.1490 0.0392
v 0.025635 0.950195 -0.065186 0.3804 0.1216 0.0510
v -0.029053 0.495117 -0.065186 0.7568 0.5255 0.0118
v 0.029541 0.495117 -0.065186 0.7568 0.5333 0.0157
v -0.100342 0.028320 -0.065186 0.1020 0.0863 0.0510
v 0.101318 0.028320 -0.065186 0.0824 0.0667 0.0314
v -0.052002 0.553711 -0.065674 0.7372 0.5019 0.0157
v 0.052979 0.553711 -0.065674 0.6902 0.4589 0.0039
v -0.006592 0.565918 -0.065674 0.7333 0.4980 0.0275
v 0.007080 0.565918 -0.065674 0.7137 0.4863 0.0039
v 0.000244 0.580566 -0.065674 0.7451 0.5176 0.0275
v -0.034424 0.788086 -0.065674 0.3019 0.2078 0.0706
v -0.036865 0.788086 -0.065674 0.9098 0.7098 0.0588
v 0.034912 0.788086 -0.065674 0.6471 0.3961 0.2353
v 0.037354 0.788086 -0.065674 0.1294 0.0588 0.0000
v -0.046143 0.802246 -0.065674 0.4706 0.2980 0.2078
v -0.050049 0.802246 -0.065674 0.6432 0.4000 0.2549
v 0.047119 0.802246 -0.065674 0.7294 0.5686 0.2235
v 0.050537 0.802246 -0.065674 0.4235 0.2549 0.2353
v -0.041748 0.817871 -0.065674 0.7098 0.5569 0.1490
v 0.042725 0.817871 -0.065674 0.9058 0.6863 0.1059
v -0.024170 0.818848 -0.065674 0.6276 0.3529 0.2510
v 0.025146 0.818848 -0.065674 0.6628 0.4039 0.2588
v -0.038818 0.854492 -0.065674 0.2980 0.0824 0.0314
v 0.039307 0.854492 -0.065674 0.3098 0.0902 0.0549
v -0.042725 0.859375 -0.065674 0.3568 0.1020 0.0235
v 0.043213 0.859375 -0.065674 0.3098 0.0902 0.0235
v -0.026123 0.864746 -0.065674 0.2902 0.0784 0.0314
v 0.026611 0.864746 -0.065674 0.2980 0.0784 0.0392
v -0.027588 0.464355 -0.065674 0.6824 0.4628 0.0078
v 0.028564 0.464355 -0.065674 0.7020 0.4823 0.0078
v -0.118408 0.281250 -0.065674 0.6550 0.3921 0.2510
v 0.119385 0.281250 -0.065674 0.6589 0.4118 0.2745
v -0.135986 0.261719 -0.065674 0.6589 0.4000 0.2627
v 0.136963 0.261719 -0.065674 0.6628 0.4039 0.2706
v -0.051025 0.566406 -0.066162 0.7216 0.4902 0.0196
v 0.051514 0.566406 -0.066162 0.7176 0.4863 0.0078
v 0.006104 0.580566 -0.066162 0.7216 0.4902 0.0314
v -0.005127 0.581055 -0.066162 0.7412 0.5137 0.0196
v -0.014404 0.581055 -0.066162 0.7372 0.5019 0.0275
v 0.014893 0.581055 -0.066162 0.7137 0.4863 0.0118
v -0.029541 0.582031 -0.066162 0.7451 0.5137 0.0157
v 0.030029 0.582031 -0.066162 0.7333 0.5098 0.0275
v -0.024658 0.803711 -0.066162 0.6628 0.3921 0.2784
v 0.025146 0.803711 -0.066162 0.6785 0.4235 0.2667
v -0.034912 0.818359 -0.066162 0.8902 0.6550 0.0902
v 0.035400 0.818359 -0.066162 0.2392 0.1530 0.0235
v -0.037354 0.848633 -0.066162 0.2941 0.0824 0.0353
v 0.037842 0.848633 -0.066162 0.2941 0.0745 0.0275
v -0.032471 0.849609 -0.066162 0.2902 0.0824 0.0392
v 0.032959 0.849609 -0.066162 0.2902 0.0745 0.0235
v -0.021729 0.875488 -0.066162 0.3372 0.0980 0.0431
v 0.022217 0.875488 -0.066162 0.3255 0.0941 0.0471
v -0.022217 0.886230 -0.066162 0.3019 0.0784 0.0314
v 0.022705 0.886230 -0.066162 0.3098 0.0863 0.0314
v -0.014893 0.902832 -0.066162 0.4157 0.1373 0.0706
v 0.015381 0.902832 -0.066162 0.4157 0.1412 0.0706
v -0.010986 0.933594 -0.066162 0.3451 0.1098 0.0471
v 0.011475 0.933594 -0.066162 0.3568 0.1137 0.0549
v -0.012451 0.943359 -0.066162 0.3961 0.1294 0.0667
v 0.012939 0.943359 -0.066162 0.3961 0.1412 0.0549
v -0.124756 0.456543 -0.066162 0.1176 0.0745 0.0392
v 0.125732 0.456543 -0.066162 0.1216 0.0863 0.0667
v -0.102783 0.069336 -0.066162 0.8470 0.6276 0.1216
v -0.057861 0.513672 -0.066650 0.7176 0.4863 0.0000
v 0.058350 0.513672 -0.066650 0.6941 0.4706 0.0118
v -0.034424 0.552734 -0.066650 0.7608 0.5333 0.0471
v 0.034912 0.552734 -0.066650 0.7098 0.4823 0.0078
v -0.016846 0.566406 -0.066650 0.7020 0.4745 0.0118
v 0.017334 0.566406 -0.066650 0.7451 0.5176 0.0235
v -0.045654 0.802246 -0.066650 0.2157 0.1530 0.1020
v 0.046143 0.802246 -0.066650 0.9294 0.7216 0.1294
v -0.032471 0.818848 -0.066650 0.8078 0.5921 0.1686
v 0.032959 0.818848 -0.066650 0.6118 0.3647 0.2275
v -0.023193 0.844238 -0.066650 0.2980 0.0863 0.0353
v -0.036865 0.844238 -0.066650 0.2823 0.0824 0.0314
v 0.024170 0.844238 -0.066650 0.2980 0.0824 0.0431
v 0.037354 0.844238 -0.066650 0.2784 0.0784 0.0314
v -0.037842 0.852051 -0.066650 0.2941 0.0824 0.0353
v -0.037842 0.852539 -0.066650 0.2980 0.0824 0.0353
v 0.038330 0.852539 -0.066650 0.2980 0.0824 0.0353
v -0.041748 0.896973 -0.066650 0.4471 0.1647 0.0784
v 0.042236 0.896973 -0.066650 0.4471 0.1686 0.0824
v -0.040771 0.939941 -0.066650 0.5019 0.1961 0.0863
v 0.041748 0.939941 -0.066650 0.5569 0.2588 0.1294
v 0.041748 0.940430 -0.066650 0.5686 0.2510 0.1294
v -0.020264 0.948242 -0.066650 0.4157 0.1137 0.0235
v 0.020752 0.948242 -0.066650 0.3843 0.1255 0.0471
v -0.029541 0.480469 -0.066650 0.7412 0.5137 0.0118
v 0.030518 0.480469 -0.066650 0.7137 0.4823 0.0118
v 0.104248 0.069336 -0.066650 0.2784 0.1961 0.0157
v -0.155029 0.064941 -0.066650 0.8902 0.6589 0.0745
v 0.156006 0.064941 -0.066650 0.8862 0.6980 0.0627
v -0.043213 0.509766 -0.067139 0.7216 0.4980 0.0039
v 0.044189 0.509766 -0.067139 0.7255 0.4980 0.0039
v 0.085205 0.519043 -0.067139 0.7137 0.4902 0.0314
v -0.043213 0.802246 -0.067139 0.8078 0.6589 0.2902
v 0.043701 0.802246 -0.067139 0.9333 0.7216 0.0902
v -0.040771 0.836914 -0.067139 0.2941 0.0824 0.0353
v 0.041260 0.836914 -0.067139 0.3019 0.0863 0.0431
v -0.021240 0.864258 -0.067139 0.3176 0.0902 0.0431
v 0.021729 0.864258 -0.067139 0.2941 0.0784 0.0353
v -0.015381 0.946777 -0.067139 0.3804 0.0824 0.0078
v 0.015869 0.946777 -0.067139 0.4078 0.1530 0.0627
v -0.113037 0.494629 -0.067139 0.4353 0.2784 0.0196
v 0.113525 0.494629 -0.067139 0.4471 0.2980 0.0667
v -0.127686 0.458008 -0.067139 0.1255 0.0784 0.0510
v 0.128174 0.458008 -0.067139 0.1294 0.0863 0.0588
v -0.105225 0.018555 -0.067139 0.1176 0.1059 0.0745
v 0.106201 0.018555 -0.067139 0.0667 0.0510 0.0157
v -0.084717 0.519043 -0.067627 0.7020 0.4667 0.0157
v -0.031982 0.567383 -0.067627 0.7059 0.4784 0.0157
v 0.032471 0.567383 -0.067627 0.6902 0.4667 0.0118
v -0.035889 0.802734 -0.067627 0.9098 0.6941 0.1020
v 0.036377 0.802734 -0.067627 0.1569 0.0824 0.0118
v -0.033447 0.803223 -0.067627 0.8274 0.6667 0.1882
v 0.033936 0.803223 -0.067627 0.6471 0.4000 0.2549
v -0.029053 0.840332 -0.067627 0.2941 0.0784 0.0431
v 0.029541 0.840332 -0.067627 0.2823 0.0784 0.0275
v -0.031982 0.844727 -0.067627 0.2941 0.0824 0.0392
v 0.032471 0.844727 -0.067627 0.2863 0.0784 0.0314
v -0.043701 0.892578 -0.067627 0.4589 0.1490 0.0392
v 0.044189 0.892578 -0.067627 0.4510 0.1686 0.0706
v -0.014404 0.896973 -0.067627 0.3921 0.1255 0.0588
v 0.015381 0.896973 -0.067627 0.3921 0.1294 0.0627
v -0.040283 0.903809 -0.067627 0.2823 0.0863 0.0275
v -0.040771 0.903809 -0.067627 0.3568 0.1255 0.0471
v 0.041260 0.903809 -0.067627 0.2902 0.1059 0.0431
v -0.016846 0.911133 -0.067627 0.2980 0.0824 0.0471
v 0.017334 0.911133 -0.067627 0.3059 0.0824 0.0392
v -0.010498 0.928711 -0.067627 0.3333 0.1020 0.0431
v 0.010986 0.928711 -0.067627 0.3490 0.1137 0.0471
v -0.011475 0.937988 -0.067627 0.3568 0.1137 0.0549
v 0.011963 0.937988 -0.067627 0.3568 0.1176 0.0510
v -0.072021 0.250488 -0.067627 0.6197 0.3843 0.2667
v 0.072998 0.250488 -0.067627 0.6510 0.3568 0.2039
v -0.159424 0.051270 -0.067627 0.7686 0.5333 0.0706
v 0.160400 0.051270 -0.067627 0.8078 0.5725 0.1255
v -0.108643 0.016113 -0.067627 0.1490 0.1333 0.0980
v 0.109619 0.016113 -0.067627 0.0824 0.0667 0.0275
v -0.095459 0.522461 -0.068115 0.7490 0.5059 0.0039
v 0.095947 0.522461 -0.068115 0.7372 0.5019 0.0275
v -0.040283 0.840820 -0.068115 0.2980 0.0863 0.0392
v 0.040771 0.840820 -0.068115 0.2980 0.0863 0.0353
v -0.041260 0.848145 -0.068115 0.3098 0.0784 0.0196
v 0.041748 0.848145 -0.068115 0.3412 0.1020 0.0431
v -0.022217 0.880371 -0.068115 0.3255 0.0902 0.0392
v 0.022705 0.880859 -0.068115 0.3255 0.0941 0.0431
v -0.033936 0.947754 -0.068115 0.4902 0.1961 0.0784
v 0.034912 0.947754 -0.068115 0.4941 0.1765 0.0588
v -0.148193 0.072754 -0.068115 0.8745 0.7098 0.0745
v 0.149170 0.072754 -0.068115 0.9019 0.7059 0.0549
v -0.040771 0.832520 -0.068604 0.2941 0.0824 0.0431
v 0.041748 0.832520 -0.068604 0.2902 0.0902 0.0353
v -0.044678 0.838379 -0.068604 0.3098 0.0902 0.0392
v 0.045654 0.838379 -0.068604 0.3137 0.0902 0.0431
v -0.036865 0.840332 -0.068604 0.2863 0.0824 0.0314
v 0.034424 0.840820 -0.068604 0.2823 0.0824 0.0314
v -0.032471 0.841309 -0.068604 0.2902 0.0784 0.0314
v -0.040771 0.844727 -0.068604 0.3059 0.0824 0.0275
v 0.041260 0.844727 -0.068604 0.3098 0.0863 0.0196
v -0.021729 0.855469 -0.068604 0.3176 0.0902 0.0431
v 0.022217 0.855469 -0.068604 0.3137 0.0863 0.0353
v -0.024658 0.859863 -0.068604 0.3059 0.0863 0.0392
v 0.025146 0.859863 -0.068604 0.2980 0.0784 0.0392
v -0.045654 0.886719 -0.068604 0.3921 0.1255 0.0588
v 0.046631 0.886719 -0.068604 0.4823 0.1843 0.0863
v -0.015381 0.890625 -0.068604 0.3529 0.1059 0.0510
v 0.016357 0.890625 -0.068604 0.3294 0.0980 0.0431
v -0.044189 0.908203 -0.068604 0.3843 0.1255 0.0392
v 0.044678 0.908203 -0.068604 0.3765 0.1412 0.0784
v -0.032471 0.449707 -0.068604 0.1216 0.0471 0.0039
v 0.033447 0.449707 -0.068604 0.1725 0.0667 0.0000
v -0.043213 0.841797 -0.069092 0.3137 0.0863 0.0392
v 0.043701 0.841797 -0.069092 0.3137 0.0902 0.0353
v -0.041748 0.870117 -0.069092 0.3529 0.1059 0.0392
v 0.042236 0.870117 -0.069092 0.3294 0.1020 0.0392
v -0.138428 0.095703 -0.069092 0.0392 0.0353 0.0471
v 0.139404 0.095703 -0.069092 0.1294 0.0902 0.0667
v -0.101318 0.068848 -0.069092 0.9019 0.6785 0.1098
v 0.102783 0.068848 -0.069092 0.9215 0.7137 0.0745
v -0.072021 0.503906 -0.069580 0.7804 0.5530 0.0196
v 0.072510 0.503906 -0.069580 0.7255 0.4941 0.0196
v -0.105713 0.508301 -0.069580 0.5686 0.3608 0.0078
v 0.106201 0.508301 -0.069580 0.7451 0.5137 0.0196
v -0.025146 0.840820 -0.069580 0.2980 0.0824 0.0275
v 0.025635 0.840820 -0.069580 0.2863 0.0745 0.0275
v -0.020264 0.850586 -0.069580 0.3216 0.0902 0.0392
v 0.020752 0.850586 -0.069580 0.3059 0.0902 0.0353
v -0.048096 0.854980 -0.069580 0.3961 0.1216 0.0431
v 0.048584 0.854980 -0.069580 0.3333 0.0902 0.0196
v -0.045654 0.860352 -0.069580 0.4510 0.1373 0.0471
v 0.046631 0.860352 -0.069580 0.4000 0.1294 0.0431
v -0.043213 0.864258 -0.069580 0.4235 0.1294 0.0431
v 0.043701 0.864258 -0.069580 0.3961 0.1294 0.0392
v -0.046143 0.880371 -0.069580 0.3961 0.1333 0.0588
v 0.046631 0.880371 -0.069580 0.4667 0.1647 0.0941
v -0.010986 0.922363 -0.069580 0.3294 0.0980 0.0431
v 0.011963 0.922363 -0.069580 0.3451 0.1020 0.0431
v -0.085693 0.276367 -0.069580 0.6706 0.4196 0.2784
v 0.086670 0.276367 -0.069580 0.6471 0.4000 0.2667
v -0.138916 0.131348 -0.069580 0.0588 0.0471 0.0275
v 0.139893 0.131348 -0.069580 0.0824 0.0745 0.0510
v -0.105225 0.075684 -0.069580 0.8784 0.6471 0.0784
v 0.106201 0.075684 -0.069580 0.1530 0.0980 0.0275
v -0.099854 0.061035 -0.069580 0.7960 0.5961 0.1020
v 0.100830 0.061035 -0.069580 0.6824 0.5098 0.0471
v -0.045654 0.833496 -0.070068 0.2980 0.0784 0.0353
v 0.046143 0.833496 -0.070068 0.3019 0.0863 0.0392
v -0.029541 0.837402 -0.070068 0.2902 0.0784 0.0314
v -0.033936 0.837402 -0.070068 0.2823 0.0784 0.0314
v -0.036865 0.837402 -0.070068 0.2863 0.0784 0.0314
v 0.030029 0.837402 -0.070068 0.2863 0.0745 0.0353
v 0.034424 0.837402 -0.070068 0.2823 0.0824 0.0314
v 0.037354 0.837402 -0.070068 0.2902 0.0824 0.0275
v -0.021240 0.859863 -0.070068 0.3176 0.0863 0.0392
v 0.021729 0.859863 -0.070068 0.3019 0.0824 0.0314
v -0.043213 0.874023 -0.070068 0.3019 0.0941 0.0314
v 0.043701 0.874023 -0.070068 0.3019 0.0980 0.0431
v -0.018311 0.885254 -0.070068 0.3137 0.0863 0.0392
v -0.018311 0.907715 -0.070068 0.3176 0.0980 0.0431
v 0.018799 0.907715 -0.070068 0.3216 0.0980 0.0431
v -0.040771 0.934570 -0.070068 0.3255 0.1176 0.0353
v 0.041260 0.934570 -0.070068 0.3882 0.1373 0.0510
v -0.103271 0.278809 -0.070068 0.6471 0.3882 0.2510
v 0.103760 0.278809 -0.070068 0.6432 0.3921 0.2549
v -0.136963 0.111328 -0.070068 0.0627 0.0471 0.0353
v 0.137939 0.111328 -0.070068 0.0706 0.0706 0.0588
v -0.159912 0.043945 -0.070068 0.9529 0.7098 0.0745
v 0.160889 0.043945 -0.070068 0.9647 0.7843 0.1725
v -0.113525 0.015625 -0.070068 0.1098 0.0980 0.0627
v 0.114502 0.015625 -0.070068 0.1490 0.1176 0.0745
v -0.062744 0.500488 -0.070557 0.7372 0.5059 0.0118
v 0.063232 0.500488 -0.070557 0.7137 0.4823 0.0078
v -0.036865 0.832520 -0.070557 0.2784 0.0824 0.0392
v 0.037354 0.832520 -0.070557 0.2823 0.0824 0.0392
v -0.047119 0.848633 -0.070557 0.3098 0.0745 0.0235
v 0.047607 0.848633 -0.070557 0.3333 0.0941 0.0392
v 0.018799 0.885254 -0.070557 0.3137 0.0902 0.0392
v -0.046143 0.915039 -0.070557 0.5019 0.1961 0.0863
v 0.046631 0.915039 -0.070557 0.4589 0.1686 0.0588
v -0.012451 0.916016 -0.070557 0.3255 0.0902 0.0392
v 0.012939 0.916016 -0.070557 0.3255 0.0941 0.0392
v 0.040283 0.927734 -0.070557 0.4745 0.1804 0.0588
v -0.010986 0.934570 -0.070557 0.3568 0.1137 0.0471
v 0.011963 0.934570 -0.070557 0.3568 0.1137 0.0431
v -0.012451 0.940918 -0.070557 0.4196 0.1451 0.0627
v 0.013428 0.940918 -0.070557 0.4275 0.1373 0.0745
v -0.030029 0.450195 -0.070557 0.8235 0.5961 0.0235
v 0.031006 0.450195 -0.070557 0.7686 0.5451 0.0196
v -0.140381 0.150391 -0.070557 0.1098 0.0824 0.0392
v 0.141357 0.150391 -0.070557 0.1098 0.0745 0.0549
v -0.149658 0.072266 -0.070557 0.8627 0.6550 0.0431
v -0.160889 0.042969 -0.070557 0.9176 0.6980 0.1922
v 0.161865 0.042969 -0.070557 0.6706 0.5019 0.1804
v -0.080811 0.503418 -0.071045 0.7490 0.5137 0.0078
v 0.081299 0.503418 -0.071045 0.7059 0.4902 0.0000
v -0.044189 0.845215 -0.071045 0.3176 0.0902 0.0235
v 0.045166 0.845215 -0.071045 0.3490 0.0980 0.0235
v -0.017334 0.870605 -0.071045 0.3608 0.1098 0.0510
v 0.017822 0.870605 -0.071045 0.3529 0.1020 0.0510
v -0.019287 0.875977 -0.071045 0.3804 0.1216 0.0549
v 0.019775 0.875977 -0.071045 0.3490 0.1059 0.0549
v -0.017334 0.904297 -0.071045 0.3568 0.1137 0.0471
v 0.017822 0.904297 -0.071045 0.3882 0.1294 0.0588
v -0.040771 0.908203 -0.071045 0.4039 0.1451 0.0627
v 0.041748 0.908203 -0.071045 0.3019 0.1059 0.0392
v -0.044678 0.922363 -0.071045 0.5725 0.2392 0.1059
v 0.045166 0.922363 -0.071045 0.5764 0.2432 0.0902
v -0.039795 0.928223 -0.071045 0.5019 0.1882 0.0706
v -0.027588 0.947754 -0.071045 0.4589 0.1725 0.0745
v 0.028076 0.947754 -0.071045 0.5019 0.2118 0.0863
v -0.046143 0.498535 -0.071045 0.7216 0.4863 0.0000
v 0.046631 0.498535 -0.071045 0.7098 0.4823 0.0000
v -0.033936 0.439453 -0.071045 0.1176 0.0745 0.0471
v 0.034912 0.439453 -0.071045 0.1255 0.0745 0.0471
v -0.138916 0.176270 -0.071045 0.0627 0.0314 0.0235
v 0.139893 0.176270 -0.071045 0.0745 0.0471 0.0471
v 0.150635 0.072266 -0.071045 0.8627 0.6667 0.0745
v -0.161377 0.041016 -0.071045 0.1843 0.1137 0.0627
v 0.162354 0.041016 -0.071045 0.1451 0.0902 0.0549
v -0.041260 0.828125 -0.071533 0.2863 0.0824 0.0314
v 0.041748 0.828125 -0.071533 0.2863 0.0745 0.0353
v -0.025635 0.837891 -0.071533 0.2863 0.0784 0.0314
v 0.026611 0.837891 -0.071533 0.2823 0.0745 0.0314
v -0.021240 0.845215 -0.071533 0.3255 0.0824 0.0431
v 0.021729 0.845215 -0.071533 0.3098 0.0863 0.0392
v -0.021729 0.880859 -0.071533 0.3176 0.0902 0.0353
v 0.022217 0.880859 -0.071533 0.3137 0.0902 0.0392
v -0.015381 0.910645 -0.071533 0.3176 0.0902 0.0392
v 0.016357 0.910645 -0.071533 0.3255 0.0980 0.0549
v -0.141357 0.241211 -0.071533 0.6706 0.4039 0.2667
v 0.141846 0.241211 -0.071533 0.6706 0.4078 0.2745
v -0.108154 0.083984 -0.071533 0.7608 0.5412 0.0588
v 0.109131 0.083984 -0.071533 0.1020 0.0627 0.0353
v -0.029053 0.833984 -0.072021 0.2902 0.0784 0.0314
v 0.029541 0.833984 -0.072021 0.2863 0.0745 0.0353
v -0.044189 0.842773 -0.072021 0.3216 0.0863 0.0039
v 0.045166 0.842773 -0.072021 0.3412 0.0941 0.0275
v -0.038818 0.908203 -0.072021 0.2980 0.0824 0.0157
v 0.039307 0.908203 -0.072021 0.3529 0.1255 0.0588
v -0.022705 0.945312 -0.072021 0.4510 0.1569 0.0392
v 0.023193 0.945312 -0.072021 0.4471 0.1647 0.0667
v -0.140381 0.188477 -0.072022 0.6550 0.3882 0.2745
v 0.140869 0.188477 -0.072021 0.6628 0.3921 0.2706
v -0.094971 0.171387 -0.072022 0.2784 0.1961 0.0824
v 0.095459 0.171387 -0.072021 0.0588 0.0275 0.0196
v -0.095459 0.155762 -0.072022 0.9294 0.6902 0.0980
v 0.096436 0.155762 -0.072021 0.8902 0.6432 0.0157
v -0.110596 0.093750 -0.072022 0.6079 0.4196 0.0745
v 0.111572 0.093750 -0.072021 0.0196 0.0157 0.0353
v -0.140869 0.083496 -0.072022 0.7608 0.6354 0.1922
v 0.141846 0.083496 -0.072021 0.7686 0.6393 0.2353
v -0.153564 0.062988 -0.072022 0.8431 0.6393 0.0588
v 0.154541 0.062988 -0.072021 0.8862 0.6824 0.0745
v -0.099365 0.053223 -0.072022 0.6902 0.5019 0.0824
v 0.100342 0.053223 -0.072021 0.7490 0.5647 0.0902
v -0.045654 0.829102 -0.072510 0.2941 0.0784 0.0392
v 0.046143 0.829102 -0.072510 0.2980 0.0863 0.0353
v -0.023682 0.833984 -0.072510 0.2902 0.0784 0.0314
v -0.033936 0.833984 -0.072510 0.2823 0.0784 0.0353
v 0.024170 0.833984 -0.072510 0.2863 0.0784 0.0353
v 0.034912 0.833984 -0.072510 0.2863 0.0824 0.0314
v -0.047119 0.839844 -0.072510 0.3490 0.0824 0.0196
v 0.047607 0.839844 -0.072510 0.3098 0.0745 0.0157
v -0.021729 0.855957 -0.072510 0.3176 0.0941 0.0471
v 0.022705 0.855957 -0.072510 0.3059 0.0824 0.0392
v -0.017334 0.864746 -0.072510 0.3333 0.0980 0.0431
v 0.017822 0.864746 -0.072510 0.3176 0.0941 0.0431
v -0.039795 0.873047 -0.072510 0.4157 0.1294 0.0627
v 0.040771 0.873047 -0.072510 0.3529 0.1137 0.0471
v -0.040283 0.905762 -0.072510 0.3568 0.1137 0.0471
v 0.040771 0.905762 -0.072510 0.3255 0.1059 0.0314
v -0.016357 0.944336 -0.072510 0.5255 0.2078 0.0745
v 0.016846 0.944336 -0.072510 0.5137 0.2118 0.0941
v 0.037842 0.484375 -0.072510 0.7412 0.5216 0.0039
v -0.140869 0.174316 -0.072510 0.8627 0.7020 0.1020
v 0.141846 0.174316 -0.072510 0.8902 0.7490 0.1294
v -0.110596 0.104004 -0.072510 0.8549 0.6118 0.0784
v 0.111572 0.104004 -0.072510 0.0235 0.0314 0.0275
v -0.104248 0.075684 -0.072510 0.8706 0.6667 0.1647
v 0.105225 0.075684 -0.072510 0.8745 0.6863 0.1333
v -0.159912 0.034180 -0.072510 0.1647 0.1216 0.0745
v 0.160889 0.034180 -0.072510 0.1725 0.1333 0.0863
v -0.157959 0.029297 -0.072510 0.1098 0.0824 0.0275
v 0.158936 0.029297 -0.072510 0.1098 0.0784 0.0353
v 0.089600 0.505371 -0.072998 0.7176 0.4941 0.0392
v -0.036865 0.829102 -0.072998 0.2823 0.0706 0.0392
v 0.037354 0.829102 -0.072998 0.2902 0.0824 0.0314
v -0.022705 0.838867 -0.072998 0.2980 0.0824 0.0353
v 0.023193 0.838867 -0.072998 0.2863 0.0745 0.0314
v -0.023682 0.842285 -0.072998 0.2980 0.0863 0.0353
v 0.024170 0.842285 -0.072998 0.2941 0.0745 0.0275
v -0.042725 0.893555 -0.072998 0.4392 0.1490 0.0510
v 0.043213 0.893555 -0.072998 0.4471 0.1530 0.0588
v -0.015869 0.898438 -0.072998 0.4471 0.1569 0.0745
v 0.016357 0.898438 -0.072998 0.4471 0.1530 0.0627
v -0.042725 0.899902 -0.072998 0.4471 0.1608 0.0627
v 0.043213 0.899902 -0.072998 0.4784 0.1804 0.0745
v -0.019775 0.904297 -0.072998 0.3333 0.1137 0.0471
v 0.020264 0.904297 -0.072998 0.3843 0.1333 0.0549
v -0.036377 0.942871 -0.072998 0.5373 0.2392 0.1137
v 0.036865 0.942871 -0.072998 0.4902 0.1765 0.0588
v -0.037354 0.484375 -0.072998 0.7451 0.5098 0.0039
v 0.032471 0.439453 -0.072998 0.1176 0.0706 0.0549
v -0.073486 0.229492 -0.072998 0.6471 0.4039 0.2745
v 0.073975 0.229492 -0.072998 0.6785 0.3725 0.2314
v -0.093994 0.168945 -0.072998 0.8823 0.6824 0.0941
v 0.094971 0.168945 -0.072998 0.7921 0.6118 0.1608
v -0.104736 0.128418 -0.072998 0.0902 0.0824 0.0627
v 0.105713 0.128418 -0.072998 0.0235 0.0078 0.0039
v -0.149170 0.016602 -0.072998 0.1451 0.1216 0.0745
v 0.150147 0.016602 -0.072998 0.1176 0.0863 0.0431
v -0.088623 0.505371 -0.073486 0.7098 0.4706 0.0078
v -0.042236 0.870605 -0.073486 0.4118 0.1333 0.0549
v 0.042725 0.870605 -0.073486 0.4314 0.1451 0.0588
v -0.012451 0.929688 -0.073486 0.3608 0.1137 0.0431
v 0.012939 0.929688 -0.073486 0.3647 0.1176 0.0510
v -0.031982 0.439453 -0.073486 0.1216 0.0745 0.0549
v -0.142334 0.221191 -0.073486 0.6510 0.3882 0.2510
v 0.143311 0.221191 -0.073486 0.6745 0.4078 0.2706
v -0.141846 0.203613 -0.073486 0.6510 0.3961 0.2627
v 0.142822 0.203613 -0.073486 0.6706 0.3961 0.2745
v -0.090088 0.182129 -0.073486 0.6393 0.3843 0.2745
v 0.091064 0.182129 -0.073486 0.6628 0.3529 0.2235
v -0.141846 0.171387 -0.073486 0.7255 0.4941 0.1020
v 0.142822 0.171387 -0.073486 0.7255 0.4863 0.1020
v -0.093506 0.166016 -0.073486 0.4510 0.2627 0.0275
v 0.094482 0.166016 -0.073486 0.7294 0.4902 0.0471
v -0.141846 0.161621 -0.073486 0.9215 0.6550 0.0314
v 0.142822 0.161621 -0.073486 0.9333 0.6863 0.0863
v -0.110596 0.111816 -0.073486 0.4745 0.3333 0.1216
v 0.111572 0.111816 -0.073486 0.0235 0.0235 0.0000
v -0.099365 0.045410 -0.073486 0.9333 0.6941 0.1020
v 0.100342 0.045410 -0.073486 0.9333 0.7098 0.0588
v -0.152588 0.019043 -0.073486 0.0941 0.0706 0.0392
v 0.153564 0.019043 -0.073486 0.0941 0.0706 0.0275
v -0.128174 0.015137 -0.073486 0.1216 0.0980 0.0510
v 0.129150 0.015137 -0.073486 0.1294 0.1059 0.0588
v -0.097900 0.507812 -0.073975 0.7490 0.5059 0.0039
v 0.098389 0.507812 -0.073975 0.7333 0.4980 0.0118
v -0.048584 0.835449 -0.073975 0.3529 0.0863 0.0196
v 0.049072 0.835449 -0.073975 0.3372 0.0745 0.0235
v -0.040283 0.875977 -0.073975 0.3725 0.1176 0.0471
v 0.040771 0.875977 -0.073975 0.3019 0.0980 0.0353
v -0.115967 0.482422 -0.073975 0.4353 0.2941 0.0431
v 0.116455 0.482422 -0.073975 0.3921 0.2471 0.0314
v -0.098389 0.044434 -0.073975 0.6197 0.4628 0.1098
v 0.099365 0.044434 -0.073975 0.9019 0.6863 0.0902
v -0.041260 0.825195 -0.074463 0.2863 0.0824 0.0235
v 0.041748 0.825195 -0.074463 0.2706 0.0745 0.0392
v -0.030029 0.829590 -0.074463 0.2863 0.0824 0.0392
v 0.030518 0.829590 -0.074463 0.2941 0.0784 0.0353
v -0.018799 0.859863 -0.074463 0.3255 0.0980 0.0471
v 0.019287 0.859863 -0.074463 0.3255 0.0980 0.0471
v -0.045166 0.860840 -0.074463 0.4823 0.1647 0.0706
v 0.045654 0.860840 -0.074463 0.4000 0.1216 0.0275
v -0.045166 0.866211 -0.074463 0.4510 0.1490 0.0706
v 0.045654 0.866211 -0.074463 0.4980 0.1765 0.0941
v -0.044189 0.887207 -0.074463 0.4353 0.1569 0.0706
v 0.044678 0.887207 -0.074463 0.4510 0.1686 0.0784
v -0.036377 0.932129 -0.074463 0.5725 0.2432 0.1059
v 0.036865 0.932129 -0.074463 0.5725 0.2432 0.1098
v -0.012939 0.937012 -0.074463 0.4235 0.1490 0.0627
v 0.013916 0.937012 -0.074463 0.4235 0.1451 0.0549
v -0.100342 0.145996 -0.074463 0.1333 0.1176 0.0745
v 0.101318 0.145996 -0.074463 0.0431 0.0157 0.0000
v -0.098389 0.042480 -0.074463 0.1686 0.1373 0.0745
v 0.099365 0.042480 -0.074463 0.3490 0.2471 0.0431
v -0.143311 0.016113 -0.074463 0.1451 0.1216 0.0745
v 0.144287 0.016113 -0.074463 0.1137 0.0902 0.0431
v -0.025146 0.828613 -0.074951 0.2902 0.0784 0.0314
v 0.025635 0.828613 -0.074951 0.2823 0.0745 0.0314
v -0.022217 0.851562 -0.074951 0.3333 0.0941 0.0510
v 0.022705 0.851562 -0.074951 0.3137 0.0863 0.0392
v -0.043213 0.880859 -0.074951 0.3216 0.1059 0.0549
v 0.043701 0.880859 -0.074951 0.3176 0.1098 0.0431
v -0.015869 0.892090 -0.074951 0.4314 0.1373 0.0549
v 0.016357 0.892090 -0.074951 0.4000 0.1333 0.0588
v -0.035889 0.937012 -0.074951 0.4196 0.1451 0.0471
v 0.036865 0.937012 -0.074951 0.4745 0.1843 0.0902
v -0.029053 0.941406 -0.074951 0.4039 0.1451 0.0471
v 0.029541 0.941406 -0.074951 0.4314 0.1530 0.0549
v -0.073975 0.487793 -0.074951 0.7294 0.4941 0.0078
v 0.074463 0.487793 -0.074951 0.7216 0.4941 0.0078
v -0.133545 0.096680 -0.074951 0.6510 0.5333 0.2314
v 0.134522 0.096680 -0.074951 0.7686 0.5882 0.1569
v -0.111084 0.094727 -0.074951 0.4628 0.3255 0.1216
v 0.112061 0.094727 -0.074951 0.0039 0.0196 0.0275
v -0.108154 0.083984 -0.074951 0.7529 0.5451 0.0824
v 0.109619 0.083984 -0.074951 0.3921 0.2588 0.0824
v -0.141357 0.083008 -0.074951 0.8941 0.6550 0.0824
v 0.142334 0.083008 -0.074951 0.9098 0.7176 0.0471
v -0.109619 0.017578 -0.074951 0.1490 0.1373 0.1020
v 0.110596 0.017578 -0.074951 0.0941 0.0706 0.0353
v -0.045166 0.825684 -0.075439 0.2902 0.0824 0.0353
v 0.045654 0.825684 -0.075439 0.2823 0.0706 0.0392
v -0.034424 0.831055 -0.075439 0.2823 0.0824 0.0431
v 0.034912 0.831055 -0.075439 0.2941 0.0824 0.0353
v -0.043701 0.843750 -0.075439 0.4039 0.1333 0.0392
v 0.044678 0.843750 -0.075439 0.3725 0.1098 0.0314
v -0.022217 0.846191 -0.075439 0.3176 0.0902 0.0431
v 0.022705 0.846191 -0.075439 0.3137 0.0863 0.0314
v -0.022217 0.878418 -0.075439 0.3372 0.0980 0.0392
v 0.022705 0.878418 -0.075439 0.3294 0.0980 0.0471
v -0.021729 0.901367 -0.075439 0.3137 0.1098 0.0431
v 0.022217 0.901367 -0.075439 0.3804 0.1333 0.0510
v -0.041260 0.914062 -0.075439 0.4314 0.1255 0.0157
v 0.042236 0.914062 -0.075439 0.4039 0.1412 0.0588
v -0.012451 0.923828 -0.075439 0.4118 0.1412 0.0706
v 0.012939 0.923828 -0.075439 0.4039 0.1373 0.0588
v -0.038330 0.928223 -0.075439 0.5373 0.2118 0.0706
v -0.108643 0.495605 -0.075439 0.5255 0.3137 0.0039
v 0.109131 0.495605 -0.075439 0.7294 0.5019 0.0157
v -0.050049 0.485840 -0.075439 0.7451 0.5176 0.0078
v 0.050537 0.485840 -0.075439 0.7137 0.4863 0.0118
v -0.123779 0.261719 -0.075439 0.6589 0.3921 0.2471
v 0.124756 0.261719 -0.075439 0.6628 0.3921 0.2549
v -0.111572 0.104492 -0.075439 0.7412 0.5216 0.0941
v 0.112549 0.104492 -0.075439 0.0118 0.0235 0.0000
v -0.099365 0.035645 -0.075439 0.1412 0.1255 0.0902
v 0.100342 0.035645 -0.075439 0.0863 0.0745 0.0392
v -0.037354 0.826172 -0.075928 0.2745 0.0784 0.0431
v 0.037842 0.826172 -0.075928 0.2745 0.0745 0.0353
v -0.047119 0.855957 -0.075928 0.4667 0.1686 0.0745
v 0.047607 0.855957 -0.075928 0.4980 0.1804 0.0824
v -0.020752 0.875977 -0.075928 0.3647 0.1176 0.0510
v 0.021240 0.875977 -0.075928 0.3608 0.1098 0.0431
v -0.020264 0.880859 -0.075928 0.3294 0.0980 0.0431
v 0.020752 0.880859 -0.075928 0.3216 0.0941 0.0431
v -0.017334 0.885742 -0.075928 0.3765 0.1176 0.0510
v 0.017822 0.885742 -0.075928 0.3451 0.1098 0.0471
v 0.038818 0.928223 -0.075928 0.5569 0.2432 0.1059
v -0.083252 0.194824 -0.075928 0.6354 0.3804 0.2549
v 0.083740 0.194824 -0.075928 0.6785 0.3568 0.2078
v -0.111572 0.110352 -0.075928 0.8039 0.5843 0.1216
v 0.112549 0.110352 -0.075928 0.0314 0.0431 0.0235
v -0.155029 0.054688 -0.075928 0.6706 0.4432 0.0549
v 0.156006 0.054688 -0.075928 0.5647 0.3294 0.0392
v -0.101318 0.030762 -0.075928 0.1216 0.1059 0.0706
v 0.102295 0.030762 -0.075928 0.0706 0.0667 0.0471
v -0.106201 0.020020 -0.075928 0.1255 0.1137 0.0784
v 0.107178 0.020020 -0.075928 0.0588 0.0353 0.0078
v -0.048584 0.831055 -0.076416 0.3333 0.0627 0.0039
v 0.049072 0.831055 -0.076416 0.3372 0.0667 0.0039
v -0.020752 0.840332 -0.076416 0.3059 0.0863 0.0314
v 0.021240 0.840332 -0.076416 0.3098 0.0863 0.0392
v -0.022705 0.843262 -0.076416 0.3255 0.0941 0.0392
v 0.023193 0.843262 -0.076416 0.3098 0.0824 0.0392
v -0.044189 0.845703 -0.076416 0.3686 0.1059 0.0275
v 0.045166 0.845703 -0.076416 0.3568 0.1020 0.0353
v -0.041260 0.921875 -0.076416 0.4902 0.1922 0.0667
v 0.041748 0.921875 -0.076416 0.4589 0.1725 0.0667
v -0.038330 0.468750 -0.076416 0.7647 0.5451 0.0078
v 0.038818 0.468750 -0.076416 0.7137 0.4784 0.0039
v -0.076416 0.210449 -0.076416 0.6510 0.4039 0.2745
v 0.077393 0.210449 -0.076416 0.6706 0.3608 0.2157
v -0.130127 0.106934 -0.076416 0.3529 0.2667 0.0549
v 0.131104 0.106934 -0.076416 0.5530 0.4157 0.1098
v -0.046143 0.841797 -0.076904 0.4314 0.1451 0.0627
v 0.046631 0.841797 -0.076904 0.3921 0.1098 0.0314
v -0.020264 0.898438 -0.076904 0.3921 0.1530 0.0627
v 0.020752 0.898438 -0.076904 0.4353 0.1530 0.0588
v -0.020264 0.904785 -0.076904 0.3294 0.1059 0.0275
v 0.020752 0.904785 -0.076904 0.3765 0.1373 0.0706
v -0.035400 0.913086 -0.076904 0.3294 0.0824 0.0039
v 0.035889 0.913086 -0.076904 0.4471 0.1843 0.0902
v -0.031982 0.935547 -0.076904 0.5725 0.2353 0.0941
v 0.032471 0.935547 -0.076904 0.5569 0.2353 0.0980
v -0.130127 0.176270 -0.076904 0.0431 0.0118 0.0353
v 0.131104 0.176270 -0.076904 0.0275 0.0275 0.0588
v -0.113525 0.115723 -0.076904 0.0235 0.0392 0.0627
v 0.114502 0.115723 -0.076904 0.0235 0.0353 0.0157
v -0.145264 0.073730 -0.076904 0.8313 0.6393 0.0706
v 0.146240 0.073730 -0.076904 0.8745 0.6824 0.0824
v -0.041260 0.822754 -0.077393 0.2941 0.0824 0.0314
v 0.042236 0.822754 -0.077393 0.2784 0.0745 0.0314
v -0.031006 0.826660 -0.077393 0.2863 0.0784 0.0353
v 0.031982 0.826660 -0.077393 0.2784 0.0706 0.0314
v -0.019775 0.834961 -0.077393 0.3059 0.0824 0.0353
v 0.020264 0.834961 -0.077393 0.2980 0.0824 0.0471
v -0.046143 0.849609 -0.077393 0.3961 0.1333 0.0627
v 0.046631 0.849609 -0.077393 0.3529 0.1059 0.0431
v 0.046631 0.850098 -0.077393 0.3686 0.1176 0.0588
v -0.020752 0.856445 -0.077393 0.3412 0.1059 0.0510
v 0.021240 0.856445 -0.077393 0.3255 0.0902 0.0392
v -0.018799 0.871582 -0.077393 0.4196 0.1451 0.0588
v 0.019775 0.871582 -0.077393 0.4118 0.1294 0.0588
v -0.025146 0.898926 -0.077393 0.3372 0.1137 0.0431
v 0.025635 0.898926 -0.077393 0.4039 0.1451 0.0588
v -0.014893 0.931152 -0.077393 0.4078 0.1490 0.0627
v 0.015381 0.931152 -0.077393 0.3765 0.1294 0.0471
v -0.017822 0.939941 -0.077393 0.4980 0.1961 0.0745
v 0.018311 0.939941 -0.077393 0.4353 0.1412 0.0431
v -0.023682 0.941406 -0.077393 0.4353 0.1647 0.0588
v 0.024658 0.941406 -0.077393 0.4745 0.1765 0.0745
v -0.128174 0.114746 -0.077393 0.0510 0.0392 0.0431
v 0.129150 0.114746 -0.077393 0.3019 0.2275 0.1294
v -0.105713 0.073242 -0.077393 0.7804 0.5764 0.0510
v 0.106689 0.073242 -0.077393 0.5608 0.3647 0.0275
v -0.044189 0.823242 -0.077881 0.2980 0.0824 0.0353
v 0.044678 0.823242 -0.077881 0.2902 0.0745 0.0314
v -0.027100 0.825195 -0.077881 0.2902 0.0745 0.0392
v 0.027588 0.825195 -0.077881 0.2980 0.0745 0.0314
v -0.039307 0.876953 -0.077881 0.4353 0.1490 0.0549
v 0.039795 0.876953 -0.077881 0.4353 0.1569 0.0627
v -0.037842 0.881348 -0.077881 0.3490 0.0941 0.0235
v 0.038330 0.881348 -0.077881 0.4314 0.1804 0.0745
v -0.038818 0.891602 -0.077881 0.4471 0.1451 0.0392
v 0.039307 0.891602 -0.077881 0.3882 0.1490 0.0784
v -0.029053 0.892578 -0.077881 0.3490 0.1216 0.0471
v 0.030029 0.892578 -0.077881 0.4275 0.1569 0.0667
v -0.037354 0.906738 -0.077881 0.4589 0.1451 0.0314
v 0.037842 0.906738 -0.077881 0.4863 0.2157 0.0980
v -0.013428 0.916992 -0.077881 0.4157 0.1333 0.0588
v 0.013916 0.916992 -0.077881 0.3882 0.1216 0.0588
v 0.091064 0.492188 -0.077881 0.7098 0.4823 0.0039
v -0.102295 0.173340 -0.077881 0.2000 0.1686 0.0745
v 0.102783 0.172852 -0.077881 0.0431 0.0275 0.0431
v -0.114014 0.112793 -0.077881 0.5216 0.3568 0.0980
v 0.114990 0.112305 -0.077881 0.0824 0.0431 0.0157
v -0.114502 0.104980 -0.077881 0.2745 0.1843 0.0784
v 0.115479 0.104980 -0.077881 0.8274 0.5921 0.0824
v -0.132568 0.096191 -0.077881 0.9137 0.6980 0.0745
v 0.134033 0.096191 -0.077881 0.5333 0.3843 0.0902
v -0.038818 0.823242 -0.078369 0.3019 0.0745 0.0275
v 0.039307 0.823242 -0.078369 0.2980 0.0784 0.0431
v -0.047119 0.826660 -0.078369 0.3372 0.0980 0.0471
v 0.048096 0.826660 -0.078369 0.3255 0.0667 0.0118
v -0.041748 0.844238 -0.078369 0.4157 0.1333 0.0549
v 0.042236 0.844238 -0.078369 0.4275 0.1451 0.0706
v -0.023682 0.848145 -0.078369 0.3647 0.1294 0.0745
v 0.024170 0.848145 -0.078369 0.3255 0.0941 0.0471
v -0.036377 0.851074 -0.078369 0.4235 0.1412 0.0471
v 0.036865 0.851074 -0.078369 0.4157 0.1530 0.0706
v -0.021729 0.851562 -0.078369 0.3216 0.0941 0.0431
v 0.022217 0.851562 -0.078369 0.3176 0.0863 0.0471
v 0.037354 0.856445 -0.078369 0.4353 0.1765 0.0824
v -0.041748 0.856934 -0.078369 0.4432 0.1490 0.0588
v 0.042236 0.856934 -0.078369 0.4078 0.1451 0.0706
v -0.024170 0.875977 -0.078369 0.3568 0.1176 0.0431
v 0.024658 0.875977 -0.078369 0.3608 0.1216 0.0549
v -0.023682 0.876465 -0.078369 0.3921 0.1608 0.0627
v -0.039795 0.887695 -0.078369 0.4078 0.1098 0.0196
v 0.040283 0.887695 -0.078369 0.3059 0.1059 0.0431
v -0.034424 0.888184 -0.078369 0.2980 0.0784 0.0118
v 0.034912 0.888184 -0.078369 0.4863 0.2275 0.1137
v -0.016357 0.910645 -0.078369 0.4078 0.1373 0.0627
v 0.016846 0.910645 -0.078369 0.3608 0.1176 0.0549
v -0.017822 0.925293 -0.078369 0.3686 0.1137 0.0353
v 0.018311 0.925293 -0.078369 0.4784 0.1922 0.0784
v -0.090576 0.492188 -0.078369 0.7333 0.5019 0.0078
v -0.042236 0.453125 -0.078369 0.1490 0.0667 0.0039
v 0.043213 0.453125 -0.078369 0.1373 0.0588 0.0039
v -0.131592 0.133301 -0.078369 0.0784 0.0627 0.0392
v 0.132568 0.133301 -0.078369 0.0863 0.0863 0.0588
v -0.114990 0.094727 -0.078369 0.2392 0.1686 0.0706
v 0.115967 0.094727 -0.078369 0.4784 0.3216 0.0353
v -0.034912 0.828613 -0.078857 0.2941 0.0824 0.0392
v 0.035400 0.828613 -0.078857 0.3137 0.0824 0.0431
v -0.035400 0.846191 -0.078857 0.4314 0.1412 0.0549
v -0.039795 0.846191 -0.078857 0.4118 0.1373 0.0627
v 0.035889 0.846191 -0.078857 0.4510 0.1608 0.0667
v 0.040771 0.846191 -0.078857 0.4353 0.1608 0.0667
v -0.036377 0.855957 -0.078857 0.3333 0.0863 0.0275
v -0.019287 0.865723 -0.078857 0.4510 0.1530 0.0824
v 0.019775 0.865723 -0.078857 0.4118 0.1373 0.0510
v -0.087158 0.255859 -0.078857 0.6706 0.4118 0.2667
v 0.088135 0.255859 -0.078857 0.6628 0.4078 0.2706
v -0.130127 0.188965 -0.078857 0.6157 0.3608 0.2353
v 0.130615 0.188965 -0.078857 0.6236 0.3765 0.2549
v -0.129150 0.106934 -0.078857 0.9333 0.7333 0.1412
v 0.130127 0.106934 -0.078857 0.2941 0.1843 0.0549
v -0.155029 0.046387 -0.078857 0.9411 0.6980 0.0549
v 0.156006 0.046387 -0.078857 0.9725 0.8078 0.1137
v -0.036377 0.826172 -0.079346 0.2980 0.0863 0.0353
v 0.036865 0.826172 -0.079346 0.3059 0.0784 0.0353
v -0.021240 0.829590 -0.079346 0.3098 0.0824 0.0392
v 0.022217 0.829590 -0.079346 0.2980 0.0745 0.0314
v -0.048096 0.837891 -0.079346 0.3843 0.1098 0.0235
v 0.048584 0.837891 -0.079346 0.3804 0.1059 0.0078
v -0.038818 0.843750 -0.079346 0.4196 0.1451 0.0588
v 0.039307 0.843750 -0.079346 0.4078 0.1333 0.0431
v -0.023682 0.844727 -0.079346 0.3725 0.1255 0.0667
v 0.024170 0.844727 -0.079346 0.3451 0.1098 0.0510
v -0.040283 0.846191 -0.079346 0.3490 0.0941 0.0353
v 0.041260 0.846191 -0.079346 0.4550 0.1843 0.0902
v -0.032959 0.892090 -0.079346 0.3529 0.1137 0.0314
v 0.033447 0.892090 -0.079346 0.4157 0.1686 0.0863
v -0.019775 0.893066 -0.079346 0.4667 0.1765 0.0745
v 0.020264 0.893066 -0.079346 0.4706 0.1725 0.0667
v -0.039307 0.899902 -0.079346 0.4863 0.1490 0.0157
v 0.039795 0.899902 -0.079346 0.5098 0.2039 0.1059
v 0.101318 0.495117 -0.079346 0.7490 0.5176 0.0196
v -0.131592 0.174316 -0.079346 0.8862 0.7020 0.0706
v 0.132568 0.174316 -0.079346 0.8666 0.6628 0.1098
v 0.101807 0.170898 -0.079346 0.8274 0.6550 0.1647
v -0.118408 0.117188 -0.079346 0.0588 0.0588 0.0627
v -0.123779 0.117188 -0.079346 0.0549 0.0549 0.0667
v 0.119873 0.117188 -0.079346 0.0706 0.0745 0.0745
v 0.125244 0.117188 -0.079346 0.0667 0.0784 0.0863
v -0.127197 0.112793 -0.079346 0.6039 0.4471 0.1373
v 0.128174 0.112793 -0.079346 0.6785 0.4667 0.0667
v 0.147217 0.018066 -0.079346 0.1451 0.1137 0.0706
v -0.041748 0.821777 -0.079834 0.3098 0.0784 0.0314
v 0.042236 0.821777 -0.079834 0.3098 0.0784 0.0353
v -0.031982 0.824219 -0.079834 0.2941 0.0706 0.0314
v -0.045654 0.824219 -0.079834 0.3137 0.0784 0.0392
v 0.032471 0.824219 -0.079834 0.3019 0.0784 0.0353
v 0.046631 0.824219 -0.079834 0.3216 0.0745 0.0392
v -0.034424 0.841797 -0.079834 0.3372 0.0980 0.0275
v 0.034912 0.841797 -0.079834 0.4902 0.1882 0.0902
v -0.042725 0.860840 -0.079834 0.3529 0.1020 0.0353
v 0.043213 0.860840 -0.079834 0.3568 0.1137 0.0353
v -0.021729 0.861328 -0.079834 0.4275 0.1451 0.0588
v 0.022217 0.861328 -0.079834 0.4039 0.1294 0.0431
v -0.028076 0.870605 -0.079834 0.3686 0.1333 0.0549
v 0.028564 0.870605 -0.079834 0.4275 0.1647 0.0824
v -0.042236 0.872559 -0.079834 0.4863 0.1843 0.0824
v 0.042725 0.872559 -0.079834 0.4823 0.1686 0.0627
v -0.026123 0.893066 -0.079834 0.4157 0.1530 0.0588
v 0.026611 0.893066 -0.079834 0.5019 0.2235 0.1216
v -0.035889 0.920898 -0.079834 0.4157 0.1255 0.0275
v 0.036377 0.920898 -0.079834 0.4863 0.2000 0.0980
v -0.100830 0.495117 -0.079834 0.7764 0.5294 0.0078
v -0.078369 0.474609 -0.079834 0.7333 0.5019 0.0118
v 0.078857 0.474609 -0.079834 0.7098 0.4902 0.0039
v -0.116943 0.468262 -0.079834 0.6039 0.4000 0.0275
v 0.117432 0.468262 -0.079834 0.6471 0.4235 0.0157
v -0.119873 0.175293 -0.079834 0.1490 0.0980 0.0510
v 0.120850 0.175293 -0.079834 0.0235 0.0157 0.0706
v -0.100830 0.170898 -0.079834 0.8823 0.6824 0.0980
v -0.101318 0.157715 -0.079834 0.8902 0.6315 0.0784
v 0.102295 0.157715 -0.079834 0.9098 0.6510 0.0353
v -0.132080 0.149414 -0.079834 0.1294 0.1020 0.0667
v 0.133545 0.149414 -0.079834 0.1294 0.0980 0.0588
v -0.118896 0.113770 -0.079834 0.5176 0.3725 0.1490
v 0.119873 0.113770 -0.079834 0.5333 0.3568 0.1020
v 0.126221 0.106445 -0.079834 0.2941 0.2039 0.0784
v -0.119873 0.105957 -0.079834 0.2706 0.1922 0.0902
v 0.120850 0.105957 -0.079834 0.3098 0.2039 0.0863
v -0.135986 0.084473 -0.079834 0.7804 0.5333 0.0627
v 0.136963 0.084473 -0.079834 0.6628 0.4863 0.0667
v -0.147217 0.065430 -0.079834 0.8235 0.5843 0.0353
v 0.148682 0.065430 -0.079834 0.8235 0.6000 0.0549
v -0.104248 0.064453 -0.079834 0.7686 0.5725 0.0784
v 0.105713 0.064453 -0.079834 0.8431 0.5843 0.0000
v -0.146240 0.018066 -0.079834 0.1608 0.1333 0.0824
v -0.029053 0.822754 -0.080322 0.3176 0.0588 0.0235
v 0.029541 0.822754 -0.080322 0.3372 0.1020 0.0588
v -0.037842 0.824219 -0.080322 0.3019 0.0784 0.0353
v 0.038330 0.824219 -0.080322 0.3098 0.0784 0.0392
v -0.040771 0.851074 -0.080322 0.3686 0.1176 0.0510
v 0.041748 0.851074 -0.080322 0.3725 0.1216 0.0431
v -0.033936 0.861328 -0.080322 0.3098 0.0941 0.0235
v 0.034424 0.861328 -0.080322 0.4510 0.1686 0.0745
v -0.024658 0.865723 -0.080322 0.4784 0.2000 0.0824
v 0.025146 0.865723 -0.080322 0.5019 0.2000 0.0941
v -0.029053 0.866699 -0.080322 0.3568 0.1255 0.0431
v 0.029541 0.866699 -0.080322 0.4667 0.1765 0.0824
v -0.023682 0.871582 -0.080322 0.3921 0.1490 0.0627
v 0.024170 0.871582 -0.080322 0.4863 0.1843 0.0902
v -0.031006 0.905762 -0.080322 0.5333 0.2118 0.0824
v 0.031982 0.905762 -0.080322 0.5098 0.2078 0.0902
v -0.030029 0.918945 -0.080322 0.3921 0.1373 0.0353
v 0.030518 0.918945 -0.080322 0.4118 0.1490 0.0706
v -0.034424 0.928711 -0.080322 0.5451 0.2157 0.0549
v 0.035400 0.928711 -0.080322 0.4980 0.2000 0.0863
v -0.115479 0.187500 -0.080322 0.6510 0.3804 0.2549
v 0.116455 0.187500 -0.080322 0.6589 0.4000 0.2745
v -0.110596 0.173828 -0.080322 0.6432 0.5137 0.2000
v 0.111572 0.173828 -0.080322 0.0980 0.0588 0.0353
v -0.100830 0.167969 -0.080322 0.5216 0.3412 0.0784
v 0.101807 0.167969 -0.080322 0.7764 0.5412 0.0627
v -0.113037 0.132812 -0.080322 0.1098 0.0941 0.0667
v 0.114014 0.132812 -0.080322 0.0667 0.0549 0.0353
v -0.123779 0.114258 -0.080322 0.4628 0.3529 0.1451
v 0.124756 0.114258 -0.080322 0.4941 0.3176 0.1020
v -0.125244 0.106445 -0.080322 0.3961 0.2432 0.0196
v -0.127197 0.096191 -0.080322 0.2471 0.1647 0.0863
v 0.128174 0.096191 -0.080322 0.2667 0.1804 0.0627
v 0.114990 0.084473 -0.080322 0.7490 0.5373 0.0157
v -0.156006 0.045898 -0.080322 0.9372 0.7059 0.1059
v 0.156982 0.045898 -0.080322 0.6745 0.5294 0.1451
v -0.116943 0.017578 -0.080322 0.1255 0.1137 0.0784
v 0.117920 0.017578 -0.080322 0.1255 0.0941 0.0549
v -0.044189 0.822266 -0.080811 0.3176 0.0784 0.0235
v 0.044678 0.822266 -0.080811 0.3137 0.0824 0.0353
v -0.039307 0.822754 -0.080811 0.3059 0.0824 0.0353
v 0.039795 0.822754 -0.080811 0.3019 0.0824 0.0314
v -0.024170 0.825195 -0.080811 0.2980 0.0745 0.0314
v -0.033447 0.825195 -0.080811 0.2863 0.0784 0.0275
v 0.024658 0.825195 -0.080811 0.3019 0.0784 0.0353
v 0.034424 0.825195 -0.080811 0.3059 0.0784 0.0353
v -0.048096 0.832520 -0.080811 0.4550 0.1490 0.0549
v 0.048584 0.832520 -0.080811 0.4275 0.1216 0.0314
v -0.021240 0.841797 -0.080811 0.3529 0.1059 0.0471
v 0.021729 0.841797 -0.080811 0.3529 0.1059 0.0471
v -0.043213 0.842773 -0.080811 0.4157 0.1373 0.0549
v 0.043701 0.842773 -0.080811 0.4471 0.1608 0.0784
v -0.043701 0.866699 -0.080811 0.4196 0.1451 0.0627
v 0.044189 0.866699 -0.080811 0.4667 0.1647 0.0706
v -0.025635 0.875977 -0.080811 0.4157 0.1686 0.0863
v 0.026123 0.875977 -0.080811 0.3451 0.0941 0.0471
v -0.024170 0.920410 -0.080811 0.4039 0.1451 0.0627
v 0.024658 0.920410 -0.080811 0.4550 0.1922 0.0863
v -0.019775 0.933594 -0.080811 0.5333 0.2157 0.0824
v 0.020264 0.933594 -0.080811 0.4863 0.1843 0.0824
v -0.119385 0.470215 -0.080811 0.6197 0.4078 0.0510
v -0.051025 0.469727 -0.080811 0.7568 0.5255 0.0196
v 0.051514 0.469727 -0.080811 0.7451 0.5176 0.0078
v 0.119873 0.469727 -0.080811 0.5294 0.3412 0.0157
v -0.040283 0.453613 -0.080811 0.7804 0.5608 0.0157
v 0.041260 0.453613 -0.080811 0.8039 0.5843 0.0157
v -0.044189 0.442383 -0.080811 0.1020 0.0667 0.0431
v 0.044678 0.442383 -0.080811 0.0980 0.0667 0.0471
v -0.106689 0.259766 -0.080811 0.6667 0.4000 0.2588
v 0.107178 0.259766 -0.080811 0.6550 0.3961 0.2588
v -0.101318 0.184082 -0.080811 0.6785 0.4039 0.2980
v 0.102295 0.184082 -0.080811 0.6824 0.4039 0.2745
v -0.132568 0.171387 -0.080811 0.7137 0.5019 0.1020
v 0.133545 0.171387 -0.080811 0.6510 0.4432 0.1137
v -0.133057 0.161621 -0.080811 0.9215 0.6667 0.0784
v 0.134033 0.161621 -0.080811 0.9215 0.6745 0.0706
v -0.120850 0.095703 -0.080811 0.2353 0.1686 0.0745
v 0.121826 0.095703 -0.080811 0.3019 0.2118 0.0706
v -0.114014 0.084473 -0.080811 0.6706 0.4823 0.0471
v -0.156494 0.043945 -0.080811 0.2039 0.1412 0.0667
v 0.157471 0.043945 -0.080811 0.1451 0.0824 0.0549
v -0.149170 0.020508 -0.080811 0.1294 0.1059 0.0588
v -0.035889 0.829102 -0.081299 0.2863 0.0745 0.0314
v 0.036377 0.829102 -0.081299 0.3372 0.0824 0.0392
v -0.031494 0.844238 -0.081299 0.4196 0.1373 0.0588
v 0.032471 0.844238 -0.081299 0.4157 0.1373 0.0627
v -0.032471 0.847168 -0.081299 0.4235 0.1373 0.0471
v 0.033447 0.847168 -0.081299 0.3568 0.0980 0.0196
v -0.037842 0.860840 -0.081299 0.3490 0.1020 0.0196
v 0.038330 0.860840 -0.081299 0.2902 0.1020 0.0392
v -0.032471 0.865723 -0.081299 0.3372 0.0941 0.0275
v -0.032471 0.866211 -0.081299 0.3333 0.1098 0.0353
v 0.032959 0.866211 -0.081299 0.4353 0.1686 0.0784
v -0.022217 0.880371 -0.081299 0.4000 0.1373 0.0627
v 0.022705 0.880371 -0.081299 0.3255 0.0941 0.0431
v -0.020264 0.887207 -0.081299 0.4863 0.1922 0.0863
v 0.020752 0.887207 -0.081299 0.4392 0.1608 0.0706
v -0.031982 0.898926 -0.081299 0.4589 0.1490 0.0353
v 0.032471 0.898926 -0.081299 0.3961 0.1608 0.0824
v -0.024170 0.904785 -0.081299 0.4392 0.1569 0.0549
v 0.024658 0.904785 -0.081299 0.3412 0.1098 0.0314
v -0.030518 0.913086 -0.081299 0.4510 0.1569 0.0627
v 0.031006 0.913086 -0.081299 0.5059 0.2118 0.1020
v 0.019775 0.919434 -0.081299 0.5569 0.2471 0.1216
v -0.026123 0.935547 -0.081299 0.5451 0.2275 0.0784
v 0.027100 0.935547 -0.081299 0.4510 0.1608 0.0588
v 0.112061 0.482910 -0.081299 0.7451 0.5216 0.0118
v -0.130127 0.203613 -0.081299 0.6471 0.3882 0.2510
v 0.131104 0.203613 -0.081299 0.6276 0.3804 0.2432
v 0.150147 0.020508 -0.081299 0.1530 0.1137 0.0784
v -0.111572 0.019043 -0.081299 0.1686 0.1412 0.0941
v 0.112549 0.018555 -0.081299 0.1373 0.0902 0.0314
v -0.038330 0.825195 -0.081787 0.3098 0.0863 0.0392
v 0.038818 0.825195 -0.081787 0.3176 0.0941 0.0275
v -0.036865 0.827148 -0.081787 0.3059 0.0745 0.0353
v 0.037354 0.827148 -0.081787 0.3333 0.0784 0.0431
v -0.035400 0.827637 -0.081787 0.3059 0.0863 0.0353
v 0.035889 0.827637 -0.081787 0.3216 0.0863 0.0314
v -0.047119 0.828125 -0.081787 0.4118 0.1059 0.0196
v 0.047607 0.828125 -0.081787 0.3765 0.0863 0.0039
v -0.038818 0.842773 -0.081787 0.4196 0.1333 0.0353
v 0.039307 0.842773 -0.081787 0.4039 0.1451 0.0627
v -0.025635 0.845215 -0.081787 0.3921 0.1333 0.0627
v 0.026611 0.845215 -0.081787 0.3568 0.1020 0.0431
v -0.021729 0.856445 -0.081787 0.3804 0.1176 0.0588
v 0.022217 0.856445 -0.081787 0.3686 0.1059 0.0471
v -0.035400 0.877441 -0.081787 0.4745 0.1608 0.0431
v 0.035889 0.877441 -0.081787 0.4275 0.1569 0.0706
v -0.030518 0.888184 -0.081787 0.3568 0.1176 0.0235
v 0.031494 0.888184 -0.081787 0.4902 0.1961 0.0863
v -0.018799 0.919434 -0.081787 0.4980 0.1961 0.0863
v -0.022217 0.926758 -0.081787 0.4000 0.1490 0.0471
v 0.023193 0.926758 -0.081787 0.3921 0.1333 0.0431
v -0.111572 0.483398 -0.081787 0.6354 0.3961 0.0196
v -0.061279 0.455566 -0.081787 0.4863 0.2980 0.0078
v 0.061768 0.455566 -0.081787 0.4863 0.3176 0.0118
v -0.048584 0.454590 -0.081787 0.6354 0.4196 0.0353
v 0.049072 0.454590 -0.081787 0.6510 0.4471 0.0353
v -0.122314 0.134277 -0.081787 0.1216 0.1059 0.0706
v 0.123291 0.134277 -0.081787 0.1176 0.1020 0.0588
v -0.103760 0.056152 -0.081787 0.4941 0.3568 0.1294
v 0.104736 0.056152 -0.081787 0.6667 0.4235 0.0078
v -0.155518 0.036621 -0.081787 0.1608 0.1294 0.0863
v -0.153564 0.031738 -0.081787 0.1333 0.0980 0.0549
v 0.154541 0.031738 -0.081787 0.1333 0.1020 0.0510
v -0.026611 0.822266 -0.082275 0.3216 0.0588 0.0157
v 0.027100 0.822266 -0.082275 0.3725 0.1216 0.0706
v -0.032959 0.823242 -0.082275 0.2941 0.0706 0.0275
v 0.033936 0.823242 -0.082275 0.3059 0.0706 0.0275
v -0.039795 0.823730 -0.082275 0.3059 0.0784 0.0275
v 0.040283 0.823730 -0.082275 0.3137 0.0824 0.0314
v -0.045654 0.824707 -0.082275 0.3412 0.0706 0.0196
v 0.046143 0.824707 -0.082275 0.3372 0.0745 0.0235
v -0.034424 0.825195 -0.082275 0.2823 0.0784 0.0275
v 0.034912 0.825195 -0.082275 0.3176 0.0824 0.0392
v -0.029053 0.845215 -0.082275 0.4628 0.1804 0.0824
v 0.029541 0.845215 -0.082275 0.3529 0.1020 0.0353
v -0.025635 0.848145 -0.082275 0.4196 0.1647 0.0824
v 0.026123 0.848145 -0.082275 0.3255 0.0980 0.0392
v -0.022705 0.851562 -0.082275 0.3608 0.1020 0.0431
v -0.033936 0.851562 -0.082275 0.4510 0.1608 0.0627
v 0.023682 0.851562 -0.082275 0.3490 0.1059 0.0431
v 0.034424 0.851562 -0.082275 0.4706 0.1765 0.0706
v -0.034424 0.856445 -0.082275 0.3294 0.0941 0.0235
v 0.034912 0.856445 -0.082275 0.5333 0.2196 0.1098
v -0.030518 0.875488 -0.082275 0.4706 0.1765 0.0745
v 0.031006 0.875488 -0.082275 0.3059 0.0941 0.0275
v -0.084717 0.459961 -0.082275 0.5137 0.3098 0.0118
v 0.085205 0.459961 -0.082275 0.4941 0.3059 0.0118
v -0.128174 0.241211 -0.082275 0.6667 0.3961 0.2549
v 0.129150 0.241211 -0.082275 0.6589 0.3961 0.2588
v -0.138428 0.075195 -0.082275 0.8274 0.6000 0.0275
v 0.139404 0.075195 -0.082275 0.7686 0.5647 0.0471
v 0.156494 0.036621 -0.082275 0.1765 0.1294 0.0706
v -0.031006 0.821777 -0.082764 0.3255 0.0667 0.0157
v 0.031494 0.821777 -0.082764 0.3137 0.0588 0.0196
v -0.042236 0.822754 -0.082764 0.3059 0.0784 0.0314
v 0.042725 0.822754 -0.082764 0.3059 0.0824 0.0471
v -0.031494 0.871582 -0.082764 0.4589 0.1725 0.0588
v 0.032471 0.871582 -0.082764 0.2823 0.0902 0.0235
v -0.028564 0.927734 -0.082764 0.5255 0.2157 0.0902
v 0.029053 0.927734 -0.082764 0.4392 0.1530 0.0627
v -0.114014 0.202637 -0.082764 0.6589 0.4000 0.2627
v 0.114502 0.202637 -0.082764 0.6550 0.3961 0.2627
v -0.111084 0.147949 -0.082764 0.1373 0.1137 0.0667
v 0.112061 0.147949 -0.082764 0.1216 0.0941 0.0627
v -0.129150 0.084961 -0.082764 0.7333 0.5333 0.0549
v 0.130127 0.084961 -0.082764 0.6824 0.5019 0.0667
v -0.103271 0.047852 -0.082764 0.6628 0.4863 0.1490
v 0.104248 0.047852 -0.082764 0.9176 0.6550 0.0000
v -0.109131 0.021484 -0.082764 0.1922 0.1608 0.1176
v 0.110107 0.021484 -0.082764 0.1176 0.0784 0.0235
v -0.039307 0.825684 -0.083252 0.3255 0.0902 0.0353
v 0.039795 0.825684 -0.083252 0.3255 0.0863 0.0275
v -0.019775 0.836914 -0.083252 0.3451 0.0980 0.0471
v 0.020264 0.836914 -0.083252 0.3294 0.0980 0.0353
v -0.035889 0.837891 -0.083252 0.2941 0.0706 0.0314
v 0.036377 0.837891 -0.083252 0.4275 0.1333 0.0627
v -0.044678 0.838867 -0.083252 0.3921 0.1176 0.0431
v 0.045166 0.838867 -0.083252 0.4275 0.1333 0.0471
v -0.032471 0.842773 -0.083252 0.3961 0.1216 0.0353
v 0.033447 0.842773 -0.083252 0.4235 0.1333 0.0471
v -0.029541 0.847656 -0.083252 0.3725 0.1216 0.0471
v 0.030029 0.847656 -0.083252 0.3372 0.0902 0.0196
v -0.025146 0.862305 -0.083252 0.5176 0.2118 0.1098
v 0.025635 0.862305 -0.083252 0.4589 0.1569 0.0784
v -0.033447 0.882812 -0.083252 0.4510 0.1608 0.0627
v 0.033936 0.882812 -0.083252 0.5098 0.2314 0.1137
v -0.025635 0.888184 -0.083252 0.5019 0.2196 0.0980
v 0.026611 0.888184 -0.083252 0.5098 0.2039 0.0902
v -0.022705 0.913086 -0.083252 0.4980 0.2000 0.0784
v 0.023193 0.913086 -0.083252 0.4980 0.2039 0.0941
v -0.042236 0.442871 -0.083252 0.1137 0.0745 0.0471
v 0.042725 0.442871 -0.083252 0.1137 0.0706 0.0353
v -0.130127 0.221191 -0.083252 0.6785 0.4118 0.2667
v 0.130615 0.221191 -0.083252 0.6550 0.3961 0.2588
v -0.120850 0.173340 -0.083252 0.8823 0.6863 0.0824
v 0.121338 0.173340 -0.083252 0.8862 0.6824 0.1137
v -0.110107 0.172363 -0.083252 0.8823 0.6863 0.0706
v 0.111084 0.172363 -0.083252 0.8862 0.6785 0.0980
v -0.121338 0.084961 -0.083252 0.6315 0.4432 0.0353
v 0.122314 0.084961 -0.083252 0.7059 0.5137 0.0431
v -0.148682 0.057129 -0.083252 0.7490 0.5216 0.0667
v 0.103760 0.046875 -0.083252 0.9215 0.6589 0.0627
v -0.043701 0.825195 -0.083740 0.3333 0.0863 0.0275
v 0.044189 0.825195 -0.083740 0.3412 0.0784 0.0314
v -0.038330 0.828613 -0.083740 0.3372 0.0824 0.0510
v 0.038818 0.828613 -0.083740 0.3098 0.0745 0.0510
v -0.036377 0.832520 -0.083740 0.3059 0.0667 0.0314
v 0.036865 0.832520 -0.083740 0.4196 0.1137 0.0510
v -0.030029 0.862793 -0.083740 0.4550 0.1647 0.0706
v 0.030518 0.862793 -0.083740 0.4902 0.1882 0.0745
v -0.038330 0.866211 -0.083740 0.4510 0.1451 0.0314
v 0.038818 0.866211 -0.083740 0.4157 0.1608 0.0863
v -0.037354 0.872559 -0.083740 0.4745 0.1490 0.0392
v 0.037842 0.872559 -0.083740 0.4392 0.1686 0.0667
v -0.119873 0.458984 -0.083740 0.0941 0.0627 0.0392
v 0.120361 0.458984 -0.083740 0.1020 0.0745 0.0588
v -0.090088 0.234863 -0.083740 0.6550 0.3882 0.2510
v 0.090576 0.234863 -0.083740 0.6706 0.4118 0.2745
v -0.121826 0.149414 -0.083740 0.1490 0.1176 0.0667
v 0.122803 0.149414 -0.083740 0.1922 0.1608 0.1098
v -0.112549 0.075195 -0.083740 0.7529 0.5530 0.0392
v 0.114014 0.075195 -0.083740 0.7843 0.5530 0.0078
v 0.149658 0.057129 -0.083740 0.6432 0.4353 0.1098
v -0.102783 0.046875 -0.083740 0.2549 0.1530 0.0824
v -0.125732 0.018066 -0.083740 0.0902 0.0745 0.0275
v -0.136475 0.018066 -0.083740 0.1059 0.0902 0.0471
v 0.126709 0.018066 -0.083740 0.0941 0.0706 0.0314
v 0.137451 0.018066 -0.083740 0.1255 0.1020 0.0549
v -0.041260 0.825195 -0.084229 0.3333 0.0824 0.0314
v 0.041748 0.825195 -0.084229 0.3372 0.0902 0.0353
v -0.035400 0.828613 -0.084229 0.3294 0.0824 0.0627
v 0.035889 0.828613 -0.084229 0.3647 0.0902 0.0431
v -0.035400 0.829102 -0.084229 0.3137 0.0706 0.0314
v -0.044678 0.829102 -0.084229 0.3647 0.0902 0.0196
v 0.026123 0.852051 -0.084229 0.3765 0.1098 0.0667
v 0.026611 0.852051 -0.084229 0.4039 0.1216 0.0549
v -0.095459 0.479492 -0.084229 0.7686 0.5333 0.0157
v 0.095947 0.479492 -0.084229 0.7451 0.5137 0.0196
v -0.050537 0.443848 -0.084229 0.1020 0.0667 0.0431
v 0.051514 0.443848 -0.084229 0.1098 0.0667 0.0471
v 0.111084 0.169434 -0.084229 0.6941 0.4784 0.0902
v -0.110596 0.159668 -0.084229 0.9098 0.6745 0.0627
v 0.111572 0.159668 -0.084229 0.9098 0.6550 0.0706
v -0.102295 0.044922 -0.084229 0.1882 0.1569 0.1137
v 0.103272 0.044922 -0.084229 0.3568 0.1961 0.0118
v -0.105225 0.032715 -0.084229 0.1333 0.1098 0.0706
v 0.106201 0.032715 -0.084229 0.0980 0.0667 0.0235
v -0.142334 0.019043 -0.084229 0.1569 0.1294 0.0824
v 0.143311 0.019043 -0.084229 0.1530 0.1216 0.0784
v -0.028564 0.821289 -0.084717 0.3529 0.0745 0.0275
v 0.029053 0.821289 -0.084717 0.3451 0.0824 0.0314
v 0.034424 0.823242 -0.084717 0.3294 0.0863 0.0392
v -0.033447 0.823730 -0.084717 0.3137 0.0863 0.0431
v -0.034424 0.825684 -0.084717 0.3137 0.0863 0.0353
v 0.035400 0.825684 -0.084717 0.3451 0.0902 0.0431
v 0.045166 0.829102 -0.084717 0.3608 0.0745 0.0431
v -0.021240 0.831055 -0.084717 0.3255 0.0863 0.0431
v 0.021729 0.831055 -0.084717 0.3137 0.0863 0.0392
v -0.045166 0.833496 -0.084717 0.3843 0.1137 0.0471
v 0.045654 0.833496 -0.084717 0.4039 0.1137 0.0471
v -0.039795 0.838867 -0.084717 0.4432 0.1412 0.0588
v 0.040283 0.838867 -0.084717 0.3568 0.1059 0.0549
v -0.024170 0.843750 -0.084717 0.4196 0.1373 0.0784
v 0.024658 0.843750 -0.084717 0.3804 0.1137 0.0588
v -0.025635 0.852051 -0.084717 0.4275 0.1530 0.0627
v -0.030029 0.852051 -0.084717 0.3725 0.1255 0.0392
v 0.031006 0.852051 -0.084717 0.4039 0.1255 0.0392
v -0.027100 0.881836 -0.084717 0.4784 0.1804 0.0784
v 0.028076 0.881836 -0.084717 0.4784 0.1843 0.0784
v -0.083740 0.461426 -0.084717 0.8078 0.5882 0.0078
v 0.084229 0.461426 -0.084717 0.7921 0.5647 0.0078
v -0.122803 0.460449 -0.084717 0.1020 0.0706 0.0353
v 0.123291 0.460449 -0.084717 0.1373 0.0863 0.0549
v -0.060791 0.457031 -0.084717 0.8157 0.5961 0.0118
v 0.061279 0.456543 -0.084717 0.8235 0.6039 0.0039
v -0.047607 0.455566 -0.084717 0.8157 0.5961 0.0078
v 0.048096 0.455566 -0.084717 0.8274 0.5921 0.0118
v -0.064209 0.445801 -0.084717 0.1569 0.0941 0.0431
v 0.064697 0.445801 -0.084717 0.1333 0.0745 0.0431
v -0.096924 0.198730 -0.084717 0.6667 0.4078 0.2745
v 0.097900 0.198730 -0.084717 0.6745 0.4118 0.2784
v -0.120850 0.170898 -0.084717 0.6628 0.4550 0.1294
v 0.121826 0.170898 -0.084717 0.6745 0.4471 0.0549
v -0.110107 0.169434 -0.084717 0.5961 0.4078 0.1255
v -0.121826 0.161133 -0.084717 0.9137 0.6628 0.0745
v 0.122314 0.161133 -0.084717 0.9215 0.6785 0.0784
v -0.103271 0.037598 -0.084717 0.2235 0.1922 0.1451
v 0.104248 0.037598 -0.084717 0.1216 0.0863 0.0235
v -0.026123 0.822754 -0.085205 0.3255 0.0745 0.0314
v 0.026611 0.822754 -0.085205 0.3372 0.0863 0.0431
v -0.023682 0.826172 -0.085205 0.3059 0.0784 0.0314
v 0.024170 0.826172 -0.085205 0.3216 0.0863 0.0392
v -0.041260 0.829102 -0.085205 0.3765 0.0941 0.0588
v 0.041748 0.829102 -0.085205 0.3490 0.0863 0.0549
v -0.025146 0.856934 -0.085205 0.5137 0.2039 0.0941
v 0.025635 0.856934 -0.085205 0.4510 0.1490 0.0667
v -0.104248 0.482422 -0.085205 0.7686 0.5098 0.0314
v 0.104736 0.481934 -0.085205 0.7608 0.5333 0.0118
v -0.040283 0.833496 -0.085693 0.4392 0.1333 0.0745
v 0.041260 0.833496 -0.085693 0.3412 0.0863 0.0471
v -0.029053 0.843750 -0.085693 0.4706 0.1686 0.0824
v 0.029541 0.843750 -0.085693 0.4039 0.1216 0.0667
v -0.030518 0.857422 -0.085693 0.4275 0.1530 0.0667
v 0.031006 0.857422 -0.085693 0.5176 0.1961 0.0902
v 0.113525 0.468750 -0.085693 0.6432 0.4275 0.0314
v -0.139893 0.066895 -0.085693 0.8392 0.6197 0.0471
v 0.140869 0.066895 -0.085693 0.8039 0.5921 0.0353
v -0.116455 0.019531 -0.085693 0.1412 0.1216 0.0784
v -0.031494 0.822266 -0.086182 0.3255 0.0824 0.0353
v 0.031982 0.822266 -0.086182 0.3333 0.0941 0.0275
v -0.033447 0.838867 -0.086182 0.4118 0.1490 0.0863
v 0.034424 0.838867 -0.086182 0.4902 0.1922 0.0706
v -0.113037 0.468750 -0.086182 0.6276 0.4235 0.0353
v -0.087646 0.450684 -0.086182 0.1098 0.0745 0.0431
v 0.088135 0.450195 -0.086182 0.1059 0.0706 0.0392
v -0.109619 0.238770 -0.086182 0.6628 0.3961 0.2510
v 0.110596 0.238770 -0.086182 0.6706 0.4118 0.2745
v -0.112061 0.219238 -0.086182 0.6550 0.3882 0.2510
v 0.113037 0.219238 -0.086182 0.6667 0.4078 0.2706
v -0.130127 0.076172 -0.086182 0.8000 0.5961 0.0235
v 0.131592 0.076172 -0.086182 0.7490 0.5412 0.0235
v -0.144775 0.021973 -0.086182 0.1843 0.1530 0.1098
v 0.145752 0.021973 -0.086182 0.1843 0.1530 0.1020
v 0.117920 0.019531 -0.086182 0.1216 0.0941 0.0471
v -0.033447 0.825195 -0.086670 0.3412 0.0980 0.0549
v 0.033936 0.825195 -0.086670 0.3490 0.0980 0.0431
v -0.093018 0.215332 -0.086670 0.6785 0.4196 0.2823
v 0.093506 0.215332 -0.086670 0.6706 0.4039 0.2667
v -0.121338 0.076172 -0.086670 0.7686 0.5608 0.0235
v 0.122314 0.076172 -0.086670 0.7804 0.5764 0.0353
v -0.111572 0.066895 -0.086670 0.7843 0.5764 0.0510
v 0.113037 0.066895 -0.086670 0.8039 0.5764 0.0157
v -0.148682 0.048828 -0.086670 0.9372 0.7098 0.0549
v 0.149658 0.048828 -0.086670 0.9215 0.7333 0.1020
v -0.050049 0.444336 -0.087158 0.1059 0.0706 0.0510
v 0.050537 0.444336 -0.087158 0.0941 0.0627 0.0353
v -0.028076 0.823730 -0.087646 0.2980 0.0784 0.0431
v 0.028564 0.823730 -0.087646 0.3294 0.0902 0.0314
v -0.033936 0.829102 -0.087646 0.4589 0.2235 0.1373
v 0.034424 0.829102 -0.087646 0.3843 0.1059 0.0392
v -0.033936 0.833984 -0.087646 0.3568 0.1176 0.0941
v 0.034424 0.833984 -0.087646 0.4589 0.1530 0.0588
v -0.023682 0.838867 -0.087646 0.4118 0.1490 0.0784
v 0.024170 0.838867 -0.087646 0.4039 0.1216 0.0549
v 0.115479 0.470215 -0.087646 0.7725 0.5490 0.0157
v 0.101807 0.465332 -0.087646 0.6863 0.4589 0.0314
v -0.063721 0.446289 -0.087646 0.1373 0.0745 0.0471
v 0.064697 0.446289 -0.087646 0.1255 0.0667 0.0314
v -0.149170 0.047852 -0.087647 0.9529 0.7137 0.1098
v 0.150635 0.047852 -0.087646 0.6589 0.5098 0.0902
v -0.138428 0.020020 -0.087647 0.1216 0.0941 0.0471
v 0.139404 0.020020 -0.087646 0.1412 0.1216 0.0745
v -0.031006 0.824707 -0.088135 0.3019 0.0824 0.0392
v 0.031494 0.824707 -0.088135 0.3372 0.0863 0.0353
v -0.114990 0.470215 -0.088135 0.6276 0.4235 0.0078
v -0.101318 0.465332 -0.088135 0.6628 0.4550 0.0392
v -0.026123 0.827637 -0.088623 0.3686 0.1098 0.0706
v 0.026611 0.827637 -0.088623 0.3372 0.0745 0.0157
v -0.024658 0.833008 -0.088623 0.4314 0.1608 0.0902
v 0.025146 0.833008 -0.088623 0.4196 0.1137 0.0549
v -0.029053 0.839355 -0.088623 0.4863 0.1765 0.0902
v 0.029541 0.839355 -0.088623 0.4039 0.1176 0.0353
v -0.107666 0.467285 -0.088623 0.7098 0.4863 0.0314
v 0.108643 0.467285 -0.088623 0.6941 0.4589 0.0157
v 0.087647 0.451172 -0.088623 0.1216 0.0745 0.0431
v -0.149658 0.045898 -0.088623 0.2392 0.1490 0.0118
v 0.150635 0.045898 -0.088623 0.1843 0.1216 0.0706
v -0.147705 0.033691 -0.088623 0.1490 0.1255 0.0784
v 0.149170 0.033691 -0.088623 0.1451 0.1176 0.0706
v -0.114990 0.022461 -0.088623 0.1686 0.1451 0.1059
v 0.115967 0.022461 -0.088623 0.1490 0.1176 0.0588
v -0.030518 0.828613 -0.089111 0.3098 0.0824 0.0549
v 0.031006 0.828613 -0.089111 0.3843 0.0784 0.0314
v -0.086670 0.451172 -0.089111 0.1255 0.0824 0.0510
v -0.111084 0.058594 -0.089111 0.6315 0.4471 0.1098
v -0.140381 0.058594 -0.089111 0.6315 0.4157 0.0549
v 0.112061 0.058594 -0.089111 0.5843 0.3647 0.0000
v 0.141846 0.058594 -0.089111 0.6589 0.4667 0.0824
v -0.124268 0.020020 -0.089111 0.1255 0.0941 0.0588
v 0.125244 0.020020 -0.089111 0.1255 0.0980 0.0510
v -0.029541 0.833984 -0.089600 0.4314 0.1373 0.0745
v 0.030029 0.833984 -0.089600 0.4039 0.1098 0.0471
v 0.116943 0.459473 -0.089600 0.0941 0.0627 0.0549
v -0.131104 0.067871 -0.089600 0.7804 0.5608 0.0157
v 0.132080 0.067871 -0.089600 0.7921 0.5764 0.0157
v -0.149170 0.039062 -0.089600 0.1412 0.1137 0.0706
v 0.150147 0.039062 -0.089600 0.1804 0.1490 0.0863
v -0.132568 0.020020 -0.089600 0.1373 0.1098 0.0588
v 0.133545 0.020020 -0.089600 0.1333 0.1137 0.0627
v -0.116455 0.459473 -0.090088 0.0941 0.0667 0.0471
v -0.121338 0.067871 -0.090088 0.8157 0.6039 0.0118
v 0.122314 0.067871 -0.090088 0.7960 0.5843 0.0157
v -0.139404 0.022949 -0.090088 0.1647 0.1333 0.0824
v -0.099854 0.466797 -0.090576 0.8157 0.5882 0.0118
v 0.100830 0.466797 -0.090576 0.7804 0.5530 0.0039
v -0.111084 0.049805 -0.090576 0.7451 0.5530 0.1333
v 0.112061 0.049805 -0.090576 0.8627 0.6393 0.1098
v 0.140381 0.022949 -0.090576 0.1843 0.1530 0.1020
v -0.107666 0.469238 -0.091064 0.8353 0.6118 0.0235
v 0.108643 0.469238 -0.091064 0.8039 0.5882 0.0157
v -0.110596 0.048828 -0.091553 0.3372 0.2078 0.0431
v 0.111572 0.048828 -0.091553 0.5530 0.3725 0.0157
v -0.112549 0.034668 -0.091553 0.1216 0.1059 0.0549
v 0.113525 0.034668 -0.091553 0.1216 0.0863 0.0471
v -0.117920 0.460938 -0.092041 0.1490 0.0902 0.0471
v 0.118408 0.460938 -0.092041 0.1765 0.1020 0.0824
v -0.103760 0.456055 -0.092041 0.1098 0.0667 0.0431
v 0.104736 0.456055 -0.092041 0.1059 0.0706 0.0549
v -0.140869 0.050293 -0.092041 0.9529 0.7255 0.0941
v 0.141846 0.050293 -0.092041 0.9490 0.7176 0.0980
v -0.110596 0.046875 -0.092041 0.2667 0.1882 0.0902
v 0.111572 0.046875 -0.092041 0.1843 0.1216 0.0353
v -0.123291 0.023438 -0.092041 0.1686 0.1333 0.0863
v 0.124268 0.023438 -0.092041 0.1765 0.1412 0.0941
v -0.110596 0.458008 -0.092529 0.0980 0.0667 0.0431
v 0.111572 0.458008 -0.092529 0.0941 0.0627 0.0510
v -0.131104 0.059570 -0.092529 0.6824 0.4784 0.0392
v 0.132080 0.059570 -0.092529 0.7333 0.5294 0.1137
v -0.111084 0.039551 -0.092529 0.1608 0.1333 0.0667
v 0.112061 0.039551 -0.092529 0.1686 0.1333 0.0706
v -0.132080 0.023438 -0.092529 0.1569 0.1176 0.0706
v 0.133057 0.023438 -0.092529 0.1882 0.1412 0.0863
v -0.120850 0.059570 -0.093018 0.7216 0.5294 0.0784
v 0.121826 0.059570 -0.093018 0.6863 0.4823 0.0471
v -0.141357 0.049316 -0.093506 0.8784 0.6824 0.1373
v 0.142334 0.049316 -0.093506 0.4196 0.2510 0.0353
v -0.141357 0.047363 -0.093994 0.2667 0.1451 0.0549
v 0.142334 0.047363 -0.093994 0.2510 0.1569 0.0549
v -0.140381 0.035156 -0.093994 0.1765 0.1530 0.1020
v 0.141846 0.035156 -0.093994 0.1098 0.0824 0.0392
v 0.103760 0.457031 -0.094482 0.1608 0.1137 0.0588
v -0.120850 0.050781 -0.094482 0.9451 0.7176 0.1686
v 0.122314 0.050781 -0.094482 0.9098 0.6706 0.1961
v -0.102783 0.457031 -0.094971 0.1255 0.0824 0.0549
v -0.131592 0.050781 -0.094971 0.9647 0.7412 0.0941
v 0.132568 0.050781 -0.094971 0.9333 0.7020 0.1686
v -0.141357 0.040527 -0.094971 0.1412 0.1137 0.0667
v 0.142334 0.040527 -0.094971 0.2510 0.2078 0.1373
v -0.111084 0.459473 -0.095459 0.1255 0.0824 0.0549
v 0.111572 0.459473 -0.095459 0.1098 0.0784 0.0471
v -0.120850 0.049805 -0.095459 0.5019 0.3255 0.0314
v 0.121826 0.049805 -0.095459 0.4550 0.2706 0.0000
v -0.121826 0.035645 -0.095459 0.1686 0.1373 0.0941
v 0.122803 0.035645 -0.095459 0.1530 0.1294 0.0784
v -0.131592 0.049805 -0.095947 0.6667 0.4823 0.1059
v 0.132568 0.049805 -0.095947 0.4863 0.3019 0.0235
v -0.131592 0.035645 -0.095947 0.1176 0.0902 0.0510
v -0.120850 0.047852 -0.096436 0.2667 0.1608 0.0510
v 0.121826 0.047852 -0.096436 0.2432 0.1725 0.0549
v 0.132568 0.035645 -0.096436 0.1490 0.1255 0.0784
v -0.131592 0.048340 -0.096924 0.3490 0.2000 0.0667
v 0.132568 0.048340 -0.096924 0.2941 0.2000 0.0667
v -0.121338 0.040527 -0.096924 0.2078 0.1765 0.1176
v 0.122314 0.040527 -0.096924 0.2039 0.1686 0.1020
v -0.131592 0.041016 -0.097412 0.2275 0.1922 0.1333
v 0.132568 0.041016 -0.097412 0.2432 0.2000 0.1294
s 1
f 3971 3419 3312
f 3971 3312 3890
f 3971 3890 4130
f 4130 3890 4197
f 4197 3890 4222
f 4222 3890 4155
f 3580 3419 4108
f 3419 3580 2786
f 3419 2786 2737
f 3419 2737 2703
f 3419 2703 3312
f 2737 2786 2050
f 2737 2050 2703
f 2050 2786 2106
f 3312 2703 2739
f 3312 2739 3890
f 2050 2106 1312
f 1312 2106 1360
f 2703 2050 2019
f 1312 1360 551
f 551 1360 533
f 2050 1312 1314
f 2050 1314 2019
f 1312 551 584
f 1312 584 1314
f 584 551 39
f 39 551 4912
f 5008 4912 533
f 4912 5008 5211
f 5211 5008 5316
f 4912 5211 39
f 1314 584 721
f 584 39 217
f 584 217 721
f 39 5211 4984
f 1314 721 1439
f 1314 1439 2019
f 217 39 4829
f 4829 39 4984
f 4984 5211 5906
f 5906 5211 5972
f 4829 4984 5562
f 5562 4984 5906
f 217 4829 4827
f 4829 5562 5691
f 4829 5691 4827
f 217 4827 215
f 217 215 721
f 4827 5691 5620
f 5691 5562 6336
f 5691 6336 5620
f 6427 5562 5906
f 5562 6427 6336
f 6427 5906 6525
f 6525 5906 5972
f 6427 6525 7053
f 6525 5972 6634
f 7053 6525 7215
f 7215 6525 6634
f 6634 5972 6099
f 7215 6634 7379
f 6634 6099 6735
f 6634 6735 7379
f 7379 6735 7555
f 7379 7555 7879
f 6954 6427 7053
f 6427 6954 6336
f 6954 7053 7167
f 6954 7167 7166
f 6336 6954 6952
f 6336 6952 6258
f 6258 6952 6986
f 6258 6986 6302
f 6336 6258 5620
f 5620 6258 6302
f 5620 6302 5655
f 5620 5655 4950
f 5620 4950 4827
f 4950 5655 5004
f 4827 4950 215
f 4950 5004 161
f 4950 161 215
f 161 5004 120
f 161 120 867
f 215 161 784
f 784 161 867
f 215 784 721
f 721 784 1439
f 784 867 1540
f 784 1540 1439
f 1540 867 1636
f 1439 1540 2052
f 1439 2052 2019
f 2019 2052 2703
f 2703 2052 2739
f 2052 1540 2147
f 2052 2147 2739
f 2147 1540 1636
f 2739 2147 2796
f 2739 2796 3890
f 2147 1636 2243
f 2147 2243 2796
f 2243 1636 1699
f 1699 1636 908
f 2243 1699 2327
f 2243 2327 2923
f 2243 2923 2796
f 2923 2327 3049
f 3736 3890 2796
f 3736 2796 2923
f 3890 3736 4155
f 2923 3049 3681
f 2923 3681 3736
f 3681 3049 3888
f 3681 3888 4195
f 3736 3681 4058
f 4058 3681 4195
f 3736 4058 4155
f 4058 4195 4399
f 4058 4399 4155
f 3971 4130 4108
f 3971 4108 3419
f 4108 4130 4328
f 4328 4130 4197
f 4108 4328 4153
f 4108 4153 3580
f 3580 4153 3679
f 4153 4328 4397
f 4397 4328 4498
f 4328 4197 4455
f 4328 4455 4498
f 4455 4197 4222
f 4498 4455 4457
f 4457 4455 4222
f 4457 4222 4155
f 4498 4457 4517
f 4457 4155 4399
f 4457 4399 4517
f 4517 4399 4453
f 4453 4399 4195
f 2786 3580 3679
f 2786 3679 2813
f 2786 2813 2106
f 2813 3679 2856
f 2856 3679 3734
f 3734 3679 4153
f 3734 4153 4151
f 2813 2856 2171
f 2106 2813 2129
f 2129 2813 2171
f 2106 2129 1360
f 2129 2171 1358
f 2129 1358 1360
f 1360 1358 533
f 1358 2171 1473
f 533 1358 531
f 1358 1473 613
f 1358 613 531
f 613 1473 660
f 531 613 4910
f 531 4910 5005
f 2893 2856 3734
f 2856 2893 2206
f 2893 3734 3677
f 3677 3734 4151
f 3677 4151 4137
f 2856 2206 2171
f 2171 2206 1504
f 2171 1504 1473
f 1473 1504 660
f 660 1504 691
f 691 1504 1538
f 660 691 4825
f 1538 1504 2206
f 660 4825 4864
f 1538 2206 2204
f 4864 4825 5342
f 2204 2206 2893
f 4864 5342 5209
f 2204 2893 2854
f 2854 2893 3073
f 3073 2893 3677
f 3073 3677 3630
f 3630 3677 4137
f 3630 4137 4091
f 4091 4137 4326
f 4326 4137 4395
f 4326 4395 4451
f 4451 4395 4514
f 4451 4514 4466
f 4466 4514 4533
f 5925 5209 5342
f 5925 5342 5434
f 5925 5434 5863
f 5925 5863 6516
f 5925 6516 6550
f 6550 6516 7330
f 6550 7330 7377
f 7377 7330 7963
f 7377 7963 8015
f 8015 7963 8451
f 8015 8451 8641
f 8015 8641 8889
f 8889 8641 9089
f 8889 9089 9461
f 533 531 5008
f 5008 531 5005
f 5008 5005 5344
f 5008 5344 5316
f 5316 5344 6099
f 5316 6099 5211
f 5211 6099 5972
f 6099 5344 6070
f 6070 5344 5946
f 6099 6070 6735
f 6735 6070 6733
f 6735 6733 7555
f 7555 6733 7644
f 4912 551 533
f 1538 2204 2223
f 2223 2204 2854
f 1538 2223 1609
f 2223 2854 2831
f 1538 1609 691
f 2831 2854 3102
f 691 1609 782
f 691 782 4825
f 4825 782 71
f 3102 2854 3073
f 3102 3073 3630
f 3102 3630 3675
f 3675 3630 4091
f 3675 4091 4089
f 3102 3675 3047
f 3102 3047 2831
f 3047 3675 3628
f 3628 3675 4089
f 3628 4089 4071
f 3628 4071 3556
f 3047 3628 2989
f 2989 3628 3556
f 3556 4071 4018
f 3047 2989 2794
f 3047 2794 2831
f 2989 3556 2852
f 2989 2852 2794
f 2831 2794 2261
f 2831 2261 2223
f 3556 4018 3346
f 3556 3346 2852
f 4236 4125 4018
f 4018 4125 3942
f 4018 3942 3346
f 3942 4125 4003
f 3942 4003 3671
f 3346 3942 3151
f 3151 3942 3671
f 3346 3151 2852
f 3151 3671 3344
f 3151 3344 2948
f 2852 3151 2784
f 2784 3151 2948
f 2784 2948 2660
f 2660 2948 2530
f 2202 2530 2321
f 2530 2202 2325
f 2530 2325 2660
f 2784 2660 2495
f 2495 2660 2325
f 2636 2852 2784
f 2636 2784 2495
f 2495 2325 2104
f 2495 2104 2636
f 2104 2325 2048
f 2104 2048 1665
f 2852 2636 2714
f 2852 2714 2794
f 2794 2714 2261
f 2714 2636 2169
f 2169 2636 2104
f 2714 2169 2261
f 2104 1665 1667
f 2104 1667 2169
f 1667 1665 1106
f 2261 2169 1669
f 1669 2169 1667
f 1667 1106 1050
f 1667 1050 1669
f 865 496 1106
f 1106 496 1050
f 2261 1669 1646
f 2261 1646 2223
f 2223 1646 1609
f 1646 1669 999
f 999 1669 1050
f 1609 1646 906
f 906 1646 999
f 1609 906 782
f 782 906 213
f 906 999 369
f 906 369 213
f 369 999 1050
f 213 369 4944
f 369 1050 529
f 369 529 4944
f 529 1050 496
f 4944 529 155
f 155 529 496
f 4071 4089 4292
f 4236 4018 4071
f 4236 4071 4292
f 4292 4089 4324
f 4324 4089 4091
f 4324 4091 4326
f 4256 4125 4236
f 4256 4236 4360
f 4360 4236 4292
f 4256 4360 4290
f 4290 4360 4412
f 4360 4292 4449
f 4360 4449 4412
f 4449 4292 4324
f 4412 4449 4462
f 4449 4324 4464
f 4464 4324 4326
f 4449 4464 4462
f 4464 4326 4451
f 4462 4464 4481
f 4481 4464 4451
f 4481 4451 4466
f 4462 4481 4362
f 4362 4481 4393
f 4395 4137 4151
f 4395 4151 4427
f 4427 4151 4153
f 4427 4153 4397
f 4427 4397 4534
f 4534 4397 4498
f 4427 4534 4514
f 4427 4514 4395
f 4514 4534 4533
f 4533 4534 4544
f 4544 4534 4498
f 4544 4498 4517
f 4544 4517 4468
f 4468 4517 4453
f 4412 4462 4309
f 4309 4462 4362
f 4412 4309 4219
f 4412 4219 4290
f 4309 4362 4127
f 4127 4362 4163
f 4219 4309 4031
f 4031 4309 4127
f 4290 4219 4069
f 4290 4069 4123
f 4219 4031 3968
f 4219 3968 4069
f 4031 4127 3673
f 4031 3673 3968
f 3673 4127 3868
f 4069 3968 3789
f 4123 4069 3917
f 3917 4069 3789
f 4123 3917 3966
f 3917 3789 3275
f 3275 3789 3968
f 3917 3275 3470
f 3470 3275 2850
f 2850 3275 2701
f 3275 3968 3471
f 3471 3968 3673
f 2701 3275 2811
f 3275 3471 2950
f 2950 3471 3673
f 3275 2950 2811
f 2701 2811 2565
f 2950 3673 3045
f 2811 2950 2634
f 2634 2950 3045
f 3045 3673 3868
f 2811 2634 2612
f 2811 2612 2565
f 2634 3045 2662
f 3045 3868 3153
f 3045 3153 2662
f 2662 3153 2674
f 2565 2612 2398
f 2565 2398 2365
f 2365 2398 1981
f 2365 1981 1979
f 1981 2398 1950
f 1950 2398 2434
f 1979 1981 1634
f 1634 1981 1950
f 1979 1634 1792
f 1950 2434 2470
f 1792 1634 1607
f 1950 2470 1952
f 1952 2470 2472
f 1950 1952 1574
f 1574 1952 1437
f 1950 1574 1634
f 1607 1634 1310
f 1634 1574 1025
f 1310 1634 997
f 997 1634 1025
f 997 1025 689
f 4393 4481 4466
f 4393 4466 4364
f 4466 4533 4364
f 4364 4533 4428
f 4428 4533 4544
f 4364 4428 4193
f 4428 4544 4468
f 4193 4428 4238
f 4238 4428 4468
f 4238 4468 4258
f 4193 4238 3969
f 4238 4258 3992
f 3969 4238 3990
f 3990 4238 3992
f 3969 3990 3186
f 3990 3992 3190
f 3990 3190 3188
f 3188 3190 2497
f 2497 3190 2475
f 2497 2475 1819
f 4393 4364 4193
f 4393 4193 4221
f 4221 4193 3988
f 3988 4193 3969
f 4221 3988 3943
f 4221 3943 4163
f 4163 3943 3868
f 4163 3868 4127
f 3868 3943 3153
f 3153 3943 3184
f 3184 3943 3988
f 3153 3184 2674
f 2674 3184 2676
f 3184 3988 3226
f 3184 3226 2676
f 3226 3988 3969
f 2676 3226 2679
f 3226 3969 3186
f 3226 3186 2679
f 4258 4468 4453
f 4258 4453 4240
f 4240 4453 4195
f 4258 4240 3992
f 4240 4195 3945
f 4240 3945 3992
f 3945 4195 3888
f 3992 3945 3190
f 3945 3888 3049
f 3190 3945 3104
f 3104 3945 3049
f 3190 3104 2475
f 3104 3049 2402
f 3104 2402 2475
f 2402 3049 2327
f 2475 2402 1796
f 1796 2402 1725
f 2475 1796 1819
f 3990 3188 3186
f 3186 3188 2497
f 3186 2497 2638
f 2638 2497 2400
f 2400 2497 1819
f 2400 1819 1794
f 1794 1819 1076
f 2402 2327 1699
f 2402 1699 1725
f 1725 1699 931
f 1725 931 1052
f 1725 1052 1796
f 931 1699 908
f 1052 931 159
f 159 931 908
f 1052 159 313
f 313 159 4887
f 159 908 120
f 120 908 867
f 867 908 1636
f 159 120 5002
f 159 5002 4887
f 5002 120 5004
f 4887 5002 5529
f 5002 5004 5618
f 5002 5618 5529
f 5529 5618 6042
f 5618 5004 5655
f 6042 5618 6160
f 6160 5618 5655
f 6160 5655 6302
f 6160 6302 6552
f 6552 6302 6986
f 6552 6986 7126
f 1796 1052 1076
f 1796 1076 1819
f 1076 1052 372
f 372 1052 313
f 372 313 4862
f 4862 313 4887
f 4862 4887 5491
f 5491 4887 5529
f 4862 5491 4948
f 4862 4948 401
f 5491 5529 6002
f 6002 5529 6042
f 6002 6042 6493
f 6002 6493 6454
f 1076 372 1074
f 1076 1074 1794
f 1074 372 401
f 401 372 4862
f 1074 401 582
f 1074 582 1242
f 582 401 4948
f 582 4948 4790
f 1794 1074 1242
f 1794 1242 1875
f 1794 1875 2400
f 2400 1875 2436
f 2400 2436 2638
f 2436 1875 1952
f 2436 1952 2472
f 1875 1242 1952
f 3186 2638 2679
f 2679 2638 2436
f 2679 2436 2472
f 2679 2472 2676
f 2676 2472 2674
f 2674 2472 2470
f 2674 2470 2662
f 2662 2470 2434
f 2662 2434 2634
f 2634 2434 2398
f 2634 2398 2612
f 4393 4221 4163
f 4393 4163 4362
f 2565 2365 2492
f 2565 2492 2701
f 2492 2365 2320
f 2701 2492 2584
f 2701 2584 2658
f 2701 2658 2850
f 2320 2365 1947
f 1947 2365 1979
f 1947 1979 1792
f 2850 2658 2987
f 1947 1792 1772
f 1947 1772 1723
f 1772 1792 1607
f 1723 1772 1534
f 1534 1772 1607
f 1534 1607 1310
f 1534 1310 1210
f 1534 1210 1502
f 1210 1310 997
f 1210 997 904
f 2699 2987 2658
f 3470 2850 2987
f 2987 2699 3019
f 3019 2699 2697
f 3470 2987 3512
f 3512 2987 3019
f 3470 3512 3966
f 3470 3966 3917
f 3966 3512 3915
f 3019 2697 2946
f 3512 3019 3416
f 3416 3019 2946
f 3512 3416 3915
f 2946 2697 2656
f 3416 2946 3273
f 3416 3273 3915
f 2946 2656 2848
f 2946 2848 3273
f 2848 2656 2606
f 3915 3273 3732
f 2848 2606 2735
f 2735 2606 2488
f 3273 2848 3021
f 3021 2848 2735
f 2735 2488 2582
f 2735 2582 3021
f 2582 2488 2317
f 2582 2317 2321
f 2321 2317 2239
f 2582 2321 2530
f 2582 2530 2770
f 2582 2770 3021
f 2770 2530 2948
f 2770 2948 3021
f 3021 2948 3344
f 3021 3344 3273
f 3273 3344 3732
f 3732 3344 4003
f 4003 3344 3671
f 3732 4003 3915
f 3915 4003 4087
f 3915 4087 3966
f 4087 4003 4125
f 3966 4087 4123
f 4087 4125 4256
f 4087 4256 4123
f 4123 4256 4290
f 2492 2320 2468
f 2468 2320 2323
f 2323 2320 1947
f 2584 2492 2468
f 2584 2468 2567
f 2584 2567 2658
f 2658 2567 2699
f 2699 2567 2610
f 2699 2610 2608
f 2699 2608 2697
f 2697 2608 2656
f 2656 2608 2563
f 2656 2563 2606
f 2606 2563 2490
f 2606 2490 2366
f 2606 2366 2488
f 2488 2366 2241
f 2488 2241 2317
f 2317 2241 2239
f 2239 2241 2145
f 2239 2145 2167
f 2239 2167 2321
f 2567 2468 2323
f 2567 2323 2466
f 2567 2466 2610
f 2610 2466 2608
f 2466 2323 1949
f 2466 1949 1944
f 1944 1949 1790
f 1944 1790 1404
f 1944 1404 1532
f 1532 1404 778
f 1532 778 900
f 900 778 4968
f 900 4968 4823
f 4823 4968 5463
f 4823 5463 5314
f 5314 5463 6119
f 5314 6119 5903
f 5314 5903 5368
f 5903 6119 6330
f 5368 5903 5750
f 5903 6330 6158
f 5903 6158 5750
f 2608 2466 2432
f 2608 2432 2563
f 2432 2466 1944
f 2563 2432 2490
f 2490 2432 2237
f 2490 2237 2366
f 2366 2237 2241
f 2241 2237 2046
f 2237 2432 1889
f 1889 2432 1944
f 2046 2237 1747
f 1747 2237 1889
f 2046 1747 1632
f 1889 1944 1402
f 1889 1402 1747
f 1402 1944 1532
f 1747 1402 1208
f 1402 1532 900
f 1208 1402 800
f 800 1402 900
f 800 900 4823
f 1208 800 612
f 612 800 4885
f 612 4885 5054
f 1949 2323 1947
f 1949 1947 1873
f 782 213 71
f 71 213 5129
f 5129 213 4944
f 4825 71 5342
f 5342 71 5298
f 5298 71 5129
f 5342 5298 5434
f 5129 4944 5276
f 5129 5276 5298
f 5276 4944 5030
f 5434 5298 5391
f 5391 5298 5276
f 5434 5391 5863
f 5276 5030 5653
f 5276 5653 5391
f 5391 5653 5863
f 5653 5030 5274
f 5863 5653 6516
f 6516 5653 6334
f 4944 155 5030
f 5030 155 70
f 660 4864 613
f 613 4864 4910
f 4910 4864 5209
f 4910 5209 5278
f 4910 5278 5005
f 5005 5278 5344
f 5344 5278 5946
f 5946 5278 5209
f 5946 5209 5925
f 5946 5925 6550
f 5946 6550 6632
f 6070 5946 6632
f 6070 6632 6733
f 6733 6632 7420
f 6733 7420 7644
f 7644 7420 8076
f 7644 8076 8184
f 8184 8076 8956
f 8184 8956 9005
f 9005 8956 9512
f 9005 9512 9575
f 8184 9005 9061
f 7644 8184 8186
f 8186 8184 9061
f 7644 8186 7555
f 7555 8186 7879
f 8186 9061 9168
f 9168 9061 9628
f 8186 9168 8529
f 8186 8529 7879
f 7879 8529 8133
f 7420 6632 6550
f 7420 6550 7377
f 7420 7377 8015
f 7420 8015 8076
f 8076 8015 8889
f 7330 6516 7125
f 7125 6516 6334
f 7330 7125 7963
f 6334 5653 5970
f 5970 5653 5274
f 6334 5970 6701
f 6334 6701 7125
f 5970 5274 5861
f 5970 5861 6701
f 7125 6701 7737
f 7125 7737 7959
f 6701 5861 7123
f 6701 7123 7737
f 5030 70 5274
f 5861 5274 4788
f 4788 5274 70
f 5861 4788 211
f 5861 211 5555
f 5861 5555 7123
f 7123 5555 6121
f 211 4788 780
f 211 780 902
f 4788 70 399
f 4788 399 780
f 399 70 429
f 399 429 802
f 399 802 780
f 902 780 1104
f 902 1104 1406
f 1406 1104 1536
f 1406 1536 1697
f 1406 1697 1632
f 1632 1697 2046
f 7553 7123 6121
f 7123 7553 8923
f 8923 7553 8814
f 7553 6121 6523
f 8814 7553 7642
f 7642 7553 6523
f 7642 6523 6871
f 6871 6523 6699
f 9057 7737 7123
f 7737 9057 9194
f 7737 9194 8954
f 8954 9194 9324
f 9324 9194 9485
f 8954 9324 9110
f 9485 9194 9383
f 9485 9383 9544
f 9485 9544 9684
f 9684 9544 9816
f 8954 9110 8887
f 8740 7737 8954
f 8740 8954 8887
f 7737 8740 7959
f 8740 8887 8527
f 8740 8527 7959
f 8527 8887 8742
f 8742 8887 9028
f 8742 9028 8639
f 8527 8742 8449
f 8527 8449 7959
f 8449 8742 8639
f 7959 8449 7963
f 7963 8449 8451
f 8451 8449 8639
f 8451 8639 8641
f 70 155 429
f 429 155 496
f 429 496 865
f 429 865 802
f 802 865 1144
f 802 1144 1102
f 1144 865 1106
f 1102 1144 1433
f 1433 1144 1106
f 1102 1433 1435
f 1433 1106 1665
f 1435 1433 1661
f 1661 1433 1665
f 1435 1661 1663
f 1661 1665 2048
f 1663 1661 2043
f 2043 1661 2048
f 2043 2048 2325
f 1663 2043 2042
f 2043 2325 2202
f 2043 2202 2042
f 2042 2202 2167
f 2167 2202 2321
f 780 802 1104
f 802 1102 1104
f 1104 1102 1536
f 1536 1102 1435
f 1536 1435 1663
f 1536 1663 1697
f 1406 1632 902
f 1697 1663 2046
f 1663 2042 2046
f 2046 2042 2145
f 2145 2042 2167
f 2145 2241 2046
f 1632 1747 1208
f 1632 1208 995
f 1632 995 902
f 995 1208 612
f 902 995 310
f 310 995 612
f 310 612 5432
f 5432 612 5054
f 5432 5054 5527
f 5432 5527 5924
f 5924 5527 6332
f 6332 5527 5968
f 6332 5968 6372
f 6332 6372 6699
f 902 310 211
f 211 310 5555
f 5555 310 5432
f 5555 5432 5924
f 5555 5924 6121
f 6121 5924 6523
f 6523 5924 6332
f 6523 6332 6699
f 4885 800 4823
f 5054 4885 5368
f 5054 5368 5527
f 5368 4885 5314
f 5314 4885 4823
f 5527 5368 5750
f 5527 5750 5968
f 5968 5750 6235
f 6235 5750 6158
f 5968 6235 6372
f 6235 6158 5966
f 5966 6158 6117
f 5966 6117 5837
f 5966 5837 5719
f 5719 5837 5717
f 6235 5966 6068
f 6068 5966 5719
f 6233 6372 6235
f 6233 6235 6068
f 6372 6233 6548
f 5719 5717 5809
f 6233 6068 5781
f 5781 6068 5719
f 6548 6233 6036
f 6036 6233 5781
f 6548 6036 6370
f 5719 5809 5779
f 5719 5779 5781
f 5781 5779 5859
f 5781 5859 6036
f 6036 5859 6034
f 6370 6036 6096
f 6036 6034 6094
f 6036 6094 6096
f 6096 6094 6030
f 6096 6030 6032
f 6032 6030 6028
f 6028 6030 5901
f 6032 6028 5998
f 6032 5998 6066
f 6066 5998 6211
f 5613 5809 5717
f 5809 5613 5688
f 5688 5613 5647
f 5688 5647 5687
f 5647 5613 5560
f 5560 5613 5553
f 5463 4968 5056
f 5056 4968 778
f 5056 778 688
f 5463 5056 5588
f 5463 5588 6119
f 6699 6372 6548
f 6699 6548 6771
f 6699 6771 6871
f 6771 6548 6588
f 6871 6771 7475
f 7475 6771 6588
f 6871 7475 7642
f 6588 6548 6370
f 7642 7475 8738
f 7642 8738 8814
f 8738 7475 8693
f 7475 6588 7249
f 7475 7249 8693
f 8693 7249 8394
f 8693 8394 9206
f 8394 7249 7093
f 7093 7249 6588
f 7093 6588 6487
f 6487 6588 6370
f 6487 6370 6254
f 6254 6370 6032
f 6254 6032 6066
f 6254 6066 6487
f 6487 6066 6252
f 6487 6252 6980
f 8923 8814 9459
f 9459 8814 9434
f 9434 8814 8738
f 9459 9434 9847
f 9847 9434 9927
f 9434 8738 9483
f 9434 9483 9927
f 9483 8738 8693
f 9927 9483 10015
f 9410 8923 9459
f 8923 9410 9057
f 9194 9057 9383
f 9383 9057 9544
f 9544 9057 9410
f 9410 9459 9750
f 9544 9410 9678
f 9678 9410 9750
f 9544 9678 9816
f 9816 9678 9864
f 9864 9678 9750
f 9750 9459 9789
f 9864 9750 9894
f 9894 9750 9789
f 9894 9789 9969
f 9969 9789 9891
f 8693 9206 9483
f 9483 9206 9622
f 9483 9622 10015
f 8394 7093 8230
f 8394 8230 9193
f 9193 8230 9139
f 9139 8230 8177
f 9139 8177 9085
f 8230 7093 6980
f 8230 6980 8177
f 6980 7093 6487
f 8177 6980 6908
f 6908 6980 6252
f 6908 6252 6211
f 6211 6252 6066
f 9206 8394 9193
f 9206 9193 9618
f 9206 9618 9622
f 9622 9618 10013
f 9622 10013 10015
f 10013 9618 9887
f 9887 9618 9569
f 9569 9618 9193
f 9569 9193 9139
f 9569 9139 9085
f 9569 9085 9509
f 9509 9085 9536
f 9536 9085 9024
f 9536 9024 9614
f 9614 9024 8999
f 9614 8999 9612
f 9614 9612 10155
f 9612 8999 8917
f 10155 9612 10110
f 9612 8917 9524
f 9612 9524 10110
f 9524 8917 8736
f 10110 9524 9709
f 9524 8736 9266
f 9524 9266 9709
f 9266 8736 8344
f 9709 9266 8781
f 8781 9266 8344
f 9709 8781 9264
f 8781 8344 7873
f 9264 8781 8525
f 8781 7873 7689
f 8781 7689 8525
f 8525 7689 7687
f 7687 7689 6976
f 7687 6976 7160
f 7687 7160 8129
f 8129 7160 7825
f 7825 7160 7471
f 7471 7160 6867
f 7471 6867 7326
f 6867 7160 6731
f 6731 7160 6976
f 6867 6731 6628
f 6731 6976 6288
f 6288 6976 6584
f 6731 6288 5943
f 6731 5943 6628
f 6628 5943 5857
f 6628 5857 6626
f 6628 6626 7119
f 6626 5857 5639
f 6626 5639 6697
f 6626 6697 7546
f 6697 5639 5741
f 7546 6697 7871
f 6697 5741 6695
f 6697 6695 7871
f 6695 5741 5803
f 5803 5741 5163
f 5803 5163 5085
f 5803 5085 5827
f 6695 5803 6767
f 6767 5803 5827
f 7871 6695 8009
f 8009 6695 6767
f 7871 8009 8691
f 7871 8691 8483
f 8691 8009 8688
f 6767 5827 6845
f 6845 5827 5801
f 8009 6767 7955
f 8009 7955 8688
f 7955 6767 6845
f 8688 7955 7782
f 7782 7955 6845
f 8688 7782 8481
f 8481 7782 8222
f 6845 5801 6765
f 6845 6765 7782
f 6765 5801 5740
f 8222 7782 7584
f 7584 7782 6765
f 8222 7584 8005
f 6765 5740 6622
f 6765 6622 7584
f 6622 5740 5545
f 7584 6622 6480
f 6480 6622 5545
f 7584 6480 7467
f 6480 5545 5380
f 10013 9887 10157
f 10013 10157 10244
f 10157 9887 9762
f 9762 9887 9569
f 9762 9569 9509
f 10157 9762 9922
f 10244 10157 10159
f 10159 10157 9922
f 10244 10159 10246
f 10159 9922 9963
f 10246 10159 9924
f 9924 10159 9963
f 9924 9963 9810
f 10013 10244 10015
f 10015 10244 10247
f 10015 10247 9927
f 10247 10244 10246
f 9927 10247 10181
f 9927 10181 9847
f 10247 10246 10204
f 10247 10204 10181
f 10204 10246 9965
f 9965 10246 9924
f 10204 9965 9925
f 10204 9925 10125
f 10204 10125 10181
f 10125 9925 9658
f 10079 9847 10181
f 10079 10181 10125
f 9847 10079 9789
f 9789 10079 9891
f 10079 10125 9967
f 10079 9967 9891
f 9967 10125 9658
f 9967 9658 9602
f 9967 9602 9764
f 9891 9967 9890
f 9890 9967 9764
f 9890 9764 9812
f 9890 9812 9929
f 9890 9929 9969
f 9929 9812 9814
f 9814 9812 9728
f 9814 9728 9711
f 9814 9711 9680
f 9814 9680 9849
f 9864 9894 9969
f 9864 9969 9971
f 9971 9969 9929
f 9864 9971 9816
f 9971 9929 9932
f 9932 9929 9814
f 9971 9932 9972
f 9932 9814 10017
f 9932 10017 9972
f 10017 9814 9849
f 9972 10017 10127
f 10127 10017 10161
f 10161 10017 9849
f 10161 9849 10019
f 9922 9762 9961
f 9961 9762 9862
f 9922 9961 9963
f 9961 9862 10123
f 9963 9961 10011
f 10011 9961 10123
f 9963 10011 9810
f 9810 10011 9538
f 9538 10011 9616
f 9616 10011 9726
f 10123 9862 10048
f 9726 10011 10242
f 10242 10011 10123
f 9726 10242 9748
f 9748 10242 10289
f 10289 10242 10123
f 9748 10289 9598
f 10123 10048 10280
f 10123 10280 10289
f 10280 10048 10155
f 9598 10289 10179
f 10179 10289 10280
f 9598 10179 9367
f 9367 10179 9860
f 10179 10280 10278
f 10278 10280 10155
f 10179 10278 9860
f 10278 10155 10110
f 9860 10278 10009
f 9924 9810 9538
f 9924 9538 9600
f 9924 9600 9965
f 9965 9600 9620
f 9620 9600 9143
f 9600 9538 9141
f 9600 9141 9143
f 9141 9538 9108
f 9143 9141 8346
f 9141 9108 8301
f 8346 9141 8303
f 8303 9141 8301
f 8346 8303 7210
f 8303 8301 7208
f 8303 7208 7210
f 9862 9762 9509
f 9862 9509 9536
f 9862 9536 9614
f 9862 9614 10048
f 10048 9614 10155
f 9024 9085 7875
f 9024 7875 8999
f 8999 7875 7733
f 7733 7875 6544
f 8999 7733 8917
f 8917 7733 7550
f 7550 7733 6482
f 5707 5558 6482
f 6482 5558 6366
f 6482 6366 7550
f 7550 6366 7294
f 7550 7294 8736
f 8917 7550 8736
f 7733 6544 6482
f 6482 6544 5707
f 5707 6544 5831
f 5831 6544 6187
f 6187 6544 6546
f 6187 6546 6485
f 6546 6544 7164
f 7164 6544 7875
f 8344 8736 7294
f 8344 7294 7021
f 8344 7021 7873
f 7021 7294 6185
f 6185 7294 6366
f 6185 6366 5558
f 6185 5558 5411
f 6185 5411 5964
f 6185 5964 7021
f 5964 5411 5270
f 6769 7873 7021
f 6769 7021 5964
f 7873 6769 6584
f 7873 6584 7689
f 7689 6584 6976
f 5964 5270 5829
f 5964 5829 6769
f 6769 5829 6584
f 5829 5270 5091
f 5829 5091 5000
f 6584 5829 5547
f 6584 5547 5382
f 6584 5382 6288
f 6288 5382 5943
f 5943 5382 5233
f 5233 5382 427
f 5233 427 5087
f 5233 5087 5943
f 5943 5087 5857
f 5857 5087 4998
f 4998 5087 863
f 4998 863 994
f 4998 994 425
f 425 994 1174
f 1174 994 1719
f 1719 994 863
f 1719 863 1695
f 5270 5411 4908
f 4908 5411 5093
f 5093 5411 5558
f 5093 5558 5294
f 5294 5558 5413
f 5413 5558 5707
f 5413 5707 5831
f 5413 5831 5551
f 5551 5831 5833
f 5833 5831 6187
f 5551 5833 5611
f 5121 4883 4908
f 4821 5270 4908
f 4821 4908 4883
f 5270 4821 5091
f 4821 4883 35
f 4821 35 5091
f 35 4883 118
f 35 118 527
f 5091 35 5000
f 5000 35 4966
f 5829 5000 5547
f 5547 5000 5382
f 5000 4966 5382
f 4966 35 492
f 4966 492 427
f 4966 427 5382
f 427 492 1023
f 427 1023 1695
f 427 1695 863
f 427 863 5087
f 492 35 527
f 492 527 1023
f 1023 527 1142
f 1023 1142 1788
f 1023 1788 1695
f 118 4883 4819
f 4819 4883 5268
f 5268 4883 5121
f 118 4819 188
f 118 188 527
f 188 4819 4860
f 527 188 745
f 527 745 1142
f 188 4860 33
f 188 33 745
f 4860 4819 5235
f 5235 4819 5268
f 4860 5235 33
f 745 33 31
f 1142 745 1176
f 1142 1176 1788
f 490 1176 31
f 1176 490 1240
f 1176 1240 1788
f 1788 1240 1786
f 1786 1240 1693
f 1786 1693 1898
f 5089 31 33
f 31 5089 29
f 5089 33 5052
f 5052 33 5235
f 29 5089 5607
f 5607 5089 5052
f 29 5607 5521
f 29 5521 5460
f 5607 5052 5641
f 5641 5052 5805
f 5805 5052 5235
f 5805 5235 5268
f 5805 5268 5922
f 5922 5268 5609
f 5609 5268 5121
f 5609 5121 5384
f 5384 5121 4908
f 5384 4908 5093
f 5384 5093 5294
f 5609 5384 6024
f 5384 5294 5549
f 5384 5549 6024
f 5549 5294 5413
f 6024 5549 6368
f 5549 5413 5643
f 5549 5643 6368
f 5643 5413 5551
f 6368 5643 6292
f 6292 5643 5743
f 6368 6292 6586
f 6368 6586 6229
f 6292 5743 6404
f 6404 5743 6484
f 6484 5743 6026
f 6026 5743 5713
f 6026 5713 5897
f 6026 5897 5996
f 6292 6404 6978
f 6292 6978 6586
f 6404 6484 7091
f 6404 7091 6978
f 7091 6484 7247
f 7091 7247 8101
f 8101 7247 8301
f 8101 8301 9083
f 6978 7091 7908
f 6978 7908 6586
f 9001 7908 8101
f 7908 9001 8919
f 7908 8919 7473
f 7908 7473 6586
f 7473 8919 8635
f 6586 7473 7049
f 8228 7049 8635
f 6586 7049 6229
f 7049 8228 6801
f 7049 6801 6229
f 6801 8228 7786
f 6801 7786 6630
f 6229 6801 6064
f 6064 6801 6630
f 6229 6064 5609
f 5609 6064 5922
f 5922 6064 6630
f 5922 6630 6452
f 1695 1788 1786
f 1695 1786 1719
f 1719 1786 1898
f 1719 1898 1745
f 1719 1745 1174
f 1176 745 31
f 1240 490 776
f 776 490 31
f 1240 776 1977
f 1977 776 1356
f 1240 1977 1693
f 1693 1977 1898
f 1898 1977 2561
f 2561 1977 2430
f 1898 2561 1745
f 776 31 29
f 5641 5805 6290
f 6290 5805 6452
f 6452 5805 5922
f 5641 6290 6403
f 5641 6403 5607
f 6290 6452 6869
f 6290 6869 6403
f 6869 6452 7121
f 6869 7121 7548
f 6869 7548 6906
f 6869 6906 6403
f 6403 6906 6950
f 6403 6950 6400
f 6403 6400 5607
f 5607 6400 5521
f 5521 6400 6250
f 5521 6250 5460
f 237 29 5460
f 237 5460 5334
f 5334 5460 6250
f 237 5334 488
f 488 5334 5231
f 5334 6250 6113
f 5231 5334 6111
f 6111 5334 6113
f 5231 6111 6156
f 5231 6156 5161
f 5161 6156 5050
f 5050 6156 6154
f 6113 6250 6797
f 6797 6250 6799
f 6111 6113 6974
f 6974 6113 6797
f 7156 6156 6111
f 7156 6111 6974
f 6974 6797 7586
f 7586 6797 7158
f 6974 7586 8011
f 6974 8011 8224
f 6974 8224 7156
f 6156 7156 7245
f 7245 7156 8224
f 6156 7245 6154
f 7245 8224 8299
f 7245 8299 7204
f 7245 7204 6152
f 7245 6152 6154
f 6154 6152 5050
f 5050 6152 4996
f 4996 6152 6062
f 6452 6630 7786
f 6452 7786 7121
f 7121 7786 8226
f 7121 8226 7548
f 8226 7786 8974
f 8974 7786 8228
f 8974 8228 9367
f 9367 8228 8635
f 9367 8635 9598
f 8974 9367 9860
f 8974 9860 9432
f 8974 9432 8779
f 8635 7049 7473
f 8635 8919 9598
f 9598 8919 9748
f 9748 8919 9001
f 9748 9001 9726
f 9726 9001 9083
f 9083 9001 8101
f 9726 9083 9616
f 9616 9083 9538
f 9538 9083 9108
f 9108 9083 8301
f 9620 9143 8884
f 8884 9143 8346
f 8884 8346 7375
f 8884 7375 7514
f 9620 8884 9540
f 9620 9540 9965
f 9965 9540 9925
f 9925 9540 9658
f 9540 8884 8921
f 8921 8884 7514
f 9540 8921 9658
f 8921 7514 7735
f 9658 8921 8976
f 8976 8921 7735
f 9658 8976 9602
f 8976 7735 9055
f 8976 9055 9602
f 9055 7735 7910
f 9602 9055 9624
f 9602 9624 9764
f 9624 9055 9571
f 9847 9789 9459
f 9891 9890 9969
f 9764 9624 9812
f 9812 9624 9728
f 9728 9624 9571
f 9728 9571 9711
f 9711 9571 9542
f 9711 9542 9680
f 9542 9571 9026
f 9026 9571 9055
f 9680 9542 9526
f 9526 9542 9026
f 9026 9055 7877
f 7877 9055 7910
f 9526 9026 9436
f 9026 7877 8179
f 9026 8179 9436
f 9526 9436 9682
f 9526 9682 9680
f 9436 8179 9296
f 9296 8179 9059
f 9059 8179 8637
f 8637 8179 7251
f 8637 7251 8232
f 7251 8179 6040
f 6040 8179 6193
f 6040 6193 5340
f 10019 9680 9682
f 9680 10019 9849
f 10019 9682 10183
f 10183 9682 9791
f 9791 9682 9573
f 9791 9573 9412
f 10183 9791 9938
f 10183 9938 10293
f 10293 9938 10337
f 9791 9412 9438
f 9791 9438 9938
f 9438 9412 9166
f 10337 9938 10081
f 10081 9938 9438
f 9438 9166 8853
f 10337 10081 10358
f 9438 8853 9003
f 10081 9438 9548
f 9548 9438 9003
f 9003 8853 8265
f 8265 8853 8305
f 8265 8305 8074
f 9003 8265 8181
f 9003 8181 9087
f 9003 9087 9548
f 10081 9548 9626
f 9626 9548 9087
f 10081 9626 10129
f 10081 10129 10358
f 9626 9087 9640
f 9626 9640 10129
f 9640 9087 9112
f 10358 10129 10186
f 10186 10129 9640
f 10358 10186 10363
f 9640 9112 9145
f 9145 9112 8183
f 9145 8183 8235
f 9640 9145 9660
f 9640 9660 10206
f 9640 10206 10186
f 10186 10206 10363
f 10363 10206 10373
f 10373 10206 10381
f 9436 9296 9573
f 9436 9573 9682
f 9573 9296 9412
f 9412 9296 9059
f 9412 9059 9166
f 9166 9059 8637
f 9166 8637 8853
f 8853 8637 8305
f 8305 8637 8232
f 8305 8232 7961
f 8305 7961 8074
f 8074 7961 7788
f 8074 7788 7912
f 7912 7788 7691
f 7912 7691 7790
f 8232 7251 7212
f 6256 7251 6040
f 7251 6256 7212
f 7212 6256 6491
f 7212 6491 7051
f 7212 7051 7788
f 7212 7788 7961
f 7788 7051 7691
f 7961 8232 7212
f 8265 8074 7912
f 8265 7912 8181
f 8181 7912 7790
f 7691 7051 7588
f 7691 7588 7790
f 7790 7588 8183
f 7588 7051 6982
f 6982 7051 6491
f 6982 6491 6454
f 6454 6491 6000
f 6454 6000 6002
f 6002 6000 5491
f 5491 6000 5465
f 5491 5465 5032
f 5491 5032 4948
f 8181 7790 8183
f 8181 8183 9087
f 9087 8183 9112
f 10293 10337 10385
f 10293 10385 10353
f 10353 10385 10379
f 10293 10353 10183
f 10353 10379 10346
f 10183 10353 10291
f 10291 10353 10346
f 10183 10291 10019
f 10291 10346 10282
f 10019 10291 10161
f 10161 10291 10282
f 10161 10282 10127
f 10385 10337 10358
f 10385 10358 10394
f 10385 10394 10379
f 10394 10358 10403
f 10403 10358 10363
f 10403 10363 10410
f 10403 10410 10413
f 10403 10413 10407
f 10403 10407 10394
f 10407 10413 10387
f 10407 10387 10371
f 10407 10371 10397
f 10407 10397 10394
f 10394 10397 10379
f 10410 10363 10373
f 10410 10373 10381
f 10410 10381 10415
f 10415 10381 10365
f 10410 10415 10417
f 10410 10417 10413
f 10413 10417 10399
f 10413 10399 10389
f 10399 10417 10409
f 10409 10417 10415
f 10399 10409 10391
f 10391 10409 10355
f 10355 10409 10383
f 10409 10415 10405
f 10409 10405 10383
f 10405 10415 10365
f 10383 10405 10375
f 10375 10405 10365
f 10383 10375 10350
f 10375 10365 10332
f 10350 10375 10341
f 10341 10375 10332
f 10397 10371 10379
f 10379 10371 10338
f 10379 10338 10346
f 10346 10338 10268
f 10346 10268 10282
f 10338 10371 10163
f 10338 10163 10268
f 10282 10268 10112
f 10282 10112 10127
f 10112 10268 9766
f 10127 10112 9934
f 9934 10112 9766
f 10127 9934 9972
f 9972 9934 9816
f 9972 9816 9971
f 9816 9934 9684
f 9684 9934 9766
f 9684 9766 9485
f 9485 9766 9546
f 9485 9546 9324
f 9936 9766 10268
f 9766 9936 9546
f 9936 10268 10163
f 9324 9546 9110
f 9936 10163 9730
f 9936 9730 9546
f 9110 9546 9369
f 9369 9546 9730
f 9110 9369 9028
f 9110 9028 8887
f 9028 9369 9089
f 9028 9089 8639
f 9089 9369 9461
f 9461 9369 9730
f 9461 9730 9866
f 9866 9730 10295
f 10295 9730 10163
f 10295 10163 10371
f 9866 10295 10311
f 10311 10295 10371
f 10311 10371 10387
f 10413 10389 10387
f 10311 10387 10328
f 10328 10387 10389
f 10328 10389 10348
f 10348 10389 10399
f 10311 10328 10020
f 10020 10328 10348
f 10020 10348 10083
f 10020 10083 9575
f 10311 10020 9975
f 10020 9575 9512
f 10020 9512 9975
f 9975 9512 9486
f 9486 9512 8956
f 9486 8956 8889
f 8889 8956 8076
f 10381 10206 10249
f 10381 10249 10365
f 10249 10206 9713
f 9713 10206 9660
f 10365 10249 10208
f 10365 10208 10332
f 10249 9713 9732
f 10249 9732 10208
f 9713 9660 9208
f 9208 9660 9145
f 9208 9145 8396
f 8396 9145 8235
f 9208 8396 8398
f 9713 9208 9237
f 9237 9208 8398
f 9713 9237 9732
f 9237 8398 8744
f 9237 8744 9341
f 9237 9341 9732
f 8815 9371 9341
f 9341 9371 9686
f 9732 9341 9734
f 9734 9341 9686
f 9732 9734 10208
f 9734 9686 10131
f 9734 10131 10208
f 10131 9686 10051
f 10208 10131 10332
f 10131 10051 10270
f 10131 10270 10332
f 10348 10399 10391
f 10348 10391 10330
f 10330 10391 10284
f 10284 10391 10355
f 10348 10330 10084
f 10348 10084 10083
f 10330 10284 10022
f 10330 10022 10084
f 10284 10355 10210
f 10284 10210 10022
f 10210 10355 10313
f 10313 10355 10383
f 10313 10383 10350
f 10022 10210 9940
f 9577 10083 10084
f 9577 10084 10022
f 10083 9577 9575
f 10022 9940 9628
f 10022 9628 9577
f 9577 9628 9061
f 9628 9940 9604
f 9628 9604 9170
f 9628 9170 9168
f 9168 9170 8529
f 8529 9170 8643
f 9575 9577 9061
f 9575 9061 9005
f 10311 9975 9866
f 9866 9975 9461
f 9975 9486 9461
f 9461 9486 8889
f 9170 9604 9662
f 9662 9604 9940
f 9662 9940 10210
f 9170 9662 9114
f 9170 9114 8643
f 8529 8643 8133
f 8133 8643 8307
f 8133 8307 8103
f 8307 8643 8400
f 8307 8400 8103
f 8400 8643 9114
f 8103 8400 8017
f 8017 8400 7830
f 8400 9114 8978
f 8978 9114 9662
f 7830 8400 8188
f 8188 8400 8978
f 7830 8188 8077
f 7830 8077 7693
f 7693 8077 7741
f 7741 8077 7829
f 8077 8188 8817
f 8817 8188 8978
f 7829 8077 8135
f 8135 8077 8817
f 7829 8135 7965
f 7965 8135 8744
f 8744 8135 8815
f 8815 8135 8817
f 8744 8815 9341
f 8815 8817 9371
f 9371 8817 9463
f 9463 8817 8978
f 9371 9463 9686
f 9686 9463 10051
f 9463 8978 9630
f 9630 8978 9662
f 10051 9463 9977
f 9977 9463 9630
f 10051 9977 10270
f 9977 9630 10187
f 10187 9630 9662
f 9977 10187 10270
f 10270 10187 10341
f 10270 10341 10332
f 10187 9662 10188
f 10187 10188 10341
f 10188 9662 10210
f 10341 10188 10350
f 10188 10210 10313
f 10188 10313 10350
f 7966 7879 8133
f 7966 8133 8103
f 7879 7966 7646
f 7879 7646 7379
f 7966 8103 7739
f 7966 7739 7646
f 7739 8103 8017
f 7379 7646 7422
f 7422 7646 7739
f 7379 7422 7215
f 7739 8017 7830
f 7215 7422 7254
f 7254 7422 7739
f 7215 7254 7053
f 7053 7254 7167
f 7254 7739 7557
f 7557 7739 7830
f 7254 7557 7167
f 7557 7830 7693
f 7167 7557 7477
f 7477 7557 7693
f 7477 7693 7741
f 7167 7477 7166
f 7477 7741 7517
f 7477 7517 7166
f 7517 7741 7829
f 7517 7829 7592
f 7517 7592 7253
f 7517 7253 7166
f 7166 7253 6986
f 7166 6986 6952
f 7166 6952 6954
f 6042 6160 6493
f 6493 6160 6552
f 6493 6552 6984
f 6984 6552 7126
f 6984 7126 7590
f 6984 7590 7588
f 7588 7590 8183
f 8183 7590 8235
f 8235 7590 7792
f 7792 7590 7126
f 8235 7792 8396
f 8396 7792 8398
f 8398 7792 7126
f 8398 7126 7515
f 7515 7126 6986
f 7515 6986 7253
f 7515 7253 7592
f 8398 7515 7965
f 7965 7515 7592
f 8398 7965 8744
f 7965 7592 7829
f 6984 7588 6982
f 6984 6982 6493
f 6493 6982 6454
f 5465 6000 5207
f 5465 5207 5032
f 5032 5207 4946
f 5032 4946 4790
f 5207 6000 5616
f 5616 6000 6256
f 5616 6256 6040
f 6256 6000 6491
f 6193 8179 7877
f 6193 7877 6662
f 6662 7877 7910
f 6662 7910 6803
f 6803 7910 6590
f 6590 7910 7735
f 6300 6803 6489
f 6489 6803 6590
f 6590 7735 7514
f 6489 6590 6298
f 6489 6298 6330
f 6590 7514 6406
f 6590 6406 6298
f 6406 7514 7375
f 6330 6298 6117
f 6330 6117 6158
f 6117 6298 6038
f 6038 6298 6406
f 6117 6038 5837
f 6406 7375 6231
f 6406 6231 6038
f 6231 7375 7210
f 7210 7375 8346
f 6231 7210 6191
f 6038 6231 5835
f 5835 6231 6191
f 6038 5835 5837
f 5835 6191 5649
f 5837 5835 5715
f 5715 5835 5649
f 5837 5715 5613
f 5715 5649 5553
f 5616 6040 5340
f 37 5207 5616
f 37 5616 5340
f 5207 37 157
f 5207 157 4946
f 157 37 549
f 4946 157 4790
f 157 549 689
f 689 549 904
f 689 904 997
f 157 689 312
f 157 312 4790
f 312 689 1025
f 4790 312 582
f 312 1025 804
f 312 804 582
f 804 1025 1574
f 582 804 1242
f 804 1574 1437
f 804 1437 1242
f 5032 4790 4948
f 549 37 904
f 904 37 494
f 494 37 5340
f 904 494 1178
f 904 1178 1210
f 1210 1178 1502
f 1502 1178 1309
f 1502 1309 1723
f 1309 1178 688
f 688 1178 494
f 1723 1309 1721
f 1723 1721 1873
f 1873 1721 1949
f 688 494 5244
f 5244 494 5340
f 688 5244 5056
f 5244 5340 6193
f 5244 6193 5056
f 5056 6193 5588
f 5588 6193 6662
f 5588 6662 6300
f 6300 6662 6803
f 1242 1437 1952
f 1723 1534 1502
f 1947 1723 1873
f 1949 1721 1790
f 1790 1721 1309
f 1790 1309 1404
f 1404 1309 778
f 778 1309 688
f 6119 5588 6300
f 6119 6300 6489
f 6119 6489 6330
f 6191 7210 7208
f 6191 7208 6189
f 6191 6189 5649
f 5649 6189 5685
f 6189 7208 7247
f 7247 7208 8301
f 7091 8101 7908
f 7247 6484 6189
f 6368 6229 6024
f 6024 6229 5609
f 5643 5551 5743
f 5743 5551 5611
f 6484 6026 6189
f 6189 6026 5899
f 5743 5611 5713
f 5899 6026 5996
f 5996 5897 5899
f 5899 5897 5807
f 5807 5897 5683
f 5897 5713 5747
f 5747 5713 5523
f 6189 5899 5685
f 5685 5899 5748
f 5523 5713 5611
f 5897 5747 5683
f 5683 5747 5523
f 5683 5523 5429
f 5429 5523 5338
f 5429 5338 5238
f 5338 5523 5611
f 5238 5338 5123
f 5123 5338 5272
f 5272 5338 5611
f 5123 5272 5124
f 5272 5611 5296
f 5272 5296 5124
f 5124 5296 5236
f 5296 5611 5833
f 5236 5296 5336
f 5336 5296 5833
f 5236 5336 5386
f 5386 5336 5462
f 5462 5336 5833
f 5386 5462 5709
f 5462 5833 5745
f 5462 5745 5709
f 5745 5833 6187
f 5745 6187 6090
f 5745 6090 5709
f 5709 6090 6091
f 5899 5807 5748
f 5748 5807 5645
f 5645 5807 5683
f 5748 5645 5647
f 5647 5645 5525
f 5647 5525 5687
f 5645 5683 5431
f 5645 5431 5525
f 5525 5431 5366
f 5431 5683 5429
f 5366 5431 5242
f 5242 5431 5429
f 5242 5429 5238
f 5685 5748 5647
f 5649 5685 5560
f 5560 5685 5647
f 5649 5560 5553
f 5553 5613 5715
f 5837 5613 5717
f 5809 5688 5687
f 5809 5687 5779
f 5687 5525 5366
f 5687 5366 5651
f 5242 5127 5366
f 5366 5127 5164
f 5366 5164 5389
f 5366 5389 5651
f 5389 5164 5240
f 5389 5240 5489
f 5489 5240 5387
f 5389 5489 5651
f 5651 5489 5901
f 5651 5901 6034
f 5651 6034 5859
f 5651 5859 5779
f 5242 5238 5127
f 5127 5238 5123
f 5127 5123 5164
f 5164 5123 5124
f 5164 5124 5240
f 5240 5124 5236
f 5240 5236 5386
f 5240 5386 5387
f 5687 5651 5779
f 5387 5386 5711
f 5711 5386 5709
f 5711 5709 6091
f 5711 6091 6115
f 5387 5711 5489
f 5489 5711 5777
f 5489 5777 5901
f 5901 5777 6028
f 6028 5777 5711
f 6028 5711 6115
f 6028 6115 6213
f 6213 6115 6425
f 6090 6187 6294
f 6090 6294 6091
f 6294 6187 6485
f 6091 6294 6295
f 6295 6294 6485
f 6295 6485 6425
f 6091 6295 6115
f 6115 6295 6425
f 6485 6546 6425
f 6425 6546 6908
f 6908 6546 7164
f 6908 7164 8131
f 6908 8131 8177
f 8177 8131 9085
f 7164 7875 8131
f 8131 7875 9085
f 6425 6908 6211
f 6425 6211 6213
f 6213 6211 5998
f 6213 5998 6028
f 6032 6370 6096
f 6030 6094 5901
f 5901 6094 6034
f 2311 1922 1871
f 2311 1871 2733
f 1922 2311 2001
f 2001 2311 2392
f 1922 2001 1140
f 1140 2001 1303
f 1922 1140 951
f 1922 951 1689
f 1689 951 717
f 1689 717 1354
f 1354 717 486
f 3265 2392 2311
f 3265 2311 2733
f 2392 3265 3306
f 3306 3265 4234
f 4234 3265 4215
f 4215 3265 2733
f 4215 2733 3626
f 1871 1922 1689
f 1871 1689 1354
f 1871 1354 956
f 1871 956 553
f 717 951 715
f 715 951 992
f 992 951 1140
f 717 715 486
f 486 715 431
f 486 431 316
f 486 316 315
f 956 1354 486
f 956 486 315
f 956 315 553
f 553 315 402
f 1871 553 402
f 402 315 239
f 239 315 91
f 239 91 5058
f 5058 91 5543
f 5543 91 4994
f 5543 4994 5332
f 5543 5332 5920
f 5920 5332 5605
f 5920 5605 6286
f 6286 5605 5893
f 6286 5893 6624
f 715 992 1770
f 1770 992 1975
f 1975 992 1204
f 715 1770 1429
f 715 1429 431
f 1400 2040 1204
f 1204 2040 1975
f 1975 2040 2528
f 1429 1770 2390
f 2390 1770 1975
f 431 1429 1001
f 1975 2528 2465
f 1975 2465 2390
f 2465 2528 3415
f 2390 2465 3413
f 3413 2465 3415
f 3415 2528 3468
f 2390 3413 3222
f 3413 3415 4305
f 3415 3468 4322
f 3415 4322 4305
f 2390 3222 2288
f 1001 1429 2288
f 2288 3222 3051
f 2288 3051 1983
f 2288 1983 1001
f 1983 3051 2858
f 1001 1983 555
f 555 1983 693
f 693 1983 2003
f 2003 1983 2858
f 693 2003 845
f 845 2003 1955
f 1955 2003 2858
f 845 1955 933
f 933 1955 1078
f 316 1001 555
f 1001 316 431
f 1078 1955 2078
f 316 555 278
f 1078 2078 2173
f 316 278 5213
f 1078 2173 1212
f 316 5213 5131
f 316 5131 93
f 93 5131 5586
f 93 5586 4980
f 4980 5586 5312
f 5312 5586 5960
f 5312 5960 5603
f 5603 5960 6328
f 5603 6328 6660
f 5603 6660 5891
f 280 5213 278
f 5213 280 6044
f 6044 280 5589
f 5589 280 5318
f 5318 280 435
f 280 278 498
f 280 498 435
f 498 278 433
f 498 433 555
f 435 498 615
f 5318 435 5059
f 435 615 723
f 5059 435 535
f 535 435 723
f 5059 535 4889
f 535 723 846
f 4889 535 662
f 662 535 846
f 4889 662 1
f 662 846 1003
f 1 662 807
f 807 662 1003
f 1 807 123
f 807 1003 958
f 807 958 123
f 958 1003 1146
f 123 958 1108
f 1108 958 1146
f 123 1108 319
f 1108 1146 1316
f 319 1108 459
f 1108 1316 1214
f 1108 1214 459
f 1214 1316 1440
f 459 1214 695
f 1214 1440 1578
f 695 1214 1362
f 1362 1214 1578
f 2288 1429 2390
f 1204 992 1140
f 1204 1140 1400
f 1400 1140 1303
f 2040 1400 1303
f 2040 1303 2001
f 2040 2001 2528
f 2528 2001 2392
f 2528 2392 3306
f 2528 3306 3468
f 3468 3306 4322
f 4322 3306 4234
f 4322 4234 4659
f 4659 4234 4610
f 4659 4610 4685
f 4659 4685 4706
f 4706 4685 4665
f 4706 4665 4695
f 4695 4665 4623
f 4623 4665 4561
f 4623 4561 4288
f 4623 4288 4391
f 4391 4288 3987
f 4391 3987 4056
f 4056 3987 3149
f 4056 3149 3310
f 3310 3149 2315
f 3310 2315 2396
f 2396 2315 1307
f 1307 2315 1271
f 1307 1271 4815
f 4815 1271 4816
f 4815 4816 5994
f 5994 4816 5962
f 5994 5962 7324
f 7324 5962 7243
f 7324 7243 8848
f 8848 7243 8733
f 8848 8733 9611
f 9611 8733 9507
f 9611 9507 10153
f 10153 9507 10007
f 10153 10007 10201
f 10153 10201 10297
f 10297 10201 10240
f 10297 10240 10309
f 10309 10240 10276
f 10309 10276 10336
f 10336 10276 10369
f 10336 10369 10396
f 10396 10369 10377
f 10396 10377 10401
f 3222 3413 4214
f 4214 3413 4305
f 4322 4659 4305
f 4305 4659 4630
f 4305 4630 4214
f 4630 4659 4693
f 4693 4659 4706
f 4693 4706 4676
f 4676 4706 4695
f 4693 4676 4585
f 4585 4676 4510
f 4630 4693 4628
f 4628 4693 4585
f 4585 4510 4303
f 4303 4510 4189
f 4303 4189 4054
f 4585 4303 4497
f 4585 4497 4628
f 4497 4303 4212
f 4630 4628 4572
f 4630 4572 4214
f 4628 4497 4570
f 4628 4570 4572
f 4570 4497 4430
f 4214 4572 4477
f 4477 4572 4570
f 4570 4430 4536
f 4570 4536 4477
f 4458 4430 4274
f 4430 4458 4536
f 4536 4458 4260
f 4139 4073 4260
f 4260 4073 4224
f 4536 4260 4330
f 4330 4260 4224
f 4366 4477 4536
f 4366 4536 4330
f 4106 4214 4477
f 4106 4477 4366
f 4214 4106 3222
f 3222 4106 3051
f 3051 4106 4008
f 4008 4106 4366
f 3051 4008 2858
f 4008 4366 4262
f 4262 4366 4330
f 4008 4262 3947
f 3947 4262 4294
f 4262 4330 4348
f 4262 4348 4294
f 4348 4330 4224
f 4348 4224 4276
f 4276 4224 4109
f 4348 4276 4368
f 4348 4368 4294
f 3947 4294 3920
f 4294 4368 4226
f 3920 4294 4167
f 4167 4294 4226
f 3920 4167 4169
f 3920 4169 3872
f 4167 4226 4228
f 4167 4228 4169
f 4228 4226 4157
f 4157 4226 4141
f 4157 4141 4075
f 4075 4141 4062
f 4062 4141 4109
f 4075 4062 3973
f 4279 3872 4169
f 4279 4169 4372
f 3872 4279 3922
f 4279 4372 4269
f 4269 4372 4332
f 4332 4372 4370
f 4279 4269 4171
f 4279 4171 3922
f 4171 4269 4132
f 4132 4269 4332
f 3922 4171 4173
f 4173 4171 4132
f 2833 3922 2954
f 2954 3922 3154
f 3154 3922 3835
f 3835 3922 4173
f 3154 3835 3893
f 3893 3835 4173
f 3154 3893 3193
f 3193 3893 3156
f 3156 3893 3949
f 3156 3949 3024
f 3893 4173 4175
f 3893 4175 3949
f 4175 4173 4077
f 4077 4173 4132
f 3949 4175 4112
f 3949 4112 3837
f 4175 4077 4064
f 4175 4064 4112
f 4077 4132 4314
f 4064 4077 4352
f 4352 4077 4314
f 4314 4132 4271
f 4271 4132 4332
f 4352 4314 4376
f 4314 4271 4350
f 4314 4350 4376
f 4271 4332 4297
f 4271 4297 4350
f 4297 4332 4311
f 4311 4332 4370
f 4311 4370 4296
f 4297 4311 4266
f 4297 4266 4350
f 4311 4296 4264
f 4311 4264 4266
f 4264 4296 4165
f 4264 4165 4242
f 4266 4264 4313
f 4313 4264 4242
f 4350 4266 4334
f 4266 4313 4431
f 4266 4431 4334
f 4350 4334 4374
f 4350 4374 4376
f 4334 4431 4500
f 4334 4500 4374
f 4431 4313 4335
f 4500 4431 4375
f 4375 4431 4335
f 4335 4313 4267
f 4267 4313 4242
f 4375 4335 4377
f 4267 4242 4265
f 4265 4242 4166
f 4335 4267 4351
f 4335 4351 4377
f 4267 4265 4298
f 4267 4298 4351
f 4265 4166 4312
f 4265 4312 4298
f 4312 4166 4278
f 4351 4298 4315
f 4351 4315 4353
f 4351 4353 4377
f 4315 4298 4272
f 4272 4298 4312
f 4377 4353 4355
f 4377 4355 4375
f 4355 4353 4317
f 4355 4317 4244
f 4244 4317 4114
f 4355 4244 4337
f 4375 4355 4379
f 4379 4355 4337
f 4375 4379 4500
f 4379 4337 4402
f 4500 4379 4482
f 4482 4379 4402
f 4500 4482 4374
f 4482 4402 4432
f 4374 4482 4378
f 4378 4482 4432
f 4374 4378 4376
f 4378 4432 4401
f 4376 4378 4354
f 4354 4378 4401
f 4376 4354 4352
f 4354 4401 4336
f 4352 4354 4316
f 4316 4354 4336
f 4352 4316 4064
f 4316 4336 4243
f 4064 4316 4079
f 4079 4316 4243
f 4064 4079 4112
f 4079 4243 4115
f 4112 4079 4010
f 4010 4079 4115
f 4112 4010 3837
f 4010 4115 3975
f 4010 3975 3837
f 3837 3975 3582
f 4234 4215 4610
f 4610 4215 4573
f 4573 4215 3626
f 4573 3626 3911
f 4573 3911 4647
f 4573 4647 4610
f 4610 4647 4685
f 4685 4647 4621
f 4685 4621 4665
f 2733 1871 2670
f 2670 1871 1743
f 2670 1743 2559
f 1743 1871 657
f 657 1871 402
f 657 402 239
f 1743 657 457
f 457 657 5380
f 457 5380 5545
f 457 5545 5740
f 457 5740 153
f 457 153 1743
f 153 5740 5801
f 1743 153 1605
f 1743 1605 2559
f 1605 153 1431
f 2559 1605 2363
f 2363 1605 1431
f 2733 2670 3626
f 3626 2670 3554
f 3626 3554 3911
f 3911 3554 3886
f 3554 2670 3466
f 3554 3466 3886
f 3886 3466 3866
f 3466 2670 2559
f 3866 3466 3578
f 3466 2559 3224
f 3466 3224 3578
f 3224 2559 2363
f 3578 3224 2920
f 2920 3224 2363
f 2920 2363 2127
f 2920 2127 2654
f 2920 2654 2985
f 2985 2654 2672
f 2985 2672 3271
f 2985 3271 3308
f 3271 2672 2945
f 4621 4647 3911
f 4621 3911 3261
f 4621 3261 4512
f 4621 4512 4665
f 4512 3261 4217
f 4217 3261 3964
f 4217 3964 4288
f 3964 3261 2691
f 3964 2691 2141
f 3964 2141 3147
f 3147 2141 1530
f 3147 1530 2313
f 3911 3886 3263
f 3911 3263 3261
f 3263 3886 3866
f 3261 3263 2691
f 3263 3866 3267
f 3267 3866 3578
f 2691 3263 2652
f 2652 3263 3267
f 2691 2652 2141
f 2652 3267 3308
f 2141 2652 1999
f 2652 3308 2693
f 2693 3308 3271
f 2652 2693 1999
f 2141 1999 1530
f 1530 1999 1398
f 1530 1398 719
f 1999 2693 1815
f 719 1398 608
f 719 608 4858
f 4858 608 4940
f 1398 1999 1238
f 1238 1999 1815
f 1398 1238 608
f 4940 608 525
f 525 608 1238
f 4940 525 4996
f 4996 525 5050
f 525 1238 898
f 898 1238 1815
f 525 898 5050
f 1845 1815 2693
f 1815 1845 898
f 1845 2693 2768
f 1845 2768 2695
f 5050 898 743
f 743 898 1845
f 5050 743 5161
f 1845 2695 1817
f 1845 1817 743
f 1817 2695 2430
f 5161 743 610
f 5161 610 5231
f 5231 610 488
f 1817 2430 1691
f 488 610 1691
f 1691 2430 1977
f 1691 1977 1356
f 1691 1356 488
f 488 1356 237
f 237 1356 29
f 29 1356 776
f 4665 4512 4561
f 4561 4512 4217
f 4561 4217 4288
f 4288 3964 3985
f 3985 3964 3147
f 3985 3147 3149
f 3149 3147 2313
f 3149 2313 2315
f 2315 2313 1269
f 2315 1269 1271
f 2313 1530 719
f 2313 719 1269
f 1269 719 4858
f 1269 4858 4786
f 1269 4786 1271
f 4786 4858 5992
f 4786 5992 5941
f 5941 5992 7154
f 7154 5992 8559
f 8559 5992 6973
f 3308 3267 3578
f 3308 3578 2985
f 2985 3578 2920
f 2693 3271 2768
f 2768 3271 2945
f 2695 2768 2945
f 2945 2672 2076
f 2076 2672 2654
f 2076 2654 2143
f 2143 2654 2127
f 2076 2143 1745
f 1745 2143 1174
f 1174 2143 1847
f 2695 2945 2561
f 2561 2945 2076
f 2561 2076 1745
f 2363 1431 2127
f 2127 1431 1206
f 2127 1206 953
f 2127 953 1847
f 1206 1431 4942
f 4942 1431 153
f 953 1206 5163
f 1206 4942 5085
f 1206 5085 5163
f 5085 4942 5827
f 5827 4942 153
f 5827 153 5801
f 547 1847 953
f 547 953 5163
f 1847 547 1174
f 1174 547 425
f 547 5163 4982
f 547 4982 4998
f 4998 4982 5639
f 4998 5639 5857
f 657 239 5380
f 5380 239 5058
f 5380 5058 5543
f 5380 5543 5920
f 5380 5920 6286
f 91 315 316
f 91 316 93
f 91 93 4980
f 91 4980 4994
f 4994 4980 5312
f 4994 5312 5332
f 5332 5312 5603
f 5332 5603 5605
f 5605 5603 5893
f 5893 5603 5891
f 5131 5213 6044
f 5131 6044 6408
f 5131 6408 5586
f 6408 6044 6956
f 6956 6044 6518
f 6518 6044 5589
f 6408 6956 7594
f 5586 6408 6763
f 6763 6408 7594
f 7594 6956 8402
f 8402 6956 6518
f 6518 5589 6123
f 6123 5589 5318
f 5586 6763 7152
f 5586 7152 5960
f 5960 7152 6328
f 6123 5318 5908
f 5908 5318 5059
f 5908 5059 5693
f 5693 5059 4889
f 5693 4889 1
f 5693 1 5493
f 5493 1 5346
f 5346 1 123
f 5346 123 5166
f 5166 123 319
f 5166 319 5010
f 5166 5010 5783
f 5010 319 459
f 5010 459 4792
f 5010 4792 5495
f 6456 5693 5493
f 6456 5493 6260
f 6046 6638 6260
f 6260 6638 7025
f 6260 7025 6456
f 5693 6456 6636
f 6456 7025 7381
f 6456 7381 6636
f 5693 6636 5908
f 7381 7025 7383
f 5908 6636 6847
f 5908 6847 6123
f 6636 7381 7696
f 6636 7696 6847
f 7696 7381 7916
f 7916 7381 7383
f 6847 7696 8045
f 6123 6847 7130
f 7130 6847 8045
f 6123 7130 6518
f 8045 7696 8348
f 8348 7696 7916
f 6518 7130 7694
f 6518 7694 8402
f 7130 8045 8192
f 7130 8192 7694
f 8192 8045 8746
f 8746 8045 8348
f 7694 8192 8647
f 8647 8192 8746
f 7694 8647 8402
f 8647 8746 9065
f 8746 8348 8926
f 8647 9065 9373
f 8402 8647 9091
f 9091 8647 9373
f 8402 9091 8980
f 9091 9373 9416
f 9091 9416 8980
f 9416 9373 9632
f 8402 8980 7594
f 9416 9632 9705
f 9705 9632 9917
f 9705 9917 10074
f 9416 9705 9337
f 9416 9337 8980
f 9705 10074 9638
f 9705 9638 9337
f 9638 10074 10317
f 8173 7594 8980
f 8173 8980 9337
f 7594 8173 6763
f 6763 8173 7152
f 8173 9337 8731
f 8173 8731 7152
f 8731 9337 9638
f 10001 9638 10317
f 9638 10001 8731
f 10001 10317 10234
f 10234 10317 10367
f 10001 10234 9339
f 8731 10001 9138
f 9138 10001 9339
f 8731 9138 7152
f 9138 9339 7870
f 7152 9138 7544
f 7544 9138 7870
f 7152 7544 6328
f 6328 7544 7870
f 6328 7870 6660
f 278 555 433
f 498 555 693
f 498 693 615
f 615 693 845
f 615 845 723
f 723 845 933
f 723 933 846
f 846 933 1078
f 846 1078 1003
f 1003 1078 1212
f 1003 1212 1146
f 1146 1212 1409
f 1146 1409 1316
f 1316 1409 1576
f 1316 1576 1440
f 1440 1576 1648
f 1440 1648 1578
f 1578 1648 1727
f 9632 9373 9343
f 9343 9373 9065
f 9343 9065 9093
f 9343 9093 9030
f 9632 9343 9606
f 9632 9606 9917
f 9606 9343 9488
f 9917 9606 9844
f 9844 9606 9488
f 9917 9844 10259
f 9917 10259 10074
f 10259 9844 10199
f 9844 9488 9676
f 9844 9676 10199
f 10259 10199 10356
f 10074 10259 10361
f 10361 10259 10356
f 10074 10361 10317
f 10317 10361 10367
f 10367 10361 10401
f 10401 10361 10356
f 10401 10356 10396
f 9918 10356 10199
f 10396 10356 10336
f 10336 10356 10232
f 10336 10232 10236
f 10002 10232 9918
f 10238 10236 10002
f 10238 10002 9746
f 9746 10002 9707
f 9707 10002 9918
f 9707 9918 9676
f 9707 9676 9505
f 9505 9676 9465
f 9505 9465 9297
f 9505 9297 9326
f 9326 9297 9172
f 9297 9465 9414
f 9414 9465 9676
f 9297 9414 9210
f 9414 9676 9488
f 9414 9488 9210
f 9065 8746 8924
f 9093 9065 8924
f 9093 8924 9030
f 8926 8924 8746
f 8924 8926 9067
f 8924 9067 9032
f 8924 9032 9030
f 9067 8926 9239
f 9032 9067 9149
f 9149 9067 9239
f 9239 8926 9268
f 9032 9149 9095
f 9032 9095 9030
f 9030 9095 9147
f 9095 9149 9007
f 9095 9007 9147
f 9030 9147 9297
f 9297 9147 9172
f 9030 9297 9210
f 9030 9210 9343
f 9343 9210 9488
f 8855 9172 9007
f 9174 9007 9149
f 8855 9007 8644
f 8855 8644 8190
f 8190 8644 7914
f 8644 9007 8982
f 8982 9007 9174
f 7914 8644 8646
f 8646 8644 8982
f 7914 8646 8531
f 9299 9174 9149
f 9174 9299 8982
f 9299 9149 9239
f 8531 8646 9034
f 8646 8982 9097
f 8646 9097 9034
f 8531 9034 9098
f 9097 8982 9212
f 9212 8982 9299
f 9034 9097 9214
f 9097 9212 9241
f 9097 9241 9214
f 9212 9299 9301
f 9212 9301 9241
f 9344 9299 9239
f 9299 9344 9301
f 9344 9239 9268
f 9241 9301 9271
f 9271 9301 9272
f 9272 9301 9344
f 9241 9271 9243
f 9241 9243 9214
f 9272 9344 9274
f 9274 9344 9268
f 9274 9268 9176
f 9274 9176 8958
f 9214 9243 9270
f 9214 9270 9242
f 9214 9242 9034
f 9242 9270 9273
f 9034 9242 9098
f 9242 9273 9302
f 9242 9302 9098
f 9302 9273 9345
f 9098 9302 9213
f 9213 9302 9345
f 9098 9213 8648
f 9345 9273 9275
f 9213 9345 9300
f 9345 9275 9269
f 9345 9269 9300
f 9269 9275 9177
f 9213 9300 8983
f 9269 9177 8820
f 8983 9300 9175
f 8983 9175 8645
f 8645 9175 9008
f 9175 9300 9240
f 9240 9300 9269
f 9008 9175 9150
f 9150 9175 9240
f 9008 9150 9096
f 9008 9096 9148
f 8927 9269 8820
f 9269 8927 9240
f 8927 8820 8349
f 8927 8349 8046
f 9240 8927 9068
f 9240 9068 9150
f 9068 8927 8747
f 9033 9096 9150
f 9033 9150 9068
f 9096 9033 9148
f 9068 8747 8925
f 9068 8925 9033
f 9094 8925 9066
f 8925 9094 9031
f 8925 9031 9033
f 9033 9031 9148
f 9148 9031 9298
f 9148 9298 9327
f 9298 9031 9211
f 9211 9031 9328
f 9339 10234 10177
f 10177 10234 10352
f 9339 10177 9294
f 9339 9294 7870
f 7870 9294 7784
f 7870 7784 6660
f 6660 7784 6624
f 6660 6624 5891
f 5891 6624 5893
f 6286 6624 7784
f 5380 6286 6480
f 6480 6286 7469
f 7469 6286 7784
f 6480 7469 7467
f 7467 7469 9082
f 9082 7469 7784
f 9082 7784 9294
f 9082 9294 10177
f 9082 10177 9920
f 9920 10177 10275
f 10275 10177 10352
f 9082 9920 7467
f 9920 10275 7467
f 10352 10234 10367
f 10352 10367 10377
f 10377 10367 10401
f 10275 10352 10325
f 10275 10325 7467
f 10325 10352 10377
f 10325 10377 10318
f 10318 10377 10369
f 7467 10325 8005
f 8005 10325 10318
f 8005 10318 10108
f 8005 10108 10075
f 10075 10108 10276
f 8005 10075 8007
f 8007 10075 10077
f 8007 10077 7685
f 7685 10077 9845
f 10318 10369 10108
f 10108 10369 10276
f 10075 10276 10240
f 10075 10240 10077
f 10077 10240 10201
f 10077 10201 9845
f 9845 10201 10007
f 9845 10007 9404
f 9404 10007 9507
f 10309 10336 10236
f 10309 10236 10238
f 10309 10238 10297
f 10297 10238 10005
f 10005 10238 9746
f 10297 10005 10153
f 10232 10356 9918
f 10236 10232 10002
f 10199 9676 9918
f 9707 9505 9235
f 9235 9505 9063
f 9063 9505 9326
f 9063 9326 9172
f 9707 9235 9596
f 9707 9596 9746
f 9746 9596 9321
f 9746 9321 9262
f 9746 9262 10005
f 9235 8729 9321
f 9321 8729 8972
f 9321 8972 9262
f 8972 8729 7780
f 9611 10153 10005
f 9611 10005 9481
f 9481 10005 9262
f 9611 9481 8848
f 8848 9481 8686
f 8686 9481 9262
f 8848 8686 7206
f 8391 9262 8972
f 9262 8391 8686
f 8391 8972 8097
f 8097 8972 7780
f 8686 8391 7047
f 8686 7047 7206
f 8391 8097 6904
f 8391 6904 7047
f 6904 8097 7780
f 7206 7047 5939
f 7206 5939 5994
f 5994 5939 4815
f 5939 7047 5895
f 4815 5939 4784
f 4784 5939 5895
f 4815 4784 1307
f 1307 4784 1305
f 1305 4784 4782
f 4782 4784 5895
f 1305 4782 1236
f 4782 5895 5855
f 5855 5895 6904
f 1236 4782 4881
f 4881 4782 5855
f 1236 4881 1172
f 1172 4881 4879
f 4879 4881 5799
f 5799 4881 5855
f 4879 5799 5774
f 5855 6904 6729
f 5855 6729 5799
f 6729 6904 7780
f 5799 6729 6620
f 6513 5774 6620
f 6513 6620 7465
f 7465 6620 6729
f 7465 6729 7780
f 7465 7780 8042
f 9321 9596 9235
f 8598 9235 9063
f 8598 9063 8190
f 8190 9063 8855
f 8729 9235 8598
f 8729 8598 8042
f 8729 8042 7780
f 8042 8598 8190
f 8042 8190 7296
f 8042 7296 7465
f 7296 8190 7023
f 7465 7296 6513
f 6513 7296 7023
f 7023 8190 7914
f 7023 7914 7794
f 7794 7914 8531
f 7023 7794 6910
f 7023 6910 6374
f 7023 6374 6513
f 6374 6910 6237
f 6374 6237 5638
f 6374 5638 6513
f 5638 6237 5557
f 5638 5557 4780
f 6513 5638 5705
f 6513 5705 5774
f 5774 5705 4879
f 5705 5638 4813
f 5705 4813 4879
f 4813 5638 4780
f 4879 4813 1100
f 4879 1100 1172
f 1100 4813 1021
f 1021 4813 4780
f 1021 4780 990
f 9845 9404 7685
f 7685 9404 8559
f 9507 8733 9404
f 9404 8733 8559
f 8559 8733 7243
f 8559 7243 7154
f 7154 7243 5962
f 7154 5962 5941
f 7324 8848 7206
f 7324 7206 5994
f 5962 4816 5941
f 5895 7047 6904
f 4786 5941 4816
f 4786 4816 1271
f 5992 4858 4940
f 5992 4940 6062
f 5992 6062 6973
f 8559 6973 7685
f 7685 6973 7089
f 7685 7089 7953
f 7953 7089 7204
f 7685 7953 8297
f 7685 8297 8007
f 8007 8297 8222
f 8007 8222 8005
f 8222 8297 8481
f 8297 7953 8595
f 8297 8595 8481
f 8595 7953 8175
f 8299 8175 7204
f 8481 8595 8812
f 8812 8595 8175
f 8812 8175 8299
f 8481 8812 8688
f 8688 8812 8691
f 8812 8299 8734
f 8812 8734 8691
f 8734 8299 8224
f 8691 8734 8483
f 8734 8224 8447
f 8734 8447 8483
f 8447 8224 8011
f 8483 8447 8013
f 8013 8447 8011
f 8483 8013 7957
f 8013 8011 7586
f 7957 8013 7326
f 8013 7586 7328
f 8013 7328 7326
f 7326 7328 7471
f 7328 7586 7158
f 7471 7328 7418
f 7418 7328 7158
f 7471 7418 7825
f 7418 7158 6948
f 6948 7158 6799
f 6799 7158 6797
f 6948 6799 6950
f 6948 6950 7162
f 7162 6950 6906
f 7162 6906 7548
f 6948 7162 7827
f 7162 7548 8099
f 7162 8099 7827
f 7827 8099 7825
f 7825 8099 8129
f 7089 6973 6062
f 7089 6062 7204
f 7204 6062 6152
f 4996 6062 4940
f 8175 7953 7204
f 8005 7584 7467
f 7546 7871 8483
f 7546 8483 7957
f 7546 7957 7326
f 6626 7546 7119
f 7119 7546 7326
f 7119 7326 6867
f 6628 7119 6867
f 9264 8525 9457
f 9264 9457 9709
f 7687 8129 8525
f 8525 8129 8850
f 8525 8850 9457
f 8850 8129 8099
f 9709 9457 10009
f 9709 10009 10110
f 10110 10009 10278
f 10009 9457 9860
f 9860 9457 9432
f 9432 9457 8850
f 9432 8850 8779
f 8779 8850 8099
f 8779 8099 7548
f 8779 7548 8226
f 8779 8226 8974
f 7825 7418 7827
f 7827 7418 6948
f 743 1817 610
f 610 1817 1691
f 2430 2695 2561
f 6250 6400 6799
f 6799 6400 6950
f 1847 2143 2127
f 425 547 4998
f 5639 4982 5741
f 4982 5163 5741
f 4458 4274 4139
f 4458 4139 4260
f 4139 4274 4060
f 4139 4060 3919
f 4139 3919 4073
f 3919 4060 3558
f 3558 4060 3738
f 4060 4274 4199
f 4199 4274 4430
f 4199 4430 4212
f 4212 4430 4497
f 4060 4199 4006
f 4006 4199 4212
f 4006 4212 4054
f 4060 4006 3738
f 4006 4054 3632
f 4006 3632 3738
f 3738 3632 3077
f 3738 3077 3558
f 3077 3632 3075
f 3075 3632 3937
f 3558 3077 2952
f 3558 2952 3348
f 3558 3348 3919
f 3919 3348 3870
f 3870 3348 3973
f 2952 3077 2531
f 2531 3077 3075
f 2952 2531 2369
f 2369 2531 1869
f 2369 1869 1749
f 1749 1869 910
f 1869 2531 1920
f 2531 3075 2664
f 2531 2664 1920
f 2664 3075 3411
f 1021 990 1920
f 1021 1920 2038
f 2038 1920 2664
f 1021 2038 1100
f 2664 3411 2766
f 2664 2766 2038
f 2766 3411 3939
f 3939 3411 3937
f 3939 3937 4189
f 1100 2038 2165
f 2038 2766 2918
f 2918 2766 3939
f 2038 2918 2165
f 1100 2165 1172
f 3939 4189 4273
f 4273 4189 4510
f 2918 3939 3913
f 3913 3939 4273
f 4273 4510 4575
f 4575 4510 4676
f 4273 4575 4307
f 4273 4307 4029
f 4273 4029 3913
f 2918 3913 3145
f 3145 3913 4029
f 2918 3145 2165
f 2259 1172 2165
f 2259 2165 3145
f 1172 2259 1236
f 3145 4029 3269
f 3145 3269 2259
f 3269 4029 4056
f 4056 4029 4391
f 3269 4056 3310
f 1236 2259 2394
f 2394 2259 3269
f 2394 3269 3310
f 1236 2394 1305
f 2394 3310 2396
f 2394 2396 1305
f 1305 2396 1307
f 4054 4212 4303
f 3632 4054 3937
f 3937 4054 4189
f 3075 3937 3411
f 4575 4676 4695
f 4575 4695 4623
f 4575 4623 4307
f 4307 4623 4391
f 4307 4391 4029
f 5774 5799 6620
f 1920 990 1869
f 1869 990 910
f 990 4780 4779
f 4779 4780 5557
f 990 4779 910
f 1749 910 1870
f 1749 1870 2369
f 4779 991 910
f 910 991 1870
f 1870 991 1022
f 1022 991 4781
f 2369 1870 2532
f 2369 2532 2953
f 2953 2532 3078
f 3078 2532 3076
f 3078 3076 3739
f 3076 2532 2665
f 2665 2532 1870
f 2665 1870 1921
f 1921 1870 1022
f 2665 1921 2039
f 2039 1921 1022
f 2665 2039 2767
f 2665 2767 3412
f 3412 2767 3910
f 3910 2767 2919
f 2919 2767 2039
f 3910 2919 3914
f 2039 1022 1101
f 2039 1101 2166
f 2260 2919 2166
f 2260 2166 1173
f 1173 2166 1101
f 2260 1173 1237
f 1173 1101 4882
f 1173 4882 1237
f 2260 1237 2395
f 2260 2395 3146
f 3146 2395 3270
f 3270 2395 2397
f 2397 2395 1306
f 3270 2397 3311
f 1237 4882 4783
f 4783 4882 5856
f 4783 5856 5896
f 5896 5856 7048
f 7048 5856 6905
f 6905 5856 6730
f 5896 7048 5940
f 6730 5856 5800
f 5800 5856 4882
f 6730 5800 6621
f 5940 7048 7207
f 5896 5940 4785
f 5940 7207 5995
f 5995 7207 7325
f 5940 5995 4817
f 5940 4817 4785
f 4785 4817 1308
f 5775 6621 5800
f 6621 5775 6514
f 5775 5800 4880
f 4880 5800 4882
f 4880 4882 1101
f 6514 5775 5706
f 5706 5775 4880
f 6514 5706 6375
f 6375 5706 5622
f 5706 4880 4814
f 4814 4880 1101
f 5706 4814 5622
f 4814 1101 1022
f 4814 1022 4781
f 4814 4781 5622
f 5622 4781 5557
f 991 4779 4781
f 4781 4779 5557
f 5622 5557 6375
f 6375 5557 6237
f 6375 6237 6910
f 6375 6910 7024
f 7024 6910 7794
f 7024 7794 7915
f 7024 7915 8191
f 7915 7794 8648
f 8648 7794 8531
f 8648 8531 9098
f 7915 8648 8983
f 7915 8983 8645
f 8983 8648 9213
f 6621 6514 7466
f 6621 7466 6730
f 7466 6514 7297
f 6730 7466 7781
f 6730 7781 6905
f 7466 7297 8043
f 7466 8043 7781
f 8043 7297 8191
f 8191 7297 7024
f 6905 7781 8098
f 6905 8098 7048
f 7781 8043 8730
f 8043 8191 8599
f 8043 8599 8730
f 7048 8098 8392
f 8098 7781 8973
f 8973 7781 8730
f 8098 8973 8392
f 7048 8392 7207
f 8730 8599 9236
f 7207 8392 8687
f 7207 8687 7325
f 7325 8687 8849
f 8687 8392 9263
f 9263 8392 8973
f 8849 8687 9482
f 9482 8687 9263
f 8849 9482 9597
f 9597 9482 10154
f 9322 8973 8730
f 8973 9322 9263
f 9322 8730 9236
f 9482 9263 9747
f 9747 9263 9322
f 9747 9322 9568
f 9568 9322 9236
f 9482 9747 10006
f 9482 10006 10154
f 10006 9747 10003
f 10003 9747 9708
f 10006 10003 10239
f 10006 10239 10154
f 10154 10239 10298
f 9506 9708 9236
f 9506 9236 9327
f 9327 9236 9064
f 9064 9236 8599
f 9327 9064 9173
f 9064 8599 8191
f 9173 9064 8856
f 8856 9064 8191
f 9173 8856 9008
f 8856 8191 7915
f 9008 8856 8645
f 8645 8856 7915
f 7297 6514 7024
f 7024 6514 6375
f 9568 9236 9708
f 9568 9708 9747
f 9327 9173 9148
f 9148 9173 9008
f 9298 9506 9327
f 9506 9298 9466
f 9466 9298 9415
f 9415 9298 9211
f 9506 9466 9677
f 9677 9466 9415
f 9506 9677 9708
f 9415 9211 9328
f 9708 9677 9919
f 9708 9919 10003
f 9677 9415 9489
f 9489 9415 9328
f 10003 9919 10237
f 10003 10237 10239
f 10237 9919 10233
f 10237 10233 10327
f 9677 9489 9579
f 9579 9489 9328
f 9031 9094 9328
f 9328 9094 9066
f 9579 9328 9374
f 9374 9328 9066
f 9677 9579 9809
f 9579 9374 9633
f 9579 9633 9809
f 9677 9809 10200
f 9633 9374 9092
f 9092 9374 9066
f 9633 9092 9417
f 9092 9066 8649
f 9633 9417 9706
f 8649 9066 8193
f 9886 9809 9633
f 9886 9633 9706
f 8193 9066 8747
f 8747 9066 8925
f 8193 8747 8046
f 8046 8747 8927
f 9886 9706 10260
f 9886 10260 9809
f 9809 10260 10200
f 10260 9706 10047
f 10200 10260 10357
f 10260 10047 10307
f 10260 10307 10362
f 10260 10362 10357
f 10362 10307 10368
f 10362 10368 10402
f 10362 10402 10357
f 10357 10402 10393
f 8855 9063 9172
f 9007 9172 9147
f 9176 9268 8926
f 9176 8926 8819
f 8819 8926 8348
f 9176 8819 8958
f 8819 8348 8453
f 8819 8453 8958
f 8958 8453 8309
f 8453 8348 7916
f 8453 7916 7383
f 8453 7383 7920
f 7920 7383 7256
f 7256 7383 6849
f 7256 6849 6642
f 5493 5346 6260
f 6260 5346 6046
f 6046 5346 5166
f 6046 5166 5783
f 6638 6046 6262
f 6262 6046 5783
f 6262 5783 5495
f 6638 6262 6849
f 6638 6849 7025
f 7025 6849 7383
f 6849 6262 6642
f 6642 6262 5974
f 6642 5974 6264
f 6642 6264 6664
f 6664 6264 6304
f 6642 6664 7425
f 6642 7425 7256
f 7256 7425 7920
f 6664 6304 6775
f 6775 6304 6458
f 7425 6664 7385
f 7385 6664 6775
f 7920 7425 8309
f 7920 8309 8453
f 8309 7425 7385
f 6775 6458 6640
f 6775 6640 7385
f 6640 6458 6410
f 8309 7385 8194
f 8309 8194 8958
f 7385 6640 7132
f 6640 6410 6773
f 6640 6773 7132
f 6773 6410 6496
f 7385 7132 7918
f 7385 7918 8194
f 8958 8194 9009
f 9009 8194 7918
f 8958 9009 9274
f 9274 9009 9272
f 9272 9009 8891
f 8891 9009 7918
f 9272 8891 9271
f 7833 7918 7132
f 7918 7833 8891
f 9271 8891 8821
f 8821 8891 7833
f 9271 8821 9243
f 9243 8821 8783
f 8783 8821 7833
f 9243 8783 9270
f 7833 7132 7134
f 7134 7132 6773
f 8783 7833 7744
f 7744 7833 7134
f 9270 8783 8822
f 8822 8783 7744
f 9270 8822 9273
f 7134 6773 6737
f 6737 6773 6496
f 7744 7134 7096
f 7096 7134 6737
f 9273 8822 8892
f 8822 7744 7834
f 7834 7744 7096
f 8822 7834 8892
f 7096 6737 6774
f 6774 6737 6496
f 7834 7096 7135
f 7135 7096 6774
f 9273 8892 9275
f 6774 6496 6641
f 6774 6641 7135
f 6641 6496 6411
f 7834 7135 7919
f 7834 7919 8892
f 7135 6641 7133
f 7135 7133 7919
f 6641 6411 6776
f 6641 6776 7133
f 6776 6411 6459
f 7919 7133 8195
f 7919 8195 8892
f 7133 6776 7386
f 7133 7386 8195
f 6776 6459 6703
f 6776 6703 7386
f 6703 6459 6305
f 8892 8195 9010
f 8892 9010 9275
f 9275 9010 9177
f 9010 8195 8310
f 8310 8195 7386
f 7386 6703 7426
f 7386 7426 8310
f 7426 6703 7257
f 7426 7257 8310
f 9010 8310 8959
f 8820 9177 8959
f 6643 6703 6305
f 6703 6643 7257
f 6643 6305 6265
f 6643 6265 6263
f 6643 6263 7257
f 6263 6265 5975
f 5496 5784 5975
f 5975 5784 6263
f 6263 5784 6047
f 6263 6047 6639
f 7257 6263 6850
f 6850 6263 6639
f 7257 6850 7921
f 7257 7921 8310
f 8310 7921 8959
f 6850 6639 7384
f 6850 7384 7921
f 7384 6639 7026
f 7384 7026 7382
f 8959 7921 8454
f 8454 7921 7384
f 8959 8454 8820
f 8820 8454 8349
f 8454 7384 7917
f 7917 7384 7382
f 8454 7917 8349
f 7917 7382 7697
f 7917 7697 8349
f 8349 7697 8046
f 5495 5783 5010
f 4792 459 695
f 1409 1212 2245
f 2245 1212 2173
f 1409 2245 2329
f 2245 2173 3154
f 2245 3154 2329
f 3154 2173 2954
f 1409 2329 1576
f 2329 3154 3193
f 2954 2173 2833
f 2329 3193 2370
f 2329 2370 1576
f 2370 3193 3156
f 2833 2173 2078
f 2370 3156 2331
f 2370 2331 1576
f 1576 2331 1648
f 1648 2331 1727
f 1727 2331 2290
f 2331 3156 3024
f 2331 3024 2290
f 2290 3024 2896
f 2896 3024 3582
f 3582 3024 3837
f 3837 3024 3949
f 2833 2078 1955
f 3872 3922 2833
f 3872 2833 3920
f 2833 1955 2860
f 2833 2860 3920
f 2860 1955 2858
f 3920 2860 3947
f 3947 2860 2858
f 3947 2858 4008
f 1362 1578 1650
f 1650 1578 1727
f 1650 1727 2333
f 2333 1727 2290
f 2333 2290 3026
f 3026 2290 2896
f 3026 2896 3582
f 3026 3582 3740
f 1362 1650 695
f 3582 3975 4033
f 3582 4033 3740
f 4033 3975 4115
f 4033 4115 4177
f 4177 4115 4243
f 4177 4243 4380
f 4380 4243 4336
f 4380 4336 4483
f 4483 4336 4401
f 4483 4401 4519
f 4519 4401 4432
f 4519 4432 4520
f 4520 4432 4402
f 4520 4402 4521
f 4521 4402 4337
f 4521 4337 4484
f 4484 4337 4244
f 4484 4244 4381
f 4381 4244 4114
f 3026 3740 3742
f 3026 3742 3052
f 3742 3740 4033
f 3052 3742 3839
f 3742 4033 4035
f 3839 3742 4037
f 4037 3742 4035
f 4035 4033 4201
f 4201 4033 4177
f 4037 4035 4245
f 4245 4035 4201
f 4201 4177 4382
f 4382 4177 4380
f 4245 4201 4416
f 4416 4201 4382
f 4382 4380 4485
f 4382 4485 4416
f 4485 4380 4483
f 4485 4483 4501
f 4501 4483 4519
f 4501 4519 4502
f 4502 4519 4520
f 4502 4520 4503
f 4503 4520 4521
f 4502 4503 4547
f 4503 4521 4486
f 4486 4521 4484
f 4486 4484 4383
f 4383 4484 4381
f 4383 4381 4202
f 4486 4383 4417
f 4503 4486 4523
f 4523 4486 4417
f 4503 4523 4547
f 4523 4417 4419
f 4547 4523 4525
f 4525 4523 4419
f 4525 4419 4434
f 4434 4419 4281
f 4547 4525 4539
f 4525 4434 4541
f 4525 4541 4539
f 4541 4434 4385
f 4547 4539 4552
f 4541 4385 4488
f 4552 4539 4504
f 4541 4488 4554
f 4541 4554 4539
f 4539 4554 4504
f 4554 4488 4527
f 4554 4527 4562
f 4562 4527 4505
f 4552 4504 4546
f 4552 4546 4501
f 4501 4546 4485
f 4546 4504 4538
f 4562 4505 4553
f 4562 4553 4538
f 4553 4505 4526
f 4485 4546 4522
f 4522 4546 4538
f 4485 4522 4416
f 4522 4538 4524
f 4522 4524 4416
f 4524 4538 4553
f 4553 4526 4540
f 4553 4540 4524
f 4540 4526 4487
f 4416 4524 4418
f 4418 4524 4540
f 4416 4418 4245
f 4540 4487 4433
f 4540 4433 4418
f 4433 4487 4384
f 4245 4418 4230
f 4230 4418 4433
f 4245 4230 4037
f 4433 4384 4280
f 4433 4280 4230
f 4280 4384 4179
f 4037 4230 4081
f 4081 4230 4280
f 4037 4081 3839
f 4280 4179 4066
f 4280 4066 4081
f 4066 4179 4019
f 3839 4081 3791
f 3791 4081 4066
f 3839 3791 3106
f 3106 3791 3841
f 3841 3791 4066
f 3841 4066 4019
f 3841 4019 3744
f 4538 4504 4562
f 4562 4504 4554
f 4552 4501 4502
f 4552 4502 4547
f 4333 4272 4312
f 4333 4312 4278
f 4333 4278 4371
f 4333 4371 4373
f 4272 4333 4133
f 4333 4373 4270
f 4333 4270 4133
f 4270 4373 4268
f 4270 4268 4172
f 4270 4172 4174
f 4270 4174 4133
f 4272 4133 4078
f 4133 4174 4176
f 4133 4176 4078
f 4078 4176 4113
f 4078 4113 4065
f 4113 4176 3950
f 4065 4113 4011
f 4011 4113 3950
f 4065 4011 4080
f 4080 4011 4114
f 4011 3950 3838
f 4011 3838 3583
f 4353 4315 4065
f 4315 4272 4078
f 4315 4078 4065
f 4353 4065 4080
f 4353 4080 4317
f 4317 4080 4114
f 4417 4383 4246
f 4246 4383 4202
f 4246 4202 4038
f 4246 4038 4082
f 4082 4038 3840
f 4419 4417 4231
f 4419 4231 4281
f 4281 4231 4067
f 4231 4417 4246
f 4231 4246 4082
f 4231 4082 4067
f 4434 4281 4180
f 4434 4180 4385
f 4180 4281 4020
f 4020 4281 4067
f 4020 4067 3745
f 3745 4067 3842
f 3842 4067 4082
f 3745 3842 3109
f 3745 3109 3080
f 3080 3109 2570
f 3792 4082 3840
f 3792 3840 3107
f 3792 3107 3109
f 2570 3109 2534
f 2534 3109 3107
f 2570 2534 1903
f 2534 3107 2499
f 1903 2534 1878
f 2534 2499 1822
f 2534 1822 1878
f 4488 4385 4204
f 4204 4385 4180
f 4204 4180 3978
f 3978 4180 3794
f 3794 4180 3844
f 3844 4180 4020
f 3844 4020 3515
f 3515 4020 3745
f 3515 3745 2992
f 2992 3745 3080
f 2992 3080 2570
f 2992 2570 2501
f 2501 2570 1903
f 2501 1903 1901
f 1901 1903 1149
f 1901 1149 1245
f 1245 1149 438
f 1245 438 558
f 558 438 6
f 6 438 4915
f 6 4915 5349
f 6 5349 5097
f 5097 5349 5323
f 5323 5349 5624
f 5323 5624 5593
f 5593 5624 5840
f 5593 5840 5870
f 5870 5840 5977
f 5870 5977 5868
f 5868 5977 6072
f 5868 6072 5591
f 5591 6072 6073
f 5591 6073 5867
f 5867 6073 6071
f 5867 6071 5869
f 5869 6071 5976
f 5869 5976 5839
f 5869 5839 5592
f 5592 5839 5322
f 5322 5839 5623
f 5322 5623 5096
f 5096 5623 5348
f 5096 5348 5
f 5 5348 4914
f 5 4914 557
f 557 4914 437
f 557 437 1148
f 557 1148 1244
f 1244 1148 1902
f 1244 1902 1900
f 1900 1902 2569
f 1900 2569 2500
f 2500 2569 3079
f 2500 3079 2991
f 2991 3079 3514
f 3514 3079 3744
f 3514 3744 4019
f 3514 4019 3843
f 3843 4019 3793
f 3793 4019 4179
f 3793 4179 3977
f 3977 4179 4203
f 4203 4179 4384
f 4203 4384 4487
f 4203 4487 4386
f 4386 4487 4435
f 4435 4487 4526
f 4488 4204 4387
f 4488 4387 4527
f 4527 4387 4436
f 4527 4436 4505
f 4505 4436 4247
f 4505 4247 4526
f 4436 4387 4404
f 4436 4404 4472
f 4436 4472 4247
f 4472 4404 4357
f 4472 4357 4438
f 4472 4438 4420
f 4438 4357 4341
f 4341 4357 4182
f 4438 4341 4339
f 4438 4339 4388
f 4438 4388 4420
f 4388 4339 4248
f 4420 4388 4471
f 4420 4471 4435
f 4435 4471 4386
f 4388 4248 4437
f 4388 4437 4471
f 4437 4248 4338
f 4386 4471 4403
f 4403 4471 4437
f 4386 4403 4159
f 4386 4159 4203
f 4403 4437 4356
f 4403 4356 4159
f 4356 4437 4338
f 4159 4356 4093
f 4356 4338 4340
f 4356 4340 4093
f 4093 4340 4181
f 4093 4181 3874
f 4526 4247 4435
f 4247 4472 4420
f 4247 4420 4435
f 4404 4387 4160
f 4160 4387 4204
f 4404 4160 4094
f 4404 4094 4357
f 4357 4094 4182
f 4094 4160 3747
f 4182 4094 3875
f 3875 4094 3747
f 3747 4160 3896
f 3896 4160 4204
f 3747 3896 3796
f 3896 4204 3978
f 3896 3978 3796
f 3796 3978 3794
f 4182 3875 4084
f 4084 3875 3924
f 4182 4084 4343
f 4084 3924 3995
f 3995 3924 3846
f 4343 4084 4117
f 4117 4084 3995
f 4343 4117 4422
f 4343 4422 4507
f 4507 4422 4588
f 4422 4117 4135
f 4135 4117 3995
f 4588 4422 4440
f 4440 4422 4135
f 4588 4440 4604
f 4135 3995 3997
f 4604 4440 4407
f 3997 3995 3898
f 3898 3995 3846
f 4604 4407 4578
f 4578 4407 4442
f 4578 4442 4549
f 4442 4407 4206
f 4407 4440 4096
f 4407 4096 4206
f 4096 4440 4135
f 4206 4096 3999
f 4096 4135 3926
f 4096 3926 3999
f 3926 4135 3997
f 3926 3997 3898
f 3999 3926 3519
f 3519 3926 3898
f 3519 3898 3517
f 3519 3517 2930
f 3517 3898 3477
f 3477 3898 3846
f 2930 3517 2961
f 2961 3517 3477
f 3477 3846 3750
f 2930 2961 2478
f 3477 3750 3426
f 3426 3750 3635
f 2961 3477 2959
f 2959 3477 3426
f 2478 2961 2507
f 2507 2961 2959
f 2478 2507 1957
f 2478 1957 1905
f 1957 2507 2540
f 2540 2507 2959
f 1957 2540 1990
f 1990 2540 2505
f 2505 2540 2959
f 1990 2505 2006
f 2928 2959 3426
f 2959 2928 2505
f 2928 3426 3424
f 2505 2928 2926
f 2926 2928 3424
f 2505 2926 2503
f 2926 3424 3422
f 2503 2926 2957
f 2957 2926 3422
f 2957 3422 3475
f 3875 3747 3635
f 3875 3635 3924
f 3924 3635 3750
f 3924 3750 3846
f 3635 3747 3749
f 3749 3747 3796
f 3635 3749 3424
f 3635 3424 3426
f 3424 3749 3422
f 3749 3796 3798
f 3749 3798 3422
f 3798 3796 3794
f 3422 3798 3475
f 3798 3794 3844
f 3798 3844 3475
f 3475 3844 3515
f 3475 3515 2994
f 3515 2992 2994
f 2994 2992 2501
f 3842 4082 3792
f 3842 3792 3109
f 2994 2501 2536
f 2994 2536 2538
f 2499 3107 2407
f 2499 2407 1822
f 1822 2407 1751
f 2407 3107 3055
f 3055 3107 3840
f 3055 3840 3743
f 3743 3840 4036
f 1878 1822 1055
f 1878 1055 1903
f 1903 1055 1149
f 1055 1822 1006
f 1149 1055 322
f 322 1055 1006
f 1149 322 438
f 1006 1822 1751
f 438 322 5062
f 438 5062 4915
f 322 1006 191
f 5062 322 5169
f 5169 322 191
f 5062 5169 5500
f 5500 5169 5658
f 5658 5169 5753
f 5169 191 95
f 95 191 1006
f 5169 95 5321
f 95 1006 870
f 870 1006 1751
f 5321 95 4
f 4 95 870
f 5321 4 5371
f 5371 4 5498
f 5498 4 4832
f 4832 4 726
f 870 1751 810
f 870 810 4
f 4 810 726
f 810 1751 1730
f 726 810 1651
f 1651 810 1730
f 726 1651 1363
f 1651 1730 2334
f 2334 1730 2405
f 2501 1901 1925
f 1925 1901 1245
f 2501 1925 2536
f 1925 1245 1412
f 2536 1925 1986
f 1986 1925 1412
f 2536 1986 2538
f 1412 1245 558
f 2538 1986 1988
f 2538 1988 2503
f 2503 1988 2006
f 2503 2006 2505
f 2006 1988 1543
f 1988 1986 1507
f 1988 1507 1543
f 1507 1986 1412
f 1543 1507 849
f 849 1507 1412
f 1543 849 872
f 872 849 324
f 324 849 283
f 324 283 4919
f 849 1412 728
f 728 1412 558
f 728 558 6
f 728 6 164
f 728 164 849
f 849 164 283
f 283 164 4917
f 4917 164 5013
f 2994 2538 2957
f 2957 2538 2503
f 2994 2957 3475
f 4182 4343 4507
f 3519 2930 3637
f 3519 3637 3999
f 3637 2930 2996
f 3999 3637 4040
f 2996 2930 2542
f 3999 4040 4283
f 3999 4283 4206
f 4206 4283 4491
f 2542 2930 2478
f 2542 2478 1927
f 1927 2478 1905
f 1927 1905 1319
f 1927 1319 1275
f 1275 1319 587
f 587 1319 618
f 587 618 4795
f 4795 618 8
f 4795 8 5301
f 5301 8 5248
f 5301 5248 5565
f 5301 5565 5696
f 5696 5565 6075
f 6075 5565 6007
f 6075 6007 6268
f 6075 6268 6377
f 6377 6268 6343
f 6377 6343 6433
f 6433 6343 6128
f 6433 6128 6414
f 6414 6128 6342
f 6414 6342 6432
f 6432 6342 6376
f 6376 6342 6267
f 6376 6267 6074
f 6074 6267 6006
f 6074 6006 5564
f 6074 5564 5695
f 5695 5564 5300
f 5300 5564 5217
f 5300 5217 7
f 5300 7 4794
f 4794 7 586
f 586 7 617
f 586 617 1274
f 1274 617 1318
f 1274 1318 1926
f 1926 1318 1904
f 1926 1904 2477
f 1926 2477 2541
f 2541 2477 2929
f 1990 2006 1476
f 1476 2006 1543
f 1476 1543 872
f 1990 1476 1365
f 1990 1365 1957
f 1957 1365 1319
f 1319 1365 618
f 1476 872 812
f 1365 1476 698
f 1365 698 618
f 698 1476 812
f 812 872 242
f 812 242 698
f 242 872 324
f 242 324 4919
f 618 698 97
f 97 698 242
f 618 97 8
f 8 97 5248
f 97 242 5064
f 5064 242 4919
f 97 5064 5248
f 5064 4919 5247
f 5248 5064 5437
f 5248 5437 5565
f 5565 5437 6007
f 6007 5437 5876
f 5876 5437 5627
f 5627 5437 5247
f 5627 5247 5532
f 1957 1319 1905
f 5437 5064 5247
f 587 4795 4834
f 4834 4795 5301
f 587 4834 560
f 587 560 1275
f 4834 5301 5351
f 5351 5301 5696
f 5351 5696 5755
f 4834 5351 5035
f 4834 5035 560
f 5351 5755 5567
f 5351 5567 5035
f 5567 5755 6009
f 6009 5755 6129
f 6129 5755 6075
f 5035 5567 5099
f 560 5035 375
f 375 5035 5099
f 560 375 1247
f 5099 5567 5660
f 1247 375 1111
f 1247 1111 1907
f 1111 375 326
f 326 375 5099
f 1111 326 1057
f 5099 5660 5171
f 5099 5171 326
f 1057 326 285
f 285 326 5171
f 5171 5660 5722
f 5722 5660 6131
f 5722 6131 6198
f 5722 6198 5812
f 5722 5812 5171
f 5812 6198 6312
f 285 5171 5281
f 5281 5171 5812
f 5812 6312 5951
f 5812 5951 5281
f 5951 6312 6504
f 1028 285 961
f 961 285 193
f 193 285 5281
f 961 193 874
f 5951 6504 6106
f 5281 5951 5353
f 5281 5353 193
f 5353 5951 6106
f 6106 6504 6713
f 193 5353 99
f 193 99 874
f 5353 6106 5439
f 5353 5439 99
f 6106 6713 6167
f 6106 6167 5439
f 6167 6713 6828
f 874 99 10
f 10 99 5439
f 874 10 748
f 10 5439 5502
f 5502 5439 6167
f 10 5502 4836
f 4836 5502 5629
f 5629 5502 6167
f 4836 5629 4971
f 4971 5629 5662
f 4971 5662 5015
f 5629 6167 6270
f 5629 6270 5662
f 6270 6167 6924
f 6924 6167 6828
f 6924 6828 7523
f 6924 7523 7560
f 6924 7560 6926
f 6924 6926 6270
f 6926 7560 7597
f 6926 7597 6884
f 6270 6926 6314
f 6314 6926 6884
f 6270 6314 5662
f 6314 6884 6316
f 6314 6316 5662
f 6316 6884 7304
f 5662 6316 5698
f 6316 7304 6467
f 6316 6467 5698
f 6467 7304 7525
f 6467 7525 6602
f 5698 6467 5814
f 5814 6467 6602
f 5698 5814 5037
f 5037 5814 5173
f 6602 7525 7489
f 5173 5814 5953
f 5953 5814 6602
f 5173 5953 5325
f 5325 5953 6053
f 6053 5953 6602
f 6602 7489 6675
f 6602 6675 6053
f 6675 7489 7402
f 6053 6675 6678
f 6678 6675 7402
f 6678 7402 7360
f 6053 6678 6108
f 6108 6678 6751
f 6108 6751 6171
f 1927 1275 1247
f 1247 1275 560
f 1927 1247 1907
f 1927 1907 2542
f 2542 1907 2509
f 2542 2509 2996
f 2509 1907 1824
f 1824 1907 1111
f 2996 2509 2963
f 2996 2963 3637
f 2509 1824 2373
f 2509 2373 2963
f 1824 1111 1799
f 1824 1799 2373
f 1799 1111 1057
f 3637 2963 3585
f 3637 3585 4040
f 2963 2373 2863
f 2963 2863 3585
f 2373 1799 2375
f 2373 2375 2863
f 2375 1799 1775
f 4040 3585 4042
f 4040 4042 4283
f 3585 2863 3521
f 3585 3521 4042
f 4283 4042 4285
f 4042 3521 4045
f 4042 4045 4285
f 4283 4285 4491
f 4285 4045 4251
f 4251 4045 4098
f 4285 4251 4474
f 4285 4474 4493
f 4285 4493 4491
f 4491 4493 4590
f 4590 4493 4592
f 2865 3521 2863
f 2865 2863 2375
f 3521 2865 3379
f 2865 2375 2336
f 2336 2375 1775
f 3379 2865 2835
f 2835 2865 2336
f 3379 2835 2837
f 3379 2837 3479
f 3479 2837 3523
f 3523 2837 3381
f 2835 2336 2248
f 2835 2248 2837
f 2248 2336 1732
f 1732 2336 1775
f 1732 1775 961
f 961 1775 1028
f 1732 961 874
f 1732 874 1672
f 1732 1672 2248
f 1672 874 748
f 2176 2837 2248
f 2176 2248 1672
f 2837 2176 2742
f 2837 2742 3381
f 2176 1672 2081
f 2176 2081 2742
f 3381 2742 2615
f 2615 2742 2081
f 3381 2615 3111
f 3111 2615 2839
f 2839 2615 2439
f 2615 2081 1909
f 2615 1909 2439
f 1443 2081 1672
f 1443 1672 748
f 2081 1443 1909
f 2839 2439 2209
f 2209 2439 1909
f 2839 2209 2618
f 2209 1909 1826
f 1909 1443 1277
f 1909 1277 1826
f 1443 748 665
f 1443 665 1277
f 665 748 4836
f 4836 748 10
f 665 4836 4971
f 665 4971 440
f 665 440 1277
f 440 4971 5015
f 440 5015 377
f 440 377 912
f 1277 440 1008
f 1008 440 912
f 1277 1008 1545
f 1545 1008 912
f 1277 1545 1826
f 1545 912 1445
f 1826 1545 2209
f 1545 1445 1829
f 2209 1545 1911
f 1911 1545 1829
f 2209 1911 2480
f 1911 1829 2152
f 1911 2152 2480
f 2480 2152 2269
f 4442 4206 4491
f 4442 4491 4590
f 4442 4590 4549
f 4549 4590 4632
f 4549 4632 4613
f 4613 4632 4651
f 4588 4604 4602
f 4602 4604 4626
f 4602 4626 4489
f 4626 4604 4578
f 4489 4626 4548
f 4626 4578 4619
f 4626 4619 4548
f 4619 4578 4613
f 4613 4578 4549
f 4619 4613 4606
f 4619 4606 4555
f 4619 4555 4548
f 4555 4606 4563
f 4555 4563 4618
f 4618 4563 4605
f 4548 4555 4625
f 4625 4555 4618
f 4548 4625 4601
f 4618 4605 4612
f 4601 4625 4587
f 4587 4625 4603
f 4603 4625 4618
f 4587 4603 4421
f 4421 4603 4439
f 4618 4612 4577
f 4618 4577 4603
f 4577 4612 4556
f 4439 4603 4406
f 4406 4603 4577
f 4406 4577 4556
f 4439 4406 4249
f 4406 4556 4441
f 4588 4602 4507
f 4507 4602 4529
f 4529 4602 4489
f 4507 4529 4339
f 4507 4339 4341
f 4339 4529 4248
f 4248 4529 4405
f 4248 4405 4338
f 4338 4405 4528
f 4338 4528 4506
f 4506 4528 4601
f 4338 4506 4340
f 4506 4601 4587
f 4340 4506 4181
f 4506 4587 4421
f 4181 4506 4342
f 4342 4506 4421
f 4590 4592 4632
f 4632 4592 4634
f 4634 4592 4594
f 4632 4634 4651
f 4634 4594 4638
f 4651 4634 4653
f 4653 4634 4638
f 4651 4653 4650
f 4653 4638 4643
f 4650 4653 4654
f 4654 4653 4643
f 4650 4654 4649
f 4654 4643 4644
f 4649 4654 4652
f 4652 4654 4644
f 4649 4652 4631
f 4652 4644 4642
f 4631 4652 4633
f 4633 4652 4642
f 4633 4642 4637
f 4631 4633 4589
f 4633 4637 4593
f 4589 4633 4591
f 4591 4633 4593
f 4589 4591 4490
f 4591 4593 4492
f 4591 4492 4490
f 4492 4593 4473
f 4490 4492 4282
f 4492 4473 4284
f 4492 4284 4282
f 4284 4473 4250
f 4282 4284 4041
f 4041 4284 4250
f 4282 4041 4039
f 4041 4250 4043
f 4493 4474 4592
f 4592 4474 4594
f 4613 4651 4606
f 4606 4651 4650
f 4606 4650 4563
f 4563 4650 4649
f 4563 4649 4605
f 4605 4649 4631
f 4605 4631 4612
f 4612 4631 4589
f 4643 4638 4669
f 4643 4669 4671
f 4669 4638 4668
f 4643 4671 4644
f 4644 4671 4670
f 4644 4670 4642
f 4642 4670 4667
f 4642 4667 4637
f 4668 4638 4594
f 4637 4667 4635
f 4637 4635 4593
f 4668 4594 4636
f 4668 4636 4662
f 4636 4594 4543
f 4543 4594 4474
f 4543 4474 4251
f 4543 4251 4319
f 4319 4251 4144
f 4636 4543 4580
f 4636 4580 4662
f 4144 4251 4098
f 4144 4098 4046
f 4046 4098 4045
f 4144 4046 4100
f 4662 4580 4674
f 4674 4580 4565
f 4565 4580 4409
f 4662 4674 4699
f 4699 4674 4710
f 4662 4699 4688
f 4699 4710 4724
f 4699 4724 4712
f 4699 4712 4688
f 4712 4724 4726
f 4688 4712 4708
f 4708 4712 4726
f 4688 4708 4681
f 4708 4726 4719
f 4719 4726 4743
f 4719 4743 4742
f 4681 4708 4700
f 4700 4708 4719
f 4681 4700 4675
f 4719 4742 4715
f 4719 4715 4700
f 4715 4742 4740
f 4675 4700 4707
f 4707 4700 4715
f 4675 4707 4680
f 4715 4740 4718
f 4715 4718 4707
f 4718 4740 4725
f 4680 4707 4711
f 4711 4707 4718
f 4711 4718 4725
f 4680 4711 4687
f 4687 4711 4661
f 4711 4725 4698
f 4711 4698 4661
f 4698 4725 4723
f 4687 4661 4635
f 4698 4723 4673
f 4698 4673 4661
f 4673 4723 4709
f 4635 4661 4542
f 4635 4542 4593
f 4593 4542 4473
f 4639 4709 4716
f 4709 4639 4564
f 4709 4564 4673
f 4579 4661 4673
f 4661 4579 4542
f 4579 4673 4564
f 4318 4473 4542
f 4318 4542 4579
f 4473 4318 4250
f 4579 4564 4408
f 4579 4408 4318
f 4408 4564 4443
f 4250 4318 4143
f 4250 4143 4097
f 4250 4097 4043
f 4043 4097 4044
f 4044 4097 4143
f 4044 4143 4099
f 4099 4143 4183
f 4669 4668 4688
f 4688 4668 4662
f 4669 4688 4679
f 4669 4679 4671
f 4679 4688 4681
f 4671 4679 4672
f 4672 4679 4681
f 4671 4672 4670
f 4672 4681 4675
f 4670 4672 4678
f 4678 4672 4675
f 4678 4675 4680
f 4670 4678 4667
f 4678 4680 4687
f 4678 4687 4667
f 4667 4687 4635
f 4580 4543 4409
f 4409 4543 4319
f 4409 4319 4184
f 4184 4319 4144
f 4184 4144 4100
f 4409 4184 4444
f 4409 4444 4565
f 4184 4100 4136
f 4136 4100 3753
f 3753 4100 3639
f 3639 4100 4046
f 3639 4046 3684
f 4136 3753 3755
f 4136 3755 4146
f 4136 4146 4184
f 4146 3755 3587
f 4184 4146 4233
f 4184 4233 4444
f 4146 3587 4086
f 4146 4086 4233
f 4086 3587 3315
f 4444 4233 4162
f 4162 4233 4086
f 4086 3315 3953
f 4086 3953 4162
f 3953 3315 2965
f 4444 4162 4461
f 4444 4461 4565
f 4162 3953 4022
f 4162 4022 4461
f 3953 2965 3525
f 3953 3525 4022
f 3525 2965 2706
f 3525 2706 3029
f 3029 2706 2572
f 3029 2572 2818
f 3029 2818 3113
f 4022 3525 3686
f 3029 3113 3686
f 4022 3686 4390
f 4022 4390 4461
f 3686 3113 4254
f 3686 4254 4390
f 4254 3113 4048
f 4048 3113 3082
f 4254 4048 4615
f 4048 3082 3691
f 3691 3082 3385
f 3385 3082 2841
f 4390 4254 4646
f 4646 4254 4615
f 4640 4461 4390
f 4640 4390 4646
f 4461 4640 4565
f 4565 4640 4674
f 4674 4640 4710
f 4646 4615 4717
f 4646 4717 4640
f 4640 4717 4710
f 4717 4615 4714
f 4710 4717 4724
f 2717 2841 3082
f 2841 2717 2649
f 2841 2649 2746
f 2717 3082 2576
f 2717 2576 2649
f 2576 3082 2901
f 2649 2576 2409
f 2409 2576 2111
f 4726 4724 4735
f 4735 4724 4717
f 4735 4717 4714
f 4735 4714 4739
f 4726 4735 4744
f 4744 4735 4739
f 4726 4744 4743
f 4744 4739 4737
f 4744 4737 4743
f 4737 4739 4721
f 4743 4737 4728
f 4743 4728 4742
f 4737 4721 4730
f 4737 4730 4728
f 4730 4721 4692
f 4742 4728 4722
f 4730 4692 4705
f 4705 4692 4584
f 4728 4730 4733
f 4733 4730 4705
f 4728 4733 4722
f 4742 4722 4740
f 4733 4705 4703
f 4703 4705 4658
f 4722 4733 4731
f 4731 4733 4703
f 4740 4722 4727
f 4727 4722 4731
f 4740 4727 4741
f 4740 4741 4725
f 4727 4731 4732
f 4725 4741 4734
f 4725 4734 4723
f 4723 4734 4709
f 4741 4727 4736
f 4741 4736 4734
f 4736 4727 4732
f 4709 4734 4716
f 4734 4736 4738
f 4716 4734 4713
f 4713 4734 4738
f 4716 4713 4645
f 4716 4645 4639
f 4645 4713 4614
f 4713 4738 4689
f 4738 4736 4729
f 4729 4736 4732
f 4689 4738 4720
f 4720 4738 4729
f 4689 4720 4691
f 4720 4729 4704
f 4704 4729 4732
f 4720 4704 4691
f 4689 4691 4581
f 4581 4691 4583
f 4581 4583 4358
f 4583 4691 4657
f 4657 4691 4704
f 4657 4704 4683
f 4683 4704 4702
f 4702 4704 4732
f 4683 4702 4682
f 4702 4732 4701
f 4702 4701 4682
f 4701 4732 4731
f 4701 4731 4703
f 4701 4703 4684
f 4701 4684 4682
f 4684 4703 4658
f 4684 4658 4551
f 4682 4684 4600
f 4682 4600 4609
f 4548 4601 4489
f 4489 4601 4528
f 4489 4528 4405
f 4489 4405 4529
f 4507 4341 4182
f 4181 4342 4083
f 4083 4342 4421
f 4083 4421 4116
f 4116 4421 4439
f 3874 4083 3951
f 3951 4083 4116
f 3951 4116 3994
f 3994 4116 3996
f 4116 4439 4134
f 4116 4134 3996
f 4134 4439 4249
f 3996 4134 4095
f 3996 4095 3925
f 3925 4095 3998
f 3925 3998 3518
f 3874 4181 4083
f 4093 3874 3746
f 4556 4612 4589
f 4556 4589 4490
f 4556 4490 4441
f 4441 4490 4282
f 4406 4441 4249
f 4249 4441 4205
f 4249 4205 4095
f 4249 4095 4134
f 4441 4282 4205
f 4205 4282 3998
f 3998 4282 4039
f 3998 4039 3518
f 3518 4039 3636
f 3518 3636 2929
f 4095 4205 3998
f 3996 3925 3897
f 3897 3925 3518
f 3897 3518 3516
f 3996 3897 3994
f 3897 3516 3476
f 3994 3897 3845
f 3845 3897 3476
f 3994 3845 3951
f 3845 3476 3425
f 3845 3425 3751
f 3845 3751 3951
f 3751 3425 3423
f 3951 3751 3634
f 3634 3751 3423
f 3951 3634 3874
f 3634 3423 3421
f 3874 3634 3748
f 3748 3634 3421
f 3874 3748 3746
f 3748 3421 3474
f 3474 3421 2993
f 3474 2993 2991
f 3474 2991 3514
f 3748 3474 3797
f 3797 3474 3514
f 3748 3797 3746
f 3797 3514 3843
f 3746 3797 3795
f 3795 3797 3843
f 3746 3795 3895
f 3795 3843 3793
f 3895 3795 3977
f 3977 3795 3793
f 4318 4408 4183
f 4318 4183 4143
f 4408 4443 4232
f 4232 4443 4460
f 4460 4443 4564
f 4460 4564 4639
f 4460 4639 4645
f 4232 4460 4161
f 4232 4161 4085
f 4460 4645 4389
f 4161 4460 4021
f 4021 4460 4389
f 4389 4645 4253
f 4253 4645 4614
f 4389 4253 4021
f 4021 4253 3685
f 4161 4021 4085
f 4085 4021 3952
f 3952 4021 3524
f 4085 3952 3314
f 3952 3524 2964
f 3952 2964 3314
f 4085 3314 3586
f 4085 3586 3754
f 4085 3754 4145
f 3586 3314 3110
f 3110 3314 2964
f 4145 3754 3752
f 4145 3752 4118
f 4183 4118 4099
f 4099 4118 3752
f 4099 3752 3638
f 4099 3638 4044
f 4044 3638 3683
f 3683 3638 3378
f 3378 3638 3752
f 3683 3378 3520
f 3378 3752 3478
f 3478 3752 3522
f 3520 3378 2864
f 3520 2864 2862
f 3378 3478 2834
f 3478 3522 2836
f 3478 2836 2834
f 2836 3522 3380
f 2862 2864 2372
f 2372 2864 2374
f 2372 2374 1798
f 2374 2864 2335
f 2335 2864 2834
f 2374 2335 1774
f 2247 2834 2836
f 2834 2247 2335
f 2372 1798 1823
f 2372 1823 2508
f 2508 1823 1906
f 1823 1798 1110
f 1823 1110 1906
f 2335 2247 1731
f 2335 1731 1774
f 1110 1798 1056
f 1027 1056 1774
f 1774 1731 960
f 1774 960 1027
f 1056 1027 284
f 284 1027 960
f 1110 1056 325
f 325 1056 284
f 1246 1906 1110
f 1906 1246 1926
f 1926 1246 1274
f 1246 1110 374
f 374 1110 325
f 1274 1246 559
f 559 1246 374
f 1274 559 586
f 374 325 5034
f 5034 325 5098
f 5098 325 5170
f 5170 325 284
f 5170 284 5280
f 5280 284 192
f 192 284 960
f 5280 192 98
f 5280 98 5352
f 5352 98 5438
f 98 192 873
f 873 192 960
f 5438 98 9
f 9 98 873
f 5438 9 5501
f 873 960 1671
f 1671 960 1731
f 1671 1731 2247
f 9 873 747
f 747 873 1671
f 5501 9 4835
f 4835 9 747
f 5501 4835 5628
f 1671 2247 2175
f 2175 2247 2836
f 2175 2836 2741
f 2741 2836 3380
f 1671 2175 2080
f 2080 2175 2741
f 2741 3380 2614
f 2741 2614 2080
f 2614 3380 3110
f 1671 2080 1442
f 1671 1442 747
f 2080 2614 1908
f 2080 1908 1442
f 2614 3110 2838
f 2838 3110 2964
f 2614 2838 2438
f 2614 2438 1908
f 2838 2964 2617
f 2617 2964 2705
f 2705 2964 3524
f 2705 3524 3028
f 2617 2705 2479
f 2479 2705 2571
f 2208 2438 2838
f 2438 2208 1908
f 2208 2838 2616
f 2208 2616 2479
f 1908 2208 1825
f 1908 1825 1276
f 1908 1276 1442
f 1825 2208 1544
f 1825 1544 1276
f 2208 2479 1910
f 2208 1910 1544
f 1910 2479 2151
f 2151 2479 2268
f 1910 2151 1828
f 1910 1828 1544
f 1544 1828 1444
f 1544 1444 911
f 1007 1276 1544
f 1007 1544 911
f 1007 911 439
f 1007 439 1276
f 439 911 376
f 664 1442 1276
f 664 1276 439
f 1442 664 747
f 747 664 4835
f 439 376 5014
f 4835 664 4970
f 4970 664 439
f 4970 439 5014
f 4835 4970 5628
f 5628 4970 5014
f 5628 5014 5661
f 5661 5014 5697
f 5697 5014 5036
f 5697 5036 5813
f 5813 5036 5172
f 5172 5036 286
f 5172 286 125
f 125 286 786
f 5813 5172 5324
f 5324 5172 125
f 5813 5324 5952
f 5324 125 4839
f 5952 5324 6052
f 5324 4839 5018
f 6052 5324 5467
f 5467 5324 5018
f 6052 5467 5572
f 5572 5467 5018
f 5572 5018 5182
f 5572 5182 5328
f 5572 5328 5731
f 6052 5572 6107
f 5572 5731 6170
f 5572 6170 6107
f 6107 6170 6750
f 4408 4232 4183
f 4183 4232 4118
f 4118 4232 4145
f 4614 4713 4689
f 4253 4614 4047
f 4047 4614 4495
f 4253 4047 3112
f 4253 3112 3685
f 4021 3685 3524
f 3524 3685 3112
f 3524 3112 3028
f 3028 3112 2900
f 3028 2900 2817
f 3112 4047 3081
f 3112 3081 2900
f 2817 2900 2575
f 2575 2900 3081
f 2817 2575 2268
f 2268 2575 2110
f 2268 2110 2151
f 2151 2110 1828
f 2110 2575 2408
f 2408 2575 2648
f 2648 2575 2716
f 2716 2575 3081
f 2648 2716 2840
f 2840 2716 3081
f 2648 2840 2745
f 2745 2840 2799
f 2840 3081 3384
f 2799 2840 2902
f 3384 3081 3689
f 2840 3384 3429
f 2840 3429 2902
f 3429 3384 3689
f 3689 3081 4047
f 2902 3429 2906
f 2902 2906 2799
f 2799 2906 2801
f 2801 2906 2751
f 2906 3429 3196
f 2906 3196 2823
f 2906 2823 2751
f 2751 2823 2624
f 2624 2823 2685
f 3640 3429 3689
f 3429 3640 3352
f 3640 3689 4185
f 3640 4185 3352
f 4185 3689 4047
f 3352 4185 4025
f 4185 4047 4495
f 4185 4495 4581
f 4581 4495 4689
f 4185 4581 4358
f 4614 4689 4495
f 4739 4714 4690
f 4739 4690 4721
f 4690 4714 4496
f 4496 4714 4615
f 4496 4615 4048
f 4721 4690 4582
f 4582 4690 4496
f 4721 4582 4692
f 4496 4048 4186
f 4496 4186 4582
f 4186 4048 3691
f 4692 4582 4359
f 4692 4359 4584
f 4359 4582 4026
f 4026 4582 4186
f 4359 4026 4188
f 4188 4026 3931
f 3931 4026 3353
f 4026 4186 3641
f 3641 4186 3691
f 4026 3641 3353
f 3641 3691 3430
f 3641 3430 3353
f 3430 3691 3385
f 3430 3385 2903
f 2903 3385 2841
f 2903 2841 2746
f 2903 2746 2800
f 2903 2800 2802
f 2903 2802 2907
f 2903 2907 3430
f 2907 2802 2752
f 3430 2907 3197
f 3430 3197 3353
f 2907 2752 2824
f 2907 2824 3197
f 2824 2752 2625
f 3353 3197 3002
f 3353 3002 3278
f 3002 3197 2755
f 2755 3197 2824
f 2824 2625 2686
f 2824 2686 2755
f 2686 2625 2285
f 2755 2686 2360
f 2360 2686 2285
f 2360 2285 1996
f 1996 2285 1941
f 2360 1996 2522
f 4658 4705 4584
f 4658 4584 4426
f 4658 4426 4551
f 4426 4584 4188
f 4600 4684 4551
f 4682 4609 4683
f 4683 4609 4599
f 4683 4599 4657
f 4657 4599 4550
f 4657 4550 4583
f 4609 4600 4509
f 4509 4600 4551
f 4609 4509 4532
f 4509 4551 4448
f 4609 4532 4599
f 4448 4551 4302
f 4599 4532 4508
f 4302 4551 4426
f 4599 4508 4550
f 4302 4426 4105
f 4105 4426 4188
f 4105 4188 3802
f 3802 4188 3931
f 4550 4508 4447
f 3802 3931 3199
f 3199 3931 3278
f 3278 3931 3353
f 3199 3278 2969
f 2969 3278 3002
f 4550 4447 4425
f 4425 4447 4301
f 4550 4425 4583
f 4425 4301 4187
f 4425 4187 4583
f 4583 4187 4358
f 4187 4301 4104
f 4358 4187 4025
f 4187 4104 3930
f 4187 3930 4025
f 3930 4104 3801
f 3930 3801 3198
f 3930 3198 3277
f 3930 3277 4025
f 4025 3277 3352
f 3352 3277 3001
f 3352 3001 2754
f 3352 2754 3196
f 3196 2754 2823
f 2754 3001 2521
f 2754 2521 2359
f 2521 3001 2549
f 2359 2521 2070
f 2521 2549 2100
f 2521 2100 2070
f 2070 2100 1711
f 4185 4358 4025
f 4568 4447 4508
f 4447 4568 4530
f 4447 4530 4423
f 4447 4423 4301
f 4301 4423 4299
f 4301 4299 4104
f 4568 4508 4597
f 4568 4597 4607
f 4597 4508 4532
f 4607 4597 4655
f 4607 4655 4663
f 4597 4532 4596
f 4597 4596 4655
f 4596 4532 4509
f 4655 4596 4641
f 4596 4509 4598
f 4596 4598 4641
f 4598 4509 4448
f 4598 4448 4569
f 4598 4569 4608
f 4598 4608 4656
f 4598 4656 4641
f 4656 4608 4664
f 4641 4656 4627
f 4641 4627 4616
f 4104 4299 4102
f 4104 4102 3801
f 4423 4530 4445
f 4445 4530 4568
f 4299 4423 4286
f 4299 4286 4102
f 4102 4286 4049
f 4102 4049 3876
f 4102 3876 3695
f 3876 4049 3200
f 3876 3200 3695
f 3200 4049 3482
f 3200 3482 2780
f 3200 2780 2687
f 3695 3200 2935
f 2935 3200 2687
f 3695 2935 3084
f 3084 2935 2870
f 2870 2935 2484
f 2484 2935 2687
f 2870 2484 2423
f 2484 2687 2194
f 2194 2687 2386
f 2423 2484 1993
f 1993 2484 2194
f 2423 1993 1966
f 1993 2194 1839
f 1966 1993 1642
f 1642 1993 1839
f 1966 1642 1599
f 1599 1642 1130
f 1642 1839 1393
f 1839 2194 2031
f 1839 2031 1393
f 1393 2031 1681
f 1681 2031 1762
f 1762 2031 2103
f 4286 4423 4445
f 4286 4445 4210
f 4286 4210 4049
f 4210 4445 4566
f 4566 4445 4568
f 4566 4568 4607
f 4566 4607 4663
f 4049 4210 3928
f 4049 3928 3482
f 4210 4566 4410
f 4210 4410 3928
f 4566 4663 4557
f 4566 4557 4410
f 4557 4663 4616
f 4557 4616 4475
f 4557 4475 4346
f 4557 4346 4410
f 4346 4475 4208
f 4147 3928 4410
f 4147 4410 4346
f 4346 4208 4023
f 4346 4023 4147
f 4023 4208 3927
f 3927 4208 4101
f 4101 4208 4320
f 4101 4320 4207
f 4023 3927 3526
f 4147 4023 3693
f 3693 4023 3526
f 4147 3693 3928
f 3693 3526 3194
f 3693 3194 3928
f 3194 3526 3083
f 3928 3194 3482
f 3194 3083 2753
f 3482 3194 2780
f 3194 2753 2778
f 3194 2778 2780
f 2778 2753 2306
f 2778 2306 2459
f 2778 2459 2780
f 2459 2306 2014
f 2780 2459 2386
f 2780 2386 2687
f 2459 2014 2103
f 2459 2103 2386
f 2386 2103 2031
f 2103 2014 1659
f 2103 1659 1762
f 1164 1659 1566
f 1659 1164 1194
f 1762 1659 1342
f 1342 1659 1194
f 1342 1194 1039
f 1762 1342 1567
f 1342 1039 1134
f 1342 1134 1567
f 1567 1134 1346
f 1346 1134 1169
f 1169 1134 1044
f 1169 1044 982
f 3801 4102 3695
f 3801 3695 3198
f 3198 3695 3084
f 3198 3084 2870
f 3198 2870 2968
f 2968 2870 2423
f 3277 3198 2968
f 3277 2968 3001
f 3001 2968 2549
f 2549 2968 2423
f 2549 2423 2100
f 2100 2423 1966
f 2100 1966 1711
f 1711 1966 1599
f 1711 1599 1196
f 1196 1599 1132
f 1196 1132 709
f 709 1132 649
f 709 649 263
f 263 649 143
f 263 143 4974
f 2194 2386 2031
f 1130 1642 1393
f 1130 1393 978
f 1599 1130 1132
f 1132 1130 765
f 1132 765 649
f 649 765 476
f 1711 1196 1683
f 1711 1683 2070
f 2070 1683 1995
f 2070 1995 2359
f 2359 1995 1968
f 1683 1196 1165
f 1165 1196 709
f 1165 709 680
f 680 709 263
f 680 263 225
f 1165 680 1042
f 1165 1042 1626
f 680 225 546
f 680 546 1042
f 1626 1042 1601
f 1626 1601 1968
f 1626 1968 1995
f 1601 1042 1019
f 1019 1042 546
f 1019 546 519
f 519 546 104
f 104 546 225
f 519 104 59
f 104 225 4926
f 4926 225 4901
f 4926 4901 5288
f 59 104 5048
f 5048 104 4926
f 59 5048 5114
f 4926 5288 5304
f 4926 5304 5048
f 5304 5288 5601
f 5114 5048 5479
f 5479 5048 5304
f 5114 5479 5539
f 5304 5601 5681
f 5304 5681 5479
f 5681 5601 6084
f 5539 5479 5912
f 5912 5479 5681
f 5912 5681 6084
f 5539 5912 5984
f 5984 5912 6360
f 6360 5912 6084
f 5984 6360 6450
f 6450 6360 6574
f 6574 6360 6758
f 6758 6360 6084
f 6758 6084 6476
f 6476 6084 6398
f 6476 6398 6723
f 6398 6084 5988
f 1995 1683 1626
f 1626 1683 1165
f 1019 519 414
f 414 519 4757
f 4757 519 59
f 4757 59 5228
f 5228 59 5114
f 5228 5114 5539
f 941 1601 1019
f 941 1019 414
f 1601 941 1528
f 1601 1528 1968
f 1968 1528 1894
f 1968 1894 2219
f 1968 2219 2284
f 2284 2219 2519
f 2284 2519 2624
f 2624 2519 2682
f 2624 2682 2751
f 2751 2682 2801
f 2801 2682 2718
f 2801 2718 2799
f 2799 2718 2749
f 2799 2749 2745
f 2745 2749 2666
f 2745 2666 2648
f 2648 2666 2590
f 2648 2590 2343
f 414 4757 4852
f 414 4852 388
f 414 388 941
f 4852 4757 5228
f 4852 5228 5259
f 5259 5228 5582
f 5582 5228 5539
f 5582 5539 5984
f 5582 5984 6020
f 6020 5984 6396
f 6396 5984 6450
f 4901 225 263
f 4901 263 4974
f 5288 4901 5286
f 5288 5286 5601
f 5601 5286 5599
f 5601 5599 5988
f 5988 5599 5986
f 5988 5986 6362
f 5988 6362 6398
f 6398 6362 6723
f 4901 4974 5286
f 143 649 476
f 4974 143 341
f 341 143 476
f 4974 341 227
f 4974 227 5286
f 476 651 341
f 341 651 227
f 227 651 980
f 5509 5599 5286
f 5509 5286 4928
f 4928 5286 227
f 5509 4928 5374
f 5374 4928 4930
f 4930 4928 81
f 81 4928 227
f 81 227 737
f 476 765 839
f 476 839 651
f 978 765 1130
f 765 978 839
f 651 839 1167
f 1167 839 978
f 1167 978 1344
f 1344 978 1393
f 980 651 1167
f 980 1167 1046
f 980 1046 737
f 1046 1167 1169
f 1169 1167 1344
f 737 1046 892
f 737 892 841
f 841 892 929
f 929 892 1046
f 1046 1169 982
f 1046 982 929
f 929 982 1465
f 1169 1344 1346
f 1346 1344 1526
f 1526 1344 1393
f 1346 1526 1567
f 1526 1393 1681
f 1526 1681 1567
f 1567 1681 1762
f 227 980 737
f 1044 1134 1096
f 1044 1096 982
f 1096 1134 1039
f 1096 1039 1171
f 1171 1039 1040
f 1040 1039 1194
f 1171 1040 1097
f 1040 1194 1164
f 1097 1040 1041
f 1041 1040 1164
f 1041 1164 1195
f 1195 1164 1566
f 1041 1195 1135
f 1135 1195 1343
f 1097 1041 1045
f 1045 1041 1135
f 1097 1045 983
f 1045 1135 1170
f 983 1045 1047
f 1047 1045 1170
f 983 1047 930
f 930 1047 893
f 930 893 842
f 1047 1170 1168
f 1168 1170 1347
f 1168 1347 1345
f 1345 1347 1568
f 1345 1568 1527
f 1566 1659 2014
f 1566 2014 1660
f 1566 1660 1195
f 1660 2014 1763
f 1763 2014 2102
f 2102 2014 2306
f 1763 2102 1682
f 1682 2102 2032
f 2032 2102 2460
f 1682 2032 1394
f 1394 2032 1840
f 1394 1840 1643
f 1394 1643 1131
f 1394 1131 766
f 766 1131 650
f 766 650 144
f 1131 1643 1600
f 1600 1643 1994
f 1600 1994 1967
f 1994 1643 2195
f 1967 1994 2485
f 1967 2485 2424
f 1994 2195 2688
f 1994 2688 2485
f 2688 2195 2781
f 2485 2688 3201
f 2688 2781 3483
f 2688 3483 3201
f 3483 2781 3195
f 3201 3483 4050
f 4050 3483 3929
f 4050 3929 4211
f 4103 3877 4050
f 4103 4050 4287
f 4287 4050 4211
f 4103 4287 4300
f 4287 4211 4446
f 4446 4211 4567
f 4446 4567 4569
f 4446 4569 4531
f 4446 4531 4287
f 4287 4531 4424
f 1195 1660 1343
f 1343 1660 1568
f 1568 1660 1763
f 1343 1568 1135
f 1135 1568 1347
f 1135 1347 1170
f 1171 1097 1235
f 1171 1235 1395
f 1171 1395 1096
f 1395 1235 1629
f 1234 982 1096
f 1395 1629 1234
f 982 1234 1465
f 1465 1234 1629
f 1465 1629 1766
f 1629 1235 1466
f 1766 1629 1868
f 1868 1629 1466
f 1868 1466 1767
f 1097 983 1235
f 1235 983 930
f 1235 930 1466
f 1466 930 842
f 1266 1767 1466
f 1266 1466 842
f 1266 842 844
f 893 522 842
f 842 522 268
f 844 842 454
f 454 842 268
f 454 268 146
f 844 454 578
f 578 454 456
f 1568 1763 1527
f 1527 1763 1682
f 1527 1682 1394
f 1527 1394 979
f 1527 979 1345
f 979 1394 766
f 979 766 477
f 477 766 144
f 979 477 840
f 979 840 1168
f 1168 840 652
f 840 477 342
f 342 477 144
f 342 144 4975
f 228 652 342
f 228 342 4975
f 652 228 981
f 228 4975 5287
f 228 5287 4929
f 228 4929 82
f 1345 979 1168
f 2460 2102 2306
f 2460 2306 2779
f 2460 2779 2387
f 2387 2779 2781
f 2781 2779 3195
f 3195 2779 3083
f 3083 2779 2753
f 3195 3083 3526
f 3195 3526 3694
f 3694 3526 3927
f 2306 2753 2779
f 2387 2032 2460
f 2032 2387 1840
f 1840 2387 2195
f 2195 2387 2781
f 1840 2195 1643
f 3929 3483 3195
f 3929 3195 3694
f 3929 3694 4024
f 4024 3694 3927
f 4024 3927 4101
f 3929 4024 4148
f 3929 4148 4211
f 4211 4148 4411
f 4411 4148 4558
f 4558 4148 4347
f 4024 4101 4209
f 4024 4209 4148
f 4209 4101 4207
f 4148 4209 4347
f 4347 4209 4321
f 4347 4321 4476
f 4663 4655 4616
f 4616 4655 4641
f 4616 4627 4475
f 4475 4627 4595
f 4595 4627 4617
f 4627 4656 4617
f 4617 4656 4664
f 4664 4608 4567
f 4567 4608 4569
f 4664 4567 4558
f 4664 4558 4617
f 4558 4567 4411
f 4411 4567 4211
f 4476 4595 4617
f 4595 4476 4494
f 4494 4476 4345
f 4476 4617 4558
f 4531 4569 4448
f 4531 4448 4302
f 4531 4302 4424
f 4424 4302 4105
f 4424 4105 4300
f 4300 4105 4103
f 4103 4105 3802
f 4287 4424 4300
f 4188 4584 4359
f 3686 3525 3029
f 4046 4045 3684
f 3684 4045 3521
f 3684 3521 3379
f 3684 3379 3639
f 3753 3639 3479
f 3753 3479 3523
f 3753 3523 3755
f 3755 3523 3381
f 3755 3381 3587
f 3587 3381 3111
f 3587 3111 3315
f 3315 3111 2839
f 3315 2839 2965
f 2965 2839 2618
f 2965 2618 2706
f 2706 2618 2572
f 2572 2618 2480
f 2572 2480 2269
f 3479 3639 3379
f 3113 2818 2901
f 2901 2818 2576
f 3113 2901 3082
f 2269 2818 2572
f 2818 2269 2576
f 2576 2269 2111
f 2111 2269 2152
f 2111 2152 1829
f 2480 2618 2209
f 2089 2111 1829
f 2111 2089 2409
f 2409 2089 2344
f 2409 2344 2591
f 2409 2591 2649
f 2649 2591 2746
f 2344 2089 2342
f 2344 2342 2511
f 2342 2089 2154
f 2154 2089 1803
f 1803 2089 1829
f 2154 1803 1852
f 1852 1803 1367
f 1367 1803 1829
f 1367 1829 1445
f 1367 1445 912
f 1367 912 814
f 814 912 287
f 1367 814 787
f 1367 787 1852
f 787 814 287
f 1852 787 1551
f 1852 1551 2154
f 2154 1551 2012
f 2012 1551 963
f 2012 963 1509
f 1509 963 1034
f 1551 787 379
f 787 287 126
f 787 126 379
f 126 287 5173
f 5173 287 5037
f 126 5173 5325
f 379 126 4840
f 4840 126 5325
f 444 963 379
f 963 444 734
f 444 379 46
f 734 444 224
f 734 224 446
f 379 4840 5019
f 224 444 4845
f 4845 444 46
f 224 4845 4959
f 4959 4845 5329
f 4845 46 5183
f 4845 5183 5329
f 5183 46 5019
f 5329 5183 5573
f 5573 5183 5019
f 5329 5573 5732
f 5468 5019 4840
f 5019 5468 5573
f 5468 4840 5325
f 5468 5325 6053
f 5468 6053 6108
f 5468 6108 5573
f 5573 6108 6171
f 287 912 377
f 287 377 5015
f 287 5015 5037
f 5037 5015 5698
f 5698 5015 5662
f 1551 379 963
f 2154 2012 2342
f 2342 2012 2252
f 2252 2012 1833
f 1833 2012 1509
f 1833 1509 1034
f 1833 1034 1384
f 963 734 1034
f 1034 734 446
f 1034 446 758
f 1034 758 922
f 1034 922 1384
f 1384 922 1388
f 1384 1388 1781
f 1781 1388 1522
f 2591 2344 2511
f 2511 2342 2252
f 2511 2252 2513
f 2511 2513 2591
f 2591 2513 2667
f 2667 2513 2598
f 2667 2598 2750
f 2598 2513 2256
f 2513 2252 2118
f 2513 2118 2256
f 2118 2252 1833
f 2118 1833 1384
f 2118 1384 1781
f 2256 2118 1938
f 1938 2118 1781
f 2256 1938 2028
f 1938 1781 1522
f 2028 1938 1783
f 1783 1938 1522
f 2028 1783 1940
f 1783 1522 1390
f 1940 1783 1598
f 1598 1783 1390
f 1598 1390 838
f 2746 2591 2667
f 2746 2667 2800
f 2800 2667 2750
f 2800 2750 2719
f 2800 2719 2802
f 2802 2719 2683
f 2802 2683 2752
f 2752 2683 2520
f 2752 2520 2625
f 2625 2520 2285
f 2285 2520 2220
f 2285 2220 1941
f 1941 2220 1895
f 1941 1895 1602
f 1602 1895 1529
f 1602 1529 942
f 1602 942 1020
f 1020 942 415
f 1020 415 520
f 520 415 4758
f 2719 2750 2669
f 2669 2750 2598
f 2719 2669 2684
f 2684 2669 2520
f 2755 2522 3002
f 2522 2755 2360
f 3002 2522 2969
f 2969 2522 2550
f 2550 2522 2071
f 2550 2071 2101
f 2071 2522 1996
f 2101 2071 1684
f 2101 1684 1712
f 2071 1996 1625
f 2071 1625 1684
f 1625 1996 1602
f 1602 1996 1941
f 1625 1602 1020
f 1625 1020 1043
f 1625 1043 1684
f 1043 1020 520
f 1166 1712 1684
f 1166 1684 1043
f 1712 1166 1197
f 1043 520 545
f 1043 545 1166
f 545 520 60
f 1197 1166 681
f 681 1166 545
f 681 545 105
f 1197 681 710
f 710 681 264
f 264 681 226
f 264 226 4927
f 3199 2969 2871
f 2871 2969 2550
f 3199 2871 3085
f 3802 3199 3085
f 3802 3085 3696
f 3802 3696 4103
f 3696 3085 2936
f 2936 3085 2871
f 3696 2936 3877
f 3696 3877 4103
f 2936 2871 2485
f 2485 2871 2424
f 2936 2485 3201
f 2936 3201 3877
f 3877 3201 4050
f 4558 4347 4476
f 4476 4321 4345
f 4345 4321 4252
f 4252 4321 4207
f 4207 4321 4209
f 4494 4345 4252
f 4494 4252 4344
f 4344 4252 4207
f 4494 4344 4595
f 4595 4344 4475
f 4207 4320 4344
f 4344 4320 4475
f 4475 4320 4208
f 2952 2369 2895
f 2895 2369 2953
f 2952 2895 3473
f 3473 2895 2953
f 2952 3473 3348
f 3348 3473 3973
f 3559 3349 2953
f 2953 3349 3473
f 3973 3473 4165
f 3973 4165 4296
f 3973 4296 4075
f 4075 4296 4157
f 4157 4296 4370
f 4157 4370 4228
f 4228 4370 4372
f 4228 4372 4169
f 4111 4165 3473
f 4165 4111 4242
f 4242 4111 4166
f 4111 3473 3974
f 4111 3974 4166
f 3974 3473 3349
f 3974 3349 3871
f 3871 3349 3892
f 4166 3974 4076
f 4166 4076 4278
f 4278 4076 4158
f 4278 4158 4371
f 4371 4158 4373
f 4373 4158 4229
f 4373 4229 4268
f 3919 3870 4073
f 4073 3870 4109
f 4073 4109 4224
f 3870 3973 4062
f 3870 4062 4109
f 4276 4109 4141
f 4276 4141 4368
f 4368 4141 4226
f 3974 3871 4063
f 3974 4063 4076
f 4063 3871 4110
f 4076 4063 4142
f 4142 4063 4110
f 4110 3871 3892
f 4076 4142 4158
f 4158 4142 4229
f 4142 4110 4277
f 4229 4142 4227
f 4227 4142 4277
f 4229 4227 4170
f 4229 4170 4268
f 4170 4227 4168
f 4168 4227 4369
f 4369 4227 4277
f 4168 4369 4295
f 4225 4277 4110
f 4277 4225 4369
f 4225 4110 4074
f 4295 4369 4349
f 4349 4369 4225
f 4295 4349 4263
f 4225 4074 4261
f 4225 4261 4349
f 4263 4349 4331
f 4331 4349 4261
f 4263 4331 4537
f 4263 4537 4367
f 4331 4261 4459
f 4331 4459 4537
f 4140 4261 4074
f 4459 4261 4275
f 4275 4261 4140
f 4275 4140 4061
f 4061 4140 4074
f 4061 4074 3892
f 4061 3892 3559
f 3559 3892 3349
f 4061 3559 3739
f 3739 3559 3078
f 3078 3559 2953
f 4415 4537 4459
f 4415 4459 4200
f 4537 4415 4479
f 4415 4200 4213
f 4213 4200 4055
f 4055 4200 4007
f 4415 4213 4304
f 4415 4304 4479
f 4213 4055 4190
f 4213 4190 4304
f 4055 4007 3938
f 4055 3938 4190
f 3938 4007 3633
f 3938 3633 3076
f 3938 3076 3412
f 3938 3412 3910
f 3938 3910 4190
f 4190 3910 3914
f 4255 4304 4190
f 4255 4190 3914
f 4304 4255 4511
f 4304 4511 4479
f 4255 3914 4030
f 3146 3914 2919
f 3914 3146 4030
f 4030 3146 3270
f 4030 3270 3311
f 4030 3311 4057
f 4030 4057 4392
f 4255 4030 4308
f 4308 4030 4392
f 4255 4308 4511
f 4308 4392 4624
f 4511 4308 4576
f 4576 4308 4624
f 4511 4576 4586
f 4511 4586 4479
f 4576 4624 4677
f 4576 4677 4586
f 4677 4624 4696
f 4479 4586 4629
f 4629 4586 4677
f 4677 4696 4694
f 4677 4694 4629
f 4694 4696 4697
f 4694 4697 4620
f 4694 4620 4629
f 4620 4697 4660
f 4629 4620 4559
f 4629 4559 4478
f 4571 4479 4629
f 4571 4629 4478
f 4479 4571 4537
f 4571 4478 4367
f 4571 4367 4537
f 4176 4174 3836
f 3836 4174 4172
f 3836 4172 3923
f 3923 4172 4268
f 3836 3923 3155
f 4176 3836 3894
f 3894 3836 3155
f 4176 3894 3950
f 3894 3155 3192
f 3894 3192 3950
f 3192 3155 2330
f 2330 3155 2246
f 3192 2330 3157
f 3192 3157 3950
f 3157 2330 2371
f 3950 3157 3025
f 3025 3157 2371
f 3950 3025 3838
f 3838 3025 3583
f 3583 3025 2897
f 2897 3025 2291
f 3025 2371 2332
f 3025 2332 2291
f 2332 2371 1649
f 2332 1649 2291
f 1649 2371 1577
f 2291 1649 1728
f 4268 4170 3873
f 4268 3873 3923
f 3873 4170 4168
f 3873 4168 3921
f 3921 4168 4295
f 3873 3921 2816
f 3873 2816 3923
f 2816 3921 2861
f 2816 2861 2079
f 2079 2861 1954
f 2861 3921 3948
f 3948 3921 4263
f 3948 4263 4367
f 2861 3948 2859
f 2004 1954 2859
f 3948 4367 4009
f 3948 4009 2859
f 4009 4367 4478
f 2004 2859 3023
f 3023 2859 4009
f 2004 3023 1984
f 4009 4478 4107
f 4009 4107 3023
f 4107 4478 4559
f 1984 3023 3223
f 3223 3023 4107
f 1984 3223 2289
f 2289 3223 3414
f 3223 4107 4191
f 3223 4191 3414
f 4191 4107 4559
f 3414 4191 4306
f 4306 4191 4559
f 4306 4559 4620
f 4306 4620 4660
f 4306 4660 4323
f 3921 4295 4263
f 4074 4110 3892
f 4007 4275 4061
f 4007 4061 3739
f 4275 4007 4200
f 4275 4200 4459
f 4007 3739 3633
f 3633 3739 3076
f 3076 2665 3412
f 3414 4306 3377
f 3377 4306 4323
f 3414 3377 2391
f 3414 2391 2289
f 2391 3377 2429
f 2391 2429 1771
f 4660 4697 4611
f 4660 4611 4323
f 4611 4697 4686
f 4323 4611 4235
f 4686 4697 4696
f 4323 4235 3469
f 4686 4696 4666
f 3469 4235 3307
f 4666 4696 4624
f 3469 3307 2529
f 4666 4624 4560
f 2529 3307 2393
f 4560 4624 4289
f 2529 2393 2041
f 4289 4624 4392
f 2041 2393 2002
f 2041 2002 1401
f 1401 2002 1304
f 4289 4392 4057
f 4289 4057 3986
f 3986 4057 3150
f 3150 4057 3311
f 3150 3311 2397
f 3150 2397 2316
f 2316 2397 1272
f 1272 2397 1308
f 1272 1308 4818
f 4818 1308 4817
f 4818 4817 5963
f 5963 4817 5995
f 5963 5995 7244
f 7244 5995 7325
f 7244 7325 8690
f 8690 7325 8849
f 8690 8849 9508
f 9508 8849 9597
f 9508 9597 10008
f 10008 9597 10154
f 10008 10154 10202
f 10202 10154 10298
f 10202 10298 10310
f 10202 10310 10241
f 10241 10310 10327
f 10241 10327 10277
f 10277 10327 10370
f 10370 10327 10393
f 10370 10393 10402
f 10370 10402 10378
f 10378 10402 10368
f 10378 10368 10345
f 10345 10368 10235
f 10345 10235 10178
f 10178 10235 9340
f 10178 9340 9295
f 9295 9340 7785
f 7785 9340 7907
f 7785 7907 6661
f 7785 6661 6625
f 6625 6661 5894
f 5894 6661 5892
f 4560 4289 4218
f 4218 4289 3986
f 4218 3986 3965
f 4560 4218 4513
f 4560 4513 4622
f 4560 4622 4666
f 4666 4622 4648
f 4648 4622 3912
f 4648 3912 3627
f 4666 4648 4686
f 4686 4648 4574
f 4686 4574 4611
f 3146 2919 2260
f 2166 2919 2039
f 2395 1237 1306
f 1306 1237 4783
f 1306 4783 4785
f 4785 4783 5896
f 1306 4785 1308
f 1306 1308 2397
f 5963 7244 7155
f 5963 7155 5942
f 7155 7244 8560
f 5942 7155 5993
f 5993 7155 8560
f 5942 5993 4787
f 4787 5993 4859
f 5993 8560 6947
f 8560 7244 8690
f 6947 8560 7686
f 8560 8690 9405
f 8560 9405 7686
f 9405 8690 9508
f 9405 9508 10008
f 7686 9405 9846
f 9846 9405 10008
f 7686 9846 10078
f 10078 9846 10008
f 10078 10008 10202
f 5963 5942 4818
f 4818 5942 4787
f 4818 4787 1272
f 1272 4787 1270
f 1272 1270 2314
f 1272 2314 2316
f 2316 2314 3150
f 3150 2314 3148
f 3150 3148 3986
f 3986 3148 3965
f 1270 4787 4859
f 1270 4859 720
f 1270 720 2314
f 2314 720 1531
f 2314 1531 2142
f 2314 2142 3148
f 3148 2142 3965
f 3965 2142 2692
f 3965 2692 3262
f 3965 3262 4218
f 4218 3262 4513
f 4513 3262 3912
f 4513 3912 4622
f 1531 720 1399
f 1531 1399 2142
f 1399 720 609
f 609 720 4859
f 2142 1399 2000
f 2142 2000 2653
f 1399 609 1239
f 1399 1239 2000
f 609 4859 4941
f 4941 4859 5993
f 4941 5993 6063
f 1816 2694 2000
f 1816 2000 899
f 899 2000 1239
f 526 1239 609
f 526 609 4941
f 1239 526 899
f 4941 6063 4997
f 4941 4997 526
f 4997 6063 6153
f 526 4997 5051
f 5051 4997 6153
f 526 5051 899
f 5051 6153 6155
f 5051 6155 5162
f 5051 5162 899
f 5162 6155 6157
f 5162 6157 6112
f 899 5162 744
f 899 744 1846
f 744 5162 611
f 611 5162 5232
f 744 611 1818
f 611 5232 489
f 1818 611 1692
f 1692 611 489
f 1818 1692 2431
f 1818 2431 2696
f 2431 1692 1357
f 1357 1692 489
f 489 5232 5335
f 6114 5335 6112
f 1357 489 238
f 238 489 5335
f 1357 238 30
f 1357 30 777
f 238 5335 5461
f 5461 5335 6114
f 238 5461 30
f 5461 6114 6251
f 777 30 5090
f 5461 6251 5522
f 5461 5522 30
f 5522 6251 6401
f 30 5522 5608
f 5608 5522 6401
f 30 5608 5090
f 5608 6401 6402
f 5090 5608 5642
f 5642 5608 6402
f 5090 5642 5053
f 5642 6402 6291
f 5053 5642 5267
f 5642 6291 6453
f 6453 6291 7122
f 5642 6453 5806
f 5642 5806 5267
f 5806 6453 5923
f 5806 5923 5267
f 5267 5923 5269
f 5269 5923 5610
f 2692 2142 2653
f 2692 2653 3262
f 3262 2653 3264
f 3262 3264 3912
f 2000 2694 2653
f 3264 2653 3268
f 3268 2653 2694
f 3912 3264 3887
f 3887 3264 3268
f 3912 3887 3555
f 3912 3555 3627
f 3555 3887 3467
f 3887 3268 3867
f 3887 3867 3467
f 3268 2694 3309
f 3309 2694 2769
f 3867 3268 3579
f 3867 3579 3467
f 3579 3268 3309
f 3467 3579 3225
f 3579 3309 3272
f 3272 3309 2769
f 3272 2769 2696
f 3272 2696 2922
f 3272 2922 2986
f 2922 2696 2431
f 4574 4648 3627
f 4574 3627 4216
f 4574 4216 4611
f 4611 4216 4235
f 4216 3627 2734
f 4216 2734 3266
f 3307 4235 3266
f 3266 2734 1872
f 3307 3266 2312
f 2312 3266 1872
f 3307 2312 2393
f 2393 2312 1923
f 2393 1923 2002
f 1923 2312 1872
f 1923 1872 1690
f 1690 1872 1355
f 1355 1872 957
f 957 1872 554
f 4323 3469 3377
f 3377 3469 2529
f 3377 2529 2429
f 2429 2529 1976
f 2429 1976 1771
f 1976 2529 2041
f 4235 4216 3266
f 3555 2734 3627
f 2734 3555 2671
f 2671 3555 3467
f 2734 2671 1872
f 2671 3467 3225
f 2671 3225 2560
f 2560 3225 2921
f 1872 2671 1744
f 1744 2671 2560
f 1872 1744 658
f 1872 658 403
f 403 658 240
f 658 1744 458
f 458 1744 1606
f 1606 1744 2560
f 1606 2560 2364
f 2364 2560 2921
f 1606 2364 1432
f 2364 2921 2655
f 1432 2364 2128
f 2128 2364 2655
f 1432 2128 1207
f 2128 2655 2144
f 1207 2128 954
f 2128 2144 1848
f 2128 1848 954
f 954 1848 1175
f 954 1175 548
f 548 1175 426
f 548 426 4983
f 4983 426 4999
f 548 4983 5120
f 2041 1401 1205
f 1205 1401 1304
f 1205 1304 1141
f 1205 1141 993
f 993 1141 952
f 993 952 716
f 716 952 718
f 716 718 432
f 432 718 487
f 432 487 318
f 318 487 317
f 1304 2002 1141
f 1141 2002 1923
f 1141 1923 952
f 952 1923 1690
f 952 1690 718
f 718 1690 1355
f 718 1355 487
f 487 1355 957
f 487 957 554
f 487 554 317
f 317 554 403
f 2041 1205 1976
f 1976 1205 993
f 1976 993 1771
f 1771 993 716
f 1771 716 1430
f 1771 1430 2391
f 1430 716 432
f 2391 1430 2289
f 1430 432 1002
f 1430 1002 2289
f 2289 1002 1984
f 1002 432 318
f 1984 1002 556
f 556 1002 318
f 1984 556 2004
f 556 318 279
f 2004 556 694
f 694 556 499
f 499 556 434
f 2004 694 806
f 806 694 499
f 2004 806 1954
f 806 499 616
f 806 616 934
f 806 934 1954
f 934 616 724
f 1954 934 1079
f 1079 934 724
f 1954 1079 2079
f 1079 724 847
f 2079 1079 2174
f 1079 847 1004
f 2174 1079 2246
f 1079 1004 1213
f 1079 1213 2246
f 1213 1004 1410
f 1213 1410 2246
f 2246 1410 2330
f 2330 1410 2371
f 1410 1004 1147
f 2371 1410 1577
f 1577 1410 1147
f 1577 1147 1317
f 1577 1317 1441
f 1577 1441 1649
f 1649 1441 1579
f 1649 1579 1728
f 554 1872 403
f 317 403 240
f 317 240 92
f 317 92 318
f 318 92 122
f 122 92 4981
f 4981 92 4995
f 4981 4995 5333
f 4981 5333 5313
f 5313 5333 5606
f 5313 5606 5604
f 5604 5606 5892
f 5892 5606 5894
f 240 658 5381
f 5381 658 458
f 5381 458 5546
f 5381 5546 6481
f 7585 7468 6481
f 7585 6481 6623
f 6623 6481 5546
f 7585 6623 7783
f 7783 6623 6766
f 6623 5546 5739
f 6623 5739 6766
f 5739 5546 458
f 6766 5739 5802
f 6766 5802 6846
f 5739 458 154
f 5739 154 5802
f 154 458 1606
f 6846 5802 5828
f 5828 5802 154
f 5828 154 4943
f 1432 4943 1606
f 5828 4943 5086
f 4943 1432 1207
f 4943 1207 5086
f 92 240 5095
f 92 5095 5544
f 92 5544 4995
f 4995 5544 5333
f 5333 5544 5921
f 5333 5921 5606
f 5606 5921 6287
f 5894 5606 6625
f 6625 5606 6287
f 6625 6287 7785
f 7785 6287 7470
f 7470 6287 6481
f 6481 6287 5381
f 7470 6481 9107
f 7470 9107 7785
f 7785 9107 9295
f 9295 9107 10178
f 10178 9107 9921
f 9921 9107 7468
f 10178 9921 10345
f 9921 7468 10267
f 9921 10267 10345
f 5095 240 5381
f 5095 5381 5544
f 5544 5381 5921
f 5921 5381 6287
f 122 4981 5587
f 5587 4981 5313
f 122 5587 5132
f 122 5132 318
f 318 5132 5214
f 318 5214 279
f 279 5214 281
f 5214 5132 6045
f 5214 6045 281
f 5132 5587 6409
f 5132 6409 6045
f 5961 5587 5313
f 5961 5313 5604
f 6409 5587 6764
f 5587 5961 7153
f 5587 7153 6764
f 5961 5604 6329
f 6329 5604 6661
f 6661 5604 5892
f 6329 6661 7907
f 5961 6329 7545
f 5961 7545 7153
f 7545 6329 7907
f 8732 6764 7153
f 8732 7153 7545
f 7545 7907 9165
f 7545 9165 8732
f 9165 7907 9340
f 9165 9340 10235
f 9165 10235 10004
f 9165 10004 8732
f 10004 10235 10307
f 10307 10235 10368
f 10004 10307 9639
f 10004 9639 8732
f 9639 10307 10047
f 9639 10047 9706
f 8732 9639 9338
f 9338 9639 9706
f 8732 9338 8174
f 8732 8174 6764
f 6764 8174 6409
f 9338 9706 8981
f 9338 8981 8174
f 8981 9706 9417
f 6409 8174 7595
f 7595 8174 8981
f 6409 7595 6045
f 8981 9417 8403
f 8981 8403 7595
f 8403 9417 9092
f 6045 7595 6957
f 6957 7595 8403
f 8403 9092 8649
f 6045 6957 6495
f 6495 6957 8403
f 8403 8649 7695
f 8403 7695 6495
f 7695 8649 8193
f 6045 6495 5590
f 6045 5590 281
f 7695 8193 7131
f 7695 7131 6495
f 7131 8193 8046
f 5590 6495 6124
f 6124 6495 7131
f 281 5590 5319
f 5319 5590 6124
f 281 5319 436
f 7131 8046 6848
f 7131 6848 6124
f 6848 8046 7697
f 436 5319 5060
f 5060 5319 6124
f 436 5060 536
f 6124 6848 5909
f 6124 5909 5060
f 6848 7697 6637
f 6848 6637 5909
f 5060 5909 5694
f 5694 5909 6637
f 536 5060 4890
f 4890 5060 5694
f 536 4890 663
f 663 4890 808
f 6457 6637 7697
f 6637 6457 5694
f 6457 7697 7382
f 6457 7382 7026
f 5694 6457 5494
f 2 4890 5694
f 4890 2 808
f 2 5694 5494
f 808 2 124
f 808 124 959
f 2 5494 5347
f 5347 5494 6457
f 2 5347 124
f 959 124 1109
f 5347 6457 6261
f 6261 6457 7026
f 6261 7026 6639
f 6261 6639 6047
f 5347 6261 5167
f 5167 6261 6047
f 5347 5167 124
f 5167 6047 5784
f 320 1109 124
f 320 124 5167
f 1109 320 460
f 1109 460 1215
f 1215 460 1363
f 1363 460 696
f 5011 460 5167
f 5011 5167 5784
f 4793 696 5011
f 5011 5784 5496
f 5011 5496 4793
f 556 279 434
f 434 279 499
f 499 279 281
f 499 281 436
f 499 436 616
f 2859 1954 2861
f 2816 2079 2174
f 2816 2174 2955
f 2816 2955 3923
f 3923 2955 3155
f 3155 2955 2246
f 2955 2174 2246
f 4011 3583 3976
f 4011 3976 4114
f 4114 3976 4178
f 4114 4178 4381
f 4381 4178 4202
f 4202 4178 4036
f 4178 3976 4034
f 4034 3976 3583
f 4034 3583 3741
f 3741 3583 3027
f 3027 3583 2897
f 3741 3027 3053
f 3027 2897 2334
f 3027 2334 3053
f 3053 2334 2405
f 2334 2897 2291
f 2334 2291 1728
f 2334 1728 1651
f 4036 4178 4034
f 4038 4202 4036
f 4038 4036 3840
f 4036 4034 3743
f 3743 4034 3741
f 3743 3741 3053
f 3743 3053 3055
f 3055 3053 2407
f 2407 3053 2405
f 2407 2405 1751
f 1751 2405 1730
f 1728 1579 1651
f 1651 1579 1363
f 1441 1317 1215
f 1441 1215 1579
f 1579 1215 1363
f 1215 1317 1109
f 1109 1317 1147
f 1109 1147 959
f 726 1363 696
f 726 696 4832
f 4832 696 4793
f 4832 4793 5496
f 4832 5496 5498
f 696 460 5011
f 5167 460 320
f 5498 5496 5975
f 5498 5975 6005
f 5371 5498 6005
f 5753 5321 5371
f 5321 5753 5169
f 5753 5371 5927
f 5927 5371 6005
f 5753 5927 6102
f 5753 6102 5658
f 6102 5927 6196
f 6196 5927 6005
f 6196 6005 6339
f 6196 6339 6307
f 6196 6307 6102
f 6307 6339 6461
f 6307 6461 6498
f 6307 6498 6413
f 6413 6498 6528
f 6413 6528 6463
f 6463 6528 6554
f 6463 6554 6429
f 6429 6554 6527
f 5949 5658 6102
f 5949 6102 6239
f 5949 6239 6104
f 6104 6239 6341
f 5658 5949 5500
f 5500 5949 5866
f 5500 5866 5624
f 5624 5866 6049
f 5500 5624 5349
f 5500 5349 4915
f 5500 4915 5062
f 5624 6049 5840
f 5840 6049 5977
f 5977 6049 6163
f 5977 6163 6072
f 6072 6163 6243
f 6072 6243 6073
f 6073 6243 6266
f 6073 6266 6071
f 6071 6266 6242
f 6071 6242 5976
f 5976 6242 6162
f 5976 6162 5839
f 6162 6242 6240
f 5839 6162 6048
f 6162 6240 6103
f 5839 6048 5623
f 5623 6048 5865
f 5865 6048 5948
f 5623 5865 5499
f 5623 5499 5348
f 6101 5948 6103
f 6101 6103 6238
f 6238 6103 6240
f 6238 6240 6340
f 6340 6240 6308
f 6340 6308 6430
f 6430 6308 6309
f 6430 6309 6464
f 6464 6309 6310
f 6464 6310 6431
f 6431 6310 6241
f 5866 5949 6104
f 5866 6104 6049
f 6049 6104 6241
f 6049 6241 6163
f 6241 6104 6341
f 6163 6241 6310
f 6163 6310 6243
f 6243 6310 6309
f 6243 6309 6266
f 6266 6309 6308
f 6266 6308 6242
f 6242 6308 6240
f 6241 6341 6431
f 6431 6341 6463
f 6463 6341 6413
f 6431 6463 6429
f 6413 6341 6307
f 6307 6341 6239
f 6307 6239 6102
f 6431 6429 6464
f 6464 6429 6462
f 6462 6429 6527
f 6464 6462 6430
f 6430 6462 6412
f 6430 6412 6340
f 6340 6412 6306
f 6340 6306 6238
f 6238 6306 6101
f 6412 6462 6497
f 6497 6462 6527
f 6412 6497 6460
f 6412 6460 6306
f 6306 6460 6338
f 6306 6338 6195
f 6306 6195 6101
f 6554 6528 6496
f 6496 6528 6411
f 6554 6496 6410
f 6411 6528 6498
f 6554 6410 6527
f 6411 6498 6459
f 6527 6410 6458
f 6459 6498 6461
f 6527 6458 6497
f 6459 6461 6305
f 6497 6458 6304
f 6305 6461 6339
f 6497 6304 6460
f 6460 6304 6264
f 6460 6264 6338
f 6305 6339 6265
f 6265 6339 6005
f 6265 6005 5975
f 9010 8959 9177
f 959 1147 1004
f 959 1004 808
f 808 1004 663
f 663 1004 847
f 663 847 724
f 663 724 536
f 724 616 536
f 536 616 436
f 7468 9107 6481
f 10345 10267 10326
f 10326 10267 7468
f 10345 10326 10378
f 10326 7468 8006
f 10378 10326 10370
f 10326 8006 10308
f 10326 10308 10370
f 10357 10393 10327
f 10357 10327 10233
f 10357 10233 10200
f 10200 10233 9919
f 10200 9919 9677
f 10239 10237 10298
f 10298 10237 10310
f 10310 10237 10327
f 10078 10202 10076
f 10076 10202 10241
f 10076 10241 10277
f 10078 10076 8008
f 10078 8008 7686
f 8008 10076 10109
f 8008 10109 8006
f 10109 10076 10277
f 10277 10370 10308
f 10277 10308 10109
f 10109 10308 8006
f 8008 8006 8298
f 8008 8298 7686
f 7686 8298 7954
f 7954 8298 8176
f 8298 8006 8223
f 8223 8006 7585
f 7585 8006 7468
f 8298 8223 8482
f 8482 8223 7585
f 8298 8482 8596
f 8300 8176 8596
f 8482 7585 7783
f 8300 8596 8813
f 8813 8596 8482
f 8300 8813 8225
f 8482 7783 8689
f 8482 8689 8813
f 8689 7783 7956
f 8225 8813 8735
f 8735 8813 8689
f 8225 8735 8012
f 8689 7956 8692
f 8689 8692 8735
f 8692 7956 8010
f 8012 8735 8448
f 8448 8735 8692
f 8012 8448 7587
f 8692 8010 8484
f 8692 8484 8448
f 8484 8010 7872
f 7587 8448 8014
f 8014 8448 8484
f 7587 8014 7159
f 8484 7872 7958
f 8484 7958 8014
f 7958 7872 7547
f 7159 8014 7329
f 7329 8014 7958
f 7159 7329 6949
f 7159 6949 6951
f 6951 6949 6907
f 7159 6951 6800
f 7958 7547 7327
f 7958 7327 7329
f 7329 7327 7419
f 7419 7327 7472
f 7327 7547 7120
f 7327 7120 7472
f 7472 7120 6868
f 6868 7120 6629
f 6868 6629 7161
f 6629 7120 6627
f 6627 7120 6698
f 7686 7954 7090
f 7686 7090 6947
f 7090 7954 8176
f 6947 7090 6063
f 6947 6063 5993
f 6063 7090 6153
f 6153 7090 7205
f 7205 7090 8176
f 7205 8176 7246
f 7205 7246 6155
f 7246 8176 8300
f 8176 8298 8596
f 8300 8225 7157
f 8300 7157 7246
f 7246 7157 6155
f 6155 7157 6157
f 6157 7157 6112
f 7157 8225 6975
f 7157 6975 6112
f 6112 6975 6114
f 6975 8225 8012
f 6114 6975 6798
f 6798 6975 8012
f 6798 8012 7587
f 6153 7205 6155
f 899 1846 1816
f 1816 1846 2769
f 1816 2769 2694
f 1846 744 1818
f 1846 1818 2696
f 2769 1846 2696
f 5232 5162 6112
f 5232 6112 5335
f 6251 6114 6800
f 6800 6114 6798
f 6800 6798 7587
f 6251 6800 6401
f 6401 6800 6951
f 1357 777 1241
f 1241 777 491
f 491 777 32
f 32 777 5090
f 1357 1241 1978
f 1357 1978 2431
f 1978 1241 1694
f 1694 1241 1787
f 1978 1694 1899
f 1978 1899 2431
f 2431 1899 2562
f 2431 2562 2922
f 6402 6401 6951
f 6402 6951 6907
f 6402 6907 6291
f 6291 6907 6870
f 6870 6907 7549
f 5090 5053 34
f 5090 34 32
f 34 5053 5267
f 34 5267 4861
f 4861 5267 5269
f 4861 5269 4820
f 4861 4820 189
f 189 4820 119
f 189 119 528
f 528 119 493
f 493 119 36
f 189 528 1143
f 1143 528 493
f 189 1143 746
f 1143 493 1024
f 746 1143 1177
f 1143 1024 1696
f 1177 1143 1789
f 1789 1143 1696
f 491 32 1177
f 491 1177 1241
f 1177 32 34
f 1177 34 746
f 746 34 189
f 189 34 4861
f 1241 1177 1787
f 1787 1177 1789
f 1787 1789 1720
f 1787 1720 1746
f 1720 1789 1696
f 1694 1787 1899
f 1899 1787 1746
f 1899 1746 2562
f 2562 1746 2077
f 2562 2077 2673
f 2562 2673 2922
f 2922 2673 2986
f 3272 2986 3579
f 3579 2986 3225
f 3225 2986 2921
f 2921 2986 2673
f 2921 2673 2655
f 2655 2673 2077
f 2655 2077 2144
f 2144 2077 1746
f 1848 2144 1175
f 1175 2144 1746
f 1207 954 5120
f 5120 954 548
f 1207 5120 5086
f 5086 5120 5804
f 5086 5804 5828
f 5804 5120 5742
f 5742 5120 4983
f 5804 5742 6696
f 5828 5804 6768
f 5828 6768 6846
f 6846 6768 8010
f 154 1606 4943
f 426 1175 955
f 426 955 4999
f 4983 4999 5640
f 4983 5640 5742
f 5742 5640 6698
f 6698 5640 6627
f 6627 5640 5858
f 6627 5858 6629
f 6629 5858 5944
f 5742 6698 6696
f 6696 6698 7547
f 6696 7547 7872
f 6696 7872 6768
f 6768 7872 8010
f 6696 6768 5804
f 5640 4999 5858
f 5858 4999 5088
f 5088 4999 955
f 5858 5088 5944
f 5944 5088 5234
f 5234 5088 428
f 7547 6698 7120
f 8010 7956 6846
f 6846 7956 7783
f 6800 7587 7159
f 6949 7329 7419
f 6949 7419 7163
f 6949 7163 6907
f 7163 7419 7828
f 6907 7163 7549
f 7549 7163 7828
f 7549 7828 8100
f 7549 8100 8780
f 7549 8780 8227
f 7549 8227 7122
f 7549 7122 6870
f 6870 7122 6291
f 7122 8227 7787
f 8227 8780 8975
f 8227 8975 7787
f 8975 8780 9433
f 7787 8975 8229
f 8975 9433 9861
f 8229 8975 9368
f 9368 8975 9861
f 8229 9368 8636
f 9368 9861 9599
f 9368 9599 8636
f 8636 9599 8920
f 9599 9861 10180
f 8920 9599 9749
f 9749 9599 10180
f 9749 10180 10290
f 7828 7419 7472
f 6868 7161 7472
f 7472 7161 7826
f 7826 7161 8130
f 6453 7122 7787
f 6453 7787 6631
f 6453 6631 5923
f 6631 7787 6802
f 6802 7787 8229
f 5923 6631 6065
f 6065 6631 6802
f 6065 6802 6230
f 6802 8229 7050
f 7050 8229 8636
f 7050 8636 7474
f 7474 8636 8920
f 7474 8920 9002
f 7050 7474 6587
f 7050 6587 6230
f 7474 9002 7909
f 6979 6587 7909
f 6587 6979 6293
f 7909 9002 8102
f 8102 9002 9084
f 6979 7909 7092
f 7092 7909 8102
f 6979 7092 6293
f 8102 9084 8302
f 8302 9084 9109
f 8102 8302 7092
f 7092 8302 7248
f 7092 7248 6486
f 7092 6486 6405
f 7092 6405 6293
f 6405 6486 6027
f 6293 6405 5644
f 6405 6027 5744
f 6405 5744 5644
f 5744 6027 5714
f 6293 5644 6369
f 6369 5644 5550
f 6369 5550 6025
f 6025 5550 5385
f 6025 5385 5610
f 5610 5385 5122
f 6802 7050 6230
f 5923 6065 5610
f 5610 6065 6230
f 9861 9433 10010
f 10010 9433 9458
f 9458 9433 8780
f 10010 9458 9710
f 10010 9710 10279
f 10279 9710 10111
f 9710 9458 9265
f 9710 9265 8782
f 9710 8782 9267
f 8782 9265 7690
f 9265 9458 8851
f 8851 9458 8780
f 9265 8851 8526
f 8526 8851 7688
f 8851 8780 8130
f 8851 8130 7688
f 8130 8780 8100
f 7688 8130 7161
f 10180 9861 10010
f 10180 10010 10279
f 10180 10279 10290
f 10290 10279 10281
f 10281 10279 10111
f 10290 10281 10124
f 10290 10124 10243
f 10281 10111 10156
f 10281 10156 10124
f 10156 10111 9525
f 10243 10124 10012
f 10156 9525 9613
f 10156 9613 10049
f 10156 10049 10124
f 10049 9613 9615
f 10012 10124 9962
f 9962 10124 10049
f 10012 9962 9964
f 10012 9964 9811
f 9964 9962 9923
f 10049 9615 9863
f 10049 9863 9962
f 9962 9863 9923
f 9863 9615 9537
f 9923 9863 9763
f 9763 9863 9537
f 9763 9537 9510
f 8920 9749 9727
f 8920 9727 9002
f 9002 9727 9084
f 9727 9749 10243
f 10243 9749 10290
f 9727 10243 9617
f 9727 9617 9084
f 9617 10243 10012
f 9617 10012 9811
f 9617 9811 9539
f 9617 9539 9084
f 9084 9539 9109
f 9267 9525 10111
f 9267 10111 9710
f 9525 9267 8737
f 9525 8737 8918
f 9525 8918 9613
f 9613 8918 9000
f 9613 9000 9615
f 8918 8737 7551
f 7551 8737 7295
f 7295 8737 8345
f 8345 8737 9267
f 7295 8345 7022
f 7022 8345 6770
f 8345 9267 7874
f 8345 7874 6770
f 7874 9267 8782
f 7874 8782 7690
f 7874 7690 6770
f 6770 7690 6585
f 6585 7690 6289
f 6585 6289 5548
f 5548 6289 5383
f 5383 6289 5944
f 5944 6289 6732
f 6289 7690 6977
f 6289 6977 6732
f 6732 6977 7161
f 7161 6977 7688
f 7688 6977 8526
f 9000 8918 7734
f 7734 8918 7551
f 7734 7551 6483
f 7734 6483 6545
f 7734 6545 7876
f 8132 7876 7165
f 7165 7876 6545
f 7165 6545 6547
f 6547 6545 6188
f 6547 6188 6515
f 6188 6545 5832
f 5832 6545 6483
f 6188 5832 5834
f 5834 5832 5612
f 5612 5832 5552
f 5552 5832 5708
f 5708 5832 6483
f 5552 5708 5414
f 5414 5708 5559
f 5559 5708 6483
f 5414 5559 5295
f 5559 6483 6367
f 6367 6483 7551
f 6367 7551 7295
f 6367 7295 6186
f 6367 6186 5559
f 6186 7295 7022
f 6186 7022 5965
f 5559 6186 5412
f 5559 5412 5295
f 5412 6186 5965
f 5295 5412 5094
f 5412 5965 5271
f 5412 5271 5094
f 5271 5965 5830
f 5094 5271 4909
f 5271 5830 5092
f 5271 5092 4909
f 5092 5830 5548
f 4909 5092 4822
f 4822 5092 36
f 7022 6770 5965
f 5965 6770 5830
f 5830 6770 5548
f 5548 6770 6585
f 9265 8526 7690
f 8100 7828 7826
f 7826 7828 7472
f 8100 7826 8130
f 8526 6977 7690
f 6732 7161 6629
f 6732 6629 5944
f 5944 5234 5383
f 5383 5234 428
f 428 5088 864
f 864 5088 955
f 5383 428 4967
f 5001 5548 5383
f 5001 5383 4967
f 5001 4967 36
f 36 4967 493
f 493 4967 1024
f 1024 4967 428
f 1024 428 864
f 1024 864 1696
f 864 955 1696
f 1696 955 1720
f 1720 955 1175
f 1720 1175 1746
f 5001 36 5092
f 5001 5092 5548
f 36 119 4822
f 4822 119 4884
f 4884 119 4820
f 4884 4820 5269
f 4822 4884 5122
f 5122 4884 5610
f 4822 5122 4909
f 4909 5122 5385
f 4909 5385 5094
f 5094 5385 5550
f 5094 5550 5295
f 5295 5550 5644
f 5295 5644 5414
f 5414 5644 5552
f 5552 5644 5744
f 5552 5744 5612
f 5612 5744 5714
f 6025 5610 6230
f 6025 6230 6587
f 5610 4884 5269
f 6369 6025 6587
f 6369 6587 6293
f 7909 6587 7474
f 7248 8302 7209
f 7248 7209 6486
f 7209 8302 8304
f 8304 8302 9109
f 8304 9109 9142
f 8304 9142 8393
f 8304 8393 7211
f 8304 7211 7209
f 7209 7211 6190
f 6190 7211 6192
f 6190 6192 5650
f 6190 5650 5686
f 9142 9109 9539
f 9142 9539 9601
f 9142 9601 9144
f 9144 9601 9621
f 9601 9539 9889
f 9601 9889 9621
f 9889 9539 9811
f 9621 9889 9966
f 9966 9889 10203
f 10203 9889 10160
f 7209 6190 6486
f 6486 6190 6027
f 9811 9964 10160
f 9811 10160 9889
f 10160 9964 10158
f 10160 10158 10203
f 10158 9964 9923
f 10203 10158 10245
f 10158 9923 9888
f 10158 9888 10245
f 9888 9923 9763
f 10245 9888 10014
f 9888 9763 9570
f 9888 9570 10014
f 9570 9763 9510
f 10014 9570 9619
f 9142 9144 8393
f 8393 9144 8885
f 8393 8885 7376
f 8393 7376 7211
f 7211 7376 6192
f 7376 8885 8922
f 6192 7376 6232
f 6192 6232 5650
f 5650 6232 5836
f 5836 6232 6039
f 5836 6039 5838
f 5838 6039 6118
f 6039 6232 6407
f 6407 6232 7376
f 6118 6039 6299
f 6118 6299 6331
f 6331 6299 6490
f 6299 6039 6591
f 6299 6591 6490
f 6591 6039 6407
f 6490 6591 6804
f 6804 6591 7911
f 7552 6407 7376
f 6407 7552 6591
f 7552 7376 8922
f 7911 6591 7736
f 7736 6591 7552
f 7736 7552 8922
f 7911 7736 9056
f 9056 7736 8977
f 8977 7736 8922
f 8977 8922 9659
f 8885 9144 9621
f 9621 9966 9541
f 9621 9541 8885
f 9966 10203 9926
f 9966 9926 9541
f 8885 9541 9659
f 8885 9659 8922
f 9659 9541 9926
f 9659 9926 10205
f 9659 10205 10126
f 9659 10126 9603
f 9659 9603 8977
f 9603 10126 9968
f 9603 9968 9765
f 9765 9968 9892
f 9603 9765 9625
f 9603 9625 9056
f 9926 10203 10205
f 10205 10203 10245
f 10205 10245 10248
f 10248 10245 10014
f 10205 10248 10126
f 10248 10014 10016
f 10016 10014 9619
f 10016 9619 9623
f 10016 9623 9928
f 10248 10016 10182
f 10248 10182 10126
f 10182 10016 9928
f 10126 10182 9968
f 10182 9928 10080
f 10182 10080 9968
f 10080 9928 9848
f 9968 10080 9892
f 10080 9848 9790
f 9892 10080 9893
f 9893 10080 9790
f 9892 9893 9930
f 9893 9790 9970
f 9510 9537 9086
f 9510 9086 9570
f 9570 9086 9140
f 9570 9140 9619
f 9537 9025 9086
f 9086 9025 7876
f 7876 9025 9000
f 7876 9000 7734
f 9086 7876 8132
f 9086 8132 9140
f 9140 8132 8178
f 9140 8178 8231
f 8231 8178 6909
f 8231 6909 6981
f 8231 6981 7094
f 8231 7094 8395
f 9140 8231 9192
f 9192 8231 8395
f 9140 9192 9619
f 9192 8395 9207
f 9192 9207 9619
f 9619 9207 9623
f 9537 9615 9025
f 9025 9615 9000
f 8132 7165 6909
f 6909 7165 6547
f 8132 6909 8178
f 9623 9207 9484
f 9623 9484 9928
f 9484 9207 8694
f 8694 9207 8395
f 8694 8395 7250
f 7250 8395 7094
f 9484 8694 8739
f 9484 8739 9435
f 9484 9435 9928
f 9928 9435 9848
f 9848 9435 9790
f 8739 8694 7476
f 7476 8694 7250
f 8739 7476 7643
f 8739 7643 8852
f 8739 8852 9435
f 8852 7643 7554
f 7554 7643 6524
f 8852 7554 8886
f 8852 8886 9460
f 8886 7554 7124
f 7124 7554 6524
f 9460 8886 9411
f 9460 9411 9751
f 9460 9751 9790
f 9790 9751 9895
f 9895 9751 9865
f 9865 9751 9817
f 9751 9411 9679
f 9751 9679 9817
f 9058 9411 8886
f 9058 8886 7124
f 9679 9411 9545
f 9679 9545 9817
f 9545 9411 9058
f 9545 9058 9384
f 9384 9058 9195
f 9545 9384 9685
f 9545 9685 9817
f 9817 9685 9935
f 9935 9685 10113
f 9195 9058 7738
f 9195 7738 8955
f 7738 9058 7124
f 8955 7738 8741
f 10113 9685 9767
f 9767 9685 9511
f 10113 9767 9937
f 10113 9937 10269
f 10269 9937 10340
f 9767 9511 9547
f 9767 9547 9937
f 9547 9511 9325
f 9547 9325 9111
f 9937 9547 9731
f 9731 9547 9111
f 9937 9731 10185
f 10372 10340 10185
f 10372 10185 10296
f 10296 10185 9731
f 10296 9731 9867
f 10296 9867 10312
f 9867 9731 9462
f 9867 9462 9487
f 9487 9462 9090
f 9462 9731 9370
f 9462 9370 9090
f 9370 9731 9111
f 9370 9111 9029
f 9370 9029 9090
f 9029 9111 8888
f 9029 8888 8743
f 9029 8743 9090
f 9090 8743 8640
f 7250 7094 6589
f 7250 6589 7476
f 7476 6589 6772
f 7476 6772 6872
f 7476 6872 7643
f 6589 7094 6488
f 6488 7094 6981
f 6488 6981 6253
f 6488 6253 6067
f 6488 6067 6255
f 6255 6067 6033
f 6033 6067 5999
f 6255 6033 6097
f 6488 6255 6371
f 6371 6255 6097
f 6371 6097 6037
f 6371 6037 6234
f 6371 6234 6549
f 6549 6234 6373
f 6549 6373 6700
f 6234 6037 6069
f 6234 6069 6236
f 6069 6037 5782
f 6589 6488 6371
f 6981 6909 6212
f 6981 6212 6253
f 6253 6212 5999
f 6253 5999 6067
f 6097 6033 6095
f 6097 6095 6037
f 6037 6095 6035
f 6095 6033 6031
f 6031 6033 5999
f 6031 5999 6029
f 6095 6031 6035
f 6035 6031 5902
f 6035 5902 5652
f 5902 6031 6029
f 5902 6029 5778
f 5778 6029 5712
f 5652 5902 5490
f 5490 5902 5778
f 5490 5778 5712
f 5490 5712 5388
f 5490 5388 5241
f 6214 5999 6212
f 5999 6214 6029
f 6214 6212 6426
f 6426 6212 6909
f 6029 6214 6116
f 6116 6214 6426
f 6116 6426 6297
f 6116 6297 6093
f 6116 6093 5712
f 5712 6093 5710
f 6029 6116 5712
f 6297 6426 6296
f 6296 6426 6515
f 6297 6296 6092
f 6296 6515 6188
f 6296 6188 6092
f 6093 6297 6092
f 6093 6092 5746
f 5746 6092 6188
f 6093 5746 5710
f 5710 5746 5415
f 5746 6188 5834
f 5415 5746 5488
f 5488 5746 5834
f 5415 5488 5237
f 5237 5488 5337
f 5337 5488 5834
f 5237 5337 5126
f 5337 5834 5297
f 5337 5297 5126
f 5297 5834 5612
f 5126 5297 5125
f 5125 5297 5273
f 5273 5297 5612
f 5125 5273 5239
f 5273 5612 5339
f 5273 5339 5239
f 5339 5612 5524
f 5239 5339 5430
f 5430 5339 5524
f 5430 5524 5776
f 5430 5776 5684
f 6515 6426 6547
f 6547 6426 6909
f 5712 5710 5388
f 5388 5710 5415
f 5388 5415 5241
f 5241 5415 5237
f 5490 5241 5165
f 5490 5165 5390
f 5490 5390 5652
f 5390 5165 5128
f 5652 5390 5690
f 5390 5128 5367
f 5390 5367 5690
f 5367 5128 5243
f 5367 5243 5526
f 5367 5526 5690
f 5526 5243 5416
f 5526 5416 5648
f 5526 5648 5689
f 5526 5689 5690
f 5690 5689 5810
f 5165 5241 5237
f 5165 5237 5126
f 5165 5126 5128
f 5128 5126 5125
f 5128 5125 5243
f 5243 5125 5239
f 5243 5239 5416
f 5416 5239 5430
f 5524 5612 5714
f 5776 5524 5714
f 5776 5714 5898
f 5416 5430 5684
f 5416 5684 5646
f 5646 5684 5808
f 5898 5714 6027
f 5776 5898 5808
f 5776 5808 5684
f 5898 6027 5997
f 5898 5997 5900
f 5898 5900 5808
f 5900 5997 6027
f 5900 6027 6190
f 5646 5808 5900
f 5646 5900 5749
f 5646 5749 5648
f 5646 5648 5416
f 5749 5900 5686
f 5686 5900 6190
f 5749 5686 5648
f 5648 5686 5561
f 5648 5561 5614
f 5648 5614 5689
f 5561 5686 5554
f 5554 5686 5650
f 5561 5554 5614
f 5810 5689 5614
f 5810 5614 5718
f 5690 5810 5780
f 5690 5780 5652
f 5810 5718 5780
f 5614 5554 5716
f 5716 5554 5836
f 5836 5554 5650
f 5718 5614 5838
f 5838 5614 5716
f 5838 5716 5836
f 5780 5718 5720
f 5720 5718 5838
f 5780 5720 5860
f 5720 5838 6118
f 5860 5720 5782
f 5720 6118 5967
f 5720 5967 5782
f 5967 6118 6331
f 5782 5967 6069
f 5967 6331 6159
f 5967 6159 6069
f 6159 6331 6120
f 6069 6159 6236
f 6159 6120 5904
f 6159 5904 6236
f 6236 5904 5751
f 5751 5904 5369
f 5860 5652 5780
f 5652 5860 6035
f 6035 5860 5782
f 6035 5782 6037
f 9056 8977 9603
f 9765 9892 9813
f 9813 9892 9930
f 9765 9813 9625
f 9625 9813 9729
f 9729 9813 9712
f 9625 9729 9572
f 9572 9729 9712
f 9625 9572 9056
f 9712 9813 9815
f 9572 9712 9543
f 9712 9815 9681
f 9712 9681 9543
f 9681 9815 9850
f 9850 9815 10018
f 9681 9850 9683
f 9027 9056 9572
f 9027 9572 9543
f 9056 9027 7878
f 7878 9027 8180
f 9027 9543 9527
f 9027 9527 9437
f 9974 9850 10018
f 9850 9974 9683
f 9974 10018 10162
f 9683 9974 9792
f 9683 9792 9574
f 9574 9792 9413
f 9974 10162 10184
f 9974 10184 9792
f 10184 10162 10292
f 9413 9792 9439
f 10184 10292 10354
f 9439 9792 9939
f 9792 10184 10294
f 9792 10294 9939
f 10294 10184 10354
f 9439 9939 10082
f 10082 9939 10294
f 9439 10082 9549
f 9549 10082 9627
f 10294 10354 10339
f 10294 10339 10082
f 10339 10354 10386
f 9627 10082 10130
f 10130 10082 10339
f 10339 10386 10359
f 10339 10359 10130
f 10359 10386 10395
f 10130 10359 10364
f 10130 10364 10164
f 10130 10164 9641
f 9641 10164 10207
f 10207 10164 10364
f 9641 10207 9661
f 9661 10207 9714
f 9714 10207 10250
f 10250 10207 10374
f 10374 10207 10364
f 10250 10374 10382
f 10374 10364 10411
f 10374 10411 10382
f 10411 10364 10404
f 10382 10411 10416
f 9930 9893 9970
f 9813 9930 9815
f 9815 9930 9933
f 9815 9933 10018
f 9933 9930 9970
f 10018 9933 9931
f 9931 9933 9970
f 10018 9931 9973
f 10018 9973 10162
f 10162 9973 10128
f 9973 9931 9817
f 9817 9931 9865
f 9865 9931 9970
f 9865 9970 9895
f 9543 9681 9527
f 9527 9681 9683
f 9527 9683 9437
f 9437 9683 9574
f 9437 9574 9413
f 9437 9413 9323
f 9437 9323 8180
f 9437 8180 9027
f 9323 9413 9060
f 9323 9060 8180
f 9060 9413 9167
f 9167 9413 9439
f 9060 9167 8854
f 8854 9167 9439
f 8180 9060 8638
f 8638 9060 8854
f 8180 8638 7252
f 7252 8638 8233
f 8180 7252 6041
f 8233 8638 8347
f 8347 8638 8854
f 8180 6041 6194
f 9004 8854 9439
f 9004 9439 9549
f 9004 9549 9088
f 8854 9004 8306
f 8854 8306 8347
f 8347 8306 8075
f 8075 8306 7913
f 7913 8306 8182
f 5341 6194 6041
f 5615 6301 6194
f 6194 6301 6663
f 5615 6194 5057
f 6194 6663 7878
f 7878 6663 6804
f 7878 6804 7911
f 7878 7911 9056
f 5057 6194 5245
f 5245 6194 5341
f 5057 5245 495
f 5245 5341 38
f 5245 38 495
f 38 5341 5617
f 38 5617 5208
f 38 5208 158
f 158 5208 4947
f 38 158 550
f 38 550 495
f 495 550 905
f 495 905 1179
f 1179 905 1211
f 8233 8347 8075
f 8233 8075 7962
f 7962 8075 7789
f 7789 8075 7913
f 7789 7913 7791
f 7789 7791 7692
f 8306 9004 8182
f 8182 9004 9088
f 8233 7962 7213
f 8233 7213 7252
f 7252 7213 6257
f 7252 6257 6041
f 6257 7213 7052
f 7052 7213 7789
f 7789 7213 7962
f 7052 7789 7692
f 6257 7052 6492
f 6041 6257 5617
f 5617 6257 6492
f 6041 5617 5341
f 5617 6492 6001
f 5617 6001 5208
f 5208 6001 5466
f 5208 5466 5033
f 7791 7913 8182
f 7791 8182 7589
f 7791 7589 7692
f 7692 7589 7052
f 7052 7589 6983
f 7052 6983 6455
f 7052 6455 6492
f 6492 6455 6003
f 6492 6003 6001
f 6001 6003 5492
f 6001 5492 5466
f 5466 5492 5033
f 5033 5492 4949
f 8180 6194 7878
f 6804 6663 6301
f 6490 6804 6301
f 6490 6301 6120
f 6120 6301 5615
f 6120 5615 5464
f 6490 6120 6331
f 6371 6549 6589
f 6589 6549 6772
f 6234 6236 6373
f 6549 6700 6772
f 6373 6236 5751
f 6373 5751 5969
f 6373 5969 6700
f 6700 5969 6333
f 5969 5751 5369
f 6333 5969 5528
f 5528 5969 5369
f 6333 5528 5945
f 5315 5369 5904
f 5369 5315 4824
f 5369 4824 4886
f 5369 4886 5528
f 5945 5528 5055
f 5055 5528 4886
f 5945 5055 5433
f 5055 4886 801
f 801 4886 901
f 5433 5055 581
f 581 5055 801
f 5433 581 311
f 801 901 1533
f 311 581 1209
f 1209 581 801
f 801 1533 1403
f 801 1403 1209
f 1403 1533 1945
f 1209 1403 1890
f 1209 1890 1748
f 311 1209 996
f 996 1209 1748
f 996 1748 1633
f 1633 1748 2238
f 1633 2238 2047
f 2047 2238 2242
f 2047 2242 2146
f 2242 2238 2368
f 2368 2238 2491
f 2491 2238 2433
f 2491 2433 2564
f 6772 6700 6872
f 6872 6700 6524
f 6524 6700 6333
f 6524 6333 5945
f 6524 5945 6122
f 6122 5945 5556
f 6524 6122 7124
f 7124 6122 5556
f 6702 7738 7124
f 6702 7124 5862
f 7738 6702 7095
f 6702 5862 5971
f 6702 5971 6335
f 6702 6335 7095
f 5971 5862 5275
f 5275 5862 4789
f 6335 5971 5654
f 5654 5971 5275
f 5275 4789 400
f 6335 5654 6517
f 7331 7095 6517
f 7095 7331 7964
f 5275 400 69
f 69 400 430
f 5275 69 5031
f 5275 5031 5654
f 5654 5031 5277
f 5654 5277 5392
f 5392 5277 5299
f 5654 5392 5435
f 5435 5392 5299
f 5654 5435 5864
f 5435 5299 5343
f 8452 8450 7964
f 7964 8450 7960
f 7964 7960 7095
f 7960 8450 8528
f 7095 7960 7738
f 7960 8528 8741
f 7960 8741 7738
f 6872 6524 7643
f 9435 8852 9460
f 9435 9460 9790
f 9790 9895 9970
f 9973 9817 10128
f 10128 9817 9935
f 10162 10128 10292
f 10292 10128 10283
f 10283 10128 9935
f 10292 10283 10354
f 10283 9935 10113
f 10354 10283 10347
f 10347 10283 10113
f 10354 10347 10386
f 10347 10113 10269
f 10386 10347 10380
f 10380 10347 10269
f 10380 10269 10340
f 10386 10380 10398
f 10380 10340 10372
f 10380 10372 10398
f 10312 10372 10296
f 10372 10312 10388
f 10372 10388 10408
f 10372 10408 10398
f 10408 10388 10414
f 10398 10408 10404
f 10404 10408 10414
f 10404 10414 10411
f 10398 10404 10395
f 10395 10404 10359
f 10359 10404 10364
f 9685 9384 9511
f 9511 9384 9195
f 9511 9195 9325
f 9325 9195 8955
f 9325 8955 9111
f 9111 8955 8741
f 9111 8741 8888
f 8888 8741 8528
f 8888 8528 8743
f 8743 8528 8450
f 8743 8450 8640
f 10340 9937 10185
f 10386 10398 10395
f 9088 9549 9627
f 9627 10130 9641
f 9627 9641 9088
f 9146 9641 9661
f 9641 9146 9113
f 9641 9113 9088
f 9088 9113 8234
f 9088 8234 8182
f 8182 8234 7589
f 7589 8234 7591
f 7591 8234 8236
f 7589 7591 6983
f 6983 7591 6985
f 6983 6985 6494
f 6983 6494 6455
f 6455 6494 6043
f 6455 6043 6003
f 6003 6043 5530
f 6003 5530 5492
f 5492 5530 4888
f 8234 9113 8236
f 8236 9113 9146
f 8236 9146 8397
f 8397 9146 9209
f 9209 9146 9661
f 9209 9661 9714
f 9209 9714 9238
f 9209 9238 8397
f 9238 9714 9733
f 9238 9733 9735
f 9238 9735 9342
f 7793 8236 8397
f 8397 9238 8399
f 8399 9238 9342
f 8397 8399 7793
f 8236 7793 7591
f 8399 9342 8745
f 8745 9342 9372
f 7793 8399 7516
f 7516 8399 8745
f 7591 7793 7127
f 7127 7793 7516
f 7591 7127 6985
f 7516 8745 7967
f 7967 8745 8136
f 7516 7967 7593
f 7593 7967 7831
f 7516 7593 7214
f 7516 7214 7127
f 7127 7214 6987
f 6553 6985 7127
f 6553 7127 6987
f 6985 6553 6494
f 6553 6987 6303
f 6494 6553 6043
f 6553 6303 6161
f 6553 6161 6043
f 6161 6303 5656
f 6043 6161 5530
f 5530 6161 5619
f 5530 5619 5003
f 5530 5003 4888
f 4888 5003 160
f 160 5003 121
f 4888 160 314
f 160 121 909
f 314 160 1053
f 314 1053 373
f 160 909 932
f 160 932 1053
f 932 909 1726
f 932 1726 1053
f 1726 909 1700
f 1053 1726 1797
f 1726 1700 2403
f 1726 2403 1797
f 2403 1700 2328
f 1797 2403 2476
f 2403 2328 3105
f 2403 3105 2476
f 3105 2328 3050
f 2476 3105 3191
f 3105 3050 3946
f 3105 3946 3191
f 3946 3050 3889
f 3191 3946 3993
f 3946 3889 4196
f 3993 3946 4259
f 3946 4196 4241
f 3946 4241 4259
f 9733 9714 10250
f 9733 10250 10209
f 9733 10209 9735
f 10209 10250 10366
f 10366 10250 10382
f 10366 10382 10416
f 10366 10416 10406
f 10366 10406 10333
f 10209 10366 10132
f 10209 10132 9735
f 10132 10366 10333
f 9735 10132 10052
f 10052 10132 10333
f 9735 10052 9687
f 9735 9687 9342
f 9342 9687 9372
f 10052 10333 10286
f 10286 10333 10342
f 10376 10333 10406
f 10333 10376 10342
f 10342 10376 10351
f 10351 10376 10384
f 9372 9687 9464
f 9464 9687 10052
f 9372 9464 8816
f 9372 8816 8745
f 8745 8816 8136
f 8136 8816 8818
f 8818 8816 9464
f 7831 7967 8136
f 7831 8136 8078
f 8078 8136 8818
f 7831 8078 7742
f 7742 8078 7743
f 7743 8078 8189
f 8189 8078 8818
f 7743 8189 7832
f 7832 8189 8401
f 7832 8401 8018
f 8018 8401 8104
f 8189 8818 8979
f 8189 8979 8401
f 8979 8818 9631
f 9631 8818 9464
f 8104 8401 8308
f 8104 8308 8134
f 8134 8308 8530
f 8530 8308 8597
f 8597 8308 8401
f 8530 8597 9169
f 8597 8401 9115
f 9115 8401 8979
f 8597 9115 9171
f 9171 9115 9605
f 9115 8979 9663
f 9115 9663 9605
f 9663 8979 9631
f 9605 9663 9896
f 9663 9631 10190
f 9663 10190 9896
f 10211 10050 9896
f 10211 9896 10190
f 10211 10190 10314
f 10314 10190 10351
f 10314 10351 10360
f 10190 9631 10189
f 10190 10189 10351
f 10189 9631 9464
f 10351 10189 10342
f 10189 9464 9978
f 10189 9978 10342
f 9978 9464 10052
f 10342 9978 10286
f 10286 9978 10052
f 10376 10406 10412
f 10376 10412 10384
f 10351 10384 10360
f 10360 10384 10412
f 10360 10412 10392
f 10360 10392 10331
f 10412 10406 10418
f 10418 10406 10416
f 10392 10412 10400
f 10392 10400 10331
f 10400 10412 10418
f 10331 10400 10349
f 10418 10416 10414
f 10414 10416 10411
f 10400 10418 10390
f 10400 10390 10349
f 10390 10418 10414
f 10349 10390 10329
f 10390 10414 10388
f 10390 10388 10329
f 10314 10360 10285
f 10314 10285 10211
f 10285 10360 10331
f 10211 10285 10050
f 10285 10331 10085
f 10285 10085 10050
f 10085 10331 10349
f 10085 10349 10114
f 10085 10114 9576
f 9605 9896 10050
f 9605 10050 9629
f 9629 10050 10085
f 9605 9629 9171
f 9629 10085 9578
f 9578 10085 9576
f 9171 9629 9169
f 9171 9169 8597
f 9629 9578 9062
f 9629 9062 9169
f 9062 9578 9576
f 9169 9062 8530
f 10021 9513 9576
f 9576 9513 9006
f 9576 9006 9062
f 9006 9513 8957
f 9006 8957 8044
f 8530 9062 8187
f 8187 9062 9006
f 8530 8187 8134
f 9006 8044 8185
f 9006 8185 8187
f 8185 8044 7645
f 8185 7645 8187
f 8187 7645 7880
f 7645 8044 7421
f 7880 7645 7556
f 7645 7421 6734
f 7645 6734 7556
f 7556 6734 6736
f 6734 7421 6633
f 6736 6734 6100
f 6734 6633 6098
f 6734 6098 6100
f 6098 6633 5947
f 6098 5947 5279
f 6100 6098 5345
f 5345 6098 5279
f 6100 5345 5317
f 5317 5345 5009
f 5345 5279 5007
f 5345 5007 5009
f 5007 5279 4911
f 5009 5007 534
f 5007 4911 532
f 5007 532 534
f 532 4911 614
f 534 532 1361
f 532 614 1359
f 532 1359 1361
f 1359 614 1474
f 1361 1359 2107
f 1359 1474 2130
f 1359 2130 2107
f 2130 1474 2172
f 2107 2130 2787
f 2787 2130 2814
f 2787 2814 3581
f 3581 2814 3680
f 10388 10312 10329
f 10329 10312 9976
f 10329 9976 10021
f 10329 10021 10349
f 10349 10021 10114
f 10114 10021 9576
f 10021 9976 9513
f 9513 9976 9487
f 9513 9487 8957
f 8957 9487 8890
f 8957 8890 8044
f 8044 8890 8016
f 8044 8016 7421
f 7421 8016 7378
f 7421 7378 6551
f 7421 6551 6633
f 6633 6551 5905
f 6633 5905 5947
f 5947 5905 5279
f 5279 5905 5210
f 5279 5210 4911
f 4911 5210 4865
f 4911 4865 614
f 614 4865 661
f 614 661 1474
f 1474 661 1505
f 1474 1505 2172
f 2172 1505 2207
f 2172 2207 2857
f 2857 2207 2894
f 9976 10312 9867
f 9976 9867 9487
f 8134 8187 7880
f 8134 7880 7647
f 8134 7647 7968
f 8104 8134 7968
f 8104 7968 7740
f 8104 7740 8018
f 7740 7968 7647
f 8018 7740 7558
f 8018 7558 7832
f 7740 7647 7423
f 7740 7423 7558
f 7423 7647 7216
f 7216 7647 7380
f 7423 7216 7054
f 7423 7054 7255
f 7423 7255 7558
f 7255 7054 6955
f 7424 7832 7558
f 7424 7558 7255
f 7832 7424 7743
f 7255 6955 7129
f 7255 7129 7424
f 7129 6955 6953
f 7743 7424 7478
f 7478 7424 7129
f 7743 7478 7742
f 7742 7478 7831
f 7831 7478 7593
f 7593 7478 7214
f 6987 7214 6953
f 7478 7129 7128
f 7478 7128 7214
f 7128 7129 6953
f 7128 6953 7214
f 7880 7556 7647
f 7647 7556 7380
f 7380 7556 6635
f 6635 7556 6736
f 7380 6635 6526
f 7380 6526 7216
f 6635 6736 5973
f 5973 6736 6100
f 6526 6635 5907
f 5907 6635 5973
f 5973 6100 5212
f 5973 5212 5907
f 5212 6100 5317
f 6428 7216 6526
f 7216 6428 7054
f 6526 5907 5563
f 6526 5563 6428
f 5907 5212 4985
f 5907 4985 5563
f 5212 5317 4913
f 4913 5317 5009
f 4985 5212 40
f 40 5212 4913
f 4913 5009 552
f 552 5009 534
f 552 534 1361
f 4913 552 585
f 4913 585 40
f 552 1361 1313
f 1313 1361 2051
f 2051 1361 2107
f 552 1313 1315
f 552 1315 585
f 2051 2107 2787
f 1315 1313 2020
f 2020 1313 2051
f 585 1315 1408
f 1315 2020 2053
f 1315 2053 1408
f 585 1408 722
f 585 722 40
f 722 1408 1541
f 1541 1408 2053
f 40 722 218
f 40 218 4985
f 218 722 785
f 785 722 1541
f 4985 218 4830
f 4985 4830 5563
f 218 785 216
f 218 216 4830
f 785 1541 1637
f 216 785 868
f 868 785 1637
f 216 868 162
f 868 1637 1700
f 868 1700 909
f 1700 1637 2328
f 216 162 4828
f 216 4828 4830
f 4828 162 4951
f 4828 4951 5692
f 4828 5692 4830
f 4830 5692 5563
f 5563 5692 6428
f 2244 2328 1637
f 2244 1637 1541
f 2328 2244 3050
f 6428 5692 6337
f 6428 6337 7054
f 6337 5692 5621
f 7054 6337 6955
f 6337 5621 6259
f 6337 6259 6955
f 6259 5621 5656
f 6955 6259 6953
f 6259 5656 6303
f 6259 6303 6953
f 6953 6303 6987
f 2924 3050 2244
f 3050 2924 3889
f 2924 2244 2148
f 2148 2244 1541
f 2148 1541 2053
f 2924 2148 2815
f 2815 2148 2053
f 3889 2924 3682
f 3682 2924 3737
f 3737 2924 2815
f 3889 3682 4059
f 4059 3682 3737
f 3889 4059 4196
f 2815 2053 2740
f 2815 2740 3737
f 2740 2053 2020
f 4196 4059 4156
f 4156 4059 3737
f 4196 4156 4400
f 4400 4156 4223
f 4156 3737 3891
f 4156 3891 4223
f 3891 3737 2740
f 4223 3891 4198
f 4198 3891 4131
f 3891 2740 2704
f 2704 2740 2020
f 2704 2020 2051
f 3891 2704 3313
f 3891 3313 4131
f 2704 2051 2738
f 2704 2738 3313
f 2738 2051 2787
f 2738 2787 3420
f 2738 3420 3313
f 3420 2787 3581
f 4131 3313 3972
f 3972 3313 3420
f 3972 3420 3581
f 4131 3972 4129
f 4129 3972 3581
f 6161 5656 5619
f 5619 5656 5003
f 5003 5656 5006
f 5003 5006 121
f 5006 5656 5621
f 5006 5621 4951
f 4951 5621 5692
f 5208 5033 4947
f 4947 5033 4791
f 4791 5033 4949
f 4947 4791 277
f 4947 277 158
f 158 277 690
f 158 690 550
f 277 4791 583
f 277 583 805
f 805 583 1243
f 277 805 1026
f 277 1026 690
f 690 1026 998
f 1026 805 1575
f 1026 1575 998
f 805 1243 1438
f 805 1438 1575
f 1438 1243 1953
f 1438 1953 1575
f 1953 1243 1876
f 1953 1876 2437
f 998 1575 1635
f 998 1635 1311
f 1311 1635 1608
f 1608 1635 1793
f 1793 1635 1982
f 1793 1982 1980
f 1635 1575 1951
f 1951 1575 1953
f 1635 1951 1982
f 1980 1982 2367
f 1951 1953 2435
f 1951 2435 1982
f 2473 1953 2437
f 2473 2437 2678
f 1953 2473 2471
f 1953 2471 2435
f 2471 2473 2675
f 2675 2473 2677
f 2675 2677 3185
f 2471 2675 2663
f 2471 2663 2435
f 2675 3185 3101
f 2675 3101 2663
f 3101 3185 3944
f 3989 4164 3944
f 3944 4164 4128
f 3101 3944 3869
f 3869 3944 4128
f 3869 4128 4032
f 4032 4128 4310
f 4032 4310 4220
f 4032 4220 4070
f 4032 4070 3940
f 3869 4032 3674
f 3674 4032 3940
f 3869 3674 3101
f 3674 3940 3472
f 3472 3940 3790
f 3101 3674 3046
f 3046 3674 3472
f 3472 3790 3276
f 3101 3046 2663
f 3472 3276 2812
f 2812 3276 2702
f 2812 2702 2566
f 3472 2812 2951
f 3472 2951 3046
f 2812 2566 2613
f 2812 2613 2951
f 2613 2566 2367
f 3046 2951 2635
f 3046 2635 2663
f 2635 2951 2613
f 2663 2635 2435
f 2613 2367 2399
f 2613 2399 2635
f 2635 2399 2435
f 2399 2367 1982
f 2399 1982 2435
f 583 4791 4949
f 583 4949 371
f 583 371 1075
f 583 1075 1243
f 1243 1075 1795
f 1243 1795 1876
f 1876 1795 2401
f 1876 2401 2437
f 2437 2401 2639
f 2437 2639 2678
f 2678 2639 3187
f 2678 3187 3227
f 3227 3187 3970
f 2678 3227 2677
f 2678 2677 2473
f 2677 3227 3185
f 3185 3227 3989
f 3989 3227 3970
f 3185 3989 3944
f 3989 3970 4192
f 4192 3970 4194
f 3989 4192 4164
f 550 690 905
f 905 690 998
f 905 998 1311
f 905 1311 1211
f 1211 1311 1535
f 1535 1311 1608
f 1535 1608 1793
f 1535 1793 1773
f 1773 1793 1980
f 1773 1980 1946
f 1946 1980 2367
f 1946 2367 2319
f 2319 2367 2493
f 2493 2367 2566
f 2493 2566 2702
f 2493 2702 2585
f 2585 2702 2659
f 2659 2702 2851
f 2659 2851 2700
f 2851 2702 3276
f 2700 2851 2988
f 2988 2851 3276
f 2700 2988 2698
f 2698 2988 3020
f 2698 3020 2657
f 2988 3276 3418
f 2988 3418 3020
f 3418 3276 3918
f 3918 3276 3790
f 3918 3790 3940
f 3918 3940 4070
f 2657 3020 2947
f 3020 3418 3513
f 3513 3418 3918
f 3020 3513 2947
f 2657 2947 2607
f 3918 4070 3967
f 3918 3967 3513
f 2947 3513 3417
f 3417 3513 3967
f 2607 2947 2849
f 2849 2947 3417
f 2607 2849 2489
f 3417 3967 3916
f 4124 3967 4070
f 3967 4124 3916
f 4124 4070 4220
f 4124 4220 4291
f 4124 4291 4088
f 4088 4291 4257
f 4124 4088 3916
f 3916 4088 4004
f 3916 4004 3733
f 3274 3417 3916
f 3274 3916 3733
f 3417 3274 2849
f 3274 3733 3022
f 2849 3274 2736
f 2736 3274 3022
f 2849 2736 2489
f 2736 3022 2583
f 2736 2583 2489
f 2489 2583 2318
f 2318 2583 2240
f 2240 2583 2322
f 2240 2322 2203
f 1211 1535 1503
f 1211 1503 1179
f 1535 1773 1503
f 1724 1503 1773
f 1724 1773 1946
f 1503 1724 1273
f 1503 1273 1179
f 1273 1724 1722
f 1722 1724 1874
f 1722 1874 1948
f 1273 1722 1791
f 1791 1722 1948
f 1791 1948 1945
f 1945 1948 2324
f 1273 1791 1405
f 1273 1405 779
f 1273 779 659
f 659 779 5057
f 5057 779 4969
f 4969 779 4824
f 4824 779 901
f 1724 1946 1874
f 1874 1946 1948
f 659 1179 1273
f 1179 659 495
f 495 659 5057
f 1405 1791 1533
f 1533 1791 1945
f 1405 1533 901
f 1405 901 779
f 2324 1948 1946
f 1403 1945 1890
f 1890 1945 2467
f 2467 1945 2324
f 2467 2324 2568
f 2467 2568 2611
f 2467 2611 2609
f 1890 2467 2433
f 2433 2467 2609
f 2433 2609 2564
f 1890 2433 1748
f 1748 2433 2238
f 2324 1946 2319
f 2324 2319 2493
f 2324 2493 2469
f 2469 2493 2585
f 2324 2469 2568
f 2469 2585 2568
f 2568 2585 2659
f 2568 2659 2700
f 2568 2700 2611
f 2611 2700 2609
f 2609 2700 2698
f 2609 2698 2657
f 2609 2657 2564
f 2564 2657 2491
f 2491 2657 2607
f 2491 2607 2368
f 2368 2607 2489
f 2368 2489 2318
f 2368 2318 2242
f 2242 2318 2240
f 2242 2240 2146
f 2146 2240 2168
f 2168 2240 2203
f 2401 1795 2474
f 2401 2474 2639
f 2474 1795 1820
f 2639 2474 3189
f 1820 1795 1075
f 2639 3189 3187
f 1820 1075 1077
f 3187 3189 3991
f 1077 1075 371
f 1077 371 373
f 373 371 4949
f 3187 3991 3970
f 3970 3991 4194
f 4194 3991 4239
f 4194 4239 4365
f 4365 4239 4429
f 4365 4429 4467
f 4467 4429 4516
f 4467 4516 4452
f 4452 4516 4515
f 4452 4515 4327
f 2474 1820 2476
f 2476 1820 1797
f 2474 2476 3191
f 1797 1820 1077
f 1797 1077 1053
f 1053 1077 373
f 2474 3191 3189
f 3189 3191 3993
f 3189 3993 3991
f 3991 3993 4239
f 4239 3993 4259
f 4164 4192 4363
f 4164 4363 4128
f 4128 4363 4310
f 4363 4192 4394
f 4394 4192 4194
f 4394 4194 4365
f 4394 4365 4467
f 4394 4467 4480
f 4480 4467 4465
f 4465 4467 4452
f 4394 4480 4463
f 4463 4480 4465
f 4394 4463 4363
f 4463 4465 4450
f 4463 4450 4361
f 4363 4463 4413
f 4413 4463 4361
f 4363 4413 4310
f 4413 4361 4257
f 4413 4257 4291
f 4413 4291 4310
f 4310 4291 4220
f 4088 4257 4004
f 4004 4257 4126
f 4126 4257 4361
f 4126 4361 4237
f 4237 4361 4450
f 4004 4126 3672
f 4126 4237 3941
f 4126 3941 3672
f 4004 3672 3345
f 4004 3345 3733
f 3733 3345 3022
f 4237 4450 4293
f 4293 4450 4465
f 4293 4465 4325
f 4237 4293 4005
f 4237 4005 3941
f 4293 4325 4072
f 4293 4072 4005
f 4072 4325 4090
f 4005 4072 3557
f 3557 4072 3629
f 3676 3629 4090
f 3629 3676 3048
f 3629 3048 2990
f 3629 2990 3557
f 4005 3557 3347
f 3347 3557 2990
f 4005 3347 3941
f 3347 2990 2853
f 3347 2853 2785
f 3941 3347 3152
f 3152 3347 2785
f 3941 3152 3672
f 3672 3152 3345
f 3152 2785 2949
f 3152 2949 3345
f 2949 2785 2661
f 2949 2661 2494
f 3345 2949 2771
f 2771 2949 2494
f 3345 2771 3022
f 3022 2771 2583
f 2583 2771 2494
f 2583 2494 2322
f 4325 4465 4452
f 4429 4239 4259
f 4429 4259 4469
f 4469 4259 4241
f 4469 4241 4454
f 4429 4469 4545
f 4545 4469 4454
f 4429 4545 4516
f 4516 4545 4515
f 4545 4454 4518
f 4515 4545 4535
f 4535 4545 4518
f 4535 4518 4499
f 4535 4499 4414
f 4414 4499 4398
f 4452 4327 4325
f 4241 4196 4454
f 4454 4196 4400
f 4454 4400 4470
f 4470 4400 4223
f 4454 4470 4518
f 4470 4223 4198
f 4518 4470 4456
f 4456 4470 4198
f 4518 4456 4499
f 4456 4198 4131
f 4499 4456 4329
f 4329 4456 4131
f 4499 4329 4398
f 4329 4131 4129
f 4329 4129 4154
f 373 4949 4863
f 4863 4949 5492
f 373 4863 314
f 314 4863 4888
f 4888 4863 5492
f 868 909 162
f 162 909 121
f 121 5006 4951
f 121 4951 162
f 4515 4535 4396
f 4396 4535 4414
f 4515 4396 4327
f 4396 4414 4152
f 4327 4396 4138
f 4138 4396 4152
f 4152 4414 4398
f 4152 4398 4154
f 4154 4398 4329
f 4152 4154 3735
f 3735 4154 3680
f 3680 4154 4129
f 3680 4129 3581
f 3735 3680 2857
f 3735 2857 2894
f 2857 3680 2814
f 2857 2814 2172
f 2172 2814 2130
f 4152 3735 3678
f 3678 3735 2894
f 4152 3678 4138
f 6551 7378 6517
f 6517 7378 7331
f 6551 6517 5905
f 5905 6517 5864
f 5905 5864 5435
f 5905 5435 5343
f 5905 5343 5210
f 5210 5343 4826
f 5210 4826 4865
f 4865 4826 692
f 4865 692 661
f 661 692 1539
f 661 1539 1505
f 1505 1539 2205
f 8016 7331 7378
f 7331 8016 7964
f 7964 8016 8452
f 8452 8016 8642
f 8642 8016 8890
f 8642 8890 9090
f 5864 6517 5654
f 4826 5343 72
f 72 5343 5299
f 4826 72 692
f 692 72 783
f 692 783 1610
f 692 1610 1539
f 1539 1610 2205
f 2205 1610 2224
f 5299 5277 5130
f 5130 5277 4945
f 4945 5277 5031
f 4945 5031 69
f 4945 69 156
f 5299 5130 72
f 72 5130 214
f 214 5130 370
f 72 214 907
f 907 214 370
f 72 907 783
f 783 907 1610
f 370 5130 4945
f 370 4945 530
f 530 4945 156
f 530 156 497
f 530 497 1107
f 530 1107 1051
f 530 1051 370
f 370 1051 1000
f 370 1000 907
f 1000 1051 1668
f 1000 1668 1670
f 907 1000 1647
f 1647 1000 1670
f 907 1647 1610
f 1647 1670 2262
f 1647 2262 1610
f 2262 1670 2170
f 1610 2262 2224
f 2224 2262 2832
f 2832 2262 2795
f 2795 2262 2715
f 2832 2795 3048
f 2832 3048 3103
f 3048 2795 2990
f 2990 2795 2853
f 2853 2795 2715
f 2853 2715 2785
f 2785 2715 2637
f 2785 2637 2496
f 2785 2496 2661
f 2661 2496 2494
f 2494 2496 2326
f 2494 2326 2203
f 2494 2203 2322
f 1505 2205 2207
f 2207 2205 2855
f 2170 1670 1668
f 2170 1668 2105
f 2170 2105 2637
f 2170 2637 2262
f 2262 2637 2715
f 2637 2105 2496
f 2496 2105 2326
f 2105 1668 2049
f 2105 2049 2326
f 2326 2049 2045
f 2326 2045 2203
f 2045 2049 1662
f 2049 1668 1666
f 2049 1666 1662
f 1666 1668 1051
f 1662 1666 1107
f 1107 1666 1051
f 497 156 430
f 430 156 69
f 803 497 430
f 497 803 866
f 866 803 1103
f 866 1103 1145
f 1145 1103 1436
f 1145 1436 1434
f 1434 1436 1664
f 1434 1664 1662
f 1434 1662 1107
f 1662 1664 2044
f 1662 2044 2045
f 2045 2044 2168
f 2045 2168 2203
f 803 430 400
f 803 400 781
f 781 400 4789
f 803 781 1105
f 781 4789 212
f 212 4789 5862
f 212 5862 5556
f 5556 5862 7124
f 781 212 903
f 781 903 1105
f 1105 903 1407
f 1105 1407 1537
f 497 866 1107
f 1107 866 1145
f 1107 1145 1434
f 803 1105 1103
f 1103 1105 1537
f 1103 1537 1436
f 1436 1537 1698
f 1436 1698 1664
f 1664 1698 2047
f 1664 2047 2044
f 2044 2047 2146
f 2044 2146 2168
f 1698 1537 1407
f 1698 1407 1633
f 1698 1633 2047
f 1633 1407 903
f 1633 903 996
f 996 903 311
f 311 903 212
f 311 212 5556
f 5433 311 5556
f 5433 5556 5945
f 901 4886 4824
f 4824 5315 4969
f 4969 5315 5464
f 5315 5904 5464
f 5464 5904 6120
f 5464 5615 4969
f 5057 4969 5615
f 2182 2211 2249
f 2112 2182 2210
f 2210 2182 2270
f 2270 2182 2249
f 2270 2249 2266
f 2249 2211 2272
f 2249 2272 2266
f 2266 2272 2131
f 2272 2211 2185
f 2131 2272 2157
f 2157 2272 2185
f 2157 2185 2114
f 2157 2114 1883
f 1883 2114 1964
f 2185 2211 2376
f 2185 2376 2114
f 2114 2376 2295
f 2376 2211 2410
f 2376 2410 2481
f 2410 2211 2182
f 2410 2182 2275
f 2131 2157 1860
f 1860 2157 1883
f 2131 1860 1802
f 1860 1883 1369
f 1802 1860 1278
f 1802 1278 1752
f 1860 1369 1324
f 1860 1324 1278
f 1324 1369 569
f 1752 1278 1248
f 1324 569 624
f 1324 624 1278
f 1248 1278 619
f 1248 619 588
f 588 619 4796
f 619 1278 621
f 621 1278 624
f 4796 619 4746
f 4746 619 621
f 4796 4746 5395
f 4746 621 4748
f 4746 4748 5395
f 4748 621 624
f 5395 4748 5397
f 5395 5397 6014
f 6014 5397 6016
f 6607 6604 6016
f 6607 6016 6055
f 6055 6016 5397
f 6607 6055 6651
f 6651 6055 6078
f 6055 5397 5421
f 6055 5421 6078
f 5421 5397 4748
f 6078 5421 5423
f 5421 4748 4749
f 4749 4748 624
f 5421 4749 5423
f 4749 624 4753
f 4749 4753 5423
f 4753 624 569
f 6078 5423 6134
f 4753 569 79
f 4753 79 5423
f 6134 5423 5446
f 5446 5423 79
f 6134 5446 6136
f 6136 5446 5448
f 5448 5446 79
f 5448 79 13
f 1964 2114 2295
f 2295 2376 2481
f 2295 2481 2412
f 2412 2481 2378
f 2378 2481 2410
f 2378 2410 2278
f 2278 2410 2275
f 2295 2412 2351
f 2295 2351 1964
f 2351 2412 2623
f 1964 2351 2026
f 2351 2623 2451
f 2351 2451 2026
f 2451 2623 2599
f 2026 2451 2068
f 2068 2451 2217
f 2068 2217 1866
f 2451 2599 2517
f 2451 2517 2217
f 2517 2599 2547
f 2217 2517 2304
f 2304 2517 2547
f 2217 2304 2029
f 2547 2599 2545
f 2029 2304 2191
f 2547 2545 2515
f 2515 2545 2448
f 2515 2448 2453
f 2453 2448 2417
f 2547 2515 2419
f 2547 2419 2304
f 2304 2419 2191
f 2384 2419 2453
f 2419 2384 2455
f 2419 2455 2191
f 2191 2455 2162
f 2162 2455 2602
f 1369 1883 1964
f 1369 1964 1489
f 1489 1964 1591
f 1369 1489 676
f 676 1489 1591
f 1369 676 569
f 569 676 79
f 79 676 13
f 1591 1964 2026
f 676 1591 792
f 13 676 15
f 15 676 792
f 1591 2026 1595
f 1595 2026 2068
f 792 1591 833
f 833 1591 1595
f 792 833 15
f 1595 2068 1464
f 1464 2068 1866
f 1595 1464 763
f 1595 763 833
f 833 763 53
f 833 53 15
f 15 53 5452
f 15 5452 5450
f 15 5450 13
f 5450 5452 6174
f 13 5450 5448
f 5450 6174 6138
f 5450 6138 5448
f 5448 6138 6136
f 6136 6138 6836
f 6836 6138 6896
f 6896 6138 6174
f 6136 6836 6752
f 6937 6174 6203
f 6174 6937 6896
f 6896 6937 7770
f 6136 6752 6134
f 6752 6836 7536
f 7536 6836 6896
f 6896 7770 7672
f 6896 7672 7536
f 7672 7770 8326
f 6134 6752 6681
f 6134 6681 6078
f 6078 6681 6651
f 6681 6752 7447
f 7447 6752 7536
f 6651 6681 7358
f 7358 6681 7447
f 6651 7358 7272
f 8248 7536 7672
f 8248 7672 8326
f 8248 8326 8617
f 8617 8326 8708
f 7536 8248 8114
f 7536 8114 7447
f 8248 8617 8497
f 8248 8497 8114
f 8497 8617 8868
f 7447 8114 8059
f 7447 8059 7358
f 8059 8114 8497
f 8497 8868 8802
f 7358 8059 8031
f 8031 8059 8497
f 7358 8031 7272
f 7272 8031 7935
f 8031 8497 8460
f 8031 8460 7935
f 8460 8497 8802
f 7935 8460 8361
f 8460 8802 8704
f 6651 7272 6607
f 6607 7272 7227
f 7227 7272 7935
f 6607 7227 6604
f 7227 7935 7883
f 6604 7227 7224
f 7883 7935 8361
f 7224 7227 7837
f 7837 7227 7883
f 6604 7224 7267
f 7267 7224 7837
f 7837 7883 8274
f 8274 7883 8361
f 8704 8361 8460
f 8361 8704 8607
f 8361 8607 8274
f 8274 8607 8537
f 8274 8537 8408
f 8274 8408 8237
f 8274 8237 7837
f 8237 8408 8269
f 7837 8237 7835
f 7835 8237 8145
f 7837 7835 7267
f 7835 8145 8047
f 7835 8047 7799
f 7835 7799 7267
f 7799 8047 7881
f 7267 7799 7222
f 7267 7222 6599
f 6599 7222 6558
f 7267 6599 6604
f 6604 6599 6016
f 6016 6599 6014
f 6014 6599 6558
f 6014 6558 6012
f 6014 6012 5393
f 6014 5393 5395
f 6012 6558 5978
f 6012 5978 5393
f 5395 5393 4796
f 4796 5393 5417
f 5417 5393 5978
f 4796 5417 4837
f 4796 4837 561
f 4796 561 588
f 588 561 1180
f 1180 561 1112
f 1112 561 1080
f 1080 561 537
f 561 4837 4866
f 561 4866 537
f 537 4866 4891
f 537 4891 539
f 4891 4866 5503
f 4866 4837 5440
f 4866 5440 5503
f 5440 4837 5417
f 5503 5440 6050
f 5440 5417 6010
f 5440 6010 6050
f 6010 5417 5978
f 6050 6010 6505
f 6505 6010 6521
f 6521 6010 5978
f 6505 6521 6885
f 6521 5978 6536
f 6536 5978 6558
f 6885 6521 6998
f 6998 6521 6536
f 6885 6998 7174
f 7174 6998 7484
f 6998 6536 7099
f 6998 7099 7484
f 7099 6536 6558
f 7484 7099 7648
f 7099 6558 7222
f 7099 7222 7648
f 7648 7222 7799
f 7174 7484 7344
f 7344 7484 7650
f 7174 7344 6885
f 6885 7344 7000
f 6885 7000 6505
f 7000 7344 7101
f 7101 7344 7433
f 7000 7101 6560
f 7000 6560 6505
f 6560 7101 6714
f 6560 6714 6271
f 6505 6560 6168
f 6168 6560 6271
f 6505 6168 6050
f 6050 6168 5503
f 6168 6271 5568
f 6168 5568 5503
f 5568 6271 5663
f 5503 5568 4891
f 5568 5663 4920
f 5568 4920 4891
f 7484 7648 7650
f 7650 7648 7881
f 7881 7648 7799
f 7650 7881 7745
f 7344 7650 7433
f 7433 7650 7745
f 7138 7101 7433
f 7138 7433 7435
f 7435 7433 7745
f 7435 7745 7747
f 8021 7745 7881
f 7745 8021 7747
f 8021 7881 8047
f 7747 8021 8023
f 8021 8047 8143
f 8021 8143 8023
f 8143 8047 8145
f 8023 8143 8147
f 8143 8145 8269
f 8269 8145 8237
f 8143 8269 8272
f 8143 8272 8147
f 8272 8269 8408
f 8147 8272 8081
f 8147 8081 7922
f 8272 8408 8412
f 8272 8412 8240
f 8272 8240 8153
f 8412 8408 8539
f 8412 8539 8240
f 8240 8539 8358
f 8539 8408 8537
f 8539 8537 8653
f 8539 8653 8609
f 8653 8537 8607
f 8609 8653 8798
f 8798 8653 8607
f 8609 8798 8800
f 8798 8607 8704
f 8800 8798 8863
f 8863 8798 8704
f 8800 8863 8865
f 8863 8704 8802
f 8863 8802 8934
f 8863 8934 8865
f 8934 8802 8868
f 8865 8934 8936
f 8936 8934 8868
f 8865 8936 8866
f 8936 8868 8901
f 8661 8613 8866
f 8661 8866 8834
f 8834 8866 8936
f 8936 8901 8938
f 8936 8938 8834
f 8938 8901 8903
f 8938 8903 8870
f 8938 8870 8834
f 8870 8903 8873
f 8578 8615 8834
f 8578 8834 8762
f 8762 8834 8870
f 8870 8873 8764
f 8764 8873 8549
f 8764 8549 8250
f 8762 8870 8804
f 8804 8870 8764
f 8762 8804 8706
f 8706 8804 8659
f 8659 8804 8764
f 8706 8659 8575
f 8575 8659 8318
f 8318 8659 8364
f 8318 8364 7974
f 7974 8364 7973
f 8364 8659 8577
f 8577 8659 8764
f 7973 8364 8320
f 8320 8364 8577
f 7973 8320 7931
f 7931 8320 7809
f 8577 8764 8371
f 8371 8764 8462
f 8320 8577 8157
f 8320 8157 7809
f 8157 8577 8371
f 7809 8157 7939
f 7809 7939 7606
f 7939 8157 8112
f 8112 8157 8371
f 8112 8371 8462
f 8112 8462 8116
f 8112 8116 7758
f 7758 8116 7764
f 7758 7764 7502
f 7758 7502 7409
f 7758 7409 7530
f 7530 7409 7284
f 7284 7409 7314
f 7284 7314 7361
f 7747 8023 7652
f 7747 7652 7435
f 8147 7922 8023
f 8023 7922 7652
f 7652 7922 7801
f 7801 7922 8081
f 7652 7801 7598
f 7652 7598 7395
f 7435 7652 7393
f 7435 7393 7104
f 7435 7104 7138
f 7801 8081 7971
f 7971 8081 8153
f 7971 8153 8027
f 8153 8081 8272
f 7393 7652 7395
f 7104 7393 7395
f 8153 8240 8085
f 8153 8085 8027
f 7971 8027 8025
f 7971 8025 7924
f 8025 8027 8028
f 8028 8027 8053
f 8053 8027 8085
f 8053 8085 8087
f 8087 8085 8155
f 8087 8155 8108
f 7801 7971 7924
f 7801 7924 7749
f 7801 7749 7598
f 7749 7924 8079
f 7598 7749 7561
f 7598 7561 7395
f 7395 7561 7346
f 7395 7346 7176
f 7176 7346 7139
f 7176 7139 6927
f 7346 7561 7803
f 7803 7561 7749
f 7346 7803 7600
f 7803 7749 7969
f 7969 7749 8079
f 7803 7969 8149
f 8149 7969 8079
f 7803 8149 8049
f 8049 8149 8314
f 8314 8149 8406
f 8406 8149 8268
f 8268 8149 8079
f 8406 8268 8534
f 8268 8079 8151
f 8151 8079 8025
f 8025 8028 8198
f 8198 8028 8053
f 8198 8053 8200
f 8025 8198 8151
f 8198 8200 8414
f 8198 8414 8410
f 8198 8410 8151
f 8410 8414 8567
f 8151 8410 8354
f 8151 8354 8268
f 8268 8354 8534
f 8354 8410 8605
f 8605 8410 8567
f 8534 8354 8603
f 8603 8354 8605
f 8534 8603 8753
f 8753 8603 8787
f 8787 8603 8605
f 8787 8605 8791
f 8791 8605 8567
f 8791 8567 8651
f 7924 8025 8079
f 8200 8053 8276
f 8276 8053 8087
f 8200 8276 8487
f 8200 8487 8414
f 8487 8276 8543
f 8276 8087 8316
f 8276 8316 8543
f 8316 8087 8108
f 8487 8543 8651
f 8791 8651 8859
f 8859 8651 8756
f 8756 8651 8543
f 8756 8543 8758
f 8758 8543 8569
f 8569 8543 8316
f 8758 8569 8759
f 8759 8569 8611
f 8569 8316 8418
f 8569 8418 8611
f 8418 8316 8108
f 8611 8418 8420
f 8418 8108 8206
f 8418 8206 8420
f 8155 8085 8240
f 8155 8240 8358
f 8155 8358 8278
f 8155 8278 8108
f 8539 8609 8358
f 8358 8609 8278
f 8108 8278 8206
f 8278 8609 8491
f 8491 8609 8800
f 8206 8278 8366
f 8366 8278 8491
f 8491 8800 8571
f 8491 8571 8366
f 8571 8800 8613
f 8613 8800 8865
f 8613 8865 8866
f 8571 8613 8422
f 8571 8422 8366
f 8366 8422 8206
f 8422 8613 8661
f 8206 8422 8424
f 8424 8422 8661
f 8206 8424 8208
f 8424 8661 8615
f 8615 8661 8834
f 8487 8651 8414
f 8859 8756 8758
f 8414 8651 8567
f 8787 8791 8897
f 8897 8791 8859
f 8787 8897 8829
f 8787 8829 8753
f 8897 8859 8899
f 8899 8859 8861
f 8899 8861 8831
f 8897 8899 8857
f 8857 8899 8831
f 8897 8857 8829
f 8857 8831 8793
f 8829 8857 8790
f 8829 8790 8753
f 8790 8857 8793
f 8753 8790 8565
f 8753 8565 8534
f 8534 8565 8406
f 8406 8565 8314
f 8790 8793 8701
f 8790 8701 8485
f 8701 8793 8655
f 8701 8655 8541
f 8861 8859 8758
f 8831 8861 8796
f 8796 8861 8758
f 8831 8796 8702
f 8831 8702 8793
f 8793 8702 8655
f 8655 8702 8489
f 8702 8796 8657
f 8657 8796 8759
f 8489 8702 8493
f 8657 8759 8611
f 8489 8493 8324
f 8489 8324 8321
f 8493 8702 8495
f 8493 8495 8324
f 8495 8702 8657
f 8324 8495 8282
f 8657 8611 8574
f 8282 8495 8458
f 8458 8495 8657
f 8458 8657 8574
f 8282 8458 8246
f 8574 8611 8420
f 8574 8420 8458
f 8458 8420 8246
f 8246 8420 8244
f 8244 8420 8208
f 8208 8420 8206
f 8796 8758 8759
f 8655 8489 8541
f 8541 8489 8360
f 8360 8489 8205
f 8205 8489 8321
f 8541 8360 8202
f 8541 8202 8356
f 8202 8360 8205
f 8205 8321 8106
f 8205 8106 7932
f 8202 8205 8055
f 8055 8205 7932
f 8202 8055 7807
f 7807 8055 7932
f 8202 7807 7928
f 7807 7932 7699
f 7928 7807 7486
f 7486 7807 7699
f 7928 7486 7602
f 7486 7699 7397
f 7602 7486 7063
f 7063 7486 7397
f 7602 7063 7225
f 7063 7397 7106
f 7225 7063 6564
f 6564 7063 7106
f 6564 7106 6613
f 7225 6564 6746
f 6746 6564 6507
f 6507 6564 5880
f 5880 6564 5933
f 5933 6564 5956
f 5933 5956 5222
f 5933 5222 5138
f 5933 5138 5880
f 5138 5222 290
f 5138 290 327
f 327 290 819
f 327 819 815
f 815 819 1118
f 815 1118 1182
f 327 815 850
f 5138 327 5069
f 5138 5069 5880
f 327 850 353
f 327 353 5069
f 353 850 935
f 5069 353 5016
f 5069 5016 5880
f 5016 353 404
f 5016 404 541
f 5880 5016 5723
f 5723 5016 5663
f 5663 5016 4952
f 5880 5723 6381
f 6381 5723 5663
f 5880 6381 6507
f 6381 5663 6271
f 6381 6271 6783
f 6381 6783 6507
f 6783 6271 6714
f 6783 6714 7101
f 6783 7101 7138
f 6783 7138 7104
f 6507 6783 6854
f 6854 6783 7104
f 6507 6854 6927
f 6927 6854 7104
f 6927 7104 7176
f 8324 8282 8368
f 8324 8368 8281
f 8324 8281 8321
f 8321 8281 8106
f 8282 8246 8427
f 8282 8427 8368
f 8428 8578 8427
f 8427 8578 8545
f 8427 8545 8368
f 8545 8578 8762
f 8545 8762 8706
f 8545 8706 8575
f 8368 8545 8455
f 8455 8545 8575
f 8368 8455 8281
f 8455 8575 8242
f 8455 8242 8281
f 8242 8575 8318
f 8281 8242 8106
f 8106 8242 7932
f 8242 8318 7974
f 7932 8242 7885
f 7885 8242 7974
f 7885 7974 7354
f 7354 7974 7352
f 7354 7352 6716
f 8246 8244 8426
f 8426 8244 8208
f 8426 8208 8424
f 8426 8424 8615
f 8246 8426 8428
f 8428 8426 8615
f 8246 8428 8427
f 8428 8615 8578
f 8868 8617 8901
f 8901 8617 8708
f 8708 8326 8710
f 8708 8710 8901
f 8901 8710 8903
f 8710 8326 8328
f 8903 8710 8664
f 8664 8710 8328
f 8903 8664 8873
f 8328 8326 7770
f 8873 8664 8549
f 8664 8328 8252
f 8664 8252 8549
f 8328 7770 7729
f 8328 7729 8252
f 7729 7770 6899
f 6899 7770 6937
f 7729 6899 7630
f 7729 7630 8252
f 7630 6899 6861
f 8120 8549 8252
f 8120 8252 7630
f 8549 8120 8250
f 7630 6861 7540
f 7630 7540 8120
f 7540 6861 6838
f 8250 8120 7989
f 7989 8120 7540
f 7540 6838 7415
f 7540 7415 7989
f 7415 6838 6755
f 7415 6755 7196
f 7196 6755 6617
f 7415 7196 7864
f 7415 7864 7989
f 7989 7864 8250
f 8250 7864 8462
f 8250 8462 8764
f 8462 7864 8116
f 8541 8356 8485
f 8541 8485 8701
f 8790 8485 8565
f 8565 8485 8314
f 8314 8485 8238
f 8314 8238 8049
f 8238 8485 8083
f 8083 8485 8356
f 8083 8356 8202
f 8083 8202 7928
f 8083 7928 7805
f 8083 7805 8238
f 7805 7928 7602
f 7926 8049 8238
f 7926 8238 7805
f 8049 7926 7803
f 7803 7926 7600
f 7926 7805 7437
f 7926 7437 7600
f 7437 7805 7602
f 7437 7602 7225
f 7600 7437 7346
f 7346 7437 7139
f 7395 7176 7104
f 7139 7437 7225
f 6927 7139 6746
f 6746 7139 7225
f 6927 6746 6507
f 7397 7699 7604
f 7604 7699 7932
f 7106 7397 7354
f 7354 7397 7604
f 7354 7604 7885
f 7885 7604 7932
f 7106 7354 6716
f 7106 6716 6613
f 6613 6716 5956
f 5956 6716 5937
f 5956 5937 5222
f 5937 6716 5935
f 5222 5937 5220
f 5220 5937 5935
f 5222 5220 290
f 6649 6716 7352
f 6649 7352 7349
f 290 5220 246
f 290 246 819
f 246 5220 5284
f 5284 5220 5935
f 246 5284 195
f 246 195 817
f 6649 7349 6610
f 6649 6610 5935
f 7973 7931 7349
f 7349 7931 7270
f 7349 7270 6610
f 7270 7931 7809
f 7270 7809 7178
f 5935 6610 5954
f 5935 5954 5284
f 6610 7270 6609
f 6610 6609 5954
f 7270 7178 6566
f 7270 6566 6609
f 6566 7178 7065
f 6566 7065 6540
f 6609 6566 5980
f 6609 5980 5954
f 6566 6540 6018
f 6566 6018 5980
f 5954 5980 5399
f 5954 5399 5284
f 5980 6018 5471
f 5980 5471 5399
f 5399 5471 4922
f 5284 5399 195
f 195 5399 4922
f 5471 6018 5442
f 6076 6018 6540
f 6018 6076 5442
f 6076 6540 6388
f 6076 6388 5630
f 5442 6076 5533
f 5533 6076 5630
f 5442 5533 47
f 47 5533 5630
f 6323 5673 5630
f 5630 5673 5040
f 5630 5040 4956
f 5630 4956 47
f 47 4956 331
f 468 331 827
f 331 468 47
f 4988 5442 47
f 5442 4988 5180
f 5180 4988 4843
f 5180 4843 172
f 5180 172 4922
f 4922 172 195
f 4988 47 129
f 4988 129 4868
f 4868 129 172
f 129 47 567
f 567 47 668
f 172 129 461
f 461 129 567
f 567 668 1009
f 1009 668 1116
f 461 567 875
f 875 567 1009
f 172 461 729
f 729 461 875
f 1009 1116 1619
f 1619 1116 1326
f 1619 1326 1737
f 1619 1737 1857
f 1857 1737 1914
f 1619 1857 1703
f 1619 1703 1446
f 1619 1446 1009
f 1446 1703 1548
f 1009 1446 1250
f 1250 1446 1548
f 1009 1250 875
f 1250 1548 1322
f 1250 1322 1084
f 1250 1084 875
f 875 1084 729
f 729 1084 913
f 729 913 463
f 729 463 172
f 172 463 195
f 195 463 625
f 625 463 913
f 195 625 817
f 817 625 913
f 817 913 1121
f 7352 7974 7973
f 6564 6613 5956
f 6649 5935 6716
f 7349 7352 7973
f 4922 5471 5180
f 5180 5471 5442
f 6388 6540 6891
f 6891 6540 7065
f 5630 6388 6323
f 6323 6388 6891
f 6323 6891 6789
f 6789 6891 7108
f 6891 7065 7309
f 6891 7309 7108
f 7309 7065 7606
f 7606 7065 7178
f 7606 7178 7809
f 7309 7606 7530
f 7309 7530 7108
f 7108 7530 7284
f 7530 7606 7939
f 7530 7939 8112
f 7530 8112 7758
f 7764 8116 7820
f 7764 7820 7538
f 7538 7820 7037
f 7037 7820 7196
f 7764 7538 7370
f 7764 7370 7502
f 7370 7538 7037
f 7370 7037 6935
f 6935 7037 6615
f 6935 6615 6352
f 6615 7037 6617
f 6617 7037 7196
f 6615 6617 6176
f 6352 6615 6201
f 5636 6201 6176
f 6352 6201 5679
f 5679 6201 5636
f 5679 5636 5024
f 7502 7370 7576
f 7576 7370 6935
f 7502 7576 7762
f 7502 7762 7409
f 7409 7762 7719
f 7409 7719 7712
f 7409 7712 7408
f 7576 6935 7074
f 7074 6935 6352
f 7074 6352 6446
f 7576 7074 7628
f 7628 7074 7077
f 7077 7074 6446
f 7077 6446 6448
f 7628 7077 7578
f 7628 7578 7858
f 7858 7578 7816
f 7077 6448 7039
f 7077 7039 7578
f 7039 6448 6423
f 7816 7578 7626
f 7626 7578 7039
f 7816 7626 7856
f 7039 6423 7073
f 7039 7073 7626
f 7073 6423 6444
f 7856 7626 7766
f 7766 7626 7073
f 7856 7766 8035
f 7073 6444 7147
f 7073 7147 7766
f 7147 6444 6474
f 8035 7766 7818
f 7818 7766 7147
f 8035 7818 8063
f 7147 6474 7192
f 7147 7192 7818
f 7192 6474 6509
f 7818 7192 7145
f 7145 7192 6509
f 7818 7145 7726
f 7145 6509 6472
f 6472 6509 5823
f 7576 7628 7762
f 6617 6755 6205
f 6617 6205 6176
f 6205 6755 6178
f 6178 6755 6838
f 6176 6205 5580
f 6176 5580 5636
f 6205 6178 5535
f 6205 5535 5580
f 6178 6838 6180
f 6180 6838 6861
f 5535 6178 5507
f 5507 6178 6180
f 5636 5580 4960
f 5580 5535 4899
f 5580 4899 4960
f 5636 4960 5024
f 4899 5535 4850
f 4850 5535 5507
f 4960 4899 645
f 4899 4850 646
f 4899 646 645
f 5024 4960 515
f 515 4960 645
f 5024 515 365
f 5024 365 5046
f 5024 5046 5679
f 365 515 1232
f 365 1232 939
f 1232 515 1524
f 1524 515 645
f 5679 5046 5075
f 5075 5046 300
f 5679 5075 5735
f 5679 5735 6352
f 1232 1524 2015
f 1524 645 1295
f 1295 645 646
f 2015 1524 1916
f 2015 1916 2162
f 2162 1916 2191
f 1916 1524 1709
f 1709 1524 1295
f 1916 1709 2029
f 1295 646 1391
f 1295 1391 1709
f 2029 1709 1679
f 1679 1709 1391
f 2029 1679 1866
f 2029 1866 2217
f 1866 1679 1464
f 1464 1679 1391
f 707 1391 646
f 1391 707 1464
f 707 646 4850
f 1464 707 763
f 707 4850 4800
f 707 4800 763
f 4800 4850 5507
f 763 4800 17
f 763 17 53
f 4800 5507 5477
f 4800 5477 17
f 5477 5507 6180
f 53 17 5475
f 5475 17 5477
f 53 5475 5452
f 5477 6180 6207
f 5477 6207 5475
f 6207 6180 6861
f 6207 6861 6899
f 5475 6207 6203
f 5475 6203 5452
f 6203 6207 6899
f 5452 6203 6174
f 6203 6899 6937
f 6615 6176 6201
f 6352 5735 5768
f 6352 5768 6446
f 5768 5735 5075
f 5768 5075 5077
f 5077 5075 337
f 5077 337 386
f 386 337 888
f 386 888 974
f 974 888 1230
f 974 1230 1425
f 300 5046 365
f 300 365 835
f 5075 300 337
f 337 300 835
f 337 835 888
f 888 835 1162
f 888 1162 1230
f 1162 835 1497
f 1497 835 939
f 1230 1162 1460
f 1497 939 1232
f 1230 1460 1562
f 1230 1562 1423
f 1460 1162 1758
f 1758 1162 1497
f 1460 1758 1562
f 1497 1232 1811
f 1811 1232 2015
f 1758 1497 2232
f 2232 1497 1811
f 1562 1758 1836
f 1836 1758 2232
f 1562 1836 1834
f 1834 1836 2282
f 2282 1836 2232
f 1834 2282 2215
f 2215 2282 2772
f 2772 2282 2232
f 2215 2772 2680
f 2680 2772 3030
f 3030 2772 3158
f 3030 3158 3588
f 3030 3588 3480
f 3588 3158 3118
f 3118 3158 2772
f 3588 3118 3527
f 3118 2772 2776
f 2776 2772 2232
f 3118 2776 2933
f 2776 2232 2457
f 2776 2457 2933
f 2457 2232 1811
f 2933 2457 2602
f 2457 1811 2015
f 2457 2015 2602
f 2602 2015 2162
f 835 365 939
f 363 386 974
f 363 974 976
f 386 363 5079
f 386 5079 5077
f 363 976 339
f 339 976 927
f 5079 363 5112
f 5112 363 339
f 5077 5079 5770
f 5077 5770 5768
f 5768 5770 6448
f 5768 6448 6446
f 6448 5770 6423
f 5770 5079 5766
f 5770 5766 6423
f 5766 5079 5112
f 6423 5766 6444
f 6444 5766 5791
f 5791 5766 5112
f 6444 5791 6474
f 5791 5112 5148
f 5148 5112 339
f 6474 5791 5824
f 5824 5791 5148
f 6474 5824 6509
f 6509 5824 5823
f 5824 5148 5147
f 5824 5147 5823
f 5148 339 259
f 5148 259 5147
f 259 339 927
f 259 927 859
f 259 859 257
f 259 257 5147
f 257 859 857
f 5145 5823 5147
f 5145 5147 257
f 5823 5145 5821
f 5821 5145 5143
f 5145 257 298
f 298 257 857
f 298 857 886
f 974 1425 976
f 976 1425 1462
f 1462 1425 1589
f 1462 1589 1623
f 1462 1623 1338
f 1623 1589 1587
f 1587 1589 1558
f 1338 1623 1560
f 1560 1623 1587
f 1338 1560 1259
f 1560 1587 1512
f 1512 1587 1491
f 1512 1491 1458
f 1512 1458 1560
f 1259 1560 1493
f 1493 1560 1458
f 1259 1493 1293
f 1493 1458 1518
f 1493 1518 1293
f 1293 1518 1291
f 1518 1458 1487
f 1291 1518 1516
f 1516 1518 1487
f 1516 1487 1485
f 1425 1230 1589
f 1589 1230 1423
f 1589 1423 1285
f 1589 1285 1558
f 1558 1285 1510
f 1510 1285 1257
f 976 1462 927
f 927 1462 1338
f 927 1338 859
f 859 1338 1259
f 859 1259 857
f 857 1259 1293
f 7628 7858 7762
f 7762 7858 7850
f 7850 7858 7816
f 7850 7816 7814
f 7850 7814 7712
f 7814 7816 7856
f 7712 7814 7711
f 7711 7814 7892
f 7892 7814 7856
f 7711 7892 7756
f 7892 7856 8033
f 8033 7856 8035
f 8033 8035 8063
f 7818 7726 8063
f 8063 7726 7985
f 8033 8063 8057
f 8057 8063 7985
f 8033 8057 7890
f 8057 7985 7942
f 7890 8057 7979
f 7979 8057 7942
f 7762 7850 7719
f 7719 7850 7712
f 7408 7712 7711
f 7408 7711 7407
f 7407 7711 7571
f 7571 7711 7756
f 7571 7756 7890
f 7571 7890 7619
f 7619 7890 7614
f 7614 7890 7979
f 7614 7979 7942
f 7614 7942 7618
f 7409 7408 7314
f 7314 7408 7361
f 7361 7408 7445
f 7284 7361 7498
f 7498 7361 7615
f 7284 7498 7108
f 7108 7498 7282
f 7108 7282 6857
f 7361 7445 7615
f 7615 7445 7662
f 7662 7445 7571
f 7662 7571 7753
f 7753 7571 7619
f 7753 7619 7888
f 7888 7619 7566
f 7888 7566 7841
f 7498 7615 7608
f 7498 7608 7528
f 7528 7608 7278
f 7498 7528 7282
f 7528 7278 7279
f 7528 7279 7282
f 7282 7279 6857
f 6857 7279 6855
f 6857 6855 6350
f 6857 6350 6789
f 6857 6789 7108
f 6789 6350 6323
f 6323 6350 5670
f 7608 7615 7662
f 7608 7662 7611
f 7608 7611 7278
f 7611 7662 7753
f 7611 7753 7708
f 7708 7753 7888
f 7708 7888 7842
f 7842 7888 7841
f 7842 7841 7839
f 7839 7841 7751
f 7751 7841 7703
f 6855 7279 7278
f 6855 7278 6834
f 6834 7278 7307
f 6834 7307 6832
f 6855 6834 6321
f 6855 6321 6350
f 6350 6321 5670
f 6834 6832 6275
f 6834 6275 6321
f 6275 6832 6273
f 5670 6321 5667
f 5667 6321 6275
f 5670 5667 5021
f 6275 6273 5669
f 6275 5669 5667
f 5021 5667 5020
f 5020 5667 5669
f 5021 5020 329
f 329 5020 292
f 292 5020 5038
f 5038 5020 5669
f 292 5038 219
f 5699 5669 6273
f 5669 5699 5038
f 219 5038 5106
f 5106 5038 5699
f 219 5106 176
f 5699 6273 6346
f 6346 6273 6932
f 5106 5699 5725
f 5725 5699 6346
f 176 5106 5137
f 5137 5106 5725
f 176 5137 174
f 5725 6346 6417
f 6417 6346 7002
f 6417 7002 6965
f 6417 6965 6384
f 5725 6417 5758
f 5758 6417 6384
f 5725 5758 5137
f 5758 6384 5760
f 5133 174 5137
f 5133 5137 5758
f 5133 5758 5760
f 174 5133 169
f 5133 5760 5135
f 5133 5135 169
f 169 5135 127
f 6323 5670 5673
f 5673 5670 5021
f 5673 5021 5040
f 5040 5021 251
f 251 5021 329
f 251 329 821
f 251 821 753
f 753 821 1187
f 753 1187 1062
f 1062 1187 1454
f 4956 5040 331
f 331 5040 251
f 331 251 753
f 331 753 827
f 827 753 1154
f 821 329 292
f 821 292 788
f 821 788 1187
f 788 292 731
f 731 292 219
f 1187 788 1152
f 1152 788 731
f 1187 1152 1454
f 731 219 176
f 1454 1152 1452
f 1452 1152 1086
f 1086 1152 731
f 1452 1086 1417
f 731 176 672
f 731 672 1086
f 1417 1086 1031
f 1031 1086 672
f 1417 1031 1334
f 1334 1031 1331
f 672 176 627
f 672 627 1031
f 627 176 174
f 1331 1031 1029
f 1029 1031 627
f 1331 1029 1329
f 1329 1029 1252
f 1252 1029 1060
f 1060 1029 670
f 670 1029 627
f 670 627 174
f 670 174 169
f 670 169 127
f 5135 5760 5727
f 5135 5727 5178
f 5135 5178 127
f 5727 5760 6348
f 6348 5760 6384
f 6348 6384 6965
f 6348 6965 6830
f 6830 6965 7403
f 6830 7403 7184
f 7403 6965 7002
f 7403 7002 7496
f 7403 7496 7703
f 7703 7496 7751
f 670 127 592
f 592 127 466
f 670 592 1011
f 670 1011 1060
f 1060 1011 1217
f 1060 1217 1252
f 1252 1217 1329
f 1329 1217 1282
f 1011 592 466
f 127 5178 43
f 127 43 466
f 5178 5727 5762
f 5178 5762 5176
f 5762 5727 6386
f 6386 5727 6348
f 43 5178 5176
f 43 5176 75
f 43 75 501
f 43 501 466
f 466 501 880
f 466 880 851
f 851 880 1013
f 1013 880 1124
f 1013 1124 1090
f 1013 1090 1088
f 1088 1090 1126
f 1088 1126 1156
f 501 75 406
f 501 406 880
f 406 75 11
f 11 75 5218
f 5218 75 5176
f 880 406 751
f 880 751 1124
f 1124 751 1015
f 1124 1015 1092
f 1124 1092 1226
f 466 851 1011
f 1011 851 1013
f 1011 1013 1217
f 406 11 178
f 406 178 751
f 178 11 4924
f 751 178 571
f 751 571 1015
f 1015 571 882
f 4924 11 5224
f 5224 11 5218
f 5224 5218 5729
f 5224 5729 5505
f 5218 5176 5729
f 5729 5176 5762
f 5729 5762 6319
f 6319 5762 6386
f 6319 6386 6787
f 6787 6386 6889
f 6787 6889 7141
f 7141 6889 7275
f 7141 7275 7405
f 178 4924 4798
f 4798 4924 5224
f 178 4798 221
f 178 221 571
f 4798 5224 5141
f 5505 5470 5224
f 5224 5470 5141
f 5141 5470 5419
f 4798 5141 131
f 4798 131 221
f 5141 5419 4986
f 5141 4986 131
f 4986 5419 5354
f 4986 5354 4841
f 4986 4841 131
f 4841 5354 73
f 131 4841 380
f 380 4841 73
f 380 73 590
f 590 73 165
f 590 165 622
f 622 165 167
f 622 167 565
f 565 167 41
f 565 41 441
f 441 41 243
f 441 243 464
f 464 243 408
f 408 243 171
f 171 243 4972
f 4972 243 5067
f 4972 5067 5356
f 4972 5356 4954
f 4972 4954 171
f 4954 5356 5326
f 4954 5326 5249
f 171 4954 77
f 4954 5249 4751
f 4954 4751 77
f 4751 5249 245
f 77 4751 133
f 133 4751 245
f 245 5249 5102
f 245 5102 5065
f 133 245 410
f 245 5065 288
f 410 245 470
f 288 5065 5104
f 288 5104 249
f 249 5104 5251
f 410 470 823
f 410 823 674
f 249 5251 135
f 135 5251 5042
f 249 135 357
f 135 5042 49
f 135 49 294
f 135 294 357
f 49 5042 4958
f 49 4958 294
f 4958 5042 5328
f 4958 5328 4844
f 4958 4844 180
f 4958 180 294
f 180 4844 223
f 180 223 445
f 180 445 447
f 180 447 294
f 447 445 921
f 294 447 543
f 294 543 357
f 357 543 509
f 357 509 507
f 357 507 355
f 355 507 382
f 543 447 853
f 853 447 921
f 543 853 919
f 853 921 1228
f 1228 921 1387
f 1228 1387 1495
f 1228 1495 1621
f 853 1228 1287
f 1287 1228 1621
f 853 1287 919
f 1287 1621 1707
f 919 1287 1419
f 1419 1287 1707
f 919 1419 966
f 1419 1707 1705
f 966 1419 1379
f 1379 1419 1705
f 966 1379 937
f 937 1379 1283
f 1283 1379 1705
f 937 1283 823
f 823 1283 1185
f 823 1185 674
f 1283 1705 1655
f 1283 1655 1185
f 1655 1705 1863
f 1863 1705 1837
f 1655 1863 1807
f 1655 1807 1657
f 1185 1655 1556
f 1185 1556 1219
f 964 674 1185
f 964 1185 1219
f 964 1219 829
f 674 964 503
f 964 829 701
f 964 701 503
f 701 829 472
f 701 472 505
f 701 505 408
f 701 408 503
f 503 408 171
f 503 171 77
f 503 77 133
f 384 221 131
f 384 131 596
f 596 131 380
f 596 380 790
f 596 790 825
f 825 790 1035
f 596 825 755
f 755 825 1035
f 596 755 384
f 755 1035 968
f 629 221 384
f 629 384 755
f 629 755 968
f 221 629 571
f 629 968 915
f 629 915 571
f 571 915 882
f 380 590 790
f 790 590 749
f 749 590 622
f 749 622 699
f 699 622 565
f 790 749 703
f 699 565 594
f 594 565 441
f 594 441 464
f 594 464 505
f 505 464 408
f 594 505 472
f 594 472 699
f 631 749 699
f 631 699 472
f 749 631 703
f 631 472 474
f 703 631 449
f 449 631 474
f 474 472 854
f 854 472 829
f 449 474 333
f 333 474 678
f 449 333 451
f 451 333 137
f 451 137 359
f 451 359 633
f 703 449 633
f 633 359 573
f 703 633 917
f 917 633 573
f 703 917 790
f 790 917 1035
f 917 573 759
f 917 759 1035
f 759 573 335
f 1035 759 925
f 759 335 513
f 759 513 925
f 513 335 55
f 1035 925 968
f 513 55 511
f 513 511 925
f 511 55 139
f 968 925 970
f 970 925 511
f 968 970 915
f 511 139 598
f 511 598 970
f 598 139 197
f 915 970 923
f 923 970 598
f 915 923 882
f 923 598 635
f 882 923 884
f 884 923 635
f 884 635 636
f 73 5354 5282
f 73 5282 5174
f 73 5174 165
f 5282 5354 5841
f 165 5174 5100
f 165 5100 167
f 5174 5282 5756
f 5756 5282 5841
f 167 5100 41
f 41 5100 5067
f 41 5067 243
f 5100 5174 5665
f 5665 5174 5756
f 5067 5100 5570
f 5570 5100 5665
f 5067 5570 5356
f 5665 5756 6215
f 5665 6215 5570
f 6215 5756 6382
f 6382 5756 5841
f 5356 5570 5816
f 6382 5841 6434
f 6382 6434 6929
f 6929 6434 7035
f 7035 6434 6436
f 6434 5841 5877
f 6434 5877 6436
f 5877 5841 5354
f 6436 5877 5879
f 5877 5354 5419
f 5877 5419 5879
f 5879 5419 5470
f 5879 5470 5883
f 5883 5470 5505
f 5883 5505 5851
f 6217 5816 5570
f 6217 5570 6133
f 6133 5570 6215
f 6217 6133 6748
f 6217 6748 6887
f 6748 6133 6679
f 6679 6133 6215
f 6217 6887 6344
f 6679 6215 6717
f 6344 6887 7061
f 6679 6717 7356
f 6679 7356 7182
f 7182 7356 7706
f 7706 7356 7977
f 7977 7356 7491
f 7491 7356 6717
f 7491 6717 7231
f 6344 7061 6468
f 6468 7061 7305
f 6344 6468 5815
f 6344 5815 5816
f 5816 5815 5356
f 5356 5815 5326
f 5326 5815 5849
f 5849 5815 6468
f 5326 5849 5249
f 6468 7305 6538
f 6468 6538 5849
f 6538 7305 7439
f 5249 5849 5845
f 5845 5849 6538
f 5249 5845 5102
f 6538 7439 6605
f 6538 6605 5845
f 6605 7439 6562
f 6562 7439 7348
f 5845 6605 5843
f 5845 5843 5102
f 5843 6605 6562
f 5102 5843 5065
f 6562 7348 7180
f 5065 5843 5847
f 5847 5843 6562
f 5065 5847 5104
f 6562 7180 6470
f 6562 6470 5847
f 6470 7180 6931
f 5104 5847 5885
f 5885 5847 6470
f 5104 5885 5251
f 5885 6470 6219
f 6750 6219 6931
f 6219 6750 6170
f 6219 6170 5731
f 5885 6219 5819
f 5885 5819 5251
f 5819 6219 5731
f 5251 5819 5444
f 5444 5819 5731
f 5444 5731 5328
f 5444 5328 5042
f 6382 6929 6717
f 6382 6717 6215
f 6929 7035 7231
f 6929 7231 6717
f 7231 7035 7492
f 7492 7035 6963
f 7231 7492 7812
f 7492 6963 7494
f 7812 7492 7660
f 7660 7492 7494
f 7812 7660 7718
f 7718 7660 7722
f 7660 7494 7610
f 7660 7610 7722
f 7610 7494 7274
f 7504 7364 7722
f 7504 7722 7760
f 7760 7722 7610
f 7610 7274 7500
f 7610 7500 7760
f 7500 7274 7067
f 7760 7500 7574
f 7500 7067 7312
f 7500 7312 7574
f 7312 7067 7004
f 7574 7312 7450
f 7312 7004 7186
f 7312 7186 7450
f 7450 7186 7365
f 7035 6436 6963
f 6963 6436 6317
f 6317 6436 5879
f 6317 5879 5883
f 6963 6317 6785
f 6963 6785 7494
f 7494 6785 7274
f 7274 6785 7067
f 6785 6317 6220
f 6220 6317 5883
f 6220 5883 6172
f 6172 5883 5851
f 6785 6220 6653
f 6653 6220 6172
f 6785 6653 7067
f 6653 6172 6542
f 6653 6542 7067
f 7067 6542 7004
f 5505 5729 5851
f 5851 5729 6172
f 6172 5729 6319
f 6172 6319 6787
f 6172 6787 6542
f 6542 6787 7141
f 6542 7141 7004
f 6889 6386 6348
f 6889 6348 6830
f 6889 6830 7275
f 7275 6830 7184
f 7275 7184 7564
f 7564 7184 7443
f 7564 7443 7568
f 7141 7405 7004
f 7004 7405 7186
f 7186 7405 7570
f 7186 7570 7670
f 7186 7670 7365
f 7275 7564 7405
f 7405 7564 7570
f 7570 7564 7755
f 7570 7755 7670
f 7755 7564 7618
f 7618 7564 7568
f 7755 7618 7666
f 7618 7568 7614
f 7614 7568 7566
f 7614 7566 7619
f 7566 7568 7443
f 7755 7666 7853
f 7755 7853 7670
f 7853 7666 7724
f 7670 7853 7506
f 7506 7853 7624
f 7184 7403 7703
f 7184 7703 7443
f 7443 7703 7841
f 7443 7841 7566
f 7751 7496 7441
f 7751 7441 7839
f 7441 7496 7002
f 7839 7441 7842
f 7441 7002 6932
f 6932 7002 6346
f 7842 7441 7307
f 7441 6932 6832
f 7441 6832 7307
f 6832 6932 6273
f 7842 7307 7708
f 7708 7307 7278
f 7708 7278 7611
f 7890 7756 8033
f 8033 7756 7892
f 6472 5823 5821
f 6472 5821 6421
f 6472 6421 7145
f 6421 5821 5787
f 7145 6421 7010
f 7145 7010 7726
f 7726 7010 7508
f 5787 5821 5186
f 5186 5821 5143
f 5186 5143 255
f 5145 298 255
f 5145 255 5143
f 255 298 886
f 255 886 831
f 831 886 1291
f 1291 886 1293
f 831 1291 1192
f 1192 1291 1516
f 1192 1516 1421
f 886 857 1293
f 255 831 705
f 705 831 1192
f 255 705 182
f 255 182 5186
f 1487 1458 1385
f 1385 1458 1491
f 1487 1385 1375
f 1487 1375 1485
f 1485 1375 1373
f 1491 1587 1510
f 1510 1587 1558
f 1491 1510 1222
f 1222 1510 1257
f 1491 1222 1220
f 1491 1220 1385
f 1385 1220 1156
f 1385 1156 1375
f 1375 1156 1126
f 1375 1126 1373
f 1485 1373 1380
f 1485 1380 1421
f 1485 1421 1516
f 1421 1380 1158
f 1421 1158 1037
f 1158 1380 1128
f 1128 1380 1373
f 1128 1373 1126
f 1421 1037 1192
f 1192 1037 705
f 705 1037 735
f 735 1037 1064
f 1064 1037 1226
f 1226 1037 1191
f 1226 1191 1124
f 1124 1191 1128
f 1124 1128 1090
f 1090 1128 1126
f 1064 1226 972
f 972 1226 1092
f 1064 972 735
f 735 972 639
f 735 639 140
f 735 140 199
f 199 140 5184
f 199 5184 5188
f 972 1092 884
f 972 884 636
f 972 636 639
f 639 636 296
f 639 296 140
f 140 296 5184
f 5184 296 5044
f 5184 5044 5785
f 5785 5044 5701
f 5785 5701 6419
f 6419 5701 6390
f 884 1092 1015
f 1015 882 884
f 735 199 705
f 705 199 182
f 182 199 5188
f 182 5188 5186
f 5186 5188 5789
f 5186 5789 5787
f 5787 5789 6421
f 6421 5789 6442
f 5789 5188 5184
f 5789 5184 5785
f 5789 5785 6442
f 6442 5785 6419
f 6442 6419 7008
f 6442 7008 7071
f 7726 7508 7724
f 7508 7010 7624
f 7508 7624 7724
f 7724 7624 7853
f 7624 7010 7071
f 7071 7010 6421
f 7071 6421 6442
f 7624 7071 7008
f 7624 7008 7506
f 7726 7724 7985
f 7985 7724 7666
f 7985 7666 7942
f 7942 7666 7618
f 7670 7506 7365
f 7365 7506 7006
f 7006 7506 7008
f 7365 7006 7069
f 7069 7006 6390
f 7365 7069 7450
f 7069 6390 6440
f 7450 7069 7190
f 7190 7069 6440
f 7450 7190 7574
f 7190 6440 6570
f 7574 7190 7368
f 7368 7190 6570
f 7574 7368 7760
f 7368 6570 6719
f 7760 7368 7504
f 7504 7368 6719
f 7504 6719 6859
f 7504 6859 6893
f 7504 6893 7364
f 7364 6893 6791
f 7006 7008 6390
f 6390 7008 6419
f 6390 5701 6440
f 6440 5701 5733
f 6440 5733 6570
f 5733 5701 5044
f 6570 5733 6080
f 6570 6080 6719
f 5733 5044 5071
f 5071 5044 296
f 5071 296 253
f 5733 5071 5675
f 5733 5675 6080
f 5071 253 5108
f 5071 5108 5675
f 5108 253 197
f 6199 6719 6080
f 6199 6080 5675
f 6719 6199 6859
f 6859 6199 6278
f 6859 6278 6893
f 6893 6278 6277
f 6893 6277 6791
f 6278 6199 5764
f 5764 6199 5675
f 5764 5675 5108
f 5764 5108 5226
f 5226 5108 197
f 5764 5226 5910
f 5226 197 139
f 5226 139 5358
f 5358 139 55
f 5358 55 5473
f 5473 55 4895
f 4895 55 335
f 5473 4895 5575
f 5575 4895 5073
f 5575 5073 5677
f 5677 5073 5255
f 5677 5255 5633
f 5633 5255 5253
f 4893 4846 5253
f 137 361 4846
f 4846 361 184
f 4846 184 5253
f 184 361 761
f 184 761 412
f 412 761 1066
f 5253 184 5110
f 412 1066 575
f 575 1066 1261
f 184 412 4990
f 184 4990 5110
f 412 575 4897
f 412 4897 4990
f 575 1261 641
f 641 1261 1340
f 4897 575 4848
f 4848 575 641
f 4897 4848 5578
f 4848 641 19
f 4848 19 5578
f 641 1340 643
f 641 643 19
f 643 1340 1263
f 19 643 100
f 643 1263 600
f 643 600 100
f 600 1263 1068
f 600 1068 837
f 600 837 100
f 19 100 5401
f 19 5401 5425
f 19 5425 5578
f 5425 5401 6146
f 5425 6146 5578
f 6146 5401 5982
f 5982 5401 6082
f 5982 6082 6721
f 6146 5982 6754
f 6754 5982 6655
f 6146 6754 6939
f 6146 6939 6244
f 6146 6244 5578
f 6244 6939 7079
f 5578 6244 5574
f 5578 5574 4897
f 4897 5574 4990
f 6244 7079 6282
f 6244 6282 5574
f 6282 7079 7110
f 4990 5574 5595
f 5595 5574 6282
f 4990 5595 5110
f 6282 7110 6280
f 6282 6280 5595
f 6280 7110 7041
f 5110 5595 5632
f 5632 5595 6280
f 5110 5632 5253
f 5253 5632 5633
f 5632 6280 6223
f 6223 6280 7041
f 5632 6223 5633
f 6223 7041 6895
f 5633 6223 6142
f 6142 6223 6895
f 6142 6895 6683
f 6142 6683 6568
f 253 296 636
f 253 636 635
f 253 635 197
f 197 635 598
f 7718 7722 7364
f 7718 7364 7534
f 7718 7534 8159
f 8159 7534 7981
f 7981 7534 7411
f 7981 7411 7664
f 7449 7716 7664
f 7449 7664 7188
f 7188 7664 7411
f 7188 7411 6967
f 6967 7411 6791
f 6967 6791 6568
f 6967 6568 6683
f 6967 6683 7143
f 7143 6683 6895
f 7143 6895 7453
f 7453 6895 7768
f 7768 6895 7041
f 7768 7041 7947
f 7947 7041 7110
f 7947 7110 7895
f 7895 7110 7079
f 7895 7079 7675
f 7895 7675 8118
f 7675 7079 6939
f 7675 6939 6754
f 7675 6754 7316
f 7316 6754 7194
f 7194 6754 6655
f 7675 7316 7455
f 7455 7316 7194
f 7675 7455 7862
f 7455 7194 7413
f 7455 7413 7622
f 7455 7622 7855
f 7622 7413 7532
f 7855 7622 7849
f 7622 7532 7668
f 7622 7668 7849
f 7534 7364 6791
f 7534 6791 7411
f 7812 7718 8159
f 7812 8159 8110
f 8110 8159 7981
f 8110 7981 7977
f 8110 7977 7491
f 7977 7981 7664
f 7977 7664 7706
f 7706 7664 7716
f 7706 7716 7657
f 7657 7716 7710
f 7710 7716 7945
f 7657 7710 7655
f 7657 7655 7229
f 7710 7945 8161
f 7229 7655 7399
f 8161 7945 7768
f 8161 7768 7947
f 8161 7947 7895
f 8161 7895 8118
f 7710 8161 7847
f 7710 7847 7655
f 7847 8161 8118
f 7655 7847 7656
f 7655 7656 7399
f 7847 8118 7983
f 7847 7983 7656
f 7983 8118 7862
f 7862 8118 7675
f 7983 7862 7855
f 7855 7862 7455
f 7656 7983 7845
f 7845 7983 7855
f 7700 7399 7656
f 7700 7656 7845
f 7399 7700 7061
f 7399 7061 6887
f 7061 7700 7305
f 7845 7855 7941
f 7305 7700 7937
f 7937 7700 7845
f 7305 7937 7439
f 7937 7845 7886
f 7937 7886 7439
f 7886 7845 7941
f 7439 7886 7348
f 7849 7941 7855
f 7941 7849 7886
f 7348 7886 7702
f 7702 7886 7849
f 7348 7702 7180
f 7702 7849 7526
f 7702 7526 7180
f 7526 7849 7668
f 7180 7526 6931
f 7526 7668 7532
f 6931 7526 7359
f 7359 7526 7532
f 7812 8110 7231
f 7231 8110 7491
f 7182 7706 7657
f 7182 7657 7229
f 7182 7229 6748
f 7182 6748 6679
f 6748 7229 6887
f 6887 7229 7399
f 6217 6344 5816
f 7945 7716 7449
f 7945 7449 7768
f 7449 7188 7453
f 7449 7453 7768
f 7453 7188 7143
f 7143 7188 6967
f 6438 6568 6791
f 6438 6791 6277
f 6568 6438 6140
f 6568 6140 6142
f 6142 6140 5633
f 5633 6140 5677
f 5677 6140 5575
f 5575 6140 6144
f 6144 6140 6438
f 5575 6144 5473
f 6144 6438 6056
f 6144 6056 5473
f 6056 6438 6277
f 5473 6056 5358
f 6056 6277 5910
f 6056 5910 5358
f 5358 5910 5226
f 5910 6277 6278
f 5910 6278 5764
f 4895 335 5073
f 5255 5073 51
f 5255 51 4893
f 5255 4893 5253
f 4893 51 359
f 4893 359 137
f 359 51 573
f 573 51 335
f 51 5073 335
f 503 133 674
f 674 133 410
f 823 470 937
f 937 470 507
f 937 507 966
f 966 507 509
f 966 509 919
f 919 509 543
f 1556 1655 1657
f 1556 1657 1219
f 1219 1657 1289
f 1219 1289 829
f 829 1289 854
f 854 1289 1160
f 854 1160 678
f 1289 1657 1593
f 1289 1593 1160
f 1160 1593 1066
f 1160 1066 761
f 1066 1593 1261
f 1593 1657 1760
f 1593 1760 1261
f 1261 1760 1340
f 1760 1657 1807
f 1340 1760 1809
f 1809 1760 1807
f 1809 1807 1863
f 1809 1863 1739
f 1739 1863 1837
f 1739 1837 1564
f 1564 1837 1677
f 1677 1837 1707
f 1707 1837 1705
f 1677 1707 1621
f 1677 1621 1495
f 854 678 474
f 633 449 451
f 333 678 361
f 333 361 137
f 361 678 761
f 761 678 1160
f 4893 137 4846
f 6219 6470 6931
f 7860 7532 7413
f 7860 7413 7580
f 7532 7860 8061
f 7860 7580 7673
f 7673 7580 7194
f 8061 7860 8284
f 7860 7673 7987
f 7860 7987 8284
f 7987 7673 7991
f 7991 7673 7677
f 7987 7991 8210
f 7987 8210 8284
f 8284 8210 8373
f 8061 8284 8547
f 8547 8284 8373
f 8547 8373 8581
f 8061 8547 8430
f 8430 8547 8905
f 7580 7413 7194
f 7532 8061 7359
f 7359 8061 8430
f 7194 6655 6721
f 6721 6655 5982
f 7194 6721 7286
f 7194 7286 7673
f 7673 7286 7677
f 7677 7286 7318
f 7318 7286 6721
f 7318 6721 6793
f 7318 6793 7233
f 6793 6721 6082
f 6793 6082 6182
f 6793 6182 6840
f 6840 6182 6246
f 6246 6182 5703
f 6246 5703 5772
f 6182 6082 5597
f 6182 5597 5703
f 5597 6082 5401
f 5703 5597 5302
f 5302 5597 5401
f 1340 1809 1263
f 1263 1809 1739
f 1263 1739 1068
f 1068 1739 1564
f 1068 1564 1389
f 1068 1389 837
f 1389 1564 1521
f 1521 1564 1677
f 1521 1677 1495
f 1520 1521 1495
f 1521 1520 1389
f 1520 1495 1387
f 1520 1387 1937
f 1389 1520 1782
f 1782 1520 1937
f 1389 1782 1597
f 1389 1597 1017
f 1389 1017 837
f 1597 1782 1939
f 1017 1597 1713
f 1713 1597 1939
f 1017 1713 1094
f 1094 1713 1136
f 1713 1939 1784
f 1939 1782 1937
f 1784 1939 2017
f 1784 2017 1764
f 1764 2017 2033
f 1939 1937 2027
f 1939 2027 2017
f 2027 1937 2255
f 2017 2027 2096
f 2096 2027 2255
f 2017 2096 2033
f 2033 2096 1969
f 2033 1969 1627
f 1969 2096 2098
f 2096 2255 2357
f 2096 2357 2098
f 2357 2255 2597
f 2597 2255 2512
f 2597 2512 2749
f 2597 2749 2718
f 2597 2718 2668
f 2668 2718 2682
f 2357 2597 2421
f 2421 2597 2668
f 2357 2421 2098
f 2421 2668 2519
f 2421 2519 2098
f 2098 2519 2219
f 837 1017 102
f 837 102 100
f 102 1017 201
f 102 201 5257
f 102 5257 5302
f 5302 5257 5703
f 100 102 5302
f 100 5302 5401
f 1017 1094 261
f 1017 261 201
f 201 261 5192
f 201 5192 5257
f 5257 5192 5772
f 5257 5772 5703
f 5772 5192 5793
f 5793 5192 5151
f 5151 5192 261
f 5793 5151 5797
f 5151 261 302
f 302 261 1094
f 5797 5151 5199
f 5199 5151 302
f 5797 5199 5795
f 302 1094 1136
f 302 1136 1070
f 1070 1136 1784
f 1070 1784 1764
f 1070 1764 1627
f 1070 1627 890
f 5199 302 265
f 265 302 1070
f 5199 265 5197
f 5199 5197 5795
f 265 1070 203
f 265 203 5197
f 203 1070 890
f 5795 5197 5737
f 5795 5737 6356
f 5197 203 5194
f 5197 5194 5737
f 203 890 57
f 203 57 5194
f 57 890 602
f 5737 5194 5887
f 5737 5887 6356
f 57 602 517
f 5887 5194 5372
f 57 517 4870
f 6356 5887 5958
f 5958 5887 5372
f 6356 5958 6572
f 941 517 1297
f 517 941 388
f 517 388 4755
f 517 4755 4870
f 4755 388 4852
f 4870 4755 5190
f 5190 4755 4852
f 4870 5190 5372
f 5190 4852 5259
f 5454 5958 5372
f 5454 5372 5190
f 5190 5259 5537
f 5190 5537 5454
f 5537 5259 5582
f 5537 5582 6020
f 5454 5537 6058
f 5454 6058 5958
f 6058 5537 6020
f 5958 6058 6572
f 6572 6058 6795
f 6795 6058 6969
f 6058 6020 6358
f 6058 6358 6969
f 6358 6020 6396
f 6358 6396 6969
f 6246 5772 6354
f 6354 5772 5793
f 6246 6354 6941
f 6246 6941 6840
f 6840 6941 7233
f 6840 7233 6793
f 7233 6941 7457
f 7233 7457 7318
f 7318 7457 7677
f 7457 6941 7012
f 7012 6941 6354
f 7677 7457 7632
f 7632 7457 7012
f 7677 7632 7991
f 7991 7632 8210
f 6394 6354 5793
f 6354 6394 7012
f 6394 5793 5797
f 7632 7012 7043
f 7043 7012 6394
f 8210 7632 7772
f 7772 7632 7043
f 8210 7772 8373
f 6394 5797 6392
f 6394 6392 7043
f 6392 5797 5795
f 6392 5795 6356
f 6392 6356 7081
f 6392 7081 7043
f 7043 7081 7772
f 7772 7081 7866
f 7772 7866 8373
f 8373 7866 8581
f 8581 7866 8037
f 8037 7866 7320
f 8581 8037 8712
f 8581 8712 8905
f 8581 8905 8547
f 8905 8712 9120
f 9120 8712 9153
f 7866 7081 7320
f 7320 7081 6356
f 8037 7320 8330
f 8330 7320 7679
f 8037 8330 8712
f 8712 8330 8499
f 8499 8330 7679
f 8499 7679 7897
f 7897 7679 6969
f 6969 7679 6795
f 6795 7679 6572
f 6572 7679 7320
f 8905 9120 9011
f 9011 9120 9249
f 9249 9120 9153
f 9249 9153 9248
f 9011 9249 8932
f 9249 9248 9116
f 9249 9116 8932
f 8932 9116 8827
f 8932 8827 8311
f 8311 8827 8404
f 8905 9011 8430
f 9153 8712 8876
f 8876 8712 8499
f 9153 8876 9217
f 8876 8499 8619
f 9153 9217 9248
f 8619 8499 7949
f 9248 9217 9303
f 7949 8499 7897
f 7949 7897 6969
f 7949 6969 7014
f 9248 9303 9116
f 9116 9303 9180
f 9116 9180 8827
f 8827 9180 8930
f 8827 8930 8404
f 8404 8930 8563
f 8404 8563 8019
f 8019 8563 8141
f 8019 8141 7596
f 8019 7596 7482
f 7482 7596 6925
f 7482 6925 6883
f 6883 6925 6313
f 8876 8619 9013
f 8876 9013 9217
f 9013 8619 8666
f 8666 8619 7949
f 9252 9217 9013
f 9252 9013 9041
f 9041 9013 8666
f 9252 9041 9278
f 8666 7949 7951
f 7951 7949 7014
f 7951 7014 7016
f 9041 8666 8714
f 9041 8714 9101
f 8666 7951 7900
f 7900 7951 7016
f 8666 7900 8714
f 9101 8714 9122
f 9122 8714 8716
f 8716 8714 7899
f 7899 8714 7900
f 7900 7016 7083
f 7900 7083 7899
f 7083 7016 6863
f 7899 7083 7237
f 7237 7083 7114
f 9303 9217 9252
f 9303 9252 9329
f 9303 9329 9180
f 9329 9252 9278
f 9180 9329 9178
f 9180 9178 8964
f 9180 8964 8930
f 9178 9329 9346
f 9346 9329 9278
f 8964 9178 9245
f 9245 9178 9346
f 9245 9346 9348
f 9348 9346 9305
f 9305 9346 9278
f 9245 9348 9244
f 9305 9278 9122
f 9122 9278 9101
f 9101 9278 9041
f 9245 9244 9035
f 9245 9035 8964
f 9035 9244 9037
f 8964 9035 8928
f 8964 8928 8601
f 9035 9037 8960
f 9035 8960 8928
f 8960 9037 8984
f 8601 8928 8561
f 8960 8984 8962
f 8601 8561 8137
f 8960 8962 8893
f 8137 8561 8352
f 8352 8561 8928
f 8352 8928 8960
f 8137 8352 7520
f 8960 8893 8823
f 8823 8893 8784
f 8352 8960 8350
f 8350 8960 8823
f 8352 8350 7520
f 8823 8784 8695
f 8823 8695 8350
f 8695 8784 8748
f 7520 8350 7797
f 7520 7797 7264
f 8350 8695 8266
f 8350 8266 7797
f 8695 8748 8600
f 8695 8600 8266
f 8600 8748 8785
f 7797 8266 7795
f 7797 7795 7264
f 8266 8600 8196
f 8266 8196 7795
f 8600 8785 8696
f 8600 8696 8196
f 8696 8785 8894
f 7264 7795 7302
f 7264 7302 6921
f 7795 8196 7698
f 7795 7698 7302
f 7698 8196 7796
f 8196 8696 8267
f 8196 8267 7796
f 8267 8696 8824
f 8824 8696 8894
f 8267 8824 8351
f 8267 8351 7796
f 8824 8894 8961
f 8824 8961 8351
f 8961 8894 8963
f 8961 8963 8985
f 8961 8985 9036
f 9036 8985 9038
f 8351 8961 8353
f 7798 7796 8351
f 7798 8351 8353
f 7796 7798 7303
f 7221 7698 7796
f 7221 7796 7303
f 7698 7221 7302
f 7302 7221 6994
f 7302 6994 6921
f 7221 7303 6923
f 7221 6923 6994
f 6921 6994 6822
f 6822 6994 6923
f 6921 6822 6743
f 6501 6519 6743
f 6501 6743 6706
f 6706 6743 6822
f 6706 6822 6781
f 6706 6781 6594
f 6822 6923 6744
f 6822 6744 6781
f 6744 6923 6995
f 6995 6923 7303
f 6781 6744 6707
f 6594 6781 6668
f 6668 6781 6707
f 6594 6668 6415
f 6995 7303 7265
f 6415 6668 6499
f 7265 7303 7798
f 6415 6499 6376
f 6376 6499 6432
f 6432 6499 6414
f 6499 6668 6597
f 6597 6668 6707
f 6414 6499 6465
f 6465 6499 6597
f 6414 6465 6500
f 6414 6500 6433
f 6465 6597 6669
f 6465 6669 6500
f 6669 6597 6782
f 6433 6500 6416
f 6433 6416 6377
f 6500 6669 6595
f 6500 6595 6416
f 6377 6416 6129
f 6377 6129 6075
f 6129 6416 6379
f 6379 6416 6595
f 6129 6379 6009
f 6595 6669 6708
f 6708 6669 6782
f 6595 6708 6502
f 6198 6131 6502
f 6198 6502 6520
f 6520 6502 6708
f 6198 6520 6312
f 6708 6782 6745
f 6708 6745 6520
f 6745 6782 6824
f 6824 6782 6707
f 6824 6707 6744
f 6824 6744 6995
f 6824 6995 6922
f 6824 6922 6745
f 6922 6995 7265
f 6673 6520 6745
f 6673 6745 6922
f 6520 6673 6312
f 6673 6922 6997
f 6673 6997 6312
f 6997 6922 7265
f 6312 6997 6504
f 6997 7265 7521
f 6997 7521 6504
f 7521 7265 7798
f 6504 7521 6713
f 6713 7521 6828
f 6828 7521 7523
f 7521 7798 8353
f 7523 7521 8138
f 8138 7521 8353
f 7523 8138 8140
f 7523 8140 7560
f 7560 8140 8142
f 7560 8142 7597
f 8142 8140 8602
f 8602 8140 8138
f 8142 8602 8564
f 8564 8602 8931
f 8931 8602 8965
f 8602 8138 8562
f 8562 8138 8353
f 8602 8562 8965
f 8562 8353 8929
f 8562 8929 8965
f 8929 8353 8961
f 8931 8965 9181
f 8929 8961 9036
f 8929 9036 8965
f 9181 8965 9179
f 9179 8965 9036
f 9181 9179 9304
f 9179 9036 9247
f 9247 9036 9038
f 9247 9038 9246
f 9304 9179 9330
f 9330 9179 9247
f 9304 9330 9218
f 9218 9330 9253
f 9330 9247 9347
f 9330 9347 9253
f 9347 9247 9246
f 9347 9246 9349
f 9253 9347 9279
f 9279 9347 9349
f 9279 9349 9306
f 9279 9306 9102
f 9102 9306 9123
f 9279 9102 9042
f 9043 9305 9122
f 9305 9043 9219
f 9043 9122 8716
f 9043 8716 8583
f 8583 8716 7821
f 7821 8716 7899
f 7821 7899 7197
f 7197 7899 7237
f 7197 7237 7112
f 7112 7237 7114
f 9348 9305 9215
f 9215 9305 9219
f 9348 9215 9069
f 9348 9069 9244
f 9215 9219 9254
f 9254 9219 9043
f 9254 9043 9071
f 9215 9254 9276
f 9254 9071 9099
f 9254 9099 9276
f 9099 9071 8940
f 9215 9276 9069
f 9099 8940 8875
f 8875 8940 8618
f 9276 9099 9118
f 9118 9099 8875
f 9069 9276 9151
f 9069 9151 8786
f 9276 9118 9039
f 9276 9039 9151
f 8786 9151 8986
f 8986 9151 9039
f 8786 8986 8751
f 9118 8875 8871
f 9118 8871 9039
f 8871 8875 9100
f 8751 8986 8825
f 8751 8825 8749
f 8749 8825 8697
f 8697 8825 8699
f 8699 8825 8986
f 8697 8699 8532
f 8532 8699 8313
f 8532 8313 8105
f 8313 8699 8536
f 8699 8986 8895
f 8699 8895 8536
f 8895 8986 9039
f 8895 9039 8761
f 8895 8761 8536
f 8761 9039 8871
f 8536 8761 9040
f 8761 8871 9119
f 8761 9119 9040
f 9119 8871 9100
f 8536 9040 8896
f 9119 9100 9255
f 9255 9100 8941
f 9255 8941 9072
f 9255 9072 9220
f 9220 9072 9044
f 9119 9255 9277
f 9277 9255 9220
f 9119 9277 9040
f 9277 9220 9216
f 9277 9216 9070
f 9040 9277 9152
f 9152 9277 9070
f 9040 9152 8896
f 9152 9070 8987
f 9152 8987 8896
f 8987 9070 8788
f 8896 8987 8700
f 8987 8788 8752
f 8700 8987 8826
f 8826 8987 8752
f 8700 8826 8533
f 8826 8752 8750
f 8533 8826 8698
f 8698 8826 8750
f 9244 9069 8786
f 9037 9244 8786
f 9037 8786 8751
f 9037 8751 8984
f 8984 8751 8962
f 8962 8751 8749
f 8962 8749 8697
f 8962 8697 8893
f 8893 8697 8784
f 8784 8697 8532
f 8784 8532 8748
f 8748 8532 8105
f 8748 8105 8785
f 8533 8785 8105
f 8785 8533 8894
f 8894 8533 8698
f 8533 8105 8700
f 8700 8105 8313
f 8700 8313 8896
f 8896 8313 8536
f 8894 8698 8963
f 8963 8698 8750
f 8963 8750 8985
f 8985 8750 8752
f 8985 8752 9038
f 9038 8752 8788
f 9038 8788 9246
f 9246 8788 9070
f 9246 9070 9349
f 9253 9279 9042
f 9253 9042 9218
f 9218 9042 9014
f 9014 9042 8620
f 8620 9042 8667
f 8620 8667 7952
f 8667 9042 8715
f 8667 8715 7952
f 8715 9042 9102
f 8620 7952 7950
f 8715 9102 8717
f 8717 9102 9123
f 8715 8717 7902
f 8715 7902 7952
f 7902 8717 7901
f 7902 7901 7238
f 7902 7238 7084
f 7902 7084 7952
f 7084 7238 7115
f 7017 7950 7952
f 7017 7952 7084
f 7950 7017 7015
f 7017 7084 6864
f 7015 7017 6575
f 6575 7017 6864
f 7015 6575 6451
f 6451 6575 6361
f 6361 6575 6864
f 6864 7084 7086
f 6361 6864 6759
f 6759 6864 7086
f 6361 6759 6477
f 6759 7086 7151
f 6759 7151 6477
f 7289 7151 7115
f 7151 7289 7462
f 6477 7151 6843
f 6477 6843 6399
f 6399 6843 6724
f 6724 6843 7019
f 7019 6843 7117
f 7117 6843 7151
f 7019 7117 7118
f 7151 7462 7374
f 7151 7374 7117
f 7374 7462 7510
f 7374 7510 7417
f 7374 7417 7117
f 7417 7510 7461
f 7118 7117 7199
f 7199 7117 7417
f 7118 7199 7018
f 7417 7461 7373
f 7199 7417 7116
f 7199 7116 7018
f 7116 7417 7373
f 7373 7461 7288
f 7018 7116 6842
f 6842 7116 7373
f 7018 6842 6723
f 6723 6842 6476
f 6476 6842 6758
f 7373 7288 7150
f 7373 7150 6842
f 6842 7150 6758
f 7150 7288 7114
f 6758 7150 7085
f 6758 7085 6863
f 9216 9349 9070
f 9349 9216 9306
f 9306 9216 9220
f 9306 9220 9044
f 9306 9044 9123
f 9123 9044 8717
f 8717 9044 8584
f 8717 8584 7822
f 8717 7822 7901
f 7901 7822 7198
f 7901 7198 7238
f 7238 7198 7113
f 7238 7113 7115
f 9014 8620 8877
f 9014 8877 9218
f 8877 8620 8500
f 9218 8877 9154
f 8500 8620 7950
f 9218 9154 9304
f 8500 7950 7898
f 9304 9154 9250
f 9304 9250 9117
f 9304 9117 9181
f 7898 7950 6970
f 6970 7950 7015
f 6970 7015 6397
f 6397 7015 6451
f 7198 7822 7236
f 7198 7236 7113
f 7236 7822 7775
f 7236 7775 7460
f 7775 7822 8584
f 7460 7775 7777
f 7460 7777 7372
f 7775 8584 8622
f 7775 8622 7777
f 8622 8584 9072
f 9072 8584 9044
f 8622 9072 8941
f 8622 8941 8465
f 8622 8465 7777
f 8465 8941 8618
f 7542 7372 7777
f 7542 7777 8465
f 7372 7542 7459
f 7542 8465 8122
f 8940 8122 8618
f 7459 7542 7776
f 7776 7542 8122
f 7459 7776 7235
f 8122 8940 8464
f 8122 8464 7776
f 8464 8940 9071
f 7235 7776 7774
f 7774 7776 8464
f 7235 7774 7197
f 7235 7197 7112
f 7197 7774 7821
f 8464 9071 8621
f 8464 8621 7774
f 7774 8621 7821
f 8621 9071 9043
f 7821 8621 8583
f 8583 8621 9043
f 7113 7236 7289
f 7113 7289 7115
f 7289 7236 7460
f 7289 7460 7462
f 7462 7460 7372
f 7462 7372 7510
f 7510 7372 7459
f 7510 7459 7461
f 7461 7459 7235
f 7461 7235 7288
f 8122 8465 8618
f 8618 8941 8875
f 8875 8941 9100
f 7235 7112 7288
f 7288 7112 7114
f 7114 7083 7085
f 7114 7085 7150
f 7085 7083 6863
f 6863 7016 6574
f 6863 6574 6758
f 6574 7016 6450
f 6450 7016 7014
f 6450 7014 6396
f 6396 7014 6969
f 6572 7320 6356
f 57 5372 5194
f 5372 57 4870
f 1297 517 602
f 602 890 1627
f 602 1627 1297
f 941 1297 1813
f 941 1813 1528
f 1528 1813 1894
f 1813 1297 1969
f 1813 1969 2098
f 1969 1297 1627
f 1813 2098 1894
f 2033 1627 1764
f 1784 1136 1713
f 2255 1937 1780
f 1780 1937 1387
f 1780 1387 1383
f 1780 1383 1832
f 1780 1832 2117
f 1780 2117 2255
f 2255 2117 2512
f 2512 2117 1832
f 2590 2666 2512
f 2590 2512 2510
f 2512 1832 2251
f 2512 2251 2510
f 2510 2251 2341
f 2251 1832 1508
f 2251 1508 2011
f 2011 1508 962
f 962 1508 733
f 962 733 443
f 443 733 223
f 733 1508 1033
f 733 1033 445
f 445 1033 757
f 1383 1387 921
f 1383 921 1033
f 1033 921 757
f 1383 1033 1832
f 1832 1033 1508
f 2098 2219 1894
f 1968 2284 2359
f 2284 2624 2359
f 2682 2519 2668
f 2359 2624 2685
f 2359 2685 2754
f 2754 2685 2823
f 3196 3429 3352
f 3028 2817 2571
f 2571 2817 2268
f 3028 2571 2705
f 2571 2268 2479
f 4232 4085 4145
f 3586 3110 3380
f 3586 3380 3522
f 3586 3522 3754
f 3754 3522 3752
f 4044 3683 3520
f 4044 3520 4043
f 4043 3520 4041
f 4041 3520 3584
f 4041 3584 3636
f 3636 3584 2995
f 2995 3584 2962
f 2962 3584 3520
f 2962 3520 2862
f 2962 2862 2372
f 2962 2372 2508
f 3378 2834 2864
f 4041 3636 4039
f 2929 3636 2995
f 2929 2995 2541
f 2995 2962 2508
f 2541 2995 2508
f 2541 2508 1926
f 1926 2508 1906
f 3518 2929 2960
f 2960 2929 2477
f 3518 2960 3516
f 3476 3516 2960
f 3476 2960 2958
f 3476 2958 3425
f 3425 2958 2927
f 2927 2958 2504
f 2958 2960 2539
f 2958 2539 2504
f 2539 2960 2506
f 2506 2960 2477
f 2506 2477 1956
f 2506 1956 2539
f 1956 2477 1904
f 1956 1904 1318
f 2504 2539 1989
f 1989 2539 1956
f 2504 1989 2005
f 1956 1318 1364
f 1956 1364 1989
f 1364 1318 617
f 1364 617 697
f 1989 1364 1475
f 1475 1364 697
f 1989 1475 2005
f 1475 697 811
f 1475 811 1542
f 1475 1542 2005
f 1542 811 871
f 2005 1542 1987
f 1987 1542 1506
f 2005 1987 2502
f 2927 2504 2502
f 2502 2504 2005
f 2927 2502 2925
f 2927 2925 3423
f 2927 3423 3425
f 3423 2925 2956
f 2956 2925 2502
f 3423 2956 3421
f 3421 2956 2993
f 2956 2502 2537
f 2956 2537 2993
f 2537 2502 1987
f 2993 2537 2535
f 2993 2535 2991
f 2991 2535 2500
f 2537 1987 1985
f 2537 1985 2535
f 1985 1987 1506
f 1985 1506 1411
f 2535 1985 1924
f 2535 1924 2500
f 1924 1985 1411
f 2500 1924 1900
f 1924 1411 1244
f 1924 1244 1900
f 1506 1542 848
f 848 1542 871
f 1506 848 1411
f 848 871 323
f 1411 848 727
f 1411 727 1244
f 1244 727 557
f 848 323 282
f 848 282 727
f 282 323 4918
f 557 727 163
f 163 727 282
f 557 163 5
f 282 4918 4916
f 282 4916 163
f 4916 4918 5246
f 4916 5246 5012
f 4916 5012 163
f 163 5012 5
f 5 5012 5096
f 5096 5012 5215
f 5096 5215 5322
f 5322 5215 5531
f 5322 5531 5592
f 5592 5531 5869
f 5869 5531 5873
f 3079 2569 3108
f 3744 3108 3841
f 3841 3108 3106
f 3108 2569 2533
f 2533 2569 1902
f 3106 3108 2498
f 2498 3108 2533
f 2533 1902 1877
f 2533 1877 2498
f 1877 1902 1148
f 1877 1148 1054
f 1877 1054 1821
f 1877 1821 2498
f 3106 2498 3054
f 3106 3054 3839
f 3839 3054 3052
f 3052 3054 2404
f 3052 2404 3026
f 2404 3054 2406
f 3026 2404 2333
f 2404 2406 1750
f 2333 2404 1729
f 1729 2404 1750
f 2333 1729 1650
f 1729 1750 869
f 869 1750 1005
f 1729 869 809
f 1729 809 1650
f 1650 809 725
f 3744 3079 3108
f 3054 2498 2406
f 2406 2498 1750
f 1750 2498 1821
f 1750 1821 1005
f 1005 1821 1054
f 437 1054 1148
f 1054 437 321
f 1054 321 1005
f 321 437 4914
f 1005 321 190
f 321 4914 5061
f 5061 4914 5348
f 5061 5348 5499
f 321 5061 5168
f 5168 5061 5499
f 321 5168 190
f 5168 5499 5657
f 1005 190 94
f 94 190 5168
f 1005 94 869
f 869 94 809
f 809 94 3
f 809 3 725
f 94 5168 5320
f 5320 5168 5657
f 94 5320 3
f 725 3 4831
f 5320 5657 5752
f 5752 5657 5948
f 5752 5948 6101
f 5752 6101 6195
f 5320 5752 5370
f 5320 5370 3
f 5370 5752 5926
f 5497 4831 3
f 5497 3 5370
f 4831 5497 5495
f 5495 5497 6004
f 6004 5497 5370
f 6004 5370 5926
f 6004 5926 6195
f 6004 6195 6338
f 1650 725 695
f 695 725 4831
f 695 4831 4792
f 4792 4831 5495
f 5926 5752 6195
f 5974 5495 6004
f 5974 6004 6338
f 5974 6338 6264
f 5495 5974 6262
f 6162 6103 6048
f 6048 6103 5948
f 5865 5948 5499
f 5499 5948 5657
f 5215 5012 5246
f 5531 5215 5626
f 5531 5626 5930
f 5531 5930 5873
f 5930 5626 6125
f 6125 5626 5875
f 6125 5875 6267
f 5875 5626 5246
f 6267 5875 6006
f 5875 5246 5436
f 5875 5436 6006
f 5436 5246 4918
f 6006 5436 5564
f 5564 5436 5063
f 5063 5436 4918
f 5564 5063 5217
f 5217 5063 96
f 5217 96 7
f 7 96 617
f 617 96 697
f 697 96 811
f 5063 4918 241
f 5063 241 96
f 96 241 811
f 241 4918 323
f 241 323 811
f 811 323 871
f 5626 5215 5246
f 5869 5873 5871
f 5869 5871 5867
f 5867 5871 5594
f 5867 5594 5591
f 5594 5871 5625
f 5871 5873 5928
f 5871 5928 5625
f 5928 5873 5930
f 5625 5928 5932
f 5928 5930 6164
f 5928 6164 5932
f 5932 6164 6128
f 6164 5930 6125
f 6128 6164 6342
f 6342 6164 6125
f 6342 6125 6267
f 5591 5594 5872
f 5591 5872 5868
f 5872 5594 5929
f 5929 5594 5625
f 5929 5625 6165
f 6165 5625 5932
f 6165 5932 6343
f 6343 5932 6128
f 5868 5872 5874
f 5868 5874 5870
f 5874 5872 5931
f 5931 5872 5929
f 5874 5931 5627
f 5627 5931 5876
f 5874 5627 5532
f 5874 5532 5870
f 5870 5532 5593
f 5931 5929 6126
f 5931 6126 5876
f 5876 6126 6007
f 6126 5929 6165
f 6007 6126 6268
f 6268 6126 6165
f 6268 6165 6343
f 5216 5593 5532
f 5593 5216 5323
f 5323 5216 5013
f 5216 5532 5247
f 5216 5247 4917
f 4917 5247 4919
f 4917 4919 283
f 5097 5323 5013
f 5097 5013 6
f 6 5013 164
f 5013 5216 4917
f 5755 5696 6075
f 6415 6376 6074
f 6415 6074 6127
f 6127 6074 5695
f 6415 6127 6594
f 6594 6127 6378
f 6594 6378 6501
f 6594 6501 6706
f 6501 6378 6008
f 6008 6378 6127
f 6127 5695 5754
f 6127 5754 6008
f 5754 5695 5300
f 6008 5754 5350
f 5350 5754 5300
f 5350 5300 4794
f 6008 5350 5566
f 5350 4794 4833
f 5350 4833 5566
f 4833 4794 586
f 4833 586 559
f 4833 559 374
f 4833 374 5034
f 4833 5034 5566
f 5566 5034 5098
f 5566 5098 5659
f 5566 5659 6130
f 5659 5098 5721
f 5721 5098 5170
f 5721 5170 5280
f 5659 5721 6197
f 5659 6197 6130
f 5721 5280 5811
f 5721 5811 6197
f 6130 6197 6519
f 6130 6519 6501
f 6197 5811 6311
f 6519 6197 6672
f 6672 6197 6311
f 6519 6672 6921
f 6519 6921 6743
f 6921 6672 7264
f 7264 6672 6996
f 6996 6672 6311
f 7264 6996 7520
f 6996 6311 6503
f 6503 6311 5811
f 6996 6503 7520
f 6503 5811 5950
f 5950 5811 5280
f 5950 5280 5352
f 5950 5352 5438
f 5950 5438 6105
f 5950 6105 6503
f 6105 5438 5501
f 6712 7520 6503
f 6712 6503 6105
f 6712 6105 6166
f 6166 6105 5501
f 7520 6712 6827
f 6827 6712 6166
f 7520 6827 7522
f 7520 7522 8137
f 7522 6827 7559
f 7522 7559 8137
f 6827 6166 6882
f 6827 6882 7559
f 6269 6166 5501
f 6166 6269 6882
f 6269 5501 5628
f 7559 6882 7596
f 6269 5628 6313
f 6269 6313 6882
f 6313 5628 5661
f 7596 6882 6925
f 6925 6882 6313
f 7559 7596 8139
f 7559 8139 8137
f 8139 7596 8141
f 8137 8139 8601
f 8139 8141 8563
f 8139 8563 8601
f 8601 8563 8964
f 8964 8563 8930
f 6315 6313 5661
f 6313 6315 6883
f 6315 5661 5697
f 6883 6315 7266
f 6883 7266 7481
f 6315 5697 6466
f 6315 6466 7266
f 6466 5697 5813
f 6466 5813 5952
f 7481 7266 8019
f 8019 7266 8311
f 8019 8311 8404
f 6466 5952 6601
f 8311 7266 8416
f 8311 8416 8932
f 8932 8416 9011
f 9011 8416 8430
f 8430 8416 8029
f 7524 7266 6466
f 7266 7524 8416
f 7524 6466 6601
f 6674 6601 5952
f 6601 6674 7524
f 6674 5952 6052
f 8416 7524 7488
f 8416 7488 8029
f 7488 7524 6674
f 8029 7488 7401
f 8029 7401 7359
f 7488 6674 6677
f 6677 6674 6052
f 7488 6677 7401
f 7401 6677 7359
f 6677 6052 6107
f 7359 6677 6750
f 6750 6677 6107
f 6501 6008 6130
f 6130 6008 5566
f 1798 2374 1774
f 1798 1774 1056
f 1828 2110 1801
f 1828 1801 1444
f 1444 1801 1366
f 1444 1366 813
f 1366 1801 1851
f 1851 1801 2088
f 2088 1801 2110
f 1851 2088 2153
f 2153 2088 2341
f 2088 2110 2343
f 2088 2343 2341
f 2343 2110 2408
f 2343 2408 2648
f 2341 2343 2510
f 2510 2343 2590
f 911 1444 813
f 911 813 376
f 813 1366 786
f 813 786 286
f 813 286 376
f 376 286 5036
f 376 5036 5014
f 786 1366 1550
f 1550 1366 1851
f 1550 1851 2153
f 786 1550 962
f 962 1550 2011
f 786 962 378
f 786 378 125
f 378 962 443
f 2153 2341 2011
f 2153 2011 1550
f 2011 2341 2251
f 2512 2666 2749
f 757 921 445
f 223 733 445
f 443 223 45
f 45 223 4844
f 443 45 378
f 378 45 5018
f 5018 45 5182
f 378 5018 4839
f 378 4839 125
f 45 4844 5182
f 5182 4844 5328
f 5444 5042 5251
f 6750 6931 7359
f 8029 7359 8430
f 6597 6707 6782
f 6595 6502 6379
f 6379 6502 6131
f 6379 6131 6009
f 6009 6131 5567
f 5567 6131 5660
f 1057 285 1028
f 1057 1028 1775
f 1057 1775 1799
f 6884 7597 7483
f 7483 7597 8020
f 8020 7597 8142
f 8020 8142 8564
f 8020 8564 8405
f 8405 8564 8931
f 8405 8931 8828
f 8828 8931 9181
f 6884 7483 7304
f 7304 7483 8020
f 7304 8020 8312
f 8312 8020 8405
f 7304 8312 7525
f 8312 8405 8828
f 8312 8828 8933
f 8933 8828 9117
f 7525 8312 8417
f 8417 8312 8933
f 8933 9117 9012
f 8933 9012 8417
f 7525 8417 8030
f 7525 8030 7489
f 7489 8030 7402
f 7402 8030 7360
f 8030 8417 8431
f 8431 8417 9012
f 8030 8431 8062
f 8030 8062 7360
f 8062 8431 8285
f 8431 9012 8548
f 8431 8548 8285
f 8548 9012 8906
f 8906 9012 9251
f 9251 9012 9117
f 8906 9251 9121
f 9251 9117 9250
f 9251 9250 9121
f 9121 9250 9154
f 8582 8374 8548
f 8548 8374 8285
f 8285 8374 8211
f 8285 8211 7992
f 8285 7992 7988
f 8285 7988 8062
f 7988 7992 7678
f 8062 7988 7861
f 7988 7678 7674
f 7988 7674 7861
f 7674 7678 7319
f 7674 7319 7287
f 7674 7287 7195
f 7674 7195 7581
f 7674 7581 7861
f 7581 7195 7414
f 7581 7414 7861
f 7861 7414 7533
f 7861 7360 8062
f 7360 7861 7533
f 7360 7533 7669
f 7360 7669 7527
f 7527 7669 7851
f 7527 7851 7704
f 7704 7851 7943
f 7704 7943 7887
f 7943 7851 7894
f 7623 7863 7894
f 7894 7863 8119
f 7943 7894 7984
f 7984 7894 8119
f 7887 7943 7846
f 7846 7943 7984
f 7984 8119 7848
f 7984 7848 7846
f 7887 7846 7938
f 7887 7938 7350
f 7350 7938 7440
f 7440 7938 7701
f 7701 7938 7846
f 7440 7701 7306
f 7701 7846 7658
f 7658 7846 7848
f 7306 7701 7400
f 7306 7400 7062
f 7701 7658 7607
f 7701 7607 7400
f 7658 7848 7713
f 7658 7713 7607
f 7607 7713 7717
f 7607 7717 7659
f 7607 7659 7400
f 7659 7717 7665
f 7230 7062 7400
f 7230 7400 7659
f 7062 7230 6888
f 6888 7230 7183
f 6888 7183 6749
f 7230 7659 7707
f 7707 7659 7665
f 7707 7665 7982
f 7707 7982 7978
f 7978 7982 8160
f 7978 8160 8111
f 8111 8160 7720
f 8111 7720 7811
f 8111 7811 7490
f 7811 7720 7723
f 7723 7720 7505
f 7723 7505 7369
f 7811 7723 7661
f 7661 7723 7761
f 7661 7761 7612
f 7612 7761 7575
f 7661 7612 7493
f 7661 7493 7232
f 7232 7493 6930
f 7493 7612 7495
f 7493 7495 7036
f 7036 7495 6964
f 7612 7575 7501
f 7612 7501 7495
f 7501 7575 7452
f 6964 7495 7276
f 7276 7495 7501
f 6964 7276 6786
f 7501 7452 7313
f 7501 7313 7276
f 7313 7452 7367
f 7313 7367 7187
f 7276 7313 7068
f 7068 7313 7187
f 7276 7068 6786
f 7068 7187 7005
f 6786 7068 6654
f 379 5019 46
f 758 446 448
f 758 448 922
f 448 446 224
f 448 224 181
f 181 224 4959
f 448 181 544
f 448 544 922
f 181 4959 50
f 50 4959 5043
f 5043 4959 5329
f 5043 5329 5445
f 50 5043 5252
f 922 544 855
f 922 855 1388
f 855 544 510
f 1388 855 1229
f 1388 1229 1496
f 1496 1229 1622
f 1229 855 1288
f 1229 1288 1622
f 1288 855 920
f 1288 920 967
f 1622 1288 1420
f 1420 1288 967
f 1622 1420 1708
f 1420 967 938
f 1420 938 1381
f 1420 1381 1708
f 1381 938 824
f 1708 1381 1706
f 1708 1706 1864
f 1864 1706 1808
f 1808 1706 1656
f 1808 1656 1658
f 1706 1381 1284
f 1706 1284 1656
f 1284 1381 824
f 1656 1284 1557
f 1557 1284 1186
f 1557 1186 1254
f 1254 1186 965
f 1254 965 702
f 965 1186 504
f 1186 1284 675
f 675 1284 824
f 1186 675 504
f 409 702 504
f 702 409 465
f 409 504 173
f 409 173 465
f 504 675 78
f 504 78 173
f 134 675 824
f 675 134 78
f 471 411 824
f 824 411 134
f 78 134 4955
f 78 4955 173
f 134 411 247
f 247 411 383
f 134 247 4752
f 134 4752 4955
f 4752 247 5250
f 4752 5250 5327
f 4752 5327 4955
f 5250 247 5103
f 5103 247 289
f 5103 289 5066
f 5066 289 250
f 5066 250 5105
f 4955 5327 5357
f 5105 250 136
f 4955 5357 4973
f 4973 5357 5068
f 4955 4973 173
f 173 4973 5068
f 5105 136 5252
f 5252 136 50
f 173 5068 244
f 173 244 465
f 465 244 595
f 244 5068 42
f 244 42 442
f 442 42 566
f 566 42 168
f 168 42 5101
f 566 168 166
f 566 166 623
f 623 166 74
f 623 74 591
f 591 74 4842
f 591 4842 381
f 591 381 597
f 381 4842 4987
f 381 4987 132
f 132 4987 5142
f 132 5142 4799
f 4799 5142 4925
f 4925 5142 5225
f 2358 2598 2256
f 2598 2358 2669
f 2669 2358 2422
f 2669 2422 2520
f 2358 2256 2097
f 2097 2256 2028
f 2097 2028 1940
f 2097 1940 2018
f 2358 2097 2422
f 2422 2097 2099
f 2097 2018 2034
f 2034 2018 1785
f 2034 1785 1765
f 2097 2034 1970
f 1970 2034 1765
f 2097 1970 2099
f 1970 1765 1628
f 1970 1628 1298
f 1970 1298 1814
f 1970 1814 2099
f 1814 1298 1529
f 1814 1529 1895
f 1814 1895 2220
f 1814 2220 2099
f 2099 2220 2520
f 2520 2422 2099
f 1940 1598 1714
f 1940 1714 2018
f 2018 1714 1785
f 1714 1598 1018
f 1018 1598 838
f 1785 1714 1137
f 1785 1137 1765
f 1765 1137 1071
f 1137 1714 1095
f 1095 1714 1018
f 1137 1095 262
f 1018 838 103
f 1095 1018 202
f 1095 202 262
f 202 1018 103
f 262 202 5258
f 5258 202 103
f 262 5258 5193
f 103 838 101
f 5258 103 5303
f 5303 103 101
f 5303 101 5402
f 1628 1765 1071
f 1628 1071 891
f 1628 891 1298
f 1298 891 603
f 1298 603 942
f 891 1071 266
f 942 603 518
f 942 518 389
f 389 518 4756
f 603 891 204
f 204 891 266
f 518 603 58
f 58 603 204
f 4756 518 4871
f 4871 518 58
f 4756 4871 5191
f 5191 4871 5373
f 5373 4871 58
f 5191 5373 5455
f 5455 5373 5888
f 5455 5888 5959
f 5373 58 5195
f 5888 5373 5738
f 5738 5373 5195
f 5888 5738 6357
f 5888 6357 5959
f 6357 5738 6393
f 5959 6357 6573
f 5738 5195 5796
f 5959 6573 6796
f 5796 5195 5198
f 5198 5195 58
f 5796 5198 5798
f 5198 58 204
f 5798 5198 5200
f 5200 5198 204
f 5798 5200 5794
f 5200 204 266
f 5794 5200 5152
f 5152 5200 266
f 5794 5152 5773
f 5773 5152 5193
f 5152 266 303
f 262 5193 303
f 303 266 1071
f 262 303 1137
f 1137 303 1071
f 5152 303 5193
f 5193 5258 5704
f 5773 5193 5704
f 5794 5773 6247
f 6247 5773 5704
f 6247 5704 6183
f 6247 6183 6794
f 5794 6247 6355
f 5794 6355 5798
f 6247 6794 6841
f 6247 6841 6355
f 5798 6355 6395
f 5798 6395 5796
f 6355 6841 6942
f 6355 6942 6395
f 5796 6395 6393
f 5796 6393 5738
f 6395 6942 7013
f 6395 7013 6393
f 6942 6841 7458
f 7013 6942 7633
f 7633 6942 7458
f 6393 7013 7044
f 6393 7044 6357
f 7013 7633 7773
f 7013 7773 7044
f 7633 7458 7678
f 7633 7678 7992
f 7633 7992 7773
f 7773 7992 8211
f 7678 7458 7234
f 7234 7458 6841
f 7678 7234 7319
f 7234 6841 6794
f 7234 6794 7319
f 7319 6794 6722
f 7319 6722 7287
f 7773 8211 7867
f 7773 7867 7044
f 7867 8211 8374
f 7287 6722 7195
f 7044 7867 7082
f 7044 7082 6357
f 7867 8374 8038
f 7867 8038 7082
f 6357 7082 6573
f 8038 8374 8582
f 6573 7082 7321
f 7321 7082 8038
f 6573 7321 7680
f 7680 7321 8038
f 6573 7680 6796
f 6796 7680 6970
f 6970 7680 7898
f 7898 7680 8500
f 7680 8038 8331
f 7680 8331 8500
f 8500 8331 8877
f 8713 8038 8582
f 9121 8877 8713
f 8877 9121 9154
f 9121 8713 8906
f 8906 8713 8582
f 8906 8582 8548
f 6183 5704 6083
f 6183 6083 6794
f 6794 6083 6722
f 6083 5704 5598
f 6083 5598 5402
f 5598 5704 5258
f 5402 5598 5303
f 5303 5598 5258
f 8038 8713 8331
f 8331 8713 8877
f 9181 9117 8828
f 6751 6678 7360
f 5573 6171 5732
f 6171 6751 6221
f 6221 6751 6933
f 6221 6933 7181
f 6171 6221 5732
f 5732 6221 5820
f 5732 5820 5329
f 5329 5820 5445
f 5445 5820 5252
f 5820 6221 5886
f 5820 5886 5252
f 5886 6221 6471
f 5886 6471 6563
f 5252 5886 5848
f 5848 5886 6563
f 5252 5848 5105
f 7440 6563 7350
f 6563 7440 6606
f 6563 6606 5848
f 6606 7440 7306
f 5105 5848 5844
f 5844 5848 6606
f 5105 5844 5066
f 6606 7306 6539
f 6606 6539 5844
f 6539 7306 7062
f 5066 5844 5846
f 5846 5844 6539
f 5066 5846 5103
f 6539 7062 6469
f 6539 6469 5846
f 6469 7062 6888
f 5103 5846 5850
f 5850 5846 6469
f 5103 5850 5250
f 6469 6888 6345
f 6469 6345 5850
f 6345 6888 6749
f 5250 5850 5817
f 5817 5850 6345
f 5250 5817 5327
f 6345 6749 6218
f 6345 6218 5817
f 5327 5817 5818
f 5818 5817 6218
f 5327 5818 5357
f 5818 6218 6132
f 5357 5818 5571
f 5571 5818 6132
f 5357 5571 5068
f 6132 6218 6680
f 6680 6218 6749
f 6680 6749 7357
f 6132 6680 6718
f 6680 7357 7490
f 6680 7490 6718
f 6718 7490 7232
f 5666 5068 5571
f 5666 5571 6216
f 5068 5666 5101
f 5068 5101 42
f 5101 5666 5175
f 5101 5175 168
f 168 5175 166
f 5175 5666 5757
f 5757 5666 6383
f 5757 6383 6435
f 5175 5757 5842
f 5842 5757 6435
f 166 5175 5283
f 5283 5175 5842
f 166 5283 74
f 74 5283 5355
f 74 5355 4842
f 4842 5355 4987
f 5355 5283 5878
f 5878 5283 5842
f 4987 5355 5420
f 5878 5842 6437
f 6437 5842 6435
f 6437 6435 6964
f 6964 6435 7036
f 6437 6964 6786
f 6437 6786 6318
f 6437 6318 5878
f 6318 6786 6654
f 5881 5355 5878
f 5881 5878 6318
f 5355 5881 5420
f 6318 6654 6222
f 6318 6222 5881
f 6222 6654 6543
f 6222 6543 6173
f 5881 6222 5884
f 5881 5884 5420
f 5420 5884 5469
f 5469 5884 5852
f 5420 5469 4987
f 5469 5852 5506
f 4987 5469 5142
f 5142 5469 5506
f 5142 5506 5225
f 6933 6751 7527
f 7527 6751 7360
f 6933 7527 7181
f 7181 7527 7704
f 7181 7704 7887
f 7181 7887 7350
f 7181 7350 6471
f 7181 6471 6221
f 6471 7350 6563
f 5043 5445 5252
f 295 181 50
f 181 295 544
f 295 50 136
f 544 295 510
f 295 136 358
f 295 358 510
f 358 136 356
f 510 358 508
f 508 358 356
f 508 356 383
f 855 510 920
f 920 510 508
f 920 508 967
f 967 508 471
f 967 471 938
f 938 471 824
f 356 136 250
f 356 250 383
f 383 250 289
f 383 289 247
f 7851 7669 7623
f 7851 7623 7894
f 7623 7669 7533
f 7623 7533 7414
f 7623 7414 7456
f 7623 7456 7863
f 7863 7456 7676
f 7456 7414 7195
f 7456 7195 7317
f 6940 7676 7317
f 6940 7317 6756
f 6756 7317 7195
f 7676 6940 7080
f 6756 7195 6656
f 7676 7080 7896
f 6656 7195 6722
f 6656 6722 6083
f 6656 6083 5983
f 7896 7080 7948
f 7948 7080 7111
f 7948 7111 7769
f 7769 7111 7042
f 7769 7042 6897
f 7769 6897 7454
f 7454 6897 6684
f 7454 6684 7144
f 7144 6684 6968
f 6968 6684 6569
f 6968 6569 6439
f 6968 6439 6792
f 6792 6439 6325
f 6325 6439 6057
f 6325 6057 6279
f 6439 6569 6145
f 6439 6145 6057
f 6145 6569 6141
f 6057 6145 5577
f 5577 6145 6141
f 6141 6569 6143
f 5577 6141 5678
f 5678 6141 5635
f 5635 6141 6143
f 5635 6143 5634
f 6057 5577 5474
f 6057 5474 5911
f 6057 5911 6279
f 5911 5474 5359
f 6279 5911 5765
f 5911 5359 5227
f 5911 5227 5765
f 5765 5227 5676
f 8119 7863 7896
f 7863 7676 7896
f 7676 7456 7317
f 7896 8162 8119
f 8162 7896 7948
f 8119 8162 7848
f 8162 7948 7769
f 7848 8162 7946
f 7946 8162 7769
f 7848 7946 7713
f 7946 7769 7454
f 7713 7946 7451
f 7451 7946 7454
f 7451 7454 7144
f 7451 7144 7189
f 7189 7144 6968
f 7183 7230 7707
f 5571 6132 6216
f 6216 6132 6718
f 6216 6718 6930
f 6930 6718 7232
f 6216 6930 6383
f 6216 6383 5666
f 6383 6930 7036
f 6383 7036 6435
f 7036 6930 7493
f 7357 6749 7183
f 7357 7183 7978
f 7978 7183 7707
f 7357 7978 8111
f 7357 8111 7490
f 7490 7811 7232
f 7232 7811 7661
f 7761 7723 7369
f 7761 7369 7191
f 7761 7191 7575
f 7191 7369 6720
f 6720 7369 7505
f 7191 6720 6571
f 6720 7505 6860
f 7191 6571 7070
f 7191 7070 7575
f 7070 6571 6441
f 7575 7070 7452
f 7070 6441 7007
f 7070 7007 7452
f 7007 6441 6391
f 7452 7007 7367
f 7366 6860 7505
f 7366 7505 7720
f 6860 7366 6894
f 6894 7366 6792
f 7366 7720 8160
f 7366 8160 7535
f 7535 8160 7412
f 7412 8160 7982
f 7535 7412 6968
f 7412 7982 7665
f 6968 7412 7189
f 7189 7412 7665
f 7189 7665 7717
f 7189 7717 7451
f 7451 7717 7713
f 6654 7068 6543
f 5884 6222 6173
f 5884 6173 5852
f 5852 6173 5730
f 5730 6173 6320
f 6320 6173 6543
f 6320 6543 6788
f 6788 6543 7142
f 5506 5852 5730
f 5506 5730 5219
f 597 381 132
f 623 591 791
f 791 591 597
f 623 791 750
f 623 750 566
f 826 918 791
f 791 918 750
f 566 750 700
f 566 700 442
f 442 700 595
f 442 595 244
f 700 750 632
f 700 632 595
f 632 750 704
f 704 750 918
f 595 632 473
f 595 473 506
f 595 506 465
f 473 632 450
f 450 632 704
f 473 450 475
f 475 450 334
f 450 704 634
f 634 704 918
f 334 450 452
f 452 450 634
f 334 452 360
f 452 634 574
f 574 634 918
f 452 574 360
f 334 360 138
f 138 360 52
f 138 52 4894
f 52 360 336
f 336 360 574
f 336 574 514
f 514 574 760
f 760 574 918
f 514 760 512
f 760 918 926
f 760 926 512
f 512 926 599
f 926 918 1036
f 599 926 971
f 971 926 1036
f 971 1036 969
f 971 969 924
f 924 969 916
f 924 916 885
f 885 916 883
f 924 885 638
f 924 638 637
f 597 132 385
f 385 132 222
f 597 385 756
f 756 385 222
f 826 791 597
f 826 597 756
f 1036 918 826
f 1036 826 756
f 1036 756 969
f 969 756 916
f 916 756 630
f 630 756 222
f 916 630 883
f 883 630 572
f 572 630 179
f 179 630 222
f 179 222 4925
f 132 4799 222
f 222 4799 4925
f 5225 5506 5219
f 5225 5219 12
f 12 5219 5177
f 12 5177 76
f 5177 5219 5763
f 5763 5219 5730
f 4925 5225 12
f 4925 12 179
f 179 12 407
f 179 407 752
f 407 12 502
f 407 502 752
f 752 502 881
f 752 881 1016
f 1016 881 1125
f 881 502 467
f 1125 881 852
f 852 881 467
f 1125 852 1014
f 1125 1014 1091
f 1091 1014 1089
f 1091 1089 1127
f 1127 1089 1157
f 76 467 502
f 76 502 12
f 467 76 44
f 179 752 572
f 572 752 1016
f 572 1016 883
f 883 1016 885
f 885 1016 1093
f 885 1093 973
f 885 973 638
f 638 973 640
f 638 640 297
f 297 640 142
f 297 142 5185
f 297 5185 5045
f 5045 5185 5702
f 5702 5185 5786
f 5702 5786 6391
f 6391 5786 6420
f 6391 6420 7007
f 7007 6420 7009
f 7007 7009 7367
f 7367 7009 7507
f 7367 7507 7671
f 7367 7671 7187
f 7187 7671 7572
f 7187 7572 7406
f 7187 7406 7005
f 637 971 924
f 971 637 599
f 638 297 637
f 637 297 254
f 637 254 599
f 599 254 198
f 599 198 512
f 512 198 141
f 512 141 514
f 514 141 56
f 514 56 336
f 5072 198 254
f 5045 254 297
f 254 5045 5072
f 5072 5045 5702
f 5072 5702 5734
f 5734 5702 6391
f 198 5072 5109
f 5109 5072 5734
f 198 5109 141
f 5734 6391 6441
f 141 5109 5227
f 5109 5734 5676
f 5109 5676 5227
f 141 5227 56
f 56 5227 5359
f 56 5359 5474
f 5734 6441 6081
f 5734 6081 5676
f 6081 6441 6571
f 5676 6081 5765
f 6081 6571 6200
f 6081 6200 5765
f 6200 6571 6720
f 5765 6200 6279
f 6279 6200 6720
f 6279 6720 6860
f 6279 6860 6894
f 6279 6894 6325
f 6325 6894 6792
f 4896 56 5474
f 56 4896 336
f 336 4896 52
f 4896 5474 5074
f 4896 5074 52
f 5074 5474 5577
f 52 5074 5256
f 5256 5074 5577
f 52 5256 4894
f 5256 5577 5678
f 4894 5256 4847
f 4894 4847 362
f 5256 5678 5254
f 5256 5254 4847
f 5254 5678 5635
f 5254 5635 5111
f 5111 5635 5634
f 5254 5111 185
f 762 4847 185
f 762 185 1067
f 1067 185 413
f 413 185 5111
f 1067 413 1262
f 1262 413 576
f 1262 576 1341
f 413 5111 4991
f 413 4991 576
f 4991 5111 5596
f 5596 5111 5634
f 576 4991 4898
f 4898 4991 5596
f 1341 576 642
f 642 576 4898
f 1341 642 1264
f 4898 5596 5576
f 642 4898 4849
f 4849 4898 5576
f 642 4849 644
f 642 644 1264
f 4849 5576 5579
f 644 4849 20
f 20 4849 5579
f 6281 5576 5596
f 6281 5596 5634
f 5579 5576 6283
f 6283 5576 6281
f 6281 5634 6224
f 6283 6281 7042
f 7042 6281 6224
f 6224 5634 6143
f 7042 6224 6897
f 6897 6224 6684
f 6684 6224 6143
f 6684 6143 6569
f 6283 7042 7111
f 6283 7111 6245
f 6283 6245 5579
f 6245 7111 7080
f 6245 7080 6940
f 5579 6245 5426
f 6245 6940 6147
f 6245 6147 5426
f 6147 6940 6756
f 5579 5426 20
f 6147 6756 5983
f 6147 5983 5426
f 5983 6756 6656
f 5426 5983 5402
f 5402 5983 6083
f 5426 5402 101
f 5426 101 20
f 20 101 601
f 20 601 644
f 601 101 838
f 644 601 1069
f 1069 601 838
f 1069 838 1390
f 644 1069 1264
f 1069 1390 1565
f 1069 1565 1264
f 1264 1565 1740
f 6792 7366 7535
f 6792 7535 6968
f 1341 1264 1740
f 1341 1740 1810
f 1341 1810 1262
f 1262 1810 1761
f 1262 1761 1067
f 1067 1761 1594
f 1067 1594 762
f 762 1594 1161
f 762 1161 679
f 679 1161 1290
f 362 4847 762
f 362 762 679
f 679 1290 856
f 362 679 138
f 362 138 4894
f 138 679 334
f 334 679 856
f 334 856 475
f 1565 1390 1523
f 1523 1390 1522
f 1523 1522 1496
f 1496 1522 1388
f 1565 1523 1678
f 1678 1523 1496
f 1565 1678 1740
f 1678 1496 1622
f 1678 1622 1838
f 1678 1838 1740
f 1838 1622 1708
f 1838 1708 1864
f 1838 1864 1740
f 1740 1864 1810
f 1810 1864 1761
f 1761 1864 1808
f 1761 1808 1594
f 1594 1808 1658
f 1594 1658 1161
f 1161 1658 1290
f 471 508 383
f 471 383 411
f 965 504 702
f 702 465 506
f 702 506 473
f 702 473 830
f 830 473 475
f 702 830 1254
f 830 475 856
f 830 856 1254
f 1254 856 1290
f 4847 5254 185
f 1290 1658 1557
f 1557 1658 1656
f 1290 1557 1254
f 2599 2623 2483
f 2599 2483 2545
f 2419 2515 2453
f 2448 2545 2382
f 2382 2545 2415
f 2448 2382 2417
f 2417 2382 2355
f 2355 2382 2301
f 2382 2415 2353
f 2382 2353 2303
f 2303 2353 2231
f 2415 2545 2483
f 2415 2483 2353
f 2384 2453 2447
f 2447 2453 2417
f 2384 2447 2581
f 2384 2581 2455
f 2455 2581 2774
f 2581 2447 2594
f 2774 2581 2904
f 2581 2594 2707
f 2581 2707 2904
f 2707 2594 2747
f 2707 2747 2904
f 2747 2594 2577
f 2747 2577 2821
f 2904 2747 2999
f 2999 2747 2821
f 2904 2999 3350
f 3350 2999 3116
f 3350 3116 3386
f 3116 2999 2821
f 3116 2821 3382
f 2592 2821 2577
f 3382 2821 2931
f 2931 2821 2592
f 2931 2592 2644
f 2447 2417 2355
f 2447 2355 2594
f 2355 2301 2445
f 2382 2303 2301
f 2301 2303 2229
f 2229 2303 2231
f 2301 2229 2445
f 2445 2229 2253
f 2253 2229 2160
f 2577 2594 2445
f 2577 2445 2380
f 2380 2445 2253
f 2577 2380 2592
f 2592 2380 2349
f 2349 2380 2253
f 2592 2349 2644
f 2213 2253 2160
f 2253 2213 2349
f 2349 2213 2347
f 2213 2160 2094
f 2347 2213 2183
f 2183 2213 2094
f 2347 2183 2339
f 2339 2183 2155
f 2155 2183 2062
f 2062 2183 2094
f 2155 2062 2023
f 2062 2094 2064
f 2064 2094 2135
f 2062 2064 2025
f 2062 2025 2023
f 2023 2025 1991
f 2355 2445 2594
f 2353 2483 2413
f 2353 2413 2299
f 2353 2299 2231
f 2299 2413 2442
f 2442 2413 2579
f 2299 2442 2280
f 2299 2280 2231
f 2231 2280 2135
f 2135 2280 2189
f 2135 2189 2064
f 2297 2278 2189
f 2189 2278 2275
f 2189 2275 2187
f 2189 2187 2064
f 2187 2275 2182
f 2187 2182 2112
f 2187 2112 2064
f 2064 2112 2025
f 2025 2112 2090
f 2025 2090 1991
f 1991 2090 1855
f 2090 2112 2210
f 1855 2090 1962
f 1962 2090 2210
f 1855 1962 1618
f 1618 1962 1960
f 1960 1962 2086
f 2086 1962 2210
f 1960 2086 2179
f 2179 2086 2210
f 2179 2210 2270
f 2413 2483 2579
f 2579 2483 2623
f 2579 2623 2412
f 2579 2412 2378
f 2579 2378 2442
f 2442 2378 2297
f 2297 2378 2278
f 2442 2297 2280
f 2280 2297 2189
f 2160 2231 2135
f 2231 2160 2229
f 2160 2135 2094
f 2644 2349 2347
f 3386 3116 3382
f 3386 3382 3690
f 3690 3382 3427
f 3690 3427 3799
f 3386 3690 3756
f 3756 3690 3799
f 3386 3756 3350
f 3560 3687 3799
f 3799 3687 3847
f 3799 3847 3756
f 3847 3687 3588
f 3847 3588 3756
f 3588 3687 3480
f 3756 3588 3527
f 3232 3350 3756
f 3232 3756 3527
f 3350 3232 2904
f 3232 3527 3118
f 3232 3118 2933
f 2966 3382 2931
f 3382 2966 3427
f 2966 2931 2644
f 2966 2644 2642
f 2642 2644 2347
f 2642 2347 2339
f 2642 2339 2225
f 2642 2225 2588
f 2642 2588 2966
f 2966 2588 2867
f 3560 3799 3427
f 3560 3427 3230
f 3230 3427 2966
f 3230 2966 2867
f 3560 3230 2997
f 2997 3230 2867
f 2588 2440 2867
f 2867 2440 2743
f 2867 2743 2997
f 2997 2743 2640
f 2997 2640 2788
f 2997 2788 2866
f 2997 2866 3228
f 2997 3228 3560
f 3560 3228 3687
f 3687 3228 3316
f 2588 2225 2440
f 2440 2225 2149
f 2440 2149 2082
f 2440 2082 2337
f 2440 2337 2743
f 2743 2337 2640
f 2337 2082 2084
f 2084 2082 1891
f 2337 2084 2263
f 2337 2263 2640
f 2640 2263 2586
f 2640 2586 2788
f 2058 2225 2339
f 2225 2058 2149
f 2058 2339 2155
f 2149 2058 1958
f 2058 2155 1932
f 2058 1932 1958
f 1932 2155 2023
f 1958 1932 1827
f 1958 1827 1754
f 1754 1827 1701
f 1701 1827 1932
f 1754 1701 1614
f 1614 1701 1479
f 1932 2023 1854
f 1932 1854 1701
f 1854 2023 1991
f 1854 1991 1855
f 1854 1855 1639
f 1854 1639 1701
f 1701 1639 1479
f 1479 1639 1448
f 2179 2270 2266
f 2179 2266 2177
f 2179 2177 2054
f 2177 2266 2021
f 2021 2266 2131
f 2021 2131 1802
f 2177 2021 2054
f 2021 1802 1752
f 2054 2021 1928
f 2021 1752 1673
f 2021 1673 1928
f 1673 1752 1248
f 2054 1928 1879
f 1673 1248 1180
f 1180 1248 588
f 1673 1180 1611
f 1673 1611 1928
f 1611 1180 1112
f 1611 1112 1080
f 1611 1080 1581
f 1776 1879 1928
f 1776 1928 1611
f 1776 1611 1581
f 1879 1776 1582
f 1582 1776 1581
f 2056 1960 2179
f 2056 2179 2054
f 2056 2054 1849
f 1849 2054 1879
f 1849 1879 1583
f 1849 1583 1477
f 1583 1879 1582
f 1477 1583 1058
f 1058 1583 1114
f 1114 1583 1582
f 1058 1114 541
f 1114 1582 1082
f 1082 1582 1581
f 1082 1581 1080
f 1114 1082 563
f 1114 563 541
f 563 1082 539
f 541 563 4952
f 563 539 4920
f 563 4920 4952
f 4920 539 4891
f 4952 4920 5663
f 1960 2056 1756
f 1960 1756 1618
f 2056 1849 1756
f 1756 1849 1477
f 1618 1756 1320
f 1320 1756 1477
f 1618 1320 1182
f 1182 1320 850
f 1182 850 815
f 850 1320 935
f 935 1320 1477
f 935 1477 1058
f 935 1058 541
f 935 541 404
f 935 404 353
f 539 1082 1080
f 541 4952 5016
f 1182 1118 1448
f 1182 1448 1618
f 1118 819 1122
f 1122 819 817
f 817 819 246
f 1122 817 1121
f 1118 1122 1327
f 1118 1327 1448
f 1121 913 1184
f 1121 1184 1280
f 1184 913 1084
f 1184 1084 1322
f 1184 1322 1552
f 1184 1552 1415
f 1122 1121 1280
f 1122 1280 1327
f 1327 1280 1413
f 1327 1413 1448
f 1413 1280 1415
f 1448 1413 1479
f 1413 1415 1481
f 1479 1413 1546
f 1546 1413 1481
f 1479 1546 1614
f 1481 1415 1585
f 1481 1585 1546
f 1585 1415 1552
f 1585 1552 1675
f 1585 1675 1735
f 1735 1675 1859
f 1546 1585 1616
f 1546 1616 1614
f 1616 1585 1735
f 1614 1616 1754
f 1616 1735 1733
f 1616 1733 1754
f 1280 1184 1415
f 1448 1639 1618
f 1618 1639 1855
f 2149 1958 1930
f 1930 1958 1754
f 1930 1754 1891
f 1891 1754 1733
f 2149 1930 2082
f 1930 1891 2082
f 1733 1735 1891
f 1891 1735 1893
f 1891 1893 2084
f 1893 1735 1881
f 1881 1735 1859
f 2084 1893 2108
f 2108 1893 1881
f 1881 1859 2060
f 1881 2060 2108
f 2060 1859 2007
f 2060 2007 2227
f 2108 2060 2265
f 2265 2060 2227
f 2084 2108 2292
f 2292 2108 2265
f 2084 2292 2263
f 2263 2292 2586
f 2586 2292 2619
f 2619 2292 2265
f 2619 2265 2621
f 2621 2265 2227
f 2621 2227 2573
f 2788 2586 2619
f 2788 2619 2866
f 2866 2619 2621
f 3228 2866 2898
f 3228 2898 3316
f 3316 2898 2797
f 3316 2797 3114
f 3316 3114 3687
f 3687 3114 3480
f 3114 2797 2819
f 3114 2819 3480
f 2819 2797 2646
f 3480 2819 3030
f 2819 2646 2274
f 3030 2819 2543
f 2543 2819 2274
f 3030 2543 2680
f 2680 2543 2215
f 2345 2092 2274
f 2274 2092 1805
f 2274 1805 1935
f 2274 1935 2543
f 1935 1805 1451
f 2215 2543 2066
f 2066 2543 1935
f 2215 2066 1834
f 1834 2066 1778
f 1778 2066 1935
f 1834 1778 1562
f 1935 1451 1641
f 1935 1641 1778
f 1641 1451 1336
f 1641 1336 1778
f 1336 1451 1154
f 1562 1778 1514
f 1514 1778 1336
f 1562 1514 1423
f 1423 1514 1285
f 1285 1514 1336
f 1285 1336 1223
f 1223 1336 1189
f 1189 1336 1154
f 1189 1154 1062
f 1062 1154 753
f 2898 2866 2621
f 2898 2621 2573
f 2898 2573 2797
f 2646 2797 2345
f 2646 2345 2274
f 2345 2797 2573
f 2345 2573 2133
f 2133 2573 2227
f 2345 2133 1933
f 2345 1933 2092
f 1805 2092 1933
f 1805 1933 1652
f 1805 1652 1451
f 1451 1652 1150
f 1451 1150 1154
f 1150 1652 1554
f 2009 2133 2227
f 2133 2009 1933
f 1933 2009 1830
f 1830 2009 1737
f 1737 2009 1914
f 1933 1830 1554
f 1554 1830 1737
f 1933 1554 1652
f 1554 1737 1326
f 1554 1326 1150
f 1914 2009 2007
f 1914 2007 1857
f 1857 2007 1703
f 1703 2007 1859
f 1703 1859 1675
f 1703 1675 1548
f 1548 1675 1552
f 1548 1552 1322
f 2007 2009 2227
f 1326 1116 878
f 878 1116 668
f 1326 878 1150
f 878 668 468
f 878 468 1150
f 468 668 47
f 1150 468 827
f 1150 827 1154
f 1189 1062 1454
f 1454 1452 1483
f 1483 1452 1456
f 1456 1452 1417
f 1456 1417 1376
f 1376 1417 1334
f 1376 1334 1371
f 1371 1334 1331
f 1371 1331 1282
f 1282 1331 1329
f 1454 1483 1255
f 1255 1483 1222
f 1454 1255 1189
f 1483 1456 1222
f 1222 1456 1220
f 1220 1456 1376
f 1220 1376 1156
f 1156 1376 1371
f 1156 1371 1088
f 1088 1371 1282
f 1088 1282 1013
f 1013 1282 1217
f 1189 1255 1223
f 1223 1255 1257
f 1257 1255 1222
f 1257 1285 1223
f 3232 2933 2904
f 2904 2933 2774
f 2774 2933 2602
f 2455 2774 2602
f 2191 1916 2029
f 3746 3895 4093
f 4093 3895 4159
f 4159 3895 3977
f 4159 3977 4203
f 382 245 288
f 245 382 470
f 470 382 507
f 382 288 355
f 355 288 249
f 355 249 357
f 2286 2756 2425
f 2425 2756 2825
f 2425 2825 2626
f 2425 2626 2221
f 2825 2756 2937
f 2425 2221 1971
f 2425 1971 2286
f 2937 2756 2709
f 2709 2756 2286
f 2937 2709 2970
f 2286 1971 1766
f 1766 1971 1265
f 2286 1766 1868
f 2286 1868 2234
f 2286 2234 2709
f 2234 1868 1767
f 2970 2709 2757
f 2970 2757 2938
f 2709 2234 2287
f 2287 2234 1767
f 2709 2287 2757
f 2287 1767 1972
f 1972 1767 1266
f 2287 1972 2426
f 2287 2426 2757
f 2426 1972 2222
f 2426 2222 2627
f 2426 2627 2826
f 2426 2826 2757
f 2757 2826 2938
f 2938 2826 3236
f 3236 2826 3057
f 2626 2825 2790
f 2790 2825 3056
f 2626 2790 2221
f 2790 3056 3279
f 2790 3279 2971
f 2971 3279 3120
f 2790 2971 2758
f 2758 2971 2973
f 2221 2790 2523
f 2523 2790 2758
f 2758 2973 2908
f 2221 2523 2137
f 2523 2758 2551
f 2551 2758 2908
f 2523 2551 2137
f 2221 2137 1841
f 3122 3239 2908
f 2908 3239 3003
f 2908 3003 2720
f 2908 2720 2551
f 2720 3003 2872
f 1841 2137 1768
f 1841 1768 1348
f 1348 1768 894
f 1768 2137 2072
f 2072 2137 2551
f 894 1768 1299
f 1299 1768 2072
f 894 1299 682
f 2361 2551 2720
f 2551 2361 2072
f 2361 2720 2872
f 682 1299 986
f 682 986 579
f 1299 2072 1715
f 1299 1715 986
f 1715 2072 2361
f 579 986 767
f 2361 2872 2628
f 2628 2872 3005
f 2628 3005 2761
f 2361 2628 2235
f 2235 2628 2461
f 2361 2235 1997
f 2361 1997 1715
f 1997 2235 1942
f 1997 1942 1717
f 1715 1997 1350
f 1350 1997 1717
f 1715 1350 986
f 1717 1942 1427
f 1717 1427 1350
f 1427 1942 1685
f 986 1350 988
f 988 1350 1427
f 1427 1685 1352
f 986 988 767
f 1427 1352 1198
f 1198 1352 1098
f 1427 1198 1138
f 1427 1138 988
f 1138 1198 1098
f 1098 1352 1200
f 1138 1098 1048
f 1138 1048 988
f 988 1048 943
f 1048 1098 945
f 1048 945 943
f 988 943 861
f 861 943 945
f 861 945 773
f 773 945 684
f 945 1098 947
f 945 947 684
f 947 1098 1200
f 684 947 523
f 947 1200 949
f 947 949 523
f 949 1200 1267
f 1267 1200 1467
f 1267 1467 1644
f 949 1267 1072
f 949 1072 523
f 1267 1644 1469
f 1267 1469 1072
f 1469 1644 1687
f 1687 1644 1885
f 1687 1885 2139
f 2139 1885 2163
f 1687 2139 1887
f 1469 1687 1202
f 1202 1687 1887
f 1469 1202 1072
f 1202 1887 1396
f 1202 1396 711
f 1202 711 686
f 686 711 25
f 1072 1202 606
f 606 1202 686
f 606 686 67
f 1072 606 523
f 606 67 89
f 606 89 523
f 89 67 5407
f 5918 5407 6022
f 5407 5918 5481
f 5481 5918 5990
f 89 5407 5159
f 5159 5407 5481
f 5481 5990 5584
f 89 5159 116
f 89 116 523
f 5159 5481 4992
f 5159 4992 116
f 4992 5481 5310
f 5310 5481 5584
f 116 4992 65
f 116 65 523
f 523 65 308
f 523 308 423
f 5310 5584 5378
f 423 308 235
f 5378 5584 5362
f 423 235 351
f 423 351 484
f 351 235 151
f 484 351 349
f 484 349 397
f 397 349 275
f 151 235 23
f 151 23 4764
f 4764 23 4964
f 4964 23 4978
f 4964 4978 5229
f 4964 5229 5157
f 5157 5229 5265
f 5265 5229 5364
f 5265 5364 5263
f 5263 5364 5360
f 5263 5360 5118
f 5118 5360 5261
f 5118 5261 4934
f 5118 4934 4936
f 4936 4934 4806
f 4934 5261 5026
f 4806 4934 61
f 61 4934 5026
f 61 5026 4804
f 61 4804 205
f 205 4804 4903
f 205 4903 108
f 205 108 304
f 205 304 418
f 418 304 604
f 604 304 478
f 604 478 767
f 604 767 769
f 604 769 480
f 769 767 988
f 769 988 771
f 769 771 653
f 653 771 482
f 482 771 421
f 421 771 655
f 2825 2937 3056
f 3056 2937 3234
f 3056 3234 3279
f 3279 3234 3485
f 3234 2937 2970
f 3485 3234 3484
f 3234 2970 3235
f 3234 3235 3484
f 3235 2970 2938
f 3484 3235 3486
f 3235 2938 3236
f 3235 3236 3486
f 3057 2826 2627
f 3057 2627 2791
f 2791 2627 2222
f 2791 2222 2524
f 2524 2222 2138
f 3057 2791 3280
f 3057 3280 3236
f 3236 3280 3486
f 3486 3280 3319
f 2524 2138 2759
f 2524 2759 2791
f 2759 2138 2552
f 2552 2138 1769
f 2791 2759 2972
f 2791 2972 3280
f 2972 2759 2974
f 2974 2759 2552
f 3280 2972 3121
f 3280 3121 3319
f 3121 2972 2974
f 3319 3121 3432
f 3319 3432 3488
f 3121 2974 3321
f 3121 3321 3432
f 3432 3321 3531
f 3432 3531 3698
f 3321 2974 3203
f 3321 3203 3531
f 3698 3531 3806
f 3698 3806 3901
f 3698 3901 3804
f 3806 3531 3591
f 3591 3531 3323
f 3323 3531 3203
f 3323 3203 3123
f 2909 3203 2974
f 3203 2909 3123
f 2909 2974 2552
f 3123 2909 3004
f 2909 2552 2721
f 2909 2721 3004
f 3123 3004 3240
f 2721 2552 2362
f 3240 3004 3389
f 3004 2721 3207
f 3004 3207 3389
f 3389 3207 3538
f 3538 3207 3391
f 3391 3207 3242
f 3242 3207 3006
f 3207 2721 2873
f 3207 2873 3006
f 2873 2721 2362
f 3006 2873 2760
f 2760 2873 2629
f 2629 2873 2362
f 2760 2629 2462
f 2629 2362 2236
f 2629 2236 2462
f 2236 2362 1998
f 2462 2236 1943
f 1943 2236 1998
f 1998 2362 1716
f 1998 1716 1351
f 1998 1351 1718
f 1998 1718 1943
f 1716 2362 2073
f 1716 2073 1300
f 2073 2362 2552
f 1300 2073 1769
f 1769 2073 2552
f 1943 1718 1428
f 1943 1428 1686
f 1686 1428 1353
f 1943 1686 1844
f 1844 1686 1353
f 1943 1844 2120
f 1943 2120 2462
f 2120 1844 1974
f 2462 2120 2258
f 2258 2120 1974
f 2462 2258 2554
f 2462 2554 2783
f 2843 2976 2783
f 2843 2783 2793
f 2793 2783 2690
f 2690 2783 2554
f 2793 2690 2879
f 2554 2258 2487
f 2487 2258 1974
f 2690 2554 2723
f 2690 2723 2879
f 2723 2554 2711
f 2711 2554 2487
f 2879 2723 2882
f 2882 2723 2711
f 2711 2487 2728
f 2728 2487 2556
f 2882 2711 2913
f 2879 2882 3065
f 3065 2882 2913
f 2879 3065 3062
f 3062 3065 3248
f 2556 2487 2164
f 2164 2487 1974
f 2556 2164 2140
f 2556 2140 2464
f 2464 2140 2197
f 2164 1974 1886
f 2164 1886 2140
f 1886 1974 1645
f 1645 1974 1468
f 1468 1974 1844
f 1886 1645 1470
f 1470 1645 1468
f 1468 1844 1353
f 1886 1470 1688
f 1886 1688 2140
f 1470 1468 1268
f 1268 1468 1353
f 1688 1470 1073
f 1073 1470 1268
f 2140 1688 1888
f 1268 1353 1201
f 2140 1888 1919
f 2140 1919 2199
f 2199 1919 2389
f 1919 1888 1472
f 2389 1919 2075
f 2075 1919 1472
f 2075 1472 1572
f 1472 1888 1397
f 2389 2075 2631
f 2389 2631 2713
f 1397 1888 1203
f 1203 1888 1688
f 1397 1203 712
f 712 1203 687
f 1203 1688 1073
f 1203 1073 687
f 687 1073 607
f 687 607 68
f 607 1073 950
f 950 1073 1268
f 607 950 524
f 524 950 948
f 950 1268 1201
f 950 1201 948
f 948 1201 1099
f 948 1099 946
f 1099 1201 1199
f 1199 1201 1353
f 1199 1353 1428
f 1199 1428 1139
f 1199 1139 1099
f 1139 1428 989
f 946 1099 1049
f 1049 1099 1139
f 1049 1139 989
f 946 1049 944
f 944 1049 989
f 3484 3486 3488
f 3484 3488 3529
f 3484 3529 3485
f 3529 3488 3491
f 3491 3488 3432
f 3529 3491 3490
f 3485 3529 3487
f 3487 3529 3490
f 3487 3490 3489
f 3485 3487 3279
f 3487 3489 3318
f 3487 3318 3279
f 3279 3318 3120
f 3488 3486 3319
f 3490 3491 3804
f 3490 3804 3849
f 3490 3849 3489
f 3489 3849 3803
f 3803 3849 3900
f 3489 3803 3431
f 3489 3431 3318
f 3431 3803 3697
f 3120 3318 3320
f 3120 3320 2973
f 3120 2973 2971
f 2973 3320 3202
f 2973 3202 2908
f 2908 3202 3122
f 3320 3318 3431
f 3202 3320 3322
f 3202 3322 3122
f 3122 3322 3204
f 3204 3322 3354
f 3204 3354 3237
f 3237 3354 3324
f 3322 3320 3530
f 3530 3320 3431
f 3322 3530 3590
f 3590 3530 3697
f 3590 3697 3805
f 3590 3805 3642
f 3590 3642 3532
f 3805 3697 3900
f 3805 3900 3642
f 3900 3697 3803
f 3642 3900 3758
f 3758 3900 3807
f 3807 3900 3899
f 3807 3899 3759
f 3759 3899 3901
f 3899 3900 3849
f 3899 3849 3804
f 3530 3431 3697
f 3642 3758 3902
f 3642 3902 3532
f 3902 3758 3954
f 3954 3758 3807
f 3954 3807 3979
f 3979 3807 3759
f 4001 4000 3954
f 3954 4000 3902
f 3902 4000 3956
f 3902 3956 3808
f 3979 3759 3955
f 3979 3955 4002
f 4002 3955 3957
f 3955 3759 3643
f 3957 3955 3903
f 3903 3955 3643
f 3903 3643 3533
f 3903 3533 3700
f 3699 3902 3808
f 3902 3699 3532
f 3532 3699 3433
f 3699 3808 3534
f 3699 3534 3433
f 3534 3808 3492
f 3433 3534 3237
f 3534 3492 3281
f 3534 3281 3237
f 3281 3492 3239
f 3237 3281 3204
f 3281 3239 3122
f 3281 3122 3204
f 3901 3899 3804
f 3698 3804 3491
f 3698 3491 3432
f 3759 3901 3643
f 3643 3901 3806
f 3643 3806 3533
f 3533 3806 3591
f 3533 3591 3325
f 3325 3591 3355
f 3355 3591 3323
f 3325 3355 3238
f 3238 3355 3205
f 3700 3533 3325
f 3700 3325 3434
f 3434 3325 3238
f 3903 3700 3809
f 3809 3700 3434
f 3903 3809 3957
f 3957 3809 3702
f 3702 3809 3536
f 3702 3536 3389
f 3536 3809 3535
f 3389 3536 3240
f 3536 3535 3282
f 3536 3282 3240
f 3240 3282 3205
f 3979 4002 4001
f 3979 4001 3954
f 4001 4002 3933
f 4001 3933 3904
f 3904 3933 3879
f 4001 3904 4000
f 3904 3879 3905
f 3904 3905 3932
f 3956 4000 3932
f 3932 3905 3878
f 3932 3878 3852
f 3852 3878 3810
f 3956 3932 3850
f 3850 3932 3852
f 3956 3850 3701
f 3956 3701 3808
f 3808 3701 3492
f 3852 3810 3762
f 3762 3810 3856
f 3762 3856 3764
f 3762 3764 3760
f 3762 3760 3852
f 3852 3760 3850
f 3850 3760 3592
f 3850 3592 3701
f 3592 3760 3594
f 3701 3592 3537
f 3592 3594 3435
f 3435 3594 3493
f 3435 3493 3539
f 3435 3539 3437
f 3592 3435 3390
f 3592 3390 3537
f 3390 3435 3437
f 3701 3537 3388
f 3388 3537 3390
f 3701 3388 3492
f 3492 3388 3239
f 3239 3388 3206
f 3206 3388 3390
f 3239 3206 3003
f 3003 3206 2872
f 2872 3206 3241
f 3241 3206 3390
f 2872 3241 3005
f 3241 3390 3356
f 3356 3390 3437
f 3495 3437 3703
f 3437 3495 3245
f 3437 3245 3243
f 3437 3243 3356
f 3243 3245 3126
f 3243 3126 3162
f 3356 3243 3208
f 3208 3243 3162
f 3356 3208 3241
f 3208 3162 3160
f 3160 3162 3060
f 3160 3060 3088
f 3241 3208 3124
f 3124 3208 3160
f 3241 3124 3005
f 3160 3088 3086
f 3160 3086 3124
f 3086 3088 3058
f 3005 3124 2975
f 2975 3124 3086
f 3005 2975 2761
f 2761 2975 2782
f 2975 3086 3007
f 3086 3058 2977
f 3086 2977 3007
f 2977 3058 3164
f 2842 2782 3007
f 2842 3007 2977
f 2782 2842 2689
f 2842 2977 2874
f 2689 2842 2792
f 2842 2874 2803
f 2842 2803 2792
f 4002 3957 3851
f 3851 3957 3702
f 4002 3851 3933
f 3389 3538 3702
f 3702 3538 3851
f 3851 3538 3593
f 3436 3494 3593
f 3593 3494 3595
f 3593 3595 3851
f 3851 3595 3761
f 3853 3933 3851
f 3853 3851 3761
f 3853 3761 3765
f 3933 3853 3879
f 3879 3853 3763
f 3879 3763 3811
f 4000 3904 3932
f 3532 3433 3324
f 3324 3433 3237
f 3532 3324 3354
f 3532 3354 3590
f 3590 3354 3322
f 1841 1348 984
f 984 1348 894
f 1841 984 1569
f 984 894 577
f 1841 1569 2221
f 2221 1569 1971
f 1971 1569 1265
f 577 894 455
f 455 894 682
f 455 682 579
f 455 579 416
f 416 579 367
f 984 577 453
f 453 577 455
f 984 453 843
f 984 843 1569
f 453 455 145
f 843 453 267
f 267 453 145
f 843 267 841
f 843 841 1265
f 1265 841 929
f 1265 929 1465
f 1265 1465 1766
f 416 145 455
f 145 416 106
f 106 416 367
f 106 367 4932
f 145 106 5201
f 145 5201 5306
f 5201 106 5153
f 145 5306 4802
f 5201 5153 5511
f 5511 5153 5916
f 4802 5306 4930
f 4930 5306 5374
f 4802 4930 21
f 21 4930 81
f 5916 5153 5541
f 5541 5153 4932
f 5541 4932 5308
f 21 81 521
f 21 521 267
f 521 81 737
f 5541 5308 5513
f 5541 5513 5853
f 5853 5513 5584
f 5853 5584 5990
f 5584 5513 5362
f 5362 5513 5155
f 1265 1569 843
f 1234 1096 1395
f 893 1047 738
f 893 738 522
f 738 1047 981
f 981 1047 1168
f 522 738 82
f 738 981 228
f 738 228 82
f 981 1168 652
f 652 840 342
f 144 650 264
f 264 650 710
f 710 650 1133
f 1133 650 1131
f 710 1133 1197
f 1197 1133 1600
f 144 264 4975
f 1133 1131 1600
f 1197 1600 1712
f 1712 1600 1967
f 1712 1967 2101
f 2101 1967 2424
f 2101 2424 2550
f 2550 2424 2871
f 4902 4975 264
f 4975 4902 5289
f 545 60 105
f 681 105 226
f 226 105 5049
f 4927 226 5049
f 264 4927 4902
f 4902 4927 5305
f 4902 5305 5289
f 5305 4927 5049
f 5305 5049 5480
f 5480 5049 5540
f 5540 5049 5115
f 5115 5049 105
f 5115 105 60
f 5115 60 5196
f 5115 5196 5583
f 5115 5583 5540
f 5540 5583 5985
f 5583 5196 5260
f 5985 5583 6021
f 5985 6021 6397
f 5985 6397 6451
f 5260 5196 4758
f 5260 4758 4853
f 4853 4758 389
f 389 4758 415
f 389 415 942
f 5196 60 4758
f 4758 60 520
f 5480 5540 5985
f 5305 5480 5913
f 5913 5480 5985
f 5305 5913 5682
f 5289 5305 5682
f 5682 5913 6085
f 6085 5913 6361
f 6361 5913 5985
f 6085 6361 6477
f 6085 6477 5989
f 5989 6477 6399
f 4975 5289 5287
f 5289 5682 5602
f 5289 5602 5287
f 5682 6085 5989
f 5682 5989 5602
f 5602 5989 5987
f 5987 5989 6399
f 5602 5987 5600
f 5602 5600 5287
f 5987 6399 6363
f 6363 6399 6724
f 4929 5287 5600
f 4929 5600 5510
f 5510 5600 5987
f 4929 5510 5375
f 4929 5375 4931
f 4931 5375 5307
f 4931 5307 4803
f 5307 5375 5890
f 5375 5510 5915
f 5510 5987 6061
f 5510 6061 5915
f 6061 5987 6363
f 6061 6363 6479
f 6061 6479 5915
f 6479 6363 6686
f 5915 6479 6327
f 5915 6327 6365
f 82 4929 4931
f 82 4931 22
f 82 22 522
f 522 22 268
f 268 22 4803
f 4803 22 4931
f 268 4803 146
f 146 4803 5307
f 146 5307 5202
f 5202 5307 5890
f 146 5202 5154
f 5375 5915 5890
f 5890 5915 6365
f 5890 6365 6688
f 5202 5890 5512
f 5202 5512 5154
f 5890 6688 6285
f 5890 6285 5512
f 6972 7201 6688
f 6688 7201 6285
f 5512 6285 5917
f 5512 5917 5542
f 5512 5542 5154
f 5917 6285 6249
f 5542 5917 5854
f 5854 5917 6249
f 6285 7201 6690
f 6285 6690 6249
f 6690 7201 7088
f 7088 7201 7682
f 6249 6690 6512
f 6512 6690 7088
f 7088 7682 7635
f 6249 6512 5991
f 6249 5991 5854
f 6512 7088 6581
f 5854 5991 5514
f 5854 5514 5542
f 5991 6512 5919
f 5919 6512 6581
f 7088 7635 7291
f 7088 7291 6581
f 7291 7635 7732
f 7732 7635 7906
f 6581 7291 7240
f 7240 7291 7732
f 6581 7240 6583
f 7732 7906 8072
f 7240 7732 7684
f 7240 7684 7323
f 7240 7323 6583
f 7684 7732 8002
f 6583 7323 6726
f 6583 6726 6087
f 8002 7732 8000
f 8000 7732 8072
f 8002 8000 8172
f 8172 8000 8170
f 8170 8000 8072
f 8170 8072 8219
f 8219 8072 8217
f 8217 8072 8090
f 8219 8217 8381
f 6023 6583 6087
f 6583 6023 6581
f 6023 6087 5408
f 6581 6023 5919
f 5919 6023 5408
f 5919 5408 5482
f 5919 5482 5585
f 5919 5585 5991
f 5991 5585 5514
f 5514 5585 5379
f 5379 5585 5482
f 5379 5482 5311
f 5514 5379 5363
f 5311 5482 4993
f 5514 5363 5309
f 5514 5309 5542
f 5309 5363 5156
f 5542 5309 5154
f 5309 5156 4933
f 5309 4933 5154
f 4933 5156 4855
f 5154 4933 107
f 4933 4855 368
f 4933 368 107
f 368 4855 230
f 5154 107 146
f 107 368 417
f 417 368 580
f 107 417 456
f 107 456 146
f 146 456 454
f 683 456 580
f 456 683 578
f 683 580 987
f 987 580 768
f 578 683 895
f 895 683 1300
f 1300 683 987
f 1300 987 1716
f 1716 987 1351
f 895 1300 1349
f 895 1349 578
f 1349 1300 1769
f 1351 987 989
f 989 987 768
f 1351 989 1718
f 1718 989 1428
f 989 768 770
f 1349 1769 2138
f 985 578 1349
f 578 985 844
f 1349 2138 1842
f 1842 2138 2222
f 1842 2222 1972
f 1349 1842 1570
f 1570 1842 1972
f 1349 1570 985
f 985 1570 844
f 1570 1972 1266
f 1570 1266 844
f 772 989 770
f 772 770 654
f 772 654 483
f 772 483 422
f 989 772 862
f 989 862 944
f 772 422 656
f 944 862 774
f 774 862 772
f 774 772 656
f 944 774 946
f 946 774 685
f 685 774 656
f 946 685 948
f 948 685 524
f 524 685 424
f 524 424 309
f 424 685 485
f 485 685 656
f 524 309 117
f 117 309 66
f 117 66 4993
f 485 656 398
f 117 4993 5160
f 5160 4993 5482
f 5160 5482 5408
f 117 5160 90
f 90 5160 5408
f 90 5408 68
f 90 68 607
f 90 607 524
f 396 348 398
f 398 348 276
f 350 485 398
f 350 398 276
f 485 350 352
f 350 276 187
f 350 187 352
f 187 276 150
f 352 187 234
f 234 187 64
f 352 234 152
f 152 234 64
f 352 152 236
f 236 152 24
f 24 152 4765
f 4765 152 64
f 4765 64 4857
f 3323 3123 3205
f 3323 3205 3355
f 3434 3238 3535
f 3434 3535 3809
f 3535 3238 3282
f 3282 3238 3205
f 3240 3205 3123
f 3538 3391 3593
f 3593 3391 3436
f 3436 3391 3357
f 3357 3391 3242
f 3357 3242 3125
f 3436 3357 3438
f 3436 3438 3494
f 3357 3125 3209
f 3357 3209 3438
f 3209 3125 3087
f 3087 3125 3008
f 3209 3087 3161
f 3438 3209 3244
f 3244 3209 3161
f 3438 3244 3246
f 3244 3161 3163
f 3244 3163 3246
f 3163 3161 3089
f 3246 3163 3128
f 3125 3242 3006
f 3125 3006 2976
f 2976 3006 2783
f 2783 3006 2760
f 2783 2760 2462
f 3595 3494 3813
f 3595 3813 3761
f 3813 3494 3645
f 3813 3645 3984
f 3813 3984 3982
f 3813 3982 3881
f 3982 3984 4052
f 3982 4052 4013
f 4013 4052 4120
f 4013 4120 4028
f 4028 4120 4068
f 3765 3761 3855
f 3765 3855 3909
f 3765 3909 3857
f 3909 3855 3881
f 3909 3881 3982
f 3853 3765 3763
f 3855 3761 3881
f 3881 3761 3813
f 3763 3765 3857
f 3763 3857 3811
f 3811 3857 3907
f 3811 3907 3959
f 3811 3959 3879
f 3907 3857 3962
f 3907 3962 3959
f 3959 3962 4028
f 3963 3857 3909
f 3857 3963 3962
f 3962 3963 4028
f 4028 3963 4013
f 4013 3963 3909
f 4013 3909 3982
f 3959 4028 4068
f 3959 4068 3980
f 3980 4068 3958
f 3958 4068 4027
f 3645 3494 3540
f 3540 3494 3438
f 3540 3438 3704
f 3645 3540 3704
f 3984 3645 3883
f 3984 3883 4052
f 4052 3883 4015
f 4052 4015 4120
f 4015 3883 3704
f 4015 3704 3935
f 4015 3935 4122
f 3935 3704 3496
f 3496 3704 3438
f 3496 3438 3246
f 3935 3496 3706
f 3706 3496 3246
f 4122 3935 4017
f 4017 3935 3706
f 4122 4017 4150
f 4150 4017 4053
f 3706 3246 3498
f 3498 3246 3211
f 4017 3706 3885
f 4017 3885 4053
f 3885 3706 3498
f 4053 3885 3936
f 3885 3498 3647
f 3885 3647 3936
f 3936 3647 3707
f 3883 3645 3704
f 4015 4122 4120
f 4120 4122 4149
f 4149 4122 4150
f 4149 4150 4119
f 4119 4150 4121
f 4119 4121 4051
f 4121 4150 4053
f 4121 4053 4016
f 4016 4053 3936
f 4016 3936 3884
f 3884 3936 3707
f 3884 3707 3646
f 3646 3707 3766
f 3647 3709 3707
f 3707 3709 3766
f 3646 3766 3708
f 3646 3708 3497
f 3497 3708 3499
f 3708 3766 3858
f 3766 3709 3818
f 3766 3818 3858
f 3818 3709 3819
f 3819 3709 3815
f 3858 3818 3823
f 3823 3818 3819
f 3819 3815 3821
f 3819 3821 3768
f 3819 3768 3651
f 3819 3651 3823
f 3768 3821 3565
f 3768 3565 3444
f 3565 3821 3649
f 3823 3651 3602
f 3823 3602 3776
f 3776 3602 3505
f 3823 3776 3859
f 3823 3859 3858
f 3776 3505 3615
f 3615 3505 3254
f 3859 3776 3830
f 3830 3776 3615
f 3858 3859 3816
f 3858 3816 3708
f 3708 3816 3814
f 3816 3859 3822
f 3822 3859 3830
f 3814 3816 3817
f 3817 3816 3822
f 3814 3817 3820
f 3817 3822 3767
f 3817 3767 3820
f 3822 3830 3775
f 3820 3767 3564
f 3820 3564 3648
f 3648 3564 3441
f 3441 3564 3364
f 3564 3767 3443
f 3564 3443 3364
f 3650 3767 3822
f 3767 3650 3443
f 3650 3822 3775
f 3443 3650 3600
f 3600 3650 3775
f 3364 3443 3176
f 3364 3176 2941
f 3364 2941 3098
f 2941 3176 3067
f 3176 3443 3371
f 3371 3443 3600
f 3176 3371 3067
f 2807 3067 2981
f 3067 3371 3251
f 3067 3251 2981
f 2981 3251 3037
f 2981 3037 2809
f 3037 3251 3253
f 3251 3371 3504
f 3251 3504 3253
f 3504 3371 3600
f 3504 3600 3614
f 3614 3600 3775
f 3253 3504 3401
f 3401 3504 3614
f 3253 3401 3336
f 3253 3336 3407
f 3407 3336 3296
f 3296 3336 3401
f 3614 3775 3664
f 3664 3775 3830
f 3664 3830 3615
f 3401 3614 3453
f 3453 3614 3664
f 3401 3453 3296
f 3664 3615 3403
f 3664 3403 3453
f 3403 3615 3254
f 3403 3254 3337
f 3403 3337 3453
f 3453 3337 3296
f 3296 3337 3408
f 3296 3408 3341
f 3408 3337 3465
f 3341 3408 3410
f 3410 3408 3465
f 3341 3410 3018
f 3341 3018 2944
f 3410 3465 3343
f 3343 3465 3305
f 4120 4149 4068
f 4068 4149 4119
f 4068 4119 4027
f 3647 3498 3709
f 3709 3498 3541
f 3541 3498 3211
f 3541 3211 3359
f 3541 3359 3597
f 3597 3359 3711
f 4014 4121 4016
f 4121 4014 4051
f 4014 4016 3934
f 3934 4016 3884
f 4051 4014 3882
f 4051 3882 3983
f 4014 3934 3703
f 4014 3703 3882
f 3703 3934 3495
f 3983 3882 3644
f 3644 3882 3703
f 3983 3644 3812
f 3644 3703 3539
f 3644 3539 3493
f 3495 3934 3705
f 3705 3934 3884
f 3495 3705 3245
f 3705 3884 3646
f 3245 3705 3497
f 3497 3705 3646
f 3245 3497 3210
f 3245 3210 3127
f 3127 3210 3130
f 3539 3703 3437
f 4051 3983 3981
f 3981 3983 3812
f 3981 3812 3880
f 3880 3812 3760
f 3644 3493 3812
f 3812 3493 3594
f 3594 3760 3812
f 3162 3126 3009
f 3060 3162 3009
f 3088 3060 3090
f 3088 3090 3212
f 3088 3212 3058
f 3058 3212 3164
f 3090 3060 3009
f 3090 3009 3094
f 3090 3094 3212
f 3094 3009 3214
f 3214 3009 3130
f 3094 3214 3283
f 3094 3283 3166
f 3214 3130 3358
f 3214 3358 3283
f 3358 3130 3210
f 3358 3210 3499
f 3358 3499 3596
f 3596 3499 3708
f 3596 3708 3814
f 3596 3814 3710
f 3596 3710 3358
f 3710 3814 3820
f 3358 3710 3439
f 3358 3439 3283
f 3439 3710 3562
f 3648 3562 3820
f 3283 3439 3285
f 3283 3285 3166
f 3166 3285 3168
f 3439 3562 3360
f 3439 3360 3285
f 3168 3285 3096
f 3360 3562 3247
f 3360 3247 3285
f 3096 3285 3170
f 3170 3285 3247
f 3096 3170 3011
f 3170 3247 3032
f 3170 3032 3011
f 3011 3032 2878
f 3011 2878 2876
f 2876 2878 2803
f 2803 2878 2792
f 3362 3247 3562
f 3362 3562 3648
f 3362 3648 3441
f 3362 3441 3174
f 3247 3362 3131
f 3131 3362 3174
f 3247 3131 3063
f 3131 3174 2912
f 3131 2912 3063
f 3063 2912 2880
f 2880 2912 2722
f 3130 3009 3127
f 3166 3212 3094
f 3212 3166 3164
f 3164 3166 3168
f 3164 3168 3092
f 3092 3168 3096
f 3092 3096 2979
f 2979 3096 3011
f 2979 3011 2876
f 3164 3092 2977
f 3092 2979 2977
f 2977 2979 2874
f 2874 2979 2803
f 2803 2979 2876
f 2975 3007 2782
f 2792 2878 2689
f 3032 3063 2878
f 2878 3063 2880
f 2878 2880 2722
f 2878 2722 2689
f 2689 2722 2553
f 2689 2553 2782
f 2553 2722 2710
f 2710 2722 2912
f 2553 2710 2486
f 2553 2486 2257
f 2710 2912 2916
f 2916 2912 3174
f 3063 3032 3247
f 2782 2553 2461
f 2782 2461 2761
f 2761 2461 2628
f 2461 2553 2257
f 1942 2235 2461
f 2461 2257 2119
f 2461 2119 1942
f 2119 2257 1973
f 1942 2119 1843
f 1843 2119 1973
f 1942 1843 1685
f 1685 1843 1352
f 1843 1973 1467
f 1467 1973 1644
f 1644 1973 1885
f 1885 1973 2163
f 2486 1973 2257
f 1973 2486 2163
f 2163 2486 2555
f 2163 2555 2139
f 2139 2555 2463
f 2139 2463 2196
f 2196 2463 2307
f 2307 2463 2604
f 2463 2555 2729
f 2463 2729 2604
f 2604 2729 2981
f 2604 2981 2809
f 2981 2729 2807
f 2807 2729 2555
f 2807 2555 2727
f 2727 2555 2486
f 2807 2727 2941
f 2807 2941 3067
f 2727 2486 2844
f 2727 2844 2941
f 2844 2486 2710
f 2844 2710 2916
f 2941 2844 3098
f 3098 2844 2916
f 3098 2916 3174
f 3098 3174 3441
f 3098 3441 3364
f 3562 3710 3820
f 3499 3210 3497
f 3253 3407 3464
f 3253 3464 3037
f 3037 3464 3304
f 3037 3304 2809
f 2809 3304 2983
f 2809 2983 2712
f 2809 2712 2604
f 2604 2712 2307
f 2712 2983 2630
f 2630 2983 2829
f 2307 2712 2427
f 2388 2427 2630
f 2307 2427 2196
f 2427 2388 2198
f 2427 2198 2196
f 3464 3407 3340
f 3464 3340 3409
f 3464 3409 3304
f 3304 3409 3342
f 3304 3342 2983
f 2983 3342 3043
f 2983 3043 2829
f 3340 3407 3296
f 3340 3296 2847
f 3340 2847 2943
f 3340 2943 3409
f 2943 2847 2527
f 3409 2943 3017
f 3409 3017 3342
f 2943 2527 2632
f 2943 2632 3017
f 3017 2632 2650
f 2632 2527 2035
f 2650 2632 2123
f 2123 2632 2035
f 2123 2035 1573
f 2123 1573 1630
f 1630 1573 775
f 2123 1630 2125
f 2847 3296 2944
f 2944 3296 3341
f 2847 2944 2633
f 2847 2633 2527
f 2527 2633 2124
f 2527 2124 2035
f 2035 2124 1631
f 2035 1631 1573
f 3465 3337 3254
f 3465 3254 3305
f 3305 3254 3038
f 2944 3018 2651
f 2944 2651 2633
f 2651 3018 2558
f 2558 3018 2892
f 2651 2558 2037
f 2633 2651 2126
f 2126 2651 2037
f 2633 2126 2124
f 2126 2037 1501
f 2124 2126 1604
f 1604 2126 1501
f 2124 1604 1631
f 1604 1501 742
f 1604 742 799
f 1604 799 1631
f 799 742 4773
f 1631 799 798
f 1631 798 1573
f 799 4773 4776
f 799 4776 798
f 4776 4773 5516
f 1573 798 775
f 4776 5516 5518
f 5518 5516 6210
f 5518 6210 6226
f 798 4776 4778
f 4778 4776 5518
f 798 4778 775
f 5518 6226 5520
f 5518 5520 4778
f 5520 6226 6228
f 775 4778 4774
f 4774 4778 5520
f 5520 6228 5487
f 5520 5487 4774
f 5487 6228 6184
f 775 4774 796
f 775 796 1630
f 4774 5487 4777
f 4774 4777 796
f 5487 6184 5519
f 5487 5519 4777
f 5519 6184 6227
f 5519 6227 5517
f 5519 5517 4777
f 5517 6227 6225
f 5517 6225 5515
f 5515 6225 6209
f 5517 5515 4772
f 4772 5515 4770
f 4772 4770 713
f 5517 4772 4775
f 5517 4775 4777
f 4772 713 741
f 4772 741 4775
f 741 713 1301
f 4777 4775 797
f 797 4775 741
f 4777 797 796
f 741 1301 1500
f 741 1500 797
f 1500 1301 1896
f 796 797 1603
f 1603 797 1500
f 796 1603 1630
f 1500 1896 2036
f 1500 2036 1603
f 2036 1896 2309
f 1630 1603 2125
f 2125 1603 2036
f 2036 2309 2557
f 2036 2557 2125
f 2557 2309 2731
f 2125 2557 2650
f 2125 2650 2123
f 2557 2731 2891
f 2557 2891 2650
f 2891 2731 3342
f 2650 2891 3017
f 3017 2891 3342
f 3018 3410 2892
f 3410 3343 2892
f 3038 3254 3505
f 3038 3505 3252
f 3252 3505 3602
f 3038 3252 2810
f 3252 3602 3372
f 3372 3602 3651
f 2810 3252 2982
f 2982 3252 3372
f 2810 2982 2605
f 2982 3372 3068
f 2605 2982 2730
f 2730 2982 3068
f 2605 2730 2308
f 3068 3372 3444
f 2308 2730 2464
f 2308 2464 2197
f 2464 2730 2808
f 2808 2730 3068
f 2464 2808 2556
f 3068 3444 3177
f 3068 3177 2808
f 3177 3444 3365
f 3365 3444 3565
f 3365 3565 3649
f 3365 3649 3442
f 2556 2808 2942
f 2942 2808 3177
f 2942 3177 3365
f 2556 2942 2728
f 3365 3442 3133
f 3365 3133 2942
f 2942 3133 2728
f 3133 3442 3175
f 2728 3133 2845
f 3305 3038 2984
f 2984 3038 2810
f 3305 2984 3044
f 3305 3044 3343
f 3044 2984 2830
f 2830 2984 2631
f 2631 2984 2713
f 2830 2631 2526
f 2526 2631 2201
f 3372 3651 3444
f 3651 3768 3444
f 3649 3821 3563
f 3563 3821 3711
f 3649 3563 3442
f 3563 3711 3361
f 3361 3711 3440
f 3361 3440 3286
f 3361 3286 3248
f 3248 3286 3171
f 3442 3563 3363
f 3363 3563 3248
f 3442 3363 3175
f 3363 3248 3132
f 3363 3132 3175
f 3132 3248 3065
f 3132 3065 2913
f 3175 3132 2917
f 2917 3132 2913
f 3175 2917 3133
f 2917 2913 2711
f 3133 2917 2845
f 2845 2917 2711
f 2810 2605 2713
f 2810 2713 2984
f 2713 2605 2428
f 2713 2428 2389
f 2428 2605 2308
f 2389 2428 2199
f 2428 2308 2197
f 2428 2197 2199
f 2199 2197 2140
f 3044 2830 2526
f 3044 2526 2732
f 3044 2732 3343
f 2732 2526 2122
f 3343 2732 2892
f 2732 2122 2310
f 2732 2310 2892
f 2310 2122 1897
f 2892 2310 2558
f 2201 2631 2075
f 2201 2075 1742
f 1742 2075 1572
f 2526 2201 1742
f 2526 1742 2122
f 2122 1742 1897
f 1897 1742 1302
f 2310 1897 2558
f 2558 1897 2037
f 2037 1897 1302
f 2037 1302 1501
f 1501 1302 714
f 1501 714 742
f 3342 2731 3043
f 3043 2731 2829
f 2829 2731 2525
f 2525 2731 2309
f 2829 2525 2630
f 2525 2309 2121
f 2121 2309 1896
f 2630 2525 2200
f 2200 2525 2121
f 2630 2200 2074
f 2121 1896 1741
f 2121 1741 2200
f 2200 1741 2074
f 1741 1896 1301
f 2074 1741 1571
f 2074 1571 1471
f 1571 1741 794
f 1571 794 1471
f 1741 1301 896
f 1741 896 794
f 896 1301 713
f 896 713 4770
f 794 896 27
f 27 896 4770
f 1471 794 739
f 27 4770 5485
f 5485 4770 5515
f 5485 5515 6209
f 27 5485 5483
f 27 5483 5458
f 794 27 4768
f 4768 27 5458
f 794 4768 739
f 1396 1471 739
f 1471 1396 1918
f 1918 1396 1887
f 1396 739 711
f 4768 5458 4766
f 4768 4766 739
f 739 4766 711
f 4766 5458 5456
f 711 4766 25
f 25 4766 5456
f 6226 6210 6866
f 6226 6866 6944
f 6226 6944 6228
f 6944 6866 7583
f 7583 6866 7464
f 6228 6944 6946
f 6228 6946 6184
f 6944 7583 7641
f 6944 7641 6946
f 7583 7464 7824
f 7641 7583 8094
f 7824 7464 7242
f 7824 7242 7639
f 7242 7464 6694
f 7641 8094 8096
f 8096 8094 8390
f 8096 8390 8296
f 7641 8096 7513
f 7641 7513 6946
f 8096 8296 8073
f 8096 8073 7513
f 8073 8296 8389
f 6946 7513 6844
f 6946 6844 6184
f 6184 6844 6227
f 6844 7513 7640
f 7640 7513 8073
f 6227 6844 6945
f 6945 6844 7640
f 6227 6945 6225
f 8095 8073 8389
f 8073 8095 7640
f 8095 8389 8263
f 7640 8095 7582
f 7640 7582 6945
f 7582 8095 8093
f 6225 6945 6943
f 6943 6945 7582
f 6225 6943 6209
f 6209 6943 6865
f 6865 6943 7463
f 7463 6943 7582
f 7463 7582 7823
f 6866 6210 6694
f 6866 6694 7464
f 6694 6210 6151
f 6151 6210 5516
f 6151 5516 5486
f 5486 5516 4773
f 5486 4773 4771
f 5486 4771 28
f 6151 5486 5484
f 5484 5486 28
f 6694 6151 6110
f 6110 6151 5484
f 5484 28 5459
f 5484 5459 6110
f 5459 28 4769
f 4769 28 897
f 6110 5459 6089
f 6694 6110 6659
f 6659 6110 6089
f 6694 6659 7046
f 6694 7046 7242
f 7242 7046 7639
f 7639 7046 7293
f 7293 7046 6659
f 6659 6089 6692
f 6659 6692 7293
f 7293 6692 7203
f 7293 7203 7637
f 7203 6692 6728
f 7203 6728 7323
f 7323 6728 6726
f 6726 6728 6087
f 6728 6692 6149
f 6149 6692 6089
f 5410 6087 6149
f 6087 5410 5408
f 5408 5410 68
f 6149 6089 5457
f 6149 5457 5410
f 5457 6089 5459
f 68 5410 26
f 26 5410 5457
f 68 26 687
f 687 26 712
f 26 5457 4767
f 4767 5457 5459
f 26 4767 712
f 4767 5459 4769
f 712 4767 740
f 740 4767 4769
f 712 740 1397
f 1397 740 1472
f 740 4769 795
f 740 795 1472
f 795 4769 897
f 1472 795 1572
f 1572 795 897
f 1572 897 1742
f 4771 4773 742
f 4771 742 714
f 4771 714 897
f 897 714 1302
f 897 1302 1742
f 28 4771 897
f 90 524 117
f 424 485 352
f 424 352 236
f 424 236 309
f 66 309 24
f 24 309 236
f 4993 66 24
f 4993 24 4979
f 4993 4979 5293
f 5293 4979 5230
f 5293 5230 5406
f 5406 5230 5365
f 24 4765 4965
f 24 4965 4979
f 4979 4965 5230
f 5230 4965 5158
f 5230 5158 5365
f 5365 5158 5266
f 5365 5266 5264
f 5365 5264 5361
f 5264 5266 5204
f 5361 5264 5119
f 5361 5119 5262
f 5262 5119 5027
f 5204 5266 5206
f 5206 5266 5158
f 5206 5158 5084
f 5084 5158 4977
f 5206 5084 4939
f 4939 5084 4977
f 4939 4977 4857
f 4939 4857 64
f 4939 64 187
f 4965 4765 4857
f 4965 4857 4977
f 4965 4977 5158
f 4993 5293 5311
f 5311 5293 5405
f 5405 5293 5406
f 5311 5405 5379
f 5379 5405 5363
f 5363 5405 5377
f 5377 5405 5406
f 5156 5363 5377
f 5331 5377 5428
f 5377 5331 5291
f 5377 5291 5156
f 5291 5331 5117
f 5156 5291 5082
f 5082 5291 5117
f 5156 5082 4855
f 5082 5117 4873
f 5082 4873 4855
f 4855 4873 230
f 4873 5117 4904
f 4873 4904 84
f 84 4904 109
f 84 109 270
f 270 109 305
f 270 305 390
f 456 417 580
f 5428 5377 5406
f 5428 5406 5365
f 5428 5365 5361
f 5331 5428 5361
f 5331 5361 5262
f 5331 5262 5117
f 5117 5262 5027
f 5117 5027 4904
f 4904 5027 4805
f 4904 4805 109
f 109 4805 206
f 109 206 305
f 5264 5204 5119
f 5204 5206 4963
f 4963 5206 5029
f 5029 5206 4939
f 5204 4963 4937
f 5204 4937 5119
f 5029 4939 4812
f 5029 4812 4963
f 4812 4939 187
f 4963 4812 4763
f 4763 4812 187
f 4763 187 115
f 4963 4763 4878
f 4963 4878 4876
f 4937 4963 4876
f 5119 4937 4807
f 5119 4807 4935
f 4935 4807 62
f 4935 62 5027
f 5027 62 4805
f 4805 62 272
f 4805 272 206
f 206 272 419
f 206 419 305
f 419 272 481
f 305 419 479
f 479 419 605
f 605 419 481
f 479 605 768
f 768 605 770
f 770 605 481
f 770 481 654
f 5119 4935 5027
f 4807 4937 4809
f 4809 4937 4876
f 4807 4809 148
f 148 4809 111
f 148 111 232
f 111 4809 4759
f 232 111 208
f 232 208 344
f 208 111 113
f 113 111 4759
f 113 4759 4875
f 62 4807 86
f 62 86 272
f 272 86 274
f 272 274 481
f 481 274 393
f 86 4807 148
f 86 148 274
f 274 148 307
f 274 307 393
f 4873 84 230
f 230 84 270
f 230 270 390
f 230 390 368
f 368 390 580
f 390 305 479
f 390 479 580
f 580 479 768
f 654 481 393
f 483 654 393
f 422 483 420
f 422 420 396
f 422 396 398
f 396 420 346
f 396 346 348
f 420 483 393
f 420 393 344
f 420 344 208
f 420 208 346
f 656 422 398
f 393 307 344
f 307 148 232
f 307 232 344
f 4759 4809 4876
f 4759 4876 4875
f 4875 4876 4878
f 4875 4878 4907
f 346 208 113
f 346 113 210
f 346 210 348
f 348 210 276
f 210 113 4875
f 276 210 88
f 88 210 4875
f 88 4875 4907
f 4907 4878 4763
f 4907 4763 4761
f 4761 4763 115
f 4761 115 150
f 150 115 187
f 88 4907 4761
f 88 4761 276
f 276 4761 150
f 521 737 841
f 521 841 267
f 4802 21 267
f 4802 267 145
f 5374 5306 5889
f 5889 5306 5201
f 5374 5889 5914
f 5374 5914 5509
f 5914 5889 6364
f 5509 5914 6060
f 5509 6060 5599
f 5914 6364 6326
f 5914 6326 6060
f 6326 6364 6578
f 6326 6578 6576
f 6326 6576 6478
f 6326 6478 6060
f 6478 6576 6761
f 6478 6761 6685
f 6478 6685 6362
f 6478 6362 6060
f 6060 6362 5986
f 5601 5988 6084
f 5986 5599 6060
f 6723 6362 6685
f 6723 6685 6902
f 6723 6902 7018
f 7018 6902 7118
f 7118 6902 6901
f 7118 6901 7019
f 7019 6901 6903
f 7019 6903 6724
f 6724 6903 6686
f 6724 6686 6363
f 6685 6761 6902
f 6902 6761 6760
f 6902 6760 6901
f 6901 6760 6762
f 6901 6762 6903
f 6760 6761 6576
f 6760 6576 6619
f 6619 6576 6657
f 6657 6576 6578
f 6760 6619 6577
f 6577 6619 6657
f 6760 6577 6762
f 6577 6657 6579
f 6579 6657 7020
f 6577 6579 6365
f 6577 6365 6327
f 6578 6364 6971
f 7511 7543 6971
f 6971 6364 6687
f 6971 6687 7511
f 6687 6364 6284
f 6284 6364 5889
f 7511 6687 7200
f 7200 6687 6284
f 7511 7200 8067
f 5201 5511 5889
f 5889 5511 6284
f 6284 5511 5916
f 8067 7200 7681
f 6284 5916 6248
f 8067 7681 8214
f 6248 5916 5541
f 6689 7200 6284
f 7200 6689 7681
f 6689 6284 6248
f 6248 5541 5853
f 7681 6689 7087
f 7087 6689 6248
f 7997 8214 7681
f 7997 7681 7087
f 8214 7997 8257
f 8257 7997 8089
f 6248 5853 6511
f 6248 6511 7087
f 6511 5853 5990
f 6511 5990 6580
f 6511 6580 7087
f 8089 7997 7634
f 7634 7997 7087
f 8089 7634 7905
f 8089 7905 8216
f 7634 7087 7290
f 7290 7087 6580
f 7634 7290 7905
f 7905 7290 7731
f 7290 6580 7239
f 7290 7239 7683
f 6657 6578 7020
f 7020 6578 6971
f 7020 6971 7543
f 7543 7511 8039
f 8039 7511 8067
f 7543 8039 8068
f 7543 8068 7512
f 6972 7512 7201
f 7201 7512 7682
f 7682 7512 8068
f 7682 8068 7998
f 7682 7998 7635
f 7635 7998 8090
f 7635 8090 7906
f 8090 7998 8215
f 8215 7998 8068
f 8090 8215 8258
f 8215 8068 8335
f 8215 8335 8258
f 8335 8068 8039
f 8258 8335 8384
f 8384 8335 8440
f 8384 8440 8474
f 8335 8039 8256
f 8335 8256 8440
f 8256 8039 8067
f 8474 8440 8476
f 8256 8067 8334
f 8334 8067 8214
f 8334 8214 8383
f 8383 8214 8257
f 8256 8334 8472
f 8256 8472 8440
f 8334 8383 8438
f 8334 8438 8472
f 8438 8383 8473
f 8440 8472 8478
f 8440 8478 8476
f 8472 8438 8553
f 8472 8553 8478
f 8438 8473 8477
f 8438 8477 8553
f 8477 8473 8475
f 8477 8475 8479
f 8476 8478 8520
f 8476 8520 8480
f 8478 8553 8556
f 8556 8553 8477
f 8478 8556 8520
f 8480 8520 8443
f 8556 8477 8519
f 8519 8477 8479
f 8520 8556 8446
f 8446 8556 8519
f 8443 8520 8524
f 8524 8520 8446
f 8443 8524 8343
f 8519 8479 8523
f 8519 8523 8446
f 8523 8479 8442
f 8523 8442 8342
f 8523 8342 8389
f 8389 8342 8263
f 8523 8389 8296
f 8523 8296 8446
f 8446 8296 8390
f 8446 8390 8524
f 8524 8390 8264
f 8524 8264 8343
f 8264 8390 8094
f 8264 8094 7824
f 8343 8264 8041
f 8041 8264 7824
f 8343 8041 8128
f 8041 7824 7869
f 8041 7869 8128
f 7869 7824 7639
f 7869 7639 7293
f 8128 7869 8004
f 8004 7869 7779
f 7779 7869 7637
f 7512 7020 7543
f 7020 7512 6972
f 7020 6972 6579
f 6579 6972 6688
f 6579 6688 6365
f 6577 6327 6479
f 6577 6479 6762
f 7906 8090 8072
f 7323 7684 7779
f 7323 7779 7203
f 6087 6728 6149
f 7637 7203 7779
f 7293 7637 7869
f 7583 7824 8094
f 8128 8004 8445
f 8128 8445 8343
f 8445 8004 8262
f 8445 8262 8522
f 8522 8262 8388
f 8343 8445 8558
f 8558 8445 8522
f 8558 8522 8634
f 8558 8634 8727
f 8558 8727 8632
f 8558 8632 8443
f 8632 8727 8776
f 8632 8776 8685
f 8004 7779 8262
f 8262 7779 8092
f 8092 7779 7684
f 8092 7684 8002
f 8092 8002 8172
f 8092 8172 8260
f 8092 8260 8262
f 8262 8260 8388
f 8388 8260 8778
f 8778 8260 8555
f 8555 8260 8386
f 8386 8260 8172
f 8555 8386 8518
f 8518 8386 8341
f 8388 8778 8522
f 8522 8778 8916
f 8522 8916 8998
f 8522 8998 8634
f 8634 8998 8727
f 8727 8998 9054
f 9054 8998 9320
f 9054 9320 9336
f 9320 8998 9234
f 9234 8998 8916
f 9234 8916 9081
f 9081 8916 8728
f 9234 9081 9504
f 9504 9081 9382
f 8386 8172 8341
f 8341 8172 8170
f 8341 8170 8339
f 8339 8170 8219
f 8339 8219 8382
f 8518 8341 8221
f 8221 8341 8339
f 8221 8339 8337
f 8337 8339 8382
f 8337 8382 8471
f 8471 8382 8512
f 8221 8337 8168
f 8221 8168 8441
f 8441 8168 8295
f 8168 8337 8126
f 8168 8126 8070
f 8070 8126 7996
f 8070 7996 7904
f 7904 7996 8066
f 8066 7996 8293
f 7904 8066 7994
f 8590 8471 8512
f 8471 8590 8723
f 8590 8512 8845
f 8590 8845 8723
f 8845 8512 8774
f 8723 8845 8912
f 8555 8518 8683
f 8683 8518 8221
f 8683 8221 8441
f 8683 8441 8995
f 8995 8441 8847
f 8683 8995 9164
f 8683 9164 8914
f 8683 8914 8555
f 8914 9164 9081
f 8914 9081 8555
f 9081 9164 9382
f 8555 9081 8728
f 8217 8090 8258
f 8217 8258 8378
f 8219 8381 8382
f 8381 8217 8378
f 8381 8378 8514
f 8514 8378 8516
f 8378 8258 8516
f 8516 8258 8384
f 8516 8384 8594
f 8594 8384 8474
f 8594 8474 8681
f 8681 8474 8476
f 8381 8514 8512
f 8381 8512 8382
f 8514 8516 8591
f 8591 8516 8679
f 8514 8591 8774
f 8774 8591 8679
f 9052 8845 8774
f 9052 8774 8971
f 8971 8774 8679
f 8971 8679 8725
f 8971 8725 8994
f 8971 8994 9205
f 8514 8774 8512
f 8516 8594 8679
f 8679 8594 8725
f 8725 8594 8681
f 8725 8681 8776
f 8776 8681 8685
f 8681 8476 8685
f 8685 8476 8480
f 8685 8480 8632
f 8632 8480 8443
f 8725 8776 9021
f 8725 9021 8994
f 9021 8776 9054
f 9054 8776 8727
f 8558 8443 8343
f 5485 6209 6150
f 6150 6209 6865
f 5485 6150 5483
f 6150 6865 6693
f 5483 6150 6109
f 6109 6150 6693
f 5483 6109 5458
f 6693 6865 7463
f 5458 6109 6088
f 5458 6088 5456
f 6109 6693 6658
f 6109 6658 6088
f 6693 7463 7241
f 6693 7241 6658
f 7241 7463 7638
f 7638 7463 7823
f 6658 7241 7045
f 7241 7638 7292
f 7241 7292 7045
f 6658 7045 6691
f 6658 6691 6088
f 6691 7045 7292
f 6148 5456 6088
f 6148 6088 6691
f 5456 6148 5409
f 6148 6691 6727
f 6727 6691 7292
f 5409 6148 6086
f 6086 6148 6727
f 5409 6086 5407
f 5407 6086 6022
f 6022 6086 6725
f 6725 6086 6727
f 6725 6727 7202
f 7202 6727 7292
f 6725 7202 7322
f 7322 7202 7636
f 7636 7202 7292
f 7322 7636 7778
f 7636 7292 7868
f 7636 7868 7778
f 7868 7292 7638
f 7778 7868 8003
f 8003 7868 8127
f 7868 7638 7823
f 8127 7868 8040
f 8040 7868 7823
f 8127 8040 8263
f 8263 8040 7823
f 8127 8263 8342
f 8263 7823 8093
f 8093 7823 7582
f 8093 8095 8263
f 8003 8127 8444
f 8003 8444 8261
f 8444 8127 8342
f 8444 8342 8557
f 8557 8342 8442
f 8444 8557 8521
f 8521 8557 8633
f 8557 8442 8631
f 8557 8631 8633
f 8633 8631 8726
f 8726 8631 8775
f 8775 8631 8684
f 8003 8261 7778
f 8261 8444 8521
f 8261 8521 8387
f 8261 8387 8091
f 8261 8091 7778
f 8091 8387 8259
f 8091 8259 8001
f 8001 8259 8171
f 8442 8479 8631
f 8631 8479 8684
f 8684 8479 8680
f 8680 8479 8475
f 8515 8383 8257
f 8515 8257 8377
f 8383 8515 8473
f 8473 8515 8593
f 8473 8593 8680
f 8473 8680 8475
f 8257 8089 8377
f 8377 8089 8216
f 8377 8216 8513
f 8513 8216 8379
f 8379 8216 8071
f 8379 8071 8218
f 8218 8071 7999
f 8218 7999 8169
f 8377 8513 8515
f 8515 8513 8592
f 8515 8592 8678
f 8515 8678 8593
f 8593 8678 8724
f 8593 8724 8680
f 8680 8724 8775
f 8680 8775 8684
f 8216 7905 8071
f 8592 8513 8773
f 8592 8773 8678
f 8678 8773 8970
f 8678 8970 8724
f 8724 8970 8992
f 8773 8513 8379
f 8775 8724 8992
f 8775 8992 9020
f 8775 9020 9053
f 8775 9053 8726
f 8726 9053 8633
f 8633 9053 8997
f 8633 8997 8521
f 8521 8997 8915
f 8521 8915 8387
f 8387 8915 8777
f 8777 8915 9080
f 9335 8996 9053
f 8996 9335 9319
f 8996 9319 8915
f 8915 9319 9233
f 8915 9233 9080
f 9080 9233 9503
f 9080 9503 9381
f 8387 8777 8259
f 8259 8777 8554
f 8554 8777 8913
f 8913 8777 9080
f 8913 9080 9381
f 8554 8913 8517
f 8554 8517 8385
f 8554 8385 8259
f 8259 8385 8171
f 8171 8385 8340
f 8091 8001 7683
f 8091 7683 7778
f 7683 8001 7731
f 7731 8001 7999
f 7731 7999 8071
f 7731 8071 7905
f 7778 7683 7239
f 8001 8171 7999
f 7999 8171 8169
f 7683 7731 7290
f 8379 8218 8511
f 8379 8511 8773
f 8773 8511 8844
f 8844 8511 8589
f 8844 8589 8722
f 8773 8844 9051
f 8773 9051 8970
f 9204 8992 8970
f 9204 8970 9202
f 9202 8970 9051
f 9202 9051 9290
f 9290 9051 9078
f 9078 9051 8844
f 9290 9078 9363
f 9363 9078 9430
f 9078 8844 8911
f 8911 8844 8722
f 9430 9078 9161
f 9161 9078 8911
f 9430 9161 9188
f 9161 8911 8968
f 9161 8968 9188
f 8968 8911 8722
f 9430 9188 9474
f 9474 9188 9361
f 9474 9361 9522
f 9522 9361 9453
f 9522 9453 9592
f 8968 8722 8585
f 8585 8722 8292
f 8585 8292 8468
f 8292 8722 8332
f 8468 8292 8290
f 8468 8290 8507
f 8290 8292 8065
f 8065 8292 8332
f 8065 8332 7995
f 8218 8169 8338
f 8218 8338 8380
f 8218 8380 8511
f 8338 8169 8171
f 8511 8380 8470
f 8470 8380 8338
f 8511 8470 8589
f 8589 8470 8722
f 9204 9202 9365
f 9365 9202 9290
f 9363 9477 9290
f 9290 9477 9365
f 9204 9365 9292
f 9204 9292 8992
f 8992 9292 9022
f 9022 9292 9335
f 9022 9335 9053
f 9335 9292 9566
f 9292 9365 9479
f 9292 9479 9566
f 9479 9365 9656
f 9479 9656 9566
f 9656 9365 9477
f 9566 9656 9785
f 9656 9477 9609
f 9785 9656 9999
f 9656 9609 9783
f 9656 9783 9999
f 9319 9335 9566
f 9319 9566 9534
f 9319 9534 9233
f 9233 9534 9503
f 9534 9566 9787
f 9787 9566 9785
f 9787 9785 10045
f 10045 9785 9999
f 9534 9787 9674
f 9534 9674 9503
f 9503 9674 9381
f 9381 9674 9594
f 9594 9674 9672
f 9672 9674 9760
f 8913 9381 9163
f 9787 10045 9760
f 9760 10045 10121
f 9787 9760 9674
f 10045 9999 10121
f 10121 9999 10072
f 10072 9999 9783
f 10072 9783 9842
f 10072 9842 9997
f 10072 9997 9957
f 10072 9957 10121
f 9957 9997 10042
f 10121 9957 9915
f 10121 9915 9959
f 9915 9957 9758
f 9381 9594 9316
f 9381 9316 9163
f 9316 9594 9455
f 9316 9455 9200
f 9200 9455 9231
f 9455 9594 9672
f 9231 9455 9502
f 9455 9672 9654
f 9455 9654 9502
f 9654 9672 9760
f 9502 9654 9704
f 9704 9654 9760
f 9502 9704 9500
f 9704 9760 9959
f 9500 9704 9744
f 9744 9704 9959
f 9744 9959 9915
f 9500 9744 9472
f 9472 9744 9700
f 9163 9316 8993
f 9163 8993 8913
f 8913 8993 8682
f 8993 9316 8846
f 8993 8846 8682
f 8846 9316 9200
f 8682 8846 8439
f 8846 9200 8676
f 8846 8676 8439
f 8676 9200 8990
f 8439 8676 8294
f 8913 8682 8517
f 8517 8682 8439
f 8517 8439 8220
f 8220 8439 8294
f 8517 8220 8340
f 8517 8340 8385
f 8340 8220 8338
f 8340 8338 8171
f 8338 8220 8167
f 8167 8220 8294
f 8338 8167 8336
f 8167 8294 8069
f 8069 8294 8165
f 8069 8165 7903
f 8069 7903 8125
f 8125 7903 7995
f 7903 8165 7993
f 7903 7993 7995
f 7993 8165 8212
f 7995 7993 8065
f 8338 8336 8470
f 8167 8069 8336
f 8336 8069 8125
f 8336 8125 8470
f 8470 8125 7995
f 8470 7995 8332
f 8470 8332 8722
f 8065 7993 8254
f 8065 8254 8290
f 8290 8254 8507
f 8507 8254 8375
f 8375 8254 8435
f 8435 8254 7993
f 8435 7993 8212
f 8435 8212 8509
f 8585 8468 8434
f 8434 8468 8507
f 8434 8507 8466
f 8585 8434 8882
f 8882 8434 8840
f 8585 8882 8968
f 8968 8882 9188
f 9188 8882 9198
f 9188 9198 9361
f 9198 8882 8840
f 9198 8840 8880
f 9361 9198 9496
f 9496 9198 9288
f 9496 9288 9588
f 9588 9288 9356
f 9588 9356 9670
f 9496 9588 9592
f 9496 9592 9453
f 9592 9588 9754
f 9754 9588 9670
f 9754 9670 9882
f 9477 9363 9609
f 9609 9363 9430
f 9609 9430 9702
f 9702 9430 9474
f 9702 9474 9807
f 9807 9474 9840
f 9840 9474 9522
f 9840 9522 9592
f 9840 9592 9756
f 9756 9592 9698
f 9756 9698 9781
f 9756 9781 10040
f 9756 10040 10151
f 10040 9781 10038
f 9783 9609 9842
f 9842 9609 9702
f 9842 9702 10071
f 9842 10071 9997
f 9997 10071 10151
f 9997 10151 10042
f 10071 9702 9807
f 10151 10071 9807
f 10151 9807 9840
f 10151 9840 9756
f 9453 9361 9496
f 8840 8434 8466
f 8840 8466 8880
f 8880 8466 9075
f 9075 8466 8769
f 9075 8769 9049
f 9075 9049 9186
f 9075 9186 9400
f 9400 9186 9286
f 9075 9400 9356
f 9075 9356 9288
f 9400 9286 9452
f 9452 9286 9379
f 9288 9198 8880
f 9288 8880 9075
f 9592 9754 9698
f 9698 9754 9781
f 9781 9754 9882
f 9781 9882 9913
f 9913 9882 10149
f 10149 9882 10036
f 10151 10040 9955
f 10151 9955 10042
f 10042 9955 9805
f 9955 10040 10038
f 9955 10038 9884
f 9884 10038 9801
f 9801 10038 9880
f 9880 10038 9781
f 9880 9781 9803
f 9880 9803 9838
f 9880 9838 9801
f 9801 9838 9836
f 9836 9838 9799
f 9955 9884 9805
f 9805 9884 9590
f 9805 9590 9564
f 9805 9564 9758
f 9805 9758 10042
f 10042 9758 9957
f 9590 9884 9586
f 9590 9586 9354
f 9586 9884 9801
f 9586 9801 9652
f 9586 9652 9398
f 9652 9801 9836
f 9398 9652 9428
f 9652 9836 9668
f 9652 9668 9428
f 9803 9781 9913
f 9803 9913 10149
f 9803 10149 10069
f 10069 10149 10147
f 10147 10149 10230
f 9803 10069 9838
f 9838 10069 9799
f 9799 10069 10147
f 9799 10147 9797
f 9797 10147 10067
f 9797 10067 9911
f 9911 10067 10175
f 9911 10175 9993
f 9993 10175 10173
f 9911 9993 9650
f 9650 9993 9648
f 9882 9670 9723
f 9882 9723 10036
f 10149 10036 10230
f 10230 10036 10034
f 10147 10230 10067
f 10067 10230 10106
f 10106 10230 10034
f 10106 10034 9995
f 10106 9995 10119
f 10106 10119 10175
f 10175 10119 10173
f 10173 10119 10031
f 10173 10031 10029
f 10029 10031 9947
f 10029 9947 9857
f 9723 9670 9452
f 10036 9723 9721
f 9721 9723 9452
f 10036 9721 10034
f 10034 9721 9696
f 10034 9696 9833
f 10067 10106 10175
f 9696 9721 9520
f 9520 9721 9452
f 9995 10034 9835
f 9995 9835 9909
f 9995 9909 10119
f 10119 9909 10031
f 9719 9833 9696
f 9833 9719 9779
f 9833 9779 9953
f 9833 9953 9909
f 9719 9696 9520
f 9719 9520 9494
f 9719 9494 9492
f 9719 9492 9779
f 9779 9492 9560
f 9779 9560 9858
f 9993 10173 10029
f 9909 9953 9951
f 9909 9951 10032
f 10032 9951 9947
f 9951 9953 9949
f 9949 9953 9779
f 9949 9779 9858
f 9949 9858 9907
f 9947 9951 10171
f 9947 10171 10104
f 10104 10171 10265
f 9947 10104 9857
f 10104 10265 10101
f 9857 10104 9826
f 9826 10104 10101
f 9826 10101 9853
f 9951 9949 10145
f 9951 10145 10171
f 10171 10145 10265
f 10265 10145 10257
f 9949 9907 10145
f 10145 9907 10257
f 10257 9907 10065
f 10065 9907 9777
f 9858 9560 9907
f 9907 9560 9646
f 9907 9646 9777
f 9777 9646 9558
f 10029 9857 9831
f 10029 9831 9905
f 9905 9831 9648
f 9905 9648 9993
f 9857 9826 9945
f 9945 9826 9878
f 9857 9945 9831
f 10029 9905 9993
f 9945 9878 9742
f 9945 9742 9774
f 9831 9945 9717
f 9717 9945 9774
f 9831 9717 9648
f 9648 9717 9422
f 9648 9422 9424
f 9424 9422 9258
f 9424 9258 9426
f 9424 9426 9650
f 9650 9426 9607
f 9650 9607 9911
f 9607 9426 9408
f 9911 9607 9797
f 9607 9408 9562
f 9607 9562 9797
f 9422 9717 9774
f 9422 9774 9469
f 9469 9774 9742
f 9469 9742 9490
f 9490 9742 9530
f 9530 9742 9692
f 9490 9530 9406
f 9469 9490 9392
f 9422 9469 9377
f 9377 9469 9392
f 9377 9392 9280
f 9377 9280 9312
f 9280 9392 9308
f 9312 9280 9282
f 9280 9308 9352
f 9280 9352 9282
f 9308 9392 9375
f 9375 9392 9406
f 9406 9392 9490
f 9375 9406 9387
f 9375 9387 9331
f 9375 9331 9389
f 9331 9387 9440
f 9331 9440 9385
f 9391 9352 9389
f 9352 9391 9221
f 9352 9221 9282
f 9282 9221 9124
f 9282 9124 9155
f 9155 9124 9182
f 9182 9124 9196
f 9155 9182 9073
f 9648 9424 9650
f 9406 9530 9556
f 9556 9530 9692
f 9406 9556 9387
f 9556 9692 9752
f 9387 9556 9634
f 9634 9556 9752
f 9387 9634 9440
f 9634 9752 9872
f 9634 9872 9987
f 9634 9987 9736
f 9692 9742 9854
f 9258 9422 9223
f 9258 9223 9256
f 9223 9422 9377
f 9223 9377 9256
f 9256 9377 9312
f 9311 9282 9256
f 9256 9282 9126
f 9126 9282 9155
f 9256 9126 9015
f 9126 9155 8942
f 9126 8942 9015
f 9015 8942 8718
f 9015 8718 8836
f 9258 9256 9015
f 9258 9015 9184
f 9258 9184 9426
f 9184 9015 8836
f 9352 9308 9389
f 9389 9308 9375
f 9389 9331 9444
f 9444 9331 9385
f 9444 9385 9467
f 9444 9467 9553
f 9467 9385 9580
f 9467 9580 9553
f 9580 9385 9514
f 9553 9580 9690
f 9690 9580 9715
f 9690 9715 9851
f 9715 9580 9642
f 9715 9642 9768
f 9851 9715 9868
f 9868 9715 9943
f 9943 9715 9818
f 9391 9389 9444
f 9391 9444 9443
f 9443 9444 9553
f 9350 9443 9442
f 9442 9443 9528
f 9528 9443 9553
f 9442 9528 9552
f 9552 9528 9664
f 9528 9553 9644
f 9528 9644 9664
f 9644 9553 9690
f 9664 9644 9770
f 9770 9644 9690
f 9770 9690 9851
f 9770 9851 9984
f 9664 9770 9795
f 9795 9770 9899
f 9795 9899 9941
f 9795 9941 10086
f 9941 9899 10115
f 10115 9899 10088
f 9385 9440 9514
f 9514 9440 9550
f 9514 9550 9688
f 9514 9688 9642
f 9514 9642 9580
f 9642 9688 9793
f 9642 9793 9768
f 9768 9793 9897
f 9897 9793 9979
f 9550 9440 9634
f 9550 9634 9736
f 9550 9736 9688
f 9688 9736 9820
f 9688 9820 9793
f 9820 9736 10059
f 10059 9736 9987
f 9820 10059 10092
f 9793 9820 9900
f 9900 9820 10092
f 9793 9900 9979
f 9979 9900 10092
f 9872 9752 9991
f 9872 9991 10139
f 9872 10139 9987
f 9987 10139 10221
f 9987 10221 10059
f 9752 9692 9822
f 9752 9822 9991
f 9822 9692 9854
f 10139 9991 10223
f 10139 10223 10221
f 10223 9991 10061
f 10223 10061 9903
f 10223 9903 10137
f 9903 10061 9874
f 9874 10061 9991
f 9874 9991 9822
f 9874 9822 9854
f 9874 9854 9903
f 9903 9854 9853
f 9853 9854 9826
f 10261 10221 10223
f 10261 10223 10137
f 10221 10261 10196
f 10261 10137 10169
f 10196 10261 10255
f 10255 10261 10169
f 10196 10255 10165
f 10255 10169 10167
f 10165 10255 10191
f 10191 10255 10167
f 10165 10191 10117
f 10191 10167 10133
f 10196 10059 10221
f 10059 10196 10165
f 10059 10165 10092
f 10092 10165 9979
f 9979 10165 10117
f 10191 10133 10117
f 9979 10117 9897
f 9897 10117 10090
f 9897 10090 9981
f 9897 9981 9768
f 9768 9981 9818
f 10117 10133 10090
f 10133 10167 10055
f 10055 10167 10169
f 10055 10169 10023
f 10055 10023 9868
f 9868 10023 9851
f 10133 10055 10053
f 10053 10055 9868
f 10133 10053 10090
f 10053 9868 9943
f 10090 10053 9981
f 9981 10053 9943
f 9981 9943 9818
f 9715 9768 9818
f 9851 10023 10057
f 10057 10023 10169
f 10057 10169 10193
f 10057 10193 10216
f 9851 10057 9984
f 10057 10216 10094
f 10057 10094 9984
f 10094 10216 10215
f 9984 10094 10088
f 10088 10094 10215
f 9984 10088 9899
f 9984 9899 9770
f 10088 10215 10115
f 10115 10215 10271
f 9941 10115 10212
f 10212 10115 10271
f 10212 10271 10299
f 9941 10212 10086
f 10086 10212 10251
f 9795 10086 9983
f 9795 9983 9870
f 9795 9870 9664
f 9664 9870 9552
f 9552 9870 9772
f 9552 9772 9738
f 9552 9738 9582
f 9552 9582 9516
f 9552 9516 9442
f 9516 9582 9418
f 9391 9443 9350
f 9391 9350 9221
f 9221 9350 9307
f 9307 9350 9418
f 9221 9307 9196
f 9221 9196 9124
f 9350 9442 9418
f 9442 9516 9418
f 9418 9582 9584
f 9584 9582 9738
f 9584 9738 9740
f 9307 9418 9518
f 9307 9518 9196
f 9196 9518 9420
f 9518 9418 9584
f 9518 9584 9694
f 9518 9694 9420
f 9772 9870 10219
f 9772 10219 10135
f 10219 9870 9983
f 10135 10219 10321
f 10135 10321 10305
f 10321 10219 10253
f 10253 10219 9983
f 10321 10253 10319
f 10253 9983 10251
f 10253 10251 10319
f 10251 9983 10086
f 10319 10251 10299
f 10299 10251 10212
f 9182 9196 9420
f 8942 9155 9073
f 8942 9073 8944
f 8942 8944 8718
f 8718 8944 8946
f 8718 8946 8623
f 8623 8946 8838
f 8946 8944 9128
f 9128 8944 9073
f 9128 9073 9260
f 9128 9260 8966
f 9260 9073 9225
f 9260 9225 9396
f 9260 9396 9448
f 9073 9182 9225
f 9225 9182 9396
f 9396 9182 9394
f 8946 9128 8966
f 9394 9182 9420
f 9396 9394 9558
f 9558 9394 9420
f 9558 9420 9666
f 9666 9420 9694
f 9666 9694 9824
f 9824 9694 9740
f 9824 9740 9876
f 9824 9876 10063
f 9876 9740 9989
f 9876 9989 10063
f 9989 9740 9738
f 10063 9989 10225
f 9989 9738 9772
f 10225 9989 10305
f 9989 9772 10135
f 9989 10135 10305
f 8838 8946 8966
f 9448 9396 9558
f 9045 8966 9260
f 8966 9045 8668
f 8668 9045 8878
f 8966 8668 8838
f 9260 9448 9333
f 9260 9333 9227
f 9260 9227 9045
f 9045 9227 9130
f 9045 9130 8878
f 8878 9130 9103
f 8878 9103 8670
f 8670 9103 9047
f 8670 9047 8625
f 8878 8670 8668
f 8668 8670 8501
f 9333 9448 9560
f 9560 9448 9646
f 9646 9448 9558
f 9333 9560 9492
f 9333 9492 9227
f 9492 9494 9227
f 9227 9494 9284
f 9284 9494 9520
f 9227 9284 9130
f 9130 9284 9103
f 9103 9284 9379
f 9284 9520 9379
f 9379 9520 9452
f 9103 9379 9047
f 9047 9379 9286
f 9047 9286 9049
f 9400 9452 9670
f 9400 9670 9356
f 9286 9186 9049
f 9049 8769 8810
f 8810 8769 8507
f 8507 8769 8466
f 9047 9049 8625
f 8625 9049 8766
f 8766 9049 8768
f 8670 8625 8501
f 8501 8625 8503
f 8503 8625 8766
f 8501 8503 8672
f 8503 8766 8627
f 8627 8766 8768
f 8503 8627 8720
f 8503 8720 8672
f 8672 8720 8953
f 8668 8501 8838
f 8838 8501 8672
f 8838 8672 8950
f 8950 8672 8953
f 8838 8950 8808
f 8838 8808 8623
f 8808 8950 8948
f 8623 8808 8806
f 8806 8808 8948
f 8623 8806 8836
f 8623 8836 8718
f 8948 8950 8907
f 8948 8907 9132
f 8907 8950 8953
f 9132 8907 9134
f 8907 8953 8988
f 8907 8988 9134
f 8988 8953 9105
f 8988 9105 9134
f 8720 8627 8432
f 8720 8432 8674
f 8720 8674 8953
f 8674 8432 8123
f 8674 8123 8505
f 8123 8432 8286
f 8286 8432 8627
f 8286 8627 8768
f 8286 8768 8288
f 8286 8288 8123
f 8123 8288 8163
f 8163 8288 8375
f 8123 8163 8505
f 8163 8375 8435
f 8505 8163 8551
f 8163 8435 8509
f 8163 8509 8551
f 8551 8509 8771
f 8771 8509 8842
f 8842 8509 8629
f 8842 8629 8909
f 8288 8768 8507
f 8288 8507 8375
f 8212 8165 8629
f 8629 8165 8587
f 8629 8587 8909
f 8909 8587 8990
f 8990 8587 8676
f 8909 8990 9231
f 9231 8990 9200
f 8212 8629 8509
f 8587 8165 8294
f 8587 8294 8676
f 8909 9231 9229
f 9229 9231 9502
f 8909 9229 8842
f 9229 9502 9500
f 8842 9229 9189
f 9189 9229 9500
f 8842 9189 8771
f 9189 9500 9472
f 8551 8771 9136
f 9136 8771 9189
f 8551 9136 9076
f 8551 9076 8505
f 9136 9189 9402
f 9136 9402 9076
f 9076 9402 9359
f 9359 9402 9498
f 9359 9498 9532
f 9532 9498 9758
f 9498 9402 9700
f 9498 9700 9758
f 9700 9402 9472
f 9758 9700 9915
f 9915 9700 9744
f 9959 9760 10121
f 9189 9472 9402
f 9532 9758 9564
f 9532 9564 9358
f 9358 9564 9314
f 9314 9564 9590
f 9314 9590 9354
f 9314 9354 9105
f 9105 9354 9134
f 9134 9354 9398
f 9398 9354 9586
f 9134 9398 9132
f 9132 9398 9428
f 9018 9076 9358
f 9018 9358 9314
f 9076 9018 8505
f 8505 9018 8674
f 8674 9018 9105
f 8674 9105 8953
f 9105 9018 9314
f 8948 9132 9159
f 9159 9132 9428
f 9159 9428 9450
f 9159 9450 9157
f 9159 9157 8806
f 9157 9450 9408
f 8806 8948 9159
f 9668 9836 9799
f 9668 9799 9636
f 9668 9636 9450
f 9668 9450 9428
f 9450 9636 9562
f 9450 9562 9408
f 9636 9799 9797
f 9157 8836 8806
f 8836 9157 9184
f 9184 9157 9408
f 9184 9408 9426
f 9562 9636 9797
f 3810 3878 3958
f 3810 3958 3906
f 3958 3878 3905
f 3958 3905 3980
f 3980 3905 3879
f 3980 3879 3959
f 3810 3906 3856
f 3760 3764 3854
f 3760 3854 3880
f 3880 3854 3981
f 3854 3764 3908
f 3908 3764 3856
f 3854 3908 3981
f 3981 3908 3961
f 3961 3908 3856
f 3981 3961 4012
f 3961 3856 3960
f 3961 3960 4012
f 3981 4012 4051
f 3960 3856 3906
f 3960 3906 3958
f 4051 4012 4027
f 4027 4012 3960
f 4027 3960 3958
f 4051 4027 4119
f 2827 2805 2724
f 2805 2827 2939
f 2805 2939 2914
f 2914 2939 3013
f 3013 2939 3035
f 3013 3035 3134
f 2827 2724 2762
f 2762 2724 2764
f 2764 2724 2805
f 2827 2762 2910
f 2827 2910 2939
f 2939 2910 3064
f 2939 3064 3216
f 2939 3216 3035
f 2910 2762 2764
f 2910 2764 2881
f 2910 2881 3064
f 3064 2881 3033
f 3064 3033 3216
f 2881 2764 2805
f 2881 2805 3033
f 3033 2805 2914
f 3033 2914 3172
f 3172 2914 3013
f 3172 3013 3099
f 3172 3099 3287
f 3033 3172 3216
f 3216 3172 3287
f 3216 3287 3326
f 3326 3287 3328
f 3134 3035 3216
f 3134 3216 3326
f 3134 3326 3218
f 3218 3326 3392
f 3218 3392 3249
f 3249 3392 3445
f 3099 3013 3134
f 3099 3134 3136
f 3099 3136 3287
f 3287 3136 3328
f 3328 3136 3178
f 3328 3178 3366
f 3366 3178 3180
f 3366 3180 3368
f 3368 3180 3220
f 3134 3218 3136
f 3136 3218 3249
f 3326 3328 3392
f 3178 3136 3249
f 3328 3366 3392
f 3392 3366 3445
f 3180 3178 3249
f 3366 3368 3445
f 3249 3445 3447
f 3249 3447 3289
f 3289 3447 3291
f 3447 3445 3368
f 3180 3249 3289
f 3220 3180 3289
f 3220 3289 3291
f 3220 3291 3293
f 3293 3291 3330
f 3293 3330 3332
f 3332 3330 3395
f 3332 3395 3451
f 3332 3451 3397
f 3447 3368 3370
f 3447 3370 3500
f 3500 3370 3449
f 3500 3449 3544
f 3544 3449 3502
f 3544 3502 3570
f 3570 3502 3548
f 3570 3548 3616
f 3616 3548 3572
f 3616 3572 3618
f 3370 3368 3220
f 3447 3500 3291
f 3291 3500 3544
f 3291 3544 3330
f 3370 3220 3293
f 3370 3293 3449
f 3449 3293 3502
f 3502 3293 3332
f 3502 3332 3548
f 3548 3332 3397
f 3548 3397 3572
f 3572 3397 3399
f 3330 3544 3395
f 3395 3544 3570
f 3395 3570 3451
f 3451 3570 3616
f 3451 3616 3618
f 3397 3451 3399
f 3451 3618 3506
f 3451 3506 3399
f 3399 3506 3402
f 3402 3506 3454
f 3572 3399 3402
f 3572 3402 3550
f 3550 3402 3456
f 3456 3402 3334
f 3456 3334 3375
f 3375 3334 3255
f 3618 3572 3550
f 3618 3550 3574
f 3574 3550 3456
f 3618 3574 3506
f 3506 3574 3454
f 3454 3574 3508
f 3454 3508 3373
f 3373 3508 3300
f 3300 3508 3405
f 3402 3454 3334
f 3334 3454 3373
f 3334 3373 3300
f 3508 3574 3456
f 3508 3456 3405
f 3405 3456 3375
f 3405 3375 3257
f 3405 3257 3259
f 3259 3257 3071
f 3071 3257 3069
f 3071 3069 2888
f 2888 3069 2884
f 3255 3334 3300
f 3255 3300 3141
f 3141 3300 3182
f 3141 3182 3039
f 3257 3375 3255
f 3300 3405 3259
f 3300 3259 3182
f 3182 3259 3071
f 3182 3071 3041
f 3041 3071 2888
f 3041 2888 2846
f 3255 3141 3257
f 3069 3257 3141
f 3069 3141 3039
f 3069 3039 2884
f 2884 3039 2885
f 3039 3182 3041
f 3039 3041 2885
f 2885 3041 2846
f 2884 2885 2888
f 2885 2846 2888
f 2427 2712 2630
f 2196 2198 2139
f 2388 2630 2074
f 2388 2074 2198
f 2198 2074 1918
f 1918 2074 1471
f 2198 1918 2139
f 1887 2139 1918
f 5456 5409 25
f 25 5409 67
f 25 67 686
f 5409 5407 67
f 1467 1200 1352
f 1843 1467 1352
f 861 773 771
f 861 771 988
f 771 773 655
f 655 773 484
f 655 484 397
f 484 773 684
f 484 684 423
f 423 684 523
f 235 308 23
f 23 308 65
f 23 65 4992
f 23 4992 4978
f 4978 4992 5292
f 4978 5292 5229
f 5229 5292 5404
f 5229 5404 5364
f 5292 4992 5310
f 5292 5310 5404
f 5404 5310 5403
f 5403 5310 5378
f 151 4764 4856
f 4856 4764 4976
f 4976 4764 4964
f 4964 5157 5083
f 4964 5083 4976
f 4976 5083 4938
f 4976 4938 4856
f 5083 5157 5205
f 5205 5157 5265
f 5205 5265 5203
f 5203 5265 5263
f 5083 5205 5028
f 5083 5028 4938
f 5028 5205 4962
f 5028 4962 4938
f 4962 5205 5203
f 4938 4962 4811
f 4938 4811 186
f 63 4856 4938
f 4856 63 151
f 63 4938 186
f 63 186 233
f 151 63 233
f 151 233 351
f 351 233 349
f 349 233 186
f 349 186 275
f 275 186 149
f 4811 4962 4762
f 4762 4962 4877
f 4877 4962 4936
f 4877 4936 4905
f 4877 4905 4906
f 4906 4905 4874
f 4905 4936 4808
f 4905 4808 4874
f 4874 4808 4810
f 4808 4936 4806
f 4808 4806 85
f 85 4806 61
f 4811 4762 186
f 655 397 421
f 149 186 114
f 149 114 4760
f 114 186 4762
f 114 4762 4760
f 4760 4762 4906
f 4906 4762 4877
f 149 4760 275
f 347 397 275
f 397 347 421
f 275 4760 87
f 275 87 209
f 275 209 347
f 209 87 4874
f 209 4874 112
f 4874 87 4906
f 421 347 395
f 421 395 394
f 394 395 345
f 87 4760 4906
f 4936 4962 5203
f 112 4874 4810
f 112 4810 110
f 209 112 207
f 209 207 345
f 209 345 347
f 347 345 395
f 394 345 207
f 394 207 343
f 394 343 392
f 394 392 482
f 207 112 110
f 207 110 231
f 207 231 343
f 343 231 392
f 110 4810 147
f 147 4810 4808
f 110 147 306
f 110 306 231
f 392 231 306
f 482 421 394
f 392 306 273
f 273 306 147
f 85 147 4808
f 147 85 273
f 273 85 61
f 392 273 480
f 392 480 482
f 273 61 271
f 273 271 480
f 271 61 205
f 482 480 653
f 653 480 769
f 271 205 418
f 271 418 480
f 480 418 604
f 767 478 579
f 579 478 391
f 391 478 304
f 579 391 367
f 367 391 269
f 5153 106 4932
f 269 391 304
f 269 304 83
f 83 304 108
f 83 108 4872
f 367 269 229
f 367 229 4932
f 4932 229 4854
f 4932 4854 5155
f 4932 5155 5308
f 5308 5155 5513
f 229 269 83
f 229 83 4854
f 4854 83 4872
f 4854 4872 5155
f 5155 4872 5081
f 5081 4872 4903
f 4903 4872 108
f 5081 4903 5116
f 5081 5116 5290
f 4903 4804 5026
f 4903 5026 5116
f 5116 5026 5261
f 5116 5261 5330
f 5330 5261 5427
f 5427 5261 5360
f 5118 4936 5203
f 5118 5203 5263
f 5364 5404 5360
f 5427 5360 5404
f 5116 5330 5290
f 5290 5330 5427
f 5403 5427 5404
f 5427 5403 5376
f 5427 5376 5290
f 5376 5403 5378
f 5376 5378 5362
f 5376 5362 5155
f 5376 5155 5290
f 5290 5155 5081
f 5990 5918 6580
f 5918 6022 6580
f 6580 6022 6582
f 6580 6582 7239
f 7239 6582 7322
f 6582 6022 6725
f 6582 6725 7322
f 7239 7322 7778
f 3712 3824 3770
f 3712 3770 3652
f 3824 3712 3769
f 3769 3712 3652
f 3824 3769 3826
f 3824 3826 3860
f 3824 3860 3862
f 3824 3862 3770
f 3770 3862 3828
f 3862 3860 3826
f 3862 3826 3769
f 3862 3769 3828
f 3770 3828 3773
f 3773 3828 3769
f 3773 3769 3714
f 3773 3714 3654
f 3773 3654 3718
f 3718 3654 3601
f 3718 3601 3656
f 3656 3601 3606
f 3656 3606 3658
f 3658 3606 3660
f 3658 3660 3720
f 3720 3660 3777
f 3777 3660 3722
f 3777 3722 3779
f 3777 3779 3831
f 3831 3779 3781
f 3831 3781 3864
f 3864 3781 3785
f 3714 3769 3652
f 3714 3652 3654
f 3654 3652 3566
f 3654 3566 3601
f 3601 3566 3542
f 3601 3542 3547
f 3601 3547 3606
f 3716 3652 3770
f 3652 3716 3566
f 3566 3716 3598
f 3566 3598 3604
f 3566 3604 3542
f 3542 3604 3547
f 3547 3604 3608
f 3547 3608 3568
f 3568 3608 3610
f 3568 3610 3662
f 3568 3662 3612
f 3612 3662 3665
f 3665 3662 3724
f 3665 3724 3782
f 3665 3782 3726
f 3726 3782 3667
f 3716 3770 3773
f 3716 3773 3718
f 3716 3718 3598
f 3598 3718 3604
f 3718 3656 3604
f 3604 3656 3658
f 3604 3658 3608
f 3608 3658 3720
f 3606 3547 3568
f 3606 3568 3660
f 3660 3568 3722
f 3722 3568 3612
f 3722 3612 3779
f 3779 3612 3665
f 3779 3665 3726
f 3608 3720 3610
f 3610 3720 3662
f 3662 3720 3777
f 3662 3777 3831
f 3662 3831 3724
f 3724 3831 3782
f 3782 3831 3864
f 3779 3726 3781
f 3781 3726 3785
f 3726 3667 3785
f 3785 3667 3620
f 3785 3620 3730
f 3730 3620 3622
f 3622 3620 3552
f 3622 3552 3458
f 3622 3458 3460
f 3460 3458 3298
f 3298 3458 3295
f 3298 3295 3140
f 3140 3295 3138
f 3782 3864 3728
f 3728 3864 3833
f 3728 3833 3669
f 3669 3833 3787
f 3669 3787 3624
f 3669 3624 3576
f 3576 3624 3510
f 3576 3510 3461
f 3461 3510 3338
f 3461 3338 3299
f 3782 3728 3667
f 3667 3728 3620
f 3620 3728 3669
f 3620 3669 3552
f 3864 3785 3833
f 3833 3785 3730
f 3833 3730 3787
f 3787 3730 3622
f 3787 3622 3624
f 3624 3622 3510
f 3510 3622 3460
f 3510 3460 3298
f 3510 3298 3338
f 3338 3298 3140
f 3552 3669 3576
f 3458 3552 3576
f 3458 3576 3461
f 3458 3461 3295
f 3295 3461 3299
f 3295 3299 3138
f 3138 3299 3338
f 3140 3138 3338
f 3140 3138 3015
f 8641 8639 9089
f 7959 7963 7125
f 9057 7123 8923
f 7298 7168 7387
f 7298 7387 7332
f 7387 7168 7258
f 7258 7168 7136
f 7136 7168 7055
f 7136 7055 6911
f 7136 6911 6990
f 6990 6911 6851
f 6851 6911 6805
f 6851 6805 6738
f 6851 6738 6740
f 7298 7332 7479
f 7298 7479 7427
f 7479 7332 7387
f 7479 7387 7518
f 7518 7387 7389
f 7479 7518 7430
f 7479 7430 7429
f 7479 7429 7427
f 7427 7429 7334
f 7427 7334 7333
f 7430 7518 7389
f 7298 7427 7333
f 7298 7333 7168
f 7168 7333 7170
f 7333 7334 7170
f 7170 7334 7217
f 7170 7217 7027
f 7387 7258 7389
f 7389 7258 7261
f 7261 7258 7136
f 7261 7136 7058
f 7058 7136 6990
f 7058 6990 6915
f 6915 6990 6851
f 6915 6851 6819
f 7168 7170 7055
f 7055 7170 7027
f 7055 7027 6911
f 6911 7027 6873
f 6911 6873 6805
f 6805 6873 6810
f 6805 6810 6738
f 7261 7058 7097
f 7097 7058 6915
f 7097 6915 6958
f 6958 6915 6819
f 6958 6819 6853
f 7389 7261 7259
f 7259 7261 7097
f 7389 7259 7388
f 7389 7388 7430
f 7388 7259 7339
f 7388 7339 7336
f 7336 7339 7300
f 7336 7300 7335
f 7339 7259 7218
f 7339 7218 7300
f 7218 7259 7097
f 7300 7218 7171
f 7171 7218 6988
f 7218 7097 7057
f 7057 7097 6913
f 7430 7388 7336
f 7430 7336 7429
f 7429 7336 7335
f 7335 7300 7429
f 7429 7300 7334
f 7334 7300 7217
f 7217 7300 7171
f 7217 7171 6988
f 7217 6988 7028
f 7028 6988 6875
f 7217 7028 7027
f 6988 7218 7057
f 6988 7057 6913
f 7028 6875 7027
f 7027 6875 6873
f 6873 6875 6810
f 6810 6875 6812
f 6812 6875 6876
f 6876 6875 6988
f 6876 6988 6913
f 6876 6913 6780
f 6812 6876 6780
f 6780 6913 6814
f 6814 6913 6853
f 6913 7097 6958
f 6913 6958 6853
f 6819 6851 6740
f 6877 6810 6813
f 6810 6877 6874
f 6877 6813 6779
f 6810 6874 6806
f 6810 6806 6739
f 6806 6874 7029
f 6806 7029 6912
f 6912 7029 7056
f 7056 7029 7172
f 7056 7172 7169
f 7169 7172 7337
f 7169 7337 7299
f 7299 7337 7428
f 6874 6877 7029
f 6739 6806 6742
f 6742 6806 6852
f 6852 6806 6912
f 6742 6852 6820
f 6820 6852 6917
f 6917 6852 7059
f 7059 6852 6991
f 7059 6991 7137
f 7059 7137 7263
f 7263 7137 7392
f 7392 7137 7260
f 7392 7260 7519
f 7519 7260 7390
f 6878 6877 6779
f 6877 6878 7030
f 6877 7030 7029
f 7030 6878 6989
f 7030 6989 7173
f 7030 7173 7219
f 7219 7173 7340
f 7340 7173 7301
f 7340 7301 7341
f 7340 7341 7431
f 6878 6779 6879
f 6878 6879 6989
f 6879 6779 6815
f 6879 6815 6960
f 6879 6960 7031
f 6879 7031 6989
f 7031 6960 7098
f 7031 7098 7262
f 6960 6815 6816
f 6917 6816 6820
f 6816 6917 6960
f 6960 6917 7059
f 6960 7059 7098
f 7098 7059 7262
f 6989 7031 7220
f 7220 7031 7262
f 6989 7220 7173
f 7173 7220 7301
f 7301 7220 7343
f 6991 6852 6912
f 6991 6912 7137
f 7137 6912 7056
f 7137 7056 7260
f 7260 7056 7169
f 7260 7169 7390
f 7390 7169 7299
f 7263 7262 7059
f 7262 7263 7391
f 7391 7263 7392
f 7262 7391 7220
f 7220 7391 7343
f 7391 7392 7432
f 7432 7392 7519
f 7432 7519 7480
f 7432 7480 7431
f 7431 7480 7428
f 7480 7519 7390
f 7480 7390 7338
f 7480 7338 7299
f 7480 7299 7428
f 7342 7391 7432
f 7342 7432 7431
f 7342 7431 7341
f 7391 7342 7343
f 7343 7342 7301
f 7342 7341 7301
f 7338 7390 7299
f 7340 7431 7428
f 7428 7337 7340
f 7337 7172 7340
f 7340 7172 7219
f 7219 7172 7029
f 7219 7029 7030
f 6555 6529 6644
f 6644 6529 6592
f 6592 6529 6531
f 6529 6555 6530
f 6530 6555 6556
f 6556 6555 6666
f 6592 6531 6596
f 6596 6531 6533
f 6596 6533 6646
f 6644 6592 6670
f 6670 6592 6596
f 6670 6596 6646
f 6644 6670 6778
f 6644 6778 6667
f 6919 6918 6778
f 6778 6918 6880
f 6778 6880 6777
f 6778 6777 6667
f 6667 6777 6665
f 6667 6665 6555
f 6665 6777 6807
f 6646 6533 6535
f 6646 6535 6710
f 6710 6535 6648
f 6670 6646 6709
f 6670 6709 6817
f 6670 6817 6778
f 6709 6646 6710
f 6817 6709 6821
f 6821 6709 6710
f 6817 6821 6881
f 6817 6881 6919
f 6825 6710 6648
f 6825 6648 6826
f 6826 6648 6671
f 6826 6671 6823
f 6823 6671 6711
f 6710 6825 6821
f 6821 6825 6961
f 6821 6961 6881
f 6881 6961 6919
f 6919 6961 7034
f 6919 7034 6918
f 6918 7034 7033
f 6817 6919 6778
f 6825 6826 6962
f 6825 6962 6961
f 6962 6826 6920
f 6920 6826 6823
f 6962 6920 6993
f 6962 6993 7060
f 6962 7060 6961
f 6961 7060 7034
f 6711 6671 6557
f 6711 6557 6647
f 6647 6557 6534
f 6647 6534 6598
f 6920 6823 6818
f 6818 6823 6711
f 6818 6711 6741
f 6818 6741 6811
f 6811 6741 6705
f 6705 6741 6711
f 6705 6711 6647
f 6920 6818 6811
f 6647 6598 6705
f 6705 6598 6593
f 6705 6593 6645
f 6705 6645 6811
f 6811 6645 6704
f 6811 6704 6809
f 6811 6809 6916
f 6916 6809 6808
f 6811 6916 6992
f 6992 6916 6959
f 6598 6534 6532
f 6598 6532 6593
f 6593 6532 6530
f 6593 6530 6645
f 6645 6530 6556
f 6645 6556 6704
f 6556 6666 6704
f 6704 6666 6809
f 6809 6666 6808
f 6808 6666 6665
f 6665 6666 6555
f 6808 6665 6807
f 6808 6807 6959
f 6959 6807 6914
f 6808 6959 6916
f 6667 6555 6644
f 6777 6880 6807
f 6807 6880 6914
f 6914 6880 7033
f 7033 6880 6918
f 6914 7033 7032
f 6914 7032 6959
f 6992 6959 7032
f 6992 7032 6993
f 6993 7032 7060
f 7060 7032 7033
f 7060 7033 7034
f 6811 6992 6993
f 6811 6993 6920
f 10287 10215 10216
f 10287 10216 10301
f 10287 10301 10334
f 10287 10334 10315
f 10287 10315 10215
f 10215 10315 10271
f 10271 10315 10299
f 10301 10216 10195
f 10301 10195 10303
f 10301 10303 10343
f 10303 10195 10169
f 10343 10303 10323
f 10303 10169 10273
f 10303 10273 10323
f 10273 10169 10137
f 10323 10273 10141
f 10141 10273 10137
f 10323 10141 10263
f 10141 10137 9903
f 10263 10141 10096
f 10141 9903 10025
f 10141 10025 10096
f 10299 10315 10334
f 10299 10334 10319
f 10319 10334 10343
f 10343 10334 10301
f 10319 10343 10321
f 10321 10343 10305
f 10305 10343 10323
f 10225 10305 10323
f 10225 10323 10263
f 10225 10263 10096
f 10225 10096 10063
f 9584 9740 9694
f 9558 9666 9828
f 9828 9666 9824
f 9558 9828 9777
f 9777 9828 10100
f 9777 10100 10065
f 10100 9828 9824
f 10100 9824 10098
f 10098 9824 10063
f 10100 10098 10227
f 10065 10100 10227
f 10065 10227 10257
f 10063 10096 10098
f 10098 10096 10143
f 10143 10096 10025
f 10098 10143 10227
f 10227 10143 10228
f 10227 10228 10257
f 10257 10228 10265
f 10265 10228 10101
f 10101 10228 10027
f 10101 10027 9853
f 10027 10228 10143
f 10027 10143 10025
f 9903 9853 10027
f 9903 10027 10025
f 3631 3678 3074
f 3678 3631 4138
f 3074 3678 2894
f 3074 2894 2855
f 2855 2894 2207
f 3074 2855 2832
f 2832 2855 2224
f 2224 2855 2205
f 3103 3631 3074
f 3631 3103 3676
f 3676 3103 3048
f 3631 3676 4092
f 4092 3676 4090
f 4092 4090 4327
f 4327 4090 4325
f 3103 3074 2832
f 4092 4138 3631
f 4138 4092 4327
f 4072 4090 3629
f 6766 6846 7783
f 1529 1298 942
f 389 4756 4853
f 4853 4756 5260
f 5260 4756 5191
f 5260 5191 5455
f 5260 5455 5538
f 5538 5455 5959
f 5260 5538 5583
f 5583 5538 6059
f 6059 5538 5959
f 5583 6059 6021
f 6059 5959 6796
f 6021 6059 6359
f 6359 6059 6796
f 6021 6359 6397
f 6359 6796 6970
f 6359 6970 6397
f 5985 6451 6361
f 7086 7084 7115
f 7086 7115 7151
f 6686 6903 6479
f 6479 6903 6762
f 3709 3541 3597
f 3709 3597 3815
f 3815 3597 3711
f 3815 3711 3821
f 3129 3359 3211
f 3129 3211 3246
f 3711 3359 3440
f 3440 3359 3284
f 3284 3359 3215
f 3440 3284 3286
f 3284 3215 3167
f 3167 3215 3095
f 3286 3284 3169
f 3286 3169 3097
f 3286 3097 3171
f 3171 3097 3062
f 3171 3062 3248
f 3062 3097 3012
f 3062 3012 2879
f 2879 3012 2877
f 2879 2877 2793
f 2793 2877 2804
f 3563 3361 3248
f 3215 3359 3129
f 3215 3129 3095
f 3095 3129 3010
f 3284 3167 3169
f 3169 3167 3213
f 3213 3167 3091
f 3091 3167 3095
f 3091 3095 3010
f 3169 3213 3165
f 3169 3165 3097
f 3097 3165 3093
f 3010 3129 3128
f 3128 3129 3246
f 3010 3128 3163
f 3010 3163 3061
f 3061 3163 3089
f 3091 3010 3061
f 3091 3061 3089
f 3091 3089 3213
f 3213 3089 3165
f 3165 3089 3059
f 3089 3161 3059
f 3059 3161 3087
f 3059 3087 2978
f 2978 3087 3008
f 2978 3008 2843
f 2843 3008 2976
f 2978 2843 2875
f 2875 2843 2793
f 2875 2793 2804
f 3165 3059 3093
f 3093 3059 2978
f 3093 2978 2980
f 3093 2980 3097
f 3097 2980 3012
f 2980 2978 2875
f 3012 2980 2877
f 2877 2980 2875
f 2877 2875 2804
f 3008 3125 2976
f 2728 2845 2711
f 3825 3863 3861
f 3863 3825 3772
f 3863 3772 3829
f 3861 3863 3827
f 3861 3827 3825
f 3827 3863 3771
f 3827 3771 3825
f 3825 3771 3713
f 3713 3771 3653
f 3653 3771 3715
f 3653 3715 3567
f 3567 3715 3655
f 3567 3655 3543
f 3543 3655 3603
f 3543 3603 3607
f 3543 3607 3545
f 3825 3713 3772
f 3771 3863 3829
f 3713 3653 3772
f 3771 3829 3774
f 3771 3774 3715
f 3715 3774 3719
f 3715 3719 3655
f 3655 3719 3657
f 3655 3657 3603
f 3603 3657 3607
f 3607 3657 3659
f 3774 3829 3772
f 3774 3772 3717
f 3774 3717 3719
f 3719 3717 3599
f 3719 3599 3605
f 3719 3605 3657
f 3657 3605 3609
f 3657 3609 3659
f 3717 3772 3653
f 3717 3653 3567
f 3717 3567 3599
f 3599 3567 3605
f 3567 3543 3605
f 3605 3543 3545
f 3605 3545 3609
f 3609 3545 3569
f 3569 3545 3607
f 3569 3607 3661
f 3569 3661 3613
f 3613 3661 3723
f 3613 3723 3666
f 3666 3723 3780
f 3666 3780 3727
f 3727 3780 3783
f 3659 3609 3611
f 3659 3611 3721
f 3721 3611 3663
f 3721 3663 3778
f 3778 3663 3725
f 3778 3725 3832
f 3832 3725 3784
f 3832 3784 3865
f 3611 3609 3569
f 3611 3569 3663
f 3663 3569 3613
f 3663 3613 3725
f 3725 3613 3666
f 3725 3666 3784
f 3784 3666 3727
f 3784 3727 3668
f 3784 3668 3729
f 3729 3668 3670
f 3607 3659 3721
f 3607 3721 3661
f 3721 3778 3661
f 3661 3778 3723
f 3723 3778 3832
f 3723 3832 3780
f 3780 3832 3865
f 3780 3865 3783
f 3668 3727 3783
f 3865 3784 3729
f 3865 3729 3834
f 3865 3834 3783
f 3729 3670 3834
f 3834 3670 3788
f 3788 3670 3577
f 3788 3577 3625
f 3625 3577 3463
f 3625 3463 3511
f 3668 3783 3786
f 3668 3786 3621
f 3786 3783 3834
f 3786 3834 3788
f 3786 3788 3731
f 3668 3621 3670
f 3670 3621 3553
f 3670 3553 3577
f 3577 3553 3459
f 3577 3459 3463
f 3463 3459 3302
f 3302 3459 3297
f 3302 3297 3143
f 3786 3731 3621
f 3621 3731 3553
f 3553 3731 3623
f 3553 3623 3459
f 3459 3623 3462
f 3731 3788 3625
f 3731 3625 3623
f 3625 3511 3623
f 3623 3511 3462
f 3462 3511 3339
f 3462 3339 3301
f 3301 3339 3142
f 3463 3302 3511
f 3511 3302 3339
f 3339 3302 3143
f 3459 3462 3297
f 3297 3462 3301
f 3297 3301 3142
f 3297 3142 3139
f 3139 3142 3016
f 3142 3339 3143
f 3142 3143 3016
f 3143 3297 3139
f 3143 3139 3016
f 1093 1016 1227
f 1227 1016 1125
f 1093 1227 1065
f 1093 1065 973
f 1065 1227 1159
f 1159 1227 1125
f 1065 1159 1038
f 1159 1125 1129
f 1129 1125 1091
f 1129 1091 1127
f 736 640 973
f 736 973 1065
f 640 736 200
f 640 200 142
f 142 200 5189
f 142 5189 5185
f 5185 5189 5790
f 5185 5790 5786
f 736 1065 706
f 706 1065 1038
f 200 736 183
f 183 736 706
f 200 183 5187
f 200 5187 5189
f 5189 5187 5788
f 5189 5788 5790
f 5790 5788 6443
f 6443 5788 6422
f 5786 5790 6443
f 6420 5786 6443
f 6420 6443 7072
f 6420 7072 7009
f 7009 7072 7625
f 7009 7625 7507
f 7507 7625 7671
f 7671 7625 7854
f 7011 7072 6443
f 7011 6443 6422
f 7072 7011 7509
f 7072 7509 7625
f 7625 7509 7854
f 7854 7509 7725
f 7572 7671 7854
f 7572 7854 7757
f 7572 7757 7406
f 7406 7757 7565
f 7406 7565 7142
f 7142 7565 7277
f 7142 7277 6788
f 6788 7277 6890
f 6788 6890 6387
f 6788 6387 6320
f 6320 6387 5730
f 5730 6387 5763
f 6422 5788 5822
f 5822 5788 5187
f 7068 7005 6543
f 7005 7406 7142
f 7005 7142 6543
f 7725 7757 7854
f 7757 7725 7667
f 7757 7667 7620
f 7757 7620 7565
f 7565 7620 7569
f 7569 7620 7616
f 7565 7569 7444
f 7565 7444 7277
f 7277 7444 7185
f 7444 7569 7567
f 7567 7569 7616
f 7567 7616 7621
f 7725 7509 7727
f 7727 7509 7011
f 7727 7011 7146
f 7146 7011 6422
f 7146 6422 6473
f 6473 6422 5822
f 7725 7727 7986
f 7725 7986 7667
f 7667 7986 7944
f 7667 7944 7620
f 7986 7727 7819
f 7819 7727 7146
f 7986 7819 8064
f 7944 7986 8064
f 7944 8064 8058
f 7944 8058 7980
f 7944 7980 7620
f 8058 8064 8036
f 8058 8036 8034
f 8058 8034 7980
f 7980 8034 7891
f 7891 8034 7813
f 8034 8036 7893
f 8034 7893 7813
f 7893 8036 7857
f 7857 8036 7627
f 7813 7893 7815
f 7815 7893 7857
f 7815 7857 7817
f 7815 7817 7859
f 7813 7815 7714
f 7815 7859 7852
f 7815 7852 7714
f 7714 7852 7715
f 8064 7819 7767
f 8064 7767 8036
f 8036 7767 7627
f 7767 7819 7193
f 7193 7819 7146
f 7193 7146 6473
f 7193 6473 6510
f 7767 7193 7148
f 7148 7193 6510
f 7767 7148 7627
f 7148 6510 6475
f 7148 6475 7075
f 7148 7075 7627
f 7075 6475 6445
f 7627 7075 7579
f 7627 7579 7857
f 7857 7579 7817
f 7075 6445 7040
f 7075 7040 7579
f 7040 6445 6424
f 7817 7579 7629
f 7629 7579 7040
f 7817 7629 7859
f 7040 6424 7078
f 7040 7078 7629
f 7629 7078 7577
f 7078 6424 6449
f 7577 7078 7076
f 7076 7078 6449
f 7076 6449 6447
f 6510 6473 5822
f 6510 5822 5825
f 6475 6510 5825
f 6475 5825 5826
f 6475 5826 6445
f 5822 5144 5825
f 5825 5144 5146
f 5825 5146 5826
f 5146 5144 256
f 6445 5826 5792
f 5826 5146 5149
f 5826 5149 5792
f 5149 5146 299
f 6445 5792 6424
f 5149 299 258
f 258 299 887
f 258 887 858
f 5149 258 5150
f 5149 5150 5792
f 258 858 260
f 258 260 5150
f 260 858 860
f 5767 6424 5792
f 5767 5792 5150
f 6424 5767 6449
f 5150 260 5113
f 5150 5113 5767
f 260 860 340
f 260 340 5113
f 340 860 928
f 340 928 364
f 364 928 977
f 340 364 5080
f 340 5080 5113
f 5080 364 387
f 5080 387 5078
f 5080 5078 5769
f 5113 5080 5771
f 5771 5080 5769
f 5113 5771 5767
f 5767 5771 6449
f 5771 5769 6447
f 5771 6447 6449
f 5144 5822 5187
f 5144 5187 256
f 256 5187 183
f 256 183 706
f 256 706 832
f 832 706 1193
f 1193 706 1038
f 1193 1038 1422
f 1422 1038 1159
f 1422 1159 1382
f 1382 1159 1129
f 5146 256 299
f 299 256 832
f 299 832 887
f 887 832 1292
f 1292 832 1193
f 7629 7577 7859
f 7859 7577 7763
f 7859 7763 7721
f 7852 7859 7721
f 7852 7721 7715
f 7715 7721 7363
f 7714 7715 7446
f 7446 7715 7363
f 7714 7446 7573
f 7714 7573 7813
f 7813 7573 7621
f 7813 7621 7891
f 7891 7621 7616
f 7891 7616 7980
f 7980 7616 7620
f 7721 7763 7503
f 7721 7503 7410
f 7503 7763 7577
f 7503 7577 7371
f 7363 7721 7410
f 7363 7410 7315
f 7315 7410 7285
f 7315 7285 7362
f 7315 7362 7363
f 7363 7362 7446
f 7371 7577 6936
f 6936 7577 7076
f 6936 7076 6353
f 6353 7076 6447
f 6353 6447 5769
f 6353 5769 5736
f 5736 5769 5076
f 5076 5769 5078
f 5076 5078 387
f 5076 387 338
f 7503 7371 7539
f 7539 7371 6936
f 7503 7539 7765
f 7503 7765 7410
f 7410 7765 7759
f 7759 7765 8117
f 7759 8117 8113
f 7765 7539 7865
f 7765 7865 8117
f 8117 7865 8251
f 8117 8251 8463
f 7865 7539 7038
f 7038 7539 6936
f 7865 7038 7149
f 7038 6936 6616
f 7038 6616 7149
f 6616 6936 6353
f 7149 6616 6618
f 6616 6353 6202
f 6616 6202 6618
f 7410 7759 7531
f 7410 7531 7285
f 7531 7759 8113
f 7285 7531 7109
f 7531 8113 7940
f 7940 8113 8372
f 7940 8372 8158
f 7109 7531 7310
f 7310 7531 7940
f 7109 7310 6790
f 6790 7310 6892
f 7310 7940 7563
f 7563 7940 8158
f 7310 7563 6892
f 6389 6324 6892
f 6389 6892 6541
f 6541 6892 7066
f 7066 6892 7563
f 7563 8158 7810
f 7563 7810 7066
f 7810 8158 8323
f 7066 7810 7179
f 7810 8323 7933
f 7810 7933 7179
f 7933 8323 8365
f 7179 7933 7271
f 7933 8365 7975
f 7933 7975 7271
f 7271 7975 7351
f 8113 8117 8463
f 8113 8463 8372
f 8372 8463 8765
f 8765 8463 8550
f 8765 8550 8665
f 8372 8765 8579
f 8372 8579 8158
f 8158 8579 8323
f 8323 8579 8660
f 8660 8579 8765
f 8323 8660 8365
f 8660 8765 8805
f 8805 8765 8874
f 8365 8660 8576
f 8805 8874 8872
f 8872 8874 8904
f 8660 8805 8707
f 8660 8707 8576
f 8805 8872 8763
f 8805 8763 8707
f 8872 8904 8939
f 8872 8939 8763
f 8939 8904 8902
f 8707 8763 8546
f 8546 8763 8580
f 8546 8580 8369
f 8707 8546 8456
f 8707 8456 8576
f 8763 8939 8835
f 8576 8456 8319
f 8576 8319 8365
f 8365 8319 7975
f 8319 8456 8243
f 7975 8319 7976
f 7976 8319 8243
f 7976 8243 7930
f 8937 8835 8939
f 8835 8937 8867
f 8937 8939 8902
f 8867 8937 8833
f 8833 8937 8935
f 8937 8902 8869
f 8937 8869 8935
f 8869 8902 8709
f 8833 8935 8864
f 8864 8935 8869
f 8833 8864 8801
f 8801 8864 8610
f 8869 8709 8663
f 8864 8869 8803
f 8869 8663 8498
f 8869 8498 8803
f 8498 8663 8115
f 8864 8803 8705
f 8705 8803 8498
f 8864 8705 8799
f 8799 8705 8654
f 8705 8498 8461
f 8461 8498 8060
f 8654 8705 8608
f 8608 8705 8461
f 8654 8608 8540
f 8608 8461 8363
f 8540 8608 8538
f 8538 8608 8363
f 8538 8363 8275
f 8540 8538 8413
f 8538 8275 8197
f 8413 8538 8409
f 8409 8538 8197
f 8413 8409 8271
f 8271 8409 8197
f 8413 8271 8273
f 8271 8197 8146
f 8273 8271 8144
f 8144 8271 8146
f 8273 8144 8148
f 8148 8144 8024
f 7746 7748 8024
f 7746 8024 8022
f 8022 8024 8144
f 8022 8144 7882
f 7882 8144 8048
f 8048 8144 8146
f 7882 8048 7649
f 7649 8048 7800
f 7800 8048 8146
f 7800 8146 7836
f 7066 7179 6541
f 6541 7179 6567
f 6567 7179 7271
f 6567 7271 6611
f 6611 7271 7351
f 6567 6611 6019
f 6567 6019 6077
f 6567 6077 6541
f 6541 6077 6389
f 6389 6077 5631
f 6077 6019 5534
f 6077 5534 5631
f 6019 6611 5981
f 6019 5981 5443
f 5981 6611 6612
f 6612 6611 7351
f 5981 6612 5955
f 5981 5955 5472
f 6612 7351 6650
f 6612 6650 5955
f 5472 5955 5400
f 6650 7351 7353
f 7353 7351 7976
f 7976 7351 7975
f 7353 7976 7930
f 6650 7353 7355
f 7605 7398 7355
f 7355 7398 7107
f 7355 7107 6676
f 7355 6676 6650
f 6676 7107 6614
f 5936 5955 6650
f 5936 6650 6676
f 5955 5936 5400
f 6676 6614 5938
f 6676 5938 5936
f 5938 6614 5957
f 5938 5957 5223
f 5936 5938 5285
f 5936 5285 5400
f 5938 5223 5221
f 5938 5221 5285
f 5221 5223 248
f 5285 5221 196
f 5285 196 5400
f 196 5221 248
f 248 5223 291
f 5400 196 4923
f 248 291 818
f 818 291 820
f 818 820 1120
f 818 1120 1216
f 5400 4923 5181
f 4923 196 194
f 4923 194 5181
f 626 196 248
f 626 248 818
f 196 626 500
f 196 500 194
f 626 818 914
f 914 818 1216
f 500 626 730
f 730 626 914
f 194 500 462
f 462 500 730
f 4869 5181 194
f 914 1216 1323
f 1323 1216 1553
f 1323 1553 1676
f 914 1323 1085
f 914 1085 730
f 1085 1323 1549
f 730 1085 1251
f 1251 1085 1549
f 730 1251 876
f 730 876 462
f 1251 1549 1447
f 1251 1447 876
f 1447 1549 1704
f 1447 1704 1858
f 1447 1858 1620
f 1620 1858 1738
f 1620 1738 1117
f 1620 1117 1447
f 876 1447 1010
f 1010 1447 1117
f 876 1010 462
f 1010 1117 568
f 1010 568 462
f 568 1117 669
f 462 568 130
f 130 568 669
f 462 130 194
f 194 130 4869
f 130 669 48
f 4869 130 4989
f 4989 130 48
f 4869 4989 5181
f 5181 4989 5443
f 5443 4989 48
f 5443 48 5534
f 5534 48 5631
f 5674 6324 5631
f 5674 5631 5041
f 5041 5631 4957
f 4957 5631 48
f 5041 4957 252
f 252 4957 332
f 332 4957 48
f 332 48 469
f 7930 8243 8107
f 8107 8243 8456
f 8107 8456 8280
f 8280 8456 8369
f 8369 8456 8546
f 7353 7930 7355
f 7355 7930 7605
f 7605 7930 7934
f 5534 6019 5443
f 6324 6389 5631
f 6892 6324 6790
f 6790 6324 6351
f 6351 6324 5672
f 6790 6351 6858
f 6790 6858 7109
f 7109 6858 7283
f 5672 6324 5674
f 5672 5674 5023
f 5023 5674 5041
f 7109 7283 7499
f 7109 7499 7285
f 7285 7499 7617
f 7283 6858 6856
f 7283 6856 7281
f 6856 6858 6322
f 6322 6858 6351
f 6856 6322 6276
f 6322 6351 5668
f 5668 6351 5672
f 6322 5668 5671
f 6322 5671 6276
f 5668 5672 5022
f 5022 5672 5023
f 6856 6276 6835
f 5022 5023 293
f 293 5023 330
f 5022 293 220
f 7280 7281 6835
f 5022 220 5039
f 5022 5039 5668
f 5668 5039 5671
f 5039 220 177
f 5039 177 5107
f 5039 5107 5671
f 5107 177 175
f 5671 5107 5700
f 5671 5700 6276
f 5107 175 5139
f 5107 5139 5700
f 5139 175 170
f 6276 5700 6274
f 6276 6274 6835
f 5700 5139 5726
f 5700 5726 6274
f 5139 170 5134
f 5139 5134 5726
f 5134 170 128
f 5134 128 5136
f 5134 5136 5759
f 5134 5759 5726
f 5759 5136 5761
f 5759 5761 6385
f 5726 5759 6347
f 5726 6347 6274
f 5759 6385 6418
f 5759 6418 6347
f 6418 6385 7003
f 6418 7003 6934
f 6418 6934 6347
f 6934 7003 7442
f 6934 7442 7308
f 6347 6934 6833
f 6347 6833 6274
f 6833 6934 7308
f 6274 6833 6835
f 6833 7308 7280
f 6833 7280 6835
f 7283 7281 7499
f 7499 7281 7529
f 7285 7617 7362
f 7362 7617 7663
f 7362 7663 7446
f 7446 7663 7754
f 7446 7754 7573
f 7573 7754 7621
f 7621 7754 7889
f 7621 7889 7843
f 7621 7843 7567
f 7499 7529 7609
f 7499 7609 7617
f 7617 7609 7613
f 7617 7613 7663
f 7663 7613 7754
f 7280 7308 7613
f 7613 7308 7709
f 7613 7709 7754
f 7709 7308 7442
f 7754 7709 7844
f 7844 7709 7442
f 7754 7844 7889
f 7889 7844 7840
f 7840 7844 7442
f 7889 7840 7843
f 7843 7840 7705
f 7705 7840 7752
f 7752 7840 7442
f 7752 7442 7497
f 7529 7281 7280
f 7529 7280 7609
f 7609 7280 7613
f 6835 7281 6856
f 7444 7567 7843
f 7444 7843 7705
f 7444 7705 7185
f 7185 7705 7404
f 7705 7752 7404
f 7404 7752 7497
f 7404 7497 7003
f 7404 7003 6966
f 6966 7003 6385
f 7497 7442 7003
f 6890 7277 7185
f 6890 7185 6831
f 6831 7185 7404
f 6831 7404 6966
f 6831 6966 6349
f 6349 6966 6385
f 6349 6385 5728
f 5728 6385 5761
f 5728 5761 5136
f 5728 5136 5179
f 5179 5136 128
f 5179 128 44
f 44 128 467
f 467 128 593
f 467 593 1012
f 467 1012 852
f 6387 6890 6831
f 6831 6349 6387
f 5763 6387 6349
f 5763 6349 5728
f 5763 5728 5177
f 5177 5728 5179
f 5177 5179 76
f 76 5179 44
f 1014 852 1012
f 1014 1012 1218
f 1014 1218 1089
f 1089 1218 1332
f 593 128 671
f 671 128 170
f 593 671 1012
f 671 170 175
f 1253 1218 1012
f 1253 1012 1061
f 1253 1061 1030
f 1030 1061 671
f 1253 1030 1330
f 1330 1030 1333
f 671 175 628
f 671 628 1030
f 1333 1030 1335
f 628 175 673
f 628 673 1030
f 673 175 177
f 1335 1030 1032
f 1032 1030 673
f 673 177 732
f 673 732 1032
f 732 177 220
f 732 220 293
f 1335 1032 1087
f 1087 1032 732
f 1335 1087 1418
f 732 293 789
f 732 789 1087
f 789 293 330
f 789 330 822
f 1087 789 1153
f 1087 1153 1418
f 1153 789 822
f 1418 1153 1453
f 1153 822 1188
f 1153 1188 1453
f 1453 1188 1455
f 1061 1012 671
f 1218 1253 1330
f 1218 1330 1332
f 1332 1330 1333
f 1332 1333 1372
f 1372 1333 1335
f 1372 1335 1378
f 1372 1378 1221
f 1378 1335 1457
f 1457 1335 1418
f 1457 1418 1484
f 1484 1418 1453
f 1484 1453 1455
f 1089 1332 1157
f 1157 1332 1372
f 1157 1372 1221
f 1129 1127 1374
f 1129 1374 1382
f 1374 1127 1157
f 1374 1157 1377
f 1377 1157 1221
f 1377 1221 1386
f 1386 1221 1224
f 1386 1224 1492
f 1492 1224 1258
f 1492 1258 1511
f 1511 1258 1559
f 1559 1258 1286
f 1221 1378 1224
f 1224 1378 1457
f 1224 1457 1256
f 1256 1457 1484
f 1374 1377 1488
f 1374 1488 1486
f 1374 1486 1382
f 1488 1377 1459
f 1459 1377 1386
f 1459 1386 1513
f 1488 1459 1494
f 1494 1459 1561
f 1488 1494 1519
f 1488 1519 1486
f 1561 1459 1513
f 1386 1492 1513
f 1513 1492 1588
f 1561 1513 1624
f 1624 1513 1588
f 1624 1588 1590
f 1590 1588 1559
f 1624 1590 1426
f 1624 1426 1463
f 1624 1463 1561
f 1561 1463 1339
f 1561 1339 1494
f 1339 1463 977
f 1339 977 928
f 1494 1339 1260
f 1260 1339 928
f 1494 1260 1519
f 1260 928 860
f 1260 860 1294
f 1260 1294 1519
f 1294 860 858
f 1519 1294 1517
f 1519 1517 1486
f 1486 1517 1382
f 1382 1517 1422
f 1517 1294 1292
f 1292 1294 858
f 1517 1292 1422
f 1292 858 887
f 1422 1292 1193
f 6353 5736 5680
f 5680 5736 5076
f 5680 5076 5047
f 5047 5076 338
f 5047 338 301
f 301 338 889
f 5680 5047 5637
f 5047 301 5025
f 5047 5025 5637
f 5025 301 366
f 366 301 836
f 5680 5637 6177
f 5680 6177 6202
f 6202 6177 6618
f 6618 6177 6757
f 6757 6177 6206
f 6206 6177 5637
f 6757 6206 6839
f 6206 5637 5581
f 5581 5637 5025
f 6839 6206 6179
f 6179 6206 5581
f 6839 6179 6862
f 5581 5025 4961
f 4961 5025 366
f 6179 5581 5536
f 5536 5581 4961
f 6862 6179 6181
f 6181 6179 5536
f 6862 6181 6900
f 4961 366 516
f 516 366 940
f 5536 4961 4900
f 4900 4961 516
f 6181 5536 5508
f 5508 5536 4900
f 6900 6181 6208
f 6208 6181 5508
f 6900 6208 6938
f 6938 6208 6204
f 6204 6208 5478
f 5478 6208 5508
f 6204 5478 5476
f 5476 5478 18
f 5478 5508 4851
f 4851 5508 4900
f 18 5478 4801
f 4801 5478 4851
f 18 4801 708
f 18 708 764
f 764 708 1392
f 708 4801 648
f 648 4801 4851
f 1392 708 1296
f 1296 708 648
f 1392 1296 1710
f 1392 1710 1680
f 1710 1296 1525
f 1525 1296 648
f 1710 1525 1917
f 648 4851 647
f 647 4851 4900
f 648 647 1525
f 647 4900 516
f 647 516 1233
f 647 1233 1525
f 1233 516 940
f 1233 940 1498
f 1233 1498 1812
f 1525 1233 2016
f 2016 1233 1812
f 2016 1812 2233
f 1525 2016 2193
f 2016 2233 2458
f 2016 2458 2193
f 2193 2458 2603
f 364 977 387
f 387 977 975
f 975 977 1463
f 975 1463 1426
f 387 975 889
f 387 889 338
f 889 975 1426
f 889 1426 1231
f 1231 1426 1590
f 1231 1590 1424
f 1424 1590 1559
f 1424 1559 1286
f 1588 1492 1511
f 1588 1511 1559
f 1286 1258 1225
f 1424 1286 1515
f 1225 1258 1256
f 1256 1258 1224
f 1225 1256 1190
f 1286 1225 1337
f 1286 1337 1515
f 1225 1190 1337
f 1337 1190 1063
f 1190 1256 1484
f 1190 1484 1455
f 1190 1455 1063
f 1455 1188 1063
f 1063 1188 754
f 754 1188 822
f 754 822 252
f 252 822 330
f 252 330 5041
f 5041 330 5023
f 754 252 332
f 754 332 828
f 828 332 469
f 754 828 1063
f 1063 828 1155
f 1063 1155 1337
f 1155 828 1450
f 1155 1450 1337
f 1779 1515 1337
f 1779 1337 1654
f 1654 1337 1450
f 1779 1654 1936
f 1936 1654 1450
f 1779 1936 2095
f 2095 1936 2544
f 1936 1450 1806
f 1936 1806 2093
f 1806 1450 1653
f 1806 1653 2093
f 1936 2093 2276
f 1936 2276 2544
f 2276 2093 2346
f 2544 2276 2647
f 2647 2276 2346
f 2544 2647 2820
f 2647 2346 2798
f 2647 2798 2820
f 2820 2798 3115
f 3115 2798 2899
f 3115 2899 3317
f 2899 2798 2574
f 2899 2574 2622
f 2622 2574 2228
f 2899 2622 2620
f 2622 2228 2267
f 2267 2228 2008
f 2899 2620 2868
f 2868 2620 2789
f 2789 2620 2587
f 2134 2010 2228
f 2010 2134 1934
f 2010 1934 1831
f 2010 1831 1738
f 1831 1934 1555
f 1831 1555 1738
f 1555 1934 1653
f 1738 1555 1328
f 1738 1328 1117
f 1117 1328 879
f 879 1328 1555
f 1117 879 669
f 669 879 48
f 48 879 469
f 879 1555 1151
f 879 1151 469
f 1151 1555 1653
f 469 1151 828
f 1151 1653 1450
f 1151 1450 828
f 1653 1934 2093
f 2093 1934 2134
f 2093 2134 2346
f 2346 2134 2574
f 2346 2574 2798
f 2574 2134 2228
f 2010 1738 1915
f 1915 1738 1858
f 2010 1915 2008
f 2008 1915 1858
f 2008 1858 1704
f 2008 1704 1861
f 1861 1704 1549
f 1861 1549 1676
f 2228 2010 2008
f 2820 3115 3481
f 3481 3115 3317
f 2820 3481 3031
f 3481 3317 3688
f 3031 3481 3589
f 3589 3481 3688
f 3561 3800 3688
f 3688 3800 3848
f 3688 3848 3589
f 3848 3800 3692
f 3848 3692 3757
f 3848 3757 3589
f 3589 3757 3528
f 3159 3031 3589
f 3159 3589 3528
f 3031 3159 2681
f 2681 3159 2773
f 3159 3528 3119
f 3159 3119 2773
f 3119 3528 3233
f 3233 3528 3351
f 3119 3233 2934
f 2773 3119 2777
f 2777 3119 2934
f 2773 2777 2283
f 2777 2934 2603
f 2283 2777 2233
f 2777 2603 2458
f 2777 2458 2233
f 3031 2544 2820
f 2544 3031 2681
f 2544 2681 2216
f 2544 2216 2095
f 2216 2681 2283
f 2283 2681 2773
f 2095 2216 1835
f 2095 1835 1779
f 2216 2283 1865
f 2216 1865 1835
f 1779 1835 1563
f 1563 1835 1865
f 1779 1563 1515
f 1865 2283 1759
f 1865 1759 1563
f 1759 2283 2233
f 1759 2233 1812
f 1759 1812 1498
f 1563 1759 1461
f 1461 1759 1498
f 1563 1461 1231
f 1563 1231 1424
f 1461 1498 1163
f 1461 1163 1231
f 1163 1498 940
f 1231 1163 889
f 1163 940 836
f 1163 836 889
f 836 940 366
f 889 836 301
f 3317 2899 3229
f 3229 2899 2868
f 3229 2868 2789
f 3317 3229 3561
f 3317 3561 3688
f 3561 3229 3231
f 3561 3231 3428
f 3561 3428 3800
f 3231 3229 2998
f 2998 3229 2789
f 3231 2998 2869
f 2869 2998 2744
f 2744 2998 2789
f 2744 2789 2641
f 3428 3231 2967
f 2967 3231 2869
f 2967 2869 2643
f 2643 2869 2589
f 2967 2643 2645
f 2967 2645 2932
f 2967 2932 3428
f 3428 2932 3383
f 3428 3383 3800
f 3800 3383 3692
f 3383 2932 2822
f 3383 2822 3117
f 3383 3117 3692
f 3117 2822 3000
f 3000 2822 2748
f 3692 3117 3387
f 3387 3117 3000
f 3692 3387 3757
f 3757 3387 3351
f 3757 3351 3528
f 3351 3387 3000
f 3000 2748 2708
f 3351 3000 3233
f 3000 2708 2905
f 3000 2905 3233
f 2905 2708 2601
f 2601 2708 2595
f 3233 2905 2775
f 2775 2905 2601
f 3233 2775 2934
f 2934 2775 2456
f 2456 2775 2601
f 2934 2456 2603
f 2456 2601 2385
f 2385 2601 2454
f 2603 2456 2193
f 2193 2456 2192
f 2192 2456 2420
f 2192 2420 2030
f 2193 2192 1917
f 1917 2192 1710
f 2193 1917 1525
f 1515 1563 1424
f 2708 2748 2595
f 2449 2601 2595
f 2449 2595 2356
f 2595 2748 2578
f 2578 2748 2822
f 2356 2595 2446
f 2356 2446 2230
f 2595 2578 2381
f 2595 2381 2446
f 2578 2822 2593
f 2578 2593 2381
f 2593 2822 2932
f 2593 2932 2645
f 2593 2645 2350
f 2593 2350 2381
f 2350 2645 2348
f 2254 2446 2381
f 2254 2381 2350
f 2446 2254 2230
f 2230 2254 2161
f 2230 2161 2136
f 2254 2350 2214
f 2214 2350 2348
f 2214 2348 2184
f 2136 2161 2116
f 2116 2161 2214
f 2136 2116 2065
f 2214 2184 2063
f 2214 2063 2116
f 2116 2063 2065
f 2063 2184 2024
f 2065 2063 2013
f 2013 2063 2024
f 2013 2024 1992
f 2348 2645 2643
f 2348 2643 2340
f 2340 2643 2589
f 2348 2340 2184
f 2340 2589 2226
f 2184 2340 2156
f 2156 2340 2226
f 2184 2156 2024
f 2156 2226 2059
f 2156 2059 2024
f 2059 2226 2150
f 2059 2150 1959
f 2059 1959 1913
f 2059 1913 2024
f 1913 1959 1800
f 2024 1913 1853
f 1853 1913 1800
f 1853 1800 1702
f 2024 1853 1992
f 1992 1853 1856
f 2589 2869 2441
f 2441 2869 2744
f 2589 2441 2226
f 2441 2744 2641
f 2226 2441 2150
f 2441 2641 2338
f 2441 2338 2150
f 2338 2641 2587
f 2587 2641 2789
f 2338 2587 2264
f 2338 2264 2083
f 2338 2083 2150
f 2150 2083 1959
f 2214 2161 2254
f 2136 2065 2190
f 2190 2065 2188
f 2188 2065 2013
f 2136 2190 2281
f 2136 2281 2230
f 2190 2188 2279
f 2279 2188 2277
f 2279 2277 2411
f 2279 2411 2379
f 2379 2411 2482
f 2379 2482 2444
f 2444 2482 2352
f 2352 2482 2296
f 2188 2013 2113
f 2113 2013 1992
f 2113 1992 2091
f 2113 2091 2159
f 2091 1992 1963
f 1963 1992 1856
f 1963 1856 1638
f 2091 1963 2181
f 2091 2181 2159
f 1963 1638 1961
f 2159 2181 2250
f 2159 2250 2212
f 2212 2250 2186
f 2181 1963 2087
f 2087 1963 1961
f 2250 2181 2271
f 2271 2181 2087
f 2186 2250 2273
f 2273 2250 2271
f 2186 2273 2115
f 2115 2273 2158
f 2158 2273 2294
f 2294 2273 2271
f 2271 2087 2180
f 2271 2180 2294
f 2180 2087 1961
f 2294 2180 2178
f 2178 2180 2055
f 2180 1961 2057
f 2180 2057 2055
f 2055 2057 1850
f 1850 2057 1961
f 2055 1850 1880
f 1880 1850 1584
f 1880 1584 1613
f 1850 1961 1757
f 1850 1757 1584
f 1757 1961 1638
f 1584 1757 1478
f 1478 1757 1638
f 2188 2113 2277
f 2277 2113 2159
f 2277 2159 2411
f 2411 2159 2212
f 2411 2212 2186
f 2411 2186 2377
f 2377 2186 2115
f 2411 2377 2482
f 2190 2279 2298
f 2190 2298 2281
f 2281 2298 2443
f 2298 2279 2379
f 2443 2298 2580
f 2580 2298 2379
f 2580 2379 2596
f 2596 2379 2444
f 2281 2443 2414
f 2281 2414 2300
f 2300 2414 2354
f 2300 2354 2230
f 2414 2443 2514
f 2414 2514 2354
f 2514 2443 2580
f 2354 2514 2416
f 2514 2580 2596
f 2416 2514 2600
f 2600 2514 2596
f 2600 2596 2452
f 2452 2596 2352
f 2600 2452 2518
f 2600 2518 2546
f 2546 2518 2548
f 2546 2548 2450
f 2450 2548 2516
f 2450 2516 2418
f 2516 2548 2305
f 2418 2516 2454
f 2516 2305 2420
f 2516 2420 2454
f 2420 2305 2030
f 2454 2420 2385
f 2385 2420 2456
f 2281 2300 2230
f 2230 2354 2302
f 2302 2354 2383
f 2302 2383 2356
f 2356 2383 2418
f 2418 2383 2450
f 2383 2354 2416
f 2450 2383 2546
f 2546 2383 2416
f 2546 2416 2600
f 2230 2302 2356
f 2356 2418 2449
f 2449 2418 2454
f 2449 2454 2601
f 2192 2030 1710
f 1710 2030 1680
f 1680 2030 1867
f 1680 1867 1392
f 1867 2030 2305
f 1392 1867 1499
f 1392 1499 764
f 1499 1867 1596
f 1499 1596 764
f 1867 2305 2218
f 2218 2305 2548
f 2218 2548 2518
f 1867 2218 2069
f 2069 2218 2518
f 1867 2069 1596
f 2069 2518 2452
f 2069 2452 2352
f 2069 2352 2067
f 2069 2067 1596
f 2067 2352 2296
f 2067 2296 1965
f 2067 1965 1490
f 2067 1490 1592
f 2067 1592 1596
f 1592 1490 677
f 1592 677 793
f 1596 1592 834
f 834 1592 793
f 1596 834 764
f 834 793 54
f 834 54 764
f 54 793 16
f 764 54 18
f 18 54 5453
f 18 5453 5476
f 5680 6202 6353
f 7149 6618 6757
f 7149 6757 7416
f 7149 7416 7990
f 7149 7990 7865
f 7865 7990 8251
f 7990 7416 8121
f 7990 8121 8251
f 7416 6757 7541
f 7416 7541 8121
f 7541 6757 6839
f 8251 8121 8550
f 8251 8550 8463
f 8550 8121 8665
f 8121 7541 8253
f 8121 8253 8665
f 7541 6839 7631
f 7541 7631 8253
f 7631 6839 6862
f 7631 6862 7730
f 7730 6862 6900
f 7730 6900 6938
f 7730 6938 7771
f 7631 7730 8329
f 7631 8329 8253
f 7730 7771 8327
f 7730 8327 8329
f 8327 7771 8249
f 8249 7771 7728
f 8329 8327 8709
f 8709 8327 8249
f 8709 8249 8663
f 8663 8249 8115
f 8711 8253 8329
f 8711 8329 8709
f 8253 8711 8665
f 8711 8709 8904
f 8904 8709 8902
f 8711 8904 8874
f 8711 8874 8665
f 8665 8874 8765
f 6938 6204 6898
f 6938 6898 7771
f 7771 6898 7728
f 6898 6204 6175
f 6175 6204 5476
f 6175 5476 5453
f 6898 6175 6837
f 7728 6898 7537
f 7537 6898 6837
f 7728 7537 8115
f 7728 8115 8249
f 8115 7537 7448
f 7448 7537 6837
f 8115 7448 8060
f 8115 8060 8498
f 7448 6837 6753
f 7448 6753 7311
f 7311 6753 6682
f 6682 6753 6135
f 6753 6837 6137
f 6753 6137 6135
f 6137 6837 6139
f 6139 6837 6175
f 6139 6175 5453
f 6135 6137 5447
f 6135 5447 5424
f 6137 6139 5449
f 6137 5449 5447
f 6139 5453 5451
f 6139 5451 5449
f 5451 5453 54
f 5451 54 16
f 4754 4750 5424
f 4754 5424 80
f 80 5424 5447
f 80 5447 5449
f 5449 5451 14
f 5449 14 80
f 14 5451 16
f 80 14 677
f 677 14 16
f 677 16 793
f 6135 5424 6079
f 6135 6079 6682
f 6079 5424 5422
f 5422 5424 4750
f 5422 4750 4747
f 5422 4747 5398
f 5398 4747 4745
f 5398 4745 5396
f 5422 5398 6054
f 5422 6054 6079
f 5398 5396 6017
f 5398 6017 6054
f 6017 5396 6015
f 6079 6054 6652
f 6079 6652 6682
f 6054 6017 6608
f 6054 6608 6652
f 6017 6015 6603
f 6017 6603 6608
f 6603 6015 6600
f 6682 6652 7273
f 7273 6652 6608
f 6682 7273 7311
f 6603 6600 7269
f 6603 7269 6608
f 7269 6600 7268
f 7311 7273 8032
f 6608 7269 7228
f 6608 7228 7273
f 7269 7268 7836
f 7836 7268 7223
f 7836 7223 7800
f 7269 7836 7838
f 7269 7838 7228
f 7838 7836 8197
f 8197 7836 8146
f 7838 8197 8275
f 7228 7838 7884
f 7884 7838 8275
f 7228 7884 7273
f 7884 8275 7936
f 7884 7936 7273
f 7273 7936 8032
f 7936 8275 8363
f 7936 8363 8032
f 8032 8363 8461
f 4754 80 570
f 570 80 677
f 4754 570 667
f 4754 667 4750
f 570 677 1370
f 1370 677 1490
f 1370 1490 1965
f 570 1370 1325
f 570 1325 667
f 1370 1965 1884
f 1884 1965 2115
f 2115 1965 2296
f 2115 2296 2377
f 2377 2296 2482
f 1370 1884 1862
f 1370 1862 1325
f 1862 1884 2158
f 1862 2158 2132
f 2132 2158 2294
f 1862 2132 1804
f 1862 1804 1325
f 1804 2132 2022
f 1804 2022 1753
f 1325 1804 1279
f 1279 1804 1753
f 1325 1279 667
f 1279 1753 1249
f 667 1279 666
f 666 1279 1249
f 667 666 4750
f 666 1249 620
f 4750 666 4747
f 4747 666 620
f 4747 620 4745
f 8763 8835 8616
f 8763 8616 8580
f 8616 8835 8867
f 8580 8616 8370
f 8616 8867 8662
f 8245 8247 8370
f 8245 8370 8429
f 8616 8662 8429
f 8662 8867 8833
f 8245 8429 8425
f 8425 8429 8662
f 8245 8425 8209
f 8662 8833 8614
f 8662 8614 8425
f 8614 8833 8801
f 8209 8425 8423
f 8423 8425 8614
f 8209 8423 8207
f 8614 8801 8573
f 8614 8573 8423
f 8207 8423 8367
f 8367 8423 8573
f 8207 8367 8109
f 8573 8801 8492
f 8573 8492 8367
f 8492 8801 8610
f 8367 8492 8279
f 8367 8279 8109
f 8279 8492 8610
f 8109 8279 8156
f 8109 8156 8088
f 8156 8279 8610
f 8156 8610 8359
f 8864 8799 8610
f 8610 8799 8654
f 8610 8654 8359
f 8359 8654 8540
f 8359 8540 8241
f 8580 8370 8369
f 8616 8429 8370
f 8209 8207 8421
f 8421 8207 8419
f 8209 8421 8245
f 8421 8419 8570
f 8421 8570 8612
f 8757 8795 8570
f 8570 8795 8760
f 8570 8760 8612
f 8760 8795 8797
f 8760 8797 8612
f 8797 8795 8862
f 8797 8862 8832
f 8832 8862 8900
f 8797 8832 8703
f 8797 8703 8658
f 8797 8658 8612
f 8658 8703 8494
f 8612 8658 8572
f 8658 8494 8496
f 8658 8496 8572
f 8496 8494 8325
f 8496 8325 8283
f 8496 8283 8247
f 8572 8496 8459
f 8572 8459 8612
f 8459 8496 8247
f 8612 8459 8457
f 8459 8247 8245
f 8459 8245 8457
f 8419 8207 8109
f 8419 8109 8317
f 8419 8317 8570
f 8317 8109 8277
f 8277 8109 8088
f 8570 8317 8544
f 8544 8317 8277
f 8570 8544 8757
f 8544 8277 8488
f 8757 8544 8652
f 8652 8544 8488
f 8277 8088 8201
f 8277 8201 8488
f 8201 8088 8054
f 8201 8054 8052
f 8201 8052 8199
f 8199 8052 8026
f 8199 8026 8152
f 8201 8199 8411
f 8411 8199 8152
f 8201 8411 8415
f 8411 8152 8355
f 8415 8411 8568
f 8411 8355 8604
f 8568 8411 8606
f 8606 8411 8604
f 8088 8156 8054
f 8054 8156 8086
f 8054 8086 8052
f 8052 8086 8051
f 8052 8051 8026
f 8026 8051 7972
f 8026 7972 7802
f 8488 8201 8415
f 8488 8415 8652
f 8415 8568 8652
f 8652 8568 8606
f 8652 8606 8792
f 8792 8606 8604
f 8652 8792 8860
f 8652 8860 8757
f 8757 8860 8795
f 8795 8860 8862
f 8862 8860 8898
f 8898 8860 8792
f 8862 8898 8900
f 8792 8604 8789
f 8792 8789 8898
f 8789 8604 8535
f 8789 8535 8754
f 8789 8754 8830
f 8789 8830 8898
f 8898 8830 8900
f 8900 8830 8858
f 8900 8858 8832
f 8832 8858 8794
f 8355 8152 8080
f 8080 8152 8026
f 8355 8080 8270
f 8355 8270 8604
f 8604 8270 8535
f 8535 8270 8150
f 8535 8150 8407
f 8150 8270 7970
f 7970 8270 8080
f 8150 7970 7804
f 7925 8080 8026
f 7925 8026 7802
f 7925 7802 7599
f 8080 7925 7750
f 7750 7925 7599
f 8080 7750 7970
f 7804 7970 7562
f 7562 7970 7750
f 7562 7750 7599
f 7562 7599 7396
f 7804 7562 7601
f 7562 7396 7177
f 7601 7562 7347
f 7347 7562 7177
f 7601 7347 7140
f 7347 7177 6928
f 7347 6928 7140
f 8150 7804 8050
f 8050 7804 7601
f 8050 7601 7927
f 8150 8050 8407
f 8050 7927 8315
f 8050 8315 8407
f 8315 7927 8239
f 8239 7927 7806
f 8239 7806 8084
f 8239 8084 8357
f 8239 8357 8486
f 8315 8239 8566
f 8566 8239 8486
f 8315 8566 8407
f 8407 8566 8754
f 8407 8754 8535
f 8754 8566 8830
f 8566 8486 8755
f 8566 8755 8830
f 8755 8486 8650
f 8830 8755 8858
f 8858 8755 8650
f 7927 7601 7438
f 7438 7601 7140
f 7927 7438 7806
f 6747 7140 6928
f 7140 6747 7226
f 7140 7226 7438
f 7806 7438 7603
f 7603 7438 7226
f 7806 7603 7929
f 7806 7929 8084
f 7603 7226 7064
f 7064 7226 6565
f 8650 8486 8357
f 8858 8650 8794
f 8794 8650 8656
f 8794 8656 8832
f 8832 8656 8703
f 8650 8357 8542
f 8650 8542 8656
f 8542 8357 8203
f 8203 8357 8084
f 8203 8084 7929
f 8542 8203 8362
f 8542 8362 8656
f 8490 8703 8656
f 8490 8656 8362
f 8703 8490 8494
f 8494 8490 8325
f 8325 8490 8322
f 8322 8490 8362
f 8322 8362 8204
f 8204 8362 8203
f 8322 8204 8107
f 8107 8204 7934
f 7934 8204 8056
f 8056 8204 8203
f 8056 8203 7808
f 8370 8247 8283
f 8370 8283 8369
f 8369 8283 8325
f 8369 8325 8280
f 8325 8322 8280
f 8107 8280 8322
f 8107 7934 7930
f 7808 8203 7929
f 7934 8056 7654
f 7654 8056 7808
f 7605 7934 7654
f 7605 7654 7398
f 7398 7654 7808
f 7398 7808 7487
f 7398 7487 7064
f 7487 7808 7929
f 7929 7603 7487
f 7487 7603 7064
f 7107 7398 7064
f 7107 7064 6565
f 7107 6565 6614
f 6747 6565 7226
f 6565 6747 6508
f 6565 6508 5882
f 6614 6565 5934
f 5934 6565 5882
f 6614 5934 5957
f 5934 5882 5070
f 5957 5934 5223
f 5934 5070 5140
f 5934 5140 5223
f 5140 5070 354
f 5223 5140 328
f 328 5140 354
f 5223 328 291
f 354 5070 405
f 291 328 816
f 291 816 820
f 820 816 1119
f 328 354 877
f 328 877 816
f 877 354 405
f 1119 816 1183
f 1183 816 877
f 1119 1183 1449
f 1449 1183 1321
f 1321 1183 877
f 877 405 936
f 877 936 1321
f 936 405 1059
f 936 1059 1321
f 1059 405 542
f 542 405 5017
f 1059 542 564
f 542 5017 4953
f 4953 5017 5724
f 4953 5724 5664
f 5664 5724 6380
f 6380 5724 6508
f 5664 6380 6272
f 1478 1321 1059
f 1321 1478 1638
f 1478 1059 1584
f 1584 1059 1115
f 5981 5472 5443
f 5443 5472 5181
f 5181 5472 5400
f 1676 1549 1323
f 2008 1861 1882
f 1882 1861 1676
f 2008 1882 2061
f 2008 2061 2267
f 1882 1676 1736
f 1736 1676 1553
f 2061 1882 1912
f 1912 1882 1736
f 1736 1553 1586
f 1586 1553 1416
f 1736 1586 1617
f 1736 1617 1734
f 1736 1734 1912
f 1734 1617 1615
f 1734 1615 1755
f 1734 1755 1931
f 1734 1931 1892
f 1734 1892 1912
f 1912 1892 2085
f 2083 2085 1931
f 2085 2083 2264
f 1912 2085 2109
f 2109 2085 2264
f 1912 2109 2061
f 2061 2109 2267
f 2109 2264 2293
f 2109 2293 2267
f 2267 2293 2622
f 2622 2293 2620
f 2620 2293 2587
f 2293 2264 2587
f 1931 2085 1892
f 1959 2083 1931
f 1959 1931 1800
f 1800 1931 1755
f 1702 1800 1755
f 1702 1755 1615
f 1702 1615 1640
f 1640 1615 1480
f 1640 1480 1449
f 1449 1480 1368
f 1480 1615 1547
f 1547 1615 1617
f 1368 1480 1414
f 1368 1414 1281
f 1281 1414 1482
f 1482 1414 1480
f 1482 1480 1547
f 1482 1547 1617
f 1482 1617 1586
f 1482 1586 1416
f 1856 1853 1702
f 1856 1702 1640
f 1856 1640 1638
f 1416 1553 1216
f 1416 1216 1120
f 1416 1120 1281
f 1281 1120 1123
f 1482 1416 1281
f 1368 1281 1123
f 1368 1123 1119
f 1119 1123 820
f 1368 1119 1449
f 1123 1120 820
f 1449 1638 1640
f 1449 1321 1638
f 405 5070 5017
f 5017 5070 5882
f 5017 5882 5724
f 5724 5882 6508
f 542 4953 564
f 564 4953 4921
f 4921 4953 5664
f 1059 564 1115
f 564 4921 540
f 564 540 1115
f 1115 540 1083
f 1115 1083 1584
f 1584 1083 1613
f 4921 5664 5569
f 5569 5664 6272
f 540 4921 4892
f 4892 4921 5569
f 540 4892 4867
f 540 4867 538
f 4867 4892 5504
f 5504 4892 5569
f 5504 5569 6169
f 6169 5569 6272
f 5504 6169 6051
f 6169 6272 6561
f 6169 6561 6051
f 6561 6272 6715
f 6051 6561 6506
f 5504 6051 5441
f 5504 5441 4867
f 5441 6051 6011
f 6011 6051 6506
f 4867 5441 5418
f 5441 6011 5979
f 5441 5979 5418
f 6011 6506 6522
f 6522 6506 6999
f 6999 6506 6886
f 6999 6886 7175
f 6999 7175 7485
f 6999 7485 7649
f 6999 7649 7100
f 6999 7100 6522
f 7100 7649 7800
f 6537 6011 6522
f 6537 6522 7100
f 6011 6537 5979
f 7100 7800 7223
f 7100 7223 6537
f 5979 6537 6559
f 6559 6537 7223
f 6559 7223 6600
f 6600 7223 7268
f 5979 6559 6013
f 6013 6559 6600
f 5979 6013 5418
f 6013 6600 6015
f 6013 6015 5394
f 6013 5394 5418
f 5394 6015 5396
f 5418 5394 4838
f 5418 4838 4867
f 5394 5396 4797
f 5394 4797 4838
f 4797 5396 4745
f 4867 4838 562
f 562 4838 4797
f 4867 562 538
f 538 562 1081
f 1081 562 1113
f 1113 562 1181
f 4797 4745 589
f 4797 589 562
f 562 589 1181
f 589 4745 620
f 589 620 1181
f 1181 620 1249
f 540 538 1081
f 540 1081 1083
f 1083 1081 1580
f 1083 1580 1613
f 1580 1081 1113
f 1613 1580 1880
f 1880 1580 1777
f 1580 1113 1612
f 1580 1612 1777
f 1612 1113 1181
f 1612 1181 1674
f 1777 1612 1929
f 1929 1612 1674
f 1777 1929 1880
f 1929 1674 1753
f 1880 1929 2055
f 1929 1753 2022
f 2055 1929 2178
f 2178 1929 2022
f 2178 2022 2132
f 2178 2132 2294
f 2444 2352 2596
f 1884 2115 2158
f 1249 1753 1674
f 1249 1674 1181
f 6886 6506 6561
f 6886 6561 7001
f 6886 7001 7175
f 7001 6561 7102
f 7102 6561 6715
f 7001 7102 7434
f 7175 7001 7345
f 7345 7001 7434
f 7175 7345 7485
f 7485 7345 7651
f 7485 7651 7882
f 7485 7882 7649
f 7651 7345 7746
f 7746 7345 7434
f 7651 7746 7882
f 7746 7434 7748
f 7882 7746 8022
f 6715 6272 6784
f 6784 6272 6380
f 6715 6784 7103
f 6715 7103 7102
f 6784 6380 6829
f 6829 6380 6508
f 6829 6508 6928
f 6928 6508 6747
f 6829 6928 7177
f 6784 6829 7105
f 7105 6829 7177
f 6784 7105 7103
f 7105 7177 7396
f 7103 7105 7394
f 7394 7105 7396
f 7436 7102 7103
f 7436 7103 7394
f 7102 7436 7434
f 7434 7436 7748
f 7436 7394 7653
f 7653 7394 7396
f 7436 7653 7748
f 7653 7396 7599
f 7653 7599 7802
f 7748 7653 8024
f 8024 7653 7923
f 8024 7923 8082
f 7972 8082 7802
f 8024 8082 8148
f 8082 7972 8051
f 8148 8082 8154
f 8154 8082 8051
f 8148 8154 8273
f 8154 8051 8086
f 8273 8154 8413
f 8413 8154 8241
f 8241 8154 8086
f 8413 8241 8540
f 8241 8086 8359
f 8359 8086 8156
f 7653 7802 7923
f 7923 7802 8082
f 8060 7448 7311
f 8461 8060 8032
f 8032 8060 7311
f 6335 6517 7095
f 8450 8452 8640
f 8640 8452 8642
f 8640 8642 9090
f 9487 9090 8890
f 9074 8945 9129
f 8945 9074 8719
f 8719 9074 8943
f 8943 9074 9127
f 8719 8943 8837
f 8837 8943 9016
f 9016 8943 9257
f 8945 8719 8624
f 8945 8624 8947
f 8947 8624 8839
f 8839 8624 8809
f 8839 8809 8951
f 9129 8945 8947
f 9129 8947 8967
f 8967 8947 8669
f 9129 8967 9046
f 9046 8967 8669
f 9129 9046 9261
f 9046 8669 8879
f 8947 8839 8669
f 8669 8839 8673
f 8669 8673 8502
f 8673 8839 8951
f 8673 8951 8952
f 8952 8951 8989
f 8673 8952 8721
f 8809 8624 8949
f 8809 8949 8951
f 8949 8624 8807
f 8949 8807 9160
f 8669 8502 8879
f 8502 8673 8721
f 8879 8502 8671
f 8502 8721 8504
f 8502 8504 8671
f 8671 8504 8626
f 8626 8504 8767
f 8767 8504 8628
f 8767 8628 8811
f 8504 8721 8628
f 8671 8626 9048
f 8671 9048 9104
f 9048 8626 8767
f 9048 8767 9017
f 9017 8767 8811
f 9104 8879 8671
f 8879 9104 9131
f 8879 9131 9046
f 9046 9131 9228
f 9046 9228 9261
f 9104 9048 9380
f 9104 9380 9131
f 9131 9380 9285
f 9380 9048 9287
f 9287 9048 9017
f 9131 9285 9228
f 9228 9285 9493
f 9228 9493 9334
f 9228 9334 9261
f 9285 9380 9521
f 9285 9521 9495
f 9285 9495 9493
f 9129 9261 9226
f 9129 9226 9074
f 9074 9226 9183
f 9074 9183 9156
f 9074 9156 9127
f 9156 9183 9197
f 9156 9197 9125
f 9261 9334 9449
f 9261 9449 9397
f 9397 9449 9559
f 9226 9261 9397
f 9226 9397 9395
f 9395 9397 9559
f 9226 9395 9183
f 9395 9559 9421
f 9395 9421 9183
f 9183 9421 9197
f 9449 9334 9561
f 9561 9334 9493
f 9449 9561 9647
f 9449 9647 9559
f 9559 9647 9778
f 9559 9778 9829
f 9559 9829 9667
f 9667 9829 9825
f 9125 9197 9222
f 9222 9197 9309
f 9222 9309 9419
f 9222 9419 9351
f 9351 9419 9445
f 9351 9445 9390
f 9583 9517 9419
f 9419 9517 9445
f 9445 9517 9529
f 9445 9529 9555
f 9555 9529 9691
f 9445 9555 9446
f 9445 9446 9390
f 9390 9446 9447
f 9390 9447 9332
f 9332 9447 9386
f 9156 9125 9283
f 9283 9125 9222
f 9283 9222 9353
f 9353 9222 9351
f 9127 9156 9283
f 8943 9127 9257
f 9257 9127 9283
f 9257 9283 9313
f 8719 8837 8807
f 8719 8807 8624
f 8807 8837 9158
f 8807 9158 9160
f 9158 8837 9185
f 9185 8837 9016
f 9185 9016 9259
f 9259 9016 9257
f 9158 9185 9409
f 9409 9185 9427
f 9409 9427 9608
f 9409 9608 9563
f 9158 9409 9160
f 9160 9409 9451
f 9160 9451 9429
f 9451 9409 9563
f 9429 9451 9669
f 9429 9669 9653
f 9669 9451 9637
f 9637 9451 9563
f 9637 9563 9798
f 9185 9259 9427
f 9427 9259 9425
f 9427 9425 9651
f 9427 9651 9608
f 9259 9257 9224
f 9259 9224 9425
f 9224 9257 9313
f 9224 9313 9378
f 9313 9283 9281
f 9281 9283 9310
f 9310 9283 9353
f 9313 9281 9378
f 9224 9378 9423
f 9423 9378 9470
f 9378 9281 9393
f 9378 9393 9470
f 9470 9393 9491
f 9393 9281 9310
f 9393 9310 9376
f 9224 9423 9425
f 9423 9470 9775
f 9423 9775 9718
f 9775 9470 9491
f 9775 9491 9743
f 9423 9718 9425
f 9425 9718 9649
f 9425 9649 9651
f 9651 9649 9994
f 9651 9994 9912
f 9651 9912 9608
f 9608 9912 9798
f 9775 9743 9856
f 9856 9743 9693
f 9743 9491 9531
f 9491 9393 9407
f 9491 9407 9531
f 9407 9393 9376
f 9407 9376 9332
f 9332 9376 9390
f 9407 9332 9388
f 9376 9310 9390
f 9390 9310 9353
f 9407 9388 9531
f 9531 9388 9557
f 9388 9332 9386
f 9388 9386 9441
f 9388 9441 9557
f 9557 9441 9635
f 9441 9386 9551
f 9635 9441 9737
f 9737 9441 9551
f 9737 9551 9689
f 9737 9689 9821
f 9821 9689 9794
f 9821 9794 9902
f 9902 9794 9980
f 9693 9743 9531
f 9693 9531 9753
f 9753 9531 9557
f 9823 9856 9693
f 9823 9693 9753
f 9823 9753 9992
f 9753 9557 9635
f 9992 9753 10140
f 10140 9753 9873
f 9873 9753 9635
f 10140 9873 10222
f 10222 9873 9988
f 9988 9873 9635
f 9988 9635 9737
f 9856 9823 9875
f 9856 9875 9855
f 9855 9875 9904
f 9856 9855 9827
f 9823 9992 10062
f 9823 10062 9875
f 10062 9992 10140
f 10062 10140 10224
f 9875 10062 9904
f 10062 10224 9904
f 9904 10224 10138
f 10224 10140 10262
f 10138 10224 10170
f 10170 10224 10262
f 10262 10140 10222
f 10222 9988 10218
f 10218 9988 10060
f 10218 10060 10166
f 10060 9988 9737
f 10060 9737 9821
f 10060 9821 9902
f 10060 9902 10093
f 10093 9902 9980
f 10093 9980 10118
f 10262 10222 10256
f 10256 10222 10218
f 10256 10218 10192
f 10192 10218 10166
f 10192 10166 10118
f 10118 10166 10093
f 10093 10166 10060
f 10262 10256 10168
f 10262 10168 10170
f 10168 10256 10134
f 10134 10256 10192
f 10170 10168 10056
f 10170 10056 10024
f 10024 10056 9869
f 10024 9869 9852
f 10056 10168 10054
f 10056 10054 9869
f 10054 10168 10134
f 9869 10054 9944
f 10091 10134 10192
f 10134 10091 10054
f 10054 10091 9944
f 10091 10192 10118
f 9944 10091 9982
f 9982 10091 10118
f 9944 9982 9819
f 9944 9819 9716
f 9944 9716 9869
f 9869 9716 9852
f 9852 9716 9691
f 9691 9716 9581
f 9691 9581 9555
f 9555 9581 9468
f 9555 9468 9446
f 9982 10118 9898
f 9898 10118 9980
f 9898 9980 9769
f 9769 9980 9794
f 9819 9982 9769
f 9769 9982 9898
f 9819 9769 9716
f 9794 9689 9769
f 9769 9689 9643
f 9769 9643 9716
f 9643 9689 9551
f 9716 9643 9515
f 9515 9643 9551
f 9716 9515 9581
f 9515 9551 9386
f 9515 9386 9581
f 9581 9386 9468
f 9468 9386 9447
f 9468 9447 9446
f 9691 9529 9645
f 9691 9645 9852
f 9351 9390 9353
f 10024 9852 10058
f 10058 9852 9986
f 10058 9986 10095
f 9986 9852 9771
f 9986 9771 9901
f 9771 9852 9645
f 10024 10058 10170
f 10170 10058 10194
f 10170 10194 10304
f 10194 10058 10095
f 9529 9517 9554
f 9554 9517 9583
f 9529 9554 9645
f 9645 9554 9665
f 9645 9665 9796
f 9645 9796 9771
f 9771 9796 9901
f 9901 9796 9942
f 9901 9942 10089
f 10089 9942 10116
f 9942 9796 10087
f 10087 9796 9985
f 9665 9554 9773
f 9773 9554 9583
f 9665 9773 9871
f 9665 9871 9796
f 9871 9773 10220
f 10220 9773 10136
f 9796 9871 9985
f 9985 9871 10220
f 9985 10220 10254
f 9985 10254 10252
f 9985 10252 10087
f 9583 9419 9585
f 9583 9585 9741
f 9583 9741 9739
f 9739 9741 9877
f 9583 9739 9773
f 9739 9877 9990
f 9739 9990 9773
f 9773 9990 10136
f 10095 9986 9901
f 10095 9901 10089
f 10194 10095 10217
f 10217 10095 10089
f 10217 10089 10214
f 10089 10116 10214
f 10214 10116 10272
f 10272 10116 10213
f 10213 10116 10087
f 10213 10087 10252
f 10087 10116 9942
f 10214 10272 10316
f 10214 10316 10288
f 10214 10288 10217
f 10217 10288 10302
f 10217 10302 10194
f 10316 10272 10213
f 10316 10213 10300
f 10288 10316 10335
f 10288 10335 10302
f 10302 10335 10304
f 10335 10316 10320
f 10320 10316 10300
f 10304 10335 10344
f 10344 10335 10320
f 10344 10320 10322
f 10344 10322 10324
f 10344 10324 10274
f 10324 10322 10306
f 10300 10213 10252
f 10300 10252 10320
f 10320 10252 10254
f 10320 10254 10322
f 10322 10254 10220
f 10304 10194 10302
f 10170 10304 10274
f 10170 10274 10138
f 10138 10274 9904
f 9904 10274 10142
f 9904 10142 10026
f 10274 10304 10344
f 10142 10274 10324
f 10142 10324 10264
f 10264 10324 10306
f 10264 10306 10226
f 10264 10226 10064
f 10264 10064 10097
f 10264 10097 10142
f 10142 10097 10026
f 9904 10026 10028
f 10028 10026 10097
f 10028 10097 10144
f 10144 10097 10064
f 10028 10144 10103
f 10144 10064 10099
f 10103 10144 10229
f 10229 10144 10099
f 10103 10229 10105
f 10229 10099 10198
f 10105 10229 10266
f 10266 10229 10198
f 10266 10198 10258
f 9904 10028 9855
f 9855 10028 9827
f 9827 10028 10103
f 9827 10103 10105
f 9827 10105 9830
f 10322 10220 10306
f 10306 10220 10136
f 10306 10136 9990
f 10306 9990 10226
f 10064 10226 9990
f 10064 9990 9877
f 10064 9877 10099
f 9877 9741 9825
f 9877 9825 10099
f 9825 9741 9695
f 9695 9741 9519
f 9825 9695 9667
f 9695 9519 9421
f 9695 9421 9667
f 9667 9421 9559
f 9741 9585 9519
f 9519 9585 9419
f 9519 9419 9309
f 9519 9309 9421
f 9421 9309 9197
f 9825 9829 10099
f 10099 9829 10102
f 10099 10102 10197
f 10102 9829 9778
f 10197 10102 10066
f 10066 10102 9778
f 10197 10066 10258
f 10066 9778 9908
f 9908 9778 9647
f 9908 9647 9561
f 10066 9908 10146
f 10146 9908 9950
f 10066 10146 10258
f 9908 9561 9859
f 9859 9561 9780
f 9780 9561 9493
f 9780 9493 9720
f 9720 9493 9495
f 9780 9720 9834
f 9780 9834 9954
f 9834 9720 9697
f 9697 9720 9495
f 9697 9495 9521
f 9908 9859 9950
f 9950 9859 9780
f 10258 10146 10172
f 10258 10172 10266
f 10172 10146 9950
f 10172 9950 9952
f 9950 9780 9954
f 10105 10266 9948
f 10105 9948 9830
f 9948 10266 10172
f 9948 10172 9952
f 9827 9830 9832
f 9832 9830 9906
f 9906 9830 10030
f 9906 10030 9994
f 9994 10030 10174
f 9827 9832 9946
f 9827 9946 9879
f 9879 9946 9776
f 9776 9946 9832
f 9776 9832 9718
f 9718 9832 9649
f 9832 9906 9649
f 9649 9906 9994
f 10030 9830 9948
f 10030 9948 10174
f 10174 9948 10033
f 9912 9994 10174
f 9563 9608 9798
f 10176 9798 9912
f 10176 9912 10174
f 10176 10174 10033
f 10176 10033 10120
f 9637 9798 9800
f 9800 9798 10068
f 10068 9798 10176
f 9800 10068 10148
f 9800 10148 10070
f 9800 10070 9839
f 9637 9800 9669
f 9669 9800 9653
f 10033 9948 9952
f 10120 10033 9952
f 10176 10120 10068
f 9952 9950 9910
f 9910 9950 9954
f 9952 9910 10120
f 10068 10120 10107
f 10068 10107 10148
f 10148 10107 10231
f 10107 10120 9910
f 10107 9910 9996
f 9996 9910 9834
f 9996 9834 10035
f 9996 10035 10107
f 10107 10035 10231
f 9910 9954 9834
f 10070 10148 10231
f 10070 10231 10150
f 10070 10150 9804
f 10070 9804 9839
f 9804 10150 9914
f 9914 10150 10037
f 9914 10037 9883
f 9804 9914 9782
f 9914 9883 9755
f 9914 9755 9782
f 9782 9755 9699
f 9699 9755 9593
f 9834 9697 10035
f 10035 9697 9722
f 10035 9722 10037
f 9722 9697 9521
f 9722 9521 9724
f 9724 9521 9471
f 9471 9521 9380
f 9471 9380 9287
f 9724 9471 9671
f 9671 9471 9401
f 9187 9401 9287
f 9671 9401 9357
f 9401 9187 9050
f 9401 9050 9357
f 9357 9050 8881
f 8881 9050 8770
f 8881 8770 8467
f 9357 8881 9289
f 9289 8881 9199
f 9199 8881 8841
f 10150 10231 10035
f 10035 10037 10150
f 9722 9724 10037
f 10037 9724 9883
f 9883 9724 9671
f 9883 9671 9755
f 9755 9671 9589
f 9589 9671 9357
f 9755 9589 9593
f 9593 9589 9497
f 9593 9497 9454
f 9289 9497 9357
f 9454 9497 9362
f 9362 9497 9289
f 9362 9289 9199
f 9362 9199 9190
f 9401 9471 9287
f 9187 9287 9017
f 9187 9017 9050
f 9050 9017 8770
f 8770 9017 8811
f 8770 8811 8467
f 8467 8811 8508
f 8811 8628 8287
f 8811 8287 8508
f 8287 8628 8124
f 8124 8628 8433
f 8433 8628 8721
f 8433 8721 8952
f 8467 8508 8469
f 8467 8469 8436
f 8436 8469 8586
f 8467 8436 8881
f 8881 8436 8841
f 8124 8433 8506
f 8506 8433 8675
f 8675 8433 8952
f 8124 8506 8552
f 8124 8552 8164
f 8675 8952 9106
f 8675 9106 9019
f 8675 9019 8506
f 9019 9106 9315
f 8506 9019 9077
f 8506 9077 8552
f 9077 9019 9360
f 9360 9019 9315
f 9360 9315 9565
f 9360 9565 9533
f 9533 9565 9759
f 9591 9885 9565
f 9565 9885 9806
f 9565 9806 9759
f 9759 9806 10043
f 9759 10043 9958
f 9106 8952 8989
f 8989 8951 8908
f 8908 8951 8949
f 9106 8989 9135
f 9135 8989 8908
f 9135 8908 9133
f 9135 9133 9399
f 9135 9399 9355
f 9135 9355 9106
f 9106 9355 9315
f 8908 8949 9133
f 9133 8949 9160
f 9133 9160 9429
f 9133 9429 9399
f 9399 9429 9653
f 9399 9653 9587
f 9399 9587 9355
f 9355 9587 9315
f 9587 9653 9802
f 9802 9653 9837
f 9587 9802 9591
f 9315 9587 9591
f 9315 9591 9565
f 9837 9653 9800
f 9837 9800 9839
f 9837 9839 9802
f 9802 9839 9881
f 9802 9881 10039
f 9802 10039 9885
f 9881 9839 9804
f 9881 9804 10039
f 10039 9804 9782
f 9885 9591 9802
f 9885 10039 9806
f 10039 9782 9956
f 10039 9956 9806
f 9806 9956 10043
f 10043 9956 10041
f 10041 9956 9782
f 10043 10041 10152
f 10043 10152 9958
f 10041 9782 9699
f 10041 9699 9757
f 10041 9757 10152
f 10152 9757 9841
f 10152 9841 9808
f 9757 9699 9593
f 9757 9593 9841
f 9841 9593 9523
f 9523 9593 9454
f 9523 9454 9362
f 9523 9362 9190
f 9841 9523 9475
f 9475 9523 9190
f 9841 9475 9808
f 9808 9475 9703
f 9703 9475 9431
f 9703 9431 9364
f 9364 9431 9079
f 9431 9475 9162
f 9431 9162 9079
f 9162 9475 9190
f 9079 9162 8845
f 9162 9190 8912
f 9162 8912 8845
f 9497 9589 9357
f 9199 8841 9190
f 9190 8841 8883
f 9190 8883 8969
f 8969 8883 8723
f 8841 8436 8586
f 8883 8841 8586
f 8883 8586 8723
f 9190 8969 8912
f 8912 8969 8723
f 9364 9079 9291
f 9364 9291 9478
f 9478 9291 9366
f 9366 9291 9203
f 9203 9291 9052
f 9203 9052 8971
f 9203 8971 9205
f 9808 9703 9843
f 9808 9843 10044
f 10044 9843 10073
f 9808 10044 10152
f 9843 9703 9784
f 9843 9784 10073
f 10073 9784 10000
f 10152 10044 9998
f 10152 9998 9958
f 10044 10073 9998
f 9998 10073 10122
f 10122 10073 10046
f 10046 10073 10000
f 9998 10122 9958
f 9958 10122 9960
f 9958 9960 9916
f 9958 9916 9759
f 9759 9916 9745
f 9759 9745 9701
f 9759 9701 9499
f 9759 9499 9533
f 9533 9499 9360
f 9610 9703 9364
f 9703 9610 9784
f 9610 9364 9478
f 9784 9610 9657
f 9657 9610 9478
f 9784 9657 9786
f 9784 9786 10000
f 9786 9657 9567
f 9657 9478 9480
f 9657 9480 9567
f 9480 9478 9366
f 9480 9366 9205
f 9480 9205 9293
f 9480 9293 9567
f 9567 9293 9336
f 10000 9786 9788
f 9788 9786 9567
f 10000 9788 10046
f 10046 9788 9675
f 9788 9567 9535
f 9788 9535 9675
f 9535 9567 9336
f 9535 9336 9320
f 9535 9320 9504
f 9504 9320 9234
f 9535 9504 9675
f 9675 9504 9382
f 9761 10046 9675
f 9675 9382 9595
f 9675 9595 9761
f 9761 9595 9673
f 10122 10046 9761
f 9205 9366 9203
f 9293 9205 8994
f 9293 8994 9023
f 9293 9023 9336
f 9336 9023 9054
f 9052 9291 9079
f 9052 9079 8845
f 8471 8723 8333
f 8333 8723 8586
f 8333 8586 8293
f 8333 8293 7996
f 8333 7996 8126
f 8333 8126 8471
f 8471 8126 8337
f 8293 8586 8469
f 8168 8070 8295
f 8295 8070 7904
f 8295 7904 8166
f 8295 8166 8677
f 8295 8677 8847
f 8066 8293 8469
f 8066 8469 8291
f 8066 8291 7994
f 8291 8469 8508
f 7994 8291 8255
f 8255 8291 8508
f 8255 8508 8376
f 8166 7904 7994
f 8166 7994 8213
f 8213 7994 8255
f 8213 8255 8437
f 8437 8255 8376
f 8213 8437 8630
f 8213 8630 8166
f 8166 8630 8588
f 8166 8588 8677
f 8588 8630 8910
f 8677 8588 8991
f 8991 8588 8910
f 8376 8508 8289
f 8376 8289 8437
f 8289 8508 8287
f 8437 8289 8164
f 8164 8289 8287
f 8164 8287 8124
f 8437 8164 8510
f 8510 8164 8552
f 8510 8552 8772
f 8510 8772 8843
f 8510 8843 8630
f 8630 8843 8910
f 8910 8843 9191
f 8910 9191 9230
f 8910 9230 9232
f 9232 9230 9476
f 8437 8510 8630
f 8772 8552 9137
f 8772 9137 9191
f 8772 9191 8843
f 9137 8552 9077
f 9137 9077 9403
f 9403 9077 9360
f 9403 9360 9499
f 9403 9499 9701
f 9403 9701 9473
f 9403 9473 9137
f 9137 9473 9191
f 9191 9473 9230
f 9230 9473 9501
f 9501 9473 9701
f 9501 9701 9745
f 9230 9501 9476
f 9501 9745 9725
f 9501 9725 9476
f 9476 9725 9655
f 9655 9725 9761
f 9761 9725 9960
f 9960 9725 9916
f 9725 9745 9916
f 9960 10122 9761
f 9232 9476 9456
f 9456 9476 9655
f 9456 9655 9673
f 9232 9456 9201
f 9232 9201 8991
f 9232 8991 8910
f 9655 9761 9673
f 9456 9673 9318
f 9456 9318 9201
f 9318 9673 9595
f 9318 9595 9164
f 9164 9595 9382
f 8677 8991 9201
f 8677 9201 8847
f 8847 9201 9317
f 8847 9317 8995
f 8995 9317 9164
f 8295 8847 8441
f 1080 537 539
f 3173 3034 3066
f 3066 3034 2883
f 3066 2883 2911
f 2911 2883 2763
f 2763 2883 2765
f 3034 3173 2915
f 2915 3173 3014
f 3014 3173 3100
f 3100 3173 3288
f 3034 2915 2806
f 3034 2806 2883
f 2883 2806 2725
f 2883 2725 2765
f 2915 3014 2940
f 2915 2940 2806
f 2940 3014 3036
f 3036 3014 3100
f 3036 3100 3135
f 3135 3100 3219
f 3219 3100 3137
f 3219 3137 3179
f 3219 3179 3250
f 3250 3179 3290
f 3290 3179 3181
f 3290 3181 3221
f 2940 3036 3066
f 2940 3066 2828
f 2828 3066 2911
f 3066 3036 3217
f 3217 3036 3135
f 3217 3135 3327
f 2806 2940 2828
f 2806 2828 2726
f 2806 2726 2725
f 2725 2726 2765
f 2763 2765 2726
f 2911 2763 2726
f 2911 2726 2828
f 3217 3173 3066
f 3173 3217 3327
f 3173 3327 3288
f 3288 3327 3393
f 3288 3393 3329
f 3329 3393 3446
f 3329 3446 3367
f 3367 3446 3369
f 3369 3446 3448
f 3369 3448 3394
f 3394 3448 3501
f 3327 3135 3393
f 3393 3135 3219
f 3393 3219 3446
f 3446 3219 3250
f 3446 3250 3290
f 3446 3290 3448
f 3448 3290 3501
f 3501 3290 3292
f 3100 3288 3137
f 3137 3288 3329
f 3137 3329 3367
f 3137 3367 3179
f 3179 3367 3181
f 3181 3367 3369
f 3181 3369 3394
f 3181 3394 3221
f 3292 3290 3221
f 3292 3221 3294
f 3221 3394 3294
f 3294 3394 3450
f 3294 3450 3333
f 3333 3450 3503
f 3333 3503 3398
f 3398 3503 3549
f 3398 3549 3573
f 3398 3573 3400
f 3400 3573 3404
f 3501 3292 3331
f 3501 3331 3546
f 3546 3331 3396
f 3546 3396 3571
f 3571 3396 3452
f 3571 3452 3617
f 3617 3452 3507
f 3617 3507 3619
f 3331 3292 3294
f 3331 3294 3396
f 3501 3546 3394
f 3450 3394 3546
f 3294 3333 3396
f 3450 3546 3571
f 3450 3571 3503
f 3503 3571 3549
f 3549 3571 3617
f 3396 3333 3452
f 3452 3333 3398
f 3452 3398 3507
f 3573 3549 3617
f 3507 3398 3400
f 3507 3400 3455
f 3455 3400 3404
f 3455 3404 3335
f 3617 3619 3573
f 3573 3619 3575
f 3573 3575 3551
f 3551 3575 3457
f 3457 3575 3509
f 3457 3509 3406
f 3457 3406 3376
f 3376 3406 3258
f 3619 3507 3455
f 3575 3619 3455
f 3404 3573 3551
f 3404 3551 3335
f 3335 3551 3457
f 3335 3457 3256
f 3256 3457 3376
f 3575 3455 3374
f 3575 3374 3509
f 3509 3374 3406
f 3406 3374 3303
f 3374 3455 3335
f 3374 3335 3303
f 3335 3256 3303
f 3303 3256 3183
f 3183 3256 3144
f 3183 3144 3040
f 3183 3040 3042
f 3406 3303 3183
f 3376 3258 3256
f 3256 3258 3144
f 3406 3183 3260
f 3406 3260 3258
f 3258 3260 3072
f 3258 3072 3070
f 3070 3072 2886
f 2886 3072 2889
f 3040 3144 3258
f 3040 3258 3070
f 3040 3070 2886
f 3040 2886 2887
f 3260 3183 3042
f 3260 3042 3072
f 3072 3042 2889
f 2889 3042 2890
f 2890 3042 3040
f 2890 3040 2887
f 2890 2887 2886
f 2890 2886 2889
