# Blender 5.0.1
# www.blender.org
o tripo_node_c11d87d6-454e-4308-8412-b95a5abad5c6
v -0.084229 0.593262 0.000244 0.4157 0.4078 0.4157
v 0.083740 0.593750 0.000244 0.5647 0.5569 0.5725
v 0.454834 0.762207 0.000244 0.0039 0.3568 0.0824
v 0.465576 0.770996 0.000244 0.0392 0.3961 0.1373
v 0.189697 0.778809 0.000244 0.6550 0.4275 0.3019
v 0.175537 0.780273 0.000244 0.6510 0.4275 0.3059
v -0.339111 0.781738 0.000244 0.3882 0.4863 0.4471
v 0.162354 0.781738 0.000244 0.6471 0.4157 0.2902
v -0.342041 0.782227 0.000244 0.6354 0.6667 0.6745
v -0.339111 0.783691 0.000244 0.4863 0.5686 0.5373
v -0.342041 0.783691 0.000244 0.6393 0.6745 0.6785
v -0.389404 0.783691 0.000244 0.0078 0.2392 0.0745
v 0.150146 0.783691 0.000244 0.6276 0.3961 0.2784
v -0.366943 0.787109 0.000244 0.0588 0.2510 0.1137
v -0.370361 0.787598 0.000244 0.5412 0.5843 0.5530
v 0.338135 0.788086 0.000244 0.5412 0.5255 0.5373
v -0.332764 0.788574 0.000244 0.0196 0.1765 0.0863
v -0.366943 0.789062 0.000244 0.0588 0.2432 0.1294
v -0.369873 0.789062 0.000244 0.5686 0.5921 0.5804
v -0.346436 0.790039 0.000244 0.0078 0.2157 0.0667
v -0.371338 0.794434 0.000244 0.5804 0.5882 0.5843
v -0.375732 0.794922 0.000244 0.0235 0.2353 0.0863
v 0.292725 0.797852 0.000244 0.7176 0.4941 0.3568
v -0.328369 0.805176 0.000244 0.4353 0.3568 0.2784
v -0.071533 0.831543 0.000244 0.7608 0.7137 0.6941
v 0.071533 0.831543 0.000244 0.6276 0.4589 0.3255
v 0.444580 0.832520 0.000244 0.0314 0.3725 0.1255
v -0.428955 0.835938 0.000244 0.0431 0.3647 0.1216
v -0.010010 0.837402 0.000244 0.6628 0.4471 0.3176
v 0.010010 0.837402 0.000244 0.6941 0.4706 0.3412
v -0.007568 0.873047 0.000244 0.6000 0.3686 0.2784
v 0.007568 0.873047 0.000244 0.6000 0.3647 0.2784
v -0.004150 0.873535 0.000244 0.5961 0.3686 0.2745
v 0.004150 0.873535 0.000244 0.5725 0.3490 0.2667
v -0.039307 0.914551 0.000244 0.3608 0.2706 0.2196
v 0.042725 0.931152 0.000244 0.0588 0.0510 0.0392
v 0.044678 0.937500 0.000244 0.0627 0.0510 0.0353
v 0.044678 0.950195 0.000244 0.0627 0.0471 0.0353
v -0.038330 0.972656 0.000244 0.0588 0.0431 0.0314
v -0.040771 0.976074 0.000244 0.0196 0.0118 0.0157
v 0.020264 0.985840 0.000244 0.0588 0.0431 0.0392
v -0.003174 0.989258 0.000244 0.0392 0.0275 0.0157
v -0.008057 0.989258 0.000244 0.0196 0.0157 0.0078
v 0.000732 0.989258 0.000244 0.0471 0.0431 0.0275
v -0.019287 0.991211 0.000244 0.0863 0.0706 0.0588
v -0.005127 0.995605 0.000244 0.0549 0.0471 0.0353
v -0.014893 0.997070 0.000244 0.0863 0.0706 0.0588
v -0.016357 0.999512 0.000244 0.1176 0.1059 0.0902
v -0.036865 0.361328 0.000244 0.6745 0.4432 0.3098
v 0.036865 0.361328 0.000244 0.6902 0.4432 0.3137
v -0.107178 0.313965 0.000244 0.6471 0.4314 0.3098
v 0.107178 0.313965 0.000244 0.6550 0.4392 0.3176
v -0.064697 0.295898 0.000244 0.6941 0.4392 0.3137
v 0.064697 0.295898 0.000244 0.6667 0.4589 0.3372
v -0.109131 0.271973 0.000244 0.6510 0.4314 0.3059
v 0.109131 0.271973 0.000244 0.6745 0.4471 0.3137
v -0.102295 0.101074 0.000244 0.6157 0.6471 0.6471
v 0.102295 0.101074 0.000244 0.6236 0.6550 0.6589
v -0.079834 0.608887 0.000732 0.6315 0.6354 0.6354
v 0.081787 0.608887 0.000732 0.6550 0.6628 0.6589
v 0.441162 0.757324 0.000732 0.0118 0.3372 0.0941
v -0.422607 0.764648 0.000732 0.0196 0.2039 0.0824
v -0.410889 0.772461 0.000732 0.0275 0.2392 0.1098
v -0.202393 0.777832 0.000732 0.6354 0.4196 0.2980
v -0.189697 0.778809 0.000732 0.6589 0.4275 0.3019
v -0.395752 0.779297 0.000732 0.0314 0.2432 0.0902
v -0.176025 0.780273 0.000732 0.6706 0.4314 0.2980
v -0.340576 0.781738 0.000732 0.5882 0.6079 0.6039
v 0.470459 0.783203 0.000732 0.0431 0.4000 0.1373
v -0.150146 0.783691 0.000732 0.6393 0.4078 0.2902
v -0.340576 0.783691 0.000732 0.6039 0.6393 0.6393
v -0.368408 0.787109 0.000732 0.0627 0.2432 0.1176
v -0.340088 0.788574 0.000732 0.6079 0.6471 0.6510
v -0.368408 0.789062 0.000732 0.1412 0.2706 0.1843
v -0.373291 0.794434 0.000732 0.2627 0.3019 0.2784
v -0.329346 0.796875 0.000732 0.3725 0.3725 0.2980
v 0.471436 0.796875 0.000732 0.0431 0.4078 0.1451
v -0.292725 0.797852 0.000732 0.7216 0.4863 0.3608
v -0.377197 0.803223 0.000732 0.0118 0.2392 0.0784
v 0.468994 0.808594 0.000732 0.0392 0.4000 0.1333
v 0.463135 0.819336 0.000732 0.0431 0.4039 0.1373
v 0.383057 0.822266 0.000732 0.0667 0.3804 0.1569
v 0.455322 0.827148 0.000732 0.0471 0.4039 0.1412
v -0.070068 0.832520 0.000732 0.8196 0.7960 0.7843
v 0.070068 0.832520 0.000732 0.6157 0.4432 0.3216
v -0.010986 0.845703 0.000732 0.6471 0.4275 0.2980
v 0.010986 0.845703 0.000732 0.6745 0.4550 0.3255
v -0.029541 0.872070 0.000732 0.6039 0.3882 0.2706
v 0.029541 0.872070 0.000732 0.6197 0.4039 0.2941
v 0.000244 0.872559 0.000732 0.5843 0.3490 0.2667
v -0.033447 0.882812 0.000732 0.7098 0.4941 0.3725
v 0.033447 0.882812 0.000732 0.7059 0.4902 0.3686
v -0.035889 0.897949 0.000732 0.6863 0.4784 0.3568
v 0.035889 0.897949 0.000732 0.6902 0.4745 0.3529
v -0.040771 0.919922 0.000732 0.0627 0.0431 0.0510
v -0.042236 0.920898 0.000732 0.0078 0.0039 0.0039
v -0.054443 0.960938 0.000732 0.0471 0.0392 0.0235
v -0.042725 0.969727 0.000732 0.0941 0.0824 0.0627
v 0.027100 0.971191 0.000732 0.0314 0.0275 0.0157
v -0.010498 0.997070 0.000732 0.0431 0.0353 0.0196
v -0.013916 0.998535 0.000732 0.1098 0.0941 0.0784
v -0.101807 0.094238 0.000732 0.3372 0.3961 0.3765
v 0.101807 0.094238 0.000732 0.3882 0.4353 0.4196
v -0.077881 0.624023 0.001221 0.4863 0.4863 0.4823
v 0.077881 0.624023 0.001221 0.6079 0.5961 0.6118
v -0.075928 0.625488 0.001221 0.4980 0.4980 0.4980
v 0.075928 0.625488 0.001221 0.6432 0.6354 0.6510
v -0.078857 0.676270 0.001221 0.0353 0.2196 0.1020
v 0.078857 0.676270 0.001221 0.0235 0.2039 0.0902
v 0.433350 0.759277 0.001221 0.0118 0.3216 0.0941
v -0.454834 0.762207 0.001221 0.0196 0.3568 0.1137
v -0.465576 0.770996 0.001221 0.0196 0.3921 0.1373
v -0.162354 0.781738 0.001221 0.6745 0.4314 0.2980
v -0.338135 0.788086 0.001221 0.6039 0.6589 0.6667
v 0.328857 0.805664 0.001221 0.0510 0.2667 0.1451
v 0.136963 0.808105 0.001221 0.7216 0.5059 0.3725
v 0.216064 0.808594 0.001221 0.7608 0.5294 0.3921
v 0.374756 0.811523 0.001221 0.0392 0.2353 0.1020
v -0.455322 0.826660 0.001221 0.0627 0.3921 0.1530
v -0.027588 0.827637 0.001221 0.6902 0.4823 0.3608
v 0.027588 0.827637 0.001221 0.6706 0.4510 0.3216
v -0.444580 0.832520 0.001221 0.0471 0.3882 0.1451
v 0.000244 0.834473 0.001221 0.7098 0.4745 0.3490
v -0.004639 0.835449 0.001221 0.6902 0.4745 0.3412
v 0.004639 0.835449 0.001221 0.6863 0.4706 0.3451
v -0.011475 0.871582 0.001221 0.6118 0.3725 0.2902
v 0.011475 0.871582 0.001221 0.6197 0.3647 0.3019
v -0.037354 0.914062 0.001221 0.6079 0.4275 0.3098
v 0.038818 0.916016 0.001221 0.3451 0.2196 0.1804
v 0.039795 0.920410 0.001221 0.0314 0.0275 0.0078
v -0.043213 0.926270 0.001221 0.0196 0.0196 0.0196
v -0.036377 0.926758 0.001221 0.6628 0.4392 0.3255
v 0.036377 0.926758 0.001221 0.6276 0.4078 0.3019
v 0.045654 0.943359 0.001221 0.0902 0.0706 0.0549
v 0.044189 0.955566 0.001221 0.0667 0.0510 0.0392
v -0.058350 0.963867 0.001221 0.1804 0.1569 0.1333
v -0.053955 0.964844 0.001221 0.1725 0.1412 0.1176
v -0.051025 0.965820 0.001221 0.1294 0.1137 0.0980
v -0.048096 0.966797 0.001221 0.1098 0.0902 0.0667
v -0.041260 0.980957 0.001221 0.0902 0.0745 0.0510
v -0.005127 0.992188 0.001221 0.0314 0.0157 0.0196
v -0.010986 0.995605 0.001221 0.0431 0.0314 0.0196
v -0.014404 0.997559 0.001221 0.0824 0.0745 0.0706
v -0.100342 0.254395 0.001221 0.6902 0.4784 0.3451
v 0.100342 0.254395 0.001221 0.6785 0.4667 0.3333
v -0.103760 0.108398 0.001221 0.7255 0.7451 0.7608
v 0.103760 0.108398 0.001221 0.7059 0.7412 0.7529
v -0.106201 0.106445 0.001221 0.5059 0.5530 0.5490
v 0.106201 0.106445 0.001221 0.3490 0.4157 0.3961
v -0.441162 0.757324 0.001709 0.0235 0.3372 0.1059
v -0.087158 0.763184 0.001709 0.5843 0.3725 0.2510
v 0.087158 0.763184 0.001709 0.5725 0.3490 0.2549
v 0.415283 0.769043 0.001709 0.0235 0.2157 0.0902
v 0.391846 0.781738 0.001709 0.0275 0.2745 0.1059
v -0.470459 0.783203 0.001709 0.0314 0.3961 0.1333
v 0.123779 0.795410 0.001709 0.6315 0.4157 0.2980
v -0.128662 0.795898 0.001709 0.6706 0.4432 0.3294
v 0.128662 0.795898 0.001709 0.6706 0.4510 0.3333
v -0.471436 0.796875 0.001709 0.0471 0.3921 0.1373
v 0.329834 0.796875 0.001709 0.0667 0.2627 0.1412
v 0.375244 0.802734 0.001709 0.0353 0.2353 0.1020
v -0.136963 0.808105 0.001709 0.6785 0.4510 0.3333
v -0.216064 0.808594 0.001709 0.7568 0.5373 0.4078
v -0.468994 0.808594 0.001709 0.0392 0.3921 0.1412
v 0.364014 0.810059 0.001709 0.5333 0.5569 0.5412
v 0.370361 0.811035 0.001709 0.0549 0.2000 0.1020
v -0.463135 0.818848 0.001709 0.0471 0.4000 0.1569
v -0.383057 0.822266 0.001709 0.0039 0.3490 0.1137
v 0.000244 0.826660 0.001709 0.7098 0.4902 0.3608
v -0.038818 0.827148 0.001709 0.6510 0.4314 0.3176
v 0.038818 0.827148 0.001709 0.6510 0.4196 0.2980
v 0.395752 0.830078 0.001709 0.0627 0.3804 0.1647
v 0.000244 0.870605 0.001709 0.6039 0.3568 0.2784
v -0.003662 0.875977 0.001709 0.6197 0.3765 0.2863
v 0.000244 0.875977 0.001709 0.6039 0.3647 0.2784
v 0.003662 0.875977 0.001709 0.6039 0.3608 0.2745
v -0.036377 0.914062 0.001709 0.6432 0.4432 0.3294
v 0.036377 0.914062 0.001709 0.6510 0.4589 0.3608
v 0.036865 0.915527 0.001709 0.1294 0.0902 0.0588
v 0.040771 0.925781 0.001709 0.0392 0.0392 0.0314
v -0.045166 0.933105 0.001709 0.0196 0.0078 0.0000
v 0.043213 0.937012 0.001709 0.0235 0.0118 0.0039
v 0.041748 0.961914 0.001709 0.0549 0.0392 0.0275
v 0.037354 0.967773 0.001709 0.0353 0.0275 0.0235
v -0.097900 0.097656 0.001709 0.6550 0.6785 0.6785
v 0.097900 0.097656 0.001709 0.5764 0.6197 0.6118
v -0.091064 0.737793 0.002197 0.2588 0.3059 0.2510
v 0.091064 0.737793 0.002197 0.6706 0.6902 0.6824
v -0.433350 0.759277 0.002197 0.0000 0.3019 0.0706
v -0.415283 0.769043 0.002197 0.0275 0.2353 0.1137
v 0.379639 0.793945 0.002197 0.0353 0.2627 0.1020
v -0.123779 0.795410 0.002197 0.6000 0.3765 0.2706
v 0.364502 0.801270 0.002197 0.5059 0.5216 0.5176
v 0.370850 0.802734 0.002197 0.0510 0.1961 0.1020
v -0.328857 0.805664 0.002197 0.4039 0.3372 0.2627
v 0.331299 0.806152 0.002197 0.4550 0.4784 0.4667
v 0.335205 0.806641 0.002197 0.7216 0.6902 0.7020
v 0.344971 0.808105 0.002197 0.0471 0.3294 0.1412
v -0.374756 0.811523 0.002197 0.0118 0.2157 0.0745
v -0.136475 0.814941 0.002197 0.6824 0.4628 0.3333
v 0.136475 0.814941 0.002197 0.6863 0.4589 0.3412
v -0.005127 0.827148 0.002197 0.7020 0.4823 0.3529
v 0.005127 0.827148 0.002197 0.6941 0.4745 0.3451
v -0.010498 0.829590 0.002197 0.6941 0.4667 0.3372
v 0.010498 0.829590 0.002197 0.7098 0.4980 0.3647
v -0.017822 0.832520 0.002197 0.7020 0.4823 0.3529
v 0.017822 0.832520 0.002197 0.6863 0.4667 0.3412
v -0.011475 0.852051 0.002197 0.6315 0.3804 0.2549
v 0.011475 0.852051 0.002197 0.6157 0.4078 0.2863
v -0.003662 0.870605 0.002197 0.6000 0.3765 0.2863
v 0.003662 0.870605 0.002197 0.6039 0.3608 0.2784
v -0.008057 0.875488 0.002197 0.6197 0.3686 0.2902
v 0.008057 0.875488 0.002197 0.6197 0.3608 0.2902
v 0.036377 0.902344 0.002197 0.6980 0.4784 0.3568
v -0.036377 0.902832 0.002197 0.6667 0.4589 0.3372
v -0.035889 0.925781 0.002197 0.6706 0.4353 0.3255
v 0.035889 0.926270 0.002197 0.6315 0.4078 0.3019
v -0.047607 0.955566 0.002197 0.0627 0.0510 0.0392
v -0.053955 0.961426 0.002197 0.0275 0.0157 0.0039
v -0.033936 0.983887 0.002197 0.0863 0.0745 0.0549
v 0.020264 0.984375 0.002197 0.0745 0.0588 0.0471
v -0.127686 0.395996 0.002197 0.3608 0.3412 0.2432
v 0.127686 0.395996 0.002197 0.2627 0.3568 0.2823
v -0.099365 0.102539 0.002197 0.7059 0.7255 0.7372
v 0.099365 0.102539 0.002197 0.7137 0.7451 0.7529
v -0.100830 0.097168 0.002197 0.6315 0.6628 0.6628
v 0.100830 0.097168 0.002197 0.5255 0.5451 0.5373
v -0.109131 0.054688 0.002197 0.0431 0.2588 0.1059
v 0.109131 0.054688 0.002197 0.4432 0.5098 0.4667
v -0.110596 0.001953 0.002197 0.0039 0.1843 0.0667
v 0.110596 0.001953 0.002197 0.0471 0.2118 0.0941
v -0.078857 0.627441 0.002686 0.5882 0.5764 0.5921
v 0.078857 0.627441 0.002686 0.0039 0.0431 0.0039
v -0.077881 0.666016 0.002686 0.0235 0.2039 0.0941
v 0.077881 0.666016 0.002686 0.0196 0.1922 0.0863
v 0.422607 0.767090 0.002686 0.0235 0.1922 0.0706
v -0.391846 0.781738 0.002685 0.0196 0.2902 0.1216
v 0.216064 0.787598 0.002686 0.7098 0.4784 0.3608
v -0.329834 0.796387 0.002686 0.3412 0.3372 0.2471
v 0.332275 0.796875 0.002686 0.3137 0.3568 0.3372
v 0.336182 0.797363 0.002686 0.6785 0.6628 0.6824
v 0.345947 0.798340 0.002686 0.0431 0.2941 0.1333
v -0.364502 0.800781 0.002685 0.0510 0.2941 0.1373
v -0.130127 0.802246 0.002686 0.6589 0.4392 0.3255
v -0.370850 0.802246 0.002685 0.6628 0.6628 0.6628
v 0.130127 0.802246 0.002686 0.7176 0.4980 0.3725
v -0.375244 0.802734 0.002685 0.0157 0.2039 0.0627
v 0.372803 0.802734 0.002686 0.0627 0.2549 0.1176
v 0.148682 0.809570 0.002686 0.7647 0.5333 0.4078
v -0.364014 0.810059 0.002685 0.0588 0.3216 0.1490
v -0.370361 0.811035 0.002685 0.6902 0.6902 0.6863
v 0.372314 0.811523 0.002686 0.0431 0.2863 0.1216
v -0.395752 0.829590 0.002685 0.0706 0.3843 0.1647
v -0.023193 0.865723 0.002686 0.5373 0.3255 0.2157
v 0.023193 0.865723 0.002686 0.5608 0.3451 0.2392
v -0.012939 0.869141 0.002686 0.6276 0.3765 0.2941
v 0.012939 0.869141 0.002686 0.6315 0.3765 0.2902
v -0.033936 0.886719 0.002686 0.7176 0.5019 0.3804
v 0.033936 0.886719 0.002686 0.7176 0.4941 0.3765
v -0.047119 0.947754 0.002686 0.0627 0.0510 0.0314
v -0.053955 0.964355 0.002686 0.1608 0.1294 0.1059
v -0.131104 0.397949 0.002686 0.1294 0.2235 0.1373
v 0.131104 0.397949 0.002686 0.1137 0.2823 0.1804
v -0.060303 0.308594 0.002686 0.6628 0.4196 0.2863
v 0.060303 0.308594 0.002686 0.6000 0.4000 0.2902
v -0.083252 0.268066 0.002686 0.6589 0.4510 0.3255
v 0.083252 0.268066 0.002686 0.6354 0.4275 0.3059
v -0.101807 0.101562 0.002686 0.6824 0.7059 0.7176
v 0.101807 0.101562 0.002686 0.5764 0.6157 0.6118
v -0.155518 0.039062 0.002686 0.0314 0.2432 0.1059
v 0.155518 0.039062 0.002686 0.0314 0.2471 0.1059
v 0.103271 0.776367 0.003174 0.5764 0.3529 0.2471
v -0.379639 0.793945 0.003174 0.0039 0.2314 0.0745
v -0.331299 0.806152 0.003174 0.0157 0.2471 0.1451
v -0.335205 0.806641 0.003174 0.2706 0.3804 0.3451
v 0.338623 0.807129 0.003174 0.0588 0.3255 0.1530
v -0.344971 0.808105 0.003174 0.0078 0.3137 0.1216
v -0.148682 0.809570 0.003174 0.7608 0.5176 0.3882
v 0.206787 0.809570 0.003174 0.7608 0.5294 0.3921
v 0.129150 0.827637 0.003174 0.7412 0.5137 0.3765
v -0.077881 0.832031 0.003174 0.7804 0.4941 0.3490
v 0.077881 0.832031 0.003174 0.7059 0.5098 0.3725
v -0.008545 0.871582 0.003174 0.6157 0.3725 0.2941
v 0.008545 0.871582 0.003174 0.6157 0.3686 0.2784
v -0.038818 0.918945 0.003174 0.4039 0.2784 0.1843
v 0.038330 0.919922 0.003174 0.0588 0.0510 0.0392
v -0.042725 0.925781 0.003174 0.0039 0.0039 0.0078
v 0.040771 0.930176 0.003174 0.0392 0.0353 0.0275
v 0.045166 0.949707 0.003174 0.0667 0.0549 0.0353
v -0.050537 0.960449 0.003174 0.0235 0.0078 0.0078
v 0.031982 0.971680 0.003174 0.0588 0.0588 0.0392
v 0.025635 0.978516 0.003174 0.0392 0.0235 0.0118
v -0.016357 0.989746 0.003174 0.0314 0.0157 0.0039
v -0.005615 0.990723 0.003174 0.0078 0.0039 0.0000
v -0.124268 0.416504 0.003174 0.0078 0.2000 0.0863
v 0.124268 0.416504 0.003174 0.0157 0.1922 0.0863
v -0.128174 0.412598 0.003174 0.0039 0.1961 0.0588
v 0.128174 0.412598 0.003174 0.2353 0.4000 0.3216
v -0.034424 0.375488 0.003174 0.6510 0.4118 0.2902
v 0.034424 0.375488 0.003174 0.6510 0.4118 0.2902
v -0.115967 0.368164 0.003174 0.7020 0.4863 0.3647
v 0.115967 0.368164 0.003174 0.7020 0.4823 0.3529
v -0.107666 0.003418 0.003174 0.0118 0.1843 0.0824
v 0.107666 0.003418 0.003174 0.0235 0.1961 0.0863
v -0.077393 0.639160 0.003662 0.0039 0.2078 0.0824
v 0.077393 0.639160 0.003662 0.0314 0.2235 0.1098
v -0.074951 0.647949 0.003662 0.0235 0.2039 0.0902
v 0.074951 0.647949 0.003662 0.0118 0.1804 0.0745
v -0.076416 0.656250 0.003662 0.0275 0.2078 0.0980
v 0.076416 0.656250 0.003662 0.0314 0.2235 0.1059
v -0.422607 0.767090 0.003662 0.0314 0.2118 0.0863
v 0.402100 0.773926 0.003662 0.0353 0.2902 0.1216
v -0.103271 0.776367 0.003662 0.5725 0.3490 0.2432
v -0.216064 0.787598 0.003662 0.7137 0.4745 0.3529
v -0.332275 0.796875 0.003662 0.0039 0.2353 0.1373
v -0.336182 0.797363 0.003662 0.2235 0.3686 0.3176
v 0.339600 0.797363 0.003662 0.0471 0.2902 0.1216
v -0.345947 0.798340 0.003662 0.0078 0.2823 0.1059
v 0.216553 0.798828 0.003662 0.7568 0.5176 0.3961
v -0.372803 0.802246 0.003662 0.4784 0.4980 0.4980
v -0.338623 0.807129 0.003662 0.6315 0.6785 0.6667
v 0.336670 0.807129 0.003662 0.1451 0.2627 0.1882
v -0.206787 0.809570 0.003662 0.7647 0.5333 0.4000
v -0.372314 0.811523 0.003662 0.5216 0.5373 0.5294
v -0.129150 0.827637 0.003662 0.7412 0.5019 0.3843
v -0.005127 0.844238 0.003662 0.6785 0.4589 0.3294
v 0.005127 0.844238 0.003662 0.6706 0.4550 0.3216
v 0.000244 0.866699 0.003662 0.6118 0.3804 0.2902
v -0.030518 0.875488 0.003662 0.6785 0.4667 0.3451
v 0.030518 0.875488 0.003662 0.6706 0.4667 0.3451
v -0.036865 0.918457 0.003662 0.6276 0.4392 0.3255
v 0.040283 0.925293 0.003662 0.0078 0.0157 0.0039
v 0.044678 0.929688 0.003662 0.0431 0.0392 0.0314
v -0.053955 0.962891 0.003662 0.0510 0.0392 0.0314
v -0.051025 0.964844 0.003662 0.1333 0.1176 0.0941
v -0.120850 0.433105 0.003662 0.0235 0.1765 0.0627
v 0.120850 0.433105 0.003662 0.0784 0.1961 0.1059
v -0.107666 0.286133 0.003662 0.6432 0.4235 0.3019
v 0.107666 0.286133 0.003662 0.6393 0.4275 0.2902
v -0.128662 0.060547 0.003662 0.0039 0.0667 0.0196
v 0.128662 0.060059 0.003662 0.0314 0.1569 0.0863
v 0.421631 0.765625 0.004150 0.0235 0.1804 0.0549
v 0.337158 0.796875 0.004150 0.4550 0.4902 0.4667
v -0.339600 0.797363 0.004150 0.6039 0.6471 0.6354
v -0.216553 0.798828 0.004150 0.7451 0.5176 0.3921
v -0.336670 0.807129 0.004150 0.6039 0.6471 0.6550
v 0.195557 0.810059 0.004150 0.7647 0.5255 0.3961
v 0.158936 0.810547 0.004150 0.7568 0.5333 0.3961
v 0.394287 0.825195 0.004150 0.0549 0.3921 0.1569
v -0.012939 0.856445 0.004150 0.5882 0.3451 0.2314
v 0.012939 0.856445 0.004150 0.5843 0.3686 0.2588
v -0.011963 0.866699 0.004150 0.6315 0.3882 0.2980
v 0.011963 0.866699 0.004150 0.6471 0.3882 0.3059
v -0.004150 0.867188 0.004150 0.6197 0.3843 0.2902
v 0.004150 0.867188 0.004150 0.6236 0.3725 0.2863
v -0.004639 0.881836 0.004150 0.6000 0.3451 0.2745
v 0.004639 0.881836 0.004150 0.6000 0.3529 0.2706
v 0.000244 0.882324 0.004150 0.6000 0.3490 0.2745
v -0.034424 0.891113 0.004150 0.7098 0.4941 0.3725
v -0.036377 0.907715 0.004150 0.6550 0.4550 0.3372
v -0.035400 0.918945 0.004150 0.6745 0.4628 0.3529
v 0.035400 0.918945 0.004150 0.7020 0.4902 0.3804
v 0.036377 0.919434 0.004150 0.1882 0.1490 0.1255
v 0.044678 0.942383 0.004150 0.0392 0.0275 0.0235
v 0.026611 0.972168 0.004150 0.0667 0.0627 0.0471
v -0.040283 0.974609 0.004150 0.0353 0.0314 0.0235
v -0.046143 0.977051 0.004150 0.0196 0.0157 0.0039
v 0.010498 0.993164 0.004150 0.0745 0.0588 0.0471
v -0.116943 0.449707 0.004150 0.0353 0.1961 0.0941
v 0.116943 0.449707 0.004150 0.0902 0.2353 0.1530
v -0.124268 0.429199 0.004150 0.0039 0.2000 0.0627
v 0.124268 0.429199 0.004150 0.0314 0.2118 0.0980
v -0.108643 0.505859 0.004639 0.2078 0.3765 0.2980
v 0.108643 0.505859 0.004639 0.5255 0.6354 0.6039
v -0.402100 0.773438 0.004639 0.0275 0.2823 0.1176
v 0.116455 0.788086 0.004639 0.5725 0.3529 0.2471
v -0.337158 0.796875 0.004639 0.5059 0.5686 0.5647
v -0.158936 0.810547 0.004639 0.7647 0.5294 0.3961
v 0.381592 0.817383 0.004639 0.0588 0.3647 0.1490
v -0.394287 0.825195 0.004639 0.0471 0.3804 0.1490
v 0.000244 0.843750 0.004639 0.6980 0.4745 0.3451
v -0.011963 0.875488 0.004639 0.6157 0.3686 0.2863
v 0.011963 0.875488 0.004639 0.6236 0.3686 0.2902
v -0.010010 0.880371 0.004639 0.6118 0.3568 0.2863
v 0.010010 0.880371 0.004639 0.6118 0.3608 0.2902
v 0.034424 0.891113 0.004639 0.7137 0.4902 0.3725
v 0.036377 0.907715 0.004639 0.7137 0.4863 0.3686
v -0.041748 0.924805 0.004639 0.0118 0.0000 0.0000
v -0.043701 0.932129 0.004639 0.0235 0.0235 0.0157
v -0.045166 0.939453 0.004639 0.0275 0.0157 0.0078
v 0.044189 0.955078 0.004639 0.0471 0.0314 0.0196
v -0.046143 0.959473 0.004639 0.0510 0.0392 0.0392
v -0.048096 0.965820 0.004639 0.1176 0.1020 0.0784
v 0.037354 0.968262 0.004639 0.0275 0.0118 0.0039
v -0.046143 0.978516 0.004639 0.0863 0.0745 0.0549
v -0.024658 0.989258 0.004639 0.0863 0.0627 0.0510
v -0.002686 0.990723 0.004639 0.0471 0.0471 0.0314
v -0.111572 0.492676 0.004639 0.3451 0.5176 0.4275
v 0.111572 0.492676 0.004639 0.4471 0.5647 0.5333
v -0.114990 0.479004 0.004639 0.4157 0.5725 0.4941
v 0.114990 0.479004 0.004639 0.5255 0.6315 0.6039
v -0.117920 0.464844 0.004639 0.1686 0.3372 0.2432
v 0.118408 0.464844 0.004639 0.5255 0.6628 0.6000
v -0.121338 0.445801 0.004639 0.0118 0.1922 0.0588
v 0.121826 0.445801 0.004639 0.1216 0.2745 0.1804
v -0.106689 0.517578 0.005127 0.2118 0.3882 0.3059
v 0.106201 0.517578 0.005127 0.6393 0.7529 0.7176
v -0.421631 0.765137 0.005127 0.0353 0.2667 0.0980
v 0.427002 0.772949 0.005127 0.0353 0.1922 0.1098
v -0.116455 0.788086 0.005127 0.5686 0.3451 0.2510
v -0.141846 0.794434 0.005127 0.7216 0.5019 0.3725
v 0.141846 0.794434 0.005127 0.7137 0.4823 0.3608
v 0.144775 0.802246 0.005127 0.7412 0.5098 0.3921
v -0.195557 0.810547 0.005127 0.7686 0.5333 0.4118
v 0.183350 0.810547 0.005127 0.7647 0.5333 0.4000
v 0.171143 0.811035 0.005127 0.7608 0.5294 0.4000
v 0.086670 0.832031 0.005127 0.7412 0.5255 0.3882
v -0.005615 0.850586 0.005127 0.6236 0.4078 0.2902
v 0.005615 0.850586 0.005127 0.6354 0.4118 0.2980
v -0.008545 0.867676 0.005127 0.6236 0.3804 0.2902
v 0.008545 0.867676 0.005127 0.6276 0.3765 0.2980
v -0.039795 0.924316 0.005127 0.1176 0.0510 0.0275
v 0.042725 0.959961 0.005127 0.0667 0.0510 0.0392
v -0.051025 0.962402 0.005127 0.0275 0.0157 0.0078
v 0.040771 0.963867 0.005127 0.0510 0.0392 0.0196
v -0.038818 0.981445 0.005127 0.1176 0.1020 0.0824
v -0.013916 0.988281 0.005127 0.0118 0.0078 0.0039
v -0.000732 0.992676 0.005127 0.0275 0.0196 0.0078
v -0.074463 0.282227 0.005127 0.6432 0.4235 0.3059
v 0.074463 0.282227 0.005127 0.6079 0.4078 0.2941
v -0.106689 0.009766 0.005127 0.0078 0.1725 0.0784
v 0.106689 0.009766 0.005127 0.0157 0.1922 0.0863
v -0.105713 0.008789 0.005127 0.0157 0.1804 0.0902
v 0.105713 0.008789 0.005127 0.0196 0.1882 0.0824
v -0.103760 0.530762 0.005615 0.2392 0.4118 0.3333
v 0.102295 0.530762 0.005615 0.3137 0.4823 0.4157
v -0.099854 0.544922 0.005615 0.2078 0.4078 0.3176
v 0.099854 0.544922 0.005615 0.3568 0.5137 0.4510
v -0.144775 0.802246 0.005615 0.7451 0.5098 0.3882
v -0.183350 0.810547 0.005615 0.7686 0.5333 0.4118
v -0.171143 0.811035 0.005615 0.7725 0.5373 0.4196
v -0.381592 0.817383 0.005615 0.0118 0.3137 0.0980
v 0.000244 0.818359 0.005615 0.6980 0.4784 0.3490
v 0.410400 0.831543 0.005615 0.0745 0.3921 0.1686
v -0.086670 0.832031 0.005615 0.7490 0.5216 0.3725
v -0.013916 0.858398 0.005615 0.5647 0.3294 0.2196
v 0.013916 0.858398 0.005615 0.5608 0.3529 0.2432
v 0.000244 0.865234 0.005615 0.6393 0.3804 0.2941
v -0.031494 0.879883 0.005615 0.7137 0.4980 0.3765
v 0.031494 0.879883 0.005615 0.7098 0.4863 0.3686
v 0.039795 0.924316 0.005615 0.0196 0.0235 0.0196
v 0.040283 0.929199 0.005615 0.0039 0.0039 0.0039
v 0.043213 0.935547 0.005615 0.0392 0.0235 0.0157
v 0.042725 0.941895 0.005615 0.0314 0.0196 0.0078
v -0.045166 0.953613 0.005615 0.0627 0.0549 0.0471
v -0.045166 0.975586 0.005615 0.0235 0.0196 0.0078
v -0.045166 0.979492 0.005615 0.0980 0.0784 0.0510
v -0.097412 0.268555 0.005615 0.6706 0.4550 0.3372
v 0.097412 0.268555 0.005615 0.6667 0.4510 0.3216
v -0.117432 0.059570 0.005615 0.7725 0.7804 0.7843
v 0.117432 0.059570 0.005615 0.0118 0.0941 0.0510
v -0.104248 0.012207 0.005615 0.5294 0.6236 0.5882
v 0.104248 0.012207 0.005615 0.2627 0.3843 0.3176
v -0.098389 0.558105 0.006104 0.2078 0.4392 0.3333
v 0.097900 0.558105 0.006104 0.3372 0.5019 0.4275
v -0.095459 0.570801 0.006104 0.2275 0.4275 0.3255
v 0.095947 0.570801 0.006104 0.4902 0.6432 0.6000
v -0.087158 0.730469 0.006104 0.0549 0.2235 0.1176
v 0.087158 0.730469 0.006104 0.0078 0.1765 0.0706
v 0.406982 0.769531 0.006104 0.0314 0.2980 0.1137
v -0.427002 0.772949 0.006103 0.0392 0.1804 0.1020
v 0.204834 0.788086 0.006104 0.7216 0.4902 0.3725
v 0.383057 0.792480 0.006104 0.0745 0.3059 0.1451
v 0.122803 0.796875 0.006104 0.6354 0.4235 0.3019
v 0.379639 0.798828 0.006104 0.0314 0.2471 0.0902
v -0.020752 0.826172 0.006104 0.6706 0.4589 0.3372
v 0.020752 0.826172 0.006104 0.7020 0.4823 0.3529
v 0.000244 0.850098 0.006104 0.6432 0.4196 0.3137
v -0.026123 0.868164 0.006104 0.5882 0.3765 0.2627
v 0.026123 0.868164 0.006104 0.6157 0.4039 0.2941
v -0.012939 0.870117 0.006104 0.6432 0.3882 0.3019
v 0.012939 0.870117 0.006104 0.6432 0.3961 0.3176
v -0.034912 0.895996 0.006104 0.7020 0.4823 0.3647
v 0.037842 0.923828 0.006104 0.0431 0.0275 0.0196
v 0.034912 0.934570 0.006104 0.6471 0.4235 0.3098
v 0.040771 0.934570 0.006104 0.0314 0.0196 0.0157
v -0.049072 0.936523 0.006104 0.0314 0.0196 0.0196
v -0.048096 0.962891 0.006104 0.0353 0.0196 0.0157
v -0.042725 0.968262 0.006104 0.0902 0.0706 0.0588
v -0.026611 0.392578 0.006104 0.6432 0.4039 0.2863
v 0.026611 0.392578 0.006104 0.6276 0.3961 0.2823
v -0.116455 0.389648 0.006104 0.6785 0.4706 0.3372
v 0.116455 0.389648 0.006104 0.7020 0.4706 0.3372
v -0.044189 0.327637 0.006104 0.6785 0.4353 0.3019
v 0.044189 0.327637 0.006104 0.6667 0.4275 0.2980
v -0.107178 0.297852 0.006104 0.6824 0.4706 0.3372
v 0.107178 0.297852 0.006104 0.6824 0.4550 0.3333
v -0.149170 0.045410 0.006103 0.0314 0.2314 0.1098
v 0.149170 0.045410 0.006104 0.0980 0.2941 0.1725
v -0.090088 0.582031 0.006592 0.2157 0.4235 0.3255
v 0.091064 0.582520 0.006592 0.4902 0.6276 0.5921
v -0.083740 0.591797 0.006592 0.1922 0.2745 0.2392
v 0.083740 0.591797 0.006592 0.5373 0.5294 0.5373
v 0.443115 0.761719 0.006592 0.0078 0.3372 0.0980
v -0.122803 0.796875 0.006592 0.5569 0.3451 0.2353
v 0.205811 0.799805 0.006592 0.7490 0.5176 0.3961
v 0.129639 0.809082 0.006592 0.6471 0.4275 0.3059
v 0.403076 0.826660 0.006592 0.0549 0.3921 0.1608
v -0.410400 0.831543 0.006592 0.0745 0.3804 0.1686
v 0.034912 0.895996 0.006592 0.6980 0.4784 0.3490
v -0.035889 0.912598 0.006592 0.6902 0.4902 0.3686
v 0.035889 0.912598 0.006592 0.7372 0.5137 0.3961
v -0.034912 0.925293 0.006592 0.6745 0.4550 0.3490
v 0.034912 0.925293 0.006592 0.6550 0.4471 0.3372
v -0.034912 0.934570 0.006592 0.6510 0.4275 0.3098
v 0.043701 0.935547 0.006592 0.0706 0.0549 0.0431
v -0.047607 0.936035 0.006592 0.0392 0.0235 0.0118
v -0.045654 0.940430 0.006592 0.0627 0.0588 0.0510
v -0.047607 0.941406 0.006592 0.0863 0.0745 0.0588
v -0.045166 0.945801 0.006592 0.0667 0.0510 0.0392
v 0.036865 0.970215 0.006592 0.0275 0.0196 0.0078
v -0.037842 0.971191 0.006592 0.0549 0.0392 0.0314
v -0.034424 0.973145 0.006592 0.0314 0.0157 0.0078
v 0.023682 0.976074 0.006592 0.0235 0.0078 0.0000
v 0.430420 0.767090 0.007080 0.0275 0.1725 0.0863
v -0.406982 0.769043 0.007080 0.0235 0.3098 0.1098
v -0.204834 0.788086 0.007080 0.7255 0.4941 0.3647
v -0.383057 0.791992 0.007080 0.0078 0.2392 0.0627
v 0.153076 0.792969 0.007080 0.7098 0.4784 0.3568
v -0.379639 0.798828 0.007080 0.0353 0.2588 0.1059
v -0.205811 0.799805 0.007080 0.7647 0.5333 0.4078
v -0.129639 0.809082 0.007080 0.6745 0.4550 0.3372
v 0.380615 0.811523 0.007080 0.0431 0.3529 0.1412
v -0.005615 0.820312 0.007080 0.6863 0.4706 0.3372
v 0.005615 0.820312 0.007080 0.6941 0.4784 0.3568
v -0.032471 0.824707 0.007080 0.6589 0.4510 0.3294
v 0.032471 0.824707 0.007080 0.6276 0.3921 0.2706
v 0.113525 0.831055 0.007080 0.7529 0.5176 0.3843
v 0.099365 0.832031 0.007080 0.7529 0.5333 0.3961
v -0.006592 0.855957 0.007080 0.5961 0.3608 0.2588
v 0.006592 0.855957 0.007080 0.6000 0.3647 0.2588
v -0.020752 0.862305 0.007080 0.5255 0.3019 0.1961
v 0.020752 0.862305 0.007080 0.5490 0.3490 0.2432
v 0.035889 0.922852 0.007080 0.6118 0.4275 0.3412
v -0.051025 0.931152 0.007080 0.0392 0.0314 0.0235
v -0.044678 0.942383 0.007080 0.0706 0.0549 0.0510
v 0.044189 0.948730 0.007080 0.0471 0.0353 0.0157
v 0.031006 0.972656 0.007080 0.0863 0.0824 0.0824
v 0.021729 0.983398 0.007080 0.0549 0.0392 0.0353
v -0.022217 0.411133 0.007080 0.6510 0.4118 0.2863
v 0.022217 0.411133 0.007080 0.6550 0.4118 0.3019
v -0.102295 0.334473 0.007080 0.6432 0.4275 0.3059
v 0.102295 0.334473 0.007080 0.6432 0.4235 0.2941
v -0.087646 0.753418 0.007568 0.5255 0.3333 0.2235
v 0.087646 0.753418 0.007568 0.6197 0.3765 0.2627
v -0.443115 0.761719 0.007568 0.0235 0.3333 0.1098
v 0.432861 0.766113 0.007568 0.0157 0.2471 0.1020
v 0.453369 0.766602 0.007568 0.0000 0.3568 0.0980
v -0.153076 0.792969 0.007568 0.7255 0.4941 0.3686
v 0.156006 0.802246 0.007568 0.7568 0.5255 0.4000
v -0.012451 0.823730 0.007568 0.7059 0.4863 0.3568
v 0.012451 0.823730 0.007568 0.6785 0.4628 0.3372
v -0.060303 0.824219 0.007568 0.0314 0.2118 0.1176
v 0.060303 0.824219 0.007568 0.0000 0.1804 0.0902
v -0.403076 0.826660 0.007568 0.0588 0.3921 0.1608
v -0.113525 0.831055 0.007568 0.7451 0.5255 0.3882
v -0.099365 0.832031 0.007568 0.7529 0.5255 0.3921
v 0.000244 0.855469 0.007568 0.6000 0.3725 0.2627
v -0.031982 0.884277 0.007568 0.7216 0.4980 0.3804
v 0.031982 0.884277 0.007568 0.7137 0.4902 0.3725
v -0.037842 0.923828 0.007568 0.5921 0.4039 0.3019
v 0.044189 0.935059 0.007568 0.0549 0.0510 0.0353
v -0.046631 0.935547 0.007568 0.0314 0.0314 0.0196
v -0.049561 0.937012 0.007568 0.0471 0.0392 0.0392
v 0.042236 0.941406 0.007568 0.0745 0.0549 0.0392
v 0.040283 0.964355 0.007568 0.0314 0.0157 0.0078
v 0.025635 0.971191 0.007568 0.0235 0.0157 0.0078
v -0.039307 0.974121 0.007568 0.0275 0.0196 0.0235
v -0.043701 0.979492 0.007568 0.1294 0.1098 0.0863
v -0.022217 0.987793 0.007568 0.0706 0.0549 0.0431
v 0.014404 0.989258 0.007568 0.0784 0.0627 0.0510
v -0.055908 0.312988 0.007568 0.6785 0.4078 0.2784
v 0.055908 0.312988 0.007568 0.5843 0.4000 0.2863
v -0.069092 0.294434 0.007568 0.6667 0.4353 0.3137
v 0.069092 0.294434 0.007568 0.6354 0.4235 0.3098
v -0.102783 0.020020 0.007568 0.0078 0.1804 0.0745
v 0.102783 0.020020 0.007568 0.0157 0.1922 0.0824
v 0.412354 0.765137 0.008057 0.0392 0.3216 0.1176
v -0.430420 0.767090 0.008057 0.0235 0.1804 0.0902
v 0.192139 0.789062 0.008057 0.7216 0.4902 0.3725
v 0.194580 0.800781 0.008057 0.7529 0.5216 0.3961
v -0.156006 0.802246 0.008057 0.7568 0.5176 0.3961
v 0.379639 0.804688 0.008057 0.0392 0.2980 0.1098
v -0.380615 0.811523 0.008057 0.0000 0.2392 0.0667
v -0.028076 0.872070 0.008057 0.6785 0.4628 0.3412
v 0.028076 0.872070 0.008057 0.6706 0.4589 0.3451
v -0.015381 0.875488 0.008057 0.6118 0.3647 0.2902
v 0.015381 0.875488 0.008057 0.6315 0.3804 0.3059
v -0.006104 0.886719 0.008057 0.6236 0.3608 0.2863
v 0.006104 0.886719 0.008057 0.6157 0.3608 0.2823
v 0.000244 0.887207 0.008057 0.6118 0.3608 0.2823
v 0.035400 0.900391 0.008057 0.7176 0.4863 0.3608
v -0.035400 0.900879 0.008057 0.6902 0.4745 0.3529
v -0.035889 0.923340 0.008057 0.6471 0.4432 0.3451
v -0.042725 0.931152 0.008057 0.0118 0.0157 0.0157
v -0.034424 0.931641 0.008057 0.6550 0.4314 0.3137
v -0.049072 0.941406 0.008057 0.1137 0.0980 0.0784
v -0.041748 0.961426 0.008057 0.0275 0.0275 0.0157
v -0.044189 0.975098 0.008057 0.0235 0.0196 0.0118
v -0.031494 0.985352 0.008057 0.0549 0.0471 0.0314
v -0.018799 0.426758 0.008057 0.6510 0.4039 0.2823
v 0.018799 0.426758 0.008057 0.6471 0.4078 0.2941
v 0.116455 0.408203 0.008057 0.6902 0.4471 0.3216
v -0.101807 0.283691 0.008057 0.6745 0.4550 0.3333
v 0.101807 0.283691 0.008057 0.6824 0.4471 0.3255
v -0.432861 0.766113 0.008545 0.0235 0.2275 0.0902
v -0.453369 0.766113 0.008545 0.0431 0.3529 0.1255
v 0.460693 0.774414 0.008545 0.0078 0.3686 0.1059
v -0.192627 0.789062 0.008545 0.7176 0.4902 0.3647
v 0.121338 0.801270 0.008545 0.5961 0.3843 0.2745
v -0.072510 0.823242 0.008545 0.7372 0.6902 0.6745
v 0.072510 0.823242 0.008545 0.6824 0.4941 0.3490
v 0.426025 0.831543 0.008545 0.0745 0.4039 0.1765
v -0.013428 0.883789 0.008545 0.6276 0.3765 0.2980
v 0.013428 0.883789 0.008545 0.6315 0.3843 0.3059
v -0.034912 0.917480 0.008545 0.6902 0.4980 0.3804
v 0.034912 0.917480 0.008545 0.7451 0.5294 0.4118
v -0.043701 0.937988 0.008545 0.0392 0.0314 0.0235
v -0.043701 0.940918 0.008545 0.0510 0.0392 0.0353
v -0.044189 0.952637 0.008545 0.0863 0.0667 0.0471
v -0.042725 0.964355 0.008545 0.0235 0.0157 0.0196
v -0.011475 0.992188 0.008545 0.0353 0.0314 0.0235
v -0.116455 0.408203 0.008545 0.6824 0.4589 0.3412
v -0.412354 0.765137 0.009033 0.0392 0.3098 0.1098
v 0.391357 0.783203 0.009033 0.0353 0.2941 0.1137
v 0.178467 0.790039 0.009033 0.7020 0.4706 0.3529
v 0.165283 0.791504 0.009033 0.7098 0.4784 0.3568
v -0.194580 0.800781 0.009033 0.7568 0.5255 0.4000
v -0.121338 0.801270 0.009033 0.6393 0.4235 0.3019
v 0.181396 0.801270 0.009033 0.7568 0.5176 0.3961
v 0.168213 0.801758 0.009033 0.7529 0.5137 0.3921
v -0.379639 0.804688 0.009033 0.0039 0.2275 0.0667
v 0.123779 0.818359 0.009033 0.7412 0.5059 0.3765
v 0.411865 0.826172 0.009033 0.0549 0.4039 0.1647
v -0.044189 0.826660 0.009033 0.6236 0.4078 0.2941
v 0.044189 0.826660 0.009033 0.6276 0.4471 0.3725
v -0.426025 0.831543 0.009033 0.0627 0.3765 0.1569
v 0.039795 0.928223 0.009033 0.0275 0.0275 0.0157
v 0.033936 0.934082 0.009033 0.6510 0.4353 0.3216
v 0.040283 0.934082 0.009033 0.0196 0.0118 0.0157
v 0.041260 0.934570 0.009033 0.0275 0.0157 0.0078
v -0.047119 0.935547 0.009033 0.0314 0.0353 0.0157
v -0.049072 0.936523 0.009033 0.0392 0.0392 0.0235
v 0.043701 0.941406 0.009033 0.0471 0.0314 0.0196
v 0.043213 0.954102 0.009033 0.0275 0.0196 0.0118
v 0.040771 0.967285 0.009033 0.0549 0.0471 0.0314
v -0.050049 0.977539 0.009033 0.0863 0.0667 0.0510
v -0.019775 0.986328 0.009033 0.0118 0.0118 0.0039
v -0.164795 0.010254 0.009033 0.0000 0.1922 0.0627
v 0.164795 0.010254 0.009033 0.0627 0.2157 0.1059
v -0.163818 0.004883 0.009033 0.0078 0.2000 0.0824
v 0.163818 0.004883 0.009033 0.0078 0.1843 0.0706
v -0.090088 0.751465 0.009521 0.6667 0.6510 0.6197
v 0.089600 0.751465 0.009521 0.4863 0.3451 0.2784
v 0.419678 0.762207 0.009522 0.0471 0.3216 0.1176
v -0.095459 0.766602 0.009521 0.5882 0.3647 0.2549
v 0.095459 0.766602 0.009521 0.5961 0.3608 0.2588
v -0.460693 0.773926 0.009521 0.0392 0.3686 0.1333
v 0.464111 0.784668 0.009522 0.0157 0.3765 0.1255
v -0.178467 0.790039 0.009521 0.7137 0.4784 0.3608
v -0.165283 0.791504 0.009521 0.7176 0.4863 0.3686
v 0.464600 0.796387 0.009522 0.0196 0.3765 0.1255
v -0.168213 0.801758 0.009521 0.7568 0.5176 0.3961
v 0.462158 0.807129 0.009522 0.0353 0.3843 0.1412
v 0.457275 0.815918 0.009522 0.0431 0.4000 0.1569
v -0.123779 0.818359 0.009521 0.7451 0.5137 0.3882
v 0.390869 0.819824 0.009522 0.0431 0.3765 0.1412
v 0.450440 0.822754 0.009522 0.0510 0.4000 0.1569
v -0.067139 0.824707 0.009521 0.0863 0.2118 0.1294
v -0.075928 0.824707 0.009521 0.8078 0.5176 0.3804
v 0.067139 0.824707 0.009521 0.6000 0.6471 0.6510
v 0.075928 0.824707 0.009521 0.7059 0.5098 0.3725
v -0.047607 0.826172 0.009521 0.5373 0.3843 0.2823
v 0.047607 0.826172 0.009521 0.7255 0.6824 0.6785
v -0.053467 0.826660 0.009521 0.4235 0.4589 0.4589
v 0.053955 0.826660 0.009521 0.0510 0.2078 0.1059
v 0.441162 0.827637 0.009522 0.0745 0.3961 0.1686
v -0.032959 0.889160 0.009521 0.7137 0.4902 0.3725
v 0.032959 0.889160 0.009521 0.7098 0.4863 0.3686
v -0.040283 0.930176 0.009521 0.0000 0.0000 0.0039
v 0.042725 0.934570 0.009521 0.0196 0.0157 0.0078
v -0.048096 0.935547 0.009521 0.0471 0.0353 0.0196
v -0.048096 0.946777 0.009521 0.0824 0.0588 0.0431
v 0.042236 0.947754 0.009521 0.0667 0.0510 0.0353
v 0.041748 0.958984 0.009521 0.0196 0.0039 0.0000
v 0.040771 0.961426 0.009521 0.0353 0.0275 0.0157
v -0.037354 0.967285 0.009521 0.0196 0.0157 0.0078
v -0.031982 0.973633 0.009521 0.0314 0.0235 0.0196
v -0.043213 0.979492 0.009521 0.1647 0.1490 0.1176
v -0.036865 0.982422 0.009521 0.0706 0.0627 0.0431
v 0.005127 0.994141 0.009521 0.0745 0.0588 0.0471
v -0.016357 0.440918 0.009521 0.0275 0.0941 0.0314
v 0.016357 0.440918 0.009521 0.0275 0.0863 0.0196
v -0.114502 0.425781 0.009521 0.6785 0.4392 0.3255
v 0.114502 0.425781 0.009522 0.6824 0.4510 0.3255
v -0.066162 0.307617 0.009521 0.6315 0.4118 0.2941
v 0.066162 0.307617 0.009521 0.6276 0.4275 0.3059
v -0.142822 0.052246 0.009521 0.2549 0.3686 0.3176
v 0.142822 0.052246 0.009522 0.3921 0.5176 0.4471
v -0.164307 0.013672 0.009521 0.5686 0.6000 0.5921
v 0.164307 0.013672 0.009522 0.0118 0.1294 0.0549
v -0.161865 0.011230 0.009521 0.0196 0.1765 0.0588
v 0.161865 0.011230 0.009522 0.5412 0.6667 0.5608
v -0.160889 0.002930 0.009521 0.0275 0.2078 0.0902
v 0.160889 0.002930 0.009522 0.0078 0.1843 0.0706
v -0.419678 0.761719 0.010010 0.0275 0.2980 0.1020
v 0.438721 0.768555 0.010010 0.0314 0.3216 0.1098
v 0.436768 0.770508 0.010010 0.0196 0.1608 0.0824
v -0.107666 0.779297 0.010010 0.5921 0.3647 0.2588
v 0.107666 0.779297 0.010010 0.5804 0.3568 0.2510
v -0.391357 0.783203 0.010010 0.0196 0.2745 0.1059
v 0.382568 0.797363 0.010010 0.0392 0.3451 0.1176
v -0.181396 0.801270 0.010010 0.7529 0.5137 0.3921
v -0.462647 0.806641 0.010010 0.0510 0.3882 0.1490
v -0.411865 0.826172 0.010010 0.0588 0.3921 0.1569
v 0.000244 0.877441 0.010010 0.5804 0.3333 0.2627
v -0.003662 0.877930 0.010010 0.5804 0.3333 0.2627
v -0.007568 0.877930 0.010010 0.5764 0.3255 0.2588
v 0.003662 0.877930 0.010010 0.5725 0.3412 0.2549
v 0.007568 0.877930 0.010010 0.5764 0.3412 0.2706
v -0.035889 0.905762 0.010010 0.7059 0.4902 0.3686
v 0.035889 0.905762 0.010010 0.7216 0.5019 0.3725
v -0.040771 0.959961 0.010010 0.0471 0.0431 0.0314
v 0.043213 0.961426 0.010010 0.0588 0.0471 0.0392
v 0.023682 0.969238 0.010010 0.0196 0.0118 0.0039
v 0.029541 0.971191 0.010010 0.0235 0.0235 0.0157
v 0.036377 0.971680 0.010010 0.0157 0.0157 0.0078
v 0.022705 0.973633 0.010010 0.0078 0.0078 0.0000
v -0.107178 0.312500 0.010010 0.6706 0.4550 0.3255
v 0.107178 0.312500 0.010010 0.6706 0.4471 0.3255
v -0.080811 0.280762 0.010010 0.6197 0.4157 0.2902
v 0.080811 0.280762 0.010010 0.6354 0.4275 0.3019
v -0.104248 0.030273 0.010010 0.0196 0.2196 0.0980
v 0.104248 0.030273 0.010010 0.0314 0.2432 0.1098
v 0.394775 0.780273 0.010498 0.0314 0.3019 0.1176
v -0.464111 0.784180 0.010498 0.0549 0.3843 0.1451
v 0.435303 0.788574 0.010498 0.0196 0.1569 0.0863
v -0.464600 0.796387 0.010498 0.0588 0.3882 0.1530
v 0.000244 0.814941 0.010498 0.6824 0.4628 0.3372
v -0.457275 0.815430 0.010498 0.0549 0.3843 0.1490
v -0.390869 0.819824 0.010498 0.0431 0.4000 0.1569
v -0.450440 0.822754 0.010498 0.0588 0.4000 0.1647
v -0.071533 0.825195 0.010498 0.7647 0.7176 0.7216
v 0.071533 0.825195 0.010498 0.6863 0.4863 0.3372
v -0.441162 0.827637 0.010498 0.0706 0.3961 0.1647
v -0.049561 0.828613 0.010498 0.5294 0.5530 0.5412
v 0.049561 0.828613 0.010498 0.5530 0.5725 0.5530
v -0.010986 0.875977 0.010498 0.5647 0.3333 0.2667
v 0.010986 0.875977 0.010498 0.5843 0.3451 0.2784
v -0.029053 0.876953 0.010498 0.7176 0.4980 0.3765
v 0.029053 0.876953 0.010498 0.7059 0.4902 0.3686
v -0.048096 0.940430 0.010498 0.0824 0.0784 0.0667
v 0.041748 0.960449 0.010498 0.0471 0.0431 0.0314
v -0.035889 0.965820 0.010498 0.0314 0.0314 0.0196
v -0.031006 0.971191 0.010498 0.0118 0.0118 0.0078
v -0.037842 0.974609 0.010498 0.0235 0.0196 0.0039
v -0.043701 0.975098 0.010498 0.0196 0.0078 0.0039
v -0.111572 0.442871 0.010498 0.6589 0.4196 0.3059
v 0.111572 0.442871 0.010498 0.6628 0.4157 0.2941
v -0.164795 0.018066 0.010498 0.0000 0.1725 0.0510
v 0.164795 0.018066 0.010498 0.0157 0.2078 0.0824
v -0.438721 0.768555 0.010986 0.0039 0.2392 0.0667
v -0.436768 0.770020 0.010986 0.0039 0.1647 0.0706
v 0.386475 0.789551 0.010986 0.0078 0.2863 0.0902
v -0.115967 0.791016 0.010986 0.5530 0.3333 0.2275
v 0.115967 0.791504 0.010986 0.5764 0.3725 0.2627
v -0.382568 0.797363 0.010986 0.0863 0.3098 0.1490
v -0.013916 0.822754 0.010986 0.6980 0.4863 0.3529
v 0.013916 0.822754 0.010986 0.6667 0.4471 0.3216
v -0.023682 0.864746 0.010986 0.5686 0.3568 0.2353
v 0.023682 0.864746 0.010986 0.6000 0.3882 0.2784
v -0.011475 0.870605 0.010986 0.5569 0.3255 0.2627
v 0.011475 0.870605 0.010986 0.5686 0.3372 0.2667
v -0.012451 0.873047 0.010986 0.5255 0.3059 0.2392
v 0.012451 0.873047 0.010986 0.5373 0.3216 0.2432
v 0.035400 0.926758 0.010986 0.5647 0.3765 0.2941
v 0.037354 0.926758 0.010986 0.3255 0.2471 0.2039
v -0.044678 0.939453 0.010986 0.0353 0.0275 0.0196
v 0.041748 0.953613 0.010986 0.0392 0.0235 0.0157
v 0.044678 0.959473 0.010986 0.0627 0.0588 0.0392
v 0.044189 0.960449 0.010986 0.0706 0.0588 0.0431
v 0.043701 0.963379 0.010986 0.1020 0.0706 0.0627
v -0.109131 0.455566 0.010986 0.0275 0.1294 0.0392
v 0.109131 0.455566 0.010986 0.0157 0.1176 0.0275
v -0.086182 0.281250 0.010986 0.6471 0.4314 0.3098
v 0.086182 0.281250 0.010986 0.6589 0.4432 0.3216
v -0.394775 0.780273 0.011475 0.0275 0.2863 0.1137
v -0.435303 0.788574 0.011475 0.0196 0.1686 0.0863
v -0.006592 0.818359 0.011475 0.6785 0.4589 0.3294
v 0.006592 0.818359 0.011475 0.6667 0.4510 0.3294
v -0.024658 0.822754 0.011475 0.6550 0.4432 0.3176
v 0.024658 0.822754 0.011475 0.6197 0.4039 0.2823
v -0.017822 0.859375 0.011475 0.4941 0.2706 0.1647
v 0.017822 0.859375 0.011475 0.5176 0.3176 0.2157
v 0.000244 0.868164 0.011475 0.5882 0.3451 0.2706
v -0.005615 0.869141 0.011475 0.5804 0.3490 0.2627
v 0.005615 0.869141 0.011475 0.6157 0.3608 0.2823
v 0.000244 0.870117 0.011475 0.6118 0.3490 0.2823
v -0.033447 0.894043 0.011475 0.7176 0.4863 0.3686
v -0.034424 0.923340 0.011475 0.6745 0.4823 0.3647
v 0.034424 0.923340 0.011475 0.7333 0.5294 0.3843
v -0.039795 0.929688 0.011475 0.0078 0.0000 0.0000
v -0.033936 0.931152 0.011475 0.6589 0.4392 0.3333
v 0.033936 0.931641 0.011475 0.6589 0.4471 0.3372
v 0.043701 0.940430 0.011475 0.0784 0.0627 0.0510
v -0.045654 0.953613 0.011475 0.0510 0.0353 0.0196
v 0.040283 0.958984 0.011475 0.0471 0.0353 0.0235
v 0.043701 0.958984 0.011475 0.0588 0.0471 0.0353
v 0.040771 0.959961 0.011475 0.0471 0.0392 0.0353
v -0.042725 0.979004 0.011475 0.0902 0.0863 0.0745
v -0.005615 0.993652 0.011475 0.0745 0.0588 0.0431
v -0.107666 0.345703 0.011475 0.6667 0.4432 0.3255
v 0.107666 0.345703 0.011475 0.6824 0.4471 0.3216
v -0.086670 0.748535 0.011963 0.4589 0.4980 0.4550
v 0.086670 0.748535 0.011963 0.6550 0.6863 0.6902
v -0.386475 0.789551 0.011963 0.0039 0.2392 0.0667
v 0.386963 0.810547 0.011963 0.0392 0.3647 0.1294
v 0.419190 0.823242 0.011963 0.0314 0.2902 0.0941
v 0.419678 0.824707 0.011963 0.0549 0.3568 0.1451
v -0.084717 0.826172 0.011963 0.7686 0.5255 0.3804
v 0.084717 0.826172 0.011963 0.7412 0.5294 0.3921
v 0.000244 0.854492 0.011963 0.5647 0.3451 0.2392
v 0.000244 0.862793 0.011963 0.6745 0.3961 0.3137
v -0.006104 0.863770 0.011963 0.6628 0.3961 0.3059
v 0.006104 0.863770 0.011963 0.6785 0.4000 0.3176
v 0.011963 0.865234 0.011963 0.6785 0.4157 0.3216
v -0.030029 0.881836 0.011963 0.7255 0.5019 0.3843
v 0.030029 0.881836 0.011963 0.7176 0.4941 0.3765
v 0.032959 0.894043 0.011963 0.7059 0.4823 0.3647
v -0.035400 0.911133 0.011963 0.7176 0.5098 0.3921
v 0.035400 0.911133 0.011963 0.7490 0.5255 0.4078
v -0.046631 0.939941 0.011963 0.0353 0.0314 0.0157
v 0.043213 0.947266 0.011963 0.0392 0.0275 0.0118
v 0.043213 0.958984 0.011963 0.0627 0.0392 0.0314
v 0.045166 0.960449 0.011963 0.0941 0.0745 0.0549
v 0.040283 0.968750 0.011963 0.0353 0.0353 0.0235
v 0.029053 0.969238 0.011963 0.0078 0.0118 0.0000
v -0.042725 0.976562 0.011963 0.0235 0.0157 0.0078
v 0.019287 0.977539 0.011963 0.0314 0.0196 0.0118
v -0.029053 0.983398 0.011963 0.0667 0.0627 0.0510
v -0.008057 0.991699 0.011963 0.0549 0.0471 0.0314
v -0.039795 0.342285 0.011963 0.6941 0.4471 0.3176
v 0.039795 0.342285 0.011963 0.6902 0.4432 0.3098
v -0.095459 0.281738 0.011963 0.6706 0.4510 0.3372
v 0.095459 0.281738 0.011963 0.6745 0.4471 0.3294
v -0.080811 0.721680 0.012451 0.0353 0.2157 0.1059
v 0.080811 0.721680 0.012451 0.0353 0.2157 0.1020
v 0.428467 0.763672 0.012451 0.0118 0.2902 0.0980
v 0.402100 0.772461 0.012451 0.0235 0.3059 0.1176
v 0.444580 0.773438 0.012451 0.0510 0.3647 0.1412
v 0.441162 0.774902 0.012451 0.0314 0.2275 0.0941
v 0.384033 0.803711 0.012451 0.0471 0.3608 0.1333
v 0.398682 0.820312 0.012451 0.0471 0.3921 0.1530
v -0.005615 0.854980 0.012451 0.5569 0.3333 0.2275
v 0.005615 0.854980 0.012451 0.5608 0.3412 0.2432
v -0.011963 0.865234 0.012451 0.6785 0.4196 0.3255
v -0.032471 0.940430 0.012451 0.7176 0.5098 0.3882
v 0.032471 0.940430 0.012451 0.6510 0.4157 0.3059
v 0.034912 0.969727 0.012451 0.0235 0.0196 0.0196
v -0.034424 0.975098 0.012451 0.0275 0.0235 0.0196
v -0.035400 0.980469 0.012451 0.0627 0.0510 0.0353
v -0.025146 0.984375 0.012451 0.0314 0.0196 0.0118
v 0.016357 0.987793 0.012451 0.0706 0.0627 0.0510
v -0.017334 0.992188 0.012451 0.0314 0.0275 0.0196
v -0.441162 0.774902 0.012939 0.0118 0.1961 0.0706
v -0.386963 0.810547 0.012939 0.0353 0.3961 0.1412
v -0.074463 0.815918 0.012939 0.6902 0.6039 0.5764
v 0.074463 0.815918 0.012939 0.6824 0.4863 0.3490
v -0.419190 0.823242 0.012939 0.0588 0.3921 0.1569
v -0.419678 0.824707 0.012939 0.0510 0.3765 0.1412
v -0.016357 0.868652 0.012939 0.7451 0.5255 0.4314
v 0.016357 0.868652 0.012939 0.7882 0.5725 0.4628
v -0.009521 0.870117 0.012939 0.5412 0.3176 0.2471
v 0.009521 0.870117 0.012939 0.5686 0.3372 0.2627
v -0.033936 0.916016 0.012939 0.7059 0.5137 0.4039
v 0.033936 0.916016 0.012939 0.7490 0.5373 0.4118
v -0.038330 0.928711 0.012939 0.5333 0.3765 0.2863
v 0.039307 0.932617 0.012939 0.0157 0.0157 0.0157
v -0.042236 0.936523 0.012939 0.0039 0.0039 0.0078
v -0.047119 0.945801 0.012939 0.0980 0.0863 0.0667
v 0.042236 0.953125 0.012939 0.0784 0.0627 0.0510
v 0.046143 0.957031 0.012939 0.0588 0.0431 0.0353
v -0.041748 0.960449 0.012939 0.0431 0.0314 0.0196
v 0.045166 0.960449 0.012939 0.1490 0.1255 0.1137
v 0.043701 0.964355 0.012939 0.1294 0.1059 0.0902
v 0.023682 0.968750 0.012939 0.0235 0.0118 0.0078
v 0.007080 0.992188 0.012939 0.1059 0.0902 0.0784
v -0.131104 0.054199 0.012939 0.4628 0.5176 0.4784
v 0.131104 0.054199 0.012939 0.6902 0.7216 0.7020
v -0.106201 0.040527 0.012939 0.0353 0.2353 0.1059
v 0.106201 0.040527 0.012939 0.0431 0.2549 0.1216
v -0.162842 0.026855 0.012939 0.0235 0.2432 0.1020
v 0.162842 0.026855 0.012939 0.0235 0.2432 0.1020
v -0.428467 0.763672 0.013428 0.0392 0.3059 0.1137
v -0.402588 0.772461 0.013428 0.0314 0.2941 0.1216
v -0.444580 0.773438 0.013428 0.0392 0.3019 0.1098
v -0.113525 0.796387 0.013428 0.6667 0.4510 0.3294
v 0.113525 0.796387 0.013428 0.6393 0.4196 0.3019
v -0.384033 0.803223 0.013428 0.0039 0.2902 0.0902
v -0.118408 0.810059 0.013428 0.7137 0.4941 0.3647
v 0.118408 0.810059 0.013428 0.7216 0.5019 0.3765
v 0.000244 0.812988 0.013428 0.6785 0.4589 0.3294
v -0.398682 0.820312 0.013428 0.0314 0.3921 0.1373
v 0.109619 0.821777 0.013428 0.7647 0.5333 0.4000
v -0.011475 0.855957 0.013428 0.5255 0.2980 0.2039
v 0.011475 0.855957 0.013428 0.5412 0.3216 0.2235
v -0.025146 0.868164 0.013428 0.6785 0.4628 0.3412
v 0.025146 0.868164 0.013428 0.6667 0.4589 0.3372
v -0.017334 0.875488 0.013428 0.7960 0.6315 0.5569
v 0.017334 0.875488 0.013428 0.7882 0.6393 0.5490
v -0.033936 0.898438 0.013428 0.7137 0.4902 0.3725
v 0.033936 0.898438 0.013428 0.7176 0.4863 0.3608
v 0.031494 0.938477 0.013428 0.6706 0.4353 0.3255
v 0.040771 0.958496 0.013428 0.0431 0.0275 0.0157
v 0.043213 0.958984 0.013428 0.0706 0.0588 0.0549
v 0.040771 0.960449 0.013428 0.0588 0.0392 0.0275
v -0.036865 0.965820 0.013428 0.0353 0.0275 0.0157
v -0.034912 0.978027 0.013428 0.0392 0.0314 0.0235
v -0.089600 0.756836 0.013916 0.4706 0.4078 0.3608
v 0.089600 0.756836 0.013916 0.6157 0.3725 0.2471
v 0.411377 0.765625 0.013916 0.0353 0.3176 0.1098
v 0.445068 0.781738 0.013916 0.0235 0.2235 0.0824
v -0.111084 0.800781 0.013916 0.7137 0.4902 0.3686
v 0.111084 0.800781 0.013916 0.7255 0.4941 0.3686
v 0.425537 0.819336 0.013916 0.0392 0.3255 0.1137
v -0.109619 0.821777 0.013916 0.7608 0.5412 0.4118
v -0.036865 0.824219 0.013916 0.6315 0.4314 0.3098
v 0.036865 0.824219 0.013916 0.6785 0.4275 0.2980
v -0.009521 0.873535 0.013916 0.5725 0.3490 0.2784
v 0.009521 0.873535 0.013916 0.5725 0.3333 0.2667
v -0.015381 0.884766 0.013916 0.6745 0.4667 0.3804
v 0.015381 0.884766 0.013916 0.6863 0.4784 0.3961
v -0.031006 0.887207 0.013916 0.7216 0.4902 0.3725
v -0.034912 0.927734 0.013916 0.6628 0.4510 0.3372
v -0.031982 0.936523 0.013916 0.6824 0.4589 0.3451
v 0.039795 0.939453 0.013916 0.0314 0.0235 0.0118
v 0.041748 0.939453 0.013916 0.0235 0.0118 0.0039
v 0.043701 0.959473 0.013916 0.0863 0.0745 0.0549
v 0.044678 0.959961 0.013916 0.1216 0.1059 0.0980
v 0.038818 0.966797 0.013916 0.0549 0.0510 0.0471
v 0.033447 0.968262 0.013916 0.0275 0.0314 0.0235
v 0.024170 0.973145 0.013916 0.0235 0.0078 0.0039
v -0.029541 0.979492 0.013916 0.0471 0.0431 0.0275
v -0.025635 0.981934 0.013916 0.0353 0.0196 0.0118
v -0.101807 0.293945 0.013916 0.7020 0.4823 0.3529
v 0.101807 0.293945 0.013916 0.7059 0.4706 0.3372
v -0.079346 0.608398 0.014404 0.5647 0.5686 0.5764
v -0.076904 0.624023 0.014404 0.5804 0.5804 0.5921
v 0.076904 0.624023 0.014404 0.6510 0.6471 0.6667
v 0.448486 0.779785 0.014404 0.0314 0.3255 0.1020
v 0.437256 0.803711 0.014404 0.0275 0.2510 0.0745
v 0.428467 0.816406 0.014404 0.0314 0.2471 0.0784
v -0.007568 0.816895 0.014404 0.6824 0.4628 0.3294
v 0.007568 0.816895 0.014404 0.6628 0.4471 0.3255
v -0.015869 0.820801 0.014404 0.6706 0.4550 0.3294
v 0.015869 0.820801 0.014404 0.6354 0.4196 0.2980
v 0.417236 0.822266 0.014404 0.0510 0.3843 0.1608
v -0.096924 0.824219 0.014404 0.7647 0.5333 0.4000
v 0.096924 0.824219 0.014404 0.7647 0.5451 0.4000
v -0.014893 0.869629 0.014404 0.7412 0.5412 0.4432
v 0.014893 0.869629 0.014404 0.7608 0.5647 0.4706
v -0.009521 0.880371 0.014404 0.6000 0.3490 0.2784
v 0.009521 0.880371 0.014404 0.6118 0.3647 0.2980
v -0.009521 0.883789 0.014404 0.6276 0.3686 0.2941
v 0.009521 0.883789 0.014404 0.6354 0.3804 0.3137
v 0.030518 0.887207 0.014404 0.7098 0.4863 0.3686
v -0.007568 0.889160 0.014404 0.6276 0.3568 0.2902
v 0.007568 0.889160 0.014404 0.6276 0.3686 0.3019
v 0.000244 0.890137 0.014404 0.6197 0.3568 0.2902
v -0.036377 0.927246 0.014404 0.5137 0.3451 0.2471
v -0.042236 0.943848 0.014404 0.0353 0.0275 0.0235
v 0.041260 0.961914 0.014404 0.0824 0.0784 0.0588
v 0.042236 0.963379 0.014404 0.1255 0.1059 0.0941
v 0.037842 0.964844 0.014404 0.0471 0.0353 0.0275
v -0.030029 0.985840 0.014404 0.0392 0.0314 0.0275
v -0.112061 0.046875 0.014404 0.0706 0.2627 0.1373
v 0.112061 0.046875 0.014404 0.0392 0.2000 0.0941
v -0.134033 0.002441 0.014404 0.0275 0.2196 0.0941
v 0.134033 0.002441 0.014404 0.0235 0.2235 0.0941
v -0.083252 0.593262 0.014893 0.5843 0.5412 0.5686
v 0.082764 0.593262 0.014893 0.6432 0.6354 0.6471
v 0.081299 0.608887 0.014893 0.5059 0.5137 0.5098
v 0.418701 0.762695 0.014893 0.0353 0.3294 0.1137
v -0.411377 0.765625 0.014893 0.0275 0.3098 0.1137
v 0.435791 0.768066 0.014893 0.0118 0.2549 0.0784
v -0.099854 0.770996 0.014893 0.6157 0.3882 0.2745
v 0.099854 0.770996 0.014893 0.6197 0.3882 0.2706
v -0.445068 0.781738 0.014893 0.0118 0.2039 0.0706
v 0.443115 0.792969 0.014893 0.0118 0.1843 0.0627
v 0.387451 0.794922 0.014893 0.0157 0.3490 0.1137
v 0.431397 0.812988 0.014893 0.0235 0.2667 0.0745
v -0.425537 0.819336 0.014893 0.0471 0.3255 0.1216
v 0.082275 0.819336 0.014893 0.7294 0.5216 0.3882
v 0.427490 0.821777 0.014893 0.0510 0.3451 0.1294
v -0.013916 0.873047 0.014893 0.6432 0.4550 0.3882
v 0.013916 0.873047 0.014893 0.6118 0.4275 0.3647
v -0.026611 0.874023 0.014893 0.7176 0.5019 0.3804
v 0.026611 0.874023 0.014893 0.7020 0.4863 0.3686
v -0.010010 0.876465 0.014893 0.6118 0.3961 0.3216
v 0.010010 0.876465 0.014893 0.5725 0.3451 0.2863
v -0.010010 0.876953 0.014893 0.5764 0.3451 0.2706
v 0.010010 0.876953 0.014893 0.5764 0.3372 0.2588
v 0.033936 0.931152 0.014893 0.6471 0.4510 0.3568
v -0.040771 0.935547 0.014893 0.0000 0.0039 0.0000
v 0.043701 0.946777 0.014893 0.0824 0.0667 0.0510
v 0.028076 0.969238 0.014893 0.0000 0.0039 0.0000
v -0.001709 0.994629 0.014893 0.0706 0.0549 0.0431
v -0.036865 0.360840 0.014893 0.6902 0.4432 0.3059
v 0.037354 0.360840 0.014893 0.6902 0.4432 0.3098
v -0.050049 0.323730 0.014893 0.7020 0.4157 0.2823
v 0.050049 0.323730 0.014893 0.6354 0.4432 0.3255
v -0.073975 0.291016 0.014893 0.6276 0.4118 0.2980
v 0.073975 0.291016 0.014893 0.6589 0.4432 0.3176
v -0.073975 0.625000 0.015381 0.5843 0.5804 0.5804
v 0.073975 0.625000 0.015381 0.6824 0.6706 0.6863
v -0.418701 0.762695 0.015381 0.0431 0.3333 0.1255
v -0.448486 0.779297 0.015381 0.0706 0.3451 0.1373
v 0.449463 0.786133 0.015381 0.0431 0.3451 0.1255
v -0.387451 0.794922 0.015381 0.0471 0.3294 0.1294
v -0.437256 0.803711 0.015381 0.0431 0.2627 0.1059
v -0.428467 0.816406 0.015381 0.0000 0.2235 0.0392
v 0.431397 0.818848 0.015381 0.0275 0.2863 0.0980
v -0.082275 0.819336 0.015381 0.7764 0.5216 0.3804
v -0.417236 0.821777 0.015381 0.0549 0.3961 0.1569
v -0.020752 0.861328 0.015381 0.5412 0.3255 0.2078
v 0.020752 0.861328 0.015381 0.5647 0.3647 0.2510
v -0.013916 0.876465 0.015381 0.6354 0.4432 0.3804
v 0.013916 0.876465 0.015381 0.6315 0.4471 0.3725
v -0.013916 0.876953 0.015381 0.6118 0.4039 0.3372
v 0.013916 0.876953 0.015381 0.6157 0.4275 0.3568
v -0.014404 0.880371 0.015381 0.6354 0.4078 0.3372
v 0.014404 0.880371 0.015381 0.6902 0.4941 0.4157
v -0.034424 0.904297 0.015381 0.7294 0.5098 0.3843
v 0.034424 0.904297 0.015381 0.7412 0.5098 0.3843
v -0.033447 0.920898 0.015381 0.6941 0.5059 0.3961
v 0.033447 0.920898 0.015381 0.7568 0.5333 0.4000
v -0.033447 0.928711 0.015381 0.6589 0.4550 0.3412
v 0.033447 0.928711 0.015381 0.6941 0.4706 0.3529
v -0.044678 0.944336 0.015381 0.0431 0.0392 0.0314
v -0.029053 0.983887 0.015381 0.0314 0.0314 0.0235
v -0.010498 0.993164 0.015381 0.1137 0.1059 0.0863
v -0.036377 0.375977 0.015381 0.6471 0.4078 0.2863
v 0.036377 0.375977 0.015381 0.6354 0.4118 0.2941
v -0.095459 0.339844 0.015381 0.6589 0.4353 0.3137
v 0.095459 0.339844 0.015381 0.6393 0.4118 0.2941
v -0.435791 0.768066 0.015869 0.0118 0.2706 0.0627
v -0.108643 0.784668 0.015869 0.6079 0.3921 0.2745
v 0.108643 0.784668 0.015869 0.5686 0.3608 0.2549
v -0.443115 0.792480 0.015869 0.0118 0.1922 0.0588
v -0.078369 0.810059 0.015869 0.7843 0.5451 0.4314
v 0.078369 0.810059 0.015869 0.6745 0.4706 0.3451
v -0.431397 0.812988 0.015869 0.0078 0.1451 0.0196
v 0.434326 0.815918 0.015869 0.0314 0.3490 0.1294
v -0.427490 0.821289 0.015869 0.0196 0.2471 0.0706
v -0.015869 0.856934 0.015869 0.5059 0.2745 0.1765
v 0.015869 0.857422 0.015869 0.5059 0.3098 0.2039
v -0.014893 0.883789 0.015869 0.6667 0.4235 0.3490
v 0.014893 0.883789 0.015869 0.6941 0.5019 0.4196
v -0.031494 0.891602 0.015869 0.7137 0.4823 0.3647
v 0.036377 0.930664 0.015869 0.4000 0.2627 0.2078
v -0.044678 0.953125 0.015869 0.0706 0.0549 0.0353
v -0.041748 0.972168 0.015869 0.0314 0.0275 0.0078
v 0.021240 0.977539 0.015869 0.0431 0.0353 0.0196
v -0.023682 0.991211 0.015869 0.0667 0.0549 0.0471
v -0.009521 0.995117 0.015869 0.1451 0.1176 0.1059
v -0.101807 0.321777 0.015869 0.7333 0.5019 0.3804
v 0.101807 0.321777 0.015869 0.7372 0.5059 0.3765
v -0.064209 0.314453 0.015869 0.6118 0.3961 0.2823
v 0.064209 0.314453 0.015869 0.5921 0.3921 0.2784
v -0.119385 0.053223 0.015869 0.7608 0.7960 0.7725
v 0.119385 0.053223 0.015869 0.5373 0.5686 0.5373
v -0.449463 0.786133 0.016357 0.0196 0.2823 0.0941
v 0.447998 0.793945 0.016357 0.0353 0.3372 0.1176
v 0.445557 0.800781 0.016357 0.0392 0.3412 0.1255
v 0.441650 0.806641 0.016357 0.0471 0.3490 0.1255
v -0.076416 0.810059 0.016357 0.7568 0.6471 0.5961
v 0.076416 0.810059 0.016357 0.6824 0.4667 0.3372
v 0.398193 0.812500 0.016357 0.0471 0.4000 0.1490
v -0.431397 0.818848 0.016357 0.0549 0.3333 0.1137
v 0.406494 0.819824 0.016357 0.0627 0.4118 0.1608
v -0.027588 0.879395 0.016357 0.7333 0.5098 0.3921
v 0.027588 0.879395 0.016357 0.7137 0.4980 0.3765
v 0.031006 0.891602 0.016357 0.7098 0.4784 0.3608
v 0.022705 0.967773 0.016357 0.0471 0.0314 0.0157
v -0.036377 0.978027 0.016357 0.0863 0.0745 0.0627
v 0.014404 0.980957 0.016357 0.0549 0.0471 0.0314
v -0.034424 0.986816 0.016357 0.0941 0.0784 0.0667
v -0.158936 0.034668 0.016357 0.0510 0.2706 0.1255
v 0.158936 0.034668 0.016357 0.0431 0.2667 0.1137
v -0.092041 0.754883 0.016846 0.7176 0.6941 0.6745
v 0.092041 0.754883 0.016846 0.6118 0.6354 0.6432
v 0.441162 0.773926 0.016846 0.0196 0.2353 0.0588
v -0.447998 0.793945 0.016846 0.0157 0.2863 0.0941
v -0.434326 0.815918 0.016846 0.0118 0.1804 0.0275
v -0.046631 0.820312 0.016846 0.7020 0.4823 0.3568
v 0.046631 0.820312 0.016846 0.7647 0.6980 0.7020
v -0.034424 0.909180 0.016846 0.7412 0.5294 0.4078
v 0.034424 0.909180 0.016846 0.7529 0.5333 0.4078
v -0.039795 0.934570 0.016846 0.0118 0.0039 0.0078
v 0.042725 0.952637 0.016846 0.0706 0.0588 0.0392
v 0.032959 0.967773 0.016846 0.0039 0.0039 0.0000
v 0.022705 0.970703 0.016846 0.0118 0.0118 0.0039
v -0.034424 0.985840 0.016846 0.0863 0.0706 0.0706
v -0.010986 0.991699 0.016846 0.0941 0.0863 0.0627
v -0.101318 0.304199 0.016846 0.6667 0.4432 0.3137
v 0.101318 0.304199 0.016846 0.6902 0.4510 0.3294
v -0.082764 0.290527 0.016846 0.6902 0.4706 0.3412
v 0.082764 0.290527 0.016846 0.6902 0.4706 0.3490
v 0.426514 0.764160 0.017334 0.0431 0.3372 0.1176
v 0.391357 0.785645 0.017334 0.0235 0.3216 0.1059
v -0.445557 0.800293 0.017334 0.0078 0.2588 0.0784
v -0.100830 0.801758 0.017334 0.7412 0.5098 0.3843
v 0.100830 0.801758 0.017334 0.7412 0.5059 0.3804
v 0.391846 0.803711 0.017334 0.0353 0.3921 0.1412
v -0.441650 0.806641 0.017334 0.0196 0.2667 0.0941
v 0.000244 0.810547 0.017334 0.6824 0.4628 0.3333
v -0.398193 0.812500 0.017334 0.0392 0.4000 0.1373
v 0.106201 0.812500 0.017334 0.7490 0.5176 0.3921
v 0.423096 0.818359 0.017334 0.0118 0.2157 0.0392
v -0.406494 0.819336 0.017334 0.0392 0.4000 0.1451
v 0.000244 0.853027 0.017334 0.5255 0.3216 0.2353
v 0.000244 0.868652 0.017334 0.5921 0.3568 0.3019
v -0.010986 0.870605 0.017334 0.5373 0.3216 0.2549
v 0.010986 0.870605 0.017334 0.5686 0.3372 0.2784
v -0.011963 0.873535 0.017334 0.8431 0.7568 0.7059
v 0.011963 0.873535 0.017334 0.8666 0.7412 0.6980
v -0.010498 0.875977 0.017334 0.7725 0.6510 0.5843
v 0.010498 0.875977 0.017334 0.7647 0.6471 0.5882
v 0.000244 0.877441 0.017334 0.6079 0.3333 0.2784
v -0.032959 0.914062 0.017334 0.7333 0.5412 0.4235
v 0.032959 0.914062 0.017334 0.7568 0.5490 0.4235
v -0.031982 0.936035 0.017334 0.6589 0.4353 0.3294
v 0.031982 0.936035 0.017334 0.6589 0.4275 0.3255
v -0.043213 0.948242 0.017334 0.0157 0.0118 0.0078
v -0.044678 0.964844 0.017334 0.0392 0.0235 0.0157
v 0.027588 0.968262 0.017334 0.0196 0.0157 0.0118
v -0.029053 0.989746 0.017334 0.0941 0.0745 0.0627
v -0.000244 0.993652 0.017334 0.0824 0.0667 0.0549
v -0.079834 0.707031 0.017822 0.0275 0.2157 0.1020
v 0.079834 0.707031 0.017822 0.0275 0.2078 0.0941
v -0.426514 0.763672 0.017822 0.0275 0.3137 0.1020
v -0.441162 0.773438 0.017822 0.0000 0.2314 0.0314
v -0.106201 0.812500 0.017822 0.7490 0.5176 0.3921
v -0.004639 0.853516 0.017822 0.5333 0.3098 0.2314
v 0.004639 0.853516 0.017822 0.5412 0.3294 0.2353
v -0.005615 0.869141 0.017822 0.5804 0.3529 0.2980
v 0.005615 0.869141 0.017822 0.6118 0.3490 0.2941
v -0.003662 0.877930 0.017822 0.6354 0.3490 0.3019
v -0.007568 0.877930 0.017822 0.6276 0.3529 0.2941
v 0.003662 0.877930 0.017822 0.6118 0.3176 0.2784
v 0.007568 0.877930 0.017822 0.5961 0.3294 0.2745
v -0.041260 0.942383 0.017822 0.0118 0.0118 0.0078
v 0.038818 0.942871 0.017822 0.0549 0.0471 0.0392
v 0.041260 0.945312 0.017822 0.0196 0.0078 0.0000
v -0.041260 0.947266 0.017822 0.0275 0.0196 0.0118
v 0.040771 0.958496 0.017822 0.0157 0.0039 0.0000
v -0.041260 0.958984 0.017822 0.0314 0.0157 0.0039
v 0.037354 0.964355 0.017822 0.0549 0.0431 0.0235
v -0.040283 0.987305 0.017822 0.1373 0.1255 0.1059
v -0.034424 0.988770 0.017822 0.1137 0.0980 0.0863
v 0.009033 0.990234 0.017822 0.0510 0.0431 0.0314
v -0.007568 0.995605 0.017822 0.0745 0.0588 0.0471
v -0.070557 0.299805 0.017822 0.6393 0.4157 0.3059
v 0.070557 0.299805 0.017822 0.6354 0.4314 0.3098
v -0.093994 0.291504 0.017822 0.7020 0.4823 0.3529
v 0.093994 0.291504 0.017822 0.7098 0.4823 0.3568
v -0.074463 0.678223 0.018311 0.0353 0.2235 0.1098
v 0.074463 0.678223 0.018311 0.0235 0.2157 0.0980
v -0.077881 0.691406 0.018311 0.0392 0.2392 0.1176
v 0.077881 0.691406 0.018311 0.0314 0.2235 0.1059
v 0.445068 0.781250 0.018311 0.0157 0.2078 0.0549
v -0.391357 0.785156 0.018310 0.0235 0.2863 0.0902
v -0.391846 0.803223 0.018310 0.0431 0.4039 0.1490
v -0.089600 0.804688 0.018311 0.7608 0.5137 0.3843
v 0.089600 0.804688 0.018311 0.7255 0.4941 0.3686
v -0.093994 0.814941 0.018311 0.7608 0.5294 0.3961
v 0.093994 0.814941 0.018311 0.7529 0.5216 0.3961
v -0.423096 0.818359 0.018310 0.0353 0.3529 0.1294
v -0.028564 0.821289 0.018311 0.6824 0.4628 0.3451
v 0.028564 0.821289 0.018311 0.6902 0.4589 0.3333
v -0.009521 0.854004 0.018311 0.5255 0.2980 0.2157
v 0.009521 0.854004 0.018311 0.5333 0.3216 0.2235
v -0.022217 0.864746 0.018311 0.6667 0.4510 0.3255
v 0.022217 0.864746 0.018311 0.6667 0.4628 0.3372
v -0.028564 0.884766 0.018311 0.7137 0.4941 0.3647
v 0.028564 0.884766 0.018311 0.7098 0.4863 0.3686
v -0.032471 0.896484 0.018311 0.7255 0.4941 0.3686
v 0.032471 0.896484 0.018311 0.7216 0.4902 0.3647
v 0.036377 0.928223 0.018311 0.1059 0.0824 0.0706
v 0.035400 0.932617 0.018311 0.1255 0.0863 0.0627
v -0.036865 0.933594 0.018311 0.2078 0.1255 0.0902
v 0.032471 0.934570 0.018311 0.6118 0.4235 0.3294
v -0.038818 0.962402 0.018311 0.0314 0.0157 0.0118
v -0.047119 0.969238 0.018311 0.0784 0.0627 0.0471
v 0.021729 0.976562 0.018311 0.0627 0.0549 0.0314
v -0.026611 0.982422 0.018311 0.0471 0.0431 0.0275
v -0.034424 0.985352 0.018311 0.0824 0.0706 0.0510
v -0.014893 0.992188 0.018311 0.1137 0.0941 0.0824
v -0.012451 0.993164 0.018311 0.1098 0.0824 0.0706
v 0.394775 0.781738 0.018799 0.0275 0.3098 0.1098
v -0.106201 0.791992 0.018799 0.6980 0.4706 0.3529
v 0.106201 0.791992 0.018799 0.6745 0.4510 0.3333
v -0.061279 0.813965 0.018799 0.0549 0.2314 0.1255
v 0.061279 0.813965 0.018799 0.0039 0.1961 0.0902
v 0.427490 0.815430 0.018799 0.0392 0.2471 0.0784
v -0.043213 0.818848 0.018799 0.7098 0.4941 0.3686
v 0.043213 0.818848 0.018799 0.6471 0.5412 0.4902
v 0.037354 0.921875 0.018799 0.4706 0.3412 0.2706
v -0.032959 0.925781 0.018799 0.6510 0.4706 0.3529
v 0.032959 0.925781 0.018799 0.5216 0.3647 0.2941
v 0.034912 0.927734 0.018799 0.2549 0.1686 0.1373
v 0.033936 0.932617 0.018799 0.3294 0.2275 0.1765
v 0.037842 0.937988 0.018799 0.0196 0.0157 0.0118
v 0.039795 0.945312 0.018799 0.0471 0.0353 0.0314
v -0.029053 0.983887 0.018799 0.0314 0.0314 0.0392
v -0.013916 0.996094 0.018799 0.0941 0.0824 0.0667
v -0.013428 0.997070 0.018799 0.0980 0.0824 0.0667
v -0.019287 0.379883 0.018799 0.0314 0.1608 0.0784
v 0.019287 0.379883 0.018799 0.0353 0.1725 0.0863
v -0.100830 0.312500 0.018799 0.7059 0.4745 0.3490
v 0.100830 0.312500 0.018799 0.7098 0.4784 0.3490
v -0.153076 0.039551 0.018799 0.0431 0.2432 0.1137
v 0.153076 0.039551 0.018799 0.0431 0.2275 0.1020
v -0.092041 0.759766 0.019287 0.6039 0.5451 0.5098
v 0.092041 0.759766 0.019287 0.5686 0.3608 0.2588
v 0.433838 0.768066 0.019287 0.0078 0.2588 0.0627
v -0.445068 0.781250 0.019287 0.0078 0.2275 0.0549
v 0.443115 0.792480 0.019287 0.0157 0.2235 0.0510
v 0.437256 0.802734 0.019287 0.0157 0.2078 0.0510
v 0.431397 0.811035 0.019287 0.0275 0.2432 0.0627
v 0.411865 0.817871 0.019287 0.0549 0.4157 0.1686
v -0.017822 0.858887 0.019287 0.5412 0.3137 0.1961
v 0.017822 0.858887 0.019287 0.5647 0.3686 0.2510
v -0.024658 0.871094 0.019287 0.7176 0.4941 0.3765
v 0.024658 0.871094 0.019287 0.7059 0.4902 0.3725
v -0.023682 0.907227 0.019287 0.8980 0.8588 0.8509
v 0.023682 0.907227 0.019287 0.8431 0.8157 0.7921
v -0.025635 0.910156 0.019287 0.8509 0.8196 0.8078
v 0.025635 0.910156 0.019287 0.8235 0.7804 0.7725
v -0.026611 0.913574 0.019287 0.7529 0.6824 0.6667
v 0.026611 0.913574 0.019287 0.7804 0.7137 0.7059
v -0.025635 0.917480 0.019287 0.6354 0.5764 0.5490
v 0.025635 0.917480 0.019287 0.6118 0.5373 0.5019
v -0.032959 0.918945 0.019287 0.7098 0.5255 0.4078
v 0.032959 0.918945 0.019287 0.7608 0.5451 0.4235
v 0.037354 0.928223 0.019287 0.0510 0.0471 0.0353
v 0.033447 0.934082 0.019287 0.4550 0.3137 0.2432
v -0.029053 0.940430 0.019287 0.6432 0.4275 0.3294
v -0.039795 0.941406 0.019287 0.0157 0.0235 0.0196
v 0.027588 0.943359 0.019287 0.6667 0.4628 0.3529
v -0.030029 0.944336 0.019287 0.6941 0.4784 0.3529
v 0.030029 0.944336 0.019287 0.6706 0.4510 0.3451
v -0.041748 0.952148 0.019287 0.0196 0.0078 0.0039
v 0.031982 0.966797 0.019287 0.0196 0.0157 0.0157
v 0.022217 0.969238 0.019287 0.0157 0.0078 0.0000
v -0.030518 0.981445 0.019287 0.0706 0.0627 0.0510
v -0.069580 0.307129 0.019287 0.6315 0.4157 0.2980
v 0.069580 0.307129 0.019287 0.6667 0.4589 0.3412
v -0.104248 0.009277 0.019287 0.2902 0.4196 0.3725
v 0.104736 0.009277 0.019287 0.0157 0.1765 0.0863
v -0.102783 0.002930 0.019287 0.0157 0.1686 0.0627
v 0.102783 0.002930 0.019287 0.0196 0.1922 0.0863
v -0.105713 0.001465 0.019287 0.0039 0.1686 0.0588
v 0.105713 0.001465 0.019287 0.0431 0.2078 0.0902
v -0.075928 0.627441 0.019775 0.6354 0.6471 0.6550
v 0.075928 0.627441 0.019775 0.0118 0.0353 0.0118
v -0.080322 0.739258 0.019775 0.0471 0.2196 0.1137
v 0.080322 0.739258 0.019775 0.0235 0.2039 0.0941
v -0.089600 0.751953 0.019775 0.0471 0.1843 0.0941
v 0.089600 0.751953 0.019775 0.5921 0.6276 0.6157
v 0.418213 0.765137 0.019775 0.0471 0.3333 0.1255
v -0.101318 0.776855 0.019775 0.6393 0.4078 0.2863
v 0.101318 0.776855 0.019775 0.6000 0.3843 0.2706
v -0.394775 0.781738 0.019775 0.0235 0.2941 0.0941
v -0.427490 0.814941 0.019775 0.0471 0.3412 0.1216
v -0.013428 0.854980 0.019775 0.5216 0.2863 0.1922
v 0.013428 0.855469 0.019775 0.5176 0.3176 0.2118
v -0.020752 0.904785 0.019775 0.9333 0.9019 0.8902
v 0.020752 0.904785 0.019775 0.9019 0.8784 0.8745
v -0.023682 0.920410 0.019775 0.6745 0.6079 0.5882
v 0.023682 0.920410 0.019775 0.6628 0.5921 0.5647
v -0.020752 0.922363 0.019775 0.8274 0.7725 0.7686
v 0.020752 0.922363 0.019775 0.8000 0.7608 0.7490
v 0.034424 0.927734 0.019775 0.4118 0.2745 0.2235
v -0.032959 0.932129 0.019775 0.6393 0.4196 0.3137
v 0.037842 0.933105 0.019775 0.0314 0.0353 0.0314
v -0.044189 0.961914 0.019775 0.0353 0.0196 0.0157
v -0.034424 0.989258 0.019775 0.1373 0.1255 0.1137
v -0.007080 0.995117 0.019775 0.1137 0.1020 0.0824
v -0.014404 0.995117 0.019775 0.1098 0.0902 0.0824
v -0.012451 0.997070 0.019775 0.1333 0.1137 0.0980
v -0.015381 0.380859 0.019775 0.0235 0.1490 0.0784
v 0.015381 0.380859 0.019775 0.0157 0.1569 0.0667
v -0.110596 0.366699 0.019775 0.7137 0.4941 0.3647
v 0.110596 0.366699 0.019775 0.7216 0.4784 0.3568
v -0.095459 0.347656 0.019775 0.6589 0.4392 0.3098
v 0.095459 0.347656 0.019775 0.6902 0.4510 0.3294
v -0.102295 0.008301 0.019775 0.0196 0.1686 0.0902
v 0.102295 0.008301 0.019775 0.0118 0.1804 0.0902
v 0.411865 0.767090 0.020264 0.0314 0.3255 0.1137
v -0.433838 0.768066 0.020264 0.0314 0.3176 0.1020
v 0.402588 0.773926 0.020264 0.0314 0.3059 0.1176
v 0.394287 0.790527 0.020264 0.0314 0.3608 0.1176
v -0.443115 0.791992 0.020264 0.0000 0.2235 0.0471
v -0.437744 0.802734 0.020264 0.0235 0.2549 0.0784
v -0.431397 0.810547 0.020264 0.0471 0.3059 0.1098
v 0.420166 0.816895 0.020264 0.0471 0.3765 0.1451
v -0.411865 0.817383 0.020264 0.0431 0.4078 0.1530
v -0.009033 0.873047 0.020264 0.8470 0.7764 0.7294
v 0.009033 0.873047 0.020264 0.7725 0.6354 0.5804
v -0.017822 0.875488 0.020264 0.7960 0.6197 0.5294
v 0.017822 0.875488 0.020264 0.7882 0.6393 0.5569
v -0.025635 0.877441 0.020264 0.7294 0.5059 0.3882
v 0.025635 0.877441 0.020264 0.7176 0.5019 0.3843
v -0.015869 0.884277 0.020264 0.7568 0.5882 0.5098
v 0.015869 0.884277 0.020264 0.7686 0.5961 0.5255
v -0.029541 0.889648 0.020264 0.7216 0.4902 0.3647
v 0.029053 0.889648 0.020264 0.7137 0.4823 0.3568
v -0.032959 0.902344 0.020264 0.7412 0.5176 0.4000
v 0.032959 0.902344 0.020264 0.7490 0.5176 0.3921
v -0.016846 0.904297 0.020264 0.9215 0.8862 0.8862
v 0.016846 0.904297 0.020264 0.9019 0.8862 0.8745
v -0.013428 0.904785 0.020264 0.8902 0.8627 0.8549
v 0.013428 0.904785 0.020264 0.8941 0.8784 0.8666
v -0.016846 0.923340 0.020264 0.8235 0.7843 0.7764
v 0.016846 0.923340 0.020264 0.8039 0.7608 0.7451
v 0.032471 0.932617 0.020264 0.5686 0.4000 0.3216
v 0.038330 0.937988 0.020264 0.0471 0.0431 0.0353
v 0.039795 0.945312 0.020264 0.0549 0.0392 0.0314
v -0.051514 0.963867 0.020264 0.0588 0.0431 0.0275
v 0.026611 0.968262 0.020264 0.0510 0.0510 0.0392
v 0.021240 0.973633 0.020264 0.0510 0.0353 0.0235
v -0.036377 0.979004 0.020264 0.1059 0.0941 0.0706
v 0.007568 0.983887 0.020264 0.0824 0.0627 0.0471
v -0.034424 0.985840 0.020264 0.0902 0.0863 0.0706
v -0.029053 0.990723 0.020264 0.1255 0.1098 0.0863
v -0.022217 0.992188 0.020264 0.0941 0.0824 0.0627
v -0.014893 0.397949 0.020264 0.0078 0.1530 0.0588
v 0.014893 0.397949 0.020264 0.0157 0.1647 0.0667
v -0.102295 0.011719 0.020264 0.2000 0.3412 0.2745
v 0.102295 0.011719 0.020264 0.4432 0.5451 0.4941
v -0.073975 0.666016 0.020752 0.0314 0.2235 0.1137
v 0.073975 0.666016 0.020752 0.0314 0.2118 0.0980
v -0.418213 0.764648 0.020752 0.0157 0.3059 0.0980
v -0.070557 0.812500 0.020752 0.1020 0.2392 0.1451
v -0.074951 0.812500 0.020752 0.7608 0.7059 0.6980
v 0.070557 0.812500 0.020752 0.6315 0.6785 0.6941
v 0.074951 0.812500 0.020752 0.6745 0.4784 0.3451
v -0.420166 0.816895 0.020752 0.0431 0.3804 0.1333
v -0.052490 0.818848 0.020752 0.3921 0.4432 0.4314
v 0.052490 0.818848 0.020752 0.0980 0.2549 0.1490
v -0.012451 0.864258 0.020752 0.7294 0.4706 0.3686
v 0.012451 0.864258 0.020752 0.7216 0.4628 0.3686
v -0.016846 0.868164 0.020752 0.7490 0.5333 0.4235
v 0.016846 0.868164 0.020752 0.7490 0.5294 0.4314
v -0.010010 0.875977 0.020752 0.8549 0.8078 0.7686
v 0.010010 0.875977 0.020752 0.8706 0.8078 0.7764
v -0.010010 0.876465 0.020752 0.8509 0.7412 0.7059
v 0.010010 0.876465 0.020752 0.8627 0.7568 0.7255
v -0.009521 0.879883 0.020752 0.6118 0.3647 0.3059
v 0.009521 0.879883 0.020752 0.6039 0.3608 0.3019
v -0.010498 0.907227 0.020752 0.8588 0.8313 0.8196
v 0.010498 0.907227 0.020752 0.8157 0.7960 0.7843
v 0.032959 0.907227 0.020752 0.7686 0.5490 0.4275
v -0.032959 0.907715 0.020752 0.7529 0.5451 0.4275
v -0.013428 0.922363 0.020752 0.7882 0.7490 0.7372
v 0.013428 0.922363 0.020752 0.7960 0.7608 0.7333
v 0.033936 0.927246 0.020752 0.5059 0.3608 0.2863
v -0.034424 0.931641 0.020752 0.4745 0.3137 0.2353
v 0.038818 0.942871 0.020752 0.0196 0.0157 0.0078
v -0.039795 0.951172 0.020752 0.0314 0.0314 0.0235
v 0.040283 0.951172 0.020752 0.0275 0.0078 0.0039
v 0.036377 0.962891 0.020752 0.0706 0.0549 0.0353
v 0.019775 0.965820 0.020752 0.0353 0.0235 0.0196
v -0.052490 0.966309 0.020752 0.1608 0.1333 0.1137
v 0.016846 0.980957 0.020752 0.0745 0.0588 0.0471
v -0.012451 0.997070 0.020752 0.1216 0.1098 0.0902
v -0.015869 0.998047 0.020752 0.1294 0.1176 0.0980
v -0.011963 0.412598 0.020752 0.0039 0.1294 0.0471
v 0.011963 0.412598 0.020752 0.0118 0.1412 0.0549
v -0.013916 0.394043 0.020752 0.0078 0.1451 0.0510
v 0.014404 0.394043 0.020752 0.0157 0.1647 0.0667
v -0.086182 0.333984 0.020752 0.6941 0.4745 0.3451
v 0.086182 0.333984 0.020752 0.7098 0.4784 0.3529
v -0.091553 0.301270 0.020752 0.6902 0.4706 0.3412
v 0.091553 0.301270 0.020752 0.6980 0.4589 0.3372
v -0.167725 0.013184 0.020752 0.6118 0.6589 0.6510
v 0.167725 0.013184 0.020752 0.0196 0.1530 0.0588
v -0.072021 0.647949 0.021240 0.0275 0.2000 0.0980
v 0.072021 0.647949 0.021240 0.0275 0.2000 0.0941
v -0.072510 0.656250 0.021240 0.0235 0.2157 0.1020
v 0.072510 0.656250 0.021240 0.0235 0.2078 0.0941
v 0.424072 0.765625 0.021240 0.0196 0.2980 0.0902
v -0.411865 0.767090 0.021240 0.0157 0.2980 0.1059
v -0.402588 0.773926 0.021240 0.0235 0.2980 0.1098
v 0.439697 0.773926 0.021240 0.0196 0.2784 0.0824
v -0.394287 0.790527 0.021240 0.0157 0.3529 0.1137
v -0.078857 0.803223 0.021240 0.7137 0.5725 0.5137
v 0.078857 0.803223 0.021240 0.7098 0.5059 0.3686
v 0.000244 0.807617 0.021240 0.7176 0.4863 0.3608
v -0.045654 0.816406 0.021240 0.7059 0.4902 0.3568
v 0.045654 0.816406 0.021240 0.7725 0.7059 0.6941
v -0.018799 0.819336 0.021240 0.6785 0.4550 0.3372
v 0.018799 0.819336 0.021240 0.6902 0.4706 0.3372
v 0.000244 0.861816 0.021240 0.6863 0.4314 0.3294
v -0.006592 0.862793 0.021240 0.7020 0.4510 0.3412
v 0.006592 0.862793 0.021240 0.7020 0.4353 0.3451
v -0.013916 0.869141 0.021240 0.7490 0.5333 0.4235
v 0.000244 0.869141 0.021240 0.6157 0.3882 0.3412
v 0.014404 0.869141 0.021240 0.7333 0.5412 0.4550
v -0.013916 0.872559 0.021240 0.5686 0.3725 0.3019
v 0.013916 0.872559 0.021240 0.7882 0.6589 0.6157
v -0.013428 0.875977 0.021240 0.6432 0.4628 0.4118
v 0.013428 0.875977 0.021240 0.7294 0.5882 0.5176
v -0.013428 0.876465 0.021240 0.6118 0.4000 0.3372
v 0.013428 0.876465 0.021240 0.6550 0.4706 0.4000
v -0.007568 0.889648 0.021240 0.6393 0.3568 0.3019
v 0.007568 0.889648 0.021240 0.6276 0.3372 0.2902
v 0.000244 0.890137 0.021240 0.6276 0.3412 0.2863
v -0.008545 0.910156 0.021240 0.8941 0.8627 0.8588
v 0.008545 0.910156 0.021240 0.8784 0.8588 0.8470
v -0.031982 0.913086 0.021240 0.7529 0.5530 0.4353
v 0.031982 0.913086 0.021240 0.7686 0.5608 0.4392
v -0.007568 0.913574 0.021240 0.9019 0.8706 0.8509
v 0.007568 0.913574 0.021240 0.8980 0.8784 0.8666
v -0.008545 0.917480 0.021240 0.8470 0.8157 0.8039
v 0.008545 0.917480 0.021240 0.8706 0.8353 0.8274
v -0.010498 0.920410 0.021240 0.8039 0.7804 0.7686
v 0.010498 0.920410 0.021240 0.8117 0.7843 0.7686
v 0.037842 0.928223 0.021240 0.0314 0.0314 0.0235
v -0.045654 0.930664 0.021240 0.0471 0.0314 0.0353
v -0.031494 0.931641 0.021240 0.6785 0.4471 0.3294
v 0.031494 0.931641 0.021240 0.6667 0.4353 0.3333
v -0.042725 0.934082 0.021240 0.0431 0.0275 0.0275
v -0.038330 0.940430 0.021240 0.0039 0.0039 0.0118
v 0.038818 0.944336 0.021240 0.0314 0.0235 0.0118
v -0.039307 0.944824 0.021240 0.0118 0.0118 0.0078
v 0.039307 0.957031 0.021240 0.1294 0.1137 0.1020
v -0.042236 0.974609 0.021240 0.1020 0.0824 0.0510
v -0.034424 0.987305 0.021240 0.0824 0.0745 0.0588
v -0.008545 0.988770 0.021240 0.0745 0.0627 0.0471
v -0.034424 0.988770 0.021240 0.0902 0.0745 0.0588
v 0.000244 0.991699 0.021240 0.0431 0.0275 0.0157
v -0.013916 0.995117 0.021240 0.1098 0.1059 0.0863
v -0.034424 0.393066 0.021240 0.6471 0.4118 0.2863
v 0.034424 0.393066 0.021240 0.6510 0.4118 0.2902
v -0.074463 0.638672 0.021729 0.0157 0.2196 0.0980
v 0.074463 0.638672 0.021729 0.0235 0.2353 0.1098
v -0.008545 0.815918 0.021729 0.6824 0.4628 0.3333
v 0.008545 0.815918 0.021729 0.6902 0.4745 0.3451
v -0.048096 0.820312 0.021729 0.3725 0.3255 0.2941
v 0.048096 0.820312 0.021729 0.4941 0.4745 0.4550
v -0.013916 0.879883 0.021729 0.7490 0.5882 0.5059
v 0.013916 0.879883 0.021729 0.7608 0.6157 0.5333
v -0.027100 0.913574 0.021729 0.7764 0.7059 0.6785
v -0.018311 0.914062 0.021729 0.4432 0.3725 0.3372
v 0.018311 0.914062 0.021729 0.4432 0.3882 0.3490
v -0.042236 0.933594 0.021729 0.0353 0.0275 0.0196
v -0.043213 0.934570 0.021729 0.0549 0.0275 0.0235
v 0.030029 0.937500 0.021729 0.5569 0.3725 0.2902
v -0.038818 0.957520 0.021729 0.0275 0.0118 0.0000
v -0.050537 0.962402 0.021729 0.0353 0.0196 0.0078
v -0.029053 0.984863 0.021729 0.0627 0.0627 0.0549
v -0.012451 0.996582 0.021729 0.1255 0.1176 0.0980
v -0.009521 0.427246 0.021729 0.0039 0.1020 0.0275
v 0.009521 0.427246 0.021729 0.0157 0.1333 0.0549
v -0.101318 0.018066 0.021729 0.0157 0.2039 0.0941
v 0.101318 0.018066 0.021729 0.0275 0.2235 0.1020
v -0.424072 0.765137 0.022217 0.0196 0.2863 0.0824
v -0.439697 0.773926 0.022217 0.0275 0.3059 0.0863
v 0.443115 0.781250 0.022217 0.0157 0.2510 0.0588
v 0.398682 0.786621 0.022217 0.0196 0.3647 0.1137
v 0.416260 0.814453 0.022217 0.0588 0.4157 0.1686
v -0.018799 0.861328 0.022217 0.6471 0.4235 0.2941
v 0.018799 0.861328 0.022217 0.6510 0.4510 0.3294
v -0.026123 0.882812 0.022217 0.7176 0.4941 0.3765
v 0.026123 0.882812 0.022217 0.7216 0.4980 0.3804
v -0.014404 0.883301 0.022217 0.7176 0.5294 0.4432
v 0.014404 0.883301 0.022217 0.7529 0.5530 0.4784
v -0.030518 0.894531 0.022217 0.7255 0.4863 0.3647
v -0.024170 0.906738 0.022217 0.8980 0.8666 0.8470
v 0.024170 0.906738 0.022217 0.8666 0.8431 0.8196
v -0.026611 0.909668 0.022217 0.8627 0.8117 0.7843
v 0.026611 0.909668 0.022217 0.8470 0.7921 0.7725
v 0.027100 0.913574 0.022217 0.7725 0.6980 0.6706
v -0.026611 0.917480 0.022217 0.6785 0.6118 0.5843
v 0.026611 0.917480 0.022217 0.7255 0.6471 0.6236
v -0.031982 0.918945 0.022217 0.7137 0.5333 0.4353
v 0.031982 0.918945 0.022217 0.7020 0.4980 0.3961
v -0.024170 0.920898 0.022217 0.7137 0.6589 0.6393
v 0.024170 0.920898 0.022217 0.7176 0.6628 0.6432
v -0.032471 0.922852 0.022217 0.6941 0.5137 0.4196
v 0.032471 0.922852 0.022217 0.7568 0.5608 0.4432
v 0.034424 0.927246 0.022217 0.4118 0.2863 0.2314
v 0.037354 0.927734 0.022217 0.0980 0.0510 0.0314
v 0.031982 0.932129 0.022217 0.5569 0.3882 0.3098
v -0.039307 0.939453 0.022217 0.0196 0.0118 0.0118
v -0.037354 0.942871 0.022217 0.0078 0.0078 0.0118
v 0.040283 0.951172 0.022217 0.0353 0.0275 0.0196
v 0.031494 0.966797 0.022217 0.0353 0.0431 0.0392
v -0.047119 0.970703 0.022217 0.0902 0.0667 0.0431
v 0.020752 0.971191 0.022217 0.0118 0.0078 0.0000
v -0.021729 0.981934 0.022217 0.0667 0.0549 0.0431
v -0.007080 0.994141 0.022217 0.1255 0.1098 0.0980
v -0.013428 0.995605 0.022217 0.1255 0.1098 0.0980
v -0.111572 0.449219 0.022217 0.0196 0.2078 0.0902
v 0.111572 0.449219 0.022217 0.0235 0.2000 0.0902
v -0.010986 0.410156 0.022217 0.0000 0.1255 0.0431
v 0.010986 0.410156 0.022217 0.0196 0.1490 0.0667
v -0.085205 0.345703 0.022217 0.6667 0.4471 0.3176
v 0.085205 0.345703 0.022217 0.6785 0.4510 0.3216
v -0.044678 0.339844 0.022217 0.7372 0.4432 0.2823
v 0.044678 0.339844 0.022217 0.6667 0.4589 0.3412
v -0.080811 0.299316 0.022217 0.6745 0.4471 0.3294
v 0.080811 0.299316 0.022217 0.6824 0.4510 0.3333
v -0.168701 0.017090 0.022217 0.0039 0.1922 0.0588
v 0.168701 0.017090 0.022217 0.0196 0.2039 0.0706
v 0.400147 0.798828 0.022705 0.0510 0.4078 0.1451
v 0.407959 0.807129 0.022705 0.0627 0.4157 0.1647
v 0.424561 0.812988 0.022705 0.0431 0.2980 0.1137
v 0.000244 0.852051 0.022705 0.5412 0.3176 0.2314
v -0.015381 0.856445 0.022705 0.5255 0.3019 0.1804
v 0.015381 0.856934 0.022705 0.5530 0.3529 0.2392
v 0.030029 0.894043 0.022705 0.7176 0.4863 0.3608
v -0.017334 0.903809 0.022705 0.9176 0.8862 0.8745
v 0.017334 0.903809 0.022705 0.9019 0.8745 0.8745
v -0.021240 0.904297 0.022705 0.9215 0.8941 0.8823
v 0.021240 0.904297 0.022705 0.9058 0.8862 0.8862
v -0.031982 0.916504 0.022705 0.7255 0.5451 0.4392
v 0.031982 0.916504 0.022705 0.7568 0.5333 0.4235
v -0.033447 0.919434 0.022705 0.7020 0.5216 0.4275
v 0.033447 0.919434 0.022705 0.6589 0.4628 0.3804
v -0.021240 0.922852 0.022705 0.7960 0.7490 0.7333
v 0.021240 0.922852 0.022705 0.7960 0.7529 0.7333
v 0.035889 0.927246 0.022705 0.4235 0.2980 0.2627
v -0.041748 0.933105 0.022705 0.0392 0.0275 0.0275
v 0.037842 0.933105 0.022705 0.0314 0.0431 0.0392
v -0.043701 0.934570 0.022705 0.0471 0.0314 0.0196
v -0.035889 0.938965 0.022705 0.0275 0.0196 0.0275
v -0.040771 0.939941 0.022705 0.0118 0.0157 0.0000
v 0.024170 0.945312 0.022705 0.6667 0.4471 0.3490
v -0.037354 0.956055 0.022705 0.0667 0.0510 0.0431
v -0.037354 0.960938 0.022705 0.0471 0.0392 0.0275
v -0.004150 0.982422 0.022705 0.0431 0.0235 0.0235
v -0.013916 0.989258 0.022705 0.1059 0.0980 0.0902
v 0.107666 0.492188 0.022705 0.0353 0.2471 0.1137
v -0.115479 0.432129 0.022705 0.0275 0.2314 0.1137
v 0.115479 0.432129 0.022705 0.0353 0.2314 0.1176
v -0.008545 0.426758 0.022705 0.0000 0.1059 0.0314
v 0.008545 0.426758 0.022705 0.0196 0.1490 0.0667
v -0.122314 0.394531 0.022705 0.2471 0.2745 0.1647
v 0.122803 0.394531 0.022705 0.1843 0.2549 0.1765
v -0.146240 0.045898 0.022705 0.6589 0.7059 0.6785
v 0.146240 0.045898 0.022705 0.2432 0.3765 0.2902
v -0.105225 0.505371 0.023193 0.0353 0.2432 0.1176
v 0.105225 0.505371 0.023193 0.0118 0.2118 0.0902
v -0.443115 0.781250 0.023193 0.0078 0.2863 0.0824
v -0.097900 0.786621 0.023193 0.7216 0.4863 0.3529
v -0.398682 0.786621 0.023193 0.0039 0.3294 0.0824
v 0.097900 0.787109 0.023193 0.7176 0.4902 0.3686
v -0.085693 0.798340 0.023193 0.8235 0.5373 0.4000
v 0.085693 0.798340 0.023193 0.7412 0.5294 0.3961
v 0.429932 0.807617 0.023193 0.0196 0.2745 0.0745
v -0.416260 0.814453 0.023193 0.0392 0.3882 0.1373
v -0.004150 0.852051 0.023193 0.5294 0.3137 0.2235
v 0.004150 0.852051 0.023193 0.5373 0.3216 0.2392
v -0.008057 0.852539 0.023193 0.5294 0.3137 0.2235
v 0.008057 0.852539 0.023193 0.5412 0.3255 0.2235
v -0.013428 0.904297 0.023193 0.8627 0.8235 0.8196
v 0.013428 0.904297 0.023193 0.8666 0.8313 0.8235
v -0.031006 0.912109 0.023193 0.7529 0.5569 0.4392
v 0.031006 0.912109 0.023193 0.7725 0.5647 0.4432
v -0.017334 0.923828 0.023193 0.7882 0.7412 0.7294
v 0.017334 0.923828 0.023193 0.7764 0.7333 0.7255
v -0.042236 0.933105 0.023193 0.0549 0.0353 0.0235
v -0.043701 0.934082 0.023193 0.0471 0.0392 0.0314
v -0.037842 0.937988 0.023193 0.0314 0.0275 0.0235
v -0.029541 0.938965 0.023193 0.5961 0.3765 0.2902
v 0.029541 0.938965 0.023193 0.0392 0.0157 0.0078
v -0.025635 0.942871 0.023193 0.6197 0.4235 0.3176
v -0.043701 0.960938 0.023193 0.0314 0.0235 0.0118
v 0.024658 0.966797 0.023193 0.0549 0.0471 0.0353
v -0.052002 0.967285 0.023193 0.1490 0.1176 0.0980
v -0.029053 0.986816 0.023193 0.0824 0.0627 0.0549
v -0.029053 0.989746 0.023193 0.0941 0.0784 0.0667
v -0.008545 0.992188 0.023193 0.1020 0.0863 0.0745
v -0.108154 0.492188 0.023193 0.0353 0.2471 0.1137
v -0.113037 0.478516 0.023193 0.0314 0.2432 0.1098
v 0.111572 0.478516 0.023193 0.0314 0.2432 0.1098
v -0.114502 0.463867 0.023193 0.0275 0.2392 0.1059
v 0.000244 0.463867 0.023193 0.0000 0.1176 0.0235
v 0.113525 0.463867 0.023193 0.0275 0.2392 0.1059
v -0.002197 0.458496 0.023193 0.0000 0.1098 0.0235
v 0.002197 0.458496 0.023193 0.0078 0.1216 0.0431
v -0.004150 0.452148 0.023193 0.0039 0.1020 0.0196
v 0.004150 0.452148 0.023193 0.0118 0.1294 0.0510
v -0.006104 0.441406 0.023193 0.0000 0.1098 0.0235
v 0.006104 0.441406 0.023193 0.0157 0.1412 0.0588
v -0.119385 0.415039 0.023193 0.0314 0.2471 0.1216
v 0.119385 0.415039 0.023193 0.0314 0.2471 0.1216
v -0.089111 0.320312 0.023193 0.7372 0.5059 0.3804
v 0.089111 0.320312 0.023193 0.7451 0.5098 0.3765
v -0.076904 0.314453 0.023193 0.7059 0.4706 0.3451
v 0.076904 0.314453 0.023193 0.7294 0.5098 0.3804
v -0.103760 0.518066 0.023682 0.0314 0.2471 0.1098
v -0.079834 0.591309 0.023682 0.3882 0.3882 0.3843
v 0.079834 0.591309 0.023682 0.5843 0.5804 0.5921
v -0.093018 0.764160 0.023682 0.6197 0.5098 0.4471
v 0.093018 0.764160 0.023682 0.5843 0.4157 0.3176
v 0.431397 0.769531 0.023682 0.0588 0.3529 0.1412
v 0.417236 0.770508 0.023682 0.0314 0.3686 0.1216
v 0.407471 0.778809 0.023682 0.0275 0.3608 0.1176
v 0.441162 0.791016 0.023682 0.0235 0.2863 0.0824
v -0.400147 0.798828 0.023682 0.0549 0.4196 0.1608
v 0.435303 0.800781 0.023682 0.0314 0.3098 0.0941
v -0.407959 0.807129 0.023682 0.0471 0.4196 0.1530
v -0.424561 0.812500 0.023682 0.0353 0.3647 0.1216
v -0.033447 0.817383 0.023682 0.7333 0.5216 0.3961
v 0.033447 0.817383 0.023682 0.7804 0.5216 0.3843
v -0.010986 0.853516 0.023682 0.5216 0.3098 0.2157
v 0.010986 0.853516 0.023682 0.5333 0.3294 0.2235
v -0.022705 0.870605 0.023682 0.7216 0.4980 0.3843
v 0.022705 0.870605 0.023682 0.7059 0.4980 0.3765
v -0.010498 0.906738 0.023682 0.8941 0.8666 0.8549
v 0.010498 0.906738 0.023682 0.8784 0.8588 0.8470
v -0.010498 0.920898 0.023682 0.8000 0.7686 0.7568
v 0.010498 0.920898 0.023682 0.8039 0.7804 0.7647
v -0.013428 0.922852 0.023682 0.7725 0.7333 0.7255
v 0.013428 0.922852 0.023682 0.7764 0.7255 0.7098
v -0.043213 0.933594 0.023682 0.0549 0.0353 0.0392
v 0.030029 0.937012 0.023682 0.4000 0.2902 0.2275
v 0.038330 0.937988 0.023682 0.0314 0.0275 0.0196
v -0.035400 0.941406 0.023682 0.0275 0.0157 0.0196
v -0.039307 0.944336 0.023682 0.0549 0.0549 0.0471
v 0.039795 0.950684 0.023682 0.0471 0.0431 0.0353
v 0.038818 0.957031 0.023682 0.0157 0.0039 0.0000
v -0.050537 0.961426 0.023682 0.0392 0.0235 0.0196
v 0.035889 0.962402 0.023682 0.0902 0.0745 0.0549
v 0.019287 0.963867 0.023682 0.0157 0.0078 0.0000
v 0.018311 0.967773 0.023682 0.0353 0.0196 0.0039
v -0.015381 0.982422 0.023682 0.0392 0.0196 0.0157
v -0.001221 0.985352 0.023682 0.0667 0.0510 0.0353
v -0.021729 0.990234 0.023682 0.1098 0.0941 0.0784
v -0.115967 0.444824 0.023682 0.0275 0.2432 0.1059
v 0.115967 0.444824 0.023682 0.0275 0.2392 0.1059
v -0.118896 0.428223 0.023682 0.0314 0.2471 0.1176
v 0.118896 0.428223 0.023682 0.0235 0.2432 0.1059
v -0.073486 0.321777 0.023682 0.6510 0.4353 0.3137
v 0.073486 0.321777 0.023682 0.6667 0.4510 0.3255
v 0.105225 0.518066 0.024170 0.0157 0.2157 0.0941
v -0.099854 0.530273 0.024170 0.0235 0.2392 0.1098
v 0.100342 0.530762 0.024170 0.0118 0.2235 0.0980
v -0.095459 0.543945 0.024170 0.0314 0.2353 0.1020
v 0.094971 0.543945 0.024170 0.0118 0.2314 0.0941
v -0.417236 0.770508 0.024170 0.0039 0.3412 0.0863
v -0.429932 0.807617 0.024170 0.0431 0.3725 0.1294
v -0.020752 0.866211 0.024170 0.7137 0.4941 0.3686
v 0.020752 0.866211 0.024170 0.7020 0.4902 0.3804
v 0.000244 0.868652 0.024170 0.6157 0.3725 0.3294
v -0.005127 0.869141 0.024170 0.5961 0.3529 0.2980
v -0.008545 0.869141 0.024170 0.5882 0.3765 0.3176
v 0.005127 0.869141 0.024170 0.6118 0.3686 0.3176
v 0.008545 0.869141 0.024170 0.6039 0.3882 0.3333
v -0.010010 0.870605 0.024170 0.5725 0.3725 0.3176
v 0.010010 0.870605 0.024170 0.5843 0.3765 0.3333
v -0.010986 0.873047 0.024170 0.8745 0.8313 0.7921
v 0.010986 0.873047 0.024170 0.9019 0.8470 0.8039
v -0.009521 0.875488 0.024170 0.8902 0.8196 0.7804
v -0.023682 0.875488 0.024170 0.7255 0.5098 0.3882
v 0.009521 0.875488 0.024170 0.8666 0.8039 0.7608
v 0.023682 0.875488 0.024170 0.7176 0.5019 0.3843
v 0.000244 0.876465 0.024170 0.6276 0.3647 0.3294
v -0.007080 0.876953 0.024170 0.6315 0.3765 0.3255
v 0.007080 0.876953 0.024170 0.6039 0.3725 0.3294
v -0.003662 0.877441 0.024170 0.6315 0.3843 0.3333
v 0.003662 0.877441 0.024170 0.6276 0.3608 0.3137
v -0.027100 0.887695 0.024170 0.7372 0.5059 0.3804
v 0.026611 0.887695 0.024170 0.7216 0.4902 0.3725
v -0.008057 0.909668 0.024170 0.8980 0.8784 0.8588
v 0.008057 0.909668 0.024170 0.8862 0.8627 0.8588
v -0.007568 0.913574 0.024170 0.8941 0.8823 0.8627
v 0.007568 0.913574 0.024170 0.9098 0.8706 0.8784
v -0.031006 0.915527 0.024170 0.7176 0.5333 0.4235
v 0.031006 0.915527 0.024170 0.7255 0.5176 0.4000
v -0.008057 0.917480 0.024170 0.8470 0.8157 0.8000
v 0.008057 0.917480 0.024170 0.8509 0.8274 0.8117
v -0.031982 0.921387 0.024170 0.6510 0.5059 0.4157
v 0.031982 0.921387 0.024170 0.2078 0.1294 0.0941
v 0.032959 0.931641 0.024170 0.0745 0.0510 0.0275
v -0.030518 0.936523 0.024170 0.5647 0.3804 0.2980
v 0.029053 0.940430 0.024170 0.0392 0.0157 0.0275
v -0.026611 0.946777 0.024170 0.6941 0.4706 0.3529
v 0.026611 0.946777 0.024170 0.6706 0.4550 0.3412
v -0.037842 0.949707 0.024170 0.0824 0.0667 0.0471
v -0.036865 0.955566 0.024170 0.0275 0.0157 0.0039
v -0.034424 0.960938 0.024170 0.0471 0.0392 0.0275
v -0.058350 0.963867 0.024170 0.1020 0.0902 0.0745
v 0.017822 0.979004 0.024170 0.0627 0.0549 0.0353
v -0.028564 0.979492 0.024170 0.0549 0.0353 0.0275
v -0.122314 0.411133 0.024170 0.0392 0.2667 0.1333
v 0.122314 0.411133 0.024170 0.0392 0.2549 0.1176
v -0.030518 0.410645 0.024170 0.6628 0.4235 0.3059
v 0.030518 0.410645 0.024170 0.6667 0.4196 0.2980
v -0.125732 0.396484 0.024170 0.1098 0.1608 0.0745
v 0.125732 0.396484 0.024170 0.0196 0.2196 0.1020
v -0.103271 0.027832 0.024170 0.0235 0.2353 0.1020
v 0.103271 0.027832 0.024170 0.0353 0.2549 0.1176
v -0.093506 0.557129 0.024658 0.0314 0.2314 0.1020
v 0.093018 0.557129 0.024658 0.0157 0.2314 0.0980
v -0.086182 0.581543 0.024658 0.0431 0.2275 0.1098
v 0.086182 0.581543 0.024658 0.0039 0.1843 0.0627
v -0.431397 0.769043 0.024658 0.0392 0.3647 0.1255
v -0.407471 0.778809 0.024658 0.0078 0.3451 0.0902
v -0.441162 0.791016 0.024658 0.0353 0.3216 0.1020
v 0.405518 0.794434 0.024658 0.0549 0.4118 0.1608
v -0.435303 0.800781 0.024658 0.0471 0.3608 0.1255
v 0.000244 0.802246 0.024658 0.7294 0.4980 0.3608
v -0.009033 0.872559 0.024658 0.8706 0.8196 0.7843
v 0.009033 0.872559 0.024658 0.8980 0.8157 0.7843
v -0.031006 0.900391 0.024658 0.7529 0.5255 0.4039
v 0.031006 0.900391 0.024658 0.7568 0.5176 0.3961
v -0.031982 0.919434 0.024658 0.6863 0.5098 0.3961
v 0.031982 0.919434 0.024658 0.6589 0.4628 0.3765
v -0.031982 0.920410 0.024658 0.6550 0.4941 0.3961
v 0.031982 0.920410 0.024658 0.3216 0.2118 0.1725
v -0.032959 0.920898 0.024658 0.6706 0.5176 0.4196
v 0.032959 0.920898 0.024658 0.0706 0.0235 0.0039
v 0.037354 0.932129 0.024658 0.0353 0.0235 0.0118
v -0.041748 0.939941 0.024658 0.0235 0.0275 0.0235
v 0.038330 0.943359 0.024658 0.0627 0.0471 0.0431
v -0.051514 0.966309 0.024658 0.1530 0.1176 0.1098
v 0.018311 0.967285 0.024658 0.0157 0.0118 0.0000
v -0.014404 0.984863 0.024658 0.0353 0.0235 0.0196
v -0.021729 0.985840 0.024658 0.0510 0.0431 0.0353
v -0.058838 0.324707 0.024658 0.6902 0.4550 0.3255
v 0.058838 0.324707 0.024658 0.6824 0.4667 0.3412
v -0.091064 0.310059 0.024658 0.7216 0.4863 0.3608
v 0.091064 0.310059 0.024658 0.7216 0.4863 0.3529
v -0.079346 0.307129 0.024658 0.7137 0.4823 0.3568
v -0.166748 0.011230 0.024658 0.0549 0.1569 0.0784
v 0.166748 0.011230 0.024658 0.5647 0.6980 0.6000
v -0.169189 0.004883 0.024658 0.0118 0.1961 0.0863
v 0.169189 0.004883 0.024658 0.0118 0.1843 0.0784
v -0.090576 0.569824 0.025146 0.0314 0.2275 0.1020
v 0.090576 0.569824 0.025147 0.0157 0.2275 0.0980
v -0.092041 0.762695 0.025146 0.7137 0.6745 0.6589
v 0.092041 0.762695 0.025147 0.6550 0.6315 0.6276
v 0.437256 0.774902 0.025147 0.0392 0.3216 0.1137
v -0.405518 0.794434 0.025146 0.0549 0.4157 0.1530
v -0.081787 0.794922 0.025146 0.6471 0.4823 0.4118
v 0.081787 0.794922 0.025146 0.7333 0.5059 0.3804
v 0.413818 0.802246 0.025147 0.0627 0.4235 0.1686
v 0.421631 0.809570 0.025147 0.0588 0.4196 0.1686
v -0.009521 0.875488 0.025146 0.8706 0.8117 0.7960
v 0.009521 0.875488 0.025146 0.8588 0.8039 0.7647
v -0.009521 0.876465 0.025146 0.8117 0.6824 0.6393
v 0.009521 0.876465 0.025146 0.6980 0.5216 0.4706
v -0.009033 0.879395 0.025146 0.6432 0.4118 0.3529
v 0.009033 0.879395 0.025146 0.6706 0.4667 0.4118
v -0.009033 0.883301 0.025146 0.6824 0.4039 0.3451
v 0.009033 0.883301 0.025146 0.6550 0.4039 0.3529
v -0.030518 0.906250 0.025146 0.7568 0.5530 0.4353
v 0.030518 0.906250 0.025146 0.7804 0.5608 0.4353
v -0.024170 0.907227 0.025146 0.8862 0.8509 0.8353
v 0.024170 0.907227 0.025146 0.8902 0.8353 0.8000
v -0.026611 0.910156 0.025146 0.7843 0.6706 0.5921
v 0.026611 0.910156 0.025146 0.8039 0.6706 0.5961
v -0.029541 0.912109 0.025146 0.7294 0.5490 0.4392
v 0.029541 0.912109 0.025146 0.7725 0.5647 0.4432
v -0.026611 0.913574 0.025146 0.7216 0.6079 0.5569
v -0.027100 0.913574 0.025146 0.7020 0.5725 0.5019
v 0.026611 0.913574 0.025146 0.7490 0.6197 0.5608
v 0.027100 0.913574 0.025146 0.7764 0.6550 0.5961
v -0.026611 0.917480 0.025146 0.6236 0.5490 0.5059
v 0.026611 0.917480 0.025146 0.6863 0.5843 0.5451
v -0.032959 0.919434 0.025146 0.6902 0.5059 0.4000
v 0.032959 0.919434 0.025146 0.6157 0.4392 0.3647
v -0.032959 0.920410 0.025146 0.6745 0.5059 0.4118
v 0.032959 0.920410 0.025146 0.2432 0.1725 0.1412
v -0.037842 0.937500 0.025146 0.0392 0.0353 0.0196
v 0.037842 0.949219 0.025146 0.0235 0.0078 0.0157
v 0.023193 0.964355 0.025146 0.0510 0.0314 0.0235
v 0.030029 0.965332 0.025146 0.0275 0.0235 0.0118
v -0.046143 0.968750 0.025146 0.1569 0.1294 0.1059
v 0.079346 0.307129 0.025146 0.7098 0.4823 0.3568
v -0.168213 0.013184 0.025146 0.5882 0.6432 0.6118
v 0.168213 0.013184 0.025147 0.0118 0.1530 0.0549
v -0.170166 0.010254 0.025146 0.0078 0.1922 0.0588
v 0.170166 0.010254 0.025147 0.2627 0.4039 0.2980
v -0.166260 0.002930 0.025146 0.0275 0.1961 0.0824
v 0.166260 0.002930 0.025147 0.0078 0.1647 0.0471
v 0.424561 0.776367 0.025635 0.0588 0.4039 0.1412
v 0.439697 0.781738 0.025635 0.0392 0.3176 0.1137
v 0.414795 0.786133 0.025635 0.0471 0.4039 0.1412
v -0.009033 0.852539 0.025635 0.5333 0.3216 0.2275
v 0.009033 0.852539 0.025635 0.5412 0.3294 0.2275
v -0.012939 0.854980 0.025635 0.5333 0.3059 0.2039
v 0.012939 0.854980 0.025635 0.5490 0.3529 0.2471
v -0.015869 0.858887 0.025635 0.6393 0.4039 0.2863
v 0.015869 0.858887 0.025635 0.6471 0.4471 0.3255
v -0.023682 0.880371 0.025635 0.7255 0.5098 0.3882
v 0.024170 0.880371 0.025635 0.7216 0.4980 0.3843
v -0.021240 0.904785 0.025635 0.9058 0.8784 0.8706
v 0.021240 0.904785 0.025635 0.9058 0.8627 0.8588
v -0.026123 0.912109 0.025635 0.7451 0.6276 0.5764
v 0.026123 0.912109 0.025635 0.7725 0.6471 0.5882
v -0.029541 0.914551 0.025635 0.6785 0.5059 0.4118
v 0.029541 0.914551 0.025635 0.7020 0.4980 0.3843
v -0.024170 0.920410 0.025635 0.6628 0.6118 0.5764
v 0.024170 0.920410 0.025635 0.7255 0.6628 0.6432
v -0.021240 0.922363 0.025635 0.8078 0.7529 0.7255
v -0.031006 0.922363 0.025635 0.1098 0.0471 0.0196
v 0.021240 0.922363 0.025635 0.8078 0.7647 0.7412
v 0.031006 0.922363 0.025635 0.1373 0.0863 0.0627
v 0.034912 0.931641 0.025635 0.0314 0.0157 0.0196
v -0.032959 0.936523 0.025635 0.0510 0.0471 0.0392
v -0.050537 0.962402 0.025635 0.0471 0.0314 0.0196
v 0.018799 0.964844 0.025635 0.0039 0.0118 0.0000
v -0.040771 0.971680 0.025635 0.1059 0.0824 0.0667
v 0.017334 0.975098 0.025635 0.0431 0.0235 0.0196
v -0.033936 0.976074 0.025635 0.0941 0.0745 0.0588
v -0.026123 0.427246 0.025635 0.6589 0.4196 0.3019
v 0.026123 0.427246 0.025635 0.6550 0.4078 0.2980
v -0.110596 0.385254 0.025635 0.6980 0.4863 0.3412
v 0.110596 0.385254 0.025635 0.7176 0.4980 0.3647
v -0.134033 0.047363 0.025635 0.4157 0.4589 0.4392
v 0.134033 0.046875 0.025635 0.4353 0.4784 0.4550
v -0.166748 0.023926 0.025635 0.0275 0.2549 0.1059
v 0.166748 0.023926 0.025635 0.0745 0.2902 0.1373
v -0.437256 0.774902 0.026123 0.0431 0.3451 0.1137
v -0.413818 0.802246 0.026123 0.0471 0.4078 0.1451
v -0.421631 0.809570 0.026123 0.0431 0.3921 0.1333
v -0.018311 0.862793 0.026123 0.7137 0.4706 0.3568
v 0.018311 0.862793 0.026123 0.7020 0.4902 0.3804
v -0.012451 0.872070 0.026123 0.7176 0.5490 0.4863
v 0.012451 0.872070 0.026123 0.8196 0.6980 0.6432
v -0.016846 0.875000 0.026123 0.7804 0.5961 0.4941
v 0.016846 0.875000 0.026123 0.7725 0.5882 0.4941
v -0.012451 0.875488 0.026123 0.8313 0.7294 0.6863
v 0.012451 0.875488 0.026123 0.7451 0.6197 0.5530
v -0.012451 0.875977 0.026123 0.7216 0.5490 0.4941
v 0.012451 0.875977 0.026123 0.6157 0.4118 0.3529
v 0.027588 0.892578 0.026123 0.7255 0.4902 0.3647
v -0.028076 0.893066 0.026123 0.7372 0.5176 0.3882
v -0.017822 0.904297 0.026123 0.9098 0.8902 0.8745
v 0.017822 0.904297 0.026123 0.9058 0.8666 0.8666
v -0.028076 0.912109 0.026123 0.7137 0.5294 0.4275
v 0.028076 0.912109 0.026123 0.7568 0.5569 0.4392
v -0.028564 0.914062 0.026123 0.6824 0.5059 0.4118
v 0.028564 0.914062 0.026123 0.7137 0.5137 0.4000
v -0.032471 0.922363 0.026123 0.2627 0.1765 0.1255
v 0.032471 0.922363 0.026123 0.0627 0.0314 0.0275
v -0.017822 0.923340 0.026123 0.7960 0.7490 0.7176
v 0.017822 0.923340 0.026123 0.8117 0.7764 0.7568
v 0.031006 0.937012 0.026123 0.0667 0.0471 0.0471
v -0.041260 0.938965 0.026123 0.0392 0.0314 0.0196
v -0.040283 0.944336 0.026123 0.0196 0.0157 0.0039
v 0.037842 0.956055 0.026123 0.0627 0.0549 0.0431
v -0.044189 0.961914 0.026123 0.0471 0.0235 0.0118
v -0.028564 0.979004 0.026123 0.0667 0.0588 0.0431
v -0.009521 0.981934 0.026123 0.0431 0.0314 0.0314
v 0.010010 0.983398 0.026123 0.0275 0.0196 0.0118
v -0.041748 0.359863 0.026123 0.7333 0.4471 0.2902
v 0.042236 0.359863 0.026123 0.6863 0.4784 0.3529
v -0.108154 0.036133 0.026123 0.0510 0.2588 0.1294
v 0.108154 0.036133 0.026123 0.0431 0.2667 0.1294
v -0.424072 0.776367 0.026611 0.0392 0.3961 0.1412
v -0.439697 0.781250 0.026611 0.0431 0.3490 0.1255
v 0.431397 0.782715 0.026611 0.0510 0.4118 0.1412
v -0.414795 0.785645 0.026611 0.0588 0.4118 0.1490
v 0.437744 0.789062 0.026611 0.0471 0.3490 0.1255
v 0.422607 0.793457 0.026611 0.0549 0.4078 0.1569
v 0.432373 0.797852 0.026611 0.0471 0.4000 0.1530
v 0.427002 0.804199 0.026611 0.0549 0.4118 0.1569
v -0.021729 0.815430 0.026611 0.7490 0.5137 0.3921
v 0.021729 0.815430 0.026611 0.7529 0.5176 0.3961
v -0.012939 0.879395 0.026611 0.8549 0.7686 0.7176
v 0.012939 0.879395 0.026611 0.8353 0.7020 0.6354
v -0.014893 0.882324 0.026611 0.7686 0.6079 0.5098
v 0.014893 0.882324 0.026611 0.7490 0.5686 0.4784
v -0.013916 0.904785 0.026611 0.9255 0.9058 0.8980
v 0.013916 0.904785 0.026611 0.9294 0.8941 0.8862
v -0.010986 0.907227 0.026611 0.9098 0.8902 0.8745
v 0.010986 0.907227 0.026611 0.8784 0.8588 0.8470
v -0.028564 0.908203 0.026611 0.7451 0.5569 0.4392
v 0.028564 0.908203 0.026611 0.7804 0.5647 0.4432
v -0.024658 0.911133 0.026611 0.8157 0.7098 0.6510
v 0.024658 0.911133 0.026611 0.8627 0.7764 0.7255
v -0.028076 0.913574 0.026611 0.6785 0.5019 0.4078
v 0.028076 0.913574 0.026611 0.7137 0.5216 0.4039
v -0.031494 0.918457 0.026611 0.6354 0.4589 0.3529
v 0.031494 0.918457 0.026611 0.6510 0.4745 0.3529
v -0.031494 0.919922 0.026611 0.6667 0.4863 0.3843
v 0.031494 0.919922 0.026611 0.5373 0.3921 0.3098
v -0.032471 0.920898 0.026611 0.6510 0.5019 0.4157
v 0.032471 0.920898 0.026611 0.1216 0.0510 0.0510
v -0.013916 0.922363 0.026611 0.8235 0.7843 0.7764
v 0.013916 0.922363 0.026611 0.8117 0.7804 0.7647
v -0.031006 0.925293 0.026611 0.6706 0.5373 0.4667
v 0.031006 0.925293 0.026611 0.7843 0.6000 0.4823
v -0.028564 0.933594 0.026611 0.6628 0.4510 0.3490
v 0.028564 0.933594 0.026611 0.6785 0.4706 0.3608
v -0.038818 0.937500 0.026611 0.0431 0.0353 0.0157
v 0.030029 0.939453 0.026611 0.0549 0.0353 0.0275
v -0.035400 0.940430 0.026611 0.0314 0.0235 0.0078
v -0.021729 0.944824 0.026611 0.5098 0.3529 0.2823
v 0.020264 0.947754 0.026611 0.6236 0.3961 0.2902
v 0.034912 0.961426 0.026611 0.0510 0.0431 0.0275
v -0.051025 0.963867 0.026611 0.0824 0.0706 0.0588
v -0.023193 0.980469 0.026611 0.0471 0.0353 0.0275
v -0.106201 0.454590 0.026611 0.0314 0.1373 0.0510
v 0.106201 0.454590 0.026611 0.0235 0.1294 0.0588
v -0.023193 0.441406 0.026611 0.0118 0.0980 0.0314
v 0.023193 0.441406 0.026611 0.0353 0.0980 0.0275
v -0.168701 0.016602 0.026611 0.0039 0.1882 0.0549
v 0.168701 0.016602 0.026611 0.0118 0.2078 0.0706
v -0.085205 0.786621 0.027100 0.6902 0.4432 0.3372
v 0.085205 0.786621 0.027100 0.7137 0.4902 0.3725
v -0.079346 0.800781 0.027100 0.7372 0.6745 0.6589
v 0.079346 0.800781 0.027100 0.7176 0.5137 0.3725
v -0.427002 0.803711 0.027100 0.0588 0.4000 0.1412
v -0.009521 0.812988 0.027100 0.7176 0.4902 0.3647
v 0.009521 0.812988 0.027100 0.7176 0.4980 0.3647
v -0.006592 0.851562 0.027100 0.5412 0.3333 0.2275
v 0.006592 0.851562 0.027100 0.5451 0.3333 0.2392
v -0.014893 0.869629 0.027100 0.7412 0.5294 0.4196
v 0.014893 0.869629 0.027100 0.7451 0.5216 0.4275
v -0.009033 0.910156 0.027100 0.8823 0.8549 0.8392
v 0.009033 0.910156 0.027100 0.8902 0.8666 0.8588
v -0.027100 0.912109 0.027100 0.6980 0.5216 0.4275
v 0.027100 0.912109 0.027100 0.7568 0.5569 0.4392
v -0.008545 0.913574 0.027100 0.8862 0.8666 0.8509
v -0.027588 0.913574 0.027100 0.6628 0.4941 0.4078
v 0.008545 0.913574 0.027100 0.8902 0.8706 0.8627
v 0.027588 0.913574 0.027100 0.7255 0.5294 0.4196
v -0.009033 0.917480 0.027100 0.8509 0.8235 0.8078
v 0.009033 0.917480 0.027100 0.8549 0.8313 0.8196
v -0.031982 0.919922 0.027100 0.6628 0.4902 0.3921
v 0.031982 0.919922 0.027100 0.4510 0.3372 0.2823
v -0.010986 0.920410 0.027100 0.8274 0.8000 0.7843
v 0.010986 0.920410 0.027100 0.8274 0.7960 0.7843
v -0.030518 0.923828 0.027100 0.0196 0.0118 0.0196
v 0.030518 0.923828 0.027100 0.1961 0.1373 0.1098
v 0.037354 0.937500 0.027100 0.0235 0.0235 0.0157
v -0.040283 0.937988 0.027100 0.0510 0.0314 0.0235
v 0.029053 0.937988 0.027100 0.1020 0.0706 0.0510
v -0.027588 0.939941 0.027100 0.0392 0.0275 0.0235
v -0.038818 0.949707 0.027100 0.0431 0.0314 0.0118
v -0.037842 0.962402 0.027100 0.0863 0.0706 0.0588
v 0.028076 0.962891 0.027100 0.0667 0.0510 0.0431
v 0.014893 0.968750 0.027100 0.0392 0.0275 0.0157
v -0.017822 0.981445 0.027100 0.0471 0.0275 0.0235
v -0.040283 0.375488 0.027100 0.6471 0.4000 0.2549
v 0.040283 0.375488 0.027100 0.6118 0.4275 0.3019
v -0.081787 0.360840 0.027100 0.6824 0.4628 0.3333
v 0.081787 0.360840 0.027100 0.6824 0.4628 0.3333
v 0.113525 0.041504 0.027100 0.4432 0.4550 0.4314
v -0.083252 0.744629 0.027588 0.0471 0.2196 0.1137
v 0.083252 0.744629 0.027588 0.0275 0.2078 0.0980
v -0.089600 0.760254 0.027588 0.0863 0.1765 0.1216
v 0.089600 0.760254 0.027588 0.6197 0.6510 0.6393
v -0.090088 0.774902 0.027588 0.7882 0.5098 0.3804
v 0.090088 0.774902 0.027588 0.6941 0.4980 0.3725
v -0.431397 0.782715 0.027588 0.0392 0.3921 0.1333
v -0.437744 0.789062 0.027588 0.0431 0.3804 0.1373
v -0.422607 0.793457 0.027588 0.0471 0.4039 0.1412
v -0.432373 0.797852 0.027588 0.0431 0.3725 0.1294
v -0.044189 0.809082 0.027588 0.6980 0.4863 0.3725
v 0.044189 0.809082 0.027588 0.7294 0.6471 0.6432
v -0.020752 0.870605 0.027588 0.7216 0.5059 0.3843
v 0.020752 0.870605 0.027588 0.7098 0.4980 0.3804
v -0.021729 0.874023 0.027588 0.7216 0.5137 0.3961
v 0.021729 0.874023 0.027588 0.7255 0.5098 0.3882
v -0.010498 0.885742 0.027588 0.6706 0.4235 0.3529
v -0.024170 0.885742 0.027588 0.7294 0.5098 0.3804
v 0.010498 0.885742 0.027588 0.6785 0.4196 0.3568
v 0.024170 0.885742 0.027588 0.7255 0.4980 0.3725
v -0.028564 0.897949 0.027588 0.7529 0.5333 0.4039
v 0.028564 0.897949 0.027588 0.7568 0.5098 0.3804
v -0.026611 0.909180 0.027588 0.7333 0.5490 0.4392
v 0.026611 0.909180 0.027588 0.7804 0.5647 0.4471
v -0.023682 0.910645 0.027588 0.8313 0.7451 0.6980
v 0.023682 0.910645 0.027588 0.8745 0.7843 0.7412
v -0.026611 0.912109 0.027588 0.6863 0.5176 0.4196
v 0.026611 0.912109 0.027588 0.7490 0.5569 0.4432
v -0.027100 0.913086 0.027588 0.6667 0.5098 0.4314
v 0.027100 0.913086 0.027588 0.7294 0.5490 0.4510
v -0.030029 0.916504 0.027588 0.5019 0.3529 0.2627
v 0.030029 0.916504 0.027588 0.6706 0.4667 0.3490
v -0.031494 0.923828 0.027588 0.0235 0.0235 0.0314
v 0.031494 0.923828 0.027588 0.0980 0.0706 0.0627
v -0.032959 0.940918 0.027588 0.0353 0.0235 0.0118
v 0.035889 0.954590 0.027588 0.0588 0.0392 0.0275
v -0.037354 0.955078 0.027588 0.0275 0.0235 0.0157
v -0.037354 0.955566 0.027588 0.0549 0.0431 0.0275
v -0.033936 0.963379 0.027588 0.0863 0.0510 0.0353
v 0.017334 0.972168 0.027588 0.0353 0.0275 0.0118
v -0.034424 0.976562 0.027588 0.0196 0.0157 0.0039
v -0.094971 0.363281 0.027588 0.7098 0.4902 0.3529
v 0.094971 0.363281 0.027588 0.7255 0.4941 0.3608
v -0.113525 0.041504 0.027588 0.0667 0.2627 0.1255
v 0.072021 0.624023 0.028076 0.6706 0.6745 0.6941
v -0.075439 0.799805 0.028076 0.5137 0.4941 0.4784
v 0.075439 0.799805 0.028076 0.5412 0.5451 0.5294
v -0.039307 0.810059 0.028076 0.7176 0.4980 0.3686
v 0.039307 0.810059 0.028076 0.7843 0.5176 0.3921
v 0.000244 0.851074 0.028076 0.5451 0.3412 0.2392
v -0.003662 0.851562 0.028076 0.5490 0.3294 0.2275
v 0.003662 0.851562 0.028076 0.5530 0.3372 0.2353
v -0.010010 0.867188 0.028076 0.7412 0.5137 0.4235
v -0.019287 0.867188 0.028076 0.7294 0.4980 0.3843
v 0.010010 0.867188 0.028076 0.7412 0.5216 0.4314
v 0.019287 0.867188 0.028076 0.7059 0.4941 0.3843
v -0.011963 0.868652 0.028076 0.7294 0.5176 0.4157
v 0.011963 0.868652 0.028076 0.7372 0.5176 0.4157
v -0.006104 0.875977 0.028076 0.6000 0.3804 0.3216
v 0.006104 0.875977 0.028076 0.6000 0.3725 0.3294
v -0.028076 0.902832 0.028076 0.7608 0.5569 0.4314
v 0.028076 0.902832 0.028076 0.7764 0.5451 0.4157
v -0.023682 0.908203 0.028076 0.8274 0.7020 0.6276
v 0.023682 0.908203 0.028076 0.8313 0.6941 0.6157
v -0.026123 0.910156 0.028076 0.7176 0.5451 0.4392
v 0.026123 0.910156 0.028076 0.7764 0.5647 0.4510
v -0.025146 0.910645 0.028076 0.6745 0.5137 0.4118
v 0.025146 0.910645 0.028076 0.7216 0.5333 0.4157
v -0.026611 0.912109 0.028076 0.6902 0.5373 0.4589
v 0.026611 0.912109 0.028076 0.7490 0.5647 0.4550
v -0.026123 0.913574 0.028076 0.5725 0.4275 0.3451
v 0.026123 0.913574 0.028076 0.6706 0.5137 0.4275
v -0.026611 0.914062 0.028076 0.5961 0.4589 0.3843
v 0.026611 0.914062 0.028076 0.7098 0.5294 0.4353
v -0.027100 0.914551 0.028076 0.5764 0.4432 0.3843
v -0.027588 0.914551 0.028076 0.5961 0.4589 0.4000
v 0.027100 0.914551 0.028076 0.7098 0.5176 0.4157
v 0.027588 0.914551 0.028076 0.6980 0.5059 0.3843
v -0.028564 0.915527 0.028076 0.5294 0.3921 0.3216
v 0.028564 0.915527 0.028076 0.6824 0.4823 0.3647
v -0.025146 0.916504 0.028076 0.5961 0.5294 0.4902
v 0.025146 0.916504 0.028076 0.6236 0.5255 0.4745
v -0.023682 0.919434 0.028076 0.6550 0.6118 0.5725
v 0.023682 0.919434 0.028076 0.6980 0.6432 0.6118
v 0.033936 0.936523 0.028076 0.0275 0.0235 0.0157
v 0.033936 0.937012 0.028076 0.0314 0.0275 0.0196
v -0.029053 0.939453 0.028076 0.0431 0.0314 0.0235
v -0.031494 0.940430 0.028076 0.0431 0.0314 0.0275
v -0.026123 0.940918 0.028076 0.0431 0.0275 0.0118
v 0.026123 0.940918 0.028076 0.0353 0.0196 0.0157
v 0.027588 0.942871 0.028076 0.0314 0.0314 0.0196
v -0.022217 0.948242 0.028076 0.6706 0.4432 0.3333
v 0.022217 0.948242 0.028076 0.6000 0.3843 0.2980
v 0.032959 0.958984 0.028076 0.0784 0.0510 0.0392
v -0.035400 0.960449 0.028076 0.0431 0.0275 0.0157
v 0.027100 0.961914 0.028076 0.0471 0.0392 0.0275
v -0.044678 0.965332 0.028076 0.0627 0.0431 0.0314
v -0.074463 0.608398 0.028564 0.4589 0.4667 0.4706
v -0.072021 0.624023 0.028564 0.6079 0.6118 0.6118
v -0.010010 0.853027 0.028564 0.5608 0.3568 0.2471
v 0.010010 0.853027 0.028564 0.5764 0.3725 0.2627
v -0.013428 0.856445 0.028564 0.6197 0.3765 0.2627
v 0.013428 0.856445 0.028564 0.6315 0.4275 0.3059
v -0.015381 0.860840 0.028564 0.7137 0.4823 0.3568
v 0.015381 0.860840 0.028564 0.7020 0.5019 0.3882
v -0.005127 0.865723 0.028564 0.7294 0.5137 0.4235
v 0.005127 0.865723 0.028564 0.7255 0.5019 0.4235
v 0.000244 0.869629 0.028564 0.8235 0.7490 0.7020
v -0.007568 0.870117 0.028564 0.6197 0.4784 0.4275
v 0.007568 0.870117 0.028564 0.7725 0.6706 0.6276
v -0.008057 0.872070 0.028564 0.8784 0.8274 0.7882
v 0.008057 0.872070 0.028564 0.8706 0.8274 0.7804
v -0.022217 0.877930 0.028564 0.7372 0.5255 0.4039
v 0.022217 0.877930 0.028564 0.7333 0.5137 0.4000
v -0.005127 0.888184 0.028564 0.6550 0.3765 0.3137
v 0.005127 0.888184 0.028564 0.6276 0.3529 0.2941
v -0.017822 0.905762 0.028564 0.9137 0.8784 0.8549
v -0.026611 0.905762 0.028564 0.7568 0.5647 0.4471
v 0.017822 0.905762 0.028564 0.8980 0.8745 0.8470
v 0.026611 0.905762 0.028564 0.7843 0.5569 0.4392
v -0.021240 0.906250 0.028564 0.8980 0.8313 0.7882
v 0.021240 0.906250 0.028564 0.8980 0.8431 0.8039
v -0.021729 0.910156 0.028564 0.8745 0.8196 0.7960
v 0.021729 0.910156 0.028564 0.8706 0.8039 0.7725
v -0.026123 0.913086 0.028564 0.6276 0.4745 0.4078
v 0.026123 0.913086 0.028564 0.7098 0.5490 0.4667
v -0.026123 0.913574 0.028564 0.6000 0.4628 0.3843
v 0.026123 0.913574 0.028564 0.7176 0.5412 0.4432
v -0.030518 0.919922 0.028564 0.6393 0.4745 0.3765
v 0.030518 0.919922 0.028564 0.5530 0.4275 0.3372
v -0.031494 0.920410 0.028564 0.6432 0.4745 0.3725
v 0.031494 0.920410 0.028564 0.3686 0.2627 0.2118
v -0.021240 0.920898 0.028564 0.7882 0.7490 0.7137
v 0.021240 0.920898 0.028564 0.7960 0.7608 0.7333
v -0.031982 0.921875 0.028564 0.5725 0.4432 0.3804
v 0.031982 0.921875 0.028564 0.0392 0.0118 0.0039
v -0.029541 0.924805 0.028564 0.0235 0.0118 0.0078
v 0.029541 0.924805 0.028564 0.4039 0.3098 0.2471
v 0.026611 0.938477 0.028564 0.2667 0.1725 0.1373
v -0.036377 0.940918 0.028564 0.0510 0.0314 0.0275
v -0.039795 0.943359 0.028564 0.0235 0.0196 0.0118
v -0.029053 0.979492 0.028564 0.0824 0.0745 0.0549
v -0.023682 0.980957 0.028564 0.0510 0.0392 0.0196
v -0.009033 0.986816 0.028564 0.0353 0.0118 0.0078
v -0.121826 0.046875 0.028564 0.0471 0.1412 0.0784
v 0.121826 0.046875 0.028564 0.1765 0.2353 0.2157
v 0.075439 0.608398 0.029053 0.5764 0.5843 0.5882
v -0.017334 0.864746 0.029053 0.7294 0.5059 0.3882
v 0.000244 0.864746 0.029053 0.7098 0.4902 0.4000
v 0.017334 0.864746 0.029053 0.7059 0.4941 0.3882
v -0.006592 0.868652 0.029053 0.6589 0.4667 0.4000
v 0.006592 0.868652 0.029053 0.6157 0.4118 0.3490
v -0.007568 0.875000 0.029053 0.6039 0.4314 0.3804
v -0.015381 0.875000 0.029053 0.7686 0.6000 0.4823
v 0.007568 0.875000 0.029053 0.6393 0.5019 0.4510
v 0.015381 0.875000 0.029053 0.7882 0.5882 0.4784
v -0.008545 0.875488 0.029053 0.7490 0.6157 0.5725
v 0.008545 0.875488 0.029053 0.7843 0.6628 0.6118
v -0.008545 0.875977 0.029053 0.6432 0.4353 0.3843
v 0.008545 0.875977 0.029053 0.6667 0.4706 0.4118
v -0.008057 0.879395 0.029053 0.7059 0.5451 0.4784
v 0.008057 0.879395 0.029053 0.7412 0.5961 0.5176
v -0.012451 0.882812 0.029053 0.7333 0.5843 0.4902
v 0.012451 0.882812 0.029053 0.7294 0.5490 0.4628
v 0.000244 0.888672 0.029053 0.6393 0.3608 0.3019
v -0.025146 0.892090 0.029053 0.7451 0.5255 0.3961
v 0.024658 0.892090 0.029053 0.7412 0.4980 0.3765
v -0.014893 0.906250 0.029053 0.9176 0.8862 0.8706
v 0.014893 0.906250 0.029053 0.9058 0.8862 0.8627
v -0.025146 0.907715 0.029053 0.7412 0.5608 0.4510
v 0.025146 0.907715 0.029053 0.7804 0.5647 0.4432
v -0.010498 0.909668 0.029053 0.6589 0.5530 0.4784
v -0.020264 0.909668 0.029053 0.8666 0.8039 0.7764
v 0.010010 0.909668 0.029053 0.7333 0.6510 0.5804
v 0.020264 0.909668 0.029053 0.8588 0.8000 0.7647
v -0.025146 0.911133 0.029053 0.7176 0.5764 0.4941
v -0.025635 0.911133 0.029053 0.7020 0.5373 0.4432
v 0.025146 0.911133 0.029053 0.7490 0.5608 0.4432
v 0.025635 0.911133 0.029053 0.7529 0.5569 0.4392
v -0.014893 0.920898 0.029053 0.8274 0.7960 0.7843
v 0.014893 0.920898 0.029053 0.8313 0.7921 0.7804
v -0.017822 0.921875 0.029053 0.8353 0.8039 0.7764
v 0.017822 0.921875 0.029053 0.8274 0.7764 0.7608
v -0.030518 0.924805 0.029053 0.0196 0.0157 0.0196
v 0.030518 0.924805 0.029053 0.2039 0.1569 0.1255
v 0.032471 0.939941 0.029053 0.0667 0.0549 0.0392
v 0.036865 0.943359 0.029053 0.0745 0.0706 0.0588
v 0.016357 0.947266 0.029053 0.6354 0.4157 0.3098
v 0.020752 0.959961 0.029053 0.0745 0.0588 0.0510
v 0.019775 0.960449 0.029053 0.0745 0.0588 0.0471
v 0.024658 0.962891 0.029053 0.0706 0.0510 0.0392
v -0.038818 0.966797 0.029053 0.0275 0.0196 0.0118
v 0.015869 0.967773 0.029053 0.0431 0.0314 0.0196
v -0.068115 0.329590 0.029053 0.7020 0.4706 0.3451
v 0.068115 0.329590 0.029053 0.6863 0.4628 0.3294
v 0.077393 0.592773 0.029541 0.5569 0.5451 0.5608
v -0.089111 0.774414 0.029541 0.5961 0.4196 0.3529
v 0.089111 0.774414 0.029541 0.6785 0.4863 0.3765
v -0.019287 0.871094 0.029541 0.7216 0.5176 0.3961
v 0.019287 0.871094 0.029541 0.7216 0.5059 0.3882
v -0.019775 0.874023 0.029541 0.7255 0.5255 0.4118
v -0.003174 0.875977 0.029541 0.6157 0.3882 0.3451
v 0.003174 0.875977 0.029541 0.5921 0.3647 0.3294
v -0.021729 0.881348 0.029541 0.7451 0.5294 0.4039
v 0.021729 0.881836 0.029541 0.7412 0.5137 0.3961
v -0.012451 0.908203 0.029541 0.9098 0.8549 0.8117
v 0.012451 0.908203 0.029541 0.9019 0.8549 0.8274
v -0.018311 0.909180 0.029541 0.8470 0.8039 0.7686
v -0.024658 0.909180 0.029541 0.7176 0.5451 0.4314
v 0.016846 0.909180 0.029541 0.8588 0.8000 0.7686
v 0.018311 0.909180 0.029541 0.8627 0.8039 0.7686
v 0.024658 0.909180 0.029541 0.7764 0.5569 0.4432
v -0.011963 0.909668 0.029541 0.6589 0.5569 0.4941
v 0.011963 0.909668 0.029541 0.7020 0.6157 0.5569
v -0.010498 0.910645 0.029541 0.8117 0.7608 0.7294
v 0.010498 0.910645 0.029541 0.8157 0.7608 0.7294
v -0.010010 0.913574 0.029541 0.8509 0.8274 0.8078
v 0.010010 0.913574 0.029541 0.8588 0.8392 0.8313
v -0.025146 0.914551 0.029541 0.5764 0.4784 0.4392
v 0.025146 0.914551 0.029541 0.6785 0.5098 0.4118
v -0.025635 0.915039 0.029541 0.6079 0.5530 0.5333
v 0.025635 0.915039 0.029541 0.6785 0.4980 0.3961
v -0.010498 0.916504 0.029541 0.8431 0.8235 0.8078
v 0.010498 0.916504 0.029541 0.8588 0.8353 0.8235
v -0.012451 0.919434 0.029541 0.8353 0.8039 0.7921
v 0.012451 0.919434 0.029541 0.8313 0.8157 0.8000
v -0.028564 0.929199 0.029541 0.6980 0.5530 0.4432
v 0.028564 0.929199 0.029541 0.7960 0.6039 0.4863
v -0.031494 0.937500 0.029541 0.0549 0.0392 0.0235
v 0.031982 0.937988 0.029541 0.0706 0.0510 0.0431
v -0.034424 0.938965 0.029541 0.0745 0.0471 0.0235
v -0.023193 0.941895 0.029541 0.1647 0.1137 0.0980
v -0.038330 0.942383 0.029541 0.0314 0.0235 0.0157
v -0.017334 0.945801 0.029541 0.6550 0.4432 0.3490
v 0.017822 0.960449 0.029541 0.0314 0.0196 0.0039
v 0.022705 0.962402 0.029541 0.0471 0.0353 0.0157
v -0.032959 0.965332 0.029541 0.0471 0.0314 0.0196
v -0.076904 0.336426 0.029541 0.6706 0.4510 0.3216
v 0.076904 0.336426 0.029541 0.6706 0.4471 0.3294
v -0.161865 0.030762 0.029541 0.0549 0.2745 0.1294
v 0.161865 0.030762 0.029541 0.0824 0.2980 0.1569
v -0.077881 0.592773 0.030029 0.6667 0.6354 0.6628
v -0.084717 0.787109 0.030029 0.5490 0.4196 0.3686
v 0.084717 0.787109 0.030029 0.7059 0.4902 0.3804
v 0.000244 0.793945 0.030029 0.7412 0.4941 0.3568
v -0.063232 0.801758 0.030029 0.0627 0.2471 0.1373
v 0.063232 0.801758 0.030029 0.0000 0.2078 0.0902
v -0.017822 0.868652 0.030029 0.7137 0.5059 0.3843
v 0.017822 0.868652 0.030029 0.7137 0.5019 0.3921
v -0.010986 0.872070 0.030029 0.7412 0.5373 0.4471
v 0.010986 0.872070 0.030029 0.7568 0.5686 0.4823
v -0.008057 0.872559 0.030029 0.8353 0.7725 0.7333
v 0.008057 0.872559 0.030029 0.8392 0.7764 0.7372
v 0.019775 0.874023 0.030029 0.7412 0.5176 0.4000
v -0.014404 0.875000 0.030029 0.7490 0.5882 0.4784
v 0.014404 0.875000 0.030029 0.7725 0.5843 0.4784
v -0.010986 0.875488 0.030029 0.7843 0.6276 0.5530
v 0.010986 0.875488 0.030029 0.7412 0.5725 0.4902
v -0.010986 0.875977 0.030029 0.7804 0.6393 0.5804
v 0.010986 0.875977 0.030029 0.6941 0.5137 0.4471
v -0.013916 0.879883 0.030029 0.7882 0.6471 0.5333
v 0.013916 0.879883 0.030029 0.7725 0.5882 0.4784
v -0.007080 0.883301 0.030029 0.6706 0.4275 0.3529
v 0.007080 0.883301 0.030029 0.6550 0.4235 0.3451
v -0.017334 0.909180 0.030029 0.8353 0.7764 0.7412
v -0.013428 0.909668 0.030029 0.6706 0.5608 0.5059
v -0.015381 0.909668 0.030029 0.7333 0.6550 0.6039
v 0.013428 0.909668 0.030029 0.7490 0.6471 0.5843
v 0.015381 0.909668 0.030029 0.8000 0.7137 0.6628
v -0.024170 0.910156 0.030029 0.7059 0.5569 0.4667
v 0.024170 0.910645 0.030029 0.7608 0.5725 0.4550
v -0.025146 0.913574 0.030029 0.5530 0.4314 0.3725
v 0.025146 0.913574 0.030029 0.6941 0.5373 0.4432
v -0.026123 0.915527 0.030029 0.7020 0.6667 0.6510
v 0.026123 0.915527 0.030029 0.6785 0.4980 0.3921
v -0.030029 0.919922 0.030029 0.6236 0.4667 0.3647
v 0.030029 0.919922 0.030029 0.6118 0.4432 0.3451
v -0.030029 0.920410 0.030029 0.5921 0.4314 0.3294
v 0.030029 0.920410 0.030029 0.6276 0.4353 0.3294
v 0.030518 0.920410 0.030029 0.4628 0.3098 0.2471
v -0.028564 0.926270 0.030029 0.0902 0.0549 0.0471
v 0.028564 0.926270 0.030029 0.7529 0.6039 0.5059
v 0.023193 0.943848 0.030029 0.1647 0.1059 0.0863
v 0.020752 0.947754 0.030029 0.5725 0.3765 0.2823
v -0.038330 0.948730 0.030029 0.0510 0.0431 0.0275
v 0.035889 0.948730 0.030029 0.0627 0.0510 0.0353
v 0.031494 0.958008 0.030029 0.0510 0.0510 0.0196
v 0.016846 0.965332 0.030029 0.0235 0.0196 0.0118
v -0.035400 0.968262 0.030029 0.0196 0.0196 0.0118
v 0.010986 0.980469 0.030029 0.0431 0.0275 0.0157
v 0.002197 0.984863 0.030029 0.0824 0.0549 0.0431
v -0.109619 0.404785 0.030029 0.6785 0.4471 0.3176
v 0.109619 0.404785 0.030029 0.7020 0.4667 0.3294
v -0.167236 0.022949 0.030029 0.0235 0.2471 0.1020
v 0.167236 0.022949 0.030029 0.0196 0.2471 0.0902
v -0.135986 0.001953 0.030029 0.0392 0.2392 0.1098
v 0.135986 0.001953 0.030029 0.0275 0.2275 0.1020
v -0.050049 0.809082 0.030518 0.4471 0.5098 0.4863
v 0.050049 0.809082 0.030518 0.1412 0.2863 0.1647
v -0.045654 0.811035 0.030518 0.4039 0.3333 0.2863
v 0.045654 0.811035 0.030518 0.5216 0.5137 0.4745
v -0.007080 0.852051 0.030518 0.5804 0.3725 0.2588
v 0.007080 0.852051 0.030518 0.5725 0.3608 0.2510
v -0.014893 0.862305 0.030518 0.7294 0.5098 0.3882
v 0.014893 0.862305 0.030518 0.7020 0.5098 0.3921
v -0.013916 0.871582 0.030518 0.7451 0.5451 0.4392
v 0.013916 0.871582 0.030518 0.7529 0.5530 0.4392
v 0.000244 0.875488 0.030518 0.5921 0.3686 0.3255
v -0.020264 0.876465 0.030518 0.7294 0.5294 0.4157
v 0.020264 0.876465 0.030518 0.7372 0.5137 0.4000
v -0.010986 0.879395 0.030518 0.8313 0.7294 0.6785
v 0.010986 0.879395 0.030518 0.8627 0.7686 0.7059
v -0.025635 0.896973 0.030518 0.7568 0.5451 0.4118
v 0.025635 0.896973 0.030518 0.7608 0.5059 0.3804
v -0.025146 0.901367 0.030518 0.7608 0.5608 0.4314
v 0.025146 0.901367 0.030518 0.7804 0.5412 0.4078
v -0.024170 0.904297 0.030518 0.7725 0.5764 0.4589
v 0.024170 0.904297 0.030518 0.7882 0.5569 0.4314
v -0.023193 0.906738 0.030518 0.7529 0.5647 0.4550
v 0.023193 0.906738 0.030518 0.7843 0.5686 0.4471
v -0.022217 0.909668 0.030518 0.7294 0.5569 0.4589
v 0.022217 0.909668 0.030518 0.7647 0.5686 0.4628
v -0.024170 0.910156 0.030518 0.7098 0.5490 0.4510
v 0.024170 0.910156 0.030518 0.7647 0.5608 0.4471
v -0.023682 0.911621 0.030518 0.6432 0.4628 0.3765
v 0.023682 0.911621 0.030518 0.7255 0.5333 0.4039
v -0.023682 0.913574 0.030518 0.5137 0.3961 0.3490
v 0.023682 0.913574 0.030518 0.6354 0.5019 0.4235
v -0.023682 0.915527 0.030518 0.6393 0.6039 0.5843
v 0.023682 0.915527 0.030518 0.5255 0.4235 0.3647
v -0.027588 0.916016 0.030518 0.2314 0.1569 0.1255
v 0.027588 0.916016 0.030518 0.6824 0.4941 0.3804
v -0.022217 0.917480 0.030518 0.5686 0.5255 0.4941
v 0.022217 0.917480 0.030518 0.6000 0.5333 0.5019
v -0.029053 0.917969 0.030518 0.4235 0.2941 0.2157
v 0.029053 0.917969 0.030518 0.6471 0.4628 0.3529
v -0.030518 0.920410 0.030518 0.6236 0.4628 0.3529
v 0.030518 0.920410 0.030518 0.4941 0.3451 0.2745
v -0.031006 0.922852 0.030518 0.5059 0.3843 0.3216
v 0.031006 0.922852 0.030518 0.0314 0.0157 0.0078
v 0.033447 0.942871 0.030518 0.0431 0.0353 0.0196
v -0.035400 0.943848 0.030518 0.0118 0.0078 0.0000
v -0.017334 0.949219 0.030518 0.6667 0.4275 0.3216
v 0.017334 0.949219 0.030518 0.6118 0.4000 0.2902
v 0.034424 0.953613 0.030518 0.0784 0.0549 0.0431
v -0.003174 0.851562 0.031006 0.5725 0.3647 0.2667
v 0.003174 0.851562 0.031006 0.5725 0.3608 0.2510
v -0.012939 0.858887 0.031006 0.6941 0.4667 0.3372
v 0.012939 0.858887 0.031006 0.6902 0.4902 0.3765
v -0.015869 0.866211 0.031006 0.7176 0.5098 0.3882
v 0.015869 0.866211 0.031006 0.7059 0.5019 0.3882
v -0.004150 0.869629 0.031006 0.6510 0.4745 0.4078
v 0.004150 0.869629 0.031006 0.6589 0.4863 0.4275
v -0.017822 0.872070 0.031006 0.7333 0.5294 0.4196
v 0.017822 0.872070 0.031006 0.7294 0.5137 0.3961
v -0.018311 0.874023 0.031006 0.7333 0.5490 0.4275
v 0.018311 0.874023 0.031006 0.7412 0.5176 0.4000
v -0.013428 0.875000 0.031006 0.7490 0.5725 0.4667
v -0.014404 0.875000 0.031006 0.7529 0.5686 0.4510
v -0.014893 0.875000 0.031006 0.7568 0.5686 0.4550
v 0.013428 0.875000 0.031006 0.7608 0.5764 0.4628
v 0.014404 0.875000 0.031006 0.7412 0.5451 0.4275
v 0.014893 0.875000 0.031006 0.7372 0.5373 0.4235
v -0.019775 0.879395 0.031006 0.7333 0.5333 0.4235
v 0.019775 0.879395 0.031006 0.7529 0.5294 0.4118
v -0.021729 0.888184 0.031006 0.7490 0.5333 0.4118
v 0.021729 0.888184 0.031006 0.7490 0.5098 0.3882
v -0.018311 0.907715 0.031006 0.8196 0.7098 0.6432
v 0.018311 0.907715 0.031006 0.8392 0.7216 0.6432
v -0.015869 0.908203 0.031006 0.8196 0.7490 0.6941
v -0.020264 0.908203 0.031006 0.7568 0.6079 0.5216
v -0.022705 0.908203 0.031006 0.7412 0.5569 0.4471
v 0.015869 0.908203 0.031006 0.8431 0.7647 0.7098
v 0.020264 0.908203 0.031006 0.7882 0.6354 0.5255
v 0.022705 0.908203 0.031006 0.7764 0.5647 0.4432
v -0.023682 0.915039 0.031006 0.7647 0.7412 0.7294
v 0.023682 0.915039 0.031006 0.6471 0.4784 0.3804
v -0.023682 0.915527 0.031006 0.7568 0.7372 0.7216
v 0.023682 0.915527 0.031006 0.6354 0.4628 0.3686
v -0.020264 0.918945 0.031006 0.5569 0.5059 0.4745
v 0.020264 0.918945 0.031006 0.6157 0.5725 0.5490
v -0.018311 0.919434 0.031006 0.5843 0.5373 0.5137
v 0.018311 0.919434 0.031006 0.6941 0.6589 0.6471
v -0.029541 0.926270 0.031006 0.0863 0.0510 0.0431
v 0.029541 0.926270 0.031006 0.6589 0.5333 0.4667
v 0.029053 0.932617 0.031006 0.4432 0.2980 0.2314
v -0.025635 0.935059 0.031006 0.6628 0.4432 0.3294
v 0.025635 0.935059 0.031006 0.6000 0.4157 0.3294
v -0.025635 0.939941 0.031006 0.0510 0.0196 0.0196
v -0.035889 0.954590 0.031006 0.0980 0.0745 0.0549
v -0.033447 0.959473 0.031006 0.0980 0.0784 0.0667
v 0.027588 0.960938 0.031006 0.0667 0.0431 0.0314
v 0.018311 0.963379 0.031006 0.0235 0.0078 0.0078
v -0.031494 0.963867 0.031006 0.0431 0.0353 0.0275
v -0.027588 0.977051 0.031006 0.0863 0.0706 0.0549
v -0.053955 0.339844 0.031006 0.7216 0.4745 0.3372
v 0.053955 0.339844 0.031006 0.6941 0.4706 0.3529
v -0.010498 0.806641 0.031494 0.7333 0.4941 0.3725
v 0.010498 0.806641 0.031494 0.7294 0.5019 0.3686
v 0.000244 0.851562 0.031494 0.5764 0.3647 0.2549
v -0.010498 0.854980 0.031494 0.6236 0.4196 0.2980
v 0.010498 0.854980 0.031494 0.6157 0.4157 0.2902
v -0.016357 0.869629 0.031494 0.7176 0.5137 0.3921
v 0.016357 0.869629 0.031494 0.7255 0.5137 0.4039
v -0.005615 0.872070 0.031494 0.6079 0.4392 0.3843
v 0.005615 0.872070 0.031494 0.6354 0.4863 0.4235
v -0.016357 0.872559 0.031494 0.7451 0.5412 0.4235
v 0.016357 0.872559 0.031494 0.7333 0.5216 0.4078
v -0.013428 0.874023 0.031494 0.7490 0.5647 0.4667
v -0.015869 0.874023 0.031494 0.7412 0.5608 0.4314
v -0.016846 0.874023 0.031494 0.7568 0.5608 0.4471
v 0.013428 0.874023 0.031494 0.7568 0.5686 0.4706
v 0.015869 0.874023 0.031494 0.7451 0.5333 0.4196
v 0.016846 0.874023 0.031494 0.7412 0.5176 0.4118
v -0.014893 0.874512 0.031494 0.7529 0.5608 0.4432
v -0.015381 0.874512 0.031494 0.7490 0.5647 0.4471
v 0.014893 0.874512 0.031494 0.7490 0.5373 0.4235
v 0.015381 0.874512 0.031494 0.7490 0.5333 0.4196
v -0.007568 0.875000 0.031494 0.6589 0.4941 0.4275
v -0.013428 0.875000 0.031494 0.7451 0.5569 0.4432
v -0.015381 0.875000 0.031494 0.7490 0.5647 0.4510
v -0.015869 0.875000 0.031494 0.7490 0.5608 0.4510
v 0.007568 0.875000 0.031494 0.7255 0.5764 0.5176
v 0.013428 0.875000 0.031494 0.7568 0.5686 0.4550
v 0.015381 0.875000 0.031494 0.7412 0.5294 0.4196
v 0.015869 0.875000 0.031494 0.7412 0.5255 0.4157
v -0.007568 0.875488 0.031494 0.6667 0.4823 0.4235
v -0.018311 0.875488 0.031494 0.7412 0.5451 0.4392
v 0.007568 0.875488 0.031494 0.6941 0.5216 0.4628
v 0.018311 0.875488 0.031494 0.7451 0.5216 0.4039
v -0.020264 0.884277 0.031494 0.7568 0.5490 0.4275
v 0.020264 0.884766 0.031494 0.7412 0.5176 0.4000
v 0.022217 0.892090 0.031494 0.7529 0.5059 0.3765
v -0.022217 0.892578 0.031494 0.7608 0.5412 0.4118
v -0.021729 0.903809 0.031494 0.7725 0.5725 0.4510
v 0.021729 0.903809 0.031494 0.7804 0.5608 0.4314
v -0.021240 0.906250 0.031494 0.7568 0.5686 0.4589
v 0.021240 0.906250 0.031494 0.7725 0.5608 0.4392
v -0.010498 0.909180 0.031494 0.6785 0.4941 0.3921
v 0.010498 0.909180 0.031494 0.6785 0.5255 0.4275
v 0.022705 0.909180 0.031494 0.7725 0.5686 0.4471
v -0.010498 0.909668 0.031494 0.6824 0.5176 0.4314
v -0.011963 0.909668 0.031494 0.6824 0.5216 0.4235
v -0.014404 0.909668 0.031494 0.6941 0.5764 0.4980
v -0.022705 0.909668 0.031494 0.7294 0.5530 0.4550
v 0.010498 0.909668 0.031494 0.6471 0.5373 0.4510
v 0.011963 0.909668 0.031494 0.7176 0.5764 0.4784
v 0.014404 0.909668 0.031494 0.7490 0.6432 0.5725
v 0.022705 0.909668 0.031494 0.7725 0.5804 0.4667
v -0.010498 0.910156 0.031494 0.6628 0.5019 0.4078
v 0.010498 0.910156 0.031494 0.6315 0.5176 0.4157
v -0.012939 0.911621 0.031494 0.6236 0.5176 0.4432
v 0.012939 0.911621 0.031494 0.6276 0.5137 0.4432
v -0.012451 0.913574 0.031494 0.5647 0.5019 0.4628
v -0.023682 0.913574 0.031494 0.4902 0.4039 0.3608
v 0.012451 0.913574 0.031494 0.5019 0.4392 0.3961
v 0.023682 0.913574 0.031494 0.6706 0.5176 0.4314
v -0.023682 0.914062 0.031494 0.6354 0.5725 0.5608
v 0.023682 0.914062 0.031494 0.6706 0.5059 0.4118
v -0.012939 0.915527 0.031494 0.6393 0.6039 0.5764
v 0.012939 0.915527 0.031494 0.6393 0.6079 0.5843
v -0.024170 0.916016 0.031494 0.7098 0.6902 0.6745
v 0.024170 0.916016 0.031494 0.5961 0.4510 0.3608
v -0.014404 0.917480 0.031494 0.6315 0.6000 0.5686
v 0.014404 0.917480 0.031494 0.6706 0.6550 0.6432
v -0.016357 0.918945 0.031494 0.5530 0.5176 0.4902
v 0.016357 0.918945 0.031494 0.6315 0.6157 0.5804
v -0.027100 0.927734 0.031494 0.2432 0.1843 0.1451
v 0.027100 0.927734 0.031494 0.6745 0.5294 0.4392
v -0.034424 0.932129 0.031494 0.1490 0.1216 0.0941
v -0.036377 0.932617 0.031494 0.3019 0.2353 0.1961
v 0.025146 0.938965 0.031494 0.1294 0.0863 0.0667
v 0.010498 0.975098 0.031494 0.0627 0.0431 0.0353
v -0.013428 0.979980 0.031494 0.0549 0.0510 0.0431
v -0.016846 0.985840 0.031494 0.0510 0.0471 0.0314
v -0.076416 0.345215 0.031494 0.7020 0.4745 0.3451
v 0.076416 0.345215 0.031494 0.6863 0.4667 0.3372
v -0.101807 0.011230 0.031494 0.1098 0.2667 0.1725
v 0.101807 0.011230 0.031494 0.3843 0.4863 0.4275
v -0.085693 0.772949 0.031982 0.6745 0.6393 0.6197
v 0.085693 0.772949 0.031982 0.6236 0.5294 0.4667
v -0.080811 0.786133 0.031982 0.6471 0.6079 0.6000
v 0.080811 0.786133 0.031982 0.5059 0.4314 0.3804
v -0.024170 0.809082 0.031982 0.7412 0.5098 0.3843
v 0.024170 0.809082 0.031982 0.7372 0.5059 0.3804
v -0.013916 0.864258 0.031982 0.7412 0.5490 0.4314
v 0.013916 0.864258 0.031982 0.7059 0.5137 0.3961
v 0.000244 0.869141 0.031982 0.6393 0.4432 0.3804
v -0.011475 0.870605 0.031982 0.7294 0.5176 0.4157
v 0.011475 0.870605 0.031982 0.7451 0.5451 0.4392
v -0.014893 0.873047 0.031982 0.7608 0.5451 0.4235
v 0.014893 0.873047 0.031982 0.7412 0.5373 0.4235
v -0.003662 0.874512 0.031982 0.5921 0.3686 0.3176
v -0.013428 0.874512 0.031982 0.7529 0.5608 0.4353
v 0.003662 0.874512 0.031982 0.6157 0.4118 0.3568
v 0.013428 0.874512 0.031982 0.7608 0.5530 0.4432
v -0.013916 0.875000 0.031982 0.7451 0.5608 0.4510
v -0.016846 0.875000 0.031982 0.7568 0.5569 0.4589
v 0.013916 0.875000 0.031982 0.7412 0.5530 0.4314
v 0.016846 0.875000 0.031982 0.7372 0.5216 0.4157
v -0.011475 0.875488 0.031982 0.7412 0.5530 0.4510
v 0.011475 0.875488 0.031982 0.7647 0.5882 0.4902
v -0.022705 0.896973 0.031982 0.7686 0.5490 0.4275
v 0.022705 0.896973 0.031982 0.7764 0.5294 0.4000
v -0.022217 0.900879 0.031982 0.7764 0.5686 0.4432
v 0.022217 0.900879 0.031982 0.7843 0.5490 0.4157
v -0.018799 0.905762 0.031982 0.7568 0.5764 0.4667
v 0.018799 0.905762 0.031982 0.7804 0.5725 0.4510
v -0.020752 0.907715 0.031982 0.7412 0.5569 0.4471
v 0.020752 0.907715 0.031982 0.7647 0.5686 0.4432
v -0.012939 0.908203 0.031982 0.7020 0.5333 0.4235
v 0.012939 0.908203 0.031982 0.7412 0.5530 0.4314
v -0.010010 0.908691 0.031982 0.6471 0.4784 0.3686
v -0.011475 0.908691 0.031982 0.6785 0.5098 0.3921
v 0.010010 0.908691 0.031982 0.7294 0.5490 0.4392
v 0.011475 0.908691 0.031982 0.7333 0.5569 0.4471
v -0.011475 0.909180 0.031982 0.6628 0.5059 0.4039
v 0.011475 0.909180 0.031982 0.7255 0.5608 0.4706
v -0.009033 0.909668 0.031982 0.6236 0.4510 0.3490
v -0.013428 0.909668 0.031982 0.6863 0.5373 0.4471
v 0.009033 0.909668 0.031982 0.6941 0.5176 0.4000
v 0.013428 0.909668 0.031982 0.7176 0.5725 0.4745
v -0.010010 0.910156 0.031982 0.6315 0.4628 0.3568
v 0.010010 0.910156 0.031982 0.6745 0.5255 0.4118
v -0.010986 0.910645 0.031982 0.6276 0.4706 0.3608
v -0.011475 0.910645 0.031982 0.6354 0.4941 0.4000
v -0.019775 0.910645 0.031982 0.6667 0.4980 0.4039
v 0.010986 0.910645 0.031982 0.6628 0.5137 0.4118
v 0.011475 0.910645 0.031982 0.6706 0.5373 0.4471
v 0.019775 0.910645 0.031982 0.7137 0.5412 0.4471
v -0.009521 0.911133 0.031982 0.5961 0.4392 0.3372
v -0.010498 0.911133 0.031982 0.6118 0.4510 0.3333
v 0.009521 0.911133 0.031982 0.6550 0.4706 0.3686
v 0.010498 0.911133 0.031982 0.6589 0.4823 0.3725
v -0.020752 0.911621 0.031982 0.6354 0.4706 0.3765
v 0.020752 0.911621 0.031982 0.6824 0.5059 0.4314
v -0.021240 0.912598 0.031982 0.5882 0.4550 0.3765
v 0.021240 0.912598 0.031982 0.6432 0.4941 0.4039
v -0.021240 0.913574 0.031982 0.5647 0.4628 0.4078
v 0.021240 0.913574 0.031982 0.5961 0.4784 0.3921
v -0.021240 0.914551 0.031982 0.5294 0.4589 0.4196
v 0.021240 0.914551 0.031982 0.5804 0.4863 0.4235
v -0.020752 0.915527 0.031982 0.3961 0.3568 0.3176
v 0.020752 0.915527 0.031982 0.4784 0.4275 0.3765
v -0.029053 0.920410 0.031982 0.5804 0.4235 0.3216
v 0.029053 0.920410 0.031982 0.4941 0.3294 0.2549
v -0.028564 0.924805 0.031982 0.4078 0.2863 0.2432
v 0.028564 0.924805 0.031982 0.4589 0.3451 0.2823
v 0.030518 0.933105 0.031982 0.0510 0.0353 0.0196
v 0.027100 0.933594 0.031982 0.3137 0.2000 0.1412
v -0.029053 0.937012 0.031982 0.0392 0.0314 0.0314
v -0.036865 0.940430 0.031982 0.0000 0.0078 0.0118
v -0.021729 0.941895 0.031982 0.3451 0.2078 0.1451
v 0.021729 0.941895 0.031982 0.1098 0.0588 0.0510
v -0.011475 0.946289 0.031982 0.6432 0.4235 0.3255
v -0.035889 0.947266 0.031982 0.0235 0.0196 0.0118
v 0.010986 0.947266 0.031982 0.6667 0.4432 0.3451
v 0.033447 0.948242 0.031982 0.0706 0.0627 0.0549
v 0.032471 0.952637 0.031982 0.0824 0.0627 0.0471
v 0.030518 0.956543 0.031982 0.0588 0.0431 0.0235
v -0.032471 0.973145 0.031982 0.0471 0.0275 0.0157
v -0.065186 0.625000 0.032471 0.6236 0.6315 0.6315
v 0.065186 0.625000 0.032471 0.6902 0.6863 0.7020
v -0.012451 0.860840 0.032471 0.7255 0.5255 0.4039
v 0.012451 0.860840 0.032471 0.7020 0.5059 0.4000
v -0.014893 0.867676 0.032471 0.7059 0.5059 0.3843
v 0.014893 0.867676 0.032471 0.7176 0.5059 0.3961
v -0.003174 0.868164 0.032471 0.6315 0.4392 0.3686
v 0.003174 0.868164 0.032471 0.6079 0.4118 0.3451
v -0.015381 0.871094 0.032471 0.7255 0.5255 0.4118
v 0.015381 0.871094 0.032471 0.7255 0.5255 0.4118
v -0.009033 0.871582 0.032471 0.7529 0.5725 0.4706
v 0.009033 0.871582 0.032471 0.7843 0.6039 0.5216
v -0.014404 0.873535 0.032471 0.7568 0.5412 0.4196
v 0.014404 0.873535 0.032471 0.7490 0.5490 0.4314
v -0.011963 0.874512 0.032471 0.7451 0.5608 0.4589
v -0.013916 0.874512 0.032471 0.7529 0.5530 0.4353
v 0.011963 0.874512 0.032471 0.7490 0.5647 0.4628
v 0.013916 0.874512 0.032471 0.7529 0.5490 0.4314
v -0.009033 0.875000 0.032471 0.7843 0.6510 0.5804
v 0.009033 0.875000 0.032471 0.7294 0.5647 0.4823
v -0.014404 0.875488 0.032471 0.7372 0.5530 0.4432
v 0.014404 0.875488 0.032471 0.7333 0.5333 0.4196
v -0.018311 0.877441 0.032471 0.6118 0.4157 0.3176
v 0.018311 0.877441 0.032471 0.7451 0.5294 0.4118
v -0.006104 0.878906 0.032471 0.7725 0.6197 0.5530
v 0.006104 0.878906 0.032471 0.7804 0.6550 0.5882
v -0.018311 0.881836 0.032471 0.7451 0.5530 0.4353
v 0.018311 0.881836 0.032471 0.7529 0.5373 0.4196
v -0.019287 0.903320 0.032471 0.7647 0.5764 0.4510
v 0.019287 0.903320 0.032471 0.7804 0.5647 0.4432
v -0.014893 0.906250 0.032471 0.7490 0.5608 0.4550
v -0.016846 0.906250 0.032471 0.7529 0.5725 0.4589
v 0.014893 0.906250 0.032471 0.7529 0.5686 0.4392
v 0.016846 0.906250 0.032471 0.7725 0.5608 0.4471
v -0.012939 0.906738 0.032471 0.7294 0.5451 0.4432
v 0.012939 0.906738 0.032471 0.7529 0.5608 0.4510
v -0.010986 0.907227 0.032471 0.6902 0.5137 0.3961
v 0.010986 0.907227 0.032471 0.7490 0.5725 0.4510
v -0.018799 0.907715 0.032471 0.7333 0.5530 0.4432
v 0.018799 0.907715 0.032471 0.7490 0.5569 0.4392
v -0.014893 0.908203 0.032471 0.7255 0.5412 0.4510
v 0.014893 0.908203 0.032471 0.7372 0.5490 0.4471
v -0.013428 0.909180 0.032471 0.6902 0.5333 0.4392
v -0.020752 0.909180 0.032471 0.7372 0.5569 0.4589
v 0.013428 0.909180 0.032471 0.7255 0.5530 0.4432
v 0.020752 0.909180 0.032471 0.7608 0.5804 0.4589
v -0.015381 0.909668 0.032471 0.6980 0.5490 0.4510
v -0.020752 0.909668 0.032471 0.7372 0.5725 0.4784
v 0.015381 0.909668 0.032471 0.7255 0.5804 0.4902
v -0.017334 0.910645 0.032471 0.6550 0.5019 0.4118
v -0.018311 0.910645 0.032471 0.6589 0.5137 0.4157
v 0.017334 0.910645 0.032471 0.6941 0.5294 0.4432
v 0.018311 0.910645 0.032471 0.6980 0.5333 0.4392
v -0.011963 0.911621 0.032471 0.5921 0.4510 0.3451
v -0.012451 0.911621 0.032471 0.6039 0.4745 0.3843
v -0.016357 0.911621 0.032471 0.6157 0.4628 0.3882
v 0.011963 0.911621 0.032471 0.6118 0.4550 0.3686
v 0.012451 0.911621 0.032471 0.6079 0.4706 0.3961
v 0.016357 0.911621 0.032471 0.6315 0.4902 0.4000
v -0.011475 0.912109 0.032471 0.5804 0.4392 0.3529
v 0.011475 0.912109 0.032471 0.6000 0.4275 0.3372
v -0.010986 0.912598 0.032471 0.5804 0.4235 0.3294
v -0.015381 0.912598 0.032471 0.5725 0.4667 0.3961
v 0.010986 0.912598 0.032471 0.5686 0.4275 0.3255
v 0.015381 0.912598 0.032471 0.5569 0.4314 0.3568
v -0.015381 0.913574 0.032471 0.4902 0.4000 0.3294
v 0.015381 0.913574 0.032471 0.4784 0.3921 0.3412
v -0.015381 0.914551 0.032471 0.4353 0.3608 0.3137
v 0.015381 0.914551 0.032471 0.4000 0.3333 0.2902
v -0.016357 0.915527 0.032471 0.4078 0.3451 0.3059
v -0.021729 0.915527 0.032471 0.4392 0.3608 0.3137
v 0.016357 0.915527 0.032471 0.3686 0.3372 0.3019
v 0.021729 0.915527 0.032471 0.5725 0.4471 0.3921
v -0.021729 0.916016 0.032471 0.3961 0.3137 0.2706
v 0.021729 0.916016 0.032471 0.5216 0.4275 0.3686
v -0.017334 0.916504 0.032471 0.3176 0.2706 0.2353
v -0.018311 0.916504 0.032471 0.2980 0.2667 0.2235
v -0.019775 0.916504 0.032471 0.3137 0.2863 0.2471
v 0.017334 0.916504 0.032471 0.4628 0.4353 0.4000
v 0.018311 0.916504 0.032471 0.4118 0.3961 0.3568
v 0.019775 0.916504 0.032471 0.3804 0.3529 0.3098
v -0.025635 0.916992 0.032471 0.1137 0.0902 0.0745
v 0.025635 0.916992 0.032471 0.5647 0.4039 0.3059
v -0.029541 0.920898 0.032471 0.5764 0.4157 0.3255
v 0.029541 0.920898 0.032471 0.3765 0.2471 0.1922
v -0.030518 0.923340 0.032471 0.3019 0.2157 0.1765
v 0.030518 0.923340 0.032471 0.0353 0.0275 0.0078
v -0.028564 0.927246 0.032471 0.3176 0.2235 0.1882
v -0.037354 0.927246 0.032471 0.0784 0.0667 0.0431
v 0.028564 0.927246 0.032471 0.5019 0.4039 0.3490
v -0.012939 0.949219 0.032471 0.6354 0.4157 0.3176
v 0.012939 0.949219 0.032471 0.6354 0.4157 0.3137
v 0.022217 0.956055 0.032471 0.1059 0.0863 0.0745
v 0.026123 0.959473 0.032471 0.0824 0.0667 0.0471
v -0.037842 0.968262 0.032471 0.0196 0.0157 0.0196
v 0.010010 0.968262 0.032471 0.0588 0.0431 0.0314
v -0.016846 0.979004 0.032471 0.0863 0.0667 0.0510
v -0.014893 0.988770 0.032471 0.0667 0.0549 0.0353
v -0.107666 0.422852 0.032471 0.6980 0.4550 0.3176
v 0.107666 0.422852 0.032471 0.7059 0.4589 0.3294
v -0.156006 0.035156 0.032471 0.0314 0.1922 0.0863
v 0.156006 0.035156 0.032471 0.0667 0.2706 0.1294
v -0.070557 0.729004 0.032959 0.0235 0.1882 0.0941
v 0.070557 0.729004 0.032959 0.0275 0.2078 0.0980
v -0.007568 0.854004 0.032959 0.6276 0.4118 0.2980
v 0.007568 0.854004 0.032959 0.6079 0.4000 0.2823
v 0.000244 0.868164 0.032959 0.6079 0.4157 0.3490
v -0.009033 0.870117 0.032959 0.7137 0.5098 0.4078
v 0.009033 0.870117 0.032959 0.7372 0.5569 0.4628
v -0.004150 0.872070 0.032959 0.5647 0.3568 0.2902
v 0.004150 0.872070 0.032959 0.5843 0.3882 0.3216
v 0.000244 0.874512 0.032959 0.6079 0.3882 0.3372
v -0.011963 0.875000 0.032959 0.7216 0.5333 0.4275
v 0.011963 0.875000 0.032959 0.7490 0.5608 0.4550
v -0.009033 0.875488 0.032959 0.8157 0.7059 0.6354
v -0.011475 0.875488 0.032959 0.7372 0.5451 0.4392
v -0.015381 0.875488 0.032959 0.7451 0.5569 0.4510
v 0.009033 0.875488 0.032959 0.8117 0.6980 0.6315
v 0.011475 0.875488 0.032959 0.7568 0.5647 0.4589
v 0.015381 0.875488 0.032959 0.7412 0.5294 0.4235
v -0.007080 0.875977 0.032959 0.7451 0.6118 0.5412
v 0.007080 0.875977 0.032959 0.7255 0.5882 0.5294
v -0.016846 0.876465 0.032959 0.6941 0.5019 0.3921
v 0.016846 0.876465 0.032959 0.7451 0.5255 0.4196
v -0.009033 0.878906 0.032959 0.7960 0.6980 0.6393
v 0.009033 0.878906 0.032959 0.8235 0.7294 0.6706
v -0.010986 0.881348 0.032959 0.7764 0.6118 0.5255
v 0.010986 0.881348 0.032959 0.7647 0.5804 0.4823
v -0.019775 0.900391 0.032959 0.7725 0.5647 0.4392
v 0.019775 0.900391 0.032959 0.7882 0.5569 0.4314
v -0.016846 0.903809 0.032959 0.7490 0.5686 0.4392
v 0.016846 0.903809 0.032959 0.7725 0.5686 0.4353
v -0.016846 0.907715 0.032959 0.7412 0.5647 0.4550
v 0.016846 0.907715 0.032959 0.7412 0.5530 0.4353
v -0.009033 0.908203 0.032959 0.6510 0.4823 0.3647
v 0.009033 0.908203 0.032959 0.7255 0.5490 0.4314
v 0.018799 0.908691 0.032959 0.7333 0.5490 0.4353
v -0.014893 0.909180 0.032959 0.7098 0.5373 0.4432
v -0.016846 0.909180 0.032959 0.6980 0.5608 0.4628
v -0.018799 0.909180 0.032959 0.7216 0.5686 0.4745
v 0.014893 0.909180 0.032959 0.7176 0.5530 0.4510
v 0.016846 0.909180 0.032959 0.7137 0.5569 0.4589
v 0.018799 0.909180 0.032959 0.7372 0.5686 0.4667
v 0.012939 0.913086 0.032959 0.5255 0.4118 0.3529
v 0.013428 0.913086 0.032959 0.5373 0.4157 0.3608
v -0.018311 0.913574 0.032959 0.5490 0.4471 0.3921
v 0.018311 0.913574 0.032959 0.5451 0.4471 0.3804
v -0.012451 0.914062 0.032959 0.4745 0.3529 0.2863
v -0.021729 0.914062 0.032959 0.5764 0.5216 0.4902
v 0.012451 0.914062 0.032959 0.4980 0.4118 0.3529
v 0.021729 0.914062 0.032959 0.5843 0.4667 0.4078
v -0.021729 0.914551 0.032959 0.5843 0.5333 0.5059
v 0.021729 0.914551 0.032959 0.5764 0.4550 0.3921
v -0.022217 0.916504 0.032959 0.3961 0.3372 0.3059
v 0.022217 0.916504 0.032959 0.4863 0.3804 0.3294
v -0.036377 0.926758 0.032959 0.0706 0.0510 0.0510
v -0.032959 0.931641 0.032959 0.0510 0.0275 0.0196
v -0.037842 0.933594 0.032959 0.0118 0.0039 0.0000
v -0.034424 0.953613 0.032959 0.0196 0.0157 0.0039
v 0.024170 0.958008 0.032959 0.0588 0.0431 0.0314
v -0.031982 0.958984 0.032959 0.0235 0.0157 0.0078
v -0.036865 0.965820 0.032959 0.0235 0.0157 0.0118
v -0.010498 0.856934 0.033447 0.6745 0.4706 0.3568
v 0.010498 0.856934 0.033447 0.6315 0.4314 0.3098
v -0.011475 0.863281 0.033447 0.7647 0.5804 0.4706
v 0.011475 0.863281 0.033447 0.7333 0.5373 0.4314
v 0.012451 0.866211 0.033447 0.7216 0.5176 0.4039
v -0.012451 0.866699 0.033447 0.7294 0.5373 0.4235
v -0.007568 0.868164 0.033447 0.7098 0.5098 0.4196
v 0.008057 0.868164 0.033447 0.7059 0.4980 0.4118
v -0.013916 0.869141 0.033447 0.7020 0.5019 0.3882
v 0.013916 0.869141 0.033447 0.7255 0.5137 0.4039
v -0.013916 0.872070 0.033447 0.7333 0.5255 0.4118
v 0.013916 0.872070 0.033447 0.7412 0.5412 0.4314
v -0.011963 0.875000 0.033447 0.7294 0.5451 0.4432
v 0.011963 0.875000 0.033447 0.7451 0.5412 0.4392
v -0.006104 0.875488 0.033447 0.7608 0.6118 0.5373
v -0.012451 0.875488 0.033447 0.7059 0.5216 0.4196
v 0.006104 0.875488 0.033447 0.7647 0.6315 0.5725
v 0.012451 0.875488 0.033447 0.7451 0.5451 0.4510
v -0.010010 0.875977 0.033447 0.7176 0.5373 0.4432
v 0.010010 0.875977 0.033447 0.7804 0.6157 0.5255
v -0.003662 0.882812 0.033447 0.6785 0.4823 0.4157
v 0.003662 0.882812 0.033447 0.7098 0.5294 0.4510
v -0.018799 0.889648 0.033447 0.7647 0.5530 0.4314
v 0.018799 0.889648 0.033447 0.7647 0.5333 0.4078
v -0.019775 0.893555 0.033447 0.7608 0.5451 0.4196
v 0.019775 0.893555 0.033447 0.7686 0.5294 0.4078
v -0.019775 0.896973 0.033447 0.7764 0.5530 0.4314
v 0.019775 0.896973 0.033447 0.7725 0.5373 0.4157
v -0.014404 0.903809 0.033447 0.7412 0.5490 0.4314
v 0.014404 0.903809 0.033447 0.7804 0.5686 0.4471
v -0.016846 0.909180 0.033447 0.7137 0.5451 0.4392
v -0.018799 0.909180 0.033447 0.7137 0.5490 0.4432
v 0.016846 0.909180 0.033447 0.7294 0.5412 0.4314
v -0.008057 0.909668 0.033447 0.6157 0.4589 0.3490
v 0.008057 0.909668 0.033447 0.7020 0.5137 0.4157
v -0.008545 0.912109 0.033447 0.5804 0.4078 0.2980
v 0.008545 0.912109 0.033447 0.6000 0.4196 0.3216
v -0.013428 0.912598 0.033447 0.6000 0.4706 0.3843
v -0.012939 0.913086 0.033447 0.5373 0.4118 0.3333
v -0.011963 0.914551 0.033447 0.4550 0.3255 0.2549
v 0.011963 0.914551 0.033447 0.5019 0.4432 0.4000
v -0.019287 0.916016 0.033447 0.2941 0.2078 0.1451
v 0.019287 0.916016 0.033447 0.7098 0.7020 0.7059
v -0.027100 0.918457 0.033447 0.2863 0.1843 0.1412
v 0.027100 0.918457 0.033447 0.6197 0.4353 0.3216
v -0.028076 0.920898 0.033447 0.5647 0.4039 0.3098
v 0.028076 0.920898 0.033447 0.5059 0.3490 0.2627
v -0.035889 0.926758 0.033447 0.0745 0.0588 0.0510
v -0.038330 0.927246 0.033447 0.0588 0.0471 0.0353
v -0.025146 0.929688 0.033447 0.7412 0.5255 0.4275
v 0.025146 0.929688 0.033447 0.6941 0.5216 0.4196
v 0.031982 0.938965 0.033447 0.0824 0.0667 0.0549
v -0.019775 0.943359 0.033447 0.0941 0.0510 0.0431
v 0.032471 0.943359 0.033447 0.0863 0.0667 0.0510
v 0.014893 0.945312 0.033447 0.6589 0.4510 0.3529
v 0.007080 0.946289 0.033447 0.6393 0.4078 0.3216
v 0.022217 0.948242 0.033447 0.0627 0.0471 0.0392
v 0.011963 0.971680 0.033447 0.0745 0.0549 0.0392
v -0.021240 0.978027 0.033447 0.0627 0.0471 0.0353
v -0.017334 0.982910 0.033447 0.0314 0.0275 0.0157
v -0.007080 0.986816 0.033447 0.0980 0.0902 0.0706
v -0.074463 0.360840 0.033447 0.7059 0.4902 0.3529
v 0.074463 0.360840 0.033447 0.7098 0.4784 0.3490
v -0.162842 0.029297 0.033447 0.0510 0.2863 0.1373
v 0.162842 0.029297 0.033447 0.0353 0.2745 0.1137
v -0.003662 0.853516 0.033936 0.6118 0.4118 0.2941
v 0.000244 0.853516 0.033936 0.5921 0.4000 0.2823
v 0.003662 0.853516 0.033936 0.5921 0.3921 0.2784
v -0.006104 0.869629 0.033936 0.7804 0.6118 0.5255
v 0.006104 0.869629 0.033936 0.8078 0.6667 0.5921
v 0.000244 0.872070 0.033936 0.5647 0.3451 0.2863
v -0.012939 0.873047 0.033936 0.7333 0.5216 0.4118
v 0.012939 0.873047 0.033936 0.7529 0.5530 0.4392
v -0.012451 0.874023 0.033936 0.7333 0.5255 0.4157
v 0.012451 0.874023 0.033936 0.7529 0.5530 0.4471
v -0.010010 0.874512 0.033936 0.7529 0.5647 0.4706
v 0.010010 0.874512 0.033936 0.7216 0.5490 0.4510
v -0.007568 0.875000 0.033936 0.7764 0.6432 0.5804
v 0.007568 0.875000 0.033936 0.8078 0.6589 0.5843
v -0.006104 0.875488 0.033936 0.7725 0.6432 0.5804
v -0.007568 0.875488 0.033936 0.7921 0.6863 0.6236
v 0.006104 0.875488 0.033936 0.7804 0.6589 0.6000
v 0.007568 0.875488 0.033936 0.8039 0.6980 0.6471
v -0.013428 0.875977 0.033936 0.6941 0.5098 0.4118
v 0.013428 0.875977 0.033936 0.7255 0.5294 0.4275
v -0.016846 0.879883 0.033936 0.7137 0.5255 0.4196
v 0.016846 0.879883 0.033936 0.7529 0.5412 0.4314
v -0.017822 0.886719 0.033936 0.7647 0.5804 0.4706
v 0.017822 0.886719 0.033936 0.7568 0.5333 0.4196
v -0.016846 0.900879 0.033936 0.7608 0.5608 0.4392
v 0.016846 0.900879 0.033936 0.7882 0.5608 0.4392
v -0.012451 0.904297 0.033936 0.7333 0.5373 0.4196
v 0.012451 0.904297 0.033936 0.7647 0.5608 0.4392
v -0.009521 0.913574 0.033936 0.5608 0.3882 0.2902
v -0.014893 0.913574 0.033936 0.5019 0.4000 0.3372
v 0.009521 0.913574 0.033936 0.5059 0.3608 0.2745
v 0.014893 0.913574 0.033936 0.5137 0.4275 0.3765
v -0.014893 0.914062 0.033936 0.4432 0.3647 0.3019
v -0.019287 0.914062 0.033936 0.4432 0.3765 0.3372
v 0.014404 0.914062 0.033936 0.4510 0.3608 0.3098
v 0.019287 0.914062 0.033936 0.4941 0.4314 0.3961
v -0.019287 0.914551 0.033936 0.3568 0.2863 0.2471
v 0.019287 0.914551 0.033936 0.5451 0.5019 0.4745
v -0.014404 0.915039 0.033936 0.3333 0.2588 0.2157
v 0.014404 0.915039 0.033936 0.2863 0.2000 0.1490
v -0.013916 0.915527 0.033936 0.3529 0.2588 0.2118
v -0.019287 0.915527 0.033936 0.3412 0.2627 0.2039
v 0.013916 0.915527 0.033936 0.2627 0.1725 0.1176
v 0.019287 0.915527 0.033936 0.6902 0.6785 0.6706
v -0.016846 0.916016 0.033936 0.4078 0.3686 0.3372
v 0.016846 0.916016 0.033936 0.4275 0.3725 0.3255
v -0.037842 0.921875 0.033936 0.3255 0.2471 0.2000
v 0.026123 0.934082 0.033936 0.4667 0.3255 0.2549
v 0.024170 0.944336 0.033936 0.0980 0.0784 0.0667
v 0.018311 0.944824 0.033936 0.0824 0.0510 0.0353
v -0.006104 0.946289 0.033936 0.6550 0.4353 0.3372
v 0.000244 0.946289 0.033936 0.6276 0.4118 0.3176
v 0.031982 0.947754 0.033936 0.0784 0.0627 0.0510
v -0.009033 0.949707 0.033936 0.6276 0.4157 0.3137
v 0.009033 0.949707 0.033936 0.5961 0.3921 0.2980
v 0.022217 0.952148 0.033936 0.0784 0.0627 0.0510
v 0.030518 0.952148 0.033936 0.0784 0.0667 0.0510
v 0.029053 0.956055 0.033936 0.0824 0.0667 0.0549
v 0.003174 0.981445 0.033936 0.0627 0.0510 0.0314
v -0.104736 0.440430 0.033936 0.7020 0.4392 0.3216
v 0.104736 0.440430 0.033936 0.7020 0.4471 0.3216
v -0.094971 0.380371 0.033936 0.6902 0.4823 0.3451
v 0.094971 0.380371 0.033936 0.6824 0.4823 0.3451
v -0.063721 0.341797 0.033936 0.7216 0.4902 0.3608
v 0.063721 0.341797 0.033936 0.7216 0.4902 0.3647
v -0.101318 0.017090 0.033936 0.0196 0.2196 0.0980
v 0.101318 0.017090 0.033936 0.0353 0.2275 0.1098
v 0.000244 0.785156 0.034424 0.7451 0.4902 0.3568
v -0.010010 0.859375 0.034424 0.7333 0.5373 0.4314
v 0.010010 0.859375 0.034424 0.6863 0.4902 0.3843
v -0.010498 0.865723 0.034424 0.7647 0.5804 0.4706
v 0.010498 0.865723 0.034424 0.7333 0.5333 0.4196
v -0.011475 0.868164 0.034424 0.7020 0.5098 0.3921
v 0.011475 0.868164 0.034424 0.7098 0.5059 0.3921
v -0.002686 0.869141 0.034424 0.7882 0.6432 0.5647
v 0.002686 0.869141 0.034424 0.8000 0.6863 0.6157
v -0.012451 0.871094 0.034424 0.7020 0.5019 0.3882
v 0.012451 0.871094 0.034424 0.7333 0.5333 0.4196
v -0.006592 0.871582 0.034424 0.7608 0.5882 0.4941
v 0.006592 0.871582 0.034424 0.7725 0.6039 0.5137
v -0.006592 0.875000 0.034424 0.7804 0.6432 0.5725
v 0.006592 0.875000 0.034424 0.7843 0.6510 0.5804
v -0.006592 0.875488 0.034424 0.7843 0.6824 0.6157
v -0.010010 0.875488 0.034424 0.7412 0.5333 0.4510
v -0.010498 0.875488 0.034424 0.7137 0.5216 0.4275
v 0.006592 0.875488 0.034424 0.8000 0.6980 0.6432
v 0.010010 0.875488 0.034424 0.7333 0.5490 0.4432
v 0.010498 0.875488 0.034424 0.7216 0.5373 0.4353
v -0.008545 0.875977 0.034424 0.7137 0.5255 0.4353
v 0.008545 0.875977 0.034424 0.7686 0.6118 0.5216
v -0.013916 0.876465 0.034424 0.6824 0.4980 0.4000
v 0.013916 0.876465 0.034424 0.7216 0.5216 0.4157
v -0.015381 0.877930 0.034424 0.5294 0.3451 0.2471
v 0.015381 0.877930 0.034424 0.7255 0.5255 0.4118
v -0.008057 0.882812 0.034424 0.7764 0.6667 0.5882
v 0.000244 0.882812 0.034424 0.6745 0.4706 0.4157
v 0.008057 0.882812 0.034424 0.7725 0.6315 0.5451
v -0.016357 0.884277 0.034424 0.7647 0.5804 0.4706
v 0.016357 0.884277 0.034424 0.7647 0.5569 0.4353
v -0.016846 0.897949 0.034424 0.7647 0.5490 0.4275
v 0.016846 0.897949 0.034424 0.7725 0.5530 0.4275
v -0.014404 0.901367 0.034424 0.7294 0.5373 0.4196
v 0.014404 0.901367 0.034424 0.7804 0.5686 0.4432
v -0.016846 0.914062 0.034424 0.5569 0.4980 0.4510
v 0.016846 0.914062 0.034424 0.5843 0.5176 0.4941
v -0.016846 0.914551 0.034424 0.5490 0.4980 0.4589
v 0.016846 0.914551 0.034424 0.6315 0.5725 0.5490
v -0.016846 0.915527 0.034424 0.4823 0.4471 0.4078
v 0.016846 0.915527 0.034424 0.5686 0.5255 0.5019
v -0.019287 0.916504 0.034424 0.1804 0.1098 0.0706
v 0.019287 0.916504 0.034424 0.6785 0.6706 0.6824
v -0.023193 0.917480 0.034424 0.0745 0.0353 0.0039
v 0.023193 0.917480 0.034424 0.1922 0.1373 0.0784
v -0.028564 0.920898 0.034424 0.5530 0.4039 0.3059
v 0.028564 0.920898 0.034424 0.3216 0.2157 0.1530
v -0.029541 0.924316 0.034424 0.1686 0.1294 0.1137
v 0.029541 0.924316 0.034424 0.0824 0.0510 0.0353
v -0.025146 0.926758 0.034424 0.3019 0.2039 0.1647
v -0.035400 0.926758 0.034424 0.0588 0.0431 0.0314
v 0.025146 0.926758 0.034424 0.1686 0.1333 0.1294
v 0.031006 0.934082 0.034424 0.1176 0.0902 0.0784
v -0.021240 0.935547 0.034424 0.7372 0.5373 0.4392
v 0.021240 0.935547 0.034424 0.7216 0.5333 0.4235
v 0.025146 0.939453 0.034424 0.0824 0.0549 0.0353
v -0.017334 0.942383 0.034424 0.0510 0.0353 0.0196
v 0.017334 0.942383 0.034424 0.6354 0.4314 0.3294
v -0.004150 0.949707 0.034424 0.6471 0.4275 0.3294
v 0.004150 0.949707 0.034424 0.6039 0.3921 0.2980
v 0.023682 0.953125 0.034424 0.0863 0.0667 0.0549
v 0.021729 0.953613 0.034424 0.0706 0.0627 0.0510
v -0.036865 0.971191 0.034424 0.1137 0.0902 0.0706
v -0.026123 0.976074 0.034424 0.0510 0.0353 0.0235
v -0.027100 0.379883 0.034424 0.0314 0.1765 0.0863
v 0.027100 0.379883 0.034424 0.0314 0.1882 0.0941
v -0.149170 0.039551 0.034424 0.0549 0.1843 0.0980
v 0.149170 0.039551 0.034424 0.0941 0.2510 0.1412
v -0.149170 0.036133 0.034424 0.0471 0.1725 0.0863
v 0.149170 0.036133 0.034424 0.1137 0.2667 0.1647
v -0.065186 0.666992 0.034912 0.0431 0.2353 0.1176
v 0.065186 0.666992 0.034912 0.0314 0.2275 0.1059
v -0.071045 0.711914 0.034912 0.0314 0.2235 0.1059
v 0.071045 0.711914 0.034912 0.0353 0.2275 0.1098
v -0.041748 0.803223 0.034912 0.7216 0.4980 0.3804
v 0.041748 0.803223 0.034912 0.7529 0.6824 0.6706
v -0.007080 0.855957 0.034912 0.6510 0.4745 0.3529
v 0.007080 0.855957 0.034912 0.6039 0.4157 0.3098
v 0.000244 0.869141 0.034912 0.7843 0.6589 0.5804
v -0.003174 0.875000 0.034912 0.7451 0.5882 0.5294
v -0.008545 0.875000 0.034912 0.7608 0.5804 0.4863
v -0.010498 0.875000 0.034912 0.7372 0.5137 0.4353
v 0.003174 0.875000 0.034912 0.7608 0.6236 0.5647
v 0.008545 0.875000 0.034912 0.7451 0.5804 0.4902
v 0.010498 0.875000 0.034912 0.7294 0.5255 0.4275
v -0.003174 0.875488 0.034912 0.7882 0.6824 0.6157
v 0.003174 0.875488 0.034912 0.7686 0.6706 0.6118
v -0.010986 0.875977 0.034912 0.7020 0.5059 0.4157
v 0.010986 0.875977 0.034912 0.7098 0.5216 0.4118
v -0.006592 0.878906 0.034912 0.7960 0.6902 0.6354
v 0.006592 0.878906 0.034912 0.8313 0.7372 0.6824
v -0.007080 0.882812 0.034912 0.7764 0.6667 0.5961
v 0.006592 0.882812 0.034912 0.7804 0.6315 0.5451
v -0.016357 0.894531 0.034912 0.7608 0.5451 0.4235
v 0.016357 0.894531 0.034912 0.7725 0.5412 0.4157
v -0.010498 0.905273 0.034912 0.6980 0.5255 0.4118
v 0.010498 0.905273 0.034912 0.7529 0.5608 0.4432
v -0.011475 0.915039 0.034912 0.4863 0.3176 0.2432
v 0.011475 0.915039 0.034912 0.3176 0.2353 0.1804
v -0.016846 0.916504 0.034912 0.2627 0.1961 0.1647
v -0.026123 0.920410 0.034912 0.5647 0.4196 0.3255
v 0.026123 0.920410 0.034912 0.5255 0.3608 0.2784
v -0.038330 0.927246 0.034912 0.0392 0.0353 0.0314
v 0.028564 0.929199 0.034912 0.2745 0.2000 0.1686
v -0.032471 0.931641 0.034912 0.0353 0.0196 0.0157
v -0.013916 0.941895 0.034912 0.0471 0.0196 0.0118
v 0.010986 0.946289 0.034912 0.6354 0.4275 0.3333
v 0.000244 0.949707 0.034912 0.6118 0.4000 0.2980
v 0.026611 0.955078 0.034912 0.0471 0.0314 0.0196
v -0.029541 0.962891 0.034912 0.0471 0.0314 0.0235
v -0.050537 0.359375 0.034912 0.7176 0.4745 0.3294
v 0.050537 0.359375 0.034912 0.7098 0.4941 0.3647
v -0.104248 0.000488 0.034912 0.0392 0.1961 0.0980
v 0.104248 0.000488 0.034912 0.0235 0.1961 0.0902
v -0.068115 0.626465 0.035400 0.5921 0.5921 0.6039
v 0.068115 0.626465 0.035400 0.1765 0.1882 0.1804
v -0.063721 0.656250 0.035400 0.0392 0.2235 0.1098
v 0.063721 0.656250 0.035400 0.0196 0.2118 0.0941
v -0.083252 0.753906 0.035400 0.0549 0.2353 0.1255
v 0.083252 0.753906 0.035400 0.0235 0.2078 0.0941
v -0.038818 0.803711 0.035400 0.7412 0.5098 0.3765
v 0.038818 0.803711 0.035400 0.8117 0.7020 0.6824
v -0.009033 0.862305 0.035400 0.7764 0.5921 0.4941
v 0.009033 0.862305 0.035400 0.7568 0.5725 0.4706
v -0.008057 0.864746 0.035400 0.7882 0.6039 0.4980
v 0.008057 0.864746 0.035400 0.7608 0.5647 0.4667
v -0.003662 0.867676 0.035400 0.7294 0.5451 0.4471
v -0.009521 0.867676 0.035400 0.7059 0.5255 0.4118
v 0.003662 0.867676 0.035400 0.6745 0.4784 0.3882
v 0.009521 0.867676 0.035400 0.7098 0.5059 0.3961
v -0.010986 0.870605 0.035400 0.6863 0.4863 0.3725
v 0.010986 0.870605 0.035400 0.7216 0.5216 0.4078
v -0.011475 0.873047 0.035400 0.7059 0.4941 0.3961
v 0.011475 0.873047 0.035400 0.7490 0.5490 0.4392
v -0.010986 0.874023 0.035400 0.7216 0.4980 0.4118
v 0.010986 0.874023 0.035400 0.7412 0.5373 0.4392
v 0.000244 0.875000 0.035400 0.7412 0.5882 0.5294
v -0.009033 0.875488 0.035400 0.7176 0.5255 0.4353
v 0.009033 0.875488 0.035400 0.7098 0.5216 0.4235
v -0.008545 0.875977 0.035400 0.7333 0.5451 0.4471
v 0.008545 0.875977 0.035400 0.7294 0.5530 0.4589
v -0.014893 0.881836 0.035400 0.7412 0.5647 0.4510
v 0.014893 0.881836 0.035400 0.7568 0.5569 0.4432
v -0.014893 0.888672 0.035400 0.7764 0.5961 0.4823
v 0.014893 0.888672 0.035400 0.7568 0.5412 0.4235
v -0.015869 0.891602 0.035400 0.7608 0.5530 0.4353
v 0.015869 0.891602 0.035400 0.7608 0.5373 0.4196
v -0.013916 0.916016 0.035400 0.3647 0.2314 0.1725
v 0.013916 0.916016 0.035400 0.2471 0.1765 0.1412
v 0.016846 0.916504 0.035400 0.3608 0.3059 0.2667
v -0.025146 0.925293 0.035400 0.1333 0.0784 0.0549
v 0.025146 0.925293 0.035400 0.4275 0.3294 0.2667
v -0.026123 0.926758 0.035400 0.3372 0.2353 0.1922
v -0.035889 0.926758 0.035400 0.0510 0.0353 0.0235
v 0.026123 0.926758 0.035400 0.1686 0.1294 0.1176
v 0.027588 0.929199 0.035400 0.3765 0.2823 0.2314
v 0.026123 0.934570 0.035400 0.4980 0.3294 0.2353
v 0.025146 0.949707 0.035400 0.0627 0.0471 0.0353
v 0.019775 0.955566 0.035400 0.0431 0.0275 0.0235
v 0.016846 0.956055 0.035400 0.0235 0.0196 0.0118
v -0.031982 0.959473 0.035400 0.0745 0.0549 0.0431
v -0.035400 0.964355 0.035400 0.0314 0.0275 0.0157
v -0.011963 0.979004 0.035400 0.0980 0.0745 0.0627
v -0.021729 0.988770 0.035400 0.0431 0.0353 0.0196
v 0.000244 0.474609 0.035400 0.0039 0.1373 0.0431
v -0.082764 0.377441 0.035400 0.6550 0.4510 0.3098
v 0.082764 0.377441 0.035400 0.6706 0.4745 0.3372
v -0.102783 0.010742 0.035400 0.2823 0.4235 0.3372
v 0.102783 0.010742 0.035400 0.5412 0.6236 0.5725
v -0.104736 0.008789 0.035400 0.4157 0.5255 0.4589
v 0.104736 0.008789 0.035400 0.0353 0.1961 0.1098
v -0.101318 0.002441 0.035400 0.0157 0.1804 0.0824
v 0.101318 0.002441 0.035400 0.0157 0.1765 0.0824
v -0.003662 0.855469 0.035889 0.6589 0.4667 0.3647
v 0.000244 0.855469 0.035889 0.6432 0.4628 0.3647
v 0.003662 0.855469 0.035889 0.6276 0.4392 0.3372
v -0.007080 0.867676 0.035889 0.7451 0.5569 0.4510
v 0.007080 0.867676 0.035889 0.7176 0.5216 0.4157
v -0.003662 0.871582 0.035889 0.7255 0.5608 0.4667
v 0.003662 0.871582 0.035889 0.7137 0.5137 0.4353
v -0.003662 0.875000 0.035889 0.7647 0.6315 0.5647
v 0.003662 0.875000 0.035889 0.7843 0.6510 0.5843
v -0.007080 0.875488 0.035889 0.7490 0.5686 0.4745
v 0.000244 0.875488 0.035889 0.7843 0.6863 0.6276
v 0.007080 0.875488 0.035889 0.7451 0.5764 0.4863
v -0.007080 0.876465 0.035889 0.6432 0.4314 0.3608
v -0.011475 0.876465 0.035889 0.6745 0.4902 0.4000
v 0.007080 0.876465 0.035889 0.6902 0.5059 0.4196
v 0.011475 0.876465 0.035889 0.6745 0.4902 0.3804
v -0.013916 0.885742 0.035889 0.7647 0.5882 0.4823
v 0.013916 0.885742 0.035889 0.7608 0.5647 0.4471
v -0.013916 0.898438 0.035889 0.7255 0.5333 0.4157
v 0.013916 0.898438 0.035889 0.7686 0.5490 0.4314
v -0.012451 0.901855 0.035889 0.7176 0.5255 0.4078
v 0.012451 0.901855 0.035889 0.7725 0.5686 0.4432
v -0.008545 0.906738 0.035889 0.6628 0.4902 0.3725
v 0.008545 0.906738 0.035889 0.7255 0.5412 0.4353
v -0.024170 0.918945 0.035889 0.2588 0.1686 0.1137
v 0.024170 0.918945 0.035889 0.5412 0.3843 0.2941
v -0.026611 0.920898 0.035889 0.5608 0.4196 0.3255
v 0.026611 0.920898 0.035889 0.4314 0.2941 0.2196
v -0.036865 0.926758 0.035889 0.0471 0.0275 0.0196
v -0.037842 0.927246 0.035889 0.0392 0.0235 0.0196
v 0.030029 0.929199 0.035889 0.4628 0.3765 0.3372
v -0.038330 0.933594 0.035889 0.0157 0.0157 0.0118
v -0.028076 0.937012 0.035889 0.0392 0.0235 0.0118
v 0.027100 0.939453 0.035889 0.0588 0.0431 0.0235
v 0.030029 0.939941 0.035889 0.0627 0.0510 0.0431
v -0.012939 0.942871 0.035889 0.5921 0.4157 0.3412
v 0.012939 0.942871 0.035889 0.6667 0.4589 0.3608
v 0.026123 0.944824 0.035889 0.0353 0.0275 0.0196
v 0.029541 0.945801 0.035889 0.0353 0.0314 0.0196
v 0.021240 0.946289 0.035889 0.0196 0.0235 0.0118
v 0.028564 0.951172 0.035889 0.0431 0.0275 0.0235
v -0.041748 0.966797 0.035889 0.0510 0.0431 0.0353
v 0.012451 0.967285 0.035889 0.0392 0.0235 0.0196
v -0.041748 0.968262 0.035889 0.1059 0.0863 0.0784
v -0.031006 0.973633 0.035889 0.0902 0.0745 0.0510
v 0.002686 0.975586 0.035889 0.0784 0.0667 0.0510
v -0.013428 0.988281 0.035889 0.1137 0.1020 0.0824
v -0.020264 0.990723 0.035889 0.1294 0.1098 0.0941
v -0.048584 0.375488 0.035889 0.6510 0.4392 0.2980
v 0.048584 0.375488 0.035889 0.6471 0.4628 0.3255
v -0.100830 0.007812 0.035889 0.0235 0.2078 0.0980
v 0.101318 0.007812 0.035889 0.0118 0.1765 0.0824
v -0.066650 0.637695 0.036377 0.0196 0.2196 0.0941
v 0.066650 0.637695 0.036377 0.0196 0.2157 0.0902
v -0.064697 0.646973 0.036377 0.0314 0.2078 0.1020
v 0.064697 0.646973 0.036377 0.0157 0.2078 0.0941
v -0.006592 0.858398 0.036377 0.7333 0.5294 0.4275
v 0.006592 0.858398 0.036377 0.7216 0.5255 0.4275
v -0.004639 0.867676 0.036377 0.7529 0.5686 0.4628
v 0.000244 0.867676 0.036377 0.7451 0.5569 0.4628
v 0.004639 0.867676 0.036377 0.7176 0.5294 0.4275
v -0.009033 0.870117 0.036377 0.6785 0.4745 0.3647
v 0.009033 0.870117 0.036377 0.7098 0.5098 0.3961
v 0.000244 0.871582 0.036377 0.7216 0.5412 0.4510
v 0.000244 0.875000 0.036377 0.7804 0.6315 0.5764
v -0.003662 0.875488 0.036377 0.7764 0.6745 0.6157
v -0.009033 0.875488 0.036377 0.7333 0.5216 0.4353
v 0.003662 0.875488 0.036377 0.7960 0.6980 0.6432
v 0.009033 0.875488 0.036377 0.7216 0.5373 0.4353
v -0.007080 0.875977 0.036377 0.7294 0.5294 0.4392
v -0.007568 0.875977 0.036377 0.6745 0.4667 0.3804
v -0.009521 0.875977 0.036377 0.6941 0.4941 0.4078
v 0.007080 0.875977 0.036377 0.7294 0.5451 0.4550
v 0.007568 0.875977 0.036377 0.7059 0.5098 0.4118
v 0.009521 0.875977 0.036377 0.6824 0.4980 0.3882
v -0.012451 0.877441 0.036377 0.5373 0.3608 0.2706
v 0.012451 0.877441 0.036377 0.6039 0.4157 0.3137
v -0.003662 0.878906 0.036377 0.7882 0.6824 0.6197
v 0.003662 0.878906 0.036377 0.7960 0.7098 0.6628
v -0.013428 0.879395 0.036377 0.6980 0.5176 0.4235
v 0.013428 0.879395 0.036377 0.7020 0.5059 0.4039
v -0.002686 0.883301 0.036377 0.7647 0.6354 0.5725
v 0.002686 0.883301 0.036377 0.7725 0.6393 0.5608
v -0.013428 0.895508 0.036377 0.7176 0.5255 0.4039
v 0.013428 0.895508 0.036377 0.7686 0.5490 0.4275
v -0.020264 0.917480 0.036377 0.0667 0.0471 0.0196
v 0.020264 0.917480 0.036377 0.2275 0.2000 0.1843
v 0.027100 0.929688 0.036377 0.4471 0.3372 0.2706
v 0.029541 0.935059 0.036377 0.2157 0.1569 0.1176
v -0.021729 0.940430 0.036377 0.0392 0.0235 0.0196
v -0.023682 0.940918 0.036377 0.0392 0.0275 0.0314
v -0.034424 0.954102 0.036377 0.0745 0.0510 0.0314
v 0.015381 0.957520 0.036377 0.0314 0.0275 0.0157
v 0.013428 0.964844 0.036377 0.0196 0.0157 0.0078
v -0.015381 0.977539 0.036377 0.0706 0.0588 0.0431
v -0.022217 0.398926 0.036377 0.0157 0.1804 0.0745
v 0.022217 0.398926 0.036377 0.0275 0.2000 0.0941
v -0.024170 0.380371 0.036377 0.0392 0.1686 0.0902
v 0.024170 0.380371 0.036377 0.0314 0.1882 0.0902
v -0.071533 0.375977 0.036377 0.6785 0.4706 0.3255
v 0.071533 0.375977 0.036377 0.6550 0.4589 0.3216
v -0.156982 0.032715 0.036377 0.2078 0.3882 0.2667
v 0.156982 0.032715 0.036377 0.0314 0.2510 0.1059
v -0.068604 0.681152 0.036865 0.0353 0.2196 0.1098
v 0.068604 0.681152 0.036865 0.0275 0.2196 0.1020
v -0.047607 0.802246 0.036865 0.3765 0.4510 0.4235
v 0.047607 0.802246 0.036865 0.1412 0.2980 0.1765
v -0.043213 0.804199 0.036865 0.4471 0.3843 0.3294
v 0.043213 0.804199 0.036865 0.3412 0.3647 0.3176
v -0.006104 0.861328 0.036865 0.7529 0.5921 0.4823
v 0.006104 0.861328 0.036865 0.7686 0.5725 0.4784
v -0.005615 0.864746 0.036865 0.7725 0.5921 0.4902
v 0.005615 0.864746 0.036865 0.7764 0.5882 0.4902
v -0.002197 0.867676 0.036865 0.7529 0.5647 0.4589
v 0.002197 0.867676 0.036865 0.7372 0.5530 0.4432
v 0.000244 0.868164 0.036865 0.7451 0.5608 0.4471
v -0.010498 0.872559 0.036865 0.6824 0.4823 0.3725
v 0.010498 0.872559 0.036865 0.7294 0.5373 0.4275
v -0.009521 0.874023 0.036865 0.7059 0.4941 0.3921
v 0.009521 0.874023 0.036865 0.7216 0.5333 0.4275
v 0.000244 0.875000 0.036865 0.7843 0.6824 0.6276
v -0.005127 0.875977 0.036865 0.7176 0.5255 0.4392
v 0.005127 0.875977 0.036865 0.7372 0.5490 0.4667
v -0.005127 0.876465 0.036865 0.6432 0.4235 0.3529
v 0.005127 0.876465 0.036865 0.6745 0.4863 0.4078
v -0.004150 0.882812 0.036865 0.7647 0.6393 0.5725
v 0.004150 0.882812 0.036865 0.7686 0.6236 0.5412
v -0.012451 0.883301 0.036865 0.7529 0.5843 0.4784
v 0.000244 0.883301 0.036865 0.7686 0.6393 0.5686
v 0.012451 0.883301 0.036865 0.7686 0.5804 0.4706
v -0.010986 0.887207 0.036865 0.7333 0.5647 0.4628
v 0.010986 0.887207 0.036865 0.7647 0.5804 0.4706
v -0.011963 0.889648 0.036865 0.7216 0.5490 0.4392
v 0.011963 0.889648 0.036865 0.7608 0.5608 0.4471
v -0.012939 0.892578 0.036865 0.7098 0.5216 0.4039
v 0.012939 0.892578 0.036865 0.7568 0.5412 0.4196
v -0.011963 0.899414 0.036865 0.7059 0.5255 0.4039
v 0.011963 0.899414 0.036865 0.7686 0.5569 0.4314
v -0.010010 0.902832 0.036865 0.6863 0.5059 0.3921
v 0.010010 0.902832 0.036865 0.7568 0.5608 0.4392
v -0.006592 0.908691 0.036865 0.6471 0.4706 0.3568
v 0.006592 0.908691 0.036865 0.6706 0.4784 0.3686
v -0.007080 0.912109 0.036865 0.6079 0.4157 0.2980
v 0.007080 0.912109 0.036865 0.5764 0.4000 0.2980
v -0.023193 0.919922 0.036865 0.4823 0.3529 0.2667
v 0.023193 0.919922 0.036865 0.4902 0.3568 0.2784
v -0.024658 0.921387 0.036865 0.5686 0.3882 0.3137
v 0.024658 0.921387 0.036865 0.5530 0.3921 0.3216
v -0.027588 0.923828 0.036865 0.0980 0.0667 0.0431
v 0.027588 0.923828 0.036865 0.2588 0.1961 0.1569
v -0.022217 0.925781 0.036865 0.0863 0.0588 0.0353
v 0.022217 0.925781 0.036865 0.1098 0.0980 0.0706
v -0.021240 0.929688 0.036865 0.7294 0.5373 0.4314
v 0.021240 0.929688 0.036865 0.7020 0.5530 0.4628
v 0.030029 0.930176 0.036865 0.3255 0.2471 0.2078
v 0.027588 0.935059 0.036865 0.4392 0.2902 0.2157
v -0.016846 0.935547 0.036865 0.7294 0.5294 0.4275
v 0.016846 0.935547 0.036865 0.7568 0.5725 0.4667
v -0.037842 0.940918 0.036865 0.0392 0.0431 0.0314
v -0.036377 0.948242 0.036865 0.0745 0.0706 0.0510
v -0.041260 0.969727 0.036865 0.1333 0.1137 0.0980
v -0.035889 0.971680 0.036865 0.0980 0.0902 0.0667
v -0.006592 0.983887 0.036865 0.0784 0.0784 0.0706
v -0.022217 0.986816 0.036865 0.0353 0.0275 0.0235
v -0.005615 0.471680 0.036865 0.0000 0.1333 0.0353
v 0.005615 0.471680 0.036865 0.0078 0.1686 0.0588
v -0.018799 0.415039 0.036865 0.0157 0.1686 0.0706
v 0.019287 0.415039 0.036865 0.0235 0.2039 0.0941
v -0.003174 0.857910 0.037354 0.7216 0.5333 0.4314
v 0.000244 0.857910 0.037354 0.7020 0.5333 0.4275
v 0.003174 0.857910 0.037354 0.7176 0.5294 0.4314
v -0.002686 0.864746 0.037354 0.7608 0.5725 0.4784
v 0.000244 0.864746 0.037354 0.7764 0.5882 0.5019
v 0.002686 0.864746 0.037354 0.7843 0.5843 0.5019
v -0.007080 0.870117 0.037354 0.6393 0.4706 0.3529
v 0.007080 0.870117 0.037354 0.6863 0.4941 0.3804
v -0.007568 0.875488 0.037354 0.7098 0.5176 0.4235
v 0.007568 0.875488 0.037354 0.7059 0.5176 0.4275
v -0.010010 0.876953 0.037354 0.6471 0.4550 0.3725
v 0.010010 0.876953 0.037354 0.6197 0.4432 0.3372
v 0.000244 0.878906 0.037354 0.7921 0.6510 0.5843
v -0.010986 0.896484 0.037354 0.6745 0.4941 0.3804
v 0.010986 0.896484 0.037354 0.7490 0.5412 0.4196
v 0.027100 0.930176 0.037354 0.4823 0.3529 0.2784
v -0.033447 0.931641 0.037354 0.0314 0.0235 0.0118
v -0.008545 0.942871 0.037354 0.6706 0.4510 0.3490
v 0.008545 0.942871 0.037354 0.6471 0.4275 0.3372
v -0.021729 0.963379 0.037354 0.0235 0.0235 0.0196
v 0.014404 0.963867 0.037354 0.0353 0.0314 0.0235
v -0.040771 0.965820 0.037354 0.0431 0.0353 0.0275
v -0.008057 0.978027 0.037354 0.1098 0.0824 0.0706
v -0.016357 0.981934 0.037354 0.0431 0.0392 0.0353
v -0.061279 0.359863 0.037354 0.7216 0.4902 0.3568
v 0.061279 0.359863 0.037354 0.7216 0.4941 0.3608
v -0.071045 0.695801 0.037842 0.0353 0.2314 0.1098
v 0.071045 0.695801 0.037842 0.0275 0.2196 0.1020
v -0.010498 0.798828 0.037842 0.7451 0.5137 0.3882
v 0.010498 0.798828 0.037842 0.7451 0.5137 0.3765
v -0.002686 0.861328 0.037842 0.7608 0.5843 0.4823
v 0.000244 0.861328 0.037842 0.7686 0.5843 0.4823
v 0.002686 0.861328 0.037842 0.7725 0.5921 0.4902
v -0.002197 0.869629 0.037842 0.6980 0.5098 0.4157
v -0.004639 0.869629 0.037842 0.6706 0.4745 0.3882
v 0.002197 0.869629 0.037842 0.6824 0.4863 0.3843
v 0.004639 0.869629 0.037842 0.6785 0.4863 0.3725
v 0.000244 0.870117 0.037842 0.6706 0.4784 0.3804
v -0.008545 0.872070 0.037842 0.6432 0.4628 0.3412
v 0.008545 0.872070 0.037842 0.7098 0.5098 0.4000
v -0.008057 0.874023 0.037842 0.6980 0.4941 0.3921
v 0.008057 0.874023 0.037842 0.6980 0.5059 0.4157
v -0.003662 0.875977 0.037842 0.7137 0.5294 0.4471
v -0.005615 0.875977 0.037842 0.6863 0.4745 0.3921
v 0.003662 0.875977 0.037842 0.7529 0.5647 0.4823
v 0.005615 0.875977 0.037842 0.7098 0.5019 0.4235
v -0.005615 0.876465 0.037842 0.7059 0.5137 0.4314
v -0.007568 0.876465 0.037842 0.6824 0.4823 0.4039
v 0.005615 0.876465 0.037842 0.7255 0.5373 0.4550
v 0.007568 0.876465 0.037842 0.6667 0.4823 0.3921
v -0.001709 0.876953 0.037842 0.6157 0.4118 0.3568
v -0.003662 0.876953 0.037842 0.6079 0.3961 0.3333
v 0.001709 0.876953 0.037842 0.6510 0.4510 0.3804
v 0.003662 0.876953 0.037842 0.6315 0.4392 0.3686
v -0.011475 0.880371 0.037842 0.7490 0.5764 0.4706
v 0.011475 0.880371 0.037842 0.7333 0.5490 0.4471
v 0.000244 0.882812 0.037842 0.7686 0.6276 0.5608
v -0.009033 0.887695 0.037842 0.7372 0.5490 0.4353
v 0.009033 0.887695 0.037842 0.7490 0.5647 0.4589
v -0.009033 0.890625 0.037842 0.6432 0.4510 0.3372
v 0.009033 0.890625 0.037842 0.7176 0.5176 0.4039
v -0.010010 0.893555 0.037842 0.7020 0.5098 0.4000
v 0.010010 0.893555 0.037842 0.7294 0.5294 0.4078
v -0.009521 0.899902 0.037842 0.6785 0.4941 0.3843
v 0.009521 0.899902 0.037842 0.7412 0.5412 0.4196
v -0.008057 0.903809 0.037842 0.6706 0.4902 0.3804
v 0.008057 0.903809 0.037842 0.7412 0.5451 0.4275
v -0.009033 0.914062 0.037842 0.5725 0.3765 0.2588
v 0.009033 0.914062 0.037842 0.5059 0.3294 0.2353
v -0.017334 0.916992 0.037842 0.2863 0.1725 0.1137
v 0.017334 0.916992 0.037842 0.3490 0.2627 0.2157
v -0.024170 0.919922 0.037842 0.5019 0.3686 0.2745
v 0.024170 0.919922 0.037842 0.4941 0.3529 0.2745
v 0.029053 0.930664 0.037842 0.3490 0.2667 0.2235
v -0.036865 0.933105 0.037842 0.0196 0.0196 0.0118
v -0.017334 0.937988 0.037842 0.0510 0.0314 0.0431
v -0.004150 0.942871 0.037842 0.6824 0.4863 0.3804
v 0.004150 0.942871 0.037842 0.6079 0.3921 0.2941
v 0.005615 0.967285 0.037842 0.0588 0.0392 0.0314
v 0.005127 0.973145 0.037842 0.0667 0.0471 0.0314
v -0.019287 0.975586 0.037842 0.0510 0.0392 0.0275
v -0.019287 0.990234 0.037842 0.1255 0.1059 0.0902
v -0.009521 0.459961 0.037842 0.0000 0.1255 0.0118
v 0.009033 0.459473 0.037842 0.0039 0.1725 0.0627
v -0.015869 0.431152 0.037842 0.0039 0.1412 0.0431
v 0.015869 0.431152 0.037842 0.0235 0.1843 0.0824
v -0.045654 0.392578 0.037842 0.6667 0.4275 0.3059
v 0.045654 0.392578 0.037842 0.6706 0.4235 0.3019
v -0.136963 0.041016 0.037842 0.0549 0.1882 0.1098
v 0.136963 0.041016 0.037842 0.0706 0.1882 0.1176
v -0.136963 0.037598 0.037842 0.0392 0.1686 0.0941
v 0.136963 0.037598 0.037842 0.1255 0.2471 0.1725
v -0.104248 0.025391 0.037842 0.0314 0.2549 0.1176
v 0.104248 0.025391 0.037842 0.0471 0.2667 0.1294
v 0.071533 0.590332 0.038330 0.4235 0.4471 0.4353
v -0.066650 0.787109 0.038330 0.0627 0.2549 0.1373
v 0.066650 0.787109 0.038330 0.0118 0.2235 0.0980
v -0.001709 0.875977 0.038330 0.7176 0.5373 0.4628
v 0.000244 0.875977 0.038330 0.7490 0.5804 0.5098
v 0.001709 0.875977 0.038330 0.7529 0.5725 0.5059
v -0.003662 0.876465 0.038330 0.6785 0.4745 0.4078
v 0.003662 0.876465 0.038330 0.7059 0.5137 0.4432
v 0.000244 0.876953 0.038330 0.6550 0.4550 0.3882
v -0.010498 0.877930 0.038330 0.5294 0.3490 0.2667
v 0.010498 0.877930 0.038330 0.5647 0.3804 0.2902
v -0.010010 0.884277 0.038330 0.7372 0.5725 0.4550
v 0.010010 0.884277 0.038330 0.7608 0.5882 0.4745
v -0.008545 0.890625 0.038330 0.6432 0.4353 0.3294
v 0.008545 0.890625 0.038330 0.7020 0.4902 0.3882
v 0.008057 0.894043 0.038330 0.6902 0.4941 0.3843
v -0.009033 0.896973 0.038330 0.6863 0.4902 0.3843
v 0.009033 0.896973 0.038330 0.7255 0.5255 0.4078
v -0.020264 0.918945 0.038330 0.3529 0.2157 0.1490
v -0.020752 0.918945 0.038330 0.3412 0.2157 0.1647
v 0.020264 0.918945 0.038330 0.4392 0.3255 0.2432
v 0.020752 0.918945 0.038330 0.3765 0.2667 0.2118
v -0.020752 0.925293 0.038330 0.2314 0.1608 0.1255
v -0.023193 0.925293 0.038330 0.0588 0.0392 0.0157
v 0.020752 0.925293 0.038330 0.1412 0.1294 0.0941
v 0.023193 0.925293 0.038330 0.1255 0.1020 0.0784
v 0.028076 0.930664 0.038330 0.4078 0.3059 0.2510
v -0.034912 0.932617 0.038330 0.0275 0.0196 0.0118
v -0.001709 0.940918 0.038330 0.6824 0.4784 0.3725
v 0.016357 0.941406 0.038330 0.0588 0.0314 0.0235
v 0.013428 0.941895 0.038330 0.0157 0.0157 0.0157
v 0.000244 0.942871 0.038330 0.6236 0.4118 0.3098
v 0.021240 0.948242 0.038330 0.0588 0.0431 0.0392
v 0.016357 0.960449 0.038330 0.0235 0.0235 0.0157
v -0.028564 0.964355 0.038330 0.0510 0.0353 0.0353
v -0.040771 0.970215 0.038330 0.1333 0.1098 0.0902
v -0.024170 0.973633 0.038330 0.0549 0.0471 0.0314
v -0.013428 0.986328 0.038330 0.1098 0.1020 0.0902
v -0.022705 0.394531 0.038330 0.0078 0.1843 0.0549
v 0.022705 0.394531 0.038330 0.0471 0.2275 0.1176
v -0.102295 0.016602 0.038330 0.0235 0.2235 0.1020
v 0.102295 0.016602 0.038330 0.0353 0.2353 0.1137
v -0.071533 0.590332 0.038818 0.3804 0.4118 0.4039
v 0.000244 0.774902 0.038818 0.6589 0.4471 0.3372
v -0.005615 0.875977 0.038818 0.7176 0.5176 0.4392
v 0.005615 0.875977 0.038818 0.7059 0.5176 0.4353
v -0.001709 0.876465 0.038818 0.6667 0.4745 0.4078
v -0.006104 0.876465 0.038818 0.6745 0.4902 0.4118
v 0.000244 0.876465 0.038818 0.7294 0.5451 0.4745
v 0.001709 0.876465 0.038818 0.7294 0.5255 0.4628
v 0.006104 0.876465 0.038818 0.6589 0.4706 0.3921
v -0.001709 0.876953 0.038818 0.7059 0.5098 0.4353
v 0.001709 0.876953 0.038818 0.7490 0.5647 0.4941
v -0.008545 0.877441 0.038818 0.6000 0.4118 0.3333
v 0.008545 0.877441 0.038818 0.5961 0.4118 0.3216
v -0.008545 0.888184 0.038818 0.7176 0.5294 0.4039
v 0.008545 0.888184 0.038818 0.6980 0.5059 0.4039
v -0.008057 0.894043 0.038818 0.6941 0.4941 0.3765
v -0.011475 0.915039 0.038818 0.5412 0.3372 0.2353
v 0.011475 0.915039 0.038818 0.4196 0.2823 0.1961
v -0.013916 0.916016 0.038818 0.4353 0.2784 0.1922
v 0.013916 0.916016 0.038818 0.3294 0.2235 0.1530
v -0.024170 0.922363 0.038818 0.2118 0.1490 0.1059
v 0.024170 0.922363 0.038818 0.6276 0.4823 0.3843
v -0.016846 0.929688 0.038818 0.7568 0.5569 0.4510
v -0.012451 0.935547 0.038818 0.7333 0.5294 0.4392
v 0.012451 0.935547 0.038818 0.7333 0.5373 0.4392
v -0.034912 0.964844 0.038818 0.0549 0.0471 0.0314
v 0.006592 0.970215 0.038818 0.0353 0.0196 0.0157
v -0.029541 0.972168 0.038818 0.0667 0.0510 0.0392
v -0.007080 0.980957 0.038818 0.0471 0.0275 0.0118
v -0.015381 0.982910 0.038818 0.0627 0.0510 0.0431
v -0.025146 0.991699 0.038818 0.1294 0.1176 0.1176
v -0.024658 0.992676 0.038818 0.1882 0.1608 0.1530
v -0.098877 0.452637 0.038818 0.2314 0.2039 0.1137
v 0.098877 0.452637 0.038818 0.3294 0.2706 0.1725
v -0.012451 0.445801 0.038818 0.0039 0.1255 0.0039
v -0.042236 0.411133 0.038818 0.6824 0.4353 0.3059
v 0.042236 0.411133 0.038818 0.6785 0.4314 0.3019
v -0.059814 0.375977 0.038818 0.6902 0.4628 0.3294
v 0.059814 0.375977 0.038818 0.6589 0.4745 0.3333
v -0.150146 0.035156 0.038818 0.1176 0.2627 0.1647
v 0.150146 0.035156 0.038818 0.0392 0.2118 0.0941
v -0.077881 0.768555 0.039307 0.0706 0.2549 0.1373
v 0.077881 0.768555 0.039307 0.0118 0.2078 0.0863
v -0.025635 0.801270 0.039307 0.7647 0.5333 0.4078
v 0.025635 0.801270 0.039307 0.7764 0.5216 0.3804
v -0.006592 0.872070 0.039307 0.6315 0.4314 0.3216
v 0.006592 0.872070 0.039307 0.6706 0.4745 0.3725
v -0.006104 0.874023 0.039307 0.6824 0.4863 0.3843
v 0.006104 0.874023 0.039307 0.6785 0.4902 0.4000
v -0.003662 0.875977 0.039307 0.7255 0.5176 0.4471
v 0.003662 0.875977 0.039307 0.7412 0.5530 0.4745
v -0.009521 0.881348 0.039307 0.7372 0.5804 0.4745
v 0.009521 0.881348 0.039307 0.7451 0.5647 0.4706
v -0.007568 0.885742 0.039307 0.7255 0.5412 0.4353
v 0.007568 0.885742 0.039307 0.7216 0.5490 0.4353
v -0.007568 0.893066 0.039307 0.6980 0.4902 0.3725
v 0.007568 0.893066 0.039307 0.6863 0.4902 0.3882
v -0.008057 0.900391 0.039307 0.6745 0.4902 0.3804
v 0.008057 0.900391 0.039307 0.7216 0.5294 0.4039
v -0.006592 0.904785 0.039307 0.6785 0.4902 0.3765
v 0.006592 0.904785 0.039307 0.7255 0.5255 0.4078
v -0.017334 0.917969 0.039307 0.3333 0.2000 0.1333
v 0.017334 0.917969 0.039307 0.2353 0.1490 0.1176
v -0.021240 0.918945 0.039307 0.2980 0.1961 0.1373
v 0.021240 0.918945 0.039307 0.4353 0.3176 0.2471
v -0.020752 0.921387 0.039307 0.4392 0.2980 0.2510
v 0.020752 0.921387 0.039307 0.4941 0.3490 0.2823
v -0.019287 0.924316 0.039307 0.1020 0.0588 0.0353
v 0.019287 0.924316 0.039307 0.1020 0.0902 0.0667
v 0.016846 0.929688 0.039307 0.7960 0.6197 0.4980
v 0.010986 0.942871 0.039307 0.0157 0.0078 0.0118
v -0.040283 0.966309 0.039307 0.0588 0.0510 0.0471
v -0.045166 0.968750 0.039307 0.1020 0.0902 0.0824
v -0.040283 0.969727 0.039307 0.1137 0.0941 0.0824
v -0.034912 0.970703 0.039307 0.0824 0.0667 0.0510
v -0.021729 0.986328 0.039307 0.0471 0.0431 0.0275
v -0.025635 0.990723 0.039307 0.0745 0.0667 0.0588
v 0.011963 0.445801 0.039307 0.0353 0.2039 0.0941
v -0.019287 0.411621 0.039307 0.0039 0.1686 0.0392
v 0.019287 0.411621 0.039307 0.0471 0.2235 0.1098
v -0.063232 0.623535 0.039795 0.5843 0.5843 0.6000
v 0.063232 0.623535 0.039795 0.6039 0.6039 0.6197
v -0.004639 0.871582 0.039795 0.5961 0.4157 0.3098
v 0.004639 0.871582 0.039795 0.6315 0.4471 0.3333
v -0.001709 0.875977 0.039795 0.7255 0.5216 0.4589
v 0.000244 0.875977 0.039795 0.7412 0.5530 0.4784
v 0.001709 0.875977 0.039795 0.7490 0.5530 0.4823
v -0.004150 0.876953 0.039795 0.6745 0.4902 0.4039
v 0.003662 0.876953 0.039795 0.6785 0.4980 0.4118
v -0.009033 0.878906 0.039795 0.5647 0.3843 0.3059
v 0.009033 0.878906 0.039795 0.6315 0.4510 0.3568
v -0.007568 0.897949 0.039795 0.6745 0.4745 0.3529
v 0.007568 0.897949 0.039795 0.7020 0.5019 0.3882
v -0.015869 0.917480 0.039795 0.3765 0.2275 0.1647
v 0.015869 0.917480 0.039795 0.2471 0.1569 0.1176
v -0.008545 0.935547 0.039795 0.7020 0.4980 0.4000
v 0.008545 0.935547 0.039795 0.6079 0.4353 0.3529
v -0.024658 0.937012 0.039795 0.0392 0.0196 0.0196
v -0.029541 0.938477 0.039795 0.0275 0.0235 0.0196
v 0.004639 0.939453 0.039795 0.0431 0.0157 0.0118
v -0.035889 0.940430 0.039795 0.0431 0.0314 0.0314
v -0.008057 0.942871 0.039795 0.0510 0.0314 0.0314
v -0.040283 0.967773 0.039795 0.0627 0.0510 0.0431
v -0.014404 0.984375 0.039795 0.0980 0.0784 0.0667
v -0.019287 0.989258 0.039795 0.1216 0.1020 0.0941
v -0.024170 0.992188 0.039795 0.1451 0.1216 0.1059
v -0.104736 0.449219 0.039795 0.0314 0.2157 0.0980
v 0.104736 0.449219 0.039795 0.0235 0.2314 0.1059
v -0.015869 0.429199 0.039795 0.0000 0.1451 0.0235
v 0.015869 0.429199 0.039795 0.0471 0.2275 0.1137
v -0.072998 0.735840 0.040283 0.0314 0.2235 0.1098
v 0.072998 0.735840 0.040283 0.0314 0.2118 0.0980
v -0.002197 0.871582 0.040283 0.5921 0.4039 0.3019
v 0.000244 0.871582 0.040283 0.5961 0.4078 0.2980
v 0.002197 0.871582 0.040283 0.6079 0.4196 0.3059
v -0.004150 0.874023 0.040283 0.6785 0.4823 0.3843
v 0.004150 0.874023 0.040283 0.6745 0.4863 0.3961
v -0.002197 0.876953 0.040283 0.6824 0.4784 0.4000
v 0.002197 0.876953 0.040283 0.6902 0.5019 0.4235
v -0.006104 0.877930 0.040283 0.5137 0.3333 0.2510
v 0.006104 0.877930 0.040283 0.5569 0.3725 0.2941
v -0.005615 0.885254 0.040283 0.7137 0.5412 0.4314
v 0.005615 0.885254 0.040283 0.7333 0.5608 0.4550
v -0.007080 0.886230 0.040283 0.7176 0.5333 0.4275
v 0.007080 0.886230 0.040283 0.7020 0.5294 0.4118
v -0.007080 0.895020 0.040283 0.7176 0.5176 0.4000
v 0.007080 0.895020 0.040283 0.6745 0.4745 0.3725
v -0.005127 0.909180 0.040283 0.6785 0.4902 0.3725
v 0.005127 0.909180 0.040283 0.6785 0.4823 0.3608
v -0.005615 0.912598 0.040283 0.6393 0.4471 0.3294
v 0.005615 0.912598 0.040283 0.6118 0.4157 0.3176
v -0.013916 0.916992 0.040283 0.4039 0.2549 0.1804
v 0.013916 0.916992 0.040283 0.2471 0.1569 0.1216
v -0.017334 0.918457 0.040283 0.2549 0.1608 0.1137
v 0.017334 0.918457 0.040283 0.2314 0.1608 0.1255
v -0.020264 0.923828 0.040283 0.0667 0.0353 0.0196
v 0.020264 0.923828 0.040283 0.1255 0.1020 0.0824
v 0.028564 0.925781 0.040283 0.0667 0.0588 0.0392
v 0.018799 0.941895 0.040283 0.1137 0.0824 0.0706
v 0.010498 0.943359 0.040283 0.0078 0.0118 0.0196
v -0.033936 0.947754 0.040283 0.0510 0.0392 0.0275
v -0.031494 0.953613 0.040283 0.0549 0.0471 0.0353
v -0.020752 0.966309 0.040283 0.0314 0.0314 0.0275
v -0.034912 0.967773 0.040283 0.0549 0.0392 0.0353
v -0.029053 0.968262 0.040283 0.0431 0.0353 0.0235
v -0.022705 0.969238 0.040283 0.0510 0.0392 0.0275
v 0.101807 0.478516 0.040283 0.0314 0.2510 0.1137
v 0.104248 0.463867 0.040283 0.0314 0.2549 0.1176
v -0.038330 0.427734 0.040283 0.6706 0.4314 0.3098
v 0.038330 0.427734 0.040283 0.6785 0.4314 0.3098
v -0.109619 0.032227 0.040283 0.0431 0.2588 0.1216
v 0.109619 0.032227 0.040283 0.0588 0.2588 0.1373
v -0.065186 0.607910 0.040771 0.4784 0.4863 0.4902
v -0.002197 0.874023 0.040771 0.6706 0.4745 0.3765
v 0.000244 0.874023 0.040771 0.6667 0.4667 0.3804
v 0.002197 0.874023 0.040771 0.6706 0.4706 0.3921
v 0.000244 0.876953 0.040771 0.6863 0.5059 0.4275
v -0.006592 0.881836 0.040771 0.7490 0.5569 0.4667
v -0.006592 0.883789 0.040771 0.7294 0.5569 0.4314
v 0.006592 0.883789 0.040771 0.7451 0.5764 0.4667
v -0.005615 0.885742 0.040771 0.7020 0.5294 0.4118
v 0.005615 0.885742 0.040771 0.7137 0.5451 0.4353
v -0.007080 0.893555 0.040771 0.7176 0.5098 0.3961
v 0.007080 0.893555 0.040771 0.6980 0.5176 0.4235
v -0.006104 0.901367 0.040771 0.6824 0.4980 0.3765
v 0.006104 0.901367 0.040771 0.7059 0.5137 0.4000
v -0.011963 0.916504 0.040771 0.4628 0.3019 0.2235
v 0.011963 0.916504 0.040771 0.3098 0.2235 0.1882
v -0.017822 0.917969 0.040771 0.2823 0.1843 0.1412
v 0.017822 0.917969 0.040771 0.1451 0.1020 0.0824
v -0.021240 0.921387 0.040771 0.3568 0.2784 0.2078
v 0.021240 0.921387 0.040771 0.6276 0.4589 0.3568
v -0.016357 0.922852 0.040771 0.1490 0.1098 0.0863
v 0.016357 0.922852 0.040771 0.1176 0.1059 0.0784
v -0.016846 0.924805 0.040771 0.4000 0.2980 0.2471
v 0.016846 0.924805 0.040771 0.1490 0.1098 0.0824
v -0.011963 0.929688 0.040771 0.7608 0.5569 0.4628
v 0.011963 0.929688 0.040771 0.7686 0.5961 0.4863
v -0.021240 0.934570 0.040771 0.0353 0.0235 0.0235
v -0.004150 0.935547 0.040771 0.6824 0.4745 0.3686
v 0.000244 0.935547 0.040771 0.3686 0.2235 0.1451
v 0.004150 0.935547 0.040771 0.2275 0.1490 0.1098
v 0.018799 0.950684 0.040771 0.0078 0.0039 0.0039
v 0.014893 0.951172 0.040771 0.0235 0.0196 0.0196
v -0.026123 0.958984 0.040771 0.0275 0.0157 0.0039
v -0.004639 0.974121 0.040771 0.0824 0.0627 0.0471
v -0.019775 0.987305 0.040771 0.0902 0.0706 0.0549
v -0.025635 0.990234 0.040771 0.0863 0.0745 0.0627
v -0.024170 0.991699 0.040771 0.1216 0.1098 0.0941
v -0.027100 0.993164 0.040771 0.1333 0.1216 0.1020
v 0.099854 0.492188 0.040772 0.0275 0.2432 0.1098
v 0.106689 0.445312 0.040772 0.0314 0.2510 0.1137
v -0.035400 0.442383 0.040771 0.0078 0.0941 0.0157
v 0.035400 0.442383 0.040771 0.4157 0.2863 0.1843
v -0.107666 0.431152 0.040771 0.0235 0.2510 0.1176
v 0.107666 0.431152 0.040772 0.0235 0.2432 0.1059
v -0.094971 0.399902 0.040771 0.6980 0.4628 0.3294
v 0.094971 0.399902 0.040771 0.6941 0.4628 0.3372
v -0.124268 0.041504 0.040771 0.0588 0.1725 0.0941
v 0.124268 0.041504 0.040772 0.0471 0.1765 0.0902
v -0.123779 0.038086 0.040771 0.1843 0.2863 0.2196
v 0.123779 0.037598 0.040772 0.1412 0.2784 0.1882
v 0.065674 0.607910 0.041260 0.5490 0.5647 0.5686
v -0.006592 0.879883 0.041260 0.6039 0.4471 0.3568
v 0.006592 0.879883 0.041260 0.6980 0.5176 0.4275
v 0.006592 0.881836 0.041260 0.7490 0.5725 0.4706
v -0.008545 0.890625 0.041260 0.5921 0.3804 0.2667
v 0.008545 0.890625 0.041260 0.7059 0.4980 0.4000
v -0.006104 0.898438 0.041260 0.6980 0.4823 0.3843
v 0.006104 0.898438 0.041260 0.6902 0.4902 0.3804
v -0.005127 0.905273 0.041260 0.6863 0.4980 0.3882
v 0.005127 0.905273 0.041260 0.7098 0.5176 0.4000
v -0.010010 0.915527 0.041260 0.5098 0.3608 0.2588
v 0.010010 0.915527 0.041260 0.5216 0.4432 0.4000
v -0.016357 0.917480 0.041260 0.2863 0.1882 0.1530
v 0.016357 0.917480 0.041260 0.1412 0.1059 0.0902
v -0.016846 0.920898 0.041260 0.3608 0.2432 0.2118
v 0.016846 0.920898 0.041260 0.4510 0.3255 0.2784
v -0.032471 0.939453 0.041260 0.0118 0.0078 0.0078
v -0.028076 0.940918 0.041260 0.0157 0.0157 0.0118
v 0.015869 0.951172 0.041260 0.0196 0.0157 0.0118
v 0.013916 0.952148 0.041260 0.0471 0.0431 0.0392
v -0.023193 0.974609 0.041260 0.0627 0.0431 0.0314
v -0.024658 0.990723 0.041260 0.1059 0.0980 0.0902
v -0.100342 0.492188 0.041260 0.0431 0.2392 0.1098
v -0.110596 0.413574 0.041260 0.0353 0.2432 0.1176
v 0.110596 0.413574 0.041260 0.0392 0.2392 0.1216
v -0.113525 0.391602 0.041260 0.2510 0.2588 0.1804
v 0.113525 0.391602 0.041260 0.1725 0.2510 0.1647
v -0.115479 0.036621 0.041260 0.0745 0.2863 0.1490
v 0.115479 0.036621 0.041260 0.0902 0.2823 0.1569
v -0.171631 0.009766 0.041260 0.0118 0.1765 0.0588
v 0.171631 0.009766 0.041260 0.2627 0.4000 0.3059
v -0.170654 0.004395 0.041260 0.0118 0.1961 0.0824
v 0.170654 0.004395 0.041260 0.0078 0.1765 0.0588
v -0.167725 0.002441 0.041260 0.0314 0.1961 0.0863
v 0.167725 0.002441 0.041260 0.0039 0.1490 0.0392
v -0.098877 0.503418 0.041748 0.0431 0.2549 0.1216
v -0.097900 0.509766 0.041748 0.0314 0.2314 0.1098
v 0.096436 0.516113 0.041748 0.0157 0.2392 0.1059
v -0.093018 0.527832 0.041748 0.0431 0.2471 0.1137
v -0.077881 0.580566 0.041748 0.0745 0.2863 0.1608
v 0.077881 0.580566 0.041748 0.0392 0.2863 0.1333
v 0.066650 0.589844 0.041748 0.3372 0.3843 0.3686
v -0.037842 0.796387 0.041748 0.4745 0.3490 0.2823
v 0.037842 0.796387 0.041748 0.8039 0.7176 0.7333
v -0.004150 0.878418 0.041748 0.4980 0.3137 0.2275
v 0.004150 0.878418 0.041748 0.5255 0.3372 0.2588
v -0.004150 0.883301 0.041748 0.7137 0.5451 0.4314
v 0.004150 0.883301 0.041748 0.7372 0.5647 0.4589
v -0.003662 0.884766 0.041748 0.6980 0.5176 0.3961
v 0.003662 0.884766 0.041748 0.7333 0.5490 0.4589
v -0.004150 0.887207 0.041748 0.6902 0.5098 0.3843
v 0.004150 0.887207 0.041748 0.7176 0.5373 0.4157
v -0.008545 0.888184 0.041748 0.6432 0.4235 0.3294
v 0.008545 0.888184 0.041748 0.5608 0.3647 0.2549
v -0.007568 0.914551 0.041748 0.5804 0.3961 0.2863
v -0.008057 0.914551 0.041748 0.5530 0.3725 0.2784
v 0.007568 0.914551 0.041748 0.5255 0.3686 0.2745
v 0.008057 0.914551 0.041748 0.4784 0.3882 0.3176
v -0.014404 0.916992 0.041748 0.3372 0.2235 0.1765
v 0.014404 0.916992 0.041748 0.1530 0.1059 0.0745
v -0.013428 0.917480 0.041748 0.4510 0.2980 0.2196
v 0.013428 0.917480 0.041748 0.4118 0.2863 0.2235
v -0.014893 0.922363 0.041748 0.2823 0.2118 0.1686
v 0.014893 0.922363 0.041748 0.1373 0.1020 0.0667
v -0.004150 0.936523 0.041748 0.1451 0.1020 0.0824
v 0.012939 0.954102 0.041748 0.0392 0.0353 0.0275
v -0.028564 0.955078 0.041748 0.0314 0.0235 0.0118
v 0.012451 0.955078 0.041748 0.0235 0.0196 0.0118
v -0.015869 0.977539 0.041748 0.0706 0.0588 0.0431
v -0.103760 0.478516 0.041748 0.0392 0.2588 0.1216
v 0.109619 0.427246 0.041748 0.0314 0.2510 0.1137
v -0.056885 0.393555 0.041748 0.6902 0.4471 0.3176
v 0.056885 0.393555 0.041748 0.6863 0.4510 0.3176
v -0.137939 0.036621 0.041748 0.2157 0.3608 0.2667
v 0.137939 0.036133 0.041748 0.0902 0.2549 0.1451
v -0.104736 0.024414 0.041748 0.0275 0.2432 0.1098
v 0.104736 0.024414 0.041748 0.0471 0.2667 0.1294
v -0.170166 0.012695 0.041748 0.5412 0.5764 0.5530
v 0.170166 0.012695 0.041748 0.0118 0.1412 0.0471
v -0.169189 0.010742 0.041748 0.1020 0.2039 0.1216
v 0.169189 0.010742 0.041748 0.5686 0.6824 0.6000
v -0.067139 0.589844 0.042236 0.2667 0.3098 0.2941
v -0.010498 0.789551 0.042236 0.7608 0.5059 0.3765
v 0.010498 0.789551 0.042236 0.7764 0.4980 0.3608
v -0.002197 0.878418 0.042236 0.5098 0.3176 0.2353
v 0.000244 0.878418 0.042236 0.5216 0.3294 0.2432
v 0.002197 0.878418 0.042236 0.5098 0.3255 0.2392
v -0.004150 0.881836 0.042236 0.7294 0.5490 0.4432
v 0.004150 0.881836 0.042236 0.7294 0.5647 0.4628
v -0.003174 0.885742 0.042236 0.6745 0.5059 0.3843
v 0.003174 0.885742 0.042236 0.7098 0.5451 0.4314
v -0.006104 0.886719 0.042236 0.6902 0.5059 0.3961
v -0.007080 0.886719 0.042236 0.6902 0.4980 0.3921
v 0.006104 0.886719 0.042236 0.7059 0.5255 0.4078
v 0.007080 0.886719 0.042236 0.6706 0.5019 0.3882
v -0.003174 0.887207 0.042236 0.6863 0.5019 0.3765
v 0.003174 0.887207 0.042236 0.7098 0.5255 0.4157
v -0.004639 0.887695 0.042236 0.7020 0.5098 0.3843
v 0.004639 0.887695 0.042236 0.7059 0.5294 0.4118
v -0.006104 0.895020 0.042236 0.7176 0.5176 0.4039
v 0.006104 0.895020 0.042236 0.6863 0.4902 0.3921
v -0.006592 0.914551 0.042236 0.5804 0.4039 0.3059
v 0.006592 0.914551 0.042236 0.4392 0.3176 0.2510
v -0.017822 0.919922 0.042236 0.2706 0.2157 0.1725
v 0.017822 0.919922 0.042236 0.4510 0.3294 0.2549
v -0.017334 0.922363 0.042236 0.1059 0.0824 0.0510
v 0.017334 0.922363 0.042236 0.2275 0.1765 0.1412
v -0.008057 0.929688 0.042236 0.7568 0.5608 0.4550
v 0.008057 0.929688 0.042236 0.7372 0.5530 0.4510
v -0.014404 0.937988 0.042236 0.0510 0.0314 0.0196
v 0.013916 0.937988 0.042236 0.1294 0.0941 0.0745
v 0.011963 0.938477 0.042236 0.1020 0.0745 0.0549
v 0.008545 0.965820 0.042236 0.0353 0.0196 0.0078
v -0.107178 0.463867 0.042236 0.0353 0.2510 0.1137
v -0.109131 0.444824 0.042236 0.0314 0.2471 0.1176
v -0.110596 0.427246 0.042236 0.0392 0.2588 0.1255
v -0.169678 0.017090 0.042236 0.0000 0.2157 0.0706
v 0.169678 0.017090 0.042236 0.0392 0.2353 0.1098
v 0.100342 0.503906 0.042725 0.0353 0.2706 0.1294
v -0.097412 0.518555 0.042725 0.0510 0.2784 0.1412
v 0.094482 0.528809 0.042725 0.0157 0.2510 0.1098
v -0.089600 0.542969 0.042725 0.0392 0.2549 0.1176
v 0.089600 0.543457 0.042725 0.0235 0.2549 0.1098
v -0.068115 0.592285 0.042725 0.6550 0.6354 0.6628
v 0.068115 0.592285 0.042725 0.6197 0.6079 0.6276
v -0.004639 0.880371 0.042725 0.6354 0.4589 0.3765
v 0.004639 0.880371 0.042725 0.6706 0.4902 0.3961
v 0.000244 0.881348 0.042725 0.7137 0.5255 0.4275
v -0.001709 0.882812 0.042725 0.7216 0.5412 0.4392
v 0.000244 0.882812 0.042725 0.7372 0.5569 0.4550
v 0.001709 0.882812 0.042725 0.7255 0.5608 0.4510
v -0.005127 0.901855 0.042725 0.6980 0.5137 0.3961
v 0.005127 0.901855 0.042725 0.7020 0.5059 0.3882
v -0.010010 0.916016 0.042725 0.4902 0.3294 0.2432
v -0.012451 0.916016 0.042725 0.3451 0.2235 0.1686
v 0.010010 0.916016 0.042725 0.5019 0.3451 0.2549
v 0.012451 0.916016 0.042725 0.2432 0.1922 0.1686
v -0.016357 0.919434 0.042725 0.1725 0.1255 0.0902
v 0.016357 0.919434 0.042725 0.3176 0.2471 0.2039
v -0.012939 0.921387 0.042725 0.2745 0.1961 0.1530
v 0.012939 0.921387 0.042725 0.1255 0.0824 0.0588
v -0.015869 0.921875 0.042725 0.2000 0.1451 0.1098
v 0.015869 0.921875 0.042725 0.2549 0.1882 0.1412
v -0.011963 0.924316 0.042725 0.4392 0.3255 0.2667
v 0.011963 0.924316 0.042725 0.3333 0.2667 0.2118
v -0.004150 0.929688 0.042725 0.7098 0.5098 0.4235
v 0.000244 0.929688 0.042725 0.5921 0.4471 0.3451
v 0.004150 0.929688 0.042725 0.5725 0.4275 0.3568
v -0.008545 0.938965 0.042725 0.0431 0.0314 0.0314
v 0.010010 0.939453 0.042725 0.0627 0.0431 0.0314
v 0.019287 0.943848 0.042725 0.1686 0.1294 0.0980
v -0.027100 0.945801 0.042725 0.0314 0.0275 0.0275
v -0.030029 0.946777 0.042725 0.0510 0.0392 0.0275
v -0.026123 0.949219 0.042725 0.0353 0.0275 0.0157
v -0.028076 0.951660 0.042725 0.0314 0.0118 0.0039
v 0.009521 0.962891 0.042725 0.0314 0.0275 0.0157
v 0.113037 0.408691 0.042725 0.0431 0.2588 0.1333
v 0.087158 0.556152 0.043213 0.0275 0.2627 0.1176
v -0.083252 0.568848 0.043213 0.0588 0.2784 0.1412
v 0.083252 0.568848 0.043213 0.0314 0.2745 0.1294
v 0.000244 0.879883 0.043213 0.6118 0.4235 0.3372
v -0.002197 0.880371 0.043213 0.6432 0.4628 0.3725
v 0.002197 0.880371 0.043213 0.6276 0.4471 0.3529
v -0.002197 0.881836 0.043213 0.7490 0.5647 0.4628
v 0.002197 0.881836 0.043213 0.7333 0.5490 0.4353
v 0.000244 0.883789 0.043213 0.7255 0.5333 0.4235
v -0.001709 0.884277 0.043213 0.6980 0.5137 0.4118
v 0.001709 0.884277 0.043213 0.7098 0.5412 0.4235
v -0.003174 0.888184 0.043213 0.6902 0.4980 0.3765
v -0.004639 0.888184 0.043213 0.6980 0.5019 0.3843
v 0.003174 0.888184 0.043213 0.6902 0.4980 0.3725
v 0.004639 0.888184 0.043213 0.7020 0.5137 0.4039
v -0.006592 0.893555 0.043213 0.7020 0.4863 0.3686
v 0.006592 0.893555 0.043213 0.7333 0.5373 0.4471
v -0.005127 0.899414 0.043213 0.7137 0.5216 0.4078
v 0.005127 0.899414 0.043213 0.6785 0.4941 0.3765
v -0.004150 0.909180 0.043213 0.7137 0.5373 0.4235
v 0.004150 0.909180 0.043213 0.6745 0.5019 0.3843
v -0.004639 0.912598 0.043213 0.6941 0.5176 0.4078
v 0.004639 0.912598 0.043213 0.6197 0.4432 0.3412
v -0.010498 0.915527 0.043213 0.4118 0.2823 0.2078
v 0.010498 0.915527 0.043213 0.6471 0.6315 0.5961
v -0.012451 0.919922 0.043213 0.2980 0.2078 0.1686
v 0.012451 0.919922 0.043213 0.2627 0.2000 0.1451
v -0.011475 0.920898 0.043213 0.2627 0.1804 0.1333
v 0.011475 0.920898 0.043213 0.1294 0.0902 0.0549
v -0.027588 0.932617 0.043213 0.0353 0.0157 0.0157
v 0.001709 0.935059 0.043213 0.0314 0.0275 0.0235
v -0.113037 0.408691 0.043213 0.0392 0.2510 0.1294
v -0.115967 0.393555 0.043213 0.0392 0.1922 0.0941
v 0.115967 0.393555 0.043213 0.0235 0.2235 0.1098
v -0.168213 0.022949 0.043213 0.0314 0.2627 0.1137
v 0.168213 0.022949 0.043213 0.0471 0.2863 0.1255
v -0.087158 0.556152 0.043701 0.0510 0.2627 0.1255
v -0.042725 0.793945 0.043701 0.1333 0.2353 0.1882
v 0.042725 0.793945 0.043701 0.1451 0.2980 0.1765
v -0.038818 0.796875 0.043701 0.5725 0.5647 0.5490
v 0.038818 0.796875 0.043701 0.5921 0.5686 0.5490
v 0.000244 0.884277 0.043701 0.7176 0.5255 0.4118
v -0.001709 0.884766 0.043701 0.6863 0.5019 0.3921
v 0.001709 0.884766 0.043701 0.7137 0.5294 0.4078
v -0.002197 0.886719 0.043701 0.6863 0.4941 0.3647
v 0.002197 0.886719 0.043701 0.6980 0.5137 0.3961
v -0.004150 0.905762 0.043701 0.7216 0.5373 0.4275
v 0.004150 0.905762 0.043701 0.7020 0.5059 0.3882
v -0.007568 0.914062 0.043701 0.5686 0.3804 0.2823
v 0.007568 0.914062 0.043701 0.4353 0.3333 0.2745
v -0.008545 0.914551 0.043701 0.5373 0.3647 0.2706
v 0.008545 0.914551 0.043701 0.4550 0.3843 0.3372
v -0.014404 0.918457 0.043701 0.2235 0.1569 0.1255
v 0.014404 0.918457 0.043701 0.1412 0.1059 0.0824
v -0.013916 0.920898 0.043701 0.2823 0.1922 0.1530
v 0.013916 0.920898 0.043701 0.3490 0.2667 0.2235
v -0.025146 0.931152 0.043701 0.0392 0.0235 0.0196
v 0.015869 0.937988 0.043701 0.2706 0.2000 0.1725
v 0.013428 0.958008 0.043701 0.0235 0.0196 0.0078
v 0.011475 0.961426 0.043701 0.0157 0.0118 0.0039
v -0.026123 0.962891 0.043701 0.0353 0.0196 0.0078
v -0.124756 0.036133 0.043701 0.2941 0.4275 0.3372
v 0.124756 0.036133 0.043701 0.2157 0.3490 0.2549
v -0.110107 0.030762 0.043701 0.0196 0.2392 0.1020
v 0.110107 0.030762 0.043701 0.0196 0.2432 0.1137
v -0.054443 0.625000 0.044189 0.6157 0.6276 0.6354
v 0.054443 0.625000 0.044189 0.6079 0.6118 0.6236
v -0.005615 0.887207 0.044189 0.6902 0.4784 0.3725
v -0.006592 0.887207 0.044189 0.6628 0.4745 0.3686
v 0.005615 0.887207 0.044189 0.6863 0.5059 0.3921
v 0.006592 0.887207 0.044189 0.6628 0.4823 0.3647
v -0.007568 0.891113 0.044189 0.5725 0.3568 0.2549
v 0.007568 0.891113 0.044189 0.6941 0.4902 0.3765
v -0.005127 0.895996 0.044189 0.7451 0.5490 0.4353
v 0.005127 0.895996 0.044189 0.6941 0.5019 0.4039
v -0.002197 0.913086 0.044189 0.7647 0.5843 0.4745
v 0.000244 0.913086 0.044189 0.7216 0.5451 0.4235
v 0.002197 0.913086 0.044189 0.6432 0.4589 0.3529
v -0.005615 0.915039 0.044189 0.6276 0.4510 0.3372
v 0.005615 0.915039 0.044189 0.4550 0.3294 0.2392
v -0.005615 0.916504 0.044189 0.6157 0.4314 0.3372
v 0.005615 0.916504 0.044189 0.4628 0.3333 0.2627
v -0.012451 0.917969 0.044189 0.2039 0.1412 0.0980
v 0.012451 0.917969 0.044189 0.1137 0.0784 0.0510
v -0.009521 0.920410 0.044189 0.3294 0.2196 0.1608
v 0.009521 0.920410 0.044189 0.1490 0.1137 0.0824
v -0.008057 0.923828 0.044189 0.7255 0.5451 0.4353
v 0.008057 0.923828 0.044189 0.7020 0.5725 0.4784
v 0.009033 0.940430 0.044189 0.0314 0.0157 0.0196
v -0.031006 0.955566 0.044189 0.0510 0.0471 0.0314
v 0.000244 0.965820 0.044189 0.0863 0.0706 0.0510
v -0.116455 0.034668 0.044189 0.1137 0.2941 0.1804
v 0.116455 0.034668 0.044189 0.0471 0.2706 0.1255
v -0.053467 0.668945 0.044678 0.0314 0.2118 0.1020
v 0.053467 0.668945 0.044678 0.0314 0.2235 0.1098
v 0.000244 0.884766 0.044678 0.7137 0.5176 0.4118
v -0.001709 0.885254 0.044678 0.6941 0.5098 0.3882
v 0.001709 0.885254 0.044678 0.7098 0.5176 0.3921
v -0.004150 0.888184 0.044678 0.6667 0.4784 0.3608
v 0.004150 0.888184 0.044678 0.6785 0.4745 0.3568
v -0.007568 0.888672 0.044678 0.6236 0.4157 0.3059
v 0.007568 0.888672 0.044678 0.5686 0.3765 0.2667
v -0.003662 0.902832 0.044678 0.7137 0.5412 0.4392
v 0.003662 0.902832 0.044678 0.6902 0.5098 0.3921
v -0.002197 0.909668 0.044678 0.7608 0.5843 0.4706
v 0.000244 0.909668 0.044678 0.7294 0.5333 0.4275
v 0.002197 0.909668 0.044678 0.6745 0.4902 0.3647
v -0.007568 0.919434 0.044678 0.5412 0.4000 0.3019
v 0.007568 0.919434 0.044678 0.2745 0.2196 0.1490
v -0.011963 0.920410 0.044678 0.3059 0.2118 0.1647
v 0.011963 0.920410 0.044678 0.2941 0.2235 0.1725
v -0.005615 0.933105 0.044678 0.1020 0.0784 0.0706
v -0.018799 0.934570 0.044678 0.0275 0.0275 0.0157
v -0.030518 0.934570 0.044678 0.0157 0.0118 0.0078
v -0.010498 0.941406 0.044678 0.0471 0.0275 0.0275
v 0.011963 0.946289 0.044678 0.0314 0.0275 0.0235
v -0.030029 0.951172 0.044678 0.0235 0.0157 0.0118
v -0.001221 0.970703 0.044678 0.0196 0.0157 0.0078
v -0.020752 0.976562 0.044678 0.1020 0.0863 0.0745
v -0.081787 0.396973 0.044678 0.6902 0.4510 0.3216
v 0.081787 0.396973 0.044678 0.6863 0.4510 0.3176
v -0.069580 0.395020 0.044678 0.6863 0.4550 0.3216
v 0.069580 0.395020 0.044678 0.6941 0.4589 0.3216
v -0.070068 0.579102 0.045166 0.0588 0.2549 0.1373
v 0.070068 0.579102 0.045166 0.0471 0.2275 0.1216
v -0.026123 0.792480 0.045166 0.7725 0.5333 0.4118
v 0.026123 0.792480 0.045166 0.7490 0.5216 0.4118
v -0.002197 0.887695 0.045166 0.6667 0.4823 0.3725
v 0.002197 0.887695 0.045166 0.6863 0.4902 0.3608
v -0.003174 0.888184 0.045166 0.6745 0.4823 0.3686
v 0.003174 0.888184 0.045166 0.6589 0.4706 0.3490
v -0.002197 0.906250 0.045166 0.7529 0.5764 0.4628
v 0.002197 0.906250 0.045166 0.6980 0.5059 0.3882
v -0.003174 0.915527 0.045166 0.7020 0.5255 0.4118
v 0.000244 0.915527 0.045166 0.7059 0.5176 0.3961
v 0.003174 0.915527 0.045166 0.5647 0.3843 0.2823
v -0.010498 0.916992 0.045166 0.3725 0.2392 0.1843
v 0.010498 0.916992 0.045166 0.2902 0.2549 0.2118
v -0.007568 0.918945 0.045166 0.5608 0.4039 0.3019
v 0.007568 0.918945 0.045166 0.3333 0.2627 0.2078
v -0.006104 0.919434 0.045166 0.6354 0.4706 0.3686
v 0.006104 0.919434 0.045166 0.2980 0.2039 0.1333
v -0.010010 0.919922 0.045166 0.3255 0.2157 0.1569
v 0.010010 0.919922 0.045166 0.2863 0.2235 0.1608
v -0.004150 0.923340 0.045166 0.7451 0.5608 0.4471
v 0.000244 0.923340 0.045166 0.7529 0.5686 0.4628
v 0.004150 0.923340 0.045166 0.7608 0.6039 0.4902
v 0.011475 0.934570 0.045166 0.4823 0.3333 0.2510
v 0.010010 0.935059 0.045166 0.4039 0.2745 0.2157
v 0.017334 0.945801 0.045166 0.4157 0.2627 0.1804
v 0.014404 0.946289 0.045166 0.0196 0.0039 0.0039
v -0.020264 0.965332 0.045166 0.0784 0.0667 0.0549
v -0.000244 0.967773 0.045166 0.0706 0.0549 0.0431
v -0.028076 0.970703 0.045166 0.0314 0.0196 0.0157
v -0.028076 0.974609 0.045166 0.0863 0.0706 0.0549
v 0.027588 0.442871 0.045166 0.0039 0.1530 0.0588
v -0.093994 0.418945 0.045166 0.6980 0.4510 0.3216
v 0.093994 0.418945 0.045166 0.7059 0.4589 0.3294
v -0.163330 0.029297 0.045166 0.0667 0.3019 0.1451
v 0.163330 0.029297 0.045166 0.0314 0.2823 0.1137
v 0.005127 0.886719 0.045654 0.6980 0.5098 0.4039
v -0.005127 0.887207 0.045654 0.6706 0.4784 0.3647
v -0.005615 0.893555 0.045654 0.7216 0.5059 0.3921
v 0.005615 0.893555 0.045654 0.7176 0.5294 0.4196
v -0.003662 0.899902 0.045654 0.7451 0.5647 0.4628
v 0.003662 0.899902 0.045654 0.6745 0.5059 0.3804
v 0.000244 0.906738 0.045654 0.7137 0.5294 0.4196
v -0.007080 0.916016 0.045654 0.5804 0.4039 0.2980
v -0.008057 0.916016 0.045654 0.5451 0.3725 0.2784
v 0.007080 0.916016 0.045654 0.3568 0.2667 0.2039
v 0.008057 0.916016 0.045654 0.3412 0.2549 0.2000
v -0.009521 0.935059 0.045654 0.0902 0.0667 0.0510
v 0.008545 0.936035 0.045654 0.1882 0.1333 0.0980
v 0.010986 0.948242 0.045654 0.0431 0.0353 0.0353
v 0.002197 0.965820 0.045654 0.0824 0.0588 0.0431
v -0.012939 0.972656 0.045654 0.0706 0.0510 0.0353
v -0.053467 0.412109 0.045654 0.6785 0.4432 0.3098
v 0.053467 0.412109 0.045654 0.6745 0.4353 0.3137
v -0.137939 0.001465 0.045654 0.0275 0.2275 0.0980
v 0.137939 0.001465 0.045654 0.0235 0.2157 0.0902
v -0.051514 0.645508 0.046143 0.0314 0.2353 0.1098
v 0.051514 0.645508 0.046143 0.0353 0.2275 0.1137
v -0.053467 0.656738 0.046143 0.0314 0.2118 0.1020
v 0.053467 0.656738 0.046143 0.0353 0.2157 0.1059
v -0.003662 0.918945 0.046143 0.6902 0.5137 0.4000
v -0.007080 0.918945 0.046143 0.5569 0.3921 0.2941
v -0.008057 0.918945 0.046143 0.4745 0.3216 0.2353
v 0.000244 0.918945 0.046143 0.6745 0.5059 0.4039
v 0.003662 0.918945 0.046143 0.2432 0.1569 0.0902
v 0.007080 0.918945 0.046143 0.4078 0.3019 0.2235
v 0.008057 0.918945 0.046143 0.4157 0.3098 0.2392
v -0.001709 0.931152 0.046143 0.0353 0.0275 0.0275
v 0.016357 0.938965 0.046143 0.1765 0.1569 0.1333
v 0.009033 0.950195 0.046143 0.0235 0.0235 0.0157
v 0.007568 0.951172 0.046143 0.0314 0.0275 0.0196
v -0.073486 0.745605 0.046631 0.0392 0.2392 0.1176
v 0.073486 0.745605 0.046631 0.0353 0.2353 0.1137
v -0.031006 0.790039 0.046631 0.5451 0.4784 0.4471
v 0.031006 0.790039 0.046631 0.7216 0.6745 0.6745
v -0.005615 0.887695 0.046631 0.6550 0.4706 0.3608
v 0.005615 0.887695 0.046631 0.6980 0.5137 0.3961
v -0.006104 0.891602 0.046631 0.6432 0.4235 0.3098
v 0.006104 0.891602 0.046631 0.6863 0.4941 0.3882
v -0.003662 0.896484 0.046631 0.7843 0.6039 0.5019
v 0.003662 0.896484 0.046631 0.7020 0.5176 0.4039
v -0.002197 0.903320 0.046631 0.7372 0.5569 0.4510
v 0.002197 0.903320 0.046631 0.6824 0.5059 0.4000
v -0.030029 0.928223 0.046631 0.0588 0.0431 0.0353
v -0.023193 0.931641 0.046631 0.0392 0.0353 0.0275
v 0.012939 0.934570 0.046631 0.4667 0.3333 0.2667
v -0.010986 0.937012 0.046631 0.0392 0.0314 0.0235
v 0.008057 0.937012 0.046631 0.1255 0.0824 0.0706
v -0.012451 0.937988 0.046631 0.0314 0.0275 0.0196
v -0.092041 0.436523 0.046631 0.6902 0.4510 0.3176
v 0.092041 0.436523 0.046631 0.6863 0.4471 0.3255
v -0.054932 0.625000 0.047119 0.5764 0.5804 0.5843
v 0.054932 0.625000 0.047119 0.6000 0.6079 0.6079
v -0.003662 0.886719 0.047119 0.6824 0.4902 0.3765
v 0.003662 0.886719 0.047119 0.7176 0.5255 0.4235
v -0.006104 0.889160 0.047119 0.5725 0.3804 0.2784
v 0.006104 0.889160 0.047119 0.6785 0.4784 0.3686
v 0.000244 0.903320 0.047119 0.7137 0.5333 0.4314
v -0.028564 0.927734 0.047119 0.0627 0.0471 0.0431
v -0.031494 0.929199 0.047119 0.0588 0.0510 0.0353
v 0.008057 0.932129 0.047119 0.5961 0.4275 0.3490
v 0.010498 0.941406 0.047119 0.0039 0.0000 0.0000
v -0.028564 0.948730 0.047119 0.0510 0.0392 0.0275
v -0.031006 0.959473 0.047119 0.0784 0.0667 0.0471
v -0.004639 0.965332 0.047119 0.0941 0.0745 0.0588
v 0.072998 0.566895 0.047607 0.0392 0.2667 0.1294
v -0.058838 0.588867 0.047607 0.1373 0.2432 0.1804
v -0.053467 0.636230 0.047607 0.0118 0.2039 0.0824
v 0.053467 0.636230 0.047607 0.0157 0.2157 0.0941
v 0.000244 0.885254 0.047607 0.7020 0.5176 0.4157
v -0.002197 0.885742 0.047607 0.6902 0.5098 0.3921
v 0.002197 0.885742 0.047607 0.7176 0.5333 0.4157
v -0.002197 0.900391 0.047607 0.7529 0.5764 0.4706
v 0.002197 0.900391 0.047607 0.6980 0.5176 0.4039
v -0.007568 0.929199 0.047607 0.0863 0.0667 0.0549
v 0.009033 0.931641 0.047607 0.6236 0.4550 0.3686
v 0.007080 0.932617 0.047607 0.5137 0.3686 0.3019
v 0.005127 0.935547 0.047607 0.1137 0.0784 0.0627
v -0.015869 0.938477 0.047607 0.0667 0.0431 0.0235
v 0.009521 0.941895 0.047607 0.0549 0.0431 0.0392
v -0.030518 0.942871 0.047607 0.0392 0.0353 0.0157
v -0.004150 0.964355 0.047607 0.0980 0.0824 0.0588
v 0.005615 0.964355 0.047607 0.0471 0.0314 0.0196
v -0.026123 0.967285 0.047607 0.0314 0.0314 0.0235
v -0.154053 0.033691 0.047607 0.0392 0.2784 0.1216
v 0.154053 0.033691 0.047607 0.0353 0.2784 0.1176
v -0.072998 0.566895 0.048096 0.0510 0.2823 0.1412
v -0.056885 0.780273 0.048096 0.0314 0.2432 0.1098
v 0.056885 0.780273 0.048096 0.0431 0.2471 0.1255
v -0.010498 0.781738 0.048096 0.7490 0.5255 0.4078
v 0.010498 0.781738 0.048096 0.7255 0.5216 0.4039
v 0.000244 0.900391 0.048096 0.7216 0.5451 0.4353
v -0.014404 0.935547 0.048096 0.0353 0.0196 0.0078
v -0.031982 0.936035 0.048096 0.0235 0.0157 0.0157
v -0.016357 0.937500 0.048096 0.0510 0.0353 0.0235
v 0.014893 0.940918 0.048096 0.4941 0.3490 0.2667
v 0.011963 0.941895 0.048096 0.0078 0.0000 0.0039
v -0.035889 0.953613 0.048096 0.0824 0.0784 0.0627
v -0.024170 0.962402 0.048096 0.0471 0.0431 0.0275
v -0.004639 0.966797 0.048096 0.0902 0.0784 0.0588
v -0.026123 0.976074 0.048096 0.0902 0.0706 0.0667
v 0.000244 0.487793 0.048096 0.0039 0.1451 0.0471
v -0.089600 0.450684 0.048096 0.1255 0.1412 0.0627
v 0.089600 0.450684 0.048096 0.0863 0.1216 0.0627
v 0.057373 0.588867 0.048584 0.2667 0.3372 0.3019
v -0.053467 0.623047 0.048584 0.5961 0.6000 0.6039
v 0.053467 0.623047 0.048584 0.5647 0.5686 0.5804
v -0.004150 0.887207 0.048584 0.6589 0.4745 0.3686
v 0.004150 0.887207 0.048584 0.7137 0.5412 0.4235
v -0.004639 0.894043 0.048584 0.7451 0.5686 0.4550
v 0.004639 0.894043 0.048584 0.7216 0.5490 0.4353
v -0.004639 0.927734 0.048584 0.0588 0.0392 0.0353
v -0.027588 0.927734 0.048584 0.0627 0.0471 0.0431
v -0.010986 0.931152 0.048584 0.1490 0.1137 0.0941
v 0.010010 0.931152 0.048584 0.6157 0.4392 0.3490
v 0.006592 0.933105 0.048584 0.3686 0.2471 0.2078
v 0.013428 0.935059 0.048584 0.2000 0.1804 0.1490
v -0.035400 0.950684 0.048584 0.0275 0.0196 0.0078
v -0.009521 0.964844 0.048584 0.0902 0.0745 0.0588
v -0.018311 0.972656 0.048584 0.0980 0.0784 0.0667
v -0.050537 0.429199 0.048584 0.6785 0.4432 0.3137
v 0.050537 0.429199 0.048584 0.6745 0.4392 0.3059
v 0.054443 0.607422 0.049072 0.5569 0.5725 0.5764
v -0.056885 0.722168 0.049072 0.0235 0.1961 0.0941
v 0.056885 0.722168 0.049072 0.0235 0.1961 0.0902
v 0.000244 0.781250 0.049072 0.4235 0.3216 0.2471
v -0.021729 0.785645 0.049072 0.5921 0.4275 0.3451
v 0.021729 0.785645 0.049072 0.7451 0.5921 0.5137
v -0.031982 0.790527 0.049072 0.6628 0.6510 0.6393
v 0.031982 0.790527 0.049072 0.7725 0.7098 0.7059
v -0.002197 0.897461 0.049072 0.7960 0.6236 0.5255
v 0.002197 0.897461 0.049072 0.7176 0.5333 0.4275
v 0.006592 0.928711 0.049072 0.6941 0.5137 0.4235
v 0.005127 0.929199 0.049072 0.6589 0.4823 0.4039
v 0.005615 0.929199 0.049072 0.6785 0.5019 0.4118
v -0.031982 0.929688 0.049072 0.0549 0.0471 0.0314
v -0.016357 0.932617 0.049072 0.0667 0.0510 0.0431
v -0.011963 0.933594 0.049072 0.0549 0.0353 0.0275
v 0.008545 0.937500 0.049072 0.0745 0.0549 0.0471
v -0.016357 0.939941 0.049072 0.0863 0.0588 0.0431
v -0.007568 0.959961 0.049072 0.0745 0.0549 0.0392
v -0.032471 0.971680 0.049072 0.0588 0.0471 0.0353
v -0.032471 0.974609 0.049072 0.0980 0.0824 0.0627
v -0.054932 0.607422 0.049561 0.5608 0.5764 0.5843
v -0.056396 0.683105 0.049561 0.0275 0.2196 0.1020
v 0.056396 0.683105 0.049561 0.0314 0.2235 0.1098
v -0.068115 0.762207 0.049561 0.0431 0.2432 0.1216
v 0.068115 0.762207 0.049561 0.0353 0.2471 0.1216
v -0.005127 0.891602 0.049561 0.6432 0.4628 0.3451
v 0.005127 0.891602 0.049561 0.6432 0.4628 0.3490
v -0.031006 0.924316 0.049561 0.0902 0.0667 0.0588
v 0.004639 0.929688 0.049561 0.6432 0.4745 0.3882
v -0.017822 0.933594 0.049561 0.0392 0.0353 0.0353
v -0.019775 0.937012 0.049561 0.3804 0.2510 0.1804
v -0.012451 0.944824 0.049561 0.0392 0.0314 0.0235
v 0.008057 0.944824 0.049561 0.0118 0.0196 0.0118
v 0.004150 0.948242 0.049561 0.0627 0.0549 0.0431
v -0.009033 0.948730 0.049561 0.0392 0.0275 0.0196
v 0.005127 0.959473 0.049561 0.0392 0.0235 0.0196
v -0.016846 0.964355 0.049561 0.0588 0.0471 0.0392
v -0.038818 0.380371 0.049561 0.0314 0.1922 0.0980
v 0.038818 0.380371 0.049561 0.0745 0.2157 0.1216
v -0.075928 0.554688 0.050049 0.0431 0.2667 0.1294
v 0.075928 0.554688 0.050049 0.0471 0.2706 0.1333
v -0.002686 0.887207 0.050049 0.5921 0.4235 0.3098
v 0.002686 0.887207 0.050049 0.7059 0.5333 0.4196
v -0.005127 0.889160 0.050049 0.5764 0.3921 0.2902
v 0.005127 0.889160 0.050049 0.6785 0.5059 0.3921
v 0.000244 0.897949 0.050049 0.7608 0.5804 0.4745
v -0.009521 0.925293 0.050049 0.4235 0.3137 0.2667
v -0.027588 0.928223 0.050049 0.0627 0.0471 0.0392
v 0.007080 0.928711 0.050049 0.7059 0.5216 0.4353
v 0.000732 0.931152 0.050049 0.2235 0.1725 0.1451
v -0.015381 0.931641 0.050049 0.1608 0.1294 0.1098
v 0.010010 0.931641 0.050049 0.6079 0.4471 0.3568
v -0.023682 0.932617 0.050049 0.0471 0.0392 0.0275
v 0.006592 0.933594 0.050049 0.3451 0.2627 0.2118
v 0.011963 0.936523 0.050049 0.4745 0.3412 0.2588
v 0.010010 0.937500 0.050049 0.0627 0.0275 0.0078
v -0.015869 0.938965 0.050049 0.0510 0.0353 0.0314
v 0.005615 0.947266 0.050049 0.0196 0.0196 0.0157
v -0.007568 0.947754 0.050049 0.0353 0.0314 0.0275
v 0.009521 0.954102 0.050049 0.0627 0.0431 0.0314
v -0.035889 0.956543 0.050049 0.0745 0.0667 0.0471
v 0.007080 0.957520 0.050049 0.0431 0.0392 0.0235
v -0.009033 0.961914 0.050049 0.1020 0.0824 0.0667
v -0.009521 0.969238 0.050049 0.0275 0.0196 0.0118
v 0.048584 0.443848 0.050049 0.2706 0.1843 0.1176
v -0.048096 0.443359 0.050049 0.0549 0.1176 0.0392
v -0.080322 0.416016 0.050049 0.6980 0.4471 0.3255
v 0.080322 0.416016 0.050049 0.6941 0.4510 0.3216
v -0.106689 0.000000 0.050049 0.0314 0.2235 0.1020
v 0.106689 0.000000 0.050049 0.0314 0.2118 0.0941
v -0.034912 0.787109 0.050537 0.4628 0.5059 0.4863
v 0.034912 0.787109 0.050537 0.1412 0.2941 0.1765
v 0.000244 0.886719 0.050537 0.6550 0.4941 0.3882
v 0.007080 0.928711 0.050537 0.7098 0.5255 0.4353
v -0.031982 0.929688 0.050537 0.0588 0.0510 0.0392
v -0.029541 0.959473 0.050537 0.0510 0.0353 0.0235
v -0.001221 0.963867 0.050537 0.0863 0.0706 0.0588
v -0.009033 0.966309 0.050537 0.0549 0.0392 0.0314
v 0.009033 0.485840 0.050537 0.0196 0.1961 0.0824
v -0.067139 0.414062 0.050537 0.6902 0.4550 0.3216
v 0.067139 0.414062 0.050537 0.6902 0.4550 0.3137
v -0.104248 0.001953 0.050537 0.0118 0.1804 0.0824
v 0.104248 0.001953 0.050537 0.0157 0.2039 0.0941
v -0.002686 0.894531 0.051025 0.8000 0.6354 0.5373
v 0.002686 0.894531 0.051025 0.7255 0.5530 0.4471
v -0.007568 0.924316 0.051025 0.5686 0.4196 0.3568
v 0.002686 0.925293 0.051025 0.7137 0.5294 0.4353
v -0.012451 0.926758 0.051025 0.4157 0.3137 0.2549
v -0.019287 0.929688 0.051025 0.0902 0.0706 0.0549
v 0.004639 0.930176 0.051025 0.6276 0.4550 0.3608
v 0.009521 0.932617 0.051025 0.6039 0.4550 0.3608
v 0.007568 0.933594 0.051025 0.3568 0.2627 0.2039
v -0.017822 0.934082 0.051025 0.0471 0.0314 0.0275
v 0.005127 0.937012 0.051025 0.1137 0.0706 0.0431
v -0.010986 0.944336 0.051025 0.0471 0.0392 0.0353
v -0.006104 0.947266 0.051025 0.0431 0.0275 0.0275
v -0.033936 0.949219 0.051025 0.0275 0.0235 0.0157
v -0.031494 0.969238 0.051025 0.0275 0.0235 0.0157
v -0.138428 0.036133 0.051025 0.0471 0.2902 0.1216
v 0.138428 0.036133 0.051025 0.0431 0.2863 0.1255
v -0.106689 0.008301 0.051025 0.3059 0.4314 0.3490
v 0.106689 0.008301 0.051025 0.3176 0.4392 0.3608
v -0.103760 0.007324 0.051025 0.0157 0.1843 0.0784
v 0.103760 0.007324 0.051025 0.0078 0.1765 0.0863
v 0.078369 0.543457 0.051514 0.0471 0.2706 0.1333
v -0.059814 0.577637 0.051514 0.0471 0.2392 0.1255
v -0.056885 0.591797 0.051514 0.6667 0.6432 0.6589
v 0.056396 0.591797 0.051514 0.6589 0.6471 0.6667
v -0.029053 0.928711 0.051514 0.0667 0.0510 0.0392
v -0.030518 0.929199 0.051514 0.0745 0.0627 0.0471
v 0.006592 0.929199 0.051514 0.7098 0.5333 0.4275
v 0.005615 0.929688 0.051514 0.6863 0.5059 0.4118
v -0.015381 0.932129 0.051514 0.1961 0.1530 0.1412
v -0.013428 0.934082 0.051514 0.0471 0.0314 0.0275
v -0.031494 0.936035 0.051514 0.0627 0.0471 0.0275
v -0.007568 0.943359 0.051514 0.0353 0.0314 0.0235
v -0.009033 0.943848 0.051514 0.0275 0.0314 0.0118
v -0.011963 0.955566 0.051514 0.0588 0.0431 0.0314
v -0.013428 0.956543 0.051514 0.0588 0.0588 0.0392
v -0.008057 0.961426 0.051514 0.0667 0.0549 0.0392
v -0.024658 0.972656 0.051514 0.0510 0.0471 0.0392
v -0.030518 0.975586 0.051514 0.0980 0.0902 0.0784
v -0.104248 0.010254 0.051514 0.3412 0.4589 0.3686
v 0.104248 0.010254 0.051514 0.4078 0.5137 0.4510
v 0.082275 0.520996 0.052002 0.0431 0.2706 0.1333
v -0.078369 0.543457 0.052002 0.0431 0.2627 0.1216
v -0.058350 0.710449 0.052002 0.0471 0.2432 0.1216
v 0.058350 0.710449 0.052002 0.0431 0.2353 0.1176
v -0.003174 0.892090 0.052002 0.7059 0.5412 0.4314
v 0.003174 0.892090 0.052002 0.6432 0.4745 0.3647
v 0.000244 0.895020 0.052002 0.7764 0.6000 0.5059
v -0.002686 0.927734 0.052002 0.2353 0.1804 0.1569
v -0.016357 0.933105 0.052002 0.0824 0.0588 0.0510
v -0.011963 0.933594 0.052002 0.1020 0.0706 0.0627
v -0.017334 0.933594 0.052002 0.0549 0.0392 0.0353
v -0.014404 0.938477 0.052002 0.0275 0.0235 0.0118
v -0.029541 0.942871 0.052002 0.0392 0.0275 0.0157
v -0.013428 0.947754 0.052002 0.0471 0.0275 0.0275
v -0.026611 0.949707 0.052002 0.0784 0.0667 0.0588
v -0.040283 0.952637 0.052002 0.0863 0.0627 0.0510
v -0.022217 0.961426 0.052002 0.0471 0.0314 0.0196
v -0.024658 0.966309 0.052002 0.0392 0.0353 0.0275
v -0.078369 0.433594 0.052002 0.6902 0.4471 0.3176
v 0.078369 0.433594 0.052002 0.6902 0.4510 0.3255
v -0.033447 0.400879 0.052002 0.0157 0.2235 0.1059
v 0.033447 0.400879 0.052002 0.0353 0.2353 0.1137
v -0.104248 0.016113 0.052002 0.0196 0.2118 0.0941
v 0.104248 0.016113 0.052002 0.0353 0.2432 0.1137
v -0.003174 0.889648 0.052490 0.6197 0.4510 0.3372
v 0.003174 0.889648 0.052490 0.5490 0.3882 0.2863
v -0.011963 0.920898 0.052490 0.6236 0.4550 0.3961
v -0.012939 0.937500 0.052490 0.0118 0.0118 0.0000
v -0.010010 0.937988 0.052490 0.0431 0.0353 0.0275
v 0.000244 0.944824 0.052490 0.0863 0.0706 0.0588
v -0.040283 0.951172 0.052490 0.0549 0.0353 0.0314
v -0.019287 0.953613 0.052490 0.0392 0.0235 0.0157
v -0.034912 0.956543 0.052490 0.0980 0.0824 0.0667
v -0.014404 0.958984 0.052490 0.1255 0.0980 0.0902
v 0.002197 0.961914 0.052490 0.0588 0.0510 0.0353
v -0.015869 0.966309 0.052490 0.0353 0.0314 0.0157
v -0.015869 0.969238 0.052490 0.0941 0.0824 0.0627
v -0.035889 0.380859 0.052490 0.0392 0.1882 0.0941
v 0.035889 0.380859 0.052490 0.0353 0.1922 0.0902
v 0.084229 0.511719 0.052979 0.0392 0.2392 0.1176
v -0.021729 0.786133 0.052979 0.5921 0.5333 0.5216
v 0.021729 0.786133 0.052979 0.7568 0.7059 0.7020
v 0.000244 0.892578 0.052979 0.7059 0.5373 0.4314
v -0.010498 0.920410 0.052979 0.5569 0.4000 0.3294
v -0.013428 0.921875 0.052979 0.6589 0.4902 0.4275
v -0.006104 0.924316 0.052979 0.5804 0.4353 0.3608
v 0.000732 0.932617 0.052979 0.1176 0.0667 0.0431
v -0.026123 0.933594 0.052979 0.0392 0.0392 0.0314
v 0.003174 0.939941 0.052979 0.0118 0.0078 0.0118
v 0.001709 0.943848 0.052979 0.0706 0.0588 0.0510
v -0.040283 0.954590 0.052979 0.0941 0.0824 0.0706
v -0.036865 0.973633 0.052979 0.0863 0.0745 0.0588
v -0.036377 0.975586 0.052979 0.1216 0.1020 0.0824
v -0.064697 0.431152 0.052979 0.6863 0.4471 0.3098
v 0.064697 0.431152 0.052979 0.6941 0.4432 0.3098
v -0.030518 0.417969 0.052979 0.0275 0.2196 0.1020
v 0.030518 0.417969 0.052979 0.0314 0.2275 0.1098
v -0.122314 0.034668 0.052979 0.0392 0.2706 0.1137
v 0.122314 0.034668 0.052979 0.0392 0.2745 0.1137
v -0.106689 0.023926 0.052979 0.0353 0.2510 0.1176
v 0.106689 0.023926 0.052979 0.0471 0.2745 0.1255
v 0.085693 0.500488 0.053467 0.0471 0.2706 0.1333
v -0.081299 0.527832 0.053467 0.0392 0.2549 0.1294
v -0.058350 0.696777 0.053467 0.0392 0.2353 0.1176
v 0.058350 0.696777 0.053467 0.0471 0.2392 0.1137
v 0.000244 0.889648 0.053467 0.5764 0.4196 0.3059
v -0.013428 0.928223 0.053467 0.3725 0.2980 0.2471
v -0.029053 0.935059 0.053467 0.2157 0.1412 0.1020
v -0.022217 0.938965 0.053467 0.0275 0.0235 0.0275
v -0.017822 0.943848 0.053467 0.0431 0.0275 0.0157
v -0.011475 0.945801 0.053467 0.0314 0.0275 0.0196
v -0.015869 0.951172 0.053467 0.0431 0.0314 0.0275
v -0.028076 0.958008 0.053467 0.0549 0.0392 0.0314
v -0.029541 0.973633 0.053467 0.0784 0.0706 0.0549
v 0.089111 0.476074 0.053467 0.0392 0.2667 0.1176
v 0.091553 0.461426 0.053467 0.0471 0.2745 0.1255
v -0.076416 0.447754 0.053467 0.0549 0.1098 0.0471
v 0.076416 0.447754 0.053467 0.0510 0.0941 0.0314
v 0.092041 0.446777 0.053467 0.0314 0.2118 0.1020
v -0.111084 0.030273 0.053467 0.0235 0.2471 0.0980
v 0.111084 0.030273 0.053467 0.0431 0.2627 0.1176
v -0.085205 0.507324 0.053955 0.0314 0.2314 0.1098
v 0.059326 0.578125 0.053955 0.0471 0.2314 0.1216
v -0.051514 0.588867 0.053955 0.2549 0.3137 0.2863
v 0.051514 0.588867 0.053955 0.2510 0.3137 0.2863
v -0.006592 0.941406 0.053955 0.0667 0.0471 0.0392
v -0.032959 0.949707 0.053955 0.0353 0.0314 0.0235
v -0.039307 0.950195 0.053955 0.0353 0.0314 0.0235
v 0.005127 0.950195 0.053955 0.0824 0.0627 0.0510
v 0.000244 0.955566 0.053955 0.0353 0.0235 0.0157
v -0.019775 0.956543 0.053955 0.0980 0.0784 0.0667
v -0.030518 0.968262 0.053955 0.0392 0.0314 0.0235
v -0.092041 0.446777 0.053955 0.0275 0.2118 0.0941
v -0.027100 0.435547 0.053955 0.0275 0.2078 0.0941
v -0.034424 0.395508 0.053955 0.0353 0.2432 0.1176
v 0.034424 0.395508 0.053955 0.0314 0.2471 0.1216
v -0.086182 0.500488 0.054443 0.0392 0.2588 0.1255
v -0.083740 0.516113 0.054443 0.0431 0.2588 0.1255
v 0.081787 0.529785 0.054443 0.0431 0.2667 0.1294
v -0.043213 0.623047 0.054443 0.5333 0.5490 0.5530
v 0.043213 0.623047 0.054443 0.5882 0.6000 0.6079
v -0.037354 0.625000 0.054443 0.5921 0.5961 0.5961
v 0.037354 0.625000 0.054443 0.5725 0.5804 0.5882
v -0.024170 0.782227 0.054443 0.5961 0.6039 0.6000
v 0.024170 0.782227 0.054443 0.1373 0.2745 0.1765
v -0.010498 0.784180 0.054443 0.6785 0.5961 0.5921
v 0.010498 0.784180 0.054443 0.7294 0.7059 0.7059
v -0.010010 0.920410 0.054443 0.5412 0.3961 0.3176
v -0.003174 0.928711 0.054443 0.1882 0.1451 0.1020
v -0.000732 0.940430 0.054443 0.0667 0.0588 0.0510
v -0.026123 0.941406 0.054443 0.0510 0.0353 0.0275
v -0.003174 0.942383 0.054443 0.0471 0.0392 0.0275
v -0.021729 0.947266 0.054443 0.0471 0.0353 0.0314
v 0.002686 0.953613 0.054443 0.0745 0.0667 0.0510
v -0.039307 0.954590 0.054443 0.1059 0.0902 0.0745
v -0.012451 0.957520 0.054443 0.0784 0.0667 0.0510
v -0.023682 0.967285 0.054443 0.0627 0.0392 0.0392
v -0.023193 0.969727 0.054443 0.0824 0.0667 0.0549
v -0.036377 0.972168 0.054443 0.0431 0.0157 0.0118
v -0.035400 0.976074 0.054443 0.1216 0.1137 0.0863
v -0.007568 0.484863 0.054443 0.0157 0.1725 0.0667
v -0.062744 0.445312 0.054443 0.0627 0.1412 0.0549
v -0.058350 0.729004 0.054932 0.0235 0.2157 0.0980
v 0.058350 0.729004 0.054932 0.0275 0.2196 0.0980
v 0.000244 0.783691 0.054932 0.7059 0.6941 0.7059
v -0.014404 0.922363 0.054932 0.6471 0.4823 0.4118
v -0.006592 0.924805 0.054932 0.5882 0.4550 0.3804
v -0.001221 0.934570 0.054932 0.0000 0.0000 0.0000
v -0.008545 0.937988 0.054932 0.1255 0.1020 0.0824
v -0.026123 0.953613 0.054932 0.0706 0.0588 0.0510
v -0.033447 0.955566 0.054932 0.0980 0.0824 0.0706
v -0.004639 0.960938 0.054932 0.0431 0.0353 0.0235
v 0.087646 0.490234 0.054932 0.0471 0.2706 0.1255
v 0.062744 0.445312 0.054932 0.0510 0.0941 0.0275
v 0.093994 0.443359 0.054932 0.0431 0.2706 0.1216
v -0.094971 0.428711 0.054932 0.0275 0.2510 0.1255
v 0.094971 0.428711 0.054932 0.0353 0.2510 0.1255
v -0.031006 0.414062 0.054932 0.0392 0.2392 0.1176
v -0.043701 0.588867 0.055420 0.4314 0.4589 0.4589
v 0.043701 0.607422 0.055420 0.5725 0.5921 0.5921
v -0.036865 0.645020 0.055420 0.0235 0.2196 0.1059
v 0.036865 0.645020 0.055420 0.0275 0.1961 0.1020
v -0.010010 0.920898 0.055420 0.5490 0.4000 0.3216
v -0.009033 0.945312 0.055420 0.0471 0.0353 0.0275
v -0.038818 0.950195 0.055420 0.0392 0.0314 0.0275
v -0.090576 0.476074 0.055420 0.0392 0.2667 0.1216
v 0.031006 0.414062 0.055420 0.0275 0.2275 0.1059
v 0.043701 0.588867 0.055908 0.4196 0.4550 0.4392
v -0.043701 0.607422 0.055908 0.5921 0.6000 0.5961
v -0.037354 0.671875 0.055908 0.0275 0.2235 0.1098
v 0.037354 0.671875 0.055908 0.0353 0.2275 0.1098
v -0.014893 0.915039 0.055908 0.6276 0.4628 0.4039
v -0.004639 0.930176 0.055908 0.0078 0.0039 0.0196
v -0.010498 0.933105 0.055908 0.3765 0.2823 0.2275
v -0.004150 0.936523 0.055908 0.0667 0.0549 0.0549
v -0.006104 0.937500 0.055908 0.0588 0.0353 0.0078
v -0.032471 0.952148 0.055908 0.0431 0.0314 0.0157
v -0.038818 0.954102 0.055908 0.1059 0.0941 0.0824
v -0.029541 0.969238 0.055908 0.0431 0.0392 0.0275
v -0.029053 0.971191 0.055908 0.0588 0.0510 0.0353
v -0.035889 0.971191 0.055908 0.0275 0.0275 0.0157
v -0.034912 0.974609 0.055908 0.1294 0.1098 0.0980
v -0.097900 0.410645 0.055908 0.0353 0.2471 0.1176
v 0.097900 0.410645 0.055908 0.0392 0.2510 0.1255
v -0.100342 0.389160 0.055908 0.3294 0.2980 0.2275
v 0.100342 0.389160 0.055908 0.2667 0.2941 0.2118
v 0.000244 0.624512 0.056396 0.5725 0.5843 0.5804
v -0.037842 0.658203 0.056396 0.0314 0.2235 0.1059
v 0.037842 0.658203 0.056396 0.0353 0.2471 0.1137
v -0.010986 0.921387 0.056396 0.4902 0.3529 0.2863
v -0.013428 0.922363 0.056396 0.6393 0.4823 0.4118
v -0.008057 0.926270 0.056396 0.0863 0.0392 0.0118
v -0.011963 0.928223 0.056396 0.4314 0.3333 0.2706
v -0.001709 0.958984 0.056396 0.0588 0.0471 0.0392
v -0.088623 0.489746 0.056396 0.0392 0.2667 0.1176
v -0.028076 0.432617 0.056396 0.0353 0.2275 0.1020
v 0.028076 0.432617 0.056396 0.0353 0.2353 0.1098
v 0.096924 0.424805 0.056397 0.0392 0.2667 0.1176
v -0.055908 0.578125 0.056885 0.0431 0.2118 0.1098
v -0.038818 0.625000 0.056885 0.5843 0.5882 0.5882
v 0.038818 0.625000 0.056885 0.5843 0.5921 0.6118
v -0.037842 0.635254 0.056885 0.0039 0.1922 0.0745
v 0.037842 0.635254 0.056885 0.0000 0.2118 0.0863
v -0.044678 0.772949 0.056885 0.0431 0.2549 0.1294
v 0.044678 0.772949 0.056885 0.0431 0.2549 0.1294
v -0.011475 0.779785 0.056885 0.7372 0.7137 0.7294
v 0.000244 0.779785 0.056885 0.7725 0.7372 0.7490
v 0.011475 0.779785 0.056885 0.4353 0.4510 0.4275
v -0.012451 0.921875 0.056885 0.6236 0.4745 0.4039
v -0.008057 0.932129 0.056885 0.2706 0.1922 0.1412
v -0.008545 0.938965 0.056885 0.0745 0.0549 0.0431
v -0.017334 0.945312 0.056885 0.0353 0.0235 0.0157
v 0.000732 0.946289 0.056885 0.0549 0.0471 0.0314
v -0.004150 0.950684 0.056885 0.0471 0.0471 0.0275
v -0.038330 0.952148 0.056885 0.0588 0.0431 0.0392
v -0.045654 0.952637 0.056885 0.0745 0.0706 0.0627
v -0.015869 0.953613 0.056885 0.0510 0.0510 0.0392
v -0.093994 0.461426 0.056885 0.0431 0.2706 0.1176
v -0.165772 0.001953 0.056885 0.0314 0.1961 0.0902
v 0.165771 0.001953 0.056885 0.0118 0.1686 0.0431
v -0.060791 0.565430 0.057373 0.0275 0.2235 0.1059
v 0.061279 0.565918 0.057373 0.0353 0.2510 0.1176
v -0.044678 0.591309 0.057373 0.7020 0.6745 0.6980
v 0.044678 0.591309 0.057373 0.6039 0.5804 0.6079
v -0.010010 0.927246 0.057373 0.4667 0.3608 0.2980
v -0.010498 0.939941 0.057373 0.0431 0.0353 0.0314
v -0.015869 0.943359 0.057373 0.0431 0.0275 0.0235
v -0.018799 0.947754 0.057373 0.0353 0.0314 0.0157
v -0.001709 0.949219 0.057373 0.0745 0.0588 0.0549
v -0.034912 0.971680 0.057373 0.0392 0.0353 0.0235
v -0.034424 0.973145 0.057373 0.0706 0.0549 0.0392
v 0.010498 0.494141 0.057373 0.0196 0.1922 0.0824
v 0.024658 0.450684 0.057373 0.0314 0.2432 0.1098
v -0.097900 0.424805 0.057373 0.0392 0.2667 0.1294
v -0.167236 0.010254 0.057373 0.1294 0.2392 0.1647
v 0.167236 0.010254 0.057373 0.6550 0.7451 0.6863
v -0.168701 0.003906 0.057373 0.0314 0.2275 0.1059
v 0.168701 0.003906 0.057373 0.0118 0.1843 0.0745
v -0.007080 0.938477 0.057861 0.1020 0.0627 0.0471
v -0.008057 0.946289 0.057861 0.0471 0.0471 0.0353
v 0.015381 0.488281 0.057861 0.0275 0.2118 0.0941
v -0.096436 0.442871 0.057861 0.0392 0.2627 0.1255
v -0.099854 0.406250 0.057861 0.0510 0.2784 0.1490
v 0.099854 0.406250 0.057861 0.0431 0.2667 0.1294
v -0.162354 0.028809 0.057861 0.0627 0.3059 0.1451
v 0.162354 0.028809 0.057861 0.0353 0.2980 0.1176
v -0.166748 0.022949 0.057861 0.0275 0.2823 0.1176
v 0.166748 0.022949 0.057861 0.0275 0.2745 0.1137
v -0.169189 0.017090 0.057861 0.0157 0.2392 0.0863
v 0.169189 0.017090 0.057861 0.0275 0.2392 0.1059
v -0.169189 0.012207 0.057861 0.5137 0.5373 0.5137
v 0.169189 0.012207 0.057861 0.0118 0.1490 0.0510
v -0.169678 0.009277 0.057861 0.0235 0.2196 0.1020
v 0.169678 0.009277 0.057861 0.4628 0.5608 0.4863
v 0.065674 0.515625 0.058350 0.0431 0.2627 0.1255
v -0.009033 0.957031 0.058350 0.0157 0.0157 0.0039
v -0.040771 0.976074 0.058350 0.0745 0.0706 0.0627
v -0.023682 0.450195 0.058350 0.0314 0.2432 0.1020
v -0.102783 0.391113 0.058350 0.0078 0.2118 0.0863
v 0.102783 0.391113 0.058350 0.0627 0.2471 0.1216
v -0.062256 0.552734 0.058838 0.0431 0.2549 0.1294
v 0.062256 0.553223 0.058838 0.0314 0.2314 0.1098
v -0.044189 0.577148 0.058838 0.0549 0.2510 0.1294
v 0.044189 0.577637 0.058838 0.0745 0.3137 0.1647
v -0.031494 0.623047 0.058838 0.5294 0.5373 0.5294
v 0.031494 0.623047 0.058838 0.6197 0.6236 0.6315
v -0.010986 0.940430 0.058838 0.0235 0.0275 0.0118
v -0.002686 0.942871 0.058838 0.0549 0.0431 0.0314
v 0.068115 0.496582 0.058838 0.0392 0.2627 0.1255
v 0.020752 0.479004 0.058838 0.0392 0.2627 0.1176
v -0.013916 0.477539 0.058838 0.0118 0.1804 0.0706
v 0.021240 0.467285 0.058838 0.0235 0.2000 0.0863
v -0.057861 0.738770 0.059326 0.0353 0.2314 0.1059
v 0.057861 0.738770 0.059326 0.0392 0.2392 0.1176
v -0.013916 0.943359 0.059326 0.0588 0.0471 0.0353
v -0.005615 0.945312 0.059326 0.0392 0.0353 0.0235
v -0.009033 0.947754 0.059326 0.0980 0.0784 0.0667
v -0.066650 0.512695 0.059814 0.0275 0.2392 0.1059
v 0.063721 0.541504 0.059814 0.0353 0.2432 0.1176
v -0.032471 0.607422 0.059814 0.6197 0.6236 0.6276
v 0.032471 0.607422 0.059814 0.5764 0.5921 0.5961
v -0.018799 0.624512 0.059814 0.6118 0.6118 0.6039
v 0.018799 0.624512 0.059814 0.5764 0.5843 0.5882
v -0.011475 0.934570 0.059814 0.1451 0.0980 0.0784
v -0.019287 0.950195 0.059814 0.0588 0.0431 0.0235
v -0.006592 0.954590 0.059814 0.0627 0.0510 0.0353
v -0.153564 0.032715 0.059814 0.0431 0.2902 0.1294
v 0.153564 0.032715 0.059814 0.0275 0.2980 0.1216
v -0.063721 0.541016 0.060303 0.0314 0.2471 0.1176
v 0.000244 0.674805 0.060303 0.0353 0.2314 0.1137
v -0.038818 0.685059 0.060303 0.0275 0.2196 0.1059
v 0.038818 0.685059 0.060303 0.0275 0.2118 0.1020
v -0.052490 0.755859 0.060303 0.0353 0.2471 0.1137
v 0.052490 0.755859 0.060303 0.0392 0.2549 0.1294
v -0.012451 0.935059 0.060303 0.1020 0.0667 0.0588
v -0.006592 0.938965 0.060303 0.1059 0.0784 0.0471
v -0.032959 0.591309 0.060791 0.6510 0.6315 0.6510
v 0.032959 0.591309 0.060791 0.6745 0.6471 0.6745
v 0.000244 0.646973 0.060791 0.0314 0.2235 0.1137
v -0.010498 0.934082 0.060791 0.2000 0.1451 0.1098
v -0.008545 0.940430 0.060791 0.0392 0.0235 0.0157
v -0.012939 0.953125 0.060791 0.0510 0.0392 0.0275
v 0.067627 0.507324 0.061279 0.0392 0.2588 0.1216
v -0.045166 0.564453 0.061279 0.0431 0.2471 0.1137
v 0.045166 0.564941 0.061279 0.0353 0.2941 0.1255
v -0.012451 0.935547 0.061279 0.0706 0.0549 0.0353
v -0.020752 0.943359 0.061279 0.0314 0.0275 0.0196
v -0.021729 0.944824 0.061279 0.0471 0.0353 0.0314
v 0.070068 0.486816 0.061279 0.0471 0.2823 0.1333
v -0.020264 0.466797 0.061279 0.0196 0.2078 0.0902
v -0.075928 0.443359 0.061279 0.0157 0.1569 0.0549
v 0.075928 0.443359 0.061279 0.0078 0.1725 0.0627
v -0.053467 0.381836 0.061279 0.0941 0.2353 0.1412
v 0.053467 0.381836 0.061279 0.1137 0.2510 0.1530
v -0.031982 0.588379 0.061768 0.4589 0.4706 0.4745
v 0.031982 0.588379 0.061768 0.4314 0.4550 0.4432
v -0.030029 0.624023 0.061768 0.5490 0.5569 0.5608
v 0.030029 0.624512 0.061768 0.5373 0.5530 0.5647
v -0.037842 0.722656 0.061768 0.0196 0.2039 0.0941
v 0.037842 0.722656 0.061768 0.0275 0.2078 0.1020
v 0.000244 0.763184 0.061768 0.0471 0.2471 0.1255
v -0.010498 0.934570 0.061768 0.2235 0.1490 0.1059
v -0.011475 0.935059 0.061768 0.1451 0.0980 0.0667
v -0.019775 0.941895 0.061768 0.0275 0.0235 0.0157
v -0.010498 0.951172 0.061768 0.0667 0.0549 0.0392
v -0.069092 0.496094 0.061768 0.0549 0.2902 0.1412
v 0.000244 0.492676 0.061768 0.0118 0.1725 0.0706
v -0.068115 0.503418 0.062256 0.0431 0.2706 0.1216
v 0.000244 0.624023 0.062256 0.6236 0.6236 0.6276
v 0.000244 0.634766 0.062256 0.0000 0.2039 0.0667
v 0.000244 0.661133 0.062256 0.0353 0.2353 0.1137
v -0.030029 0.768066 0.062256 0.0471 0.2471 0.1255
v 0.030029 0.768066 0.062256 0.0510 0.2510 0.1294
v -0.012939 0.931152 0.062256 0.1569 0.1216 0.1020
v -0.013428 0.944824 0.062256 0.0706 0.0510 0.0392
v 0.047607 0.494141 0.062256 0.0353 0.2549 0.1137
v -0.043213 0.438965 0.062256 0.0314 0.2196 0.1059
v 0.043213 0.438965 0.062256 0.0353 0.2275 0.1137
v -0.139893 0.000977 0.062256 0.0353 0.2235 0.0902
v 0.139893 0.000977 0.062256 0.0314 0.2118 0.0980
v -0.066162 0.525391 0.062744 0.0471 0.2745 0.1333
v 0.066162 0.526855 0.062744 0.0471 0.2706 0.1294
v 0.045654 0.551758 0.062744 0.0510 0.2784 0.1294
v -0.028564 0.622070 0.062744 0.4823 0.4902 0.4941
v 0.028564 0.622070 0.062744 0.5647 0.5725 0.5843
v -0.018799 0.673828 0.062744 0.0353 0.2392 0.1137
v 0.018799 0.673828 0.062744 0.0392 0.2392 0.1176
v 0.000244 0.726074 0.062744 0.0392 0.2432 0.1216
v -0.018311 0.941406 0.062744 0.0353 0.0314 0.0275
v -0.016357 0.949707 0.062744 0.0784 0.0667 0.0588
v 0.031494 0.493164 0.062744 0.0431 0.2823 0.1216
v -0.033936 0.469727 0.062744 0.0431 0.2549 0.1137
v 0.033936 0.468750 0.062744 0.0471 0.2745 0.1216
v -0.046143 0.420898 0.062744 0.0392 0.2510 0.1255
v 0.046143 0.420898 0.062744 0.0353 0.2471 0.1255
v -0.049072 0.402832 0.062744 0.0392 0.2392 0.1098
v 0.049072 0.402832 0.062744 0.0392 0.2510 0.1137
v -0.138916 0.035156 0.062744 0.0353 0.2980 0.1255
v 0.138916 0.035156 0.062744 0.0471 0.3019 0.1333
v -0.111084 0.000000 0.062744 0.0196 0.1961 0.0706
v 0.111084 0.000000 0.062744 0.0314 0.2000 0.0941
v 0.047119 0.511230 0.063232 0.0431 0.2745 0.1216
v -0.018799 0.646484 0.063232 0.0275 0.2275 0.1137
v 0.018799 0.646484 0.063232 0.0392 0.2471 0.1216
v 0.000244 0.687500 0.063232 0.0431 0.2314 0.1098
v -0.038818 0.697754 0.063232 0.0392 0.2353 0.1176
v 0.038818 0.697754 0.063232 0.0353 0.2353 0.1137
v -0.013916 0.765137 0.063232 0.0471 0.2471 0.1255
v 0.013916 0.765137 0.063232 0.0588 0.2510 0.1333
v -0.022217 0.947266 0.063232 0.0706 0.0627 0.0510
v -0.078857 0.425781 0.063232 0.0392 0.2510 0.1255
v 0.078857 0.425781 0.063232 0.0431 0.2549 0.1294
v -0.045654 0.551270 0.063721 0.0353 0.2353 0.1137
v -0.014893 0.587402 0.063721 0.1608 0.2745 0.2078
v -0.031006 0.590332 0.063721 0.6667 0.6471 0.6628
v 0.031006 0.590332 0.063721 0.6276 0.6157 0.6471
v -0.029053 0.606934 0.063721 0.4706 0.5490 0.5451
v 0.029053 0.606934 0.063721 0.5647 0.5843 0.5882
v -0.014404 0.947754 0.063721 0.0392 0.0314 0.0157
v 0.072021 0.473145 0.063721 0.0471 0.2863 0.1333
v 0.041748 0.435059 0.063721 0.0314 0.2510 0.1137
v -0.047119 0.509766 0.064209 0.0235 0.2353 0.1020
v -0.029541 0.592285 0.064209 0.5608 0.5373 0.5647
v 0.029541 0.592285 0.064209 0.5530 0.5333 0.5569
v -0.019775 0.625000 0.064209 0.6354 0.6315 0.6276
v 0.019775 0.625000 0.064209 0.5843 0.5804 0.5882
v -0.019287 0.660156 0.064209 0.0314 0.2314 0.1098
v 0.019287 0.660156 0.064209 0.0275 0.2235 0.1098
v -0.016357 0.725098 0.064209 0.0392 0.2353 0.1137
v 0.016357 0.725098 0.064209 0.0353 0.2196 0.1098
v -0.071045 0.486328 0.064209 0.0431 0.2627 0.1176
v 0.073975 0.458496 0.064209 0.0431 0.2745 0.1255
v -0.052490 0.455078 0.064209 0.0353 0.2549 0.1098
v 0.076416 0.440430 0.064209 0.0471 0.2863 0.1255
v 0.046631 0.416504 0.064209 0.0392 0.2667 0.1255
v -0.046631 0.416016 0.064209 0.0471 0.2667 0.1216
v -0.051514 0.382812 0.064209 0.0471 0.2196 0.1176
v 0.051514 0.382812 0.064209 0.0431 0.1961 0.0902
v -0.124268 0.033691 0.064209 0.0314 0.2863 0.1216
v 0.124268 0.033691 0.064209 0.0392 0.2941 0.1294
v -0.114014 0.029785 0.064209 0.0000 0.2353 0.0706
v 0.114014 0.029785 0.064209 0.0588 0.2863 0.1294
v -0.111084 0.007812 0.064209 0.0549 0.2078 0.1020
v 0.111084 0.007812 0.064209 0.0980 0.2588 0.1373
v -0.108643 0.001465 0.064209 0.0275 0.2039 0.0824
v 0.108643 0.001465 0.064209 0.0471 0.2235 0.1059
v 0.031006 0.500000 0.064697 0.0314 0.2275 0.1020
v 0.046631 0.539062 0.064697 0.0392 0.2745 0.1255
v -0.032471 0.577148 0.064697 0.0667 0.2706 0.1451
v 0.014893 0.587402 0.064697 0.2000 0.2745 0.2314
v -0.014404 0.624023 0.064697 0.6118 0.6118 0.6079
v 0.014404 0.624023 0.064697 0.5686 0.5725 0.5725
v -0.019287 0.634766 0.064697 0.0078 0.2078 0.0863
v 0.019287 0.634766 0.064697 0.0039 0.2157 0.0784
v -0.017822 0.942871 0.064697 0.0588 0.0510 0.0431
v 0.011475 0.498047 0.064697 0.0314 0.2432 0.1059
v -0.009033 0.490234 0.064697 0.0118 0.1922 0.0706
v 0.032959 0.476562 0.064697 0.0353 0.2432 0.1137
v 0.052979 0.456055 0.064697 0.0471 0.2745 0.1294
v 0.035400 0.453125 0.064697 0.0353 0.2432 0.1098
v 0.059814 0.441406 0.064697 0.0627 0.2510 0.1333
v -0.059814 0.440918 0.064697 0.0392 0.2549 0.1216
v -0.076416 0.439941 0.064697 0.0431 0.2784 0.1294
v -0.108643 0.006836 0.064697 0.0118 0.1961 0.0706
v 0.108643 0.006836 0.064697 0.0549 0.2196 0.1059
v -0.014893 0.576172 0.065186 0.0667 0.2823 0.1490
v 0.032471 0.577148 0.065186 0.0471 0.2157 0.1098
v -0.039307 0.710449 0.065186 0.0392 0.2392 0.1176
v 0.039307 0.710449 0.065186 0.0471 0.2432 0.1216
v 0.000244 0.731934 0.065186 0.0353 0.2275 0.1098
v -0.019775 0.946777 0.065186 0.0745 0.0667 0.0510
v -0.041260 0.435059 0.065186 0.0353 0.2471 0.1059
v -0.081787 0.407715 0.065186 0.0392 0.2588 0.1216
v 0.081787 0.407715 0.065186 0.0392 0.2549 0.1255
v -0.050049 0.397461 0.065186 0.0510 0.2706 0.1451
v 0.050049 0.397461 0.065186 0.0353 0.2667 0.1294
v -0.110107 0.023438 0.065186 0.0314 0.2745 0.1137
v 0.110107 0.023438 0.065186 0.0549 0.2823 0.1333
v -0.108643 0.009766 0.065186 0.4157 0.5412 0.4471
v 0.108643 0.009766 0.065186 0.2000 0.3608 0.2510
v 0.047119 0.502930 0.065674 0.0431 0.2627 0.1176
v -0.046631 0.538574 0.065674 0.0353 0.2549 0.1176
v -0.014404 0.621582 0.065674 0.5098 0.5137 0.5216
v 0.014404 0.621582 0.065674 0.5098 0.5137 0.5216
v 0.000244 0.624023 0.065674 0.6276 0.6315 0.6236
v -0.038818 0.728516 0.065674 0.0275 0.2196 0.1020
v 0.038818 0.728516 0.065674 0.0275 0.2157 0.1020
v -0.023682 0.940918 0.065674 0.0314 0.0275 0.0196
v -0.024170 0.941895 0.065674 0.0471 0.0353 0.0314
v -0.025146 0.942871 0.065674 0.0627 0.0431 0.0392
v -0.018311 0.945312 0.065674 0.0588 0.0549 0.0471
v -0.074463 0.457520 0.065674 0.0471 0.2863 0.1255
v -0.062256 0.423340 0.065674 0.0392 0.2549 0.1255
v 0.062256 0.423340 0.065674 0.0431 0.2549 0.1216
v -0.084717 0.386230 0.065674 0.1961 0.2863 0.2000
v 0.084717 0.386230 0.065674 0.2000 0.2941 0.2000
v -0.107666 0.015625 0.065674 0.0000 0.2275 0.0706
v 0.107666 0.015625 0.065674 0.0471 0.2588 0.1176
v 0.032471 0.550781 0.066162 0.0353 0.2510 0.1216
v -0.032471 0.563965 0.066162 0.0549 0.2823 0.1333
v 0.032471 0.564453 0.066162 0.0392 0.2353 0.1137
v 0.015381 0.576660 0.066162 0.0471 0.2353 0.1176
v -0.015381 0.589844 0.066162 0.7020 0.6706 0.6980
v 0.015381 0.589844 0.066162 0.6276 0.6236 0.6354
v -0.014893 0.606445 0.066162 0.4863 0.5725 0.5608
v 0.014893 0.606445 0.066162 0.5255 0.6118 0.6000
v 0.049072 0.483887 0.066162 0.0510 0.2902 0.1333
v -0.072998 0.472656 0.066162 0.0549 0.2745 0.1216
v -0.034912 0.453125 0.066162 0.0392 0.2353 0.1098
v -0.067627 0.383789 0.066162 0.1490 0.2902 0.2039
v 0.067627 0.383789 0.066162 0.1569 0.2745 0.1843
v 0.031006 0.507324 0.066650 0.0431 0.2745 0.1216
v -0.015381 0.563477 0.066650 0.0471 0.2667 0.1216
v 0.000244 0.587402 0.066650 0.1765 0.2549 0.2118
v 0.000244 0.589355 0.066650 0.6550 0.6393 0.6510
v -0.015381 0.591797 0.066650 0.6157 0.5961 0.6236
v 0.015381 0.591797 0.066650 0.5882 0.5569 0.5804
v 0.000244 0.621094 0.066650 0.5333 0.5451 0.5412
v 0.000244 0.700684 0.066650 0.0392 0.2314 0.1137
v -0.016357 0.730469 0.066650 0.0314 0.2235 0.1098
v 0.016357 0.730469 0.066650 0.0392 0.2353 0.1098
v 0.000244 0.737793 0.066650 0.0431 0.2314 0.1137
v 0.000244 0.749512 0.066650 0.0471 0.2471 0.1255
v -0.022705 0.940430 0.066650 0.0471 0.0431 0.0353
v -0.024658 0.944336 0.066650 0.0863 0.0706 0.0588
v -0.048096 0.492676 0.066650 0.0314 0.2353 0.1020
v -0.021729 0.483887 0.066650 0.0275 0.2118 0.0941
v -0.031006 0.507812 0.067139 0.0353 0.2510 0.1176
v 0.032471 0.535645 0.067139 0.0431 0.2667 0.1255
v -0.032471 0.550293 0.067139 0.0471 0.2667 0.1294
v 0.015381 0.563477 0.067139 0.0353 0.2392 0.1137
v 0.000244 0.606445 0.067139 0.5373 0.6118 0.6039
v -0.019287 0.687012 0.067139 0.0353 0.2432 0.1137
v 0.019287 0.687012 0.067139 0.0431 0.2353 0.1176
v -0.035400 0.751465 0.067139 0.0431 0.2549 0.1294
v 0.035400 0.751465 0.067139 0.0392 0.2510 0.1255
v 0.031494 0.484375 0.067139 0.0353 0.2196 0.1020
v -0.064209 0.405273 0.067139 0.0392 0.2549 0.1294
v 0.064209 0.405273 0.067139 0.0392 0.2627 0.1255
v 0.048096 0.522461 0.067627 0.0353 0.2549 0.1137
v 0.000244 0.591309 0.067627 0.6236 0.6079 0.6236
v 0.079834 0.421875 0.067627 0.0431 0.2784 0.1294
v -0.161865 0.001465 0.067627 0.0431 0.1882 0.0863
v 0.161865 0.001465 0.067627 0.0118 0.1804 0.0549
v -0.048096 0.500488 0.068115 0.0588 0.2863 0.1373
v -0.048096 0.521973 0.068115 0.0471 0.2745 0.1255
v 0.015381 0.550293 0.068115 0.0353 0.2549 0.1137
v -0.038330 0.736816 0.068115 0.0353 0.2353 0.1176
v 0.038330 0.736816 0.068115 0.0392 0.2392 0.1176
v -0.022217 0.941406 0.068115 0.0627 0.0510 0.0471
v -0.023682 0.943848 0.068115 0.0902 0.0745 0.0588
v -0.031006 0.490723 0.068115 0.0471 0.2667 0.1294
v 0.050537 0.471680 0.068115 0.0353 0.2432 0.1137
v -0.051025 0.470215 0.068115 0.0392 0.2549 0.1098
v -0.079834 0.421875 0.068115 0.0471 0.2823 0.1333
v -0.158936 0.028320 0.068115 0.0549 0.3098 0.1451
v 0.158936 0.028320 0.068115 0.0392 0.3137 0.1216
v -0.015381 0.549805 0.068604 0.0471 0.2706 0.1294
v -0.015381 0.750000 0.068604 0.0392 0.2510 0.1176
v 0.015381 0.750000 0.068604 0.0392 0.2432 0.1216
v -0.022705 0.942871 0.068604 0.0706 0.0706 0.0549
v -0.031494 0.482910 0.068604 0.0353 0.2235 0.1020
v 0.055420 0.437500 0.068604 0.0353 0.2588 0.1137
v 0.062256 0.418945 0.068604 0.0392 0.2627 0.1255
v -0.083252 0.402832 0.068604 0.0667 0.3019 0.1608
v 0.083252 0.402832 0.068604 0.0510 0.2902 0.1412
v -0.163330 0.023438 0.068604 0.0353 0.2902 0.1255
v 0.163330 0.023438 0.068604 0.0431 0.3019 0.1333
v -0.163330 0.009766 0.068604 0.2471 0.3529 0.2784
v 0.163330 0.009766 0.068604 0.6079 0.6980 0.6315
v 0.014893 0.534668 0.069092 0.0471 0.2706 0.1216
v -0.032471 0.535156 0.069092 0.0431 0.2667 0.1294
v -0.018799 0.700195 0.069092 0.0353 0.2392 0.1176
v 0.018799 0.700195 0.069092 0.0353 0.2353 0.1098
v -0.016357 0.736816 0.069092 0.0353 0.2392 0.1137
v 0.016357 0.736816 0.069092 0.0353 0.2275 0.1137
v -0.049561 0.483398 0.069092 0.0471 0.2863 0.1255
v -0.054932 0.437500 0.069092 0.0471 0.2745 0.1216
v -0.085205 0.388184 0.069092 0.0118 0.2000 0.0902
v 0.085693 0.388184 0.069092 0.1020 0.2510 0.1216
v -0.164307 0.003418 0.069092 0.0196 0.1882 0.0784
v 0.164307 0.003418 0.069092 0.0118 0.1922 0.0706
v 0.000244 0.576172 0.069580 0.0471 0.2667 0.1216
v -0.061768 0.418945 0.069580 0.0392 0.2667 0.1255
v -0.065674 0.399902 0.069580 0.0667 0.2941 0.1608
v 0.065674 0.399902 0.069580 0.0471 0.2823 0.1412
v -0.165283 0.017090 0.069580 0.0196 0.2432 0.0863
v 0.165283 0.017090 0.069580 0.0235 0.2392 0.0941
v -0.165283 0.011719 0.069580 0.2863 0.3412 0.3019
v 0.165283 0.011719 0.069580 0.0118 0.1686 0.0706
v -0.165283 0.008789 0.069580 0.0275 0.2235 0.1020
v 0.165283 0.008789 0.069580 0.4902 0.6118 0.5255
v 0.000244 0.712891 0.070068 0.0431 0.2432 0.1216
v 0.000244 0.496094 0.070068 0.0196 0.2000 0.0745
v -0.066650 0.385254 0.070068 0.0392 0.2314 0.1176
v 0.066650 0.385254 0.070068 0.0667 0.2235 0.1098
v -0.012451 0.504883 0.070557 0.0275 0.2510 0.1137
v 0.012939 0.505371 0.070557 0.0235 0.2392 0.1059
v 0.031982 0.519043 0.070557 0.0314 0.2510 0.1176
v -0.018311 0.712402 0.070557 0.0510 0.2510 0.1294
v 0.018311 0.712402 0.070557 0.0510 0.2510 0.1294
v -0.031006 0.498535 0.070557 0.0353 0.2314 0.1020
v -0.010986 0.497070 0.070557 0.0196 0.2314 0.0980
v -0.015381 0.534668 0.071045 0.0471 0.2745 0.1255
v 0.000244 0.563477 0.071045 0.0431 0.2627 0.1176
v -0.150635 0.031738 0.071045 0.0510 0.3059 0.1373
v 0.150635 0.031738 0.071045 0.0235 0.2980 0.1098
v -0.115967 0.000000 0.071045 0.0039 0.1686 0.0431
v 0.115967 0.000000 0.071045 0.0353 0.2039 0.0980
v -0.013916 0.517090 0.071533 0.0353 0.2471 0.1137
v 0.013916 0.517578 0.071533 0.0510 0.2823 0.1333
v -0.031982 0.518555 0.071533 0.0353 0.2549 0.1176
v -0.028076 0.940430 0.071533 0.0824 0.0706 0.0588
v -0.118408 0.029297 0.072021 0.0353 0.2784 0.1137
v 0.118408 0.029297 0.072022 0.0588 0.2980 0.1333
v -0.140869 0.000488 0.072021 0.0392 0.2157 0.0941
v 0.140869 0.000488 0.072022 0.0275 0.2078 0.0941
v 0.000244 0.549805 0.072510 0.0431 0.2745 0.1255
v -0.115967 0.007812 0.072510 0.0471 0.1922 0.0941
v 0.115967 0.007812 0.072510 0.0510 0.2235 0.0980
v -0.114014 0.001465 0.072510 0.0118 0.1961 0.0627
v 0.114014 0.001465 0.072510 0.0235 0.1922 0.0863
v -0.139404 0.033203 0.073486 0.0392 0.3137 0.1333
v 0.139404 0.033203 0.073486 0.0353 0.3019 0.1294
v -0.127686 0.032715 0.073486 0.0235 0.2941 0.1098
v 0.127686 0.032227 0.073486 0.0549 0.3059 0.1373
v -0.114014 0.006836 0.073486 0.0314 0.2039 0.0902
v 0.114014 0.006836 0.073486 0.0392 0.2078 0.0824
v 0.000244 0.534668 0.073975 0.0471 0.2902 0.1294
v -0.114502 0.023438 0.073975 0.0431 0.2902 0.1294
v 0.114502 0.023438 0.073975 0.0588 0.2941 0.1451
v 0.000244 0.504395 0.074463 0.0314 0.2471 0.1020
v -0.113525 0.009766 0.074463 0.3921 0.4980 0.4235
v 0.113525 0.009766 0.074463 0.2196 0.3961 0.2745
v -0.154053 0.028320 0.074951 0.0667 0.3098 0.1490
v 0.154053 0.028320 0.074951 0.0275 0.2980 0.1216
v -0.112549 0.015625 0.074951 0.0196 0.2471 0.0941
v 0.112549 0.015625 0.074951 0.0431 0.2588 0.1137
v 0.000244 0.516602 0.075928 0.0392 0.2863 0.1255
v -0.154541 0.000977 0.076416 0.0431 0.1961 0.0941
v 0.154541 0.000977 0.076416 0.0078 0.1569 0.0431
v -0.124268 0.029785 0.077393 0.0510 0.2980 0.1294
v 0.124268 0.029785 0.077393 0.0471 0.3059 0.1373
v -0.156006 0.009277 0.077393 0.2667 0.3725 0.3019
v 0.156006 0.009277 0.077393 0.2667 0.4039 0.3098
v -0.122314 0.000000 0.077393 0.0000 0.1569 0.0314
v 0.122314 0.000000 0.077393 0.0510 0.2039 0.0980
v -0.156982 0.023438 0.077881 0.0588 0.3019 0.1451
v 0.156982 0.023438 0.077881 0.0275 0.2823 0.1137
v -0.156494 0.002930 0.078369 0.0196 0.1843 0.0706
v 0.156494 0.002930 0.078369 0.0118 0.1961 0.0745
v -0.157959 0.011230 0.078857 0.1530 0.2627 0.1961
v 0.157959 0.011230 0.078857 0.2196 0.3804 0.2706
v -0.157471 0.008301 0.078857 0.0510 0.2275 0.1137
v 0.157471 0.008301 0.078857 0.1294 0.2902 0.1765
v -0.122803 0.007812 0.078857 0.0392 0.1961 0.0863
v 0.122803 0.007812 0.078857 0.0353 0.2118 0.0941
v -0.147217 0.028809 0.079346 0.0706 0.3176 0.1530
v 0.147217 0.028809 0.079346 0.0510 0.3216 0.1373
v -0.158447 0.016602 0.079346 0.0275 0.2667 0.1137
v 0.158447 0.016602 0.079346 0.0078 0.2432 0.0941
v -0.120850 0.001465 0.079834 0.0353 0.2118 0.0824
v 0.120850 0.001465 0.079834 0.0431 0.2275 0.0902
v -0.120850 0.006836 0.080322 0.0275 0.2118 0.0902
v 0.120850 0.006836 0.080322 0.0392 0.2078 0.0941
v -0.131104 0.029785 0.080811 0.0588 0.3098 0.1451
v 0.131104 0.029785 0.080811 0.0549 0.3059 0.1412
v -0.121338 0.023926 0.080811 0.0588 0.3098 0.1451
v -0.138916 0.029297 0.081299 0.0588 0.3098 0.1451
v 0.138916 0.029297 0.081299 0.0588 0.3176 0.1451
v 0.121338 0.023926 0.081299 0.0510 0.2980 0.1451
v -0.120850 0.009766 0.081299 0.3372 0.4471 0.3804
v 0.120850 0.009766 0.081299 0.3019 0.4745 0.3608
v -0.146240 0.000488 0.081299 0.0353 0.1843 0.0863
v 0.146240 0.000488 0.081299 0.0039 0.1608 0.0510
v -0.129639 0.000000 0.081299 0.0078 0.1725 0.0627
v 0.129639 0.000000 0.081299 0.0235 0.1843 0.0824
v -0.119873 0.015625 0.082275 0.0275 0.2706 0.1098
v 0.119873 0.015625 0.082275 0.0471 0.2980 0.1333
v -0.147705 0.008789 0.082275 0.1569 0.2784 0.1843
v 0.147705 0.008789 0.082275 0.0667 0.2471 0.1294
v -0.130615 0.008301 0.082764 0.1059 0.2549 0.1412
v 0.130615 0.008301 0.082764 0.0549 0.2353 0.1098
v -0.137939 0.000488 0.082764 0.0078 0.1608 0.0588
v 0.137939 0.000488 0.082764 0.0000 0.1686 0.0627
v -0.148682 0.023438 0.083740 0.0510 0.3137 0.1451
v 0.148682 0.023438 0.083740 0.0431 0.3059 0.1373
v -0.147705 0.002441 0.083740 0.0196 0.1843 0.0863
v 0.147705 0.002441 0.083740 0.0157 0.1882 0.0824
v -0.129150 0.001953 0.083740 0.0118 0.1882 0.0784
v 0.129150 0.001465 0.083740 0.0196 0.1843 0.0941
v -0.138916 0.008301 0.084229 0.0392 0.2000 0.0941
v 0.138916 0.008301 0.084229 0.0353 0.2078 0.0941
v -0.148193 0.007812 0.084229 0.0431 0.2275 0.1020
v 0.148193 0.007812 0.084229 0.0392 0.2157 0.0980
v -0.148682 0.010742 0.084717 0.3333 0.4471 0.3725
v 0.148682 0.010742 0.084717 0.3372 0.5019 0.3921
v -0.129150 0.006836 0.084717 0.0392 0.2118 0.0941
v 0.129150 0.006836 0.084717 0.0392 0.2078 0.1020
v -0.129639 0.023926 0.085205 0.0549 0.3137 0.1451
v 0.129639 0.023926 0.085205 0.0510 0.3137 0.1451
v -0.137939 0.001953 0.085205 0.0118 0.1922 0.0824
v 0.137939 0.001953 0.085205 0.0157 0.1843 0.0824
v -0.149170 0.016602 0.085693 0.0392 0.3019 0.1294
v 0.149170 0.016602 0.085693 0.0314 0.2980 0.1294
v -0.129639 0.010254 0.085693 0.2980 0.4196 0.3412
v 0.129639 0.010254 0.085693 0.2667 0.4432 0.3216
v -0.138916 0.023926 0.086182 0.0549 0.3216 0.1451
v 0.138916 0.023926 0.086182 0.0549 0.3176 0.1451
v -0.138428 0.007324 0.086182 0.0392 0.2196 0.0941
v 0.138428 0.007324 0.086182 0.0510 0.2118 0.1020
v -0.128662 0.016113 0.086670 0.0392 0.3019 0.1333
v 0.128662 0.016113 0.086670 0.0510 0.3216 0.1490
v -0.138916 0.010742 0.086670 0.1686 0.3019 0.2118
v 0.138916 0.010742 0.086670 0.2118 0.3804 0.2667
v -0.138916 0.016113 0.088135 0.0353 0.3019 0.1294
v 0.138916 0.016113 0.088135 0.0392 0.3059 0.1294
v -0.093018 0.741211 -0.000244 0.6902 0.6550 0.6354
v 0.093018 0.741211 -0.000244 0.4550 0.3216 0.2510
v 0.422607 0.764648 -0.000244 0.0196 0.2627 0.0980
v -0.416748 0.770996 -0.000244 0.0275 0.1882 0.0863
v 0.410889 0.772461 -0.000244 0.0392 0.2471 0.1255
v -0.406006 0.775391 -0.000244 0.0353 0.2471 0.1020
v 0.202393 0.777832 -0.000244 0.6510 0.4118 0.2863
v 0.395752 0.779297 -0.000244 0.0353 0.2823 0.1137
v 0.340576 0.781738 -0.000244 0.2000 0.2745 0.2157
v 0.339111 0.782227 -0.000244 0.5921 0.6079 0.5882
v 0.340576 0.783691 -0.000244 0.1843 0.2823 0.2078
v 0.368408 0.787598 -0.000244 0.6000 0.6157 0.5921
v 0.370361 0.787598 -0.000244 0.5019 0.5412 0.5098
v 0.340088 0.788574 -0.000244 0.0980 0.2118 0.1412
v -0.336670 0.789062 -0.000244 0.1804 0.3255 0.2784
v 0.368408 0.789062 -0.000244 0.6000 0.6079 0.5961
v -0.365967 0.793457 -0.000244 0.0549 0.2667 0.1255
v 0.373291 0.794434 -0.000244 0.0157 0.2471 0.0863
v 0.329346 0.796875 -0.000244 0.0627 0.2353 0.1255
v -0.302490 0.797363 -0.000244 0.7372 0.5059 0.3725
v -0.225342 0.797852 -0.000244 0.7333 0.4980 0.3686
v -0.281982 0.798828 -0.000244 0.6941 0.4628 0.3372
v 0.377197 0.803223 -0.000244 0.0314 0.2314 0.0902
v -0.376709 0.811035 -0.000244 0.0078 0.2706 0.0980
v -0.371826 0.820801 -0.000244 0.6785 0.6824 0.6785
v -0.066162 0.832031 -0.000244 0.0510 0.1843 0.0980
v 0.066162 0.832031 -0.000244 0.6039 0.6706 0.6863
v -0.020752 0.863770 -0.000244 0.5725 0.3529 0.2432
v 0.020752 0.863770 -0.000244 0.5490 0.3608 0.2588
v 0.036865 0.911133 -0.000244 0.2157 0.1333 0.0902
v -0.050537 0.959961 -0.000244 0.0471 0.0431 0.0353
v -0.053955 0.964355 -0.000244 0.1765 0.1608 0.1294
v 0.037842 0.967285 -0.000244 0.0235 0.0196 0.0078
v -0.035400 0.974609 -0.000244 0.0314 0.0235 0.0157
v -0.042236 0.979492 -0.000244 0.0588 0.0510 0.0353
v 0.014404 0.991699 -0.000244 0.0745 0.0588 0.0510
v -0.012939 0.994141 -0.000244 0.0510 0.0471 0.0471
v -0.013916 0.999023 -0.000244 0.1451 0.1333 0.1137
v -0.098877 0.103027 -0.000244 0.6079 0.6471 0.6550
v 0.098877 0.103027 -0.000244 0.6589 0.6863 0.6902
v -0.101318 0.098145 -0.000244 0.5490 0.5843 0.5843
v 0.101318 0.098145 -0.000244 0.5333 0.5725 0.5725
v -0.098877 0.093262 -0.000244 0.4196 0.4941 0.4863
v 0.099365 0.093262 -0.000244 0.3412 0.4039 0.3882
v -0.106201 0.071289 -0.000244 0.0863 0.2157 0.1530
v 0.106201 0.070801 -0.000244 0.1961 0.3176 0.2549
v -0.105225 0.043945 -0.000244 0.0235 0.2157 0.0980
v 0.105225 0.043945 -0.000244 0.0549 0.2588 0.1333
v -0.156982 0.029297 -0.000244 0.0314 0.2353 0.0941
v 0.156982 0.029297 -0.000244 0.0392 0.2706 0.1216
v -0.080322 0.687500 -0.000732 0.0275 0.2196 0.1020
v 0.080322 0.687500 -0.000732 0.0314 0.2118 0.0980
v 0.416748 0.770996 -0.000732 0.0196 0.2000 0.0745
v -0.400635 0.777344 -0.000732 0.0235 0.2432 0.0941
v 0.342041 0.782227 -0.000732 0.0824 0.2549 0.1451
v 0.339111 0.783691 -0.000732 0.5882 0.5961 0.5764
v 0.342041 0.783691 -0.000732 0.0784 0.2510 0.1373
v 0.389404 0.784180 -0.000732 0.0510 0.2823 0.1137
v -0.368897 0.785156 -0.000732 0.0824 0.2588 0.1373
v -0.138916 0.786621 -0.000732 0.5961 0.3882 0.2706
v 0.366943 0.787109 -0.000732 0.6039 0.5961 0.5843
v -0.330322 0.788574 -0.000732 0.4941 0.4235 0.3216
v 0.332764 0.788574 -0.000732 0.2941 0.3725 0.3255
v 0.336670 0.789062 -0.000732 0.6354 0.6197 0.6354
v 0.366943 0.789062 -0.000732 0.6236 0.6197 0.6276
v 0.369873 0.789062 -0.000732 0.5373 0.5686 0.5412
v 0.346436 0.790039 -0.000732 0.0510 0.2745 0.1255
v 0.371338 0.794434 -0.000732 0.0196 0.1843 0.0784
v 0.375732 0.795410 -0.000732 0.0275 0.2588 0.1020
v 0.302490 0.797363 -0.000732 0.7451 0.5098 0.3765
v 0.225342 0.797852 -0.000732 0.7412 0.5019 0.3804
v 0.328369 0.805176 -0.000732 0.0588 0.2510 0.1294
v -0.292725 0.808105 -0.000732 0.7568 0.5294 0.3843
v 0.376709 0.811035 -0.000732 0.0353 0.2510 0.1020
v -0.335693 0.816406 -0.000732 0.5412 0.6000 0.5882
v -0.385986 0.828125 -0.000732 0.0549 0.3882 0.1569
v 0.428955 0.835938 -0.000732 0.0431 0.3804 0.1412
v -0.015869 0.839355 -0.000732 0.6785 0.4589 0.3294
v 0.015869 0.839355 -0.000732 0.6980 0.4784 0.3412
v -0.037354 0.909180 -0.000732 0.5921 0.4118 0.3059
v 0.038818 0.911133 -0.000732 0.3019 0.1530 0.1059
v 0.042236 0.926270 -0.000732 0.0118 0.0118 0.0039
v 0.041748 0.962402 -0.000732 0.0275 0.0314 0.0196
v 0.031494 0.970215 -0.000732 0.0314 0.0314 0.0235
v -0.042236 0.977539 -0.000732 0.0118 0.0078 0.0039
v -0.010498 0.991211 -0.000732 0.0353 0.0196 0.0235
v -0.015869 0.997070 -0.000732 0.0863 0.0863 0.0667
v -0.010498 0.998047 -0.000732 0.1333 0.1137 0.1020
v -0.014404 0.999023 -0.000732 0.1176 0.1059 0.0863
v -0.039307 0.345703 -0.000732 0.6941 0.4471 0.3176
v 0.039307 0.345703 -0.000732 0.6941 0.4471 0.3176
v -0.067627 0.283203 -0.000732 0.6980 0.4392 0.3019
v 0.067627 0.283203 -0.000732 0.6471 0.4471 0.3255
v -0.104736 0.235352 -0.000732 0.6980 0.4863 0.3529
v 0.104736 0.235352 -0.000732 0.7098 0.4784 0.3412
v -0.104248 0.071289 -0.000732 0.0941 0.2471 0.1608
v 0.104248 0.071289 -0.000732 0.1412 0.2784 0.2039
v -0.139404 0.058594 -0.000732 0.1098 0.2510 0.1608
v 0.139404 0.058594 -0.000732 0.1530 0.3451 0.2196
v 0.406006 0.775391 -0.001221 0.0275 0.2353 0.1059
v -0.214600 0.777832 -0.001221 0.6432 0.4039 0.2902
v -0.340576 0.779785 -0.001221 0.6079 0.6393 0.6393
v -0.338623 0.782227 -0.001221 0.4039 0.4902 0.4628
v -0.338623 0.783203 -0.001221 0.3608 0.4628 0.4235
v -0.342041 0.784668 -0.001221 0.6432 0.6863 0.6902
v -0.339111 0.785156 -0.001221 0.5019 0.5764 0.5569
v -0.340576 0.785156 -0.001221 0.5764 0.6197 0.6236
v -0.367432 0.785645 -0.001221 0.0588 0.2549 0.1216
v -0.370361 0.786133 -0.001221 0.4432 0.5098 0.4589
v 0.138916 0.786621 -0.001221 0.5843 0.3647 0.2549
v -0.384522 0.787109 -0.001221 0.0157 0.2627 0.0980
v -0.366943 0.787598 -0.001221 0.0588 0.2392 0.1176
v -0.370361 0.788086 -0.001221 0.5216 0.5686 0.5412
v -0.225830 0.788574 -0.001221 0.7059 0.4745 0.3490
v 0.330322 0.788574 -0.001221 0.0549 0.2235 0.1098
v -0.368408 0.790527 -0.001221 0.1686 0.2667 0.2000
v -0.369873 0.790527 -0.001221 0.5804 0.6039 0.5882
v 0.365967 0.793457 -0.001221 0.6197 0.6118 0.6118
v 0.281982 0.798828 -0.001221 0.6902 0.4667 0.3372
v -0.224854 0.807129 -0.001221 0.7529 0.5216 0.3921
v -0.281982 0.810059 -0.001221 0.7490 0.5176 0.3843
v -0.337647 0.816406 -0.001221 0.6863 0.7059 0.7098
v 0.335693 0.816406 -0.001221 0.4628 0.4667 0.4823
v -0.344482 0.816895 -0.001221 0.0157 0.3255 0.1255
v -0.363525 0.819336 -0.001221 0.0627 0.3294 0.1569
v -0.369873 0.819824 -0.001221 0.7216 0.7059 0.7216
v 0.371826 0.820801 -0.001221 0.0588 0.2549 0.1333
v 0.385986 0.828125 -0.001221 0.0824 0.3725 0.1647
v -0.018311 0.859375 -0.001221 0.6236 0.3961 0.2823
v 0.018311 0.859375 -0.001221 0.5961 0.4039 0.2863
v -0.032471 0.878906 -0.001221 0.6745 0.4589 0.3372
v 0.032471 0.878906 -0.001221 0.6785 0.4628 0.3412
v -0.035889 0.893066 -0.001221 0.7020 0.4941 0.3686
v 0.035889 0.893066 -0.001221 0.7098 0.4863 0.3686
v 0.037354 0.907227 -0.001221 0.4823 0.3490 0.2745
v -0.038818 0.909668 -0.001221 0.4667 0.3490 0.2667
v -0.036865 0.919922 -0.001221 0.6550 0.4392 0.3216
v -0.036865 0.920898 -0.001221 0.6550 0.4314 0.3176
v -0.042236 0.920898 -0.001221 0.0000 0.0078 0.0039
v 0.036865 0.920898 -0.001221 0.6197 0.4000 0.2980
v -0.044189 0.927246 -0.001221 0.0275 0.0275 0.0275
v 0.045654 0.937500 -0.001221 0.0745 0.0588 0.0471
v -0.049561 0.949707 -0.001221 0.0627 0.0431 0.0353
v -0.047607 0.958984 -0.001221 0.0471 0.0431 0.0353
v -0.054932 0.961914 -0.001221 0.0667 0.0549 0.0353
v 0.038818 0.968750 -0.001221 0.0706 0.0588 0.0549
v 0.024658 0.977539 -0.001221 0.0353 0.0314 0.0157
v -0.048584 0.317871 -0.001221 0.6510 0.4118 0.2863
v 0.048584 0.317871 -0.001221 0.6432 0.4118 0.2941
v -0.112549 0.111328 -0.001221 0.4863 0.5059 0.5019
v 0.112549 0.111328 -0.001221 0.6550 0.6745 0.6667
v -0.106201 0.105469 -0.001221 0.4432 0.5216 0.5098
v 0.106201 0.105469 -0.001221 0.4550 0.5176 0.5137
v -0.100342 0.102051 -0.001221 0.6118 0.6510 0.6550
v 0.100342 0.102051 -0.001221 0.6550 0.6902 0.6941
v -0.097412 0.098145 -0.001221 0.4471 0.5059 0.5098
v 0.097412 0.098145 -0.001221 0.5216 0.5647 0.5686
v -0.101807 0.096191 -0.001221 0.4550 0.5255 0.5176
v 0.101807 0.096191 -0.001221 0.4157 0.4784 0.4706
v -0.103271 0.093262 -0.001221 0.4078 0.4863 0.4706
v 0.103271 0.093262 -0.001221 0.3451 0.4196 0.3961
v -0.107178 0.079102 -0.001221 0.4745 0.5373 0.5216
v 0.107178 0.079102 -0.001221 0.1020 0.2157 0.1490
v -0.106689 0.070801 -0.001221 0.0745 0.2157 0.1490
v 0.106689 0.070801 -0.001221 0.1765 0.2980 0.2353
v 0.214600 0.777832 -0.001709 0.6471 0.4118 0.2902
v 0.400635 0.777832 -0.001709 0.0314 0.2549 0.0980
v 0.340576 0.779785 -0.001709 0.2588 0.3176 0.2627
v -0.339111 0.780273 -0.001709 0.4471 0.5176 0.4902
v -0.342041 0.780762 -0.001709 0.6432 0.6785 0.6824
v -0.342041 0.782715 -0.001709 0.6510 0.6980 0.6941
v -0.342041 0.783203 -0.001709 0.6510 0.6980 0.6941
v 0.340576 0.785645 -0.001709 0.1020 0.2157 0.1294
v 0.368897 0.785645 -0.001709 0.5921 0.6118 0.5843
v -0.366943 0.788574 -0.001709 0.0431 0.2353 0.1020
v -0.370361 0.788574 -0.001709 0.6157 0.6471 0.6393
v 0.225830 0.788574 -0.001709 0.7137 0.4823 0.3568
v -0.127197 0.790039 -0.001709 0.6393 0.4157 0.3176
v -0.366943 0.790039 -0.001709 0.0510 0.2314 0.1137
v -0.119873 0.791504 -0.001709 0.5921 0.3725 0.2627
v 0.119873 0.791504 -0.001709 0.6079 0.3961 0.2745
v -0.377686 0.796875 -0.001709 0.0039 0.2392 0.0784
v 0.292236 0.808105 -0.001709 0.7647 0.5373 0.3961
v 0.281982 0.810059 -0.001709 0.7568 0.5333 0.4000
v -0.330322 0.814453 -0.001709 0.0275 0.2471 0.1294
v -0.334229 0.815430 -0.001709 0.0784 0.2432 0.1725
v -0.161865 0.816406 -0.001709 0.7647 0.5294 0.3961
v 0.337647 0.816406 -0.001709 0.0824 0.3294 0.1647
v -0.173096 0.816895 -0.001709 0.7647 0.5294 0.3961
v -0.184814 0.817383 -0.001709 0.7490 0.5176 0.3921
v -0.374268 0.820312 -0.001709 0.0157 0.1530 0.0627
v -0.024170 0.833496 -0.001709 0.6980 0.4745 0.3490
v 0.024170 0.833496 -0.001709 0.6824 0.4706 0.3412
v -0.413330 0.836426 -0.001709 0.0431 0.3804 0.1412
v -0.037354 0.904785 -0.001709 0.5882 0.4118 0.2980
v 0.038330 0.907227 -0.001709 0.4471 0.2941 0.2432
v 0.041748 0.921387 -0.001709 0.0275 0.0275 0.0235
v -0.048096 0.941895 -0.001709 0.0431 0.0275 0.0118
v 0.044678 0.943848 -0.001709 0.0275 0.0118 0.0000
v 0.044678 0.956543 -0.001709 0.0078 0.0039 0.0000
v -0.048096 0.957031 -0.001709 0.0510 0.0471 0.0314
v -0.054932 0.963379 -0.001709 0.1216 0.0941 0.0824
v 0.043213 0.963379 -0.001709 0.0627 0.0510 0.0431
v -0.051514 0.965332 -0.001709 0.1530 0.1255 0.1020
v -0.048584 0.966797 -0.001709 0.0902 0.0667 0.0471
v -0.028564 0.986816 -0.001709 0.0392 0.0235 0.0196
v 0.003662 0.991699 -0.001709 0.0667 0.0510 0.0431
v -0.015869 0.998047 -0.001709 0.0863 0.0784 0.0627
v -0.014893 0.998535 -0.001709 0.0980 0.0824 0.0667
v -0.113525 0.344727 -0.001709 0.6745 0.4589 0.3372
v 0.113525 0.344727 -0.001709 0.6902 0.4784 0.3568
v -0.041260 0.334961 -0.001709 0.6902 0.4432 0.3137
v 0.041260 0.334961 -0.001709 0.6863 0.4392 0.3098
v -0.118896 0.114258 -0.001709 0.4353 0.4471 0.4353
v 0.118896 0.114258 -0.001709 0.5019 0.4980 0.5059
v -0.111084 0.113770 -0.001709 0.7176 0.7412 0.7412
v 0.111084 0.113770 -0.001709 0.5294 0.5490 0.5569
v -0.103271 0.108398 -0.001709 0.6550 0.7020 0.7059
v 0.103271 0.108398 -0.001709 0.6706 0.7098 0.7176
v -0.099365 0.098633 -0.001709 0.4863 0.5373 0.5333
v 0.099365 0.098633 -0.001709 0.4745 0.5176 0.5176
v -0.109131 0.086426 -0.001709 0.5686 0.6157 0.6157
v 0.109131 0.086426 -0.001709 0.6197 0.6510 0.6276
v -0.107178 0.078125 -0.001709 0.4039 0.4706 0.4550
v 0.107178 0.078125 -0.001709 0.1098 0.2392 0.1647
v -0.132080 0.002930 -0.001709 0.0196 0.2118 0.0863
v 0.132080 0.002930 -0.001709 0.0314 0.2118 0.0902
v -0.084717 0.699219 -0.002197 0.0314 0.2235 0.1059
v 0.084717 0.699219 -0.002197 0.0314 0.2235 0.1059
v -0.091553 0.742188 -0.002197 0.5373 0.3490 0.2549
v 0.091553 0.742188 -0.002197 0.6432 0.4157 0.3059
v 0.339111 0.780273 -0.002197 0.5412 0.5647 0.5412
v 0.338623 0.782227 -0.002197 0.5882 0.5961 0.5804
v 0.342041 0.782715 -0.002197 0.0627 0.2471 0.1333
v 0.338623 0.783203 -0.002197 0.5569 0.5804 0.5647
v 0.342041 0.783203 -0.002197 0.0627 0.2471 0.1255
v 0.342041 0.784668 -0.002197 0.0627 0.2471 0.1333
v 0.339111 0.785156 -0.002197 0.5490 0.5843 0.5569
v 0.367432 0.785645 -0.002197 0.6197 0.6079 0.6039
v 0.370361 0.786133 -0.002197 0.5137 0.5569 0.5333
v 0.384522 0.787109 -0.002197 0.0510 0.2941 0.1255
v 0.366943 0.787598 -0.002197 0.6236 0.6236 0.6236
v 0.370361 0.788086 -0.002197 0.4902 0.5451 0.5176
v 0.370361 0.788574 -0.002197 0.4235 0.4863 0.4550
v 0.127197 0.790039 -0.002197 0.6118 0.3882 0.2823
v 0.366943 0.790039 -0.002197 0.6354 0.6393 0.6432
v 0.368408 0.790527 -0.002197 0.6157 0.6315 0.6236
v 0.370361 0.790527 -0.002197 0.3843 0.4275 0.4039
v -0.313232 0.798340 -0.002197 0.7294 0.5059 0.3686
v 0.224854 0.807129 -0.002197 0.7451 0.5059 0.3765
v -0.143799 0.813477 -0.002197 0.7137 0.4823 0.3529
v -0.151611 0.814941 -0.002197 0.7372 0.5059 0.3725
v 0.161865 0.816406 -0.002197 0.7608 0.5294 0.4000
v 0.173096 0.816895 -0.002197 0.7568 0.5255 0.3921
v 0.344482 0.816895 -0.002197 0.0627 0.3529 0.1608
v 0.363525 0.819336 -0.002197 0.3490 0.3961 0.3686
v 0.369873 0.820312 -0.002197 0.1216 0.2510 0.1647
v -0.049561 0.834473 -0.002197 0.4784 0.4980 0.4706
v 0.049561 0.834473 -0.002197 0.5921 0.6236 0.6157
v -0.101318 0.840332 -0.002197 0.7333 0.5059 0.3608
v -0.016846 0.854492 -0.002197 0.6824 0.4353 0.3137
v 0.016846 0.854492 -0.002197 0.6471 0.4471 0.3255
v -0.038330 0.905273 -0.002197 0.5333 0.3961 0.2980
v 0.041260 0.916504 -0.002197 0.0510 0.0392 0.0275
v -0.014404 0.994629 -0.002197 0.0627 0.0549 0.0431
v -0.088623 0.252930 -0.002197 0.6745 0.4589 0.3372
v 0.088623 0.252930 -0.002197 0.6745 0.4628 0.3294
v -0.108643 0.144531 -0.002197 0.0706 0.2706 0.1412
v 0.108643 0.144043 -0.002197 0.0863 0.2706 0.1490
v -0.121338 0.114746 -0.002197 0.7216 0.7294 0.7294
v 0.121338 0.114746 -0.002197 0.5569 0.5686 0.5530
v -0.102783 0.095703 -0.002197 0.3412 0.4392 0.4118
v 0.102783 0.095703 -0.002197 0.3843 0.4667 0.4510
v 0.105713 0.094238 -0.002197 0.3059 0.3843 0.3490
v -0.105225 0.079102 -0.002197 0.5569 0.6000 0.6039
v 0.105225 0.079102 -0.002197 0.1176 0.2471 0.1765
v -0.105713 0.078125 -0.002197 0.5098 0.5451 0.5608
v 0.105713 0.078125 -0.002197 0.1137 0.2471 0.1765
v -0.107666 0.077637 -0.002197 0.2784 0.3686 0.3372
v 0.107666 0.077637 -0.002197 0.2196 0.3137 0.2627
v -0.104736 0.070801 -0.002197 0.0902 0.2353 0.1490
v -0.106201 0.070801 -0.002197 0.0824 0.2157 0.1373
v 0.104736 0.070801 -0.002197 0.1255 0.2627 0.1922
v 0.106201 0.070801 -0.002197 0.1451 0.2706 0.2000
v -0.115479 0.068359 -0.002197 0.4863 0.5373 0.5137
v 0.115479 0.068359 -0.002197 0.6667 0.7020 0.6980
v -0.103760 0.032715 -0.002197 0.0078 0.2000 0.0824
v 0.103760 0.032715 -0.002197 0.0314 0.2314 0.1020
v -0.412842 0.775391 -0.002686 0.0157 0.1373 0.0549
v 0.342041 0.780762 -0.002686 0.0824 0.2706 0.1569
v -0.340088 0.783203 -0.002686 0.5961 0.6550 0.6510
v -0.342041 0.783691 -0.002686 0.6393 0.6980 0.6863
v -0.338623 0.784180 -0.002686 0.4157 0.4980 0.4745
v -0.367432 0.786621 -0.002686 0.0471 0.2353 0.1176
v -0.370361 0.787109 -0.002686 0.5176 0.5725 0.5412
v -0.368897 0.788086 -0.002686 0.1137 0.2510 0.1490
v 0.366943 0.788574 -0.002685 0.6393 0.6354 0.6471
v -0.292725 0.789551 -0.002686 0.7176 0.4902 0.3608
v -0.329834 0.790039 -0.002686 0.4628 0.4353 0.3529
v 0.377686 0.796875 -0.002685 0.0275 0.2471 0.0980
v -0.335205 0.799805 -0.002686 0.1137 0.1882 0.1294
v -0.302490 0.806641 -0.002686 0.7529 0.5333 0.3882
v 0.143799 0.813477 -0.002686 0.7216 0.5019 0.3686
v -0.328369 0.813965 -0.002686 0.1647 0.3137 0.2196
v 0.151611 0.814941 -0.002686 0.7412 0.5059 0.3843
v 0.330322 0.814941 -0.002686 0.1686 0.2784 0.2235
v 0.334229 0.815430 -0.002686 0.7333 0.6941 0.7294
v -0.196533 0.817383 -0.002686 0.7451 0.5176 0.3882
v 0.184814 0.817383 -0.002686 0.7490 0.5176 0.3843
v 0.374268 0.820312 -0.002685 0.0549 0.2627 0.1216
v 0.413330 0.836426 -0.002685 0.0353 0.3765 0.1333
v 0.101318 0.840332 -0.002686 0.7333 0.5019 0.3725
v -0.022705 0.840820 -0.002686 0.6863 0.4667 0.3372
v 0.022705 0.840820 -0.002686 0.6902 0.4706 0.3412
v -0.015869 0.847656 -0.002686 0.6745 0.4392 0.3137
v 0.015869 0.847656 -0.002686 0.6980 0.4706 0.3451
v -0.035400 0.889160 -0.002686 0.7098 0.5019 0.3804
v 0.035400 0.889160 -0.002686 0.7020 0.4784 0.3608
v -0.037354 0.901855 -0.002686 0.6118 0.4275 0.3255
v 0.037354 0.902344 -0.002686 0.5921 0.4510 0.3804
v 0.037354 0.902832 -0.002686 0.5412 0.4392 0.3843
v 0.038330 0.904297 -0.002686 0.4980 0.3804 0.3019
v -0.038818 0.905273 -0.002686 0.4589 0.3372 0.2588
v 0.039307 0.907227 -0.002686 0.1216 0.1059 0.0902
v -0.039795 0.909668 -0.002686 0.1098 0.0980 0.0784
v 0.040283 0.911621 -0.002686 0.0941 0.0784 0.0588
v -0.037354 0.915039 -0.002686 0.6432 0.4235 0.3059
v -0.041260 0.915039 -0.002686 0.0314 0.0078 0.0196
v 0.037354 0.915039 -0.002686 0.6079 0.3961 0.2941
v -0.042725 0.920898 -0.002686 0.0000 0.0000 0.0000
v -0.052002 0.960938 -0.002686 0.0275 0.0196 0.0039
v 0.026611 0.970703 -0.002686 0.0157 0.0157 0.0078
v 0.032959 0.971680 -0.002686 0.0275 0.0314 0.0235
v -0.006104 0.997559 -0.002686 0.0902 0.0863 0.0627
v -0.011963 0.998047 -0.002686 0.1137 0.1020 0.0824
v -0.107666 0.218262 -0.002686 0.7020 0.4823 0.3490
v 0.107666 0.218262 -0.002686 0.7020 0.4745 0.3451
v -0.119385 0.145020 -0.002686 0.0784 0.2667 0.1490
v 0.119385 0.145020 -0.002686 0.0941 0.2823 0.1451
v -0.118408 0.117188 -0.002686 0.6589 0.6706 0.6706
v 0.118408 0.117188 -0.002686 0.6236 0.6276 0.6276
v -0.117432 0.114258 -0.002686 0.5412 0.5451 0.5333
v 0.117432 0.114258 -0.002686 0.7216 0.7333 0.7451
v -0.119385 0.111328 -0.002686 0.3804 0.3843 0.3843
v 0.119385 0.111328 -0.002686 0.4667 0.4902 0.4823
v -0.104248 0.106445 -0.002686 0.4745 0.5451 0.5412
v 0.104248 0.106445 -0.002686 0.6000 0.6432 0.6432
v -0.099854 0.096191 -0.002686 0.5843 0.6393 0.6393
v 0.099854 0.096191 -0.002686 0.3647 0.4275 0.4235
v -0.098389 0.094727 -0.002686 0.5608 0.6118 0.6197
v 0.098389 0.094727 -0.002686 0.4039 0.4667 0.4667
v -0.105713 0.094238 -0.002686 0.2823 0.3647 0.3372
v -0.111084 0.093750 -0.002686 0.4275 0.4902 0.4706
v 0.111084 0.093750 -0.002686 0.2784 0.3529 0.3019
v -0.101807 0.091797 -0.002686 0.3921 0.4706 0.4589
v 0.101807 0.091797 -0.002686 0.2902 0.3882 0.3451
v -0.108643 0.078613 -0.002686 0.1922 0.2863 0.2471
v 0.108643 0.078613 -0.002686 0.2039 0.3019 0.2510
v -0.338623 0.781250 -0.003174 0.3176 0.4000 0.3686
v -0.342041 0.781738 -0.003174 0.6471 0.6941 0.6941
v -0.282471 0.782227 -0.003174 0.7294 0.5059 0.3804
v -0.342041 0.785645 -0.003174 0.6315 0.6824 0.6745
v -0.339111 0.786133 -0.003174 0.5019 0.5725 0.5569
v -0.340576 0.786133 -0.003174 0.5686 0.6315 0.6197
v 0.370361 0.787109 -0.003174 0.4941 0.5412 0.5176
v -0.368897 0.787598 -0.003174 0.1098 0.2353 0.1569
v 0.368897 0.788086 -0.003174 0.6667 0.6706 0.6667
v 0.292725 0.789551 -0.003174 0.7176 0.4863 0.3608
v 0.329834 0.790039 -0.003174 0.0510 0.1882 0.0941
v -0.370361 0.791016 -0.003174 0.5921 0.6276 0.6118
v -0.368408 0.791504 -0.003174 0.3765 0.4432 0.4118
v 0.313232 0.798340 -0.003174 0.7568 0.5098 0.3725
v 0.335205 0.799805 -0.003174 0.0902 0.2196 0.1255
v 0.335205 0.800293 -0.003174 0.0902 0.2118 0.1294
v 0.302490 0.806641 -0.003174 0.7725 0.5373 0.4039
v 0.328369 0.813965 -0.003174 0.0706 0.2667 0.1530
v -0.206787 0.817383 -0.003174 0.7490 0.5176 0.3921
v 0.196533 0.817383 -0.003174 0.7451 0.5098 0.3804
v -0.379639 0.823730 -0.003174 0.0039 0.2941 0.0941
v -0.060303 0.831055 -0.003174 0.0235 0.2118 0.1176
v 0.060303 0.831055 -0.003174 0.0039 0.1530 0.0627
v 0.053955 0.832520 -0.003174 0.0314 0.1804 0.0902
v -0.053955 0.833008 -0.003174 0.5255 0.5804 0.5804
v -0.116943 0.839355 -0.003174 0.7294 0.5059 0.3725
v -0.027588 0.870117 -0.003174 0.5686 0.3490 0.2432
v 0.027588 0.870117 -0.003174 0.5843 0.3725 0.2667
v -0.037354 0.905273 -0.003174 0.5843 0.4078 0.3019
v 0.037354 0.907227 -0.003174 0.5530 0.3647 0.2784
v -0.037354 0.909668 -0.003174 0.5686 0.4000 0.3098
v 0.037354 0.909668 -0.003174 0.5608 0.3765 0.2902
v 0.037354 0.911133 -0.003174 0.5176 0.3686 0.2941
v -0.037354 0.914551 -0.003174 0.6354 0.4235 0.3137
v 0.037354 0.916016 -0.003174 0.6197 0.4039 0.2980
v 0.044678 0.937500 -0.003174 0.0588 0.0471 0.0353
v 0.044678 0.957031 -0.003174 0.0667 0.0510 0.0392
v -0.013916 0.992676 -0.003174 0.0863 0.0784 0.0667
v 0.002686 0.994629 -0.003174 0.0392 0.0235 0.0157
v -0.119385 0.147949 -0.003174 0.1804 0.3451 0.2510
v -0.108643 0.146973 -0.003174 0.1530 0.3372 0.2392
v 0.108643 0.146973 -0.003174 0.0863 0.2588 0.1530
v -0.120850 0.117676 -0.003174 0.7137 0.7255 0.7372
v 0.120850 0.117676 -0.003174 0.6276 0.6393 0.6354
v -0.116943 0.116211 -0.003174 0.6785 0.6824 0.6785
v 0.116943 0.116211 -0.003174 0.7255 0.7255 0.7216
v -0.121338 0.112305 -0.003174 0.5333 0.5569 0.5530
v 0.121338 0.112305 -0.003174 0.3961 0.4078 0.4078
v -0.117432 0.111816 -0.003174 0.5725 0.5843 0.5843
v 0.117432 0.111816 -0.003174 0.4980 0.5176 0.5098
v -0.113525 0.100098 -0.003174 0.4039 0.4589 0.4392
v 0.113525 0.100098 -0.003174 0.4353 0.4706 0.4353
v -0.104248 0.096191 -0.003174 0.1961 0.3098 0.2627
v 0.104248 0.096191 -0.003174 0.4000 0.4745 0.4550
v -0.106201 0.086914 -0.003174 0.4589 0.5255 0.5137
v 0.106201 0.086914 -0.003174 0.1255 0.2157 0.1686
v 0.412842 0.775391 -0.003662 0.0275 0.2196 0.0980
v 0.338623 0.781250 -0.003662 0.6039 0.6079 0.6039
v -0.340088 0.782227 -0.003662 0.6157 0.6589 0.6628
v -0.338135 0.783203 -0.003662 0.1176 0.2667 0.1922
v 0.340088 0.783203 -0.003662 0.1882 0.3176 0.2314
v 0.342041 0.783691 -0.003662 0.0549 0.2432 0.1255
v 0.338623 0.784180 -0.003662 0.5843 0.6157 0.6039
v 0.340576 0.786621 -0.003662 0.0863 0.2353 0.1412
v 0.367432 0.786621 -0.003662 0.6432 0.6393 0.6432
v -0.370361 0.789062 -0.003662 0.6354 0.6706 0.6550
v -0.380127 0.790039 -0.003662 0.0157 0.2000 0.0706
v -0.282471 0.790527 -0.003662 0.7333 0.5019 0.3725
v -0.302490 0.790527 -0.003662 0.7098 0.4784 0.3568
v -0.366943 0.790527 -0.003662 0.0549 0.2235 0.1137
v -0.323486 0.799316 -0.003662 0.6863 0.4863 0.3568
v -0.270752 0.800781 -0.003662 0.6667 0.4471 0.3176
v -0.334717 0.805664 -0.003662 0.0549 0.1530 0.0941
v -0.376221 0.818848 -0.003662 0.0078 0.2706 0.0941
v -0.143799 0.821289 -0.003662 0.6941 0.4667 0.3451
v 0.379639 0.824219 -0.003662 0.0667 0.3490 0.1530
v -0.033936 0.829102 -0.003662 0.6393 0.4432 0.3216
v 0.033936 0.829102 -0.003662 0.6745 0.4392 0.2980
v 0.116943 0.839355 -0.003662 0.7412 0.5059 0.3686
v -0.031982 0.875977 -0.003662 0.6276 0.4118 0.2941
v 0.031982 0.875977 -0.003662 0.6354 0.4275 0.3137
v -0.038330 0.905273 -0.003662 0.5608 0.3843 0.2823
v 0.043701 0.933105 -0.003662 0.0392 0.0353 0.0196
v -0.047119 0.934570 -0.003662 0.0392 0.0353 0.0196
v 0.046143 0.951660 -0.003662 0.0392 0.0353 0.0275
v 0.046631 0.958008 -0.003662 0.1059 0.0863 0.0745
v -0.052002 0.963379 -0.003662 0.0863 0.0627 0.0471
v -0.052490 0.963379 -0.003662 0.0863 0.0667 0.0510
v -0.049072 0.966309 -0.003662 0.1020 0.0902 0.0706
v -0.043213 0.970215 -0.003662 0.1137 0.1020 0.0824
v -0.037354 0.983398 -0.003662 0.0863 0.0667 0.0588
v 0.019287 0.988281 -0.003662 0.0510 0.0353 0.0235
v -0.014893 0.995605 -0.003662 0.0784 0.0745 0.0627
v -0.013428 0.997070 -0.003662 0.0941 0.0784 0.0667
v -0.111084 0.257812 -0.003662 0.6980 0.4941 0.3647
v 0.111084 0.257812 -0.003662 0.7137 0.4823 0.3568
v -0.093506 0.234375 -0.003662 0.6706 0.4589 0.3255
v 0.093506 0.234375 -0.003662 0.6745 0.4628 0.3255
v 0.119385 0.147949 -0.003662 0.1255 0.2941 0.1922
v -0.112061 0.109863 -0.003662 0.3216 0.3921 0.3647
v 0.112061 0.109863 -0.003662 0.5019 0.5412 0.5333
v -0.116455 0.106445 -0.003662 0.2588 0.3372 0.3019
v 0.116455 0.106445 -0.003662 0.0471 0.1961 0.1059
v -0.108643 0.098145 -0.003662 0.3255 0.3961 0.3686
v 0.108643 0.098145 -0.003662 0.4118 0.4432 0.4314
v -0.110596 0.085938 -0.003662 0.2118 0.2980 0.2706
v 0.110596 0.085938 -0.003662 0.4275 0.4823 0.4510
v -0.106201 0.077637 -0.003662 0.4000 0.4667 0.4550
v -0.107666 0.077637 -0.003662 0.2432 0.3372 0.3098
v 0.106201 0.077637 -0.003662 0.2039 0.3098 0.2549
v 0.107666 0.077637 -0.003662 0.2275 0.3333 0.2745
v -0.158936 0.019531 -0.003662 0.0000 0.1882 0.0627
v 0.158936 0.019531 -0.003662 0.0235 0.2000 0.0863
v -0.088623 0.710938 -0.004150 0.0314 0.2196 0.1020
v 0.088623 0.710938 -0.004150 0.0235 0.2039 0.0902
v -0.225342 0.780762 -0.004150 0.6276 0.3921 0.2745
v 0.342041 0.781738 -0.004150 0.0706 0.2432 0.1294
v -0.293213 0.782227 -0.004150 0.7372 0.5019 0.3725
v 0.282471 0.782227 -0.004150 0.7294 0.4980 0.3725
v -0.333252 0.783203 -0.004150 0.0863 0.1373 0.0471
v -0.340088 0.783203 -0.004150 0.6157 0.6745 0.6745
v -0.340576 0.783691 -0.004150 0.5921 0.6510 0.6510
v 0.342041 0.785645 -0.004150 0.0549 0.2471 0.1216
v 0.339111 0.786133 -0.004150 0.3882 0.4628 0.4196
v 0.368897 0.787598 -0.004150 0.6550 0.6628 0.6589
v -0.368897 0.788086 -0.004150 0.1765 0.2823 0.2118
v -0.368897 0.788574 -0.004150 0.2196 0.3333 0.2549
v -0.366943 0.789062 -0.004150 0.0431 0.2078 0.1059
v -0.373779 0.789062 -0.004150 0.4941 0.5019 0.4784
v 0.302490 0.790527 -0.004150 0.7059 0.4784 0.3490
v 0.370361 0.791016 -0.004150 0.4078 0.4667 0.4510
v 0.368408 0.791504 -0.004150 0.6471 0.6628 0.6745
v -0.336182 0.792480 -0.004150 0.1412 0.2471 0.1882
v 0.334717 0.805664 -0.004150 0.0941 0.2392 0.1412
v -0.269775 0.812500 -0.004150 0.7490 0.5137 0.3765
v -0.327881 0.812500 -0.004150 0.4510 0.3921 0.3176
v -0.216064 0.815918 -0.004150 0.7412 0.5137 0.3843
v 0.206787 0.817383 -0.004150 0.7490 0.5176 0.3843
v 0.143799 0.821289 -0.004150 0.7059 0.4667 0.3372
v -0.382080 0.827637 -0.004150 0.0157 0.3412 0.1137
v -0.087646 0.838379 -0.004150 0.7137 0.4863 0.3451
v -0.022705 0.849121 -0.004150 0.6902 0.4667 0.3412
v 0.022705 0.849121 -0.004150 0.6941 0.4628 0.3372
v -0.033936 0.881836 -0.004150 0.6745 0.4589 0.3372
v 0.033936 0.881836 -0.004150 0.6863 0.4706 0.3529
v -0.034912 0.885254 -0.004150 0.6980 0.4823 0.3647
v 0.034912 0.885254 -0.004150 0.6902 0.4745 0.3529
v -0.037354 0.904297 -0.004150 0.6393 0.4432 0.3372
v 0.037354 0.904297 -0.004150 0.6315 0.4235 0.3255
v -0.037842 0.904785 -0.004150 0.5843 0.4039 0.2980
v 0.038818 0.907227 -0.004150 0.1451 0.1137 0.0902
v -0.050049 0.951172 -0.004150 0.0235 0.0078 0.0078
v -0.049561 0.960938 -0.004150 0.0588 0.0510 0.0431
v 0.025635 0.978516 -0.004150 0.0314 0.0275 0.0196
v -0.072510 0.268555 -0.004150 0.6706 0.4353 0.2941
v 0.072510 0.268555 -0.004150 0.6628 0.4706 0.3451
v -0.122314 0.114746 -0.004150 0.6628 0.6902 0.6941
v 0.122314 0.114746 -0.004150 0.6510 0.6510 0.6550
v -0.117920 0.113770 -0.004150 0.5686 0.5961 0.6000
v -0.121338 0.113770 -0.004150 0.5176 0.5569 0.5490
v 0.118408 0.113770 -0.004150 0.6745 0.7059 0.7059
v 0.121338 0.113770 -0.004150 0.4432 0.4863 0.4667
v -0.112061 0.105469 -0.004150 0.5490 0.5686 0.5686
v 0.112061 0.105469 -0.004150 0.0627 0.1804 0.1176
v 0.128662 0.103027 -0.004150 0.4628 0.5137 0.5019
v -0.106689 0.099609 -0.004150 0.0667 0.1530 0.1059
v 0.106689 0.099609 -0.004150 0.6785 0.6902 0.6785
v -0.132080 0.096191 -0.004150 0.4863 0.5490 0.5451
v 0.132080 0.096191 -0.004150 0.6118 0.6471 0.6510
v -0.101318 0.095215 -0.004150 0.4510 0.5255 0.5216
v 0.101318 0.095215 -0.004150 0.3529 0.4314 0.4157
v -0.108154 0.094238 -0.004150 0.4745 0.5216 0.5137
v 0.108154 0.094238 -0.004150 0.2039 0.2784 0.2432
v -0.112549 0.092773 -0.004150 0.1098 0.2000 0.1530
v 0.112549 0.092773 -0.004150 0.2588 0.3686 0.3059
v -0.108154 0.078613 -0.004150 0.1608 0.2588 0.2235
v 0.108154 0.078613 -0.004150 0.1569 0.2784 0.2118
v -0.125732 0.069336 -0.004150 0.5843 0.6157 0.6039
v 0.125732 0.069336 -0.004150 0.7176 0.7255 0.7255
v -0.155518 0.011719 -0.004150 0.0039 0.2000 0.0706
v 0.155518 0.011719 -0.004150 0.0431 0.2039 0.0941
v -0.282471 0.772461 -0.004639 0.7255 0.4863 0.3529
v 0.340088 0.782227 -0.004639 0.2078 0.3216 0.2432
v -0.270752 0.783203 -0.004639 0.7216 0.4941 0.3686
v -0.302979 0.783203 -0.004639 0.7176 0.4863 0.3568
v -0.369385 0.783203 -0.004639 0.4392 0.5098 0.4589
v 0.338135 0.783203 -0.004639 0.6550 0.6550 0.6471
v -0.336670 0.783691 -0.004639 0.0275 0.2353 0.1255
v -0.393799 0.783691 -0.004639 0.0353 0.2706 0.1098
v 0.340576 0.784180 -0.004639 0.0784 0.2392 0.1373
v -0.346436 0.785645 -0.004639 0.0039 0.2314 0.0745
v -0.371338 0.789062 -0.004639 0.6197 0.6315 0.6236
v 0.366943 0.789062 -0.004639 0.6667 0.6667 0.6745
v 0.370361 0.789551 -0.004639 0.4471 0.5176 0.4941
v -0.375732 0.790039 -0.004639 0.0314 0.1176 0.0471
v 0.380127 0.790039 -0.004639 0.0275 0.2432 0.0980
v 0.282471 0.790527 -0.004639 0.7216 0.4902 0.3568
v 0.366943 0.790527 -0.004639 0.6628 0.6628 0.6745
v 0.323486 0.799316 -0.004639 0.7764 0.4941 0.3529
v -0.332275 0.800293 -0.004639 0.1647 0.1804 0.1176
v 0.270752 0.800781 -0.004639 0.6628 0.4432 0.3137
v -0.312744 0.806641 -0.004639 0.7490 0.5373 0.4039
v 0.269775 0.812500 -0.004639 0.7490 0.5294 0.3921
v 0.216064 0.815918 -0.004639 0.7451 0.5098 0.3765
v 0.376221 0.818848 -0.004639 0.0549 0.2902 0.1176
v -0.047607 0.829102 -0.004639 0.5843 0.3843 0.2784
v 0.047607 0.829102 -0.004639 0.6471 0.4784 0.3765
v -0.398193 0.834961 -0.004639 0.0392 0.3608 0.1294
v 0.087646 0.838379 -0.004639 0.7137 0.4902 0.3568
v 0.037842 0.907227 -0.004639 0.3216 0.2275 0.1608
v 0.044678 0.964844 -0.004639 0.1098 0.0902 0.0745
v 0.040771 0.969727 -0.004639 0.0824 0.0627 0.0510
v -0.109619 0.201660 -0.004639 0.6980 0.4941 0.3608
v 0.109619 0.201660 -0.004639 0.7137 0.4823 0.3568
v -0.121826 0.116699 -0.004639 0.6941 0.7137 0.7176
v 0.121826 0.116699 -0.004639 0.6589 0.6745 0.6824
v -0.120361 0.113770 -0.004639 0.6471 0.6785 0.6824
v 0.120361 0.113770 -0.004639 0.6471 0.6824 0.6745
v -0.110107 0.113281 -0.004639 0.6706 0.7059 0.7098
v -0.122314 0.113281 -0.004639 0.5490 0.5725 0.5764
v 0.110107 0.113281 -0.004639 0.5843 0.5961 0.5961
v 0.122314 0.113281 -0.004639 0.5804 0.5921 0.5804
v -0.119385 0.111816 -0.004639 0.2823 0.3490 0.3294
v -0.119873 0.111816 -0.004639 0.3059 0.3568 0.3333
v 0.119873 0.111816 -0.004639 0.4039 0.4628 0.4392
v -0.115479 0.110840 -0.004639 0.5804 0.6039 0.6000
v 0.115479 0.110840 -0.004639 0.1765 0.2118 0.1882
v -0.124756 0.108887 -0.004639 0.0471 0.1216 0.0784
v 0.124756 0.108887 -0.004639 0.5921 0.6276 0.6197
v -0.122803 0.107422 -0.004639 0.1412 0.2706 0.2000
v 0.122803 0.107422 -0.004639 0.3843 0.4314 0.4118
v -0.110107 0.106934 -0.004639 0.1569 0.2314 0.2000
v 0.110107 0.106934 -0.004639 0.5804 0.6354 0.6236
v -0.128662 0.103027 -0.004639 0.3294 0.4196 0.3961
v -0.126221 0.101562 -0.004639 0.2863 0.3568 0.3176
v 0.126221 0.101562 -0.004639 0.4196 0.4628 0.4510
v -0.111084 0.101074 -0.004639 0.5686 0.6157 0.6157
v 0.111084 0.100586 -0.004639 0.3098 0.3843 0.3372
v -0.114990 0.099121 -0.004639 0.1137 0.2157 0.1647
v 0.114990 0.099121 -0.004639 0.1647 0.2784 0.2157
v -0.129639 0.094727 -0.004639 0.1608 0.2432 0.2000
v 0.129639 0.094727 -0.004639 0.4628 0.5019 0.4941
v -0.100830 0.093262 -0.004639 0.3686 0.4589 0.4471
v 0.100830 0.093262 -0.004639 0.2471 0.3451 0.3137
v -0.105225 0.092773 -0.004639 0.4432 0.5176 0.5137
v 0.105225 0.092773 -0.004639 0.2196 0.3451 0.2823
v -0.135498 0.087891 -0.004639 0.3882 0.4667 0.4628
v 0.135498 0.087891 -0.004639 0.4432 0.5019 0.4941
v -0.133057 0.087402 -0.004639 0.2941 0.3843 0.3490
v 0.133057 0.087402 -0.004639 0.4118 0.4550 0.4510
v -0.137451 0.080078 -0.004639 0.2510 0.3412 0.3176
v 0.137451 0.080078 -0.004639 0.1490 0.2784 0.2078
v -0.135986 0.079590 -0.004639 0.2392 0.3412 0.3098
v 0.135986 0.079590 -0.004639 0.1255 0.2706 0.1922
v -0.105713 0.078613 -0.004639 0.3608 0.4353 0.4118
v 0.106201 0.078613 -0.004639 0.1333 0.2745 0.2000
v -0.103271 0.021973 -0.004639 0.0039 0.1725 0.0627
v 0.103271 0.021973 -0.004639 0.0118 0.1843 0.0784
v -0.158447 0.014160 -0.004639 0.5804 0.6510 0.6039
v 0.158447 0.014160 -0.004639 0.4314 0.5569 0.4628
v -0.157471 0.010742 -0.004639 0.0000 0.1843 0.0549
v 0.157959 0.010742 -0.004639 0.0275 0.2000 0.0784
v 0.282471 0.772461 -0.005127 0.7176 0.4628 0.3372
v -0.269775 0.772949 -0.005127 0.7255 0.4863 0.3568
v -0.406982 0.778809 -0.005127 0.0118 0.2235 0.0706
v 0.225342 0.780762 -0.005127 0.6236 0.4000 0.2823
v 0.293213 0.782227 -0.005127 0.7255 0.4863 0.3529
v 0.302979 0.783203 -0.005127 0.7176 0.4706 0.3412
v 0.333252 0.783203 -0.005127 0.0353 0.2275 0.1216
v 0.340088 0.783203 -0.005127 0.1176 0.2706 0.1922
v -0.330811 0.783691 -0.005127 0.4432 0.3843 0.2745
v -0.367920 0.783691 -0.005127 0.0588 0.2157 0.1137
v 0.336670 0.783691 -0.005127 0.6550 0.6315 0.6393
v -0.370850 0.784180 -0.005127 0.3686 0.4392 0.3882
v 0.368897 0.788086 -0.005127 0.6824 0.6863 0.6863
v 0.368897 0.788574 -0.005127 0.6980 0.6980 0.7059
v 0.371826 0.789062 -0.005127 0.0627 0.1686 0.0863
v 0.373779 0.789062 -0.005127 0.0196 0.2118 0.0824
v -0.365967 0.789551 -0.005127 0.0510 0.2549 0.1216
v -0.313232 0.791992 -0.005127 0.6980 0.4706 0.3490
v 0.336182 0.792480 -0.005127 0.3882 0.4550 0.4314
v 0.312744 0.806641 -0.005127 0.7764 0.5294 0.3921
v 0.327881 0.812500 -0.005127 0.0392 0.2353 0.1216
v -0.042725 0.828125 -0.005127 0.6628 0.4314 0.3137
v 0.382080 0.828125 -0.005127 0.0667 0.3647 0.1569
v -0.022217 0.856445 -0.005127 0.6745 0.4432 0.3255
v 0.022217 0.856445 -0.005127 0.6785 0.4706 0.3412
v -0.036865 0.899414 -0.005127 0.6706 0.4784 0.3529
v 0.036865 0.899414 -0.005127 0.6824 0.4745 0.3529
v -0.039795 0.909668 -0.005127 0.1490 0.0941 0.0667
v 0.039795 0.911133 -0.005127 0.0941 0.0745 0.0588
v -0.037354 0.927734 -0.005127 0.6471 0.4275 0.3216
v 0.037354 0.927734 -0.005127 0.6432 0.4235 0.3176
v -0.045654 0.928711 -0.005127 0.0353 0.0353 0.0353
v 0.027588 0.972168 -0.005127 0.0235 0.0235 0.0118
v -0.033936 0.976562 -0.005127 0.0314 0.0196 0.0157
v -0.036865 0.977539 -0.005127 0.0392 0.0353 0.0275
v -0.008057 0.997070 -0.005127 0.0941 0.0784 0.0627
v -0.109131 0.147949 -0.005127 0.0980 0.2667 0.1804
v 0.109131 0.147949 -0.005127 0.1137 0.2941 0.2000
v -0.110107 0.133789 -0.005127 0.0275 0.2314 0.1020
v 0.109619 0.133789 -0.005127 0.0588 0.2392 0.1255
v -0.117432 0.119141 -0.005127 0.4589 0.4980 0.4902
v 0.117920 0.119141 -0.005127 0.6902 0.7059 0.6980
v -0.117432 0.116699 -0.005127 0.6785 0.6980 0.6980
v 0.117432 0.116699 -0.005127 0.7020 0.7216 0.7176
v -0.117432 0.115234 -0.005127 0.6354 0.6706 0.6667
v 0.117432 0.115234 -0.005127 0.6980 0.7216 0.7176
v -0.118408 0.113770 -0.005127 0.6354 0.6706 0.6785
v 0.118408 0.113770 -0.005127 0.6354 0.6706 0.6706
v -0.113525 0.112793 -0.005127 0.5961 0.6432 0.6471
v 0.113525 0.112793 -0.005127 0.6197 0.6510 0.6589
v 0.119385 0.111816 -0.005127 0.3608 0.4078 0.3921
v -0.110596 0.111328 -0.005127 0.6276 0.6745 0.6745
v 0.110596 0.111328 -0.005127 0.6315 0.6706 0.6745
v -0.117432 0.110352 -0.005127 0.4628 0.4863 0.4784
v 0.117432 0.110352 -0.005127 0.3137 0.3568 0.3333
v -0.118896 0.109863 -0.005127 0.2196 0.2784 0.2588
v 0.118896 0.109863 -0.005127 0.3019 0.3412 0.3255
v -0.114014 0.107422 -0.005127 0.5686 0.6000 0.6079
v 0.114014 0.107422 -0.005127 0.0510 0.2157 0.1176
v -0.117920 0.105469 -0.005127 0.0863 0.2235 0.1451
v 0.117920 0.105469 -0.005127 0.0745 0.2314 0.1490
v -0.103271 0.096191 -0.005127 0.1451 0.2549 0.2118
v 0.103271 0.096191 -0.005127 0.4235 0.5019 0.4863
v -0.135498 0.086914 -0.005127 0.4039 0.4823 0.4745
v 0.135498 0.086914 -0.005127 0.5490 0.6039 0.6000
v -0.134033 0.086426 -0.005127 0.3647 0.4471 0.4314
v 0.134033 0.086426 -0.005127 0.5333 0.5843 0.5843
v -0.093018 0.748535 -0.005615 0.6197 0.4235 0.2863
v 0.093018 0.748535 -0.005615 0.6824 0.4353 0.3098
v -0.094482 0.775391 -0.005615 0.5569 0.3294 0.2353
v 0.094482 0.775391 -0.005615 0.5569 0.3333 0.2235
v -0.341064 0.776855 -0.005615 0.6550 0.6902 0.6902
v -0.339600 0.777344 -0.005615 0.5921 0.6550 0.6550
v -0.342529 0.777832 -0.005615 0.6628 0.6980 0.6941
v -0.400635 0.781250 -0.005615 0.0314 0.2627 0.1020
v 0.270752 0.783203 -0.005615 0.7333 0.5019 0.3765
v 0.369385 0.783203 -0.005615 0.6471 0.6550 0.6550
v 0.393799 0.783691 -0.005615 0.0314 0.2784 0.1020
v 0.330811 0.784180 -0.005615 0.0549 0.2039 0.1059
v 0.370850 0.784180 -0.005615 0.5059 0.5647 0.5412
v -0.367432 0.785156 -0.005615 0.0549 0.2275 0.1216
v 0.346436 0.785156 -0.005615 0.0275 0.2667 0.1059
v -0.370850 0.785645 -0.005615 0.5569 0.6000 0.5608
v -0.386475 0.786133 -0.005615 0.0118 0.2627 0.0941
v -0.114014 0.788086 -0.005615 0.5804 0.3568 0.2510
v 0.114014 0.788086 -0.005615 0.5921 0.3568 0.2549
v 0.366455 0.789551 -0.005615 0.6157 0.6157 0.6157
v 0.375732 0.790039 -0.005615 0.0510 0.2314 0.1059
v 0.332275 0.800293 -0.005615 0.0745 0.2157 0.1176
v -0.224365 0.813477 -0.005615 0.7255 0.5098 0.3765
v 0.042725 0.828125 -0.005615 0.6510 0.4196 0.3059
v 0.398193 0.834961 -0.005615 0.0275 0.3647 0.1098
v -0.023193 0.862793 -0.005615 0.6589 0.4353 0.3176
v 0.023193 0.862793 -0.005615 0.6471 0.4432 0.3216
v -0.025635 0.868652 -0.005615 0.6118 0.3843 0.2745
v 0.025635 0.868652 -0.005615 0.5921 0.3804 0.2745
v 0.043213 0.927246 -0.005615 0.0275 0.0235 0.0157
v -0.051025 0.943848 -0.005615 0.0863 0.0627 0.0471
v 0.047607 0.959473 -0.005615 0.0863 0.0706 0.0510
v -0.049561 0.963867 -0.005615 0.0275 0.0157 0.0078
v -0.037842 0.979004 -0.005615 0.0235 0.0157 0.0078
v -0.038330 0.980957 -0.005615 0.0118 0.0118 0.0039
v -0.023193 0.988770 -0.005615 0.0314 0.0157 0.0039
v 0.009033 0.991699 -0.005615 0.0824 0.0667 0.0510
v 0.000244 0.457031 -0.005615 0.0000 0.1294 0.0353
v -0.107666 0.330566 -0.005615 0.6354 0.4275 0.3059
v 0.107666 0.330566 -0.005615 0.6079 0.4000 0.2784
v -0.116455 0.238281 -0.005615 0.6980 0.4863 0.3529
v 0.116455 0.238281 -0.005615 0.7059 0.4667 0.3372
v -0.096924 0.217285 -0.005615 0.6667 0.4471 0.3176
v 0.096924 0.217285 -0.005615 0.6628 0.4471 0.3255
v -0.118896 0.148438 -0.005615 0.1137 0.2980 0.2078
v 0.118896 0.148438 -0.005615 0.1333 0.3098 0.2118
v -0.119385 0.134277 -0.005615 0.0510 0.2353 0.1098
v 0.119385 0.134277 -0.005615 0.0314 0.2314 0.1098
v -0.120361 0.119141 -0.005615 0.6471 0.6706 0.6745
v 0.120361 0.119141 -0.005615 0.6118 0.6393 0.6276
v -0.116455 0.117676 -0.005615 0.6354 0.6628 0.6550
v 0.116455 0.117676 -0.005615 0.6863 0.7020 0.7059
v -0.121338 0.110352 -0.005615 0.3176 0.3608 0.3412
v 0.121338 0.110352 -0.005615 0.4353 0.4745 0.4550
v 0.107178 0.085938 -0.005615 0.2157 0.3176 0.2667
v -0.110107 0.085449 -0.005615 0.1137 0.2118 0.1647
v 0.110107 0.085449 -0.005615 0.2627 0.3568 0.3059
v -0.135498 0.079102 -0.005615 0.2039 0.2941 0.2667
v 0.135498 0.079102 -0.005615 0.1059 0.2392 0.1725
v -0.104736 0.015625 -0.005615 0.4784 0.5647 0.5294
v 0.104736 0.015625 -0.005615 0.5137 0.6197 0.5608
v -0.156494 0.005371 -0.005615 0.0196 0.1961 0.0745
v 0.156494 0.005371 -0.005615 0.0275 0.2078 0.0902
v -0.153564 0.003418 -0.005615 0.0392 0.2078 0.0902
v 0.153564 0.003418 -0.005615 0.0118 0.2078 0.0941
v 0.269775 0.772949 -0.006103 0.7372 0.4902 0.3647
v -0.293213 0.773926 -0.006104 0.7137 0.4667 0.3490
v 0.341064 0.776855 -0.006103 0.1098 0.2196 0.1255
v 0.406982 0.778809 -0.006103 0.0078 0.1569 0.0314
v 0.367920 0.783691 -0.006103 0.6589 0.6550 0.6550
v -0.369385 0.786621 -0.006104 0.1725 0.2980 0.2235
v 0.313232 0.791992 -0.006103 0.7098 0.4745 0.3412
v -0.377686 0.792480 -0.006104 0.0157 0.2314 0.0706
v -0.322998 0.807129 -0.006104 0.7255 0.5255 0.3961
v -0.334229 0.810547 -0.006104 0.0431 0.1451 0.0941
v 0.224365 0.813477 -0.006103 0.7412 0.5098 0.3843
v -0.038330 0.909668 -0.006104 0.3294 0.2275 0.1647
v 0.038330 0.911133 -0.006104 0.2902 0.2000 0.1490
v -0.041260 0.915527 -0.006104 0.0078 0.0000 0.0078
v 0.048584 0.953613 -0.006104 0.1020 0.0902 0.0784
v 0.034912 0.973145 -0.006104 0.0157 0.0118 0.0000
v -0.002197 0.453125 -0.006104 0.0078 0.1216 0.0431
v 0.002197 0.453125 -0.006104 0.0039 0.1137 0.0275
v -0.004150 0.448730 -0.006104 0.0118 0.1176 0.0392
v 0.004150 0.448730 -0.006104 0.0078 0.1059 0.0314
v -0.006592 0.439941 -0.006104 0.0078 0.1137 0.0392
v 0.006592 0.439941 -0.006104 0.0039 0.1020 0.0275
v -0.011475 0.426270 -0.006104 0.0039 0.1098 0.0431
v -0.052002 0.310059 -0.006104 0.6824 0.4235 0.2745
v 0.052002 0.310059 -0.006104 0.6393 0.4275 0.3137
v -0.099365 0.143555 -0.006104 0.0235 0.1804 0.0784
v 0.099365 0.143555 -0.006104 0.0627 0.2392 0.1333
v -0.116943 0.115723 -0.006104 0.6785 0.7333 0.7333
v 0.116943 0.115723 -0.006104 0.6550 0.6863 0.6980
v -0.121826 0.114746 -0.006104 0.6510 0.6785 0.6824
v 0.121826 0.114746 -0.006104 0.6315 0.6432 0.6393
v -0.116943 0.112793 -0.006104 0.5333 0.5686 0.5647
v -0.117432 0.112793 -0.006104 0.5530 0.5725 0.5686
v 0.116943 0.112793 -0.006104 0.6354 0.6550 0.6550
v -0.122314 0.112305 -0.006104 0.5137 0.5764 0.5647
v 0.117432 0.112305 -0.006104 0.4314 0.4667 0.4667
v 0.122314 0.112305 -0.006104 0.4941 0.5216 0.5059
v -0.125732 0.111328 -0.006104 0.6589 0.6706 0.6745
v 0.125732 0.111328 -0.006103 0.4196 0.4275 0.4275
v -0.120361 0.110840 -0.006104 0.2784 0.3372 0.3059
v 0.120361 0.110840 -0.006104 0.2823 0.3294 0.3098
v -0.109131 0.096680 -0.006104 0.2432 0.3412 0.2980
v 0.109131 0.096680 -0.006104 0.2078 0.3098 0.2549
v 0.112061 0.092285 -0.006104 0.2902 0.4000 0.3333
v 0.135986 0.086914 -0.006103 0.5294 0.5843 0.5725
v -0.107178 0.085938 -0.006104 0.2314 0.3176 0.2863
v -0.137939 0.080078 -0.006104 0.1961 0.2863 0.2627
v 0.137939 0.080078 -0.006103 0.1098 0.2432 0.1804
v -0.145264 0.054688 -0.006104 0.0353 0.1843 0.0824
v 0.145264 0.054688 -0.006103 0.0353 0.2157 0.0980
v -0.106689 0.012695 -0.006104 0.0157 0.1765 0.0941
v 0.106689 0.012695 -0.006104 0.0118 0.1961 0.0863
v -0.105713 0.012207 -0.006104 0.0118 0.1765 0.0824
v 0.105713 0.012207 -0.006104 0.0157 0.1922 0.0863
v -0.092041 0.721191 -0.006592 0.0549 0.2275 0.1137
v 0.092041 0.721191 -0.006592 0.0039 0.1804 0.0667
v 0.339600 0.777344 -0.006592 0.2235 0.3529 0.2667
v 0.342529 0.777832 -0.006592 0.0980 0.2627 0.1451
v -0.339111 0.778809 -0.006592 0.5294 0.6039 0.5961
v -0.342529 0.779297 -0.006592 0.6785 0.7216 0.7294
v -0.340576 0.780273 -0.006592 0.6745 0.7255 0.7294
v -0.338135 0.780762 -0.006592 0.1451 0.2863 0.2157
v -0.333252 0.781250 -0.006592 0.0863 0.1725 0.0784
v 0.400635 0.781738 -0.006592 0.0314 0.2549 0.0902
v -0.333252 0.782227 -0.006592 0.1176 0.1804 0.0863
v -0.371338 0.783691 -0.006592 0.5530 0.6039 0.5686
v -0.313721 0.785156 -0.006592 0.7059 0.4745 0.3372
v 0.367432 0.785156 -0.006592 0.6706 0.6706 0.6628
v -0.330322 0.785645 -0.006592 0.3490 0.3725 0.2784
v 0.370850 0.785645 -0.006592 0.2784 0.3843 0.3294
v 0.386475 0.786133 -0.006592 0.0510 0.2902 0.1255
v -0.366455 0.789062 -0.006592 0.0510 0.2471 0.1176
v -0.323486 0.793457 -0.006592 0.6510 0.4550 0.3372
v -0.332764 0.794434 -0.006592 0.1255 0.1804 0.1098
v -0.235107 0.797852 -0.006592 0.7255 0.4941 0.3686
v 0.322998 0.807129 -0.006592 0.8117 0.5255 0.3725
v -0.029541 0.834961 -0.006592 0.6785 0.4628 0.3451
v 0.029541 0.834961 -0.006592 0.6550 0.4392 0.3176
v -0.132080 0.835449 -0.006592 0.7255 0.4941 0.3686
v -0.036377 0.895020 -0.006592 0.6824 0.4823 0.3608
v 0.036377 0.895020 -0.006592 0.6863 0.4784 0.3529
v 0.041260 0.916504 -0.006592 0.0667 0.0471 0.0353
v -0.038330 0.922363 -0.006592 0.6510 0.4275 0.3137
v 0.038330 0.922363 -0.006592 0.6393 0.4196 0.3137
v 0.047119 0.945801 -0.006592 0.0863 0.0706 0.0549
v -0.048096 0.960449 -0.006592 0.0588 0.0392 0.0275
v -0.037354 0.974609 -0.006592 0.1020 0.0824 0.0667
v 0.026611 0.979492 -0.006592 0.0471 0.0275 0.0157
v 0.020264 0.989258 -0.006592 0.0784 0.0667 0.0549
v 0.000244 0.998047 -0.006592 0.0588 0.0510 0.0275
v -0.008545 0.426758 -0.006592 0.0000 0.1059 0.0392
v 0.008545 0.426758 -0.006592 0.0000 0.1059 0.0314
v -0.012939 0.412109 -0.006592 0.0078 0.1333 0.0510
v 0.012451 0.412109 -0.006592 0.0118 0.1255 0.0471
v -0.010498 0.411133 -0.006592 0.0078 0.1137 0.0392
v 0.010498 0.411133 -0.006592 0.0078 0.1059 0.0314
v -0.013916 0.398438 -0.006592 0.0078 0.1373 0.0549
v 0.013916 0.398438 -0.006592 0.0000 0.1255 0.0431
v -0.013428 0.395996 -0.006592 0.0078 0.1333 0.0510
v 0.013428 0.395996 -0.006592 0.0039 0.1176 0.0314
v -0.013428 0.382324 -0.006592 0.0235 0.1451 0.0706
v 0.013428 0.382324 -0.006592 0.0078 0.1412 0.0627
v -0.017334 0.381348 -0.006592 0.0196 0.1490 0.0745
v 0.017334 0.381348 -0.006592 0.0275 0.1569 0.0824
v -0.128662 0.145508 -0.006592 0.0745 0.2627 0.1412
v 0.128662 0.145508 -0.006592 0.0392 0.2353 0.1020
v -0.121826 0.117676 -0.006592 0.6667 0.6941 0.6785
v 0.121826 0.117676 -0.006592 0.6550 0.6824 0.6706
v -0.120361 0.116211 -0.006592 0.6902 0.7216 0.7255
v 0.120361 0.116211 -0.006592 0.6706 0.6980 0.6941
v -0.119385 0.111816 -0.006592 0.4550 0.5098 0.4902
v 0.119385 0.111816 -0.006592 0.4980 0.5373 0.5294
v -0.121338 0.110352 -0.006592 0.2471 0.3372 0.2941
v 0.121338 0.110352 -0.006592 0.1882 0.2784 0.2353
v -0.125732 0.109863 -0.006592 0.4550 0.5216 0.4980
v 0.125732 0.109863 -0.006592 0.3059 0.3686 0.3294
v -0.112549 0.104004 -0.006592 0.4628 0.5294 0.5176
v -0.129639 0.104004 -0.006592 0.3725 0.4471 0.4314
v 0.112549 0.104004 -0.006592 0.0941 0.2235 0.1530
v 0.129639 0.104004 -0.006592 0.3294 0.3882 0.3647
v -0.105713 0.099609 -0.006592 0.0706 0.1882 0.1294
v 0.105713 0.099609 -0.006592 0.4118 0.4823 0.4550
v -0.114502 0.098633 -0.006592 0.1059 0.2118 0.1647
v 0.114502 0.098633 -0.006592 0.0941 0.2353 0.1569
v -0.133545 0.096680 -0.006592 0.4471 0.5059 0.5019
v 0.133545 0.096680 -0.006592 0.4823 0.5333 0.5294
v -0.103760 0.093750 -0.006592 0.4039 0.4902 0.4667
v 0.103760 0.093750 -0.006592 0.2314 0.3372 0.2863
v -0.109131 0.093262 -0.006592 0.3216 0.4078 0.3843
v 0.109131 0.093262 -0.006592 0.2353 0.3372 0.2902
v -0.112061 0.092285 -0.006592 0.1294 0.2314 0.1804
v -0.136475 0.088379 -0.006592 0.3529 0.4432 0.4353
v 0.136475 0.088379 -0.006592 0.3137 0.3882 0.3608
v -0.132568 0.086914 -0.006592 0.2980 0.3882 0.3608
v -0.135986 0.086914 -0.006592 0.3529 0.4471 0.4275
v 0.132568 0.086914 -0.006592 0.5059 0.5490 0.5373
v -0.133545 0.086426 -0.006592 0.3216 0.4157 0.3961
v 0.133545 0.086426 -0.006592 0.5255 0.5725 0.5764
v 0.136963 0.079590 -0.006592 0.0863 0.2275 0.1530
v 0.293213 0.773926 -0.007080 0.7176 0.4628 0.3294
v -0.200439 0.776855 -0.007080 0.5961 0.3804 0.2627
v -0.341064 0.776855 -0.007080 0.6785 0.7098 0.7255
v -0.339600 0.777344 -0.007080 0.6276 0.6785 0.6706
v -0.342529 0.777344 -0.007080 0.6745 0.7059 0.7098
v -0.188232 0.778809 -0.007080 0.5882 0.3725 0.2549
v 0.339111 0.778809 -0.007080 0.3843 0.4628 0.4078
v 0.342529 0.779297 -0.007080 0.0863 0.2667 0.1451
v -0.174561 0.780273 -0.007080 0.5921 0.3686 0.2549
v -0.340576 0.781250 -0.007080 0.6236 0.6745 0.6824
v -0.336670 0.782227 -0.007080 0.0275 0.2314 0.1137
v -0.336670 0.782715 -0.007080 0.0196 0.2314 0.1176
v -0.369385 0.782715 -0.007080 0.3843 0.4510 0.4118
v -0.331299 0.783203 -0.007080 0.4745 0.3529 0.2510
v -0.367920 0.783691 -0.007080 0.0863 0.2196 0.1294
v 0.313721 0.785156 -0.007080 0.7176 0.4628 0.3255
v -0.126221 0.786621 -0.007080 0.6039 0.3882 0.2706
v 0.126221 0.786621 -0.007080 0.5961 0.3765 0.2706
v 0.369385 0.786621 -0.007080 0.6902 0.7059 0.6941
v -0.370361 0.789551 -0.007080 0.6000 0.6354 0.6118
v -0.235107 0.790039 -0.007080 0.6785 0.4471 0.3216
v -0.366943 0.791016 -0.007080 0.1569 0.2627 0.2078
v -0.370361 0.791504 -0.007080 0.5451 0.5647 0.5608
v -0.271729 0.791992 -0.007080 0.7490 0.5098 0.3921
v -0.368897 0.791992 -0.007080 0.4667 0.5098 0.5059
v 0.377686 0.792480 -0.007080 0.0196 0.2392 0.0902
v 0.323486 0.793457 -0.007080 0.7451 0.4706 0.3372
v 0.235107 0.797852 -0.007080 0.7216 0.4863 0.3529
v -0.233643 0.805664 -0.007080 0.7294 0.4980 0.3647
v -0.332275 0.807617 -0.007080 0.1255 0.1647 0.1059
v 0.334229 0.810547 -0.007080 0.1059 0.2078 0.1294
v -0.387451 0.833496 -0.007080 0.0196 0.3372 0.1098
v 0.132080 0.835449 -0.007080 0.7372 0.5019 0.3686
v -0.043213 0.921387 -0.007080 0.0000 0.0078 0.0078
v -0.048584 0.935547 -0.007080 0.0118 0.0118 0.0078
v 0.046143 0.952637 -0.007080 0.0863 0.0706 0.0588
v -0.013916 0.440918 -0.007080 0.0157 0.0980 0.0314
v 0.013916 0.440918 -0.007080 0.0196 0.1059 0.0392
v -0.111572 0.184570 -0.007080 0.6980 0.4745 0.3568
v 0.111572 0.184570 -0.007080 0.7137 0.4823 0.3568
v -0.128174 0.148438 -0.007080 0.1373 0.3098 0.2196
v -0.109619 0.146973 -0.007080 0.0863 0.2588 0.1686
v 0.109619 0.146973 -0.007080 0.1098 0.2784 0.1804
v -0.099365 0.146484 -0.007080 0.0431 0.2118 0.1137
v 0.099365 0.146484 -0.007080 0.1020 0.2745 0.1804
v -0.115479 0.109375 -0.007080 0.3490 0.4275 0.3882
v 0.115479 0.109375 -0.007080 0.1961 0.2823 0.2432
v -0.109131 0.106934 -0.007080 0.1451 0.2588 0.2039
v -0.122314 0.106934 -0.007080 0.0549 0.1804 0.1098
v 0.109619 0.106934 -0.007080 0.5451 0.6039 0.5961
v 0.122314 0.106934 -0.007080 0.1373 0.2549 0.1961
v -0.117432 0.104980 -0.007080 0.0863 0.2118 0.1373
v 0.117432 0.104980 -0.007080 0.0549 0.2157 0.1294
v -0.126221 0.103027 -0.007080 0.1020 0.2157 0.1608
v 0.126221 0.103027 -0.007080 0.1725 0.2627 0.2235
v -0.125732 0.101562 -0.007080 0.3098 0.3725 0.3490
v 0.125732 0.101562 -0.007080 0.3333 0.4078 0.3765
v -0.112061 0.099609 -0.007080 0.1843 0.2902 0.2471
v 0.112061 0.099609 -0.007080 0.1216 0.2706 0.1882
v -0.129150 0.094238 -0.007080 0.1490 0.2353 0.1882
v 0.129150 0.094238 -0.007080 0.3333 0.3843 0.3725
v -0.135010 0.086914 -0.007080 0.3255 0.4196 0.3961
v 0.135010 0.086426 -0.007080 0.5059 0.5490 0.5412
v -0.136963 0.079590 -0.007080 0.1686 0.2588 0.2235
v -0.103760 0.055664 -0.007080 0.0196 0.2196 0.0941
v 0.103760 0.055664 -0.007080 0.0314 0.2118 0.1020
v -0.212647 0.775391 -0.007568 0.6079 0.3882 0.2745
v -0.339111 0.778320 -0.007568 0.4980 0.5647 0.5490
v -0.342529 0.778809 -0.007568 0.6824 0.7216 0.7255
v 0.188232 0.778809 -0.007568 0.5921 0.3647 0.2471
v 0.340576 0.780273 -0.007568 0.0706 0.2392 0.1255
v 0.338135 0.780762 -0.007568 0.6393 0.6471 0.6315
v 0.333252 0.781250 -0.007568 0.0510 0.2157 0.1020
v 0.340576 0.781250 -0.007568 0.0549 0.2314 0.1176
v -0.161865 0.781738 -0.007568 0.6589 0.3961 0.2667
v -0.330811 0.782227 -0.007568 0.3921 0.3529 0.2549
v 0.333252 0.782227 -0.007568 0.0353 0.2118 0.1059
v 0.367920 0.783691 -0.007568 0.6745 0.6667 0.6667
v 0.371338 0.783691 -0.007568 0.2902 0.3882 0.3176
v -0.138428 0.784668 -0.007568 0.6079 0.3843 0.2706
v 0.138428 0.784668 -0.007568 0.6000 0.3765 0.2588
v -0.367920 0.785645 -0.007568 0.0784 0.2196 0.1294
v 0.330322 0.785645 -0.007568 0.0510 0.1804 0.1020
v -0.370850 0.786133 -0.007568 0.6118 0.6510 0.6197
v -0.369385 0.787109 -0.007568 0.3216 0.4078 0.3608
v -0.373779 0.787109 -0.007568 0.5843 0.5921 0.5843
v -0.368897 0.788086 -0.007568 0.2078 0.3216 0.2471
v -0.368897 0.788574 -0.007568 0.3294 0.4118 0.3725
v 0.366455 0.789062 -0.007568 0.6276 0.6354 0.6276
v -0.367432 0.789551 -0.007568 0.1020 0.2353 0.1569
v 0.235107 0.790039 -0.007568 0.6510 0.4275 0.3098
v 0.271729 0.791992 -0.007568 0.7372 0.5059 0.3804
v 0.332764 0.794434 -0.007568 0.0902 0.2196 0.1412
v 0.233643 0.805664 -0.007568 0.7216 0.4863 0.3568
v 0.332275 0.807617 -0.007568 0.0706 0.1961 0.1059
v -0.230225 0.811035 -0.007568 0.7176 0.4980 0.3647
v -0.027588 0.842285 -0.007568 0.6863 0.4745 0.3372
v 0.027588 0.842285 -0.007568 0.6550 0.4314 0.3059
v -0.030518 0.874512 -0.007568 0.5961 0.3804 0.2588
v 0.030518 0.874512 -0.007568 0.6000 0.3882 0.2784
v -0.033936 0.881348 -0.007568 0.6550 0.4471 0.3255
v 0.033936 0.881348 -0.007568 0.6589 0.4432 0.3216
v -0.035889 0.891113 -0.007568 0.6863 0.4784 0.3568
v 0.035889 0.891113 -0.007568 0.6863 0.4745 0.3490
v -0.038818 0.911133 -0.007568 0.5882 0.4000 0.3098
v 0.038818 0.911133 -0.007568 0.5961 0.3961 0.2902
v 0.042236 0.921875 -0.007568 0.0431 0.0549 0.0510
v 0.046143 0.938965 -0.007568 0.0588 0.0392 0.0157
v 0.049072 0.954590 -0.007568 0.1294 0.1098 0.0941
v -0.043701 0.970215 -0.007568 0.0549 0.0431 0.0353
v -0.013428 0.992188 -0.007568 0.0706 0.0588 0.0431
v 0.007568 0.995117 -0.007568 0.0510 0.0353 0.0235
v -0.010986 0.996094 -0.007568 0.0745 0.0588 0.0471
v 0.128174 0.148438 -0.007568 0.1412 0.3098 0.2039
v -0.118408 0.147949 -0.007568 0.1020 0.2823 0.1882
v 0.118408 0.147949 -0.007568 0.1137 0.3019 0.2000
v -0.116455 0.116211 -0.007568 0.6745 0.7098 0.7137
v 0.116455 0.116211 -0.007568 0.6393 0.6824 0.6745
v -0.111084 0.115723 -0.007568 0.5294 0.5490 0.5373
v 0.111084 0.115234 -0.007568 0.6510 0.6628 0.6628
v -0.116455 0.113770 -0.007568 0.6706 0.6941 0.7020
v 0.116455 0.113770 -0.007568 0.6276 0.6628 0.6706
v -0.113037 0.112305 -0.007568 0.5216 0.5764 0.5686
v -0.118408 0.112305 -0.007568 0.6276 0.6667 0.6628
v 0.113037 0.112305 -0.007568 0.5882 0.6315 0.6354
v 0.118408 0.112305 -0.007568 0.5882 0.6315 0.6236
v -0.119873 0.110352 -0.007568 0.2000 0.2863 0.2471
v 0.119873 0.110352 -0.007568 0.1961 0.2863 0.2353
v -0.119385 0.108887 -0.007568 0.0353 0.1569 0.0824
v 0.119385 0.108887 -0.007568 0.0627 0.2157 0.1373
v -0.132080 0.106934 -0.007568 0.3019 0.3412 0.3216
v 0.132080 0.106934 -0.007568 0.5647 0.5921 0.5882
v -0.114990 0.105957 -0.007568 0.2157 0.3137 0.2745
v 0.114990 0.105957 -0.007568 0.0314 0.1961 0.1098
v -0.107178 0.098145 -0.007568 0.1098 0.2392 0.1843
v 0.107178 0.098145 -0.007568 0.1843 0.3059 0.2510
v -0.106201 0.066406 -0.007568 0.0314 0.2235 0.0980
v 0.106201 0.066406 -0.007568 0.0353 0.1843 0.0902
v 0.212647 0.775391 -0.008057 0.6276 0.3921 0.2667
v 0.200439 0.776855 -0.008057 0.6000 0.3725 0.2549
v 0.341064 0.776855 -0.008057 0.1020 0.2314 0.1373
v 0.339600 0.777344 -0.008057 0.2902 0.3961 0.3333
v 0.342529 0.777832 -0.008057 0.0824 0.2471 0.1294
v -0.339600 0.779297 -0.008057 0.6432 0.7059 0.7020
v -0.342041 0.779785 -0.008057 0.6980 0.7333 0.7412
v -0.340576 0.780273 -0.008057 0.6980 0.7333 0.7451
v 0.174561 0.780273 -0.008057 0.5686 0.3529 0.2353
v 0.161865 0.781738 -0.008057 0.5569 0.3568 0.2432
v 0.330811 0.782227 -0.008057 0.0627 0.1961 0.1098
v 0.337158 0.782227 -0.008057 0.6510 0.6315 0.6236
v -0.346924 0.782715 -0.008057 0.0078 0.2275 0.0627
v 0.336670 0.782715 -0.008057 0.6354 0.6236 0.6118
v 0.369385 0.782715 -0.008057 0.6628 0.6745 0.6745
v 0.331299 0.783203 -0.008057 0.0549 0.1961 0.1020
v -0.149658 0.783691 -0.008057 0.6197 0.3804 0.2706
v -0.331299 0.785156 -0.008057 0.2000 0.2510 0.1569
v -0.323975 0.787109 -0.008057 0.6706 0.4589 0.3255
v -0.371826 0.787109 -0.008057 0.6393 0.6471 0.6432
v 0.369385 0.787109 -0.008057 0.7020 0.7098 0.6980
v -0.367920 0.787598 -0.008057 0.0510 0.2196 0.1137
v 0.368897 0.788574 -0.008057 0.7333 0.7216 0.7137
v 0.367432 0.789551 -0.008057 0.7372 0.7216 0.7176
v 0.370361 0.789551 -0.008057 0.7333 0.7255 0.7137
v 0.367432 0.791504 -0.008057 0.7255 0.7176 0.6941
v 0.370361 0.791504 -0.008057 0.7294 0.7216 0.6980
v 0.368897 0.791992 -0.008057 0.7216 0.7137 0.6980
v 0.230225 0.811035 -0.008057 0.7216 0.4902 0.3647
v -0.151123 0.817871 -0.008057 0.7098 0.4863 0.3686
v -0.154053 0.818359 -0.008057 0.7294 0.4902 0.3686
v -0.379639 0.825684 -0.008057 0.0275 0.3059 0.0980
v -0.383545 0.832520 -0.008057 0.0353 0.3529 0.1216
v 0.387451 0.833496 -0.008057 0.0471 0.3490 0.1176
v -0.039307 0.915039 -0.008057 0.5451 0.3686 0.2863
v -0.038818 0.916016 -0.008057 0.6276 0.4118 0.3137
v 0.038818 0.916016 -0.008057 0.5647 0.3608 0.2667
v 0.029053 0.974121 -0.008057 0.0392 0.0314 0.0235
v -0.031982 0.985352 -0.008057 0.0863 0.0627 0.0471
v -0.012939 0.994141 -0.008057 0.0549 0.0549 0.0471
v -0.016846 0.427246 -0.008057 0.6393 0.4000 0.2863
v 0.016846 0.427246 -0.008057 0.6432 0.4039 0.2941
v -0.110107 0.315918 -0.008057 0.6589 0.4510 0.3255
v 0.110107 0.315918 -0.008057 0.6706 0.4550 0.3333
v -0.054932 0.296387 -0.008057 0.6550 0.4196 0.2941
v 0.054932 0.296387 -0.008057 0.6589 0.4275 0.3098
v -0.078369 0.253418 -0.008057 0.6628 0.4392 0.3216
v 0.078369 0.253418 -0.008057 0.6471 0.4510 0.3216
v -0.119385 0.221191 -0.008057 0.6863 0.4745 0.3412
v 0.119385 0.221191 -0.008057 0.7059 0.4706 0.3333
v -0.099854 0.200684 -0.008057 0.6667 0.4589 0.3333
v 0.099854 0.200684 -0.008057 0.6745 0.4589 0.3372
v -0.111084 0.121582 -0.008057 0.0118 0.1373 0.0196
v -0.115967 0.117188 -0.008057 0.5882 0.6157 0.6118
v 0.115967 0.117188 -0.008057 0.6315 0.6589 0.6628
v -0.120361 0.113770 -0.008057 0.6706 0.6941 0.7059
v -0.126221 0.113770 -0.008057 0.6745 0.6824 0.6824
v 0.120850 0.113770 -0.008057 0.6276 0.6510 0.6589
v 0.126221 0.113770 -0.008057 0.6902 0.6902 0.6980
v -0.121826 0.112305 -0.008057 0.6432 0.6785 0.6785
v 0.121826 0.112305 -0.008057 0.6118 0.6471 0.6432
v -0.122314 0.111816 -0.008057 0.4235 0.4980 0.4667
v 0.122314 0.111816 -0.008057 0.4941 0.5490 0.5255
v -0.117920 0.111328 -0.008057 0.3490 0.4235 0.3921
v 0.117920 0.111328 -0.008057 0.3137 0.3961 0.3725
v -0.116943 0.110840 -0.008057 0.2941 0.3647 0.3490
v 0.116943 0.110840 -0.008057 0.4510 0.5137 0.4941
v -0.112061 0.109863 -0.008057 0.3176 0.3961 0.3608
v 0.112061 0.109863 -0.008057 0.4706 0.5333 0.5137
v -0.124756 0.109375 -0.008057 0.3843 0.4589 0.4275
v 0.124756 0.109375 -0.008057 0.1882 0.2588 0.2157
v -0.132080 0.090820 -0.008057 0.2863 0.3568 0.3333
v 0.132080 0.090820 -0.008057 0.3647 0.4196 0.4078
v -0.134521 0.087891 -0.008057 0.2902 0.3725 0.3451
v 0.135010 0.087891 -0.008057 0.3294 0.3961 0.3765
v -0.113525 0.079590 -0.008057 0.0275 0.1451 0.0627
v 0.113525 0.079590 -0.008057 0.4275 0.4510 0.4353
v -0.135986 0.069824 -0.008057 0.2353 0.3372 0.2745
v 0.135986 0.069824 -0.008057 0.2078 0.3333 0.2432
v -0.106689 0.008789 -0.008057 0.0157 0.1843 0.0824
v 0.106689 0.008789 -0.008057 0.0157 0.1961 0.0863
v -0.224365 0.776855 -0.008545 0.6550 0.4196 0.2902
v -0.341064 0.776855 -0.008545 0.6745 0.7176 0.7255
v -0.339600 0.777344 -0.008545 0.6315 0.6785 0.6667
v -0.342529 0.777344 -0.008545 0.6863 0.7137 0.7255
v 0.339111 0.778320 -0.008545 0.3412 0.4275 0.3686
v 0.342529 0.778809 -0.008545 0.0627 0.2471 0.1294
v 0.340576 0.780273 -0.008545 0.0627 0.2353 0.1216
v 0.346924 0.782715 -0.008545 0.0118 0.2510 0.0902
v -0.233643 0.783203 -0.008545 0.6354 0.4039 0.2863
v 0.149658 0.783691 -0.008545 0.6039 0.3686 0.2588
v -0.367920 0.784180 -0.008545 0.1020 0.2471 0.1490
v -0.340088 0.784668 -0.008545 0.5333 0.5569 0.5490
v -0.371338 0.784668 -0.008545 0.5921 0.6432 0.6079
v -0.342041 0.785156 -0.008545 0.4550 0.4941 0.4667
v -0.258545 0.785645 -0.008545 0.7412 0.4980 0.3765
v -0.338623 0.785645 -0.008545 0.3137 0.3529 0.3372
v 0.367920 0.785645 -0.008545 0.7020 0.7020 0.6941
v 0.371338 0.786133 -0.008545 0.2941 0.3725 0.3176
v -0.336670 0.787109 -0.008545 0.0902 0.1843 0.1255
v -0.339111 0.787109 -0.008545 0.2314 0.2941 0.2745
v -0.342041 0.787109 -0.008545 0.3137 0.3725 0.3255
v -0.367432 0.787109 -0.008545 0.0784 0.2353 0.1490
v -0.370850 0.787109 -0.008545 0.6157 0.6432 0.6315
v 0.373779 0.787109 -0.008545 0.0549 0.2157 0.1137
v -0.340576 0.788086 -0.008545 0.2275 0.2941 0.2549
v -0.291748 0.816406 -0.008545 0.7490 0.5255 0.4000
v 0.151123 0.817871 -0.008545 0.7255 0.4980 0.3608
v 0.154053 0.818359 -0.008545 0.7529 0.5216 0.3921
v -0.281494 0.818848 -0.008545 0.7490 0.5333 0.4000
v -0.375732 0.825684 -0.008545 0.0118 0.2314 0.0824
v -0.370850 0.828613 -0.008545 0.7686 0.7725 0.7568
v -0.078857 0.834961 -0.008545 0.7059 0.4510 0.3059
v -0.027588 0.851074 -0.008545 0.6941 0.4510 0.3333
v 0.027588 0.851074 -0.008545 0.6745 0.4589 0.3412
v -0.034912 0.886719 -0.008545 0.6667 0.4628 0.3412
v 0.034912 0.886719 -0.008545 0.6706 0.4550 0.3372
v -0.038818 0.905762 -0.008545 0.6471 0.4550 0.3412
v 0.038818 0.905762 -0.008545 0.6550 0.4628 0.3451
v 0.039307 0.916504 -0.008545 0.4589 0.2863 0.2118
v -0.050537 0.936523 -0.008545 0.0471 0.0314 0.0196
v -0.051025 0.944824 -0.008545 0.0118 0.0078 0.0000
v 0.047607 0.959473 -0.008545 0.0863 0.0745 0.0549
v -0.046143 0.964355 -0.008545 0.0510 0.0353 0.0314
v 0.045166 0.964844 -0.008545 0.0863 0.0784 0.0588
v -0.100342 0.146973 -0.008545 0.0588 0.2314 0.1333
v -0.096924 0.142090 -0.008545 0.0157 0.1647 0.0627
v -0.101318 0.133301 -0.008545 0.0235 0.1137 0.0510
v 0.101318 0.133301 -0.008545 0.0353 0.2314 0.1137
v 0.111084 0.121582 -0.008545 0.0078 0.1882 0.0510
v -0.116943 0.118652 -0.008545 0.5255 0.5764 0.5490
v 0.116943 0.118652 -0.008545 0.6706 0.6824 0.6745
v -0.121338 0.117676 -0.008545 0.5530 0.5961 0.5843
v 0.121338 0.117676 -0.008545 0.5412 0.5647 0.5608
v -0.119873 0.116211 -0.008545 0.6000 0.6393 0.6393
v 0.119873 0.116211 -0.008545 0.5843 0.6079 0.6039
v -0.116455 0.115723 -0.008545 0.6667 0.6980 0.7059
v 0.116455 0.115723 -0.008545 0.6197 0.6628 0.6589
v -0.118896 0.112793 -0.008545 0.6785 0.7137 0.7294
v 0.118896 0.112793 -0.008545 0.6628 0.6785 0.6706
v -0.114014 0.110840 -0.008545 0.3451 0.4157 0.3882
v -0.120850 0.110840 -0.008545 0.4078 0.4667 0.4471
v 0.114014 0.110840 -0.008545 0.5490 0.6039 0.5921
v 0.120850 0.110840 -0.008545 0.4471 0.4941 0.4745
v -0.118408 0.109863 -0.008545 0.1530 0.2549 0.2039
v 0.118408 0.109863 -0.008545 0.2000 0.2784 0.2432
v -0.124268 0.108887 -0.008545 0.1451 0.2627 0.2039
v 0.124268 0.108887 -0.008545 0.1176 0.2235 0.1608
v -0.110596 0.104980 -0.008545 0.3098 0.4000 0.3568
v 0.110596 0.104980 -0.008545 0.1294 0.2471 0.1961
v -0.127686 0.103027 -0.008545 0.1922 0.2745 0.2392
v 0.127686 0.103027 -0.008545 0.1176 0.2078 0.1647
v -0.123779 0.101562 -0.008545 0.3765 0.4432 0.4118
v 0.123779 0.101562 -0.008545 0.1412 0.2196 0.1725
v 0.137939 0.101562 -0.008545 0.6980 0.7216 0.7372
v -0.131592 0.095703 -0.008545 0.1412 0.2196 0.1922
v 0.131592 0.095703 -0.008545 0.2392 0.2980 0.2784
v -0.135986 0.086426 -0.008545 0.3176 0.4078 0.3804
v 0.135986 0.086426 -0.008545 0.3216 0.3961 0.3686
v -0.256592 0.775879 -0.009033 0.7137 0.4667 0.3372
v 0.342529 0.777344 -0.009033 0.0706 0.2510 0.1294
v -0.342529 0.778320 -0.009033 0.6902 0.7255 0.7294
v 0.339111 0.779297 -0.009033 0.3568 0.4589 0.3961
v 0.342041 0.779785 -0.009033 0.0510 0.2353 0.1098
v -0.340576 0.782227 -0.009033 0.7098 0.7412 0.7725
v 0.233643 0.783203 -0.009033 0.6745 0.4510 0.3333
v -0.369873 0.783691 -0.009033 0.2823 0.3843 0.3216
v -0.330322 0.784180 -0.009033 0.3372 0.3372 0.2510
v 0.371338 0.784668 -0.009033 0.1725 0.2902 0.1961
v 0.331299 0.785156 -0.009033 0.0588 0.1843 0.0980
v 0.342041 0.785156 -0.009033 0.0549 0.2392 0.1176
v -0.365479 0.785645 -0.009033 0.0314 0.2627 0.1137
v 0.323975 0.787109 -0.009033 0.7372 0.4510 0.3098
v 0.339111 0.787109 -0.009033 0.1725 0.3098 0.2275
v 0.342041 0.787109 -0.009033 0.0549 0.2471 0.1176
v 0.371826 0.787109 -0.009033 0.2078 0.2745 0.2118
v 0.367920 0.787598 -0.009033 0.6550 0.6550 0.6550
v 0.370850 0.787598 -0.009033 0.4432 0.4863 0.4392
v 0.340576 0.788086 -0.009033 0.0824 0.2706 0.1490
v -0.380127 0.788574 -0.009033 0.0667 0.2275 0.1137
v -0.368897 0.790039 -0.009033 0.4628 0.4784 0.4745
v 0.291748 0.816406 -0.009033 0.7529 0.5255 0.3804
v -0.163818 0.818848 -0.009033 0.7647 0.5216 0.3961
v -0.337158 0.822754 -0.009033 0.7412 0.7764 0.7725
v -0.334717 0.823242 -0.009033 0.3725 0.4745 0.4353
v 0.379639 0.825684 -0.009033 0.0784 0.3765 0.1569
v -0.368897 0.827148 -0.009033 0.7647 0.7725 0.7451
v -0.373291 0.827637 -0.009033 0.2863 0.3490 0.2980
v 0.383545 0.833008 -0.009033 0.0510 0.3804 0.1490
v 0.078857 0.834961 -0.009033 0.6824 0.4706 0.3412
v -0.040771 0.911133 -0.009033 0.6157 0.4353 0.3333
v 0.040771 0.911133 -0.009033 0.6276 0.4392 0.3255
v -0.041260 0.915039 -0.009033 0.6157 0.4118 0.3216
v 0.041260 0.915039 -0.009033 0.6157 0.4078 0.3019
v 0.046143 0.933594 -0.009033 0.0157 0.0118 0.0039
v -0.051025 0.953125 -0.009033 0.0941 0.0706 0.0627
v 0.049072 0.955078 -0.009033 0.1020 0.0902 0.0706
v 0.041260 0.969238 -0.009033 0.0667 0.0588 0.0471
v 0.026611 0.979980 -0.009033 0.0510 0.0392 0.0275
v -0.127197 0.149414 -0.009033 0.1176 0.2980 0.1961
v 0.100342 0.146973 -0.009033 0.0667 0.2745 0.1647
v 0.096924 0.142090 -0.009033 0.0706 0.2275 0.1333
v -0.127686 0.135254 -0.009033 0.0549 0.2314 0.1176
v 0.127686 0.135254 -0.009033 0.0039 0.2078 0.0667
v -0.119385 0.122070 -0.009033 0.0275 0.1725 0.0588
v 0.119385 0.122070 -0.009033 0.0118 0.1686 0.0353
v -0.119873 0.118652 -0.009033 0.5333 0.5804 0.5686
v 0.119873 0.118652 -0.009033 0.5686 0.5921 0.5686
v -0.119385 0.115234 -0.009033 0.6550 0.6863 0.6902
v 0.119385 0.115234 -0.009033 0.6315 0.6628 0.6706
v -0.120361 0.111328 -0.009033 0.5961 0.6471 0.6432
v 0.120361 0.111328 -0.009033 0.5882 0.6354 0.6236
v 0.127197 0.104492 -0.009033 0.0275 0.1725 0.0941
v -0.137939 0.101562 -0.009033 0.6315 0.6628 0.6667
v -0.138916 0.085449 -0.009033 0.4314 0.5098 0.5019
v 0.138916 0.085449 -0.009033 0.4078 0.4745 0.4589
v -0.123291 0.080078 -0.009033 0.7451 0.7529 0.7568
v 0.123291 0.080078 -0.009033 0.6432 0.6589 0.6471
v -0.109619 0.007324 -0.009033 0.0275 0.2353 0.1137
v 0.109619 0.007324 -0.009033 0.0431 0.2118 0.0941
v -0.094971 0.728027 -0.009521 0.4196 0.4550 0.4157
v 0.094971 0.728027 -0.009521 0.7059 0.7059 0.7137
v 0.256592 0.775879 -0.009521 0.7294 0.4863 0.3608
v -0.302979 0.776855 -0.009522 0.6941 0.4589 0.3255
v 0.224365 0.776855 -0.009521 0.6706 0.4353 0.3098
v 0.341064 0.776855 -0.009521 0.0980 0.2432 0.1490
v 0.339600 0.777344 -0.009521 0.2118 0.3372 0.2784
v -0.339600 0.778320 -0.009522 0.6667 0.7098 0.7137
v 0.342529 0.778320 -0.009521 0.0588 0.2432 0.1176
v 0.340576 0.782227 -0.009521 0.0667 0.2432 0.1294
v 0.367920 0.784180 -0.009521 0.6824 0.6902 0.6785
v 0.340088 0.784668 -0.009521 0.1059 0.2667 0.1569
v -0.367920 0.785645 -0.009522 0.0824 0.2353 0.1373
v 0.258545 0.785645 -0.009521 0.7216 0.4902 0.3725
v 0.338623 0.785645 -0.009521 0.2432 0.3412 0.2902
v 0.365479 0.785645 -0.009521 0.1765 0.2823 0.2000
v -0.370850 0.786133 -0.009522 0.6039 0.6471 0.6236
v 0.336670 0.787109 -0.009521 0.3804 0.4471 0.4118
v 0.367432 0.787109 -0.009521 0.7176 0.7176 0.7020
v 0.336670 0.787598 -0.009521 0.2549 0.3608 0.2902
v -0.333252 0.788574 -0.009522 0.1294 0.2039 0.1216
v -0.370850 0.789551 -0.009522 0.5294 0.5451 0.5451
v 0.368897 0.790039 -0.009521 0.7843 0.7372 0.6902
v -0.255615 0.813477 -0.009522 0.7372 0.5059 0.3725
v -0.301514 0.813965 -0.009522 0.7333 0.5176 0.3843
v 0.163818 0.818848 -0.009521 0.7412 0.5137 0.3804
v 0.281494 0.818848 -0.009521 0.7529 0.5373 0.4000
v -0.329834 0.820801 -0.009522 0.0588 0.1647 0.0588
v -0.333740 0.821777 -0.009522 0.0196 0.1922 0.1098
v 0.334717 0.823242 -0.009521 0.5686 0.5921 0.5804
v -0.343506 0.823730 -0.009522 0.0235 0.2902 0.1059
v 0.375732 0.825684 -0.009521 0.0667 0.3255 0.1412
v -0.362549 0.826172 -0.009522 0.0392 0.2823 0.1255
v 0.370850 0.828613 -0.009521 0.0588 0.2118 0.1098
v -0.142334 0.831055 -0.009522 0.7255 0.5059 0.3765
v -0.028564 0.859375 -0.009521 0.6785 0.4550 0.3372
v 0.028564 0.859375 -0.009521 0.6785 0.4667 0.3490
v -0.038330 0.900391 -0.009521 0.6706 0.4745 0.3608
v 0.037842 0.900391 -0.009521 0.6628 0.4667 0.3529
v -0.047119 0.930176 -0.009521 0.0275 0.0275 0.0196
v 0.047119 0.951660 -0.009521 0.0745 0.0588 0.0431
v -0.105713 0.455566 -0.009521 0.0510 0.1098 0.0392
v 0.105713 0.455566 -0.009521 0.0353 0.1059 0.0314
v -0.109619 0.443359 -0.009522 0.7020 0.4550 0.3412
v 0.109619 0.443359 -0.009521 0.7059 0.4628 0.3412
v -0.020264 0.411621 -0.009521 0.6471 0.4078 0.2863
v 0.020264 0.411621 -0.009521 0.6550 0.4078 0.2863
v -0.111572 0.302734 -0.009522 0.6628 0.4471 0.3255
v 0.111572 0.302734 -0.009521 0.6667 0.4510 0.3294
v -0.101807 0.183105 -0.009521 0.6745 0.4510 0.3333
v -0.113037 0.166992 -0.009522 0.7098 0.4863 0.3725
v 0.113037 0.166992 -0.009521 0.7176 0.4823 0.3686
v 0.127197 0.149414 -0.009521 0.0980 0.2823 0.1686
v -0.111572 0.116699 -0.009522 0.6276 0.6276 0.6276
v 0.111572 0.116699 -0.009521 0.7372 0.7490 0.7451
v -0.115479 0.115723 -0.009522 0.6354 0.6628 0.6628
v 0.115479 0.115723 -0.009521 0.6197 0.6550 0.6550
v -0.121338 0.113770 -0.009522 0.6393 0.6824 0.6785
v -0.117432 0.113281 -0.009522 0.6628 0.6941 0.7059
v 0.117432 0.113281 -0.009521 0.5961 0.6354 0.6354
v 0.121338 0.113281 -0.009521 0.6393 0.6706 0.6706
v -0.115967 0.112305 -0.009522 0.5961 0.6471 0.6432
v 0.115967 0.112305 -0.009521 0.5373 0.5686 0.5725
v -0.119385 0.109375 -0.009522 0.0235 0.1608 0.0824
v 0.119385 0.109375 -0.009521 0.0353 0.1961 0.1098
v -0.133057 0.108887 -0.009522 0.6628 0.6745 0.6785
v 0.133057 0.108887 -0.009521 0.6980 0.7137 0.7216
v -0.130615 0.104980 -0.009522 0.1098 0.2196 0.1725
v 0.130615 0.104980 -0.009521 0.0588 0.1765 0.1137
v -0.127197 0.104492 -0.009522 0.0235 0.1451 0.0784
v -0.141357 0.096191 -0.009522 0.6941 0.7059 0.7216
v 0.141357 0.096191 -0.009521 0.6510 0.6824 0.6902
v -0.142334 0.091309 -0.009522 0.6471 0.6706 0.6824
v 0.142334 0.091309 -0.009521 0.6980 0.7294 0.7294
v -0.130127 0.089355 -0.009522 0.2039 0.2784 0.2432
v 0.130127 0.089355 -0.009521 0.3216 0.3765 0.3608
v -0.140869 0.087402 -0.009522 0.5530 0.6039 0.6039
v 0.140869 0.087402 -0.009521 0.6432 0.6667 0.6706
v -0.150635 0.042969 -0.009522 0.0314 0.2432 0.1098
v 0.150635 0.042969 -0.009521 0.0314 0.2588 0.1137
v 0.302979 0.776855 -0.010010 0.7059 0.4471 0.3137
v -0.341064 0.777832 -0.010010 0.6902 0.7333 0.7490
v 0.339600 0.778320 -0.010010 0.2157 0.3255 0.2706
v -0.230713 0.779297 -0.010010 0.6667 0.4235 0.2980
v -0.339111 0.781738 -0.010010 0.6902 0.7216 0.7333
v -0.342529 0.782227 -0.010010 0.6902 0.7098 0.7216
v 0.369873 0.783691 -0.010010 0.6510 0.6745 0.6628
v 0.330322 0.784180 -0.010010 0.0745 0.1765 0.1020
v 0.333252 0.788574 -0.010010 0.1373 0.2235 0.1569
v 0.380127 0.788574 -0.010010 0.0275 0.2432 0.0980
v -0.367432 0.789551 -0.010010 0.4235 0.4550 0.4471
v -0.257568 0.802734 -0.010010 0.6550 0.4275 0.3019
v 0.255615 0.813477 -0.010010 0.7294 0.5059 0.3725
v -0.174072 0.819336 -0.010010 0.7412 0.5098 0.3843
v -0.327393 0.819824 -0.010010 0.5921 0.4589 0.3608
v 0.337158 0.822754 -0.010010 0.0902 0.3137 0.1647
v 0.343506 0.823730 -0.010010 0.0667 0.3372 0.1569
v 0.362549 0.826172 -0.010010 0.2157 0.3804 0.2667
v 0.368897 0.827148 -0.010010 0.2392 0.3451 0.2823
v 0.373291 0.827637 -0.010010 0.0745 0.3255 0.1451
v 0.142334 0.831055 -0.010010 0.7372 0.4902 0.3568
v -0.028564 0.866699 -0.010010 0.6745 0.4510 0.3333
v 0.028564 0.866699 -0.010010 0.6667 0.4589 0.3372
v -0.037354 0.895508 -0.010010 0.6785 0.4784 0.3608
v 0.037354 0.895508 -0.010010 0.6745 0.4628 0.3529
v -0.039795 0.918945 -0.010010 0.6236 0.4235 0.3255
v -0.039307 0.919434 -0.010010 0.6315 0.4157 0.3137
v 0.039307 0.919434 -0.010010 0.3961 0.2588 0.1843
v 0.045654 0.928223 -0.010010 0.0118 0.0118 0.0039
v -0.043213 0.968262 -0.010010 0.0235 0.0157 0.0000
v 0.035400 0.973145 -0.010010 0.0353 0.0314 0.0196
v -0.114014 0.426270 -0.010010 0.6902 0.4510 0.3294
v 0.114014 0.426270 -0.010010 0.7059 0.4550 0.3333
v -0.058838 0.283691 -0.010010 0.6550 0.4275 0.3059
v 0.058838 0.283691 -0.010010 0.6628 0.4314 0.3098
v -0.120850 0.204590 -0.010010 0.6863 0.4706 0.3490
v 0.120850 0.204590 -0.010010 0.6980 0.4667 0.3333
v 0.101807 0.183105 -0.010010 0.6863 0.4628 0.3451
v -0.119385 0.117188 -0.010010 0.5294 0.5725 0.5569
v 0.119385 0.117188 -0.010010 0.5294 0.5530 0.5412
v -0.120850 0.116211 -0.010010 0.5098 0.5490 0.5451
v 0.120850 0.116211 -0.010010 0.4667 0.5098 0.4980
v -0.120850 0.114746 -0.010010 0.6039 0.6510 0.6432
v 0.120850 0.114746 -0.010010 0.5882 0.6315 0.6276
v -0.115967 0.114258 -0.010010 0.6510 0.6824 0.6824
v 0.115967 0.114258 -0.010010 0.5843 0.6276 0.6315
v -0.120850 0.110840 -0.010010 0.2039 0.2980 0.2510
v 0.120850 0.110840 -0.010010 0.2157 0.3294 0.2745
v -0.124268 0.110352 -0.010010 0.4314 0.4902 0.4863
v 0.124268 0.110352 -0.010010 0.5647 0.5921 0.5921
v -0.135010 0.083984 -0.010010 0.4392 0.5059 0.4863
v 0.135010 0.083984 -0.010010 0.2549 0.3451 0.3137
v 0.075928 0.624023 -0.010498 0.5882 0.5921 0.6039
v -0.073975 0.625488 -0.010498 0.6236 0.6236 0.6315
v 0.073975 0.625488 -0.010498 0.6079 0.6157 0.6236
v -0.094482 0.757812 -0.010498 0.6902 0.4392 0.3098
v 0.094482 0.757812 -0.010498 0.6706 0.4314 0.3098
v 0.341064 0.777832 -0.010498 0.0941 0.2471 0.1490
v -0.338623 0.778809 -0.010498 0.2902 0.3961 0.3568
v -0.340576 0.779297 -0.010498 0.6197 0.6510 0.6589
v 0.230713 0.779297 -0.010498 0.6824 0.4471 0.3333
v 0.342529 0.782227 -0.010498 0.0471 0.2314 0.1137
v -0.369385 0.785156 -0.010498 0.2000 0.3176 0.2471
v 0.367920 0.785645 -0.010498 0.7059 0.7098 0.7020
v 0.370850 0.786133 -0.010498 0.4706 0.5333 0.4823
v 0.367432 0.789551 -0.010498 0.7568 0.7451 0.6863
v 0.370850 0.789551 -0.010498 0.7608 0.7412 0.6745
v 0.257568 0.802734 -0.010498 0.6471 0.4235 0.3059
v 0.301514 0.813965 -0.010498 0.7490 0.5216 0.3765
v 0.174072 0.819336 -0.010498 0.7333 0.5019 0.3725
v -0.185303 0.819824 -0.010498 0.7333 0.5019 0.3725
v 0.329834 0.820801 -0.010498 0.5686 0.5725 0.5725
v 0.333740 0.821777 -0.010498 0.7372 0.7020 0.7216
v -0.381592 0.828613 -0.010498 0.0275 0.3608 0.1255
v -0.378174 0.829590 -0.010498 0.0118 0.2745 0.0745
v -0.029053 0.874023 -0.010498 0.6315 0.4196 0.3019
v 0.029053 0.874023 -0.010498 0.6236 0.4157 0.2902
v -0.032959 0.880371 -0.010498 0.6197 0.4039 0.2823
v 0.032959 0.880371 -0.010498 0.6276 0.4196 0.2941
v -0.042236 0.914551 -0.010498 0.6471 0.4392 0.3372
v 0.042236 0.914551 -0.010498 0.6393 0.4392 0.3216
v -0.042236 0.918945 -0.010498 0.6157 0.4196 0.3255
v 0.042236 0.918945 -0.010498 0.6197 0.4000 0.2941
v -0.041260 0.919922 -0.010498 0.6197 0.4157 0.3216
v 0.041260 0.919922 -0.010498 0.4823 0.3137 0.2118
v 0.048584 0.940430 -0.010498 0.0784 0.0588 0.0471
v 0.050537 0.949219 -0.010498 0.0667 0.0510 0.0392
v 0.044678 0.964844 -0.010498 0.0471 0.0471 0.0353
v -0.037354 0.974609 -0.010498 0.0314 0.0118 0.0000
v -0.026123 0.987305 -0.010498 0.0863 0.0706 0.0588
v 0.020752 0.987793 -0.010498 0.0549 0.0471 0.0275
v -0.016357 0.990234 -0.010498 0.0431 0.0353 0.0235
v 0.013428 0.991699 -0.010498 0.0510 0.0431 0.0235
v -0.003174 0.996582 -0.010498 0.0745 0.0706 0.0549
v -0.101807 0.145996 -0.010498 0.0510 0.2353 0.1255
v 0.101318 0.145996 -0.010498 0.0706 0.2667 0.1490
v -0.096436 0.144531 -0.010498 0.0314 0.2000 0.0902
v 0.096436 0.144531 -0.010498 0.0863 0.2549 0.1490
v -0.119385 0.117188 -0.010498 0.5412 0.5804 0.5725
v 0.119385 0.117188 -0.010498 0.5333 0.5686 0.5608
v -0.104736 0.114746 -0.010498 0.0588 0.1647 0.0863
v 0.104248 0.114746 -0.010498 0.0941 0.1059 0.0745
v -0.125244 0.112793 -0.010498 0.6393 0.6706 0.6706
v 0.125244 0.112793 -0.010498 0.6393 0.6667 0.6667
v -0.105713 0.108398 -0.010498 0.6000 0.6550 0.6510
v 0.105713 0.108398 -0.010498 0.3921 0.4667 0.4510
v -0.139404 0.103027 -0.010498 0.6863 0.7176 0.7294
v 0.139893 0.103027 -0.010498 0.6902 0.7176 0.7294
v -0.136475 0.100098 -0.010498 0.4784 0.5333 0.5333
v 0.136475 0.100098 -0.010498 0.5804 0.6157 0.6197
v -0.133057 0.092285 -0.010498 0.2627 0.3372 0.3176
v 0.133057 0.092285 -0.010498 0.2471 0.3294 0.2980
v -0.135986 0.087891 -0.010498 0.2157 0.3176 0.2902
v 0.135986 0.087891 -0.010498 0.2588 0.3647 0.3255
v -0.075928 0.624023 -0.010986 0.5921 0.5961 0.5921
v -0.455811 0.758301 -0.010986 0.0157 0.3686 0.1176
v -0.468506 0.768555 -0.010986 0.0235 0.3921 0.1373
v -0.333252 0.778320 -0.010986 0.1490 0.2157 0.1373
v 0.338623 0.778809 -0.010986 0.6236 0.6276 0.6315
v -0.337158 0.779785 -0.010986 0.0980 0.2784 0.1765
v -0.346924 0.780762 -0.010986 0.0118 0.2118 0.0588
v 0.339111 0.781738 -0.010986 0.2118 0.3333 0.2549
v -0.474854 0.782227 -0.010986 0.0392 0.4000 0.1373
v -0.106201 0.783691 -0.010986 0.5686 0.3529 0.2471
v 0.106201 0.783691 -0.010986 0.5725 0.3451 0.2471
v -0.374268 0.784668 -0.010986 0.6236 0.6510 0.6471
v 0.369385 0.785645 -0.010986 0.6863 0.6941 0.6785
v -0.327393 0.817383 -0.010986 0.6236 0.4510 0.3608
v 0.327393 0.819824 -0.010986 0.0353 0.2314 0.1176
v 0.381592 0.828613 -0.010986 0.0588 0.3765 0.1490
v -0.036377 0.892578 -0.010986 0.6589 0.4589 0.3294
v 0.036377 0.892578 -0.010986 0.6510 0.4432 0.3255
v -0.038330 0.895020 -0.010986 0.6745 0.4745 0.3451
v -0.039307 0.895020 -0.010986 0.6824 0.4784 0.3529
v 0.038330 0.895020 -0.010986 0.6667 0.4902 0.3882
v 0.039307 0.895020 -0.010986 0.6902 0.4980 0.4000
v -0.041748 0.911133 -0.010986 0.6785 0.4863 0.3804
v 0.041748 0.911133 -0.010986 0.6039 0.4078 0.3019
v 0.044678 0.923828 -0.010986 0.0157 0.0118 0.0196
v -0.051514 0.937500 -0.010986 0.0510 0.0471 0.0314
v 0.048096 0.955078 -0.010986 0.0824 0.0706 0.0510
v 0.047119 0.959473 -0.010986 0.0902 0.0706 0.0627
v 0.005127 0.999023 -0.010986 0.0706 0.0510 0.0392
v -0.116943 0.409668 -0.010986 0.6941 0.4628 0.3451
v 0.116943 0.409668 -0.010986 0.7216 0.4628 0.3412
v -0.024658 0.393555 -0.010986 0.6471 0.4039 0.2902
v 0.024658 0.393555 -0.010986 0.6432 0.4118 0.2941
v -0.126221 0.147949 -0.010986 0.0627 0.2510 0.1412
v 0.126221 0.147949 -0.010986 0.0549 0.2432 0.1333
v -0.127686 0.117676 -0.010986 0.5764 0.5804 0.5804
v 0.128174 0.117676 -0.010986 0.3961 0.4275 0.3961
v -0.116943 0.116699 -0.010986 0.5843 0.6157 0.6079
v 0.116943 0.116699 -0.010986 0.5764 0.6079 0.6000
v -0.119873 0.112793 -0.010986 0.6706 0.7098 0.7098
v 0.119873 0.112305 -0.010986 0.6276 0.6667 0.6706
v -0.117432 0.111816 -0.010986 0.6118 0.6628 0.6667
v 0.117432 0.111816 -0.010986 0.5804 0.6157 0.6157
v -0.112549 0.108887 -0.010986 0.0431 0.1765 0.1137
v 0.112549 0.108887 -0.010986 0.0235 0.1686 0.0902
v -0.124268 0.102051 -0.010986 0.2314 0.3294 0.2863
v 0.124268 0.102051 -0.010986 0.1608 0.2510 0.2000
v -0.139404 0.095215 -0.010986 0.6471 0.6824 0.6941
v 0.139404 0.095215 -0.010986 0.6706 0.7020 0.7098
v -0.112061 0.091797 -0.010986 0.2275 0.3098 0.2784
v 0.112061 0.091797 -0.010986 0.5686 0.6118 0.5882
v -0.137939 0.087402 -0.010986 0.3019 0.3843 0.3568
v 0.137939 0.087402 -0.010986 0.3137 0.4000 0.3686
v -0.138916 0.083496 -0.010986 0.4550 0.5176 0.5059
v 0.138916 0.083496 -0.010986 0.1725 0.2706 0.2314
v -0.078369 0.608887 -0.011475 0.5373 0.5412 0.5490
v -0.072021 0.647949 -0.011475 0.0196 0.2118 0.1020
v 0.072021 0.647949 -0.011475 0.0275 0.2157 0.1059
v -0.096436 0.731934 -0.011475 0.6589 0.6118 0.6157
v 0.096436 0.731934 -0.011475 0.6157 0.4235 0.3098
v -0.438232 0.751953 -0.011475 0.0431 0.3608 0.1333
v -0.431397 0.752930 -0.011475 0.0510 0.3608 0.1373
v 0.340576 0.779297 -0.011475 0.1490 0.2706 0.1922
v -0.365479 0.783691 -0.011475 0.0275 0.2510 0.0941
v -0.371826 0.784668 -0.011475 0.6980 0.7137 0.7059
v -0.376221 0.786133 -0.011475 0.0824 0.1961 0.1137
v -0.367432 0.788574 -0.011475 0.2275 0.3255 0.2823
v -0.370850 0.789062 -0.011475 0.5294 0.5569 0.5412
v -0.242432 0.789551 -0.011475 0.6706 0.4314 0.3059
v -0.241455 0.796875 -0.011475 0.6785 0.4471 0.3216
v -0.475830 0.796875 -0.011475 0.0314 0.4039 0.1373
v -0.312256 0.812500 -0.011475 0.7216 0.5098 0.3765
v -0.196533 0.819824 -0.011475 0.7255 0.4941 0.3686
v 0.185791 0.819824 -0.011475 0.7216 0.4902 0.3647
v -0.268799 0.820801 -0.011475 0.7529 0.5255 0.3961
v 0.378174 0.829590 -0.011475 0.0745 0.3765 0.1608
v -0.034424 0.886719 -0.011475 0.6550 0.4471 0.3255
v 0.034424 0.886719 -0.011475 0.6471 0.4314 0.3255
v -0.038330 0.893555 -0.011475 0.6589 0.4550 0.3372
v -0.039795 0.893555 -0.011475 0.6589 0.4510 0.3372
v 0.038330 0.893555 -0.011475 0.6941 0.4902 0.3843
v 0.039795 0.893555 -0.011475 0.6980 0.5019 0.4000
v -0.037354 0.895020 -0.011475 0.6824 0.4745 0.3608
v 0.037354 0.895020 -0.011475 0.6745 0.4902 0.3882
v -0.039795 0.895996 -0.011475 0.6980 0.4902 0.3765
v 0.039795 0.895996 -0.011475 0.6824 0.4980 0.3843
v -0.038818 0.896484 -0.011475 0.6824 0.4902 0.3725
v 0.038818 0.896484 -0.011475 0.6902 0.4941 0.3843
v -0.041260 0.907715 -0.011475 0.6785 0.4941 0.3804
v 0.041260 0.907715 -0.011475 0.6628 0.4823 0.3921
v -0.042725 0.917969 -0.011475 0.6510 0.4353 0.3372
v 0.042725 0.917969 -0.011475 0.6432 0.4275 0.2980
v -0.045166 0.924805 -0.011475 0.0667 0.0353 0.0196
v 0.047607 0.947754 -0.011475 0.0275 0.0118 0.0000
v 0.029053 0.974609 -0.011475 0.0275 0.0157 0.0157
v -0.031494 0.979004 -0.011475 0.0392 0.0235 0.0196
v -0.032959 0.980469 -0.011475 0.0235 0.0235 0.0157
v -0.031982 0.982910 -0.011475 0.0196 0.0118 0.0078
v -0.114502 0.149902 -0.011475 0.0392 0.1765 0.1098
v 0.114502 0.149902 -0.011475 0.0667 0.2000 0.1255
v -0.095947 0.139648 -0.011475 0.0118 0.1569 0.0588
v 0.095947 0.139648 -0.011475 0.0745 0.2235 0.1216
v -0.101318 0.121094 -0.011475 0.3725 0.4000 0.3843
v -0.103271 0.121094 -0.011475 0.5961 0.5961 0.5843
v 0.101318 0.121094 -0.011475 0.0235 0.1176 0.0510
v 0.103271 0.121094 -0.011475 0.0118 0.1569 0.0510
v -0.119385 0.114746 -0.011475 0.6157 0.6550 0.6628
v 0.119385 0.114746 -0.011475 0.5843 0.6197 0.6157
v -0.116943 0.114258 -0.011475 0.6432 0.6824 0.6863
v 0.116943 0.114258 -0.011475 0.5725 0.6118 0.6039
v -0.127686 0.110840 -0.011475 0.3216 0.3451 0.3412
v 0.127686 0.110840 -0.011475 0.6039 0.6157 0.6236
v -0.119873 0.109863 -0.011475 0.0392 0.1530 0.1059
v 0.119873 0.109863 -0.011475 0.0353 0.1608 0.1020
v -0.130615 0.105957 -0.011475 0.2118 0.3098 0.2706
v 0.130615 0.105957 -0.011475 0.0941 0.2000 0.1530
v -0.125732 0.103516 -0.011475 0.0157 0.1451 0.0784
v 0.125732 0.103516 -0.011475 0.0196 0.1647 0.0863
v -0.143311 0.097168 -0.011475 0.7804 0.7843 0.8000
v 0.143311 0.097168 -0.011475 0.7333 0.7529 0.7725
v -0.140381 0.091309 -0.011475 0.5412 0.6039 0.6000
v 0.140381 0.091309 -0.011475 0.6863 0.7059 0.7176
v -0.144287 0.090820 -0.011475 0.7608 0.7843 0.7960
v 0.144287 0.090820 -0.011475 0.7137 0.7333 0.7451
v -0.139404 0.088379 -0.011475 0.3882 0.4706 0.4510
v 0.139404 0.088379 -0.011475 0.4275 0.4941 0.4823
v -0.142822 0.085938 -0.011475 0.6393 0.6785 0.6824
v 0.142822 0.085938 -0.011475 0.6510 0.6667 0.6785
v -0.081299 0.591797 -0.011963 0.2157 0.3490 0.3019
v 0.079834 0.608887 -0.011963 0.5294 0.5294 0.5373
v 0.455811 0.758789 -0.011963 0.0235 0.3765 0.1255
v 0.468506 0.769043 -0.011963 0.0353 0.3921 0.1294
v 0.333252 0.778320 -0.011963 0.0275 0.1647 0.0667
v -0.330811 0.779297 -0.011963 0.4314 0.4235 0.3412
v 0.337158 0.779785 -0.011963 0.6471 0.6393 0.6315
v 0.346924 0.780762 -0.011963 0.0314 0.2510 0.1020
v -0.339600 0.781738 -0.011963 0.6706 0.7059 0.7137
v -0.342529 0.782227 -0.011963 0.6550 0.6824 0.6863
v 0.474854 0.782227 -0.011963 0.0353 0.4039 0.1255
v -0.238037 0.783203 -0.011963 0.6706 0.4353 0.3137
v 0.371826 0.784668 -0.011963 0.1216 0.2392 0.1686
v 0.374268 0.784668 -0.011963 0.0627 0.2157 0.1137
v -0.378174 0.789551 -0.011963 0.0078 0.1647 0.0471
v 0.241943 0.789551 -0.011963 0.7059 0.4784 0.3529
v -0.259522 0.793945 -0.011963 0.7255 0.4784 0.3608
v 0.241455 0.796875 -0.011963 0.7020 0.4745 0.3490
v -0.238525 0.804688 -0.011963 0.7137 0.4784 0.3529
v -0.473389 0.809570 -0.011963 0.0353 0.4078 0.1412
v 0.312256 0.812500 -0.011963 0.7608 0.5137 0.3765
v -0.334229 0.815430 -0.011963 0.1843 0.2118 0.1333
v 0.327393 0.817871 -0.011963 0.0392 0.2157 0.1176
v 0.196533 0.819824 -0.011963 0.7216 0.4902 0.3647
v 0.268799 0.820801 -0.011963 0.7529 0.5333 0.4000
v -0.037354 0.829102 -0.011963 0.6667 0.4510 0.3255
v 0.037354 0.829102 -0.011963 0.6941 0.4432 0.3059
v -0.040283 0.895020 -0.011963 0.7059 0.4902 0.3765
v 0.040283 0.895020 -0.011963 0.7059 0.5098 0.4078
v -0.037354 0.896484 -0.011963 0.6863 0.4863 0.3686
v -0.040283 0.896484 -0.011963 0.7098 0.4980 0.3843
v 0.037354 0.896484 -0.011963 0.6863 0.4863 0.3765
v 0.040283 0.896484 -0.011963 0.6941 0.5019 0.3882
v -0.039795 0.900391 -0.011963 0.7451 0.5608 0.4589
v 0.039795 0.900391 -0.011963 0.5961 0.4078 0.3176
v -0.038818 0.927246 -0.011963 0.6236 0.4118 0.3098
v 0.038818 0.927246 -0.011963 0.6276 0.4235 0.3216
v 0.011963 0.994629 -0.011963 0.0745 0.0588 0.0471
v -0.117920 0.390625 -0.011963 0.6824 0.4745 0.3412
v 0.117920 0.390137 -0.011963 0.7098 0.4745 0.3333
v -0.031006 0.375488 -0.011963 0.6589 0.4157 0.2980
v 0.031006 0.375488 -0.011963 0.6589 0.4196 0.2980
v -0.112549 0.290527 -0.011963 0.6745 0.4589 0.3372
v 0.112549 0.290527 -0.011963 0.6706 0.4550 0.3333
v -0.064697 0.270020 -0.011963 0.6628 0.4235 0.2980
v 0.064697 0.270020 -0.011963 0.6628 0.4353 0.3137
v -0.103760 0.166016 -0.011963 0.6745 0.4510 0.3333
v 0.103760 0.166016 -0.011963 0.6902 0.4706 0.3529
v -0.097900 0.145508 -0.011963 0.0353 0.2196 0.1059
v 0.097900 0.145508 -0.011963 0.0784 0.2549 0.1490
v -0.098877 0.129883 -0.011963 0.5176 0.5451 0.5137
v -0.096924 0.128906 -0.011963 0.0078 0.1412 0.0431
v 0.096436 0.128418 -0.011963 0.7568 0.7372 0.7333
v -0.104736 0.115723 -0.011963 0.1294 0.1922 0.1451
v 0.104736 0.115723 -0.011963 0.2980 0.3098 0.2863
v -0.132080 0.108398 -0.011963 0.6039 0.6393 0.6354
v 0.132080 0.107910 -0.011963 0.6354 0.6824 0.6785
v -0.120361 0.102539 -0.011963 0.2353 0.2980 0.2667
v 0.120361 0.102539 -0.011963 0.0902 0.1843 0.1216
v -0.110596 0.102051 -0.011963 0.5451 0.6197 0.5921
v 0.110596 0.102051 -0.011963 0.4275 0.5137 0.4706
v -0.121338 0.092285 -0.011963 0.3137 0.3765 0.3412
v 0.121338 0.092285 -0.011963 0.4745 0.5098 0.4823
v -0.130127 0.089844 -0.011963 0.1490 0.2314 0.1882
v 0.130127 0.089844 -0.011963 0.2784 0.3451 0.3216
v -0.105713 0.079102 -0.011963 0.3255 0.4157 0.3804
v 0.105713 0.079102 -0.011963 0.0314 0.1530 0.0824
v -0.086670 0.582031 -0.012451 0.3216 0.4706 0.4157
v 0.081299 0.591797 -0.012451 0.4589 0.4706 0.4745
v -0.081787 0.593750 -0.012451 0.5255 0.5059 0.5216
v 0.081787 0.593750 -0.012451 0.5412 0.5294 0.5451
v -0.074951 0.638672 -0.012451 0.0118 0.2157 0.0941
v 0.074951 0.639160 -0.012451 0.0314 0.2196 0.1059
v 0.438232 0.751953 -0.012451 0.0392 0.3529 0.1255
v 0.431397 0.753418 -0.012451 0.0471 0.3412 0.1176
v -0.420654 0.758789 -0.012451 0.0196 0.2706 0.0980
v -0.269287 0.765137 -0.012451 0.6980 0.4471 0.3098
v -0.281982 0.765625 -0.012451 0.6980 0.4550 0.3333
v 0.330811 0.779297 -0.012451 0.0588 0.1725 0.0902
v -0.313721 0.779785 -0.012451 0.6902 0.4432 0.3176
v -0.341064 0.781738 -0.012451 0.6785 0.7098 0.7294
v 0.339600 0.781738 -0.012451 0.1451 0.2745 0.1922
v 0.342529 0.782227 -0.012451 0.0471 0.2432 0.1176
v 0.365479 0.784180 -0.012451 0.1412 0.2706 0.1765
v 0.376221 0.786133 -0.012451 0.0784 0.2510 0.1451
v -0.248779 0.787598 -0.012451 0.7059 0.4667 0.3451
v -0.369385 0.788574 -0.012451 0.4471 0.4941 0.4706
v 0.367432 0.789062 -0.012451 0.7529 0.7294 0.6863
v 0.370850 0.789062 -0.012451 0.7294 0.7216 0.6667
v 0.259522 0.793945 -0.012451 0.6980 0.4823 0.3529
v 0.475830 0.796875 -0.012451 0.0353 0.4118 0.1333
v 0.334229 0.815430 -0.012451 0.1059 0.1765 0.1216
v -0.206787 0.819824 -0.012451 0.7294 0.4941 0.3725
v -0.467041 0.821289 -0.012451 0.0353 0.4078 0.1412
v -0.150146 0.825684 -0.012451 0.7020 0.4784 0.3608
v -0.070068 0.837402 -0.012451 0.8117 0.7804 0.7529
v 0.070068 0.837402 -0.012451 0.5961 0.4196 0.3137
v -0.034912 0.891602 -0.012451 0.6393 0.4392 0.3137
v -0.034912 0.892090 -0.012451 0.6628 0.4589 0.3412
v 0.034912 0.892090 -0.012451 0.6393 0.4314 0.3098
v -0.037354 0.893555 -0.012451 0.6510 0.4510 0.3372
v -0.040283 0.893555 -0.012451 0.6510 0.4353 0.3216
v 0.037354 0.893555 -0.012451 0.6941 0.4941 0.3804
v 0.040283 0.893555 -0.012451 0.7137 0.5137 0.4118
v -0.039307 0.896973 -0.012451 0.7059 0.5019 0.3765
v 0.039307 0.896973 -0.012451 0.6941 0.5019 0.3921
v -0.041748 0.911133 -0.012451 0.6039 0.4157 0.3294
v 0.041748 0.911133 -0.012451 0.5059 0.3137 0.2078
v -0.041748 0.914551 -0.012451 0.5725 0.3725 0.2784
v 0.041748 0.914551 -0.012451 0.6706 0.4628 0.3647
v -0.053467 0.946289 -0.012451 0.0902 0.0706 0.0549
v -0.037354 0.974121 -0.012451 0.0588 0.0627 0.0431
v -0.026611 0.985840 -0.012451 0.0784 0.0627 0.0431
v -0.084717 0.234863 -0.012451 0.6589 0.4432 0.3216
v 0.084717 0.234863 -0.012451 0.6471 0.4392 0.3137
v -0.121338 0.187500 -0.012451 0.6863 0.4667 0.3451
v 0.121338 0.187500 -0.012451 0.6980 0.4667 0.3333
v 0.098877 0.129883 -0.012451 0.0314 0.1765 0.0902
v -0.126709 0.122559 -0.012451 0.0000 0.1608 0.0353
v 0.126709 0.122559 -0.012451 0.0039 0.0863 0.0039
v -0.107178 0.107910 -0.012451 0.4589 0.5451 0.5176
v 0.107178 0.107910 -0.012451 0.1020 0.2196 0.1608
v -0.131592 0.091309 -0.012451 0.1451 0.2471 0.2000
v 0.131592 0.091309 -0.012451 0.1765 0.2823 0.2314
v -0.134521 0.084473 -0.012451 0.5294 0.5882 0.5843
v 0.134521 0.084473 -0.012451 0.4157 0.4941 0.4667
v -0.093994 0.558105 -0.012939 0.4157 0.5647 0.5059
v 0.094482 0.558105 -0.012939 0.3608 0.5608 0.4745
v -0.091064 0.570312 -0.012939 0.4706 0.5961 0.5530
v 0.091553 0.570312 -0.012939 0.3961 0.5921 0.5176
v 0.087158 0.582031 -0.012939 0.4157 0.5961 0.5176
v -0.075928 0.625977 -0.012939 0.5059 0.5216 0.5255
v 0.075928 0.625977 -0.012939 0.2588 0.2706 0.2588
v -0.074463 0.655762 -0.012939 0.0196 0.1922 0.0863
v 0.074463 0.655762 -0.012939 0.0157 0.1882 0.0824
v 0.269775 0.765137 -0.012939 0.6980 0.4471 0.3216
v 0.281982 0.765625 -0.012939 0.7020 0.4550 0.3255
v -0.223389 0.774902 -0.012939 0.6667 0.4275 0.3059
v -0.231689 0.778320 -0.012939 0.6785 0.4314 0.3059
v 0.313721 0.779785 -0.012939 0.6980 0.4392 0.3019
v 0.238037 0.783203 -0.012939 0.6824 0.4589 0.3412
v -0.125244 0.785156 -0.012939 0.6000 0.3804 0.2745
v 0.248779 0.787598 -0.012939 0.7255 0.5059 0.3804
v 0.369385 0.788574 -0.012939 0.7216 0.7098 0.6706
v 0.378174 0.789551 -0.012939 0.0235 0.2392 0.0980
v 0.238525 0.804688 -0.012939 0.7176 0.4706 0.3568
v 0.473389 0.810059 -0.012939 0.0235 0.4157 0.1333
v -0.322998 0.812012 -0.012939 0.7216 0.5098 0.3882
v -0.223877 0.817383 -0.012939 0.7059 0.4902 0.3725
v -0.215576 0.819336 -0.012939 0.7372 0.5019 0.3804
v 0.206787 0.819824 -0.012939 0.7216 0.4902 0.3608
v 0.150146 0.825684 -0.012939 0.7255 0.4745 0.3412
v -0.458252 0.830078 -0.012940 0.0745 0.4118 0.1608
v -0.031494 0.880371 -0.012939 0.6354 0.4275 0.3137
v 0.031494 0.880371 -0.012939 0.6393 0.4196 0.2980
v -0.038818 0.891602 -0.012939 0.6432 0.4471 0.3255
v 0.038818 0.891602 -0.012939 0.6510 0.4392 0.3294
v -0.039307 0.892578 -0.012939 0.6432 0.4392 0.3255
v 0.039307 0.892578 -0.012939 0.7176 0.5059 0.4039
v -0.040771 0.894043 -0.012939 0.6667 0.4471 0.3333
v 0.040771 0.894043 -0.012939 0.7412 0.5294 0.4275
v -0.040771 0.895996 -0.012939 0.7255 0.5137 0.3961
v 0.040771 0.895996 -0.012939 0.7098 0.5059 0.3961
v -0.041260 0.908203 -0.012939 0.5725 0.3765 0.2902
v 0.041260 0.908203 -0.012939 0.5137 0.3333 0.2353
v -0.039795 0.921387 -0.012939 0.6354 0.4157 0.3176
v 0.039795 0.921387 -0.012939 0.5412 0.3372 0.2510
v -0.042236 0.921875 -0.012939 0.6471 0.4275 0.3216
v -0.043701 0.921875 -0.012939 0.4000 0.2745 0.2275
v 0.043701 0.921875 -0.012939 0.5686 0.3176 0.1882
v -0.042725 0.922363 -0.012939 0.5764 0.3725 0.2863
v 0.041748 0.922363 -0.012939 0.4550 0.3019 0.2314
v 0.042725 0.922363 -0.012939 0.5412 0.3372 0.2235
v -0.039307 0.924316 -0.012939 0.6315 0.4118 0.3059
v 0.039307 0.924316 -0.012939 0.6157 0.4196 0.3137
v 0.041260 0.968750 -0.012939 0.0824 0.0667 0.0549
v 0.027100 0.979980 -0.012939 0.0157 0.0118 0.0039
v -0.043213 0.329590 -0.012939 0.6785 0.4432 0.3019
v 0.043213 0.329590 -0.012939 0.6785 0.4432 0.3098
v -0.135010 0.145508 -0.012939 0.0235 0.1882 0.0863
v 0.135010 0.145508 -0.012939 0.0627 0.2549 0.1451
v -0.126709 0.118652 -0.012939 0.6276 0.6471 0.6276
v -0.138428 0.102539 -0.012939 0.6236 0.6706 0.6785
v 0.138428 0.102539 -0.012939 0.6785 0.7176 0.7216
v -0.136475 0.100586 -0.012939 0.5059 0.5608 0.5647
v 0.136475 0.100586 -0.012939 0.4235 0.4863 0.4863
v -0.135010 0.086914 -0.012939 0.2784 0.3608 0.3372
v 0.135010 0.086914 -0.012939 0.0824 0.2078 0.1451
v -0.153564 0.032227 -0.012939 0.0275 0.2353 0.1020
v 0.153564 0.032227 -0.012939 0.0353 0.2549 0.1176
v -0.130127 0.008301 -0.012939 0.0196 0.2000 0.0863
v 0.130127 0.008301 -0.012939 0.0196 0.2000 0.0863
v -0.096436 0.544434 -0.013428 0.3843 0.5373 0.4706
v 0.096436 0.544434 -0.013428 0.3529 0.5725 0.4706
v -0.093506 0.732910 -0.013428 0.6628 0.4314 0.3098
v 0.093506 0.732910 -0.013428 0.6745 0.4550 0.3333
v 0.420654 0.759277 -0.013428 0.0196 0.2823 0.0902
v -0.414307 0.765625 -0.013428 0.0196 0.2432 0.0824
v 0.223389 0.774902 -0.013428 0.6667 0.4314 0.3019
v -0.211182 0.776367 -0.013428 0.6354 0.4118 0.2902
v 0.231689 0.778320 -0.013428 0.6980 0.4667 0.3490
v -0.242920 0.778809 -0.013428 0.7216 0.4745 0.3490
v -0.330322 0.781250 -0.013428 0.3608 0.3294 0.2392
v 0.341064 0.781738 -0.013428 0.0706 0.2471 0.1373
v -0.174561 0.782227 -0.013428 0.5725 0.3529 0.2392
v -0.162354 0.783203 -0.013428 0.6354 0.3765 0.2549
v -0.150146 0.784180 -0.013428 0.6157 0.3843 0.2784
v -0.138428 0.784668 -0.013428 0.6157 0.3961 0.2863
v 0.125244 0.785156 -0.013428 0.5961 0.3843 0.2745
v 0.322510 0.812012 -0.013428 0.7882 0.5059 0.3568
v -0.332275 0.812500 -0.013428 0.2235 0.2039 0.1294
v 0.215576 0.819336 -0.013428 0.7176 0.4902 0.3647
v 0.467041 0.821777 -0.013428 0.0353 0.4157 0.1451
v -0.447022 0.835938 -0.013428 0.0392 0.3921 0.1255
v -0.066650 0.836914 -0.013428 0.0784 0.1725 0.1137
v 0.066650 0.836914 -0.013428 0.6276 0.6785 0.6824
v -0.037842 0.893066 -0.013428 0.6432 0.4471 0.3294
v 0.037842 0.893066 -0.013428 0.7137 0.5019 0.3882
v -0.040771 0.895020 -0.013428 0.7098 0.4941 0.3843
v 0.040771 0.895020 -0.013428 0.7372 0.5255 0.4235
v -0.038330 0.896973 -0.013428 0.7020 0.4941 0.3843
v 0.038330 0.896973 -0.013428 0.6941 0.4980 0.3843
v -0.041748 0.905273 -0.013428 0.4196 0.2314 0.1451
v 0.041748 0.905273 -0.013428 0.4589 0.2823 0.1922
v -0.042236 0.917480 -0.013428 0.5530 0.3372 0.2549
v 0.042236 0.917480 -0.013428 0.5569 0.3490 0.2432
v -0.044678 0.920410 -0.013428 0.4589 0.2784 0.2039
v 0.044678 0.920410 -0.013428 0.6000 0.3686 0.2627
v -0.041260 0.921875 -0.013428 0.6197 0.4039 0.2980
v 0.041260 0.921875 -0.013428 0.6000 0.3843 0.2863
v -0.048584 0.931152 -0.013428 0.0196 0.0196 0.0196
v 0.035889 0.972656 -0.013428 0.0353 0.0314 0.0235
v -0.032959 0.977539 -0.013428 0.0157 0.0196 0.0078
v -0.039795 0.979004 -0.013428 0.0314 0.0196 0.0118
v -0.040283 0.980957 -0.013428 0.0353 0.0275 0.0078
v -0.117920 0.369629 -0.013428 0.6785 0.4589 0.3294
v 0.117920 0.369629 -0.013428 0.6980 0.4784 0.3490
v -0.134521 0.148438 -0.013428 0.0627 0.2549 0.1412
v 0.134521 0.148438 -0.013428 0.0667 0.2588 0.1490
v 0.126709 0.118652 -0.013428 0.6824 0.6824 0.6667
v -0.125732 0.109863 -0.013428 0.1608 0.1804 0.1725
v 0.125732 0.109375 -0.013428 0.6315 0.6745 0.6589
v -0.139893 0.095703 -0.013428 0.6471 0.6863 0.6902
v 0.139893 0.095703 -0.013428 0.6236 0.6589 0.6667
v -0.139893 0.087891 -0.013428 0.4235 0.4941 0.4863
v 0.139893 0.087891 -0.013428 0.4078 0.4823 0.4550
v -0.137939 0.086426 -0.013428 0.3372 0.4275 0.3961
v 0.137939 0.086426 -0.013428 0.1412 0.2588 0.2039
v -0.138428 0.083984 -0.013428 0.4980 0.5569 0.5412
v 0.138428 0.083984 -0.013428 0.2863 0.3725 0.3333
v -0.132080 0.080566 -0.013428 0.1804 0.2863 0.2118
v 0.132080 0.080566 -0.013428 0.1373 0.2078 0.1490
v -0.292725 0.768066 -0.013916 0.6980 0.4589 0.3294
v 0.211182 0.776367 -0.013916 0.6432 0.4196 0.3019
v 0.242920 0.778809 -0.013916 0.7255 0.4863 0.3568
v -0.199463 0.779297 -0.013916 0.5921 0.3686 0.2588
v -0.187744 0.781250 -0.013916 0.5725 0.3529 0.2353
v 0.330322 0.781250 -0.013916 0.1137 0.1765 0.1137
v -0.324463 0.782227 -0.013916 0.6628 0.4314 0.3059
v 0.162354 0.783203 -0.013916 0.5333 0.3451 0.2235
v 0.150146 0.784180 -0.013916 0.6000 0.3686 0.2627
v 0.138428 0.784668 -0.013916 0.6079 0.3843 0.2706
v 0.223877 0.817383 -0.013916 0.7020 0.4667 0.3372
v 0.458252 0.830078 -0.013916 0.0431 0.4118 0.1490
v -0.032471 0.835449 -0.013916 0.6550 0.4432 0.3255
v 0.032471 0.835449 -0.013916 0.6785 0.4432 0.3098
v -0.431397 0.838867 -0.013916 0.0510 0.3961 0.1412
v -0.032959 0.886719 -0.013916 0.6432 0.4353 0.3137
v 0.032959 0.886719 -0.013916 0.6315 0.4118 0.2941
v -0.037354 0.891113 -0.013916 0.6628 0.4550 0.3412
v 0.037354 0.891113 -0.013916 0.6432 0.4275 0.3098
v -0.040283 0.893555 -0.013916 0.6510 0.4235 0.3255
v 0.040283 0.893555 -0.013916 0.7412 0.5294 0.4314
v -0.040283 0.895996 -0.013916 0.7216 0.5176 0.4039
v 0.040283 0.895996 -0.013916 0.7294 0.5176 0.4196
v -0.040283 0.896484 -0.013916 0.7176 0.5059 0.4039
v 0.040283 0.896484 -0.013916 0.7137 0.5098 0.4000
v -0.039307 0.901367 -0.013916 0.6628 0.4471 0.3568
v 0.039307 0.901367 -0.013916 0.6039 0.4000 0.3098
v -0.039795 0.921875 -0.013916 0.6276 0.4078 0.2980
v 0.039795 0.921875 -0.013916 0.6197 0.4039 0.2980
v 0.021729 0.986816 -0.013916 0.0431 0.0275 0.0118
v -0.018311 0.988770 -0.013916 0.0353 0.0196 0.0157
v 0.016357 0.989746 -0.013916 0.0471 0.0353 0.0235
v -0.007080 0.994629 -0.013916 0.0745 0.0588 0.0431
v -0.036377 0.361816 -0.013916 0.6824 0.4471 0.3137
v 0.036377 0.361816 -0.013916 0.6824 0.4471 0.3137
v -0.038818 0.346680 -0.013916 0.6902 0.4510 0.3216
v 0.038818 0.346680 -0.013916 0.6902 0.4550 0.3216
v -0.115479 0.276367 -0.013916 0.6745 0.4667 0.3412
v 0.115479 0.276367 -0.013916 0.6667 0.4589 0.3333
v -0.095459 0.141113 -0.013916 0.0235 0.1961 0.0863
v 0.095459 0.141113 -0.013916 0.0745 0.2314 0.1255
v -0.097900 0.120605 -0.013916 0.6941 0.6824 0.7020
v 0.097900 0.120605 -0.013916 0.5921 0.5843 0.5804
v -0.132568 0.118164 -0.013916 0.4628 0.4863 0.4706
v 0.132568 0.118164 -0.013916 0.1608 0.2353 0.1765
v -0.142334 0.096680 -0.013916 0.6157 0.6589 0.6628
v 0.142334 0.096680 -0.013916 0.7137 0.7333 0.7451
v -0.105225 0.091309 -0.013916 0.2706 0.3843 0.3333
v -0.140869 0.091309 -0.013916 0.5804 0.6276 0.6276
v 0.105225 0.091309 -0.013916 0.6824 0.7216 0.7255
v 0.140869 0.091309 -0.013916 0.6706 0.6980 0.7020
v -0.142822 0.090820 -0.013916 0.6550 0.6863 0.6980
v 0.142822 0.090820 -0.013916 0.6863 0.6980 0.7098
v -0.141357 0.086426 -0.013916 0.5725 0.6039 0.6000
v 0.141357 0.086426 -0.013916 0.6589 0.6902 0.6863
v -0.099854 0.056152 -0.013916 0.0039 0.1608 0.0471
v 0.099854 0.056152 -0.013916 0.0706 0.2392 0.1333
v -0.101807 0.044922 -0.013916 0.0078 0.2000 0.0824
v 0.101807 0.044922 -0.013916 0.0353 0.2353 0.1137
v -0.100342 0.530762 -0.014404 0.4353 0.5882 0.5373
v 0.100342 0.530762 -0.014404 0.3451 0.5804 0.4667
v -0.076416 0.665527 -0.014404 0.0314 0.2118 0.0980
v 0.076416 0.665527 -0.014404 0.0275 0.2078 0.0941
v 0.414307 0.765625 -0.014404 0.0118 0.2471 0.0824
v 0.292725 0.768066 -0.014404 0.7020 0.4667 0.3333
v -0.410400 0.770508 -0.014404 0.0157 0.2392 0.0863
v 0.187744 0.781250 -0.014404 0.5725 0.3490 0.2353
v 0.174561 0.782227 -0.014404 0.5569 0.3412 0.2275
v -0.337158 0.782715 -0.014404 0.0902 0.1843 0.1333
v -0.242432 0.812012 -0.014404 0.7255 0.4941 0.3686
v 0.332275 0.812500 -0.014404 0.0902 0.1725 0.1137
v -0.156494 0.819336 -0.014404 0.7176 0.4823 0.3608
v 0.447022 0.835938 -0.014404 0.0549 0.4078 0.1530
v -0.060303 0.836426 -0.014404 0.0353 0.2118 0.1216
v 0.060303 0.836426 -0.014404 0.0039 0.1373 0.0549
v -0.031006 0.843262 -0.014404 0.6589 0.4510 0.3294
v 0.031006 0.843262 -0.014404 0.6589 0.4275 0.3019
v -0.033936 0.892578 -0.014404 0.6667 0.4550 0.3372
v 0.033936 0.892578 -0.014404 0.6550 0.4392 0.3176
v -0.038818 0.893555 -0.014404 0.6393 0.4196 0.3137
v 0.038818 0.893555 -0.014404 0.7294 0.5255 0.4353
v -0.040283 0.895020 -0.014404 0.7059 0.4941 0.3843
v 0.040283 0.895020 -0.014404 0.7529 0.5412 0.4392
v -0.038818 0.896484 -0.014404 0.7020 0.5137 0.4039
v 0.038818 0.896484 -0.014404 0.7098 0.5098 0.3961
v -0.040771 0.908203 -0.014404 0.3804 0.1765 0.1176
v 0.040771 0.908203 -0.014404 0.4275 0.2432 0.1490
v -0.051025 0.931641 -0.014404 0.0275 0.0235 0.0235
v -0.053955 0.939453 -0.014404 0.0706 0.0549 0.0471
v 0.045166 0.964355 -0.014404 0.1137 0.0902 0.0784
v -0.072510 0.255371 -0.014404 0.6706 0.4314 0.2980
v 0.072510 0.255371 -0.014404 0.6276 0.4392 0.3176
v -0.122314 0.169434 -0.014404 0.6824 0.4667 0.3490
v 0.122314 0.169434 -0.014404 0.7098 0.4628 0.3333
v -0.093994 0.132812 -0.014404 0.3059 0.3568 0.3137
v 0.093994 0.132812 -0.014404 0.7451 0.7176 0.7176
v -0.100830 0.114258 -0.014404 0.0118 0.1490 0.0510
v 0.100830 0.114258 -0.014404 0.0627 0.2118 0.1176
v -0.101807 0.107910 -0.014404 0.2471 0.3216 0.2627
v 0.101807 0.107910 -0.014404 0.4353 0.4941 0.4823
v -0.256592 0.766602 -0.014893 0.7098 0.4510 0.2980
v -0.405518 0.774414 -0.014893 0.0078 0.2314 0.0706
v 0.199463 0.779297 -0.014893 0.6000 0.3765 0.2549
v 0.323975 0.782715 -0.014893 0.7294 0.4392 0.3019
v 0.337158 0.783203 -0.014893 0.3098 0.3882 0.3490
v -0.333740 0.784180 -0.014893 0.0863 0.1922 0.1216
v -0.233154 0.812500 -0.014893 0.7059 0.4863 0.3568
v 0.156494 0.819336 -0.014893 0.7098 0.4745 0.3412
v -0.053955 0.837891 -0.014893 0.5764 0.6118 0.6157
v -0.049561 0.838867 -0.014893 0.3176 0.3059 0.2902
v 0.049561 0.838867 -0.014893 0.6824 0.6785 0.6706
v -0.415772 0.839355 -0.014893 0.0235 0.3804 0.1216
v 0.431397 0.839355 -0.014893 0.0431 0.3921 0.1412
v -0.035889 0.892090 -0.014893 0.6785 0.4667 0.3490
v 0.035889 0.892090 -0.014893 0.6628 0.4392 0.3216
v -0.038818 0.895020 -0.014893 0.6863 0.4823 0.3647
v 0.038818 0.895020 -0.014893 0.7412 0.5373 0.4275
v -0.039795 0.899414 -0.014893 0.7216 0.5137 0.4118
v 0.039795 0.899414 -0.014893 0.6785 0.4667 0.3568
v -0.039795 0.905273 -0.014893 0.6197 0.4275 0.3529
v 0.039795 0.905273 -0.014893 0.3843 0.2039 0.1216
v -0.044189 0.919434 -0.014893 0.4706 0.2549 0.1804
v 0.044189 0.919434 -0.014893 0.5412 0.3019 0.1922
v 0.047607 0.934082 -0.014893 0.0235 0.0118 0.0039
v -0.051514 0.938965 -0.014893 0.0667 0.0588 0.0471
v 0.050049 0.948730 -0.014893 0.0392 0.0235 0.0196
v 0.028076 0.974121 -0.014893 0.0627 0.0431 0.0353
v -0.039307 0.977539 -0.014893 0.0275 0.0235 0.0157
v -0.035400 0.986328 -0.014893 0.0902 0.0706 0.0549
v -0.133057 0.149414 -0.014893 0.0431 0.2392 0.1255
v 0.133057 0.149414 -0.014893 0.0510 0.2392 0.1333
v -0.105225 0.148926 -0.014893 0.0549 0.2235 0.1294
v 0.105225 0.148926 -0.014893 0.0510 0.2000 0.1255
v -0.095947 0.133789 -0.014893 0.7216 0.7333 0.7255
v 0.095947 0.133789 -0.014893 0.0863 0.1961 0.1255
v -0.094482 0.126465 -0.014893 0.0000 0.1569 0.0392
v 0.094482 0.126465 -0.014893 0.0275 0.1373 0.0784
v -0.101318 0.115234 -0.014893 0.0078 0.1530 0.0471
v 0.100830 0.115234 -0.014893 0.0902 0.2118 0.1294
v -0.131592 0.109375 -0.014893 0.2118 0.2275 0.2196
v 0.131592 0.109375 -0.014893 0.5490 0.5647 0.5569
v -0.104248 0.101562 -0.014893 0.1922 0.2980 0.2432
v 0.104248 0.101562 -0.014893 0.0706 0.2000 0.1294
v -0.103271 0.035156 -0.014893 0.0118 0.1922 0.0784
v 0.102783 0.035156 -0.014893 0.0314 0.2235 0.1059
v -0.155029 0.022461 -0.014893 0.0118 0.1882 0.0667
v 0.155029 0.022461 -0.014893 0.0275 0.2078 0.0824
v -0.103760 0.517090 -0.015381 0.4353 0.5804 0.5294
v 0.103760 0.517090 -0.015381 0.3372 0.5804 0.4589
v -0.076904 0.675293 -0.015381 0.0235 0.2000 0.0863
v 0.076904 0.675293 -0.015381 0.0235 0.1961 0.0902
v 0.256592 0.766602 -0.015381 0.7059 0.4432 0.3176
v 0.410400 0.770508 -0.015381 0.0196 0.2432 0.0784
v -0.399170 0.777344 -0.015381 0.0235 0.2823 0.1020
v -0.389893 0.780762 -0.015381 0.0314 0.2863 0.1176
v 0.333740 0.784180 -0.015381 0.0784 0.1608 0.1137
v -0.249268 0.795410 -0.015381 0.6902 0.4550 0.3294
v 0.242432 0.812012 -0.015381 0.6902 0.4667 0.3451
v 0.233154 0.812500 -0.015381 0.7020 0.4745 0.3451
v -0.070068 0.831543 -0.015381 0.7451 0.6745 0.6315
v 0.070068 0.831543 -0.015381 0.5961 0.4078 0.2902
v -0.399658 0.837402 -0.015381 0.0549 0.3921 0.1451
v 0.053955 0.837891 -0.015381 0.0549 0.1922 0.0980
v -0.040771 0.892578 -0.015381 0.6236 0.4157 0.2980
v 0.040771 0.892578 -0.015381 0.6785 0.4667 0.3412
v -0.047119 0.925781 -0.015381 0.5647 0.4118 0.3372
v 0.047607 0.959961 -0.015381 0.0392 0.0353 0.0275
v 0.042725 0.970215 -0.015381 0.1176 0.0980 0.0863
v -0.041260 0.982910 -0.015381 0.1569 0.1333 0.1059
v -0.018799 0.987305 -0.015381 0.0706 0.0549 0.0392
v -0.009521 0.991211 -0.015381 0.0314 0.0157 0.0118
v 0.009033 0.998047 -0.015381 0.0549 0.0431 0.0314
v -0.115967 0.349609 -0.015381 0.6824 0.4706 0.3372
v 0.115967 0.349121 -0.015381 0.6745 0.4510 0.3294
v -0.103271 0.106934 -0.015381 0.0510 0.1725 0.1020
v 0.103271 0.106934 -0.015381 0.4235 0.4941 0.4745
v -0.100342 0.066406 -0.015381 0.0039 0.2000 0.0784
v 0.100342 0.066406 -0.015381 0.0471 0.2432 0.1137
v -0.144287 0.056152 -0.015381 0.0235 0.1843 0.0784
v 0.144287 0.056152 -0.015381 0.0510 0.2314 0.1176
v -0.154053 0.017578 -0.015381 0.5569 0.6236 0.5647
v 0.154053 0.017578 -0.015381 0.4000 0.5373 0.4392
v -0.151123 0.014648 -0.015381 0.0000 0.2078 0.0510
v 0.151123 0.014648 -0.015381 0.0235 0.1882 0.0863
v -0.105225 0.504883 -0.015869 0.4235 0.5764 0.5216
v 0.105225 0.504883 -0.015869 0.3137 0.5647 0.4314
v -0.303467 0.771484 -0.015869 0.6785 0.4510 0.3294
v 0.405518 0.774414 -0.015869 0.0196 0.2353 0.0745
v 0.399170 0.777344 -0.015869 0.0275 0.2549 0.0863
v 0.249268 0.795410 -0.015869 0.7255 0.4941 0.3686
v -0.242432 0.803223 -0.015869 0.6980 0.4706 0.3412
v -0.255127 0.821289 -0.015869 0.7412 0.5216 0.3843
v 0.415772 0.839355 -0.015869 0.0392 0.3921 0.1412
v 0.046631 0.929688 -0.015869 0.0196 0.0235 0.0275
v 0.049561 0.935547 -0.015869 0.0824 0.0667 0.0471
v 0.037354 0.973633 -0.015869 0.0431 0.0275 0.0235
v -0.045654 0.977539 -0.015869 0.0627 0.0549 0.0431
v 0.026123 0.979004 -0.015869 0.0275 0.0118 0.0000
v 0.014893 0.993164 -0.015869 0.0275 0.0157 0.0078
v 0.001221 0.996582 -0.015869 0.0824 0.0667 0.0549
v -0.107666 0.491699 -0.015869 0.4275 0.5764 0.5176
v 0.107666 0.491699 -0.015869 0.2941 0.5333 0.4039
v -0.112061 0.477539 -0.015869 0.3686 0.5608 0.4628
v 0.112061 0.477539 -0.015869 0.2706 0.5137 0.3686
v -0.119873 0.262695 -0.015869 0.6785 0.4628 0.3412
v 0.119873 0.262695 -0.015869 0.6863 0.4745 0.3451
v -0.089111 0.217773 -0.015869 0.6550 0.4392 0.3176
v 0.089111 0.217773 -0.015869 0.6432 0.4353 0.3098
v -0.136963 0.144043 -0.015869 0.0353 0.1882 0.0902
v 0.136963 0.144043 -0.015869 0.0471 0.2314 0.1294
v -0.096924 0.142090 -0.015869 0.0235 0.1922 0.0941
v 0.096924 0.142090 -0.015869 0.0745 0.2432 0.1412
v -0.131104 0.123047 -0.015869 0.0784 0.1961 0.1098
v -0.127686 0.102539 -0.015869 0.0078 0.0980 0.0353
v 0.127686 0.102539 -0.015869 0.1216 0.2157 0.1530
v -0.128662 0.092773 -0.015869 0.1490 0.2549 0.1882
v 0.128662 0.092773 -0.015869 0.0863 0.1804 0.1059
v -0.139893 0.068359 -0.015869 0.0431 0.1961 0.0941
v 0.139893 0.068359 -0.015869 0.0078 0.2235 0.0824
v -0.103271 0.024414 -0.015869 0.0000 0.1686 0.0627
v 0.103271 0.024414 -0.015869 0.0118 0.1922 0.0784
v -0.153564 0.013672 -0.015869 0.0078 0.2196 0.0863
v 0.153564 0.013672 -0.015869 0.0196 0.2039 0.0863
v -0.232178 0.774902 -0.016357 0.7020 0.4432 0.3098
v 0.389893 0.780762 -0.016357 0.0353 0.2706 0.1059
v 0.242432 0.803223 -0.016357 0.6941 0.4667 0.3333
v -0.164795 0.819336 -0.016357 0.7020 0.4823 0.3529
v 0.255127 0.821289 -0.016357 0.7490 0.5373 0.4039
v -0.383057 0.835449 -0.016357 0.0471 0.3686 0.1333
v -0.387940 0.835449 -0.016357 0.0314 0.3529 0.1137
v 0.399658 0.837402 -0.016357 0.0392 0.3882 0.1373
v -0.041260 0.897461 -0.016357 0.7294 0.5176 0.4118
v 0.041260 0.897461 -0.016357 0.7764 0.5764 0.4706
v -0.043213 0.915527 -0.016357 0.5921 0.3961 0.3098
v 0.043213 0.915527 -0.016357 0.5137 0.2784 0.1843
v -0.046631 0.923828 -0.016357 0.5608 0.3568 0.2745
v 0.046631 0.923828 -0.016357 0.6589 0.4157 0.3216
v 0.048096 0.939941 -0.016357 0.0510 0.0353 0.0235
v -0.054932 0.940918 -0.016357 0.1412 0.1216 0.1059
v -0.048096 0.961914 -0.016357 0.0196 0.0157 0.0078
v -0.043701 0.968750 -0.016357 0.0275 0.0157 0.0039
v -0.037842 0.974609 -0.016357 0.0275 0.0235 0.0157
v -0.046143 0.978516 -0.016357 0.0863 0.0745 0.0549
v -0.028564 0.989258 -0.016357 0.0980 0.0824 0.0706
v -0.115967 0.463379 -0.016357 0.3333 0.5137 0.4157
v 0.115967 0.463379 -0.016357 0.2549 0.4980 0.3412
v -0.114990 0.449707 -0.016357 0.2078 0.3804 0.2745
v 0.114990 0.449707 -0.016357 0.1412 0.3529 0.2157
v -0.046631 0.312988 -0.016357 0.6785 0.4471 0.3137
v 0.046631 0.312988 -0.016357 0.6785 0.4392 0.3098
v -0.123291 0.150879 -0.016357 0.0314 0.1882 0.1137
v 0.123291 0.150879 -0.016357 0.1137 0.1922 0.1137
v -0.131104 0.147949 -0.016357 0.0275 0.1922 0.0980
v 0.131104 0.147461 -0.016357 0.0196 0.1922 0.0902
v -0.133057 0.128418 -0.016357 0.1490 0.2941 0.1843
v 0.133057 0.128418 -0.016357 0.5490 0.5843 0.5490
v -0.133545 0.123047 -0.016357 0.2432 0.2980 0.2510
v 0.131104 0.123047 -0.016357 0.5333 0.5530 0.5176
v 0.133545 0.123047 -0.016357 0.3372 0.3686 0.3294
v -0.131592 0.119141 -0.016357 0.5686 0.5804 0.5647
v 0.131592 0.119141 -0.016357 0.5333 0.5647 0.5412
v -0.104248 0.019043 -0.016357 0.4628 0.5608 0.5176
v 0.104248 0.019043 -0.016357 0.2706 0.3882 0.3176
v 0.303467 0.771484 -0.016846 0.6824 0.4471 0.3137
v 0.232178 0.774902 -0.016846 0.7059 0.4510 0.3255
v -0.382568 0.783203 -0.016846 0.0039 0.1922 0.0431
v 0.164795 0.819336 -0.016846 0.7059 0.4667 0.3451
v -0.334229 0.826172 -0.016846 0.1333 0.2353 0.2000
v -0.370361 0.832031 -0.016846 0.7882 0.7921 0.7764
v -0.031982 0.861328 -0.016846 0.6628 0.4392 0.3216
v 0.031982 0.861328 -0.016846 0.6628 0.4510 0.3255
v -0.032471 0.870605 -0.016846 0.6745 0.4510 0.3333
v 0.032471 0.870605 -0.016846 0.6706 0.4550 0.3333
v -0.039307 0.892090 -0.016846 0.6510 0.4471 0.3255
v 0.039307 0.892090 -0.016846 0.6510 0.4235 0.3059
v -0.039795 0.902344 -0.016846 0.6941 0.4863 0.3725
v 0.039795 0.902344 -0.016846 0.7098 0.5019 0.3961
v -0.043701 0.910645 -0.016846 0.5530 0.3490 0.2667
v 0.043701 0.910645 -0.016846 0.6550 0.4510 0.3451
v -0.039795 0.921875 -0.016846 0.6354 0.4157 0.3098
v 0.039795 0.921875 -0.016846 0.6118 0.3921 0.2863
v -0.046631 0.922363 -0.016846 0.5373 0.3176 0.2314
v 0.046631 0.922363 -0.016846 0.6863 0.4471 0.3412
v -0.043213 0.923340 -0.016846 0.6510 0.4275 0.3412
v 0.043213 0.923340 -0.016846 0.6393 0.4196 0.3216
v -0.045166 0.924316 -0.016846 0.6000 0.3961 0.3098
v 0.045166 0.924316 -0.016846 0.6079 0.3921 0.2902
v 0.045166 0.925781 -0.016846 0.0314 0.0118 0.0157
v -0.051025 0.954590 -0.016846 0.0784 0.0588 0.0431
v 0.049072 0.955566 -0.016846 0.0118 0.0157 0.0000
v 0.046631 0.965332 -0.016846 0.0941 0.0706 0.0549
v 0.031006 0.975098 -0.016846 0.0471 0.0314 0.0196
v -0.045654 0.976562 -0.016846 0.0549 0.0431 0.0314
v -0.034424 0.977051 -0.016846 0.0275 0.0235 0.0118
v -0.039307 0.977051 -0.016846 0.0314 0.0275 0.0157
v -0.046143 0.979004 -0.016846 0.0980 0.0824 0.0706
v 0.028564 0.980469 -0.016846 0.0314 0.0157 0.0078
v -0.135498 0.127441 -0.016846 0.5255 0.5569 0.5137
v 0.135498 0.127441 -0.016846 0.3412 0.4000 0.3412
v -0.105713 0.016602 -0.016846 0.4078 0.5019 0.4628
v 0.105713 0.016602 -0.016846 0.3490 0.4706 0.4000
v -0.104736 0.016113 -0.016846 0.2314 0.3451 0.2823
v 0.104736 0.016113 -0.016846 0.2078 0.3490 0.2627
v -0.153076 0.010254 -0.016846 0.0118 0.2000 0.0745
v 0.153076 0.010254 -0.016846 0.0118 0.2000 0.0824
v -0.150635 0.008789 -0.016846 0.0275 0.1922 0.0824
v 0.150635 0.008789 -0.016846 0.0118 0.2000 0.0863
v -0.081787 0.685547 -0.017334 0.0314 0.2118 0.0980
v 0.081787 0.685547 -0.017334 0.0157 0.2000 0.0902
v -0.094971 0.741699 -0.017334 0.6706 0.4628 0.3216
v 0.094971 0.741699 -0.017334 0.6980 0.4667 0.3412
v -0.095459 0.769531 -0.017334 0.6039 0.3647 0.2667
v 0.095459 0.769531 -0.017334 0.6118 0.3725 0.2588
v -0.174561 0.819824 -0.017334 0.7216 0.4902 0.3608
v -0.328857 0.823730 -0.017334 0.4000 0.3804 0.2823
v -0.333252 0.824707 -0.017334 0.0078 0.1725 0.0863
v -0.336670 0.826172 -0.017334 0.7568 0.8039 0.7960
v -0.343018 0.826660 -0.017334 0.0118 0.2745 0.0980
v -0.362061 0.829102 -0.017334 0.0431 0.2941 0.1294
v -0.368897 0.830078 -0.017334 0.7764 0.8000 0.7647
v -0.372803 0.831055 -0.017334 0.6628 0.7098 0.6628
v -0.381104 0.831543 -0.017334 0.0157 0.3372 0.0902
v -0.377686 0.832031 -0.017334 0.0078 0.2745 0.0784
v 0.383057 0.835449 -0.017334 0.0588 0.3804 0.1451
v 0.387940 0.835449 -0.017334 0.0392 0.3529 0.1216
v 0.031494 0.853516 -0.017334 0.6432 0.4275 0.3098
v -0.031494 0.854004 -0.017334 0.6706 0.4353 0.3216
v -0.036865 0.893555 -0.017334 0.6785 0.4667 0.3490
v 0.036865 0.893555 -0.017334 0.6706 0.4432 0.3216
v -0.046143 0.920898 -0.017334 0.5647 0.3490 0.2627
v 0.046143 0.920898 -0.017334 0.5725 0.3216 0.2000
v 0.041748 0.922852 -0.017334 0.6157 0.3961 0.2941
v 0.048584 0.942871 -0.017334 0.0510 0.0353 0.0275
v 0.048096 0.959473 -0.017334 0.1255 0.1059 0.0941
v 0.021240 0.984375 -0.017334 0.0627 0.0471 0.0314
v -0.119385 0.445312 -0.017334 0.4353 0.6039 0.5255
v 0.119385 0.445312 -0.017334 0.2392 0.4823 0.3255
v -0.118408 0.433105 -0.017334 0.1020 0.2588 0.1608
v 0.118408 0.433105 -0.017334 0.1490 0.3568 0.2353
v -0.092041 0.200684 -0.017334 0.6510 0.4353 0.3137
v 0.092041 0.200684 -0.017334 0.6432 0.4353 0.3137
v -0.100830 0.079102 -0.017334 0.0039 0.1882 0.0745
v 0.100830 0.078613 -0.017334 0.3686 0.4078 0.3843
v -0.198975 0.773438 -0.017822 0.6667 0.4235 0.3059
v -0.222412 0.773438 -0.017822 0.6863 0.4392 0.3098
v -0.187744 0.773926 -0.017822 0.6745 0.4353 0.3137
v -0.314209 0.774902 -0.017822 0.6785 0.4471 0.3216
v 0.382568 0.783203 -0.017822 0.0627 0.2902 0.1294
v 0.174561 0.819824 -0.017822 0.7216 0.4863 0.3647
v -0.290772 0.822266 -0.017822 0.7372 0.5019 0.3725
v -0.326904 0.822266 -0.017822 0.6667 0.4706 0.3451
v 0.334229 0.826172 -0.017822 0.7255 0.7176 0.7098
v 0.336670 0.826172 -0.017822 0.0824 0.2980 0.1451
v -0.375244 0.829590 -0.017822 0.0000 0.1725 0.0275
v 0.370361 0.832031 -0.017822 0.0510 0.2118 0.0980
v 0.377686 0.832031 -0.017822 0.0588 0.3725 0.1569
v -0.033447 0.878418 -0.017822 0.6706 0.4510 0.3294
v 0.033447 0.878418 -0.017822 0.6745 0.4510 0.3333
v -0.041748 0.895020 -0.017822 0.6236 0.4118 0.2902
v 0.041748 0.895020 -0.017822 0.7059 0.4902 0.3725
v -0.040771 0.905273 -0.017822 0.7176 0.5216 0.4118
v 0.040771 0.905273 -0.017822 0.4980 0.2902 0.1922
v -0.042236 0.907715 -0.017822 0.6039 0.3921 0.2980
v 0.042236 0.907715 -0.017822 0.5216 0.3137 0.2157
v -0.039795 0.921875 -0.017822 0.6315 0.4353 0.3255
v -0.049561 0.931152 -0.017822 0.0000 0.0039 0.0078
v -0.052979 0.947754 -0.017822 0.1020 0.0863 0.0667
v -0.045166 0.976074 -0.017822 0.0588 0.0392 0.0314
v -0.041260 0.983398 -0.017822 0.1373 0.1098 0.0863
v 0.023193 0.984863 -0.017822 0.0588 0.0392 0.0235
v -0.010986 0.989258 -0.017822 0.0588 0.0471 0.0353
v -0.136963 0.146973 -0.017822 0.1294 0.3176 0.2000
v 0.136963 0.146973 -0.017822 0.0078 0.1255 0.0471
v -0.095459 0.134766 -0.017822 0.7176 0.7216 0.7216
v 0.095459 0.134766 -0.017822 0.0941 0.2157 0.1333
v -0.135498 0.133301 -0.017822 0.4589 0.5333 0.4823
v 0.135498 0.133301 -0.017822 0.5961 0.6236 0.5961
v -0.097412 0.722168 -0.018311 0.0510 0.1922 0.0902
v 0.097412 0.722168 -0.018311 0.6039 0.6354 0.6118
v 0.198975 0.773438 -0.018311 0.6706 0.4118 0.2863
v 0.222412 0.773438 -0.018311 0.6706 0.4314 0.3098
v -0.210693 0.773926 -0.018311 0.6902 0.4589 0.3372
v 0.187744 0.773926 -0.018311 0.6667 0.4196 0.3019
v -0.151123 0.775879 -0.018311 0.6628 0.4275 0.3137
v -0.175049 0.775879 -0.018311 0.6628 0.4314 0.3137
v -0.301514 0.819336 -0.018311 0.7176 0.4902 0.3568
v -0.185791 0.819824 -0.018311 0.7216 0.4941 0.3647
v -0.327393 0.819824 -0.018311 0.5843 0.4353 0.3333
v 0.326904 0.822266 -0.018311 0.0392 0.2392 0.1098
v 0.328857 0.823730 -0.018311 0.2275 0.3137 0.2588
v 0.333252 0.824707 -0.018311 0.7882 0.7451 0.7647
v 0.343018 0.826660 -0.018311 0.0902 0.3216 0.1608
v 0.362061 0.829102 -0.018311 0.0667 0.2588 0.1176
v 0.368897 0.830078 -0.018310 0.1176 0.2667 0.1765
v 0.372803 0.831055 -0.018310 0.0627 0.3412 0.1490
v 0.381104 0.831543 -0.018310 0.0549 0.3529 0.1333
v -0.102295 0.843750 -0.018311 0.7372 0.5059 0.3725
v -0.041748 0.901367 -0.018311 0.7529 0.5333 0.4235
v 0.041748 0.901367 -0.018311 0.6824 0.4589 0.3412
v -0.043213 0.922363 -0.018311 0.6589 0.4471 0.3451
v -0.047607 0.926270 -0.018311 0.5608 0.4196 0.3568
v -0.046143 0.979492 -0.018311 0.1098 0.0902 0.0784
v 0.026123 0.986328 -0.018311 0.0392 0.0275 0.0235
v -0.036377 0.986816 -0.018311 0.1451 0.1255 0.1098
v -0.122314 0.429199 -0.018311 0.2863 0.4589 0.3686
v 0.122314 0.429199 -0.018311 0.1490 0.3647 0.2353
v -0.121826 0.416504 -0.018311 0.0235 0.2039 0.0902
v 0.121826 0.416504 -0.018311 0.0392 0.2039 0.0863
v -0.112061 0.333984 -0.018311 0.6667 0.4510 0.3294
v -0.052979 0.298340 -0.018311 0.6667 0.4392 0.3098
v 0.052979 0.298340 -0.018311 0.6785 0.4432 0.3098
v -0.124756 0.242188 -0.018311 0.6745 0.4589 0.3255
v 0.124756 0.242188 -0.018311 0.6745 0.4550 0.3255
v -0.094482 0.183594 -0.018311 0.6706 0.4392 0.3137
v -0.137939 0.132324 -0.018311 0.7804 0.7647 0.7686
v 0.137939 0.132324 -0.018311 0.6941 0.6941 0.6941
v -0.243408 0.768555 -0.018799 0.7098 0.4510 0.3176
v -0.338623 0.773926 -0.018799 0.3490 0.4353 0.4314
v 0.314209 0.774902 -0.018799 0.6863 0.4550 0.3176
v 0.175049 0.775391 -0.018799 0.6628 0.4314 0.3137
v -0.137451 0.775879 -0.018799 0.6157 0.3882 0.2667
v 0.151123 0.775879 -0.018799 0.6550 0.4353 0.3176
v -0.163330 0.776855 -0.018799 0.6510 0.4275 0.3098
v -0.379150 0.784668 -0.018799 0.0235 0.2039 0.0706
v -0.312256 0.817383 -0.018799 0.6980 0.4784 0.3451
v 0.301514 0.819336 -0.018799 0.7372 0.5019 0.3608
v 0.185791 0.819824 -0.018799 0.7216 0.4941 0.3686
v 0.290772 0.822266 -0.018799 0.7372 0.5019 0.3608
v -0.280518 0.824707 -0.018799 0.7333 0.5019 0.3647
v 0.375244 0.829590 -0.018799 0.0510 0.3176 0.1216
v -0.117920 0.842773 -0.018799 0.7529 0.5176 0.3921
v 0.102295 0.843750 -0.018799 0.7451 0.5176 0.3804
v -0.033447 0.887695 -0.018799 0.6667 0.4510 0.3294
v 0.033447 0.887695 -0.018799 0.6628 0.4392 0.3216
v -0.040283 0.894531 -0.018799 0.6550 0.4392 0.3255
v 0.040283 0.894531 -0.018799 0.6471 0.4235 0.3098
v -0.037842 0.895508 -0.018799 0.6941 0.4706 0.3686
v 0.037842 0.895508 -0.018799 0.6706 0.4471 0.3333
v 0.048096 0.937012 -0.018799 0.0235 0.0275 0.0078
v -0.051514 0.938477 -0.018799 0.0510 0.0314 0.0235
v -0.054932 0.941406 -0.018799 0.1020 0.0824 0.0745
v 0.049072 0.960449 -0.018799 0.0863 0.0667 0.0510
v -0.011475 0.987305 -0.018799 0.0235 0.0118 0.0078
v -0.020752 0.990234 -0.018799 0.0627 0.0471 0.0392
v 0.020264 0.990234 -0.018799 0.0431 0.0392 0.0314
v 0.017822 0.994141 -0.018799 0.0510 0.0471 0.0392
v 0.015381 0.997559 -0.018799 0.0588 0.0510 0.0392
v 0.112061 0.333984 -0.018799 0.6628 0.4392 0.3216
v 0.094482 0.183594 -0.018799 0.6432 0.4432 0.3216
v -0.095947 0.146484 -0.018799 0.0275 0.1765 0.0784
v 0.095459 0.146484 -0.018799 0.0706 0.2157 0.1294
v -0.137939 0.141113 -0.018799 0.0196 0.1647 0.0627
v 0.137939 0.141113 -0.018799 0.0549 0.2196 0.1255
v -0.091064 0.134766 -0.018799 0.6197 0.6236 0.6197
v 0.091064 0.134766 -0.018799 0.7608 0.7412 0.7451
v -0.090576 0.130371 -0.018799 0.0039 0.1373 0.0275
v 0.090576 0.130371 -0.018799 0.0627 0.1882 0.1176
v -0.136963 0.117676 -0.018799 0.0039 0.1373 0.0275
v 0.136963 0.117676 -0.018799 0.0078 0.0863 0.0118
v -0.086670 0.694824 -0.019287 0.0275 0.2118 0.0980
v 0.086670 0.694824 -0.019287 0.0275 0.2118 0.0980
v -0.098389 0.726074 -0.019287 0.7568 0.7216 0.6980
v 0.098389 0.726074 -0.019287 0.5882 0.5373 0.5216
v 0.210693 0.773926 -0.019287 0.6745 0.4471 0.3255
v -0.333252 0.774414 -0.019287 0.1098 0.1412 0.0431
v -0.340576 0.774902 -0.019287 0.7059 0.7372 0.7490
v -0.337158 0.775391 -0.019287 0.0157 0.1451 0.0667
v 0.137451 0.775879 -0.019287 0.6315 0.4000 0.2863
v 0.163330 0.776855 -0.019287 0.6589 0.4275 0.3098
v -0.374268 0.781250 -0.019287 0.6589 0.6902 0.6706
v -0.376221 0.783203 -0.019287 0.1216 0.2235 0.1412
v -0.334229 0.818359 -0.019287 0.0431 0.1725 0.1137
v -0.196533 0.819336 -0.019287 0.7216 0.4902 0.3647
v 0.327393 0.820312 -0.019287 0.0431 0.2432 0.1255
v 0.280518 0.824707 -0.019287 0.7372 0.5019 0.3686
v -0.047119 0.829590 -0.019287 0.6354 0.4039 0.2863
v 0.047119 0.829590 -0.019287 0.6863 0.4706 0.3529
v -0.089111 0.842285 -0.019287 0.7294 0.4980 0.3647
v 0.117920 0.842773 -0.019287 0.7451 0.5098 0.3765
v -0.034424 0.896484 -0.019287 0.6706 0.4471 0.3333
v 0.034424 0.896484 -0.019287 0.6471 0.4275 0.3098
v -0.046143 0.917480 -0.019287 0.6276 0.4353 0.3451
v 0.046143 0.917480 -0.019287 0.6980 0.4706 0.3725
v 0.051025 0.943848 -0.019287 0.0353 0.0235 0.0118
v 0.050537 0.949707 -0.019287 0.0549 0.0431 0.0235
v 0.043213 0.970703 -0.019287 0.0745 0.0588 0.0471
v 0.038330 0.974121 -0.019287 0.0588 0.0549 0.0471
v -0.050537 0.976074 -0.019287 0.0745 0.0588 0.0549
v -0.045166 0.976562 -0.019287 0.0549 0.0353 0.0314
v -0.039307 0.977539 -0.019287 0.0392 0.0314 0.0235
v -0.046143 0.979004 -0.019287 0.0863 0.0706 0.0588
v 0.018799 0.988770 -0.019287 0.0431 0.0431 0.0314
v 0.022705 0.991211 -0.019287 0.0471 0.0353 0.0235
v 0.018799 0.995117 -0.019287 0.0588 0.0549 0.0392
v 0.011475 0.996094 -0.019287 0.0471 0.0314 0.0196
v -0.126221 0.413086 -0.019287 0.0275 0.2157 0.0902
v 0.126221 0.413086 -0.019287 0.0353 0.2118 0.1059
v -0.125244 0.395996 -0.019287 0.4078 0.2823 0.1922
v 0.125244 0.395996 -0.019287 0.0824 0.1843 0.1020
v -0.079834 0.236328 -0.019287 0.6745 0.4589 0.3333
v 0.079834 0.236328 -0.019287 0.6432 0.4353 0.3098
v -0.135010 0.147461 -0.019287 0.0863 0.2588 0.1647
v 0.135010 0.147461 -0.019287 0.0118 0.1647 0.0706
v -0.135010 0.107422 -0.019287 0.0824 0.2000 0.1098
v 0.135010 0.107422 -0.019287 0.0275 0.1686 0.0431
v -0.101318 0.091309 -0.019287 0.0275 0.1843 0.0863
v 0.101318 0.091309 -0.019287 0.0431 0.1961 0.1059
v -0.105225 0.010742 -0.019287 0.0118 0.1882 0.0745
v 0.105225 0.010742 -0.019287 0.0196 0.1922 0.0824
v 0.243408 0.768555 -0.019775 0.7137 0.4510 0.3137
v 0.338623 0.773926 -0.019775 0.7843 0.7843 0.7960
v 0.340576 0.774902 -0.019775 0.1843 0.2510 0.2039
v -0.330811 0.775391 -0.019775 0.6157 0.4510 0.3529
v -0.346924 0.776367 -0.019775 0.0157 0.2078 0.0706
v -0.106201 0.776855 -0.019775 0.5843 0.3608 0.2471
v 0.106201 0.776855 -0.019775 0.5882 0.3568 0.2432
v -0.324951 0.778809 -0.019775 0.6589 0.4510 0.3333
v -0.365479 0.780273 -0.019775 0.0431 0.2432 0.1137
v -0.371826 0.781250 -0.019775 0.7647 0.7882 0.7804
v 0.379150 0.784668 -0.019775 0.0353 0.2471 0.1059
v -0.377686 0.785645 -0.019775 0.0275 0.1843 0.0627
v -0.322998 0.815918 -0.019775 0.6824 0.4823 0.3529
v 0.312256 0.817383 -0.019775 0.7451 0.4941 0.3568
v 0.334229 0.818359 -0.019775 0.0392 0.1725 0.0941
v -0.241943 0.819824 -0.019775 0.7372 0.5098 0.3765
v 0.089111 0.842285 -0.019775 0.7255 0.5059 0.3686
v -0.042725 0.900391 -0.019775 0.7176 0.5019 0.3882
v 0.042725 0.900391 -0.019775 0.7686 0.5490 0.4392
v -0.043213 0.904297 -0.019775 0.7020 0.4745 0.3608
v 0.043213 0.904297 -0.019775 0.7412 0.5137 0.4118
v -0.039307 0.920898 -0.019775 0.6197 0.4157 0.3019
v 0.039307 0.920898 -0.019775 0.6315 0.4078 0.2941
v -0.051025 0.941406 -0.019775 0.0392 0.0275 0.0235
v -0.045654 0.977539 -0.019775 0.0627 0.0431 0.0314
v -0.033447 0.978027 -0.019775 0.0314 0.0314 0.0196
v -0.041260 0.981934 -0.019775 0.1176 0.0980 0.0627
v -0.030029 0.990234 -0.019775 0.1137 0.0980 0.0863
v -0.002686 0.993164 -0.019775 0.0353 0.0196 0.0118
v 0.016357 0.994141 -0.019775 0.0627 0.0549 0.0471
v -0.013428 0.428223 -0.019775 0.0118 0.1255 0.0549
v 0.013428 0.428223 -0.019775 0.0078 0.1059 0.0314
v -0.136475 0.123047 -0.019775 0.6706 0.6706 0.6667
v 0.136475 0.123047 -0.019775 0.0627 0.1490 0.0745
v -0.094482 0.121094 -0.019775 0.0039 0.1412 0.0235
v -0.135498 0.118652 -0.019775 0.0196 0.1490 0.0471
v 0.135498 0.118652 -0.019775 0.3686 0.4039 0.3765
v -0.100342 0.101562 -0.019775 0.0000 0.1686 0.0706
v 0.100342 0.101562 -0.019775 0.0549 0.2000 0.1294
v -0.135498 0.080566 -0.019775 0.0275 0.2039 0.0941
v 0.135498 0.080566 -0.019775 0.0824 0.2118 0.1137
v -0.108643 0.009766 -0.019775 0.0235 0.2314 0.1098
v 0.108643 0.009766 -0.019775 0.0275 0.2039 0.0902
v -0.072021 0.624023 -0.020264 0.6236 0.6315 0.6393
v 0.071533 0.624023 -0.020264 0.6550 0.6589 0.6706
v 0.333252 0.774414 -0.020264 0.0275 0.0902 0.0431
v 0.330811 0.775391 -0.020264 0.0863 0.1647 0.0902
v 0.337158 0.775391 -0.020264 0.7921 0.7804 0.7921
v 0.346924 0.776367 -0.020264 0.0510 0.2549 0.1137
v -0.330322 0.777832 -0.020264 0.6471 0.4941 0.4000
v 0.324463 0.778809 -0.020264 0.7372 0.4550 0.3255
v -0.337647 0.780273 -0.020264 0.1451 0.2432 0.1882
v 0.371826 0.781250 -0.020264 0.0118 0.1255 0.0549
v 0.374268 0.781250 -0.020264 0.0196 0.2000 0.0667
v 0.376221 0.783203 -0.020264 0.0196 0.1882 0.0824
v -0.332764 0.814941 -0.020264 0.1412 0.1608 0.1059
v 0.322998 0.815918 -0.020264 0.7764 0.4980 0.3490
v -0.206299 0.818848 -0.020264 0.7137 0.4823 0.3490
v 0.196533 0.819336 -0.020264 0.7137 0.4784 0.3490
v 0.241943 0.819824 -0.020264 0.7490 0.5098 0.3961
v -0.132568 0.838867 -0.020264 0.7412 0.5059 0.3725
v -0.047119 0.920898 -0.020264 0.6118 0.4000 0.3059
v 0.040283 0.920898 -0.020264 0.6315 0.4157 0.3176
v 0.047119 0.920898 -0.020264 0.5921 0.3294 0.2118
v -0.049072 0.922363 -0.020264 0.5216 0.2980 0.1922
v 0.049072 0.922363 -0.020264 0.7333 0.4980 0.3804
v 0.049561 0.956055 -0.020264 0.1255 0.1098 0.0784
v 0.047119 0.965820 -0.020264 0.0471 0.0314 0.0157
v -0.037354 0.974609 -0.020264 0.0314 0.0275 0.0196
v 0.032471 0.975586 -0.020264 0.0275 0.0157 0.0078
v -0.040283 0.979492 -0.020264 0.0510 0.0392 0.0314
v 0.017334 0.991699 -0.020264 0.0510 0.0510 0.0471
v 0.004639 0.995605 -0.020264 0.0196 0.0078 0.0039
v -0.008545 0.442383 -0.020264 0.0078 0.1373 0.0627
v 0.008545 0.442383 -0.020264 0.0000 0.0902 0.0196
v -0.014404 0.414062 -0.020264 0.0118 0.1490 0.0627
v 0.014404 0.414062 -0.020264 0.0000 0.1255 0.0431
v -0.128174 0.397949 -0.020264 0.4353 0.3098 0.2157
v 0.128174 0.397949 -0.020264 0.0078 0.1961 0.0784
v 0.057373 0.285156 -0.020264 0.6824 0.4353 0.3137
v -0.127197 0.224609 -0.020264 0.6745 0.4628 0.3333
v 0.127197 0.224609 -0.020264 0.6706 0.4550 0.3333
v -0.096924 0.166016 -0.020264 0.6824 0.4392 0.3059
v 0.096924 0.166016 -0.020264 0.6471 0.4353 0.3255
v -0.093994 0.135742 -0.020264 0.7451 0.7451 0.7490
v 0.093994 0.135742 -0.020264 0.0353 0.1451 0.0706
v 0.094482 0.121094 -0.020264 0.8039 0.7764 0.7882
v -0.097412 0.113770 -0.020264 0.0078 0.1569 0.0431
v 0.097412 0.113770 -0.020264 0.0039 0.1686 0.0667
v -0.099365 0.106934 -0.020264 0.0196 0.1843 0.0902
v 0.099365 0.106934 -0.020264 0.3216 0.4118 0.3725
v -0.132080 0.106445 -0.020264 0.0510 0.1804 0.0902
v 0.132080 0.106445 -0.020264 0.0118 0.1961 0.0353
v -0.091553 0.704590 -0.020752 0.0392 0.2157 0.1020
v 0.091553 0.704590 -0.020752 0.0275 0.2078 0.0980
v -0.095947 0.728027 -0.020752 0.5569 0.4667 0.4353
v 0.095947 0.728027 -0.020752 0.6863 0.4745 0.3451
v -0.122803 0.778809 -0.020752 0.6432 0.4196 0.3019
v 0.122803 0.778809 -0.020752 0.6471 0.4196 0.2980
v 0.365479 0.780273 -0.020752 0.0235 0.1686 0.0549
v -0.334229 0.781738 -0.020752 0.1098 0.1961 0.1451
v 0.377686 0.785645 -0.020752 0.0235 0.2196 0.0941
v 0.332764 0.814941 -0.020752 0.0706 0.1647 0.1059
v -0.039795 0.832520 -0.020752 0.6510 0.4589 0.3372
v 0.039795 0.832520 -0.020752 0.7020 0.4235 0.2823
v 0.132568 0.838867 -0.020752 0.7372 0.5019 0.3686
v -0.045166 0.907227 -0.020752 0.7255 0.5059 0.3882
v 0.045166 0.907227 -0.020752 0.7333 0.5216 0.4157
v -0.046143 0.910645 -0.020752 0.6980 0.4941 0.3921
v 0.046143 0.910645 -0.020752 0.7568 0.5530 0.4589
v -0.046631 0.913574 -0.020752 0.7020 0.5176 0.4314
v 0.046631 0.913574 -0.020752 0.7725 0.5764 0.4784
v 0.042725 0.921875 -0.020752 0.6315 0.4078 0.3019
v -0.048584 0.923828 -0.020752 0.6510 0.4196 0.3255
v 0.048584 0.923828 -0.020752 0.6980 0.4706 0.3608
v -0.056396 0.936035 -0.020752 0.0196 0.0118 0.0118
v -0.053467 0.940918 -0.020752 0.0353 0.0235 0.0118
v -0.043213 0.968750 -0.020752 0.0235 0.0078 0.0000
v -0.034424 0.979492 -0.020752 0.0275 0.0275 0.0196
v 0.019287 0.995605 -0.020752 0.1020 0.0941 0.0863
v -0.004150 0.458496 -0.020752 0.0000 0.1333 0.0392
v 0.004150 0.458496 -0.020752 0.0039 0.1098 0.0196
v -0.006592 0.452637 -0.020752 0.0118 0.1333 0.0588
v 0.006592 0.452637 -0.020752 0.0000 0.0902 0.0118
v -0.010498 0.428223 -0.020752 0.0196 0.1569 0.0784
v 0.010498 0.428223 -0.020752 0.0000 0.1059 0.0314
v -0.012451 0.412598 -0.020752 0.0275 0.1647 0.0863
v 0.012451 0.412598 -0.020752 0.0000 0.1255 0.0392
v -0.015869 0.399902 -0.020752 0.0157 0.1725 0.0706
v 0.015869 0.399902 -0.020752 0.0078 0.1569 0.0667
v -0.014893 0.396973 -0.020752 0.0157 0.1647 0.0745
v 0.014893 0.396973 -0.020752 0.0039 0.1373 0.0431
v -0.057373 0.285156 -0.020752 0.6667 0.4392 0.3019
v -0.070557 0.257812 -0.020752 0.6745 0.4392 0.3137
v 0.070557 0.257812 -0.020752 0.6432 0.4353 0.3137
v -0.132080 0.103027 -0.020752 0.0039 0.1333 0.0235
v 0.132080 0.102539 -0.020752 0.0000 0.1608 0.0157
v -0.132568 0.092773 -0.020752 0.0078 0.1882 0.0588
v 0.132568 0.092773 -0.020752 0.0157 0.1843 0.0706
v 0.330322 0.777832 -0.021240 0.1882 0.2118 0.1530
v 0.337647 0.780273 -0.021240 0.4432 0.5176 0.4863
v -0.215088 0.818359 -0.021240 0.7137 0.4863 0.3568
v -0.223389 0.818359 -0.021240 0.7059 0.4823 0.3451
v -0.232666 0.818359 -0.021240 0.7294 0.4980 0.3647
v 0.206299 0.818848 -0.021240 0.7216 0.4941 0.3647
v -0.267822 0.826172 -0.021240 0.7451 0.5059 0.3804
v -0.034912 0.837402 -0.021240 0.6628 0.4589 0.3372
v 0.034912 0.837402 -0.021240 0.6863 0.4314 0.2980
v -0.079834 0.840332 -0.021240 0.7216 0.4745 0.3333
v -0.032471 0.844727 -0.021240 0.6432 0.4432 0.3255
v 0.032471 0.844727 -0.021240 0.6745 0.4275 0.2980
v -0.043213 0.898926 -0.021240 0.6393 0.4196 0.3019
v 0.043213 0.898926 -0.021240 0.7216 0.5098 0.3921
v -0.045166 0.923340 -0.021240 0.6315 0.4235 0.3333
v 0.045166 0.923340 -0.021240 0.6118 0.4275 0.3176
v 0.046631 0.925293 -0.021240 0.1451 0.0784 0.0510
v 0.048096 0.930176 -0.021240 0.0549 0.0471 0.0431
v -0.051025 0.931641 -0.021240 0.0235 0.0235 0.0235
v 0.048584 0.937500 -0.021240 0.0510 0.0471 0.0392
v -0.050537 0.947266 -0.021240 0.0549 0.0392 0.0275
v -0.049561 0.954102 -0.021240 0.0902 0.0745 0.0588
v 0.048584 0.955078 -0.021240 0.1098 0.1020 0.0824
v 0.050537 0.956543 -0.021240 0.1137 0.0941 0.0745
v 0.049072 0.960938 -0.021240 0.0863 0.0627 0.0510
v -0.047607 0.961426 -0.021240 0.0157 0.0078 0.0078
v 0.043213 0.970215 -0.021240 0.0588 0.0431 0.0353
v -0.036377 0.984375 -0.021240 0.1255 0.0941 0.0784
v 0.000244 0.464355 -0.021240 0.0000 0.1333 0.0353
v -0.018799 0.382324 -0.021240 0.0275 0.1725 0.0824
v 0.018799 0.382324 -0.021240 0.0314 0.1686 0.0824
v -0.113525 0.319336 -0.021240 0.6706 0.4589 0.3333
v 0.113525 0.319336 -0.021240 0.6706 0.4432 0.3098
v -0.137939 0.137207 -0.021240 0.8588 0.8392 0.8509
v 0.137939 0.137207 -0.021240 0.3333 0.3804 0.3568
v -0.139893 0.136230 -0.021240 0.8274 0.8000 0.8196
v 0.139893 0.136230 -0.021240 0.8706 0.8549 0.8823
v -0.139404 0.129883 -0.021240 0.0039 0.1765 0.0549
v 0.139404 0.129883 -0.021240 0.0118 0.1530 0.0431
v -0.074463 0.608887 -0.021729 0.5216 0.5294 0.5412
v 0.074951 0.608887 -0.021729 0.5882 0.5961 0.5921
v 0.068115 0.625000 -0.021729 0.6039 0.6039 0.6157
v -0.097900 0.751953 -0.021729 0.7059 0.4510 0.3216
v 0.097900 0.751953 -0.021729 0.6785 0.4510 0.3098
v 0.334229 0.781738 -0.021728 0.1333 0.2157 0.1569
v 0.215088 0.818359 -0.021728 0.7176 0.4745 0.3490
v 0.223877 0.818359 -0.021728 0.7255 0.4863 0.3529
v 0.267822 0.825684 -0.021728 0.7412 0.4980 0.3686
v -0.143799 0.833496 -0.021729 0.7216 0.4863 0.3529
v 0.079834 0.840332 -0.021729 0.6941 0.4902 0.3529
v -0.044189 0.903809 -0.021729 0.7608 0.5333 0.4196
v 0.044189 0.903809 -0.021729 0.7059 0.4863 0.3647
v -0.039795 0.919434 -0.021729 0.6354 0.4314 0.3098
v -0.047607 0.924316 -0.021729 0.6706 0.4432 0.3568
v 0.047607 0.924316 -0.021729 0.6315 0.4314 0.3412
v -0.039307 0.925293 -0.021729 0.6276 0.4078 0.3019
v 0.039307 0.925293 -0.021729 0.6000 0.3843 0.2667
v -0.048096 0.926270 -0.021729 0.1490 0.1020 0.0627
v 0.050537 0.944336 -0.021729 0.0706 0.0510 0.0392
v -0.035400 0.981445 -0.021729 0.0314 0.0196 0.0157
v 0.031982 0.981445 -0.021729 0.0549 0.0353 0.0235
v 0.016357 0.993652 -0.021729 0.0824 0.0784 0.0706
v -0.017822 0.442383 -0.021729 0.0275 0.0980 0.0314
v 0.017822 0.442383 -0.021729 0.0196 0.0863 0.0235
v -0.014893 0.383301 -0.021729 0.0275 0.1608 0.0706
v 0.014893 0.383301 -0.021729 0.0196 0.1530 0.0627
v -0.084229 0.217773 -0.021729 0.6785 0.4589 0.3294
v 0.084229 0.217773 -0.021729 0.6589 0.4432 0.3216
v -0.128174 0.207520 -0.021729 0.6824 0.4745 0.3451
v 0.128174 0.207520 -0.021729 0.6667 0.4550 0.3216
v -0.137939 0.143555 -0.021729 0.0588 0.2471 0.1294
v 0.137939 0.143555 -0.021728 0.0000 0.1059 0.0196
v -0.068115 0.625000 -0.022217 0.5294 0.5333 0.5294
v -0.095459 0.713867 -0.022217 0.0471 0.2157 0.1059
v 0.095459 0.713867 -0.022217 0.0118 0.1882 0.0745
v -0.232178 0.768555 -0.022217 0.6980 0.4392 0.3098
v 0.232666 0.818359 -0.022217 0.7372 0.4980 0.3647
v 0.143799 0.833496 -0.022217 0.7255 0.4863 0.3529
v -0.042236 0.898926 -0.022217 0.6824 0.4589 0.3529
v 0.042236 0.898926 -0.022217 0.6941 0.4863 0.3882
v -0.039795 0.899414 -0.022217 0.7059 0.4980 0.3961
v 0.039795 0.899414 -0.022217 0.7137 0.4902 0.3804
v -0.034912 0.900391 -0.022217 0.6628 0.4353 0.3216
v 0.034912 0.900391 -0.022217 0.6745 0.4353 0.3216
v -0.039307 0.918945 -0.022217 0.6236 0.4118 0.3098
v 0.039307 0.918945 -0.022217 0.6236 0.4157 0.3098
v 0.049072 0.931152 -0.022217 0.0549 0.0510 0.0392
v 0.049072 0.949707 -0.022217 0.0549 0.0392 0.0275
v -0.037842 0.975098 -0.022217 0.0471 0.0314 0.0235
v -0.031006 0.979980 -0.022217 0.0235 0.0196 0.0196
v -0.005127 0.989258 -0.022217 0.0588 0.0471 0.0314
v -0.013428 0.990234 -0.022217 0.0902 0.0745 0.0627
v 0.024170 0.992188 -0.022217 0.0745 0.0627 0.0431
v 0.018799 0.995605 -0.022217 0.1020 0.0863 0.0824
v -0.020752 0.428711 -0.022217 0.6589 0.4078 0.3019
v -0.099365 0.149414 -0.022217 0.0549 0.2275 0.1255
v 0.099365 0.148926 -0.022217 0.0510 0.2235 0.1333
v -0.076416 0.591797 -0.022705 0.1098 0.3059 0.1843
v 0.076416 0.591797 -0.022705 0.3608 0.3961 0.3725
v -0.047607 0.918945 -0.022705 0.6197 0.3843 0.2902
v 0.040283 0.918945 -0.022705 0.6510 0.4235 0.3098
v 0.047607 0.918945 -0.022705 0.5764 0.3137 0.2000
v -0.051025 0.939453 -0.022705 0.0157 0.0118 0.0000
v 0.050537 0.957031 -0.022705 0.1137 0.0941 0.0784
v 0.038330 0.973633 -0.022705 0.0510 0.0392 0.0314
v 0.028564 0.987305 -0.022705 0.0784 0.0627 0.0471
v -0.022705 0.991699 -0.022705 0.0431 0.0235 0.0118
v 0.013916 0.994141 -0.022705 0.0824 0.0667 0.0549
v 0.016846 0.994629 -0.022705 0.0902 0.0784 0.0667
v 0.017822 0.995605 -0.022705 0.0980 0.0824 0.0667
v -0.077881 0.593750 -0.023193 0.4784 0.4432 0.4823
v 0.232178 0.768066 -0.023193 0.6745 0.4275 0.3059
v -0.160400 0.823730 -0.023193 0.6941 0.4706 0.3451
v -0.152588 0.828125 -0.023193 0.7137 0.4823 0.3568
v -0.070557 0.839844 -0.023193 0.8235 0.7960 0.7725
v -0.045166 0.903320 -0.023193 0.6706 0.4432 0.3294
v 0.045166 0.903320 -0.023193 0.7412 0.5216 0.4039
v -0.043701 0.920410 -0.023193 0.6432 0.4353 0.3529
v -0.050537 0.923340 -0.023193 0.6550 0.4550 0.3765
v -0.044189 0.969238 -0.023193 0.0902 0.0745 0.0588
v -0.005615 0.987793 -0.023193 0.0549 0.0471 0.0275
v -0.114990 0.307129 -0.023193 0.6745 0.4550 0.3372
v 0.114990 0.307129 -0.023193 0.6706 0.4510 0.3176
v -0.062744 0.272949 -0.023193 0.6706 0.4353 0.3137
v 0.062744 0.272949 -0.023193 0.6745 0.4353 0.3137
v -0.129639 0.190430 -0.023193 0.6667 0.4471 0.3255
v 0.129639 0.190430 -0.023193 0.6824 0.4628 0.3216
v -0.135986 0.144043 -0.023193 0.0706 0.2275 0.1412
v 0.135986 0.144043 -0.023193 0.0078 0.1373 0.0549
v 0.077881 0.593750 -0.023682 0.5059 0.5019 0.5098
v -0.068115 0.638184 -0.023682 0.0078 0.2039 0.0745
v -0.065674 0.647461 -0.023682 0.0118 0.1882 0.0784
v 0.065674 0.647461 -0.023682 0.0235 0.2078 0.0941
v 0.152588 0.828125 -0.023682 0.7098 0.4745 0.3412
v -0.067139 0.839844 -0.023682 0.1255 0.2118 0.1490
v 0.067139 0.839844 -0.023682 0.6315 0.6276 0.6118
v 0.070557 0.839844 -0.023682 0.6315 0.4353 0.3137
v 0.034424 0.901367 -0.023682 0.5843 0.3686 0.2588
v -0.046143 0.907227 -0.023682 0.7647 0.5412 0.4196
v 0.046143 0.907227 -0.023682 0.6902 0.4471 0.3294
v -0.050049 0.919922 -0.023682 0.5725 0.3216 0.2196
v 0.050049 0.919922 -0.023682 0.7372 0.4863 0.3765
v 0.050049 0.922852 -0.023682 0.5451 0.3765 0.3176
v 0.049561 0.944336 -0.023682 0.0627 0.0549 0.0353
v 0.051514 0.953613 -0.023682 0.0588 0.0392 0.0275
v 0.049072 0.957031 -0.023682 0.1020 0.0745 0.0627
v 0.048096 0.960449 -0.023682 0.0941 0.0784 0.0627
v -0.030029 0.986816 -0.023682 0.0863 0.0745 0.0510
v 0.007568 0.994629 -0.023682 0.0118 0.0078 0.0000
v 0.002686 0.999512 -0.023682 0.0471 0.0353 0.0314
v -0.073486 0.237305 -0.023682 0.6980 0.4628 0.3216
v 0.073486 0.237305 -0.023682 0.6785 0.4667 0.3451
v -0.127197 0.010254 -0.023682 0.0275 0.2078 0.0941
v 0.127197 0.010254 -0.023682 0.0157 0.2000 0.0863
v -0.070068 0.625488 -0.024170 0.5608 0.5647 0.5647
v 0.070068 0.625488 -0.024170 0.5530 0.5530 0.5686
v 0.160400 0.823730 -0.024170 0.6941 0.4628 0.3333
v -0.255127 0.826660 -0.024170 0.7490 0.5098 0.3725
v -0.032959 0.873535 -0.024170 0.6863 0.4550 0.3294
v 0.032959 0.873535 -0.024170 0.6824 0.4510 0.3255
v -0.033447 0.881348 -0.024170 0.6745 0.4510 0.3333
v 0.033447 0.881348 -0.024170 0.6824 0.4550 0.3255
v 0.031494 0.898438 -0.024170 0.6393 0.4275 0.3098
v -0.035400 0.899902 -0.024170 0.5647 0.3686 0.2667
v 0.035400 0.899902 -0.024170 0.3294 0.2078 0.1490
v -0.034424 0.900879 -0.024170 0.5804 0.3804 0.2784
v -0.036377 0.904297 -0.024170 0.6157 0.3804 0.2784
v 0.036377 0.904297 -0.024170 0.6236 0.3882 0.2863
v -0.038818 0.916504 -0.024170 0.6000 0.3804 0.2784
v 0.038818 0.916504 -0.024170 0.5961 0.3804 0.2863
v 0.044189 0.919922 -0.024170 0.6118 0.4039 0.2980
v -0.050049 0.932129 -0.024170 0.0235 0.0235 0.0196
v 0.049561 0.940918 -0.024170 0.0667 0.0549 0.0392
v -0.049072 0.954102 -0.024170 0.0078 0.0039 0.0039
v 0.046631 0.965332 -0.024170 0.0549 0.0353 0.0235
v 0.018799 0.990234 -0.024170 0.0706 0.0627 0.0549
v 0.005127 0.996582 -0.024170 0.0196 0.0275 0.0157
v -0.130127 0.171875 -0.024170 0.6667 0.4471 0.3255
v 0.130127 0.171875 -0.024170 0.6667 0.4432 0.3216
v -0.143311 0.056641 -0.024170 0.0235 0.1765 0.0745
v 0.143311 0.056641 -0.024170 0.0196 0.1961 0.0902
v -0.146240 0.045410 -0.024170 0.0275 0.2432 0.1098
v 0.146240 0.045410 -0.024170 0.0392 0.2627 0.1176
v -0.103271 0.020996 -0.024170 0.2000 0.2980 0.2471
v 0.103271 0.020996 -0.024170 0.0667 0.1882 0.1098
v -0.103271 0.017578 -0.024170 0.0667 0.2000 0.1294
v 0.103271 0.017578 -0.024170 0.1569 0.2823 0.2078
v -0.081299 0.582031 -0.024658 0.0275 0.2432 0.1137
v 0.081299 0.582031 -0.024658 0.0196 0.2314 0.1020
v 0.069092 0.638672 -0.024658 0.0275 0.2196 0.1059
v -0.269775 0.761719 -0.024658 0.6745 0.4510 0.3333
v -0.281494 0.762207 -0.024658 0.6785 0.4510 0.3333
v -0.164795 0.765625 -0.024658 0.7216 0.4667 0.3333
v -0.222412 0.768555 -0.024658 0.6745 0.4510 0.3333
v 0.255127 0.826172 -0.024658 0.7333 0.4941 0.3608
v -0.060791 0.839844 -0.024658 0.0392 0.2039 0.1059
v 0.060791 0.839844 -0.024658 0.0039 0.1255 0.0392
v -0.050049 0.843750 -0.024658 0.3647 0.3216 0.3098
v 0.050049 0.843750 -0.024658 0.6941 0.6667 0.6628
v -0.032471 0.864258 -0.024658 0.6824 0.4510 0.3255
v 0.032471 0.864258 -0.024658 0.6667 0.4471 0.3176
v -0.033447 0.889160 -0.024658 0.6589 0.4432 0.3294
v 0.033447 0.889160 -0.024658 0.6824 0.4510 0.3294
v 0.033447 0.894043 -0.024658 0.5725 0.3725 0.2784
v -0.031494 0.897461 -0.024658 0.6667 0.4275 0.3176
v -0.045654 0.902832 -0.024658 0.3765 0.2392 0.1530
v 0.045654 0.902832 -0.024658 0.7020 0.4902 0.3725
v -0.037354 0.905273 -0.024658 0.5569 0.3568 0.2706
v 0.037354 0.905273 -0.024658 0.5961 0.3804 0.2706
v -0.038818 0.915039 -0.024658 0.6118 0.3882 0.2863
v 0.039795 0.915527 -0.024658 0.6157 0.3882 0.2941
v -0.048096 0.916016 -0.024658 0.6039 0.3568 0.2432
v 0.048096 0.916016 -0.024658 0.6118 0.3451 0.2235
v -0.050049 0.920898 -0.024658 0.6941 0.4628 0.3529
v 0.050049 0.920898 -0.024658 0.7333 0.4980 0.3804
v -0.049072 0.961914 -0.024658 0.0784 0.0627 0.0510
v 0.043213 0.970703 -0.024658 0.0510 0.0392 0.0235
v 0.032959 0.975586 -0.024658 0.0235 0.0157 0.0039
v -0.028564 0.982422 -0.024658 0.0196 0.0157 0.0118
v 0.001709 0.991699 -0.024658 0.0784 0.0706 0.0627
v 0.003662 0.995605 -0.024658 0.0471 0.0353 0.0275
v 0.005615 0.997559 -0.024658 0.0314 0.0235 0.0157
v -0.024658 0.412598 -0.024658 0.6550 0.4078 0.2980
v 0.024658 0.412598 -0.024658 0.6745 0.4196 0.3019
v -0.138428 0.138672 -0.024658 0.8235 0.8157 0.8313
v 0.138428 0.138672 -0.024658 0.1804 0.1922 0.1922
v -0.140869 0.137695 -0.024658 0.8000 0.7725 0.7882
v 0.140869 0.137695 -0.024658 0.8784 0.8862 0.8980
v -0.139893 0.068848 -0.024658 0.0314 0.2000 0.0863
v 0.139893 0.068848 -0.024658 0.0235 0.1922 0.0784
v -0.149658 0.034668 -0.024658 0.0235 0.2353 0.1020
v 0.149658 0.034668 -0.024658 0.0275 0.2392 0.1059
v -0.068115 0.623535 -0.025146 0.5530 0.5569 0.5647
v 0.068115 0.624023 -0.025146 0.6039 0.6000 0.6197
v -0.102783 0.761719 -0.025147 0.6550 0.4275 0.2980
v 0.281494 0.762207 -0.025146 0.6785 0.4471 0.3216
v -0.291748 0.764648 -0.025147 0.6785 0.4589 0.3333
v -0.151611 0.765137 -0.025147 0.6941 0.4432 0.3059
v 0.164795 0.765625 -0.025146 0.7216 0.4628 0.3294
v -0.188721 0.766113 -0.025147 0.6980 0.4510 0.3294
v -0.176025 0.767090 -0.025147 0.7294 0.4784 0.3412
v -0.469482 0.767578 -0.025147 0.0392 0.4000 0.1412
v 0.222412 0.768555 -0.025146 0.6706 0.4471 0.3294
v -0.475830 0.781738 -0.025147 0.0431 0.4078 0.1451
v -0.166748 0.825195 -0.025147 0.7176 0.4863 0.3608
v -0.070068 0.833496 -0.025146 0.7137 0.6393 0.5843
v 0.070068 0.833496 -0.025146 0.6118 0.4196 0.3059
v -0.054443 0.841797 -0.025146 0.5764 0.6315 0.6276
v 0.054443 0.841797 -0.025146 0.0510 0.2039 0.1137
v -0.033447 0.894043 -0.025146 0.6510 0.4353 0.3098
v -0.032471 0.897461 -0.025146 0.6432 0.4196 0.3059
v 0.032471 0.897461 -0.025146 0.6510 0.4196 0.3137
v -0.047607 0.907227 -0.025146 0.7490 0.5333 0.4118
v 0.047607 0.907227 -0.025146 0.7372 0.5176 0.4000
v -0.038330 0.910645 -0.025146 0.6197 0.3961 0.2863
v 0.038330 0.910645 -0.025146 0.6079 0.3921 0.2902
v -0.047119 0.911621 -0.025146 0.7020 0.4706 0.3529
v 0.047119 0.911621 -0.025146 0.6628 0.4039 0.2863
v -0.046631 0.920898 -0.025146 0.5530 0.3529 0.2588
v 0.046631 0.920898 -0.025146 0.5569 0.3843 0.2941
v -0.116455 0.293945 -0.025147 0.6785 0.4667 0.3333
v 0.116455 0.293945 -0.025146 0.6785 0.4510 0.3255
v -0.130127 0.151855 -0.025147 0.1176 0.2392 0.1294
v -0.134521 0.148438 -0.025147 0.0431 0.2039 0.0980
v 0.134521 0.148438 -0.025146 0.0000 0.1686 0.0510
v -0.141846 0.133789 -0.025147 0.0118 0.1882 0.0667
v 0.141846 0.133789 -0.025146 0.0314 0.1294 0.0627
v -0.136963 0.104004 -0.025147 0.0275 0.1686 0.0706
v 0.136963 0.104004 -0.025146 0.0314 0.1961 0.0784
v -0.136963 0.081055 -0.025147 0.0314 0.2235 0.1059
v 0.136963 0.081055 -0.025146 0.0275 0.2078 0.0863
v -0.105713 0.019043 -0.025147 0.4550 0.5412 0.5059
v 0.105713 0.019043 -0.025146 0.4902 0.5804 0.5216
v -0.085205 0.570312 -0.025635 0.0118 0.2353 0.0941
v 0.085205 0.570312 -0.025635 0.0314 0.2432 0.1098
v -0.456299 0.756836 -0.025635 0.0078 0.3647 0.1020
v 0.102783 0.761719 -0.025635 0.6863 0.4392 0.3019
v 0.269775 0.761719 -0.025635 0.6706 0.4392 0.3216
v 0.291748 0.764648 -0.025635 0.6824 0.4510 0.3255
v 0.151611 0.765137 -0.025635 0.6980 0.4471 0.3176
v -0.199463 0.766602 -0.025635 0.6706 0.4392 0.3216
v -0.302979 0.769043 -0.025635 0.6824 0.4589 0.3333
v -0.477295 0.796387 -0.025635 0.0275 0.4000 0.1333
v -0.474854 0.810059 -0.025635 0.0392 0.4157 0.1490
v 0.166748 0.825195 -0.025635 0.7294 0.4941 0.3686
v -0.031982 0.856445 -0.025635 0.6745 0.4510 0.3216
v 0.031982 0.856445 -0.025635 0.6667 0.4432 0.3255
v -0.044678 0.902832 -0.025635 0.5764 0.4392 0.3647
v 0.044678 0.902832 -0.025635 0.6276 0.4432 0.3451
v -0.042236 0.903320 -0.025635 0.5098 0.3725 0.3137
v 0.042236 0.903320 -0.025635 0.5098 0.3843 0.3137
v -0.037354 0.908203 -0.025635 0.6197 0.3961 0.2863
v 0.037354 0.908203 -0.025635 0.6157 0.4000 0.2863
v -0.038330 0.912598 -0.025635 0.6079 0.3882 0.2902
v 0.038330 0.912598 -0.025635 0.6118 0.3921 0.2863
v -0.050049 0.916504 -0.025635 0.6980 0.4628 0.3412
v 0.050049 0.916504 -0.025635 0.7451 0.4941 0.3765
v -0.049072 0.921387 -0.025635 0.6941 0.4706 0.3804
v 0.049072 0.921387 -0.025635 0.7098 0.4823 0.3686
v 0.048584 0.929199 -0.025635 0.0118 0.0118 0.0039
v -0.006592 0.989258 -0.025635 0.0353 0.0157 0.0157
v -0.015381 0.991211 -0.025635 0.0549 0.0275 0.0196
v 0.023193 0.992188 -0.025635 0.0941 0.0745 0.0667
v 0.009033 0.993164 -0.025635 0.0078 0.0078 0.0039
v 0.002197 0.996094 -0.025635 0.0980 0.0706 0.0667
v 0.005615 0.998047 -0.025635 0.0588 0.0471 0.0353
v -0.038818 0.376953 -0.025635 0.6393 0.4432 0.3137
v 0.038330 0.376953 -0.025635 0.6745 0.4275 0.2667
v -0.088135 0.200195 -0.025635 0.6863 0.4510 0.3255
v 0.088135 0.200195 -0.025635 0.6432 0.4353 0.3137
v 0.130127 0.151855 -0.025635 0.6667 0.4667 0.3490
v -0.138916 0.123535 -0.025635 0.2235 0.2823 0.2432
v -0.138916 0.115723 -0.025635 0.0549 0.2549 0.1294
v 0.138916 0.115723 -0.025635 0.0118 0.2235 0.0824
v -0.151123 0.025391 -0.025635 0.0039 0.1765 0.0588
v 0.151123 0.025391 -0.025635 0.0353 0.2078 0.0902
v -0.067627 0.654785 -0.026123 0.0196 0.2000 0.0824
v 0.067627 0.654785 -0.026123 0.0235 0.2000 0.0902
v -0.437744 0.749512 -0.026123 0.0392 0.3608 0.1294
v -0.430908 0.750488 -0.026123 0.0353 0.3451 0.1255
v 0.188721 0.766113 -0.026123 0.6941 0.4471 0.3216
v 0.199463 0.766602 -0.026123 0.6628 0.4314 0.3137
v 0.176025 0.767090 -0.026123 0.7294 0.4706 0.3372
v 0.469482 0.767578 -0.026123 0.0392 0.3961 0.1333
v -0.210693 0.769531 -0.026123 0.6589 0.4275 0.3098
v 0.475830 0.781738 -0.026123 0.0431 0.4157 0.1373
v -0.468018 0.822266 -0.026123 0.0353 0.4157 0.1451
v -0.175537 0.825684 -0.026123 0.7568 0.5216 0.3882
v -0.049072 0.912109 -0.026123 0.7725 0.5333 0.4196
v 0.049072 0.912109 -0.026123 0.7333 0.5019 0.3843
v -0.041748 0.915039 -0.026123 0.6000 0.3843 0.2863
v -0.046143 0.922363 -0.026123 0.6393 0.4706 0.4000
v 0.046143 0.922363 -0.026123 0.0667 0.0196 0.0039
v 0.050049 0.950195 -0.026123 0.0275 0.0196 0.0078
v 0.038818 0.974121 -0.026123 0.0471 0.0353 0.0157
v -0.022705 0.988281 -0.026123 0.0627 0.0471 0.0314
v 0.017334 0.991211 -0.026123 0.0353 0.0235 0.0196
v 0.019775 0.991211 -0.026123 0.0980 0.0824 0.0706
v 0.004150 0.992188 -0.026123 0.0510 0.0471 0.0353
v -0.076416 0.217773 -0.026123 0.7098 0.4628 0.3255
v 0.076416 0.217773 -0.026123 0.6902 0.4745 0.3529
v -0.136475 0.138672 -0.026123 0.8078 0.8117 0.8274
v 0.138916 0.123535 -0.026123 0.1333 0.2235 0.1608
v -0.137451 0.116699 -0.026123 0.0314 0.2353 0.1176
v 0.137451 0.116699 -0.026123 0.0157 0.2275 0.0863
v -0.134033 0.103027 -0.026123 0.0039 0.1294 0.0392
v 0.134033 0.103027 -0.026123 0.0078 0.1451 0.0431
v -0.134033 0.093262 -0.026123 0.0118 0.1765 0.0706
v 0.134033 0.093262 -0.026123 0.0039 0.1725 0.0588
v -0.150635 0.021484 -0.026123 0.5255 0.5725 0.5412
v 0.150635 0.021484 -0.026123 0.0941 0.2078 0.1294
v -0.148193 0.018066 -0.026123 0.0157 0.2118 0.0706
v 0.148193 0.018066 -0.026123 0.0745 0.2392 0.1294
v -0.088135 0.558105 -0.026611 0.0196 0.2392 0.1020
v 0.088135 0.558105 -0.026611 0.0431 0.2353 0.1098
v -0.420166 0.755859 -0.026611 0.0392 0.3137 0.1098
v 0.456299 0.756836 -0.026611 0.0196 0.3725 0.1216
v -0.412842 0.762207 -0.026611 0.0157 0.2745 0.0941
v -0.257568 0.763184 -0.026611 0.6706 0.4471 0.3294
v -0.138428 0.767578 -0.026611 0.6550 0.4157 0.2823
v 0.302979 0.769043 -0.026611 0.6863 0.4550 0.3294
v -0.313721 0.773926 -0.026611 0.6745 0.4550 0.3294
v 0.477295 0.796387 -0.026611 0.0314 0.4078 0.1294
v 0.474854 0.810059 -0.026611 0.0431 0.4235 0.1451
v -0.186768 0.825195 -0.026611 0.7568 0.5255 0.3921
v 0.175537 0.825684 -0.026611 0.7529 0.5216 0.3843
v -0.459229 0.830566 -0.026611 0.0627 0.4118 0.1530
v -0.033936 0.889648 -0.026611 0.6550 0.4314 0.3176
v 0.033447 0.889648 -0.026611 0.4745 0.3137 0.2432
v -0.035889 0.893555 -0.026611 0.2706 0.1608 0.1176
v 0.028564 0.895508 -0.026611 0.6745 0.4510 0.3372
v -0.037354 0.898926 -0.026611 0.0157 0.0078 0.0078
v -0.039307 0.904297 -0.026611 0.0510 0.0314 0.0314
v -0.047607 0.907227 -0.026611 0.5608 0.4039 0.3059
v 0.047607 0.907227 -0.026611 0.7176 0.4941 0.3725
v -0.052002 0.955078 -0.026611 0.0824 0.0667 0.0588
v 0.031494 0.980957 -0.026611 0.0627 0.0471 0.0392
v 0.009521 0.995117 -0.026611 0.0196 0.0078 0.0039
v 0.002197 0.996582 -0.026611 0.1059 0.0824 0.0706
v 0.004639 0.998047 -0.026611 0.1373 0.1176 0.1059
v -0.093994 0.455078 -0.026611 0.1333 0.1451 0.0627
v 0.093994 0.455078 -0.026611 0.3961 0.2941 0.1922
v 0.136475 0.138672 -0.026611 0.0549 0.0941 0.0706
v -0.094482 0.066895 -0.026611 0.0157 0.2157 0.0941
v 0.094482 0.066895 -0.026611 0.0353 0.2196 0.1059
v -0.103760 0.020996 -0.026611 0.4628 0.5530 0.5137
v 0.103760 0.020996 -0.026611 0.2784 0.4000 0.3294
v -0.151123 0.017090 -0.026611 0.0157 0.2432 0.0941
v 0.151123 0.017090 -0.026611 0.0235 0.2235 0.1059
v -0.071045 0.608887 -0.027100 0.5490 0.5530 0.5608
v 0.071045 0.608887 -0.027100 0.5137 0.5176 0.5255
v 0.437744 0.750000 -0.027100 0.0588 0.3647 0.1333
v 0.430908 0.750488 -0.027100 0.0471 0.3333 0.1098
v 0.257568 0.763184 -0.027100 0.6706 0.4392 0.3137
v -0.408936 0.767578 -0.027100 0.0157 0.2667 0.0980
v 0.138428 0.767578 -0.027100 0.6628 0.4157 0.2863
v 0.210693 0.769531 -0.027100 0.6706 0.4392 0.3216
v -0.404541 0.771484 -0.027100 0.0353 0.2902 0.1137
v 0.313721 0.773926 -0.027100 0.6941 0.4589 0.3372
v -0.324463 0.777832 -0.027100 0.6550 0.4550 0.3333
v -0.338623 0.779785 -0.027100 0.1490 0.2549 0.2000
v -0.334229 0.780762 -0.027100 0.0706 0.1804 0.0980
v 0.468506 0.822266 -0.027100 0.0314 0.4196 0.1373
v -0.242920 0.824707 -0.027100 0.7451 0.5019 0.3686
v -0.447998 0.836426 -0.027100 0.0392 0.4000 0.1294
v -0.048584 0.840332 -0.027100 0.6980 0.5019 0.3765
v 0.048584 0.840332 -0.027100 0.7608 0.7137 0.7098
v -0.045654 0.841797 -0.027100 0.7020 0.5019 0.3804
v 0.045654 0.841797 -0.027100 0.5608 0.4078 0.3333
v 0.035889 0.893555 -0.027100 0.0235 0.0314 0.0314
v -0.029053 0.895020 -0.027100 0.6550 0.4510 0.3333
v -0.043701 0.907715 -0.027100 0.5059 0.3176 0.2549
v 0.044189 0.907715 -0.027100 0.5921 0.3961 0.2902
v -0.040771 0.909668 -0.027100 0.0667 0.0196 0.0078
v -0.046631 0.916992 -0.027100 0.6393 0.4235 0.3216
v -0.050537 0.916992 -0.027100 0.7568 0.5373 0.4235
v 0.046631 0.916992 -0.027100 0.6000 0.4118 0.3098
v 0.050537 0.916992 -0.027100 0.7412 0.5137 0.4039
v -0.049561 0.950195 -0.027100 0.0157 0.0118 0.0157
v 0.021729 0.991699 -0.027100 0.0902 0.0745 0.0627
v 0.003174 0.997559 -0.027100 0.1412 0.1176 0.0980
v -0.040771 0.362793 -0.027100 0.6863 0.4784 0.3490
v 0.040771 0.362793 -0.027100 0.7255 0.4432 0.2902
v -0.116943 0.280273 -0.027100 0.6785 0.4628 0.3333
v 0.116943 0.280273 -0.027100 0.6706 0.4510 0.3216
v -0.095459 0.057617 -0.027100 0.0196 0.2118 0.0941
v 0.095459 0.057617 -0.027100 0.0431 0.2235 0.1098
v -0.105225 0.004883 -0.027100 0.0196 0.2039 0.0902
v 0.105225 0.004883 -0.027100 0.0235 0.2000 0.0902
v -0.108154 0.002930 -0.027100 0.0235 0.2118 0.0941
v 0.108154 0.002930 -0.027100 0.0275 0.2157 0.0902
v 0.420166 0.755859 -0.027588 0.0314 0.3137 0.0980
v 0.412842 0.762207 -0.027588 0.0235 0.2706 0.0941
v -0.110107 0.769531 -0.027588 0.6079 0.3804 0.2627
v -0.398682 0.774414 -0.027588 0.0235 0.2823 0.1020
v 0.324463 0.777832 -0.027588 0.7333 0.4550 0.3216
v -0.333252 0.815430 -0.027588 0.0902 0.1412 0.0824
v -0.334717 0.819336 -0.027588 0.1333 0.2353 0.1882
v -0.326904 0.821289 -0.027588 0.6785 0.4628 0.3333
v -0.326416 0.823730 -0.027588 0.6667 0.4706 0.3372
v -0.197022 0.824219 -0.027588 0.7451 0.5137 0.3804
v 0.242920 0.824707 -0.027588 0.7294 0.4980 0.3608
v -0.328369 0.825195 -0.027588 0.5490 0.4275 0.2941
v 0.186768 0.825195 -0.027588 0.7412 0.5176 0.3843
v -0.332764 0.826172 -0.027588 0.0078 0.1647 0.0706
v -0.336182 0.827148 -0.027588 0.7568 0.8117 0.7882
v -0.333740 0.827637 -0.027588 0.0275 0.1765 0.0902
v -0.342529 0.827637 -0.027588 0.0196 0.2902 0.0941
v -0.362061 0.830078 -0.027588 0.0392 0.2941 0.1294
v 0.459229 0.831055 -0.027588 0.0471 0.4039 0.1451
v -0.432373 0.839844 -0.027588 0.0353 0.3647 0.1137
v -0.040283 0.845215 -0.027588 0.6824 0.4784 0.3608
v 0.040283 0.845215 -0.027588 0.7843 0.4941 0.3412
v -0.034424 0.849609 -0.027588 0.6785 0.4392 0.3333
v 0.034424 0.849609 -0.027588 0.6902 0.4510 0.3176
v -0.032471 0.889160 -0.027588 0.6550 0.4471 0.3255
v -0.034912 0.889160 -0.027588 0.6432 0.4392 0.3059
v 0.034912 0.889160 -0.027588 0.2157 0.1255 0.0824
v 0.032471 0.889648 -0.027588 0.4157 0.2745 0.2078
v -0.031494 0.891602 -0.027588 0.6706 0.4471 0.3255
v 0.031494 0.891602 -0.027588 0.6197 0.4196 0.3137
v 0.037842 0.898438 -0.027588 0.0196 0.0431 0.0314
v -0.046631 0.907227 -0.027588 0.2941 0.1961 0.1451
v 0.046631 0.907227 -0.027588 0.6510 0.4589 0.3568
v -0.049561 0.912109 -0.027588 0.7608 0.5451 0.4392
v 0.049561 0.912109 -0.027588 0.7216 0.5098 0.3804
v 0.049561 0.937500 -0.027588 0.0784 0.0667 0.0471
v -0.050049 0.940430 -0.027588 0.0196 0.0039 0.0000
v -0.031494 0.980957 -0.027588 0.0353 0.0275 0.0235
v -0.028076 0.982422 -0.027588 0.0471 0.0235 0.0314
v -0.021729 0.984375 -0.027588 0.0157 0.0118 0.0078
v 0.020752 0.989258 -0.027588 0.0588 0.0549 0.0471
v -0.098877 0.442383 -0.027588 0.7020 0.4550 0.3333
v 0.099365 0.442383 -0.027588 0.6941 0.4589 0.3255
v -0.030029 0.395020 -0.027588 0.6628 0.4157 0.3019
v 0.030029 0.395020 -0.027588 0.6745 0.4196 0.3059
v -0.067139 0.259766 -0.027588 0.6785 0.4432 0.3059
v 0.067139 0.259766 -0.027588 0.6863 0.4471 0.3255
v -0.095947 0.078613 -0.027588 0.0196 0.2118 0.0941
v 0.095947 0.078613 -0.027588 0.0314 0.2157 0.0941
v -0.147705 0.010742 -0.027588 0.0275 0.1765 0.0706
v 0.147705 0.010742 -0.027588 0.0039 0.1843 0.0667
v -0.089600 0.545898 -0.028076 0.0118 0.2275 0.0902
v 0.089600 0.545898 -0.028076 0.0392 0.2353 0.1098
v 0.408936 0.767578 -0.028076 0.0157 0.2627 0.0941
v 0.110107 0.769531 -0.028076 0.6118 0.3686 0.2432
v -0.124268 0.770996 -0.028076 0.6000 0.3568 0.2353
v 0.404541 0.771484 -0.028076 0.0353 0.2706 0.0980
v -0.390381 0.778320 -0.028076 0.0157 0.2706 0.1020
v 0.338623 0.779785 -0.028076 0.3490 0.4314 0.3804
v -0.383057 0.780762 -0.028076 0.0353 0.2863 0.1176
v 0.334229 0.780762 -0.028076 0.1333 0.2039 0.1530
v -0.379150 0.782715 -0.028076 0.0078 0.2157 0.0588
v -0.377686 0.784668 -0.028076 0.0353 0.1882 0.0784
v -0.322998 0.816406 -0.028076 0.7137 0.5019 0.3686
v 0.334717 0.819336 -0.028076 0.0275 0.1686 0.0824
v 0.326904 0.821289 -0.028076 0.0196 0.2432 0.0941
v 0.326416 0.823730 -0.028076 0.0275 0.2392 0.1020
v 0.197022 0.824219 -0.028076 0.7451 0.5059 0.3804
v 0.328369 0.825195 -0.028076 0.0275 0.2196 0.0941
v 0.332764 0.826172 -0.028076 0.7960 0.7412 0.7647
v 0.336182 0.827148 -0.028076 0.0824 0.2980 0.1412
v 0.333740 0.827637 -0.028076 0.7764 0.7608 0.7529
v -0.375244 0.831055 -0.028076 0.0039 0.1922 0.0392
v -0.368408 0.831543 -0.028076 0.6039 0.6667 0.6157
v -0.372803 0.832520 -0.028076 0.4863 0.5490 0.4823
v -0.381104 0.832520 -0.028076 0.0078 0.3451 0.1098
v -0.377686 0.833008 -0.028076 0.0196 0.2706 0.0667
v -0.369873 0.833496 -0.028076 0.7843 0.7843 0.7725
v -0.387940 0.835938 -0.028076 0.0510 0.3843 0.1412
v -0.383057 0.836426 -0.028076 0.0196 0.3255 0.0980
v 0.447998 0.836914 -0.028076 0.0588 0.4039 0.1530
v -0.400147 0.837891 -0.028076 0.0471 0.3961 0.1490
v -0.416260 0.840332 -0.028076 0.0275 0.3647 0.1137
v 0.034424 0.886719 -0.028076 0.4745 0.3098 0.2157
v -0.033936 0.902832 -0.028076 0.5725 0.3608 0.2588
v 0.033936 0.902832 -0.028076 0.5451 0.3451 0.2392
v 0.039795 0.903809 -0.028076 0.0314 0.0353 0.0275
v -0.045654 0.912598 -0.028076 0.5882 0.4000 0.3294
v 0.045654 0.912598 -0.028076 0.6000 0.3882 0.2941
v -0.049561 0.917480 -0.028076 0.7451 0.5294 0.4275
v 0.049561 0.917480 -0.028076 0.7372 0.5098 0.4118
v 0.046143 0.965332 -0.028076 0.0980 0.0706 0.0588
v -0.045166 0.970215 -0.028076 0.0667 0.0549 0.0353
v 0.032959 0.975586 -0.028076 0.0314 0.0235 0.0078
v -0.038330 0.976562 -0.028076 0.0510 0.0353 0.0196
v 0.028076 0.986328 -0.028076 0.0784 0.0627 0.0471
v 0.014893 0.992188 -0.028076 0.0118 0.0078 0.0039
v 0.009033 0.996582 -0.028076 0.0824 0.0706 0.0510
v -0.096924 0.046875 -0.028076 0.0157 0.2078 0.0902
v 0.096924 0.046387 -0.028076 0.0353 0.2157 0.1020
v -0.150635 0.012207 -0.028076 0.0078 0.1843 0.0627
v 0.150635 0.012207 -0.028076 0.0235 0.2196 0.0941
v -0.069580 0.665039 -0.028564 0.0196 0.2039 0.0784
v 0.069580 0.665039 -0.028564 0.0275 0.2078 0.0980
v -0.097900 0.720703 -0.028564 0.0627 0.1882 0.0941
v 0.097900 0.720703 -0.028564 0.5843 0.6157 0.5961
v -0.244873 0.763672 -0.028564 0.6785 0.4628 0.3333
v 0.124268 0.770996 -0.028564 0.6197 0.3725 0.2471
v -0.338135 0.772461 -0.028565 0.2823 0.3686 0.3568
v -0.333252 0.772949 -0.028565 0.0745 0.1294 0.0392
v -0.340088 0.772949 -0.028565 0.7098 0.7608 0.7529
v -0.330322 0.773926 -0.028565 0.6550 0.4706 0.3568
v -0.336670 0.773926 -0.028565 0.0157 0.1530 0.0627
v -0.346436 0.774902 -0.028565 0.0118 0.2000 0.0510
v 0.398682 0.774902 -0.028564 0.0353 0.2863 0.1059
v -0.330322 0.776367 -0.028565 0.6432 0.4823 0.3765
v 0.390381 0.778320 -0.028564 0.0314 0.2823 0.1059
v -0.365479 0.779297 -0.028565 0.0314 0.2510 0.1137
v -0.371826 0.780273 -0.028565 0.7451 0.7725 0.7490
v -0.374268 0.780273 -0.028565 0.6785 0.7020 0.6863
v -0.375732 0.782227 -0.028565 0.1569 0.2432 0.1647
v 0.333252 0.815430 -0.028564 0.0471 0.1725 0.1020
v 0.322998 0.816406 -0.028564 0.7843 0.4980 0.3412
v -0.312256 0.818359 -0.028564 0.7372 0.5137 0.3765
v -0.206787 0.823242 -0.028564 0.7490 0.5176 0.3843
v 0.342529 0.827637 -0.028564 0.0706 0.3333 0.1608
v 0.362061 0.830566 -0.028564 0.1569 0.2941 0.1804
v 0.375244 0.831055 -0.028564 0.0510 0.3529 0.1490
v 0.368408 0.831543 -0.028564 0.1530 0.2627 0.2118
v 0.372803 0.832520 -0.028564 0.0588 0.2823 0.1255
v 0.369873 0.833496 -0.028564 0.0353 0.2392 0.1137
v 0.432373 0.839844 -0.028564 0.0392 0.4000 0.1255
v -0.033936 0.886719 -0.028564 0.6354 0.4275 0.3137
v 0.041748 0.909668 -0.028564 0.1412 0.0824 0.0588
v -0.048584 0.912598 -0.028564 0.6628 0.4823 0.3804
v 0.048584 0.912598 -0.028564 0.7098 0.4706 0.3568
v -0.049561 0.932617 -0.028564 0.0471 0.0431 0.0353
v 0.050537 0.944824 -0.028564 0.0431 0.0235 0.0157
v 0.048584 0.959473 -0.028564 0.0431 0.0314 0.0196
v 0.042236 0.969727 -0.028564 0.0392 0.0235 0.0078
v -0.015381 0.988770 -0.028564 0.0588 0.0471 0.0353
v 0.002686 0.992188 -0.028564 0.0706 0.0588 0.0510
v -0.081787 0.200195 -0.028564 0.6863 0.4353 0.2941
v 0.081787 0.200195 -0.028564 0.6667 0.4589 0.3372
v -0.097412 0.091309 -0.028564 0.0275 0.2039 0.0902
v 0.097412 0.091309 -0.028564 0.0314 0.2118 0.0980
v -0.098877 0.725098 -0.029053 0.7568 0.7098 0.7098
v 0.098877 0.725098 -0.029053 0.4196 0.3255 0.2784
v 0.330322 0.776367 -0.029053 0.1922 0.2039 0.1451
v 0.383057 0.780762 -0.029053 0.0431 0.2784 0.1176
v 0.379150 0.782715 -0.029053 0.0510 0.2745 0.1137
v 0.377686 0.784668 -0.029053 0.0353 0.2196 0.0824
v 0.312256 0.818359 -0.029053 0.7764 0.5294 0.3882
v -0.301025 0.820801 -0.029053 0.7529 0.5255 0.3804
v -0.215576 0.821289 -0.029053 0.7216 0.4902 0.3568
v -0.233154 0.822266 -0.029053 0.7412 0.5059 0.3647
v 0.206787 0.823242 -0.029053 0.7412 0.5059 0.3765
v 0.381104 0.832520 -0.029053 0.0627 0.3608 0.1373
v 0.377686 0.833008 -0.029053 0.0667 0.3804 0.1608
v 0.387940 0.835938 -0.029053 0.0510 0.3804 0.1451
v 0.383057 0.836426 -0.029053 0.0471 0.3725 0.1412
v 0.400147 0.837891 -0.029053 0.0314 0.3568 0.1137
v 0.416260 0.840332 -0.029053 0.0549 0.3843 0.1412
v -0.032959 0.888672 -0.029053 0.6393 0.4235 0.3176
v -0.034424 0.888672 -0.029053 0.6432 0.4235 0.3059
v 0.034424 0.889160 -0.029053 0.1137 0.0667 0.0588
v -0.035400 0.892578 -0.029053 0.0078 0.0000 0.0196
v 0.035400 0.892578 -0.029053 0.0275 0.0431 0.0353
v -0.043701 0.915527 -0.029053 0.2196 0.1765 0.1412
v -0.052979 0.948242 -0.029053 0.0392 0.0275 0.0196
v -0.050537 0.962402 -0.029053 0.0784 0.0549 0.0431
v -0.000244 0.986816 -0.029053 0.0431 0.0275 0.0118
v -0.008057 0.989746 -0.029053 0.0667 0.0510 0.0431
v 0.014893 0.993652 -0.029053 0.0196 0.0196 0.0118
v -0.106689 0.426758 -0.029053 0.7059 0.4589 0.3294
v 0.106689 0.426758 -0.029053 0.7098 0.4628 0.3333
v -0.042725 0.348145 -0.029053 0.6785 0.4706 0.3451
v 0.042725 0.348145 -0.029053 0.7255 0.4471 0.2745
v -0.089111 0.184570 -0.029053 0.6863 0.4392 0.2980
v 0.089111 0.184570 -0.029053 0.6510 0.4510 0.3294
v -0.097900 0.037109 -0.029053 0.0196 0.1961 0.0824
v 0.097900 0.037109 -0.029053 0.0275 0.2039 0.0941
v -0.073975 0.593750 -0.029541 0.3529 0.3686 0.3568
v 0.073975 0.593750 -0.029541 0.4392 0.4706 0.4628
v -0.060791 0.625000 -0.029541 0.5686 0.5725 0.5804
v 0.060791 0.625000 -0.029541 0.6197 0.6236 0.6276
v -0.098389 0.727051 -0.029541 0.6039 0.5098 0.4745
v 0.098389 0.727051 -0.029541 0.7059 0.4980 0.3686
v 0.244873 0.763672 -0.029541 0.6706 0.4392 0.3216
v 0.338135 0.772461 -0.029541 0.8039 0.7921 0.8039
v 0.333252 0.772949 -0.029541 0.0902 0.1412 0.0863
v 0.340088 0.772949 -0.029541 0.3333 0.3961 0.3529
v 0.330322 0.773926 -0.029541 0.1333 0.1765 0.1098
v 0.336670 0.773926 -0.029541 0.7843 0.7804 0.7882
v 0.346436 0.774902 -0.029541 0.0471 0.2471 0.1137
v 0.365479 0.779297 -0.029541 0.0235 0.1843 0.0627
v 0.371826 0.780273 -0.029541 0.3059 0.3647 0.3333
v 0.374268 0.780273 -0.029541 0.0235 0.2039 0.0706
v 0.375732 0.782227 -0.029541 0.0314 0.2000 0.0902
v -0.223877 0.819824 -0.029541 0.7294 0.4941 0.3608
v 0.301025 0.820801 -0.029541 0.7608 0.5137 0.3686
v 0.233643 0.822266 -0.029541 0.7451 0.5137 0.3725
v 0.032471 0.889160 -0.029541 0.2157 0.1373 0.1059
v 0.043701 0.916016 -0.029541 0.0235 0.0235 0.0157
v 0.049072 0.929688 -0.029541 0.0431 0.0431 0.0392
v -0.027588 0.982422 -0.029541 0.0196 0.0196 0.0196
v -0.015381 0.987305 -0.029541 0.0353 0.0235 0.0157
v 0.023682 0.989258 -0.029541 0.0314 0.0157 0.0118
v 0.007080 0.996582 -0.029541 0.1255 0.1059 0.0902
v -0.122314 0.267090 -0.029541 0.6745 0.4628 0.3294
v 0.122314 0.267090 -0.029541 0.6745 0.4550 0.3255
v -0.089600 0.146973 -0.029541 0.0118 0.1725 0.0627
v 0.089600 0.146973 -0.029541 0.0588 0.2314 0.1333
v -0.086182 0.131348 -0.029541 0.0078 0.1373 0.0471
v 0.085693 0.131348 -0.029541 0.0941 0.2432 0.1804
v -0.095947 0.101562 -0.029541 0.0235 0.2039 0.0902
v 0.095947 0.101562 -0.029541 0.0392 0.2118 0.0980
v -0.337647 0.780762 -0.030029 0.1373 0.2353 0.1922
v 0.223877 0.819824 -0.030029 0.7412 0.5019 0.3608
v 0.215576 0.821289 -0.030029 0.7216 0.4863 0.3490
v -0.289795 0.823730 -0.030029 0.7568 0.5216 0.3843
v -0.025635 0.893066 -0.030029 0.6745 0.4432 0.3333
v 0.025146 0.893555 -0.030029 0.6785 0.4550 0.3372
v -0.053955 0.948730 -0.030029 0.0588 0.0431 0.0353
v -0.052979 0.955566 -0.030029 0.1176 0.0980 0.0784
v 0.037842 0.972656 -0.030029 0.0627 0.0510 0.0314
v 0.032471 0.980957 -0.030029 0.0627 0.0510 0.0314
v 0.002686 0.993164 -0.030029 0.0745 0.0706 0.0549
v 0.020752 0.428711 -0.030029 0.4275 0.3137 0.2157
v -0.112061 0.409668 -0.030029 0.6824 0.4432 0.3216
v 0.112061 0.409668 -0.030029 0.6902 0.4510 0.3294
v -0.046143 0.331055 -0.030029 0.6785 0.4628 0.3372
v 0.046143 0.331055 -0.030029 0.7255 0.4471 0.2980
v -0.091553 0.166992 -0.030029 0.6902 0.4196 0.2784
v 0.091553 0.166992 -0.030029 0.6510 0.4510 0.3372
v -0.086670 0.135254 -0.030029 0.6197 0.6785 0.6824
v 0.086670 0.135254 -0.030029 0.7020 0.7255 0.7333
v -0.090576 0.121094 -0.030029 0.0157 0.1843 0.0745
v 0.090576 0.121094 -0.030029 0.0784 0.2275 0.1373
v -0.093506 0.111816 -0.030029 0.0235 0.2000 0.0863
v 0.093506 0.111816 -0.030029 0.5216 0.5686 0.5490
v -0.339600 0.779785 -0.030518 0.2549 0.3333 0.2941
v 0.290283 0.823730 -0.030518 0.7529 0.5176 0.3686
v -0.036865 0.897949 -0.030518 0.0000 0.0118 0.0157
v -0.039795 0.903809 -0.030518 0.0118 0.0118 0.0039
v -0.041748 0.909668 -0.030518 0.0000 0.0039 0.0118
v -0.048096 0.922852 -0.030518 0.0000 0.0039 0.0078
v 0.049072 0.954590 -0.030518 0.0196 0.0157 0.0039
v 0.029053 0.986328 -0.030518 0.0980 0.0784 0.0588
v 0.004639 0.995117 -0.030518 0.0902 0.0902 0.0745
v -0.114502 0.389648 -0.030518 0.6863 0.4784 0.3372
v 0.114502 0.389648 -0.030518 0.7255 0.4980 0.3529
v -0.088623 0.136719 -0.030518 0.6550 0.6980 0.7020
v 0.088623 0.136719 -0.030518 0.6118 0.6667 0.6550
v -0.097900 0.027344 -0.030518 0.0078 0.1725 0.0706
v 0.097900 0.027344 -0.030518 0.0196 0.1922 0.0824
v -0.125732 0.003418 -0.030518 0.0353 0.2353 0.1059
v 0.125732 0.003418 -0.030518 0.0314 0.2235 0.0980
v -0.071533 0.591797 -0.031006 0.0471 0.2549 0.1255
v 0.071533 0.591797 -0.031006 0.2667 0.3568 0.3019
v -0.061768 0.623535 -0.031006 0.5569 0.5608 0.5686
v 0.061768 0.623535 -0.031006 0.6118 0.6197 0.6276
v -0.057373 0.646973 -0.031006 0.0235 0.1922 0.0863
v 0.057373 0.646973 -0.031006 0.0235 0.1961 0.0941
v -0.072021 0.675293 -0.031006 0.0235 0.2000 0.0863
v 0.072021 0.675293 -0.031006 0.0235 0.1961 0.0902
v -0.233154 0.764160 -0.031006 0.6706 0.4392 0.3216
v 0.339600 0.779785 -0.031006 0.1569 0.2667 0.1922
v 0.337647 0.780762 -0.031006 0.1216 0.2392 0.1569
v -0.029541 0.884277 -0.031006 0.6667 0.4510 0.3216
v 0.029541 0.884277 -0.031006 0.6980 0.4628 0.3294
v -0.031006 0.889648 -0.031006 0.6000 0.4039 0.2941
v 0.031006 0.889648 -0.031006 0.4000 0.2667 0.1922
v -0.029053 0.890137 -0.031006 0.6550 0.4432 0.3216
v 0.029053 0.890137 -0.031006 0.6471 0.4353 0.3216
v 0.036865 0.897461 -0.031006 0.0118 0.0157 0.0078
v 0.039307 0.903320 -0.031006 0.0118 0.0157 0.0078
v 0.041748 0.909180 -0.031006 0.0314 0.0353 0.0353
v 0.048096 0.921875 -0.031006 0.0157 0.0235 0.0157
v -0.049561 0.948242 -0.031006 0.0510 0.0353 0.0392
v -0.022217 0.987305 -0.031006 0.0431 0.0235 0.0118
v -0.008545 0.988281 -0.031006 0.0314 0.0157 0.0118
v -0.050537 0.315918 -0.031006 0.6745 0.4706 0.3451
v 0.050537 0.315918 -0.031006 0.7216 0.4432 0.2863
v -0.127197 0.256836 -0.031006 0.6785 0.4667 0.3333
v 0.127197 0.256836 -0.031006 0.6745 0.4550 0.3255
v -0.066650 0.239258 -0.031006 0.7216 0.4510 0.2980
v 0.066650 0.239258 -0.031006 0.6667 0.4706 0.3412
v -0.093506 0.149902 -0.031006 0.0510 0.2118 0.0902
v 0.093506 0.149902 -0.031006 0.0941 0.2510 0.1647
v -0.060303 0.637695 -0.031494 0.0000 0.2118 0.0863
v -0.102295 0.736328 -0.031494 0.7098 0.4902 0.3451
v 0.102295 0.736328 -0.031494 0.7098 0.4902 0.3608
v -0.279541 0.826172 -0.031494 0.7608 0.5255 0.3843
v -0.030029 0.876465 -0.031494 0.6824 0.4589 0.3333
v 0.030029 0.876465 -0.031494 0.6980 0.4628 0.3294
v -0.033936 0.891602 -0.031494 0.2275 0.1294 0.0902
v 0.033936 0.891602 -0.031494 0.0353 0.0392 0.0353
v -0.036865 0.910645 -0.031494 0.6039 0.3804 0.2745
v 0.036865 0.910645 -0.031494 0.5921 0.3765 0.2667
v 0.046143 0.916016 -0.031494 0.0196 0.0196 0.0196
v -0.049072 0.933105 -0.031494 0.0588 0.0510 0.0392
v 0.051025 0.938477 -0.031494 0.0588 0.0471 0.0353
v -0.054443 0.949707 -0.031494 0.1294 0.1098 0.0941
v 0.050537 0.954590 -0.031494 0.0549 0.0431 0.0275
v -0.029541 0.979492 -0.031494 0.0196 0.0196 0.0118
v -0.033447 0.981934 -0.031494 0.0510 0.0510 0.0392
v -0.028076 0.985840 -0.031494 0.0784 0.0667 0.0471
v -0.015381 0.988281 -0.031494 0.0196 0.0078 0.0000
v 0.020752 0.992188 -0.031494 0.0510 0.0471 0.0314
v 0.014404 0.994629 -0.031494 0.1059 0.0863 0.0745
v -0.114502 0.370117 -0.031494 0.7020 0.4863 0.3451
v 0.114502 0.370117 -0.031494 0.7059 0.4823 0.3451
v -0.112061 0.351562 -0.031494 0.6824 0.4667 0.3412
v 0.112061 0.351562 -0.031494 0.6941 0.4628 0.3333
v -0.062744 0.625488 -0.031982 0.5373 0.5412 0.5530
v 0.062744 0.625488 -0.031982 0.5843 0.5921 0.6000
v 0.233154 0.764160 -0.031982 0.6667 0.4314 0.3176
v 0.279541 0.826172 -0.031982 0.7608 0.5176 0.3804
v -0.028564 0.897949 -0.031982 0.6236 0.4039 0.2941
v 0.028564 0.897949 -0.031982 0.6157 0.4039 0.2941
v 0.043213 0.913086 -0.031982 0.0235 0.0275 0.0235
v 0.031982 0.974609 -0.031982 0.0157 0.0078 0.0039
v -0.109131 0.335449 -0.031982 0.6706 0.4589 0.3255
v 0.109131 0.335449 -0.031982 0.6745 0.4510 0.3176
v -0.055908 0.301270 -0.031982 0.6785 0.4550 0.3333
v 0.055908 0.301270 -0.031982 0.7137 0.4432 0.2823
v 0.060791 0.638184 -0.032471 0.0157 0.2196 0.0941
v -0.031006 0.866699 -0.032471 0.6980 0.4667 0.3490
v 0.031006 0.866699 -0.032471 0.6863 0.4550 0.3216
v -0.027588 0.887695 -0.032471 0.6628 0.4471 0.3255
v -0.045654 0.916016 -0.032471 0.0157 0.0235 0.0235
v -0.038330 0.918945 -0.032471 0.6039 0.3804 0.2784
v 0.038330 0.918945 -0.032471 0.5725 0.3686 0.2627
v -0.054443 0.945312 -0.032471 0.0471 0.0353 0.0353
v -0.052002 0.948730 -0.032471 0.0784 0.0588 0.0471
v -0.053467 0.949219 -0.032471 0.0902 0.0706 0.0627
v -0.051514 0.954590 -0.032471 0.1294 0.1098 0.0980
v -0.048584 0.960449 -0.032471 0.1020 0.0941 0.0745
v -0.033447 0.979980 -0.032471 0.0235 0.0118 0.0118
v -0.033936 0.983887 -0.032471 0.1255 0.1059 0.0863
v -0.001221 0.987793 -0.032471 0.0392 0.0235 0.0118
v 0.024658 0.990723 -0.032471 0.0706 0.0549 0.0431
v -0.131104 0.245605 -0.032471 0.6667 0.4589 0.3216
v 0.131104 0.245605 -0.032471 0.6706 0.4510 0.3216
v -0.098877 0.026367 -0.032471 0.0000 0.1725 0.0627
v 0.098877 0.026367 -0.032471 0.0118 0.1882 0.0784
v 0.027588 0.887207 -0.032959 0.6393 0.4275 0.3216
v 0.037842 0.896484 -0.032959 0.0431 0.0431 0.0392
v -0.037842 0.896973 -0.032959 0.0039 0.0039 0.0078
v 0.048584 0.929688 -0.032959 0.0157 0.0118 0.0078
v -0.048584 0.953125 -0.032959 0.0431 0.0392 0.0353
v -0.043213 0.967285 -0.032959 0.1059 0.0863 0.0784
v -0.008545 0.987793 -0.032959 0.0118 0.0078 0.0039
v -0.018799 0.433105 -0.032959 0.0235 0.1843 0.0902
v 0.018799 0.433105 -0.032959 0.0078 0.1412 0.0549
v -0.107178 0.320801 -0.032959 0.6941 0.4784 0.3451
v 0.107178 0.320801 -0.032959 0.7020 0.4706 0.3451
v -0.148682 0.023438 -0.032959 0.0471 0.1176 0.0588
v 0.148682 0.023438 -0.032959 0.0275 0.1608 0.0784
v -0.146729 0.020020 -0.032959 0.0588 0.2196 0.1216
v 0.146729 0.020020 -0.032959 0.4510 0.6000 0.4902
v -0.222412 0.766113 -0.033447 0.6667 0.4471 0.3294
v -0.267334 0.826660 -0.033447 0.7568 0.5098 0.3725
v -0.050537 0.849121 -0.033447 0.4550 0.4392 0.3843
v 0.050537 0.849121 -0.033447 0.6197 0.6706 0.6628
v 0.029541 0.884766 -0.033447 0.5882 0.4157 0.3216
v -0.040283 0.903320 -0.033447 0.0078 0.0078 0.0039
v 0.044189 0.916016 -0.033447 0.0235 0.0157 0.0118
v -0.049561 0.941406 -0.033447 0.0667 0.0510 0.0471
v 0.049072 0.950684 -0.033447 0.0392 0.0275 0.0196
v -0.047119 0.958984 -0.033447 0.0000 0.0039 0.0039
v 0.047607 0.966309 -0.033447 0.0863 0.0627 0.0510
v -0.035889 0.973633 -0.033447 0.0549 0.0431 0.0275
v 0.031494 0.980469 -0.033447 0.0353 0.0196 0.0078
v -0.062256 0.288086 -0.033447 0.6667 0.4589 0.3412
v 0.062256 0.288086 -0.033447 0.7216 0.4432 0.2941
v -0.068115 0.218750 -0.033447 0.7294 0.4432 0.2980
v 0.068115 0.218750 -0.033447 0.6785 0.4589 0.3412
v -0.063721 0.608398 -0.033936 0.5921 0.5961 0.6039
v 0.063721 0.608887 -0.033936 0.5647 0.5686 0.5764
v -0.052979 0.625000 -0.033936 0.5490 0.5530 0.5569
v 0.052979 0.625000 -0.033936 0.5569 0.5569 0.5647
v -0.078369 0.685059 -0.033936 0.0196 0.2000 0.0863
v 0.078369 0.685059 -0.033936 0.0196 0.2000 0.0902
v -0.106689 0.747070 -0.033936 0.6706 0.4628 0.3294
v -0.166260 0.759277 -0.033936 0.7059 0.4589 0.3294
v 0.222412 0.766113 -0.033936 0.6667 0.4392 0.3216
v -0.338623 0.780273 -0.033936 0.2314 0.2941 0.2627
v -0.334717 0.780762 -0.033936 0.0314 0.1530 0.0784
v 0.267822 0.826660 -0.033936 0.7608 0.5137 0.3765
v -0.079346 0.838867 -0.033936 0.7333 0.4863 0.3412
v -0.070068 0.841797 -0.033936 0.8196 0.7921 0.7686
v 0.070068 0.841797 -0.033936 0.6236 0.4471 0.3255
v -0.088623 0.843262 -0.033936 0.7451 0.5216 0.3882
v -0.049072 0.847168 -0.033936 0.3921 0.3176 0.2353
v -0.054932 0.847168 -0.033936 0.6824 0.6980 0.6745
v 0.049072 0.847168 -0.033936 0.6863 0.6863 0.6863
v 0.054932 0.847168 -0.033936 0.0000 0.1647 0.0627
v -0.031982 0.860352 -0.033936 0.7059 0.4784 0.3490
v 0.031982 0.860352 -0.033936 0.6941 0.4589 0.3255
v -0.027588 0.884277 -0.033936 0.6510 0.4275 0.3137
v -0.029541 0.884277 -0.033936 0.6354 0.4275 0.3019
v 0.033447 0.890625 -0.033936 0.0275 0.0353 0.0235
v 0.021240 0.891602 -0.033936 0.6863 0.4667 0.3490
v -0.041748 0.909668 -0.033936 0.0314 0.0275 0.0196
v 0.049561 0.932129 -0.033936 0.0471 0.0392 0.0275
v 0.051025 0.950195 -0.033936 0.0549 0.0353 0.0196
v 0.051025 0.960938 -0.033936 0.0941 0.0745 0.0588
v 0.043213 0.970703 -0.033936 0.0588 0.0471 0.0314
v -0.033936 0.983887 -0.033936 0.1333 0.1137 0.0980
v -0.028564 0.985840 -0.033936 0.1137 0.0941 0.0824
v 0.003662 0.985840 -0.033936 0.0588 0.0510 0.0353
v 0.029053 0.985840 -0.033936 0.0471 0.0314 0.0157
v -0.022705 0.987305 -0.033936 0.0941 0.0745 0.0588
v -0.134521 0.228027 -0.033936 0.6745 0.4628 0.3294
v 0.134521 0.228027 -0.033936 0.6824 0.4706 0.3372
v -0.149170 0.019043 -0.033936 0.0078 0.2235 0.0863
v 0.149170 0.019043 -0.033936 0.0784 0.2392 0.1333
v 0.106689 0.747070 -0.034424 0.7176 0.4823 0.3412
v 0.166260 0.759277 -0.034424 0.6785 0.4471 0.3216
v -0.152588 0.759766 -0.034424 0.7921 0.5019 0.3608
v -0.177490 0.761230 -0.034424 0.6902 0.4589 0.3333
v -0.324463 0.777832 -0.034424 0.6510 0.4510 0.3372
v 0.334717 0.780762 -0.034424 0.0824 0.1530 0.1059
v 0.079346 0.838867 -0.034424 0.7059 0.5059 0.3804
v -0.067139 0.841797 -0.034424 0.1294 0.2235 0.1608
v 0.067139 0.841797 -0.034424 0.6157 0.6079 0.6039
v -0.061279 0.843262 -0.034424 0.0314 0.1882 0.1020
v 0.061279 0.843262 -0.034424 0.0039 0.1216 0.0353
v 0.088623 0.843262 -0.034424 0.7412 0.5216 0.3843
v -0.101807 0.845703 -0.034424 0.7529 0.5255 0.3921
v 0.027100 0.884277 -0.034424 0.6550 0.4314 0.3176
v -0.032959 0.890625 -0.034424 0.0078 0.0078 0.0118
v -0.021240 0.891113 -0.034424 0.6785 0.4628 0.3686
v 0.039795 0.902344 -0.034424 0.0510 0.0431 0.0353
v 0.046631 0.921875 -0.034424 0.0118 0.0196 0.0039
v 0.038330 0.973633 -0.034424 0.0314 0.0196 0.0118
v -0.033447 0.978516 -0.034424 0.0196 0.0118 0.0196
v -0.039795 0.980469 -0.034424 0.0314 0.0275 0.0157
v 0.011963 0.994141 -0.034424 0.0902 0.0745 0.0627
v -0.019287 0.417480 -0.034424 0.0235 0.1961 0.0980
v 0.019287 0.417480 -0.034424 0.0078 0.1765 0.0667
v -0.110107 0.308594 -0.034424 0.7059 0.4941 0.3608
v 0.110107 0.308594 -0.034424 0.7176 0.4863 0.3608
v -0.135498 0.098145 -0.034424 0.0235 0.1490 0.0588
v 0.135498 0.098145 -0.034424 0.0314 0.1804 0.0824
v -0.134521 0.089844 -0.034424 0.0353 0.2118 0.0980
v 0.134521 0.089844 -0.034424 0.0275 0.1961 0.0784
v -0.136963 0.081543 -0.034424 0.0314 0.2432 0.1098
v 0.136963 0.081543 -0.034424 0.0392 0.2314 0.1059
v -0.146240 0.003906 -0.034424 0.0314 0.2118 0.0863
v 0.146240 0.003906 -0.034424 0.0078 0.1804 0.0706
v -0.090088 0.531250 -0.034912 0.0275 0.2432 0.1137
v 0.090088 0.531250 -0.034912 0.0314 0.2510 0.1137
v -0.058350 0.654785 -0.034912 0.0196 0.2118 0.0941
v 0.058350 0.654785 -0.034912 0.0235 0.2039 0.0902
v 0.152588 0.759766 -0.034912 0.6589 0.4353 0.3176
v 0.177490 0.761230 -0.034912 0.6863 0.4471 0.3255
v -0.138916 0.762207 -0.034912 0.6706 0.4314 0.3098
v -0.189209 0.764160 -0.034912 0.6785 0.4471 0.3294
v -0.211182 0.766602 -0.034912 0.6706 0.4471 0.3294
v -0.313721 0.774414 -0.034912 0.6667 0.4432 0.3294
v 0.338623 0.780273 -0.034912 0.1451 0.2432 0.1765
v -0.326904 0.819336 -0.034912 0.5255 0.3804 0.2667
v -0.161377 0.825195 -0.034912 0.6980 0.4667 0.3412
v -0.153564 0.831543 -0.034912 0.7176 0.4863 0.3529
v -0.070068 0.835449 -0.034912 0.7412 0.6628 0.6197
v 0.070068 0.835449 -0.034912 0.6197 0.4196 0.2980
v 0.101807 0.845703 -0.034912 0.7490 0.5176 0.3882
v -0.117432 0.846191 -0.034912 0.7529 0.5137 0.3804
v -0.033936 0.856934 -0.034912 0.7176 0.4863 0.3608
v 0.033936 0.856934 -0.034912 0.7020 0.4706 0.3372
v 0.036377 0.895996 -0.034912 0.0510 0.0510 0.0431
v 0.052002 0.955566 -0.034912 0.0824 0.0706 0.0510
v -0.028564 0.977051 -0.034912 0.0157 0.0078 0.0078
v -0.015869 0.987793 -0.034912 0.0588 0.0471 0.0275
v 0.019775 0.993164 -0.034912 0.1216 0.1059 0.0941
v -0.013916 0.447266 -0.034912 0.0314 0.1882 0.0824
v 0.013916 0.447266 -0.034912 0.0000 0.1333 0.0118
v -0.031494 0.433105 -0.034912 0.6785 0.4353 0.3098
v -0.016357 0.430664 -0.034912 0.0392 0.2000 0.0941
v 0.016357 0.430664 -0.034912 0.0078 0.1412 0.0275
v -0.065186 0.276367 -0.034912 0.6667 0.4510 0.3294
v 0.065186 0.276367 -0.034912 0.7059 0.4510 0.3019
v -0.137451 0.099121 -0.034912 0.0275 0.1569 0.0706
v 0.137451 0.099121 -0.034912 0.0275 0.1961 0.0863
v -0.139893 0.068848 -0.034912 0.0196 0.1882 0.0784
v 0.139893 0.068848 -0.034912 0.0392 0.2157 0.1020
v -0.146729 0.021973 -0.034912 0.6079 0.6510 0.6236
v 0.146729 0.021484 -0.034912 0.3019 0.4275 0.3372
v -0.076416 0.582520 -0.035400 0.0471 0.2745 0.1333
v -0.053467 0.624023 -0.035400 0.5333 0.5333 0.5412
v 0.053467 0.624023 -0.035400 0.5373 0.5373 0.5530
v -0.053955 0.625488 -0.035400 0.5451 0.5451 0.5608
v 0.053955 0.625488 -0.035400 0.5882 0.5921 0.6039
v 0.138916 0.762207 -0.035400 0.6550 0.4196 0.3019
v 0.189209 0.764160 -0.035400 0.6785 0.4471 0.3216
v -0.199951 0.765137 -0.035400 0.6628 0.4392 0.3216
v 0.211182 0.766602 -0.035400 0.6706 0.4471 0.3294
v 0.324463 0.777832 -0.035400 0.7372 0.4510 0.3255
v -0.333740 0.814453 -0.035400 0.2078 0.2863 0.2314
v -0.335205 0.817871 -0.035400 0.2980 0.3529 0.3176
v 0.161377 0.825195 -0.035400 0.6941 0.4589 0.3255
v -0.255615 0.826172 -0.035400 0.7608 0.5255 0.3843
v 0.153564 0.831543 -0.035400 0.7216 0.4863 0.3529
v -0.144775 0.837402 -0.035400 0.7216 0.4902 0.3529
v -0.133057 0.842285 -0.035400 0.7451 0.5098 0.3765
v 0.117432 0.846191 -0.035400 0.7608 0.5216 0.3804
v -0.043213 0.851074 -0.035400 0.7725 0.6745 0.6354
v 0.043213 0.851074 -0.035400 0.7020 0.4628 0.3412
v -0.037842 0.854004 -0.035400 0.7333 0.4980 0.3725
v 0.037842 0.854004 -0.035400 0.6980 0.4667 0.3333
v -0.030518 0.884277 -0.035400 0.6197 0.4039 0.3176
v 0.030518 0.884277 -0.035400 0.1255 0.0667 0.0314
v -0.036377 0.896973 -0.035400 0.0196 0.0275 0.0275
v -0.046631 0.923340 -0.035400 0.0196 0.0157 0.0078
v 0.050537 0.932617 -0.035400 0.0706 0.0627 0.0431
v 0.049561 0.944824 -0.035400 0.0627 0.0471 0.0431
v -0.033936 0.983398 -0.035400 0.1059 0.0902 0.0824
v -0.002197 0.986328 -0.035400 0.0275 0.0039 0.0000
v -0.105225 0.448242 -0.035400 0.0078 0.1922 0.0784
v 0.105225 0.448242 -0.035400 0.0118 0.1843 0.0824
v -0.135498 0.211426 -0.035400 0.6706 0.4510 0.3255
v 0.135498 0.211426 -0.035400 0.6745 0.4589 0.3372
v -0.138428 0.139648 -0.035400 0.8313 0.8196 0.8470
v 0.138428 0.139648 -0.035400 0.1765 0.1922 0.1961
v -0.141357 0.139160 -0.035400 0.7921 0.7843 0.8157
v 0.141357 0.139160 -0.035400 0.7843 0.7960 0.8078
v -0.142822 0.134766 -0.035400 0.0078 0.1961 0.0784
v 0.142822 0.134766 -0.035400 0.1373 0.2235 0.1725
v -0.140381 0.124023 -0.035400 0.0667 0.2432 0.1294
v 0.140381 0.124023 -0.035400 0.0353 0.2235 0.1059
v -0.139404 0.116699 -0.035400 0.0314 0.2078 0.0980
v 0.139404 0.116699 -0.035400 0.0275 0.2118 0.0902
v -0.138916 0.112793 -0.035400 0.1020 0.3176 0.1922
v 0.138916 0.112793 -0.035400 0.0941 0.2902 0.1569
v -0.139893 0.111328 -0.035400 0.0902 0.3255 0.1961
v 0.139893 0.111328 -0.035400 0.0902 0.2745 0.1530
v 0.076416 0.582520 -0.035889 0.0275 0.2275 0.1059
v 0.199951 0.765137 -0.035889 0.6706 0.4392 0.3216
v -0.302002 0.770508 -0.035889 0.6745 0.4510 0.3333
v 0.313721 0.774414 -0.035889 0.6667 0.4510 0.3176
v 0.326904 0.819824 -0.035889 0.0510 0.2157 0.1176
v -0.326416 0.821777 -0.035889 0.6432 0.4510 0.3176
v -0.166748 0.825684 -0.035889 0.7137 0.4823 0.3529
v 0.255615 0.826172 -0.035889 0.7647 0.5176 0.3804
v 0.144775 0.837402 -0.035889 0.7333 0.4941 0.3647
v 0.133057 0.842285 -0.035889 0.7490 0.5137 0.3725
v -0.038818 0.903320 -0.035889 0.0706 0.0627 0.0471
v 0.042236 0.908691 -0.035889 0.0353 0.0275 0.0314
v -0.044189 0.916504 -0.035889 0.0039 0.0000 0.0000
v -0.049072 0.933105 -0.035889 0.0196 0.0157 0.0000
v 0.031982 0.975098 -0.035889 0.0353 0.0235 0.0078
v -0.028564 0.984375 -0.035889 0.0980 0.0784 0.0667
v -0.009033 0.987793 -0.035889 0.0706 0.0588 0.0392
v -0.028564 0.444824 -0.035889 0.1922 0.1647 0.0941
v 0.028564 0.444824 -0.035889 0.0627 0.0980 0.0392
v -0.073975 0.200195 -0.035889 0.6941 0.4432 0.3019
v 0.073975 0.200195 -0.035889 0.6824 0.4471 0.3255
v -0.135010 0.193359 -0.035889 0.6706 0.4550 0.3333
v 0.135498 0.193359 -0.035889 0.6745 0.4589 0.3372
v -0.142334 0.057617 -0.035889 0.0039 0.1882 0.0745
v 0.142334 0.057617 -0.035889 0.0549 0.2392 0.1137
v -0.148682 0.006348 -0.035889 0.0078 0.1882 0.0667
v 0.148682 0.006348 -0.035889 0.0118 0.2039 0.0824
v -0.093994 0.517090 -0.036377 0.0275 0.2392 0.1137
v 0.093994 0.517090 -0.036377 0.0314 0.2432 0.1098
v -0.065674 0.591797 -0.036377 0.0431 0.2784 0.1412
v 0.065674 0.591797 -0.036377 0.1255 0.2980 0.1961
v -0.083740 0.693359 -0.036377 0.0275 0.2078 0.0941
v 0.083740 0.693359 -0.036377 0.0275 0.2000 0.0941
v -0.290283 0.766113 -0.036377 0.6667 0.4353 0.3176
v -0.124268 0.766602 -0.036377 0.6276 0.3882 0.2784
v 0.302002 0.770508 -0.036377 0.6785 0.4471 0.3216
v 0.334229 0.814453 -0.036377 0.0196 0.1922 0.0863
v -0.323486 0.815430 -0.036377 0.6824 0.4745 0.3451
v 0.335205 0.817871 -0.036377 0.0118 0.1922 0.0902
v 0.326416 0.821777 -0.036377 0.0314 0.2157 0.1098
v -0.328369 0.823242 -0.036377 0.5686 0.4392 0.3137
v -0.332764 0.824707 -0.036377 0.0039 0.1765 0.0902
v 0.166748 0.825684 -0.036377 0.7372 0.5019 0.3686
v -0.335693 0.826172 -0.036377 0.7451 0.8157 0.8039
v -0.342529 0.826172 -0.036377 0.0078 0.2823 0.1098
v -0.375244 0.829102 -0.036377 0.0078 0.1882 0.0549
v -0.028564 0.880371 -0.036377 0.6236 0.3921 0.2706
v 0.028564 0.880371 -0.036377 0.6000 0.4000 0.2902
v 0.026611 0.883789 -0.036377 0.6118 0.4039 0.2941
v -0.032471 0.889648 -0.036377 0.0235 0.0157 0.0118
v 0.049072 0.930176 -0.036377 0.0706 0.0588 0.0392
v 0.049072 0.938965 -0.036377 0.0588 0.0392 0.0314
v 0.052490 0.950684 -0.036377 0.1373 0.1176 0.0980
v -0.034912 0.972656 -0.036377 0.0706 0.0549 0.0431
v -0.033936 0.979004 -0.036377 0.0196 0.0118 0.0078
v -0.033936 0.982422 -0.036377 0.1098 0.1020 0.0902
v -0.022705 0.985840 -0.036377 0.0627 0.0510 0.0314
v -0.008545 0.459961 -0.036377 0.0118 0.1647 0.0549
v 0.008545 0.459961 -0.036377 0.0000 0.1294 0.0235
v -0.017334 0.414551 -0.036377 0.0431 0.2078 0.0980
v 0.017334 0.414551 -0.036377 0.0000 0.1569 0.0235
v -0.020264 0.402344 -0.036377 0.0157 0.1961 0.0902
v 0.020264 0.402344 -0.036377 0.0078 0.1765 0.0706
v -0.133545 0.173828 -0.036377 0.6745 0.4589 0.3372
v 0.134033 0.173828 -0.036377 0.6824 0.4667 0.3451
v -0.136475 0.149414 -0.036377 0.0275 0.1961 0.0863
v 0.136475 0.149414 -0.036377 0.0078 0.1647 0.0549
v -0.143799 0.047363 -0.036377 0.0353 0.2549 0.1176
v 0.143799 0.047363 -0.036377 0.0314 0.2588 0.1098
v -0.098389 0.021484 -0.036377 0.3216 0.4471 0.3921
v 0.098389 0.021484 -0.036377 0.0510 0.1961 0.1020
v -0.097900 0.018555 -0.036377 0.0235 0.1882 0.0902
v 0.097900 0.018555 -0.036377 0.0392 0.1922 0.1098
v -0.097412 0.504395 -0.036865 0.0275 0.2392 0.1137
v 0.097412 0.504395 -0.036865 0.0314 0.2392 0.1176
v -0.066162 0.593750 -0.036865 0.2196 0.2863 0.2471
v 0.066162 0.593750 -0.036865 0.2000 0.3137 0.2549
v -0.110107 0.758301 -0.036865 0.6510 0.4118 0.2980
v 0.110107 0.758301 -0.036865 0.6628 0.4235 0.2980
v 0.124268 0.766602 -0.036865 0.6157 0.3804 0.2706
v -0.377686 0.786621 -0.036865 0.0078 0.1922 0.0549
v 0.328369 0.823730 -0.036865 0.0314 0.2039 0.1020
v 0.332764 0.824707 -0.036865 0.7843 0.7412 0.7647
v -0.175049 0.825684 -0.036865 0.7529 0.5176 0.3843
v -0.333740 0.826172 -0.036865 0.0275 0.1725 0.0863
v -0.362061 0.829102 -0.036865 0.0353 0.2902 0.1255
v -0.368408 0.830078 -0.036865 0.7098 0.7490 0.7059
v -0.026611 0.883789 -0.036865 0.5647 0.3490 0.2392
v 0.037842 0.901367 -0.036865 0.1882 0.1412 0.1137
v -0.042236 0.909180 -0.036865 0.0706 0.0588 0.0471
v 0.049072 0.933105 -0.036865 0.0275 0.0157 0.0039
v 0.049072 0.948730 -0.036865 0.0824 0.0667 0.0549
v -0.048584 0.949219 -0.036865 0.0745 0.0588 0.0471
v -0.042725 0.966309 -0.036865 0.0275 0.0275 0.0196
v 0.004639 0.984863 -0.036865 0.0510 0.0392 0.0235
v 0.024170 0.990234 -0.036865 0.0824 0.0667 0.0588
v -0.105713 0.461914 -0.036865 0.0235 0.2432 0.1059
v 0.105713 0.461914 -0.036865 0.0314 0.2432 0.1098
v -0.133057 0.152344 -0.036865 0.2000 0.2432 0.1333
v -0.099854 0.019531 -0.036865 0.0941 0.2392 0.1647
v 0.099854 0.019531 -0.036865 0.4667 0.5725 0.5137
v -0.041260 0.625488 -0.037354 0.5490 0.5490 0.5608
v 0.041260 0.625488 -0.037354 0.5961 0.6039 0.6118
v -0.051025 0.639160 -0.037354 0.0157 0.2157 0.0863
v 0.051025 0.639160 -0.037354 0.0078 0.2157 0.0941
v -0.046631 0.648438 -0.037354 0.0196 0.2000 0.0941
v 0.046631 0.648438 -0.037354 0.0196 0.1922 0.0863
v -0.280029 0.763184 -0.037354 0.6628 0.4392 0.3216
v -0.113525 0.766113 -0.037354 0.6000 0.3647 0.2549
v 0.290283 0.766113 -0.037353 0.6745 0.4432 0.3216
v -0.329346 0.777344 -0.037354 0.6197 0.4471 0.3568
v -0.364990 0.781738 -0.037354 0.0392 0.2549 0.1098
v -0.371338 0.783203 -0.037354 0.7372 0.7647 0.7412
v -0.375732 0.784668 -0.037354 0.0353 0.1490 0.0667
v 0.377686 0.787109 -0.037353 0.0314 0.2706 0.1216
v 0.323486 0.815430 -0.037353 0.7568 0.5137 0.3568
v -0.312744 0.816406 -0.037354 0.6980 0.4706 0.3412
v -0.196533 0.823242 -0.037354 0.7529 0.5176 0.3843
v -0.244385 0.824219 -0.037354 0.7725 0.5373 0.3961
v -0.186279 0.824707 -0.037354 0.7451 0.5137 0.3804
v 0.175049 0.825684 -0.037353 0.7568 0.5216 0.3765
v 0.333740 0.826172 -0.037353 0.7764 0.7529 0.7647
v 0.335693 0.826172 -0.037353 0.0627 0.2941 0.1412
v 0.342529 0.826660 -0.037353 0.0627 0.3412 0.1569
v 0.375244 0.829102 -0.037353 0.0314 0.3059 0.1137
v -0.372803 0.831055 -0.037354 0.4706 0.5333 0.4784
v -0.381104 0.831055 -0.037354 0.0235 0.2863 0.0627
v -0.377197 0.831543 -0.037354 0.0118 0.2353 0.0627
v -0.369873 0.832031 -0.037354 0.7882 0.7882 0.7686
v 0.027100 0.883301 -0.037354 0.5921 0.4078 0.3098
v -0.029053 0.883789 -0.037354 0.4471 0.2627 0.1765
v 0.029053 0.883789 -0.037354 0.3059 0.2000 0.1490
v 0.025146 0.885742 -0.037354 0.4628 0.2980 0.2157
v 0.031982 0.889160 -0.037354 0.0471 0.0471 0.0353
v -0.034912 0.896484 -0.037354 0.0471 0.0549 0.0392
v 0.037842 0.901367 -0.037354 0.2314 0.1725 0.1373
v 0.037842 0.901855 -0.037354 0.1765 0.1294 0.1020
v -0.031494 0.905762 -0.037354 0.5961 0.3843 0.2823
v 0.031494 0.905762 -0.037354 0.5764 0.3765 0.2667
v 0.043701 0.915527 -0.037354 0.0235 0.0157 0.0157
v -0.033936 0.979980 -0.037354 0.0275 0.0196 0.0118
v 0.031494 0.979980 -0.037354 0.0314 0.0157 0.0039
v -0.033936 0.981445 -0.037354 0.0863 0.0706 0.0588
v -0.015869 0.986328 -0.037354 0.0706 0.0549 0.0510
v 0.008057 0.991699 -0.037354 0.0980 0.0706 0.0667
v -0.099854 0.490234 -0.037354 0.0235 0.2432 0.1137
v 0.099854 0.490234 -0.037354 0.0392 0.2510 0.1255
v -0.102295 0.476074 -0.037354 0.0275 0.2432 0.1176
v 0.102295 0.476074 -0.037354 0.0314 0.2432 0.1176
v -0.004639 0.469727 -0.037354 0.0078 0.1608 0.0627
v 0.004639 0.469727 -0.037354 0.0000 0.1490 0.0471
v -0.018799 0.398438 -0.037354 0.0471 0.2118 0.1098
v 0.018799 0.398438 -0.037354 0.0000 0.1569 0.0392
v -0.022217 0.383789 -0.037354 0.0235 0.1804 0.0784
v 0.022217 0.383789 -0.037354 0.0392 0.1961 0.0902
v 0.133057 0.152344 -0.037354 0.7059 0.4706 0.3568
v -0.146240 0.037598 -0.037354 0.0235 0.2353 0.0941
v 0.146240 0.037598 -0.037354 0.0431 0.2471 0.1059
v -0.088623 0.703613 -0.037842 0.0275 0.2078 0.0941
v 0.088623 0.703613 -0.037842 0.0314 0.2078 0.0941
v -0.269287 0.761230 -0.037842 0.6667 0.4510 0.3176
v 0.280029 0.763184 -0.037842 0.6785 0.4432 0.3255
v 0.113525 0.766113 -0.037842 0.6000 0.3608 0.2549
v -0.330322 0.775391 -0.037842 0.4823 0.3882 0.2863
v -0.345947 0.777344 -0.037842 0.0039 0.2157 0.0510
v 0.329346 0.777832 -0.037842 0.0980 0.1490 0.0980
v -0.373779 0.782715 -0.037842 0.7059 0.7216 0.7176
v -0.379639 0.784668 -0.037842 0.0039 0.1882 0.0549
v 0.375732 0.785156 -0.037842 0.0235 0.1804 0.0784
v 0.244385 0.824219 -0.037842 0.7608 0.5255 0.3843
v 0.186279 0.824707 -0.037842 0.7529 0.5176 0.3843
v 0.362061 0.829102 -0.037842 0.0784 0.2510 0.1176
v 0.368408 0.830078 -0.037842 0.2627 0.3412 0.2980
v 0.372803 0.831055 -0.037842 0.0549 0.2392 0.1020
v -0.023193 0.888672 -0.037842 0.6432 0.4235 0.3255
v 0.023193 0.888672 -0.037842 0.5137 0.3333 0.2432
v 0.051514 0.945801 -0.037842 0.0431 0.0353 0.0235
v -0.047607 0.957520 -0.037842 0.0667 0.0627 0.0392
v -0.029053 0.983887 -0.037842 0.0902 0.0706 0.0549
v 0.028564 0.985840 -0.037842 0.0431 0.0314 0.0157
v 0.004639 0.987793 -0.037842 0.0510 0.0392 0.0275
v -0.109131 0.431641 -0.037842 0.0235 0.2039 0.0941
v 0.109131 0.431641 -0.037842 0.0157 0.1961 0.0863
v -0.113037 0.295410 -0.037842 0.6745 0.4550 0.3255
v 0.113037 0.295410 -0.037842 0.6824 0.4550 0.3255
v -0.086670 0.147461 -0.037842 0.0157 0.1961 0.0863
v 0.086670 0.147461 -0.037842 0.0549 0.2275 0.1373
v -0.100830 0.005371 -0.037842 0.0196 0.1804 0.0784
v 0.100830 0.005371 -0.037842 0.0118 0.1882 0.0824
v 0.269287 0.761230 -0.038330 0.6706 0.4471 0.3294
v -0.258057 0.761719 -0.038330 0.6706 0.4432 0.3216
v -0.468018 0.767578 -0.038330 0.0235 0.3843 0.1333
v -0.332764 0.774902 -0.038330 0.0353 0.1373 0.0510
v -0.340088 0.775391 -0.038330 0.7412 0.7647 0.7843
v -0.336182 0.775879 -0.038330 0.0275 0.1608 0.0745
v -0.334229 0.778320 -0.038330 0.0353 0.1530 0.0824
v 0.364990 0.781738 -0.038330 0.0118 0.2000 0.0627
v 0.371338 0.783203 -0.038330 0.6980 0.7294 0.7176
v 0.312744 0.816406 -0.038330 0.7412 0.4784 0.3333
v -0.206787 0.820801 -0.038330 0.7529 0.5176 0.3765
v -0.234131 0.822266 -0.038330 0.7647 0.5294 0.3882
v 0.196533 0.823242 -0.038330 0.7529 0.5216 0.3882
v 0.381104 0.831055 -0.038330 0.0431 0.3490 0.1373
v 0.369873 0.832031 -0.038330 0.0392 0.2392 0.1216
v 0.377686 0.832031 -0.038330 0.0549 0.3529 0.1412
v -0.383057 0.834961 -0.038330 0.0235 0.3490 0.1137
v -0.387940 0.834961 -0.038330 0.0588 0.3765 0.1373
v -0.025146 0.885742 -0.038330 0.3961 0.2627 0.1961
v -0.030518 0.888672 -0.038330 0.1059 0.0667 0.0471
v 0.033936 0.895508 -0.038330 0.0745 0.0706 0.0549
v -0.022705 0.898438 -0.038330 0.6157 0.4039 0.3019
v 0.022705 0.898438 -0.038330 0.6039 0.3961 0.2863
v -0.044189 0.916504 -0.038330 0.0863 0.0706 0.0588
v -0.048584 0.933594 -0.038330 0.0941 0.0706 0.0549
v 0.049561 0.950195 -0.038330 0.0706 0.0588 0.0431
v 0.049072 0.954590 -0.038330 0.0784 0.0667 0.0510
v -0.029053 0.978027 -0.038330 0.0196 0.0118 0.0157
v -0.002686 0.986328 -0.038330 0.0196 0.0078 0.0039
v -0.009033 0.986328 -0.038330 0.0431 0.0314 0.0235
v 0.000244 0.474609 -0.038330 0.0157 0.1530 0.0588
v -0.110107 0.443848 -0.038330 0.0275 0.2471 0.1098
v 0.110107 0.443848 -0.038330 0.0275 0.2392 0.1059
v -0.080811 0.185059 -0.038330 0.6706 0.4353 0.3137
v 0.080811 0.185059 -0.038330 0.6706 0.4432 0.3176
v -0.088623 0.150391 -0.038330 0.0392 0.1961 0.1020
v 0.088623 0.150391 -0.038330 0.0902 0.2118 0.1294
v -0.094482 0.035645 -0.038330 0.0196 0.1961 0.0824
v 0.094482 0.035645 -0.038330 0.0235 0.2000 0.0941
v -0.080322 0.570801 -0.038818 0.0353 0.2588 0.1216
v 0.080322 0.570801 -0.038818 0.0353 0.2549 0.1176
v -0.041748 0.624023 -0.038818 0.5255 0.5294 0.5373
v 0.041748 0.624023 -0.038818 0.5686 0.5764 0.5804
v -0.039795 0.625977 -0.038818 0.5804 0.5725 0.5804
v 0.039795 0.625977 -0.038818 0.6157 0.6276 0.6315
v -0.093018 0.713379 -0.038818 0.0510 0.2196 0.1098
v 0.093018 0.713379 -0.038818 0.0157 0.1961 0.0824
v -0.456299 0.757812 -0.038818 0.0118 0.3686 0.0980
v -0.337647 0.774414 -0.038818 0.3176 0.4000 0.4039
v 0.332764 0.774902 -0.038818 0.0314 0.1059 0.0431
v 0.330322 0.775391 -0.038818 0.0667 0.1569 0.0863
v 0.336182 0.775879 -0.038818 0.7725 0.7686 0.7764
v -0.336182 0.777344 -0.038818 0.0902 0.2039 0.1294
v 0.345947 0.777344 -0.038818 0.0392 0.2549 0.0980
v -0.473877 0.781250 -0.038818 0.0275 0.3921 0.1176
v -0.384033 0.782715 -0.038818 0.0275 0.2980 0.1137
v 0.373779 0.783203 -0.038818 0.0392 0.1961 0.0824
v 0.379639 0.784668 -0.038818 0.0275 0.2627 0.1059
v -0.300537 0.817871 -0.038818 0.7059 0.4745 0.3412
v 0.206787 0.820801 -0.038818 0.7451 0.5137 0.3804
v 0.234131 0.822266 -0.038818 0.7608 0.5255 0.3843
v 0.383057 0.834961 -0.038818 0.0549 0.3451 0.1373
v -0.024658 0.878906 -0.038818 0.6628 0.4314 0.2980
v 0.024658 0.878906 -0.038818 0.6980 0.4628 0.3294
v -0.037354 0.902832 -0.038818 0.0784 0.0667 0.0510
v 0.047119 0.921875 -0.038818 0.0824 0.0706 0.0588
v -0.047119 0.923828 -0.038818 0.0745 0.0588 0.0471
v -0.049072 0.941895 -0.038818 0.0588 0.0392 0.0353
v 0.048096 0.953613 -0.038818 0.0588 0.0510 0.0392
v 0.047607 0.959473 -0.038818 0.0510 0.0314 0.0196
v 0.044678 0.964844 -0.038818 0.0784 0.0667 0.0588
v 0.040771 0.969238 -0.038818 0.0392 0.0235 0.0118
v 0.035889 0.972168 -0.038818 0.0667 0.0627 0.0431
v 0.033447 0.973145 -0.038818 0.0706 0.0431 0.0353
v 0.031494 0.974121 -0.038818 0.0314 0.0196 0.0118
v 0.017334 0.992188 -0.038818 0.0588 0.0431 0.0314
v -0.018799 0.384766 -0.038818 0.0078 0.1647 0.0706
v 0.018799 0.384766 -0.038818 0.0118 0.1608 0.0667
v -0.046143 0.378418 -0.038818 0.6354 0.4392 0.3059
v 0.046143 0.378418 -0.038818 0.6589 0.4550 0.3137
v -0.085693 0.167480 -0.038818 0.6706 0.4432 0.3255
v 0.085693 0.167480 -0.038818 0.6550 0.4432 0.3294
v -0.147705 0.028320 -0.038818 0.0431 0.2235 0.0941
v 0.147705 0.028320 -0.038818 0.0667 0.2627 0.1451
v -0.103760 0.003418 -0.038818 0.0549 0.2706 0.1451
v 0.103272 0.003418 -0.038818 0.0353 0.2196 0.1020
v -0.054932 0.608887 -0.039307 0.5961 0.6000 0.6079
v 0.054932 0.608887 -0.039307 0.6157 0.6197 0.6276
v -0.097900 0.726074 -0.039307 0.7451 0.7059 0.7176
v -0.097412 0.727539 -0.039307 0.6039 0.5137 0.4941
v 0.097412 0.727539 -0.039307 0.6902 0.4980 0.3843
v 0.258057 0.761719 -0.039307 0.6785 0.4510 0.3333
v -0.245361 0.763672 -0.039307 0.6706 0.4471 0.3333
v 0.468018 0.768066 -0.039307 0.0392 0.4000 0.1373
v 0.337647 0.774414 -0.039307 0.7882 0.7764 0.7804
v 0.339600 0.775391 -0.039307 0.4392 0.4902 0.4589
v 0.334229 0.778320 -0.039307 0.4745 0.4784 0.4589
v -0.475342 0.795410 -0.039307 0.0353 0.4000 0.1373
v 0.300537 0.817871 -0.039307 0.7098 0.4745 0.3333
v -0.216064 0.818359 -0.039307 0.7216 0.4902 0.3568
v -0.224854 0.819824 -0.039307 0.7333 0.4980 0.3568
v 0.387940 0.834961 -0.039307 0.0471 0.3765 0.1412
v -0.399658 0.836426 -0.039307 0.0510 0.3882 0.1490
v 0.018799 0.888184 -0.039307 0.6471 0.4314 0.3137
v 0.029541 0.888184 -0.039307 0.0314 0.0275 0.0275
v -0.014893 0.890137 -0.039307 0.6706 0.4392 0.3294
v 0.014404 0.890137 -0.039307 0.6589 0.4432 0.3294
v 0.048096 0.933105 -0.039307 0.0941 0.0784 0.0667
v -0.038818 0.398438 -0.039307 0.6706 0.4353 0.3098
v 0.038818 0.398438 -0.039307 0.6863 0.4392 0.3098
v -0.050537 0.363770 -0.039307 0.6824 0.4706 0.3372
v 0.050537 0.363770 -0.039307 0.7059 0.4706 0.3412
v -0.064209 0.263184 -0.039307 0.6863 0.4550 0.3216
v 0.064209 0.263184 -0.039307 0.6902 0.4550 0.3216
v -0.027100 0.625488 -0.039795 0.5843 0.6000 0.6118
v 0.027100 0.625488 -0.039795 0.5686 0.5764 0.5843
v -0.059814 0.665527 -0.039795 0.0118 0.2039 0.0902
v 0.059814 0.665527 -0.039795 0.0196 0.1961 0.0902
v -0.096436 0.721680 -0.039795 0.0549 0.1608 0.0745
v 0.096436 0.721680 -0.039795 0.5764 0.6157 0.5921
v 0.097900 0.726074 -0.039795 0.4745 0.4157 0.3843
v -0.439209 0.750977 -0.039795 0.0314 0.3529 0.1216
v 0.456299 0.757812 -0.039795 0.0157 0.3686 0.1176
v 0.335693 0.777344 -0.039795 0.6510 0.6628 0.6706
v -0.391357 0.780273 -0.039795 0.0275 0.2706 0.1098
v 0.473877 0.781250 -0.039795 0.0471 0.4118 0.1412
v 0.384033 0.782715 -0.039795 0.0431 0.2745 0.1176
v -0.472900 0.809082 -0.039795 0.0353 0.4078 0.1412
v 0.216064 0.818359 -0.039795 0.7216 0.4941 0.3568
v 0.224854 0.819824 -0.039795 0.7412 0.5137 0.3725
v -0.023682 0.884766 -0.039795 0.4589 0.2941 0.2157
v 0.023682 0.884766 -0.039795 0.3961 0.2667 0.1882
v -0.018311 0.887695 -0.039795 0.6706 0.4471 0.3333
v -0.027588 0.888184 -0.039795 0.1098 0.0627 0.0392
v -0.040771 0.909668 -0.039795 0.0157 0.0157 0.0039
v -0.041260 0.964844 -0.039795 0.0549 0.0431 0.0314
v -0.029053 0.979980 -0.039795 0.0431 0.0510 0.0510
v -0.029053 0.981934 -0.039795 0.0588 0.0431 0.0275
v -0.022705 0.984863 -0.039795 0.0863 0.0706 0.0627
v -0.034424 0.417480 -0.039795 0.6863 0.4392 0.3176
v 0.034424 0.417480 -0.039795 0.6902 0.4432 0.3137
v -0.112549 0.415039 -0.039795 0.0235 0.2275 0.1059
v 0.112549 0.415039 -0.039795 0.0196 0.2118 0.1059
v -0.084717 0.545410 -0.040283 0.0235 0.2471 0.1137
v 0.084717 0.545410 -0.040283 0.0353 0.2471 0.1137
v -0.083252 0.558105 -0.040283 0.0314 0.2471 0.1137
v 0.083252 0.558105 -0.040283 0.0431 0.2471 0.1137
v -0.432373 0.751953 -0.040283 0.0353 0.3529 0.1294
v 0.245361 0.763672 -0.040283 0.6863 0.4667 0.3490
v -0.233643 0.767578 -0.040283 0.6354 0.4157 0.3019
v -0.410889 0.769531 -0.040283 0.0118 0.2784 0.0784
v -0.406494 0.772949 -0.040283 0.0118 0.2784 0.0863
v -0.400147 0.776367 -0.040283 0.0275 0.2902 0.1059
v 0.475342 0.795410 -0.040283 0.0392 0.4157 0.1412
v -0.288818 0.818848 -0.040283 0.7098 0.4784 0.3451
v -0.466553 0.821289 -0.040283 0.0353 0.4118 0.1412
v -0.458252 0.829102 -0.040283 0.0667 0.4118 0.1569
v -0.447510 0.834961 -0.040283 0.0196 0.3765 0.1059
v 0.400147 0.836914 -0.040283 0.0431 0.3804 0.1412
v -0.416260 0.838379 -0.040283 0.0431 0.3961 0.1451
v -0.026123 0.870117 -0.040283 0.6980 0.4667 0.3372
v 0.026123 0.870117 -0.040283 0.7098 0.4745 0.3412
v 0.027100 0.888184 -0.040283 0.0510 0.0471 0.0353
v -0.032959 0.895996 -0.040283 0.0314 0.0235 0.0275
v 0.039795 0.908203 -0.040283 0.0275 0.0196 0.0118
v 0.044678 0.915039 -0.040283 0.0745 0.0627 0.0431
v 0.048584 0.945312 -0.040283 0.0784 0.0588 0.0471
v 0.002197 0.983887 -0.040283 0.0118 0.0078 0.0000
v -0.113525 0.428223 -0.040283 0.0275 0.2510 0.1137
v 0.113525 0.428223 -0.040283 0.0392 0.2588 0.1216
v -0.116943 0.285156 -0.040283 0.6667 0.4471 0.3176
v 0.116943 0.285156 -0.040283 0.6785 0.4392 0.3176
v -0.094971 0.034180 -0.040283 0.0157 0.1961 0.0824
v 0.094971 0.033691 -0.040283 0.0157 0.1922 0.0784
v 0.000244 0.627441 -0.040771 0.6079 0.6079 0.6197
v -0.038818 0.640137 -0.040771 0.0235 0.2157 0.0980
v 0.038818 0.640137 -0.040771 0.0196 0.2196 0.0980
v 0.000244 0.642578 -0.040771 0.0157 0.2078 0.0941
v 0.439209 0.750977 -0.040771 0.0275 0.3333 0.1098
v -0.421631 0.757324 -0.040772 0.0275 0.3176 0.1098
v -0.414795 0.763672 -0.040772 0.0235 0.2823 0.0941
v 0.233643 0.767578 -0.040771 0.6706 0.4471 0.3294
v 0.400147 0.776367 -0.040771 0.0314 0.2980 0.1098
v 0.391357 0.780273 -0.040771 0.0392 0.2863 0.1098
v 0.472900 0.809082 -0.040771 0.0392 0.4157 0.1412
v -0.334717 0.810059 -0.040772 0.1961 0.2627 0.2157
v 0.288818 0.818848 -0.040771 0.7059 0.4784 0.3490
v -0.431885 0.838379 -0.040772 0.0510 0.4039 0.1530
v -0.048096 0.933594 -0.040771 0.0980 0.0784 0.0667
v -0.022217 0.976562 -0.040771 0.0196 0.0118 0.0118
v 0.035400 0.977051 -0.040771 0.0196 0.0157 0.0000
v 0.030518 0.979492 -0.040771 0.0824 0.0745 0.0549
v 0.007080 0.983887 -0.040771 0.0392 0.0275 0.0157
v -0.016357 0.985352 -0.040771 0.0510 0.0353 0.0235
v 0.022705 0.989746 -0.040771 0.0392 0.0235 0.0118
v -0.096436 0.091309 -0.040771 0.0431 0.2353 0.1176
v -0.027588 0.624023 -0.041260 0.5647 0.5804 0.5843
v 0.027588 0.624023 -0.041260 0.5333 0.5373 0.5451
v -0.012939 0.625488 -0.041260 0.6118 0.6157 0.6236
v 0.012939 0.625488 -0.041260 0.5725 0.5843 0.5882
v -0.046631 0.655762 -0.041260 0.0235 0.2157 0.1020
v 0.046631 0.655762 -0.041260 0.0196 0.2118 0.0941
v 0.432373 0.751953 -0.041260 0.0431 0.3490 0.1216
v 0.410889 0.770020 -0.041260 0.0118 0.2627 0.0667
v 0.406494 0.773438 -0.041260 0.0549 0.2823 0.0980
v -0.323486 0.810059 -0.041260 0.7686 0.4863 0.3647
v 0.466553 0.821289 -0.041260 0.0392 0.4078 0.1451
v 0.458252 0.829590 -0.041260 0.0392 0.4039 0.1490
v 0.447510 0.834961 -0.041260 0.0392 0.3961 0.1373
v 0.416260 0.838867 -0.041260 0.0314 0.3804 0.1294
v 0.019287 0.885742 -0.041260 0.6118 0.3961 0.2941
v 0.047119 0.959473 -0.041260 0.0314 0.0196 0.0118
v 0.034424 0.972168 -0.041260 0.0745 0.0510 0.0392
v 0.036377 0.976074 -0.041260 0.0431 0.0235 0.0118
v -0.003662 0.984863 -0.041260 0.0196 0.0078 0.0039
v -0.052979 0.350586 -0.041260 0.6902 0.4784 0.3451
v 0.052979 0.350586 -0.041260 0.6941 0.4628 0.3294
v -0.103271 0.322266 -0.041260 0.7176 0.4706 0.3294
v 0.103272 0.322266 -0.041260 0.6980 0.4863 0.3647
v 0.096436 0.091309 -0.041260 0.0157 0.1843 0.0784
v -0.095947 0.079102 -0.041260 0.0588 0.2510 0.1255
v 0.095947 0.079102 -0.041260 0.0157 0.1843 0.0784
v 0.000244 0.625488 -0.041748 0.5725 0.5725 0.5804
v 0.421631 0.757324 -0.041748 0.0353 0.3098 0.1137
v 0.414795 0.763672 -0.041748 0.0157 0.2706 0.0824
v -0.222412 0.769531 -0.041748 0.6589 0.4432 0.3255
v -0.312256 0.810059 -0.041748 0.7412 0.5019 0.3647
v 0.334717 0.810059 -0.041748 0.0118 0.1765 0.0745
v -0.326904 0.815430 -0.041748 0.2706 0.2588 0.1686
v -0.278564 0.819824 -0.041748 0.7137 0.4784 0.3529
v 0.432373 0.838379 -0.041748 0.0431 0.3961 0.1451
v -0.018799 0.885254 -0.041748 0.6236 0.4157 0.3019
v 0.041260 0.908203 -0.041748 0.0627 0.0392 0.0314
v -0.044678 0.916504 -0.041748 0.0745 0.0510 0.0392
v -0.045654 0.924316 -0.041748 0.0784 0.0627 0.0510
v 0.048584 0.939941 -0.041748 0.0353 0.0275 0.0196
v -0.025635 0.974609 -0.041748 0.0353 0.0275 0.0078
v 0.030029 0.975098 -0.041748 0.0784 0.0745 0.0627
v 0.034424 0.977539 -0.041748 0.0353 0.0235 0.0235
v -0.024658 0.979004 -0.041748 0.0157 0.0118 0.0118
v 0.027588 0.984863 -0.041748 0.0510 0.0353 0.0196
v 0.003174 0.986328 -0.041748 0.0118 0.0000 0.0000
v 0.014404 0.989746 -0.041748 0.1020 0.0863 0.0745
v -0.115967 0.395020 -0.041748 0.2196 0.2510 0.1686
v 0.115967 0.395020 -0.041748 0.0745 0.2118 0.1098
v -0.101318 0.335938 -0.041748 0.7020 0.4667 0.3333
v 0.101318 0.335938 -0.041748 0.6785 0.4628 0.3372
v -0.063232 0.252930 -0.041748 0.6902 0.4550 0.3216
v 0.063232 0.252930 -0.041748 0.6941 0.4589 0.3255
v -0.093994 0.101562 -0.041748 0.0510 0.2314 0.1176
v 0.093994 0.101562 -0.041748 0.0235 0.1804 0.0784
v -0.095459 0.067383 -0.041748 0.0510 0.2432 0.1176
v 0.095459 0.067383 -0.041748 0.0157 0.1843 0.0784
v -0.055908 0.591797 -0.042236 0.0627 0.2745 0.1451
v 0.055908 0.591797 -0.042236 0.0588 0.2784 0.1373
v 0.000244 0.651855 -0.042236 0.0157 0.1922 0.0863
v 0.222412 0.769531 -0.042236 0.6706 0.4353 0.3176
v -0.335205 0.782715 -0.042236 0.0824 0.1961 0.1373
v 0.323486 0.810059 -0.042236 0.7020 0.4902 0.3451
v -0.335693 0.813965 -0.042236 0.4745 0.5216 0.4823
v 0.326904 0.815918 -0.042236 0.0627 0.2000 0.1059
v -0.021729 0.882812 -0.042236 0.5686 0.3725 0.2667
v 0.021729 0.882812 -0.042236 0.2549 0.1686 0.1216
v -0.046631 0.925781 -0.042236 0.0706 0.0549 0.0431
v 0.043701 0.964844 -0.042236 0.0627 0.0471 0.0314
v 0.039795 0.968750 -0.042236 0.1020 0.0824 0.0667
v -0.022705 0.981934 -0.042236 0.0353 0.0235 0.0157
v -0.016357 0.984375 -0.042236 0.0471 0.0353 0.0196
v -0.009521 0.985352 -0.042236 0.0510 0.0431 0.0275
v -0.002686 0.988770 -0.042236 0.0627 0.0431 0.0353
v -0.010498 0.993652 -0.042236 0.0902 0.0784 0.0627
v 0.031494 0.433105 -0.042236 0.6550 0.4235 0.3137
v -0.116943 0.412109 -0.042236 0.0353 0.2471 0.1137
v 0.116943 0.412109 -0.042236 0.0275 0.2314 0.1098
v -0.091064 0.112305 -0.042236 0.0510 0.2314 0.1176
v 0.091064 0.112305 -0.042236 0.0353 0.1922 0.0902
v -0.122314 0.003906 -0.042236 0.0275 0.2196 0.0941
v 0.122314 0.003906 -0.042236 0.0431 0.2353 0.1176
v -0.043213 0.608887 -0.042725 0.6079 0.6118 0.6197
v 0.043213 0.608887 -0.042725 0.5137 0.5176 0.5255
v 0.012939 0.624023 -0.042725 0.5647 0.5647 0.5764
v -0.012939 0.624512 -0.042725 0.6039 0.6079 0.6157
v -0.025146 0.626465 -0.042725 0.5961 0.5921 0.6118
v 0.025146 0.626465 -0.042725 0.6039 0.6039 0.6118
v 0.335205 0.782715 -0.042725 0.0392 0.1686 0.0941
v -0.300049 0.810059 -0.042725 0.7333 0.4980 0.3529
v 0.312256 0.810059 -0.042725 0.7216 0.5019 0.3647
v 0.335693 0.814453 -0.042725 0.0275 0.2078 0.0980
v 0.278564 0.819824 -0.042725 0.6980 0.4784 0.3490
v 0.018799 0.883301 -0.042725 0.6039 0.4039 0.3098
v -0.015869 0.887207 -0.042725 0.6354 0.4196 0.3098
v -0.005615 0.890137 -0.042725 0.6628 0.4392 0.3255
v 0.000244 0.890137 -0.042725 0.6628 0.4392 0.3255
v 0.006104 0.890625 -0.042725 0.6589 0.4353 0.3216
v -0.015869 0.898926 -0.042725 0.6197 0.4000 0.3019
v 0.015869 0.898926 -0.042725 0.6118 0.3961 0.2863
v 0.045166 0.921875 -0.042725 0.0471 0.0392 0.0275
v -0.031494 0.973145 -0.042725 0.0353 0.0157 0.0196
v 0.036377 0.974609 -0.042725 0.0471 0.0275 0.0118
v -0.031982 0.975586 -0.042725 0.0157 0.0118 0.0039
v 0.037842 0.977051 -0.042725 0.0549 0.0392 0.0353
v 0.037842 0.978027 -0.042725 0.0510 0.0431 0.0353
v -0.006104 0.986328 -0.042725 0.0549 0.0431 0.0353
v -0.008057 0.989746 -0.042725 0.0745 0.0510 0.0431
v -0.006592 0.991211 -0.042725 0.0784 0.0667 0.0549
v -0.009521 0.994141 -0.042725 0.0941 0.0745 0.0627
v -0.011475 0.996582 -0.042725 0.0941 0.0784 0.0627
v -0.056396 0.333984 -0.042725 0.6863 0.4784 0.3412
v 0.055908 0.333984 -0.042725 0.6980 0.4667 0.3333
v -0.060791 0.318848 -0.042725 0.6863 0.4706 0.3412
v 0.060791 0.318848 -0.042725 0.6941 0.4628 0.3294
v -0.106201 0.309082 -0.042725 0.7333 0.4784 0.3412
v 0.106201 0.309082 -0.042725 0.7059 0.4823 0.3647
v -0.065674 0.304688 -0.042725 0.6863 0.4667 0.3490
v 0.065674 0.304688 -0.042725 0.6902 0.4589 0.3255
v -0.095947 0.058594 -0.042725 0.0314 0.2235 0.1059
v 0.095947 0.058594 -0.042725 0.0118 0.1804 0.0745
v -0.146240 0.028320 -0.042725 0.0078 0.1843 0.0627
v 0.146240 0.028320 -0.042725 0.0078 0.2078 0.0863
v -0.070068 0.582031 -0.043213 0.0549 0.2902 0.1569
v 0.070068 0.582520 -0.043213 0.0588 0.2941 0.1451
v -0.056396 0.593750 -0.043213 0.1647 0.2745 0.2157
v 0.056396 0.593750 -0.043213 0.1216 0.2432 0.1843
v 0.000244 0.624023 -0.043213 0.5647 0.5647 0.5686
v -0.063232 0.676270 -0.043213 0.0157 0.1961 0.0863
v 0.063232 0.676270 -0.043213 0.0235 0.2000 0.0941
v -0.336182 0.782715 -0.043213 0.4432 0.5137 0.4784
v 0.300049 0.810059 -0.043213 0.7255 0.4941 0.3608
v -0.326416 0.817871 -0.043213 0.5882 0.4196 0.2823
v -0.028076 0.863770 -0.043213 0.7294 0.5059 0.3804
v 0.028076 0.863770 -0.043213 0.7059 0.4706 0.3412
v -0.018311 0.882812 -0.043213 0.6354 0.4157 0.3019
v -0.022705 0.882812 -0.043213 0.5530 0.3725 0.2627
v 0.022705 0.882812 -0.043213 0.1882 0.1451 0.1255
v 0.015869 0.886719 -0.043213 0.6432 0.4196 0.3137
v 0.030518 0.894531 -0.043213 0.0392 0.0353 0.0196
v -0.030518 0.895508 -0.043213 0.0039 0.0039 0.0039
v 0.043213 0.915039 -0.043213 0.0667 0.0549 0.0353
v -0.033936 0.916504 -0.043213 0.5843 0.3843 0.2980
v 0.033936 0.916504 -0.043213 0.5686 0.3765 0.2784
v 0.046143 0.926758 -0.043213 0.0392 0.0196 0.0118
v -0.045166 0.952637 -0.043213 0.0549 0.0431 0.0314
v -0.032471 0.970703 -0.043213 0.0627 0.0471 0.0314
v 0.028564 0.973633 -0.043213 0.0471 0.0314 0.0314
v 0.028564 0.978027 -0.043213 0.0588 0.0588 0.0510
v -0.010986 0.993164 -0.043213 0.0902 0.0706 0.0588
v -0.009033 0.994629 -0.043213 0.0863 0.0667 0.0549
v 0.070068 0.291504 -0.043213 0.6785 0.4550 0.3255
v -0.087646 0.121582 -0.043213 0.0431 0.2078 0.1020
v 0.087646 0.121582 -0.043213 0.0392 0.1961 0.0902
v -0.013428 0.626953 -0.043701 0.5961 0.5921 0.6079
v 0.013428 0.626953 -0.043701 0.6000 0.6079 0.6118
v -0.031006 0.649902 -0.043701 0.0275 0.2039 0.0941
v 0.031006 0.649902 -0.043701 0.0235 0.2039 0.0941
v -0.101807 0.737305 -0.043701 0.6980 0.4706 0.3333
v 0.101807 0.737305 -0.043701 0.7059 0.4863 0.3490
v -0.166748 0.757324 -0.043701 0.6902 0.4550 0.3255
v -0.178467 0.759277 -0.043701 0.6824 0.4628 0.3372
v -0.190186 0.762207 -0.043701 0.6745 0.4589 0.3372
v -0.200439 0.764160 -0.043701 0.6706 0.4550 0.3333
v -0.211182 0.765625 -0.043701 0.6628 0.4510 0.3333
v -0.337647 0.781250 -0.043701 0.4667 0.5098 0.5019
v 0.336182 0.782715 -0.043701 0.0392 0.1725 0.0980
v -0.377197 0.790527 -0.043701 0.0039 0.2039 0.0314
v 0.326416 0.817871 -0.043701 0.2118 0.3176 0.2118
v -0.328369 0.818848 -0.043701 0.5255 0.4078 0.2863
v -0.267822 0.819336 -0.043701 0.7137 0.4823 0.3608
v 0.026123 0.887207 -0.043701 0.0078 0.0196 0.0118
v -0.016846 0.889648 -0.043701 0.5764 0.3804 0.3059
v 0.016846 0.889648 -0.043701 0.5764 0.3686 0.2706
v 0.034424 0.901367 -0.043701 0.0392 0.0235 0.0118
v 0.040283 0.908203 -0.043701 0.1059 0.0863 0.0745
v -0.041748 0.911621 -0.043701 0.0588 0.0549 0.0392
v -0.042236 0.917480 -0.043701 0.0706 0.0549 0.0353
v 0.047607 0.934082 -0.043701 0.0431 0.0275 0.0235
v 0.044189 0.958496 -0.043701 0.0784 0.0627 0.0510
v 0.028564 0.971191 -0.043701 0.0588 0.0471 0.0431
v 0.037842 0.976562 -0.043701 0.0706 0.0471 0.0314
v -0.032471 0.977539 -0.043701 0.0667 0.0549 0.0431
v 0.032959 0.977539 -0.043701 0.0980 0.0902 0.0745
v 0.036865 0.978516 -0.043701 0.0549 0.0431 0.0353
v -0.009521 0.989258 -0.043701 0.0745 0.0549 0.0471
v -0.006104 0.992676 -0.043701 0.0706 0.0588 0.0431
v -0.009521 0.995117 -0.043701 0.0667 0.0471 0.0392
v -0.088135 0.441406 -0.043701 0.6941 0.4628 0.3294
v -0.118896 0.396484 -0.043701 0.0275 0.1765 0.0784
v 0.118897 0.396484 -0.043701 0.0118 0.1961 0.0824
v -0.070068 0.291504 -0.043701 0.6902 0.4706 0.3451
v -0.124756 0.271484 -0.043701 0.6902 0.4706 0.3333
v 0.124268 0.271484 -0.043701 0.6902 0.4589 0.3255
v -0.087158 0.137207 -0.043701 0.6236 0.7059 0.6902
v 0.087158 0.137207 -0.043701 0.6785 0.7176 0.7216
v -0.085205 0.135742 -0.043701 0.6354 0.7137 0.7059
v -0.084229 0.131836 -0.043701 0.0196 0.1882 0.0941
v 0.084229 0.131836 -0.043701 0.0314 0.1843 0.0863
v -0.018311 0.641113 -0.044189 0.0157 0.2118 0.0941
v 0.013428 0.641602 -0.044189 0.0157 0.1961 0.0824
v 0.177979 0.759277 -0.044189 0.6980 0.4706 0.3529
v 0.190186 0.762207 -0.044189 0.6902 0.4667 0.3490
v 0.211182 0.765625 -0.044189 0.6785 0.4628 0.3451
v -0.330811 0.776367 -0.044190 0.0824 0.1804 0.0902
v -0.324951 0.779785 -0.044190 0.6589 0.4510 0.3294
v 0.337647 0.781250 -0.044189 0.0667 0.1922 0.1137
v -0.288330 0.810059 -0.044189 0.7333 0.4980 0.3608
v 0.267822 0.819336 -0.044189 0.7098 0.4745 0.3490
v -0.332764 0.820312 -0.044190 0.4745 0.5294 0.5176
v -0.375244 0.825195 -0.044190 0.0392 0.2353 0.0902
v -0.026123 0.887695 -0.044189 0.0078 0.0078 0.0039
v -0.034912 0.902344 -0.044189 0.0235 0.0157 0.0078
v -0.024658 0.905762 -0.044189 0.6000 0.3882 0.2941
v 0.024658 0.905762 -0.044189 0.5921 0.3921 0.2902
v -0.036865 0.970703 -0.044189 0.0235 0.0196 0.0118
v 0.032959 0.971191 -0.044189 0.0706 0.0549 0.0431
v -0.031494 0.971680 -0.044189 0.0392 0.0235 0.0196
v -0.037842 0.972168 -0.044189 0.0235 0.0078 0.0039
v -0.022705 0.974609 -0.044189 0.0314 0.0196 0.0118
v 0.039307 0.977539 -0.044189 0.0667 0.0627 0.0510
v 0.039307 0.978027 -0.044189 0.0667 0.0667 0.0549
v 0.010986 0.985352 -0.044189 0.0196 0.0039 0.0000
v 0.019775 0.986816 -0.044189 0.0902 0.0784 0.0706
v 0.003662 0.988281 -0.044189 0.0706 0.0549 0.0431
v -0.001709 0.990723 -0.044189 0.0784 0.0627 0.0471
v -0.011475 0.993652 -0.044189 0.0902 0.0824 0.0627
v -0.084717 0.454590 -0.044189 0.0392 0.0863 0.0157
v 0.084717 0.454590 -0.044189 0.0392 0.0863 0.0235
v 0.088135 0.441406 -0.044189 0.6941 0.4589 0.3255
v -0.092529 0.425293 -0.044189 0.6980 0.4628 0.3294
v 0.092529 0.425293 -0.044189 0.7059 0.4589 0.3294
v -0.092041 0.321777 -0.044189 0.6863 0.4706 0.3412
v 0.092041 0.321777 -0.044189 0.6706 0.4589 0.3255
v 0.085205 0.135742 -0.044189 0.7020 0.7372 0.7451
v 0.025146 0.641113 -0.044678 0.0118 0.2078 0.0941
v 0.166748 0.757324 -0.044678 0.6785 0.4510 0.3372
v 0.200439 0.764160 -0.044678 0.6824 0.4628 0.3412
v 0.324951 0.779785 -0.044678 0.6980 0.4471 0.3176
v -0.375244 0.789062 -0.044678 0.0157 0.2196 0.0549
v 0.377197 0.790527 -0.044678 0.0000 0.1922 0.0392
v 0.288330 0.810059 -0.044678 0.7216 0.4902 0.3568
v -0.257080 0.817871 -0.044678 0.7098 0.4823 0.3568
v 0.328369 0.818848 -0.044678 0.1137 0.2823 0.1725
v -0.342529 0.821777 -0.044678 0.0431 0.3255 0.1294
v -0.078369 0.835938 -0.044678 0.7490 0.4941 0.3490
v -0.048584 0.849609 -0.044678 0.5255 0.4196 0.3451
v 0.048584 0.849609 -0.044678 0.6197 0.6079 0.5843
v -0.050049 0.851562 -0.044678 0.4353 0.3765 0.3137
v 0.050049 0.851562 -0.044678 0.5176 0.5764 0.5686
v -0.038818 0.910156 -0.044678 0.0157 0.0118 0.0000
v 0.045654 0.951172 -0.044678 0.0353 0.0235 0.0078
v 0.030518 0.972656 -0.044678 0.0588 0.0627 0.0510
v 0.039307 0.977051 -0.044678 0.0627 0.0588 0.0353
v 0.038818 0.978516 -0.044678 0.0588 0.0549 0.0431
v 0.025146 0.982422 -0.044678 0.1137 0.0980 0.0863
v -0.008057 0.986328 -0.044678 0.0549 0.0392 0.0275
v -0.010986 0.994141 -0.044678 0.1059 0.0784 0.0706
v -0.010010 0.994629 -0.044678 0.0863 0.0706 0.0588
v -0.041260 0.447266 -0.044678 0.2902 0.2275 0.1530
v 0.041260 0.447266 -0.044678 0.5216 0.3765 0.2745
v -0.095459 0.407227 -0.044678 0.7020 0.4667 0.3333
v 0.095459 0.407227 -0.044678 0.7059 0.4589 0.3294
v -0.098389 0.387695 -0.044678 0.6589 0.4589 0.3255
v 0.098389 0.387695 -0.044678 0.6863 0.4628 0.3216
v -0.099854 0.351074 -0.044678 0.6941 0.4706 0.3412
v 0.099854 0.351074 -0.044678 0.6863 0.4706 0.3451
v -0.081787 0.320801 -0.044678 0.6706 0.4510 0.3255
v 0.081787 0.320801 -0.044678 0.6863 0.4706 0.3412
v -0.109619 0.296387 -0.044678 0.6980 0.4667 0.3137
v 0.109619 0.296387 -0.044678 0.7020 0.4823 0.3568
v -0.062256 0.242188 -0.044678 0.6863 0.4550 0.3216
v 0.062256 0.242188 -0.044678 0.6941 0.4589 0.3255
v -0.094971 0.048340 -0.044678 0.0392 0.2196 0.1059
v 0.094971 0.048340 -0.044678 0.0235 0.2039 0.0941
v -0.028076 0.609375 -0.045166 0.5569 0.5608 0.5686
v 0.028076 0.609375 -0.045166 0.5137 0.5176 0.5255
v -0.013428 0.651367 -0.045166 0.0196 0.2000 0.0902
v 0.013428 0.651367 -0.045166 0.0157 0.2000 0.0902
v 0.000244 0.659180 -0.045166 0.0235 0.2039 0.0941
v -0.106689 0.748047 -0.045166 0.6824 0.4706 0.3372
v -0.153076 0.759766 -0.045166 0.7804 0.4863 0.3568
v -0.332275 0.774902 -0.045166 0.0627 0.1490 0.0824
v 0.330811 0.776367 -0.045166 0.0627 0.1569 0.0902
v -0.328857 0.781738 -0.045166 0.2196 0.2510 0.1647
v -0.371338 0.787598 -0.045166 0.5255 0.5255 0.5176
v -0.335205 0.806152 -0.045166 0.3529 0.4000 0.3725
v 0.332764 0.820312 -0.045166 0.2510 0.3882 0.3255
v -0.333740 0.821289 -0.045166 0.4118 0.4628 0.4510
v -0.335693 0.821289 -0.045166 0.4980 0.5804 0.5490
v -0.362061 0.824219 -0.045166 0.0353 0.3176 0.1373
v 0.375244 0.825195 -0.045166 0.0157 0.2157 0.0667
v -0.368408 0.825684 -0.045166 0.7176 0.7176 0.7294
v -0.381104 0.826660 -0.045166 0.0431 0.3137 0.1176
v 0.078369 0.835938 -0.045166 0.6628 0.4589 0.3294
v -0.070068 0.838867 -0.045166 0.7843 0.7451 0.7372
v 0.070068 0.838867 -0.045166 0.6745 0.4980 0.3843
v -0.070068 0.842773 -0.045166 0.8117 0.7960 0.7764
v 0.070068 0.842773 -0.045166 0.6354 0.4589 0.3412
v -0.066650 0.843262 -0.045166 0.0706 0.1686 0.1059
v 0.066650 0.843262 -0.045166 0.6393 0.6628 0.6550
v -0.060791 0.845703 -0.045166 0.0157 0.1725 0.0941
v 0.060791 0.845703 -0.045166 0.0039 0.1294 0.0431
v -0.053955 0.849121 -0.045166 0.7020 0.7451 0.7255
v 0.053955 0.849121 -0.045166 0.0078 0.1725 0.0706
v -0.018311 0.880371 -0.045166 0.6550 0.4275 0.3059
v 0.018311 0.880371 -0.045166 0.6902 0.4628 0.3294
v -0.022705 0.883301 -0.045166 0.3490 0.2118 0.1490
v 0.022705 0.883301 -0.045166 0.1373 0.1020 0.0784
v 0.017334 0.883789 -0.045166 0.4863 0.3216 0.2275
v -0.008057 0.898926 -0.045166 0.6197 0.4000 0.2980
v 0.008057 0.898926 -0.045166 0.6079 0.3961 0.2863
v 0.037842 0.908691 -0.045166 0.0314 0.0196 0.0078
v 0.040771 0.915527 -0.045166 0.0471 0.0431 0.0353
v 0.046143 0.927246 -0.045166 0.0392 0.0275 0.0118
v -0.045654 0.953125 -0.045166 0.0784 0.0667 0.0510
v -0.036865 0.970215 -0.045166 0.0235 0.0235 0.0157
v -0.037842 0.973145 -0.045166 0.0196 0.0039 0.0078
v 0.035400 0.974121 -0.045166 0.0392 0.0353 0.0275
v 0.026611 0.976562 -0.045166 0.0627 0.0588 0.0510
v 0.032959 0.976562 -0.045166 0.0431 0.0392 0.0275
v 0.038818 0.978027 -0.045166 0.0549 0.0588 0.0431
v 0.036377 0.978516 -0.045166 0.0588 0.0510 0.0392
v -0.006104 0.993164 -0.045166 0.0510 0.0392 0.0235
v 0.106689 0.748047 -0.045654 0.7216 0.4784 0.3451
v 0.153076 0.759766 -0.045654 0.6510 0.4432 0.3137
v 0.332275 0.775391 -0.045654 0.0667 0.1530 0.0863
v -0.313721 0.776367 -0.045654 0.6785 0.4471 0.3216
v 0.328857 0.781738 -0.045654 0.6118 0.4392 0.3372
v -0.364502 0.786133 -0.045654 0.0039 0.2549 0.0667
v -0.373779 0.787109 -0.045654 0.0314 0.1961 0.0706
v 0.375244 0.789062 -0.045654 0.4941 0.5098 0.4745
v 0.335205 0.806152 -0.045654 0.0314 0.1686 0.0863
v -0.278076 0.809082 -0.045654 0.7372 0.4980 0.3608
v -0.224854 0.812500 -0.045654 0.6941 0.4628 0.3333
v -0.235107 0.814453 -0.045654 0.7020 0.4784 0.3529
v -0.246338 0.816406 -0.045654 0.7059 0.4784 0.3529
v 0.257080 0.817871 -0.045654 0.6941 0.4706 0.3372
v 0.335693 0.821777 -0.045654 0.3608 0.4863 0.4196
v 0.342529 0.821777 -0.045654 0.0275 0.3372 0.1333
v 0.362061 0.824219 -0.045654 0.0510 0.3098 0.1294
v -0.372803 0.826660 -0.045654 0.2549 0.4039 0.2902
v -0.031006 0.859375 -0.045654 0.7490 0.5176 0.3843
v 0.031006 0.859375 -0.045654 0.7294 0.4902 0.3608
v -0.011963 0.882812 -0.045654 0.6471 0.4314 0.3216
v 0.012451 0.882812 -0.045654 0.6432 0.4235 0.3137
v -0.017334 0.883789 -0.045654 0.0980 0.0549 0.0235
v -0.016846 0.885742 -0.045654 0.0784 0.0471 0.0314
v 0.016846 0.885742 -0.045654 0.1333 0.0824 0.0510
v 0.043213 0.921875 -0.045654 0.0784 0.0627 0.0471
v -0.039307 0.963867 -0.045654 0.1059 0.0824 0.0627
v 0.035889 0.968262 -0.045654 0.0510 0.0353 0.0275
v 0.037354 0.976074 -0.045654 0.0627 0.0549 0.0392
v 0.038818 0.976562 -0.045654 0.0667 0.0588 0.0471
v 0.040283 0.977539 -0.045654 0.0706 0.0588 0.0471
v -0.010010 0.989746 -0.045654 0.0902 0.0824 0.0706
v -0.028076 0.438965 -0.045654 0.0000 0.1647 0.0588
v 0.028076 0.438477 -0.045654 0.0039 0.1451 0.0510
v -0.099854 0.369141 -0.045654 0.6980 0.4784 0.3490
v 0.099854 0.369141 -0.045654 0.6941 0.4745 0.3372
v -0.132568 0.092285 -0.045654 0.0157 0.1725 0.0667
v 0.132568 0.092285 -0.045654 0.0196 0.1647 0.0667
v -0.132080 0.089355 -0.045654 0.0353 0.2078 0.0980
v 0.132080 0.088867 -0.045654 0.0314 0.1765 0.0745
v -0.093994 0.042969 -0.045654 0.0353 0.2275 0.1098
v 0.093994 0.042480 -0.045654 0.0196 0.2118 0.0941
v -0.145264 0.022461 -0.045654 0.6471 0.6941 0.6628
v 0.145264 0.022461 -0.045654 0.0745 0.1765 0.1137
v -0.143799 0.020508 -0.045654 0.0235 0.2078 0.0863
v 0.143799 0.020508 -0.045654 0.4353 0.5764 0.4510
v -0.044189 0.592285 -0.046143 0.0510 0.2392 0.1294
v 0.044189 0.592285 -0.046143 0.0353 0.2510 0.1294
v 0.364502 0.786621 -0.046143 0.0275 0.2980 0.0980
v 0.371338 0.787598 -0.046143 0.5686 0.6079 0.5764
v -0.379639 0.788574 -0.046143 0.0275 0.3294 0.1020
v 0.278076 0.809082 -0.046143 0.7255 0.4941 0.3608
v 0.224854 0.812500 -0.046143 0.7020 0.4823 0.3529
v 0.246338 0.816406 -0.046143 0.7098 0.4823 0.3451
v 0.333740 0.821289 -0.046143 0.3882 0.4589 0.4157
v 0.368408 0.825684 -0.046143 0.5137 0.5569 0.5412
v 0.381104 0.826660 -0.046143 0.0235 0.2980 0.0980
v -0.370361 0.827148 -0.046143 0.4432 0.4823 0.4510
v -0.377686 0.827148 -0.046143 0.0471 0.2823 0.1020
v -0.023193 0.887695 -0.046143 0.0039 0.0039 0.0039
v 0.023193 0.887695 -0.046143 0.0196 0.0235 0.0196
v 0.000244 0.890137 -0.046143 0.6432 0.4157 0.3019
v 0.000244 0.898926 -0.046143 0.6118 0.4000 0.2902
v 0.039795 0.963379 -0.046143 0.0745 0.0588 0.0471
v 0.027100 0.970215 -0.046143 0.0314 0.0275 0.0196
v -0.037842 0.973145 -0.046143 0.0157 0.0118 0.0078
v 0.033447 0.975098 -0.046143 0.0392 0.0392 0.0314
v 0.038818 0.977051 -0.046143 0.0667 0.0588 0.0471
v -0.032471 0.977539 -0.046143 0.0902 0.0784 0.0588
v 0.036377 0.978027 -0.046143 0.0627 0.0510 0.0392
v 0.038818 0.978027 -0.046143 0.0667 0.0588 0.0431
v -0.023193 0.982422 -0.046143 0.0745 0.0588 0.0431
v -0.085205 0.307129 -0.046143 0.6863 0.4550 0.3333
v 0.085205 0.307129 -0.046143 0.6902 0.4745 0.3412
v -0.129639 0.261230 -0.046143 0.7059 0.4823 0.3451
v 0.129639 0.261230 -0.046143 0.6902 0.4589 0.3255
v -0.134033 0.081543 -0.046143 0.0275 0.2471 0.1020
v 0.134033 0.081543 -0.046143 0.0353 0.2196 0.0941
v -0.146240 0.020020 -0.046143 0.0157 0.2235 0.0784
v 0.146240 0.020020 -0.046143 0.1608 0.3059 0.2078
v -0.013428 0.609375 -0.046631 0.6118 0.6197 0.6157
v 0.013428 0.609375 -0.046631 0.4863 0.4863 0.4980
v -0.049072 0.666016 -0.046631 0.0235 0.2078 0.0980
v 0.049072 0.666016 -0.046631 0.0196 0.2000 0.0902
v 0.313721 0.776367 -0.046631 0.6863 0.4510 0.3216
v -0.329346 0.779785 -0.046631 0.2235 0.2706 0.1922
v -0.335693 0.780273 -0.046631 0.6393 0.6157 0.6197
v -0.345459 0.782227 -0.046631 0.0039 0.2980 0.0784
v 0.373291 0.787109 -0.046631 0.6785 0.6785 0.6745
v -0.323486 0.806152 -0.046631 0.7882 0.4902 0.3451
v -0.269287 0.807617 -0.046631 0.7333 0.5059 0.3647
v 0.235107 0.814453 -0.046631 0.6980 0.4706 0.3372
v -0.216064 0.816895 -0.046631 0.7176 0.4863 0.3529
v 0.372803 0.826660 -0.046631 0.3804 0.4589 0.4039
v 0.377686 0.827148 -0.046631 0.0275 0.2980 0.1098
v -0.383057 0.831543 -0.046631 0.0275 0.3333 0.1098
v -0.043213 0.852051 -0.046631 0.8196 0.7294 0.7137
v 0.043213 0.852051 -0.046631 0.7333 0.4863 0.3529
v -0.020752 0.883789 -0.046631 0.5019 0.3490 0.2784
v 0.000244 0.883789 -0.046631 0.6550 0.4314 0.3255
v 0.021240 0.883789 -0.046631 0.1020 0.0588 0.0392
v 0.006104 0.884766 -0.046631 0.6315 0.4235 0.3137
v -0.008545 0.890137 -0.046631 0.5686 0.3765 0.3019
v 0.008545 0.890137 -0.046631 0.5961 0.4118 0.3137
v -0.027100 0.894043 -0.046631 0.0000 0.0039 0.0078
v 0.027100 0.894043 -0.046631 0.0314 0.0275 0.0275
v 0.044189 0.927734 -0.046631 0.0588 0.0471 0.0314
v -0.044678 0.942871 -0.046631 0.0706 0.0588 0.0431
v -0.041260 0.969238 -0.046631 0.0314 0.0235 0.0157
v -0.036377 0.970215 -0.046631 0.0353 0.0275 0.0235
v -0.031006 0.971191 -0.046631 0.0549 0.0431 0.0314
v 0.027100 0.975586 -0.046631 0.0588 0.0510 0.0392
v 0.036377 0.976562 -0.046631 0.0588 0.0510 0.0353
v -0.016846 0.984863 -0.046631 0.0824 0.0667 0.0510
v -0.008057 0.986328 -0.046631 0.0588 0.0431 0.0314
v -0.002197 0.991211 -0.046631 0.0549 0.0431 0.0235
v -0.007568 0.992676 -0.046631 0.1020 0.0863 0.0706
v -0.042725 0.436035 -0.046631 0.6824 0.4471 0.3255
v 0.042725 0.436035 -0.046631 0.6902 0.4432 0.3216
v -0.089600 0.335449 -0.046631 0.6824 0.4589 0.3294
v 0.089600 0.335449 -0.046631 0.6745 0.4628 0.3294
v -0.088135 0.150879 -0.046631 0.0745 0.2157 0.1176
v 0.088135 0.150879 -0.046631 0.1137 0.2078 0.1137
v -0.134521 0.093750 -0.046631 0.0235 0.1647 0.0706
v 0.134521 0.093750 -0.046631 0.0235 0.1922 0.0824
v -0.093994 0.029785 -0.046631 0.0196 0.2118 0.0980
v 0.093994 0.029785 -0.046631 0.0157 0.1922 0.0863
v -0.143799 0.004395 -0.046631 0.0196 0.1961 0.0863
v 0.143799 0.004395 -0.046631 0.0000 0.1922 0.0745
v -0.044678 0.594238 -0.047119 0.3529 0.4000 0.3686
v 0.044678 0.594238 -0.047119 0.2902 0.3294 0.3216
v 0.000244 0.608887 -0.047119 0.5373 0.5373 0.5451
v -0.110596 0.759277 -0.047119 0.6628 0.4314 0.3098
v 0.110596 0.759277 -0.047119 0.6667 0.4353 0.3098
v -0.139404 0.764648 -0.047119 0.6745 0.4314 0.3098
v -0.268799 0.768066 -0.047119 0.7098 0.4510 0.3176
v -0.332275 0.779785 -0.047119 0.1020 0.2078 0.1373
v 0.379639 0.788574 -0.047119 0.0039 0.1961 0.0275
v -0.247803 0.804688 -0.047119 0.7176 0.4823 0.3412
v -0.259522 0.805176 -0.047119 0.7333 0.4980 0.3568
v 0.323486 0.806152 -0.047119 0.7020 0.4941 0.3647
v -0.336182 0.809082 -0.047119 0.4745 0.5137 0.5137
v -0.326904 0.810059 -0.047119 0.1490 0.2392 0.1294
v -0.206787 0.820312 -0.047119 0.7412 0.5059 0.3647
v -0.156494 0.826660 -0.047119 0.6941 0.4667 0.3412
v -0.163330 0.826660 -0.047119 0.7176 0.4863 0.3529
v 0.370361 0.827148 -0.047119 0.4550 0.5255 0.4941
v -0.087158 0.839844 -0.047119 0.7333 0.5019 0.3725
v 0.087158 0.839844 -0.047119 0.7333 0.5137 0.3765
v -0.019287 0.872559 -0.047119 0.6941 0.4589 0.3176
v 0.019287 0.872559 -0.047119 0.7059 0.4863 0.3490
v -0.017822 0.879395 -0.047119 0.6276 0.4157 0.2784
v 0.017822 0.879395 -0.047119 0.6276 0.4118 0.2745
v -0.014404 0.882812 -0.047119 0.2863 0.1843 0.1294
v 0.014404 0.882812 -0.047119 0.3294 0.2314 0.1686
v -0.018799 0.883789 -0.047119 0.1725 0.0941 0.0471
v 0.018799 0.883789 -0.047119 0.5804 0.4039 0.3216
v -0.018311 0.887695 -0.047119 0.0118 0.0078 0.0118
v -0.020264 0.887695 -0.047119 0.0039 0.0039 0.0118
v 0.017822 0.887695 -0.047119 0.0118 0.0118 0.0078
v 0.019775 0.887695 -0.047119 0.0039 0.0078 0.0196
v -0.034424 0.901855 -0.047119 0.0235 0.0196 0.0039
v 0.034424 0.968750 -0.047119 0.0784 0.0706 0.0588
v -0.029541 0.969238 -0.047119 0.0510 0.0392 0.0314
v -0.026123 0.971680 -0.047119 0.0549 0.0353 0.0235
v -0.037354 0.972656 -0.047119 0.0235 0.0314 0.0275
v 0.022705 0.979980 -0.047119 0.0627 0.0510 0.0353
v 0.016846 0.983398 -0.047119 0.0314 0.0157 0.0078
v -0.009033 0.991211 -0.047119 0.1216 0.1098 0.0980
v -0.062256 0.351074 -0.047119 0.6824 0.4628 0.3333
v 0.062256 0.351074 -0.047119 0.6785 0.4628 0.3333
v -0.086182 0.147949 -0.047119 0.0471 0.2157 0.1216
v -0.135010 0.106445 -0.047119 0.1137 0.3490 0.2078
v 0.135010 0.106445 -0.047119 0.0510 0.2432 0.1176
v -0.145752 0.036133 -0.047119 0.0667 0.2745 0.1333
v 0.145752 0.036133 -0.047119 0.0471 0.2314 0.1059
v -0.094971 0.021973 -0.047119 0.4745 0.5686 0.5333
v 0.094971 0.021973 -0.047119 0.1059 0.2353 0.1608
v -0.146240 0.006836 -0.047119 0.0078 0.1922 0.0667
v 0.146240 0.006836 -0.047119 0.0078 0.1961 0.0706
v -0.068604 0.686523 -0.047607 0.0118 0.1961 0.0824
v 0.068604 0.686523 -0.047607 0.0275 0.2078 0.0941
v 0.139404 0.764648 -0.047607 0.6589 0.4196 0.2980
v -0.114502 0.765625 -0.047607 0.6236 0.3882 0.2706
v 0.114502 0.765625 -0.047607 0.6197 0.3961 0.2823
v -0.124756 0.767090 -0.047607 0.6354 0.4078 0.2863
v -0.279053 0.767578 -0.047607 0.7098 0.4432 0.3098
v 0.268799 0.768066 -0.047607 0.7137 0.4550 0.3176
v -0.244873 0.770508 -0.047607 0.7098 0.4550 0.3216
v -0.233643 0.771484 -0.047607 0.6589 0.4275 0.3059
v -0.301514 0.772461 -0.047607 0.7020 0.4510 0.3176
v -0.337158 0.779785 -0.047607 0.7020 0.6863 0.6824
v 0.329346 0.779785 -0.047607 0.4902 0.3921 0.2902
v 0.332275 0.779785 -0.047607 0.2235 0.2667 0.2118
v -0.339111 0.780273 -0.047607 0.3412 0.3882 0.3490
v 0.335693 0.780273 -0.047607 0.0824 0.1882 0.0980
v 0.345459 0.782227 -0.047607 0.0078 0.2392 0.0471
v 0.247803 0.804688 -0.047607 0.6902 0.4550 0.3255
v 0.259522 0.804688 -0.047607 0.7372 0.4941 0.3608
v 0.269287 0.807617 -0.047607 0.7333 0.5059 0.3647
v 0.327393 0.810059 -0.047607 0.5451 0.4628 0.3686
v 0.216064 0.816895 -0.047607 0.7294 0.4863 0.3451
v -0.196533 0.822754 -0.047607 0.7451 0.5098 0.3765
v -0.186279 0.824219 -0.047607 0.7490 0.5176 0.3843
v -0.174072 0.826172 -0.047607 0.7529 0.5216 0.3882
v 0.156494 0.826660 -0.047607 0.6863 0.4550 0.3216
v 0.383057 0.831543 -0.047607 0.0588 0.3647 0.1490
v -0.387940 0.832031 -0.047607 0.0588 0.3725 0.1451
v -0.035400 0.855957 -0.047607 0.7529 0.5216 0.3961
v 0.035400 0.855957 -0.047607 0.7412 0.4902 0.3608
v 0.000244 0.881348 -0.047607 0.6550 0.4314 0.3137
v -0.005615 0.882812 -0.047607 0.5921 0.3882 0.2863
v -0.030518 0.895020 -0.047607 0.0275 0.0196 0.0157
v -0.037842 0.909668 -0.047607 0.0471 0.0471 0.0392
v -0.044189 0.934082 -0.047607 0.0510 0.0392 0.0275
v -0.036865 0.970703 -0.047607 0.0392 0.0353 0.0275
v -0.067139 0.334473 -0.047607 0.6863 0.4745 0.3412
v 0.067139 0.334473 -0.047607 0.6863 0.4628 0.3372
v -0.095947 0.308594 -0.047607 0.6902 0.4745 0.3451
v 0.095947 0.308594 -0.047607 0.6589 0.4471 0.3176
v -0.063721 0.221680 -0.047607 0.6745 0.4550 0.3255
v 0.063721 0.221680 -0.047607 0.6863 0.4471 0.3255
v 0.086182 0.147949 -0.047607 0.0471 0.2157 0.1176
v -0.136475 0.069336 -0.047607 0.0314 0.2039 0.0824
v 0.136475 0.069336 -0.047607 0.0196 0.2078 0.0902
v -0.093994 0.041016 -0.047607 0.0392 0.2314 0.1137
v 0.093994 0.041016 -0.047607 0.0157 0.2078 0.0941
v -0.096436 0.020020 -0.047607 0.0275 0.1843 0.1020
v 0.096924 0.020020 -0.047607 0.2275 0.3490 0.2902
v -0.094482 0.019043 -0.047607 0.0118 0.1882 0.0902
v 0.094482 0.019043 -0.047607 0.0235 0.1882 0.0980
v -0.031982 0.657227 -0.048096 0.0314 0.2235 0.1059
v 0.031982 0.657227 -0.048096 0.0314 0.2118 0.0980
v 0.124756 0.767090 -0.048096 0.6393 0.4078 0.2902
v -0.288818 0.769043 -0.048096 0.7098 0.4392 0.3059
v -0.258057 0.770508 -0.048096 0.7020 0.4510 0.3137
v 0.301514 0.772461 -0.048096 0.7059 0.4589 0.3255
v 0.339111 0.780273 -0.048096 0.6902 0.7294 0.7137
v -0.332764 0.780762 -0.048096 0.0824 0.1725 0.1059
v -0.384522 0.787598 -0.048096 0.0039 0.3019 0.0824
v -0.335693 0.801758 -0.048096 0.4471 0.4863 0.4550
v -0.312256 0.805664 -0.048096 0.7412 0.4980 0.3529
v 0.336182 0.809082 -0.048096 0.0314 0.1725 0.0824
v 0.206787 0.820312 -0.048096 0.7412 0.5019 0.3608
v 0.196533 0.822754 -0.048096 0.7412 0.5059 0.3647
v 0.186279 0.824219 -0.048096 0.7490 0.5137 0.3725
v 0.174072 0.826172 -0.048096 0.7451 0.5098 0.3686
v 0.163330 0.826660 -0.048096 0.7216 0.4863 0.3529
v -0.150635 0.831543 -0.048096 0.7137 0.4784 0.3490
v 0.000732 0.881348 -0.048096 0.6471 0.4235 0.3137
v 0.007080 0.881836 -0.048096 0.6000 0.4118 0.3137
v 0.023682 0.893066 -0.048096 0.0196 0.0118 0.0078
v 0.030518 0.895508 -0.048096 0.0314 0.0275 0.0196
v -0.040283 0.917480 -0.048096 0.0431 0.0392 0.0314
v -0.042236 0.924805 -0.048096 0.0275 0.0118 0.0000
v -0.044678 0.952637 -0.048096 0.0353 0.0314 0.0157
v 0.042725 0.958008 -0.048096 0.0627 0.0471 0.0314
v -0.037354 0.971680 -0.048096 0.0510 0.0471 0.0392
v -0.031982 0.976074 -0.048096 0.1137 0.0941 0.0627
v 0.003662 0.989258 -0.048096 0.0588 0.0431 0.0314
v -0.077393 0.334961 -0.048096 0.6706 0.4510 0.3216
v 0.077393 0.334961 -0.048096 0.6824 0.4628 0.3333
v -0.071533 0.320801 -0.048096 0.6941 0.4823 0.3529
v 0.071533 0.320801 -0.048096 0.6941 0.4823 0.3490
v -0.075928 0.306641 -0.048096 0.6980 0.4745 0.3490
v 0.075928 0.306641 -0.048096 0.6941 0.4745 0.3451
v -0.070557 0.279297 -0.048096 0.6785 0.4628 0.3412
v 0.070557 0.279297 -0.048096 0.7020 0.4510 0.3098
v -0.133545 0.249512 -0.048096 0.6980 0.4784 0.3490
v 0.133545 0.249512 -0.048096 0.7020 0.4706 0.3372
v -0.085205 0.168945 -0.048096 0.6628 0.4392 0.3216
v 0.085205 0.168945 -0.048096 0.6667 0.4432 0.3255
v -0.132568 0.152832 -0.048096 0.4314 0.3568 0.2432
v 0.133057 0.152832 -0.048096 0.7059 0.4823 0.3647
v -0.136475 0.140625 -0.048096 0.8549 0.8392 0.8549
v 0.136475 0.140625 -0.048096 0.0235 0.0863 0.0314
v -0.137451 0.113770 -0.048096 0.0314 0.2157 0.0980
v 0.137451 0.113770 -0.048096 0.0549 0.2549 0.1216
v -0.137451 0.104980 -0.048096 0.1255 0.3647 0.2235
v 0.137451 0.104980 -0.048096 0.1294 0.3372 0.2000
v -0.028564 0.592285 -0.048584 0.0353 0.2275 0.1137
v 0.028564 0.592285 -0.048584 0.0588 0.2588 0.1412
v 0.279053 0.767578 -0.048584 0.7098 0.4550 0.3059
v 0.244873 0.770508 -0.048584 0.7176 0.4550 0.3176
v 0.233643 0.771484 -0.048584 0.6510 0.4235 0.3098
v -0.327881 0.774902 -0.048584 0.5647 0.5843 0.5608
v -0.334229 0.779297 -0.048584 0.5176 0.5019 0.4823
v 0.337158 0.779785 -0.048584 0.0667 0.1882 0.1137
v -0.335693 0.789062 -0.048584 0.5019 0.5569 0.5255
v -0.235107 0.806152 -0.048584 0.6941 0.4550 0.3098
v 0.150635 0.831055 -0.048584 0.6980 0.4628 0.3255
v 0.387940 0.832031 -0.048584 0.0471 0.3765 0.1412
v -0.009521 0.878906 -0.048584 0.6471 0.4235 0.2941
v 0.010010 0.878906 -0.048584 0.6118 0.3921 0.2784
v -0.009033 0.881348 -0.048584 0.6276 0.4039 0.2980
v 0.004639 0.881348 -0.048584 0.6118 0.4078 0.3019
v 0.009033 0.881348 -0.048584 0.5255 0.3529 0.2667
v -0.003174 0.881836 -0.048584 0.6157 0.4118 0.3059
v -0.014404 0.882812 -0.048584 0.1804 0.1490 0.1255
v -0.022705 0.894531 -0.048584 0.0039 0.0118 0.0078
v 0.033447 0.900391 -0.048584 0.0706 0.0549 0.0353
v -0.016846 0.905762 -0.048584 0.5921 0.3843 0.2902
v 0.016846 0.905762 -0.048584 0.5843 0.3804 0.2863
v 0.044678 0.942383 -0.048584 0.0824 0.0588 0.0510
v -0.035889 0.962402 -0.048584 0.0078 0.0078 0.0000
v 0.022705 0.979980 -0.048584 0.0235 0.0196 0.0039
v -0.006592 0.985840 -0.048584 0.0510 0.0471 0.0353
v -0.023193 0.451660 -0.048584 0.0235 0.2118 0.0902
v 0.023193 0.451660 -0.048584 0.0235 0.2118 0.0863
v -0.135498 0.149902 -0.048584 0.0314 0.2196 0.0902
v 0.135498 0.149902 -0.048584 0.0118 0.1647 0.0627
v -0.138916 0.124512 -0.048584 0.0706 0.2627 0.1451
v 0.138916 0.124512 -0.048584 0.0392 0.2196 0.1020
v -0.138916 0.058594 -0.048584 0.0196 0.1882 0.0667
v 0.138916 0.058594 -0.048584 0.0235 0.2314 0.1098
v -0.144775 0.033691 -0.048584 0.0314 0.2314 0.1020
v -0.097412 0.005859 -0.048584 0.0157 0.1922 0.0824
v 0.097412 0.005859 -0.048584 0.0118 0.2000 0.0863
v -0.073975 0.570801 -0.049072 0.0431 0.2667 0.1294
v 0.073975 0.570801 -0.049072 0.0392 0.2745 0.1255
v -0.058350 0.581543 -0.049072 0.0510 0.2941 0.1412
v 0.058350 0.581543 -0.049072 0.0627 0.2980 0.1569
v -0.013916 0.592285 -0.049072 0.0510 0.2392 0.1294
v 0.013916 0.592285 -0.049072 0.0627 0.2432 0.1294
v -0.028564 0.594238 -0.049072 0.3333 0.3843 0.3529
v 0.028564 0.594238 -0.049072 0.1765 0.2745 0.2314
v -0.014404 0.658691 -0.049072 0.0196 0.2118 0.0980
v 0.014404 0.658691 -0.049072 0.0235 0.2039 0.0941
v 0.288818 0.769043 -0.049072 0.7176 0.4550 0.3216
v 0.258057 0.770508 -0.049072 0.7255 0.4589 0.3294
v 0.327881 0.774902 -0.049072 0.1059 0.2157 0.1373
v 0.332764 0.780762 -0.049072 0.3294 0.3804 0.3686
v 0.384522 0.787598 -0.049072 0.0118 0.2745 0.0431
v -0.337158 0.788574 -0.049072 0.4941 0.5373 0.5137
v 0.335693 0.789062 -0.049072 0.0431 0.1765 0.0941
v 0.335693 0.801758 -0.049072 0.0431 0.1569 0.0980
v 0.312256 0.805664 -0.049072 0.7176 0.4863 0.3529
v 0.235107 0.806152 -0.049072 0.6980 0.4667 0.3333
v -0.326904 0.811523 -0.049072 0.0941 0.2588 0.1412
v -0.142822 0.835938 -0.049072 0.7216 0.4902 0.3608
v -0.100342 0.842285 -0.049072 0.7451 0.5255 0.3882
v -0.010986 0.878906 -0.049072 0.6197 0.4078 0.2863
v 0.007568 0.879395 -0.049072 0.6276 0.4039 0.2823
v -0.031494 0.971680 -0.049072 0.0549 0.0471 0.0353
v 0.025146 0.973145 -0.049072 0.0314 0.0275 0.0196
v 0.010010 0.986816 -0.049072 0.0471 0.0353 0.0196
v -0.017822 0.468262 -0.049072 0.0196 0.2039 0.0784
v 0.017822 0.467773 -0.049072 0.0196 0.2039 0.0784
v -0.057373 0.364746 -0.049072 0.6863 0.4667 0.3372
v 0.057373 0.364746 -0.049072 0.6863 0.4667 0.3372
v -0.079346 0.186523 -0.049072 0.6628 0.4392 0.3216
v 0.079346 0.186523 -0.049072 0.6706 0.4392 0.3216
v -0.134521 0.174805 -0.049072 0.6902 0.4745 0.3529
v -0.138916 0.139160 -0.049072 0.7686 0.7490 0.7843
v 0.138916 0.139160 -0.049072 0.8353 0.8549 0.8706
v -0.139893 0.048828 -0.049072 0.0235 0.2432 0.0980
v 0.139893 0.048828 -0.049072 0.0314 0.2392 0.1059
v 0.144775 0.033691 -0.049072 0.0196 0.2314 0.1020
v -0.100342 0.003906 -0.049072 0.0627 0.2902 0.1608
v 0.100342 0.003906 -0.049072 0.0275 0.2157 0.0902
v -0.329346 0.773438 -0.049561 0.5764 0.5921 0.5725
v 0.334229 0.779785 -0.049561 0.3843 0.4550 0.4275
v -0.324463 0.786621 -0.049561 0.7608 0.4589 0.3019
v -0.335693 0.795410 -0.049561 0.5294 0.5569 0.5412
v -0.376709 0.796387 -0.049561 0.0039 0.2118 0.0588
v 0.326904 0.811523 -0.049561 0.5764 0.4745 0.3568
v -0.375732 0.818359 -0.049561 0.0157 0.2118 0.0706
v -0.399170 0.833496 -0.049561 0.0196 0.3529 0.1176
v 0.142822 0.835938 -0.049561 0.7294 0.4863 0.3490
v 0.100342 0.842285 -0.049561 0.7451 0.5137 0.3804
v -0.020752 0.865723 -0.049561 0.7490 0.4941 0.3529
v 0.020752 0.865723 -0.049561 0.7294 0.5098 0.3765
v 0.000244 0.873047 -0.049561 0.6824 0.4628 0.3333
v -0.008057 0.879395 -0.049561 0.6157 0.4039 0.2980
v 0.010986 0.879395 -0.049561 0.5921 0.3686 0.2549
v -0.007080 0.882324 -0.049561 0.1647 0.1216 0.0980
v 0.013916 0.882812 -0.049561 0.1490 0.1020 0.0863
v 0.015869 0.887207 -0.049561 0.0157 0.0235 0.0353
v -0.020264 0.894043 -0.049561 0.0118 0.0118 0.0078
v 0.036377 0.907715 -0.049561 0.0824 0.0627 0.0549
v -0.041260 0.950195 -0.049561 0.0549 0.0392 0.0275
v 0.044678 0.951172 -0.049561 0.0353 0.0275 0.0118
v -0.031982 0.974121 -0.049561 0.0235 0.0275 0.0157
v 0.017334 0.983398 -0.049561 0.0706 0.0549 0.0431
v -0.006104 0.987793 -0.049561 0.0902 0.0745 0.0627
v -0.003662 0.990234 -0.049561 0.1451 0.1294 0.1137
v -0.045166 0.419922 -0.049561 0.6785 0.4471 0.3294
v 0.045166 0.419922 -0.049561 0.6902 0.4432 0.3216
v -0.099365 0.295410 -0.049561 0.6941 0.4628 0.3294
v 0.099365 0.295410 -0.049561 0.6745 0.4667 0.3333
v -0.070068 0.201660 -0.049561 0.6785 0.4471 0.3216
v 0.070068 0.201660 -0.049561 0.6824 0.4510 0.3255
v 0.135498 0.174805 -0.049561 0.6824 0.4589 0.3412
v -0.140381 0.134766 -0.049561 0.0157 0.1882 0.0824
v 0.140381 0.134766 -0.049561 0.0392 0.1725 0.0863
v -0.013916 0.594238 -0.050049 0.2667 0.3412 0.3059
v 0.013916 0.594238 -0.050049 0.1451 0.2353 0.1922
v -0.222412 0.769043 -0.050049 0.6589 0.4353 0.3176
v -0.324951 0.773438 -0.050049 0.6118 0.6589 0.6589
v 0.329346 0.773926 -0.050049 0.1098 0.2196 0.1451
v -0.326904 0.774414 -0.050049 0.5725 0.6079 0.6000
v -0.328369 0.788086 -0.050049 0.0196 0.1922 0.0784
v 0.337158 0.788574 -0.050049 0.0667 0.1843 0.1059
v -0.336670 0.802734 -0.050049 0.4000 0.4471 0.4275
v -0.300049 0.805176 -0.050049 0.7294 0.4941 0.3529
v -0.328857 0.812500 -0.050049 0.0706 0.2549 0.1412
v -0.132080 0.840332 -0.050049 0.7372 0.5098 0.3647
v -0.014893 0.887207 -0.050049 0.0235 0.0196 0.0314
v 0.027588 0.900391 -0.050049 0.0275 0.0275 0.0078
v -0.008545 0.905273 -0.050049 0.5921 0.3843 0.2823
v 0.008545 0.905273 -0.050049 0.5725 0.3765 0.2784
v -0.026611 0.914062 -0.050049 0.5961 0.3921 0.2980
v 0.026611 0.914062 -0.050049 0.5843 0.3961 0.2823
v 0.043701 0.935059 -0.050049 0.0549 0.0392 0.0275
v 0.041260 0.957520 -0.050049 0.0196 0.0157 0.0039
v 0.024658 0.968262 -0.050049 0.0627 0.0510 0.0431
v 0.028564 0.968750 -0.050049 0.0824 0.0745 0.0588
v -0.023682 0.979980 -0.050049 0.0863 0.0706 0.0549
v -0.053467 0.379883 -0.050049 0.6550 0.4628 0.3255
v 0.053467 0.379883 -0.050049 0.6589 0.4510 0.3176
v -0.079346 0.293457 -0.050049 0.6941 0.4745 0.3451
v 0.079346 0.293457 -0.050049 0.6941 0.4745 0.3451
v -0.113037 0.287109 -0.050049 0.7294 0.4941 0.3608
v 0.113037 0.287109 -0.050049 0.7216 0.4863 0.3490
v -0.136475 0.231934 -0.050049 0.7098 0.4980 0.3647
v 0.136475 0.231934 -0.050049 0.6941 0.4667 0.3372
v 0.000244 0.592285 -0.050537 0.0706 0.2627 0.1451
v 0.000244 0.593750 -0.050537 0.0745 0.2314 0.1451
v 0.000244 0.670410 -0.050537 0.0157 0.2078 0.0941
v 0.326904 0.774414 -0.050537 0.1176 0.2157 0.1412
v -0.392822 0.785645 -0.050537 0.0039 0.3176 0.0784
v 0.324463 0.786621 -0.050537 0.6980 0.4667 0.3412
v 0.335693 0.795410 -0.050537 0.0431 0.1686 0.0941
v 0.376709 0.796387 -0.050537 0.0078 0.2157 0.0588
v -0.323975 0.800781 -0.050537 0.8000 0.5059 0.3529
v -0.327393 0.803711 -0.050537 0.0314 0.2118 0.1020
v 0.300049 0.805176 -0.050537 0.7255 0.4902 0.3568
v 0.328857 0.812500 -0.050537 0.5059 0.4392 0.3333
v -0.333252 0.813477 -0.050537 0.7764 0.7137 0.7647
v 0.375732 0.818848 -0.050537 0.0039 0.2078 0.0588
v -0.380615 0.820801 -0.050537 0.0588 0.3137 0.1294
v -0.377686 0.821777 -0.050537 0.0510 0.3059 0.1373
v 0.399170 0.833496 -0.050537 0.0549 0.3843 0.1412
v 0.132080 0.840332 -0.050537 0.7412 0.5019 0.3608
v -0.115967 0.843262 -0.050537 0.7490 0.5176 0.3843
v -0.009521 0.873535 -0.050537 0.6824 0.4667 0.3372
v 0.009521 0.873535 -0.050537 0.7020 0.4628 0.3333
v 0.003662 0.878418 -0.050537 0.5608 0.3725 0.2745
v -0.000244 0.878906 -0.050537 0.6432 0.4235 0.3098
v -0.010498 0.878906 -0.050537 0.6197 0.4078 0.2823
v 0.007568 0.879395 -0.050537 0.6236 0.4196 0.2941
v -0.004150 0.882324 -0.050537 0.4196 0.3098 0.2471
v 0.022217 0.892090 -0.050537 0.0392 0.0431 0.0392
v 0.019775 0.892578 -0.050537 0.0039 0.0118 0.0157
v 0.031006 0.900391 -0.050537 0.0863 0.0588 0.0510
v -0.027588 0.901367 -0.050537 0.0353 0.0353 0.0196
v -0.031982 0.901367 -0.050537 0.0078 0.0078 0.0078
v 0.038818 0.915527 -0.050537 0.0627 0.0431 0.0275
v 0.040771 0.922363 -0.050537 0.0745 0.0745 0.0549
v 0.042236 0.928711 -0.050537 0.0549 0.0392 0.0275
v -0.025146 0.433105 -0.050537 0.0235 0.2157 0.0902
v 0.025146 0.433105 -0.050537 0.0196 0.2157 0.0863
v -0.135986 0.195801 -0.050537 0.6824 0.4706 0.3372
v 0.136963 0.195801 -0.050537 0.6824 0.4550 0.3294
v -0.099365 0.091797 -0.050537 0.0784 0.2627 0.1412
v 0.099365 0.091797 -0.050537 0.0039 0.1804 0.0667
v -0.073975 0.696289 -0.051025 0.0118 0.1961 0.0706
v 0.073975 0.696289 -0.051025 0.0235 0.2118 0.0902
v -0.177979 0.761230 -0.051025 0.6785 0.4432 0.3216
v 0.222412 0.769043 -0.051025 0.6628 0.4471 0.3333
v -0.327881 0.772949 -0.051025 0.6000 0.6354 0.6354
v 0.324951 0.773438 -0.051025 0.1922 0.2627 0.2000
v -0.270264 0.775391 -0.051025 0.7020 0.4667 0.3333
v 0.328369 0.788574 -0.051025 0.6785 0.4667 0.3333
v -0.374756 0.794922 -0.051025 0.0118 0.2353 0.0784
v -0.336670 0.796387 -0.051025 0.4589 0.4980 0.4784
v 0.336670 0.802734 -0.051025 0.0353 0.1490 0.0902
v 0.327393 0.803711 -0.051025 0.6902 0.4980 0.3647
v -0.225830 0.810059 -0.051025 0.7176 0.4823 0.3490
v 0.333252 0.813477 -0.051025 0.0078 0.2118 0.1137
v -0.343018 0.814941 -0.051025 0.0549 0.3568 0.1451
v -0.362549 0.817383 -0.051025 0.0353 0.3059 0.1333
v -0.368897 0.818359 -0.051025 0.7451 0.7255 0.7490
v 0.115967 0.843262 -0.051025 0.7490 0.5216 0.3765
v -0.008057 0.876953 -0.051025 0.6510 0.4275 0.2980
v 0.008057 0.876953 -0.051025 0.6667 0.4353 0.3137
v -0.008057 0.879395 -0.051025 0.5804 0.3765 0.2823
v -0.009521 0.879395 -0.051025 0.6393 0.4118 0.2941
v -0.011475 0.882324 -0.051025 0.5647 0.3529 0.2471
v 0.005615 0.882324 -0.051025 0.0824 0.0471 0.0392
v 0.017334 0.893066 -0.051025 0.0118 0.0157 0.0078
v -0.024658 0.900879 -0.051025 0.0157 0.0078 0.0039
v 0.000244 0.905273 -0.051025 0.5882 0.3921 0.2863
v 0.022705 0.979004 -0.051025 0.0588 0.0431 0.0314
v -0.017334 0.981934 -0.051025 0.0824 0.0667 0.0549
v -0.055908 0.449707 -0.051025 0.4550 0.3098 0.2157
v 0.055908 0.449707 -0.051025 0.1686 0.1608 0.0863
v -0.028076 0.404785 -0.051025 0.0235 0.2235 0.1020
v 0.028076 0.404785 -0.051025 0.0196 0.2039 0.0902
v -0.048584 0.400391 -0.051025 0.6941 0.4471 0.3176
v 0.048584 0.400391 -0.051025 0.6824 0.4471 0.3137
v -0.089111 0.294434 -0.051025 0.6980 0.4667 0.3412
v 0.089111 0.294434 -0.051025 0.6902 0.4784 0.3451
v -0.137451 0.214355 -0.051025 0.6863 0.4745 0.3412
v 0.137451 0.214355 -0.051025 0.6745 0.4550 0.3255
v -0.033936 0.667969 -0.051514 0.0235 0.2157 0.1020
v 0.033936 0.667969 -0.051514 0.0196 0.2118 0.0941
v -0.051514 0.677734 -0.051514 0.0157 0.2078 0.0941
v 0.051514 0.677734 -0.051514 0.0157 0.2039 0.1020
v -0.190674 0.763184 -0.051514 0.6589 0.4353 0.3176
v -0.200928 0.765625 -0.051514 0.6667 0.4392 0.3216
v -0.211670 0.767090 -0.051514 0.6667 0.4392 0.3255
v -0.325928 0.771973 -0.051514 0.6000 0.6589 0.6471
v 0.327881 0.772949 -0.051514 0.1530 0.2510 0.1765
v 0.270264 0.775391 -0.051514 0.7098 0.4745 0.3412
v -0.263428 0.777344 -0.051514 0.7059 0.4745 0.3490
v -0.312744 0.783691 -0.051514 0.7216 0.4667 0.3294
v 0.392822 0.785645 -0.051514 0.0039 0.2980 0.0667
v -0.364014 0.793457 -0.051514 0.0078 0.2941 0.0980
v -0.370850 0.793945 -0.051514 0.5764 0.5569 0.5647
v -0.379150 0.795898 -0.051514 0.0471 0.3490 0.1412
v 0.323975 0.800781 -0.051514 0.7216 0.4980 0.3647
v -0.287842 0.804199 -0.051514 0.7333 0.4941 0.3568
v 0.225830 0.810059 -0.051514 0.7176 0.4863 0.3529
v -0.376709 0.813965 -0.051514 0.0431 0.2784 0.1059
v -0.334229 0.814453 -0.051514 0.7686 0.7216 0.7686
v -0.336182 0.814453 -0.051514 0.3019 0.3921 0.3333
v 0.343018 0.814941 -0.051514 0.0039 0.3294 0.1176
v 0.362549 0.817383 -0.051514 0.0588 0.3255 0.1490
v -0.373291 0.819336 -0.051514 0.0392 0.2432 0.1137
v 0.380615 0.820801 -0.051514 0.0157 0.3059 0.1059
v 0.377686 0.821777 -0.051514 0.0039 0.2627 0.0863
v -0.383545 0.825684 -0.051514 0.0706 0.3961 0.1725
v 0.009033 0.879395 -0.051514 0.6157 0.4275 0.3019
v -0.008545 0.882324 -0.051514 0.3804 0.2510 0.1843
v 0.010498 0.882324 -0.051514 0.0471 0.0196 0.0275
v -0.007080 0.886719 -0.051514 0.0039 0.0118 0.0275
v -0.016357 0.893066 -0.051514 0.0392 0.0353 0.0392
v 0.041748 0.950684 -0.051514 0.0471 0.0392 0.0353
v -0.034424 0.963867 -0.051514 0.1098 0.0902 0.0745
v 0.036377 0.964844 -0.051514 0.0902 0.0706 0.0588
v -0.023682 0.972656 -0.051514 0.0431 0.0235 0.0118
v -0.085205 0.351562 -0.051514 0.6863 0.4667 0.3333
v 0.085205 0.351562 -0.051514 0.6902 0.4706 0.3412
v -0.072998 0.351074 -0.051514 0.6941 0.4745 0.3451
v 0.072998 0.351074 -0.051514 0.6863 0.4667 0.3372
v -0.092529 0.731445 -0.052002 0.6354 0.5647 0.5412
v 0.092529 0.731445 -0.052002 0.6550 0.4510 0.3451
v 0.177979 0.761230 -0.052002 0.6824 0.4510 0.3294
v 0.190674 0.763184 -0.052002 0.6824 0.4510 0.3333
v 0.200928 0.765625 -0.052002 0.6785 0.4432 0.3294
v 0.211670 0.767090 -0.052002 0.6745 0.4471 0.3216
v -0.462647 0.770020 -0.052002 0.0078 0.3725 0.1020
v -0.278076 0.775391 -0.052002 0.7176 0.4706 0.3412
v 0.312744 0.783691 -0.052002 0.7137 0.4784 0.3451
v -0.328857 0.787598 -0.052002 0.0275 0.2196 0.0902
v 0.374756 0.795410 -0.052002 0.4980 0.5294 0.5019
v 0.336670 0.796387 -0.052002 0.0510 0.1608 0.0980
v -0.327881 0.796875 -0.052002 0.0275 0.1961 0.0941
v -0.246826 0.798340 -0.052002 0.6902 0.4550 0.3216
v -0.376221 0.804199 -0.052002 0.0275 0.2314 0.0863
v 0.287842 0.804199 -0.052002 0.7255 0.4902 0.3529
v 0.336182 0.814453 -0.052002 0.6706 0.7216 0.7333
v 0.368897 0.818848 -0.052002 0.6393 0.6863 0.6628
v -0.414795 0.834473 -0.052002 0.0510 0.3882 0.1490
v 0.004150 0.878906 -0.052002 0.4510 0.2980 0.2157
v -0.009033 0.886719 -0.052002 0.0000 0.0039 0.0196
v -0.011963 0.886719 -0.052002 0.0039 0.0039 0.0078
v 0.011963 0.886719 -0.052002 0.0078 0.0039 0.0118
v -0.016357 0.892578 -0.052002 0.0314 0.0314 0.0353
v 0.021729 0.976562 -0.052002 0.0588 0.0431 0.0314
v 0.002197 0.988281 -0.052002 0.0941 0.0745 0.0588
v -0.070557 0.452637 -0.052002 0.0118 0.1020 0.0353
v 0.070557 0.452637 -0.052002 0.0078 0.1216 0.0471
v -0.093994 0.446777 -0.052002 0.0157 0.2000 0.0902
v 0.093994 0.446777 -0.052002 0.0157 0.2039 0.0902
v -0.026123 0.416992 -0.052002 0.0275 0.2275 0.1059
v 0.026123 0.416992 -0.052002 0.0196 0.2118 0.0863
v -0.097900 0.080078 -0.052002 0.0667 0.2549 0.1373
v 0.097900 0.080078 -0.052002 0.0039 0.1725 0.0627
v -0.094482 0.049316 -0.052002 0.0471 0.2392 0.1216
v 0.094482 0.049316 -0.052002 0.0118 0.2039 0.0863
v -0.076416 0.557617 -0.052490 0.0392 0.2627 0.1255
v 0.076416 0.557617 -0.052490 0.0431 0.2667 0.1294
v -0.453857 0.761719 -0.052490 0.0000 0.3608 0.0745
v -0.154053 0.763184 -0.052490 0.7333 0.4550 0.3372
v 0.325928 0.771973 -0.052490 0.2118 0.2706 0.2235
v 0.263428 0.777344 -0.052490 0.7059 0.4706 0.3372
v -0.329346 0.779297 -0.052490 0.0314 0.1725 0.0824
v -0.467041 0.780762 -0.052490 0.0235 0.3921 0.1255
v -0.335205 0.788574 -0.052490 0.7451 0.7059 0.7255
v -0.344971 0.790039 -0.052490 0.0353 0.3216 0.1216
v -0.324463 0.793457 -0.052490 0.7843 0.4823 0.3529
v 0.364014 0.793457 -0.052490 0.0471 0.3216 0.1255
v -0.372803 0.793945 -0.052490 0.0196 0.1725 0.0784
v -0.468506 0.793945 -0.052490 0.0314 0.3961 0.1216
v 0.370361 0.794434 -0.052490 0.3961 0.4628 0.4235
v 0.379150 0.795898 -0.052490 0.0039 0.2549 0.0784
v 0.327881 0.796875 -0.052490 0.6941 0.4823 0.3568
v -0.277588 0.802734 -0.052490 0.7372 0.5019 0.3647
v -0.327393 0.804199 -0.052490 0.0314 0.2353 0.1176
v -0.466553 0.807129 -0.052490 0.0353 0.4000 0.1255
v 0.376709 0.813965 -0.052490 0.0078 0.2588 0.0745
v 0.334229 0.814453 -0.052490 0.0392 0.1961 0.1294
v 0.373291 0.819336 -0.052490 0.5294 0.5373 0.5216
v -0.370850 0.819824 -0.052490 0.0706 0.1765 0.1098
v 0.383545 0.826172 -0.052490 0.0549 0.3568 0.1451
v 0.000244 0.865234 -0.052490 0.7255 0.4980 0.3568
v -0.000732 0.878906 -0.052490 0.4784 0.3255 0.2432
v -0.003174 0.882324 -0.052490 0.5882 0.3961 0.2706
v 0.006592 0.886719 -0.052490 0.0000 0.0039 0.0000
v -0.016357 0.893066 -0.052490 0.0510 0.0471 0.0471
v 0.014893 0.893066 -0.052490 0.0235 0.0275 0.0235
v -0.023682 0.976562 -0.052490 0.0706 0.0588 0.0431
v -0.008545 0.982422 -0.052490 0.0627 0.0510 0.0392
v -0.001221 0.983398 -0.052490 0.0863 0.0706 0.0588
v -0.030029 0.384766 -0.052490 0.0392 0.2078 0.1059
v 0.030029 0.384766 -0.052490 0.0549 0.2235 0.1137
v -0.095459 0.100098 -0.052490 0.0627 0.2471 0.1294
v -0.045654 0.581055 -0.052979 0.0510 0.2863 0.1451
v 0.045654 0.581055 -0.052979 0.0667 0.2902 0.1530
v -0.166260 0.759766 -0.052979 0.6706 0.4392 0.3176
v 0.154053 0.763184 -0.052979 0.6589 0.4510 0.3294
v 0.462647 0.770020 -0.052978 0.0275 0.3843 0.1333
v -0.319580 0.771973 -0.052979 0.1451 0.2432 0.1843
v 0.278076 0.775391 -0.052978 0.7059 0.4706 0.3372
v -0.330322 0.777832 -0.052979 0.0353 0.1725 0.0863
v 0.328857 0.779297 -0.052978 0.3019 0.3882 0.3451
v -0.301025 0.780762 -0.052979 0.7255 0.4745 0.3372
v -0.331299 0.787598 -0.052979 0.0353 0.1961 0.0902
v 0.328857 0.787598 -0.052978 0.6824 0.4550 0.3294
v 0.324463 0.793457 -0.052978 0.6902 0.4902 0.3568
v 0.246826 0.798340 -0.052978 0.7020 0.4784 0.3451
v 0.277588 0.802734 -0.052978 0.7294 0.4902 0.3568
v 0.327393 0.804199 -0.052978 0.7020 0.4941 0.3686
v 0.376221 0.804199 -0.052978 0.0078 0.2275 0.0627
v -0.461182 0.817871 -0.052979 0.0392 0.4000 0.1373
v 0.414795 0.834961 -0.052978 0.0510 0.3961 0.1569
v 0.012939 0.891113 -0.052979 0.0000 0.0078 0.0039
v -0.013428 0.893066 -0.052979 0.0039 0.0118 0.0157
v -0.019287 0.893555 -0.052979 0.0000 0.0039 0.0039
v -0.033936 0.908691 -0.052979 0.0314 0.0235 0.0196
v -0.017822 0.912598 -0.052979 0.6118 0.4000 0.2941
v 0.017822 0.912598 -0.052979 0.6000 0.3882 0.2941
v 0.016846 0.982422 -0.052979 0.0471 0.0314 0.0235
v -0.072998 0.439941 -0.052979 0.7098 0.4550 0.3412
v 0.072998 0.439941 -0.052979 0.6941 0.4510 0.3216
v -0.057861 0.437988 -0.052979 0.6902 0.4353 0.3176
v 0.057861 0.437988 -0.052979 0.6824 0.4353 0.3255
v -0.083740 0.368164 -0.052979 0.7059 0.4784 0.3451
v 0.083740 0.368164 -0.052979 0.7098 0.4902 0.3608
v -0.069580 0.267578 -0.052979 0.6667 0.4667 0.3333
v 0.069580 0.267578 -0.052979 0.7176 0.4550 0.3137
v 0.095459 0.100098 -0.052979 0.0039 0.1686 0.0706
v -0.119873 0.004395 -0.052979 0.0392 0.2196 0.1059
v 0.119873 0.004395 -0.052979 0.0275 0.2196 0.0941
v -0.093994 0.729980 -0.053467 0.7608 0.7137 0.7098
v 0.093994 0.729980 -0.053467 0.6706 0.6510 0.6315
v -0.442139 0.756836 -0.053467 0.0118 0.3451 0.0824
v 0.166260 0.759766 -0.053467 0.6745 0.4550 0.3412
v 0.453857 0.761719 -0.053467 0.0118 0.3608 0.0980
v -0.425049 0.762207 -0.053467 0.0118 0.3412 0.0980
v -0.287842 0.777832 -0.053467 0.7176 0.4706 0.3412
v -0.251709 0.778320 -0.053467 0.6824 0.4550 0.3372
v 0.301025 0.780762 -0.053467 0.7059 0.4706 0.3372
v 0.467041 0.781250 -0.053467 0.0392 0.3921 0.1333
v 0.331299 0.787598 -0.053467 0.3921 0.3412 0.2235
v -0.338623 0.788574 -0.053467 0.2353 0.3098 0.2549
v 0.335205 0.788574 -0.053467 0.0000 0.1843 0.0706
v 0.344971 0.790039 -0.053467 0.0118 0.2823 0.0784
v 0.372803 0.793945 -0.053467 0.7333 0.7294 0.7372
v 0.468506 0.793945 -0.053467 0.0353 0.3961 0.1333
v -0.262451 0.796387 -0.053467 0.7216 0.4902 0.3568
v -0.312256 0.799316 -0.053467 0.7451 0.5019 0.3568
v -0.269775 0.800781 -0.053467 0.7294 0.4902 0.3568
v -0.329346 0.805176 -0.053467 0.0235 0.2314 0.1137
v -0.333740 0.805664 -0.053467 0.7647 0.7333 0.7647
v 0.466065 0.807617 -0.053467 0.0471 0.4078 0.1451
v -0.216064 0.813477 -0.053467 0.7333 0.4980 0.3647
v 0.370850 0.819824 -0.053467 0.7647 0.7333 0.7608
v -0.454834 0.824707 -0.053467 0.0549 0.4039 0.1490
v -0.430420 0.833984 -0.053467 0.0471 0.3961 0.1451
v -0.010498 0.866211 -0.053467 0.7294 0.5019 0.3686
v 0.010498 0.866211 -0.053467 0.7176 0.4902 0.3568
v 0.003662 0.875977 -0.053467 0.6393 0.4275 0.3098
v 0.001221 0.878906 -0.053467 0.6276 0.4157 0.2980
v -0.005615 0.886719 -0.053467 0.0078 0.0078 0.0157
v 0.032471 0.907227 -0.053467 0.0431 0.0353 0.0235
v -0.040283 0.952637 -0.053467 0.0941 0.0745 0.0627
v -0.016357 0.973633 -0.053467 0.0431 0.0431 0.0275
v 0.021729 0.975098 -0.053467 0.0471 0.0314 0.0196
v 0.009033 0.985840 -0.053467 0.0824 0.0745 0.0588
v -0.010010 0.482422 -0.053467 0.0118 0.1961 0.0824
v 0.010010 0.481934 -0.053467 0.0157 0.2000 0.0784
v -0.081787 0.384766 -0.053467 0.6471 0.4550 0.3176
v 0.081787 0.384766 -0.053467 0.6706 0.4628 0.3294
v -0.069580 0.366211 -0.053467 0.7137 0.4823 0.3490
v 0.069092 0.366211 -0.053467 0.7098 0.4902 0.3568
v -0.141846 0.042480 -0.053467 0.1098 0.3019 0.1686
v 0.141846 0.042480 -0.053467 0.0157 0.2000 0.0863
v -0.081299 0.516113 -0.053955 0.0275 0.2510 0.1137
v 0.081299 0.516113 -0.053955 0.0275 0.2392 0.1137
v -0.079834 0.530273 -0.053955 0.0353 0.2588 0.1176
v -0.078369 0.543945 -0.053955 0.0353 0.2588 0.1216
v 0.078369 0.543945 -0.053955 0.0353 0.2549 0.1176
v -0.015869 0.669434 -0.053955 0.0196 0.2078 0.0941
v 0.015869 0.669434 -0.053955 0.0235 0.2157 0.1020
v -0.086182 0.716797 -0.053955 0.0353 0.2039 0.0863
v 0.086182 0.716797 -0.053955 0.0392 0.2118 0.1059
v -0.091553 0.725586 -0.053955 0.1059 0.2314 0.1490
v 0.091553 0.725586 -0.053955 0.2471 0.3137 0.2667
v -0.434815 0.757812 -0.053955 0.0000 0.3372 0.0902
v 0.319580 0.771973 -0.053955 0.1961 0.2706 0.2314
v -0.243897 0.775879 -0.053955 0.6824 0.4471 0.3255
v 0.287842 0.777832 -0.053955 0.7098 0.4745 0.3412
v 0.330322 0.777832 -0.053955 0.5530 0.6000 0.5882
v 0.251709 0.778320 -0.053955 0.6628 0.4314 0.3098
v -0.327881 0.778809 -0.053955 0.0745 0.1882 0.1176
v -0.404053 0.782227 -0.053955 0.0157 0.3176 0.1059
v -0.336182 0.788086 -0.053955 0.7529 0.7137 0.7412
v -0.327881 0.796875 -0.053955 0.0275 0.2235 0.1020
v 0.312256 0.799316 -0.053955 0.7294 0.4980 0.3608
v 0.269775 0.800781 -0.053955 0.7255 0.4863 0.3529
v -0.343506 0.807129 -0.053955 0.0471 0.3568 0.1451
v -0.363037 0.810059 -0.053955 0.0275 0.3098 0.1294
v -0.369385 0.811035 -0.053955 0.7529 0.7255 0.7529
v 0.216064 0.813477 -0.053955 0.7255 0.4941 0.3568
v -0.381104 0.815918 -0.053955 0.0392 0.3608 0.1294
v 0.461182 0.817871 -0.053955 0.0510 0.4039 0.1530
v -0.387451 0.826660 -0.053955 0.0706 0.4000 0.1647
v -0.445557 0.830566 -0.053955 0.0549 0.4039 0.1530
v -0.076904 0.832031 -0.053955 0.7216 0.4823 0.3372
v 0.076904 0.832031 -0.053955 0.6785 0.4550 0.3176
v -0.022705 0.859863 -0.053955 0.7647 0.5059 0.3529
v 0.022705 0.859863 -0.053955 0.7372 0.5176 0.3843
v 0.003174 0.878906 -0.053955 0.6079 0.4157 0.2941
v -0.000244 0.881836 -0.053955 0.4510 0.2902 0.2196
v 0.002686 0.881836 -0.053955 0.0471 0.0196 0.0118
v 0.011963 0.892578 -0.053955 0.0157 0.0157 0.0157
v -0.010010 0.893066 -0.053955 0.0157 0.0196 0.0196
v 0.024170 0.899414 -0.053955 0.0824 0.0588 0.0471
v 0.041748 0.951660 -0.053955 0.0353 0.0275 0.0196
v 0.020752 0.968750 -0.053955 0.0196 0.0157 0.0039
v -0.007568 0.974121 -0.053955 0.0353 0.0314 0.0157
v -0.016846 0.977539 -0.053955 0.0588 0.0510 0.0314
v -0.001221 0.981445 -0.053955 0.0353 0.0275 0.0118
v -0.096436 0.430176 -0.053955 0.0196 0.2196 0.0980
v 0.096436 0.430176 -0.053955 0.0157 0.2118 0.0980
v -0.075928 0.423340 -0.053955 0.7137 0.4667 0.3333
v 0.075928 0.423340 -0.053955 0.7059 0.4628 0.3333
v -0.078857 0.405273 -0.053955 0.7137 0.4628 0.3372
v 0.078857 0.405273 -0.053955 0.7098 0.4628 0.3333
v -0.027588 0.400879 -0.053955 0.0235 0.2157 0.1020
v 0.027588 0.400879 -0.053955 0.0196 0.2196 0.0980
v -0.093018 0.112793 -0.053955 0.0667 0.2471 0.1333
v 0.093018 0.112793 -0.053955 0.0039 0.1765 0.0667
v -0.098389 0.067871 -0.053955 0.0588 0.2432 0.1255
v 0.098389 0.067871 -0.053955 0.0000 0.1765 0.0510
v -0.083740 0.503418 -0.054443 0.0392 0.2627 0.1255
v 0.083740 0.503418 -0.054443 0.0275 0.2471 0.1098
v 0.079834 0.530273 -0.054443 0.0314 0.2432 0.1176
v -0.080322 0.706055 -0.054443 0.0157 0.2000 0.0745
v 0.080322 0.706055 -0.054443 0.0275 0.2118 0.0980
v 0.441650 0.756836 -0.054443 0.0118 0.3412 0.0980
v 0.425049 0.762207 -0.054443 0.0000 0.3216 0.0627
v -0.320557 0.770508 -0.054443 0.3568 0.4157 0.3765
v -0.317627 0.771973 -0.054443 0.1686 0.2549 0.2039
v -0.122803 0.772949 -0.054443 0.6785 0.4314 0.2941
v 0.243897 0.775879 -0.054443 0.6667 0.4235 0.2980
v 0.327881 0.778809 -0.054443 0.1373 0.2196 0.1647
v 0.404053 0.782227 -0.054443 0.0078 0.3294 0.0784
v 0.336182 0.788086 -0.054443 0.0118 0.1725 0.0824
v 0.338623 0.788574 -0.054443 0.6941 0.7412 0.7412
v -0.385010 0.794922 -0.054443 0.0392 0.3412 0.1216
v 0.262451 0.796387 -0.054443 0.7137 0.4784 0.3451
v 0.327881 0.796875 -0.054443 0.6863 0.4784 0.3490
v -0.334229 0.797852 -0.054443 0.7568 0.7294 0.7529
v -0.235596 0.800781 -0.054443 0.7098 0.4667 0.3255
v -0.363525 0.802246 -0.054443 0.0118 0.3255 0.1176
v -0.379150 0.804199 -0.054443 0.0431 0.3647 0.1294
v 0.329346 0.805176 -0.054443 0.6354 0.5137 0.3882
v 0.333740 0.805664 -0.054443 0.0039 0.1961 0.1020
v 0.363037 0.810059 -0.054443 0.0510 0.3490 0.1451
v -0.373779 0.811523 -0.054443 0.0157 0.2549 0.0902
v 0.454834 0.825195 -0.054443 0.0588 0.4000 0.1569
v 0.430420 0.833984 -0.054443 0.0471 0.3843 0.1412
v -0.007080 0.891113 -0.054443 0.0157 0.0235 0.0235
v 0.007568 0.892090 -0.054443 0.0118 0.0118 0.0078
v 0.019775 0.899414 -0.054443 0.0275 0.0235 0.0157
v -0.022217 0.899902 -0.054443 0.0471 0.0392 0.0353
v 0.029053 0.907227 -0.054443 0.0549 0.0392 0.0275
v -0.028076 0.908691 -0.054443 0.0118 0.0078 0.0000
v 0.009033 0.911621 -0.054443 0.6197 0.4078 0.3059
v -0.036377 0.917480 -0.054443 0.0549 0.0353 0.0275
v -0.039795 0.933594 -0.054443 0.0667 0.0471 0.0431
v -0.040283 0.940430 -0.054443 0.0471 0.0392 0.0275
v 0.040283 0.944824 -0.054443 0.0314 0.0196 0.0118
v 0.031006 0.964355 -0.054443 0.1020 0.0941 0.0784
v -0.032471 0.964844 -0.054443 0.0627 0.0510 0.0431
v -0.000732 0.973633 -0.054443 0.0235 0.0196 0.0078
v 0.022217 0.974121 -0.054443 0.0392 0.0235 0.0118
v 0.015869 0.979004 -0.054443 0.0980 0.0863 0.0706
v 0.000244 0.491699 -0.054443 0.0196 0.2000 0.0784
v -0.090576 0.474609 -0.054443 0.0314 0.2510 0.1137
v 0.090576 0.474609 -0.054443 0.0314 0.2510 0.1137
v -0.093506 0.459961 -0.054443 0.0314 0.2510 0.1137
v 0.093506 0.459961 -0.054443 0.0353 0.2588 0.1216
v -0.066650 0.382324 -0.054443 0.6745 0.4667 0.3333
v 0.066650 0.382324 -0.054443 0.6745 0.4667 0.3333
v -0.060303 0.569336 -0.054932 0.0431 0.2784 0.1294
v 0.060303 0.569336 -0.054932 0.0392 0.2745 0.1255
v 0.434815 0.757812 -0.054932 0.0039 0.3176 0.0667
v 0.320557 0.770508 -0.054932 0.4667 0.5216 0.4980
v 0.122803 0.772949 -0.054932 0.6510 0.4039 0.2745
v -0.328857 0.777344 -0.054932 0.0706 0.1922 0.1137
v -0.263916 0.781738 -0.054932 0.6941 0.4628 0.3372
v -0.312744 0.791016 -0.054932 0.7333 0.4863 0.3490
v -0.254639 0.793945 -0.054932 0.7255 0.4902 0.3529
v -0.330322 0.797363 -0.054932 0.0314 0.2157 0.1059
v -0.343994 0.799316 -0.054932 0.0431 0.3451 0.1373
v 0.235596 0.800781 -0.054932 0.6902 0.4628 0.3255
v -0.369873 0.803223 -0.054932 0.7255 0.7176 0.7372
v -0.374268 0.803711 -0.054932 0.0392 0.2627 0.1020
v -0.334717 0.806152 -0.054932 0.7725 0.7333 0.7647
v -0.336670 0.806641 -0.054932 0.4550 0.4863 0.4823
v 0.343506 0.807129 -0.054932 0.0118 0.3176 0.0980
v 0.369385 0.811035 -0.054932 0.6824 0.7059 0.6863
v 0.381104 0.815918 -0.054932 0.0118 0.3216 0.0980
v 0.387451 0.826660 -0.054932 0.0745 0.4118 0.1765
v 0.445557 0.830566 -0.054932 0.0549 0.4000 0.1530
v -0.069580 0.836914 -0.054932 0.7921 0.7725 0.7529
v 0.069580 0.836914 -0.054932 0.6667 0.4863 0.3490
v -0.001221 0.886719 -0.054932 0.0039 0.0039 0.0078
v 0.002197 0.886719 -0.054932 0.0078 0.0118 0.0196
v 0.013916 0.893555 -0.054932 0.0196 0.0196 0.0196
v 0.017334 0.899414 -0.054932 0.0706 0.0510 0.0431
v -0.009033 0.911621 -0.054932 0.6118 0.4000 0.2980
v 0.000244 0.911621 -0.054932 0.5882 0.4000 0.3098
v -0.037842 0.924316 -0.054932 0.0627 0.0431 0.0314
v 0.027100 0.964355 -0.054932 0.0157 0.0157 0.0157
v -0.007080 0.972168 -0.054932 0.0392 0.0275 0.0235
v -0.008057 0.977539 -0.054932 0.0392 0.0314 0.0235
v 0.007080 0.980957 -0.054932 0.0392 0.0314 0.0275
v -0.087158 0.489746 -0.054932 0.0353 0.2549 0.1176
v 0.087158 0.489746 -0.054932 0.0275 0.2471 0.1098
v -0.060791 0.421875 -0.054932 0.7137 0.4667 0.3412
v 0.060791 0.421875 -0.054932 0.7059 0.4667 0.3372
v -0.027100 0.385742 -0.054932 0.0196 0.1725 0.0745
v 0.027100 0.385742 -0.054932 0.0118 0.1765 0.0706
v -0.092041 0.151367 -0.054932 0.2706 0.2902 0.2000
v 0.092041 0.151367 -0.054932 0.3843 0.3294 0.2157
v 0.000244 0.683594 -0.055420 0.0196 0.2118 0.0980
v -0.176025 0.769043 -0.055420 0.6941 0.4471 0.3176
v -0.113525 0.770996 -0.055420 0.6354 0.3804 0.2549
v 0.317627 0.771973 -0.055420 0.2039 0.2823 0.2235
v -0.234131 0.773438 -0.055420 0.6745 0.4235 0.2980
v -0.417236 0.776367 -0.055420 0.0314 0.3176 0.1137
v 0.328857 0.777344 -0.055420 0.0196 0.0824 0.0471
v -0.325928 0.778809 -0.055420 0.1569 0.2549 0.2000
v -0.412354 0.778809 -0.055420 0.0235 0.2667 0.0941
v -0.256104 0.781250 -0.055420 0.6785 0.4510 0.3333
v -0.270264 0.781250 -0.055420 0.6902 0.4589 0.3333
v 0.263916 0.781738 -0.055420 0.6863 0.4550 0.3294
v 0.312744 0.791016 -0.055420 0.7216 0.4902 0.3608
v 0.254639 0.793945 -0.055420 0.7333 0.5059 0.3686
v 0.385010 0.795410 -0.055420 0.0000 0.3294 0.0902
v -0.300049 0.797363 -0.055420 0.7372 0.5019 0.3608
v 0.329834 0.797363 -0.055420 0.6118 0.4941 0.3686
v 0.334229 0.797852 -0.055420 0.0000 0.2000 0.0980
v 0.363525 0.802246 -0.055420 0.0549 0.3333 0.1412
v 0.374268 0.803711 -0.055420 0.5137 0.5451 0.5176
v 0.379150 0.804199 -0.055420 0.0078 0.2667 0.0784
v 0.336670 0.806641 -0.055420 0.6589 0.7255 0.7333
v -0.371338 0.811523 -0.055420 0.0824 0.1882 0.1216
v 0.373779 0.811523 -0.055420 0.5137 0.5294 0.5176
v -0.150635 0.823242 -0.055420 0.6863 0.4550 0.3216
v -0.046631 0.847168 -0.055420 0.7176 0.5294 0.4000
v 0.046631 0.847168 -0.055420 0.7608 0.6785 0.6550
v -0.008057 0.893066 -0.055420 0.0353 0.0353 0.0353
v -0.013916 0.899414 -0.055420 0.0745 0.0706 0.0510
v -0.017334 0.899414 -0.055420 0.0863 0.0706 0.0627
v -0.000244 0.976562 -0.055420 0.0235 0.0118 0.0039
v -0.097412 0.441406 -0.055420 0.0314 0.2549 0.1176
v 0.097412 0.441406 -0.055420 0.0353 0.2549 0.1176
v -0.063721 0.403320 -0.055420 0.7137 0.4667 0.3372
v 0.063721 0.403320 -0.055420 0.6980 0.4628 0.3333
v -0.091064 0.137695 -0.055420 0.7686 0.7647 0.7843
v 0.091064 0.137695 -0.055420 0.6276 0.6667 0.6510
v -0.094971 0.048828 -0.055420 0.0510 0.2432 0.1255
v 0.094971 0.048828 -0.055420 0.0118 0.2039 0.0863
v -0.141846 0.040527 -0.055420 0.0431 0.2588 0.1216
v 0.141846 0.040527 -0.055420 0.0941 0.3137 0.1725
v -0.014893 0.580566 -0.055908 0.0471 0.2667 0.1333
v 0.014893 0.580566 -0.055908 0.0588 0.2902 0.1451
v -0.055908 0.688965 -0.055908 0.0275 0.2118 0.0980
v 0.055908 0.688965 -0.055908 0.0275 0.2196 0.1020
v -0.139404 0.769043 -0.055908 0.6863 0.4392 0.2980
v 0.176025 0.769043 -0.055908 0.7020 0.4510 0.3216
v -0.318115 0.770508 -0.055908 0.2941 0.3686 0.3372
v 0.113525 0.770996 -0.055908 0.6628 0.4392 0.3098
v 0.234131 0.773438 -0.055908 0.6785 0.4196 0.2863
v 0.325928 0.778809 -0.055908 0.1176 0.2314 0.1647
v 0.270264 0.781250 -0.055908 0.6941 0.4628 0.3372
v -0.335205 0.798340 -0.055908 0.7647 0.7372 0.7608
v -0.337647 0.798340 -0.055908 0.3059 0.3725 0.3372
v 0.343994 0.799316 -0.055908 0.0118 0.3059 0.0941
v 0.369873 0.803223 -0.055908 0.4823 0.5451 0.5059
v 0.334717 0.806152 -0.055908 0.0157 0.1725 0.0941
v -0.206299 0.816406 -0.055908 0.7372 0.5019 0.3686
v -0.052490 0.847168 -0.055908 0.7725 0.8274 0.7921
v 0.052490 0.847168 -0.055908 0.0196 0.1843 0.0784
v -0.048096 0.849121 -0.055908 0.6197 0.4471 0.3412
v 0.048096 0.849121 -0.055908 0.7216 0.7059 0.6824
v 0.004639 0.891602 -0.055908 0.0157 0.0235 0.0157
v -0.002197 0.892090 -0.055908 0.0275 0.0275 0.0275
v -0.005127 0.892578 -0.055908 0.0039 0.0118 0.0078
v 0.033936 0.915527 -0.055908 0.0431 0.0353 0.0196
v 0.038330 0.958984 -0.055908 0.1020 0.0824 0.0706
v 0.024658 0.964355 -0.055908 0.0157 0.0157 0.0196
v 0.007568 0.979004 -0.055908 0.0549 0.0392 0.0275
v -0.099365 0.413574 -0.055908 0.0196 0.2275 0.1020
v 0.099365 0.413086 -0.055908 0.0235 0.2196 0.1059
v -0.103271 0.285156 -0.055908 0.7255 0.4823 0.3451
v 0.103272 0.285156 -0.055908 0.7176 0.4980 0.3686
v -0.089600 0.122070 -0.055908 0.0667 0.2392 0.1294
v 0.089600 0.122070 -0.055908 0.0078 0.1804 0.0706
v -0.128174 0.088379 -0.055908 0.0157 0.1647 0.0667
v 0.128174 0.088379 -0.055908 0.0118 0.1451 0.0588
v -0.142334 0.030762 -0.055908 0.0196 0.2196 0.0902
v -0.029541 0.581543 -0.056396 0.0510 0.2784 0.1333
v 0.029541 0.581543 -0.056396 0.0745 0.3059 0.1569
v -0.097900 0.742676 -0.056397 0.6941 0.4667 0.3216
v 0.139404 0.769043 -0.056396 0.7059 0.4353 0.3059
v 0.318115 0.770508 -0.056396 0.1843 0.2588 0.2000
v -0.201416 0.770996 -0.056397 0.7098 0.4432 0.3059
v -0.211670 0.771973 -0.056397 0.7176 0.4432 0.3098
v -0.222900 0.772461 -0.056397 0.6980 0.4392 0.3059
v 0.417236 0.776367 -0.056396 0.0000 0.2275 0.0431
v -0.326904 0.777344 -0.056397 0.1333 0.2235 0.1686
v 0.412354 0.779297 -0.056396 0.0118 0.3216 0.0824
v 0.256104 0.781250 -0.056396 0.6589 0.4275 0.3019
v -0.278076 0.781738 -0.056397 0.7020 0.4706 0.3451
v -0.300537 0.788086 -0.056397 0.7176 0.4823 0.3490
v 0.300049 0.797363 -0.056396 0.7255 0.4941 0.3686
v 0.337647 0.798340 -0.056396 0.6745 0.7372 0.7372
v -0.371826 0.803223 -0.056397 0.0824 0.1725 0.1255
v 0.371338 0.811523 -0.056396 0.7568 0.7333 0.7568
v 0.206299 0.816406 -0.056396 0.7294 0.4941 0.3608
v 0.150635 0.822754 -0.056396 0.6824 0.4628 0.3333
v -0.085693 0.833984 -0.056397 0.7059 0.4863 0.3529
v 0.085693 0.833984 -0.056396 0.7098 0.4745 0.3412
v -0.069092 0.840332 -0.056396 0.8000 0.7882 0.7647
v 0.069092 0.840332 -0.056396 0.6510 0.4980 0.3882
v -0.065674 0.841309 -0.056396 0.1059 0.1961 0.1373
v 0.065674 0.841309 -0.056396 0.6510 0.6902 0.7059
v -0.059326 0.844238 -0.056396 0.0157 0.1686 0.0745
v 0.059326 0.844238 -0.056396 0.0039 0.1569 0.0588
v 0.000244 0.857422 -0.056396 0.7333 0.5059 0.3647
v 0.002197 0.890625 -0.056396 0.0118 0.0157 0.0235
v -0.005127 0.970703 -0.056396 0.0039 0.0078 0.0039
v -0.080811 0.282227 -0.056397 0.7137 0.4941 0.3647
v 0.080811 0.282227 -0.056396 0.7059 0.4823 0.3529
v -0.118896 0.273438 -0.056397 0.7098 0.4941 0.3686
v 0.118897 0.273438 -0.056396 0.7255 0.4902 0.3568
v -0.088623 0.170410 -0.056397 0.6471 0.4589 0.3294
v -0.127686 0.152832 -0.056397 0.3921 0.3333 0.2275
v 0.127686 0.152832 -0.056396 0.6079 0.4196 0.3137
v -0.090088 0.148438 -0.056397 0.0706 0.2471 0.1451
v 0.090088 0.148438 -0.056396 0.0314 0.2039 0.0941
v -0.133545 0.058594 -0.056397 0.0235 0.2039 0.0824
v 0.133545 0.058594 -0.056396 0.0275 0.1961 0.0863
v -0.093994 0.039551 -0.056397 0.0471 0.2392 0.1137
v 0.093994 0.039551 -0.056396 0.0078 0.1882 0.0745
v 0.142334 0.030273 -0.056396 0.0314 0.2235 0.1059
v -0.140869 0.020996 -0.056397 0.0275 0.2314 0.1020
v 0.140869 0.020996 -0.056396 0.4157 0.5725 0.4432
v 0.097900 0.742676 -0.056885 0.7020 0.4823 0.3451
v -0.103760 0.752441 -0.056885 0.6902 0.4589 0.3176
v 0.103760 0.752441 -0.056885 0.7137 0.4784 0.3451
v -0.109131 0.763184 -0.056885 0.7020 0.4550 0.3294
v 0.109131 0.763184 -0.056885 0.7020 0.4745 0.3451
v -0.421143 0.769043 -0.056885 0.0392 0.3372 0.1098
v -0.190674 0.769531 -0.056885 0.7176 0.4510 0.3137
v 0.211670 0.771973 -0.056885 0.7216 0.4628 0.3255
v 0.222900 0.772461 -0.056885 0.7098 0.4550 0.3176
v -0.262451 0.789062 -0.056885 0.6902 0.4628 0.3333
v -0.269287 0.791016 -0.056885 0.7137 0.4745 0.3412
v -0.277588 0.792480 -0.056885 0.7176 0.4863 0.3490
v -0.287354 0.794922 -0.056885 0.7294 0.5019 0.3647
v 0.335205 0.798340 -0.056885 0.0235 0.1804 0.0902
v -0.224854 0.803223 -0.056885 0.7255 0.4784 0.3490
v 0.371826 0.803223 -0.056885 0.7451 0.7255 0.7451
v -0.386475 0.816406 -0.056885 0.0353 0.3804 0.1412
v -0.144775 0.826660 -0.056885 0.7176 0.4706 0.3412
v -0.042725 0.848145 -0.056885 0.7020 0.5294 0.4392
v 0.042725 0.848145 -0.056885 0.7137 0.5098 0.4039
v 0.038818 0.935547 -0.056885 0.0627 0.0471 0.0431
v -0.037354 0.937988 -0.056885 0.0353 0.0275 0.0157
v -0.040771 0.942871 -0.056885 0.0941 0.0784 0.0588
v 0.017822 0.966797 -0.056885 0.0353 0.0314 0.0235
v -0.014893 0.970215 -0.056885 0.0431 0.0314 0.0235
v 0.016357 0.977539 -0.056885 0.0667 0.0549 0.0353
v -0.101807 0.393066 -0.056885 0.1373 0.2353 0.1412
v 0.101807 0.393066 -0.056885 0.1137 0.2196 0.1373
v -0.068604 0.257324 -0.056885 0.6785 0.4784 0.3568
v 0.068604 0.257324 -0.056885 0.7294 0.4589 0.3098
v 0.088623 0.169922 -0.056885 0.7059 0.4353 0.2902
v -0.089111 0.136230 -0.056885 0.7059 0.7451 0.7490
v 0.089111 0.136230 -0.056885 0.6667 0.7137 0.7176
v -0.128662 0.100098 -0.056885 0.1020 0.3216 0.1804
v 0.128662 0.100098 -0.056885 0.0667 0.2627 0.1373
v -0.129639 0.089844 -0.056885 0.0235 0.1569 0.0588
v 0.129639 0.089844 -0.056885 0.0235 0.1804 0.0784
v -0.129150 0.081543 -0.056885 0.0314 0.2314 0.1020
v 0.129150 0.081543 -0.056885 0.0353 0.2118 0.0902
v -0.142334 0.023438 -0.056885 0.6236 0.6706 0.6197
v 0.142334 0.023438 -0.056885 0.0353 0.1412 0.0627
v 0.190674 0.769531 -0.057373 0.7216 0.4706 0.3333
v 0.201416 0.770996 -0.057373 0.7255 0.4667 0.3333
v 0.326904 0.777344 -0.057373 0.0980 0.2039 0.1490
v -0.212158 0.779297 -0.057373 0.7255 0.4823 0.3451
v 0.278076 0.782227 -0.057373 0.6902 0.4628 0.3372
v -0.287354 0.784668 -0.057373 0.7098 0.4784 0.3529
v -0.255615 0.787598 -0.057373 0.6863 0.4589 0.3372
v 0.300537 0.788086 -0.057373 0.7216 0.4902 0.3568
v 0.262451 0.789062 -0.057373 0.6941 0.4706 0.3412
v 0.287354 0.794922 -0.057373 0.7255 0.4941 0.3568
v 0.224854 0.803223 -0.057373 0.6980 0.4628 0.3294
v 0.144775 0.826660 -0.057373 0.6941 0.4706 0.3529
v -0.398682 0.827148 -0.057373 0.0627 0.3921 0.1569
v -0.011475 0.858887 -0.057373 0.7333 0.5098 0.3725
v 0.011475 0.858887 -0.057373 0.7412 0.5098 0.3647
v -0.006592 0.893066 -0.057373 0.0196 0.0235 0.0118
v 0.008545 0.898438 -0.057373 0.0392 0.0235 0.0118
v -0.024658 0.907715 -0.057373 0.0235 0.0196 0.0078
v 0.035889 0.922852 -0.057373 0.0745 0.0588 0.0471
v 0.037354 0.929199 -0.057373 0.0627 0.0510 0.0392
v 0.041260 0.946289 -0.057373 0.0980 0.0824 0.0667
v -0.038818 0.953613 -0.057373 0.0627 0.0471 0.0353
v 0.021729 0.966797 -0.057373 0.0706 0.0431 0.0314
v -0.099854 0.426270 -0.057373 0.0353 0.2588 0.1216
v 0.099854 0.426270 -0.057373 0.0314 0.2549 0.1176
v -0.088135 0.132324 -0.057373 0.0471 0.2157 0.1098
v 0.088135 0.131836 -0.057373 0.0235 0.1608 0.0706
v -0.093994 0.030273 -0.057373 0.0235 0.2157 0.1020
v 0.093994 0.030273 -0.057373 0.0039 0.1686 0.0627
v -0.143311 0.020508 -0.057373 0.0196 0.2471 0.0980
v 0.143311 0.020508 -0.057373 0.1373 0.2980 0.1843
v -0.140381 0.004883 -0.057373 0.0353 0.2118 0.0941
v 0.140381 0.004883 -0.057373 0.0118 0.1608 0.0745
v 0.000244 0.581055 -0.057861 0.0627 0.2627 0.1333
v 0.421143 0.769043 -0.057861 0.0000 0.3372 0.0863
v -0.320557 0.777344 -0.057861 0.4078 0.4745 0.4550
v 0.212158 0.779297 -0.057861 0.7137 0.4784 0.3451
v -0.201904 0.779785 -0.057861 0.7137 0.4784 0.3451
v 0.287354 0.784668 -0.057861 0.7098 0.4745 0.3529
v 0.269287 0.791016 -0.057861 0.7098 0.4784 0.3451
v 0.277588 0.792480 -0.057861 0.7020 0.4745 0.3451
v -0.394287 0.793945 -0.057861 0.0353 0.3529 0.1255
v -0.385498 0.804688 -0.057861 0.0431 0.3804 0.1412
v 0.386475 0.816406 -0.057861 0.0353 0.3961 0.1412
v -0.196045 0.818848 -0.057861 0.7412 0.5098 0.3765
v -0.157959 0.823242 -0.057861 0.7255 0.4902 0.3568
v 0.003174 0.891602 -0.057861 0.0078 0.0157 0.0078
v 0.025146 0.906738 -0.057861 0.0392 0.0235 0.0157
v -0.030518 0.916992 -0.057861 0.0275 0.0235 0.0196
v -0.091553 0.283691 -0.057861 0.7176 0.4941 0.3765
v 0.091553 0.283691 -0.057861 0.7059 0.4941 0.3608
v -0.142822 0.006836 -0.057861 0.0078 0.1961 0.0588
v 0.142822 0.006836 -0.057861 0.0118 0.1882 0.0745
v -0.222412 0.778809 -0.058350 0.7059 0.4706 0.3372
v 0.201904 0.779785 -0.058350 0.7098 0.4706 0.3490
v 0.255615 0.787598 -0.058350 0.7059 0.4745 0.3451
v -0.247314 0.792480 -0.058350 0.7490 0.5137 0.3725
v -0.223389 0.796387 -0.058350 0.7216 0.4745 0.3412
v 0.157959 0.822754 -0.058350 0.7412 0.5059 0.3725
v 0.398682 0.827148 -0.058350 0.0549 0.3961 0.1569
v -0.011475 0.898438 -0.058350 0.0510 0.0353 0.0235
v 0.011475 0.898438 -0.058350 0.0627 0.0471 0.0353
v 0.015381 0.898438 -0.058350 0.0784 0.0588 0.0510
v 0.029541 0.915527 -0.058350 0.0667 0.0471 0.0353
v -0.035889 0.933105 -0.058350 0.0431 0.0275 0.0235
v 0.039307 0.941895 -0.058350 0.0471 0.0275 0.0196
v 0.032959 0.958984 -0.058350 0.1020 0.0980 0.0824
v 0.016357 0.968750 -0.058350 0.0235 0.0196 0.0118
v -0.130127 0.149902 -0.058350 0.0392 0.2275 0.1137
v -0.094482 0.022949 -0.058350 0.3843 0.4941 0.4510
v 0.094482 0.022949 -0.058350 0.3804 0.4823 0.4196
v -0.096436 0.020508 -0.058350 0.0157 0.1765 0.0863
v 0.096436 0.020508 -0.058350 0.0353 0.1922 0.1059
v -0.036865 0.679199 -0.058838 0.0275 0.2196 0.1020
v 0.036865 0.679199 -0.058838 0.0235 0.2235 0.1020
v 0.000244 0.695312 -0.058838 0.0235 0.2157 0.1020
v -0.318115 0.776367 -0.058838 0.5059 0.5647 0.5490
v 0.320557 0.777344 -0.058838 0.5843 0.6354 0.6276
v -0.190674 0.778809 -0.058838 0.7059 0.4784 0.3490
v 0.222412 0.778809 -0.058838 0.7216 0.4745 0.3451
v 0.394287 0.794434 -0.058838 0.0392 0.3568 0.1255
v 0.223389 0.796387 -0.058838 0.7098 0.4745 0.3412
v 0.385498 0.804688 -0.058838 0.0157 0.3804 0.1216
v 0.196045 0.818359 -0.058838 0.7529 0.5098 0.3765
v -0.137939 0.830078 -0.058838 0.7176 0.4902 0.3529
v 0.000244 0.850098 -0.058838 0.7255 0.4980 0.3647
v -0.024170 0.854492 -0.058838 0.7608 0.5176 0.3804
v 0.024170 0.854492 -0.058838 0.7372 0.5255 0.3961
v 0.004639 0.897949 -0.058838 0.0667 0.0510 0.0392
v -0.002686 0.898438 -0.058838 0.0549 0.0392 0.0235
v -0.006104 0.898438 -0.058838 0.0745 0.0588 0.0471
v 0.019775 0.906738 -0.058838 0.0784 0.0549 0.0431
v -0.017822 0.907227 -0.058838 0.0392 0.0314 0.0235
v 0.036865 0.941406 -0.058838 0.0392 0.0353 0.0157
v 0.029541 0.958496 -0.058838 0.0157 0.0118 0.0039
v -0.027100 0.963379 -0.058838 0.0392 0.0235 0.0118
v -0.012451 0.966309 -0.058838 0.0431 0.0353 0.0235
v -0.007080 0.973633 -0.058838 0.0471 0.0353 0.0196
v -0.102295 0.410645 -0.058838 0.0392 0.2510 0.1255
v 0.102295 0.410645 -0.058838 0.0314 0.2432 0.1176
v -0.083740 0.189453 -0.058838 0.6589 0.4628 0.3333
v 0.083740 0.189453 -0.058838 0.6980 0.4392 0.2902
v -0.128174 0.174805 -0.058838 0.6902 0.4510 0.3137
v 0.128662 0.174805 -0.058838 0.6706 0.4550 0.3255
v 0.130127 0.149902 -0.058838 0.0118 0.1725 0.0627
v -0.129639 0.116211 -0.058838 0.0196 0.2392 0.1020
v 0.129639 0.116211 -0.058838 0.0392 0.2432 0.1137
v -0.129639 0.069824 -0.058838 0.0235 0.2039 0.0824
v 0.129639 0.069824 -0.058838 0.0314 0.2118 0.0941
v -0.093994 0.019531 -0.058838 0.0235 0.1922 0.0980
v 0.093994 0.019531 -0.058838 0.0196 0.1882 0.0863
v -0.321533 0.775879 -0.059326 0.5294 0.5882 0.5804
v 0.318115 0.776367 -0.059326 0.1059 0.2157 0.1569
v 0.190186 0.778809 -0.059326 0.7059 0.4745 0.3490
v -0.247803 0.780762 -0.059326 0.6589 0.4314 0.3059
v -0.191162 0.789551 -0.059326 0.6667 0.4471 0.3137
v 0.247314 0.792480 -0.059326 0.7451 0.5137 0.3804
v -0.215088 0.806641 -0.059326 0.7098 0.4745 0.3412
v -0.185303 0.820312 -0.059326 0.7490 0.5176 0.3804
v 0.137939 0.830078 -0.059326 0.7137 0.4941 0.3647
v -0.033447 0.850098 -0.059326 0.7568 0.4980 0.3490
v 0.033447 0.850098 -0.059326 0.7176 0.5059 0.3843
v -0.035400 0.938477 -0.059326 0.0431 0.0275 0.0157
v -0.039795 0.943848 -0.059326 0.0980 0.0745 0.0627
v 0.039307 0.953613 -0.059326 0.0824 0.0667 0.0549
v 0.008545 0.978516 -0.059326 0.0745 0.0627 0.0431
v -0.130615 0.140137 -0.059326 0.8000 0.7882 0.7921
v 0.130615 0.140137 -0.059326 0.5373 0.5530 0.5412
v -0.130615 0.110352 -0.059326 0.0157 0.2078 0.0824
v 0.130615 0.110352 -0.059326 0.0431 0.2392 0.1098
v -0.131592 0.098145 -0.059326 0.1490 0.3725 0.2471
v 0.131592 0.098145 -0.059326 0.1176 0.3333 0.1961
v -0.096924 0.006348 -0.059326 0.0196 0.1922 0.0863
v 0.096924 0.006348 -0.059326 0.0196 0.2039 0.0863
v -0.099854 0.003906 -0.059326 0.0157 0.2471 0.1176
v 0.099854 0.003906 -0.059326 0.0392 0.2157 0.0980
v -0.062256 0.556641 -0.059814 0.0353 0.2706 0.1294
v 0.062256 0.556641 -0.059814 0.0314 0.2667 0.1255
v -0.046631 0.568848 -0.059814 0.0431 0.2784 0.1294
v 0.046631 0.568848 -0.059814 0.0431 0.2863 0.1333
v -0.319092 0.775391 -0.059815 0.3882 0.4432 0.4275
v -0.175049 0.776855 -0.059814 0.6902 0.4589 0.3333
v 0.191162 0.789551 -0.059814 0.6745 0.4432 0.3176
v -0.239990 0.793945 -0.059814 0.7529 0.5176 0.3804
v 0.215088 0.806641 -0.059814 0.7059 0.4706 0.3372
v 0.098389 0.835449 -0.059814 0.7333 0.5019 0.3686
v -0.098389 0.835938 -0.059814 0.7216 0.5019 0.3725
v -0.031494 0.923340 -0.059814 0.0353 0.0314 0.0196
v 0.040283 0.942383 -0.059814 0.1216 0.0980 0.0824
v 0.017334 0.974609 -0.059814 0.0667 0.0471 0.0353
v -0.103760 0.395020 -0.059814 0.0196 0.2039 0.0902
v 0.103760 0.395020 -0.059814 0.0275 0.2039 0.0902
v -0.122803 0.263672 -0.059814 0.7216 0.5019 0.3725
v 0.122803 0.263672 -0.059814 0.7176 0.4823 0.3490
v -0.103271 0.091309 -0.059814 0.0902 0.2784 0.1569
v 0.103272 0.091309 -0.059814 0.0157 0.2275 0.0784
v -0.097412 0.058105 -0.059814 0.0588 0.2510 0.1333
v 0.097412 0.058105 -0.059814 0.0235 0.2000 0.0784
v -0.017334 0.681641 -0.060303 0.0275 0.2196 0.1020
v 0.017334 0.681641 -0.060303 0.0235 0.2157 0.0980
v -0.436768 0.763184 -0.060303 0.0157 0.3529 0.1137
v -0.443604 0.763184 -0.060303 0.0039 0.3568 0.1059
v -0.154053 0.765625 -0.060303 0.7059 0.4432 0.3098
v -0.166260 0.765625 -0.060303 0.7059 0.4432 0.3059
v -0.450440 0.766602 -0.060303 0.0039 0.3608 0.1020
v -0.455811 0.772949 -0.060303 0.0118 0.3725 0.1176
v 0.321533 0.776367 -0.060303 0.6510 0.6941 0.6902
v -0.241455 0.779297 -0.060303 0.6667 0.4392 0.3294
v -0.232666 0.779785 -0.060303 0.6941 0.4628 0.3333
v -0.458740 0.780762 -0.060303 0.0235 0.3843 0.1216
v 0.247803 0.780762 -0.060303 0.6745 0.4432 0.3255
v -0.247803 0.787109 -0.060303 0.6980 0.4667 0.3412
v -0.201904 0.789551 -0.060303 0.7020 0.4706 0.3451
v -0.459717 0.791992 -0.060303 0.0353 0.3961 0.1333
v -0.233154 0.792969 -0.060303 0.7451 0.5059 0.3765
v 0.239990 0.793945 -0.060303 0.7372 0.5059 0.3725
v 0.185303 0.820312 -0.060303 0.7568 0.5176 0.3765
v -0.128662 0.833496 -0.060303 0.7255 0.4941 0.3608
v -0.008545 0.897949 -0.060303 0.0471 0.0392 0.0275
v -0.026611 0.916016 -0.060303 0.0275 0.0235 0.0118
v 0.030029 0.919922 -0.060303 0.0314 0.0353 0.0196
v -0.034912 0.953125 -0.060303 0.1020 0.0902 0.0706
v -0.010498 0.966797 -0.060303 0.0431 0.0353 0.0353
v -0.136475 0.050781 -0.060303 0.0235 0.1961 0.0667
v 0.136475 0.050781 -0.060303 0.0275 0.2196 0.0863
v -0.061279 0.700195 -0.060791 0.0353 0.2196 0.1059
v 0.061279 0.700195 -0.060791 0.0275 0.2196 0.1020
v 0.154053 0.765625 -0.060791 0.7137 0.4432 0.3137
v 0.166260 0.765625 -0.060791 0.7059 0.4471 0.3137
v -0.428955 0.766602 -0.060791 0.0314 0.3529 0.1216
v 0.319092 0.775391 -0.060791 0.4628 0.5412 0.5098
v 0.175049 0.776855 -0.060791 0.6667 0.4353 0.3176
v 0.241455 0.779297 -0.060791 0.6745 0.4392 0.3216
v 0.247803 0.787109 -0.060791 0.7216 0.4902 0.3608
v 0.201904 0.789551 -0.060791 0.7020 0.4706 0.3412
v -0.213623 0.797852 -0.060791 0.7059 0.4706 0.3372
v -0.457764 0.804688 -0.060791 0.0392 0.4000 0.1373
v -0.397217 0.816895 -0.060791 0.0353 0.3882 0.1373
v -0.171631 0.821777 -0.060791 0.7451 0.5176 0.3725
v 0.128662 0.833496 -0.060791 0.7294 0.4980 0.3647
v -0.011963 0.852051 -0.060791 0.7216 0.4941 0.3568
v 0.011963 0.852051 -0.060791 0.7255 0.5019 0.3647
v 0.026123 0.915039 -0.060791 0.0627 0.0471 0.0353
v -0.034424 0.941895 -0.060791 0.1137 0.0902 0.0745
v 0.001221 0.978516 -0.060791 0.0824 0.0627 0.0549
v -0.067627 0.246582 -0.060791 0.6824 0.4784 0.3529
v 0.067627 0.246582 -0.060791 0.7294 0.4550 0.3059
v -0.098877 0.151855 -0.060791 0.5137 0.4275 0.3216
v 0.098877 0.151855 -0.060791 0.5764 0.4392 0.3333
v -0.132568 0.139160 -0.060791 0.7568 0.7608 0.7725
v 0.132568 0.139160 -0.060791 0.7725 0.7804 0.8000
v -0.132080 0.124512 -0.060791 0.0314 0.2275 0.1020
v 0.436279 0.763184 -0.061279 0.0157 0.3490 0.1020
v 0.443604 0.763184 -0.061279 0.0275 0.3608 0.1176
v 0.450440 0.766602 -0.061279 0.0275 0.3608 0.1176
v 0.455811 0.772949 -0.061279 0.0392 0.3765 0.1294
v 0.232666 0.779785 -0.061279 0.6941 0.4550 0.3333
v -0.121338 0.780762 -0.061279 0.6706 0.4432 0.3255
v -0.423584 0.780762 -0.061279 0.0275 0.1961 0.0549
v 0.458740 0.780762 -0.061279 0.0471 0.3921 0.1373
v -0.240479 0.787109 -0.061279 0.7216 0.4863 0.3529
v -0.212646 0.788086 -0.061279 0.7059 0.4706 0.3412
v -0.179932 0.789062 -0.061279 0.6471 0.4314 0.3059
v 0.459717 0.792480 -0.061279 0.0392 0.4039 0.1373
v 0.233154 0.792969 -0.061279 0.7294 0.4941 0.3608
v 0.213623 0.797852 -0.061279 0.7059 0.4745 0.3451
v -0.453369 0.813477 -0.061279 0.0392 0.4000 0.1451
v -0.146240 0.817871 -0.061279 0.6941 0.4628 0.3294
v 0.171631 0.821777 -0.061279 0.7608 0.5216 0.3843
v -0.412842 0.827637 -0.061279 0.0627 0.3882 0.1530
v -0.114014 0.835938 -0.061279 0.7216 0.5019 0.3725
v -0.026123 0.916992 -0.061279 0.0235 0.0196 0.0118
v 0.031982 0.923828 -0.061279 0.0627 0.0549 0.0392
v 0.035400 0.942871 -0.061279 0.0392 0.0353 0.0196
v -0.037354 0.943359 -0.061279 0.1176 0.0902 0.0784
v 0.031494 0.953125 -0.061279 0.0196 0.0196 0.0078
v 0.034424 0.953613 -0.061279 0.0902 0.0745 0.0627
v 0.023682 0.959473 -0.061279 0.0235 0.0196 0.0118
v -0.021729 0.960449 -0.061279 0.0392 0.0392 0.0235
v -0.038330 0.443359 -0.061279 0.0157 0.1922 0.0824
v 0.038330 0.443359 -0.061279 0.0157 0.1922 0.0824
v 0.132080 0.124512 -0.061279 0.0510 0.2314 0.1098
v -0.102295 0.085938 -0.061279 0.0784 0.2667 0.1451
v 0.102295 0.085938 -0.061279 0.0000 0.2000 0.0627
v -0.088135 0.737305 -0.061768 0.5804 0.4667 0.4235
v 0.088135 0.737305 -0.061768 0.6941 0.5098 0.4039
v 0.428955 0.766602 -0.061768 0.0157 0.3490 0.1098
v 0.121338 0.780762 -0.061768 0.6667 0.4353 0.3098
v -0.222900 0.787109 -0.061768 0.7176 0.4823 0.3451
v 0.240479 0.787109 -0.061768 0.7216 0.4941 0.3686
v 0.212647 0.788086 -0.061768 0.7059 0.4667 0.3372
v 0.179443 0.788574 -0.061768 0.6510 0.4275 0.3098
v 0.457764 0.804688 -0.061768 0.0314 0.4000 0.1451
v 0.397217 0.817383 -0.061768 0.0353 0.3882 0.1373
v 0.146240 0.817871 -0.061768 0.6941 0.4667 0.3333
v -0.156006 0.819824 -0.061768 0.7255 0.4941 0.3608
v -0.074951 0.828125 -0.061768 0.6667 0.4550 0.3333
v 0.114014 0.835938 -0.061768 0.7294 0.4980 0.3647
v 0.001221 0.897461 -0.061768 0.0667 0.0431 0.0471
v -0.015381 0.906738 -0.061768 0.0667 0.0510 0.0392
v -0.022705 0.915039 -0.061768 0.0353 0.0275 0.0118
v 0.026123 0.917969 -0.061768 0.0196 0.0157 0.0039
v -0.038330 0.935059 -0.061768 0.0353 0.0235 0.0118
v 0.038818 0.938965 -0.061768 0.0784 0.0627 0.0549
v 0.033936 0.942383 -0.061768 0.0314 0.0235 0.0118
v 0.032959 0.947266 -0.061768 0.0314 0.0196 0.0196
v 0.039795 0.947754 -0.061768 0.1020 0.0863 0.0667
v -0.030518 0.950684 -0.061768 0.0902 0.0706 0.0588
v -0.133545 0.134766 -0.061768 0.0078 0.1961 0.0784
v 0.133545 0.134766 -0.061768 0.0275 0.1922 0.0863
v -0.015869 0.567383 -0.062256 0.0431 0.2706 0.1176
v 0.015869 0.567383 -0.062256 0.0471 0.2823 0.1294
v -0.113037 0.777832 -0.062256 0.6550 0.4196 0.2980
v 0.423584 0.780762 -0.062256 0.0431 0.3255 0.1176
v -0.232666 0.786621 -0.062256 0.7333 0.4941 0.3647
v 0.222900 0.787109 -0.062256 0.7059 0.4706 0.3451
v -0.395752 0.804688 -0.062256 0.0353 0.3725 0.1333
v -0.204834 0.809082 -0.062256 0.7176 0.4863 0.3529
v 0.453369 0.813477 -0.062256 0.0431 0.4039 0.1412
v -0.448975 0.818359 -0.062256 0.0471 0.4078 0.1451
v 0.156006 0.819824 -0.062256 0.7216 0.4902 0.3608
v 0.074951 0.828125 -0.062256 0.7098 0.4432 0.3019
v 0.412842 0.828125 -0.062256 0.0627 0.4000 0.1608
v -0.068604 0.831055 -0.062256 0.6589 0.4902 0.3725
v 0.068604 0.831055 -0.062256 0.7372 0.7059 0.6902
v 0.008545 0.905762 -0.062256 0.0392 0.0275 0.0157
v -0.004150 0.906250 -0.062256 0.0627 0.0471 0.0353
v -0.007568 0.906250 -0.062256 0.0706 0.0510 0.0392
v -0.031494 0.941406 -0.062256 0.0392 0.0235 0.0118
v 0.012939 0.962891 -0.062256 0.0863 0.0706 0.0549
v -0.009033 0.963379 -0.062256 0.0549 0.0510 0.0314
v -0.011963 0.965332 -0.062256 0.0275 0.0275 0.0196
v 0.010986 0.968262 -0.062256 0.0196 0.0157 0.0078
v -0.012451 0.969238 -0.062256 0.0431 0.0392 0.0353
v 0.010010 0.976562 -0.062256 0.0784 0.0627 0.0471
v -0.031982 0.471191 -0.062256 0.0314 0.2275 0.1098
v 0.031982 0.471191 -0.062256 0.0275 0.2275 0.1059
v -0.076904 0.446289 -0.062256 0.0039 0.2000 0.0863
v 0.076904 0.446289 -0.062256 0.0118 0.1804 0.0824
v -0.129639 0.197266 -0.062256 0.6824 0.4667 0.3137
v -0.118896 0.152344 -0.062256 0.2432 0.2784 0.1686
v 0.118897 0.152344 -0.062256 0.4314 0.3608 0.2667
v -0.100830 0.098633 -0.062256 0.0549 0.2471 0.1216
v 0.100830 0.098633 -0.062256 0.0118 0.2039 0.0588
v -0.102295 0.081055 -0.062256 0.0667 0.2549 0.1294
v 0.102295 0.081055 -0.062256 0.0000 0.2275 0.0706
v -0.097900 0.056641 -0.062256 0.0627 0.2549 0.1333
v 0.097900 0.056641 -0.062256 0.0118 0.2039 0.0706
v -0.135986 0.048828 -0.062256 0.0510 0.2745 0.1373
v 0.135986 0.048828 -0.062256 0.0510 0.2627 0.1373
v 0.113037 0.777832 -0.062744 0.6628 0.4432 0.3137
v -0.417236 0.784180 -0.062744 0.0353 0.3216 0.1059
v 0.232666 0.786621 -0.062744 0.7255 0.4941 0.3608
v -0.407959 0.791992 -0.062744 0.0353 0.3529 0.1255
v 0.204834 0.809082 -0.062744 0.7098 0.4784 0.3451
v 0.011963 0.905762 -0.062744 0.0549 0.0392 0.0275
v 0.016846 0.905762 -0.062744 0.0627 0.0510 0.0314
v 0.021729 0.914551 -0.062744 0.0784 0.0627 0.0510
v 0.036865 0.942871 -0.062744 0.0392 0.0314 0.0157
v 0.039795 0.943359 -0.062744 0.1176 0.1020 0.0824
v 0.035889 0.947754 -0.062744 0.0627 0.0431 0.0275
v 0.028076 0.953613 -0.062744 0.0745 0.0549 0.0431
v 0.021729 0.960938 -0.062744 0.0745 0.0627 0.0471
v -0.006592 0.975098 -0.062744 0.1255 0.1137 0.0980
v -0.013428 0.496094 -0.062744 0.0196 0.2118 0.0863
v 0.013428 0.496094 -0.062744 0.0235 0.2118 0.0902
v -0.039795 0.425293 -0.062744 0.0235 0.2196 0.1098
v 0.039795 0.425293 -0.062744 0.0275 0.2157 0.1059
v -0.080322 0.270996 -0.062744 0.7176 0.4980 0.3647
v 0.080322 0.270996 -0.062744 0.7176 0.4823 0.3490
v -0.074951 0.205566 -0.062744 0.6745 0.4667 0.3333
v 0.074951 0.205566 -0.062744 0.7176 0.4432 0.2980
v 0.130615 0.197266 -0.062744 0.6706 0.4550 0.3255
v -0.097900 0.148926 -0.062744 0.0588 0.2471 0.1373
v -0.099365 0.113281 -0.062744 0.0667 0.2510 0.1294
v 0.099365 0.113281 -0.062744 0.0039 0.2157 0.0627
v -0.116943 0.004395 -0.062744 0.0314 0.2118 0.0980
v 0.116943 0.004395 -0.062744 0.0275 0.2078 0.0941
v -0.064209 0.541992 -0.063232 0.0431 0.2706 0.1216
v 0.064209 0.541992 -0.063232 0.0392 0.2627 0.1255
v -0.030518 0.568359 -0.063232 0.0471 0.2667 0.1255
v 0.030518 0.568359 -0.063232 0.0471 0.2823 0.1333
v -0.443604 0.769043 -0.063232 0.0353 0.3765 0.1294
v -0.426514 0.772461 -0.063232 0.0392 0.3529 0.1255
v -0.425049 0.777344 -0.063232 0.0471 0.3686 0.1412
v -0.203369 0.799805 -0.063232 0.6941 0.4628 0.3294
v 0.395752 0.805176 -0.063232 0.0431 0.3882 0.1412
v 0.448975 0.818359 -0.063232 0.0431 0.4039 0.1412
v -0.441162 0.823242 -0.063232 0.0510 0.4000 0.1530
v -0.083740 0.826172 -0.063232 0.7137 0.4941 0.3568
v -0.427490 0.827148 -0.063232 0.0549 0.3961 0.1451
v -0.043213 0.841309 -0.063232 0.8157 0.7647 0.7647
v 0.000244 0.841309 -0.063232 0.7294 0.4980 0.3725
v 0.043213 0.841309 -0.063232 0.7098 0.4784 0.3490
v -0.019775 0.915527 -0.063232 0.0510 0.0235 0.0196
v -0.022217 0.916992 -0.063232 0.0627 0.0510 0.0353
v 0.024170 0.917969 -0.063232 0.0471 0.0353 0.0196
v 0.028076 0.919434 -0.063232 0.0824 0.0667 0.0549
v -0.031494 0.932617 -0.063232 0.0431 0.0275 0.0157
v 0.033447 0.936035 -0.063232 0.0314 0.0275 0.0196
v 0.015381 0.962891 -0.063232 0.0118 0.0118 0.0000
v 0.011475 0.964355 -0.063232 0.0510 0.0353 0.0235
v -0.107178 0.274414 -0.063232 0.7216 0.4863 0.3490
v 0.107178 0.274414 -0.063232 0.7216 0.5059 0.3765
v -0.126221 0.252930 -0.063232 0.7216 0.4902 0.3490
v 0.126221 0.252930 -0.063232 0.7059 0.4745 0.3412
v -0.069580 0.225586 -0.063232 0.6706 0.4745 0.3490
v 0.069580 0.225586 -0.063232 0.7255 0.4432 0.3098
v 0.097900 0.148926 -0.063232 0.0353 0.2275 0.1137
v -0.098389 0.138184 -0.063232 0.7843 0.7843 0.7921
v 0.098389 0.138184 -0.063232 0.7098 0.7333 0.7294
v -0.068115 0.502441 -0.063721 0.0314 0.2510 0.1137
v 0.068115 0.502441 -0.063721 0.0275 0.2471 0.1098
v 0.000244 0.567871 -0.063721 0.0471 0.2627 0.1216
v -0.039307 0.690918 -0.063721 0.0314 0.2275 0.1098
v 0.039307 0.690918 -0.063721 0.0275 0.2275 0.1059
v -0.089111 0.734863 -0.063721 0.7333 0.6785 0.6667
v 0.089111 0.734863 -0.063721 0.7333 0.7216 0.7098
v -0.106689 0.768555 -0.063721 0.7176 0.4589 0.3216
v 0.424561 0.777344 -0.063721 0.0588 0.3647 0.1451
v 0.417236 0.784668 -0.063721 0.0471 0.3568 0.1216
v 0.407959 0.791992 -0.063721 0.0314 0.3568 0.1255
v 0.203369 0.799805 -0.063721 0.6745 0.4432 0.3176
v 0.083740 0.826172 -0.063721 0.7372 0.5019 0.3647
v -0.029053 0.923340 -0.063721 0.0588 0.0431 0.0314
v -0.031006 0.484375 -0.063721 0.0235 0.2353 0.1020
v 0.031006 0.484375 -0.063721 0.0235 0.2353 0.0980
v -0.034912 0.455566 -0.063721 0.0314 0.2353 0.1059
v 0.034912 0.455566 -0.063721 0.0235 0.2353 0.1020
v -0.018799 0.693359 -0.064209 0.0235 0.2157 0.0980
v 0.018799 0.693359 -0.064209 0.0275 0.2196 0.1020
v -0.086182 0.731445 -0.064209 0.3176 0.4118 0.3568
v 0.086182 0.731445 -0.064209 0.0863 0.2078 0.1255
v 0.106689 0.768555 -0.064209 0.7137 0.4980 0.3686
v 0.443604 0.769531 -0.064209 0.0314 0.3647 0.1216
v 0.426514 0.772949 -0.064209 0.0549 0.3725 0.1451
v -0.140381 0.775391 -0.064209 0.6980 0.4589 0.3333
v -0.447998 0.777832 -0.064209 0.0431 0.3843 0.1373
v 0.441162 0.823242 -0.064209 0.0471 0.4039 0.1490
v 0.427490 0.827148 -0.064209 0.0549 0.3961 0.1451
v -0.011963 0.842773 -0.064209 0.7255 0.4980 0.3647
v 0.011963 0.842773 -0.064209 0.7294 0.4980 0.3647
v -0.023193 0.846191 -0.064209 0.7412 0.5176 0.3804
v 0.023193 0.846191 -0.064209 0.7412 0.5216 0.3843
v -0.010986 0.905762 -0.064209 0.0549 0.0353 0.0275
v -0.023193 0.913574 -0.064209 0.0588 0.0392 0.0314
v -0.025635 0.916504 -0.064209 0.0353 0.0314 0.0196
v 0.031982 0.929688 -0.064209 0.0824 0.0667 0.0471
v 0.018799 0.962891 -0.064209 0.0824 0.0745 0.0588
v 0.011475 0.974121 -0.064209 0.0784 0.0667 0.0510
v 0.003174 0.976074 -0.064209 0.0863 0.0745 0.0588
v -0.079346 0.429199 -0.064209 0.0235 0.2157 0.1020
v 0.079346 0.428711 -0.064209 0.0314 0.2275 0.1098
v -0.041748 0.407227 -0.064209 0.0314 0.2432 0.1098
v 0.041748 0.407227 -0.064209 0.0196 0.2314 0.0980
v -0.108643 0.152344 -0.064209 0.5451 0.4432 0.3412
v 0.108643 0.152344 -0.064209 0.6550 0.4980 0.3843
v -0.097412 0.049316 -0.064209 0.0706 0.2549 0.1412
v 0.097412 0.049316 -0.064209 0.0078 0.2039 0.0745
v -0.136475 0.040039 -0.064209 0.0353 0.2471 0.1137
v 0.136475 0.040039 -0.064209 0.0275 0.2392 0.1059
v 0.140381 0.775391 -0.064697 0.7176 0.4706 0.3412
v 0.005615 0.905273 -0.064697 0.0706 0.0510 0.0392
v 0.025635 0.916504 -0.064697 0.0471 0.0353 0.0196
v -0.009521 0.963379 -0.064697 0.0275 0.0196 0.0157
v -0.038330 0.436035 -0.064697 0.0235 0.2353 0.1020
v 0.038330 0.436035 -0.064697 0.0275 0.2392 0.1059
v -0.044678 0.385742 -0.064697 0.1333 0.2784 0.1804
v 0.044678 0.385742 -0.064697 0.1569 0.2823 0.1843
v -0.095947 0.170898 -0.064697 0.6706 0.4667 0.3490
v 0.095947 0.170898 -0.064697 0.6824 0.4550 0.3059
v -0.119873 0.149902 -0.064697 0.0745 0.2627 0.1412
v 0.119873 0.149902 -0.064697 0.0667 0.2432 0.1451
v -0.120361 0.086426 -0.064697 0.0275 0.2078 0.0941
v 0.120361 0.086426 -0.064697 0.0353 0.1961 0.0902
v -0.067139 0.514648 -0.065186 0.0353 0.2588 0.1216
v 0.067139 0.514648 -0.065186 0.0314 0.2549 0.1176
v -0.065674 0.528809 -0.065186 0.0314 0.2667 0.1255
v 0.065674 0.528809 -0.065186 0.0314 0.2588 0.1216
v -0.048096 0.555176 -0.065186 0.0392 0.2745 0.1255
v 0.000244 0.709473 -0.065186 0.0314 0.2118 0.1020
v -0.435303 0.772461 -0.065186 0.0353 0.3647 0.1294
v 0.447998 0.777832 -0.065185 0.0471 0.3843 0.1373
v -0.429443 0.784668 -0.065186 0.0235 0.3255 0.1059
v -0.193604 0.800781 -0.065186 0.6706 0.4392 0.3137
v -0.195068 0.810059 -0.065186 0.7255 0.4902 0.3568
v -0.410400 0.817383 -0.065186 0.0392 0.3961 0.1412
v -0.068115 0.833496 -0.065186 0.6745 0.5019 0.3804
v 0.068115 0.833496 -0.065186 0.7490 0.7020 0.7020
v -0.064697 0.834473 -0.065186 0.5530 0.5843 0.6000
v 0.064697 0.834473 -0.065186 0.1647 0.2823 0.2275
v -0.055908 0.837891 -0.065186 0.0196 0.2196 0.1059
v 0.055908 0.837891 -0.065186 0.0471 0.2353 0.1333
v -0.049072 0.840820 -0.065186 0.1725 0.3137 0.2196
v 0.049072 0.840820 -0.065186 0.3843 0.4550 0.4432
v -0.044678 0.842773 -0.065186 0.6824 0.6157 0.6079
v 0.044678 0.842773 -0.065186 0.4628 0.3647 0.2863
v -0.017822 0.915039 -0.065186 0.0431 0.0392 0.0235
v -0.023193 0.916504 -0.065186 0.0314 0.0275 0.0235
v 0.023682 0.920410 -0.065186 0.0667 0.0510 0.0353
v 0.030029 0.923828 -0.065186 0.0980 0.0706 0.0549
v 0.028076 0.948242 -0.065186 0.1020 0.0706 0.0627
v -0.013916 0.958008 -0.065186 0.0392 0.0235 0.0157
v -0.014893 0.963379 -0.065186 0.0275 0.0235 0.0275
v 0.004639 0.967285 -0.065186 0.0549 0.0510 0.0392
v -0.011963 0.970703 -0.065186 0.0941 0.0784 0.0627
v -0.076416 0.458496 -0.065186 0.0392 0.2627 0.1216
v 0.076416 0.458496 -0.065186 0.0353 0.2588 0.1176
v -0.128662 0.236328 -0.065186 0.7020 0.4667 0.3294
v 0.128662 0.236328 -0.065186 0.6902 0.4706 0.3412
v -0.131104 0.215820 -0.065186 0.6941 0.4628 0.3216
v 0.131104 0.215820 -0.065186 0.6785 0.4628 0.3333
v -0.096924 0.137207 -0.065186 0.7960 0.7843 0.8000
v 0.096924 0.137207 -0.065186 0.7294 0.7333 0.7372
v 0.048096 0.555176 -0.065674 0.0392 0.2745 0.1294
v -0.068115 0.712891 -0.065674 0.0275 0.2196 0.1020
v 0.068115 0.712891 -0.065674 0.0275 0.2196 0.1020
v 0.435303 0.772949 -0.065674 0.0471 0.3686 0.1373
v -0.165771 0.774414 -0.065674 0.6824 0.4589 0.3294
v -0.129150 0.788086 -0.065674 0.6785 0.4510 0.3333
v -0.449463 0.789551 -0.065674 0.0431 0.3921 0.1412
v 0.193604 0.800781 -0.065674 0.6745 0.4432 0.3176
v -0.142334 0.809570 -0.065674 0.6902 0.4706 0.3412
v 0.195068 0.810059 -0.065674 0.7255 0.4941 0.3608
v -0.140381 0.821777 -0.065674 0.7020 0.4706 0.3372
v 0.000244 0.905273 -0.065674 0.0471 0.0275 0.0196
v 0.028076 0.919922 -0.065674 0.1059 0.0863 0.0745
v -0.022217 0.922852 -0.065674 0.0784 0.0667 0.0431
v -0.023682 0.950195 -0.065674 0.0588 0.0431 0.0314
v 0.021240 0.954590 -0.065674 0.0353 0.0235 0.0157
v -0.015869 0.965332 -0.065674 0.0353 0.0314 0.0235
v -0.070557 0.488281 -0.065674 0.0431 0.2706 0.1216
v 0.070557 0.488281 -0.065674 0.0353 0.2588 0.1216
v -0.073486 0.473633 -0.065674 0.0392 0.2667 0.1294
v 0.073486 0.473633 -0.065674 0.0353 0.2549 0.1176
v -0.040283 0.419922 -0.065674 0.0235 0.2432 0.1059
v 0.040283 0.419922 -0.065674 0.0314 0.2432 0.1098
v -0.081787 0.411621 -0.065674 0.0314 0.2275 0.1137
v 0.081787 0.411621 -0.065674 0.0314 0.2314 0.1098
v -0.093506 0.273438 -0.065674 0.7294 0.5137 0.3686
v 0.093506 0.273438 -0.065674 0.7294 0.5098 0.3804
v -0.120361 0.139648 -0.065674 0.7804 0.7686 0.7843
v -0.107666 0.138184 -0.065674 0.7608 0.7647 0.7725
v 0.107666 0.138184 -0.065674 0.7294 0.7490 0.7451
v -0.120850 0.095703 -0.065674 0.0863 0.2941 0.1647
v 0.120850 0.095703 -0.065674 0.0510 0.2275 0.1137
v -0.121338 0.087891 -0.065674 0.0196 0.1843 0.0784
v 0.121338 0.087891 -0.065674 0.0235 0.1804 0.0863
v -0.121338 0.081543 -0.065674 0.0314 0.2235 0.0980
v 0.121338 0.081543 -0.065674 0.0314 0.2157 0.0980
v -0.103271 0.065430 -0.065674 0.0863 0.2627 0.1490
v 0.103272 0.065430 -0.065674 0.0000 0.1961 0.0549
v -0.129639 0.059082 -0.065674 0.0275 0.2039 0.0824
v 0.129639 0.059082 -0.065674 0.0353 0.2196 0.0941
v 0.000244 0.508301 -0.066162 0.0353 0.2157 0.0902
v -0.154541 0.773438 -0.066162 0.7059 0.4667 0.3451
v 0.165772 0.774414 -0.066162 0.6980 0.4667 0.3412
v -0.430908 0.777344 -0.066162 0.0431 0.3647 0.1255
v 0.429443 0.784668 -0.066162 0.0157 0.2000 0.0510
v 0.128662 0.788086 -0.066162 0.6706 0.4510 0.3216
v 0.142334 0.809570 -0.066162 0.6863 0.4550 0.3294
v 0.410400 0.817383 -0.066162 0.0392 0.3921 0.1412
v 0.140381 0.821777 -0.066162 0.7137 0.4823 0.3490
v 0.011963 0.913574 -0.066162 0.0784 0.0627 0.0510
v 0.017822 0.914062 -0.066162 0.0902 0.0706 0.0588
v 0.025635 0.920410 -0.066162 0.0275 0.0275 0.0118
v -0.024170 0.922852 -0.066162 0.1059 0.0863 0.0745
v 0.027588 0.942871 -0.066162 0.1020 0.0824 0.0706
v -0.006592 0.963867 -0.066162 0.0431 0.0353 0.0314
v -0.004639 0.973145 -0.066162 0.1020 0.0824 0.0667
v -0.079346 0.439941 -0.066162 0.0392 0.2627 0.1255
v 0.079346 0.439941 -0.066162 0.0353 0.2627 0.1216
v -0.084229 0.391113 -0.066162 0.2902 0.2510 0.1922
v 0.084229 0.391113 -0.066162 0.3176 0.2549 0.1882
v -0.118896 0.173340 -0.066162 0.6863 0.4550 0.3294
v 0.118897 0.173340 -0.066162 0.6863 0.4667 0.3451
v -0.108643 0.148926 -0.066162 0.0745 0.2510 0.1530
v 0.108643 0.148926 -0.066162 0.0667 0.2588 0.1451
v 0.120361 0.139648 -0.066162 0.7255 0.7529 0.7490
v -0.096924 0.123047 -0.066162 0.0824 0.2588 0.1333
v 0.096924 0.123047 -0.066162 0.0000 0.2157 0.0745
v -0.111084 0.085938 -0.066162 0.0353 0.2235 0.1020
v 0.111084 0.085938 -0.066162 0.0314 0.2157 0.0902
v -0.096924 0.040039 -0.066162 0.0745 0.2549 0.1412
v 0.096924 0.040039 -0.066162 0.0039 0.1882 0.0471
v -0.137451 0.031250 -0.066162 0.0196 0.2235 0.0902
v 0.137451 0.031250 -0.066162 0.0392 0.2392 0.1098
v -0.135986 0.021484 -0.066162 0.0431 0.2118 0.1020
v 0.135986 0.021484 -0.066162 0.3765 0.5176 0.4000
v -0.076904 0.723145 -0.066650 0.0235 0.2078 0.0902
v 0.076904 0.723145 -0.066650 0.0353 0.2275 0.1098
v -0.099854 0.759766 -0.066650 0.7176 0.4706 0.3372
v 0.154541 0.773438 -0.066650 0.7216 0.4745 0.3412
v -0.173584 0.786621 -0.066650 0.6510 0.4353 0.3098
v 0.449463 0.789551 -0.066650 0.0392 0.3921 0.1373
v -0.447022 0.799316 -0.066650 0.0353 0.4039 0.1451
v -0.407471 0.804688 -0.066650 0.0431 0.3804 0.1412
v -0.033936 0.839355 -0.066650 0.8157 0.5098 0.3568
v 0.033936 0.839355 -0.066650 0.7333 0.5098 0.3686
v 0.010010 0.913574 -0.066650 0.0588 0.0431 0.0392
v -0.009521 0.915039 -0.066650 0.0549 0.0431 0.0314
v 0.026123 0.924805 -0.066650 0.0549 0.0392 0.0235
v 0.023682 0.925293 -0.066650 0.0392 0.0353 0.0196
v 0.027100 0.936523 -0.066650 0.1020 0.0824 0.0706
v -0.012939 0.961914 -0.066650 0.0353 0.0275 0.0235
v -0.001709 0.966309 -0.066650 0.0510 0.0392 0.0314
v 0.005127 0.972656 -0.066650 0.0784 0.0706 0.0549
v -0.056885 0.445312 -0.066650 0.0157 0.2000 0.0941
v 0.056885 0.445312 -0.066650 0.0196 0.2118 0.0941
v -0.092529 0.192383 -0.066650 0.6785 0.4628 0.3412
v 0.092529 0.192383 -0.066650 0.6824 0.4628 0.3294
v -0.095947 0.132812 -0.066650 0.0588 0.2314 0.1255
v 0.095947 0.132812 -0.066650 0.0078 0.2039 0.0824
v -0.110596 0.092285 -0.066650 0.0588 0.2588 0.1294
v 0.110596 0.092285 -0.066650 0.0471 0.2471 0.1176
v -0.137451 0.023926 -0.066650 0.4392 0.5019 0.4550
v 0.137451 0.023926 -0.066650 0.0980 0.1922 0.1333
v -0.135986 0.004883 -0.066650 0.0275 0.1961 0.0863
v 0.135986 0.004883 -0.066650 0.0118 0.1725 0.0549
v -0.016357 0.553223 -0.067139 0.0314 0.2627 0.1176
v 0.016357 0.553223 -0.067139 0.0392 0.2627 0.1255
v 0.099365 0.759766 -0.067139 0.7098 0.4902 0.3647
v 0.430908 0.777344 -0.067139 0.0471 0.3804 0.1451
v -0.437744 0.778809 -0.067139 0.0471 0.3765 0.1333
v -0.104248 0.779785 -0.067139 0.6745 0.4432 0.3216
v 0.173584 0.786621 -0.067139 0.6706 0.4432 0.3216
v -0.421631 0.789062 -0.067139 0.0275 0.3568 0.1255
v -0.000244 0.908203 -0.067139 0.0431 0.0275 0.0275
v -0.012939 0.915039 -0.067139 0.0863 0.0667 0.0549
v -0.019287 0.922852 -0.067139 0.0510 0.0353 0.0235
v 0.026611 0.930664 -0.067139 0.0941 0.0745 0.0667
v 0.024170 0.931152 -0.067139 0.0353 0.0314 0.0235
v 0.008057 0.957031 -0.067139 0.0549 0.0392 0.0275
v -0.008057 0.964355 -0.067139 0.0118 0.0078 0.0000
v -0.041748 0.403320 -0.067139 0.0314 0.2510 0.1255
v 0.041748 0.402832 -0.067139 0.0275 0.2392 0.1137
v -0.110596 0.089355 -0.067139 0.0353 0.2275 0.1059
v 0.110596 0.089355 -0.067139 0.0627 0.2706 0.1373
v 0.000244 0.553223 -0.067627 0.0353 0.2392 0.1137
v -0.031494 0.554199 -0.067627 0.0353 0.2588 0.1216
v 0.031494 0.554199 -0.067627 0.0392 0.2745 0.1255
v -0.102783 0.773926 -0.067627 0.7098 0.4745 0.3412
v 0.104248 0.779785 -0.067627 0.6628 0.4471 0.3137
v -0.433838 0.783691 -0.067627 0.0510 0.3804 0.1412
v -0.136475 0.798828 -0.067627 0.7020 0.4706 0.3451
v 0.447022 0.799316 -0.067627 0.0353 0.3882 0.1294
v 0.407471 0.805176 -0.067627 0.0392 0.3882 0.1373
v -0.441162 0.807617 -0.067627 0.0431 0.4039 0.1490
v -0.184326 0.810059 -0.067627 0.7372 0.5019 0.3568
v -0.421631 0.816406 -0.067627 0.0471 0.4000 0.1490
v -0.006104 0.914551 -0.067627 0.0392 0.0275 0.0196
v -0.024658 0.931641 -0.067627 0.0902 0.0667 0.0549
v -0.024658 0.940430 -0.067627 0.0588 0.0353 0.0235
v 0.020752 0.948730 -0.067627 0.0471 0.0314 0.0196
v 0.018799 0.955566 -0.067627 0.0941 0.0784 0.0667
v 0.000244 0.964355 -0.067627 0.0784 0.0706 0.0588
v -0.015381 0.966309 -0.067627 0.0471 0.0471 0.0353
v -0.010010 0.969238 -0.067627 0.1176 0.0941 0.0824
v -0.052979 0.471680 -0.067627 0.0314 0.2510 0.1137
v 0.052979 0.471680 -0.067627 0.0314 0.2549 0.1176
v -0.081787 0.424316 -0.067627 0.0431 0.2667 0.1294
v 0.081787 0.424316 -0.067627 0.0392 0.2667 0.1294
v -0.042725 0.387207 -0.067627 0.0353 0.1922 0.0902
v 0.042725 0.387207 -0.067627 0.0314 0.1882 0.0824
v -0.121826 0.093262 -0.067627 0.1373 0.3333 0.2078
v 0.121826 0.093262 -0.067627 0.1333 0.3255 0.2078
v -0.111572 0.081055 -0.067627 0.0471 0.2549 0.1176
v 0.111572 0.081055 -0.067627 0.0314 0.2235 0.0980
v -0.103760 0.062988 -0.067627 0.0627 0.2432 0.1216
v 0.103760 0.062988 -0.067627 0.0275 0.2314 0.0902
v -0.129150 0.057129 -0.067627 0.0745 0.2706 0.1412
v -0.096924 0.031250 -0.067627 0.0588 0.2432 0.1176
v 0.096924 0.031250 -0.067627 0.0039 0.1725 0.0471
v -0.098877 0.020996 -0.067627 0.0745 0.2196 0.1294
v 0.098877 0.020996 -0.067627 0.0314 0.2000 0.1098
v -0.137939 0.020508 -0.067627 0.0314 0.2353 0.0941
v 0.137939 0.020508 -0.067627 0.0510 0.2235 0.1137
v -0.085205 0.742676 -0.068115 0.5294 0.3921 0.3216
v 0.085205 0.742676 -0.068115 0.7020 0.5333 0.4432
v 0.102783 0.773926 -0.068115 0.7098 0.4863 0.3568
v 0.437744 0.779297 -0.068115 0.0471 0.3843 0.1451
v 0.421631 0.789062 -0.068115 0.0431 0.3765 0.1373
v 0.136475 0.798828 -0.068115 0.6863 0.4550 0.3294
v -0.182861 0.799316 -0.068115 0.6785 0.4510 0.3255
v -0.152100 0.810059 -0.068115 0.7255 0.4941 0.3608
v 0.184326 0.810059 -0.068115 0.7412 0.5059 0.3725
v -0.096436 0.827637 -0.068115 0.7529 0.5137 0.3882
v -0.023682 0.835449 -0.068115 0.7529 0.5059 0.3647
v 0.023682 0.835449 -0.068115 0.7333 0.5137 0.3843
v 0.018311 0.920898 -0.068115 0.1059 0.0863 0.0706
v -0.018311 0.949219 -0.068115 0.0157 0.0157 0.0000
v 0.005127 0.960449 -0.068115 0.0588 0.0431 0.0314
v -0.002686 0.969727 -0.068115 0.0588 0.0510 0.0392
v -0.030029 0.498047 -0.068115 0.0235 0.2353 0.1020
v 0.030029 0.498047 -0.068115 0.0235 0.2275 0.1059
v -0.058838 0.427734 -0.068115 0.0196 0.2157 0.1059
v 0.058838 0.427734 -0.068115 0.0196 0.2196 0.1059
v -0.110107 0.265137 -0.068115 0.7255 0.4941 0.3568
v 0.110107 0.265137 -0.068115 0.7176 0.4980 0.3686
v -0.079834 0.261719 -0.068115 0.7137 0.4941 0.3647
v 0.079834 0.261719 -0.068115 0.7176 0.4863 0.3529
v -0.107666 0.171875 -0.068115 0.6941 0.4706 0.3529
v 0.107666 0.171875 -0.068115 0.6941 0.4745 0.3529
v -0.119873 0.119141 -0.068115 0.0510 0.2432 0.1216
v 0.119873 0.119141 -0.068115 0.0431 0.2235 0.1020
v -0.108154 0.113770 -0.068115 0.0392 0.2235 0.1098
v 0.108154 0.113770 -0.068115 0.0353 0.2392 0.1059
v -0.109131 0.097168 -0.068115 0.0275 0.2235 0.1059
v 0.109131 0.097168 -0.068115 0.0235 0.2157 0.0902
v -0.121826 0.065430 -0.068115 0.0157 0.1961 0.0706
v 0.121826 0.065430 -0.068115 0.0510 0.2353 0.1176
v 0.129150 0.057129 -0.068115 0.0627 0.2627 0.1216
v -0.097412 0.023438 -0.068115 0.4432 0.5333 0.4784
v 0.097412 0.023438 -0.068115 0.4000 0.5019 0.4118
v -0.137939 0.007324 -0.068115 0.0157 0.2039 0.0745
v 0.137939 0.007324 -0.068115 0.0196 0.2000 0.0824
v 0.433838 0.783691 -0.068603 0.0275 0.3412 0.1137
v -0.144287 0.785645 -0.068604 0.7294 0.4902 0.3686
v -0.123779 0.788574 -0.068604 0.6628 0.4392 0.3216
v 0.182373 0.799316 -0.068604 0.6980 0.4628 0.3372
v 0.441162 0.808105 -0.068603 0.0353 0.4000 0.1333
v 0.152100 0.810059 -0.068604 0.7216 0.4863 0.3529
v -0.432373 0.813477 -0.068604 0.0392 0.4000 0.1373
v 0.421631 0.816406 -0.068603 0.0431 0.4000 0.1373
v 0.096436 0.827637 -0.068604 0.7490 0.5176 0.3843
v 0.000244 0.831543 -0.068604 0.7294 0.4980 0.3725
v -0.011963 0.832520 -0.068604 0.7294 0.4941 0.3608
v 0.011963 0.832520 -0.068604 0.7333 0.5019 0.3765
v -0.039307 0.834473 -0.068604 0.8549 0.7725 0.7608
v 0.039307 0.834473 -0.068604 0.6941 0.4980 0.3804
v -0.001221 0.909668 -0.068604 0.0431 0.0392 0.0235
v -0.019775 0.931152 -0.068604 0.0471 0.0275 0.0196
v 0.010986 0.957520 -0.068604 0.0471 0.0392 0.0235
v -0.011963 0.962402 -0.068604 0.0235 0.0196 0.0157
v -0.121338 0.138672 -0.068604 0.7686 0.7804 0.7725
v 0.121338 0.138672 -0.068604 0.7294 0.7451 0.7451
v -0.112549 0.068848 -0.068604 0.0275 0.2039 0.0941
v 0.112549 0.068848 -0.068604 0.0235 0.1843 0.0784
v -0.101318 0.004395 -0.068604 0.0157 0.1882 0.0784
v 0.101318 0.004395 -0.068604 0.0275 0.1922 0.0784
v -0.050537 0.500488 -0.069092 0.0353 0.2588 0.1216
v 0.050537 0.500488 -0.069092 0.0314 0.2510 0.1137
v -0.049072 0.540527 -0.069092 0.0314 0.2667 0.1255
v 0.049072 0.540527 -0.069092 0.0353 0.2627 0.1255
v -0.042236 0.703613 -0.069092 0.0314 0.2235 0.1059
v 0.042236 0.703613 -0.069092 0.0275 0.2275 0.1059
v -0.092041 0.751953 -0.069092 0.6902 0.4745 0.3372
v 0.092041 0.751953 -0.069092 0.7216 0.4784 0.3412
v -0.165771 0.784668 -0.069092 0.6902 0.4628 0.3451
v 0.143799 0.785645 -0.069092 0.7098 0.4784 0.3529
v -0.437744 0.786133 -0.069092 0.0314 0.3804 0.1412
v 0.123779 0.788574 -0.069092 0.6667 0.4432 0.3216
v -0.429443 0.789062 -0.069092 0.0353 0.3372 0.1176
v -0.415772 0.804199 -0.069092 0.0392 0.3804 0.1412
v 0.006592 0.913574 -0.069092 0.0667 0.0510 0.0392
v 0.000244 0.914062 -0.069092 0.0980 0.0784 0.0667
v 0.011475 0.921387 -0.069092 0.0941 0.0706 0.0627
v -0.010498 0.922363 -0.069092 0.0431 0.0314 0.0157
v -0.013916 0.922363 -0.069092 0.0980 0.0745 0.0627
v 0.018799 0.927246 -0.069092 0.0980 0.0784 0.0667
v -0.018799 0.939453 -0.069092 0.0275 0.0235 0.0078
v 0.020264 0.943359 -0.069092 0.0431 0.0314 0.0157
v 0.017334 0.948730 -0.069092 0.0235 0.0196 0.0078
v -0.011963 0.958496 -0.069092 0.0706 0.0510 0.0392
v -0.017334 0.960938 -0.069092 0.0431 0.0392 0.0275
v -0.017822 0.961914 -0.069092 0.0510 0.0353 0.0275
v -0.013916 0.965332 -0.069092 0.0471 0.0275 0.0157
v -0.008545 0.966797 -0.069092 0.0863 0.0706 0.0588
v -0.051025 0.486328 -0.069092 0.0392 0.2588 0.1216
v 0.051025 0.486328 -0.069092 0.0314 0.2510 0.1137
v -0.060303 0.409668 -0.069092 0.0275 0.2314 0.1059
v 0.060303 0.409668 -0.069092 0.0235 0.2196 0.1059
v -0.083740 0.408203 -0.069092 0.0353 0.2510 0.1255
v 0.083740 0.408203 -0.069092 0.0431 0.2588 0.1333
v -0.062744 0.388184 -0.069092 0.2823 0.2745 0.2039
v 0.062744 0.388184 -0.069092 0.2235 0.2627 0.1804
v -0.121338 0.124512 -0.069092 0.0549 0.2588 0.1333
v -0.096924 0.020020 -0.069092 0.0392 0.2039 0.1059
v 0.096924 0.020020 -0.069092 0.0118 0.1804 0.0824
v -0.092529 0.782715 -0.069580 0.6667 0.4432 0.3216
v -0.155518 0.784180 -0.069580 0.7216 0.4823 0.3608
v 0.165283 0.784668 -0.069580 0.7059 0.4745 0.3490
v 0.437744 0.786621 -0.069580 0.0275 0.3490 0.1176
v -0.167725 0.810059 -0.069580 0.7372 0.5059 0.3647
v 0.432373 0.813477 -0.069580 0.0431 0.4000 0.1451
v -0.068604 0.822754 -0.069580 0.6471 0.4628 0.3333
v 0.068604 0.822754 -0.069580 0.7529 0.7372 0.7294
v -0.000732 0.914062 -0.069580 0.0784 0.0627 0.0471
v 0.019775 0.937012 -0.069580 0.0706 0.0549 0.0431
v -0.017822 0.940918 -0.069580 0.0157 0.0078 0.0039
v 0.015381 0.957520 -0.069580 0.0863 0.0667 0.0549
v -0.016357 0.960449 -0.069580 0.0431 0.0392 0.0314
v -0.085205 0.392578 -0.069580 0.0510 0.2000 0.0863
v 0.085205 0.392578 -0.069580 0.0275 0.2078 0.0824
v 0.120850 0.124512 -0.069580 0.0549 0.2588 0.1294
v -0.103760 0.058594 -0.069580 0.0627 0.2471 0.1216
v 0.103760 0.058594 -0.069580 0.0000 0.2275 0.0784
v -0.130127 0.049805 -0.069580 0.0431 0.2549 0.1216
v -0.098877 0.006836 -0.069580 0.0196 0.1961 0.0902
v 0.099365 0.006836 -0.069580 0.0078 0.1804 0.0745
v 0.000244 0.539062 -0.070068 0.0353 0.2432 0.1020
v -0.031982 0.540039 -0.070068 0.0353 0.2588 0.1137
v 0.031982 0.540039 -0.070068 0.0392 0.2627 0.1216
v 0.092529 0.782715 -0.070068 0.6510 0.4314 0.3059
v 0.429443 0.789062 -0.070068 0.0392 0.3451 0.1176
v -0.435303 0.792969 -0.070068 0.0431 0.3765 0.1373
v 0.415772 0.804199 -0.070068 0.0353 0.3843 0.1373
v 0.167725 0.810059 -0.070068 0.7451 0.5059 0.3686
v -0.072510 0.821777 -0.070068 0.6980 0.4980 0.3647
v 0.072510 0.821777 -0.070068 0.7608 0.4667 0.3216
v -0.128662 0.826172 -0.070068 0.7451 0.5176 0.3725
v -0.011963 0.930664 -0.070068 0.0431 0.0314 0.0314
v -0.014893 0.930664 -0.070068 0.0510 0.0353 0.0235
v -0.012451 0.938965 -0.070068 0.0431 0.0275 0.0157
v -0.015381 0.939453 -0.070068 0.0353 0.0314 0.0196
v -0.017334 0.962402 -0.070068 0.0431 0.0353 0.0196
v -0.012451 0.964355 -0.070068 0.0706 0.0588 0.0471
v -0.055420 0.457520 -0.070068 0.0431 0.2667 0.1294
v 0.055420 0.457520 -0.070068 0.0353 0.2627 0.1255
v 0.106689 0.138184 -0.070068 0.7137 0.7294 0.7137
v -0.107178 0.137695 -0.070068 0.7451 0.7725 0.7529
v -0.121826 0.134277 -0.070068 0.0431 0.2235 0.1176
v 0.121826 0.134277 -0.070068 0.0353 0.2157 0.1020
v 0.130127 0.049805 -0.070068 0.0314 0.2510 0.1137
v -0.015869 0.508789 -0.070557 0.0235 0.2353 0.1020
v 0.015869 0.508789 -0.070557 0.0275 0.2275 0.0980
v -0.050537 0.513184 -0.070557 0.0314 0.2510 0.1137
v 0.050537 0.513184 -0.070557 0.0353 0.2549 0.1176
v -0.050049 0.527344 -0.070557 0.0392 0.2706 0.1294
v 0.050049 0.527344 -0.070557 0.0392 0.2627 0.1216
v -0.017334 0.539551 -0.070557 0.0392 0.2667 0.1176
v 0.017334 0.539551 -0.070557 0.0353 0.2627 0.1137
v -0.085205 0.740723 -0.070557 0.6863 0.6079 0.5608
v 0.085205 0.740723 -0.070557 0.7608 0.7255 0.7137
v 0.155518 0.784180 -0.070557 0.7216 0.4902 0.3647
v -0.148682 0.797363 -0.070557 0.7216 0.4863 0.3568
v -0.136963 0.812500 -0.070557 0.6824 0.4510 0.3255
v 0.128662 0.826172 -0.070557 0.7529 0.5176 0.3843
v -0.003174 0.914062 -0.070557 0.0549 0.0431 0.0314
v 0.011963 0.928711 -0.070557 0.1020 0.0824 0.0706
v 0.005615 0.950684 -0.070557 0.0235 0.0196 0.0039
v 0.001221 0.951172 -0.070557 0.0588 0.0392 0.0275
v -0.015381 0.960938 -0.070557 0.0549 0.0471 0.0392
v -0.016846 0.962402 -0.070557 0.0353 0.0353 0.0157
v -0.118408 0.197266 -0.070557 0.6980 0.4667 0.3372
v 0.118408 0.197266 -0.070557 0.6902 0.4784 0.3451
v -0.105713 0.195312 -0.070557 0.6863 0.4628 0.3451
v 0.105713 0.195312 -0.070557 0.6745 0.4589 0.3372
v -0.107178 0.118652 -0.070557 0.0510 0.2510 0.1216
v 0.107178 0.118652 -0.070557 0.0510 0.2510 0.1216
v -0.120361 0.111816 -0.070557 0.0510 0.2392 0.1137
v 0.120361 0.111816 -0.070557 0.0392 0.2275 0.1059
v -0.112549 0.066406 -0.070557 0.0588 0.2549 0.1294
v 0.112549 0.066406 -0.070557 0.0549 0.2392 0.1216
v -0.121826 0.063477 -0.070557 0.0510 0.2392 0.1137
v 0.121826 0.063477 -0.070557 0.0471 0.2510 0.1176
v -0.020264 0.706543 -0.071045 0.0196 0.2118 0.0980
v 0.020264 0.706543 -0.071045 0.0196 0.2118 0.0980
v -0.081787 0.738281 -0.071045 0.5608 0.6039 0.6079
v 0.081787 0.738281 -0.071045 0.1216 0.2588 0.1569
v -0.095947 0.767578 -0.071045 0.7216 0.4902 0.3568
v 0.435303 0.792969 -0.071045 0.0157 0.3216 0.0941
v 0.148682 0.797363 -0.071045 0.7333 0.4902 0.3647
v -0.429932 0.798340 -0.071045 0.0353 0.3804 0.1373
v -0.131592 0.800293 -0.071045 0.6706 0.4510 0.3294
v -0.423584 0.801758 -0.071045 0.0314 0.3882 0.1373
v 0.136963 0.812500 -0.071045 0.6980 0.4667 0.3412
v -0.112061 0.828613 -0.071045 0.7451 0.5176 0.3882
v -0.000244 0.921875 -0.071045 0.0980 0.0784 0.0706
v -0.015869 0.961914 -0.071045 0.0627 0.0471 0.0314
v -0.114990 0.004883 -0.071045 0.0157 0.1843 0.0745
v 0.114990 0.004883 -0.071045 0.0235 0.2000 0.0863
v -0.031494 0.510742 -0.071533 0.0275 0.2471 0.1098
v 0.031494 0.510742 -0.071533 0.0314 0.2510 0.1137
v 0.095947 0.767578 -0.071533 0.7216 0.4941 0.3686
v -0.165283 0.796875 -0.071533 0.7137 0.4863 0.3412
v 0.131592 0.800293 -0.071533 0.6667 0.4471 0.3176
v -0.081299 0.819336 -0.071533 0.7255 0.5137 0.3725
v 0.081299 0.819336 -0.071533 0.7568 0.5098 0.3686
v -0.058838 0.826172 -0.071533 0.0157 0.1216 0.0627
v 0.058838 0.826172 -0.071533 0.0588 0.2392 0.1255
v 0.112061 0.828613 -0.071533 0.7490 0.5176 0.3843
v -0.051514 0.829590 -0.071533 0.0353 0.2392 0.1216
v 0.051514 0.829590 -0.071533 0.0353 0.2314 0.1176
v -0.044678 0.833496 -0.071533 0.1608 0.3098 0.2039
v 0.044678 0.833496 -0.071533 0.4667 0.5137 0.5098
v -0.040771 0.835938 -0.071533 0.7490 0.6980 0.6941
v 0.040771 0.835938 -0.071533 0.4471 0.3451 0.2823
v 0.011963 0.937500 -0.071533 0.0431 0.0275 0.0196
v -0.019287 0.938965 -0.071533 0.0353 0.0314 0.0196
v -0.020264 0.941406 -0.071533 0.0196 0.0157 0.0157
v 0.012939 0.943848 -0.071533 0.0392 0.0235 0.0118
v -0.007080 0.944824 -0.071533 0.0235 0.0118 0.0039
v -0.016846 0.950195 -0.071533 0.0549 0.0392 0.0275
v -0.094971 0.264160 -0.071533 0.7372 0.5059 0.3725
v 0.094971 0.264160 -0.071533 0.7294 0.5098 0.3804
v -0.080322 0.250488 -0.071533 0.7059 0.4863 0.3568
v 0.080322 0.250488 -0.071533 0.7176 0.4863 0.3529
v -0.107178 0.123535 -0.071533 0.0588 0.2510 0.1333
v 0.107178 0.123535 -0.071533 0.0471 0.2471 0.1216
v -0.032471 0.525879 -0.072021 0.0314 0.2627 0.1176
v 0.032471 0.525879 -0.072021 0.0353 0.2549 0.1176
v 0.000244 0.723633 -0.072021 0.0235 0.2235 0.1020
v -0.093018 0.773926 -0.072022 0.7255 0.4941 0.3686
v 0.165283 0.796875 -0.072021 0.7255 0.4902 0.3451
v 0.429932 0.798340 -0.072021 0.0549 0.4039 0.1530
v 0.423584 0.801758 -0.072021 0.0275 0.3804 0.1294
v 0.000244 0.818848 -0.072021 0.7804 0.5216 0.3961
v -0.067627 0.824219 -0.072021 0.6432 0.4471 0.3216
v 0.067627 0.824219 -0.072021 0.7725 0.7412 0.7686
v -0.063721 0.824707 -0.072021 0.6550 0.6863 0.6980
v 0.063721 0.824707 -0.072021 0.0627 0.2039 0.1098
v 0.006592 0.921387 -0.072021 0.0706 0.0549 0.0431
v -0.005127 0.921875 -0.072021 0.0627 0.0510 0.0431
v 0.000732 0.929688 -0.072021 0.0588 0.0392 0.0275
v 0.010010 0.941895 -0.072021 0.0471 0.0353 0.0235
v 0.000244 0.945312 -0.072021 0.0431 0.0275 0.0235
v 0.014404 0.949707 -0.072021 0.1216 0.1020 0.0902
v 0.007568 0.951172 -0.072021 0.0588 0.0431 0.0314
v -0.007568 0.957031 -0.072021 0.0824 0.0627 0.0510
v -0.057861 0.438477 -0.072021 0.0353 0.2667 0.1176
v 0.057861 0.438477 -0.072021 0.0353 0.2627 0.1176
v -0.113037 0.254395 -0.072022 0.7176 0.4863 0.3529
v 0.113037 0.254395 -0.072021 0.7137 0.4980 0.3686
v -0.106689 0.133789 -0.072022 0.0471 0.2353 0.1216
v 0.106689 0.133789 -0.072021 0.0392 0.2196 0.1020
v 0.000244 0.523438 -0.072510 0.0275 0.2275 0.0980
v -0.081787 0.748047 -0.072510 0.6000 0.4078 0.3137
v 0.081787 0.748047 -0.072510 0.7255 0.5647 0.4902
v 0.093018 0.773926 -0.072510 0.7176 0.4941 0.3608
v -0.034424 0.827637 -0.072510 0.8353 0.7529 0.7412
v 0.034424 0.827637 -0.072510 0.4941 0.3568 0.2549
v 0.001709 0.937988 -0.072510 0.0667 0.0549 0.0392
v -0.007080 0.938965 -0.072510 0.0667 0.0471 0.0353
v 0.004639 0.944824 -0.072510 0.0431 0.0392 0.0235
v -0.003174 0.954102 -0.072510 0.0510 0.0314 0.0196
v -0.018799 0.959473 -0.072510 0.0627 0.0471 0.0392
v -0.060303 0.422363 -0.072510 0.0471 0.2706 0.1294
v 0.060303 0.422363 -0.072510 0.0392 0.2667 0.1294
v -0.062744 0.405762 -0.072510 0.0392 0.2588 0.1176
v 0.062744 0.405762 -0.072510 0.0510 0.2549 0.1294
v -0.062256 0.389648 -0.072510 0.0549 0.2314 0.1020
v 0.062256 0.389648 -0.072510 0.0314 0.2118 0.0941
v -0.088135 0.209961 -0.072510 0.6863 0.4745 0.3412
v 0.088135 0.209961 -0.072510 0.6980 0.4745 0.3412
v -0.121826 0.059082 -0.072510 0.0392 0.2432 0.1020
v 0.121826 0.059082 -0.072510 0.0392 0.2392 0.1098
v -0.102783 0.050293 -0.072510 0.0627 0.2549 0.1294
v 0.102783 0.050293 -0.072510 0.0039 0.2314 0.0745
v -0.130615 0.041016 -0.072510 0.0275 0.2471 0.1098
v 0.130615 0.041016 -0.072510 0.0275 0.2392 0.1059
v -0.017334 0.524414 -0.072998 0.0275 0.2471 0.1098
v 0.017334 0.524414 -0.072998 0.0275 0.2432 0.1098
v -0.078857 0.788086 -0.072998 0.6706 0.4589 0.3372
v -0.006592 0.930176 -0.072998 0.0627 0.0431 0.0314
v 0.006592 0.937500 -0.072998 0.0667 0.0549 0.0431
v -0.015869 0.939941 -0.072998 0.0745 0.0588 0.0392
v 0.006592 0.940918 -0.072998 0.0510 0.0353 0.0275
v -0.103271 0.213379 -0.072998 0.6902 0.4706 0.3412
v 0.103272 0.213379 -0.072998 0.6863 0.4667 0.3372
v 0.078857 0.788086 -0.073486 0.7137 0.4432 0.3176
v -0.112549 0.789062 -0.073486 0.6706 0.4471 0.3294
v 0.007080 0.929199 -0.073486 0.0824 0.0627 0.0510
v -0.019775 0.942383 -0.073486 0.0157 0.0118 0.0039
v 0.011475 0.951172 -0.073486 0.0941 0.0784 0.0627
v -0.117920 0.215332 -0.073486 0.7059 0.4745 0.3529
v 0.117920 0.215332 -0.073486 0.6902 0.4784 0.3451
v -0.129639 0.021484 -0.073486 0.0431 0.2353 0.1098
v 0.129639 0.021484 -0.073486 0.2039 0.3568 0.2432
v 0.112549 0.789062 -0.073975 0.6706 0.4471 0.3294
v 0.000244 0.810059 -0.073975 0.8039 0.7333 0.7059
v -0.068604 0.812988 -0.073975 0.6471 0.4550 0.3216
v -0.024170 0.824707 -0.073975 0.8274 0.5216 0.3804
v 0.024170 0.824707 -0.073975 0.7490 0.5137 0.3725
v -0.010498 0.947266 -0.073975 0.1020 0.0902 0.0706
v -0.013916 0.949219 -0.073975 0.0863 0.0706 0.0471
v -0.082764 0.229980 -0.073975 0.6980 0.4784 0.3490
v 0.082764 0.229980 -0.073975 0.7176 0.4863 0.3608
v -0.112061 0.059570 -0.073975 0.0431 0.2353 0.1176
v 0.112061 0.059570 -0.073975 0.0353 0.2392 0.1098
v -0.129150 0.005371 -0.073975 0.0275 0.1961 0.0784
v 0.129150 0.005371 -0.073975 0.0118 0.1686 0.0627
v -0.042725 0.718750 -0.074463 0.0235 0.2235 0.1020
v 0.042725 0.718750 -0.074463 0.0275 0.2275 0.1059
v -0.087158 0.761719 -0.074463 0.7059 0.4784 0.3608
v 0.068604 0.812988 -0.074463 0.7647 0.7098 0.7020
v -0.012451 0.821777 -0.074463 0.7882 0.5098 0.3529
v 0.012451 0.821777 -0.074463 0.7529 0.5059 0.3686
v -0.016846 0.940918 -0.074463 0.0941 0.0824 0.0627
v 0.010986 0.944824 -0.074463 0.1412 0.1098 0.0980
v 0.006104 0.945801 -0.074463 0.0392 0.0235 0.0118
v -0.115479 0.236328 -0.074463 0.7098 0.4784 0.3529
v 0.115479 0.236328 -0.074463 0.7059 0.4863 0.3568
v -0.130615 0.031738 -0.074463 0.0235 0.2353 0.0941
v 0.130615 0.031738 -0.074463 0.0157 0.2353 0.0980
v 0.087158 0.761719 -0.074951 0.7333 0.4863 0.3490
v -0.093506 0.818359 -0.074951 0.7333 0.5098 0.3765
v -0.020752 0.936035 -0.074951 0.0431 0.0353 0.0392
v -0.018311 0.941895 -0.074951 0.0784 0.0588 0.0510
v -0.102783 0.041016 -0.074951 0.0627 0.2549 0.1294
v 0.102783 0.041016 -0.074951 0.0039 0.2314 0.0745
v -0.130615 0.023926 -0.074951 0.4628 0.5569 0.4784
v 0.130615 0.023926 -0.074951 0.4118 0.4784 0.4118
v -0.080811 0.779297 -0.075439 0.6824 0.4745 0.3490
v 0.080811 0.779297 -0.075439 0.7216 0.4628 0.3255
v -0.069580 0.793945 -0.075439 0.6236 0.4353 0.3098
v 0.069580 0.793945 -0.075439 0.7568 0.7137 0.7059
v 0.093506 0.818359 -0.075439 0.7451 0.5137 0.3804
v -0.030029 0.822266 -0.075439 0.8157 0.7294 0.7255
v 0.030029 0.822266 -0.075439 0.6667 0.6510 0.6276
v 0.008545 0.945801 -0.075439 0.1176 0.0941 0.0745
v -0.096924 0.253418 -0.075439 0.7333 0.5019 0.3647
v 0.096924 0.253418 -0.075439 0.7255 0.5019 0.3686
v -0.104248 0.021484 -0.075439 0.0588 0.2275 0.1098
v 0.104248 0.021484 -0.075439 0.0196 0.2039 0.0745
v -0.106201 0.004883 -0.075439 0.0196 0.2000 0.0784
v 0.106201 0.004883 -0.075439 0.0157 0.1882 0.0745
v 0.000244 0.735840 -0.075928 0.0235 0.2235 0.1020
v -0.083740 0.770020 -0.075928 0.7098 0.4980 0.3647
v -0.069092 0.801758 -0.075928 0.6315 0.4392 0.3098
v -0.125732 0.815918 -0.075928 0.7294 0.4980 0.3647
v -0.036377 0.828613 -0.075928 0.5764 0.5333 0.5176
v 0.036377 0.828613 -0.075928 0.6197 0.6354 0.6432
v -0.121826 0.050781 -0.075928 0.0353 0.2471 0.1137
v 0.121826 0.050781 -0.075928 0.0314 0.2510 0.1059
v -0.130615 0.020996 -0.075928 0.0510 0.2353 0.1176
v 0.130615 0.020996 -0.075928 0.0549 0.2353 0.1137
v -0.130615 0.007324 -0.075928 0.0196 0.2039 0.0745
v 0.130615 0.007324 -0.075928 0.0235 0.2000 0.0824
v 0.083740 0.770020 -0.076416 0.7451 0.4823 0.3451
v -0.070068 0.788574 -0.076416 0.6315 0.4314 0.3019
v 0.070068 0.788574 -0.076416 0.8000 0.7490 0.7372
v 0.069092 0.801758 -0.076416 0.7255 0.6745 0.6550
v -0.077881 0.809570 -0.076416 0.7216 0.5059 0.3765
v -0.067627 0.813965 -0.076416 0.6432 0.4550 0.3137
v 0.067627 0.813965 -0.076416 0.7725 0.7490 0.7647
v -0.063721 0.814453 -0.076416 0.6471 0.6941 0.7059
v 0.063721 0.814453 -0.076416 0.0627 0.2039 0.1098
v 0.125732 0.815918 -0.076416 0.7294 0.5137 0.3725
v -0.055908 0.816895 -0.076416 0.0039 0.2039 0.0824
v 0.055908 0.816895 -0.076416 0.0667 0.2471 0.1333
v -0.102295 0.031738 -0.076416 0.0549 0.2353 0.1137
v 0.102783 0.031738 -0.076416 0.0039 0.2078 0.0667
v -0.103271 0.023926 -0.076416 0.4314 0.5255 0.4510
v 0.103272 0.023926 -0.076416 0.4353 0.5098 0.4392
v -0.081299 0.747559 -0.076904 0.6000 0.4706 0.3882
v 0.081299 0.747559 -0.076904 0.7843 0.7255 0.7216
v -0.098389 0.791016 -0.076904 0.6706 0.4510 0.3294
v -0.073975 0.799316 -0.076904 0.6471 0.4510 0.3216
v -0.121338 0.802734 -0.076904 0.7137 0.4863 0.3647
v 0.077881 0.809570 -0.076904 0.7333 0.4784 0.3294
v -0.046631 0.821289 -0.076904 0.0745 0.2549 0.1412
v 0.046631 0.821289 -0.076904 0.0235 0.2314 0.1137
v -0.040283 0.826172 -0.076904 0.1569 0.2941 0.1804
v 0.040283 0.826172 -0.076904 0.0314 0.1490 0.0863
v 0.005127 0.937988 -0.076904 0.0549 0.0392 0.0235
v -0.021240 0.721680 -0.077393 0.0196 0.2118 0.0941
v 0.021240 0.721680 -0.077393 0.0196 0.2118 0.0980
v -0.077881 0.745605 -0.077393 0.6393 0.6785 0.6941
v 0.077881 0.745605 -0.077393 0.1059 0.2588 0.1451
v 0.098389 0.791016 -0.077393 0.6706 0.4510 0.3216
v 0.073975 0.799316 -0.077393 0.7608 0.4589 0.3294
v 0.120850 0.802734 -0.077393 0.7137 0.4823 0.3568
v -0.009521 0.812012 -0.077393 0.8078 0.7333 0.6941
v 0.009521 0.812012 -0.077393 0.7843 0.7608 0.7843
v -0.024170 0.817871 -0.077393 0.8117 0.7098 0.6706
v 0.024170 0.817871 -0.077393 0.7372 0.6393 0.6000
v -0.099854 0.233887 -0.077393 0.6980 0.4784 0.3490
v 0.099854 0.233887 -0.077393 0.7059 0.4863 0.3568
v -0.112061 0.050781 -0.077393 0.0471 0.2549 0.1216
v 0.112061 0.050781 -0.077393 0.0353 0.2510 0.1098
v -0.102783 0.020508 -0.077393 0.0824 0.2392 0.1294
v 0.102783 0.020508 -0.077393 0.0000 0.2157 0.0706
v -0.104248 0.006836 -0.077393 0.0275 0.2157 0.0863
v 0.104248 0.006836 -0.077393 0.0078 0.1843 0.0510
v -0.076904 0.758789 -0.077881 0.6745 0.4510 0.3255
v 0.076904 0.758789 -0.077881 0.7451 0.6000 0.5333
v -0.084717 0.794922 -0.077881 0.6745 0.4589 0.3333
v -0.109619 0.817871 -0.077881 0.7490 0.5255 0.3882
v -0.064209 0.737793 -0.078369 0.0235 0.2275 0.1059
v 0.064209 0.737793 -0.078369 0.0392 0.2392 0.1176
v 0.084717 0.794922 -0.078369 0.6941 0.4628 0.3372
v -0.016846 0.814453 -0.078369 0.8353 0.7568 0.7686
v 0.016846 0.814453 -0.078369 0.7647 0.7451 0.7490
v 0.109619 0.817871 -0.078369 0.7568 0.5216 0.3921
v -0.121826 0.041504 -0.078369 0.0353 0.2549 0.1098
v 0.121826 0.041504 -0.078369 0.0275 0.2471 0.1059
v -0.121338 0.021973 -0.078369 0.0431 0.2196 0.1059
v 0.121338 0.021973 -0.078369 0.0392 0.2275 0.1098
v -0.121338 0.005371 -0.078369 0.0196 0.1961 0.0824
v 0.121338 0.005371 -0.078369 0.0118 0.1843 0.0706
v -0.071533 0.778809 -0.078857 0.6628 0.4510 0.3294
v 0.071533 0.778809 -0.078857 0.7725 0.6550 0.6236
v -0.068115 0.802734 -0.078857 0.6276 0.4392 0.3098
v 0.000244 0.750000 -0.079346 0.0235 0.2275 0.1059
v -0.073975 0.768066 -0.079346 0.6667 0.4510 0.3216
v 0.073975 0.768066 -0.079346 0.7568 0.6236 0.5608
v 0.068115 0.802734 -0.079346 0.7764 0.7372 0.7529
v -0.089600 0.806641 -0.079346 0.7412 0.5098 0.3765
v 0.089600 0.806641 -0.079346 0.7490 0.5176 0.3843
v 0.000244 0.810547 -0.079346 0.7608 0.6589 0.6197
v -0.112061 0.021484 -0.079346 0.0392 0.2196 0.0980
v 0.112061 0.021484 -0.079346 0.0471 0.2235 0.1059
v -0.113037 0.005371 -0.079346 0.0157 0.1843 0.0667
v 0.113037 0.005371 -0.079346 0.0157 0.1843 0.0706
v -0.042725 0.734375 -0.079834 0.0275 0.2275 0.1059
v 0.042725 0.734375 -0.079834 0.0314 0.2314 0.1098
v -0.063721 0.802734 -0.079834 0.6667 0.7216 0.7529
v 0.063721 0.802734 -0.079834 0.0706 0.2157 0.1137
v 0.000244 0.810547 -0.079834 0.7804 0.7137 0.7020
v -0.031494 0.822754 -0.079834 0.4353 0.4078 0.4000
v 0.031494 0.822754 -0.079834 0.7490 0.7333 0.7529
v -0.111572 0.041504 -0.079834 0.0353 0.2471 0.1176
v 0.111572 0.041504 -0.079834 0.0314 0.2510 0.1059
v -0.105225 0.804688 -0.080322 0.7451 0.5098 0.3843
v -0.121826 0.032227 -0.080322 0.0196 0.2353 0.0941
v 0.121826 0.032227 -0.080322 0.0157 0.2353 0.0941
v -0.121826 0.024414 -0.080322 0.4628 0.5686 0.4902
v 0.121826 0.024414 -0.080322 0.4823 0.5451 0.4902
v -0.020264 0.734863 -0.080811 0.0235 0.2235 0.1020
v 0.020264 0.734863 -0.080811 0.0353 0.2275 0.1098
v 0.000244 0.796387 -0.080811 0.0471 0.2471 0.1294
v 0.105225 0.804688 -0.080811 0.7490 0.5176 0.3921
v -0.051025 0.805176 -0.080811 0.0039 0.2196 0.0941
v 0.051025 0.805176 -0.080811 0.0510 0.2471 0.1255
v -0.034912 0.819824 -0.080811 0.1333 0.2823 0.1608
v 0.034912 0.819824 -0.080811 0.0314 0.1608 0.0941
v -0.121826 0.020996 -0.080811 0.0510 0.2314 0.1137
v 0.121826 0.020996 -0.080811 0.0431 0.2353 0.1137
v -0.121826 0.007324 -0.080811 0.0196 0.2078 0.0863
v 0.121826 0.007324 -0.080811 0.0235 0.2039 0.0745
v -0.069092 0.791016 -0.081299 0.6276 0.4275 0.3019
v 0.069092 0.791016 -0.081299 0.7843 0.7451 0.7490
v 0.000244 0.805664 -0.081299 0.0745 0.2471 0.1294
v -0.009033 0.811523 -0.081299 0.7843 0.7451 0.7568
v 0.009033 0.811523 -0.081299 0.7921 0.7647 0.7647
v -0.041260 0.813477 -0.081299 0.0667 0.2588 0.1412
v 0.041260 0.813477 -0.081299 0.0353 0.2471 0.1216
v -0.024658 0.817871 -0.081299 0.6157 0.6000 0.5921
v 0.024658 0.817871 -0.081299 0.7333 0.7372 0.7490
v -0.111572 0.032227 -0.081299 0.0314 0.2314 0.1020
v 0.111572 0.032227 -0.081299 0.0196 0.2353 0.1020
v -0.111572 0.024414 -0.081299 0.4589 0.5647 0.4902
v 0.111572 0.024414 -0.081299 0.4589 0.5333 0.4628
v -0.076416 0.757812 -0.081787 0.6079 0.4392 0.3372
v 0.076416 0.757812 -0.081787 0.8039 0.7333 0.7372
v 0.000244 0.761230 -0.081787 0.0235 0.2314 0.1059
v -0.111572 0.020996 -0.081787 0.0510 0.2314 0.1176
v 0.111572 0.020996 -0.081787 0.0471 0.2353 0.1137
v -0.112549 0.007324 -0.081787 0.0118 0.1961 0.0745
v 0.112549 0.007324 -0.081787 0.0118 0.1961 0.0706
v 0.000244 0.784180 -0.082275 0.0314 0.2314 0.1098
v -0.064697 0.791016 -0.082275 0.6667 0.7216 0.7333
v 0.064697 0.791016 -0.082275 0.0706 0.2235 0.1216
v -0.017334 0.813965 -0.082275 0.7333 0.6941 0.7098
v 0.017334 0.813965 -0.082275 0.7686 0.7568 0.7647
v -0.072510 0.756836 -0.082764 0.6393 0.6824 0.7098
v 0.072510 0.756836 -0.082764 0.0863 0.2549 0.1333
v 0.000244 0.772461 -0.082764 0.0275 0.2275 0.1059
v -0.070557 0.779297 -0.083252 0.6315 0.4432 0.3137
v 0.070557 0.779297 -0.083252 0.8117 0.7529 0.7647
v -0.009521 0.807129 -0.083252 0.0980 0.2667 0.1490
v 0.009521 0.807129 -0.083252 0.0627 0.2235 0.1098
v -0.027588 0.813965 -0.083252 0.1294 0.2941 0.1569
v 0.027588 0.813965 -0.083252 0.0157 0.2000 0.0941
v -0.073486 0.768066 -0.083740 0.6471 0.4353 0.3176
v 0.073486 0.768066 -0.083740 0.8078 0.7255 0.7412
v -0.017822 0.749023 -0.084229 0.0275 0.2275 0.1059
v 0.017822 0.749023 -0.084229 0.0275 0.2275 0.1059
v -0.066162 0.778320 -0.084229 0.6510 0.6980 0.7137
v 0.066162 0.778320 -0.084229 0.0824 0.2392 0.1294
v -0.018799 0.809570 -0.084229 0.1255 0.2863 0.1647
v 0.018799 0.809570 -0.084229 0.0510 0.2157 0.1137
v -0.035889 0.749512 -0.084717 0.0275 0.2392 0.1059
v 0.035889 0.749512 -0.084717 0.0314 0.2432 0.1176
v -0.054932 0.752441 -0.084717 0.0275 0.2392 0.1137
v 0.054932 0.752441 -0.084717 0.0353 0.2353 0.1137
v -0.068604 0.767090 -0.084717 0.6393 0.6745 0.6902
v 0.068604 0.767090 -0.084717 0.0863 0.2549 0.1373
v -0.045166 0.790527 -0.084717 0.0392 0.2510 0.1255
v 0.045166 0.790527 -0.084717 0.0314 0.2392 0.1059
v -0.032959 0.806152 -0.084717 0.0667 0.2667 0.1451
v 0.032959 0.806152 -0.084717 0.0392 0.2510 0.1255
v -0.010986 0.797852 -0.085205 0.0627 0.2510 0.1333
v 0.010986 0.797852 -0.085205 0.0510 0.2432 0.1255
v -0.047119 0.775391 -0.085693 0.0353 0.2471 0.1216
v 0.047119 0.775391 -0.085693 0.0275 0.2432 0.1098
v -0.050049 0.764160 -0.086182 0.0353 0.2432 0.1216
v 0.050049 0.764160 -0.086182 0.0235 0.2353 0.1020
v -0.015381 0.761230 -0.086670 0.0314 0.2314 0.1098
v 0.015381 0.761230 -0.086670 0.0235 0.2275 0.1020
v -0.022217 0.800781 -0.086670 0.0627 0.2588 0.1333
v 0.022217 0.800781 -0.086670 0.0431 0.2471 0.1216
v -0.031494 0.762207 -0.087158 0.0314 0.2471 0.1137
v 0.031494 0.762207 -0.087158 0.0314 0.2432 0.1098
v -0.012939 0.785156 -0.087158 0.0314 0.2314 0.1098
v 0.012939 0.785156 -0.087158 0.0353 0.2275 0.1059
v -0.014404 0.772949 -0.087646 0.0353 0.2353 0.1137
v 0.014404 0.772949 -0.087646 0.0314 0.2314 0.1137
v -0.026123 0.787598 -0.087646 0.0353 0.2432 0.1137
v 0.026123 0.787598 -0.087646 0.0353 0.2471 0.1216
v -0.029053 0.773926 -0.088135 0.0275 0.2432 0.1059
v 0.029053 0.773926 -0.088135 0.0353 0.2471 0.1216
s 1
f 4626 4650 4553
f 4553 4650 4660
f 4553 4660 4591
f 4660 4650 4684
f 4684 4650 4626
f 4660 4684 4698
f 4698 4684 4694
f 4694 4684 4626
f 4698 4694 4712
f 4712 4694 4686
f 4686 4694 4626
f 4712 4686 4700
f 4700 4686 4656
f 4656 4686 4626
f 4700 4656 4672
f 4672 4656 4618
f 4618 4656 4626
f 4672 4618 4631
f 4631 4618 4455
f 4455 4618 4410
f 4410 4618 4626
f 4410 4626 4389
f 4389 4626 4553
f 4410 4389 4015
f 4389 4553 4269
f 4015 4389 3838
f 3838 4389 4269
f 4015 3838 2936
f 3838 4269 3536
f 2936 3838 2263
f 2263 3838 3536
f 2936 2263 1273
f 2263 3536 1800
f 1273 2263 988
f 988 2263 1800
f 1273 988 230
f 988 1800 714
f 230 988 4953
f 4953 988 714
f 4953 714 5478
f 4698 4712 4720
f 4698 4720 4704
f 4712 4700 4720
f 4720 4700 4708
f 4708 4700 4674
f 4674 4700 4672
f 4674 4672 4637
f 4637 4672 4631
f 4637 4631 4474
f 4474 4631 4455
f 4474 4455 4049
f 4049 4455 4028
f 4049 4028 2995
f 4049 2995 3047
f 3047 2995 1308
f 1308 2995 1271
f 1308 1271 433
f 4455 4410 4028
f 4028 4410 4015
f 4028 4015 2995
f 2995 4015 2936
f 2995 2936 1271
f 1271 2936 1273
f 1271 1273 230
f 1271 230 303
f 1271 303 433
f 303 230 5836
f 5836 230 5975
f 5836 5975 7058
f 7058 5975 7101
f 4269 4553 4591
f 4269 4591 4287
f 4269 4287 3536
f 3536 4287 3534
f 3536 3534 1800
f 1800 3534 1752
f 1800 1752 714
f 714 1752 661
f 714 661 5476
f 714 5476 5478
f 5478 5476 6856
f 6856 5476 6854
f 6856 6854 7679
f 7679 6854 7730
f 6856 7679 7351
f 5478 6856 6489
f 6489 6856 7351
f 5478 6489 4953
f 6489 7351 7101
f 4953 6489 230
f 6489 7101 5975
f 6489 5975 230
f 4591 4660 4601
f 4601 4660 4664
f 4664 4660 4704
f 4704 4660 4698
f 4287 4591 4303
f 4303 4591 4601
f 4287 4303 3532
f 4287 3532 3534
f 3534 3532 1798
f 3534 1798 1752
f 1752 1798 659
f 1752 659 661
f 661 659 5476
f 5476 659 5346
f 5476 5346 6772
f 5476 6772 6854
f 6854 6772 7586
f 6854 7586 7730
f 7730 7586 8047
f 7730 8047 8194
f 8194 8047 8956
f 8194 8956 9056
f 9056 8956 9946
f 9946 8956 9924
f 9946 9924 10530
f 9946 10530 10569
f 3532 4303 3582
f 1798 3532 1750
f 1750 3532 3582
f 1798 1750 712
f 1798 712 659
f 659 712 5265
f 659 5265 5346
f 6772 5346 6733
f 6733 5346 5265
f 6772 6733 7586
f 7586 6733 7550
f 7586 7550 7990
f 7586 7990 8047
f 7351 7679 7886
f 7886 7679 8081
f 7351 7886 7101
f 7101 7886 7628
f 7886 8081 9005
f 7628 7886 8442
f 8442 7886 8634
f 8634 7886 9005
f 8442 8634 9236
f 8634 9005 9532
f 8634 9532 9236
f 9532 9005 9926
f 9236 9532 10029
f 9532 9926 10231
f 9532 10231 10029
f 10231 9926 10472
f 10029 10231 10725
f 10725 10231 10472
f 10029 10725 10593
f 10725 10472 10835
f 10593 10725 10870
f 10725 10835 10944
f 10870 10725 10958
f 10958 10725 10944
f 7679 7730 8081
f 8081 7730 8194
f 303 5836 5532
f 303 5532 433
f 5532 5836 7058
f 5532 7058 6852
f 6852 7058 7384
f 7384 7058 7626
f 7384 7626 8240
f 8240 7626 8356
f 8240 8356 9107
f 9107 8356 9194
f 9107 9194 10004
f 10004 9194 10027
f 10004 10027 10632
f 10632 10027 10653
f 433 5532 5530
f 5530 5532 6852
f 433 5530 431
f 5530 6852 6850
f 433 431 1308
f 6850 6852 7384
f 1308 431 1269
f 6850 7384 7470
f 1308 1269 2993
f 7470 7384 8240
f 1308 2993 3047
f 7470 8240 8268
f 3047 2993 4049
f 8268 8240 9105
f 4049 2993 4047
f 9105 8240 9107
f 4049 4047 4453
f 9105 9107 9966
f 4049 4453 4474
f 9966 9107 10004
f 9966 10004 10632
f 9966 10632 10528
f 4474 4453 4637
f 4637 4453 4629
f 4637 4629 4674
f 4674 4629 4666
f 4674 4666 4708
f 4708 4666 4692
f 4708 4692 4720
f 4720 4692 4702
f 4720 4702 4704
f 4704 4702 4690
f 4704 4690 4664
f 4664 4690 4654
f 1269 431 1350
f 1269 1350 2993
f 1350 431 462
f 2993 1350 2445
f 462 431 5474
f 2993 2445 2991
f 5474 431 5530
f 2993 2991 4047
f 5474 5530 6812
f 4047 2991 4069
f 4047 4069 4453
f 4453 4069 4489
f 6812 5530 6850
f 6812 6850 7382
f 7382 6850 7470
f 6812 7382 7884
f 7382 7470 7584
f 7382 7584 7884
f 7884 7584 7975
f 7884 7975 8530
f 4629 4453 4643
f 4643 4453 4489
f 4629 4643 4666
f 4666 4643 4682
f 4666 4682 4716
f 4666 4716 4692
f 4692 4716 4724
f 4692 4724 4702
f 4702 4724 4706
f 4702 4706 4690
f 4690 4706 4662
f 4690 4662 4654
f 4069 2991 3299
f 4069 3299 4093
f 4069 4093 4489
f 3299 2991 2821
f 2821 2991 2445
f 3299 2821 3578
f 3299 3578 4093
f 2821 2445 1477
f 1477 2445 1350
f 3578 2821 3257
f 3257 2821 1477
f 4093 3578 4130
f 4130 3578 4150
f 4130 4150 4451
f 4130 4451 4487
f 4130 4487 4093
f 3723 3257 3451
f 3451 3257 1875
f 1875 3257 1716
f 1716 3257 1477
f 1875 1716 900
f 4093 4487 4507
f 4093 4507 4489
f 4489 4507 4643
f 4643 4507 4647
f 4647 4507 4487
f 4647 4487 4640
f 900 1716 743
f 586 1716 1477
f 1716 586 743
f 586 1477 1350
f 586 1350 462
f 900 743 4774
f 586 462 5342
f 586 5342 743
f 5342 462 5474
f 743 5342 5014
f 743 5014 4774
f 5342 5474 6770
f 6770 5474 6812
f 6770 6812 7884
f 5342 6770 6694
f 5342 6694 5014
f 6770 7884 7810
f 6770 7810 6694
f 5014 6694 6608
f 5014 6608 4774
f 6608 6694 7728
f 7728 6694 7810
f 7810 7884 8395
f 8395 7884 8530
f 228 986 4774
f 228 4774 5683
f 228 5683 5755
f 5683 4774 6606
f 6606 4774 6608
f 5755 5683 6727
f 6727 5683 6606
f 5755 6727 6892
f 6606 6608 7624
f 7624 6608 7728
f 6727 6606 7582
f 7582 6606 7624
f 6892 6727 7677
f 7677 6727 7582
f 6892 7677 7774
f 6892 7774 7056
f 7056 7774 7845
f 7056 7845 7097
f 7097 7845 7149
f 7774 7677 8553
f 7677 7582 8578
f 7677 8578 8553
f 7774 8553 8607
f 7774 8607 7845
f 8607 8553 9496
f 8607 9496 9632
f 8553 8578 9342
f 8607 9632 8632
f 8607 8632 7845
f 9342 8578 9456
f 9342 9456 10137
f 9456 8578 8609
f 8609 8578 7582
f 9456 8609 9634
f 8609 7582 7624
f 9634 8609 8673
f 8673 8609 7624
f 9634 8673 10051
f 8673 7624 7728
f 8673 7728 8827
f 8673 8827 10051
f 8827 7728 7810
f 10051 8827 9458
f 10051 9458 10201
f 8827 7810 8918
f 8827 8918 9458
f 8918 7810 8395
f 10201 9458 9766
f 9766 9458 8918
f 10201 9766 10312
f 8918 8395 9103
f 8918 9103 9766
f 9103 8395 8530
f 10312 9766 9849
f 9849 9766 9103
f 10312 9849 10438
f 9103 8530 9003
f 9103 9003 9849
f 10438 9849 9922
f 9922 9849 9003
f 10438 9922 10526
f 10526 9922 9964
f 9964 9922 9003
f 10526 9964 10567
f 9964 9003 9054
f 9054 9003 8238
f 8238 9003 8530
f 8238 8530 7975
f 8238 7975 7584
f 4643 4647 4682
f 4682 4647 4688
f 4688 4647 4640
f 4682 4688 4716
f 4688 4640 4678
f 4716 4688 4722
f 4722 4688 4678
f 4722 4678 4710
f 4716 4722 4724
f 4724 4722 4726
f 4640 4487 4624
f 4640 4624 4678
f 4624 4487 4451
f 4678 4624 4652
f 4678 4652 4710
f 4710 4652 4676
f 4652 4624 4635
f 4652 4635 4676
f 4635 4624 4451
f 4676 4635 4679
f 4679 4635 4633
f 4679 4633 4668
f 4633 4635 4449
f 4449 4635 4451
f 4633 4449 4408
f 4408 4449 4128
f 4128 4449 4451
f 4128 4451 4150
f 4128 4150 3751
f 3751 4150 3723
f 3723 4150 3578
f 3723 3578 3257
f 3751 3723 3530
f 3530 3723 3451
f 4128 3751 3721
f 4128 3721 4045
f 3721 3751 3530
f 3530 3451 1875
f 3721 3530 3501
f 3721 3501 3576
f 3576 3501 3255
f 3530 1875 2011
f 3530 2011 3499
f 2011 1875 900
f 2011 900 986
f 986 900 4774
f 2011 986 1080
f 3499 2011 2112
f 2112 2011 1080
f 3499 2112 3253
f 3253 2112 1836
f 1836 2112 1080
f 1080 986 228
f 1836 1080 898
f 1080 228 460
f 1080 460 898
f 898 460 340
f 460 228 5755
f 460 5755 5012
f 4722 4710 4726
f 4726 4710 4718
f 4718 4710 4676
f 4726 4718 4714
f 4718 4676 4679
f 4714 4718 4696
f 4696 4718 4679
f 4696 4679 4668
f 4714 4696 4670
f 4670 4696 4658
f 4724 4726 4706
f 4706 4726 4714
f 4706 4714 4662
f 4662 4714 4670
f 4662 4670 4597
f 4662 4597 4599
f 4662 4599 4579
f 4662 4579 4654
f 4664 4654 4579
f 4664 4579 4601
f 4601 4579 4285
f 4601 4285 4303
f 4303 4285 3582
f 4285 4579 4599
f 3582 4285 4301
f 4301 4285 4599
f 3582 4301 3580
f 3582 3580 1796
f 3582 1796 1750
f 1750 1796 1397
f 1796 3580 1925
f 1397 1796 1526
f 1526 1796 1925
f 1397 1526 770
f 1397 770 710
f 1526 1925 1838
f 1526 1838 770
f 1838 1925 2261
f 2261 1925 3694
f 770 1838 902
f 3619 1925 3580
f 1925 3619 3694
f 3619 3580 4301
f 3694 3619 4299
f 4299 3619 4301
f 4299 4301 4599
f 4299 4599 4597
f 4776 770 902
f 4776 902 270
f 770 4776 5197
f 770 5197 710
f 710 5197 5344
f 4776 270 6487
f 4776 6487 5197
f 6487 270 6055
f 5344 5197 6696
f 6696 5197 6487
f 5344 6696 6731
f 6487 6055 7380
f 6731 6696 7513
f 6696 6487 7429
f 6696 7429 7513
f 7429 6487 7380
f 6731 7513 7548
f 7380 6055 7378
f 7548 7513 8440
f 7513 7429 8325
f 7513 8325 8440
f 7429 7380 8236
f 7429 8236 8325
f 8440 8325 9052
f 8325 8236 9233
f 8325 9233 9576
f 9233 8236 9191
f 7988 7548 8440
f 7548 7988 7990
f 8440 9052 9193
f 7988 8440 8675
f 8675 8440 9193
f 9191 8236 8192
f 8192 8236 7380
f 9191 8192 9101
f 8192 7380 7378
f 9101 8192 8117
f 8117 8192 7378
f 9101 8117 8954
f 8117 7378 7427
f 7427 7378 6729
f 8117 7427 8079
f 8117 8079 8954
f 8079 7427 7468
f 7468 7427 6768
f 8079 7468 8077
f 9891 10002 8954
f 9891 8954 9804
f 8954 8079 8916
f 8954 8916 9804
f 8916 8079 8077
f 9804 8916 8914
f 8914 8916 8077
f 8914 8077 8075
f 7546 8077 7468
f 8077 7546 8075
f 8075 7546 7544
f 7544 7546 7195
f 7195 7546 7197
f 7544 7195 7151
f 4299 4597 4297
f 4299 4297 3694
f 4297 4597 4577
f 4577 4597 4670
f 4577 4670 4658
f 4297 4577 4295
f 3694 4297 3818
f 3818 4297 4295
f 3694 3818 2754
f 3694 2754 2261
f 3818 4295 3908
f 3908 4295 4337
f 3818 3908 3098
f 3818 3098 2754
f 2261 2754 1838
f 4337 4295 4566
f 4566 4295 4577
f 4566 4577 4658
f 4337 4566 4616
f 4566 4658 4645
f 4566 4645 4616
f 4645 4658 4668
f 4645 4668 4616
f 4668 4658 4696
f 4616 4668 4633
f 3340 2892 3098
f 3098 2892 2629
f 3098 2629 2754
f 2754 2629 2207
f 2754 2207 1838
f 1838 2207 1098
f 1838 1098 902
f 902 1098 270
f 1098 2207 1232
f 1232 2207 2629
f 270 1098 498
f 498 1098 1232
f 1232 2629 1563
f 270 498 5528
f 1563 2629 2890
f 270 5528 6055
f 6055 5528 6729
f 6055 6729 7378
f 1563 2890 1836
f 1836 2890 3253
f 1563 1836 898
f 1563 898 708
f 1563 708 1232
f 1232 708 498
f 708 898 340
f 708 340 4825
f 708 4825 498
f 498 4825 5528
f 5528 4825 5834
f 5528 5834 6768
f 6768 5834 7099
f 6768 7099 7468
f 7468 7099 7546
f 7099 5834 6549
f 7546 7099 7197
f 7197 7099 6549
f 7197 6549 6766
f 4616 4633 4408
f 4616 4408 4337
f 4337 4408 3908
f 3908 4408 4045
f 4045 4408 4128
f 3908 4045 3576
f 3576 4045 3721
f 3908 3576 3340
f 3908 3340 3098
f 3340 3576 3255
f 3340 3255 2892
f 3501 3530 3499
f 3501 3499 3255
f 3255 3499 3253
f 3255 3253 2892
f 2892 3253 2890
f 2892 2890 2629
f 1750 1397 710
f 1750 710 712
f 712 710 5265
f 5265 710 5344
f 5265 5344 6733
f 6733 5344 6731
f 6733 6731 7548
f 6733 7548 7550
f 7550 7548 7990
f 4825 340 5834
f 5012 340 460
f 340 5012 5263
f 340 5263 5834
f 5263 5012 5832
f 5834 5263 5973
f 5973 5263 5832
f 5834 5973 6549
f 5973 5832 6220
f 6549 5973 6360
f 6360 5973 6220
f 6549 6360 6766
f 6360 6220 6358
f 6766 6360 6356
f 6356 6360 6358
f 6766 6356 6764
f 6356 6358 6214
f 6356 6214 6283
f 6356 6283 6539
f 6729 5528 6768
f 6729 6768 7427
f 9191 9101 10002
f 10002 9101 8954
f 9191 10002 9847
f 9191 9847 9233
f 9847 10002 10564
f 10591 10707 10564
f 10591 10564 10521
f 10564 10002 10403
f 10564 10403 10521
f 10521 10403 10436
f 10403 10002 9891
f 10436 10403 10328
f 10328 10403 9891
f 10328 9891 9804
f 10328 9804 9889
f 10328 9889 10401
f 9889 9804 8914
f 9889 8914 9001
f 9001 8914 8115
f 8914 8075 8115
f 9001 8115 9156
f 9001 9156 9889
f 9889 9156 10025
f 9156 8115 8167
f 8167 8115 7466
f 8167 7466 7511
f 7511 7466 7054
f 7511 7054 7008
f 10328 10401 10436
f 10436 10401 10491
f 10436 10491 10137
f 10491 10401 10519
f 10491 10519 10468
f 10401 9889 10519
f 8115 8075 7466
f 9889 10025 10519
f 7466 8075 7544
f 7466 7544 7054
f 7054 7544 7151
f 7054 7151 6690
f 6690 7151 6539
f 6690 6539 6281
f 6281 6539 6283
f 6281 6283 5967
f 5967 6283 6214
f 5967 6214 5824
f 5824 6214 6161
f 6161 6214 6419
f 6161 6419 6725
f 6161 6725 6649
f 6649 6725 7149
f 7151 7195 6539
f 6539 7195 6764
f 6539 6764 6356
f 6764 7195 7197
f 6764 7197 6766
f 7008 7054 6690
f 7008 6690 6594
f 6594 6690 6206
f 6206 6690 6281
f 6220 5832 6598
f 6598 5832 6364
f 6364 5832 5012
f 6364 5012 5755
f 6364 5755 6892
f 6364 6892 7056
f 6364 7056 6598
f 6598 7056 7097
f 6220 6598 6692
f 6692 6598 7097
f 6692 7097 7149
f 6220 6692 6358
f 6692 7149 6725
f 6692 6725 6358
f 6358 6725 6419
f 6358 6419 6214
f 8553 9342 9496
f 9496 9342 10049
f 9496 10049 10197
f 9456 9634 10199
f 9456 10199 10137
f 10137 10199 10436
f 10436 10199 10521
f 10521 10199 10591
f 10199 9634 10405
f 10199 10405 10591
f 10405 9634 10051
f 10405 10051 10201
f 10591 10405 10523
f 10523 10405 10201
f 10591 10523 10707
f 10707 10523 10833
f 10833 10523 10650
f 10650 10523 10201
f 10833 10650 10924
f 10650 10201 10802
f 10650 10802 10924
f 10802 10201 10312
f 10924 10802 10854
f 10854 10802 10312
f 10924 10854 10967
f 10854 10312 10438
f 10967 10854 10995
f 10854 10438 10896
f 10854 10896 10995
f 10995 10896 10997
f 10896 10438 10526
f 10896 10526 10898
f 10898 10526 10567
f 8238 7584 7470
f 8238 7470 8268
f 8238 8268 9054
f 9054 8268 9105
f 9054 9105 9964
f 9964 9105 9966
f 9964 9966 10567
f 10567 9966 10528
f 10567 10528 10868
f 10567 10868 10898
f 7626 7058 7101
f 7626 7101 7628
f 8356 7626 7628
f 8356 7628 8442
f 8356 8442 9194
f 9194 8442 9236
f 9194 9236 10027
f 10027 9236 10029
f 10027 10029 10653
f 10653 10029 10593
f 10653 10593 10870
f 10653 10870 10928
f 10868 10528 10632
f 10868 10632 10926
f 10868 10926 10956
f 10956 10926 11002
f 10956 11002 10942
f 10942 11002 10982
f 10942 10982 10822
f 10822 10982 10880
f 10822 10880 10530
f 10822 10530 10442
f 10442 10530 9924
f 10442 9924 9852
f 9852 9924 8956
f 9852 8956 8922
f 8922 8956 8047
f 8922 8047 7990
f 10833 10924 10878
f 10878 10924 10967
f 10833 10878 10800
f 10833 10800 10707
f 10707 10800 10709
f 10800 10878 10652
f 10709 10800 10525
f 10525 10800 10652
f 10709 10525 10407
f 10709 10407 10564
f 10525 10652 10203
f 10525 10203 10407
f 10652 10878 10804
f 10652 10804 10203
f 10407 10203 10078
f 10407 10078 9847
f 10078 10203 9576
f 10203 10804 10314
f 10203 10314 9768
f 9768 10314 9806
f 10314 10804 10440
f 10440 10804 10848
f 10440 10848 10470
f 10470 10848 10856
f 10848 10804 10940
f 10940 10804 10878
f 10940 10878 10967
f 10848 10940 10970
f 10970 10940 10967
f 10848 10970 10856
f 10970 10967 10995
f 10856 10970 10972
f 9342 10137 10049
f 10049 10137 10468
f 10468 10137 10491
f 10709 10564 10707
f 9847 10564 10407
f 9847 10078 9233
f 9233 10078 9576
f 8325 9576 9052
f 10203 9768 9576
f 9576 9768 9193
f 9193 9768 9806
f 9193 9806 8675
f 8675 9806 8920
f 8675 8920 8119
f 8119 8920 7990
f 8920 9806 9893
f 8920 9893 9852
f 9893 9806 10440
f 9893 10440 10470
f 10440 9806 10314
f 9052 9576 9193
f 9852 9893 10470
f 9852 10470 10442
f 10442 10470 10856
f 10442 10856 10822
f 10822 10856 10972
f 10822 10972 10942
f 8675 8119 7988
f 7988 8119 7990
f 8922 7990 8920
f 8922 8920 9852
f 8081 8194 9005
f 9005 8194 9056
f 9005 9056 9946
f 9005 9946 9926
f 9926 9946 10472
f 10472 9946 10569
f 10472 10569 10835
f 10835 10569 10882
f 10835 10882 10984
f 10835 10984 10944
f 10944 10984 11004
f 10944 11004 10958
f 10569 10530 10880
f 10569 10880 10882
f 10882 10880 10982
f 10882 10982 10984
f 10984 10982 11002
f 10984 11002 11004
f 11004 11002 10926
f 11004 10926 10928
f 11004 10928 10958
f 10958 10928 10870
f 10632 10653 10928
f 10632 10928 10926
f 10868 10956 10898
f 10898 10956 10997
f 10898 10997 10896
f 10997 10956 10942
f 10997 10942 10972
f 10997 10972 10995
f 10995 10972 10970
f 55 458 614
f 458 55 144
f 614 458 854
f 144 55 5180
f 5180 55 6755
f 55 614 338
f 5180 6755 5455
f 5455 6755 6962
f 338 614 496
f 5455 6962 7140
f 496 614 955
f 1175 614 854
f 614 1175 955
f 496 955 1115
f 1115 955 1175
f 496 1115 739
f 1115 1175 1395
f 1395 1175 1524
f 739 1115 1230
f 739 1230 1076
f 1230 1115 1747
f 1747 1115 1395
f 1747 1395 1524
f 1747 1524 1749
f 5805 5455 7140
f 5455 5805 5063
f 5063 5805 5298
f 5805 7140 7267
f 7267 7140 8045
f 7267 8045 8153
f 7267 8153 7324
f 5805 7267 6092
f 5805 6092 5298
f 6092 7267 7324
f 5298 6092 5657
f 6092 7324 6414
f 6092 6414 5657
f 6414 7324 7376
f 5657 6414 6643
f 6643 6414 7376
f 5657 6643 6027
f 6643 7376 7461
f 6027 6643 6269
f 6643 7461 6801
f 6643 6801 6269
f 854 458 795
f 854 795 1175
f 795 458 266
f 266 458 144
f 1175 795 1117
f 1175 1117 1524
f 1117 795 741
f 741 795 266
f 1117 741 1022
f 1117 1022 1173
f 1117 1173 1524
f 1524 1173 1749
f 1749 1173 1267
f 1749 1267 1613
f 1267 1173 1078
f 1613 1267 1658
f 1658 1267 1078
f 429 741 266
f 741 429 584
f 706 584 264
f 584 429 53
f 584 53 264
f 4875 264 5503
f 5503 264 53
f 5503 53 5801
f 5801 53 6090
f 53 429 4819
f 53 4819 6090
f 4819 429 266
f 6090 4819 5240
f 5240 4819 266
f 6090 5240 6343
f 6343 5240 5803
f 5803 5240 266
f 6343 5803 6641
f 5803 266 4993
f 4993 266 144
f 4993 144 5182
f 4993 5182 5803
f 5182 144 4821
f 5182 4821 5063
f 6641 5803 6412
f 6412 5803 5182
f 6641 6412 7050
f 5182 5063 5457
f 5182 5457 6412
f 5457 5063 5298
f 7050 6412 6757
f 6757 6412 5457
f 5457 5298 5807
f 5457 5807 6757
f 5807 5298 5657
f 6757 5807 6890
f 5807 5657 6026
f 5807 6026 6890
f 6026 5657 6027
f 6890 6026 6964
f 6757 6890 7265
f 6757 7265 7050
f 6026 6027 6345
f 6026 6345 6964
f 6345 6027 6269
f 6964 6345 7142
f 6345 6269 6682
f 6345 6682 7142
f 7142 6682 7294
f 7349 7050 7265
f 7050 7349 7193
f 7349 7265 7538
f 7538 7265 7507
f 7349 7538 7916
f 7349 7916 7675
f 7916 7538 8007
f 7538 7507 7772
f 7538 7772 8007
f 7772 7507 7808
f 8007 7772 8188
f 8188 7772 7808
f 8188 7808 8391
f 8391 7808 7863
f 8391 7863 8438
f 8438 7863 7918
f 7918 7863 7294
f 8438 7918 8393
f 338 496 6024
f 6341 55 338
f 6341 338 6024
f 739 51 496
f 496 51 6024
f 1076 552 51
f 51 552 5453
f 6024 51 5799
f 5799 51 5453
f 5799 5453 6959
f 6024 5799 7230
f 7230 5799 6959
f 6959 5453 4937
f 6024 7230 7320
f 6024 7320 6341
f 7230 6959 7953
f 7230 7953 7986
f 7953 6959 7943
f 7943 6959 6723
f 6723 6959 4937
f 7943 6723 7941
f 6341 7320 7459
f 6341 7459 6588
f 6588 7459 7622
f 7622 7459 8352
f 8352 7459 8073
f 8073 7459 7320
f 8073 7320 7986
f 8073 7986 8575
f 8575 7986 8603
f 8073 8575 8669
f 6534 7941 6723
f 7941 6534 7880
f 6534 6723 301
f 301 6723 4937
f 301 4937 1304
f 7880 6534 6337
f 6337 6534 301
f 7880 6337 7859
f 301 1304 492
f 301 492 6337
f 492 1304 1834
f 7859 6337 6200
f 6200 6337 492
f 7859 6200 7804
f 7804 6200 6088
f 6200 492 633
f 633 492 1834
f 6200 633 6088
f 633 1834 2259
f 633 2259 2627
f 6088 633 704
f 704 633 2627
f 6088 704 6020
f 704 2627 768
f 704 768 6020
f 6020 768 6018
f 768 2627 2815
f 6018 768 793
f 793 768 2815
f 793 2815 1921
f 1076 1230 1747
f 1749 1613 1747
f 1747 1613 1611
f 1747 1611 1076
f 1611 1613 1658
f 1611 1658 1393
f 1611 1393 1076
f 1076 1393 1054
f 739 1076 51
f 1173 1022 584
f 1173 584 706
f 1173 706 1078
f 584 1022 741
f 582 1078 706
f 1078 582 1020
f 582 706 264
f 582 264 4875
f 582 4875 494
f 582 494 1020
f 494 4875 6476
f 494 6476 4939
f 6476 4875 5503
f 1078 1020 1745
f 1078 1745 1658
f 1658 1745 2161
f 1020 494 852
f 1020 852 1522
f 852 494 4817
f 4817 494 4939
f 1522 852 1018
f 1522 1018 1873
f 852 4817 49
f 852 49 1018
f 4817 4939 6586
f 4817 6586 49
f 6586 4939 6476
f 49 6586 6584
f 6584 6586 7620
f 6584 7620 7505
f 7620 6586 7806
f 299 1018 49
f 299 49 6339
f 299 6339 6202
f 1018 299 1052
f 1018 1052 1873
f 1052 299 1455
f 1873 1052 1963
f 1963 1052 1455
f 1020 1522 1745
f 1745 1522 2363
f 1745 2363 2819
f 1745 2819 2161
f 2363 1522 2934
f 2363 2934 2819
f 2934 1522 1873
f 2819 2934 3189
f 2934 1873 1963
f 3189 2934 3045
f 3045 2934 1963
f 3189 3045 3338
f 3045 1963 1455
f 3338 3045 3251
f 3251 3045 1455
f 3251 1455 1712
f 3338 3251 3574
f 3251 1712 3336
f 3251 3336 3574
f 3336 1712 1832
f 3096 3574 3781
f 3336 1832 3449
f 3449 1832 1923
f 3449 1923 3493
f 3449 3493 3944
f 3449 3944 3336
f 3944 3493 4012
f 3836 3574 3336
f 3836 3336 3944
f 3574 3836 3781
f 3781 3836 4026
f 4026 3836 3944
f 3781 4026 3779
f 4026 3944 4124
f 4124 3944 4012
f 4124 4012 4192
f 1658 2161 1393
f 1393 2161 2205
f 2205 2161 2819
f 2205 2819 2443
f 2205 2443 1393
f 1393 2443 1520
f 1393 1520 1054
f 1520 2443 1965
f 1965 2443 2752
f 1054 1520 1306
f 1306 1520 1965
f 1054 1306 552
f 1965 2752 2989
f 552 1306 822
f 552 822 4937
f 552 4937 5453
f 4937 822 1304
f 1304 822 1306
f 1306 1965 2009
f 1306 2009 1304
f 2009 1965 2989
f 1304 2009 2817
f 2817 2009 2989
f 1304 2817 1834
f 1834 2817 2259
f 2817 2989 3779
f 3779 2989 3781
f 3781 2989 3096
f 2817 3779 3497
f 2817 3497 2259
f 3497 3779 4013
f 2259 3497 2627
f 3497 4013 3816
f 3497 3816 2627
f 2627 3816 2815
f 2815 3816 3873
f 2815 3873 3333
f 3333 3873 3926
f 2819 3189 2752
f 2752 3189 3338
f 2752 3338 3096
f 3096 3338 3574
f 2752 3096 2989
f 2443 2819 2752
f 1076 1054 552
f 7230 7986 7320
f 7953 7943 8819
f 7986 7953 8603
f 8603 7953 8819
f 8819 7943 8912
f 8603 8819 9420
f 9420 8819 9527
f 9527 8819 8912
f 8603 9420 8997
f 8603 8997 8575
f 8575 8997 8786
f 9527 8912 9572
f 7941 8912 7943
f 8575 8786 8669
f 9572 8912 8817
f 8817 8912 7941
f 9572 8817 9628
f 8817 7941 7880
f 8669 8786 9096
f 9096 8786 8821
f 9628 8817 8815
f 8815 8817 7880
f 9628 8815 9626
f 8815 7880 7859
f 9626 8815 8784
f 8784 8815 7859
f 9626 8784 9523
f 8784 7859 7804
f 9523 8784 8742
f 8742 8784 7804
f 9523 8742 9450
f 9450 8742 8781
f 8742 7804 7671
f 8742 7671 8781
f 7671 7804 6088
f 8781 7671 7579
f 7671 6088 6020
f 7671 6020 7579
f 7579 6020 6018
f 9572 9628 9762
f 9723 9264 9762
f 9762 9264 9377
f 9572 9762 9685
f 9685 9762 9377
f 9572 9685 9527
f 9685 9377 9296
f 9527 9685 9574
f 9574 9685 9296
f 9527 9574 9420
f 9574 9296 9226
f 9420 9574 9422
f 9422 9574 9226
f 9420 9422 8997
f 9422 9226 9047
f 9047 9226 8573
f 8997 9422 9138
f 9138 9422 9047
f 8997 9138 8786
f 8786 9138 8821
f 8821 9138 9094
f 9094 9138 9047
f 9094 9047 8573
f 9094 8573 8665
f 9094 8665 9140
f 9140 8665 8667
f 9140 8667 8671
f 9140 8671 9142
f 9628 9626 9723
f 9628 9723 9762
f 9296 9377 8466
f 8466 9377 8497
f 8497 9377 9264
f 7421 7673 8466
f 7421 8466 8497
f 7421 8497 7293
f 7293 8497 8110
f 7293 8110 7261
f 8110 8497 8995
f 8995 8497 9264
f 8995 9264 9723
f 8995 9723 9525
f 8995 9525 9373
f 8995 9373 8813
f 8995 8813 8186
f 8821 9094 9140
f 8821 9140 8950
f 8950 9140 9142
f 8950 9142 9298
f 8073 8669 8352
f 8352 8669 8823
f 8823 8669 9096
f 8352 8823 9300
f 8823 9096 9266
f 9300 8823 9800
f 9800 8823 9266
f 9300 9800 9840
f 9800 9266 9379
f 9379 9266 8950
f 9800 9379 9944
f 9840 9800 10257
f 10257 9800 10394
f 9840 10257 10047
f 9840 10047 8952
f 8952 10047 9146
f 10047 10257 10552
f 10552 10257 10394
f 10552 10394 10749
f 10047 10552 10259
f 10552 10749 10866
f 10259 10552 10777
f 10777 10552 10866
f 10259 10777 10363
f 10777 10866 10846
f 10777 10846 10363
f 10846 10866 10922
f 10363 10846 10365
f 10846 10922 10820
f 10846 10820 10365
f 10365 10820 10194
f 10194 10820 10699
f 10194 10699 9997
f 9997 10699 10429
f 9997 10429 9843
f 9843 10429 10195
f 9096 8821 8950
f 9096 8950 9266
f 8352 9300 8528
f 8352 8528 7622
f 7622 8528 7839
f 7622 7839 6588
f 55 6341 6588
f 55 6588 6755
f 6755 6588 7839
f 7839 8528 8746
f 8746 8528 9300
f 8746 9300 9840
f 8746 9840 8952
f 7839 8746 7914
f 7839 7914 6755
f 7914 8746 8952
f 6755 7914 6962
f 6962 7914 7973
f 7973 7914 8952
f 7973 8952 9146
f 5180 5455 144
f 144 5455 4821
f 4821 5455 5063
f 6962 7973 7140
f 7140 7973 8045
f 8045 7973 9146
f 8045 9146 9302
f 8045 9302 8153
f 9302 9146 10259
f 10259 9146 10047
f 9302 10259 10363
f 9302 10363 9381
f 9302 9381 8153
f 9381 10363 10365
f 8153 9381 8190
f 8153 8190 7324
f 7324 8190 7376
f 9381 10365 9340
f 9381 9340 8190
f 9340 10365 10194
f 7376 8190 8232
f 8232 8190 9340
f 7376 8232 7461
f 7461 8232 8267
f 8232 9340 9230
f 8232 9230 8267
f 9230 9340 10194
f 8267 9230 9150
f 9230 10194 9997
f 5503 5801 6799
f 5503 6799 6476
f 6476 6799 7912
f 6476 7912 7861
f 6476 7861 7806
f 5801 6090 6960
f 6960 6090 7192
f 5801 6960 6799
f 6799 6960 7912
f 7912 6960 7955
f 7955 6960 7192
f 7955 7192 8005
f 7955 8005 8745
f 8005 7192 7322
f 7322 7192 6343
f 6343 7192 6090
f 7322 6343 7193
f 7193 6343 6641
f 8005 7322 8113
f 8113 7322 7675
f 7675 7322 7193
f 7675 7193 7349
f 8113 7675 8470
f 8470 7675 8605
f 8605 7675 7916
f 9529 9144 8470
f 9529 8470 8605
f 9529 8605 9882
f 9882 8605 10100
f 8605 7916 8825
f 8605 8825 10100
f 8825 7916 9098
f 8825 9098 10100
f 10100 9098 10261
f 9098 7916 8007
f 9098 8007 8188
f 9098 8188 9268
f 9268 8188 8391
f 8005 8113 8745
f 7955 8745 8671
f 7955 8671 7912
f 7912 8671 8667
f 7912 8667 8665
f 7912 8665 7861
f 7861 8665 8573
f 7861 8573 7806
f 7806 8573 8468
f 8468 8573 9226
f 7806 8468 7620
f 7620 8468 8436
f 7620 8436 7505
f 8745 8113 9144
f 7193 6641 7050
f 7265 6890 7507
f 7507 6890 6964
f 7507 6964 7808
f 7808 6964 7142
f 7808 7142 7863
f 7863 7142 7294
f 8113 8470 9144
f 9144 9529 10223
f 10223 9529 9882
f 9298 8745 9144
f 9298 9144 9838
f 9838 9144 10223
f 9298 9838 9379
f 9298 9379 8950
f 9379 9838 9944
f 9944 9838 10223
f 9944 10223 10394
f 10394 10223 10749
f 10749 10223 10554
f 10554 10223 9882
f 10749 10554 10866
f 10554 9882 10100
f 10866 10554 10751
f 10751 10554 10100
f 10751 10100 10831
f 10831 10100 10261
f 8745 9298 8671
f 8671 9298 9142
f 6476 7806 6586
f 8468 9226 9296
f 8468 9296 8436
f 8436 9296 8466
f 8436 8466 7505
f 7505 8466 7673
f 7505 7673 6202
f 6202 7673 7421
f 7505 6202 6339
f 7505 6339 6584
f 6584 6339 49
f 299 6202 490
f 299 490 1455
f 490 6202 6022
f 6022 6202 7421
f 6022 7421 7293
f 490 6022 550
f 490 550 1455
f 1455 550 1712
f 6022 7293 5797
f 6022 5797 550
f 5797 7293 7261
f 5797 7261 5655
f 550 5797 611
f 550 611 1712
f 611 5797 5655
f 1712 611 1832
f 611 5655 702
f 611 702 1832
f 1832 702 1923
f 8110 8995 8186
f 8110 8186 7261
f 9525 9723 9626
f 9525 9626 9523
f 9525 9523 9373
f 9373 9523 9450
f 8813 9373 10134
f 10134 9373 10462
f 10462 9373 9450
f 10462 9450 10192
f 10192 9450 9452
f 9452 9450 8781
f 9452 8781 7579
f 9452 7579 8151
f 8151 7579 6797
f 6797 7579 6018
f 10134 10462 10550
f 10134 10550 10221
f 10221 10550 10625
f 10221 10625 10308
f 10308 10625 10629
f 10308 10629 10322
f 10629 10625 10427
f 10550 10462 10192
f 10550 10192 10306
f 10550 10306 10392
f 10550 10392 10625
f 10625 10392 10427
f 10427 10392 9880
f 9880 10392 9798
f 9798 10392 10306
f 9880 9798 8601
f 8601 9798 8499
f 9798 10306 9624
f 9798 9624 8499
f 9624 10306 10192
f 8499 9624 8350
f 9624 10192 9452
f 9624 9452 8350
f 8350 9452 8151
f 8910 8813 10134
f 8813 8910 8186
f 8186 8910 7984
f 8186 7984 7261
f 7984 8910 8071
f 8071 8910 10221
f 10221 8910 10134
f 8071 10221 9375
f 8071 9375 8230
f 8230 9375 8322
f 9375 10221 10308
f 9375 10308 9494
f 9494 10308 10322
f 7261 7984 7090
f 7090 7984 7135
f 7135 7984 8071
f 7261 7090 5502
f 7090 7135 5572
f 7090 5572 5502
f 7261 5502 5655
f 7135 8071 7188
f 7135 7188 5572
f 7188 8071 8230
f 7188 8230 7228
f 7228 8230 8322
f 7188 7228 5582
f 7188 5582 5576
f 7188 5576 5572
f 5576 5582 1228
f 5576 1228 1348
f 5576 1348 5572
f 5572 1348 1389
f 5572 1389 5502
f 1389 1348 3092
f 1389 3092 3163
f 5502 1389 1475
f 1475 1389 3163
f 5502 1475 5655
f 1475 3163 3249
f 5655 1475 702
f 702 1475 3249
f 1923 702 3249
f 1923 3249 4164
f 1923 4164 3493
f 3493 4164 4012
f 4012 4164 4387
f 4012 4387 4192
f 4192 4387 4472
f 4192 4472 4361
f 4192 4361 4147
f 4147 4361 4163
f 4147 4163 3926
f 3779 4026 4013
f 4013 4026 4124
f 4013 4124 4089
f 4089 4124 4192
f 4013 4089 3816
f 4089 4192 4147
f 3816 4089 3873
f 4089 4147 3926
f 4089 3926 3873
f 1921 2815 3333
f 793 1921 1516
f 1516 1921 3407
f 3407 1921 3333
f 3407 3333 3926
f 3407 3926 4163
f 793 1516 369
f 793 369 6018
f 6018 369 6797
f 369 1516 1557
f 1557 1516 3495
f 1557 3495 3526
f 1557 3526 1609
f 6797 369 336
f 336 369 1557
f 336 1557 1609
f 6797 336 6888
f 6797 6888 8151
f 8151 6888 8350
f 6888 336 295
f 295 336 1609
f 8350 6888 6957
f 6957 6888 295
f 8350 6957 8499
f 295 1609 222
f 295 222 6957
f 222 1609 1561
f 6957 222 7048
f 6957 7048 8499
f 8499 7048 8601
f 4163 4361 4421
f 4421 4361 4472
f 4421 4472 4503
f 4163 4421 4206
f 4421 4503 4548
f 4206 4421 4483
f 4483 4421 4548
f 4206 4483 4233
f 4233 4483 4505
f 4505 4483 4548
f 4505 4548 4520
f 9880 8601 8743
f 8743 8601 7048
f 9880 8743 10045
f 8743 7048 7137
f 9880 10045 10647
f 7137 7048 262
f 9880 10647 10427
f 262 7048 222
f 10427 10647 10796
f 262 222 1714
f 10427 10796 10629
f 10629 10796 10517
f 10629 10517 10322
f 1714 222 1561
f 1714 1561 3528
f 1714 3528 3692
f 10796 10647 10794
f 10794 10647 10627
f 10627 10647 10045
f 10794 10627 10515
f 10794 10515 10792
f 10627 10045 9993
f 10627 9993 10515
f 9993 10045 8743
f 10792 10515 10775
f 9993 8743 8630
f 9993 8630 9918
f 9993 9918 10515
f 9918 8630 8526
f 10775 10515 10425
f 10425 10515 9918
f 10775 10425 10672
f 9918 8526 9760
f 9918 9760 10425
f 9760 8526 8389
f 10672 10425 10361
f 10361 10425 9760
f 10672 10361 10513
f 9760 8389 9683
f 9760 9683 10361
f 10361 9683 10388
f 9683 8389 8265
f 10388 9683 9681
f 9681 9683 8265
f 10388 9681 10386
f 10388 10386 10623
f 10623 10386 10595
f 6886 6795 8265
f 8265 6795 8316
f 8265 8316 9681
f 8316 6795 6753
f 9681 8316 9721
f 9681 9721 10386
f 9721 8316 8314
f 10266 10595 10386
f 10266 10386 9721
f 10595 10266 10681
f 9721 8314 9636
f 9721 9636 10266
f 9636 8314 8242
f 10681 10266 10330
f 10330 10266 9636
f 10681 10330 10683
f 9636 8242 9578
f 9636 9578 10330
f 9578 8242 8196
f 8196 8242 6698
f 10330 9578 10332
f 10330 10332 10683
f 9578 8196 9580
f 9578 9580 10332
f 8196 6698 8083
f 8196 8083 9580
f 8083 6698 6610
f 8083 6610 7681
f 9580 8083 8501
f 10332 9580 10233
f 10233 9580 9581
f 10332 10233 10597
f 10332 10597 10683
f 10233 9581 10031
f 10683 10597 10656
f 10683 10656 10755
f 10755 10656 10685
f 10755 10685 10806
f 10685 10656 10474
f 10685 10474 10493
f 10656 10597 10494
f 10493 10474 10165
f 10165 10474 10494
f 10493 10165 10268
f 10268 10165 9928
f 9928 10165 9770
f 9928 9770 9200
f 9928 9200 9304
f 9200 9770 9158
f 10334 10494 10597
f 10334 10597 10233
f 10334 10233 10031
f 10494 10334 10033
f 10033 10334 10031
f 10494 10033 10235
f 10235 10033 9807
f 8924 9158 9807
f 8924 9807 9497
f 9497 9807 10033
f 8924 9497 8611
f 10033 10031 9687
f 10033 9687 9497
f 8611 9497 9198
f 9198 9497 9687
f 8611 9198 8198
f 9198 9687 8677
f 9198 8677 8198
f 9687 10031 9460
f 9460 10031 9581
f 9687 9460 9196
f 9687 9196 8677
f 9196 9460 8503
f 8503 9460 8501
f 9196 8503 8397
f 9196 8397 8677
f 8677 8397 8121
f 8677 8121 7888
f 8677 7888 8198
f 8198 7888 8244
f 8198 8244 8679
f 8244 7888 7812
f 8679 8244 8444
f 8244 7812 8009
f 8244 8009 8444
f 8679 8444 8636
f 8679 8636 9007
f 8444 8009 8122
f 8444 8122 8399
f 8444 8399 8636
f 8122 8009 7890
f 8636 8399 8554
f 9007 8636 9202
f 8636 8554 8829
f 8636 8829 9202
f 8829 8554 8639
f 9202 8829 9273
f 7890 8009 7588
f 7588 8009 7812
f 7588 7812 7309
f 7890 7588 7431
f 7588 7309 7238
f 7588 7238 7431
f 7431 7238 7103
f 8958 9273 8829
f 8958 8829 8639
f 9273 8958 9305
f 8958 8639 8681
f 9305 8958 9009
f 9009 8958 8681
f 9305 9009 8959
f 8959 9009 8681
f 8959 8681 8638
f 9305 8959 9274
f 9274 8959 9203
f 10517 10796 10794
f 10517 10794 10489
f 10489 10794 10390
f 10390 10794 10792
f 10390 10792 10320
f 10320 10792 10775
f 10320 10775 10672
f 10320 10672 10282
f 10282 10672 10190
f 10190 10672 10513
f 10388 10513 10361
f 10513 10388 10623
f 10513 10623 10190
f 10190 10623 10280
f 10280 10623 10548
f 10548 10623 10595
f 10190 10280 9570
f 9570 10280 10548
f 10190 9570 9224
f 10190 9224 9185
f 9185 9224 8226
f 8226 9224 8318
f 10548 10595 10681
f 9680 8318 9570
f 8318 9680 8388
f 10219 9570 10548
f 9570 10219 9680
f 10548 10681 10727
f 10727 10681 10755
f 10755 10681 10683
f 10727 10755 10806
f 10548 10727 10679
f 10548 10679 10219
f 10679 10727 10806
f 10409 9680 10219
f 10409 10219 10679
f 10679 10806 10781
f 10679 10781 10409
f 10781 10806 10655
f 10409 10781 10807
f 10655 10806 10685
f 10655 10685 10493
f 10655 10493 10475
f 10680 9680 10409
f 9680 10680 10220
f 10756 10680 10807
f 10220 10680 10728
f 10728 10680 10756
f 10220 10728 10549
f 10220 10549 9571
f 10728 10756 10684
f 10684 10756 10598
f 10598 10756 10657
f 10657 10756 10807
f 10657 10807 10686
f 10657 10686 10495
f 10657 10495 10369
f 10728 10684 10682
f 10728 10682 10549
f 10682 10684 10333
f 10682 10333 10331
f 10549 10682 10596
f 10596 10682 10331
f 10549 10596 10281
f 10596 10331 10267
f 10596 10267 10624
f 10624 10267 10387
f 10624 10387 10514
f 10514 10387 10389
f 10514 10389 10673
f 10673 10389 10362
f 10673 10362 10776
f 10776 10362 10426
f 10776 10426 10793
f 10793 10426 10516
f 10793 10516 10628
f 10793 10628 10795
f 10795 10628 10797
f 10797 10628 10648
f 9494 10322 10517
f 9375 9494 8322
f 9494 10517 9725
f 9494 9725 8322
f 8322 9725 8434
f 8322 8434 7228
f 7228 8434 7263
f 7228 7263 5582
f 5582 7263 5580
f 5582 5580 1228
f 1228 5580 1302
f 1228 1302 3094
f 1228 3094 2888
f 2888 3094 4108
f 2888 4108 3984
f 3984 4108 4447
f 3984 4447 4363
f 4363 4447 4605
f 4363 4605 4520
f 4520 4605 4589
f 4520 4589 4505
f 4505 4589 4235
f 4235 4589 4309
f 4235 4309 3692
f 4235 3692 3528
f 9725 10517 10489
f 9725 10489 9630
f 9725 9630 8434
f 9630 10489 10390
f 8434 9630 8320
f 9630 10390 9454
f 9630 9454 8320
f 9454 10390 10320
f 8320 9454 8228
f 9454 10320 9338
f 9454 9338 8228
f 9338 10320 10282
f 8228 9338 8111
f 9338 10282 9185
f 9338 9185 8111
f 9185 10282 10190
f 8111 9185 8108
f 7263 8434 8320
f 7263 8320 7190
f 7190 8320 8228
f 7263 7190 5580
f 7190 8228 7186
f 5580 7190 5578
f 5578 7190 7186
f 5580 5578 1302
f 7186 8228 8111
f 1302 5578 1391
f 1302 1391 3094
f 3094 1391 3297
f 1391 5578 5574
f 5574 5578 7186
f 3297 1391 1518
f 1518 1391 5574
f 3297 1518 3379
f 7184 7186 8111
f 7186 7184 5574
f 7184 8111 8108
f 7184 8108 7133
f 5574 7184 5570
f 5570 7184 7133
f 5574 5570 1518
f 1559 3379 1518
f 1559 1518 5570
f 3379 1559 3409
f 8226 7182 7133
f 7133 7182 5500
f 7133 5500 5570
f 5570 5500 1559
f 3409 1559 1607
f 1607 1559 5500
f 1607 5500 5498
f 3409 1607 3335
f 1607 5498 1605
f 1607 1605 3335
f 3335 1605 3247
f 3335 3247 4308
f 4308 3247 4360
f 4360 3247 3161
f 3161 3247 1603
f 1603 3247 1605
f 1603 1605 5496
f 1228 2888 1348
f 1348 2888 3092
f 3092 2888 3984
f 3092 3984 4091
f 3092 4091 3163
f 4091 3984 4406
f 4406 3984 4363
f 3163 4091 4126
f 4406 4363 4520
f 4126 4091 4406
f 3163 4126 3249
f 4406 4520 4548
f 3249 4126 4164
f 4406 4548 4404
f 4406 4404 4126
f 4126 4404 4164
f 4404 4548 4503
f 4164 4404 4387
f 4387 4404 4503
f 4387 4503 4472
f 4163 4206 3407
f 3407 4206 3495
f 3495 4206 3526
f 3526 4206 4233
f 3526 4233 3528
f 3526 3528 1609
f 1609 3528 1561
f 3528 4233 4235
f 4235 4233 4505
f 3407 3495 1516
f 3692 4309 4293
f 3692 4293 3691
f 3691 4293 4284
f 3691 4284 3618
f 3618 4284 4292
f 4292 4284 4565
f 3618 4292 3617
f 3617 4292 3616
f 3616 4292 4268
f 3616 4268 3572
f 4293 4309 4589
f 4293 4589 4575
f 4293 4575 4284
f 4575 4589 4595
f 4595 4589 4605
f 4575 4595 4594
f 4284 4575 4565
f 4565 4575 4594
f 4565 4594 4588
f 4565 4588 4473
f 4565 4473 4292
f 4292 4473 4268
f 4268 4473 4502
f 4268 4502 4216
f 4502 4473 4443
f 4443 4473 4588
f 4443 4588 4482
f 4443 4482 4519
f 4443 4519 4402
f 4402 4519 4360
f 3692 3691 1714
f 1714 3691 1710
f 1714 1710 297
f 1710 3691 1656
f 1656 3691 3618
f 1656 3618 1654
f 297 1710 1656
f 262 1714 297
f 262 297 7046
f 262 7046 7137
f 7137 7046 8630
f 7137 8630 8743
f 8630 7046 8526
f 8526 7046 6955
f 6955 7046 297
f 8526 6955 8389
f 6955 297 371
f 371 297 1656
f 8389 6955 6886
f 6886 6955 371
f 8389 6886 8265
f 371 1656 404
f 371 404 6886
f 6886 404 6795
f 404 1656 1654
f 6795 404 402
f 402 404 1654
f 6795 402 6753
f 3618 3617 1654
f 1654 3617 1600
f 1654 1600 402
f 1600 3617 3616
f 1600 3616 1598
f 402 1600 400
f 400 1600 1598
f 402 400 6753
f 400 1598 398
f 6753 400 6751
f 6751 400 398
f 6753 6751 8314
f 6753 8314 8316
f 8314 6751 8242
f 8242 6751 6735
f 6735 6751 398
f 8242 6735 6698
f 6735 398 373
f 6735 373 6698
f 373 398 1565
f 1565 398 1597
f 6698 373 406
f 406 373 1565
f 6698 406 6610
f 3538 1565 3525
f 1565 3538 3539
f 1565 3539 1615
f 1565 1615 406
f 1615 3539 3622
f 406 1615 435
f 406 435 6610
f 6610 435 6491
f 6491 435 437
f 6610 6491 7681
f 8083 7681 8501
f 8501 7681 8503
f 8503 7681 7552
f 7552 7681 6491
f 8503 7552 8397
f 8397 7552 7472
f 8397 7472 8121
f 7552 6491 6425
f 7552 6425 7472
f 6425 6491 437
f 7472 6425 6427
f 6425 437 464
f 6425 464 6427
f 464 437 1663
f 6427 464 466
f 6427 466 6366
f 464 1663 1718
f 464 1718 1754
f 1718 1663 3696
f 3696 1663 3624
f 4595 4605 4485
f 4485 4605 4447
f 4595 4485 4446
f 4595 4446 4594
f 4485 4447 4165
f 4165 4447 4108
f 4165 4108 3297
f 3297 4108 3094
f 4165 3297 3379
f 4485 4165 4208
f 4208 4165 3379
f 4485 4208 4446
f 4208 3379 3409
f 4208 3409 4246
f 4208 4246 4446
f 4246 3409 3335
f 4246 3335 4308
f 4446 4246 4482
f 4482 4246 4308
f 4446 4482 4594
f 4594 4482 4588
f 4482 4308 4519
f 4519 4308 4360
f 5498 5500 7182
f 8226 8318 7182
f 7182 8318 7180
f 7182 7180 5498
f 7180 8318 8388
f 7180 8388 7227
f 5498 7180 5496
f 5496 7180 7227
f 5498 5496 1605
f 5496 7227 5452
f 5496 5452 1603
f 1603 5452 1601
f 8226 7133 8108
f 8226 8108 9185
f 4402 4360 4537
f 4402 4537 4572
f 4402 4572 4564
f 4402 4564 4443
f 4443 4564 4502
f 4537 4360 4321
f 4321 4360 3161
f 4537 4321 4191
f 4191 4321 3161
f 1601 3161 1603
f 3161 1601 2988
f 3161 2988 4191
f 4191 2988 3925
f 4191 3925 4467
f 4537 4191 4467
f 2988 1601 1604
f 1604 1601 5452
f 1604 5452 5497
f 5497 5452 7227
f 1604 5497 1606
f 1606 5497 5499
f 5499 5497 7181
f 3248 1606 3378
f 3378 1606 1608
f 1608 1606 5499
f 3378 1608 3410
f 3410 1608 1560
f 5499 7181 7183
f 1608 5499 5501
f 1608 5501 1560
f 5501 5499 7183
f 7183 7181 8319
f 7183 8319 8227
f 8227 8319 9571
f 7183 8227 8109
f 1560 5501 5571
f 5501 7183 7134
f 7134 7183 8109
f 5501 7134 5571
f 1560 5571 1519
f 7134 8109 7185
f 7134 7185 5571
f 7185 8109 8112
f 1519 5571 5575
f 5575 5571 7185
f 1519 5575 1392
f 7185 8112 7187
f 7185 7187 5575
f 1392 5575 5579
f 5579 5575 7187
f 1392 5579 1303
f 1303 5579 5581
f 5581 5579 7191
f 7191 5579 7187
f 5581 7191 7264
f 8229 7187 8112
f 7187 8229 7191
f 8229 8112 9339
f 9339 8112 9186
f 8229 9339 9455
f 7191 8229 8321
f 7191 8321 7264
f 8321 8229 9455
f 7264 8321 8435
f 8321 9455 9631
f 8321 9631 8435
f 8435 9631 9726
f 3162 2988 1604
f 2988 3162 3925
f 3162 1604 3248
f 3248 1604 1606
f 3925 3162 4025
f 3925 4025 4282
f 3162 3248 4320
f 3162 4320 4025
f 4282 4025 4291
f 4291 4025 4320
f 4282 4291 4547
f 4547 4291 4320
f 4547 4320 4468
f 4468 4320 4403
f 4468 4403 4563
f 4322 4320 3248
f 4322 3248 3378
f 4322 3378 4283
f 4322 4283 4470
f 4470 4283 4431
f 4283 3378 4247
f 4283 4247 4431
f 4247 3378 3410
f 4431 4247 4445
f 4445 4247 4217
f 4217 4247 3410
f 4445 4217 4486
f 4217 3410 3380
f 3380 3410 1560
f 3380 1560 1519
f 3380 1519 3298
f 3380 3298 4217
f 3298 1519 1392
f 4486 4217 4166
f 4166 4217 3298
f 4486 4166 4448
f 4448 4166 4109
f 4109 4166 3095
f 3095 4166 3298
f 3095 3298 1392
f 3095 1392 1303
f 5497 7227 7181
f 7181 7227 8388
f 7181 8388 8319
f 8319 8388 9571
f 9571 8388 9680
f 9571 9680 10220
f 4322 4470 4403
f 4403 4470 4563
f 4322 4403 4320
f 4470 4431 4469
f 4430 4469 4442
f 4442 4469 4573
f 4573 4469 4431
f 4573 4431 4445
f 4573 4445 4574
f 4573 4574 4444
f 4444 4574 4552
f 4574 4445 4486
f 4552 4574 4576
f 4574 4486 4596
f 4574 4596 4576
f 4596 4486 4448
f 4596 4448 4606
f 4596 4606 4576
f 4576 4606 4590
f 4470 4469 4563
f 4563 4469 4430
f 4442 4573 4444
f 4442 4444 4146
f 4146 4444 4205
f 4205 4444 4552
f 4442 4146 4145
f 4442 4145 4430
f 4146 4205 3492
f 4146 3492 3448
f 4146 3448 3447
f 4146 3447 4145
f 4145 3447 3491
f 4430 4145 4203
f 4203 4145 3491
f 4203 3491 3621
f 4248 3492 4205
f 4248 4205 4552
f 3492 4248 3573
f 4248 4552 4576
f 4203 3621 4132
f 4203 4132 4359
f 4132 3621 3540
f 3573 4248 4294
f 4294 4248 4576
f 4294 4576 4590
f 3573 4294 3659
f 4294 4590 4310
f 4294 4310 3659
f 3659 4310 3693
f 4132 3540 4110
f 4132 4110 4319
f 4110 3540 3623
f 4319 4110 4353
f 4319 4353 4386
f 4386 4353 4491
f 4386 4491 4401
f 4401 4491 4457
f 4353 4110 4071
f 4071 4110 3623
f 4457 4491 4522
f 4457 4522 4466
f 4071 3623 4169
f 4169 3623 3625
f 4071 4169 4392
f 4071 4392 4305
f 4305 4392 4412
f 4550 4522 4412
f 4550 4412 4392
f 4522 4550 4609
f 4522 4609 4608
f 4522 4608 4466
f 4466 4608 4604
f 4604 4608 4642
f 4604 4642 4613
f 4642 4608 4621
f 4642 4621 4649
f 4649 4621 4581
f 4649 4581 4639
f 4639 4581 4557
f 4639 4557 4628
f 4628 4557 4541
f 4628 4541 4615
f 4615 4541 4512
f 4563 4430 4359
f 4359 4430 4203
f 4563 4359 4517
f 4563 4517 4468
f 4517 4359 4319
f 4319 4359 4132
f 4517 4319 4386
f 4517 4386 4547
f 4547 4386 4401
f 4547 4401 4282
f 4468 4517 4547
f 4282 4401 4457
f 4377 3925 4282
f 3925 4377 4467
f 4377 4282 4604
f 4377 4604 4613
f 4604 4282 4466
f 4466 4282 4457
f 4467 4377 4613
f 4613 4642 4607
f 4607 4642 4649
f 4613 4607 4612
f 4612 4607 4538
f 4612 4538 4432
f 4607 4649 4620
f 4620 4649 4639
f 4607 4620 4622
f 4612 4432 4555
f 4612 4555 4536
f 4555 4432 4378
f 4378 4432 4328
f 4555 4378 4376
f 4378 4328 4152
f 4378 4152 4376
f 4152 4328 4168
f 4376 4152 4167
f 4376 4167 4441
f 4376 4441 4536
f 4441 4167 4245
f 4441 4245 4518
f 4536 4441 4587
f 4587 4441 4518
f 4536 4587 4562
f 4587 4518 4564
f 4564 4518 4502
f 4587 4564 4572
f 4587 4572 4562
f 4562 4572 4537
f 4562 4537 4467
f 3622 4168 4133
f 4133 4168 4391
f 4133 4391 4072
f 4133 4072 3624
f 4072 4391 4339
f 4339 4391 4492
f 4492 4391 4556
f 4072 4339 4311
f 4492 4556 4582
f 4582 4556 4622
f 4339 4492 4423
f 4339 4423 4311
f 4492 4582 4540
f 4492 4540 4423
f 4582 4622 4614
f 4614 4622 4620
f 4614 4620 4639
f 4614 4639 4628
f 4582 4614 4568
f 4568 4614 4628
f 4582 4568 4540
f 4568 4628 4615
f 4540 4568 4523
f 4523 4568 4615
f 4540 4523 4510
f 4540 4510 4423
f 4523 4615 4593
f 4593 4615 4512
f 4523 4593 4476
f 4523 4476 4510
f 4593 4512 4460
f 4460 4512 4366
f 4366 4512 4477
f 4593 4460 4524
f 4593 4524 4476
f 4477 4512 4541
f 4477 4541 4511
f 4511 4541 4557
f 4511 4557 4509
f 4509 4557 4581
f 4509 4581 4539
f 4539 4581 4621
f 4539 4621 4609
f 4609 4621 4608
f 4539 4609 4458
f 4458 4609 4550
f 4458 4550 4329
f 4329 4550 4392
f 4539 4458 4393
f 4393 4458 4312
f 4393 4312 4272
f 4355 4509 4393
f 4355 4393 4272
f 4355 4272 4153
f 4355 4153 4314
f 4314 4153 4155
f 4314 4155 4218
f 4467 4613 4612
f 4607 4622 4538
f 4538 4622 4432
f 4432 4622 4556
f 4432 4556 4391
f 4432 4391 4328
f 4328 4391 4168
f 4509 4539 4393
f 4511 4509 4355
f 4511 4355 4314
f 4511 4314 4477
f 4477 4314 4218
f 4477 4218 4366
f 4366 4218 4274
f 4274 4218 4155
f 4274 4155 4054
f 4054 4155 3928
f 4054 3928 3544
f 4054 3544 3627
f 3627 3544 3259
f 4054 3627 3503
f 3503 3627 2114
f 3503 2114 2012
f 4054 3503 3946
f 4054 3946 4274
f 3946 3503 3382
f 3946 3382 3930
f 4274 3946 4210
f 4210 3946 3930
f 4274 4210 4348
f 4210 3930 4171
f 4348 4210 4331
f 4331 4210 4171
f 4348 4331 4434
f 4434 4331 4428
f 4331 4171 4316
f 4331 4316 4428
f 4428 4316 4395
f 4395 4316 4368
f 4368 4316 4173
f 4458 4329 4312
f 4312 4329 4051
f 4051 4329 4392
f 4051 4392 4169
f 4051 4169 3625
f 4051 3625 3987
f 4051 3987 4312
f 3987 3625 3660
f 3987 3660 3662
f 4312 3987 3889
f 4312 3889 4272
f 4272 3889 3784
f 4272 3784 4153
f 4412 4522 4491
f 4412 4491 4305
f 4305 4491 4353
f 4305 4353 4071
f 3623 3540 1662
f 3623 1662 3625
f 1662 3540 1660
f 1660 3540 3621
f 1660 3621 1566
f 1566 3621 3491
f 1660 1566 407
f 1660 407 1662
f 1566 3491 1556
f 1556 3491 3447
f 1664 3625 1662
f 3625 1664 1719
f 1664 1662 438
f 1664 438 1719
f 3625 1719 3660
f 3660 1719 1755
f 3660 1755 3662
f 3662 1755 3543
f 3543 1755 1721
f 1721 1755 501
f 1721 501 1617
f 1755 1719 467
f 1755 467 501
f 501 467 6428
f 501 6428 6429
f 467 1719 465
f 467 465 6428
f 465 1719 438
f 6428 465 6426
f 6426 465 438
f 6426 438 6492
f 6492 438 436
f 436 438 1662
f 6492 436 6611
f 436 1662 407
f 436 407 6611
f 6611 407 6699
f 6699 407 374
f 374 407 1566
f 6699 374 6736
f 6699 6736 8243
f 374 1566 1556
f 6736 374 399
f 399 374 1556
f 6736 399 6752
f 6752 399 401
f 401 399 1556
f 6752 401 6754
f 401 1556 1599
f 1599 1556 3447
f 1599 3447 3448
f 1599 3448 1602
f 1599 1602 401
f 1602 3448 3492
f 6754 401 403
f 403 401 1602
f 6754 403 6796
f 1602 3492 1655
f 1602 1655 403
f 1655 3492 3573
f 6796 403 405
f 405 403 1655
f 6796 405 6887
f 1655 3573 1657
f 1655 1657 405
f 1657 3573 3659
f 6887 405 372
f 372 405 1657
f 6887 372 6956
f 1657 3659 1711
f 1657 1711 372
f 1711 3659 3693
f 1711 3693 1715
f 6956 372 7047
f 1711 1715 263
f 7138 7047 263
f 372 1711 298
f 298 1711 263
f 372 298 7047
f 7047 298 263
f 4310 4590 4236
f 4310 4236 3693
f 3693 4236 3529
f 4236 4590 4506
f 4506 4590 4606
f 4506 4606 4521
f 4521 4606 4448
f 4521 4448 4364
f 4364 4448 3985
f 3985 4448 4109
f 3985 4109 3095
f 3985 3095 2889
f 2889 3095 1229
f 1229 3095 1303
f 1229 1303 5583
f 5583 1303 5581
f 5583 5581 7229
f 7229 5581 7264
f 7229 7264 8323
f 8323 7264 8435
f 8323 8435 9495
f 9495 8435 9726
f 9495 9726 10518
f 9495 10518 10323
f 10323 10518 10630
f 10630 10518 10797
f 2889 1229 1349
f 2889 1349 3093
f 3093 1349 1390
f 2889 3093 4092
f 2889 4092 3985
f 3093 1390 3164
f 3164 1390 1476
f 3164 1476 3250
f 3093 3164 4127
f 4127 3164 3250
f 3093 4127 4092
f 4127 3250 3815
f 4407 3985 4092
f 4407 4092 4127
f 4407 4127 4405
f 3985 4407 4364
f 4364 4407 4521
f 1349 1229 5583
f 1349 5583 5577
f 5577 5583 7229
f 1349 5577 5573
f 1349 5573 1390
f 1390 5573 5571
f 1390 5571 1476
f 5571 5573 7091
f 5571 7091 5656
f 5656 7091 7262
f 7262 7091 7985
f 7091 5573 7136
f 7091 7136 7985
f 7136 5573 5577
f 7985 7136 8072
f 7136 5577 7189
f 7136 7189 8072
f 7189 5577 7229
f 8072 7189 8231
f 8231 7189 7229
f 8072 8231 9376
f 8231 7229 8323
f 8231 8323 9376
f 9376 8323 9495
f 4521 4407 4549
f 4549 4407 4504
f 4549 4504 4484
f 4484 4504 4422
f 4422 4504 4362
f 4504 4407 4405
f 4504 4405 4471
f 4471 4405 4388
f 4521 4549 4484
f 4521 4484 4506
f 4506 4484 4234
f 4506 4234 4236
f 4236 4234 3527
f 4236 3527 3529
f 3527 4234 3496
f 4234 4484 4207
f 4234 4207 3496
f 3496 4207 3408
f 4207 4484 4422
f 3408 4207 4149
f 4149 4207 4422
f 4149 4422 4362
f 3529 3527 1610
f 3529 1610 1562
f 1610 3527 3496
f 1562 1610 296
f 1562 296 223
f 223 296 7049
f 7049 296 6958
f 7049 6958 8602
f 8602 6958 8500
f 6958 296 6889
f 6889 296 337
f 337 296 1610
f 6889 337 6798
f 6798 337 370
f 337 1610 1558
f 337 1558 370
f 1558 1610 3496
f 370 1558 1517
f 1517 1558 3496
f 1517 3496 3408
f 3693 3529 1562
f 3693 1562 1715
f 1715 1562 263
f 263 1562 223
f 263 223 7138
f 7138 223 7049
f 7138 7049 8602
f 7138 8602 8744
f 8744 8602 9881
f 8744 9881 10046
f 10046 9881 10648
f 10648 9881 10428
f 6887 6956 8390
f 6887 8390 8266
f 6887 8266 6796
f 6796 8266 8317
f 6796 8317 6754
f 6754 8317 6752
f 8317 8266 9684
f 9684 8266 8390
f 6752 8317 8315
f 8315 8317 9682
f 9682 8317 9684
f 6752 8315 8243
f 6752 8243 6736
f 8315 9682 9722
f 8315 9722 8243
f 9722 9682 10387
f 10387 9682 10389
f 10389 9682 9684
f 9722 10387 10267
f 10389 9684 10362
f 10362 9684 10426
f 10426 9684 9761
f 9761 9684 8390
f 10426 9761 9919
f 9919 9761 8390
f 10426 9919 10516
f 9722 10267 9637
f 9722 9637 8243
f 9637 10267 10331
f 8243 9637 8197
f 8243 8197 6699
f 9637 10331 9579
f 9637 9579 8197
f 9579 10331 10333
f 6699 8197 8084
f 8084 8197 9579
f 6699 8084 6611
f 9579 10333 9638
f 9579 9638 8084
f 9638 10333 10234
f 10234 10333 10684
f 10234 10684 10598
f 6611 8084 7682
f 6611 7682 6492
f 6492 7682 6426
f 7682 8084 8502
f 8502 8084 9638
f 6426 7682 7553
f 7682 8502 8504
f 6426 7553 6428
f 9582 9638 10234
f 9638 9582 8502
f 10032 10234 10598
f 10234 10032 9582
f 10032 10598 10369
f 8502 9582 9461
f 8502 9461 8504
f 9461 9582 10032
f 8504 9461 8398
f 8504 8398 7553
f 9461 10032 9197
f 9461 9197 8398
f 10032 10369 10034
f 10034 10369 10495
f 10034 10495 10236
f 10034 10236 9808
f 7553 8398 7473
f 7553 7473 6428
f 10032 10034 9688
f 10032 9688 9197
f 10034 9808 9498
f 9498 9808 9159
f 9498 9159 8925
f 10034 9498 9199
f 9199 9498 8925
f 10034 9199 9688
f 9199 8925 8612
f 8678 9197 9688
f 8678 9688 9199
f 8678 9199 8612
f 9197 8678 8398
f 8678 8612 8199
f 8678 8199 7889
f 8398 8678 8169
f 8169 8678 7889
f 8398 8169 7473
f 8169 7889 7297
f 7473 8169 7387
f 7387 8169 7297
f 7473 7387 6428
f 6428 7387 6429
f 6429 7387 7297
f 6429 7297 6367
f 8504 7553 7682
f 10598 10657 10369
f 10807 10680 10409
f 10686 10807 10781
f 10686 10781 10655
f 10686 10655 10475
f 10686 10475 10495
f 10495 10475 10166
f 10166 10475 10493
f 10495 10166 10236
f 10236 10166 9771
f 10236 9771 9808
f 9808 9771 9201
f 10474 10656 10494
f 10493 10268 10166
f 10166 10268 9928
f 10166 9928 9771
f 9771 9928 9304
f 9771 9304 9201
f 10165 10494 10235
f 10165 10235 9807
f 10165 9807 9770
f 9460 9581 8501
f 8501 9581 9580
f 9570 8318 9224
f 398 1598 1597
f 1597 1598 3572
f 3572 1598 3616
f 1597 3572 3525
f 1597 3525 1565
f 3525 3572 4245
f 3525 4245 4167
f 435 1615 1661
f 435 1661 437
f 437 1661 1663
f 1663 1661 3624
f 1661 1615 3622
f 3624 1661 3541
f 3541 1661 3622
f 3541 3622 4133
f 3541 4133 3624
f 3622 3539 4168
f 4168 3539 4152
f 4152 3539 3538
f 4152 3538 4167
f 4167 3538 3525
f 3696 3624 4072
f 1754 1718 3696
f 1754 3696 3661
f 1754 3661 1720
f 1720 3661 3542
f 464 1754 466
f 466 1754 1720
f 1720 3542 1616
f 1616 3542 3301
f 1720 1616 502
f 466 1720 500
f 500 1720 502
f 466 500 6366
f 500 502 6299
f 500 6299 6366
f 3696 4072 3986
f 3986 4072 4311
f 3696 3986 3910
f 3986 4311 4271
f 3986 4271 3910
f 3696 3910 3661
f 4271 4311 4423
f 4271 4423 4354
f 4354 4423 4510
f 3910 4271 4052
f 4271 4354 4313
f 4313 4354 4510
f 4271 4313 4249
f 3783 3661 3910
f 3783 3910 4052
f 3661 3783 3542
f 3783 4052 3890
f 3890 4052 4154
f 3783 3890 3584
f 3783 3584 3542
f 3542 3584 3301
f 4209 4154 4249
f 4209 4249 4313
f 4209 4313 4459
f 4459 4313 4510
f 4459 4510 4476
f 4209 4459 4365
f 4209 4365 4347
f 4365 4459 4424
f 4424 4459 4476
f 4424 4476 4524
f 4424 4524 4525
f 4525 4524 4514
f 7472 6427 7386
f 7472 7386 8121
f 7386 6427 6366
f 7386 6366 7296
f 7386 7296 7888
f 7296 6366 6299
f 8121 7386 7888
f 8611 8198 8679
f 8924 8611 9007
f 9007 8611 8679
f 8924 9007 9202
f 8924 9202 9158
f 9158 9202 9273
f 9158 9273 9200
f 9200 9273 9305
f 9200 9305 9304
f 9304 9305 9274
f 9304 9274 9201
f 9201 9274 9203
f 9201 9203 9159
f 9159 9203 9008
f 9159 9008 8925
f 8925 9008 8680
f 8925 8680 8612
f 8612 8680 8245
f 8612 8245 8199
f 8199 8245 7889
f 7889 8245 7813
f 7812 7888 7296
f 7812 7296 7309
f 7309 7296 6299
f 7309 6299 6368
f 6368 6299 502
f 7309 6368 7238
f 7238 6368 6226
f 7238 6226 7103
f 6226 6368 1
f 7103 6226 6171
f 6171 6226 59
f 59 6226 1
f 6171 59 104
f 990 1 502
f 1 990 59
f 990 502 1616
f 990 1616 2209
f 59 990 957
f 59 957 104
f 104 957 958
f 958 957 2066
f 2066 957 2065
f 6368 502 1
f 7103 6171 7271
f 7271 6171 6110
f 7103 7271 7431
f 7431 7271 7814
f 7431 7814 7890
f 7890 7814 8011
f 7890 8011 8122
f 8122 8011 8270
f 8122 8270 8399
f 8399 8270 8472
f 8399 8472 8554
f 8554 8472 8556
f 8554 8556 8639
f 8639 8556 8580
f 8639 8580 8681
f 8681 8580 8557
f 8681 8557 8638
f 8638 8557 8473
f 8638 8473 8555
f 8555 8473 8271
f 8555 8271 8400
f 8400 8271 8012
f 8400 8012 8123
f 8123 8012 7891
f 7891 8012 7815
f 8011 7814 7945
f 7945 7814 7271
f 8011 7945 8124
f 7945 7271 7353
f 7353 7271 6430
f 6430 7271 6110
f 8011 8124 8401
f 8011 8401 8270
f 8270 8401 8640
f 8270 8640 8472
f 8472 8640 8708
f 8472 8708 8556
f 8556 8708 8532
f 8124 7945 8272
f 8533 8401 8124
f 8533 8124 8272
f 8533 8272 8710
f 8710 8272 8274
f 8274 8272 7892
f 8272 7945 7920
f 8272 7920 7892
f 7920 7945 7353
f 7892 7920 7329
f 7329 7920 7353
f 7329 7353 6430
f 7892 7329 7330
f 7329 6430 6370
f 7329 6370 7330
f 7330 6370 6227
f 8580 8556 8532
f 8580 8532 8557
f 8708 8640 8753
f 8708 8753 8532
f 8532 8753 8535
f 8535 8753 8613
f 8535 8613 8832
f 8613 8753 8831
f 8711 8754 8832
f 8832 8613 9205
f 8711 8832 9110
f 9110 8832 9205
f 8711 9110 8559
f 8711 8559 8275
f 8275 8559 7893
f 9205 8613 8833
f 8833 8613 8831
f 9110 9205 9384
f 9110 9384 8559
f 7893 8559 8086
f 7893 8086 7516
f 7893 7516 7331
f 7516 8086 7733
f 8086 8559 8475
f 8475 8559 8961
f 8961 8559 9384
f 8475 8961 8683
f 8683 8961 9386
f 9386 8961 9384
f 8683 9386 9059
f 9059 9386 9773
f 9059 9773 9345
f 9386 9384 9969
f 9386 9969 9773
f 9969 9384 9584
f 9584 9384 9205
f 9584 9205 8833
f 9345 9773 10081
f 9345 10081 9640
f 9773 9969 10270
f 10081 9773 10600
f 10600 9773 10270
f 10270 9969 10054
f 10054 9969 9584
f 10600 10270 10285
f 10285 10270 10054
f 10081 10600 10838
f 10054 9584 9306
f 9306 9584 8833
f 10285 10054 9729
f 9729 10054 9306
f 10600 10285 10712
f 10600 10712 10838
f 10285 9729 9970
f 10285 9970 10712
f 9729 9306 9583
f 9583 9306 8833
f 9970 9729 10053
f 10053 9729 9583
f 9583 8833 9204
f 9204 8833 8831
f 9583 9204 9109
f 9109 9204 8831
f 8710 8831 8533
f 8831 8710 9109
f 9109 8710 8274
f 9109 8274 8558
f 9583 9109 9383
f 9383 9109 8558
f 9583 9383 10053
f 9383 8558 8960
f 9383 8960 9968
f 9383 9968 10053
f 9968 8960 9385
f 10053 9968 10284
f 10053 10284 9970
f 9968 9385 10269
f 9968 10269 10284
f 10269 9385 9772
f 10269 9772 10599
f 10599 9772 10080
f 10284 10269 10711
f 10711 10269 10599
f 10335 9970 10284
f 10335 10284 10711
f 9970 10335 10712
f 10599 10080 10370
f 10712 10335 10912
f 10335 10711 10757
f 10335 10757 10912
f 10712 10912 10838
f 10757 10711 10911
f 10911 10711 10599
f 10599 10370 10837
f 10599 10837 10911
f 10837 10370 10960
f 10911 10837 10974
f 10974 10837 10960
f 10757 10911 10872
f 10872 10911 10974
f 10757 10872 10975
f 10757 10975 10912
f 10872 10974 10949
f 10912 10975 10961
f 10912 10961 10838
f 10975 10872 11023
f 11023 10872 10949
f 10961 10975 11029
f 11029 10975 11023
f 10949 10974 11022
f 11022 10974 10960
f 10949 11022 11001
f 11045 11023 11001
f 11001 11022 11044
f 11001 11044 11013
f 11022 10960 11028
f 11022 11028 11044
f 11023 11045 11049
f 11023 11049 11029
f 11049 11045 11057
f 11057 11045 11053
f 11029 11049 11043
f 11043 11049 11057
f 11052 11013 11044
f 11013 11052 11006
f 11006 11052 11050
f 11052 11044 11048
f 11048 11044 11028
f 11050 11052 11056
f 11056 11052 11048
f 11050 11056 11054
f 11050 11054 11038
f 11038 11054 11046
f 11056 11048 11042
f 11042 11048 11028
f 11042 11028 11030
f 11042 11030 11011
f 11042 11011 11032
f 11030 11028 10934
f 10934 11028 10960
f 10934 10960 10370
f 10934 10370 10444
f 10934 10444 10713
f 11030 10934 10913
f 11030 10913 11011
f 11011 10913 10900
f 11011 10900 10999
f 8753 8640 8401
f 9158 9770 9807
f 9159 9808 9201
f 9008 9203 8830
f 8830 9203 8959
f 8830 8959 8555
f 8555 8959 8638
f 8830 8555 8400
f 9008 8830 8637
f 8637 8830 8400
f 9008 8637 8680
f 8637 8400 8123
f 8637 8123 8445
f 8637 8445 8680
f 8445 8123 7891
f 8680 8445 8010
f 8010 8445 7891
f 8680 8010 8245
f 8245 8010 7813
f 8010 7891 7589
f 8010 7589 7813
f 7589 7891 7432
f 7813 7589 7239
f 7239 7589 7432
f 7813 7239 7328
f 7239 7432 7104
f 7239 7104 6109
f 7239 6109 6300
f 7239 6300 6369
f 7889 7813 7297
f 7297 7813 7328
f 7297 7328 6369
f 7297 6369 6367
f 6369 7328 7239
f 6429 6367 503
f 6429 503 501
f 6367 6369 2
f 2 6369 6300
f 6109 105 6300
f 6300 105 60
f 6300 60 2
f 60 105 959
f 2 60 991
f 2 991 503
f 60 959 992
f 60 992 991
f 992 959 2114
f 2114 959 2012
f 991 992 2163
f 2163 992 2114
f 991 2163 1617
f 2163 2114 3627
f 2163 3627 3259
f 6367 2 503
f 501 503 1617
f 1617 503 991
f 1721 1617 3543
f 3543 1617 3259
f 1617 2163 3259
f 3543 3259 3784
f 3543 3784 3889
f 3543 3889 3662
f 3662 3889 3987
f 3259 3544 3784
f 3784 3544 4153
f 4153 3544 3928
f 4153 3928 4155
f 3382 3503 2012
f 3382 2012 2530
f 3382 2530 3930
f 2530 2012 1025
f 3930 2530 3726
f 1025 2012 959
f 3930 3726 4171
f 4171 3726 4173
f 4171 4173 4316
f 1025 959 107
f 107 959 105
f 107 105 6111
f 6111 105 6109
f 4274 4348 4366
f 4555 4376 4536
f 4562 4612 4536
f 4612 4562 4467
f 4518 4245 4216
f 4216 4245 3572
f 4518 4216 4502
f 4216 3572 4268
f 189 556 150
f 556 189 616
f 150 556 111
f 111 556 617
f 150 111 6231
f 6231 111 6172
f 189 150 6232
f 6232 150 6231
f 6231 6172 7517
f 6231 7517 6232
f 7517 6172 7474
f 189 6232 6374
f 189 6374 62
f 189 62 311
f 6374 6232 7554
f 7554 6232 7518
f 7518 6232 7517
f 7518 7517 8505
f 8505 7517 8479
f 7474 6172 7440
f 7440 6172 6173
f 7474 7440 8405
f 7474 8405 7517
f 8405 7440 8360
f 7517 8405 8479
f 8405 8360 9430
f 9589 8505 8479
f 9589 8479 9536
f 9536 8479 8405
f 8405 9430 9462
f 8405 9462 9536
f 9462 9430 10060
f 9536 9462 10056
f 9462 10060 10059
f 9462 10059 10056
f 6172 111 6173
f 6173 111 112
f 112 111 668
f 112 668 155
f 748 159 155
f 748 155 746
f 746 155 668
f 746 668 1082
f 1082 668 1027
f 668 111 617
f 668 617 1027
f 1027 617 906
f 906 617 772
f 772 617 556
f 6173 112 155
f 6173 155 6179
f 6173 6179 7440
f 6179 155 6241
f 6241 155 159
f 7440 6179 7442
f 6179 6241 7481
f 6179 7481 7442
f 7440 7442 8412
f 8412 7442 7481
f 7440 8412 8360
f 8360 8412 9430
f 9430 8412 9467
f 9467 8412 9473
f 9473 8412 8455
f 8455 8412 7481
f 8455 7481 8485
f 8485 7481 7482
f 7482 7481 6241
f 7482 6241 6318
f 6318 6241 159
f 6318 159 164
f 750 164 724
f 164 750 167
f 167 750 752
f 6318 164 6392
f 6392 164 167
f 6318 6392 7525
f 6318 7525 7482
f 7482 7525 8513
f 7482 8513 8485
f 8513 7525 8514
f 8514 7525 7565
f 7565 7525 6392
f 7565 6392 6451
f 6451 6392 167
f 7565 6451 7603
f 7603 6451 6512
f 6451 167 119
f 6451 119 6512
f 119 167 752
f 6512 119 122
f 119 752 755
f 119 755 122
f 8455 8485 9479
f 8455 9479 9473
f 9479 8485 9514
f 9514 8485 8513
f 9514 8513 9558
f 9479 9514 10121
f 9514 9558 10174
f 9514 10174 10121
f 10174 9558 10243
f 10243 9558 9608
f 10121 10174 10502
f 9479 10121 10091
f 9479 10091 9473
f 10091 10121 10502
f 9473 10091 10068
f 9473 10068 9467
f 10174 10243 10577
f 10174 10577 10502
f 10577 10243 10504
f 10504 10243 10245
f 10577 10504 10720
f 10577 10720 10502
f 10502 10720 10718
f 10502 10718 10450
f 10502 10450 10091
f 10091 10450 10068
f 10450 10718 10660
f 10450 10660 10375
f 10450 10375 10068
f 10375 10660 10605
f 10375 10605 10292
f 10068 10375 10064
f 10064 10375 10292
f 10068 10064 9467
f 10064 10292 10060
f 9467 10064 9430
f 9430 10064 10060
f 9558 8513 8514
f 9558 8514 9608
f 9608 8514 8515
f 8515 8514 7565
f 8515 7565 7603
f 10243 9608 10245
f 10245 9608 9559
f 9559 9608 8515
f 10245 9559 10124
f 8515 7603 8545
f 8515 8545 9559
f 10124 9559 9442
f 9442 9559 8545
f 10124 9442 9245
f 10124 9245 9907
f 9442 8545 8517
f 9442 8517 9245
f 7649 8545 7603
f 8545 7649 8517
f 7649 7603 6512
f 7649 6512 6565
f 7649 6565 7712
f 7649 7712 8517
f 7712 6565 6662
f 8517 7712 8460
f 8517 8460 9245
f 8460 7712 7711
f 6712 7711 6662
f 7711 6712 7708
f 8460 7711 8375
f 8375 7711 7708
f 9245 8460 9085
f 9085 8460 8375
f 9245 9085 9907
f 9907 9085 9607
f 9607 9085 8973
f 8973 9085 8375
f 8973 8375 8374
f 8374 8375 7708
f 8374 7708 7709
f 7709 7708 6780
f 7709 6780 6779
f 10504 10245 10124
f 10608 10720 10504
f 10608 10504 10341
f 10341 10504 10124
f 10608 10341 10451
f 10451 10341 10171
f 10341 10124 10092
f 10341 10092 10171
f 10092 10124 9907
f 10171 10092 9870
f 9870 10092 9907
f 10171 9870 9937
f 9870 9907 9607
f 9937 9870 9605
f 9605 9870 9607
f 9937 9605 9657
f 9657 9605 9402
f 9657 9402 9438
f 9402 9605 9319
f 9402 9319 9244
f 9244 9319 8936
f 9244 8936 8764
f 8764 8936 8214
f 8214 8936 8296
f 9410 9605 9607
f 9605 9410 9318
f 9410 9607 8973
f 9318 9410 8847
f 8847 9410 8973
f 724 164 159
f 750 724 1125
f 750 1125 752
f 1125 724 1121
f 752 1125 1104
f 1121 724 748
f 752 1104 1089
f 1121 748 1103
f 1103 748 746
f 1103 746 1082
f 752 1089 755
f 755 1089 1064
f 755 1064 647
f 647 1064 880
f 724 159 748
f 1125 1121 1030
f 1125 1030 1062
f 1125 1062 1104
f 1104 1062 1031
f 1104 1031 1089
f 1089 1031 1002
f 1089 1002 1064
f 1064 1002 879
f 1064 879 880
f 880 879 725
f 798 1030 1121
f 798 1121 1103
f 798 1103 1082
f 798 1082 1027
f 798 1027 906
f 798 906 471
f 471 906 772
f 471 772 616
f 616 772 556
f 471 616 311
f 311 616 189
f 798 471 875
f 875 471 773
f 773 471 589
f 589 471 311
f 798 875 998
f 798 998 1059
f 798 1059 1030
f 875 773 1152
f 1152 773 1056
f 1056 773 589
f 1056 589 904
f 904 589 408
f 408 589 311
f 904 408 716
f 875 1152 998
f 998 1152 1237
f 998 1237 1059
f 1059 1237 1314
f 1030 1059 1314
f 1030 1314 1315
f 1030 1315 1062
f 1237 1724 1314
f 1314 1724 1315
f 1315 1724 1726
f 1315 1726 1666
f 1062 1315 1316
f 1316 1315 1666
f 1062 1316 1031
f 1316 1666 1285
f 1316 1285 1031
f 1031 1285 1002
f 1002 1285 1188
f 1002 1188 879
f 1480 1237 1152
f 1480 1152 1056
f 1480 1056 1311
f 1480 1311 1722
f 1480 1722 1840
f 1237 1480 1567
f 1480 1840 1878
f 1480 1878 1567
f 1567 1878 1724
f 1724 1878 1975
f 1724 1237 1567
f 1878 1840 1974
f 1878 1974 1975
f 1722 1877 1974
f 1974 1877 1976
f 1974 1976 1975
f 1976 1877 1880
f 1976 1880 1759
f 1724 1975 1726
f 1726 1975 1977
f 1977 1975 1976
f 1726 1977 1931
f 1931 1977 1976
f 1726 1931 1666
f 1976 1759 1841
f 1841 1759 1624
f 1931 1976 1842
f 1931 1842 1666
f 1842 1976 1841
f 1841 1624 1626
f 1841 1626 1842
f 1626 1624 1183
f 1127 1183 876
f 1183 1127 1626
f 1626 1127 1130
f 1130 1127 913
f 1626 1130 1318
f 1626 1318 1574
f 1626 1574 1842
f 1842 1574 1359
f 1842 1359 1627
f 1842 1627 1666
f 1627 1359 1188
f 1666 1627 1285
f 1285 1627 1188
f 1974 1840 1722
f 1151 1311 1056
f 1311 1151 1722
f 1151 1056 904
f 1722 1151 1479
f 1151 904 716
f 1479 1151 1354
f 1151 716 1026
f 1151 1026 1354
f 1026 716 634
f 1026 634 994
f 1026 994 1354
f 1354 994 1404
f 880 725 647
f 879 1188 1034
f 1034 1188 1359
f 879 1034 725
f 1034 1359 1318
f 1034 1318 725
f 1318 1359 1574
f 725 1318 1130
f 725 1130 565
f 565 1130 913
f 565 913 380
f 380 913 751
f 565 380 509
f 380 751 168
f 168 751 442
f 442 751 876
f 442 876 594
f 168 442 5159
f 168 5159 5106
f 5106 5159 5867
f 5106 5867 5788
f 168 5106 5225
f 4803 380 168
f 4803 168 5225
f 380 4803 253
f 4803 5225 5650
f 4803 5650 253
f 5650 5225 5789
f 5650 5789 6779
f 5650 6779 6780
f 5650 6780 6712
f 6712 6780 7708
f 253 5650 5293
f 5293 5650 6712
f 253 5293 509
f 5293 6712 6662
f 509 5293 4921
f 4921 5293 6662
f 509 4921 647
f 4921 6662 28
f 4921 28 647
f 28 6662 6565
f 647 28 755
f 755 28 122
f 725 565 509
f 725 509 647
f 913 1127 876
f 1759 1880 1723
f 1723 1880 1877
f 1479 1877 1722
f 1877 1479 1665
f 1877 1665 1723
f 1665 1479 1404
f 1404 1479 1354
f 1665 1404 1405
f 1665 1405 1723
f 1723 1405 1284
f 1723 1284 1569
f 1723 1569 1759
f 1569 1284 1182
f 1759 1569 1407
f 1407 1569 1182
f 1759 1407 1624
f 1624 1407 1183
f 1407 1182 1029
f 1407 1029 1183
f 1029 1182 826
f 1183 1029 777
f 777 1029 528
f 777 528 530
f 530 528 273
f 1183 777 909
f 909 777 530
f 1183 909 876
f 909 530 642
f 876 909 594
f 594 909 642
f 1182 1284 797
f 797 1284 1405
f 1182 797 721
f 1182 721 826
f 721 797 237
f 826 721 12
f 12 721 237
f 237 797 66
f 237 66 12
f 797 1405 905
f 797 905 66
f 905 1405 1404
f 905 1404 994
f 905 994 634
f 905 634 526
f 905 526 375
f 905 375 66
f 63 4733 375
f 375 4733 4781
f 375 4781 66
f 66 4781 5422
f 66 5422 5274
f 66 5274 12
f 12 5274 5431
f 12 5431 4838
f 12 4838 826
f 826 4838 528
f 528 4838 5152
f 528 5152 273
f 273 5152 5487
f 5152 4838 5936
f 5487 5152 6313
f 6313 5152 5936
f 6313 5936 7071
f 7071 5936 6974
f 7071 6974 7692
f 7692 6974 7691
f 7692 7691 8249
f 8249 7691 8336
f 8336 7691 7689
f 8249 8336 8721
f 8721 8336 8928
f 8721 8928 9242
f 9242 8928 9398
f 8928 8336 8413
f 8413 8336 7689
f 8928 8413 9117
f 8413 7689 7687
f 9117 8413 8482
f 8482 8413 7687
f 9117 8482 9308
f 8482 7687 7633
f 9308 8482 8510
f 8510 8482 7633
f 9308 8510 9596
f 8510 7633 8509
f 8510 8509 9596
f 8509 7633 7596
f 9596 8509 9737
f 9737 8509 8508
f 9737 8508 9734
f 8509 7596 7593
f 8509 7593 8508
f 7593 7596 6616
f 6616 7596 6652
f 7593 6616 6496
f 6496 6616 4731
f 6496 4731 62
f 6496 62 6374
f 7593 6496 7556
f 7556 6496 6374
f 7593 7556 8508
f 7556 6374 7554
f 8508 7556 8538
f 8508 8538 9734
f 8538 7556 7554
f 9734 8538 9859
f 9859 8538 9539
f 8538 7554 8537
f 8538 8537 9539
f 8537 7554 7518
f 8537 7518 8505
f 8537 8505 9539
f 9539 8505 9589
f 716 408 190
f 716 190 634
f 190 408 311
f 190 311 4731
f 190 4731 5016
f 190 5016 63
f 63 5016 5350
f 63 5350 4733
f 4733 5350 4781
f 4781 5350 5422
f 634 190 63
f 634 63 526
f 526 63 375
f 4731 311 62
f 5422 5350 6704
f 5422 6704 5274
f 6704 5350 6652
f 6652 5350 5016
f 6652 5016 6616
f 6704 6652 7633
f 7633 6652 7596
f 6704 7633 7687
f 5274 6704 6705
f 6705 6704 7687
f 6705 7687 7689
f 5274 6705 5431
f 6705 7689 6816
f 6705 6816 5431
f 6816 7689 6974
f 6816 6974 5431
f 6974 7689 7691
f 5431 6974 5936
f 5431 5936 4838
f 1029 826 528
f 6313 7071 6236
f 6313 6236 5487
f 6236 7071 7021
f 7021 7071 7692
f 7021 7692 7750
f 7021 7750 7749
f 273 5487 4909
f 273 4909 79
f 273 79 530
f 530 79 642
f 642 79 4751
f 642 4751 594
f 594 4751 442
f 442 4751 5159
f 4909 5487 22
f 4909 22 79
f 199 4751 79
f 199 79 247
f 247 79 22
f 247 22 320
f 320 22 75
f 75 22 5214
f 5280 22 5487
f 22 5280 5214
f 5214 5280 5704
f 5280 5487 6236
f 5280 6236 5704
f 5704 6236 6182
f 6182 6236 7020
f 7020 6236 7021
f 876 751 913
f 4751 199 5159
f 5159 199 4918
f 5159 4918 5944
f 5944 4918 5868
f 5868 4918 4752
f 5944 5868 6819
f 5944 6819 6871
f 6871 6819 7707
f 5944 6871 5867
f 5867 6871 6904
f 6904 6871 7704
f 6904 7704 7702
f 380 253 509
f 6512 122 6565
f 6565 122 28
f 6662 7711 7712
f 10451 10171 9936
f 9936 10171 9937
f 10451 9936 10208
f 10451 10208 10608
f 9936 9937 9651
f 9651 9937 9657
f 10208 9936 9596
f 9596 9936 9308
f 9308 9936 9651
f 10208 9596 9737
f 9308 9651 9117
f 9117 9651 8928
f 8928 9651 9398
f 9398 9651 9657
f 9398 9657 9438
f 9398 9438 9242
f 10208 9737 10206
f 10206 9737 10113
f 10113 9737 9734
f 10208 10206 10481
f 10481 10206 10113
f 10208 10481 10608
f 10481 10113 10338
f 10608 10481 10720
f 10481 10338 10607
f 10481 10607 10720
f 10720 10607 10718
f 10718 10607 10660
f 10607 10338 10498
f 10660 10607 10605
f 10605 10607 10498
f 10605 10498 10478
f 10605 10478 10292
f 10478 10498 10412
f 10292 10478 10336
f 10336 10478 10412
f 10239 10238 10412
f 10412 10238 10084
f 10412 10084 10336
f 10292 10336 10237
f 10292 10237 10060
f 10060 10237 10059
f 10059 10237 10056
f 10237 10336 10055
f 10237 10055 10056
f 10055 10336 10084
f 10056 10055 9536
f 9536 10055 9589
f 9589 10055 10084
f 9589 10084 9539
f 8847 8973 8374
f 8847 8374 8295
f 8295 8374 7709
f 8295 7709 7705
f 7705 7709 6779
f 7705 6779 6872
f 6872 6779 5789
f 6872 5789 6130
f 6130 5789 5225
f 9605 9318 9319
f 9319 9318 8847
f 9319 8847 8936
f 8936 8847 8296
f 8296 8847 8295
f 8296 8295 7705
f 8296 7705 7706
f 7706 7705 6872
f 7706 6872 6873
f 9402 9244 9661
f 9402 9661 9438
f 9438 9661 9700
f 9242 9700 9352
f 9352 9700 9823
f 9352 9823 9472
f 9823 9700 9661
f 9823 9661 9751
f 9751 9661 9483
f 9407 9661 9244
f 9661 9407 9483
f 9407 9244 8764
f 9483 9407 8895
f 8895 9407 8764
f 9242 9438 9700
f 9242 9352 8721
f 8721 9352 8793
f 8793 9352 9472
f 8721 8793 8282
f 8721 8282 8249
f 8249 8282 7692
f 7692 8282 7750
f 7750 8282 8335
f 7750 8335 7749
f 8335 8282 8884
f 9823 9751 9603
f 9823 9603 9699
f 9603 9751 9483
f 9603 9483 9360
f 9360 9483 8935
f 9360 8935 8846
f 8846 8935 8255
f 8255 8935 8297
f 9823 9699 9472
f 9472 9699 9397
f 9472 9397 8884
f 8884 9397 8839
f 9397 9699 9656
f 9656 9699 9603
f 9656 9603 9602
f 9656 9602 9601
f 9656 9601 9697
f 8839 9397 9396
f 9396 9397 9656
f 9396 9656 9697
f 8839 9396 8883
f 9396 9697 9469
f 9396 9469 8883
f 8883 9469 8965
f 9469 9697 9782
f 9469 9782 9545
f 9701 9782 9702
f 9782 9701 9781
f 9782 9781 9545
f 9545 9781 9597
f 9545 9597 9072
f 9072 9597 9069
f 8793 9472 8884
f 8793 8884 8282
f 8884 8839 8335
f 8335 8839 8281
f 8335 8281 7749
f 8281 8839 8883
f 7748 7749 8281
f 7748 8281 8280
f 8280 8281 8883
f 7748 8280 7747
f 8280 8883 8333
f 8280 8333 7747
f 8333 8883 8965
f 7747 8333 7743
f 9469 9545 8965
f 8965 9545 9072
f 8965 9072 8333
f 7743 8333 8362
f 8362 8333 9072
f 8362 9072 9069
f 7743 8362 7740
f 8362 9069 8406
f 8362 8406 7740
f 7740 8406 7738
f 6616 5016 4731
f 10113 9734 10239
f 10113 10239 10338
f 10338 10239 10412
f 10338 10412 10498
f 10239 9734 9859
f 10239 9859 10238
f 10238 9859 9539
f 10238 9539 10084
f 5214 5704 5277
f 5214 5277 75
f 75 5277 21
f 5277 5704 5776
f 5776 5704 6235
f 6235 5704 6182
f 5705 5211 5776
f 5705 5776 5778
f 5705 5778 5551
f 5778 5776 6235
f 5778 6235 6234
f 6235 6182 7069
f 7069 6182 7020
f 7069 7020 7749
f 7069 7749 7748
f 6235 7069 7068
f 7068 7069 7748
f 6235 7068 6234
f 7068 7748 7747
f 7068 7747 7743
f 6234 7068 6177
f 6234 6177 5928
f 7068 7743 7064
f 7068 7064 6177
f 7064 7743 7740
f 7064 7740 7016
f 7064 7016 6177
f 7016 7740 7738
f 6177 7016 6116
f 6968 6115 6116
f 6116 6115 5541
f 6177 6116 5628
f 5628 6116 5541
f 5628 5541 5207
f 5207 5541 5145
f 5628 5207 5276
f 6177 5628 5769
f 5769 5628 5276
f 6177 5769 5928
f 5928 5769 5364
f 5364 5769 5276
f 5364 5276 20
f 5364 20 4744
f 7020 7021 7749
f 9597 9781 9654
f 9654 9781 9701
f 9654 9701 9554
f 9554 9701 9403
f 9403 9701 9702
f 9554 9403 9316
f 9554 9316 9283
f 9316 9403 8763
f 8763 9403 8842
f 8763 8842 8210
f 8210 8842 8253
f 9316 8763 8723
f 9316 8723 9283
f 9283 8723 9216
f 9283 9216 9553
f 9216 8723 8686
f 8686 8723 8209
f 8686 8209 8174
f 9553 9216 9478
f 9553 9478 9598
f 9553 9598 9696
f 9069 9597 8964
f 9069 8964 8406
f 8964 9597 9468
f 9468 9597 9654
f 8406 8964 8363
f 8406 8363 7738
f 7738 8363 7742
f 7738 7742 6968
f 6968 7742 7017
f 6968 7017 6115
f 7016 7738 6968
f 8363 8964 9014
f 8363 9014 8361
f 8361 9014 8963
f 8363 8361 7742
f 7742 8361 7739
f 7016 6968 6116
f 9014 8964 9507
f 9014 9507 8963
f 8963 9507 9433
f 9433 9507 9598
f 9507 8964 9468
f 9598 9507 9696
f 9696 9507 9468
f 9696 9468 9654
f 7742 7739 7017
f 7017 7739 7015
f 7015 7739 7741
f 7015 7741 7063
f 7017 7015 6176
f 7017 6176 6115
f 7015 7063 6174
f 7015 6174 6176
f 6174 7063 6304
f 6174 6304 5694
f 6174 5694 5542
f 6174 5542 6176
f 6176 5542 5629
f 6115 6176 5541
f 5541 6176 5629
f 7739 8361 8332
f 8332 8361 8963
f 7739 8332 7741
f 7741 8332 8279
f 8279 8332 8838
f 7063 7741 7745
f 7745 7741 8279
f 7063 7745 7109
f 7063 7109 6304
f 6304 7109 6501
f 6304 6501 5924
f 6304 5924 5694
f 5694 5924 5774
f 5694 5774 5632
f 5632 5774 5356
f 8838 8332 8963
f 8838 8963 9279
f 9279 8963 9433
f 9279 9433 9598
f 9279 9598 9436
f 9436 9598 9313
f 9313 9598 9478
f 9313 9478 9216
f 9313 9216 9020
f 9020 9216 8686
f 9020 8686 8586
f 8586 8686 8094
f 8094 8686 8174
f 8094 8174 7637
f 7637 8174 7638
f 7637 7638 6938
f 6938 7638 6901
f 6938 6901 6184
f 6184 6901 6071
f 6184 6071 5031
f 6184 5031 5221
f 5221 5031 195
f 5221 195 24
f 24 195 239
f 24 239 76
f 76 239 5026
f 5026 239 4789
f 5026 4789 5548
f 5548 4789 5356
f 7599 7745 8279
f 7599 8279 8018
f 8018 8279 8838
f 8018 8838 8684
f 8684 8838 9279
f 8684 9279 9211
f 7599 8018 8019
f 7599 8019 7600
f 7599 7600 7111
f 7111 7600 7160
f 7111 7160 6656
f 7160 7600 7067
f 7160 7067 6656
f 7067 7600 7598
f 7067 7598 7560
f 7067 7560 6897
f 7111 6656 6619
f 6619 6656 5856
f 5856 6656 5997
f 6656 7067 6557
f 6656 6557 5997
f 6557 7067 6378
f 5997 6557 5775
f 5775 6557 6378
f 5775 6378 5546
f 5546 6378 5270
f 7745 7599 7111
f 7745 7111 7109
f 7109 7111 6501
f 6501 7111 6619
f 6501 6619 5856
f 6501 5856 5924
f 5924 5856 5774
f 5774 5856 5548
f 8019 8018 8615
f 8019 8615 8759
f 8759 8615 9166
f 8019 8759 8053
f 8019 8053 7600
f 7600 8053 7598
f 7598 8053 8092
f 7598 8092 7560
f 8053 8759 8881
f 8053 8881 8092
f 8881 8759 9394
f 9394 8759 9240
f 8881 9394 9506
f 8092 8881 9068
f 8092 9068 8171
f 8092 8171 7560
f 8171 9068 9112
f 7560 8171 7480
f 7560 7480 6897
f 8171 9112 8202
f 8171 8202 7480
f 8202 9112 9064
f 7480 8202 7435
f 8202 9064 8276
f 8202 8276 7435
f 8276 9064 9013
f 7435 8276 7390
f 8276 9013 8329
f 8276 8329 7390
f 8615 8018 8684
f 8615 8684 9166
f 7067 6897 6378
f 6378 6897 6737
f 6378 6737 5980
f 6378 5980 5270
f 5980 6737 6551
f 5270 5980 5203
f 5980 6551 5481
f 5980 5481 5203
f 6897 7480 6737
f 6737 7480 7435
f 6737 7435 6551
f 6551 7435 7390
f 6551 7390 6376
f 6551 6376 5481
f 5481 6376 5267
f 6376 7390 7389
f 7389 7390 8329
f 5267 6376 6375
f 6375 6376 7389
f 5267 6375 5349
f 7389 8329 8359
f 6375 7389 7557
f 7557 7389 8359
f 6375 7557 6651
f 7557 8359 8450
f 6651 7557 7736
f 7736 7557 8450
f 7736 8450 8507
f 6651 7736 6967
f 6967 7736 7274
f 7274 7736 7896
f 7274 7896 7392
f 7392 7896 7992
f 7274 7392 6895
f 7392 7992 8091
f 8091 7992 8718
f 8091 8718 8717
f 7392 8091 7523
f 7392 7523 6895
f 8091 8717 8128
f 8091 8128 7523
f 8128 8717 8716
f 6774 7274 6895
f 7274 6774 6500
f 6500 6774 6437
f 6437 6774 6895
f 6437 6895 6436
f 6437 6436 6060
f 6060 6436 5838
f 5838 6436 6498
f 6436 6895 6932
f 6436 6932 6498
f 6932 6895 7523
f 6498 6932 6894
f 6932 7523 7479
f 6932 7479 6894
f 7479 7523 8128
f 5201 5838 5685
f 5201 5685 4828
f 4828 5685 64
f 64 5685 5620
f 64 5620 5624
f 64 5624 65
f 64 65 619
f 65 5624 5627
f 619 65 670
f 65 5627 67
f 65 67 670
f 67 5627 5693
f 670 67 671
f 671 67 113
f 113 67 5693
f 671 113 70
f 113 5693 5773
f 113 5773 70
f 5773 5693 6505
f 5773 6505 6506
f 70 5773 5698
f 5698 5773 6506
f 70 5698 4787
f 5698 6506 6440
f 4787 5698 5635
f 5635 5698 6440
f 4787 5635 4905
f 4905 5635 4907
f 4907 5635 5432
f 5432 5635 6180
f 6180 5635 6440
f 6180 6440 7065
f 7065 6440 7157
f 7065 7157 7632
f 7157 6440 6971
f 7632 7157 7685
f 7685 7157 6971
f 7632 7685 8277
f 7685 6971 7558
f 7558 6971 7436
f 8277 7685 8203
f 8203 7685 7558
f 8277 8203 9061
f 9061 8203 9063
f 8203 7558 8089
f 8203 8089 9063
f 8089 7558 7436
f 9063 8089 9012
f 8089 7436 8051
f 8089 8051 9012
f 8051 7436 7391
f 9012 8051 8835
f 8051 7391 8016
f 8051 8016 8835
f 8835 8016 8714
f 8016 7391 7439
f 8714 8016 8052
f 8052 8016 7439
f 8714 8052 8715
f 8715 8052 8090
f 8715 8090 8716
f 8716 8090 8128
f 8128 8090 7479
f 8090 8052 7438
f 8090 7438 7479
f 7438 8052 7439
f 7479 7438 6894
f 6894 7438 6896
f 6896 7438 7439
f 6896 7439 6935
f 6896 6935 6503
f 6503 6935 6504
f 6504 6935 6973
f 6504 6973 6505
f 9064 9112 9431
f 9431 9112 9540
f 9540 9112 9068
f 9064 9431 9350
f 9064 9350 9013
f 9540 9068 9506
f 9506 9068 8881
f 9431 9540 9819
f 9540 9506 9900
f 9540 9900 9819
f 9900 9506 9820
f 9820 9506 9394
f 9900 9820 9866
f 9820 9394 9694
f 9900 9866 9865
f 9900 9865 9819
f 9694 9394 9240
f 9694 9240 9470
f 9470 9240 9166
f 9166 9240 8759
f 9819 9865 9864
f 9819 9864 9739
f 9819 9739 9431
f 9739 9864 9863
f 9431 9739 9350
f 9739 9863 9693
f 9739 9693 9350
f 9693 9863 9901
f 9693 9901 9738
f 9350 9693 9393
f 9393 9693 9738
f 9350 9393 9013
f 9393 9738 9541
f 9013 9393 9113
f 9113 9393 9541
f 9013 9113 8329
f 9113 9541 9591
f 8329 9113 8359
f 9113 9591 9066
f 9113 9066 8359
f 8359 9066 8450
f 8450 9066 9067
f 9863 9864 9550
f 9550 9864 9552
f 9550 9552 8968
f 9550 8968 9017
f 9863 9550 9901
f 9901 9550 9695
f 9901 9695 9951
f 9901 9951 10066
f 9901 10066 9738
f 9738 10066 10009
f 10066 9951 10038
f 10066 10038 10115
f 10115 10038 10069
f 10115 10069 10169
f 9820 9694 9744
f 9820 9744 9866
f 9744 9694 9551
f 9551 9694 9470
f 9551 9470 9312
f 9551 9312 8967
f 9312 9470 9241
f 9241 9470 9166
f 9312 9241 9118
f 9312 9118 8840
f 9866 9744 9282
f 9282 9744 9551
f 9282 9551 9119
f 9119 9551 8967
f 9282 9119 8584
f 9282 8584 8643
f 9282 8643 9400
f 9400 8643 8761
f 9400 8761 9477
f 9477 8761 8887
f 9477 8887 9552
f 9552 8887 8968
f 8563 8584 9119
f 8563 9119 8967
f 8584 8563 8285
f 9312 8840 8967
f 8967 8840 8543
f 8967 8543 8563
f 8563 8543 8206
f 8563 8206 8285
f 8206 8543 8131
f 8206 8131 7635
f 8206 7635 7693
f 8206 7693 8285
f 7693 7635 7115
f 7693 7115 7072
f 7693 7072 7753
f 7693 7753 8285
f 7753 7072 6975
f 8285 7753 7783
f 7783 7753 6975
f 8285 7783 8416
f 7783 6975 6936
f 8416 7783 8512
f 7783 6936 7850
f 7783 7850 8512
f 7850 6936 6900
f 8512 7850 8587
f 7850 6900 7923
f 7850 7923 8587
f 7923 6900 6979
f 8587 7923 8724
f 7923 6979 7993
f 7923 7993 8724
f 7993 6979 7205
f 8724 7993 8796
f 7993 7205 8134
f 7993 8134 8796
f 8134 7205 7356
f 8796 8134 8890
f 8134 7356 8287
f 8134 8287 8890
f 8287 7356 7602
f 8890 8287 8889
f 8287 7602 8369
f 8287 8369 8889
f 8369 7602 7785
f 8889 8369 8458
f 8458 8369 7785
f 8889 8458 8888
f 8458 7785 7829
f 8458 7829 8457
f 7202 7784 7829
f 7829 7784 8457
f 8458 8457 8970
f 9356 8888 8970
f 8888 9356 9167
f 9356 8970 9556
f 9556 8970 9786
f 9167 9356 9655
f 9786 8970 9021
f 9021 8970 8457
f 9786 9021 9939
f 9167 9655 9437
f 9021 8457 8368
f 8368 8457 7784
f 8368 7784 7754
f 9939 9021 9080
f 9080 9021 8368
f 9939 9080 10013
f 8368 7754 8286
f 8368 8286 9080
f 8286 7754 7639
f 10013 9080 9081
f 9081 9080 8286
f 8286 7639 8288
f 8286 8288 9081
f 8288 7639 7563
f 10013 9081 10093
f 8288 7563 8252
f 9081 8288 9082
f 9081 9082 10093
f 9082 8288 8252
f 8252 7563 7526
f 10539 10638 10093
f 10539 10093 10150
f 10150 10093 9940
f 9940 10093 9082
f 10150 9940 10122
f 10122 9940 9753
f 9940 9082 9023
f 9940 9023 9753
f 9023 9082 8252
f 9753 9023 9022
f 9022 9023 8175
f 8175 9023 8252
f 8175 8252 7526
f 8175 7526 7443
f 8175 7443 8095
f 9241 9166 9211
f 9211 9166 8684
f 9118 9241 9353
f 9353 9241 9211
f 9118 9353 9281
f 9118 9281 8840
f 8840 9281 9019
f 8840 9019 8543
f 8543 9019 8617
f 8543 8617 8132
f 8584 8285 8643
f 8643 8285 8416
f 8643 8416 8512
f 8643 8512 8761
f 8761 8512 8587
f 8761 8587 8887
f 8887 8587 8724
f 8887 8724 8968
f 8968 8724 8796
f 8968 8796 9017
f 9017 8796 8890
f 9019 9281 9020
f 9020 9281 9313
f 9313 9281 9353
f 9313 9353 9436
f 9436 9353 9211
f 9436 9211 9279
f 9696 9654 9553
f 9283 9553 9554
f 9554 9553 9654
f 9702 9782 9697
f 9702 9697 9601
f 9702 9601 9404
f 9702 9404 9403
f 9404 9601 9358
f 9358 9601 9602
f 9358 9602 9359
f 9359 9602 9603
f 9359 9603 9360
f 9358 9359 8844
f 8846 9359 9360
f 9359 8846 8844
f 9358 8844 8798
f 9358 8798 9404
f 8844 8846 8254
f 8254 8846 8255
f 8254 8255 7703
f 8254 7703 7647
f 8844 8254 8213
f 8213 8254 7647
f 8844 8213 8798
f 8213 7647 7646
f 8843 9404 8798
f 8843 8798 8213
f 9404 8843 9403
f 9403 8843 8842
f 8843 8213 8212
f 8843 8212 8842
f 8212 8213 7646
f 8842 8212 8253
f 8212 7646 7644
f 8212 7644 8253
f 8253 7644 7645
f 7645 7644 6867
f 7645 6867 6818
f 7703 8255 8297
f 7703 8297 7707
f 7703 7707 6870
f 6870 7707 6819
f 6870 6819 5943
f 8935 9483 8895
f 8935 8895 8297
f 8297 8895 8294
f 8294 8895 8764
f 8294 8764 8214
f 8297 8294 7704
f 7704 8294 7702
f 8297 7704 7707
f 7707 7704 6871
f 8294 8214 7702
f 7702 8214 8296
f 7702 8296 7706
f 7702 7706 6904
f 6904 7706 6873
f 6904 6873 5867
f 5867 6873 6131
f 7703 6870 7647
f 7647 6870 6869
f 7647 6869 7646
f 6869 6870 5943
f 7646 6869 6868
f 7646 6868 7644
f 7644 6868 6867
f 6868 6869 6009
f 6009 6869 5943
f 6867 6868 6007
f 6007 6868 6009
f 6009 5943 4853
f 6007 6009 4852
f 4852 6009 4853
f 6007 4852 4851
f 4853 5943 5868
f 4853 5868 4752
f 5868 5943 6819
f 6007 4851 5940
f 6007 5940 6867
f 6867 5940 6818
f 5940 4851 4849
f 6818 5940 5941
f 5941 5940 4849
f 5941 4849 4802
f 5941 4802 4913
f 8723 8763 8210
f 8723 8210 8209
f 8209 8210 7643
f 8209 7643 7641
f 8253 7645 8210
f 8210 7645 7643
f 7643 7645 6818
f 7643 6818 6866
f 6866 6818 5941
f 6866 5941 6005
f 6005 5941 4913
f 9020 8586 9019
f 9019 8586 8617
f 8617 8586 8132
f 8132 8586 8094
f 8132 8094 7636
f 7636 8094 7637
f 7636 7637 7022
f 7022 7637 6938
f 8543 8132 8131
f 8174 8209 7641
f 8174 7641 7638
f 7638 7641 6865
f 7638 6865 6901
f 6865 7641 6866
f 6866 7641 7643
f 6865 6866 6005
f 6901 6865 6004
f 6004 6865 6005
f 6004 6005 4913
f 6901 6004 6071
f 6004 4913 4912
f 6004 4912 6071
f 6071 4912 5031
f 5031 4912 274
f 5031 274 195
f 8132 7636 7635
f 8132 7635 8131
f 7635 7636 7022
f 7635 7022 7115
f 7115 7022 6320
f 7115 6320 6509
f 6509 6320 5648
f 5648 6320 5489
f 7022 6938 6320
f 6320 6938 6184
f 4912 4913 275
f 4912 275 274
f 274 275 316
f 274 316 315
f 4913 4802 346
f 4913 346 275
f 275 346 377
f 275 377 316
f 316 377 114
f 316 114 4742
f 4742 114 5273
f 5273 114 5145
f 4802 4849 346
f 377 346 344
f 344 346 321
f 321 346 4849
f 344 321 318
f 321 4849 277
f 321 277 318
f 277 4849 4851
f 318 277 243
f 277 4851 250
f 277 250 243
f 243 250 245
f 250 4851 4852
f 245 250 251
f 251 250 4852
f 251 4852 4853
f 6184 5221 5489
f 6184 5489 6320
f 5221 24 5489
f 5489 24 5158
f 5158 24 76
f 5158 76 5028
f 195 274 239
f 239 274 315
f 239 315 17
f 239 17 4789
f 17 315 316
f 5489 5158 5648
f 5648 5158 5028
f 5648 5028 5285
f 5285 5028 5218
f 5285 5218 5553
f 5553 5218 5997
f 5997 5218 5856
f 6509 5648 6446
f 6509 6446 7115
f 7115 6446 7072
f 6446 5648 5488
f 7072 6446 6975
f 6446 5488 6242
f 6446 6242 6975
f 6242 5488 5287
f 6975 6242 6936
f 5028 76 5218
f 5218 76 5026
f 5218 5026 5548
f 5218 5548 5856
f 5648 5285 5488
f 5488 5285 5156
f 5488 5156 5287
f 5287 5156 4976
f 5287 4976 5029
f 5029 4976 4747
f 6001 6242 5287
f 6001 5287 5029
f 5029 4747 78
f 6001 5029 5863
f 5863 5029 4800
f 4800 5029 78
f 5863 4800 5866
f 4800 78 4848
f 4800 4848 5866
f 4848 78 4749
f 5866 4848 6245
f 4848 4749 5220
f 4848 5220 6245
f 6936 6242 6001
f 6936 6001 6900
f 6900 6001 5863
f 6900 5863 6979
f 9282 9400 9866
f 9866 9400 9477
f 9866 9477 9865
f 9865 9477 9552
f 9865 9552 9864
f 9550 9017 9695
f 9695 9017 9016
f 9695 9016 9437
f 9695 9437 9951
f 9951 9437 9655
f 9951 9655 10038
f 10038 9655 10069
f 10069 9655 9952
f 9016 9017 8890
f 9016 8890 8889
f 7205 6979 5866
f 7205 5866 6245
f 7205 6245 7356
f 7356 6245 6742
f 6742 6245 5220
f 7356 6742 7602
f 6742 5220 6000
f 6742 6000 7075
f 6742 7075 7602
f 7075 6000 6620
f 7602 7075 7203
f 6657 7203 6620
f 7602 7203 7785
f 7203 6657 7202
f 7785 7203 7829
f 7829 7203 7202
f 5866 6979 5863
f 5220 4749 5157
f 5220 5157 6000
f 5157 4749 5153
f 5153 4749 78
f 5153 78 5025
f 5153 5025 5203
f 5157 5153 5642
f 5642 5153 5088
f 6000 5157 6068
f 6068 5157 5642
f 6000 6068 6620
f 6068 5642 6315
f 6620 6068 6741
f 6741 6068 6315
f 6620 6741 6657
f 6741 6315 6707
f 7075 6620 7203
f 6315 5642 5269
f 5269 5642 5088
f 6315 5269 5852
f 6315 5852 6707
f 6707 5852 6384
f 6707 6384 6240
f 6707 6240 6317
f 6317 6240 5554
f 6240 6384 6239
f 6239 6384 6500
f 6239 6500 6310
f 6310 6500 6437
f 6741 6707 6317
f 6741 6317 6657
f 6657 6317 5714
f 5714 6317 5647
f 6657 5714 6447
f 6657 6447 7202
f 6447 5714 5437
f 6447 5437 6448
f 6448 5437 5222
f 5852 5269 5349
f 5852 5349 5916
f 5852 5916 6384
f 5916 5349 6375
f 6384 5916 6500
f 5916 6375 6651
f 5916 6651 6500
f 6500 6651 6967
f 6500 6967 7274
f 5269 5088 5267
f 5269 5267 5349
f 5267 5088 5481
f 5481 5088 5203
f 5203 5088 5153
f 5270 5203 5025
f 5270 5025 5154
f 5270 5154 5546
f 5546 5154 5365
f 5546 5365 5552
f 5025 78 5154
f 5154 78 4747
f 5154 4747 5365
f 5365 4747 4976
f 5365 4976 5552
f 5552 4976 5156
f 5552 5156 5553
f 5553 5156 5285
f 5775 5546 5552
f 5552 5553 5775
f 5997 5775 5553
f 5694 5632 5542
f 5542 5632 5544
f 5356 5774 5548
f 4789 17 5356
f 5356 17 5205
f 5356 5205 5632
f 5632 5205 5544
f 5544 5205 5273
f 5544 5273 5630
f 17 316 4742
f 17 4742 5273
f 17 5273 5205
f 5542 5544 5629
f 5629 5544 5630
f 5629 5630 5273
f 5273 5145 5629
f 114 377 73
f 114 73 5145
f 5145 73 5207
f 73 377 344
f 73 344 20
f 20 344 318
f 20 318 243
f 20 243 4744
f 5629 5145 5541
f 73 20 5207
f 5276 5207 20
f 5778 6234 5928
f 5778 5928 5551
f 5551 5928 5364
f 5705 5551 5211
f 5211 5551 5364
f 5776 5211 5277
f 5277 5211 21
f 5364 4744 5211
f 21 5211 4744
f 21 4744 243
f 21 243 245
f 21 245 75
f 75 245 320
f 320 245 251
f 320 251 324
f 324 251 4853
f 324 4853 4752
f 247 320 324
f 247 324 199
f 199 324 4752
f 199 4752 4918
f 5159 5944 5867
f 5106 5788 5225
f 5788 5867 6131
f 5788 6131 6130
f 6130 6131 6873
f 5788 6130 5225
f 6130 6873 6872
f 15 19 4840
f 4840 19 4903
f 4903 19 4844
f 4903 4844 5097
f 4903 5097 5151
f 5151 5097 5641
f 5151 5641 5638
f 15 4840 5022
f 15 5022 4836
f 4836 5022 5430
f 4836 5430 5359
f 5359 5430 5545
f 5545 5430 5702
f 5545 5702 5850
f 5850 5702 5993
f 5993 5702 5860
f 5993 5860 5998
f 5993 5998 6238
f 4844 19 4843
f 4843 19 74
f 4844 4843 5098
f 4843 74 4906
f 4906 74 18
f 4843 4906 5155
f 4843 5155 5098
f 5098 5155 5640
f 5098 5640 5643
f 19 15 74
f 74 15 72
f 18 74 72
f 18 72 14
f 4906 18 4902
f 4902 18 14
f 4902 14 4839
f 4906 4902 5155
f 5155 4902 5213
f 5155 5213 5708
f 5155 5708 5640
f 4844 5098 5097
f 5098 5643 5097
f 5097 5643 5641
f 5151 5638 5212
f 5212 5638 5706
f 5151 5212 4903
f 4903 5212 5023
f 4903 5023 4840
f 5212 5706 5708
f 5212 5708 5213
f 5212 5213 5023
f 5023 5213 4902
f 5023 4902 4839
f 4840 5023 5093
f 5023 4839 5021
f 5023 5021 5093
f 5093 5021 5485
f 5485 5021 5428
f 5021 4839 14
f 4840 5093 5022
f 5022 5093 5485
f 5022 5485 5430
f 5021 14 4835
f 5021 4835 5428
f 5428 4835 5357
f 4835 14 72
f 4835 72 4786
f 4786 72 15
f 4786 15 4836
f 4786 4836 5271
f 5271 4836 5359
f 5271 5359 5545
f 5357 4835 4786
f 5357 4786 5271
f 5357 5271 5633
f 5485 5428 5700
f 5485 5700 5703
f 5703 5700 5859
f 5703 5859 6067
f 5700 5428 5357
f 5357 5633 5700
f 5700 5633 5848
f 5700 5848 5989
f 5700 5989 5859
f 5859 5989 6067
f 6067 5989 6237
f 5633 5271 5631
f 5633 5631 5848
f 5848 5631 5923
f 5631 5271 5545
f 5631 5545 5923
f 5923 5545 5850
f 5923 5850 6119
f 5989 5848 5923
f 5485 5703 5430
f 5430 5703 5702
f 5702 5703 5860
f 5703 6067 5937
f 5703 5937 5998
f 5703 5998 5860
f 6237 5989 6119
f 6119 5989 5923
f 6237 6119 6385
f 6385 6119 5993
f 6385 5993 6238
f 5850 5993 6119
f 4832 4899 11
f 4899 4832 5089
f 11 4899 9
f 4899 5089 5019
f 5019 5089 5858
f 5019 5858 5851
f 9 4899 4898
f 9 4898 5087
f 9 5087 4897
f 4897 5087 5539
f 4897 5539 5421
f 5421 5539 5687
f 5421 5687 5623
f 5623 5687 5841
f 5841 5687 5918
f 4832 11 4834
f 4832 4834 5091
f 4832 5091 5089
f 5089 5091 5862
f 5089 5862 5858
f 5862 5091 5857
f 5857 5091 5090
f 5090 5091 4834
f 5090 4834 4833
f 4833 4834 71
f 71 4834 11
f 4833 71 10
f 5019 5851 5849
f 5019 5849 5206
f 5857 5090 5020
f 5857 5020 5853
f 5020 5090 4833
f 5020 4833 4831
f 4831 4833 10
f 4831 10 7
f 4831 7 4830
f 4830 7 5086
f 5086 7 4896
f 5086 4896 5538
f 5538 4896 5420
f 5538 5420 5686
f 5206 5849 5853
f 5206 5853 5020
f 5206 5020 5018
f 5018 5020 4831
f 5019 5206 5018
f 5019 5018 4899
f 71 11 9
f 71 9 68
f 10 71 68
f 10 68 7
f 4831 4830 5018
f 5018 4830 5144
f 5144 4830 5086
f 5144 5086 5540
f 5540 5086 5538
f 5540 5538 5686
f 4898 4899 5018
f 4898 5018 5144
f 4896 7 68
f 4896 68 4829
f 4829 68 9
f 4829 9 4897
f 4829 4897 5419
f 5419 4897 5421
f 5420 4896 4829
f 5420 4829 5419
f 5420 5419 5622
f 5622 5419 5621
f 5622 5621 5840
f 5840 5621 5839
f 5087 4898 5144
f 5087 5144 5539
f 5539 5144 5540
f 5539 5540 5687
f 5419 5421 5623
f 5420 5622 5686
f 5686 5622 5840
f 5419 5623 5621
f 5621 5623 5841
f 5621 5841 5839
f 5841 5918 5839
f 5840 5839 5984
f 5840 5984 5686
f 5686 5984 5762
f 5762 5984 6061
f 6061 5984 6307
f 5839 5918 6058
f 6058 5918 6379
f 6379 5918 6308
f 5839 6058 5984
f 5984 6058 6307
f 6307 6058 6379
f 6308 5918 6062
f 6062 5918 5763
f 5762 6061 5764
f 5762 5764 5686
f 5686 5764 5540
f 5540 5764 5687
f 5764 6061 5921
f 5763 5918 5687
f 5763 5687 5764
f 5763 5764 5921
f 5763 5921 6062
f 4249 4052 4271
f 4052 4249 4154
f 3890 4154 4053
f 4053 4154 4273
f 3890 4053 3584
f 3584 4053 3626
f 3584 3626 3301
f 3301 3626 2209
f 3301 2209 1616
f 990 2209 2065
f 990 2065 957
f 2065 2209 3626
f 2065 3626 3453
f 2066 2065 3453
f 2066 3453 3381
f 3381 3453 3929
f 3929 3453 3967
f 6171 104 6110
f 6110 104 106
f 106 104 958
f 958 2066 1024
f 958 1024 106
f 6110 106 232
f 232 106 1024
f 232 1024 1275
f 6430 6110 232
f 2529 1024 2066
f 2529 2066 3381
f 2529 3381 3725
f 3725 3381 3929
f 3725 3929 4172
f 4172 3929 4170
f 6370 6430 232
f 6370 232 305
f 305 232 1457
f 1457 232 1275
f 1457 1275 2938
f 6370 305 6227
f 6227 305 307
f 1399 307 1457
f 7515 7330 6227
f 7515 6227 6432
f 6432 6227 307
f 7515 6432 7732
f 307 1399 309
f 307 309 6432
f 309 1399 1401
f 1401 1399 3051
f 6432 309 6612
f 6432 6612 7732
f 309 1401 234
f 309 234 6612
f 234 1401 1352
f 234 1352 108
f 234 108 6612
f 108 1352 1177
f 7732 6612 7894
f 7732 7894 8682
f 7894 6612 6700
f 6700 6612 108
f 7894 6700 6858
f 6858 6700 108
f 7894 6858 8013
f 8013 6858 8200
f 8200 6858 7010
f 8200 7010 8327
f 6858 108 4778
f 7010 6858 4955
f 4955 6858 4778
f 7010 4955 7153
f 7010 7153 8327
f 4955 4778 1149
f 4778 108 1179
f 4778 1179 1149
f 1179 108 1177
f 1179 1177 3100
f 3100 1177 2894
f 1179 3100 3191
f 1179 3191 1149
f 1149 3191 2896
f 1149 2896 856
f 856 2896 2631
f 1149 856 5199
f 1149 5199 4955
f 4955 5199 7153
f 7153 5199 7272
f 7272 5199 5534
f 7153 7272 8327
f 7272 5534 5977
f 8327 7272 8403
f 8327 8403 9585
f 8327 9585 9639
f 9585 8403 8476
f 8476 8403 7272
f 187 6229 5977
f 5977 6229 7012
f 5977 7012 6928
f 7734 7272 6928
f 7272 7734 8476
f 7734 6928 7012
f 8476 7734 8446
f 8476 8446 9587
f 9587 8446 9534
f 7734 7012 7776
f 7734 7776 8446
f 7776 7012 7816
f 8446 7776 8447
f 8447 7776 7816
f 8446 8447 9424
f 8447 7816 8712
f 8712 7816 7921
f 7921 7816 7155
f 8712 7921 8834
f 8712 8834 9855
f 8834 7921 8015
f 9855 8834 9857
f 8834 8015 9010
f 8834 9010 9857
f 9010 8015 8246
f 9857 9010 9731
f 9857 9731 10273
f 9010 8246 9061
f 9061 8246 8277
f 307 305 1457
f 1275 1024 2938
f 2938 1024 2529
f 2938 2529 3725
f 2938 3725 3875
f 3875 3725 4172
f 3875 4172 4250
f 4250 4172 4332
f 4250 4332 4435
f 4435 4332 4379
f 4379 4332 4237
f 4379 4237 4333
f 4379 4333 4436
f 4436 4333 4251
f 4251 4333 4173
f 4251 4173 3726
f 4251 3726 3876
f 3876 3726 2530
f 3876 2530 2939
f 2939 2530 1276
f 1276 2530 1025
f 1457 2938 3049
f 3049 2938 3891
f 3891 2938 3875
f 3891 3875 4252
f 4252 3875 4250
f 1457 3049 1399
f 1399 3049 3051
f 3967 3453 3626
f 3967 3626 4053
f 3967 4053 4219
f 4219 4053 4273
f 3967 4219 4170
f 3967 4170 3929
f 4219 4273 4330
f 4330 4273 4347
f 4219 4330 4315
f 4219 4315 4170
f 4170 4315 4172
f 4273 4154 4209
f 4273 4209 4347
f 4365 4424 4425
f 4425 4424 4513
f 4513 4424 4525
f 4365 4425 4347
f 4425 4513 4526
f 4526 4513 4525
f 4347 4425 4433
f 4433 4425 4526
f 4433 4526 4515
f 4433 4515 4427
f 4515 4526 4542
f 4542 4526 4551
f 4427 4515 4493
f 4427 4493 4394
f 4394 4493 4461
f 4394 4461 4367
f 4461 4493 4495
f 4493 4515 4528
f 4493 4528 4495
f 4528 4515 4542
f 4495 4528 4462
f 4462 4528 4494
f 4494 4528 4542
f 4462 4494 4368
f 4368 4494 4395
f 4494 4542 4516
f 4516 4542 4551
f 4428 4395 4516
f 4516 4551 4527
f 4516 4527 4428
f 4428 4527 4434
f 4347 4433 4330
f 4330 4433 4427
f 4330 4427 4315
f 4315 4427 4394
f 4315 4394 4367
f 4315 4367 4172
f 4514 4524 4460
f 4514 4460 4426
f 4514 4426 4527
f 4527 4426 4434
f 4514 4527 4525
f 4525 4527 4551
f 4426 4460 4366
f 4426 4366 4348
f 4426 4348 4434
f 4525 4551 4526
f 4494 4516 4395
f 4368 4173 4462
f 4462 4173 4333
f 4462 4333 4495
f 4495 4333 4237
f 4495 4237 4461
f 4461 4237 4332
f 4461 4332 4172
f 4172 4367 4461
f 4252 4250 4435
f 4252 4435 4463
f 4252 4463 4211
f 4252 4211 3891
f 3891 4211 3840
f 3891 3840 3049
f 3049 3840 3051
f 4211 4463 4413
f 4413 4463 4349
f 4349 4463 4380
f 4379 4380 4435
f 4380 4379 4464
f 4380 4464 4349
f 4464 4379 4436
f 4349 4464 4414
f 4349 4414 4381
f 4381 4414 4438
f 4437 4413 4381
f 4381 4438 4340
f 4381 4340 4437
f 4340 4438 4397
f 4340 4397 4415
f 4437 4340 4396
f 4437 4396 4220
f 4437 4220 4238
f 4463 4435 4380
f 4211 4413 4238
f 4238 4413 4437
f 4211 4238 3840
f 3840 4238 3842
f 3840 3842 3051
f 3842 4238 4220
f 3051 3842 2940
f 3842 4220 3753
f 3842 3753 2940
f 3753 4220 3968
f 2940 3753 2894
f 2894 3753 3968
f 2940 2894 1352
f 2940 1352 1401
f 1352 2894 1177
f 2894 3968 3100
f 3100 3968 4134
f 3100 4134 3191
f 3191 4134 4073
f 3191 4073 2896
f 4134 3968 4416
f 4416 3968 4341
f 4341 3968 4220
f 4416 4341 4543
f 4341 4220 4396
f 4341 4396 4543
f 4381 4413 4349
f 4396 4340 4415
f 4396 4415 4543
f 4543 4415 4529
f 4543 4529 4583
f 4583 4529 4603
f 4603 4529 4611
f 4415 4397 4544
f 4415 4544 4529
f 4544 4397 4342
f 4544 4342 4417
f 4544 4417 4584
f 4342 4397 4221
f 4221 4397 4438
f 4342 4221 3969
f 4342 3969 4417
f 4221 4438 4239
f 4239 4438 4414
f 4221 4239 3754
f 4221 3754 3969
f 4239 4414 4212
f 4212 4414 4464
f 3754 4239 3843
f 3843 4239 4212
f 3754 3843 2895
f 3754 2895 3969
f 3969 2895 3101
f 2895 3843 2941
f 3969 3101 3192
f 2941 3843 3841
f 3841 3843 4212
f 2941 3841 3052
f 3969 3192 4135
f 3969 4135 4417
f 4135 3192 2897
f 3052 3841 3892
f 3052 3892 3050
f 3050 3892 2939
f 2939 3892 3876
f 3876 3892 4251
f 4135 2897 4074
f 4135 4074 4417
f 4074 2897 2632
f 4251 3892 4253
f 4253 3892 3841
f 4251 4253 4436
f 4253 3841 4212
f 4436 4253 4464
f 4464 4253 4212
f 4074 2632 3948
f 4479 4417 4074
f 4479 4074 3948
f 4417 4479 4584
f 4584 4479 4611
f 4479 3948 4370
f 3948 2632 4194
f 4370 3948 4497
f 4497 3948 4194
f 4370 4497 4440
f 4440 4497 4531
f 4531 4497 4559
f 4531 4559 4586
f 4497 4194 4324
f 4497 4324 4559
f 4559 4324 4344
f 4559 4344 4546
f 4344 4324 3971
f 4344 3971 4255
f 4255 3971 3912
f 3971 4324 3856
f 3856 4324 4194
f 3856 4194 3412
f 3971 3856 3343
f 3856 3412 2943
f 3856 2943 3343
f 2943 3412 1969
f 3261 3912 3343
f 3261 3343 2450
f 3343 2943 1971
f 2450 3343 2448
f 2448 3343 1971
f 2450 2448 2211
f 2211 2448 2165
f 2165 2448 1757
f 1757 2448 1971
f 1757 1971 1101
f 3051 2940 1401
f 4073 4134 4416
f 3947 2896 4073
f 2896 3947 2631
f 2631 3947 4193
f 4193 3947 4496
f 4496 3947 4369
f 2631 4193 3411
f 4193 4496 4323
f 4193 4323 3411
f 4323 4496 4558
f 3411 4323 3855
f 4343 3970 3855
f 3855 3970 3342
f 3411 3855 2942
f 2942 3855 3342
f 3411 2942 1968
f 2942 3342 2447
f 1968 2942 1970
f 1970 2942 2447
f 1968 1970 1279
f 1970 2447 1756
f 1970 1756 1279
f 1756 2447 2164
f 1279 1756 1100
f 4478 4073 4416
f 4073 4478 3947
f 3947 4478 4369
f 4369 4478 4439
f 4439 4478 4610
f 4610 4478 4416
f 4439 4610 4398
f 4610 4416 4583
f 4583 4416 4543
f 4610 4583 4603
f 4610 4603 4398
f 4398 4603 4440
f 4440 4603 4611
f 4440 4611 4370
f 4370 4611 4479
f 4611 4529 4584
f 4584 4529 4544
f 2897 3192 1150
f 857 2632 2897
f 857 2897 1150
f 1150 3192 1180
f 1180 3192 3101
f 857 1150 5200
f 1180 3101 1178
f 1178 3101 2895
f 1150 1180 4956
f 1150 4956 5200
f 857 5200 5535
f 1178 2895 1353
f 1353 2895 2941
f 1180 1178 4779
f 1180 4779 4956
f 1178 1353 109
f 1178 109 4779
f 4779 109 6859
f 4779 6859 4956
f 4956 6859 7011
f 4956 7011 7154
f 4956 7154 5200
f 5200 7154 7273
f 5200 7273 5535
f 235 109 1353
f 109 235 6701
f 6701 235 6613
f 6701 6613 7895
f 235 1353 1402
f 1402 1353 2941
f 1402 2941 3052
f 6613 235 310
f 310 235 1402
f 6613 310 6433
f 1402 3052 1400
f 1402 1400 310
f 1400 3052 3050
f 6433 310 308
f 308 310 1400
f 1400 3050 1458
f 1400 1458 308
f 1458 3050 2939
f 1458 2939 1276
f 308 1458 306
f 306 1458 1276
f 308 306 6228
f 306 1276 233
f 6228 306 6371
f 306 233 6431
f 306 6431 6371
f 6433 308 6228
f 6433 6228 7516
f 7516 6228 7331
f 6433 7516 7733
f 6433 7733 6613
f 6613 7733 7895
f 8086 8475 7733
f 7733 8475 7895
f 7895 8475 8683
f 7895 8683 9059
f 7895 9059 8014
f 7895 8014 6701
f 6701 8014 6859
f 6701 6859 109
f 8014 9059 8201
f 8014 8201 6859
f 8201 9059 9345
f 6859 8201 7011
f 8201 9345 8328
f 8201 8328 7011
f 8328 9345 9640
f 7011 8328 7154
f 8328 9640 9586
f 7154 8328 8404
f 8404 8328 9586
f 7154 8404 7273
f 7273 8404 7735
f 7735 8404 8477
f 7735 8477 8478
f 8404 9586 9588
f 8404 9588 8477
f 8477 9588 8478
f 9588 9586 10287
f 8478 9588 9535
f 9588 10287 10272
f 9588 10272 9535
f 233 1276 107
f 107 1276 1025
f 233 107 6431
f 6228 6371 7331
f 7331 6371 7388
f 7388 6371 6431
f 7331 7388 7893
f 7388 6431 7354
f 7388 7354 7957
f 7388 7957 7893
f 7957 7354 7946
f 7893 7957 8273
f 7893 8273 8275
f 8275 8273 8711
f 857 5535 469
f 857 469 2632
f 6929 5535 7273
f 6929 7273 7735
f 5535 6929 5978
f 5535 5978 469
f 5978 6929 7013
f 469 5978 188
f 6929 7735 7777
f 6929 7777 7013
f 5978 7013 6230
f 5978 6230 188
f 7013 7777 7817
f 188 6230 4729
f 188 4729 825
f 188 825 1278
f 7817 7777 8448
f 8478 7777 7735
f 7777 8478 8448
f 8448 8478 9425
f 8478 9535 9425
f 9425 9535 10272
f 9586 9640 10445
f 9586 10445 10287
f 10445 9640 10371
f 10371 9640 10081
f 10371 10081 10838
f 10371 10838 10935
f 10371 10935 10445
f 10935 10838 10961
f 10287 10445 10714
f 10714 10445 10935
f 10935 10961 11029
f 10287 10714 10688
f 10287 10688 10272
f 10688 10714 10914
f 10914 10714 10935
f 10688 10914 10901
f 10901 10914 11000
f 10935 11029 11031
f 10935 11031 10914
f 11031 11029 11043
f 11000 10914 11012
f 11012 10914 11031
f 11012 11031 11043
f 11000 11012 11021
f 11021 11012 11033
f 11033 11012 11043
f 11021 11033 11015
f 11015 11033 11025
f 11025 11033 11043
f 11025 11043 11041
f 11025 11041 11008
f 11041 11043 11057
f 11008 11041 11035
f 11035 11041 11057
f 11008 11035 10963
f 11008 10963 10952
f 10963 11035 10979
f 11035 11057 11055
f 11035 11055 11037
f 11055 11057 11053
f 11037 11055 11047
f 11055 11053 11051
f 11055 11051 11047
f 10140 10272 10688
f 10272 10140 9425
f 10140 10688 10533
f 10533 10688 10901
f 10533 10901 10783
f 10783 10901 11000
f 10783 11000 10931
f 10931 11000 11021
f 10931 11021 10951
f 10951 11021 11015
f 10951 11015 10947
f 10947 11015 10987
f 10947 10987 10886
f 10886 10987 10861
f 10861 10987 10952
f 10861 10952 10887
f 10887 10952 10890
f 10140 10533 10602
f 10602 10533 10783
f 10602 10783 10850
f 10850 10783 10931
f 10602 10850 10729
f 10602 10729 10476
f 10476 10729 10534
f 10476 10534 10288
f 10729 10850 10784
f 10784 10850 10884
f 10884 10850 10931
f 10884 10931 10951
f 10884 10951 10859
f 10859 10951 10947
f 10884 10859 10784
f 10859 10947 10815
f 10815 10947 10886
f 10815 10886 10861
f 10859 10815 10658
f 10859 10658 10784
f 10784 10658 10497
f 10987 11015 11025
f 10987 11025 11008
f 10987 11008 10952
f 10952 10963 10890
f 10861 10887 10916
f 10916 10887 10905
f 10905 10887 10840
f 10916 10905 10954
f 10905 10840 10664
f 10664 10840 10641
f 10905 10664 10733
f 10905 10733 10862
f 10905 10862 10954
f 10954 10862 10939
f 10954 10939 10977
f 10939 10862 10736
f 10861 10916 10936
f 10936 10916 10954
f 10861 10936 10815
f 10936 10954 10977
f 10815 10936 10915
f 10915 10936 10977
f 10815 10915 10658
f 10658 10915 10824
f 10658 10824 10497
f 10915 10977 10917
f 10915 10917 10824
f 10917 10977 10893
f 10893 10977 10939
f 10917 10893 10721
f 10917 10721 10731
f 10917 10731 10824
f 10731 10721 10415
f 10731 10415 10537
f 10824 10731 10606
f 10606 10731 10537
f 10824 10606 10497
f 10606 10537 10414
f 10497 10606 10205
f 10497 10205 10288
f 10606 10414 10142
f 10606 10142 10205
f 10142 10414 10604
f 10205 10142 9777
f 9777 10142 9691
f 9777 9691 9062
f 9062 9691 9111
f 10142 10604 10316
f 10316 10604 10689
f 10689 10604 10717
f 10316 10689 10447
f 10689 10717 10759
f 10447 10689 10636
f 10636 10689 10759
f 10447 10636 10411
f 10447 10411 10082
f 10082 10411 10083
f 10083 10411 10086
f 10086 10411 10636
f 10636 10759 10574
f 10574 10759 10662
f 10574 10662 10540
f 10636 10574 10480
f 10636 10480 10086
f 10574 10540 10378
f 10083 10086 9775
f 10574 10378 10376
f 10574 10376 10146
f 10376 10378 10209
f 10037 10086 10146
f 10037 10146 10376
f 10376 10209 10277
f 10376 10277 10037
f 10277 10209 10120
f 10277 10120 10089
f 10277 10089 10037
f 10086 10037 10008
f 10008 10037 10089
f 10086 10008 9775
f 10008 10089 9949
f 9949 10089 10145
f 9775 10008 9895
f 9895 10008 9949
f 9775 9895 9426
f 9775 9426 9537
f 9426 9895 9427
f 9427 9895 9896
f 9896 9895 9949
f 9427 9896 9428
f 9931 9949 10145
f 9949 9931 9896
f 9931 10145 10170
f 9428 9896 9861
f 9861 9896 9931
f 9428 9861 9429
f 9429 9861 9862
f 9861 9931 9974
f 9974 9931 10170
f 9861 9974 9862
f 9974 10170 10207
f 9862 9974 10111
f 10111 9974 10207
f 9862 10111 9778
f 9778 10111 10087
f 10111 10207 10144
f 10111 10144 10087
f 10144 10207 10119
f 10144 10119 10070
f 10087 10144 10088
f 10087 10088 10065
f 10065 10088 9950
f 10065 9950 9818
f 9818 9950 9903
f 9818 9903 9740
f 9740 9903 9934
f 9818 9740 9594
f 9740 9934 9780
f 9780 9934 9935
f 9594 9740 9465
f 9465 9740 9780
f 9646 9594 9161
f 9161 9594 9207
f 9207 9594 9465
f 9465 9780 9392
f 9465 9392 9207
f 9207 9392 9065
f 9392 9780 9899
f 9904 9899 9935
f 9065 9392 9503
f 9503 9392 9899
f 9065 9503 9160
f 9899 9904 9933
f 9899 9933 9503
f 9933 9904 9821
f 9160 9503 9592
f 9592 9503 9933
f 9160 9592 9206
f 9933 9821 9902
f 9933 9902 9592
f 9902 9821 9599
f 9206 9592 9542
f 9542 9592 9902
f 9206 9542 9114
f 9902 9599 9741
f 9902 9741 9542
f 9741 9599 9509
f 9114 9542 9432
f 9432 9542 9741
f 9432 9741 9509
f 9114 9432 8962
f 9432 9509 9309
f 9432 9309 8962
f 9309 9509 9310
f 8962 9309 8792
f 9309 9310 9212
f 9309 9212 8792
f 8792 9212 8642
f 10893 10939 10736
f 10893 10736 10692
f 10893 10692 10417
f 10893 10417 10721
f 10721 10417 10149
f 10721 10149 10415
f 10417 10692 10014
f 10014 10692 10094
f 10014 10094 9321
f 10014 9321 9246
f 10014 9246 9168
f 10149 10417 9906
f 9906 10417 10014
f 9906 10014 9168
f 10149 9906 9826
f 9906 9168 9083
f 9906 9083 9826
f 10537 10415 10576
f 10576 10415 10149
f 10576 10149 10175
f 10576 10175 10662
f 10576 10662 10759
f 10576 10759 10717
f 10576 10717 10537
f 10537 10717 10414
f 10414 10717 10604
f 10316 10447 9810
f 9810 10447 10082
f 10142 10316 9691
f 9691 10316 9810
f 9691 9810 9111
f 9111 9810 9060
f 9810 10082 9500
f 9810 9500 9060
f 9500 10082 10083
f 9500 10083 9537
f 9060 9500 8879
f 8879 9500 9537
f 9060 8879 8126
f 9060 8126 8248
f 8879 9537 8790
f 8790 9537 9426
f 10205 9777 9858
f 9858 9777 9062
f 10205 9858 10288
f 9858 9062 9011
f 9011 9062 8247
f 9858 9011 8878
f 10288 9858 9856
f 9856 9858 8878
f 10288 9856 10476
f 7922 8878 8049
f 8878 7922 8713
f 8878 8713 9856
f 8713 7922 7817
f 8713 7817 8448
f 8713 8448 9425
f 9856 8713 9854
f 9854 8713 9425
f 9856 9854 10476
f 9854 9425 10140
f 10476 9854 10602
f 10602 9854 10140
f 10497 10288 10534
f 10497 10534 10784
f 10784 10534 10729
f 8049 8878 9011
f 8049 9011 8247
f 7817 7922 7156
f 7156 7922 6861
f 7156 6861 6494
f 6494 6861 5416
f 6494 5416 4958
f 4958 5416 555
f 5416 6861 7242
f 7242 6861 8049
f 5416 7242 6113
f 5416 6113 555
f 6113 7242 7475
f 6113 7475 6863
f 555 6113 152
f 152 6113 6863
f 555 152 930
f 152 6863 5418
f 7817 7156 7013
f 6861 7922 8049
f 7013 7156 6494
f 7013 6494 6230
f 6230 6494 4729
f 4729 6494 4958
f 4729 4958 664
f 664 4958 555
f 664 555 1101
f 1101 555 930
f 1101 930 1235
f 8049 8247 7475
f 8049 7475 7242
f 7475 8247 8331
f 7475 8331 7684
f 7475 7684 7066
f 7475 7066 6863
f 8247 9062 8331
f 8331 9062 9111
f 8331 9111 8248
f 8248 9111 9060
f 8331 8248 7684
f 7684 8248 7737
f 7737 8248 8126
f 7684 7737 7066
f 7737 8126 7594
f 7066 7737 7158
f 7158 7737 7594
f 7158 7594 7018
f 7018 7594 7478
f 7066 7158 6507
f 7066 6507 6181
f 6507 7158 6560
f 6181 6507 5636
f 5636 6507 6560
f 6181 5636 5433
f 5433 5636 4972
f 5433 4972 4908
f 4908 4972 156
f 4972 5636 4837
f 5636 6560 5699
f 5636 5699 4837
f 5699 6560 6559
f 4837 5699 13
f 13 5699 5847
f 13 5847 5766
f 13 5766 8
f 13 8 637
f 8 5766 6
f 8 6 637
f 6 5766 5765
f 637 6 636
f 6 5765 5688
f 636 6 590
f 6 5688 5
f 6 5 590
f 590 5 472
f 5 5688 5758
f 5 5758 4734
f 4734 5758 5757
f 4734 5757 4893
f 4893 5757 5981
f 4893 5981 5351
f 5351 5981 6117
f 5981 5757 6497
f 6117 5981 6499
f 6499 5981 6497
f 6117 6499 6439
f 6499 6497 6815
f 6499 6815 6553
f 6553 6815 7310
f 6815 6497 6931
f 6815 6931 7310
f 6931 6497 6552
f 6931 6552 7014
f 7014 6552 6653
f 7310 6931 7441
f 7441 6931 7014
f 7310 7441 7947
f 7947 7441 8017
f 7310 7947 7818
f 7310 7818 7060
f 7060 7818 6702
f 7441 7014 7595
f 7441 7595 8017
f 7595 7014 6930
f 8017 7595 8129
f 7595 6930 7520
f 7595 7520 8129
f 7520 6930 6933
f 7520 6933 7519
f 7519 6933 6970
f 8129 7520 8170
f 8170 7520 7519
f 8129 8170 8757
f 8129 8757 8614
f 8614 8757 9347
f 8614 9347 9162
f 9347 8757 9429
f 9429 8757 8791
f 8791 8757 8170
f 9429 8791 9428
f 8127 8170 7519
f 8170 8127 8791
f 9428 8791 8756
f 8756 8791 8127
f 9428 8756 9427
f 8127 7519 7521
f 7521 7519 6970
f 7521 6970 7019
f 8127 7521 8088
f 8127 8088 8756
f 8088 7521 7437
f 9427 8756 8755
f 8755 8756 8088
f 9427 8755 9426
f 8088 7437 8050
f 8088 8050 8755
f 8050 7437 7478
f 8755 8050 8790
f 8050 7478 8087
f 8050 8087 8790
f 8087 7478 7594
f 8790 8087 8879
f 8087 7594 8126
f 8087 8126 8879
f 6863 7066 5418
f 5418 7066 6181
f 5418 6181 272
f 5418 272 152
f 272 6181 5433
f 152 272 667
f 152 667 930
f 930 667 1235
f 1235 667 997
f 1235 997 1619
f 997 667 720
f 720 667 272
f 720 272 5433
f 1058 1283 720
f 1058 720 776
f 720 5433 376
f 720 376 776
f 376 5433 4908
f 376 4908 156
f 376 156 776
f 776 156 474
f 474 156 246
f 6560 7158 7018
f 6560 7018 6559
f 6559 7018 6972
f 6972 7018 7478
f 6559 6972 6558
f 5699 6559 5847
f 5847 6559 6558
f 4972 4837 158
f 158 4837 412
f 412 4837 13
f 412 13 529
f 529 13 637
f 156 4972 158
f 156 158 246
f 246 158 413
f 413 158 412
f 246 413 249
f 246 249 116
f 116 249 5032
f 116 5032 5030
f 5032 249 4980
f 4980 249 348
f 348 249 413
f 413 412 560
f 413 560 348
f 560 412 529
f 348 560 416
f 560 529 641
f 560 641 416
f 641 529 637
f 416 641 415
f 641 637 640
f 641 640 415
f 640 637 636
f 415 640 347
f 640 636 591
f 640 591 347
f 591 636 590
f 347 591 279
f 591 590 506
f 591 506 279
f 279 506 117
f 117 506 319
f 776 474 908
f 776 908 1058
f 1058 908 1212
f 1058 1212 1283
f 1283 1212 1570
f 1283 1570 1619
f 1619 1570 1973
f 1973 1570 1928
f 1212 908 934
f 620 908 474
f 908 620 934
f 620 474 246
f 620 246 116
f 620 116 507
f 620 507 934
f 507 116 5030
f 934 507 911
f 934 911 1123
f 1123 911 1128
f 911 507 201
f 201 507 5030
f 201 5030 5864
f 911 201 643
f 201 5864 5224
f 201 5224 643
f 643 5224 280
f 1212 934 1123
f 1212 1123 1570
f 1570 1123 1572
f 1570 1572 1928
f 1928 1572 1761
f 1761 1572 1409
f 1572 1123 1185
f 1572 1185 1409
f 1185 1123 1128
f 1409 1185 1061
f 1185 1128 1187
f 1185 1187 1061
f 1187 1128 914
f 914 1128 911
f 914 911 643
f 914 643 280
f 914 280 538
f 914 538 969
f 914 969 1187
f 969 538 539
f 969 539 831
f 1187 969 1003
f 1003 969 831
f 1187 1003 1061
f 1003 831 682
f 1061 1003 878
f 878 1003 682
f 1061 878 1087
f 878 682 622
f 720 1283 997
f 997 1283 1619
f 1235 1619 1757
f 1235 1757 1101
f 1757 1619 1973
f 1757 1973 2165
f 2165 1973 1928
f 2165 1928 2211
f 2211 1928 1761
f 2211 1761 1930
f 1930 1761 1409
f 1930 1409 1358
f 1358 1409 1087
f 1358 1087 878
f 1358 878 754
f 754 878 622
f 754 622 85
f 2450 2211 1930
f 2450 1930 2014
f 2450 2014 3261
f 3261 2014 2214
f 2014 1930 1358
f 2014 1358 1357
f 2014 1357 1214
f 1357 1358 754
f 1214 1357 681
f 681 1357 754
f 1214 681 564
f 681 754 85
f 1280 1101 1971
f 1280 1971 1969
f 1969 1971 2943
f 1101 1280 825
f 1101 825 664
f 825 1280 1969
f 825 1969 1278
f 1278 1969 2632
f 2632 1969 3412
f 2632 3412 4194
f 4729 664 825
f 188 1278 469
f 469 1278 2632
f 3971 3343 3912
f 4546 4344 4255
f 4586 4559 4546
f 4586 4546 4570
f 4586 4570 4532
f 4546 4255 4383
f 4546 4383 4570
f 4383 4255 4018
f 4018 4255 3698
f 4018 3698 3700
f 4018 3700 3953
f 4018 3953 4112
f 4533 4532 4570
f 4532 4533 4585
f 4419 4570 4383
f 4570 4419 4533
f 4175 4383 4018
f 4175 4018 4112
f 4383 4175 4419
f 4175 4112 4258
f 4175 4258 4419
f 4258 4112 4177
f 4258 4177 4257
f 4258 4257 4419
f 4257 4177 4195
f 4371 4533 4419
f 4371 4419 4257
f 4569 4585 4533
f 4569 4533 4371
f 4585 4569 4558
f 4371 4257 4418
f 4371 4418 4569
f 4256 4257 4195
f 4257 4256 4418
f 4256 4195 4176
f 4256 4176 4111
f 4558 4569 4545
f 4545 4569 4418
f 4558 4545 4343
f 4558 4343 4323
f 4323 4343 3855
f 4343 4545 4254
f 4545 4418 4382
f 4545 4382 4254
f 4343 4254 3970
f 4382 4418 4174
f 4382 4174 4254
f 4174 4418 4256
f 4174 4256 4111
f 4174 4111 4017
f 4174 4017 4254
f 4017 4111 3952
f 4017 3952 3699
f 4254 4017 3911
f 4254 3911 3970
f 4017 3699 3697
f 4017 3697 3911
f 3970 3911 3260
f 3260 3911 3697
f 3970 3260 3342
f 3697 3699 3102
f 3697 3102 3260
f 3102 3699 3104
f 3102 3104 2267
f 3342 3260 2447
f 3102 2267 2265
f 3102 2265 3260
f 2265 2267 1461
f 2265 1461 1360
f 2265 1360 2213
f 2265 2213 3260
f 2447 3260 2449
f 2449 3260 2213
f 2447 2449 2210
f 2447 2210 2164
f 2210 2449 1929
f 2449 2213 2013
f 2449 2013 1929
f 2013 2213 1213
f 2013 1213 1355
f 2013 1355 1929
f 1929 1355 1356
f 1356 1355 679
f 4440 4531 4398
f 4398 4531 4480
f 4480 4531 4586
f 4480 4586 4532
f 4398 4480 4439
f 4439 4480 4530
f 4530 4480 4532
f 4439 4530 4496
f 4530 4532 4585
f 4530 4585 4496
f 4496 4585 4558
f 4439 4496 4369
f 4111 4176 3913
f 4111 3913 3950
f 3913 4176 3949
f 3913 3949 3302
f 3949 4176 4195
f 3302 3949 3914
f 3914 3949 4195
f 3914 4195 4177
f 3914 4177 3951
f 3951 4177 4112
f 3951 4112 3858
f 3858 4112 3953
f 3951 3858 3786
f 3786 3858 3546
f 3951 3786 3914
f 3786 3546 2945
f 3914 3786 3586
f 3786 2945 3345
f 3786 3345 3586
f 3586 3345 3194
f 3194 3345 2452
f 3194 2452 2366
f 2366 2452 1886
f 2366 1886 1933
f 3858 3953 3700
f 3858 3700 3546
f 3546 3700 3105
f 3546 3105 2899
f 2899 3105 2268
f 2899 2268 1979
f 1979 2268 1462
f 1979 1462 1412
f 1412 1462 1106
f 1106 1462 757
f 1106 757 684
f 684 757 4986
f 684 4986 5292
f 5292 4986 7027
f 3698 4255 3912
f 3700 3698 3105
f 3698 3912 3103
f 3698 3103 3105
f 3103 3912 3261
f 3103 3261 2214
f 3103 2214 2266
f 3103 2266 3105
f 3105 2266 2268
f 2266 2214 1214
f 1214 2214 2014
f 2268 2266 1361
f 1361 2266 1214
f 2268 1361 1462
f 1361 1214 564
f 1462 1361 757
f 1361 564 686
f 1361 686 757
f 686 564 5108
f 757 686 4986
f 686 5108 5109
f 686 5109 4986
f 5109 5108 6625
f 6625 5108 6514
f 4986 5109 6713
f 6713 5109 6625
f 4986 6713 6661
f 6661 6713 7447
f 6661 7447 7397
f 7397 7447 7995
f 6625 6514 7334
f 7334 6514 7335
f 7334 7335 8023
f 6713 6625 7395
f 6713 7395 7447
f 7395 6625 7334
f 7334 8023 8057
f 7334 8057 7395
f 7395 8057 8059
f 7395 8059 7447
f 8854 8057 8852
f 8057 8854 8059
f 8059 8854 8856
f 8059 8856 8858
f 7447 8059 8028
f 8028 8059 8858
f 7447 8028 7995
f 7995 8028 8858
f 7995 8858 8803
f 3546 2899 2945
f 2945 2899 1979
f 2945 1979 2016
f 2945 2016 3345
f 3345 2016 2452
f 2016 1979 1412
f 2016 1412 1217
f 1217 1412 1106
f 2016 1217 1629
f 1886 2452 1629
f 1217 1106 646
f 646 1106 684
f 646 684 5292
f 1217 646 938
f 1217 938 1190
f 1217 1190 1629
f 1629 1190 1886
f 1886 1190 1414
f 1886 1414 1933
f 1414 1190 802
f 1414 802 966
f 966 802 779
f 802 1190 537
f 779 802 477
f 477 802 537
f 477 537 121
f 121 537 171
f 477 121 4920
f 477 4920 207
f 4920 121 5557
f 121 171 5163
f 121 5163 5557
f 5163 171 6325
f 5163 6325 5557
f 6325 171 5438
f 6325 5438 7027
f 5557 6325 6564
f 6325 7027 7164
f 6325 7164 6564
f 6564 7164 7207
f 3914 3586 3302
f 3302 3586 2823
f 2823 3586 3194
f 2823 3194 2212
f 2212 3194 1727
f 1727 3194 2366
f 1727 2366 1410
f 1410 2366 1933
f 1410 1933 1460
f 1460 1933 1414
f 1410 1460 1126
f 1460 1414 966
f 1126 1460 964
f 964 1460 966
f 1126 964 912
f 964 966 779
f 912 964 800
f 800 964 779
f 912 800 749
f 800 779 562
f 562 779 477
f 800 562 535
f 800 535 749
f 749 535 443
f 3302 2823 3913
f 3913 2823 3585
f 3913 3585 3950
f 3950 3585 3785
f 2823 2212 3585
f 3585 2212 3193
f 2212 1727 3193
f 3193 1727 2365
f 3193 2365 3344
f 3344 2365 2451
f 2365 1727 1410
f 2365 1410 1932
f 1932 1410 1126
f 1932 1126 1459
f 1932 1459 1885
f 1459 1126 912
f 1885 1459 1413
f 1885 1413 1628
f 1459 912 963
f 1459 963 1413
f 963 912 749
f 1628 1413 1189
f 1628 1189 1216
f 1413 963 965
f 1413 965 1189
f 963 749 799
f 963 799 965
f 799 749 443
f 799 443 534
f 965 799 778
f 778 799 534
f 1189 965 801
f 801 965 778
f 1189 801 937
f 778 534 561
f 561 534 202
f 561 202 204
f 778 561 476
f 778 476 801
f 937 801 536
f 536 801 476
f 937 536 645
f 536 476 120
f 536 120 170
f 536 170 645
f 170 120 5162
f 645 170 5369
f 5369 170 6324
f 645 5369 5291
f 5291 5369 7026
f 4111 3950 3952
f 3952 3950 3857
f 3952 3857 3545
f 3952 3545 3699
f 3699 3545 3104
f 3104 3545 2898
f 3104 2898 1978
f 3585 3193 3785
f 3785 3193 3344
f 3950 3785 3857
f 3857 3785 3545
f 3545 3785 3344
f 3545 3344 2944
f 3545 2944 2898
f 2944 3344 2451
f 2898 2944 2015
f 2015 2944 2451
f 2898 2015 1978
f 1978 2015 1411
f 2015 2451 1885
f 2015 1885 1628
f 2015 1628 1216
f 1885 2451 1932
f 1932 2451 2365
f 3104 1978 2267
f 2267 1978 1411
f 2267 1411 1461
f 1461 1411 1105
f 1461 1105 683
f 1461 683 756
f 756 683 4985
f 4985 683 5291
f 4985 5291 7026
f 4985 7026 6660
f 6660 7026 7604
f 6660 7604 7396
f 7396 7604 7994
f 7994 7604 8025
f 7994 8025 8802
f 2631 3411 1968
f 2631 1968 1277
f 1277 1968 824
f 2631 1277 468
f 2631 468 856
f 856 468 5199
f 5199 468 5534
f 5534 468 5977
f 5977 468 187
f 187 468 1277
f 187 1277 824
f 187 824 4728
f 4728 824 663
f 187 4728 6229
f 1968 1279 824
f 824 1279 1100
f 663 824 1100
f 4728 663 4957
f 4728 4957 6229
f 663 1100 554
f 663 554 4957
f 554 1100 929
f 929 1100 1234
f 6229 4957 6493
f 6229 6493 7155
f 6229 7155 7012
f 7012 7155 7816
f 6493 4957 6860
f 6493 6860 7155
f 6860 4957 5415
f 5415 4957 554
f 5415 554 6112
f 5415 6112 6860
f 6860 6112 7241
f 7272 5977 6928
f 7921 7155 6860
f 7921 6860 8015
f 8015 6860 7241
f 8015 7241 7433
f 7433 7241 6112
f 8015 7433 8246
f 8246 7433 7632
f 8246 7632 8277
f 7632 7433 6862
f 7632 6862 7065
f 7065 6862 5417
f 7065 5417 6180
f 8447 8712 9809
f 8447 9809 9424
f 9424 9809 10139
f 9809 8712 9855
f 10139 9809 10532
f 10532 9809 10601
f 10532 10601 10782
f 10601 9809 10446
f 10446 9809 9855
f 10446 9855 10273
f 10273 9855 9857
f 7433 6112 6862
f 6862 6112 151
f 151 6112 554
f 9010 9061 9731
f 9731 9061 9063
f 9731 9063 9645
f 9731 9645 10167
f 9731 10167 10273
f 10167 9645 10112
f 10167 10112 10374
f 10816 10479 10167
f 10816 10167 10573
f 10573 10167 10374
f 10573 10374 10719
f 10719 10374 10499
f 151 554 666
f 151 666 313
f 151 313 5417
f 5417 313 6180
f 6180 313 5432
f 313 666 719
f 313 719 5432
f 719 666 996
f 5432 719 410
f 5432 410 4907
f 4907 410 192
f 5417 6862 151
f 996 666 929
f 929 666 554
f 996 929 1234
f 996 1234 1282
f 1282 1234 1618
f 1618 1234 1756
f 1756 1234 1100
f 996 1282 719
f 719 1282 1057
f 1057 1282 1211
f 1211 1282 1568
f 1568 1282 1972
f 1972 1282 1618
f 1972 1618 1756
f 1057 1211 907
f 719 1057 775
f 775 1057 907
f 719 775 410
f 775 907 505
f 775 505 410
f 410 505 192
f 192 505 244
f 505 907 639
f 505 639 244
f 244 639 162
f 162 639 532
f 532 639 933
f 162 532 200
f 162 200 4978
f 532 933 910
f 910 933 1122
f 910 1122 1153
f 1972 1756 2164
f 1972 2164 2210
f 1972 2210 1927
f 1927 2210 1760
f 1760 2210 1929
f 1760 1929 1408
f 1408 1929 1356
f 1408 1356 1086
f 1086 1356 877
f 877 1356 753
f 877 753 621
f 621 753 84
f 621 84 25
f 25 84 6394
f 1972 1927 1568
f 1568 1927 1571
f 1571 1927 1760
f 1571 1760 1408
f 1568 1571 1122
f 1568 1122 1211
f 1211 1122 907
f 907 1122 933
f 907 933 639
f 1122 1571 1184
f 1184 1571 1408
f 1184 1408 1060
f 1060 1408 1086
f 1060 1086 877
f 1184 1060 1033
f 1122 1184 1186
f 1186 1184 1033
f 1186 1033 830
f 1122 1186 1153
f 1186 830 968
f 1153 1186 936
f 936 1186 968
f 936 968 567
f 1153 936 910
f 936 567 566
f 910 936 676
f 910 676 532
f 936 566 325
f 936 325 676
f 325 566 5111
f 532 676 200
f 200 676 325
f 200 325 5160
f 200 5160 5786
f 200 5786 4978
f 1213 2213 1360
f 1213 1360 685
f 1213 685 563
f 685 1360 756
f 756 1360 1461
f 685 756 4985
f 563 685 5110
f 5110 685 4985
f 563 5110 5107
f 5110 4985 6660
f 5107 5110 6659
f 6659 5110 6660
f 1355 1213 563
f 1355 563 679
f 679 563 5107
f 1356 679 753
f 753 679 4753
f 4753 679 5107
f 753 4753 84
f 4753 5107 6624
f 6624 5107 6659
f 6624 6659 7446
f 4753 6624 6513
f 4753 6513 84
f 6513 6624 7394
f 84 6513 6394
f 6513 7394 7333
f 6513 7333 6394
f 7333 7394 8058
f 6394 7333 7313
f 7313 7333 8056
f 7313 8056 8022
f 8022 8056 8853
f 1060 877 1033
f 1033 877 680
f 1033 680 830
f 621 25 680
f 680 25 281
f 680 281 830
f 830 281 445
f 830 445 968
f 968 445 567
f 445 281 5869
f 5869 281 6710
f 5869 6710 7444
f 5869 7444 7208
f 7208 7444 8097
f 445 5869 5226
f 5226 5869 7208
f 445 5226 567
f 5226 7208 7028
f 567 5226 4987
f 4987 5226 7028
f 567 4987 566
f 566 4987 5111
f 5111 4987 6947
f 6947 4987 7028
f 5111 6947 6981
f 6947 7028 8024
f 8024 7028 8021
f 6947 8024 8061
f 680 877 621
f 281 25 6710
f 6710 25 6394
f 6710 6394 7313
f 6710 7313 7444
f 7444 7313 8097
f 8097 7313 8022
f 8097 8022 8851
f 8097 8851 8849
f 8849 8851 9829
f 8849 9829 9708
f 9708 9829 10178
f 10178 9829 10342
f 10178 10342 10763
f 10178 10763 10640
f 10640 10763 10889
f 10640 10889 10826
f 10826 10889 10874
f 10874 10889 10948
f 10874 10948 10860
f 10860 10948 10986
f 10860 10986 10885
f 10885 10986 10946
f 10946 10986 11014
f 10946 11014 10950
f 10950 11014 11020
f 10950 11020 10930
f 10930 11020 10999
f 10930 10999 10782
f 10782 10999 10900
f 7333 8058 8056
f 8056 8058 8855
f 7394 6624 7446
f 6659 7396 7446
f 7446 7396 7994
f 7394 7446 8026
f 8026 7446 7994
f 8026 7994 8802
f 7394 8026 8058
f 8026 8802 8857
f 8026 8857 8058
f 8058 8857 8855
f 7396 6659 6660
f 8857 8802 9789
f 8857 9789 9787
f 9787 9789 10350
f 8857 9787 8855
f 9787 10350 10348
f 8855 9787 9833
f 9833 9787 10348
f 8855 9833 8853
f 9833 10348 10346
f 9833 10346 9831
f 9833 9831 8853
f 9831 10346 10344
f 8853 9831 8851
f 8853 8851 8022
f 8851 9831 9829
f 9829 9831 10344
f 9829 10344 10342
f 8056 8855 8853
f 8097 8849 8021
f 8097 8021 7208
f 7208 8021 7028
f 162 4978 278
f 278 4978 4979
f 4979 4978 5786
f 278 4979 378
f 4979 5786 5787
f 5787 5786 6622
f 5787 6622 5939
f 4979 5787 4914
f 4979 4914 378
f 4914 5787 5939
f 378 4914 441
f 4914 5939 4916
f 4914 4916 441
f 4916 5939 6070
f 441 4916 440
f 4916 6070 4917
f 4916 4917 440
f 440 4917 414
f 4917 6070 6127
f 414 4917 5035
f 5035 4917 6127
f 5035 6127 6243
f 5035 6243 5104
f 5104 6243 6391
f 5104 6391 5222
f 5222 6391 6448
f 162 278 244
f 244 278 439
f 439 278 378
f 439 378 592
f 592 378 673
f 592 673 671
f 673 378 441
f 671 673 670
f 673 441 723
f 673 723 670
f 723 441 440
f 670 723 619
f 723 440 414
f 619 723 638
f 638 723 414
f 619 638 527
f 527 638 531
f 531 638 414
f 527 531 314
f 314 531 345
f 531 414 323
f 531 323 345
f 323 414 5035
f 323 5035 5104
f 323 5104 163
f 323 163 345
f 163 5104 5222
f 163 5222 5437
f 163 5437 4847
f 163 4847 345
f 345 4847 4748
f 4748 4847 5554
f 5554 4847 5647
f 5786 5160 6393
f 5786 6393 6622
f 6393 5160 6011
f 6011 5160 325
f 6622 6393 7312
f 6622 7312 7311
f 7311 7312 8096
f 7311 8096 8095
f 8095 8096 9126
f 8095 9126 9022
f 8096 7312 8136
f 7312 6393 7247
f 7312 7247 8136
f 7247 6393 6011
f 8136 7247 8137
f 8137 7247 7120
f 7120 7247 6011
f 8137 7120 8100
f 8100 7120 6981
f 7120 6011 5558
f 7120 5558 6981
f 5558 6011 325
f 6981 5558 5111
f 5111 5558 325
f 6981 6947 8061
f 8100 6981 8061
f 8100 8061 9322
f 8100 9322 8137
f 9322 8061 9218
f 9218 8061 8024
f 9322 9218 10041
f 9218 8024 9025
f 9218 9025 9827
f 9218 9827 10041
f 9025 8024 8799
f 8799 8024 8021
f 8799 8021 8849
f 8799 8849 9708
f 8799 9708 9609
f 8799 9609 9827
f 9827 9609 10151
f 10151 9609 10178
f 9827 10151 10244
f 10244 10151 10732
f 10244 10732 10541
f 10732 10151 10663
f 10663 10151 10640
f 10125 10041 10541
f 10041 10125 9322
f 10125 10541 10722
f 9322 10125 9284
f 9322 9284 8137
f 8137 9284 8136
f 10125 10722 10072
f 10125 10072 9284
f 10072 10722 10665
f 10072 10665 9979
f 10072 9979 9217
f 10072 9217 9284
f 9284 9217 8136
f 8136 9217 8096
f 8096 9217 9126
f 9827 9025 8799
f 9708 10178 9609
f 10041 9827 10244
f 10041 10244 10541
f 10763 10342 10344
f 10763 10344 10765
f 10763 10765 10889
f 10889 10765 10891
f 10889 10891 10948
f 10765 10344 10734
f 10765 10734 10891
f 10734 10344 10737
f 10737 10344 10346
f 10891 10734 10894
f 10894 10734 10737
f 10948 10891 10962
f 10962 10891 10894
f 10948 10962 10986
f 10737 10346 10739
f 10739 10346 10348
f 10739 10348 10741
f 10741 10348 10350
f 10739 10741 10908
f 10739 10908 10737
f 10908 10741 10876
f 10908 10876 10965
f 10908 10965 10980
f 10980 10965 10993
f 10737 10908 10906
f 10906 10908 10980
f 10737 10906 10894
f 10980 10993 11018
f 10894 10906 10978
f 10894 10978 10962
f 10906 10980 10991
f 10906 10991 10978
f 10980 11018 11036
f 10980 11036 10991
f 10991 11036 10978
f 11036 11018 11026
f 11036 11026 11046
f 11036 11046 11034
f 11036 11034 10978
f 11034 11046 11054
f 11007 10962 10978
f 11007 10978 11034
f 10962 11007 10986
f 10986 11007 11014
f 11014 11007 11024
f 11024 11007 11034
f 11014 11024 11020
f 11040 11034 11054
f 11034 11040 11024
f 11040 11054 11056
f 11040 11056 11042
f 11040 11042 11032
f 11040 11032 11024
f 11024 11032 11020
f 11020 11032 11011
f 11020 11011 10999
f 10640 10151 10178
f 10663 10640 10826
f 10663 10826 10888
f 10663 10888 10732
f 10888 10826 10903
f 10903 10826 10874
f 10903 10874 10860
f 10903 10860 10808
f 10888 10903 10932
f 10932 10903 10808
f 10888 10932 10953
f 10932 10808 10902
f 10932 10902 10953
f 10902 10808 10634
f 10902 10634 10479
f 10953 10902 10969
f 10902 10479 10816
f 10902 10816 10969
f 10969 10816 10904
f 10904 10816 10719
f 10719 10816 10573
f 10732 10888 10953
f 10732 10953 10851
f 10732 10851 10541
f 10541 10851 10933
f 10933 10851 10969
f 10541 10933 10722
f 10851 10953 10969
f 10665 10722 10933
f 10665 10933 10875
f 10875 10933 10969
f 10875 10969 10904
f 10875 10904 10719
f 10665 10875 10379
f 10665 10379 9979
f 10875 10719 10691
f 10875 10691 10379
f 10691 10719 10377
f 10377 10719 10499
f 10691 10377 10122
f 10691 10122 10379
f 10379 10122 9753
f 9871 9979 10379
f 9871 10379 9753
f 9979 9871 9217
f 9871 9753 9022
f 9217 9871 9126
f 9126 9871 9022
f 10122 10377 10150
f 10150 10377 10539
f 10539 10377 10499
f 10539 10499 10690
f 10638 10539 10690
f 10638 10690 10730
f 10730 10690 10635
f 10730 10635 10603
f 10603 10635 10373
f 10635 10690 10572
f 10572 10690 10499
f 10572 10499 10374
f 10373 10635 10410
f 10410 10635 10572
f 10373 10410 10058
f 10058 10410 10057
f 10410 10572 10291
f 10291 10572 10374
f 10410 10291 10057
f 10291 10374 10112
f 10057 10291 9774
f 9774 10291 10112
f 9774 10112 9645
f 10603 10373 10036
f 10036 10373 9730
f 10057 9774 9463
f 10057 9463 9499
f 9499 9463 8714
f 9463 9774 9012
f 9463 9012 8835
f 9012 9774 9645
f 9645 9063 9012
f 10273 10167 10496
f 10496 10167 10479
f 10273 10496 10446
f 10496 10479 10634
f 10446 10496 10715
f 10496 10634 10758
f 10496 10758 10715
f 10446 10715 10839
f 10446 10839 10601
f 10601 10839 10782
f 10782 10839 10930
f 10930 10839 10950
f 10839 10715 10873
f 10839 10873 10950
f 10873 10715 10758
f 10950 10873 10946
f 10873 10758 10858
f 10873 10858 10946
f 10858 10758 10634
f 10946 10858 10885
f 10858 10634 10808
f 10858 10808 10885
f 10885 10808 10860
f 7436 6971 6934
f 7436 6934 7391
f 6934 6971 6506
f 6934 6506 6505
f 6506 6971 6440
f 9463 8835 8714
f 10057 9499 10058
f 10058 9499 9346
f 9346 9499 8715
f 8715 9499 8714
f 9346 8715 8716
f 9346 8716 9387
f 9387 8716 8717
f 9387 8717 9388
f 9387 9388 9812
f 9388 8717 8718
f 9388 8718 9389
f 9389 8718 8583
f 8583 8718 7992
f 8583 7992 7896
f 8583 7896 8507
f 8507 7896 7736
f 10058 9346 9730
f 10058 9730 10373
f 7439 7391 6935
f 9346 9387 9730
f 9730 9387 9860
f 9730 9860 10036
f 9860 9387 9812
f 10036 9860 9973
f 9973 9860 9812
f 10036 9973 10117
f 9388 9389 9812
f 9812 9389 9813
f 9973 9812 9932
f 9932 9812 9813
f 9973 9932 10010
f 10538 10117 10010
f 10538 10010 10339
f 10339 10010 10067
f 10067 10010 9932
f 10339 10067 10240
f 9932 9813 9898
f 9932 9898 10067
f 9898 9813 9814
f 10240 10067 10116
f 10116 10067 9898
f 9898 9814 9948
f 9898 9948 10116
f 9948 9814 9733
f 10116 9948 10143
f 10116 10143 10090
f 9948 9733 10063
f 9948 10063 10143
f 10063 9733 9591
f 10143 10063 10169
f 10169 10063 10062
f 10169 10062 10115
f 10115 10062 10009
f 10115 10009 10066
f 6935 7391 6973
f 6973 7391 6934
f 6973 6934 6505
f 6504 6505 5693
f 6504 5693 5627
f 6504 5627 6503
f 6503 5627 5624
f 6503 5624 6555
f 6555 5624 5620
f 6555 5620 6554
f 6554 5620 5685
f 70 4787 411
f 411 4787 4905
f 4907 157 4905
f 4905 157 411
f 411 157 244
f 411 244 439
f 70 411 559
f 559 411 439
f 70 559 671
f 559 439 592
f 559 592 671
f 157 4907 192
f 244 157 192
f 6503 6555 6896
f 6896 6555 6554
f 6896 6554 6894
f 6894 6554 6498
f 6498 6554 5685
f 9389 8583 9275
f 9275 8583 8507
f 9389 9275 9813
f 9813 9275 9814
f 9814 9275 9067
f 9067 9275 8507
f 9814 9067 9733
f 9733 9067 9066
f 9733 9066 9591
f 9067 8507 8450
f 6437 6060 6310
f 6310 6060 5846
f 6310 5846 6239
f 5846 6060 5201
f 5201 6060 5838
f 6239 5846 5639
f 5639 5846 5201
f 6239 5639 5554
f 6239 5554 6240
f 5554 5639 4748
f 5639 5201 4841
f 5639 4841 4748
f 4841 5201 314
f 4841 314 4748
f 4748 314 345
f 314 5201 4828
f 314 4828 64
f 314 64 527
f 527 64 619
f 5838 6498 5685
f 5647 4847 5437
f 5554 5647 6317
f 5714 5647 5437
f 7202 6447 7201
f 7201 6447 6448
f 7201 6448 7117
f 7117 6448 6391
f 7117 6391 7023
f 7023 6391 6243
f 7023 6243 6937
f 6937 6243 6127
f 6937 6127 6864
f 6864 6127 6070
f 6864 6070 6777
f 6777 6070 5939
f 6777 5939 6622
f 7117 7023 7639
f 7117 7639 7754
f 7117 7754 7201
f 7639 7023 7563
f 7563 7023 6937
f 7563 6937 7526
f 7526 6937 6864
f 7526 6864 7443
f 7443 6864 6777
f 7443 6777 6622
f 7443 6622 7311
f 7443 7311 8095
f 8175 8095 9022
f 10013 10093 10638
f 7201 7754 7784
f 7201 7784 7202
f 8888 8458 8970
f 8889 8888 9167
f 8889 9167 9016
f 9016 9167 9437
f 9738 10009 9541
f 9541 10009 10062
f 9541 10062 9591
f 9591 10062 10063
f 10169 10069 9952
f 10143 10169 9952
f 10143 9952 10090
f 10240 10116 10090
f 10240 10090 10172
f 10240 10172 10339
f 10090 9952 10012
f 10090 10012 10172
f 10339 10172 10340
f 10339 10340 10503
f 10340 10172 9939
f 10339 10503 10538
f 10538 10503 10638
f 10538 10638 10730
f 9939 10172 9786
f 9786 10172 10012
f 9786 10012 9556
f 9556 10012 9356
f 9356 10012 9868
f 9868 10012 9952
f 9356 9868 9655
f 9655 9868 9952
f 10340 9939 10503
f 10503 9939 10013
f 10503 10013 10638
f 10538 10730 10448
f 10448 10730 10603
f 10117 10538 10448
f 10117 10448 10036
f 10036 10448 10603
f 9973 10010 10117
f 1105 1411 1216
f 1216 1411 2015
f 1105 1216 645
f 1105 645 683
f 5291 683 645
f 1216 1189 937
f 1216 937 645
f 7026 5369 6324
f 476 561 204
f 476 204 206
f 476 206 120
f 120 206 4919
f 206 204 29
f 29 204 202
f 29 202 124
f 124 202 123
f 206 29 4805
f 4805 29 5042
f 4919 206 5040
f 5040 206 4805
f 5040 4805 5042
f 4919 5040 5556
f 5556 5040 5715
f 5040 5042 5227
f 5227 5042 4988
f 5227 4988 5371
f 169 123 202
f 169 202 534
f 123 169 125
f 169 534 443
f 125 169 203
f 203 169 443
f 125 203 30
f 203 443 535
f 203 535 205
f 203 205 30
f 205 535 562
f 205 562 207
f 207 562 477
f 30 205 4806
f 4806 205 207
f 4806 207 5041
f 30 4806 5043
f 4806 5041 5228
f 4806 5228 5043
f 5043 5228 5372
f 120 4919 5556
f 120 5556 5162
f 170 5162 6324
f 5162 5556 6563
f 6563 5556 5715
f 6563 5715 6626
f 5162 6563 6324
f 6324 6563 7206
f 7206 6563 7209
f 6324 7206 7163
f 6324 7163 7026
f 7206 7209 7652
f 7652 7209 7484
f 7652 7484 8029
f 7652 8029 8101
f 8101 8029 8687
f 8101 8687 8896
f 7652 8101 8141
f 8141 8101 8896
f 7652 8141 7650
f 8141 8896 9086
f 7650 8141 8139
f 8139 8141 9086
f 7650 8139 7606
f 8139 9086 8974
f 8139 8974 8025
f 8025 8974 8800
f 5040 5227 5715
f 5715 5227 5870
f 5870 5227 5371
f 5870 5371 6012
f 6012 5371 6078
f 6078 5371 5440
f 6078 5440 5442
f 5440 5371 4856
f 5440 4856 5442
f 6078 5442 6132
f 4856 5371 4988
f 6078 6132 6822
f 6078 6822 6820
f 6822 6132 6907
f 6907 6132 6452
f 446 4755 4856
f 446 4856 350
f 350 4856 4988
f 446 350 540
f 350 4988 208
f 540 350 418
f 418 350 208
f 540 418 568
f 568 418 478
f 478 418 381
f 208 4988 86
f 208 86 418
f 86 4988 5042
f 86 5042 29
f 418 86 326
f 326 86 29
f 418 326 381
f 326 29 124
f 326 124 381
f 381 124 123
f 5715 5870 6877
f 6877 5870 6012
f 5715 6877 6626
f 7209 6563 6626
f 7209 6626 6877
f 7209 6877 7484
f 6877 6012 6820
f 6820 6012 6078
f 7484 6877 7398
f 7398 6877 6820
f 7484 7398 7958
f 7484 7958 8029
f 7958 7398 7924
f 7398 6820 7357
f 7398 7357 7924
f 7357 6820 6822
f 7924 7357 7899
f 7357 6822 7359
f 7357 7359 7899
f 7899 7359 7903
f 7359 6822 6907
f 7359 6907 7400
f 7400 6907 6983
f 6983 6907 6452
f 7400 6983 7449
f 6983 6452 6566
f 6566 6452 6134
f 7449 6983 7030
f 7030 6983 6566
f 7030 6566 6628
f 7449 7030 7714
f 7714 7030 7281
f 7449 7714 8306
f 7714 7281 7365
f 6628 6566 6247
f 6247 6566 6134
f 6628 6247 6396
f 6396 6247 5872
f 7714 7365 7928
f 7714 7928 8306
f 7928 7365 7490
f 7928 7490 7492
f 8306 7928 7962
f 7962 7928 7492
f 8306 7962 8696
f 7962 7492 7367
f 7962 7367 7283
f 7962 7283 7254
f 7254 7283 7081
f 7254 7081 6830
f 7254 6830 6472
f 7254 6472 6334
f 6472 6830 6578
f 6334 6472 5377
f 6472 6578 6083
f 5377 6472 5562
f 5562 6472 6083
f 5562 6083 5792
f 5377 5562 132
f 5562 5792 5054
f 132 5562 4865
f 4865 5562 5054
f 132 4865 361
f 361 4865 5054
f 5054 5792 5116
f 5116 5792 5723
f 361 5054 177
f 177 5054 5116
f 132 361 513
f 5116 5723 5233
f 5233 5723 5874
f 361 177 626
f 361 626 513
f 5233 5874 5373
f 5373 5874 6014
f 5373 6014 5559
f 5559 6014 6080
f 5233 5373 93
f 93 5373 5559
f 5559 6080 5721
f 5721 6080 6187
f 5721 6187 5872
f 5559 5721 5044
f 5044 5721 5872
f 93 5559 4860
f 4860 5559 5044
f 5044 5872 5231
f 4860 5044 258
f 5044 5231 91
f 5044 91 258
f 91 5231 5229
f 5229 5231 5872
f 5229 5872 5719
f 5719 5872 6247
f 5719 6247 6134
f 5719 6134 5717
f 5229 5719 5165
f 5165 5719 5717
f 91 5229 4858
f 4858 5229 5165
f 5165 5717 88
f 5165 88 4858
f 88 5717 5112
f 4858 88 329
f 91 4858 449
f 449 4858 329
f 329 88 595
f 329 595 449
f 595 88 479
f 595 479 780
f 91 449 258
f 449 595 760
f 258 449 569
f 449 760 837
f 449 837 569
f 258 569 688
f 688 569 837
f 760 595 1007
f 760 1007 837
f 1007 595 917
f 917 595 780
f 917 780 1193
f 1193 780 1035
f 1193 1035 1242
f 1193 1242 1484
f 1484 1242 1809
f 1809 1242 1532
f 917 1193 1244
f 917 1244 1007
f 1244 1193 1667
f 1244 1667 1632
f 1244 1632 1679
f 1244 1679 1323
f 1323 1679 1486
f 1007 1244 1091
f 1323 1486 1091
f 1323 1091 1244
f 1007 1091 837
f 837 1091 943
f 943 1091 1195
f 837 943 688
f 943 1195 1069
f 943 1069 688
f 1069 1195 1327
f 1069 1327 1490
f 1069 1490 1197
f 1197 1490 1730
f 688 1069 809
f 1197 1730 1329
f 1329 1730 1772
f 1069 1197 921
f 1069 921 809
f 1197 1329 1043
f 1197 1043 921
f 1043 1329 1107
f 1107 1329 1375
f 921 1043 603
f 921 603 809
f 1043 1107 731
f 1043 731 603
f 731 1107 840
f 731 840 511
f 511 840 626
f 731 511 360
f 731 360 603
f 511 626 177
f 511 177 360
f 360 177 5116
f 360 5116 215
f 360 215 603
f 215 5116 5233
f 215 5233 93
f 215 93 603
f 483 809 603
f 483 603 93
f 809 483 688
f 483 93 359
f 483 359 688
f 359 93 4860
f 688 359 258
f 258 359 4860
f 885 810 626
f 626 810 513
f 810 885 1045
f 1045 885 1140
f 513 810 1047
f 1432 1140 1375
f 1140 1432 1254
f 1140 1254 1045
f 1254 1432 1539
f 810 1045 1219
f 810 1219 1047
f 1219 1045 1254
f 813 513 1047
f 513 813 132
f 132 813 515
f 813 1047 1442
f 1442 1047 1219
f 515 813 1142
f 1142 813 1442
f 515 1142 867
f 867 1142 1261
f 1261 1142 1588
f 1588 1142 1442
f 1442 1219 1502
f 1502 1219 1254
f 1442 1502 1909
f 1502 1254 1734
f 1502 1734 1909
f 1734 1254 1539
f 1734 1539 1901
f 1734 1901 1909
f 1901 1539 1693
f 1909 1901 2245
f 1909 2245 2514
f 7163 7206 7650
f 7650 7206 7652
f 7163 7650 7606
f 7163 7606 7026
f 7026 7606 7604
f 7604 7606 8025
f 8025 7606 8139
f 8025 8800 8802
f 8802 8800 9789
f 9789 8800 9754
f 9789 9754 10246
f 9789 10246 10350
f 8800 8974 9872
f 8800 9872 9754
f 9872 8974 10015
f 10015 8974 9086
f 10015 9086 9981
f 9754 9872 10246
f 10246 9872 10452
f 10452 9872 10015
f 10246 10452 10583
f 10583 10452 10785
f 10785 10452 10542
f 10785 10542 10827
f 10785 10827 10863
f 10863 10827 10920
f 10246 10583 10350
f 10350 10583 10741
f 10741 10583 10785
f 10876 10741 10785
f 10876 10785 10965
f 10965 10785 10863
f 10542 10452 10015
f 10965 10863 10920
f 10965 10920 10993
f 10993 10920 11009
f 10542 10015 10297
f 10297 10015 9981
f 10542 10297 10295
f 10295 10297 9981
f 10542 10295 10581
f 10542 10581 10827
f 10581 10295 10247
f 10247 10295 10095
f 10247 10095 9980
f 9980 10095 9835
f 9835 10095 9908
f 9835 9908 9485
f 9485 9908 9560
f 9485 9560 9250
f 9250 9560 9323
f 9250 9323 9088
f 9088 9323 9172
f 10841 10827 10581
f 10827 10841 10920
f 10920 10841 10937
f 10937 10841 10918
f 10918 10841 10762
f 10918 10762 10825
f 10762 10841 10580
f 10295 9981 10095
f 10095 9981 9908
f 10581 10247 10580
f 10581 10580 10841
f 10580 10247 10296
f 10296 10247 9980
f 10580 10296 10582
f 10580 10582 10762
f 10296 9980 10096
f 10096 9980 9909
f 10296 10096 10298
f 10296 10298 10582
f 9909 9980 9835
f 9909 9835 9561
f 9561 9835 9485
f 9561 9485 9324
f 9324 9485 9250
f 9324 9250 9174
f 9174 9250 9088
f 9174 9088 8939
f 9174 8939 8981
f 8981 8939 8865
f 10543 10582 10298
f 10582 10543 10842
f 10582 10842 10762
f 10762 10842 10825
f 10825 10842 10919
f 10919 10842 10938
f 10938 10842 10921
f 10921 10842 10828
f 10828 10842 10543
f 10921 10828 10864
f 10864 10828 10786
f 10786 10828 10453
f 10453 10828 10543
f 10453 10543 10016
f 10920 10937 11009
f 11009 10937 10918
f 11009 10918 10989
f 10989 10918 10964
f 10964 10918 10955
f 10964 10955 10919
f 10919 10955 10825
f 10964 10919 10990
f 10990 10919 11010
f 11010 10919 10938
f 11010 10938 10921
f 11010 10921 10994
f 10993 11009 11026
f 10993 11026 11018
f 11026 11009 10989
f 11026 10989 11016
f 11016 10989 10988
f 11016 10988 11038
f 10988 10989 10964
f 11046 11026 11038
f 11016 11038 11026
f 11050 11038 10976
f 11050 10976 11006
f 10976 11038 10988
f 10988 10964 10990
f 10988 10990 11017
f 10988 11017 10976
f 11017 10990 11027
f 11027 10990 11010
f 10976 11017 11039
f 11039 11017 11027
f 10976 11039 11006
f 11027 11010 10994
f 11006 11039 11051
f 11006 11051 11013
f 11051 11039 11047
f 11047 11039 11027
f 11013 11051 11053
f 11013 11053 11001
f 11001 11053 11045
f 11047 11027 11037
f 11037 11027 11019
f 11019 11027 10994
f 11019 10994 10981
f 10981 10994 10966
f 10955 10918 10825
f 10298 10096 9982
f 9982 10096 9909
f 10543 10298 10016
f 10016 10298 9982
f 9982 9909 9612
f 9612 9909 9249
f 9249 9909 9561
f 9612 9249 8897
f 9612 8897 9982
f 8897 9249 8688
f 9249 9561 9028
f 9249 9028 8688
f 9028 9561 9324
f 8688 9028 8519
f 8688 8519 7959
f 9028 9324 8860
f 9028 8860 8519
f 8860 9324 9174
f 7959 8519 8421
f 8421 8519 8860
f 7959 8421 7925
f 8860 9174 8981
f 7925 8421 7900
f 8860 8981 8727
f 8421 8860 8344
f 8344 8860 8727
f 8421 8344 7900
f 8727 8981 8653
f 8727 8653 8344
f 8653 8981 8865
f 8344 8653 8380
f 8344 8380 7904
f 8344 7904 7900
f 7904 8380 7950
f 7904 7950 7450
f 7904 7450 7401
f 7904 7401 7900
f 7900 7401 7360
f 7900 7360 7358
f 9560 9908 9248
f 9560 9248 9323
f 9323 9248 9027
f 9027 9248 8687
f 9323 9027 9172
f 9027 8687 8518
f 9172 9027 8859
f 8859 9027 8518
f 9172 8859 8980
f 8029 7958 8518
f 8518 7958 8420
f 8518 8420 8859
f 8420 7958 7924
f 8420 7924 7899
f 8859 8420 8726
f 8859 8726 8980
f 8420 7899 8343
f 8420 8343 8726
f 8980 8726 8864
f 8980 8864 8940
f 8864 8726 8652
f 8652 8726 8343
f 8652 8343 8379
f 8343 7899 7903
f 8343 7903 8379
f 8379 7903 7949
f 7949 7903 7400
f 7400 7903 7359
f 7949 7400 7449
f 9088 9172 8980
f 9088 8980 8939
f 8939 8980 8940
f 8939 8940 8865
f 8865 8940 9288
f 9288 8940 9370
f 9370 8940 8864
f 9370 8864 9287
f 9288 9370 9670
f 9670 9370 9715
f 9715 9370 9287
f 9288 9670 9521
f 9715 9287 9714
f 9714 9287 9179
f 9714 9179 9520
f 9180 8865 9288
f 9180 9288 9521
f 8865 9180 8653
f 8653 9180 8380
f 8380 9180 8768
f 8768 9180 9521
f 8768 9521 9290
f 8768 9290 8697
f 8768 8697 8307
f 8307 8697 7963
f 8768 8307 8380
f 8380 8307 7950
f 7950 8307 7715
f 7950 7715 7450
f 7715 8307 7929
f 7450 7715 7031
f 7715 7929 7491
f 7031 7715 7282
f 7715 7491 7366
f 7715 7366 7282
f 9287 8864 8652
f 9287 8652 9179
f 9179 8652 8767
f 9179 8767 9520
f 8767 8652 8379
f 9520 8767 9289
f 8767 8379 8306
f 8767 8306 9289
f 9289 8306 8696
f 8306 8379 7949
f 8306 7949 7449
f 8029 8518 8687
f 8896 8687 9248
f 8896 9248 9611
f 8896 9611 9086
f 9611 9248 9908
f 9611 9908 9981
f 9086 9611 9981
f 2326 2327 2382
f 2382 2327 2383
f 2326 2382 2461
f 2327 2326 2464
f 2327 2464 2388
f 2464 2326 2387
f 2387 2326 2222
f 2387 2222 2325
f 2387 2325 2468
f 2464 2387 2641
f 2388 2464 2549
f 2388 2549 2389
f 2389 2549 2645
f 2645 2549 2846
f 2464 2641 2706
f 2464 2706 2549
f 2706 2641 2840
f 2846 2549 2774
f 2774 2549 2706
f 2846 2774 3072
f 2774 2706 2911
f 2911 2706 2840
f 2774 2911 3010
f 3010 2911 3175
f 2911 2840 3068
f 3068 2840 2961
f 3068 2961 3067
f 3212 3175 3068
f 3212 3068 3067
f 3175 3212 3312
f 3212 3067 3208
f 3312 3212 3306
f 3306 3212 3208
f 3306 3208 3388
f 3306 3388 3420
f 3388 3208 3265
f 3420 3388 3547
f 3388 3265 3305
f 3547 3388 3418
f 3418 3388 3305
f 3547 3418 3587
f 3418 3305 3307
f 3587 3418 3457
f 3457 3418 3307
f 3587 3457 3588
f 3457 3307 3308
f 3588 3457 3419
f 3419 3457 3308
f 3588 3419 3589
f 3419 3308 3266
f 3589 3419 3389
f 3389 3419 3266
f 3589 3389 3548
f 3389 3266 3210
f 3548 3389 3421
f 3421 3389 3309
f 3309 3389 3210
f 3309 3210 3214
f 3313 3421 3214
f 3214 3210 3070
f 3214 3070 2962
f 3313 3214 3176
f 3214 2962 3071
f 3214 3071 3176
f 3071 2962 2843
f 3071 2843 2912
f 3176 3071 3012
f 3012 3071 2912
f 2912 2843 2708
f 2912 2708 3012
f 2708 2843 2642
f 3176 3012 3269
f 3176 3269 3391
f 3269 3012 3073
f 3073 3012 2847
f 2847 3012 2775
f 2775 3012 2708
f 2847 2775 2648
f 2708 2642 2391
f 2648 2775 2550
f 2550 2775 2708
f 2393 2467 2648
f 2393 2648 2550
f 2393 2550 2392
f 2392 2550 2330
f 2550 2708 2466
f 2550 2466 2330
f 2466 2708 2391
f 2466 2391 2330
f 2330 2391 2329
f 2329 2391 2223
f 2223 2391 2328
f 2328 2391 2469
f 2383 2327 2388
f 2383 2388 2377
f 2377 2388 2389
f 2377 2389 2378
f 2383 2377 2541
f 2383 2541 2544
f 2544 2541 2764
f 2764 2541 2762
f 2762 2541 2701
f 2377 2378 2374
f 2374 2378 2323
f 2377 2374 2458
f 2458 2374 2701
f 2374 2323 2321
f 2374 2321 2370
f 2382 2383 2544
f 2382 2544 2461
f 2461 2544 2703
f 2326 2461 2387
f 2461 2703 2644
f 2461 2644 2387
f 2644 2703 2839
f 2544 2764 2703
f 2839 2703 2905
f 2905 2703 2764
f 2839 2905 3063
f 2839 3063 2963
f 2963 3063 3066
f 2905 2764 2958
f 2905 2958 3063
f 3066 3063 3173
f 3066 3173 3211
f 3211 3173 3303
f 3303 3173 3205
f 3063 2958 3115
f 3115 2958 3113
f 2762 2958 2764
f 3113 2958 2956
f 2956 2958 2762
f 2956 2762 2701
f 2701 2541 2458
f 2458 2541 2377
f 2956 2701 2832
f 2956 2832 3113
f 3113 2832 2954
f 3113 2954 3203
f 2832 2701 2699
f 2832 2699 2954
f 2699 2701 2537
f 2537 2701 2374
f 2537 2374 2370
f 2537 2370 2699
f 3203 2954 3058
f 3203 3058 3346
f 2954 2699 2828
f 3058 2954 2951
f 2951 2954 2828
f 3346 3058 3171
f 3171 3058 2951
f 3346 3171 3199
f 3346 3199 3383
f 3171 2951 3000
f 3171 3000 3055
f 3171 3055 3199
f 3199 3055 3110
f 2696 2951 2828
f 2696 2828 2699
f 2951 2696 2826
f 2951 2826 2948
f 2696 2699 2533
f 2533 2699 2370
f 2826 2696 2453
f 2453 2696 2533
f 2826 2453 2693
f 2826 2693 2946
f 2533 2370 2317
f 2533 2317 2453
f 2693 2453 2531
f 2693 2531 2946
f 2453 2317 2115
f 2453 2115 2271
f 2453 2271 2531
f 2317 2370 2215
f 2317 2215 2021
f 2317 2021 2115
f 2215 2370 2166
f 2166 2370 2321
f 2021 2215 1980
f 1980 2215 2166
f 2115 2021 1667
f 1667 2021 1980
f 2115 1667 1843
f 1667 1980 1632
f 1632 1980 1679
f 2166 2321 2168
f 2166 2168 1980
f 2168 2321 2323
f 1679 1980 1982
f 1982 1980 2168
f 1679 1982 1811
f 1679 1811 1486
f 1982 2168 2276
f 1982 2276 2080
f 2168 2323 2395
f 2168 2395 2276
f 2395 2323 2378
f 2395 2378 2465
f 2080 2276 2331
f 2331 2276 2395
f 2080 2331 2171
f 2395 2465 2651
f 2331 2395 2551
f 2551 2395 2651
f 2171 2331 2555
f 2555 2331 2551
f 2645 2651 2389
f 2651 2645 2846
f 2651 2846 2848
f 2651 2848 2551
f 2848 2846 3072
f 2551 2848 2776
f 2551 2776 2555
f 2776 2848 3076
f 3076 2848 3072
f 2776 3076 2965
f 2776 2965 2555
f 2965 3076 3219
f 3219 3076 3072
f 2555 2965 2853
f 2853 2965 3124
f 3352 3124 3219
f 3352 3219 3390
f 3390 3219 3268
f 3268 3219 3072
f 3268 3072 3175
f 3175 3072 3010
f 3010 3072 2774
f 3013 2853 3124
f 3013 3124 3270
f 2853 3013 2967
f 2853 2967 2778
f 2853 2778 2555
f 2778 2967 2969
f 2969 2967 3129
f 2969 3129 3131
f 2778 2969 2713
f 2713 2969 2917
f 2555 2778 2398
f 2398 2778 2713
f 2713 2917 2715
f 2555 2398 2171
f 2713 2715 2401
f 2401 2715 2717
f 2398 2713 2333
f 2333 2713 2401
f 2171 2398 1985
f 1985 2398 2333
f 1985 2333 2401
f 2401 2717 2470
f 2401 2470 2280
f 2171 1985 1811
f 2401 2280 2133
f 2401 2133 1985
f 2133 2280 1988
f 1988 2280 2282
f 1985 2133 1854
f 1854 2133 1988
f 1811 1985 1687
f 1687 1985 1854
f 1811 1687 1486
f 1687 1854 1490
f 1490 1854 1988
f 1687 1490 1327
f 1490 1988 1730
f 1687 1327 1195
f 1687 1195 1486
f 1486 1195 1091
f 2028 1988 2282
f 1730 1988 1772
f 1772 1988 2028
f 1772 2028 1895
f 1772 1895 1778
f 1329 1772 1375
f 1375 1772 1581
f 1581 1772 1778
f 1581 1778 1693
f 1693 1778 1817
f 1693 1817 1901
f 1817 1778 1859
f 1859 1778 1857
f 1817 1859 2046
f 1817 2046 1998
f 2046 1859 2043
f 2046 2043 2298
f 2046 2298 1998
f 2043 1859 1899
f 1899 1859 1857
f 1998 2298 2302
f 1998 2302 1901
f 2302 2298 2610
f 1901 2302 2245
f 2302 2610 2734
f 2245 2302 2736
f 2736 2302 2734
f 2734 2610 3021
f 2734 3021 2736
f 2245 2736 2514
f 2514 2736 2974
f 2974 2736 3143
f 3143 2736 3021
f 3143 3021 3366
f 3366 3021 3278
f 3366 3278 3434
f 3366 3434 3517
f 3517 3434 3563
f 3517 3563 3685
f 3685 3563 3636
f 3685 3636 3798
f 3798 3636 3738
f 3798 3738 3844
f 3844 3738 3793
f 3793 3738 3681
f 3793 3681 3735
f 3681 3738 3557
f 3115 3113 3205
f 3115 3205 3063
f 3063 3205 3173
f 3205 3113 3203
f 3205 3203 3348
f 3205 3348 3303
f 3348 3203 3346
f 3303 3348 3350
f 3348 3346 3416
f 3348 3416 3350
f 3416 3346 3383
f 3350 3416 3385
f 3350 3385 3310
f 3416 3383 3454
f 3416 3454 3385
f 3454 3383 3413
f 3385 3454 3386
f 3454 3413 3455
f 3454 3455 3386
f 3455 3413 3414
f 3386 3455 3387
f 3455 3414 3456
f 3455 3456 3387
f 3456 3414 3415
f 3387 3456 3351
f 3351 3456 3417
f 3351 3417 3304
f 3211 3303 3350
f 3211 3350 3265
f 3066 3211 3118
f 3066 3118 3006
f 3118 3211 3207
f 3207 3211 3265
f 3207 3265 3262
f 2963 3066 3006
f 2963 3006 2904
f 2963 2904 2766
f 2963 2766 2839
f 2904 3006 2636
f 2904 2636 2766
f 2636 3006 2759
f 2759 3006 3118
f 2759 3118 3207
f 2759 3207 2830
f 2830 3207 3262
f 2543 2839 2766
f 2543 2766 2636
f 2839 2543 2644
f 2543 2636 2456
f 2456 2636 2020
f 2456 2020 1936
f 2644 2543 2376
f 2376 2543 2456
f 2644 2376 2387
f 2387 2376 2222
f 2376 2456 2273
f 2273 2456 1936
f 2376 2273 2121
f 2121 2273 1847
f 1847 2273 1936
f 1847 1936 1364
f 2636 2759 2073
f 2073 2759 2830
f 2636 2073 2020
f 2020 2073 1416
f 2020 1416 1362
f 1416 2073 1415
f 2073 2830 2116
f 2073 2116 1415
f 2116 2830 2902
f 2116 2902 2074
f 2074 2902 2831
f 2074 2831 2760
f 2116 2074 1417
f 2116 1417 1415
f 1415 1417 835
f 1415 835 833
f 835 1417 836
f 836 1417 1363
f 1363 1417 2074
f 2074 2760 2022
f 2074 2022 1363
f 2022 2760 2637
f 1363 2022 1365
f 2022 2637 2457
f 1365 2022 1937
f 1937 2022 2457
f 2376 2121 2222
f 2222 2121 2228
f 2222 2228 2325
f 2228 2121 1847
f 2228 1847 1889
f 2228 1889 2655
f 2655 1889 1984
f 1984 1889 1325
f 2655 1984 2082
f 2655 2082 2915
f 2082 1984 1427
f 1427 1984 1325
f 1427 1325 977
f 977 1325 941
f 2468 2325 2228
f 2387 2468 2641
f 2641 2468 2709
f 2641 2709 2840
f 2840 2709 2961
f 2961 2709 2844
f 2961 2844 3009
f 2961 3009 3067
f 3067 3009 3120
f 3067 3120 3208
f 3208 3120 3216
f 2468 2228 2655
f 2468 2655 2709
f 2709 2655 2844
f 2911 3068 3175
f 2389 2651 2465
f 2389 2465 2378
f 2071 2271 2115
f 2071 2115 1843
f 2271 2071 2531
f 2071 1843 1809
f 1809 1843 1484
f 2071 1809 2315
f 2071 2315 2531
f 2315 1809 2069
f 2315 2069 2368
f 2368 2069 1807
f 2368 1807 2067
f 2368 2067 2269
f 2368 2269 2633
f 2531 2315 2691
f 2691 2315 2368
f 2531 2691 2824
f 2531 2824 2946
f 2691 2368 2900
f 2900 2368 2633
f 2824 2691 3053
f 2824 3053 2946
f 3053 2691 2900
f 2946 3053 3106
f 2900 2633 2997
f 2900 2997 3053
f 2997 2633 2756
f 3053 2997 3165
f 1843 1667 1484
f 1484 1667 1193
f 2069 1809 1807
f 1809 1532 1807
f 1532 1242 1286
f 1532 1286 1807
f 1286 1242 1065
f 1807 1286 1630
f 1630 1286 1191
f 1191 1286 1065
f 1807 1630 1805
f 1807 1805 2067
f 2067 1805 1934
f 2067 1934 2269
f 1805 1630 1577
f 1805 1577 1934
f 1577 1630 1191
f 1934 1577 2018
f 2018 1577 1575
f 1577 1191 1154
f 1577 1154 1575
f 1575 1154 1131
f 1575 1131 1531
f 1131 1154 832
f 1131 832 865
f 1154 1191 864
f 1154 864 832
f 832 864 568
f 832 568 541
f 568 864 540
f 864 1191 915
f 864 915 540
f 915 1191 1065
f 540 915 446
f 446 915 1065
f 446 1065 803
f 803 1065 1242
f 803 1242 1035
f 803 1035 780
f 446 803 542
f 542 803 780
f 446 542 4755
f 542 780 254
f 542 254 4755
f 254 780 479
f 254 479 88
f 4755 254 5442
f 254 88 5112
f 254 5112 5442
f 5442 5112 6132
f 6132 5112 5717
f 1934 2018 2269
f 2269 2018 2313
f 2269 2313 2633
f 2313 2018 2017
f 2633 2313 2756
f 2313 2017 2367
f 2313 2367 2756
f 2367 2017 2019
f 2019 2017 1576
f 2019 1576 1578
f 2367 2019 2314
f 2314 2019 1935
f 2756 2367 2757
f 2757 2367 2314
f 2756 2757 2997
f 2997 2757 2998
f 2998 2757 2758
f 2758 2757 2314
f 2998 2758 2999
f 2999 2758 2634
f 2758 2314 2270
f 2270 2314 1935
f 2758 2270 2634
f 2270 1935 1806
f 2270 1806 2068
f 2270 2068 2634
f 2634 2068 2369
f 2018 1575 1531
f 2017 2018 1531
f 2017 1531 1576
f 1576 1531 1155
f 1576 1155 1192
f 1576 1192 1578
f 1192 1155 916
f 1531 1131 1155
f 1155 1131 865
f 865 832 541
f 568 478 541
f 541 478 419
f 419 478 381
f 541 419 351
f 419 381 327
f 327 381 123
f 327 123 125
f 327 125 87
f 327 87 419
f 87 125 30
f 87 30 5043
f 419 87 209
f 419 209 351
f 87 5043 4989
f 87 4989 209
f 4989 5043 5372
f 351 209 4857
f 4857 209 4989
f 351 4857 4756
f 4857 4989 5441
f 5441 4989 5372
f 4857 5441 5443
f 5441 5372 6079
f 5441 6079 6133
f 6079 5372 6013
f 6013 5372 5228
f 6013 5228 5871
f 5871 5228 5041
f 5871 5041 5716
f 5716 5041 5557
f 5557 5041 4920
f 4920 5041 207
f 4856 4755 5442
f 6132 5717 6452
f 6134 6452 5717
f 6396 5872 6187
f 1811 1982 2080
f 1811 2080 2171
f 3390 3268 3175
f 2965 3219 3124
f 3124 3352 3270
f 3354 3222 3270
f 3270 3222 3127
f 3354 3270 3422
f 3270 3127 3013
f 3013 3127 3129
f 3013 3129 2967
f 3422 3270 3459
f 3459 3270 3352
f 3422 3459 3551
f 3459 3352 3458
f 3458 3352 3390
f 3458 3390 3504
f 3551 3459 3549
f 3549 3459 3458
f 3551 3549 3669
f 3458 3504 3590
f 3458 3590 3549
f 3549 3590 3631
f 3631 3590 3666
f 3631 3666 3632
f 3666 3590 3628
f 3666 3628 3664
f 2715 2917 2855
f 2715 2855 2717
f 2855 2917 3015
f 2717 2855 2780
f 2855 3015 2857
f 2855 2857 2780
f 2717 2780 2657
f 2717 2657 2470
f 2780 2857 2719
f 3015 2917 3080
f 3080 2917 2969
f 3080 2969 3131
f 3017 2857 3015
f 2857 3017 2719
f 3015 3080 3133
f 3015 3133 3017
f 3080 3131 3178
f 3080 3178 3133
f 3178 3131 3226
f 3226 3131 3129
f 3226 3129 3224
f 3224 3129 3222
f 3178 3226 3275
f 3275 3226 3316
f 3178 3275 3228
f 3178 3228 3133
f 3133 3228 3135
f 3133 3135 3017
f 3017 3135 2919
f 2782 2719 3017
f 2719 2782 2563
f 2563 2782 2565
f 2563 2565 2481
f 2481 2565 2480
f 2480 2565 2663
f 2480 2663 2724
f 2563 2481 2478
f 2563 2478 2559
f 2563 2559 2719
f 2719 2559 2659
f 2719 2659 2780
f 2780 2659 2657
f 2659 2559 2560
f 2560 2559 2569
f 2659 2560 2557
f 2659 2557 2657
f 2557 2560 2474
f 2657 2557 2472
f 2657 2472 2470
f 2557 2474 2402
f 2557 2402 2472
f 2402 2474 2404
f 2402 2404 2286
f 2470 2472 2282
f 2470 2282 2280
f 2472 2402 2284
f 2472 2284 2282
f 2284 2402 2286
f 2282 2284 2028
f 2284 2286 2085
f 2284 2085 2028
f 2085 2286 2137
f 2028 2085 1895
f 2085 2137 1990
f 2085 1990 1895
f 1895 1990 1857
f 1895 1857 1778
f 3129 3127 3222
f 3226 3224 3316
f 3316 3224 3356
f 3356 3224 3272
f 3272 3224 3222
f 3228 3275 3358
f 3228 3358 3135
f 3358 3275 3392
f 3392 3275 3316
f 3392 3316 3426
f 3392 3426 3602
f 3392 3602 3509
f 3392 3509 3358
f 3358 3509 3465
f 3426 3316 3463
f 3463 3316 3356
f 3426 3463 3675
f 3463 3356 3507
f 3507 3356 3272
f 3463 3507 3675
f 3675 3507 3731
f 3675 3731 3861
f 3602 3426 3675
f 3602 3675 3733
f 3675 3861 3822
f 3675 3822 3733
f 3822 3861 3972
f 3733 3822 3933
f 3933 3822 3972
f 3933 3972 4030
f 4030 3972 4075
f 3933 4030 3954
f 3733 3933 3863
f 3863 3933 3954
f 3733 3863 3824
f 3824 3863 3954
f 3733 3824 3677
f 3824 3954 3896
f 3677 3824 3762
f 3762 3824 3896
f 3762 3896 3865
f 3272 3222 3314
f 3272 3314 3555
f 3555 3314 3424
f 3555 3424 3595
f 3272 3555 3507
f 3507 3555 3731
f 3731 3555 3760
f 3509 3602 3733
f 3509 3733 3677
f 3509 3677 3465
f 3465 3677 3634
f 3314 3222 3424
f 3424 3222 3354
f 3424 3354 3422
f 3424 3422 3461
f 3461 3422 3592
f 3592 3422 3551
f 3592 3551 3669
f 3592 3669 3702
f 3592 3702 3704
f 3461 3592 3598
f 3598 3592 3704
f 3461 3598 3553
f 3598 3704 3671
f 3598 3671 3553
f 3555 3595 3728
f 3555 3728 3760
f 3760 3728 3879
f 3760 3879 3731
f 3731 3879 3861
f 3879 3728 3859
f 3879 3859 3931
f 3879 3931 3990
f 3990 3931 3988
f 3990 3988 4095
f 3990 4095 4075
f 3990 4075 3972
f 3595 3424 3594
f 3594 3424 3461
f 3595 3594 3728
f 3728 3594 3727
f 3728 3727 3821
f 3728 3821 3859
f 3972 3861 3879
f 3972 3879 3990
f 3859 3821 3931
f 3634 3677 3762
f 3634 3762 3706
f 3706 3762 3865
f 3465 3634 3511
f 3511 3634 3706
f 3511 3706 3428
f 3428 3706 3679
f 3428 3679 3430
f 3430 3679 3681
f 3428 3430 3139
f 3428 3139 3137
f 3137 3139 2724
f 2724 3139 2726
f 3360 3358 3465
f 3360 3465 3511
f 3360 3511 3428
f 3358 3360 3230
f 3230 3360 3137
f 3137 3360 3428
f 3230 3137 3019
f 3019 3137 2724
f 3019 2724 2663
f 3019 2663 2919
f 3019 2919 3135
f 2919 2663 2565
f 2919 2565 2782
f 2919 2782 3017
f 3358 3230 3135
f 3135 3230 3019
f 2559 2478 2569
f 2569 2478 2571
f 2571 2478 2481
f 2571 2481 2484
f 2484 2481 2406
f 2569 2571 2666
f 2569 2666 2721
f 2569 2721 2661
f 2661 2721 2722
f 2569 2661 2560
f 2481 2480 2406
f 2571 2484 2410
f 2410 2484 2406
f 2571 2410 2487
f 2571 2487 2575
f 2571 2575 2666
f 2666 2575 2721
f 2410 2406 2409
f 2560 2661 2474
f 2474 2661 2567
f 2567 2661 2722
f 2474 2567 2476
f 2476 2567 2722
f 2476 2722 2572
f 2474 2476 2404
f 2476 2572 2412
f 2404 2476 2339
f 2339 2476 2412
f 2404 2339 2286
f 2339 2412 2176
f 2339 2176 2286
f 2176 2412 2290
f 2286 2176 2137
f 2176 2290 2144
f 2137 2176 1990
f 2176 2144 2032
f 2176 2032 1990
f 2032 2144 1940
f 1990 2032 1857
f 1857 2032 1940
f 1857 1940 1899
f 1899 1940 1994
f 1899 1994 1943
f 1899 1943 2040
f 1899 2040 2042
f 2042 2040 2188
f 2188 2040 2186
f 2188 2186 2343
f 2188 2343 2345
f 2345 2343 2599
f 2345 2599 2602
f 2186 2040 2094
f 2094 2040 1943
f 2094 1943 1996
f 1996 1943 2036
f 2094 1996 2092
f 2094 2092 2239
f 2721 2575 2667
f 2721 2667 2722
f 2722 2667 2668
f 2722 2668 2572
f 2668 2667 2232
f 2668 2232 2175
f 2232 2667 2234
f 2234 2667 2575
f 2234 2575 2233
f 2233 2575 2487
f 2233 2487 2180
f 2180 2487 2410
f 2180 2410 2139
f 2139 2410 2409
f 2572 2668 2576
f 2572 2576 2412
f 2576 2668 2175
f 2576 2175 2140
f 2140 2175 1466
f 2140 1466 2090
f 2140 2090 2412
f 2090 1466 1992
f 2090 1992 2412
f 1992 1466 1897
f 1897 1466 1815
f 1897 1815 2036
f 1897 2036 2143
f 2143 2036 2144
f 1992 1897 2237
f 2237 1897 2143
f 1992 2237 2412
f 2237 2143 2144
f 2412 2237 2290
f 2290 2237 2144
f 2576 2140 2412
f 2175 2232 1466
f 1466 2232 2234
f 2234 2233 1466
f 1466 2233 2180
f 1466 2180 2139
f 2139 2409 2417
f 2417 2409 2406
f 2139 2417 2493
f 2493 2417 2492
f 2492 2417 2490
f 2139 2493 1466
f 1466 2493 2583
f 1466 2583 2728
f 1466 2728 2785
f 2417 2406 2490
f 2490 2406 2480
f 2493 2492 2583
f 2583 2492 2582
f 2582 2492 2499
f 2498 2590 2499
f 2499 2590 2588
f 2499 2588 2582
f 2588 2590 2730
f 2582 2588 2729
f 2729 2588 2676
f 2582 2729 2728
f 2728 2729 2785
f 2729 2676 2794
f 2796 2794 2730
f 2794 2796 2863
f 2794 2863 2861
f 2785 2729 2788
f 2788 2729 2794
f 2788 2794 2861
f 2785 2788 2859
f 2859 2788 2861
f 2492 2490 2499
f 2499 2490 2486
f 2499 2486 2498
f 2486 2490 2480
f 2486 2480 2724
f 2583 2582 2728
f 2486 2724 2498
f 2498 2724 2726
f 2498 2726 2590
f 2590 2726 2784
f 2784 2726 3139
f 2590 2784 2921
f 2730 2590 2921
f 2588 2730 2676
f 2676 2730 2794
f 2730 2921 2971
f 2730 2971 2796
f 2796 2971 2923
f 2796 2923 2800
f 2923 2971 3234
f 2800 2923 2865
f 2800 2865 2732
f 2923 3234 3082
f 2923 3082 2865
f 2732 2865 2682
f 2682 2865 3082
f 2732 2682 2602
f 3082 3234 3434
f 3434 3234 3319
f 3082 3434 3278
f 3434 3319 3563
f 3082 3278 3021
f 3563 3319 3317
f 3082 3021 2867
f 3082 2867 2682
f 2867 3021 2610
f 2867 2610 2682
f 3563 3317 3636
f 3636 3317 3232
f 3232 3317 2784
f 3636 3232 3557
f 3636 3557 3738
f 2682 2610 2429
f 2682 2429 2602
f 2602 2429 2345
f 2345 2429 2188
f 2429 2610 2241
f 2429 2241 2188
f 2241 2610 2298
f 2241 2298 2043
f 2241 2043 2188
f 2188 2043 2042
f 2042 2043 1899
f 3232 2784 3139
f 3317 2921 2784
f 2921 3317 3319
f 2921 3319 2971
f 2971 3319 3234
f 3232 3139 3430
f 3232 3430 3557
f 3430 3681 3557
f 3681 3679 3735
f 3735 3679 3764
f 3764 3679 3706
f 3764 3706 3791
f 3793 3735 3794
f 3794 3735 3736
f 3793 3794 3847
f 3793 3847 3844
f 3847 3794 3848
f 3794 3736 3795
f 3794 3795 3848
f 3795 3736 3737
f 3848 3795 3799
f 3795 3737 3739
f 3795 3739 3799
f 3739 3737 3682
f 3739 3682 3559
f 3682 3737 3766
f 3682 3766 3680
f 3799 3739 3638
f 3680 3766 3707
f 3799 3638 3564
f 3707 3766 3792
f 3792 3766 3826
f 3707 3792 3866
f 3707 3866 3763
f 3799 3564 3686
f 3686 3564 3435
f 3799 3686 3647
f 3799 3647 3747
f 3647 3686 3476
f 3686 3435 3518
f 3686 3518 3476
f 3518 3435 3280
f 3518 3280 3367
f 3367 3280 3022
f 3476 3518 3283
f 3283 3518 3367
f 3476 3283 3150
f 3476 3150 3370
f 3283 3367 2975
f 3150 3283 2741
f 2741 3283 2975
f 3150 2741 2355
f 2975 3367 3144
f 3144 3367 3022
f 2975 3144 2515
f 2515 3144 2737
f 2737 3144 3022
f 2737 3022 2735
f 2737 2735 2246
f 2246 2735 2303
f 2878 3150 2355
f 3150 2878 3370
f 2878 2355 2057
f 2878 2057 2521
f 3370 2878 3154
f 3154 2878 2521
f 3154 2521 2881
f 3154 2881 3325
f 3154 3325 3478
f 3735 3764 3736
f 3736 3764 3765
f 3736 3765 3737
f 3737 3765 3766
f 3765 3764 3791
f 3766 3765 3826
f 3826 3765 3791
f 3826 3791 3865
f 3826 3865 3881
f 3826 3881 3792
f 3881 3865 3896
f 3792 3881 3866
f 3881 3896 3915
f 3881 3915 3866
f 3866 3915 3897
f 3915 3896 3954
f 3915 3954 3992
f 3992 3954 4030
f 3992 4030 4077
f 4077 4030 4075
f 4077 4075 4113
f 4113 4075 4095
f 4113 4095 4136
f 3791 3706 3865
f 3682 3680 3431
f 3431 3680 3429
f 3431 3429 3140
f 3429 3680 3707
f 3140 3429 3138
f 3140 3138 2727
f 2727 3138 2725
f 2725 3138 2664
f 3138 3429 3512
f 3512 3429 3707
f 3138 3512 3361
f 3512 3707 3763
f 3361 3512 3635
f 3635 3512 3763
f 3361 3635 3466
f 3466 3635 3678
f 3466 3678 3510
f 3635 3763 3825
f 3635 3825 3678
f 3825 3763 3897
f 3897 3763 3866
f 3825 3897 3955
f 3825 3955 3864
f 3825 3864 3678
f 3864 3955 4031
f 3678 3864 3734
f 3678 3734 3510
f 3510 3734 3603
f 3603 3734 3823
f 4076 3934 4031
f 3823 3734 3934
f 3934 4076 3973
f 3934 3973 3823
f 3603 3823 3676
f 3823 3973 3862
f 3862 3973 3991
f 3676 3823 3732
f 3732 3823 3862
f 3862 3991 3880
f 3862 3880 3732
f 3880 3991 3860
f 3732 3880 3761
f 3676 3732 3464
f 3676 3464 3427
f 3732 3761 3508
f 3732 3508 3464
f 3508 3761 3556
f 3427 3464 3274
f 3508 3556 3273
f 3508 3273 3464
f 3273 3556 3315
f 3464 3273 3357
f 3464 3357 3274
f 3274 3357 3225
f 3682 3431 3559
f 3739 3559 3638
f 3638 3559 3318
f 3318 3559 3233
f 3233 3559 3431
f 3233 3431 3140
f 3318 3233 2786
f 3638 3318 3320
f 3638 3320 3564
f 2922 2786 2731
f 2922 2731 2798
f 2922 2798 2972
f 2972 2798 2801
f 2972 2801 2973
f 2972 2973 3320
f 2973 2801 2733
f 3235 3564 3320
f 3235 3320 2973
f 3564 3235 3435
f 2973 2733 2866
f 2973 2866 3235
f 2866 2733 2603
f 3435 3235 3083
f 3083 3235 2866
f 3435 3083 3280
f 3280 3083 3022
f 3022 3083 2868
f 2868 3083 2866
f 3022 2868 2735
f 2866 2603 2683
f 2866 2683 2868
f 2735 2868 2611
f 2735 2611 2303
f 2868 2683 2430
f 2430 2683 2603
f 2868 2430 2611
f 2430 2603 2346
f 2611 2430 2299
f 2430 2346 2189
f 2299 2430 2242
f 2242 2430 2189
f 2299 2242 2047
f 2299 2047 1999
f 2242 2189 2045
f 2045 2189 2044
f 2045 2044 1900
f 3233 3140 2786
f 2786 3140 2727
f 3318 2786 2922
f 3318 2922 2972
f 3318 2972 3320
f 2731 2786 2592
f 2731 2592 2678
f 2592 2786 2727
f 2592 2727 2500
f 2500 2727 2725
f 2500 2725 2488
f 2798 2731 2795
f 2798 2795 2864
f 2798 2864 2801
f 2864 2795 2790
f 2864 2790 2862
f 2862 2790 2787
f 2862 2787 2860
f 2731 2678 2795
f 2678 2592 2589
f 2589 2592 2500
f 2678 2589 2672
f 2672 2589 2585
f 2795 2678 2672
f 2795 2672 2790
f 2790 2672 2787
f 2733 2801 2864
f 2733 2864 2799
f 2733 2799 2603
f 3799 3747 3848
f 3848 3747 3806
f 3848 3806 3847
f 3847 3806 3805
f 3847 3805 3844
f 3806 3747 3611
f 3844 3805 3804
f 3844 3804 3798
f 3805 3806 3650
f 3650 3806 3611
f 3804 3805 3649
f 3649 3805 3650
f 3798 3804 3746
f 3798 3746 3685
f 3804 3649 3648
f 3804 3648 3746
f 3649 3650 3482
f 3685 3746 3646
f 3685 3646 3517
f 3746 3648 3610
f 3746 3610 3646
f 3648 3649 3481
f 3481 3649 3482
f 3517 3646 3475
f 3648 3481 3480
f 3648 3480 3610
f 3517 3475 3366
f 3646 3610 3477
f 3646 3477 3475
f 3610 3480 3396
f 3610 3396 3477
f 3366 3475 3281
f 3366 3281 3143
f 3143 3281 2974
f 2974 3281 3149
f 3149 3281 3475
f 2974 3149 2740
f 3323 3475 3477
f 3475 3323 3149
f 3323 3477 3324
f 3324 3477 3396
f 3149 3323 3153
f 3153 3323 3324
f 2740 3149 2877
f 2877 3149 3153
f 2740 2877 2354
f 2354 2877 2056
f 2056 2877 2520
f 3324 3396 3032
f 3324 3032 3153
f 2877 3153 2880
f 2877 2880 2520
f 2880 3153 3032
f 2520 2880 2310
f 2520 2310 2059
f 2310 2880 2619
f 2619 2880 3032
f 2619 3032 2809
f 2809 3032 3182
f 3182 3032 3396
f 2809 3182 2882
f 3182 3396 3241
f 3182 3241 2882
f 3241 3396 3480
f 2882 3241 2931
f 3241 3480 3290
f 3241 3290 2931
f 3290 3480 3481
f 2931 3290 2883
f 3290 3481 3242
f 3290 3242 2883
f 3242 3481 3482
f 2883 3242 2810
f 2810 3242 3183
f 3183 3242 3482
f 2810 3183 2620
f 2620 3183 3033
f 3183 3482 3397
f 3183 3397 3033
f 3397 3482 3650
f 3397 3650 3611
f 3033 3397 3325
f 3325 3397 3611
f 3033 3325 2881
f 3033 2881 2311
f 3325 3611 3478
f 3478 3611 3747
f 3478 3747 3647
f 3478 3647 3370
f 3370 3647 3476
f 3478 3370 3154
f 2620 3033 2311
f 2311 2881 2060
f 2060 2881 2521
f 2060 2521 1703
f 1703 2521 2057
f 1703 2057 1262
f 1262 2057 1589
f 1589 2057 2355
f 1262 1589 1143
f 1262 1143 868
f 1589 2355 1912
f 1912 2355 2741
f 1589 1912 1143
f 868 1143 485
f 1143 1912 1443
f 485 1143 814
f 814 1143 1443
f 1443 1912 2195
f 485 814 133
f 1443 2195 1910
f 1910 2195 2515
f 2247 2515 2737
f 2515 2247 1910
f 1910 2247 1735
f 1735 2247 1902
f 1443 1910 1220
f 1910 1735 1503
f 1910 1503 1220
f 1503 1735 1255
f 1503 1255 1220
f 1735 1902 1694
f 1694 1902 1999
f 1735 1694 1540
f 1735 1540 1255
f 1540 1694 1433
f 1540 1433 1255
f 1433 1694 1582
f 1433 1582 1773
f 1433 1773 1374
f 1374 1773 1731
f 1255 1433 1141
f 1141 1433 1374
f 1255 1141 1046
f 1255 1046 1220
f 1141 1374 1108
f 1046 1141 886
f 886 1141 1108
f 1046 886 811
f 1046 811 1220
f 1108 1374 1330
f 1330 1374 1731
f 1330 1731 1198
f 1198 1731 1534
f 1108 1330 1044
f 1044 1330 1198
f 1220 811 1048
f 1220 1048 1443
f 1443 1048 814
f 814 1048 514
f 514 1048 811
f 814 514 133
f 514 811 627
f 627 811 886
f 133 514 362
f 362 514 627
f 133 362 4867
f 841 886 1108
f 886 841 627
f 841 1108 1044
f 362 627 178
f 627 841 512
f 627 512 178
f 841 1044 732
f 841 732 512
f 732 1044 922
f 922 1044 1198
f 512 732 387
f 512 387 178
f 732 922 602
f 732 602 387
f 922 1198 1093
f 178 387 5117
f 5056 362 178
f 5056 178 5117
f 362 5056 4867
f 4867 5056 5563
f 4867 5563 133
f 133 5563 5378
f 5378 5563 6335
f 5563 5056 5793
f 5793 5056 5117
f 5563 5793 6084
f 5793 5117 5724
f 6335 5563 6473
f 6473 5563 6084
f 6473 6084 6579
f 6473 6579 6831
f 6335 6473 7255
f 7255 6473 6831
f 7255 6831 7082
f 7255 7082 7284
f 7255 7284 7963
f 7963 7284 7368
f 7963 7368 7493
f 7963 7493 7929
f 7929 7493 7491
f 5234 5724 5117
f 5724 5234 5875
f 5234 5117 214
f 214 5117 387
f 5875 5234 5374
f 5875 5374 6015
f 214 387 602
f 5234 214 94
f 94 214 602
f 5234 94 5374
f 6015 5374 5560
f 5560 5374 94
f 6015 5560 6081
f 6081 5560 5722
f 6081 5722 6188
f 6188 5722 5873
f 5722 5560 5045
f 5873 5722 5232
f 5232 5722 5045
f 5720 6248 5873
f 5045 5560 4861
f 4861 5560 94
f 5720 5873 5230
f 5230 5873 5232
f 5720 5230 5166
f 5232 5045 92
f 5232 92 5230
f 5166 5230 4859
f 4859 5230 92
f 5166 4859 89
f 89 4859 330
f 330 4859 92
f 89 330 596
f 259 92 5045
f 259 5045 4861
f 330 92 450
f 330 450 596
f 450 92 259
f 259 4861 386
f 386 4861 94
f 450 259 570
f 386 94 510
f 510 94 602
f 259 386 689
f 259 689 570
f 689 386 510
f 450 570 838
f 838 570 689
f 510 602 839
f 510 839 689
f 839 602 922
f 839 922 1093
f 839 1093 689
f 689 1093 976
f 689 976 838
f 976 1093 1328
f 1328 1093 1198
f 1328 1198 1534
f 1328 1534 1688
f 976 1328 1196
f 1196 1328 1688
f 838 976 1092
f 1092 976 1196
f 838 1092 1008
f 1853 1987 1688
f 1092 1196 1324
f 1196 1688 1487
f 1196 1487 1324
f 1688 1987 1812
f 1688 1812 1487
f 1812 1987 2081
f 1812 2081 1983
f 1487 1812 1681
f 1681 1812 1983
f 1487 1681 1324
f 1681 1983 1981
f 1324 1681 1633
f 1633 1681 1981
f 1245 1092 1324
f 1245 1324 1633
f 1092 1245 1008
f 1633 1981 1668
f 1633 1668 1245
f 1668 1981 2023
f 1245 1668 1194
f 1245 1194 1008
f 1194 1668 1844
f 1008 1194 918
f 1008 918 761
f 761 918 596
f 1008 761 838
f 761 596 450
f 761 450 838
f 1912 2741 2195
f 2195 2741 2975
f 2195 2975 2515
f 1902 2247 2246
f 2246 2247 2737
f 1902 2246 1999
f 1999 2246 2303
f 1999 2303 2299
f 2299 2303 2611
f 2603 2799 2601
f 2603 2601 2346
f 2864 2862 2799
f 2799 2862 2793
f 2799 2793 2601
f 2793 2862 2860
f 2793 2860 2791
f 2793 2791 2681
f 2681 2791 2679
f 2681 2679 2426
f 2426 2679 2424
f 2426 2424 2240
f 2681 2426 2344
f 2681 2344 2601
f 2601 2344 2346
f 2346 2344 2189
f 2189 2344 2187
f 2189 2187 2044
f 2044 2187 2041
f 2095 2041 2240
f 2044 2041 1945
f 1945 2041 2095
f 2044 1945 1900
f 1945 2095 1997
f 1997 2095 2093
f 1945 1997 2037
f 1900 1945 1995
f 1900 1995 1941
f 1941 1995 2146
f 1900 1941 1860
f 1941 2146 2033
f 2033 2146 2179
f 2179 2146 2291
f 1941 2033 1991
f 1991 2033 2179
f 1860 1941 1858
f 1858 1941 1991
f 1860 1858 1818
f 1860 1818 2047
f 2047 1818 1999
f 1818 1858 1779
f 1779 1858 1991
f 1818 1779 1694
f 1694 1779 1582
f 1582 1779 1896
f 1896 1779 1991
f 1582 1896 1773
f 1896 1991 2087
f 1896 2087 1773
f 2087 1991 2138
f 2138 1991 2179
f 1773 2087 2029
f 1773 2029 1989
f 1773 1989 1731
f 1731 1989 1534
f 1534 1989 1853
f 1534 1853 1688
f 1853 1989 2134
f 1853 2134 1987
f 1989 2029 2281
f 1989 2281 2134
f 2281 2029 2283
f 2283 2029 2087
f 2134 2281 2400
f 2134 2400 1987
f 2281 2283 2471
f 2281 2471 2400
f 2283 2087 2285
f 2285 2087 2138
f 2471 2283 2473
f 2473 2283 2285
f 2285 2138 2287
f 2287 2138 2179
f 2285 2287 2403
f 2285 2403 2473
f 2287 2179 2342
f 2473 2403 2558
f 2403 2287 2405
f 2403 2405 2558
f 2405 2287 2342
f 2473 2558 2658
f 2658 2558 2781
f 2473 2658 2718
f 2473 2718 2471
f 2658 2781 2856
f 2658 2856 2718
f 2856 2781 3016
f 2471 2718 2716
f 2471 2716 2400
f 2718 2856 2918
f 2718 2918 2716
f 2856 3016 3081
f 2856 3081 2918
f 2400 2716 2714
f 2714 2716 2918
f 2400 2714 2334
f 2400 2334 1987
f 2334 2714 2779
f 1987 2334 2399
f 2399 2334 2779
f 1987 2399 2172
f 1987 2172 2081
f 2172 2399 2556
f 2556 2399 2779
f 2081 2172 2277
f 2556 2779 2854
f 2854 2779 3014
f 2968 2779 2714
f 2779 2968 3014
f 2968 2714 2970
f 2970 2714 2918
f 2968 2970 3130
f 2970 2918 3132
f 2970 3132 3130
f 3132 2918 3081
f 3132 3081 3227
f 3132 3227 3130
f 3227 3081 3179
f 3179 3081 3016
f 3130 3227 3225
f 3225 3227 3274
f 3274 3227 3179
f 3130 3225 3223
f 3274 3179 3276
f 3274 3276 3427
f 3179 3016 3134
f 3179 3134 3276
f 3134 3016 2858
f 3427 3276 3393
f 3134 2858 3018
f 3018 2858 2720
f 3276 3134 3229
f 3229 3134 3018
f 3276 3229 3393
f 3229 3018 3136
f 3229 3136 3359
f 3229 3359 3393
f 3359 3136 3231
f 3359 3231 3466
f 3359 3466 3393
f 3466 3231 3361
f 3393 3466 3510
f 3393 3510 3603
f 2681 2601 2793
f 2860 2787 1467
f 2860 1467 2791
f 2672 2673 2787
f 2787 2673 1467
f 2791 1467 2679
f 2679 1467 2424
f 2424 1467 2240
f 2240 1467 2093
f 2093 1467 1782
f 2673 2672 2585
f 2673 2585 2586
f 2586 2585 2495
f 2586 2495 2496
f 2344 2426 2187
f 2187 2426 2240
f 2187 2240 2041
f 2242 2045 2047
f 2047 2045 1900
f 2095 2240 2093
f 1997 2093 1782
f 2037 1997 1782
f 2037 1782 1816
f 2037 1816 2145
f 2145 1816 1898
f 2145 1898 2238
f 2238 1898 1993
f 2238 1993 2416
f 1945 2037 1995
f 1995 2037 2145
f 1816 1782 1467
f 1898 1816 1467
f 1898 1467 1993
f 1993 1467 2091
f 2091 1467 2142
f 2142 1467 2178
f 2178 1467 2177
f 2181 1467 2141
f 1467 2181 2235
f 1467 2235 2236
f 1467 2236 2177
f 2177 2236 2577
f 2177 2577 2670
f 2670 2577 2669
f 2669 2577 2573
f 1995 2145 2146
f 2146 2145 2291
f 2291 2145 2238
f 2291 2238 2408
f 2238 2416 2408
f 2408 2416 2574
f 2291 2408 2179
f 2179 2408 2342
f 2342 2408 2477
f 2477 2408 2574
f 2342 2477 2405
f 2405 2477 2475
f 2477 2574 2568
f 2477 2568 2475
f 2568 2574 2665
f 2665 2574 2671
f 2665 2671 2723
f 2665 2723 2568
f 2568 2723 2662
f 2568 2662 2475
f 2475 2662 2562
f 2562 2662 2561
f 2416 1993 2091
f 2416 2091 2574
f 2574 2091 2142
f 2405 2475 2558
f 2558 2475 2660
f 2558 2660 2781
f 2660 2475 2562
f 2781 2660 2858
f 2781 2858 3016
f 2858 2660 2720
f 2720 2660 2562
f 2720 2562 2561
f 2720 2561 2783
f 2783 2561 2564
f 2564 2561 2570
f 2570 2561 2662
f 2564 2570 2479
f 2564 2479 2566
f 2566 2479 2483
f 2671 2574 2142
f 2671 2142 2178
f 2671 2178 2670
f 2670 2178 2177
f 2671 2670 2723
f 2723 2670 2669
f 2570 2662 2723
f 2570 2723 2669
f 2570 2669 2573
f 2570 2573 2479
f 2479 2573 2483
f 2577 2236 2489
f 2489 2236 2235
f 2489 2235 2414
f 2414 2235 2181
f 2414 2181 2413
f 2413 2181 2141
f 2577 2489 2573
f 2573 2489 2485
f 2573 2485 2483
f 2483 2485 2407
f 2489 2414 2485
f 2485 2414 2407
f 2414 2413 2407
f 2413 2141 2418
f 2413 2418 2407
f 2141 1467 2496
f 2496 1467 2586
f 2586 1467 2673
f 2141 2496 2418
f 2418 2496 2495
f 2418 2495 2491
f 2491 2407 2418
f 2407 2491 2488
f 2495 2585 2501
f 2501 2585 2589
f 2495 2501 2491
f 2491 2501 2488
f 2488 2501 2500
f 2501 2589 2500
f 2407 2488 2482
f 2482 2488 2725
f 2407 2482 2483
f 2483 2482 2664
f 2482 2725 2664
f 2483 2664 2566
f 2566 2664 2920
f 2566 2920 2564
f 2920 2664 3020
f 3020 2664 3138
f 3020 3138 3361
f 2920 3020 3231
f 2920 3231 3136
f 2920 3136 2783
f 2783 3136 3018
f 2783 3018 2720
f 2564 2920 2783
f 3128 2968 3130
f 3128 3130 3223
f 2968 3128 3014
f 3315 3425 3223
f 3223 3425 3355
f 3223 3355 3128
f 3128 3355 3271
f 3128 3271 3014
f 3271 3355 3423
f 3014 3271 3126
f 3014 3126 2966
f 3014 2966 2854
f 3126 3271 3353
f 2854 2966 2556
f 2966 3126 3220
f 3220 3126 3353
f 2556 2966 2777
f 3353 3271 3506
f 3506 3271 3460
f 3506 3460 3591
f 3353 3506 3505
f 3505 3506 3629
f 3505 3629 3548
f 3548 3629 3665
f 3548 3665 3589
f 3589 3665 3663
f 3589 3663 3588
f 3505 3548 3421
f 3353 3505 3391
f 3391 3505 3421
f 3391 3421 3313
f 3391 3313 3176
f 3353 3391 3220
f 3220 3391 3269
f 3220 3269 3077
f 3220 3077 2966
f 3077 3269 3073
f 2966 3077 2777
f 3077 3073 2849
f 3077 2849 2777
f 2849 3073 2847
f 2777 2849 2552
f 2849 2847 2652
f 2849 2652 2552
f 2652 2847 2648
f 2777 2552 2556
f 2652 2648 2467
f 2556 2552 2332
f 2556 2332 2172
f 2552 2652 2397
f 2552 2397 2332
f 2397 2652 2467
f 2172 2332 2277
f 2277 2332 2397
f 2397 2467 2381
f 2381 2467 2380
f 2277 2397 2324
f 2324 2397 2381
f 2277 2324 2221
f 2277 2221 2081
f 2081 2221 1983
f 2324 2381 2375
f 2375 2381 2459
f 2542 2459 2380
f 2324 2375 2322
f 2324 2322 2221
f 1983 2221 2167
f 2167 2221 2322
f 1983 2167 1981
f 2322 2375 2538
f 2538 2375 2702
f 2167 2322 2371
f 2371 2322 2538
f 1981 2167 2216
f 2216 2167 2371
f 1981 2216 2023
f 2371 2538 2700
f 2700 2538 2702
f 2216 2371 2534
f 2534 2371 2700
f 2023 2216 2318
f 2318 2216 2534
f 2023 2318 2117
f 2023 2117 1668
f 1668 2117 1844
f 2318 2534 2695
f 2695 2534 2700
f 2117 2318 2454
f 2454 2318 2695
f 1844 2117 2272
f 2272 2117 2454
f 1844 2272 2072
f 2454 2695 2694
f 2454 2694 2272
f 2072 2272 2532
f 2532 2272 2694
f 1810 1485 2072
f 1810 2072 2316
f 2316 2072 2532
f 1810 2316 2070
f 2070 2316 2369
f 2369 2316 2692
f 2692 2316 2532
f 2369 2692 2634
f 2692 2532 2825
f 2634 2692 2901
f 2634 2901 2999
f 2825 2532 2947
f 2947 2532 2694
f 2692 2825 3054
f 2692 3054 2901
f 3054 2825 2947
f 2999 2901 3167
f 3167 2901 3054
f 2999 3167 3166
f 2999 3166 2998
f 2998 3166 3165
f 2998 3165 2997
f 3167 3054 3107
f 3107 3054 2947
f 3167 3107 3197
f 3197 3107 3109
f 3109 3107 2949
f 2949 3107 2947
f 3109 2949 3001
f 2949 2947 2827
f 2949 2827 3001
f 2827 2947 2694
f 2827 2694 2695
f 3201 3057 3001
f 3201 3001 3172
f 3001 2827 2953
f 3001 2953 3172
f 2827 2695 2829
f 2827 2829 2953
f 2829 2695 2700
f 2953 2829 2955
f 2955 2829 2700
f 2955 2700 2833
f 2833 2700 2702
f 2953 2955 3059
f 2953 3059 3172
f 2955 2833 2957
f 2957 2833 2702
f 3059 2955 3114
f 2957 2702 2763
f 2763 2702 2459
f 2763 2459 2542
f 2957 2763 2765
f 2765 2763 2542
f 2957 2765 2959
f 2765 2542 2546
f 2546 2542 2384
f 2957 2959 3116
f 3204 3114 3116
f 3114 3204 3059
f 3204 3116 3206
f 3059 3204 3347
f 3347 3204 3206
f 3059 3347 3172
f 3172 3347 3384
f 3347 3206 3349
f 3347 3349 3384
f 3384 3349 3417
f 3384 3417 3415
f 3415 3417 3456
f 3417 3349 3304
f 3304 3349 3174
f 3223 3225 3315
f 3315 3225 3273
f 3273 3225 3357
f 3315 3556 3425
f 3425 3556 3597
f 3597 3556 3730
f 3730 3556 3761
f 3423 3355 3425
f 3425 3597 3462
f 3462 3597 3596
f 3596 3597 3729
f 3729 3597 3730
f 3729 3730 3860
f 3425 3462 3423
f 3423 3462 3593
f 3593 3462 3554
f 3593 3554 3599
f 3423 3593 3552
f 3703 3593 3705
f 3593 3703 3670
f 3593 3670 3552
f 3552 3670 3550
f 3552 3550 3460
f 3550 3670 3633
f 3633 3670 3668
f 3633 3668 3632
f 3730 3761 3880
f 3730 3880 3860
f 3596 3729 3674
f 3674 3729 3820
f 3674 3820 3759
f 3759 3820 3878
f 3759 3878 3790
f 3462 3596 3601
f 3601 3596 3674
f 3820 3729 3860
f 3820 3860 3878
f 3601 3674 3673
f 3673 3674 3759
f 3673 3759 3790
f 3601 3673 3554
f 3601 3554 3462
f 3554 3673 3599
f 3599 3673 3705
f 3599 3705 3593
f 3673 3790 3788
f 3788 3790 3895
f 3673 3788 3705
f 3705 3788 3895
f 3895 3790 3878
f 3703 3705 3757
f 3757 3705 3895
f 3895 3878 3932
f 3932 3878 3860
f 3932 3860 3991
f 3703 3757 3701
f 3703 3701 3670
f 3670 3701 3668
f 3668 3701 3669
f 3669 3701 3702
f 3702 3701 3756
f 3756 3701 3755
f 3755 3701 3757
f 3756 3755 3894
f 3755 3757 3893
f 3755 3893 3894
f 3893 3757 3895
f 3893 3895 3989
f 3989 3895 3932
f 3894 3893 4019
f 4019 3893 3989
f 3894 4019 3988
f 3894 3988 3931
f 3988 4019 4095
f 4095 4019 4136
f 4136 4019 3989
f 4136 3989 4096
f 3932 3991 4096
f 3932 4096 3989
f 4096 3991 3973
f 4096 3973 4076
f 4096 4076 4136
f 4136 4076 4113
f 4076 4031 4113
f 4077 4113 4031
f 3915 3992 3897
f 3897 3992 3955
f 3955 3992 4077
f 3955 4077 4031
f 3864 4031 3934
f 3864 3934 3734
f 3020 3361 3231
f 3427 3393 3603
f 3427 3603 3676
f 2830 3262 3263
f 2830 3263 2902
f 3263 3262 3307
f 3263 3307 3264
f 2902 3263 3264
f 2902 3264 2831
f 2831 3264 3209
f 2831 3209 3119
f 3119 3209 3266
f 2831 3119 2760
f 2760 3119 3008
f 2760 3008 2907
f 2760 2907 2637
f 3069 2964 2907
f 2907 2964 2767
f 2907 2767 2637
f 2767 2964 2842
f 2767 2842 2647
f 2637 2767 2545
f 2545 2767 2647
f 2637 2545 2457
f 2545 2647 2391
f 2545 2391 2379
f 2545 2379 2457
f 2379 2391 2223
f 2457 2379 2274
f 2457 2274 1937
f 2274 2379 2123
f 2123 2379 2223
f 2274 2123 1848
f 2123 2223 2229
f 2229 2223 2328
f 2229 2328 2469
f 2229 2469 2656
f 2656 2469 2710
f 2656 2710 2845
f 2656 2845 2916
f 2916 2845 3011
f 2916 3011 3121
f 2916 3121 3218
f 2916 3218 3079
f 3209 3264 3266
f 3008 3119 3213
f 3213 3119 3266
f 3008 3213 3069
f 3008 3069 2907
f 1937 2274 1848
f 1937 1848 1322
f 1937 1322 1365
f 1322 1848 1890
f 1890 1848 2123
f 1890 2123 2229
f 1322 1890 1326
f 1322 1326 942
f 1365 1322 920
f 920 1322 942
f 1365 920 882
f 882 920 482
f 920 942 598
f 598 942 625
f 1890 2229 2656
f 1890 2656 1986
f 1986 2656 2916
f 1890 1986 1428
f 1890 1428 1326
f 1326 1428 942
f 942 1428 978
f 1986 2916 2083
f 1986 2083 1428
f 2083 2916 3079
f 2083 3079 3125
f 1428 2083 2132
f 2132 2083 3125
f 1428 2132 1429
f 2132 3125 3078
f 2132 3078 2082
f 2642 2469 2391
f 2469 2642 2843
f 2469 2843 2710
f 2710 2843 2962
f 2710 2962 2845
f 2845 2962 3070
f 2845 3070 3011
f 3011 3070 3210
f 3011 3210 3121
f 3121 3210 3266
f 3121 3266 3218
f 3218 3266 3308
f 3218 3308 3217
f 3217 3308 3307
f 3217 3307 3267
f 3309 3214 3421
f 3665 3629 3591
f 3591 3629 3506
f 3460 3271 3423
f 3460 3423 3552
f 3460 3550 3591
f 3591 3550 3667
f 3591 3667 3665
f 3550 3633 3667
f 3667 3633 3632
f 3667 3632 3630
f 3667 3630 3663
f 3667 3663 3665
f 3663 3630 3664
f 3632 3668 3669
f 3663 3664 3588
f 3630 3632 3666
f 3630 3666 3664
f 3631 3632 3669
f 3549 3631 3669
f 3628 3590 3504
f 3628 3504 3420
f 3420 3504 3390
f 3628 3420 3547
f 3628 3547 3664
f 3664 3547 3587
f 3420 3390 3312
f 3420 3312 3306
f 3312 3390 3175
f 3664 3587 3588
f 3704 3702 3756
f 3704 3756 3894
f 3704 3894 3787
f 3704 3787 3671
f 3461 3553 3600
f 3600 3553 3671
f 3600 3671 3672
f 3672 3671 3758
f 3758 3671 3789
f 3461 3600 3594
f 3787 3894 3789
f 3787 3789 3671
f 3789 3894 3877
f 3877 3894 3931
f 3758 3789 3877
f 3758 3877 3821
f 3758 3821 3672
f 3672 3821 3727
f 3672 3727 3600
f 3600 3727 3594
f 3877 3931 3821
f 2539 2697 2834
f 2834 2697 3002
f 3002 2697 2950
f 2539 2834 2836
f 2539 2836 2768
f 2697 2539 2024
f 2539 2768 2547
f 2024 2539 2217
f 2539 2547 2224
f 2539 2224 2217
f 3002 2950 3060
f 3060 2950 3056
f 3060 3056 3003
f 3060 3003 3005
f 3060 3005 3061
f 3060 3061 3002
f 3002 3061 3004
f 3002 3004 2834
f 2834 3004 2836
f 3003 3056 2952
f 3003 2952 2835
f 2835 2952 2698
f 3003 2835 2837
f 3003 2837 3005
f 2837 2835 2769
f 2769 2835 2540
f 2540 2835 2698
f 2769 2540 2548
f 2548 2540 2225
f 2225 2540 2218
f 2218 2540 2698
f 2218 2698 2025
f 3004 3061 2960
f 3004 2960 2903
f 3004 2903 2836
f 2960 3061 2906
f 2906 3061 3005
f 2906 3005 2707
f 2836 2903 2705
f 2836 2705 2768
f 2547 2768 2705
f 2547 2705 2386
f 2705 2903 2372
f 2705 2372 2386
f 2386 2372 2124
f 2124 2372 2078
f 2372 2903 2535
f 2535 2903 2960
f 2535 2960 2635
f 2372 2535 2118
f 2372 2118 2078
f 2078 2118 1671
f 2547 2386 2124
f 2547 2124 2224
f 2217 2224 1845
f 1845 2224 1849
f 2217 1845 2024
f 1845 1849 1423
f 2024 1845 1421
f 1421 1845 1423
f 1421 1423 1037
f 2024 1421 1418
f 1421 1037 1005
f 1421 1005 1418
f 1418 1005 970
f 2224 2124 1849
f 1849 2124 1764
f 1849 1764 1366
f 1849 1366 1423
f 1423 1366 1009
f 1423 1009 1037
f 1764 2124 2078
f 1764 2078 1728
f 1764 1728 1366
f 1728 2078 1671
f 1366 1728 1319
f 1319 1728 1671
f 1366 1319 1009
f 1319 1671 883
f 1009 1319 939
f 939 1319 883
f 1037 1009 1005
f 1005 1009 939
f 1005 939 970
f 970 939 883
f 883 1671 808
f 808 1671 1419
f 808 1419 884
f 884 1419 1673
f 1673 1419 2075
f 2075 1419 1671
f 2075 1671 2118
f 2118 2535 2075
f 2075 2535 2635
f 2075 2635 2119
f 2119 2635 2536
f 2075 2119 1673
f 2635 2960 2906
f 2635 2906 2536
f 2536 2906 2373
f 2373 2906 2707
f 2373 2707 2390
f 2536 2373 2119
f 2119 2373 2079
f 2079 2373 2125
f 1729 1673 2119
f 1729 2119 2079
f 1729 2079 1765
f 1765 2079 2125
f 1729 1765 1367
f 1673 1729 1320
f 1320 1729 1367
f 1673 1320 884
f 1320 1367 1010
f 884 1320 940
f 940 1320 1010
f 2125 2373 2390
f 1010 1367 1038
f 1038 1367 1424
f 1424 1367 1765
f 1424 1765 1850
f 1850 1765 2125
f 1850 2125 2225
f 2225 2125 2390
f 2225 2390 2548
f 2548 2390 2707
f 1010 1038 940
f 884 940 1006
f 884 1006 971
f 1006 940 1038
f 971 1006 1420
f 1420 1006 1422
f 1422 1006 1038
f 1420 1422 2025
f 1422 1038 1424
f 2025 1422 1846
f 1846 1422 1424
f 2025 1846 2218
f 1846 1424 1850
f 1846 1850 2218
f 2218 1850 2225
f 2769 2548 2707
f 2769 2707 2837
f 2837 2707 3005
f 481 420 283
f 420 481 881
f 420 881 866
f 866 881 1364
f 420 866 354
f 866 1364 1362
f 354 866 834
f 834 866 1362
f 354 834 328
f 834 1362 1416
f 328 834 833
f 833 834 1416
f 833 1416 1415
f 328 833 355
f 355 833 835
f 355 835 421
f 481 283 212
f 481 212 382
f 481 382 597
f 382 212 384
f 382 384 597
f 384 212 174
f 597 384 624
f 384 174 356
f 384 356 624
f 624 356 599
f 356 174 175
f 356 175 358
f 358 175 176
f 358 176 357
f 212 283 174
f 174 283 210
f 210 283 420
f 174 210 175
f 210 420 354
f 175 210 173
f 173 210 354
f 175 173 176
f 173 354 328
f 176 173 211
f 211 173 328
f 211 328 355
f 176 211 213
f 211 355 421
f 213 211 284
f 284 211 421
f 213 284 383
f 284 421 482
f 284 482 383
f 881 481 597
f 881 597 919
f 919 597 624
f 881 919 1364
f 919 624 941
f 1364 919 1321
f 1321 919 941
f 1364 1321 1847
f 1321 941 1325
f 1321 1325 1847
f 1847 1325 1889
f 356 358 599
f 624 599 941
f 941 599 977
f 599 358 601
f 599 601 977
f 601 358 357
f 601 357 600
f 977 601 979
f 979 601 600
f 977 979 1427
f 1427 979 1429
f 979 600 978
f 979 978 1429
f 1429 978 1428
f 978 600 625
f 978 625 942
f 357 176 385
f 385 176 213
f 357 385 600
f 600 385 625
f 385 213 383
f 625 385 598
f 598 385 383
f 598 383 482
f 2082 1427 1429
f 1429 2132 2082
f 1365 882 1363
f 1363 882 836
f 836 882 482
f 836 482 421
f 836 421 835
f 920 598 482
f 1362 1364 2020
f 2020 1364 1936
f 2915 2082 3078
f 2915 3078 3120
f 2915 3120 3009
f 3120 3078 3216
f 3216 3078 3215
f 3215 3078 3125
f 3216 3215 3265
f 3216 3265 3208
f 3215 3125 3267
f 3267 3125 3079
f 2655 2915 2844
f 2844 2915 3009
f 3305 3265 3215
f 3305 3215 3267
f 3305 3267 3307
f 3267 3079 3217
f 3217 3079 3218
f 3311 3266 3264
f 3311 3264 3307
f 3266 3311 3387
f 3387 3311 3386
f 3266 3387 3351
f 3266 3351 3213
f 3213 3351 3304
f 3213 3304 3069
f 3069 3304 3174
f 3069 3174 2964
f 3349 3206 3174
f 3174 3206 3065
f 3174 3065 2964
f 3065 3206 3116
f 2964 3065 2908
f 2908 3065 3116
f 2964 2908 2842
f 2908 3116 2959
f 2842 2908 2704
f 2704 2908 2959
f 2704 2959 2765
f 2842 2704 2647
f 2704 2765 2463
f 2704 2463 2647
f 2647 2463 2391
f 2391 2463 2329
f 2329 2463 2384
f 2329 2384 2330
f 3311 3307 3386
f 3116 3114 2957
f 3114 2955 2957
f 3172 3384 3201
f 3201 3384 3415
f 3201 3415 3200
f 3201 3200 3057
f 3200 3415 3414
f 3200 3414 3202
f 3202 3414 3413
f 3202 3413 3198
f 3198 3413 3383
f 3198 3383 3199
f 3109 3001 3057
f 3109 3057 3170
f 3170 3057 3111
f 3109 3170 3197
f 3170 3111 3169
f 3169 3111 3112
f 3197 3170 3196
f 3196 3170 3169
f 3197 3196 3166
f 3197 3166 3167
f 3166 3196 3165
f 3165 3196 3195
f 3195 3196 3169
f 3165 3195 3053
f 3053 3195 3106
f 3195 3169 3168
f 3195 3168 3106
f 3168 3169 3112
f 3168 3112 3110
f 3106 3168 3108
f 3108 3168 3110
f 3106 3108 2946
f 3108 3110 3055
f 2946 3108 2948
f 2948 3108 3055
f 2946 2948 2826
f 2948 3055 3000
f 2948 3000 2951
f 3111 3057 3200
f 3111 3200 3202
f 3111 3202 3112
f 3202 3198 3112
f 3112 3198 3110
f 3110 3198 3199
f 3385 3386 3307
f 3385 3307 3310
f 3310 3307 3262
f 3310 3262 3265
f 3310 3265 3350
f 1935 2019 1578
f 1935 1578 1806
f 1806 1578 1631
f 1806 1631 2068
f 1631 1578 1192
f 2068 1631 1808
f 2068 1808 2369
f 2369 1808 2070
f 2070 1808 1533
f 1533 1808 1631
f 2070 1533 1810
f 1810 1533 1485
f 1844 2072 1485
f 1844 1485 1194
f 1533 1631 1287
f 1287 1631 1192
f 1485 1533 1243
f 1243 1533 1287
f 1485 1243 1194
f 1287 1192 1066
f 1287 1066 1243
f 1066 1192 916
f 1194 1243 1036
f 1036 1243 1066
f 1194 1036 781
f 1194 781 918
f 1036 1066 804
f 804 1066 916
f 1036 804 781
f 918 781 596
f 596 781 480
f 596 480 89
f 781 804 543
f 781 543 480
f 804 916 447
f 804 447 543
f 1155 865 916
f 916 865 447
f 447 865 541
f 480 543 255
f 255 543 447
f 480 255 89
f 255 447 4756
f 4756 447 351
f 89 255 5113
f 255 4756 5443
f 255 5443 5113
f 5443 4756 4857
f 89 5113 5718
f 5718 5113 5443
f 89 5718 5166
f 5718 5443 6133
f 5166 5718 5720
f 5718 6133 6453
f 5720 5718 6135
f 6135 5718 6453
f 5720 6135 6248
f 6135 6453 6567
f 6135 6567 6248
f 6248 6567 6629
f 6248 6629 6398
f 2702 2375 2459
f 2459 2381 2380
f 2765 2546 2463
f 2463 2546 2384
f 2542 2380 2385
f 2542 2385 2384
f 2330 2384 2392
f 2392 2384 2385
f 2392 2385 2393
f 2393 2385 2380
f 2393 2380 2467
f 6188 5873 6248
f 6453 6133 6908
f 6908 6133 6079
f 6453 6908 6984
f 6453 6984 6567
f 6567 6984 7031
f 6567 7031 6629
f 7031 6984 7450
f 7450 6984 7401
f 7401 6984 6908
f 7401 6908 7360
f 6823 6908 6079
f 6908 6823 7360
f 6823 6079 6013
f 7360 6823 7358
f 6823 6013 6821
f 6823 6821 7358
f 6821 6013 5871
f 7925 7900 7358
f 6821 5871 6876
f 7925 7358 7959
f 6876 5871 5716
f 7358 6821 7399
f 7358 7399 7959
f 7399 6821 6876
f 7959 7399 7485
f 7485 7399 6876
f 7959 7485 8030
f 7959 8030 8688
f 8688 8030 8897
f 8897 8030 8102
f 8102 8030 7653
f 7653 8030 7485
f 7653 7485 7210
f 7210 7485 6876
f 7653 7210 7207
f 7210 6876 6627
f 7210 6627 7207
f 6627 6876 5716
f 7207 6627 6564
f 6627 5716 5557
f 6627 5557 6564
f 6248 6398 6188
f 6398 6629 6665
f 6398 6665 6569
f 6569 6665 6825
f 6825 6665 6879
f 6879 6665 6629
f 6879 6629 7031
f 6398 6569 6455
f 6398 6455 6188
f 6455 6569 6825
f 6455 6825 6715
f 6715 6825 6986
f 6715 6986 6910
f 6910 6986 7212
f 7212 6986 7278
f 7212 7278 7405
f 7405 7278 7487
f 7405 7487 7573
f 7573 7487 7662
f 7573 7662 7664
f 7573 7664 7452
f 7573 7452 7315
f 6825 6879 6986
f 6986 6879 6988
f 6988 6879 7031
f 6986 6988 7278
f 6988 7031 7280
f 6988 7280 7278
f 7280 7031 7282
f 7278 7280 7487
f 7280 7282 7489
f 7280 7489 7487
f 7489 7282 7366
f 7487 7489 7662
f 7662 7489 7611
f 6455 6715 6573
f 6455 6573 6188
f 6188 6573 6081
f 6081 6573 6333
f 6081 6333 6015
f 6015 6333 6522
f 6015 6522 5875
f 5875 6522 6260
f 5875 6260 5948
f 5875 5948 5724
f 5724 5948 5950
f 5950 5948 6137
f 5724 5950 5793
f 5793 5950 6139
f 6715 6910 6783
f 6783 6910 7212
f 6715 6783 6573
f 6783 7212 7078
f 7078 7212 7405
f 7078 7405 7315
f 7315 7405 7573
f 6783 7078 6669
f 6783 6669 6573
f 6669 7078 6949
f 6573 6669 6333
f 6333 6669 6577
f 6577 6669 6827
f 6577 6827 6912
f 6577 6912 6671
f 7315 7452 7250
f 7315 7250 7078
f 7078 7250 6949
f 7250 7452 7338
f 7338 7452 7528
f 7338 7528 7456
f 7456 7528 7495
f 7456 7495 7411
f 7411 7495 7300
f 7300 7495 7340
f 7300 7340 7123
f 7123 7340 7125
f 6669 6949 6827
f 6949 7250 7080
f 7080 7250 7338
f 6827 6949 6912
f 6912 6949 7080
f 6912 7080 7167
f 6912 7167 6914
f 6914 7167 7169
f 6914 7169 6829
f 6829 7169 7171
f 6914 6829 6637
f 6637 6829 6406
f 6829 7171 7033
f 6829 7033 6785
f 6785 7033 6673
f 6785 6673 6524
f 6673 7033 6881
f 6577 6671 6333
f 7528 7452 7664
f 7528 7664 7616
f 7528 7616 7495
f 7495 7616 7413
f 7495 7413 7340
f 7340 7413 7174
f 7340 7174 7125
f 7167 7080 7338
f 7338 7456 7167
f 7167 7456 7169
f 7169 7456 7411
f 7169 7411 7171
f 7171 7411 7300
f 7171 7300 7033
f 7033 7300 7123
f 7033 7123 6881
f 6912 6914 6671
f 6671 6914 6637
f 6463 6671 6637
f 6463 6637 6406
f 6522 6463 6260
f 6260 6463 6194
f 6194 6463 6406
f 6260 6194 5948
f 5948 6194 6137
f 6194 6406 6408
f 6194 6408 6137
f 6408 6406 6785
f 6785 6406 6829
f 6408 6785 6524
f 6408 6524 6137
f 6137 6524 6262
f 6137 6262 5950
f 5950 6262 6139
f 6671 6463 6522
f 6671 6522 6333
f 1818 1694 1999
f 1860 2047 1900
f 782 352 806
f 782 806 1133
f 806 352 448
f 806 448 805
f 806 805 1156
f 805 448 807
f 807 448 353
f 807 353 783
f 1156 805 1132
f 1132 805 807
f 1156 1132 1670
f 807 783 1157
f 807 1157 1132
f 1157 783 1134
f 1670 1132 1669
f 1669 1132 1157
f 1670 1669 2319
f 1670 2319 1674
f 1674 2319 2076
f 2319 1669 2455
f 1157 1134 1672
f 1157 1672 1669
f 1669 1672 2455
f 1672 1134 1675
f 2455 1672 2320
f 2320 1672 1675
f 2320 1675 2077
f 352 782 784
f 352 784 256
f 784 782 1135
f 1135 782 1133
f 1135 1133 1674
f 1135 1674 1676
f 256 784 126
f 126 784 758
f 758 784 1135
f 758 1135 1137
f 758 1137 728
f 1137 1135 1676
f 728 1137 1159
f 1137 1676 1678
f 1137 1678 1159
f 1678 1676 2219
f 1159 1678 1683
f 1678 2219 2120
f 1683 1678 2026
f 2026 1678 2120
f 2026 2120 2460
f 2026 2460 2169
f 126 758 728
f 126 728 31
f 31 728 727
f 727 728 1159
f 31 727 33
f 727 1159 1158
f 33 727 726
f 726 727 1158
f 33 726 90
f 726 1158 1139
f 90 726 729
f 729 726 1139
f 90 729 34
f 34 729 730
f 34 730 32
f 729 1139 1160
f 729 1160 730
f 730 1160 1161
f 1160 1139 1682
f 1161 1160 1686
f 1686 1160 1682
f 1686 1682 2275
f 1158 1159 1683
f 1139 1158 1685
f 1139 1685 1682
f 1682 1685 2169
f 2169 1685 2026
f 2026 1685 1683
f 1682 2169 2275
f 2275 2169 2460
f 2275 2460 2640
f 2275 2640 2170
f 2275 2170 1686
f 2170 2640 2462
f 1686 2170 1684
f 2220 2462 2639
f 2462 2220 2122
f 1686 1684 1161
f 2462 2122 2027
f 2462 2027 2170
f 2170 2027 1684
f 2027 2122 1680
f 2027 1680 1684
f 1684 1680 1138
f 1684 1138 1161
f 1161 1138 759
f 1161 759 730
f 1685 1158 1683
f 759 32 730
f 32 759 127
f 2460 2120 2638
f 2638 2120 2219
f 2460 2638 2640
f 2640 2638 2761
f 2640 2761 2462
f 2462 2761 2639
f 2219 1676 1674
f 2219 1674 2076
f 2219 2076 2638
f 2638 2076 2319
f 2638 2319 2455
f 2638 2455 2761
f 1674 1133 1156
f 1156 1133 806
f 1670 1674 1156
f 783 353 257
f 783 257 785
f 785 257 127
f 783 785 1134
f 785 127 759
f 1134 785 1136
f 1136 785 759
f 1134 1136 1675
f 1136 759 1138
f 1675 1136 1677
f 1677 1136 1138
f 1675 1677 2077
f 1677 1138 1680
f 2077 1677 2220
f 2220 1677 1680
f 2220 1680 2122
f 2455 2320 2639
f 2455 2639 2761
f 2639 2320 2077
f 2639 2077 2220
f 4623 4535 4500
f 4535 4623 4561
f 4535 4561 4481
f 4535 4481 4420
f 4420 4481 4400
f 4420 4400 4335
f 4335 4400 4267
f 4267 4400 4352
f 4267 4352 4306
f 4267 4306 4186
f 4186 4306 4066
f 4066 4306 4202
f 4066 4202 4023
f 4066 4023 3905
f 4623 4500 4499
f 4499 4500 4357
f 4357 4500 4358
f 4623 4499 4498
f 4498 4499 4357
f 4623 4498 4534
f 4357 4358 4262
f 4534 4498 4399
f 4498 4357 4374
f 4498 4374 4399
f 4374 4357 4262
f 4399 4374 4277
f 4277 4374 4262
f 4277 4262 4084
f 4277 4084 4141
f 4277 4141 4214
f 4141 4084 4005
f 4141 4005 4214
f 4005 4084 3981
f 4214 4005 4042
f 4500 4535 4358
f 4358 4535 4420
f 4358 4420 4278
f 4358 4278 4262
f 4262 4278 4084
f 4278 4420 4335
f 4084 4278 4142
f 4142 4278 4335
f 4142 4335 4267
f 4142 4267 4186
f 4142 4186 4064
f 4064 4186 4066
f 4064 4066 3964
f 3964 4066 3905
f 4623 4534 4560
f 4560 4534 4465
f 4465 4534 4399
f 4465 4399 4325
f 4465 4325 4385
f 4623 4560 4571
f 4571 4560 4465
f 4571 4465 4501
f 4501 4465 4429
f 4429 4465 4385
f 4429 4385 4327
f 4429 4327 4375
f 4375 4327 4336
f 4336 4327 4264
f 4264 4327 4214
f 4336 4264 4244
f 4244 4264 4160
f 4244 4160 3982
f 4244 3982 4105
f 4105 3982 3906
f 4623 4571 4561
f 4561 4571 4501
f 4481 4561 4501
f 4481 4501 4429
f 4481 4429 4400
f 4400 4429 4375
f 4400 4375 4352
f 4352 4375 4306
f 4306 4375 4336
f 4306 4336 4244
f 4306 4244 4202
f 4325 4399 4277
f 4325 4277 4214
f 4327 4385 4325
f 4325 4214 4327
f 4023 4202 4244
f 4023 4244 4105
f 4023 4105 3906
f 4023 3906 3834
f 4023 3834 3905
f 3834 3906 3243
f 3243 3906 3615
f 3243 3615 3039
f 3243 3039 2624
f 2624 3039 2160
f 2624 2160 1961
f 1961 2160 1650
f 1650 2160 1742
f 4064 3964 4065
f 4064 4065 4142
f 4142 4065 4102
f 4142 4102 4085
f 4142 4085 4183
f 4183 4085 4083
f 4183 4083 4181
f 4181 4083 4061
f 4181 4061 4138
f 3964 3905 4009
f 3964 4009 4065
f 4065 4009 4104
f 4065 4104 4161
f 4065 4161 4102
f 4102 4161 4085
f 4085 4161 4200
f 4085 4200 4227
f 4085 4227 4157
f 4009 3905 3888
f 4009 3888 3942
f 4009 3942 3983
f 4009 3983 4104
f 4104 3983 4161
f 4161 3983 4087
f 4161 4087 4200
f 4200 4087 4143
f 4200 4143 4227
f 4227 4143 4201
f 4227 4201 4265
f 4265 4201 4228
f 4265 4228 4266
f 3750 3888 3905
f 3750 3905 3834
f 3750 3834 3243
f 3888 3750 3812
f 3812 3750 3243
f 3812 3243 3327
f 3327 3243 2748
f 2748 3243 2624
f 2748 2624 2007
f 2007 2624 1961
f 2007 1961 1650
f 2007 1650 1512
f 1512 1650 1265
f 1265 1650 1384
f 3777 3812 3244
f 3812 3777 3923
f 3812 3923 3888
f 3923 3777 4010
f 3888 3923 4024
f 4024 3923 4010
f 3942 3888 4024
f 3942 4024 4106
f 3942 4106 3983
f 3983 4106 4187
f 3983 4187 4088
f 4088 4187 4162
f 4162 4187 4229
f 4162 4229 4231
f 4231 4229 4280
f 4024 4010 4106
f 4106 4010 4107
f 4106 4107 4187
f 4187 4107 4188
f 4187 4188 4230
f 4187 4230 4229
f 4229 4230 4280
f 4280 4230 4281
f 4280 4281 4307
f 4010 3777 3486
f 3486 3777 3244
f 3812 3327 3244
f 4010 3486 3835
f 4010 3835 4107
f 3486 3244 3042
f 3486 3042 3187
f 3042 3244 2440
f 2440 3244 3327
f 2440 3327 2748
f 2440 2748 2007
f 2440 2007 1830
f 3486 3187 3571
f 3486 3571 3835
f 3571 3187 2986
f 3835 3571 3943
f 3835 3943 4107
f 3943 3571 3778
f 4107 3943 4067
f 4067 3943 3778
f 4107 4067 4188
f 4067 3778 3924
f 4188 4067 4230
f 4067 3924 4144
f 4067 4144 4230
f 4144 3924 4068
f 4230 4144 4281
f 4144 4068 4232
f 4144 4232 4281
f 4232 4068 4190
f 4281 4232 4307
f 4307 4232 4190
f 3523 3924 3778
f 3523 3778 3571
f 3924 3523 3814
f 3523 3571 3245
f 3245 3571 3091
f 3091 3571 2986
f 3924 3814 3966
f 3924 3966 4068
f 4068 3966 4123
f 4068 4123 4190
f 4190 4123 4307
f 4088 4162 4044
f 4044 4162 4231
f 3811 3983 4088
f 3811 4088 3907
f 3907 4088 4044
f 3811 3907 3446
f 3446 3907 3813
f 3813 3907 4044
f 3813 4044 3965
f 4189 4044 4231
f 4044 4189 3965
f 4189 4231 4307
f 3965 4189 4122
f 4122 4189 4307
f 4231 4280 4307
f 4307 4123 4122
f 4122 4123 3966
f 4122 3966 3965
f 3965 3966 3814
f 3965 3814 3813
f 3813 3814 3523
f 3813 3523 3446
f 3446 3523 3245
f 3983 3811 3922
f 3922 3811 3443
f 3983 3922 4087
f 3922 3443 3720
f 4087 3922 4143
f 3922 3720 4022
f 3922 4022 4143
f 4022 3720 3887
f 4143 4022 4201
f 4022 3887 4007
f 4201 4022 4103
f 4103 4022 4007
f 4103 4007 4121
f 4103 4121 4185
f 3811 3446 3443
f 3443 3446 3184
f 3245 3091 2625
f 2625 3091 2986
f 2986 3187 3188
f 3295 3446 3245
f 3446 3295 3445
f 3445 3295 3328
f 3445 3328 3444
f 3444 3328 3375
f 3444 3375 3403
f 3403 3375 3374
f 3403 3374 3373
f 2986 3188 2441
f 2441 3188 2750
f 2441 2750 1871
f 2750 3188 3160
f 3160 3188 3376
f 3160 3376 3488
f 2986 2441 2625
f 3245 2625 2749
f 2749 2625 1962
f 2749 1962 2110
f 1962 2625 1871
f 1962 1871 1651
f 1651 1871 1554
f 3245 2749 3295
f 3446 3445 3184
f 3184 3445 3293
f 3293 3445 3444
f 3293 3444 3326
f 3295 2749 2887
f 3295 2887 3328
f 1871 2625 2441
f 2749 2110 2887
f 2887 2110 2362
f 2887 2362 2528
f 2887 2528 3041
f 2887 3041 3328
f 2110 1962 1920
f 1920 1962 1651
f 2110 1920 2109
f 2109 1920 1870
f 2109 1870 1831
f 2109 1831 2008
f 2008 1831 1829
f 2362 2110 2109
f 2362 2109 2528
f 3328 3041 3375
f 3375 3041 3158
f 3158 3041 2528
f 3158 2528 2886
f 3158 2886 3157
f 3158 3157 3294
f 3294 3157 3373
f 2528 2109 2008
f 2528 2008 1829
f 1870 1920 1513
f 1870 1513 1709
f 1709 1513 1206
f 1870 1709 1831
f 1831 1709 1266
f 1831 1266 1343
f 1831 1343 1829
f 1829 1343 1449
f 1449 1343 1095
f 1829 1449 1511
f 1829 1511 1794
f 1794 1511 1741
f 1741 1511 1593
f 1741 1593 1707
f 1513 1920 1651
f 1709 1206 1266
f 1266 1206 954
f 1266 954 953
f 1266 953 1343
f 1343 953 1095
f 954 1206 1225
f 954 1225 1050
f 1050 1225 1207
f 1050 1207 1113
f 1113 1207 1169
f 1050 1113 985
f 985 1113 1097
f 1050 985 872
f 1225 1206 1513
f 1225 1513 1473
f 1225 1473 1345
f 1225 1345 1207
f 1207 1345 1169
f 953 954 872
f 953 872 850
f 953 850 871
f 953 871 928
f 928 871 848
f 848 871 820
f 848 820 657
f 872 954 1050
f 1473 1513 1594
f 1473 1594 1345
f 1594 1513 1744
f 1744 1513 1743
f 1743 1513 1651
f 1345 1594 1450
f 1345 1450 1169
f 1169 1450 1452
f 1097 1113 1169
f 985 1097 1147
f 985 1147 872
f 1097 1169 1170
f 1097 1170 1147
f 1170 1169 1298
f 1170 1298 1147
f 1147 1298 1346
f 1147 1346 1074
f 1074 1346 1347
f 1074 1347 1208
f 1074 1208 874
f 874 1208 1114
f 874 1114 632
f 632 1114 851
f 658 632 427
f 427 632 43
f 43 632 294
f 294 632 851
f 43 294 42
f 42 294 44
f 44 294 397
f 397 294 851
f 397 851 428
f 397 428 4934
f 4934 428 368
f 4934 368 5451
f 5451 368 4763
f 5451 4763 5177
f 368 428 701
f 701 428 821
f 701 821 1017
f 1017 821 1075
f 1017 1075 1172
f 1172 1075 1301
f 1301 1075 1227
f 1301 1227 1388
f 1169 1452 1298
f 1298 1452 1346
f 1346 1452 1595
f 1346 1595 1347
f 1450 1594 1595
f 1450 1595 1452
f 1595 1594 1653
f 1653 1594 1744
f 1653 1744 1555
f 1555 1744 1743
f 1555 1743 1554
f 1555 1554 1451
f 1147 1074 872
f 872 1074 658
f 658 1074 874
f 658 874 632
f 1595 1653 1347
f 1347 1653 1208
f 1208 1653 1555
f 1208 1555 1114
f 1114 1555 1451
f 1743 1651 1554
f 872 658 850
f 658 427 293
f 293 427 43
f 293 43 4813
f 293 4813 45
f 45 4813 5123
f 293 45 396
f 658 293 580
f 580 293 396
f 658 580 850
f 580 396 610
f 580 610 850
f 850 610 871
f 953 928 870
f 928 848 870
f 870 848 767
f 767 848 657
f 871 610 700
f 820 871 699
f 699 871 700
f 820 699 657
f 700 610 220
f 220 610 396
f 700 220 426
f 220 396 4933
f 220 4933 5795
f 426 220 140
f 140 220 5176
f 140 5176 5449
f 140 5449 4762
f 699 700 426
f 699 426 579
f 699 579 657
f 657 579 457
f 140 457 426
f 657 457 395
f 395 457 140
f 395 140 4762
f 579 426 457
f 220 5795 5176
f 4933 396 5450
f 5450 396 45
f 4933 5450 5795
f 5450 45 5729
f 5729 45 5123
f 5795 5450 6146
f 5795 6146 6268
f 5450 5729 6148
f 6268 6146 6411
f 5450 6148 6146
f 6411 6146 6720
f 6148 5729 6721
f 6720 6146 6581
f 6581 6146 6148
f 6720 6581 6921
f 6921 6581 6148
f 6921 6148 6721
f 6921 6721 7289
f 7289 6721 7088
f 7289 7088 7418
f 7289 7418 7801
f 8042 8263 7801
f 8042 7801 7537
f 7537 7801 7418
f 7418 7088 7132
f 7418 7132 7537
f 7132 7088 6750
f 6750 7088 6583
f 7537 7132 7347
f 7537 7347 7502
f 7132 6750 6199
f 7347 7132 6722
f 6722 7132 6199
f 7347 6722 7045
f 7347 7045 7306
f 7347 7306 7502
f 7502 7306 7726
f 7726 7306 7535
f 6150 6199 6750
f 6150 6750 6583
f 6199 6150 5569
f 6150 6583 5731
f 5569 6150 5383
f 5383 6150 5731
f 5569 5383 5061
f 5383 5731 5179
f 5061 5383 5062
f 5062 5383 5179
f 5061 5062 4815
f 5062 5179 4936
f 4815 5062 4816
f 4816 5062 4936
f 4815 4816 4765
f 4765 4816 48
f 48 4816 4936
f 48 4936 4935
f 395 4762 367
f 395 367 657
f 367 4762 4812
f 4812 4762 5449
f 4812 5449 5448
f 5448 5449 6268
f 5448 6268 6267
f 6268 5449 5176
f 6268 5176 5795
f 367 4812 456
f 367 456 657
f 657 456 609
f 657 609 767
f 456 4812 40
f 609 456 366
f 366 456 40
f 609 366 578
f 578 366 4761
f 578 4761 523
f 4761 366 40
f 40 4812 5448
f 4761 40 5381
f 40 5448 5382
f 40 5382 5381
f 5382 5448 6267
f 5381 5382 6266
f 6266 5382 6267
f 609 578 767
f 767 578 766
f 767 766 870
f 870 766 698
f 698 766 578
f 698 578 523
f 698 523 522
f 522 523 4761
f 522 4761 39
f 39 4761 5381
f 522 39 489
f 39 5381 5566
f 5566 5381 6266
f 489 39 98
f 98 39 5566
f 489 98 393
f 5566 6266 6531
f 393 98 139
f 393 139 335
f 335 139 138
f 335 138 261
f 261 138 137
f 261 137 136
f 139 98 5175
f 5175 98 5566
f 139 5175 4932
f 4932 5175 5174
f 4932 5174 5172
f 5174 5175 5728
f 5728 5175 6145
f 6145 5175 5566
f 6145 5566 6531
f 6145 6531 6410
f 6410 6531 6844
f 6145 6410 6086
f 6410 6844 6792
f 6410 6792 6086
f 6792 6844 7085
f 6086 6792 6791
f 6792 7085 7128
f 6792 7128 6791
f 7128 7085 7288
f 6086 6791 5880
f 5880 6791 6790
f 5880 6790 5565
f 6791 7128 7177
f 6791 7177 6790
f 5565 6790 6839
f 5565 6839 5952
f 5565 5952 5237
f 5952 6839 6409
f 6790 7177 7224
f 7177 7128 7287
f 7287 7128 7288
f 7287 7288 7667
f 7667 7288 7417
f 7287 7667 7724
f 7177 7287 7318
f 7318 7287 7724
f 7177 7318 7224
f 7318 7724 7722
f 7224 7318 7414
f 7414 7318 7722
f 7224 7414 7574
f 7414 7722 7800
f 7414 7800 7574
f 7574 7800 7854
f 870 698 765
f 765 698 522
f 765 522 697
f 765 697 764
f 764 697 608
f 608 697 631
f 631 697 522
f 631 522 489
f 631 489 488
f 488 489 393
f 488 393 424
f 424 393 335
f 424 335 261
f 424 261 334
f 334 261 136
f 870 765 927
f 870 927 1072
f 1072 927 1145
f 870 1072 1095
f 870 1095 953
f 1072 1145 1204
f 1204 1145 1340
f 1204 1340 1385
f 1385 1340 1707
f 6266 6267 6531
f 6531 6267 6532
f 6267 6268 6532
f 6532 6268 6533
f 6533 6268 6719
f 6533 6719 6793
f 6719 6268 6679
f 6679 6268 6794
f 6794 6268 6411
f 608 631 488
f 608 488 392
f 392 488 290
f 608 392 218
f 608 218 455
f 455 218 260
f 260 218 4870
f 260 4870 5445
f 260 5445 4925
f 4925 5445 5877
f 4925 5877 5653
f 5653 5877 6638
f 765 764 927
f 927 764 893
f 893 764 733
f 733 764 608
f 733 608 630
f 630 608 455
f 816 1071 893
f 893 1071 1167
f 893 1167 927
f 927 1167 1203
f 1203 1167 1553
f 1553 1167 1471
f 1471 1167 1263
f 138 139 4932
f 138 4932 4931
f 4931 4932 5172
f 4931 5172 5173
f 138 4931 137
f 4931 5173 4929
f 137 4931 4759
f 4759 4931 4929
f 137 4759 136
f 136 4759 4929
f 424 334 290
f 290 334 219
f 219 334 136
f 219 136 97
f 424 290 488
f 219 97 290
f 290 97 4758
f 290 4758 4871
f 290 4871 392
f 97 136 4872
f 97 4872 5058
f 5058 4872 5173
f 97 5058 4758
f 4758 5058 5238
f 5238 5058 5447
f 4758 5238 4871
f 4872 136 4929
f 4872 4929 5173
f 5173 5172 5058
f 5058 5172 5447
f 5447 5172 5174
f 5447 5174 5880
f 5447 5880 5565
f 5880 5174 6086
f 6086 5174 5728
f 6086 5728 6145
f 392 4871 218
f 218 4871 4928
f 218 4928 5237
f 5237 4928 5565
f 218 5237 4870
f 4870 5237 5445
f 5445 5237 5878
f 5445 5878 6675
f 6789 6639 5878
f 6639 6789 7175
f 7175 6789 6991
f 6991 6789 6409
f 6991 6409 6917
f 6917 6409 6839
f 6917 6839 7220
f 7220 6839 7224
f 7224 6839 6790
f 7220 7224 7372
f 7220 7372 7617
f 7220 7617 7219
f 7219 7617 7301
f 7219 7301 7083
f 7083 7301 6990
f 7301 7617 7666
f 6990 7301 7217
f 7666 7617 7909
f 6990 7217 6675
f 6675 7217 6916
f 6916 7217 7317
f 6675 6916 6638
f 7317 7217 7370
f 7370 7217 7301
f 7370 7301 7666
f 6675 6638 6196
f 6196 6638 5877
f 6675 6196 5445
f 5445 6196 5877
f 7370 7666 7766
f 7370 7766 7876
f 7766 7666 7931
f 7766 7931 7876
f 7931 7666 7999
f 7999 7666 7909
f 7931 7999 8182
f 7931 8182 8424
f 8182 7999 8382
f 8182 8382 8424
f 7999 7909 8425
f 7999 8425 8382
f 8146 7876 7931
f 8146 7931 8424
f 7876 8146 8181
f 7876 8181 7961
f 8146 8424 8381
f 8146 8381 8181
f 8592 8424 8382
f 8381 8424 8591
f 8381 8591 8730
f 8424 8592 8731
f 8381 8730 8492
f 8181 8381 8258
f 8258 8381 8492
f 8181 8258 8035
f 8181 8035 7961
f 8035 8258 7997
f 7961 8035 7875
f 7612 7798 7875
f 7612 7875 7571
f 7875 8035 7874
f 7874 8035 7997
f 7875 7874 7571
f 7874 7997 7979
f 7979 7997 8145
f 8145 7997 8179
f 7571 7874 7873
f 7571 7873 7570
f 7570 7873 7568
f 8145 8179 8422
f 8422 8179 8492
f 8422 8492 8804
f 7796 7873 7979
f 7873 7796 7568
f 7568 7796 7655
f 7655 7796 7794
f 7794 7796 7926
f 7655 7794 7762
f 8422 8804 8766
f 8422 8766 8303
f 9090 8694 8766
f 9090 8766 9039
f 8766 8804 9091
f 8766 9091 9039
f 9091 8804 8731
f 9039 9091 9519
f 9039 9519 9334
f 9519 9091 9131
f 9131 9091 8731
f 9519 9131 9671
f 9671 9131 9716
f 9131 8731 9132
f 9131 9132 9716
f 9132 8731 8592
f 9716 9132 9672
f 9132 8592 9092
f 9132 9092 9672
f 8985 9673 9092
f 8985 9092 8546
f 8546 9092 8621
f 8546 8621 8382
f 8985 8546 8425
f 8425 8546 8382
f 8261 8699 8425
f 8699 8261 8346
f 8261 8425 7909
f 8346 8261 8001
f 8261 7909 7981
f 8261 7981 8001
f 4871 5238 4928
f 4928 5238 5565
f 5565 5238 5447
f 630 455 260
f 630 260 520
f 520 260 390
f 520 390 546
f 390 260 4925
f 546 390 628
f 390 4925 181
f 628 390 389
f 389 390 181
f 628 389 889
f 628 889 629
f 629 889 1162
f 889 389 605
f 605 389 131
f 131 389 181
f 605 131 287
f 287 131 96
f 96 131 4866
f 96 4866 5055
f 4866 131 5057
f 4866 5057 5055
f 131 181 4868
f 131 4868 5057
f 5055 5057 5652
f 5652 5057 4868
f 5055 5652 5493
f 5055 5493 5052
f 5052 5493 5375
f 5052 5375 5050
f 5050 5375 5167
f 5050 5167 5046
f 5046 5167 5235
f 5235 5167 5491
f 5379 5652 4868
f 5379 4868 181
f 5652 5379 6016
f 5652 6016 6263
f 5379 181 5169
f 5379 5169 6016
f 5169 181 4925
f 5169 4925 5653
f 5169 5653 6016
f 6263 6016 6716
f 6016 5653 6529
f 6016 6529 6716
f 6716 6529 6916
f 6716 6916 6951
f 6951 6916 7256
f 6951 7256 7316
f 7316 7256 7530
f 7530 7256 7370
f 893 733 630
f 893 630 816
f 816 630 693
f 693 630 520
f 693 520 607
f 607 520 519
f 607 519 574
f 574 519 487
f 816 693 890
f 816 890 1071
f 1071 890 1144
f 1167 1071 1263
f 1263 1071 1144
f 1144 890 1049
f 1049 890 762
f 1049 762 842
f 842 762 653
f 842 653 692
f 692 653 545
f 1263 1144 1381
f 1263 1381 1471
f 1381 1144 1165
f 1165 1144 981
f 1471 1381 1552
f 1471 1552 1706
f 1471 1706 1553
f 1381 1165 1447
f 1381 1447 1704
f 1704 1447 1508
f 1508 1447 1445
f 1508 1445 1643
f 1445 1447 1259
f 1259 1447 1162
f 1259 1162 889
f 1259 889 1014
f 1014 889 690
f 690 889 605
f 690 605 388
f 388 605 287
f 388 287 96
f 1109 1445 1259
f 388 96 422
f 388 422 812
f 887 1109 812
f 887 812 422
f 1445 1109 1549
f 1445 1549 1643
f 1109 887 1201
f 1109 1201 1549
f 887 422 980
f 887 980 1201
f 1201 980 1379
f 980 422 571
f 1201 1379 1826
f 1201 1826 1549
f 1549 1826 1643
f 1643 1826 2002
f 2002 1826 2055
f 2055 1826 2054
f 571 422 95
f 95 422 96
f 95 96 5055
f 571 95 285
f 571 285 604
f 604 285 331
f 285 95 35
f 285 35 331
f 35 95 5055
f 331 35 128
f 35 5055 5052
f 128 35 4807
f 35 5052 4863
f 35 4863 4807
f 4863 5052 5050
f 4807 4863 4922
f 4863 5050 4990
f 4863 4990 4922
f 4990 5050 5046
f 4990 5046 4922
f 927 1203 1297
f 927 1297 1145
f 1553 1591 1203
f 1203 1591 1297
f 1145 1297 1340
f 1297 1591 1647
f 1340 1297 1472
f 1472 1297 1647
f 1340 1472 1707
f 1707 1472 1647
f 1552 1381 1705
f 1705 1381 1704
f 1552 1705 1706
f 1706 1705 2005
f 1447 1165 981
f 2005 1705 1704
f 2005 1704 1958
f 1958 1704 1867
f 1867 1704 1644
f 1706 2005 2062
f 1706 2062 2006
f 2006 2062 2361
f 2361 2062 2358
f 2358 2062 2004
f 1958 2252 2004
f 2004 2252 2357
f 2004 2357 2358
f 2358 2357 2687
f 2361 2358 2689
f 2689 2358 2687
f 2361 2689 2933
f 2689 2687 3088
f 2933 2689 2984
f 2984 2689 3088
f 2984 3088 3442
f 3442 3088 3441
f 3441 3088 3156
f 3441 3156 3401
f 3401 3156 3155
f 2984 3442 3485
f 3485 3442 3569
f 2984 3485 3184
f 3184 3485 3443
f 2062 2005 2004
f 2004 2005 1958
f 1959 1553 1706
f 1959 1706 2006
f 1553 1959 1869
f 1553 1869 1591
f 1591 1869 1827
f 1591 1827 1647
f 1647 1827 1707
f 2252 1958 2108
f 2108 1958 1867
f 2108 1867 1739
f 2357 2252 2523
f 2357 2523 2687
f 2523 2252 2108
f 2523 2108 2200
f 2200 2108 1955
f 1955 2108 1866
f 1955 1866 1640
f 1640 1866 1586
f 1640 1586 1441
f 3088 2687 3156
f 3156 2687 2523
f 3156 2523 3155
f 3155 2523 2519
f 3155 2519 3028
f 3028 2519 2686
f 3028 2686 2926
f 2926 2686 2739
f 2926 2739 2802
f 2361 2933 2985
f 2361 2985 2204
f 2623 2256 2204
f 2623 2204 2690
f 2690 2204 2985
f 2690 2985 3038
f 3038 2985 3186
f 3038 3186 3373
f 2933 2984 3184
f 2933 3184 3293
f 2933 3293 2985
f 2985 3293 3326
f 2985 3326 3372
f 2985 3372 3186
f 3186 3372 3373
f 3326 3444 3372
f 3372 3444 3403
f 3372 3403 3373
f 3374 3375 3158
f 3374 3158 3294
f 3374 3294 3373
f 3373 3157 3040
f 3040 3157 2886
f 3373 3040 3038
f 3040 2886 2623
f 3040 2623 3038
f 3038 2623 2690
f 2623 2886 2528
f 2623 2528 2256
f 2361 2204 2006
f 2006 2204 2256
f 2006 2256 2159
f 2256 2528 1829
f 2159 2256 1829
f 2159 1829 2064
f 2064 1829 1794
f 2064 1794 1919
f 1919 1794 1741
f 1919 1741 1707
f 2006 2159 1959
f 1959 2159 2064
f 1959 2064 1869
f 1869 2064 1919
f 1869 1919 1827
f 1827 1919 1707
f 1385 1707 1593
f 1385 1593 1204
f 1204 1593 1511
f 1204 1511 1072
f 1072 1511 1449
f 1072 1449 1095
f 3974 3959 3883
f 3959 3974 4021
f 3959 4021 4061
f 3883 3959 3917
f 3917 3959 4061
f 3883 3917 3773
f 3917 4061 3904
f 3773 3917 3520
f 3520 3917 3904
f 4021 3974 4056
f 4056 3974 4055
f 4021 4056 4061
f 4061 4056 4138
f 3974 3883 3867
f 3883 3773 3689
f 3883 3689 3867
f 3689 3773 3520
f 3689 3520 3398
f 3974 3867 3882
f 3882 3867 3689
f 3882 3689 3716
f 3716 3689 3479
f 3479 3689 3398
f 3479 3398 3240
f 3240 3398 3086
f 3086 3398 3087
f 3240 3086 2929
f 3086 3087 2743
f 3086 2743 2929
f 2929 2743 2522
f 3974 3882 3936
f 3974 3936 3994
f 3936 3882 3868
f 3936 3868 3994
f 3994 3868 3999
f 3868 3882 3716
f 3999 3868 3772
f 3772 3868 3716
f 3772 3716 3479
f 3772 3479 3612
f 3772 3612 3774
f 3612 3479 3240
f 3774 3612 3402
f 3402 3612 3240
f 3402 3240 2929
f 3402 2929 2522
f 3974 3994 4055
f 4055 3994 3999
f 4055 3999 4118
f 4118 3999 3977
f 3977 3999 3772
f 4056 4118 4138
f 4138 4118 4139
f 4139 4118 3977
f 4138 4139 4181
f 4181 4139 4140
f 4140 4139 3977
f 4181 4140 4183
f 4183 4140 4142
f 4142 4140 4084
f 4140 3977 3963
f 3963 3977 3902
f 3963 3902 3978
f 3963 3978 4140
f 4140 3978 4084
f 4084 3978 3981
f 4055 4118 4056
f 4061 4083 3904
f 3904 4083 3886
f 3886 4083 4085
f 3902 3977 3772
f 3902 3772 3774
f 4005 3981 3978
f 4005 3978 4041
f 4041 3978 4003
f 4003 3978 3902
f 4003 3902 3918
f 4003 3918 4039
f 4003 4039 4082
f 4003 4082 4041
f 4082 4039 4081
f 4081 4039 4035
f 4005 4041 4063
f 4005 4063 4042
f 4063 4041 4082
f 4042 4063 4062
f 4062 4063 4098
f 4098 4063 4082
f 4062 4098 4099
f 4098 4082 4079
f 4079 4082 4081
f 4079 4081 4035
f 4214 4042 4156
f 4214 4156 4276
f 4156 4042 4062
f 4156 4062 4199
f 4199 4062 4099
f 4199 4099 4224
f 4224 4099 4080
f 4224 4080 4243
f 4243 4080 4137
f 4243 4137 4196
f 4243 4196 4241
f 4035 4039 3976
f 3976 4039 3918
f 4035 3976 3960
f 3960 3976 3918
f 4035 3960 3997
f 3997 3960 3961
f 3961 3960 3916
f 3916 3960 3918
f 3961 3916 3870
f 3916 3918 3902
f 3870 3916 3872
f 3872 3916 3902
f 3870 3872 3774
f 3774 3872 3902
f 4059 4079 4035
f 4079 4059 4060
f 4060 4059 3961
f 4079 4060 4098
f 4098 4060 4099
f 4059 4035 3997
f 4059 3997 3961
f 4080 4099 4060
f 4080 4060 3961
f 3961 3870 3831
f 3961 3831 3937
f 3831 3870 3651
f 3651 3870 3774
f 3961 3937 4080
f 4080 3937 4137
f 4137 3937 4034
f 4137 4034 4196
f 4196 4034 4115
f 4196 4115 4222
f 3831 3651 3567
f 3567 3651 3402
f 3831 3567 3771
f 3831 3771 3937
f 3651 3774 3402
f 3087 3398 3520
f 3402 2522 2806
f 3402 2806 2807
f 3402 2807 3287
f 2522 2743 2201
f 2201 2743 1916
f 1916 2743 2199
f 2199 2743 3087
f 1916 2199 1957
f 1916 1957 1590
f 1590 1957 1700
f 1590 1700 1258
f 1258 1700 1295
f 1258 1295 945
f 945 1295 606
f 2199 3087 2356
f 2199 2356 2054
f 2356 3087 3029
f 2054 2356 2518
f 2518 2356 3029
f 2054 2518 2196
f 2518 3029 2928
f 2928 3029 3181
f 2928 3181 2977
f 2518 2928 2685
f 2685 2928 2874
f 2685 2874 2738
f 2738 2874 2802
f 3287 2807 2746
f 3287 2746 3400
f 3400 2746 2930
f 3287 3400 3567
f 3287 3567 3402
f 3567 3400 3690
f 3567 3690 3771
f 3771 3690 3851
f 3771 3851 3898
f 3898 3851 3935
f 3898 3935 3993
f 3993 3935 4032
f 3993 4032 4097
f 4097 4032 4114
f 4097 4114 4222
f 1957 2199 2054
f 1957 2054 1826
f 1957 1826 1700
f 1700 1826 1295
f 606 1295 944
f 606 944 604
f 606 604 216
f 216 604 331
f 216 331 4864
f 4864 331 128
f 4864 128 5119
f 5119 128 5116
f 5116 128 4807
f 5119 5116 5791
f 5791 5116 5491
f 5116 4807 4922
f 5491 5116 5114
f 5114 5116 4922
f 5114 4922 5046
f 944 1295 1379
f 944 1379 980
f 944 980 604
f 604 980 571
f 1379 1295 1826
f 5114 5046 5235
f 5114 5235 5491
f 5167 5375 5491
f 5491 5375 5791
f 5791 5375 5493
f 5791 5493 5652
f 5791 5652 6082
f 6082 5652 6466
f 6466 5652 6263
f 6082 6466 6464
f 6466 6263 6716
f 6464 6466 6950
f 6950 6466 6716
f 6464 6950 6915
f 6950 6716 6951
f 6915 6950 7316
f 6915 7316 7251
f 7251 7316 7408
f 7408 7316 7529
f 7408 7529 7612
f 7408 7612 7453
f 7453 7612 7571
f 7453 7571 7406
f 7406 7571 7362
f 7362 7571 7570
f 7362 7570 7568
f 7362 7568 7448
f 7448 7568 7566
f 7566 7568 7655
f 7566 7655 7762
f 7798 7612 7529
f 7798 7529 7316
f 7798 7316 7530
f 7798 7530 7876
f 7876 7530 7370
f 7798 7876 7961
f 7798 7961 7875
f 6950 6951 7316
f 7256 6916 7317
f 7256 7317 7370
f 7997 8258 8179
f 8179 8258 8492
f 8730 8591 8731
f 8731 8591 8424
f 8730 8731 8804
f 8492 8730 8804
f 8145 8422 8303
f 8145 8303 8218
f 8218 8303 8521
f 8145 8218 8063
f 8063 8218 8143
f 8143 8218 8299
f 8143 8299 8215
f 7979 8145 8063
f 7873 7874 7979
f 7406 7362 7364
f 7364 7362 7448
f 7364 7448 7403
f 7403 7448 7609
f 7609 7448 7658
f 7609 7658 7851
f 7658 7448 7566
f 7658 7566 7654
f 7654 7566 7762
f 7796 7979 7926
f 7926 7979 8063
f 7762 7794 7793
f 7654 7762 7793
f 7654 7793 7901
f 7793 7794 7901
f 7901 7794 7926
f 7901 7926 8063
f 7654 7901 7658
f 7658 7901 7851
f 7851 7901 7960
f 7851 7960 8064
f 7960 7901 8031
f 8031 7901 8032
f 8031 8032 8215
f 7901 8063 8032
f 8032 8063 8143
f 8032 8143 8215
f 8064 7960 8376
f 8064 8376 8490
f 8376 7960 8031
f 8376 8031 8256
f 8256 8031 8215
f 8215 8299 8256
f 8256 8299 8376
f 8376 8299 8491
f 8299 8218 8377
f 8377 8218 8521
f 8299 8377 8491
f 8491 8377 8521
f 8521 8303 8766
f 8521 8766 8694
f 8521 8694 8491
f 8064 8490 8463
f 8463 8490 8648
f 8463 8648 8649
f 8490 8376 8589
f 8490 8589 8648
f 8589 8376 8488
f 8589 8488 8689
f 8488 8376 8491
f 8488 8491 8619
f 8689 8488 8619
f 8689 8619 9029
f 9029 8619 8690
f 8589 8689 8900
f 8900 8689 9029
f 8589 8900 8901
f 8619 8491 8690
f 8690 8491 8861
f 8861 8491 8765
f 8690 8861 9029
f 8589 8901 8648
f 8900 9029 9033
f 8900 9033 9035
f 9029 8861 8976
f 9029 8976 9033
f 9033 8976 9036
f 8976 8861 8765
f 9036 8976 8937
f 8937 8976 8765
f 8937 8765 8982
f 8937 8982 9177
f 8765 8491 8694
f 8900 9035 8901
f 9033 9036 9035
f 9035 9036 9256
f 8982 8765 8694
f 8694 9090 8982
f 9036 8937 9177
f 9036 9177 9256
f 9177 8982 9369
f 9369 8982 9333
f 9369 9333 9669
f 9333 8982 9334
f 9333 9334 9669
f 9334 8982 9090
f 9669 9334 9519
f 9669 9519 9943
f 9177 9369 9256
f 9334 9090 9039
f 9943 9519 9671
f 9943 9671 10042
f 9943 10042 10074
f 10042 9671 9716
f 10042 9716 9672
f 9092 9673 9672
f 9672 9673 9875
f 10042 9672 9959
f 9959 9672 9875
f 9959 9875 10017
f 10042 9959 10253
f 10253 9959 10017
f 10253 10017 10183
f 10183 10017 10098
f 10183 10098 10162
f 10253 10183 10506
f 10253 10506 10421
f 10253 10421 10279
f 10279 10421 10301
f 10301 10421 10353
f 10301 10353 10300
f 10506 10183 10507
f 10183 10162 10383
f 10183 10383 10507
f 10383 10162 10133
f 10506 10507 10615
f 10507 10383 10545
f 10507 10545 10615
f 10545 10383 10133
f 10615 10545 10644
f 10615 10644 10669
f 10506 10615 10586
f 10586 10615 10669
f 10586 10669 10667
f 10357 10618 10545
f 10357 10545 10133
f 10586 10667 10484
f 10586 10484 10382
f 10484 10667 10613
f 10484 10613 10352
f 10484 10352 10249
f 10352 10613 10483
f 9878 9991 10133
f 9878 10133 9990
f 9990 10133 10076
f 10076 10133 10162
f 9990 10076 9676
f 9676 10076 9916
f 10076 10162 10129
f 9916 10076 10018
f 10018 10076 10129
f 10018 10129 10157
f 9669 9943 10074
f 9669 10074 9912
f 9669 9912 9369
f 8592 8382 8621
f 8592 8621 9092
f 8985 8425 8699
f 8985 8699 8869
f 8985 8869 9133
f 8985 9133 9258
f 8985 9258 9673
f 9258 9133 8904
f 9258 8904 9182
f 9182 8904 9041
f 8904 9133 8869
f 8904 8869 8493
f 8869 8699 8493
f 8699 8346 8493
f 8493 8346 8262
f 8493 8262 8222
f 8262 8346 8001
f 8262 8001 7982
f 8262 7982 8003
f 8700 8904 8493
f 8904 8700 9041
f 9041 8700 8773
f 8700 8493 8222
f 8773 8700 8594
f 8594 8700 8222
f 8773 8594 8547
f 8547 8594 8105
f 8105 8594 8222
f 8105 8222 8003
f 8003 8222 8262
f 8105 8003 7935
f 7935 8003 7724
f 7935 7724 7667
f 7935 7667 7835
f 7835 7667 7668
f 7835 7668 7669
f 7668 7667 7417
f 7668 7417 7669
f 9417 9182 9041
f 9182 9417 9258
f 9258 9417 9566
f 9417 9041 9419
f 9258 9566 9673
f 9673 9566 9876
f 9673 9876 10157
f 10157 9876 10018
f 10018 9876 9566
f 10018 9566 9916
f 9417 9419 9676
f 9417 9676 9566
f 9916 9566 9676
f 9875 9673 10157
f 9875 10157 10017
f 10017 10157 10098
f 10157 10129 10098
f 10098 10129 10162
f 10042 10253 10279
f 10042 10279 10301
f 10042 10301 10126
f 10126 10301 10300
f 10042 10126 10074
f 10126 10300 10074
f 10074 10300 10155
f 10155 10300 10353
f 10353 10421 10250
f 10353 10250 10155
f 10382 10421 10506
f 10382 10506 10586
f 10421 10382 10250
f 10250 10382 10249
f 10155 10250 10249
f 10155 10249 9987
f 9987 10249 10352
f 9987 10352 10154
f 9987 10154 9757
f 9757 10154 9955
f 9757 9955 9617
f 9955 10154 10073
f 10073 10154 10299
f 9955 10073 9756
f 9955 9756 9617
f 9756 10073 9910
f 9756 9910 9793
f 9617 9756 9664
f 9617 9664 9414
f 9414 9664 9564
f 9414 9564 9329
f 9329 9564 9487
f 9329 9487 9486
f 9329 9486 9326
f 9326 9486 9562
f 9329 9326 9175
f 9329 9175 9253
f 9912 10074 10155
f 9912 10155 9987
f 9912 9987 9667
f 9667 9987 9758
f 9758 9987 9757
f 9758 9757 9415
f 9667 9758 9518
f 9518 9758 9489
f 9518 9489 9447
f 9369 9912 9667
f 9369 9667 9518
f 9369 9518 9256
f 9256 9518 9447
f 9256 9447 9415
f 9415 9447 9489
f 9415 9489 9758
f 9256 9415 9035
f 9035 9415 9285
f 9035 9285 9176
f 9176 9285 9366
f 9176 9366 9327
f 9327 9366 9365
f 9327 9365 9362
f 9366 9285 9445
f 9445 9285 9415
f 9445 9415 9517
f 9517 9415 9757
f 9035 9176 8901
f 8901 9176 9031
f 9517 9757 9617
f 9517 9617 9445
f 9445 9617 9444
f 9444 9617 9414
f 9445 9444 9366
f 9444 9414 9412
f 9444 9412 9366
f 9366 9412 9364
f 9366 9364 9365
f 9365 9364 9362
f 8901 9031 8648
f 8648 9031 8898
f 8898 9031 9219
f 8898 9219 9170
f 8648 8898 8649
f 8649 8898 9089
f 9031 9176 9219
f 9219 9176 9327
f 9219 9327 9362
f 9219 9362 9170
f 9170 9362 9251
f 9170 9251 8898
f 8898 9251 9253
f 9362 9364 9251
f 9251 9364 9412
f 9253 9251 9412
f 9253 9412 9414
f 8898 9253 9089
f 9089 9253 9175
f 9089 9175 8977
f 8649 9089 8977
f 8649 8977 8650
f 8650 8977 8979
f 8650 8979 8651
f 8979 8977 9173
f 9173 8977 9127
f 9329 9253 9414
f 8977 9175 9127
f 9127 9175 9326
f 9127 9326 9173
f 8651 8979 8464
f 9173 9326 9325
f 9326 9562 9325
f 9325 9562 9443
f 9173 9325 9367
f 9367 9325 9443
f 9367 9443 9613
f 9173 9367 8979
f 9443 9562 9613
f 9563 9562 9486
f 9563 9486 9487
f 9563 9487 9614
f 9614 9487 9710
f 9562 9563 9613
f 9613 9563 9614
f 9613 9614 9615
f 9615 9614 9711
f 9711 9614 9710
f 9615 9711 9488
f 9711 9710 9836
f 9836 9710 9792
f 9711 9836 9488
f 9488 9836 9791
f 9488 9791 9665
f 9665 9791 9983
f 9488 9665 9616
f 9665 9983 9911
f 9911 9983 10180
f 9665 9911 9956
f 9665 9956 9616
f 9956 9911 10210
f 10210 9911 10180
f 9956 10210 10211
f 9956 10211 9957
f 9956 9957 9616
f 10211 10210 10419
f 9616 9957 9712
f 9616 9712 9516
f 9616 9516 9446
f 9616 9446 9488
f 9446 9516 9490
f 9488 9446 9367
f 9446 9490 9255
f 9367 9446 9413
f 9413 9446 9255
f 9367 9413 9328
f 9413 9255 9254
f 9413 9254 9252
f 9413 9252 9411
f 9255 9490 9368
f 9368 9490 9713
f 9368 9713 9666
f 9666 9713 9986
f 9368 9666 9331
f 9368 9331 9037
f 9666 9986 9942
f 9331 9666 9618
f 9618 9666 9942
f 9331 9618 9330
f 9331 9330 9038
f 9331 9038 9037
f 9037 9038 9034
f 9942 9986 10097
f 10097 9986 10212
f 9034 9038 8978
f 9034 8978 9030
f 9030 8978 8862
f 8862 8978 8725
f 8978 9038 8938
f 8978 8938 8725
f 8725 8938 8693
f 8938 9038 9129
f 8938 9129 8983
f 8983 9129 9286
f 8983 9286 9332
f 8983 9332 9130
f 9130 9332 9178
f 9178 9332 9257
f 9332 9286 9565
f 9565 9286 9668
f 9565 9668 9794
f 9794 9668 9958
f 9794 9958 9913
f 9913 9958 10075
f 9913 10075 10127
f 9958 9668 10097
f 9958 10097 10075
f 10097 9668 9942
f 10075 10097 10156
f 10156 10097 10251
f 10251 10097 10212
f 10251 10212 10354
f 10544 10354 10419
f 10544 10419 10418
f 10418 10419 10210
f 10418 10210 10180
f 10418 10180 10454
f 10544 10418 10611
f 10611 10418 10454
f 10454 10180 10609
f 10454 10609 10611
f 10609 10180 10317
f 10153 10380 10317
f 10317 10380 10482
f 10317 10482 10610
f 10317 10610 10609
f 10610 10482 10642
f 10609 10610 10723
f 10723 10610 10642
f 10693 10642 10585
f 10642 10693 10768
f 10642 10768 10723
f 10723 10768 10769
f 10769 10768 10809
f 10769 10809 10787
f 10787 10809 10788
f 10787 10788 10771
f 10767 10609 10723
f 10609 10767 10611
f 10767 10723 10817
f 10810 10787 10812
f 10810 10812 10770
f 10810 10770 10743
f 10810 10743 10817
f 10743 10770 10746
f 10767 10817 10694
f 10694 10817 10743
f 10767 10694 10611
f 10743 10746 10643
f 10743 10643 10694
f 10643 10746 10616
f 10611 10694 10614
f 10614 10694 10643
f 10611 10614 10544
f 10614 10643 10486
f 10486 10643 10458
f 10486 10458 10485
f 10614 10486 10457
f 10614 10457 10544
f 10457 10486 10485
f 10544 10457 10354
f 10354 10457 10456
f 10456 10457 10485
f 10456 10485 10302
f 10456 10302 10355
f 10456 10355 10420
f 10420 10355 10381
f 10420 10381 10318
f 9613 9615 9367
f 9710 9487 9564
f 9615 9488 9367
f 9710 9564 9792
f 9564 9664 9792
f 9792 9664 9793
f 9793 9664 9756
f 9792 9793 9984
f 9984 9793 9985
f 9984 9985 10181
f 9985 9793 10073
f 10181 9985 10182
f 10182 9985 10073
f 10182 10073 10299
f 10181 10182 10505
f 10182 10299 10483
f 10505 10182 10455
f 10455 10182 10483
f 10505 10455 10612
f 10612 10455 10483
f 10612 10483 10613
f 10612 10613 10666
f 10666 10613 10667
f 10666 10667 10668
f 10668 10667 10669
f 10668 10669 10747
f 9910 10073 9793
f 10299 10154 10483
f 10483 10154 10352
f 10484 10249 10382
f 10612 10666 10809
f 10612 10809 10768
f 10809 10666 10788
f 10788 10666 10668
f 10788 10668 10747
f 10788 10747 10771
f 10771 10747 10696
f 10771 10696 10789
f 10771 10789 10787
f 10787 10789 10812
f 10789 10696 10695
f 10487 10587 10695
f 10695 10587 10773
f 10695 10773 10789
f 10773 10587 10645
f 10773 10645 10819
f 10773 10819 10865
f 10789 10773 10845
f 10845 10773 10865
f 10789 10845 10910
f 10910 10845 10865
f 10612 10768 10505
f 10505 10768 10693
f 10505 10693 10585
f 10505 10585 10482
f 10505 10482 10181
f 10181 10482 10380
f 10181 10380 9984
f 9984 10380 10153
f 9984 10153 9792
f 9792 10153 9941
f 9792 9941 9836
f 10482 10585 10642
f 10153 10317 9983
f 9983 10317 10180
f 10153 9983 9941
f 9836 9941 9791
f 9791 9941 9983
f 10211 10419 9986
f 9986 10419 10212
f 10212 10419 10354
f 10211 9986 9957
f 9957 9986 9713
f 9957 9713 9490
f 9957 9490 9712
f 9712 9490 9516
f 9255 9368 9037
f 9255 9037 9254
f 9254 9037 9032
f 9254 9032 9252
f 9032 9037 8902
f 9330 9618 9286
f 9286 9618 9668
f 9668 9618 9942
f 9330 9286 9129
f 9330 9129 9038
f 10075 10156 10252
f 10252 10156 10251
f 10075 10252 10127
f 10127 10252 10381
f 10381 10252 10318
f 10127 10381 10355
f 10127 10355 10302
f 10127 10302 9914
f 10252 10251 10318
f 10318 10251 10354
f 10318 10354 10420
f 10420 10354 10456
f 10127 9914 9913
f 9336 9913 9337
f 9337 9913 9914
f 9337 9914 9291
f 8732 9291 8593
f 9291 9914 9874
f 8593 9291 9181
f 9181 9291 9874
f 8593 9181 8805
f 8593 8805 8524
f 8524 8805 8260
f 8260 8805 8426
f 9181 9874 9674
f 9181 9674 9259
f 9674 9874 9988
f 9259 9674 9416
f 9259 9416 9134
f 9134 9416 9292
f 9988 9874 10159
f 9134 9292 8941
f 8733 8805 9134
f 8733 9134 8941
f 8805 8733 8569
f 8569 8733 8622
f 8622 8733 8941
f 8569 8622 8428
f 8941 9292 9795
f 9795 9292 9619
f 8622 8941 8905
f 8941 9795 9418
f 8941 9418 8905
f 9418 9795 9675
f 8905 9418 9040
f 8905 9040 8770
f 8905 8770 8570
f 8905 8570 8623
f 8905 8623 8622
f 8622 8623 8428
f 9675 9795 9961
f 8428 8623 8429
f 9961 9795 10019
f 10019 9795 9619
f 10019 9619 10161
f 9961 10019 10131
f 10131 10019 10161
f 10131 10161 10215
f 9961 10131 9989
f 9717 9675 9989
f 9717 9989 10132
f 9717 10132 9796
f 9917 9293 9796
f 9917 9796 10217
f 10217 9796 10132
f 9917 10217 10303
f 10303 10217 10645
f 10645 10217 10509
f 10509 10217 10132
f 10645 10509 10819
f 10216 10132 9989
f 10216 9989 10130
f 10509 10132 10384
f 10384 10132 10216
f 10216 10130 10160
f 10509 10384 10772
f 10509 10772 10819
f 10819 10772 10844
f 10819 10844 10865
f 10844 10772 10617
f 10617 10772 10384
f 10617 10384 10508
f 10508 10384 10216
f 10617 10508 10746
f 10746 10508 10616
f 10508 10216 10356
f 10356 10216 10160
f 10508 10356 10616
f 10356 10160 10159
f 10616 10356 10422
f 10422 10356 10159
f 10616 10422 10643
f 10643 10422 10458
f 10458 10422 10159
f 10458 10159 10254
f 10254 10159 9874
f 10458 10254 10485
f 10254 9874 9914
f 10485 10254 10302
f 10302 10254 9914
f 10817 10723 10769
f 10817 10769 10787
f 10817 10787 10810
f 10770 10812 10910
f 10770 10910 10746
f 10746 10910 10844
f 10746 10844 10617
f 10812 10789 10910
f 10910 10865 10844
f 10695 10696 10487
f 10487 10696 10790
f 10487 10790 10546
f 10546 10790 10774
f 10487 10546 10184
f 10546 10774 10510
f 10546 10510 10359
f 10359 10510 10460
f 10546 10359 10256
f 10546 10256 10184
f 10256 10359 10187
f 10256 10187 9962
f 10256 9962 10184
f 10184 9962 9877
f 9877 9962 9620
f 10587 10487 10184
f 10587 10184 10255
f 10255 10184 9877
f 10587 10255 10303
f 10303 10255 9877
f 10587 10303 10645
f 10303 9877 9917
f 9917 9877 9620
f 9917 9620 9293
f 10160 10130 10131
f 10131 10130 9989
f 9796 9293 9717
f 9717 9293 9294
f 9717 9294 9675
f 9294 9293 8942
f 9675 9294 9040
f 9040 9294 8942
f 9675 9040 9418
f 9040 8942 8770
f 8770 8942 8734
f 9620 9962 10044
f 9620 10044 9678
f 9620 9678 9293
f 10044 9962 10187
f 10044 10187 10304
f 10304 10187 10461
f 10461 10187 10359
f 10461 10359 10460
f 10461 10460 10547
f 10547 10460 10488
f 10488 10460 10423
f 10547 10488 10622
f 10622 10488 10588
f 10622 10588 10671
f 10671 10588 10724
f 10724 10588 10697
f 10724 10697 10791
f 10044 10304 10189
f 10044 10189 9879
f 10044 9879 9678
f 9678 9879 9568
f 9568 9879 9679
f 9678 9568 9222
f 9678 9222 9293
f 9293 9222 8942
f 9222 9568 9448
f 9448 9568 9679
f 8942 9222 8989
f 8989 9222 9448
f 8942 8989 8734
f 8989 9448 9371
f 9371 9448 9679
f 8989 9371 9183
f 9183 9371 9261
f 9261 9371 9522
f 9522 9371 9679
f 9522 9679 9720
f 9522 9720 9569
f 9720 9679 9797
f 10189 10304 10461
f 9989 9675 9961
f 10161 9619 9915
f 10161 9915 10043
f 10161 10043 10214
f 10043 9915 9674
f 9674 9915 9619
f 9674 9619 9416
f 9416 9619 9292
f 9259 9134 8805
f 9259 8805 9181
f 8429 8623 8430
f 8430 8623 8570
f 8430 8570 8431
f 8430 8431 8183
f 8183 8431 8432
f 8430 8183 8067
f 8430 8067 8429
f 8429 8067 8039
f 8429 8039 8428
f 8428 8039 8002
f 8428 8002 8038
f 8428 8038 8427
f 8427 8038 8384
f 8427 8384 8426
f 8384 8038 8104
f 8426 8384 8383
f 8383 8384 8104
f 8383 8104 8221
f 8383 8221 8345
f 8431 8570 8656
f 8431 8656 8571
f 8571 8656 8735
f 8067 8183 7855
f 7855 8183 7952
f 8067 7855 8039
f 8039 7855 7769
f 8039 7769 7721
f 8039 7721 8002
f 7721 7769 7373
f 8002 7721 8038
f 8038 7721 7768
f 7768 7721 7373
f 7768 7373 7345
f 8038 7768 8104
f 7768 7345 7344
f 8104 7768 7934
f 8104 7934 8037
f 8104 8037 8221
f 8221 8037 8345
f 7768 7344 7532
f 7768 7532 7877
f 7532 7344 7286
f 7286 7344 7221
f 7877 7532 7767
f 7767 7532 7286
f 7767 7286 7342
f 7877 7767 8000
f 7767 7342 7371
f 8000 7767 8148
f 8000 8148 8260
f 8260 8148 8524
f 8148 7767 8220
f 8148 8220 8524
f 8524 8220 8593
f 7767 7371 7932
f 8593 8220 8465
f 8593 8465 8732
f 8259 8220 7932
f 8220 8259 8465
f 8732 8465 8698
f 8698 8465 8259
f 8732 8698 8868
f 8868 8698 8654
f 8698 8259 8219
f 7665 7932 7371
f 7932 7665 8036
f 7980 8219 8036
f 8036 7665 7834
f 8219 7980 8066
f 8219 8066 8423
f 8066 7980 7908
f 7908 7980 7834
f 7908 7834 7531
f 7834 7665 7498
f 7834 7498 7531
f 7498 7665 7371
f 7531 7498 7215
f 7216 6838 7215
f 6838 7216 6744
f 7498 7371 7218
f 7218 7371 6883
f 7498 7218 7285
f 7498 7285 7341
f 7285 7218 6989
f 6989 7218 6883
f 6674 7216 7285
f 7216 6674 6744
f 6989 6883 6788
f 6989 6788 6142
f 6989 6142 6745
f 6788 6883 6264
f 6142 6788 5564
f 5564 6788 6264
f 6197 6017 6264
f 6264 6017 5654
f 6264 5654 5170
f 6264 5170 5564
f 5170 5654 5122
f 5170 5122 4927
f 4927 5122 4810
f 5564 5170 38
f 38 5170 4927
f 4927 4810 135
f 4927 135 38
f 4760 184 4810
f 135 4810 183
f 183 4810 184
f 183 184 425
f 425 184 394
f 425 394 576
f 425 576 696
f 183 425 423
f 183 423 135
f 425 696 695
f 425 695 423
f 135 423 391
f 391 423 695
f 135 391 38
f 391 695 655
f 391 655 547
f 695 696 817
f 695 817 789
f 391 547 289
f 391 289 38
f 289 547 364
f 289 364 134
f 289 134 38
f 134 364 4869
f 38 134 4926
f 38 4926 5564
f 4926 134 5121
f 4926 5121 5564
f 5564 5121 5726
f 5726 5121 5168
f 5726 5168 5951
f 5726 5951 6674
f 5951 5168 5444
f 6674 5951 6085
f 6085 5951 5444
f 6674 6085 6744
f 6744 6085 6195
f 6195 6085 5725
f 5725 6085 5444
f 5444 5168 36
f 36 5168 37
f 5725 5444 4924
f 5725 4924 4991
f 5725 4991 5561
f 5561 4991 5053
f 5561 5053 5376
f 5376 5053 5236
f 4924 5444 4809
f 4809 5444 36
f 4924 4809 130
f 4924 130 129
f 4809 36 180
f 4809 180 130
f 180 36 288
f 130 180 332
f 130 332 451
f 451 332 648
f 332 180 452
f 332 452 648
f 452 180 288
f 648 452 650
f 650 452 288
f 650 288 486
f 648 650 888
f 650 486 946
f 650 946 888
f 888 946 1223
f 1223 946 1163
f 7769 7855 7533
f 7769 7533 7415
f 7769 7415 7373
f 7533 7855 7723
f 7723 7855 7952
f 7415 7533 7303
f 7303 7533 7723
f 7303 7723 7416
f 7303 7416 7129
f 7415 7303 7225
f 7225 7303 7037
f 6842 7037 7129
f 7225 7037 7036
f 7037 6842 6746
f 6746 6842 6677
f 6746 6677 6530
f 7037 6746 6718
f 6718 6746 6530
f 7037 6718 7036
f 7036 6718 6841
f 7036 6841 7127
f 6841 6718 6640
f 6718 6530 6474
f 6718 6474 6640
f 6640 6474 6144
f 6474 6530 6087
f 6474 6087 5954
f 5954 6087 5495
f 5954 5495 5297
f 4930 5296 5297
f 4930 5297 4873
f 4873 5297 5060
f 5060 5297 5495
f 5060 5495 5380
f 5380 5495 5794
f 5060 5380 5059
f 5060 5059 4811
f 5060 4811 4760
f 4760 4811 184
f 7415 7225 7373
f 7373 7225 7127
f 7127 7225 7036
f 7373 7127 7223
f 7223 7127 6841
f 7223 6841 6992
f 6992 6841 6640
f 7223 6992 7302
f 7302 6992 7222
f 7222 6992 6884
f 7302 7222 7343
f 7373 7223 7345
f 7345 7223 7302
f 7345 7302 7344
f 7344 7302 7343
f 6884 6992 6640
f 7343 7222 7126
f 7126 7222 6884
f 7343 7126 7221
f 7221 7126 6884
f 7343 7221 7344
f 6884 6640 6717
f 6884 6717 7221
f 6717 6640 6144
f 6717 6144 6198
f 6198 6144 5879
f 6717 6198 6197
f 6197 6198 5879
f 5879 6144 5881
f 6717 6197 6840
f 6717 6840 7221
f 6840 6197 6676
f 7221 6840 7035
f 7035 6840 6676
f 7035 6676 7257
f 7257 6676 7034
f 7257 7034 7371
f 5296 5879 5881
f 5879 5296 5446
f 5446 5296 5171
f 5171 5296 4930
f 5879 5446 5727
f 5727 5446 5171
f 5879 5727 5953
f 5727 5171 5494
f 5953 5727 6143
f 6143 5727 5494
f 7221 7035 7286
f 7286 7035 7257
f 7286 7257 7342
f 7342 7257 7371
f 7034 6676 6264
f 6264 6676 6197
f 7034 6264 6883
f 7034 6883 7371
f 6017 6197 6143
f 5654 6017 6143
f 6143 6197 5953
f 5953 6197 5879
f 6143 5494 5654
f 5494 5171 5654
f 5881 6144 5954
f 5881 5954 5296
f 5122 5654 5171
f 5122 5171 4930
f 5122 4930 4810
f 4810 4930 4760
f 4760 4930 4873
f 5297 5296 5954
f 4873 5060 4760
f 394 184 4811
f 655 695 789
f 655 789 694
f 655 694 547
f 547 694 364
f 364 694 454
f 364 454 182
f 364 182 37
f 37 182 36
f 364 37 4869
f 4869 37 5168
f 5121 134 4869
f 5121 4869 5168
f 182 454 486
f 182 486 36
f 486 454 575
f 575 454 694
f 575 694 654
f 654 694 843
f 843 694 891
f 575 654 516
f 575 516 453
f 516 654 572
f 453 516 333
f 333 516 572
f 486 575 453
f 486 453 333
f 572 654 815
f 815 654 843
f 815 843 1015
f 1015 843 1110
f 1110 843 891
f 1015 1110 1382
f 694 789 891
f 891 789 817
f 891 817 924
f 891 924 1110
f 924 817 984
f 924 984 1168
f 1110 924 1166
f 1166 924 1168
f 1110 1166 1382
f 1166 1168 1383
f 1382 1166 1448
f 1448 1166 1383
f 1224 1382 1339
f 1339 1382 1509
f 1509 1382 1448
f 1339 1509 1645
f 1448 1383 1646
f 1448 1646 1509
f 1509 1646 1645
f 1646 1383 1648
f 1645 1646 1868
f 1868 1646 1648
f 1868 1648 1918
f 333 572 691
f 691 572 815
f 691 815 947
f 947 815 1164
f 1164 815 1015
f 947 1164 1224
f 1164 1015 1382
f 1164 1382 1224
f 333 691 651
f 333 651 486
f 486 651 946
f 651 691 947
f 946 651 947
f 946 947 1224
f 1383 1168 1264
f 1383 1264 1648
f 1793 1918 1648
f 1793 1648 1510
f 1510 1648 1264
f 1793 1510 1341
f 1341 1510 1264
f 1793 1341 1592
f 1341 1264 1146
f 1111 1264 1168
f 1264 1111 1146
f 1111 1168 984
f 1146 1111 1016
f 1146 1016 1094
f 1111 984 951
f 1111 951 1016
f 1016 951 847
f 847 951 869
f 869 951 950
f 869 950 737
f 869 737 736
f 736 737 548
f 737 950 846
f 846 950 895
f 895 950 983
f 1339 1645 1791
f 1339 1791 1446
f 1791 1645 1868
f 1791 1868 2003
f 2003 1868 2061
f 2061 1868 1918
f 1163 1224 1339
f 1163 1339 1446
f 1224 1163 946
f 1163 1446 1380
f 1163 1380 1338
f 1380 1446 1740
f 1740 1446 1791
f 1338 1380 1642
f 1642 1380 1740
f 1740 1791 2154
f 1740 2154 1642
f 2154 1791 2253
f 2253 1791 2003
f 2253 2003 2312
f 1642 2154 1954
f 1642 1954 1738
f 1547 1338 1642
f 1547 1642 1738
f 1338 1547 1296
f 1338 1296 1223
f 1547 1738 1440
f 1547 1440 1296
f 1440 1738 1505
f 1296 1440 1256
f 1440 1505 1218
f 1440 1218 1256
f 1163 1338 1223
f 1296 1256 1199
f 1199 1256 1218
f 1296 1199 1200
f 1296 1200 1223
f 1199 1218 1221
f 1199 1221 1200
f 1200 1221 1222
f 1200 1222 1257
f 1257 1222 1337
f 1257 1337 1470
f 1337 1222 1294
f 1825 1505 1738
f 1505 1825 1545
f 1505 1545 1218
f 1825 1738 2052
f 2052 1738 1954
f 2052 1954 2053
f 2053 1954 2154
f 2053 2154 2308
f 2308 2154 2525
f 2525 2154 2253
f 2525 2253 2312
f 2525 2312 2526
f 2526 2312 2527
f 2525 2526 2812
f 2812 2526 2527
f 1825 2052 1865
f 1865 2052 2053
f 1825 1865 1699
f 1825 1699 1545
f 1545 1699 1504
f 1545 1504 1218
f 1218 1504 1378
f 1865 2053 2153
f 1865 2153 1914
f 2153 2053 2308
f 1378 1504 1699
f 1378 1699 1506
f 1506 1699 1865
f 1378 1506 1337
f 1337 1506 1641
f 1378 1337 1294
f 1378 1294 1218
f 1218 1294 1221
f 1221 1294 1222
f 1337 1641 1470
f 1701 1641 1865
f 1641 1701 1470
f 1701 1865 1914
f 1701 1914 2058
f 1701 2058 1260
f 1701 1260 1470
f 1470 1260 1202
f 1202 1260 923
f 1202 923 649
f 1202 649 1013
f 1013 649 786
f 786 649 217
f 786 217 544
f 544 217 363
f 363 217 4867
f 363 4867 5120
f 363 5120 179
f 179 5120 5118
f 179 5118 4757
f 5876 5120 6084
f 5120 5876 5118
f 5118 5876 5492
f 4757 5118 4862
f 5118 5492 5115
f 5118 5115 4862
f 5115 5492 5295
f 4862 5115 5047
f 5047 5115 5295
f 1641 1506 1865
f 1200 1257 1202
f 1202 1257 1470
f 1260 2058 1551
f 1551 2058 2250
f 1551 2250 1917
f 2250 2058 2439
f 1070 1200 1202
f 1070 1202 1013
f 1070 1013 786
f 1200 1070 888
f 1200 888 1223
f 888 1070 648
f 648 1070 787
f 648 787 451
f 787 1070 786
f 787 786 484
f 787 484 451
f 786 544 484
f 484 544 363
f 484 363 286
f 484 286 451
f 451 286 130
f 130 286 129
f 129 286 363
f 129 363 179
f 4991 4924 129
f 4991 129 5053
f 129 179 4808
f 129 4808 5053
f 4808 179 4757
f 4808 4757 4862
f 5053 4808 4923
f 4923 4808 4862
f 5053 4923 5051
f 4923 4862 5048
f 5051 4923 5049
f 5049 4923 5048
f 486 288 36
f 5726 6674 6142
f 6142 6674 6745
f 5726 6142 5564
f 6989 6745 7285
f 7285 6745 6674
f 7285 7216 7341
f 7341 7216 7215
f 7341 7215 7498
f 6744 6195 6838
f 6838 6195 6470
f 6470 6195 6084
f 6084 6195 5725
f 6084 5725 5561
f 6470 6084 6465
f 6838 6470 6882
f 6882 6470 6465
f 6882 6465 6831
f 6838 6882 7215
f 7215 6882 7172
f 7172 6882 7122
f 7122 6882 6831
f 7172 7122 7369
f 7369 7122 7299
f 7369 7299 7833
f 7172 7369 7215
f 7215 7369 7531
f 7531 7369 7833
f 7833 7299 7409
f 7833 7409 7454
f 7833 7454 7763
f 7763 7454 7407
f 7763 7407 7716
f 7716 7407 7363
f 7363 7407 7336
f 7716 7363 7660
f 7363 7336 7402
f 7363 7402 7660
f 7660 7402 7608
f 7608 7402 7567
f 7608 7567 7656
f 7656 7567 7713
f 7531 7833 7908
f 7908 7833 7930
f 7930 7833 7951
f 8036 7834 7980
f 7932 8036 8147
f 8036 8219 8147
f 7932 8147 8259
f 8259 8147 8219
f 7932 8220 7767
f 7908 7930 7998
f 7908 7998 8066
f 8066 7998 8308
f 8066 8308 8423
f 7998 7930 7951
f 7951 7833 7763
f 7951 7763 7907
f 7907 7763 7716
f 7951 7907 8180
f 7951 8180 7998
f 7998 8180 8308
f 8180 7907 7906
f 8180 7906 8065
f 8065 7906 7905
f 8065 7905 7978
f 7978 7905 7797
f 7797 7905 7608
f 7797 7608 7656
f 7906 7907 7716
f 7906 7716 7905
f 7905 7716 7660
f 7905 7660 7608
f 7402 7336 7361
f 7402 7361 7569
f 7402 7569 7659
f 7402 7659 7567
f 7567 7659 7657
f 7567 7657 7713
f 7657 7659 7902
f 7902 7659 7569
f 7902 7569 7852
f 7902 7852 7977
f 7977 7852 8034
f 7902 7977 8062
f 7902 8062 7996
f 7996 8062 8216
f 8216 8062 8217
f 8217 8062 8301
f 8301 8062 7977
f 8301 7977 8034
f 8301 8034 8461
f 8461 8034 8464
f 8301 8461 8568
f 8568 8461 8692
f 7713 7657 7832
f 7832 7657 7902
f 7656 7713 7795
f 7795 7713 7832
f 7795 7832 7927
f 7927 7832 7902
f 7797 7656 7795
f 7797 7795 7927
f 7797 7927 7978
f 7978 7927 8103
f 7978 8103 8065
f 7996 8033 7927
f 7927 8033 8103
f 8065 8103 8257
f 8065 8257 8305
f 8065 8305 8180
f 8180 8305 8522
f 8180 8522 8308
f 8522 8305 8728
f 8103 8033 8302
f 8302 8033 8144
f 8378 8257 8103
f 8378 8103 8302
f 8257 8378 8304
f 8304 8378 8728
f 8302 8144 8300
f 8300 8144 8216
f 8302 8300 8462
f 8693 8378 8462
f 8378 8693 8728
f 8728 8693 9178
f 9178 8693 9130
f 9130 8693 8983
f 8983 8693 8938
f 8728 9178 9257
f 8728 9257 8866
f 8866 9257 9335
f 8866 9335 8867
f 9332 9565 9257
f 9257 9565 9335
f 9335 9565 9794
f 9335 9794 9913
f 9335 9913 9336
f 9335 9336 8867
f 8867 9336 8903
f 8867 8903 8654
f 8654 8903 8868
f 8903 9336 9337
f 8903 9337 8984
f 8984 9337 9291
f 8984 9291 8732
f 7927 7902 7996
f 8033 7996 8144
f 8144 7996 8216
f 8302 8462 8378
f 8300 8216 8298
f 8300 8298 8462
f 8462 8298 8520
f 8462 8520 8693
f 8298 8216 8217
f 8298 8217 8301
f 8520 8298 8301
f 8461 8464 8692
f 8692 8464 8979
f 8301 8568 8489
f 8301 8489 8520
f 8520 8489 8620
f 8568 8692 8902
f 8902 8692 8899
f 8692 8979 8899
f 8899 8979 9128
f 9128 8979 9367
f 9128 9367 9328
f 8899 9128 9220
f 8899 9220 9171
f 9171 9220 9363
f 8489 8568 8647
f 8489 8647 8620
f 8647 8568 8902
f 8647 8902 8863
f 8647 8863 9030
f 8620 8647 9030
f 8620 9030 8691
f 8620 8691 8520
f 8691 9030 8862
f 8691 8862 8725
f 8691 8725 8520
f 8520 8725 8693
f 9030 8863 9034
f 9034 8863 9037
f 9037 8863 8902
f 8903 8984 8868
f 8984 8732 8868
f 8698 8219 8654
f 8654 8219 8423
f 8654 8423 8523
f 8654 8523 8695
f 8695 8523 8590
f 8590 8523 8308
f 8695 8590 8729
f 8729 8590 8728
f 8523 8423 8308
f 8654 8695 8867
f 8867 8695 8866
f 8866 8695 8729
f 8866 8729 8728
f 8590 8308 8522
f 8590 8522 8728
f 8728 8305 8304
f 8305 8257 8304
f 3654 3520 3904
f 3654 3904 3656
f 3656 3904 3886
f 3654 3656 3655
f 3655 3656 3657
f 3655 3657 3441
f 3655 3441 3401
f 3441 3657 3442
f 3442 3657 3569
f 3654 3655 3520
f 3656 3886 3657
f 3657 3886 3776
f 3776 3886 3941
f 3941 3886 4043
f 3941 4043 4158
f 3941 4158 4101
f 4101 4158 4266
f 3520 3655 3519
f 3520 3519 3399
f 3399 3519 3286
f 3520 3399 3029
f 3520 3029 3087
f 3029 3399 3181
f 3181 3399 3286
f 3181 3286 3025
f 3181 3025 2977
f 2977 3025 2802
f 2977 2802 2874
f 2977 2874 2928
f 3519 3655 3401
f 3519 3401 3239
f 3239 3401 3155
f 3519 3239 3286
f 3239 3155 3028
f 3286 3239 3026
f 3026 3239 3028
f 3286 3026 3025
f 3026 3028 2926
f 3025 3026 2802
f 2802 3026 2926
f 3569 3657 3776
f 3569 3776 3749
f 3749 3776 3941
f 3569 3749 3485
f 3720 3443 3485
f 3720 3485 3887
f 3887 3485 3749
f 3887 3749 4007
f 3749 3941 3921
f 3749 3921 4007
f 3921 3941 4101
f 4007 3921 4086
f 4086 3921 4101
f 4007 4086 4121
f 4086 4101 4266
f 4086 4266 4121
f 4043 3886 4085
f 4043 4085 4157
f 4043 4157 4158
f 4158 4157 4215
f 4158 4215 4266
f 4266 4215 4265
f 4265 4215 4157
f 4265 4157 4227
f 4266 4228 4185
f 4185 4228 4201
f 4185 4201 4103
f 4121 4266 4185
f 2739 2686 2438
f 2739 2438 2617
f 2739 2617 2802
f 2438 2686 2519
f 2438 2519 2198
f 2198 2519 2002
f 2002 2519 2309
f 2309 2519 2523
f 2802 2617 2684
f 2802 2684 2738
f 2684 2617 2437
f 2685 2738 2437
f 2685 2437 2518
f 2437 2617 2438
f 2518 2437 2196
f 2196 2437 2438
f 2196 2438 2198
f 2196 2198 2055
f 2196 2055 2054
f 2055 2198 2002
f 2738 2684 2437
f 2002 2309 2107
f 2107 2309 2523
f 2107 2523 2200
f 2107 2200 1955
f 2107 1955 1913
f 2002 2107 1915
f 1915 2107 1790
f 1790 2107 1913
f 1790 1913 1585
f 1790 1585 1546
f 1546 1585 1441
f 1441 1585 1640
f 1640 1585 1913
f 1640 1913 1955
f 2002 1915 1643
f 1643 1915 1790
f 1643 1790 1587
f 1587 1790 1546
f 1587 1546 1468
f 1468 1546 1441
f 1866 2108 1739
f 1586 1866 1739
f 1586 1739 1548
f 1586 1548 1441
f 1468 1441 1444
f 1468 1444 1507
f 1468 1507 1587
f 1587 1507 1643
f 1643 1507 1508
f 1444 1441 1469
f 1469 1441 1548
f 1444 1469 1507
f 1469 1548 1550
f 1469 1550 1507
f 1550 1548 1739
f 1507 1550 1644
f 1644 1550 1739
f 1644 1739 1867
f 1507 1644 1508
f 1508 1644 1704
f 1109 1259 1014
f 1109 1014 690
f 1109 690 812
f 812 690 388
f 6529 5653 6638
f 6529 6638 6916
f 6675 5878 6639
f 6675 6639 7175
f 6675 7175 6990
f 7083 6990 7175
f 7083 7175 7176
f 7083 7176 7219
f 6789 5878 6409
f 6409 5878 5237
f 7175 6991 7176
f 7176 6991 7219
f 7219 6991 6917
f 7219 6917 7220
f 6409 5237 5952
f 7617 7372 7799
f 7799 7372 7574
f 7574 7372 7224
f 7799 7574 7853
f 7799 7853 7964
f 7617 7799 7909
f 7909 7799 7964
f 7964 7853 7933
f 7933 7853 7854
f 7854 7853 7574
f 7964 7933 7966
f 7966 7933 7854
f 7966 7854 7967
f 7965 7967 7981
f 7981 7967 8001
f 7967 7854 7968
f 7967 7968 8001
f 7968 7854 7800
f 8001 7968 7982
f 7982 7968 7800
f 7982 7800 7722
f 7982 7722 8003
f 8003 7722 7724
f 7909 7964 7965
f 7909 7965 7981
f 7965 7964 7966
f 7965 7966 7967
f 6844 6531 6678
f 6678 6531 6532
f 6844 6678 6845
f 6678 6532 6843
f 6843 6532 6747
f 6678 6843 6918
f 6678 6918 6845
f 6918 6843 7038
f 6845 6918 7040
f 6845 7040 7085
f 7085 6844 6845
f 7288 7085 7178
f 7085 7040 7178
f 7178 7040 7258
f 7178 7258 7288
f 7288 7258 7417
f 7258 7040 7130
f 7130 7040 7039
f 7130 7039 7084
f 7084 7039 7038
f 7040 6918 7039
f 7039 6918 7038
f 6843 6747 7038
f 7038 6747 6793
f 6747 6532 6793
f 6793 6532 6533
f 7084 7038 7041
f 7084 7041 7130
f 7130 7041 7086
f 7130 7086 7226
f 7130 7226 7258
f 7258 7226 7346
f 7258 7346 7417
f 7417 7346 7534
f 7417 7534 7669
f 7669 7534 7836
f 7836 7534 7770
f 7836 7770 7911
f 6846 7038 6793
f 7038 6846 6952
f 6846 6793 6719
f 6846 6719 6952
f 6952 6719 6919
f 6919 6719 6954
f 6954 6719 6679
f 6954 6679 7087
f 7087 6679 6794
f 7038 6952 7041
f 7041 6952 7086
f 7086 6952 6919
f 7086 6919 7226
f 7226 6919 6954
f 7226 6954 7346
f 7346 6954 7087
f 7346 7087 7534
f 7305 7534 7087
f 7087 6794 7305
f 7305 6794 6994
f 6994 6794 6411
f 7305 6994 7500
f 6994 6411 6720
f 7500 6994 7290
f 7290 6994 6720
f 7290 6720 6993
f 7500 7290 7802
f 7290 6993 7319
f 7290 7319 7499
f 7290 7499 7802
f 7499 7319 7801
f 7499 7801 7802
f 7802 7801 7971
f 7971 7801 8263
f 7534 7305 7770
f 7770 7305 7500
f 7770 7500 7911
f 7911 7500 7802
f 7911 7802 7971
f 7911 7971 8150
f 8150 7971 8525
f 8525 7971 8263
f 8525 8263 8550
f 7911 8150 7983
f 7911 7983 7836
f 7983 8150 8386
f 8572 8386 8525
f 7983 8386 8185
f 8386 8572 8387
f 8386 8387 8185
f 8387 8572 8626
f 7983 8185 8106
f 8106 8185 8387
f 7983 8106 7938
f 7938 8106 7910
f 8106 8387 8312
f 8312 8387 8626
f 7910 8106 8044
f 8044 8106 8312
f 7910 8044 8041
f 7910 8041 7937
f 7937 8041 7970
f 7970 8041 8040
f 8041 8044 8225
f 8225 8044 8312
f 8040 8041 8184
f 8184 8041 8225
f 8040 8184 8149
f 8040 8149 8069
f 8149 8184 8347
f 8347 8184 8225
f 8347 8225 8496
f 8225 8312 8551
f 8225 8551 8496
f 8551 8312 8626
f 8496 8551 8624
f 8551 8626 8625
f 8551 8625 8624
f 6720 6921 6993
f 6993 6921 7289
f 6993 7289 7319
f 7319 7289 7801
f 7836 7983 7938
f 7836 7938 7669
f 8386 8150 8525
f 7669 7938 7910
f 7669 7910 7835
f 8347 8496 8624
f 8625 8626 8810
f 8810 8626 8572
f 8624 8625 8991
f 8624 8991 8949
f 8624 8949 8736
f 8736 8949 8946
f 8736 8946 8871
f 8736 8871 8772
f 8871 8946 8943
f 8772 8871 8986
f 8986 8871 8943
f 8810 8572 8660
f 8810 8660 8661
f 8810 8661 8739
f 8739 8661 8703
f 8703 8661 8628
f 8703 8628 8664
f 8660 8572 8627
f 8660 8627 8661
f 8661 8627 8662
f 8661 8662 8663
f 8627 8572 8599
f 8599 8572 8525
f 8599 8525 8550
f 8625 8810 8992
f 8625 8992 8991
f 8991 8992 9184
f 8991 9184 9492
f 9492 9184 9493
f 9492 9493 9623
f 9623 9493 9720
f 8991 9492 9372
f 8991 9372 8949
f 8949 9372 9295
f 8949 9295 8946
f 8946 9295 9136
f 8992 8810 8909
f 8992 8909 9184
f 8909 8810 8739
f 8909 8739 8703
f 8909 8703 8780
f 8780 8703 8664
f 8628 8661 8663
f 8628 8663 8664
f 8663 8662 8740
f 8663 8740 8704
f 8664 8704 8741
f 8741 8704 8877
f 8877 8704 8740
f 8877 8740 8993
f 8993 8740 8779
f 8627 8779 8662
f 8993 8779 8778
f 8778 8779 8627
f 8993 8778 9137
f 8778 8627 8599
f 8778 8599 8550
f 9137 8778 9223
f 8778 8550 8776
f 8778 8776 9223
f 9223 8776 9261
f 9261 8776 9045
f 9261 9045 9183
f 9183 9045 9044
f 9183 9044 8989
f 8662 8779 8740
f 8663 8704 8664
f 8664 8741 8812
f 8812 8741 8877
f 8812 8877 8994
f 8994 8877 8993
f 8994 8993 9263
f 9263 8993 9449
f 9449 8993 9137
f 9449 9137 9569
f 9569 9137 9223
f 9569 9223 9522
f 9522 9223 9261
f 8664 8812 8811
f 8664 8811 8780
f 8811 8812 8994
f 8780 8811 8909
f 8811 8994 9046
f 8811 9046 8909
f 9046 8994 9262
f 9046 9262 8909
f 8909 9262 9184
f 9262 8994 9263
f 9184 9262 9493
f 9493 9262 9263
f 9493 9263 9449
f 9493 9449 9569
f 9493 9569 9720
f 9720 9797 9623
f 9623 9797 9759
f 9623 9759 9492
f 9492 9759 9719
f 9492 9719 9622
f 9492 9622 9372
f 9372 9622 9295
f 9295 9622 9491
f 9295 9491 9136
f 9136 9491 9260
f 9136 9260 9135
f 9136 9135 9043
f 9043 9135 8986
f 9043 8986 8943
f 9043 8943 9136
f 9136 8943 8946
f 9797 9679 9879
f 9797 9879 10020
f 9797 10020 9759
f 10020 9879 10189
f 10020 10189 10099
f 10099 10189 10305
f 10099 10305 10218
f 10218 10305 10424
f 10424 10305 10461
f 10218 10424 10360
f 10360 10424 10512
f 10360 10512 10511
f 9044 9045 8809
f 8809 9045 8777
f 8809 8777 8552
f 8989 9044 8873
f 8873 9044 8809
f 8873 8809 8702
f 8873 8702 8595
f 8873 8595 8701
f 8595 8702 8549
f 8549 8702 8809
f 8595 8549 8432
f 8598 8809 8552
f 8809 8598 8549
f 8598 8552 8348
f 8598 8348 8549
f 8549 8348 8310
f 8348 8552 8264
f 8348 8264 7972
f 8989 8873 8701
f 8989 8701 8734
f 8777 9045 8776
f 8777 8776 8600
f 8777 8600 8552
f 8552 8600 8433
f 8552 8433 8264
f 8433 8600 8313
f 8264 8433 8107
f 8433 8313 8070
f 8433 8070 8107
f 8070 8313 7879
f 8107 8070 7940
f 8070 7879 7838
f 8070 7838 7940
f 7838 7879 7619
f 7940 7838 7727
f 7838 7619 7578
f 7838 7578 7727
f 7578 7619 7348
f 7727 7578 7504
f 7504 7578 7348
f 8600 8776 8349
f 8313 8600 8349
f 8313 8349 7857
f 8313 7857 7879
f 7879 7857 7577
f 7879 7577 7619
f 7619 7577 7348
f 8264 8107 7939
f 7939 8107 7803
f 7803 8107 7940
f 7803 7940 7576
f 7576 7940 7727
f 7576 7727 7420
f 7420 7727 7504
f 7420 7504 7348
f 7939 7803 7726
f 7726 7803 7502
f 7939 7726 7670
f 7670 7726 7535
f 7939 7670 7972
f 7670 7535 7374
f 7374 7535 7306
f 7972 7670 7837
f 7374 7306 7131
f 7131 7306 7045
f 7131 7045 6749
f 6749 7045 6722
f 7972 7837 8043
f 7972 8043 8348
f 8043 7837 7878
f 7878 7837 7725
f 7878 7725 7856
f 7856 7725 7575
f 6749 6722 6336
f 6336 6722 5730
f 6749 6336 6149
f 6149 6336 5730
f 6749 6149 6582
f 6582 6149 6147
f 6582 6147 6580
f 5730 6722 6199
f 6149 5730 5451
f 6149 5451 5568
f 5451 5730 4934
f 5568 5451 5177
f 5568 5177 5567
f 5567 5177 41
f 5730 6199 5124
f 5730 5124 4934
f 4934 5124 141
f 5124 6199 5569
f 5124 5569 46
f 46 5569 5061
f 46 5061 100
f 100 5061 4815
f 100 4815 101
f 101 4815 4765
f 101 4765 48
f 581 41 5177
f 41 581 221
f 581 5177 4763
f 221 581 549
f 549 581 873
f 581 4763 368
f 873 581 1171
f 581 368 897
f 581 897 1171
f 897 368 701
f 1171 897 1148
f 1148 897 701
f 1171 1148 1453
f 1148 701 1017
f 1453 1148 1514
f 1148 1017 1299
f 1148 1299 1514
f 1299 1017 1172
f 1514 1299 1474
f 1299 1172 1387
f 1299 1387 1474
f 1387 1172 1301
f 1474 1387 1388
f 1388 1387 1301
f 7972 8264 7939
f 7502 7803 7576
f 7502 7576 7375
f 7375 7576 7420
f 7375 7420 7348
f 7502 7375 7419
f 7502 7419 7537
f 7375 7348 7419
f 7419 7348 7503
f 7419 7503 7771
f 7419 7771 7537
f 7537 7771 8042
f 7503 7348 7577
f 7503 7577 7857
f 7503 7857 7771
f 7771 7857 8349
f 7771 8349 8042
f 8042 8349 8263
f 8263 8349 8550
f 8550 8349 8776
f 7670 7374 7536
f 7536 7374 7260
f 7260 7374 7131
f 7260 7131 7089
f 7260 7089 6997
f 7260 6997 7307
f 7670 7536 7837
f 7837 7536 7618
f 7618 7536 7307
f 7307 7536 7260
f 7618 7307 7308
f 7308 7307 6997
f 7089 7131 6996
f 6996 7131 7042
f 7089 6996 6997
f 7042 7131 6749
f 7042 6749 6582
f 7837 7618 7725
f 7725 7618 7501
f 7725 7501 7304
f 7304 7501 7291
f 7618 7308 7501
f 7501 7308 7292
f 7292 7308 6997
f 7292 6997 7179
f 7292 7179 7501
f 7501 7179 7291
f 7291 7179 7043
f 7043 7179 7044
f 7044 7179 6997
f 7291 7043 7304
f 7304 7043 6953
f 7304 6953 6847
f 7304 6847 7259
f 7044 6997 6996
f 7044 6996 6995
f 6995 6996 7042
f 7044 6995 7043
f 6995 7042 6920
f 6995 6920 7043
f 6920 7042 6885
f 7043 6920 6953
f 6920 6885 6748
f 6920 6748 6953
f 6953 6748 6847
f 6847 6748 6677
f 6885 7042 6582
f 6885 6582 6580
f 6885 6580 6475
f 6885 6475 6748
f 6748 6475 6265
f 6748 6265 6677
f 6475 6580 5955
f 5955 6580 6147
f 6475 5955 5794
f 6475 5794 6265
f 5794 5955 5567
f 5794 5567 5380
f 5380 5567 5239
f 5239 5567 41
f 5380 5239 5059
f 5239 41 221
f 5059 5239 4874
f 4874 5239 221
f 4874 221 549
f 5059 4874 99
f 99 4874 292
f 99 292 365
f 365 292 577
f 5955 6147 5567
f 5568 6147 6149
f 6147 5568 5567
f 5794 5495 6087
f 5794 6087 6265
f 6474 5954 6144
f 6087 6530 6265
f 6265 6530 6677
f 6677 6842 6847
f 6847 6842 7259
f 7259 6842 7129
f 7259 7129 7575
f 7259 7575 7304
f 7304 7575 7725
f 7575 7129 7416
f 7575 7416 7856
f 7856 7416 7723
f 7856 7723 8004
f 8004 7723 7952
f 8004 7952 8310
f 8310 7952 8183
f 8310 8183 8549
f 8549 8183 8432
f 8004 8310 8043
f 8004 8043 7878
f 8043 8310 8348
f 7129 7037 7303
f 7856 8004 7878
f 8432 8431 8571
f 8595 8432 8596
f 8595 8596 8737
f 8432 8571 8548
f 8548 8571 8659
f 8659 8571 8658
f 8659 8658 8775
f 8775 8658 8774
f 8774 8658 8807
f 8774 8807 8908
f 8432 8548 8596
f 8548 8659 8596
f 8596 8659 8738
f 8738 8659 8808
f 8808 8659 8775
f 8808 8775 8908
f 8571 8735 8658
f 8595 8737 8874
f 8595 8874 8701
f 8737 8596 8876
f 8876 8596 8738
f 8737 8876 8947
f 8737 8947 8874
f 8876 8738 8875
f 8876 8875 8947
f 8947 8875 8948
f 8875 8738 8808
f 8875 8808 8908
f 8701 8874 8944
f 8944 8874 8947
f 8701 8944 8806
f 8701 8806 8734
f 8944 8947 8990
f 8990 8947 8948
f 8775 8774 8908
f 8807 8658 8735
f 8807 8735 8906
f 8807 8906 8907
f 8875 8908 8948
f 8908 8807 8907
f 8908 8907 8945
f 8908 8945 8948
f 8945 8907 8906
f 8948 8945 8990
f 8990 8945 8906
f 8990 8906 8944
f 8944 8906 8872
f 8944 8872 8806
f 8806 8872 8770
f 8806 8770 8734
f 8656 8906 8735
f 8906 8656 8872
f 8872 8656 8570
f 8872 8570 8770
f 692 545 652
f 692 652 788
f 692 788 842
f 652 545 573
f 652 573 629
f 652 629 788
f 788 629 1162
f 573 545 517
f 573 517 629
f 517 545 487
f 517 487 518
f 518 487 519
f 518 519 546
f 546 519 520
f 574 545 653
f 487 545 574
f 517 518 629
f 574 653 607
f 607 653 762
f 607 762 693
f 693 762 890
f 518 546 629
f 1144 1049 981
f 981 1049 842
f 981 842 788
f 981 788 1162
f 981 1162 1447
f 628 629 546
f 1693 1539 1432
f 1693 1432 1581
f 1581 1432 1375
f 1375 1140 1107
f 1107 1140 885
f 1107 885 840
f 840 885 626
f 1261 1588 2056
f 1261 2056 1702
f 1702 2056 2520
f 1702 2520 2059
f 2056 1588 1911
f 2056 1911 2354
f 1911 1588 1442
f 2354 1911 2740
f 1911 1442 2194
f 1911 2194 2740
f 2194 1442 1909
f 2194 1909 2514
f 2194 2514 2740
f 2740 2514 2974
f 1998 1901 1817
f 2863 2796 2800
f 2863 2800 2797
f 2797 2800 2732
f 2863 2797 2792
f 2863 2792 2861
f 2792 2797 2680
f 2680 2797 2599
f 2792 2680 2677
f 2792 2677 2789
f 2792 2789 2861
f 2861 2789 2859
f 2797 2732 2599
f 2599 2732 2602
f 2599 2343 2425
f 2599 2425 2680
f 2425 2343 2186
f 2425 2186 2239
f 2239 2186 2094
f 2680 2425 2422
f 2422 2425 2239
f 2680 2422 2677
f 2789 2677 1466
f 1466 2677 2422
f 2789 1466 2859
f 2859 1466 2785
f 1466 2422 2239
f 1466 2239 2092
f 1466 2092 1780
f 1780 2092 1996
f 1996 2036 1780
f 1780 2036 1815
f 1943 1994 2036
f 1994 1940 2144
f 1994 2144 2036
f 1780 1815 1466
f 6083 6578 6140
f 6140 6578 6527
f 6140 6527 6469
f 6469 6527 6834
f 6834 6527 6830
f 6469 6834 6836
f 6083 6140 5792
f 5792 6140 5949
f 5792 5949 5947
f 5949 6140 6138
f 6138 6140 6469
f 6138 6469 6467
f 6578 6830 6527
f 6834 6830 7081
f 6834 7081 7213
f 6834 7213 7252
f 6834 7252 6836
f 7081 7283 7457
f 7081 7457 7213
f 7457 7283 7613
f 7457 7613 7496
f 7496 7613 7719
f 7719 7613 7764
f 7613 7283 7367
f 7764 7613 7717
f 7717 7613 7367
f 7717 7367 7492
f 7213 7457 7496
f 7252 7213 7496
f 7252 7496 7412
f 7252 7412 7173
f 6836 7252 7173
f 6469 6836 6467
f 6467 6836 6786
f 6786 6836 7173
f 6138 6467 6525
f 6525 6467 6786
f 6786 7173 7124
f 7124 7173 7339
f 6786 7124 6832
f 6786 6832 6525
f 6832 7124 7121
f 7121 7124 7339
f 7121 7339 7298
f 7298 7339 7494
f 7298 7494 7410
f 7410 7494 7527
f 7410 7527 7455
f 7339 7173 7412
f 7339 7412 7494
f 7494 7412 7614
f 7494 7614 7527
f 7527 7614 7663
f 7527 7663 7451
f 7451 7663 7572
f 7451 7572 7314
f 7314 7572 7404
f 7314 7404 7211
f 6832 7121 6880
f 6832 6880 6525
f 6880 7121 7032
f 6525 6880 6672
f 7032 7121 7298
f 7032 7298 7170
f 7170 7298 7410
f 7170 7410 7455
f 7170 7455 7168
f 7168 7455 7166
f 7166 7455 7337
f 7166 7337 7079
f 6523 6525 6672
f 6525 6523 6261
f 6261 6523 6136
f 6136 6523 6407
f 6407 6523 6784
f 6136 6407 6193
f 6407 6784 6405
f 6407 6405 6193
f 6405 6784 6828
f 6193 6405 6462
f 6193 6462 6259
f 6462 6405 6636
f 6259 6462 6521
f 6521 6462 6636
f 6672 6880 7032
f 6672 7032 6784
f 6672 6784 6523
f 6784 7032 6828
f 6828 7032 7170
f 6828 7170 7168
f 6828 7168 7166
f 6828 7166 6913
f 6828 6913 6636
f 6828 6636 6405
f 6636 6913 6670
f 6913 7166 7079
f 6913 7079 6911
f 6911 7079 6826
f 6826 7079 6948
f 6948 7079 7077
f 6948 7077 6668
f 7077 7079 7249
f 7249 7079 7337
f 7077 7249 7314
f 7314 7249 7337
f 7077 7314 7211
f 7314 7337 7451
f 7451 7337 7455
f 7614 7412 7496
f 7614 7496 7719
f 7614 7719 7663
f 7663 7719 7764
f 7527 7451 7455
f 7572 7663 7764
f 7572 7764 7661
f 7572 7661 7404
f 7404 7661 7486
f 7404 7486 7211
f 7211 7486 7277
f 7211 7277 6909
f 6909 7277 6985
f 6909 6985 6714
f 6714 6985 6824
f 6714 6824 6568
f 6714 6568 6454
f 7661 7764 7610
f 7610 7764 7717
f 7610 7717 7492
f 7661 7610 7486
f 7610 7492 7490
f 7486 7610 7488
f 7488 7610 7490
f 7486 7488 7277
f 7488 7490 7365
f 7277 7488 7279
f 7279 7488 7365
f 7279 7365 7281
f 7277 7279 6985
f 7279 7281 7030
f 6985 7279 6987
f 6987 7279 7030
f 6985 6987 6824
f 6987 7030 6878
f 6987 6878 6824
f 6826 6948 6668
f 6911 6826 6576
f 6576 6826 6668
f 6911 6576 6670
f 6911 6670 6913
f 6670 6576 6332
f 6332 6576 6668
f 6332 6668 6572
f 6782 6668 7077
f 6668 6782 6572
f 6782 7077 7211
f 6782 7211 6909
f 6782 6909 6714
f 6782 6714 6572
f 6572 6714 6454
f 6572 6454 6187
f 6572 6187 6080
f 6572 6080 6014
f 6572 6014 6332
f 6332 6014 5874
f 6332 5874 6521
f 6521 5874 6259
f 6259 5874 5947
f 5947 5874 5723
f 5947 5723 5792
f 6259 5947 6193
f 6193 5947 5949
f 6193 5949 6136
f 6136 5949 6261
f 6261 5949 6138
f 6261 6138 6525
f 6824 6878 6568
f 6568 6878 6664
f 6664 6878 7030
f 6664 7030 6628
f 6664 6628 6397
f 6664 6397 6568
f 6568 6397 6187
f 6568 6187 6454
f 1786 1788 1541
f 1541 1788 1736
f 1788 1786 1905
f 1786 1541 1498
f 1786 1498 1732
f 1786 1732 1948
f 1948 1732 1903
f 1948 1903 2098
f 2098 1903 2096
f 2098 2096 2243
f 2098 2243 2304
f 2304 2243 2612
f 2612 2243 2512
f 2612 2512 2736
f 2612 2736 2869
f 1498 1541 1736
f 1498 1736 1697
f 1697 1736 1822
f 1822 1736 1861
f 1822 1861 2000
f 1822 2000 1952
f 1952 2000 2104
f 2104 2000 2151
f 2104 2151 2248
f 2248 2151 2351
f 2248 2351 2616
f 2248 2616 2435
f 1788 1905 1736
f 1905 1786 1948
f 1861 1736 1905
f 2000 1861 1905
f 1948 2098 1905
f 1905 2098 2102
f 1905 2102 2000
f 2151 2000 2102
f 2151 2102 2306
f 2151 2306 2614
f 2151 2614 2351
f 2351 2614 2871
f 2351 2871 2616
f 2616 2871 3145
f 2616 3145 2976
f 2102 2098 2306
f 2306 2098 2304
f 2306 2304 2612
f 2306 2612 2614
f 2869 2736 2924
f 2614 2612 2871
f 2871 2612 2869
f 2871 2869 3145
f 3145 2869 3023
f 3145 3023 3321
f 3321 3023 3236
f 3321 3236 3471
f 3471 3236 3364
f 3471 3364 3606
f 3606 3364 3469
f 3606 3469 3515
f 3606 3515 3640
f 3640 3515 3712
f 2435 2616 2873
f 2873 2616 2976
f 2873 2976 3147
f 3147 2976 3282
f 3147 3282 3436
f 3147 3436 3368
f 3368 3436 3473
f 3473 3436 3608
f 3473 3608 3565
f 3565 3608 3644
f 3565 3644 3642
f 3642 3644 3714
f 3642 3714 3687
f 3687 3714 3769
f 3687 3769 3744
f 3744 3769 3802
f 3744 3802 3767
f 3767 3802 3846
f 3767 3846 3800
f 3800 3846 3845
f 3023 2869 2924
f 3023 2924 3141
f 2976 3145 3282
f 3282 3145 3321
f 3282 3321 3471
f 3282 3471 3436
f 3436 3471 3608
f 3608 3471 3606
f 3608 3606 3644
f 3644 3606 3640
f 3644 3640 3714
f 3714 3640 3712
f 3714 3712 3769
f 3769 3712 3742
f 3769 3742 3802
f 3802 3742 3796
f 3802 3796 3846
f 3023 3141 3236
f 3236 3141 3277
f 3236 3277 3364
f 3364 3277 3362
f 3364 3362 3469
f 3469 3362 3515
f 3515 3362 3394
f 3515 3394 3432
f 3515 3432 3561
f 3561 3432 3467
f 3561 3467 3637
f 3637 3467 3513
f 3637 3513 3683
f 3683 3513 3558
f 3683 3558 3710
f 3515 3561 3712
f 3561 3637 3712
f 3712 3637 3742
f 3742 3637 3683
f 3742 3683 3796
f 3796 3683 3710
f 3796 3710 3828
f 3796 3828 3846
f 3828 3710 3708
f 3710 3558 3604
f 3845 3846 3828
f 3845 3828 3827
f 3708 3710 3604
f 3845 3827 3800
f 3800 3827 3740
f 3827 3828 3708
f 3827 3708 3604
f 3740 3827 3604
f 2771 2653 2643
f 2226 2643 2278
f 2278 2643 2653
f 2653 2771 2913
f 2913 2771 2838
f 2278 2653 2130
f 2278 2130 1887
f 2278 1887 1851
f 2130 2653 2850
f 2850 2653 2913
f 2913 2838 3074
f 2913 3074 2850
f 3074 2838 3062
f 2850 3074 3122
f 3122 3074 3221
f 3221 3074 3177
f 3177 3074 3062
f 3177 3062 3117
f 3221 3177 3123
f 3123 3177 3075
f 3075 3177 3117
f 3123 3075 2852
f 2852 3075 2914
f 2914 3075 3064
f 2914 3064 2841
f 2914 2841 2773
f 2852 2914 2654
f 2654 2914 2773
f 2852 2654 2131
f 2654 2773 2646
f 2131 2654 2279
f 2279 2654 2646
f 3062 2838 2909
f 3062 2909 3007
f 2909 2838 2770
f 2770 2838 2771
f 3117 3062 3007
f 3117 3007 2910
f 3007 2909 2851
f 2851 2909 2711
f 2711 2909 2770
f 3007 2851 2712
f 3007 2712 2910
f 2910 2712 2554
f 2554 2712 2231
f 2770 2771 2649
f 2711 2770 2553
f 2553 2770 2649
f 2711 2553 2230
f 2649 2771 2643
f 2230 2553 2128
f 2553 2649 2394
f 2553 2394 2128
f 2394 2649 2643
f 2230 2128 1770
f 2394 2126 2128
f 2128 2126 1768
f 2128 1768 1770
f 1768 2126 1766
f 1770 1768 1370
f 1370 1768 1766
f 1770 1370 974
f 1370 1766 1368
f 974 1370 972
f 972 1370 1368
f 972 1368 1011
f 2394 2643 2126
f 2126 2643 2226
f 1766 2126 1851
f 1851 2126 2226
f 1766 1851 1368
f 1368 1851 1425
f 1368 1425 1011
f 1011 1425 1039
f 974 972 1067
f 1067 972 1041
f 1041 972 1039
f 2226 2278 1851
f 1887 2130 1488
f 1887 1488 1463
f 1463 1488 1067
f 1887 1463 1851
f 1463 1067 1041
f 1851 1463 1425
f 1425 1463 1041
f 1425 1041 1039
f 1011 1039 972
f 2502 2494 2674
f 2674 2494 2579
f 2579 2494 2335
f 2335 2494 2338
f 2338 2494 2502
f 2338 2502 2288
f 2288 2502 2292
f 2338 2288 2030
f 2030 2288 2292
f 2338 2030 2088
f 2088 2030 1813
f 1813 2030 1774
f 1774 2030 1776
f 1776 2030 2034
f 2034 2030 2292
f 1776 2034 2038
f 2038 2034 2292
f 2504 2292 2502
f 2038 2292 2294
f 2294 2292 2504
f 2038 2294 2296
f 2294 2504 2506
f 2294 2506 2296
f 2296 2506 2508
f 2335 2338 2084
f 2084 2338 2088
f 2335 2084 2337
f 2084 2088 1813
f 2337 2084 2135
f 2135 2084 1891
f 2135 1891 2173
f 1891 2084 1855
f 1855 2084 1813
f 1891 1855 1579
f 1855 1813 1535
f 1855 1535 1579
f 1535 1813 1537
f 1579 1535 1333
f 1333 1535 1331
f 2579 2335 2337
f 2579 2337 2578
f 2578 2337 2411
f 2411 2337 2135
f 2411 2135 2173
f 2578 2411 2584
f 2578 2584 2674
f 2411 2173 2182
f 2182 2173 1938
f 1938 2173 1893
f 1893 2173 1891
f 2411 2182 2419
f 2411 2419 2584
f 2419 2182 2184
f 2591 2674 2584
f 2591 2584 2419
f 2674 2591 2594
f 2674 2594 2596
f 2596 2594 2427
f 2594 2591 2421
f 2421 2591 2419
f 2594 2421 2427
f 2421 2419 2184
f 2421 2184 2190
f 2421 2190 2427
f 2427 2190 2431
f 2431 2190 2192
f 2579 2578 2674
f 2596 2427 2598
f 2598 2427 2431
f 2596 2598 2674
f 2598 2431 2433
f 2674 2598 2604
f 2604 2598 2433
f 2674 2604 2605
f 2605 2604 2433
f 2674 2605 2606
f 2605 2433 2349
f 2605 2349 2606
f 2349 2433 2149
f 2606 2349 2347
f 2347 2349 2149
f 2347 2149 2100
f 1946 2190 2184
f 1946 2184 1942
f 1942 2184 2182
f 1942 2182 1938
f 1942 1938 1689
f 1942 1689 1691
f 1691 1689 1434
f 1946 1942 1695
f 1695 1942 1691
f 1695 1691 1434
f 1695 1434 1436
f 1695 1436 1438
f 1695 1438 1636
f 2192 2190 1946
f 2192 1946 1950
f 2433 2431 2192
f 2433 2192 2147
f 2147 2192 1950
f 2433 2147 2149
f 2149 2147 1907
f 1907 2147 1950
f 2149 1907 1863
f 1907 1950 1638
f 1907 1638 1863
f 1863 1638 1583
f 1638 1950 1636
f 1638 1636 1376
f 1376 1636 1438
f 2149 1863 2100
f 2100 1863 1821
f 2100 1821 2050
f 2100 2050 2347
f 2347 2050 2300
f 2300 2050 2296
f 2050 1821 1819
f 1819 1821 1543
f 2296 2050 2048
f 2048 2050 1819
f 2296 2048 2038
f 2038 2048 1784
f 1784 2048 1819
f 1819 1543 1500
f 1819 1500 1784
f 1784 1500 1496
f 1496 1500 1290
f 1496 1290 1252
f 2606 2347 2510
f 2606 2510 2674
f 2510 2347 2300
f 2510 2300 2508
f 2508 2300 2296
f 2510 2508 2674
f 2674 2508 2506
f 2674 2506 2504
f 2674 2504 2502
f 2038 1784 1781
f 1781 1784 1496
f 2038 1781 1776
f 1781 1496 1465
f 1781 1465 1776
f 1465 1496 1252
f 1465 1252 1250
f 1776 1465 1493
f 1493 1465 1250
f 1493 1250 1248
f 1776 1493 1774
f 1774 1493 1491
f 1821 1863 1583
f 1821 1583 1543
f 1638 1376 1583
f 1583 1376 1335
f 1583 1335 1543
f 1543 1335 1292
f 1543 1292 1500
f 1500 1292 1290
f 1636 1950 1946
f 1695 1636 1946
f 1434 1689 1430
f 1430 1689 1634
f 1430 1634 1372
f 1634 1689 1893
f 1893 1689 1938
f 1634 1893 1891
f 1634 1891 1579
f 1634 1579 1372
f 1372 1579 1333
f 1331 1535 1537
f 1331 1537 1288
f 1288 1537 1246
f 1246 1537 1491
f 1491 1537 1813
f 1491 1813 1774
f 1246 1491 1493
f 1246 1493 1248
f 4213 4240 4222
f 4222 4240 4259
f 4240 4213 4197
f 4259 4240 4275
f 4240 4197 4242
f 4240 4242 4275
f 4242 4197 4179
f 4275 4242 4223
f 4223 4242 4179
f 4275 4223 4260
f 4223 4179 4117
f 4260 4223 4198
f 4198 4223 4117
f 4260 4198 4225
f 4198 4117 4040
f 4225 4198 4119
f 4119 4198 4040
f 4225 4119 4180
f 4180 4119 4120
f 4120 4119 4004
f 4119 4040 3979
f 4119 3979 4004
f 3979 4040 3903
f 3979 3903 3775
f 3979 3775 3833
f 3853 4004 3833
f 3833 3775 3484
f 3853 3833 3568
f 3833 3484 3522
f 3833 3522 3568
f 4213 4222 4178
f 4178 4222 4114
f 4178 4114 4032
f 4213 4178 4116
f 4116 4178 4032
f 4213 4116 4197
f 4116 4032 3935
f 4197 4116 4078
f 4078 4116 3935
f 4197 4078 4179
f 4078 3935 3996
f 4078 3996 4179
f 3996 3935 3851
f 4179 3996 4117
f 3996 3851 3901
f 3996 3901 4117
f 3901 3851 3690
f 4117 3901 4040
f 3901 3690 3400
f 4040 3901 3748
f 3748 3901 3400
f 4040 3748 3903
f 3903 3748 3775
f 3748 3400 3440
f 3440 3400 2930
f 4097 4222 4115
f 4097 4115 4034
f 4097 4034 3993
f 3993 4034 3898
f 3898 4034 3937
f 3898 3937 3771
f 4196 4222 4241
f 4241 4222 4259
f 4241 4259 4243
f 4243 4259 4275
f 4243 4275 4260
f 4243 4260 4224
f 4224 4260 4226
f 4224 4226 4199
f 4226 4260 4225
f 4199 4226 4182
f 4182 4226 4225
f 4199 4182 4156
f 4182 4225 4180
f 4182 4180 4100
f 4100 4180 4120
f 4100 4120 3980
f 3980 4120 4004
f 2930 2746 2524
f 2930 2524 2155
f 2930 2155 2745
f 2930 2745 3371
f 3371 2745 3289
f 3371 3289 3652
f 3289 2745 2805
f 2805 2745 2251
f 3289 2805 3288
f 3652 3289 3614
f 3614 3289 3288
f 3652 3614 3832
f 3614 3288 3613
f 3440 2930 3371
f 3440 3371 3748
f 3748 3371 3652
f 3748 3652 3871
f 3871 3652 3832
f 2745 2155 2251
f 2251 2155 1917
f 2251 1917 2250
f 2251 2250 2747
f 2251 2747 2805
f 2805 2747 3036
f 2805 3036 3439
f 2805 3439 3288
f 3288 3439 3613
f 3613 3439 3717
f 3613 3717 3807
f 3717 3439 3852
f 3852 3439 3653
f 3717 3852 3940
f 3807 3717 3869
f 3869 3717 3940
f 3807 3869 3899
f 3869 3940 3998
f 3869 3998 3938
f 3938 3998 4020
f 3938 4020 3995
f 3938 3995 3956
f 3995 4020 4033
f 3995 4033 3956
f 3614 3613 3808
f 3808 3613 3807
f 3808 3807 3884
f 3884 3807 3899
f 3869 3938 3899
f 3899 3938 3956
f 3884 3899 3958
f 3958 3899 3956
f 3884 3958 3957
f 3958 3956 4033
f 3958 4033 3957
f 3614 3808 3832
f 3832 3808 3900
f 3900 3808 3884
f 3900 3884 3957
f 3832 3900 3939
f 3939 3900 3957
f 3832 3939 3871
f 3939 3957 3975
f 3975 3957 4033
f 3748 3871 3885
f 3748 3885 3775
f 3885 3871 3962
f 3885 3962 3920
f 3885 3920 3810
f 3962 3871 3939
f 3962 3939 4000
f 3962 4000 4038
f 4038 4000 4036
f 4036 4000 3939
f 4036 3939 3975
f 4020 3998 4057
f 4020 4057 4033
f 4057 3998 4037
f 4037 3998 3940
f 4037 3940 4001
f 4001 3940 3852
f 4001 3852 3919
f 3919 3852 3653
f 3919 3653 3809
f 4033 4057 4058
f 4033 4058 4036
f 4036 4058 4038
f 4038 4058 4057
f 4038 4057 4037
f 4038 4037 4001
f 4038 4001 4002
f 4038 4002 3962
f 3962 4002 3920
f 3920 4002 4001
f 3920 4001 3919
f 3920 3919 3810
f 3810 3919 3809
f 4033 4036 3975
f 3810 3809 3483
f 3810 3483 3521
f 3521 3483 2982
f 2982 3483 2885
f 3521 2982 2983
f 2982 2885 2621
f 2982 2621 2157
f 2982 2157 2983
f 2157 2621 2156
f 2157 2156 1649
f 2157 1649 2202
f 2157 2202 2983
f 2983 2202 3089
f 3483 3809 3653
f 3483 3653 3291
f 3483 3291 2885
f 3291 3653 3036
f 3036 3653 3439
f 3291 3036 2747
f 3291 2747 2811
f 3291 2811 2885
f 2885 2811 2621
f 3885 3810 3775
f 3775 3810 3521
f 3979 3833 4004
f 4004 3853 3980
f 3980 3853 3854
f 3854 3853 3568
f 4100 3980 4263
f 4263 3980 4159
f 4100 4263 4318
f 4159 3980 3854
f 4100 4318 4182
f 4159 3854 4006
f 4182 4318 4346
f 4006 3854 3570
f 4182 4346 4289
f 4006 3570 3718
f 3718 3570 3089
f 3718 3089 3292
f 4289 4346 4372
f 4289 4372 4350
f 4350 4372 4384
f 4263 4159 4279
f 4263 4279 4318
f 4279 4159 4184
f 4184 4159 4008
f 4008 4159 4006
f 4318 4279 4326
f 4318 4326 4351
f 4318 4351 4346
f 4346 4351 4373
f 3570 3854 3568
f 4006 3718 4008
f 4160 4184 4008
f 4160 4008 3982
f 3982 4008 3719
f 3719 4008 3718
f 3982 3719 3658
f 3658 3719 3090
f 3658 3090 3039
f 3719 3718 3185
f 3719 3185 3090
f 3185 3718 3292
f 3185 3292 2360
f 3090 3185 2255
f 2255 3185 2360
f 3090 2255 2160
f 2255 2360 1828
f 3570 3568 3089
f 3089 3568 3522
f 3089 3522 2983
f 2983 3522 3484
f 3484 3775 3521
f 3484 3521 2983
f 3089 2202 2360
f 3089 2360 3292
f 2360 2202 1828
f 1828 2202 1649
f 1828 1649 1742
f 1828 1742 2255
f 2255 1742 2160
f 1742 1649 1384
f 1742 1384 1650
f 3090 2160 3039
f 3658 3039 3615
f 3658 3615 3982
f 3982 3615 3906
f 4184 4160 4264
f 4184 4264 4279
f 4279 4264 4290
f 4279 4290 4326
f 4326 4290 4317
f 4290 4264 4214
f 4290 4214 4317
f 4317 4214 4276
f 4317 4276 4356
f 4356 4276 4345
f 4356 4345 4384
f 4326 4317 4351
f 4351 4317 4356
f 4276 4156 4261
f 4261 4156 4182
f 4345 4276 4261
f 4345 4261 4334
f 4345 4334 4384
f 4351 4356 4373
f 4373 4356 4384
f 4373 4384 4372
f 4373 4372 4346
f 4289 4261 4182
f 4261 4289 4350
f 4261 4350 4334
f 4334 4350 4384
f 3329 3187 3042
f 3329 3042 2814
f 2814 3042 2257
f 2257 3042 2440
f 2257 2440 1708
f 1708 2440 1830
f 3187 3329 3330
f 3330 3329 3404
f 3187 3330 3188
f 3330 3404 3487
f 3188 3330 3376
f 3376 3330 3487
f 3376 3487 3488
f 3488 3487 3524
f 3488 3524 3490
f 3404 3329 3296
f 3404 3296 3487
f 3296 3329 3159
f 3159 3329 2814
f 3296 3159 3043
f 3296 3043 3405
f 3159 2814 2258
f 3159 2258 2751
f 3159 2751 3043
f 2258 2814 1872
f 1872 2814 2257
f 1872 2257 1386
f 1872 1386 1344
f 1386 2257 1708
f 1386 1708 1073
f 1073 1708 1205
f 2111 2626 3043
f 3043 2626 3044
f 3043 3044 3246
f 3043 3246 3405
f 3405 3246 3489
f 3246 3044 3406
f 3246 3406 3489
f 3406 3044 3332
f 3489 3406 3490
f 3490 3406 3332
f 1708 1830 1205
f 1205 1830 1342
f 1342 1830 2007
f 1342 2007 1512
f 1205 1342 952
f 1205 952 1073
f 1342 1512 1112
f 1342 1112 952
f 1112 1512 1265
f 1112 1265 1094
f 1112 1094 952
f 1094 1265 1384
f 952 1094 896
f 952 896 738
f 738 896 735
f 1384 1649 1592
f 1384 1592 1341
f 1384 1341 1094
f 1592 1649 1792
f 1792 1649 2203
f 2203 1649 2156
f 2203 2156 2621
f 1793 1592 1792
f 1793 1792 1960
f 1793 1960 1918
f 1918 1960 2061
f 1146 1094 1341
f 1960 1792 2063
f 1960 2063 2061
f 2063 1792 2158
f 2158 1792 2203
f 2063 2158 2359
f 2359 2158 2622
f 2359 2622 2527
f 2527 2622 2813
f 2254 2063 2527
f 2063 2254 2061
f 2254 2527 2312
f 2254 2312 2061
f 2061 2312 2003
f 1094 1016 896
f 896 1016 847
f 896 847 735
f 952 738 1073
f 1073 738 849
f 735 847 736
f 736 847 869
f 950 951 984
f 950 984 983
f 983 984 982
f 735 736 577
f 735 577 738
f 738 577 524
f 738 524 549
f 549 524 292
f 738 549 849
f 849 549 1096
f 1096 549 873
f 1096 873 1344
f 1344 873 1171
f 1344 1171 1652
f 1652 1171 1453
f 1073 849 1096
f 1073 1096 1386
f 1386 1096 1344
f 524 577 292
f 365 577 736
f 1872 1344 1652
f 1872 1652 2258
f 2258 1652 2751
f 2751 1652 2111
f 2751 2111 3043
f 4874 549 292
f 5059 99 4811
f 4811 99 291
f 291 99 365
f 291 365 548
f 291 548 521
f 521 548 737
f 4811 291 394
f 394 291 521
f 394 521 656
f 394 656 576
f 656 521 737
f 656 737 846
f 656 846 895
f 576 656 734
f 656 895 792
f 656 792 734
f 734 792 791
f 791 792 845
f 791 845 790
f 790 845 892
f 548 365 736
f 696 576 763
f 763 576 734
f 763 734 791
f 763 791 818
f 696 763 819
f 819 763 818
f 819 818 844
f 844 818 892
f 844 892 925
f 844 925 926
f 696 819 817
f 817 819 984
f 818 791 790
f 845 792 894
f 894 792 895
f 845 894 892
f 894 895 949
f 894 949 892
f 790 892 818
f 949 895 983
f 949 983 948
f 949 948 892
f 983 982 948
f 982 984 926
f 982 926 948
f 948 926 925
f 948 925 892
f 926 984 819
f 844 926 819
f 3490 3377 3488
f 3488 3377 3160
f 3524 3487 3405
f 3405 3487 3296
f 3524 3405 3489
f 3524 3489 3490
f 3490 3332 3331
f 3331 3332 3044
f 3490 3331 3377
f 3331 3044 2987
f 3331 2987 3377
f 3377 2987 3160
f 2987 3044 2626
f 3160 2987 2750
f 2987 2626 2442
f 2987 2442 2750
f 2442 2626 2111
f 2750 2442 1871
f 1871 2442 2111
f 1871 2111 1652
f 1871 1652 1554
f 1554 1652 1596
f 1596 1652 1453
f 1596 1453 1514
f 1596 1514 1515
f 1515 1514 1474
f 1515 1474 1388
f 1554 1596 1451
f 1451 1596 1515
f 1451 1515 1454
f 1454 1515 1388
f 1451 1454 1300
f 1300 1454 1388
f 1451 1300 1209
f 1209 1300 1051
f 1451 1209 1114
f 1209 1051 1114
f 1114 1051 851
f 1300 1388 1226
f 1226 1388 1227
f 1300 1226 1051
f 1226 1227 1075
f 1226 1075 1051
f 1051 1075 851
f 851 1075 821
f 851 821 428
f 397 4934 44
f 42 44 4934
f 42 4934 141
f 42 141 43
f 43 141 4813
f 141 5124 46
f 141 46 142
f 142 46 100
f 142 100 143
f 143 100 101
f 143 101 48
f 141 142 4813
f 4813 142 4764
f 4813 4764 4992
f 4813 4992 5123
f 4764 142 47
f 4764 47 4992
f 47 142 143
f 4992 47 4814
f 47 143 48
f 47 48 4814
f 5729 5123 5796
f 5729 5796 6721
f 5796 5123 5178
f 5178 5123 4992
f 5178 4992 4814
f 5178 4814 4935
f 4935 4814 48
f 6721 5796 5731
f 5731 5796 5178
f 5178 4935 5179
f 5179 4935 4936
f 5178 5179 5731
f 5731 6583 6721
f 6721 6583 7088
f 5336 5526 5472
f 5336 5472 5338
f 5472 5526 5682
f 5682 5526 5614
f 5682 5614 5680
f 5614 5526 5336
f 5614 5336 5411
f 5472 5682 5616
f 5616 5682 5680
f 5616 5680 5613
f 5613 5680 5830
f 5613 5830 5678
f 5678 5830 5912
f 5678 5912 5907
f 5678 5907 5674
f 5674 5907 5903
f 5674 5903 5667
f 5667 5903 5812
f 5667 5812 5590
f 5472 5616 5338
f 5338 5616 5413
f 5338 5413 5336
f 5336 5413 5411
f 5616 5613 5413
f 5413 5613 5334
f 5680 5614 5830
f 5830 5614 5611
f 5830 5611 5912
f 5912 5611 5604
f 5912 5604 5907
f 5907 5604 5597
f 5907 5597 5903
f 5903 5597 5594
f 5903 5594 5812
f 5812 5594 5509
f 5611 5614 5411
f 5611 5411 5332
f 5413 5334 5411
f 5411 5334 5332
f 5334 5613 5678
f 5334 5678 5326
f 5326 5678 5674
f 5611 5332 5604
f 5604 5332 5253
f 5604 5253 5319
f 5604 5319 5597
f 5597 5319 5313
f 5597 5313 5594
f 5594 5313 5245
f 5594 5245 5509
f 5332 5334 5326
f 5332 5326 5253
f 5253 5326 5320
f 5320 5326 5674
f 5320 5674 5667
f 5320 5667 5315
f 5315 5667 5590
f 5315 5590 5309
f 5319 5253 5320
f 5319 5320 5315
f 5319 5315 5313
f 5313 5315 5309
f 5245 5313 5309
f 5302 5517 5590
f 5590 5517 5826
f 5517 5302 5588
f 5517 5588 5813
f 5517 5813 6042
f 5517 6042 5749
f 5749 6042 6163
f 5749 6163 5970
f 5970 6163 6289
f 5970 6289 6047
f 5590 5826 6105
f 5590 6105 5895
f 6105 5826 6044
f 6105 6044 6285
f 6285 6044 6165
f 6285 6165 6483
f 6483 6165 6218
f 6483 6218 6541
f 5826 5517 5749
f 5826 5749 6044
f 6044 5749 6165
f 6165 5749 5970
f 6165 5970 6047
f 6165 6047 6218
f 6218 6047 6049
f 6218 6049 6291
f 6291 6049 6053
f 6291 6053 6295
f 5895 6105 6159
f 5895 6159 5965
f 6159 6105 6285
f 6159 6285 6354
f 6354 6285 6483
f 6354 6483 6481
f 6481 6483 6596
f 6596 6483 6541
f 6596 6541 6602
f 5965 6159 5588
f 5588 6159 5813
f 5813 6159 6042
f 6042 6159 6354
f 6042 6354 6163
f 6163 6354 6481
f 6163 6481 6289
f 6289 6481 6596
f 6289 6596 6293
f 6289 6293 6047
f 6047 6293 6049
f 6049 6293 6297
f 6049 6297 6053
f 6053 6297 5971
f 5971 6297 6224
f 6293 6596 6602
f 6541 6218 6599
f 6599 6218 6291
f 6599 6291 6295
f 6599 6295 6543
f 6541 6599 6602
f 6297 6293 6602
f 6297 6602 6604
f 6604 6602 6599
f 6604 6599 6543
f 6604 6543 6545
f 6604 6545 6547
f 6547 6545 6485
f 6547 6485 6423
f 6423 6485 6421
f 6423 6421 6362
f 6362 6421 6216
f 6216 6421 6287
f 6216 6287 6040
f 6040 6287 6103
f 6543 6295 6545
f 6545 6295 6222
f 6295 6053 6222
f 6222 6053 5971
f 6547 6297 6604
f 6297 6547 6224
f 6485 6545 6222
f 6485 6222 6169
f 6224 6547 6423
f 6224 6423 6107
f 6224 6107 5971
f 6169 6222 5971
f 6169 5971 5914
f 6169 5914 6167
f 6167 5914 5828
f 6167 5828 5672
f 6167 5672 6046
f 6046 5672 5818
f 5914 5971 6107
f 5914 6107 5828
f 5828 6107 6051
f 5828 6051 5672
f 5672 6051 5909
f 5672 5909 5747
f 5672 5747 5592
f 6485 6169 6421
f 6421 6169 6167
f 6421 6167 6287
f 6287 6167 6046
f 6287 6046 6103
f 6103 6046 5818
f 6362 6107 6423
f 6107 6362 6051
f 6051 6362 6216
f 6051 6216 5909
f 5909 6216 5747
f 5747 6216 6040
f 5672 5592 5818
f 5967 5824 5737
f 5967 5737 5891
f 5967 5891 6281
f 6281 5891 6206
f 5824 6161 5737
f 5737 6161 6157
f 6157 6161 6647
f 6647 6161 6649
f 6649 7149 7147
f 6649 7147 6647
f 7147 7149 7869
f 7869 7149 7845
f 7869 7845 8632
f 7869 8632 8706
f 7147 7869 7867
f 7867 7869 8706
f 7147 7867 7094
f 7867 8706 8751
f 7094 7867 7843
f 7843 7867 8751
f 7094 7843 7006
f 9920 9885 8751
f 8751 9885 8750
f 8751 8750 7843
f 7843 8750 7865
f 7843 7865 7006
f 7006 7865 7004
f 7006 7004 6645
f 6157 6647 6688
f 6688 6647 7147
f 6157 6688 6352
f 6157 6352 5737
f 5737 6352 6030
f 5737 6030 5891
f 5891 6030 6095
f 5891 6095 6206
f 6206 6095 6480
f 6206 6480 6594
f 6594 6480 6810
f 6688 7147 7094
f 6688 7094 6592
f 6688 6592 6352
f 6352 6592 6273
f 6592 7094 6686
f 6592 6686 6273
f 6686 7094 7006
f 6273 6686 6350
f 6686 7006 6645
f 6686 6645 6350
f 8706 8632 9802
f 9802 8632 9632
f 9802 9632 10434
f 10434 9632 10229
f 10229 9632 9496
f 8706 9802 9920
f 8751 8706 9920
f 8750 9885 8748
f 8748 9885 9764
f 8750 8748 7865
f 7865 8748 7882
f 7865 7882 7144
f 7865 7144 7004
f 7004 7144 6924
f 7004 6924 6645
f 6645 6924 6684
f 9885 9920 10367
f 10367 9920 10466
f 10367 10466 10675
f 10675 10466 10779
f 10466 9920 9802
f 10466 9802 10434
f 9885 10367 9764
f 9764 10367 10264
f 10264 10367 10397
f 10397 10367 10675
f 10397 10675 10589
f 10397 10589 10396
f 10396 10589 10104
f 10396 10104 10021
f 10021 10104 9231
f 10021 9231 9152
f 9152 9231 8157
f 9152 8157 8155
f 8155 8157 7425
f 9764 10264 10228
f 9764 10228 9845
f 9049 9845 8999
f 8999 9845 9727
f 9845 10228 10102
f 9845 10102 9727
f 10102 10228 10431
f 10102 10431 10310
f 9727 10102 9842
f 9842 10102 10324
f 9842 10324 10464
f 10228 10264 10397
f 10228 10397 10431
f 10431 10397 10396
f 9764 9845 8748
f 8748 9845 9049
f 8748 9049 8354
f 8354 9049 8999
f 8748 8354 7882
f 8354 8999 8393
f 7882 8354 7841
f 8393 8999 9148
f 7882 7841 7144
f 8393 9148 8438
f 8438 9148 9228
f 8438 9228 8391
f 7144 7841 7000
f 7144 7000 6761
f 7144 6761 6924
f 6761 7000 6151
f 7841 8354 8393
f 7841 8393 7918
f 7841 7918 7000
f 7000 7918 7294
f 7000 7294 6151
f 6151 7294 6682
f 6151 6682 5660
f 5660 6682 6269
f 5660 6269 5733
f 5733 6269 6204
f 6204 6269 6801
f 8999 9727 9842
f 8999 9842 9148
f 9148 9842 9228
f 9228 9842 9995
f 9228 9995 10225
f 9228 10225 9268
f 9228 9268 8391
f 9268 10225 10261
f 9268 10261 9098
f 10831 10261 10798
f 10798 10261 10225
f 10798 10225 9995
f 10798 9995 10464
f 10464 9995 9842
f 10798 10464 10701
f 10701 10464 10324
f 10831 10798 10813
f 10813 10798 10701
f 10831 10813 10922
f 10831 10922 10751
f 10751 10922 10866
f 10922 10813 10820
f 10820 10813 10699
f 10699 10813 10701
f 10699 10701 10429
f 10429 10701 10556
f 10556 10701 10324
f 10429 10556 10195
f 10556 10324 10102
f 10195 10556 10310
f 10310 10556 10102
f 10195 10310 10431
f 6801 7461 6803
f 6801 6803 6204
f 6803 7461 7462
f 6803 7462 7326
f 7462 7461 8267
f 7462 8267 8234
f 8234 8267 9150
f 8234 9150 9187
f 6151 5660 5882
f 6151 5882 6347
f 6151 6347 6761
f 5882 5660 5384
f 5384 5660 5733
f 5384 5733 5459
f 5459 5733 6204
f 5459 6204 5956
f 5956 6204 6680
f 6680 6204 6803
f 6680 6803 7052
f 5882 5384 5126
f 5126 5384 5125
f 5882 5126 5662
f 5882 5662 6347
f 6347 5662 6153
f 5125 5384 5459
f 5125 5459 5659
f 5659 5459 5956
f 5659 5956 6536
f 6536 5956 6680
f 6536 6680 7052
f 5659 6536 6478
f 5659 6478 5584
f 6478 6536 6922
f 6478 6922 6759
f 5125 5659 5584
f 5125 5584 5065
f 5125 5065 5126
f 5126 5065 4995
f 5126 4995 5662
f 4995 5065 5461
f 4995 5461 5386
f 5386 5461 5961
f 5386 5961 5809
f 5809 5961 6095
f 6536 7052 6922
f 6922 7052 7326
f 6922 7326 7269
f 7052 6803 7326
f 5584 6478 5959
f 5584 5959 5065
f 5065 5959 5461
f 5959 6478 6926
f 6926 6478 6759
f 6926 6759 7002
f 5959 6926 6805
f 5461 5959 6417
f 6417 5959 6805
f 5461 6417 5961
f 6417 6805 6763
f 5961 6417 6480
f 6480 6417 6763
f 5961 6480 6095
f 6480 6763 6810
f 6759 6922 7269
f 6759 7269 7002
f 7002 7269 7232
f 7232 7269 7423
f 7002 7232 6926
f 7269 7326 7423
f 7423 7326 7540
f 6926 7232 6965
f 6965 7232 7234
f 6926 6965 6805
f 6805 6965 6848
f 6805 6848 6807
f 6805 6807 6763
f 6763 6807 6810
f 7540 7326 7462
f 7540 7462 8234
f 7540 8234 8155
f 8155 8234 9187
f 8155 9187 9152
f 9152 9187 10021
f 7423 7540 8155
f 9150 9230 9997
f 9150 9997 9843
f 9187 9150 9843
f 9187 9843 9963
f 9963 9843 10195
f 9963 10195 10326
f 10326 10195 10431
f 9187 9963 10021
f 10021 9963 10326
f 10021 10326 10396
f 10396 10326 10431
f 9271 9231 10104
f 9271 10104 10163
f 10163 10104 10589
f 10163 10589 10676
f 10676 10589 10675
f 10676 10675 10779
f 10163 10676 10106
f 10106 10676 10631
f 10106 10631 10000
f 10000 10631 10558
f 10000 10558 10023
f 10000 10023 9154
f 10023 10558 10705
f 10705 10558 10703
f 10023 10705 9887
f 9887 10705 10399
f 8155 7425 7423
f 7423 7425 7232
f 7232 7425 7234
f 7234 7425 7464
f 8157 9231 8159
f 8159 9231 9271
f 8159 9271 8161
f 8159 8161 7510
f 8159 7510 7464
f 7464 7510 7236
f 7236 7510 7092
f 7092 7510 7095
f 7095 7510 7542
f 7542 7510 8161
f 9189 8161 9271
f 9189 9271 10163
f 9189 10163 10106
f 7542 8161 8163
f 8163 8161 9189
f 7542 8163 8165
f 9189 10106 9154
f 9189 9154 8163
f 8163 9154 8165
f 8165 9154 9050
f 9050 9154 10023
f 9050 10023 9887
f 7425 8157 7464
f 7464 8157 8159
f 7234 7464 7236
f 7234 7236 6965
f 6965 7236 6848
f 6848 7236 7092
f 6848 7092 6807
f 6807 7092 7095
f 6807 7095 6810
f 6810 7095 6594
f 6594 7095 7008
f 7008 7095 7542
f 7008 7542 7511
f 7511 7542 8165
f 7511 8165 8167
f 8167 8165 9050
f 8167 9050 9156
f 9156 9050 9887
f 9156 9887 10025
f 10025 9887 10399
f 10025 10399 10519
f 9154 10106 10000
f 10676 10779 10631
f 10631 10779 10753
f 10753 10779 10466
f 10753 10466 10434
f 10753 10434 10703
f 10753 10703 10631
f 10631 10703 10558
f 10703 10434 10229
f 10703 10229 10560
f 10560 10229 10197
f 10703 10560 10705
f 10705 10560 10562
f 10049 10562 10197
f 10705 10562 10399
f 10562 10049 10468
f 10562 10468 10399
f 10229 9496 10197
f 10560 10197 10562
f 10399 10468 10519
f 5514 5588 5816
f 5816 5588 6034
f 6034 5588 6099
f 5588 5514 5305
f 5305 5514 5132
f 5132 5514 5467
f 5467 5514 5816
f 5467 5816 5898
f 5898 5816 6210
f 6210 5816 6034
f 5588 5305 5242
f 5588 5242 5300
f 5242 5305 5132
f 5242 5132 4997
f 4997 5132 4941
f 4941 5132 5071
f 5071 5132 5403
f 5132 5467 5403
f 5403 5467 5901
f 5467 5898 5901
f 5901 5898 6212
f 6212 5898 6210
f 6212 6210 6279
f 6279 6210 6277
f 6210 6034 6277
f 6277 6034 6099
f 6277 6099 6155
f 6155 6099 6097
f 6277 6155 6208
f 6277 6208 6279
f 6155 6097 5963
f 5963 6097 5889
f 6097 6099 5588
f 6097 5588 5889
f 6208 6155 5963
f 6208 5963 5887
f 5887 5963 5463
f 5887 5463 5388
f 5889 5588 5586
f 5586 5588 5300
f 5889 5586 5963
f 5963 5586 5463
f 5463 5586 5300
f 5463 5300 5128
f 5128 5300 4997
f 4997 5300 5242
f 5388 5463 5128
f 5388 5128 5067
f 6208 5887 6032
f 6032 5887 5810
f 6208 6032 6279
f 6279 6032 6101
f 5887 5388 5810
f 5810 5388 5465
f 5465 5388 5067
f 5810 5465 5392
f 5069 5392 5130
f 5392 5069 5134
f 5392 5134 5401
f 5810 5392 5739
f 5739 5392 5401
f 5810 5739 6032
f 6032 5739 6101
f 6101 5739 6038
f 6038 5739 5822
f 5511 5401 5822
f 5511 5822 5739
f 5067 5128 4997
f 5067 4997 4941
f 6279 6101 6212
f 6212 6101 6038
f 6212 6038 5901
f 5901 6038 5822
f 5901 5822 5403
f 5403 5822 5401
f 5403 5401 5071
f 5071 5401 5134
f 5134 5069 5071
f 5071 5069 4941
f 4941 5069 5130
f 4941 5130 5067
f 5130 5392 5465
f 5130 5465 5067
f 5399 5511 5739
f 5399 5739 5304
f 5399 5304 4945
f 5399 4945 5073
f 5073 4945 4766
f 5073 4766 4881
f 4881 4766 4947
f 4947 4766 4883
f 4947 4883 5075
f 5075 4883 5077
f 5075 5077 5328
f 5075 5328 5255
f 5255 5328 5409
f 5409 5328 5606
f 5409 5606 5753
f 5409 5753 5600
f 5600 5753 5905
f 5600 5905 5666
f 5666 5905 5741
f 5741 5905 5897
f 5741 5897 6035
f 5741 6035 5893
f 5304 5739 5735
f 5511 5399 5185
f 5185 5399 5073
f 5304 5735 5390
f 5304 5390 4943
f 5304 4943 146
f 5304 146 4945
f 4945 146 4766
f 4766 146 224
f 5511 5185 5244
f 4943 5390 5244
f 4943 5244 4877
f 4943 4877 148
f 4943 148 146
f 146 148 224
f 224 148 268
f 4877 5244 5185
f 4877 5185 148
f 148 5185 4879
f 148 4879 57
f 148 57 268
f 4879 5185 5073
f 4879 5073 57
f 57 5073 4881
f 4881 4947 57
f 57 4947 4768
f 4768 4947 4885
f 4885 4947 5075
f 4766 224 185
f 4766 185 4883
f 4883 185 5077
f 5077 185 4770
f 185 224 268
f 185 268 226
f 185 226 102
f 185 102 4770
f 268 57 226
f 226 57 4768
f 226 4768 102
f 102 4768 4885
f 5077 4770 5082
f 5077 5082 5328
f 5328 5082 5606
f 5082 4770 102
f 5082 102 4887
f 5082 4887 5330
f 5255 4885 5075
f 4885 5255 4999
f 4999 102 4885
f 102 4999 4887
f 4999 5255 5138
f 5138 5255 5409
f 5138 5409 5251
f 5251 5409 5600
f 4999 5138 4887
f 4887 5138 5079
f 5079 5138 5251
f 5079 5251 5189
f 5189 5251 5248
f 5248 5251 5317
f 5248 5317 5396
f 5248 5396 5311
f 5311 5396 5394
f 5394 5396 5507
f 5082 5330 5606
f 5606 5330 5753
f 4887 5079 5330
f 5330 5079 5189
f 5330 5189 5521
f 5521 5189 5596
f 5596 5189 5248
f 5596 5248 5311
f 5330 5521 5753
f 5521 5596 5753
f 5317 5251 5600
f 5317 5600 5666
f 5905 5753 5596
f 5317 5666 5741
f 5396 5317 5741
f 5396 5741 5893
f 5396 5893 5507
f 5311 5394 5742
f 5311 5742 5664
f 6035 5897 5742
f 5897 5905 5596
f 5897 5596 5664
f 5742 5897 5664
f 5664 5596 5311
f 4823 4772 4891
f 4823 4891 5008
f 5008 4891 5009
f 4772 4823 5004
f 4772 5004 4951
f 4772 4951 4891
f 4891 4951 5006
f 5006 4951 4889
f 5006 4889 5084
f 5084 4889 5191
f 5191 4889 4949
f 5191 4949 5080
f 5191 5080 5259
f 5259 5080 5136
f 5259 5136 5324
f 5324 5136 5407
f 5407 5136 5187
f 5407 5187 5308
f 5407 5308 5519
f 5004 4823 5193
f 5193 4823 5008
f 5008 5009 5193
f 5193 5009 5194
f 5193 5194 5340
f 5340 5194 5261
f 5340 5261 5470
f 5340 5470 5525
f 5525 5470 5608
f 5608 5470 5610
f 5608 5610 5676
f 5009 4891 5194
f 5194 4891 5006
f 5194 5006 5261
f 5002 4951 5004
f 4951 5002 4889
f 4889 5002 5140
f 4889 5140 4949
f 4949 5140 5257
f 4949 5257 5080
f 5080 5257 5136
f 5136 5257 5322
f 5136 5322 5405
f 5136 5405 5187
f 5002 5004 5193
f 5002 5193 5340
f 5002 5340 5140
f 5140 5340 5525
f 5006 5084 5261
f 5470 5261 5084
f 5470 5084 5191
f 5470 5191 5259
f 5470 5259 5610
f 5610 5259 5602
f 5602 5259 5324
f 5602 5324 5670
f 5670 5324 5407
f 5670 5407 5519
f 5670 5519 5745
f 5140 5525 5608
f 5140 5608 5257
f 5257 5608 5322
f 5322 5608 5676
f 5322 5676 5405
f 5405 5676 5751
f 5405 5751 5820
f 5405 5820 5512
f 5610 5602 5676
f 5676 5602 5670
f 5676 5670 5751
f 5751 5670 5820
f 5820 5670 5745
f 5405 5512 5187
f 5187 5512 5308
f 6273 6274 6352
f 6274 6273 6350
f 6274 6350 6349
f 6349 6350 6645
f 6349 6645 6684
f 6349 6684 6271
f 6349 6271 5884
f 5884 6271 5883
f 6349 5884 6274
f 5884 5883 5505
f 6030 6352 6274
f 6030 6274 5809
f 5809 6274 5884
f 5809 5884 5386
f 5386 5884 5505
f 5386 5505 4995
f 4995 5505 5662
f 6271 6684 6924
f 6271 6924 6590
f 6271 6590 6153
f 6271 6153 5883
f 5883 6153 5505
f 5505 6153 5662
f 6924 6761 6590
f 6590 6761 6347
f 6590 6347 6153
f 6030 5809 6095
f 8719 8410 7871
f 8410 8719 9164
f 8410 9164 8836
f 8836 9164 9504
f 9164 8719 8684
f 9164 8684 9116
f 9164 9116 9466
f 7871 8410 8364
f 7871 8364 7847
f 8364 8410 8758
f 8758 8410 8836
f 8758 8836 9163
f 9163 8836 9238
f 9163 9238 9278
f 9278 9238 9348
f 7847 8364 8684
f 8684 8364 9116
f 9116 8364 8758
f 9116 8758 9466
f 9466 8758 9163
f 9466 9163 9278
f 9466 9278 9595
f 9595 9278 9736
f 9736 9278 9276
f 9736 9276 9930
f 9930 9276 9502
f 9930 9502 9644
f 9930 9644 9971
f 9504 9164 9466
f 9504 9466 9595
f 9238 8836 9504
f 9238 9504 9692
f 9238 9692 9348
f 9348 9692 9390
f 9390 9692 9816
f 9390 9816 10006
f 9390 10006 9643
f 9643 10006 10035
f 9643 10035 9776
f 9692 9504 9595
f 9692 9595 9736
f 9692 9736 9816
f 9816 9736 9930
f 9816 9930 10006
f 10006 9930 10035
f 10035 9930 9971
f 9276 9278 9348
f 9348 9390 9276
f 9276 9390 9502
f 9502 9390 9643
f 9502 9643 9644
f 9644 9643 9776
f 10035 9971 9644
f 9776 10035 9644
f 8446 9424 9534
f 9534 9424 10139
f 9534 10139 10271
f 10271 10139 10687
f 9534 10271 10286
f 9534 10286 9587
f 10286 10271 10687
f 9587 10286 9585
f 9587 9585 8476
f 9585 10286 10444
f 9585 10444 10370
f 10444 10286 10713
f 10713 10286 10687
f 10713 10687 10913
f 10713 10913 10934
f 10913 10687 10900
f 10139 10532 10687
f 10687 10532 10900
f 8327 9639 8200
f 8200 9639 9344
f 8200 9344 8013
f 9344 9639 10080
f 10080 9639 10370
f 8013 9344 9058
f 9058 9344 10080
f 8013 9058 7894
f 9058 10080 9772
f 7894 9058 8682
f 8682 9058 9772
f 8682 9772 9385
f 8682 9385 8960
f 8682 8960 8474
f 8682 8474 7732
f 8474 8960 8085
f 8474 8085 7515
f 7515 8085 7330
f 8085 8960 8558
f 7330 8085 7892
f 7892 8085 8558
f 7892 8558 8274
f 10370 9639 9585
f 11001 11023 10949
f 11037 11019 10981
f 11037 10981 10992
f 11037 10992 11035
f 11035 10992 10979
f 10992 10981 10909
f 10909 10981 10966
f 10909 10966 10877
f 10909 10877 10742
f 10992 10909 10907
f 10992 10907 10979
f 10909 10742 10740
f 10740 10742 10351
f 10907 10909 10738
f 10738 10909 10740
f 10740 10351 10349
f 10349 10351 9790
f 10349 9790 9788
f 10349 9788 10347
f 10349 10347 10740
f 10740 10347 10738
f 10907 10738 10735
f 10735 10738 10347
f 10907 10735 10895
f 10907 10895 10979
f 10979 10895 10892
f 10979 10892 10963
f 10892 10895 10766
f 10766 10895 10735
f 10735 10347 10345
f 10735 10345 10766
f 10766 10345 10343
f 10345 10347 9834
f 10345 9834 9832
f 10966 10994 10921
f 10966 10921 10864
f 10966 10864 10877
f 10877 10864 10786
f 10877 10786 10742
f 10742 10786 10584
f 10742 10584 10351
f 10351 10584 10248
f 10351 10248 9755
f 10351 9755 9790
f 9790 9755 8803
f 8803 9755 8801
f 8803 8801 8027
f 8803 8027 7995
f 7995 8027 7605
f 7995 7605 7397
f 7397 7605 6661
f 10963 10892 10890
f 10890 10892 10764
f 10764 10892 10766
f 10764 10766 10343
f 10343 10345 9832
f 10343 9832 9830
f 9830 9832 8854
f 9830 8854 8852
f 8854 9832 8856
f 8856 9832 9834
f 8856 9834 8858
f 8858 9834 9788
f 9788 9834 10347
f 8858 9788 9790
f 8858 9790 8803
f 10179 10764 10343
f 10764 10179 10641
f 10764 10641 10890
f 10179 10343 9830
f 10179 9830 9709
f 9709 9830 8850
f 8850 9830 8852
f 8850 8852 8098
f 8098 8852 8023
f 8098 8023 7445
f 7445 8023 7335
f 7445 7335 6711
f 6711 7335 6395
f 6711 6395 85
f 8852 8057 8023
f 7335 6514 6395
f 6395 6514 85
f 85 6514 4754
f 85 4754 681
f 4754 6514 5108
f 681 4754 564
f 564 4754 5108
f 7445 6711 7248
f 7445 7248 8055
f 7445 8055 8098
f 7248 6711 5946
f 7248 5946 7076
f 7076 5946 5294
f 5294 5946 282
f 9709 8850 9610
f 9709 9610 10179
f 8850 8098 8848
f 8850 8848 9610
f 8098 8055 8848
f 8848 8055 9026
f 8848 9026 9610
f 9026 8055 8060
f 8060 8055 7248
f 8060 7248 7076
f 8060 7076 8099
f 8099 7076 6982
f 8060 8099 9247
f 8060 9247 9026
f 9247 8099 8138
f 9828 9610 9026
f 9828 9026 9247
f 9247 8138 9361
f 9361 8138 8178
f 8177 9246 8178
f 8178 9246 9321
f 8178 9321 9361
f 9361 9321 10094
f 9361 10094 10152
f 9361 10152 9247
f 10152 10094 10692
f 10152 10692 10736
f 9247 10152 10040
f 10040 10152 10736
f 9247 10040 9828
f 10040 10736 10579
f 10040 10579 9828
f 10579 10736 10862
f 9828 10579 10278
f 10733 10278 10862
f 9828 10278 9610
f 10278 10733 10176
f 10278 10176 9610
f 10176 10733 10664
f 9610 10176 10179
f 10179 10176 10664
f 10862 10278 10579
f 8178 8138 7029
f 7029 8138 8099
f 7029 8099 6982
f 7029 6982 5039
f 8178 7029 7165
f 7029 5039 5164
f 7029 5164 7165
f 8178 7165 8177
f 5164 5039 539
f 539 5039 417
f 539 417 831
f 417 5039 5294
f 417 5294 282
f 5164 539 538
f 5164 538 5651
f 5164 5651 7165
f 5651 538 280
f 7165 5651 7276
f 7165 7276 8177
f 5651 280 6077
f 5651 6077 7276
f 6077 280 5224
f 7276 6077 6450
f 6450 6077 5224
f 9246 8177 9168
f 9168 8177 8135
f 8135 8177 7276
f 9168 8135 9083
f 9083 8135 8133
f 8135 7276 7332
f 8135 7332 8133
f 7332 7276 6450
f 8133 7332 7355
f 7355 7332 6450
f 7355 6450 6658
f 6658 6450 5224
f 6658 5224 5864
f 7355 6658 7483
f 7483 6658 6817
f 6817 6658 5865
f 7483 6817 7564
f 7564 6817 6899
f 7564 6899 7642
f 7642 6899 6977
f 7642 6977 7697
f 7697 6977 7118
f 7697 7118 7786
f 7786 7118 7204
f 7786 7204 7849
f 7849 7204 7244
f 7849 7244 7848
f 7848 7244 7245
f 6982 7076 5294
f 5039 6982 5294
f 5946 6711 26
f 5946 26 282
f 26 6711 85
f 26 85 622
f 282 26 622
f 417 282 682
f 682 282 622
f 417 682 831
f 10149 9826 9953
f 10149 9953 10175
f 9953 9826 9125
f 9125 9826 9083
f 10175 9953 10123
f 10175 10123 10662
f 10123 9953 9125
f 9125 9083 8133
f 9125 8133 8211
f 8211 8133 7355
f 8211 7355 7483
f 9125 8211 9124
f 9125 9124 10123
f 8211 7483 8289
f 8211 8289 9124
f 8289 7483 7564
f 10123 9124 9123
f 9123 9124 8289
f 10123 9123 10071
f 10071 9123 9978
f 8289 7564 8339
f 8289 8339 9123
f 8339 7564 7642
f 9978 9123 9122
f 9122 9123 8339
f 9978 9122 9825
f 8339 7642 8370
f 8339 8370 9122
f 8370 7642 7697
f 9825 9122 9121
f 9121 9122 8370
f 9825 9121 9604
f 9604 9121 9079
f 9604 9079 9401
f 9121 8370 8417
f 8417 8370 7697
f 8417 7697 7786
f 9401 9079 8930
f 9401 8930 8969
f 8486 9079 8417
f 8486 8417 7786
f 8486 7786 7849
f 8487 8930 8486
f 8487 8486 7849
f 8930 8487 8969
f 8487 7849 7848
f 8969 8487 8418
f 8418 8487 7848
f 8969 8418 8931
f 8418 7848 7831
f 7831 7848 7245
f 8931 8418 8338
f 8338 8418 7831
f 8931 8338 8891
f 8338 7831 7640
f 8891 8338 8176
f 8176 8338 7640
f 8891 8176 8762
f 8176 7640 7393
f 8762 8176 8020
f 8020 8176 7393
f 8020 7393 7246
f 8762 8020 8646
f 8020 7246 7948
f 8020 7948 8646
f 8646 7948 8544
f 8544 7948 7872
f 8544 7872 8456
f 8456 7872 7830
f 8456 7830 8367
f 8367 7830 7782
f 8367 7782 8284
f 8284 7782 7752
f 8284 7752 8205
f 8205 7752 7751
f 7751 7752 7116
f 7751 7116 7162
f 8284 8205 8616
f 8616 8205 8585
f 8616 8585 8886
f 8284 8616 8644
f 8685 8367 8644
f 8616 8886 9018
f 8616 9018 8644
f 9018 8886 9399
f 9399 8886 9213
f 9018 9399 9599
f 8644 9018 9214
f 8644 9214 8685
f 9314 9214 9599
f 9214 9314 8685
f 9314 9599 9821
f 9314 9821 9904
f 8685 9314 8795
f 8795 9314 9439
f 8795 9439 8929
f 8929 9439 9511
f 8929 9511 9600
f 8929 9600 9077
f 6977 6899 6126
f 6126 6899 6002
f 6002 6899 6817
f 6002 6817 5865
f 6977 6126 6244
f 6977 6244 7118
f 7118 6244 6322
f 7118 6322 7204
f 7204 6322 6449
f 7204 6449 7244
f 7244 6449 6510
f 7244 6510 7245
f 5865 6658 5864
f 5865 5864 5030
f 5865 5030 5032
f 5865 5032 6002
f 6002 5032 4980
f 6002 4980 6126
f 6126 4980 4981
f 4981 4980 348
f 6126 4981 6244
f 4981 348 416
f 6244 4981 5036
f 5036 4981 416
f 6244 5036 6322
f 5036 416 415
f 6322 5036 5105
f 5105 5036 415
f 6322 5105 6449
f 5105 415 347
f 6449 5105 5223
f 5223 5105 347
f 6449 5223 6510
f 5223 347 279
f 5223 279 5289
f 5223 5289 6510
f 5289 279 117
f 6510 5289 6561
f 6510 6561 7245
f 5289 117 5490
f 5289 5490 6561
f 5490 117 4977
f 5490 4977 5785
f 5490 5785 6561
f 5785 4977 5712
f 6561 5785 6709
f 6709 5785 5712
f 6561 6709 7275
f 7275 6709 6708
f 6709 5712 6444
f 6709 6444 6776
f 1409 1061 1087
f 4986 6661 7027
f 7027 6661 7605
f 2016 1629 2452
f 938 646 171
f 171 646 5292
f 938 171 537
f 938 537 1190
f 171 5292 5438
f 5438 5292 7027
f 541 351 447
f 5443 5441 6133
f 7164 7027 7605
f 7164 7605 7607
f 7164 7607 7207
f 7207 7607 7651
f 7207 7651 7653
f 7607 7605 8027
f 7607 8027 8140
f 8140 8027 8801
f 7607 8140 7651
f 8140 8801 8975
f 7651 8140 7653
f 8140 8975 8142
f 8140 8142 7653
f 8142 8975 9087
f 7653 8142 8102
f 8142 9087 8897
f 8142 8897 8102
f 8975 8801 9755
f 8975 9755 9873
f 8975 9873 10016
f 9873 9755 10248
f 9873 10248 10016
f 10016 10248 10453
f 10453 10248 10584
f 10453 10584 10786
f 8975 10016 9087
f 9087 10016 9982
f 9087 9982 8897
f 7929 8307 7963
f 7489 7366 7611
f 7611 7366 7491
f 7491 7493 7718
f 7491 7718 7611
f 7718 7493 7615
f 7615 7493 7368
f 7718 7615 7720
f 7718 7720 7765
f 7720 7615 7497
f 7497 7615 7458
f 7458 7615 7368
f 7458 7368 7284
f 7662 7611 7765
f 7765 7611 7718
f 7662 7765 7664
f 7664 7765 7616
f 7616 7765 7720
f 7616 7720 7497
f 7616 7497 7413
f 7413 7497 7253
f 7413 7253 7174
f 7497 7458 7253
f 7253 7458 7214
f 7214 7458 7082
f 7082 7458 7284
f 7253 7214 6835
f 6835 7214 7082
f 7253 6835 6837
f 6835 7082 6831
f 6835 6831 6579
f 7253 6837 7174
f 7174 6837 6787
f 6787 6837 6471
f 6787 6471 6468
f 6468 6471 6139
f 6139 6471 6141
f 6837 6835 6528
f 6837 6528 6471
f 6471 6528 6141
f 6528 6835 6579
f 6528 6579 6084
f 6528 6084 6141
f 6084 5793 6141
f 6141 5793 6139
f 6787 6468 6526
f 6526 6468 6139
f 6526 6139 6262
f 7174 6787 6833
f 6833 6787 6526
f 6833 6526 6881
f 7174 6833 7125
f 6833 6881 7125
f 7123 7125 6881
f 6673 6881 6526
f 6673 6526 6262
f 6673 6262 6524
f 10532 10782 10900
f 6250 6190 6326
f 6326 6190 6255
f 6326 6255 6329
f 6250 6326 6400
f 6250 6400 6456
f 6400 6326 6458
f 6255 6190 6257
f 6257 6190 6189
f 6257 6189 6328
f 6329 6255 6403
f 6403 6255 6257
f 6189 6190 6250
f 6189 6250 6249
f 6189 6249 6253
f 6189 6253 6328
f 6253 6249 6399
f 6257 6328 6403
f 6403 6328 6519
f 6403 6519 6634
f 6403 6634 6574
f 6399 6249 6456
f 6456 6249 6250
f 6399 6456 6515
f 6515 6456 6630
f 6630 6456 6570
f 6570 6456 6400
f 6570 6400 6458
f 6630 6570 6666
f 6666 6570 6632
f 6632 6570 6458
f 6632 6458 6517
f 6632 6517 6574
f 6517 6458 6326
f 6574 6517 6460
f 6460 6517 6326
f 6460 6326 6329
f 6666 6632 6634
f 6634 6632 6574
f 6574 6460 6403
f 6460 6329 6403
f 6332 6521 6670
f 6670 6521 6636
f 9042 9041 8773
f 9041 9042 9419
f 9042 8773 8771
f 9042 8771 8988
f 8771 8773 8655
f 8655 8773 8547
f 8771 8655 8769
f 8771 8769 8870
f 8771 8870 8988
f 8870 8769 8986
f 8870 8986 8987
f 8870 8987 8988
f 8988 8987 9221
f 9042 8988 9221
f 9042 9221 9419
f 8987 8986 9093
f 8987 9093 9221
f 9221 9093 9135
f 9135 9093 8986
f 9221 9135 9260
f 9221 9260 9491
f 9221 9491 9419
f 9419 9491 9622
f 8772 8986 8769
f 8772 8769 8655
f 8772 8655 8657
f 8772 8657 8736
f 8736 8657 8624
f 8624 8657 8597
f 8597 8657 8655
f 8597 8655 8547
f 8597 8547 8385
f 8385 8547 8105
f 8597 8385 8494
f 8385 8105 8068
f 8494 8385 8223
f 8223 8385 8068
f 8494 8223 8309
f 8223 8068 8069
f 8223 8069 8309
f 8624 8597 8494
f 8624 8494 8495
f 8495 8494 8309
f 8495 8309 8311
f 8311 8309 8069
f 8495 8311 8224
f 8224 8311 8069
f 8495 8224 8347
f 8224 8069 8149
f 8224 8149 8347
f 8068 8105 7969
f 7969 8105 7935
f 8068 7969 8069
f 7969 7935 7835
f 7969 7835 7936
f 7969 7936 8069
f 8624 8495 8347
f 7936 7835 7937
f 7937 7835 7910
f 7936 7937 7970
f 7936 7970 8069
f 8069 7970 8040
f 9990 9676 9567
f 9990 9567 9878
f 9878 9567 9718
f 9567 9676 9419
f 9567 9419 9622
f 9567 9622 9719
f 9567 9719 9621
f 9621 9719 9677
f 9677 9719 9759
f 9718 9567 9621
f 9718 9621 9677
f 9878 9718 9991
f 9718 9677 9837
f 9718 9837 9991
f 9991 9837 10077
f 9837 9677 9992
f 9992 9677 9759
f 10077 9837 9992
f 10077 9992 10188
f 10077 10188 10186
f 10077 10186 10185
f 10186 10188 10385
f 10186 10385 10358
f 10358 10385 10619
f 10619 10385 10620
f 10619 10620 10791
f 10357 10133 9991
f 9991 10077 10185
f 9991 10185 10357
f 10099 9992 9759
f 9992 10099 10218
f 9992 10218 10188
f 10188 10218 10360
f 10188 10360 10511
f 10188 10511 10385
f 10385 10511 10670
f 10385 10670 10620
f 10620 10670 10791
f 10099 9759 10020
f 10305 10189 10461
f 10511 10512 10621
f 10511 10621 10670
f 10621 10512 10671
f 10621 10671 10698
f 10698 10671 10724
f 10671 10512 10622
f 10622 10512 10424
f 10622 10424 10547
f 10547 10424 10461
f 10185 10186 10319
f 10670 10621 10698
f 10670 10698 10791
f 10791 10698 10724
f 10186 10358 10459
f 10186 10459 10319
f 10459 10358 10646
f 10646 10358 10619
f 10646 10619 10791
f 10646 10791 10697
f 10646 10697 10588
f 10646 10588 10459
f 10459 10588 10488
f 10459 10488 10319
f 10423 10319 10488
f 10319 10423 10185
f 10460 10510 10423
f 10185 10423 10618
f 10618 10423 10510
f 10618 10510 10774
f 10185 10618 10357
f 10618 10774 10748
f 10748 10774 10830
f 10830 10774 10790
f 10748 10830 10818
f 10818 10830 10853
f 10818 10853 10852
f 10618 10748 10545
f 10545 10748 10818
f 10545 10818 10745
f 10745 10818 10852
f 10830 10790 10829
f 10829 10790 10696
f 10829 10696 10747
f 10829 10747 10811
f 10830 10829 10843
f 10843 10829 10811
f 10830 10843 10853
f 10843 10811 10852
f 10843 10852 10853
f 10811 10747 10669
f 10811 10669 10852
f 10852 10669 10744
f 10852 10744 10745
f 10745 10744 10644
f 10745 10644 10545
f 10644 10744 10669
f 4627 4657 4619
f 4619 4657 4673
f 4619 4673 4632
f 4619 4632 4456
f 4673 4657 4687
f 4687 4657 4627
f 4673 4687 4701
f 4701 4687 4695
f 4695 4687 4627
f 4701 4695 4713
f 4713 4695 4685
f 4685 4695 4627
f 4713 4685 4699
f 4699 4685 4651
f 4651 4685 4627
f 4699 4651 4661
f 4661 4651 4592
f 4592 4651 4554
f 4554 4651 4627
f 4554 4627 4270
f 4270 4627 4390
f 4390 4627 4619
f 4270 4390 3537
f 4390 4619 4411
f 4411 4619 4456
f 4411 4456 4016
f 4390 4411 3839
f 4390 3839 3537
f 3839 4411 4016
f 3537 3839 1801
f 3839 4016 2264
f 3839 2264 1801
f 2264 4016 2937
f 1801 2264 715
f 2264 2937 989
f 2264 989 715
f 715 989 5479
f 989 2937 1274
f 5479 989 4954
f 4954 989 1274
f 4954 1274 231
f 4701 4713 4721
f 4701 4721 4709
f 4713 4699 4721
f 4721 4699 4705
f 4705 4699 4665
f 4665 4699 4661
f 4665 4661 4602
f 4602 4661 4592
f 4665 4602 4655
f 4665 4655 4705
f 4655 4602 4580
f 4705 4655 4691
f 4580 4602 4304
f 4705 4691 4721
f 4580 4304 4286
f 4721 4691 4703
f 4721 4703 4709
f 4709 4703 4693
f 4286 4304 3533
f 4286 3533 3583
f 3583 3533 1799
f 3583 1799 1751
f 4701 4709 4673
f 4673 4709 4675
f 4673 4675 4638
f 4673 4638 4632
f 4632 4638 4456
f 4456 4638 4475
f 4709 4693 4675
f 4675 4693 4667
f 4675 4667 4630
f 4675 4630 4638
f 4638 4630 4475
f 4475 4630 4454
f 4475 4454 4048
f 4475 4048 4050
f 4693 4703 4717
f 4717 4703 4725
f 4693 4717 4683
f 4725 4703 4691
f 4693 4683 4667
f 4725 4691 4707
f 4667 4683 4630
f 4707 4691 4663
f 4630 4683 4644
f 4630 4644 4490
f 4630 4490 4454
f 4663 4691 4655
f 4663 4655 4600
f 4600 4655 4580
f 4644 4683 4648
f 4644 4648 4490
f 4490 4648 4508
f 4648 4683 4689
f 4689 4683 4723
f 4723 4683 4717
f 4048 4454 4490
f 4048 4490 4070
f 4048 4070 2994
f 2994 4070 2992
f 2994 2992 2446
f 2994 2446 1351
f 2994 1351 1270
f 1270 1351 432
f 432 1351 463
f 432 463 5531
f 4475 4050 4456
f 4456 4050 4029
f 4029 4050 2996
f 2996 4050 3048
f 2996 3048 1309
f 2996 1309 1272
f 1272 1309 434
f 1272 434 304
f 304 434 5533
f 304 5533 5837
f 5837 5533 7059
f 7059 5533 6853
f 7059 6853 7385
f 7059 7385 7627
f 7627 7385 8241
f 7627 8241 8357
f 8357 8241 9108
f 8357 9108 9195
f 9195 9108 10005
f 9195 10005 10028
f 10028 10005 10633
f 10028 10633 10654
f 4050 4048 2994
f 4050 2994 3048
f 3048 2994 1270
f 3048 1270 1309
f 1309 1270 432
f 4070 4490 4094
f 4094 4490 4508
f 4070 4094 3300
f 3300 4094 3579
f 4070 3300 2992
f 3300 3579 2822
f 3300 2822 2992
f 2822 3579 3258
f 2992 2822 2446
f 2446 2822 1478
f 1478 2822 1717
f 2446 1478 1351
f 1478 1717 744
f 744 1717 901
f 1351 1478 587
f 587 1478 744
f 1351 587 463
f 744 901 4775
f 463 587 5343
f 5343 587 744
f 744 4775 5015
f 744 5015 5343
f 5015 4775 6609
f 6609 4775 6607
f 5343 5015 6695
f 6695 5015 6609
f 463 5343 5475
f 463 5475 5531
f 5475 5343 6771
f 6771 5343 6695
f 5531 5475 6813
f 6813 5475 6771
f 5531 6813 6851
f 6851 6813 7471
f 6813 6771 7885
f 7885 6771 6695
f 7885 6695 7811
f 7885 7811 8396
f 7811 6695 7729
f 7729 6695 6609
f 7811 7729 8828
f 7811 8828 8919
f 7729 6609 7625
f 7625 6609 6607
f 7625 6607 7583
f 7729 7625 8674
f 7729 8674 8828
f 8919 8828 9459
f 8828 8674 10052
f 10202 9459 10052
f 10052 8674 9635
f 9459 10202 9767
f 9459 9767 8919
f 9767 10202 10313
f 8610 8674 7625
f 8674 8610 9635
f 8610 7625 7583
f 8919 9767 9104
f 9767 10313 9850
f 9767 9850 9104
f 9850 10313 10439
f 8919 9104 8396
f 9850 10439 9923
f 9923 10439 10527
f 9104 9850 9004
f 9004 9850 9923
f 8396 9104 8531
f 8531 9104 9004
f 8396 8531 7885
f 7885 8531 7976
f 7976 8531 8239
f 8239 8531 9004
f 8239 9004 9055
f 9004 9923 9965
f 9004 9965 9055
f 9965 9923 10527
f 9055 9965 9967
f 9965 10527 10568
f 9965 10568 10529
f 4508 4648 4641
f 4641 4648 4689
f 4641 4689 4681
f 4641 4681 4625
f 4625 4681 4653
f 4625 4653 4636
f 4625 4636 4452
f 4625 4452 4641
f 4452 4636 4450
f 4452 4450 4129
f 4641 4452 4488
f 4641 4488 4508
f 4452 4129 4151
f 4452 4151 4488
f 4151 4129 3752
f 4508 4488 4131
f 4131 4488 4151
f 4508 4131 4094
f 4094 4131 3579
f 4131 4151 3724
f 3724 4151 3752
f 4131 3724 3579
f 3724 3752 3531
f 3579 3724 3452
f 3452 3724 3531
f 3579 3452 3258
f 3500 2113 3531
f 3531 2113 1967
f 3531 1967 3452
f 1967 2113 1081
f 3258 3452 1876
f 1876 3452 1967
f 3258 1876 1717
f 3258 1717 2822
f 1717 1876 901
f 1876 1967 987
f 1876 987 901
f 987 1967 1081
f 901 987 229
f 229 987 1081
f 229 1081 461
f 229 461 5013
f 901 229 4775
f 4775 229 5684
f 4775 5684 6607
f 5684 229 5756
f 5684 5756 6607
f 434 1309 432
f 434 432 5531
f 434 5531 5533
f 5533 5531 6851
f 5533 6851 6853
f 6853 6851 7471
f 6853 7471 7385
f 7385 7471 8269
f 7385 8269 8241
f 8241 8269 9106
f 8241 9106 9108
f 2996 1272 1274
f 2996 1274 2937
f 2996 2937 4029
f 4029 2937 4016
f 4029 4016 4456
f 1274 1272 231
f 231 1272 304
f 231 304 5976
f 5976 304 5837
f 5976 5837 7102
f 7102 5837 7059
f 231 5976 6490
f 6490 5976 7102
f 6490 7102 7352
f 6490 7352 7680
f 231 6490 4954
f 6490 7680 6857
f 6490 6857 4954
f 4954 6857 5479
f 7471 6813 7383
f 7383 6813 7885
f 7471 7383 7585
f 7585 7383 7885
f 7585 7885 7976
f 8269 7471 7585
f 8269 7585 8239
f 8239 7585 7976
f 8396 7811 8919
f 9459 8828 10052
f 10313 10202 10803
f 10313 10803 10439
f 10439 10803 10855
f 10439 10855 10527
f 10855 10803 10925
f 10855 10925 10968
f 10925 10803 10651
f 10651 10803 10202
f 10925 10651 10834
f 10834 10651 10708
f 10527 10855 10897
f 10897 10855 10968
f 10527 10897 10568
f 10897 10968 10996
f 10568 10897 10899
f 10899 10897 10996
f 10899 10996 10998
f 10524 10708 10651
f 10524 10651 10202
f 10524 10202 10052
f 10708 10524 10406
f 10406 10524 10052
f 10406 10052 9635
f 10708 10406 10592
f 10592 10406 10200
f 10592 10200 10522
f 10522 10200 10437
f 10437 10200 10138
f 10437 10138 10492
f 10492 10138 10469
f 10469 10138 10050
f 10406 9635 10200
f 10200 9635 9457
f 10200 9457 10138
f 9457 9635 8610
f 10138 9457 9343
f 10138 9343 10050
f 10050 9343 10198
f 9457 8610 8579
f 9457 8579 9343
f 8579 8610 7583
f 8579 7583 7678
f 9343 8579 8577
f 8577 8579 7678
f 9343 8577 9531
f 9633 10198 9531
f 8577 7678 7775
f 9633 9531 8633
f 9633 8633 9803
f 9531 8577 8608
f 8608 8577 7775
f 9531 8608 8633
f 9803 8633 8707
f 9803 8707 9921
f 8633 8608 7870
f 8633 7870 8707
f 8608 7775 7846
f 8608 7846 7870
f 7846 7775 7057
f 7057 7775 6893
f 7846 7057 7098
f 7846 7098 7150
f 8707 7870 7868
f 7868 7870 7146
f 8707 7868 8752
f 8707 8752 9921
f 9921 8752 9886
f 8752 7868 7844
f 9886 8752 8788
f 8788 8752 7844
f 8788 7844 7866
f 10834 10708 10710
f 10710 10708 10592
f 10834 10710 10801
f 10834 10801 10925
f 10801 10710 10566
f 10925 10801 10879
f 10879 10801 10566
f 10925 10879 10941
f 10925 10941 10968
f 10941 10879 10805
f 10941 10805 10971
f 10879 10566 10678
f 10879 10678 10805
f 10565 10566 10710
f 10678 10566 10204
f 10678 10204 10805
f 10971 10805 10849
f 10971 10849 10973
f 10973 10849 10857
f 10849 10805 10315
f 10315 10805 10204
f 10857 10849 10441
f 10441 10849 10315
f 10857 10441 10471
f 10471 10441 9894
f 9894 10441 9851
f 9851 10441 10315
f 9851 10315 9769
f 9769 10315 10204
f 9769 10204 9577
f 9577 10204 10079
f 10079 10204 10408
f 10408 10204 10566
f 10079 10408 9848
f 10408 10566 10565
f 10408 10565 9848
f 9234 9848 9192
f 9192 9848 10003
f 10003 9848 10565
f 9192 10003 9102
f 9102 10003 8955
f 10003 10565 9892
f 10003 9892 8955
f 8955 9892 8917
f 9892 10565 10404
f 8917 9892 9805
f 9805 9892 10404
f 9805 10404 10329
f 10329 10404 10522
f 10329 10522 10437
f 10710 10592 10565
f 10968 10941 10996
f 10996 10941 10971
f 10996 10971 10998
f 10998 10971 10973
f 10998 10973 10957
f 10957 10973 10943
f 10943 10973 10857
f 10943 10857 10823
f 10568 10899 10529
f 10529 10899 10869
f 10869 10899 10998
f 10869 10998 10957
f 9965 10529 9967
f 10529 10869 10633
f 10529 10633 9967
f 10633 10869 10927
f 9967 10633 10005
f 9967 10005 9108
f 9967 9108 9106
f 10927 10869 10957
f 10927 10957 11003
f 11003 10957 10983
f 10983 10957 10943
f 10983 10943 10881
f 10881 10943 10823
f 10881 10823 10531
f 10531 10823 10443
f 10531 10443 9853
f 10531 9853 9925
f 9925 9853 8923
f 9925 8923 8957
f 8957 8923 7991
f 10823 10857 10471
f 10823 10471 10443
f 10443 10471 9853
f 9853 10471 9894
f 9853 9894 8923
f 8923 9894 8921
f 8923 8921 7991
f 9894 9851 8921
f 8120 7991 8921
f 8120 8921 8676
f 8676 8921 9851
f 8676 9851 9235
f 9235 9851 9769
f 9235 9769 9577
f 8676 9235 8441
f 8441 9235 9053
f 9234 9053 9577
f 9234 9577 10079
f 9234 10079 9848
f 9053 9234 8326
f 9053 8326 8441
f 8326 9234 8237
f 8441 8326 7514
f 8441 7514 7549
f 7549 7514 6732
f 8237 9234 8193
f 8193 9234 9192
f 8326 8237 7381
f 7381 8237 8193
f 7514 8326 7430
f 7430 8326 7381
f 6732 7514 6697
f 6697 7514 7430
f 8193 9192 8118
f 8118 9192 9102
f 8118 9102 8955
f 8193 8118 7379
f 8193 7379 7381
f 8118 8955 8080
f 6697 7430 6488
f 6488 7430 7381
f 6697 6488 4777
f 4777 6488 271
f 6697 4777 5198
f 6697 5198 6732
f 6732 5198 5345
f 5345 5198 711
f 711 5198 771
f 711 771 1398
f 271 6488 6056
f 6056 6488 7381
f 6056 7381 7379
f 1398 771 1527
f 1398 1527 1797
f 1099 903 271
f 903 1099 2208
f 1839 771 903
f 1839 903 2208
f 1839 2208 2755
f 1839 2755 2262
f 1839 2262 1527
f 2262 2755 3819
f 1926 1797 1527
f 1926 1527 2262
f 1797 1926 3581
f 2262 3819 3695
f 2262 3695 1926
f 3695 3819 4296
f 3695 4296 4298
f 1926 3695 3620
f 1926 3620 3581
f 3620 3695 4298
f 3581 3620 4302
f 3620 4298 4300
f 3620 4300 4302
f 4302 4300 4600
f 4300 4298 4578
f 4600 4300 4598
f 4598 4300 4578
f 4598 4578 4671
f 4671 4578 4659
f 10531 9925 9947
f 10531 9947 10570
f 10531 10570 10883
f 10531 10883 10881
f 10881 10883 10985
f 10881 10985 10983
f 9947 9925 8957
f 9947 8957 9057
f 9057 8957 8195
f 8195 8957 8048
f 8195 8048 7731
f 7731 8048 7587
f 7731 7587 6855
f 6855 7587 6773
f 6855 6773 5347
f 8120 8676 8441
f 8120 8441 7989
f 8120 7989 7991
f 7989 8441 7549
f 7991 7989 7551
f 7551 7989 7549
f 7551 7549 6734
f 6734 7549 6732
f 6734 6732 5266
f 5266 6732 5345
f 5266 5345 713
f 713 5345 711
f 713 711 1751
f 1751 711 1398
f 1751 1398 1797
f 1751 1797 3583
f 3583 1797 3581
f 3583 3581 4286
f 4286 3581 4302
f 4286 4302 4580
f 4580 4302 4600
f 9235 9577 9053
f 10404 10565 10592
f 10404 10592 10522
f 9805 10329 9890
f 9890 10329 10402
f 9805 9890 8915
f 9890 10402 10026
f 10026 10402 10520
f 9890 10026 9157
f 9890 9157 9002
f 9890 9002 8915
f 8915 9002 8116
f 10329 10437 10402
f 10402 10437 10520
f 10520 10437 10492
f 9805 8915 8917
f 8917 8915 8076
f 8917 8076 8078
f 8917 8078 8080
f 8917 8080 8955
f 8078 8076 7547
f 7547 8076 7545
f 8080 8078 7469
f 7469 8078 7547
f 7196 7545 7152
f 7545 7196 7198
f 7545 7198 7547
f 7547 7198 7469
f 6767 6550 7198
f 7198 6550 7100
f 7198 7100 7469
f 7469 7100 6769
f 6769 7100 5835
f 6769 5835 4826
f 7469 6769 7428
f 7469 7428 8080
f 8080 7428 8118
f 8118 7428 7379
f 7428 6769 6730
f 7428 6730 7379
f 6730 6769 5529
f 7379 6730 6056
f 6056 6730 5529
f 6056 5529 499
f 10026 10520 9888
f 10026 9888 9157
f 9157 9888 9051
f 9157 9051 8166
f 8116 9002 9157
f 8116 9157 8168
f 8116 8168 7467
f 7467 8168 7512
f 7467 7512 7055
f 7055 7512 7009
f 10520 10492 10400
f 10520 10400 9888
f 10400 10492 10469
f 10400 10469 10563
f 10400 10563 10706
f 9888 10400 10024
f 9888 10024 9155
f 9888 9155 9051
f 9051 9155 8166
f 9157 8166 8168
f 8166 9155 8164
f 8164 9155 9190
f 8166 8164 7543
f 8166 7543 8168
f 8164 9190 8162
f 8164 8162 7543
f 8162 9190 9272
f 7543 8162 7541
f 7543 7541 7096
f 7096 7541 7093
f 7093 7541 7237
f 7541 8162 8160
f 8160 8162 9272
f 8160 9272 8158
f 8158 9272 9232
f 7541 8160 7465
f 7465 8160 8158
f 7541 7465 7237
f 7465 8158 7426
f 7465 7426 7235
f 7465 7235 7237
f 7237 7235 6966
f 10001 9155 10024
f 9155 10001 9190
f 10001 10024 10559
f 10559 10024 10706
f 10706 10024 10400
f 10559 10706 10704
f 9190 10001 10136
f 9190 10136 9272
f 10136 10001 10559
f 10136 10559 10649
f 10649 10559 10704
f 10649 10704 10754
f 10649 10754 10677
f 10677 10754 10780
f 10706 10563 10561
f 10561 10563 10198
f 10561 10198 10230
f 10230 10198 9633
f 10706 10561 10704
f 10563 10469 10050
f 10563 10050 10198
f 10561 10230 10704
f 10704 10230 10435
f 10435 10230 9633
f 10435 9633 9803
f 9531 10198 9343
f 6728 7583 6607
f 7583 6728 7678
f 6607 5756 6728
f 3531 3752 3502
f 3502 3752 3722
f 3502 3722 3256
f 3256 3722 3577
f 3577 3722 4129
f 3256 3577 2893
f 2893 3577 3341
f 2893 3341 2630
f 2630 3341 3099
f 3099 3341 3909
f 3909 3341 4046
f 2630 3099 2755
f 2755 3099 3909
f 3909 4046 4409
f 2630 2755 2208
f 2755 3909 3819
f 2630 2208 1099
f 3909 4409 4338
f 3909 4338 3819
f 3819 4338 4296
f 4338 4409 4634
f 4296 4338 4617
f 4617 4338 4634
f 2630 1099 1233
f 1233 1099 271
f 2630 1233 1564
f 2630 1564 2891
f 1233 271 499
f 499 271 6056
f 1233 499 1564
f 2891 1564 3254
f 3254 1564 1837
f 3254 1837 3500
f 3500 1837 2113
f 1837 1564 709
f 709 1564 499
f 2113 1837 899
f 899 1837 709
f 2113 899 1081
f 709 499 4826
f 709 4826 899
f 4826 499 5529
f 4826 5529 6769
f 899 4826 341
f 899 341 1081
f 341 4826 5835
f 1081 341 461
f 341 5835 5264
f 341 5264 461
f 461 5264 5013
f 4653 4681 4677
f 4677 4681 4711
f 4677 4711 4680
f 4711 4681 4689
f 4680 4711 4719
f 4711 4689 4723
f 4711 4723 4719
f 4719 4723 4727
f 4727 4723 4717
f 4727 4717 4725
f 4719 4727 4697
f 4697 4727 4715
f 4653 4677 4636
f 4636 4677 4634
f 4634 4677 4680
f 4634 4680 4617
f 4617 4680 4669
f 4669 4680 4719
f 4669 4719 4697
f 4669 4697 4659
f 4669 4659 4646
f 4669 4646 4617
f 4646 4659 4578
f 4617 4646 4567
f 4567 4646 4578
f 4617 4567 4296
f 4567 4578 4298
f 4567 4298 4296
f 4636 4634 4450
f 4450 4634 4409
f 4450 4409 4046
f 4450 4046 4129
f 4129 4046 3577
f 3577 4046 3341
f 4727 4725 4715
f 4715 4725 4707
f 4715 4707 4671
f 4671 4707 4663
f 4715 4671 4659
f 4715 4659 4697
f 4671 4663 4598
f 4598 4663 4600
f 4304 4602 4592
f 4304 4592 4288
f 4304 4288 3533
f 3533 4288 3535
f 3533 3535 1799
f 1799 3535 1753
f 1799 1753 660
f 660 1753 662
f 4288 4592 4554
f 4288 4554 4270
f 4288 4270 3535
f 3535 4270 3537
f 3535 3537 1753
f 1753 3537 1801
f 1753 1801 662
f 662 1801 715
f 662 715 5477
f 5477 715 5479
f 662 5477 5347
f 662 5347 660
f 5347 5477 6855
f 6855 5477 5479
f 6855 5479 6857
f 6855 6857 7680
f 6855 7680 7731
f 1799 660 1751
f 1751 660 713
f 713 660 5347
f 713 5347 5266
f 7352 7102 7887
f 7352 7887 7680
f 7680 7887 8082
f 7887 7102 7629
f 7629 7102 7059
f 8082 7887 8635
f 8635 7887 7629
f 8082 8635 9006
f 8635 7629 8443
f 9006 8635 9927
f 8635 8443 9533
f 8635 9533 9927
f 9533 8443 9237
f 9927 9533 10473
f 9533 9237 10232
f 9533 10232 10473
f 10232 9237 10030
f 10473 10232 10836
f 10232 10030 10726
f 10232 10726 10836
f 10726 10030 10594
f 10836 10726 10945
f 10726 10594 10871
f 10945 10726 10959
f 10959 10726 10871
f 7629 7059 7627
f 7629 7627 8443
f 8443 7627 8357
f 8443 8357 9237
f 9237 8357 9195
f 9237 9195 10030
f 10030 9195 10028
f 10030 10028 10594
f 10594 10028 10654
f 10594 10654 10871
f 10871 10654 10929
f 10871 10929 10959
f 10959 10929 11005
f 9106 8269 8239
f 9106 8239 9055
f 9106 9055 9967
f 10654 10633 10927
f 10654 10927 10929
f 10929 10927 11003
f 10929 11003 11005
f 11005 11003 10983
f 11005 10983 10985
f 11005 10985 10959
f 10959 10985 10945
f 10985 10883 10945
f 10945 10883 10836
f 10836 10883 10570
f 10836 10570 10473
f 10473 10570 9927
f 9927 10570 9947
f 9927 9947 9057
f 9927 9057 9006
f 9006 9057 8082
f 8082 9057 8195
f 8082 8195 7680
f 7680 8195 7731
f 8048 8957 7991
f 8048 7991 7551
f 8048 7551 7587
f 7587 7551 6734
f 7587 6734 6773
f 6773 6734 5266
f 6773 5266 5347
f 5198 4777 903
f 903 4777 271
f 5198 903 771
f 1527 771 1839
f 2893 2630 2891
f 2893 2891 3256
f 3256 2891 3254
f 3256 3254 3502
f 3502 3254 3500
f 4129 3722 3752
f 3502 3500 3531
f 229 5013 5756
f 5756 5013 5833
f 5756 5833 6365
f 5833 5013 5974
f 5974 5013 5264
f 5974 5264 5835
f 5833 5974 6361
f 6365 5833 6221
f 6221 5833 6361
f 6365 6221 6600
f 6221 6361 6357
f 6600 6221 6359
f 6359 6221 6357
f 6600 6359 6693
f 6359 6357 6215
f 6359 6215 6420
f 6215 6357 6284
f 5756 6365 6728
f 6728 6365 6893
f 6893 6365 7057
f 7057 6365 6600
f 7057 6600 7098
f 7098 6600 6693
f 7098 6693 7150
f 7150 6693 6726
f 6726 6693 6420
f 6420 6693 6359
f 6728 6893 7678
f 7678 6893 7775
f 7870 7846 7150
f 7870 7150 7148
f 7148 7150 6650
f 7870 7148 7146
f 7148 6650 6648
f 6648 6650 6158
f 6158 6650 6162
f 6158 6162 5738
f 5738 6162 5825
f 7146 7148 6689
f 7146 6689 6593
f 6593 6689 6275
f 6275 6689 6353
f 6593 6275 6687
f 6593 6687 7146
f 6687 6275 6351
f 6687 6351 6646
f 7146 6687 7007
f 7007 6687 6646
f 7007 6646 7005
f 7146 7007 7868
f 7868 7007 7844
f 10435 9803 10467
f 10467 9803 9921
f 10467 9921 10368
f 10368 9921 9886
f 10467 10368 10780
f 10467 10780 10435
f 10780 10368 10674
f 10435 10780 10754
f 10435 10754 10704
f 10136 10649 10164
f 10136 10164 9272
f 10164 10649 10677
f 9272 10164 10105
f 10105 10164 10677
f 9272 10105 9232
f 10105 10677 10590
f 10590 10677 10674
f 10674 10677 10780
f 10674 10368 10398
f 10674 10398 10590
f 10398 10368 10265
f 10590 10398 10433
f 10265 10368 9886
f 10265 9886 9765
f 9765 9886 8788
f 10590 10433 10105
f 10105 10433 10022
f 10105 10022 9232
f 9232 10022 9153
f 10433 10398 10327
f 10398 10265 10432
f 10432 10265 10263
f 10263 10265 9765
f 10263 9765 9846
f 10263 9846 10103
f 10103 9846 9728
f 10103 9728 10325
f 10325 9728 9884
f 10325 9884 10465
f 10465 9884 9996
f 10325 10465 10702
f 10325 10702 10557
f 10702 10465 10814
f 10398 10432 10327
f 10433 10327 9999
f 9999 10327 10196
f 10433 9999 10022
f 10022 9999 9188
f 10022 9188 9153
f 9999 10196 9844
f 9999 9844 9188
f 9188 9844 9151
f 9151 9844 9270
f 9270 9844 9998
f 9270 9998 9341
f 9341 9998 10227
f 9341 10227 10366
f 9341 10366 9382
f 9382 10366 10364
f 10364 10366 10821
f 9382 10364 9303
f 10364 10821 10847
f 9303 10364 10260
f 10260 10364 10847
f 9303 10260 9147
f 10260 10847 10778
f 9147 10260 10048
f 10048 10260 10778
f 9147 10048 8953
f 8953 10048 8747
f 10048 10778 10553
f 10553 10778 10867
f 10553 10867 10750
f 10553 10750 10395
f 10553 10395 10258
f 10553 10258 10048
f 10048 10258 9841
f 10048 9841 8747
f 9841 10258 9801
f 8747 9841 9301
f 9301 9841 9801
f 8747 9301 8529
f 8529 9301 8353
f 8353 9301 8824
f 9301 9801 9267
f 9301 9267 8824
f 9267 9801 9380
f 9380 9801 9945
f 9267 9380 8951
f 8951 9380 9143
f 8824 9267 8670
f 8824 8670 8353
f 8670 9267 9097
f 8670 9097 8787
f 8353 8670 8074
f 8670 8787 8576
f 8670 8576 7987
f 8670 7987 8074
f 7987 8576 8604
f 8074 7987 7321
f 8074 7321 7460
f 7321 7987 7231
f 7231 7987 7954
f 7954 7987 8604
f 7954 8604 7944
f 7944 8604 8820
f 7944 8820 7942
f 7942 8820 8913
f 7942 8913 7881
f 7881 8913 8818
f 8818 8913 9528
f 8818 9528 9573
f 7881 8818 8816
f 8816 8818 9573
f 7881 8816 7860
f 8816 9573 9629
f 7860 8816 8785
f 8785 8816 9629
f 8785 9629 9627
f 7860 8785 7805
f 8785 9627 8783
f 6089 6201 7805
f 6089 7805 6021
f 8783 9627 9524
f 7805 8785 7672
f 7805 7672 6021
f 7672 8785 8783
f 6021 7672 6019
f 6019 7672 7580
f 7580 7672 8783
f 7580 8783 8782
f 8782 8783 9524
f 8782 9524 9451
f 10196 10327 10432
f 9232 9153 8156
f 8156 9153 9188
f 8156 9188 8235
f 8156 8235 7581
f 7581 8235 7463
f 7581 7463 7327
f 7327 7463 6804
f 9232 8156 8158
f 9188 9151 8235
f 8235 9151 8324
f 8235 8324 7509
f 8235 7509 7463
f 7463 7509 6804
f 6804 7509 6802
f 6804 6802 6205
f 6205 6802 6270
f 6205 6270 5734
f 5734 6270 5661
f 8324 9151 9270
f 8324 9270 8233
f 8324 8233 7509
f 8233 9270 9341
f 7509 8233 7377
f 8233 9341 8191
f 8233 8191 7377
f 8191 9341 9382
f 7377 8191 7325
f 8191 9382 8154
f 8191 8154 7325
f 8154 9382 9303
f 7325 8154 7268
f 8154 9303 8046
f 8154 8046 7268
f 8046 9303 9147
f 6415 7268 6093
f 6093 7268 7141
f 7141 7268 8046
f 6093 7141 5806
f 5806 7141 6963
f 6963 7141 8046
f 5806 6963 5456
f 7974 8046 9147
f 8046 7974 6963
f 7974 9147 8953
f 5456 6963 6756
f 6963 7974 7915
f 6963 7915 6756
f 7915 7974 8953
f 7915 8953 7840
f 7915 7840 6756
f 7840 8953 8747
f 6756 7840 6589
f 7840 8747 7623
f 7840 7623 6589
f 7623 8747 8529
f 6756 6589 56
f 7623 8529 8353
f 7623 8353 7460
f 7623 7460 6589
f 7460 8353 8074
f 56 6589 6342
f 6342 6589 7460
f 56 6342 339
f 6342 7460 7321
f 339 6342 6025
f 6025 6342 7321
f 339 6025 497
f 6025 7321 7231
f 497 6025 52
f 6025 7231 5800
f 6025 5800 52
f 497 52 740
f 740 52 1077
f 740 1077 1231
f 1077 52 553
f 1077 553 1055
f 553 52 5454
f 5454 52 5800
f 5454 5800 7231
f 5454 7231 6998
f 6998 7231 7954
f 6998 7954 7944
f 5454 6998 6724
f 6724 6998 7944
f 6724 7944 7942
f 6724 7942 6535
f 6535 7942 7881
f 6724 6535 302
f 6724 302 4938
f 4938 302 823
f 823 302 1305
f 6535 7881 6338
f 6535 6338 302
f 6338 7881 7860
f 1305 302 493
f 493 302 6338
f 1305 493 1835
f 6338 7860 6201
f 6338 6201 493
f 6201 7860 7805
f 1835 493 613
f 613 493 6201
f 1835 613 2260
f 613 6201 6089
f 2260 613 2628
f 613 6089 705
f 613 705 2628
f 705 6089 6021
f 2628 705 769
f 769 705 6021
f 2628 769 2816
f 769 6021 794
f 769 794 2816
f 794 6021 6019
f 2816 794 1922
f 2816 1922 3334
f 9998 9844 10196
f 9998 10196 10430
f 9998 10430 10227
f 10227 10430 10700
f 10227 10700 10366
f 10366 10700 10821
f 10700 10430 10557
f 10557 10430 10196
f 10557 10196 10311
f 10700 10557 10702
f 10700 10702 10821
f 10821 10702 10814
f 10821 10814 10847
f 10847 10814 10923
f 10847 10923 10778
f 10778 10923 10867
f 10923 10814 10799
f 10923 10799 10832
f 10799 10814 10465
f 10311 10196 10432
f 10557 10311 10103
f 10103 10311 10432
f 6802 7509 7377
f 6802 7377 6644
f 6802 6644 6270
f 6644 7377 7325
f 6270 6644 6028
f 6644 7325 6415
f 6644 6415 6028
f 6415 7325 7268
f 6028 6415 5658
f 5658 6415 6093
f 5658 6093 5299
f 5299 6093 5064
f 5064 6093 5806
f 5064 5806 5456
f 5064 5456 4822
f 4822 5456 145
f 145 5456 5181
f 5181 5456 6756
f 5181 6756 56
f 5181 56 145
f 145 56 459
f 459 56 615
f 615 56 339
f 459 615 855
f 615 339 497
f 855 615 1176
f 1176 615 956
f 1176 956 1396
f 1176 1396 1118
f 1118 1396 1525
f 1525 1396 1795
f 1396 956 1116
f 740 1116 497
f 1795 1396 1748
f 1748 1396 1116
f 1116 740 1231
f 1116 1231 1748
f 1748 1231 1077
f 1748 1077 1612
f 1612 1077 1055
f 1612 1055 1394
f 1394 1055 1521
f 1394 1521 2444
f 1521 1055 1307
f 1307 1055 823
f 823 1055 553
f 823 553 4938
f 4938 553 5454
f 1307 823 1305
f 1307 1305 2010
f 1307 2010 1521
f 2010 1305 1835
f 1521 2010 1966
f 1521 1966 2444
f 2010 1835 2818
f 2010 2818 1966
f 2818 1835 2260
f 2818 2260 3498
f 3498 2260 2628
f 1966 2818 2990
f 2990 2818 3498
f 1966 2990 2753
f 1966 2753 2444
f 2444 2753 3190
f 2753 2990 3097
f 2753 3097 3190
f 3190 3097 3339
f 2444 3190 2820
f 3339 3097 3782
f 2444 2820 2206
f 2444 2206 1394
f 2206 2820 2162
f 1394 2206 1659
f 1659 2206 2162
f 3782 3097 3780
f 3780 3097 2990
f 3780 2990 3498
f 3782 3780 4014
f 3782 4014 4027
f 3780 3498 3817
f 3780 3817 4014
f 3817 3498 2628
f 4014 3817 3874
f 3874 3817 2628
f 3874 2628 2816
f 3874 2816 3334
f 4014 3874 4090
f 3874 3334 3927
f 3874 3927 4090
f 4090 3927 4148
f 6028 5658 6346
f 6346 5658 6094
f 5658 5299 6094
f 6094 5299 5808
f 5808 5299 5064
f 5808 5064 5458
f 5458 5064 5183
f 6094 5808 6891
f 6891 5808 5458
f 5458 5183 6758
f 5458 6758 6891
f 6758 5183 6413
f 6413 5183 4994
f 6891 6758 7266
f 7266 6758 6413
f 6094 6891 6999
f 6094 6999 6346
f 6891 7266 7508
f 6999 6891 7809
f 7809 6891 7508
f 7508 7266 7539
f 7266 6413 7051
f 7266 7051 7539
f 7508 7539 7773
f 7508 7773 7809
f 7809 7773 8189
f 8189 7773 7539
f 8189 7539 8008
f 7809 8189 8392
f 8008 7539 7917
f 7917 7539 7350
f 7350 7539 7051
f 7917 7350 7194
f 7350 7051 6642
f 6642 7051 6413
f 7809 8392 7864
f 7809 7864 6999
f 7864 8392 8439
f 7864 8439 7919
f 7919 8439 8394
f 6999 7864 7143
f 7143 7864 7919
f 7143 7919 7295
f 6999 7143 6346
f 7143 7295 6683
f 7143 6683 6346
f 6346 6683 6028
f 6028 6683 6270
f 5804 6642 6413
f 5804 6413 4994
f 6642 5804 5241
f 6642 5241 6344
f 6344 5241 6091
f 5804 4994 267
f 5804 267 5241
f 267 4994 145
f 267 145 459
f 6091 5241 4820
f 4820 5241 267
f 267 459 796
f 796 459 855
f 4820 267 430
f 6091 4820 54
f 54 4820 430
f 6091 54 5802
f 430 267 742
f 742 267 796
f 54 430 585
f 585 430 742
f 5802 54 265
f 265 54 585
f 265 585 707
f 265 707 1079
f 5802 265 5504
f 5504 265 4876
f 5802 5504 6800
f 6800 5504 6477
f 1023 1174 585
f 1118 1023 742
f 1023 1118 1174
f 1118 742 796
f 1118 796 855
f 1118 855 1176
f 1174 1118 1525
f 1174 1525 1268
f 1268 1525 1795
f 5064 4822 5183
f 5183 4822 145
f 5183 145 4994
f 6683 7295 6152
f 6683 6152 6270
f 6270 6152 5661
f 6152 7295 7001
f 7001 7295 7842
f 7842 7295 7919
f 7842 7919 8394
f 7842 8394 8355
f 8355 8394 9000
f 8355 9000 9100
f 9100 9000 9846
f 9846 9000 9728
f 7001 7842 7883
f 7001 7883 7145
f 7001 7145 6762
f 6762 7145 6925
f 7001 6762 6152
f 7842 8355 7883
f 7883 8355 8749
f 8749 8355 9100
f 8749 9100 9846
f 8749 9846 9765
f 9149 8394 8439
f 8394 9149 9000
f 9149 8439 9229
f 9229 8439 8392
f 9149 9229 9996
f 9149 9996 9884
f 9149 9884 9000
f 9000 9884 9728
f 9229 8392 9269
f 9269 8392 8189
f 9269 8189 9099
f 9099 8189 8008
f 9269 9099 10262
f 9269 10262 10226
f 9099 8008 8826
f 9099 8826 10262
f 10262 8826 10101
f 8826 8008 7917
f 10101 8826 9883
f 9883 8826 8606
f 8606 8826 7917
f 9883 8606 9530
f 8606 7917 7676
f 9530 8606 8471
f 8471 8606 7676
f 9530 8471 9145
f 7676 7917 7194
f 9145 8471 8114
f 8114 8471 7676
f 9145 8114 8006
f 7350 6642 7194
f 7194 6642 6344
f 7676 7194 7323
f 7323 7194 6344
f 7676 7323 8114
f 7323 6344 6091
f 8006 8114 7139
f 7139 8114 7323
f 7139 7323 6091
f 8006 7139 7956
f 7139 6091 6961
f 7139 6961 7956
f 6961 6091 5802
f 7956 6961 7913
f 6961 5802 6800
f 6961 6800 7913
f 7913 6800 6477
f 7913 6477 7862
f 7862 6477 7807
f 5504 4876 6477
f 6477 4876 495
f 7807 6477 6587
f 6477 495 4940
f 6477 4940 6587
f 7807 6587 7621
f 4940 495 4818
f 4940 4818 6587
f 4818 495 853
f 853 495 1523
f 6587 4818 50
f 50 4818 853
f 853 1523 1019
f 853 1019 50
f 1019 1523 1874
f 6587 50 6585
f 6587 6585 7621
f 7621 6585 7506
f 7621 7506 8437
f 7506 6585 6340
f 6340 6585 50
f 7506 6340 7674
f 1019 1874 1053
f 1053 1874 1964
f 1053 1964 1456
f 1019 1053 300
f 1019 300 50
f 50 300 6340
f 300 1053 491
f 300 491 6340
f 6203 7674 6340
f 6203 6340 491
f 7674 6203 7422
f 6203 491 6023
f 6203 6023 7422
f 6023 491 551
f 7422 6023 7858
f 6023 551 5798
f 6023 5798 7858
f 7858 5798 7262
f 7262 5798 5656
f 5798 551 612
f 5798 612 5656
f 5656 612 703
f 703 612 1833
f 1833 612 1713
f 703 1833 1924
f 9229 9269 10226
f 9229 10226 9996
f 9996 10226 10799
f 9996 10799 10465
f 10226 10262 10832
f 10226 10832 10799
f 10832 10262 10101
f 10832 10101 10752
f 10832 10752 10867
f 10832 10867 10923
f 10752 10101 10555
f 10752 10555 10867
f 10867 10555 10750
f 10555 10101 9883
f 10750 10555 10395
f 10555 9883 10224
f 10555 10224 10395
f 10224 9883 9530
f 10395 10224 9839
f 9839 10224 9530
f 10395 9839 9945
f 9839 9530 9145
f 9945 9839 9299
f 9299 9839 9145
f 9945 9299 9380
f 9380 9299 9143
f 9299 9145 8705
f 9299 8705 9143
f 8705 9145 8006
f 8705 8006 8672
f 8705 8672 9143
f 8672 8006 7956
f 9143 8672 8668
f 8668 8672 7956
f 9143 8668 9141
f 8668 7956 7913
f 9141 8668 9095
f 8668 7913 7862
f 9095 8668 8666
f 8666 8668 7862
f 9095 8666 9048
f 8666 7862 8574
f 8666 8574 9048
f 8574 7862 7807
f 8574 7807 8469
f 8469 7807 7621
f 8469 7621 8437
f 8574 8469 9227
f 8574 9227 9048
f 9048 9227 9575
f 9048 9575 9423
f 9048 9423 9139
f 9575 9227 9686
f 9686 9227 9297
f 9686 9297 9763
f 9763 9297 9378
f 9763 9378 9724
f 8467 9378 8437
f 8467 8437 7674
f 9724 9378 9265
f 9265 9378 8467
f 9724 9265 8996
f 8467 7674 8498
f 8467 8498 9265
f 8498 7674 7422
f 9265 8498 8996
f 8498 7422 8629
f 8498 8629 8996
f 9724 8996 9526
f 9526 8996 9374
f 9526 9374 9451
f 9374 8996 8814
f 8814 8996 8629
f 8814 8629 8187
f 8187 8629 7858
f 8187 7858 7262
f 10258 10395 9945
f 10258 9945 9801
f 8576 8787 8604
f 8604 8787 8998
f 8604 8998 8820
f 8998 8787 9139
f 8820 8998 9421
f 9421 8998 9139
f 8820 9421 8913
f 8913 9421 9528
f 9528 9421 9423
f 9423 9421 9139
f 9528 9423 9575
f 9528 9575 9573
f 9573 9575 9686
f 9573 9686 9629
f 9629 9686 9763
f 9629 9763 9724
f 9629 9724 9627
f 9627 9724 9524
f 9524 9724 9526
f 9524 9526 9451
f 9095 9048 9139
f 9095 9139 9141
f 9141 9139 8822
f 8822 9139 8787
f 8822 8787 8951
f 8822 8951 9143
f 9097 9267 8951
f 9097 8951 8787
f 8822 9143 9141
f 585 742 1023
f 585 1174 707
f 707 1174 1268
f 707 1268 1079
f 1268 1795 1614
f 1614 1795 1612
f 1612 1795 1748
f 1614 1612 1659
f 1659 1612 1394
f 1079 1268 1659
f 1659 1268 1614
f 956 615 497
f 956 497 1116
f 4938 5454 6724
f 1659 2162 1746
f 1659 1746 1079
f 1746 2162 2820
f 1746 2820 2364
f 2364 2820 2935
f 2935 2820 3190
f 1746 2364 1523
f 1523 2364 2935
f 1523 2935 1874
f 1874 2935 1964
f 1964 2935 3046
f 1964 3046 3252
f 1746 1523 1021
f 1021 1523 495
f 1746 1021 583
f 583 1021 495
f 1746 583 1079
f 583 495 4876
f 1964 3252 1456
f 491 1053 1456
f 491 1456 1713
f 1713 1456 3252
f 491 1713 551
f 551 1713 612
f 1713 3252 3337
f 1713 3337 3450
f 1713 3450 1833
f 1833 3450 3494
f 1833 3494 1924
f 3494 3450 4011
f 4011 3450 3945
f 3945 3450 3337
f 4011 3945 4204
f 4204 3945 4125
f 4125 3945 4027
f 3945 3337 3837
f 3945 3837 4027
f 3837 3337 3252
f 4027 3837 3575
f 3575 3837 3252
f 4027 3575 3782
f 3575 3252 3339
f 3575 3339 3782
f 4014 4090 4027
f 4027 4090 4125
f 4125 4090 4148
f 4125 4148 4204
f 4471 4204 4148
f 4471 4148 4362
f 4362 4148 3927
f 4362 3927 4149
f 4149 3927 3408
f 3408 3927 3334
f 3408 3334 1517
f 4204 4471 4011
f 4011 4471 4388
f 3046 3339 3252
f 3339 3046 2935
f 3339 2935 3190
f 3494 4011 3815
f 3494 3815 1924
f 1079 583 265
f 265 583 4876
f 7506 7674 8437
f 8469 8437 9297
f 9297 8437 9378
f 8469 9297 9227
f 1922 794 370
f 1922 370 1517
f 370 794 6798
f 6798 794 6019
f 3334 1922 1517
f 6889 6798 8152
f 6889 8152 8351
f 6889 8351 6958
f 8351 8152 9453
f 6958 8351 8500
f 8351 9453 9625
f 9625 9453 10193
f 9625 10193 10307
f 8351 9625 9799
f 9799 9625 10307
f 8351 9799 8500
f 9799 10307 10393
f 8500 9799 9881
f 9881 9799 10393
f 8500 9881 8602
f 9881 10393 10428
f 8152 6798 6019
f 8152 6019 7580
f 8152 7580 8782
f 8152 8782 9453
f 9453 8782 9451
f 9453 9451 10193
f 10193 9451 9374
f 10193 9374 10463
f 10463 9374 8814
f 10463 8814 10135
f 10135 8814 8187
f 7138 8744 7047
f 7047 8744 8631
f 7047 8631 6956
f 8631 8744 10046
f 6956 8631 8527
f 6956 8527 8390
f 8390 8527 9919
f 8527 8631 9994
f 8527 9994 9919
f 9994 8631 10046
f 9919 9994 10516
f 10516 9994 10628
f 10628 9994 10046
f 10628 10046 10648
f 10514 10673 10191
f 10514 10191 10624
f 10596 10624 10281
f 10281 10624 10191
f 10281 10191 9225
f 8109 8227 9225
f 8109 9225 9186
f 9186 9225 10191
f 8109 9186 8112
f 9186 10191 10283
f 10283 10191 10673
f 9186 10283 9339
f 10283 10673 10321
f 10283 10321 9339
f 10321 10673 10776
f 9339 10321 9455
f 10321 10776 10391
f 10321 10391 9455
f 10391 10776 10793
f 9455 10391 9631
f 10391 10793 10490
f 10391 10490 9631
f 9631 10490 9726
f 10490 10793 10795
f 9726 10490 10518
f 10518 10490 10795
f 10518 10795 10797
f 10549 10281 9571
f 10281 9225 9571
f 10797 10648 10428
f 10630 10797 10428
f 10630 10428 10626
f 10626 10428 10393
f 10626 10393 10307
f 10626 10307 10551
f 10551 10307 10193
f 10551 10193 10463
f 10630 10626 10323
f 10323 10626 10309
f 10323 10309 9495
f 10309 10626 10551
f 9495 10309 9376
f 9376 10309 10222
f 10222 10309 10551
f 9376 10222 8072
f 10222 10551 10135
f 10135 10551 10463
f 8072 10222 8911
f 8072 8911 7985
f 5571 5656 1476
f 1476 5656 703
f 1476 703 3250
f 3250 703 1924
f 3250 1924 3815
f 7262 7985 8187
f 8187 7985 8911
f 8187 8911 10135
f 8911 10222 10135
f 7858 8629 7422
f 4127 3815 4405
f 4405 3815 4388
f 4388 3815 4011
f 4504 4471 4362
f 8076 8915 8116
f 8076 8116 7545
f 7545 8116 7467
f 7545 7467 7152
f 7152 7467 7055
f 7152 7055 6691
f 7152 6691 6540
f 6540 6691 6282
f 6540 6282 5968
f 6540 5968 6284
f 6284 5968 6215
f 6215 5968 5825
f 6215 5825 6162
f 6215 6162 6420
f 6420 6162 6726
f 6726 6162 6650
f 6726 6650 7150
f 6550 5835 7100
f 5835 6550 5974
f 5974 6550 6767
f 5974 6767 6361
f 6361 6767 6765
f 6361 6765 6357
f 6765 6767 7196
f 7196 6767 7198
f 6357 6765 6540
f 6540 6765 7196
f 6357 6540 6284
f 6540 7196 7152
f 7512 8168 7543
f 7512 7543 7096
f 7512 7096 7009
f 7009 7096 6595
f 6595 7096 6811
f 6595 6811 6207
f 6207 6811 6538
f 6207 6538 5892
f 5892 6538 6096
f 5892 6096 5738
f 5738 6096 6031
f 7055 7009 6691
f 6691 7009 6595
f 6691 6595 6282
f 6282 6595 6207
f 6282 6207 5968
f 5968 6207 5892
f 5968 5892 5738
f 5968 5738 5825
f 7148 6648 6689
f 6648 6158 6353
f 6353 6158 6031
f 6031 6158 5738
f 6648 6353 6689
f 7844 7007 7005
f 7866 7844 7005
f 7866 7005 7883
f 7866 7883 8749
f 7866 8749 8788
f 8788 8749 9765
f 10432 10263 10103
f 10103 10325 10557
f 7145 7883 7005
f 7145 7005 6925
f 6925 7005 6685
f 6685 7005 6646
f 6762 6925 6591
f 6591 6925 6272
f 6272 6925 6685
f 6591 6272 6154
f 6154 6272 5958
f 6762 6591 6154
f 6762 6154 6348
f 6348 6154 5663
f 6348 5663 5957
f 5663 6154 5506
f 5506 6154 5958
f 6152 6762 6348
f 6152 6348 5957
f 6152 5957 5661
f 5661 5957 5385
f 5385 5957 5663
f 5661 5385 5734
f 5734 5385 5460
f 5734 5460 6029
f 5734 6029 6205
f 6205 6029 6681
f 6205 6681 6804
f 6804 6681 7053
f 5958 6272 5885
f 5958 5885 5506
f 5506 5885 4996
f 4996 5885 5387
f 5885 6272 6416
f 6416 6272 6685
f 5885 6416 6276
f 5885 6276 5387
f 5387 6276 5886
f 5886 6276 6353
f 5886 6353 6031
f 5127 5663 5506
f 5127 5506 4996
f 5127 4996 5184
f 5184 4996 5066
f 5663 5127 5385
f 5385 5127 5460
f 5460 5127 5184
f 5460 5184 6029
f 6029 5184 5732
f 6029 5732 6681
f 6681 5732 6537
f 6681 6537 7053
f 5732 5184 5066
f 7327 6804 7053
f 8156 7581 7424
f 7581 7327 7270
f 7581 7270 7424
f 7270 7327 7053
f 7270 7053 6923
f 7053 6537 6923
f 6537 5732 5585
f 6537 5585 6479
f 6760 6479 6927
f 6927 6479 5960
f 5960 6479 5585
f 6927 5960 6806
f 5960 5585 5462
f 5462 5585 5066
f 5462 5066 4996
f 5462 4996 5387
f 5462 5387 5886
f 5462 5886 5962
f 5462 5962 5960
f 5962 5886 6031
f 5962 6031 6096
f 5960 5962 6418
f 6418 5962 6096
f 5960 6418 6806
f 6418 6096 6538
f 6806 6418 6808
f 6808 6418 6538
f 6806 6808 6849
f 6808 6538 6811
f 5585 5732 5066
f 6923 6537 6479
f 6923 6479 6760
f 6923 6760 7270
f 7270 6760 7003
f 7003 6760 6927
f 7003 6927 7233
f 7003 7233 7270
f 7270 7233 7424
f 6276 6416 6275
f 6276 6275 6353
f 6275 6416 6351
f 6351 6416 6685
f 6351 6685 6646
f 6808 6811 6809
f 6808 6809 6849
f 6809 6811 7093
f 7093 6811 7096
f 6809 7093 6849
f 6849 7093 7237
f 6849 7237 6966
f 6806 6849 6966
f 6806 6966 6927
f 6927 6966 7233
f 7233 6966 7235
f 7233 7235 7424
f 7424 7235 7426
f 7424 7426 8158
f 7424 8158 8156
f 2773 2841 2650
f 2773 2650 2396
f 2650 2841 2772
f 2650 2772 2554
f 2650 2554 2396
f 2396 2554 2129
f 2396 2129 2127
f 2129 2554 2231
f 2127 2129 1769
f 1769 2129 2231
f 2127 1769 1767
f 1769 2231 1771
f 1767 1769 1371
f 1371 1769 1771
f 1371 1771 975
f 1767 1371 1369
f 1371 975 973
f 1371 973 1369
f 1369 973 1012
f 2772 2841 3064
f 2772 3064 2910
f 2910 3064 3117
f 2772 2910 2554
f 3064 3075 3117
f 2646 2773 2396
f 2646 2396 2227
f 2227 2396 2127
f 2227 2127 1852
f 2131 2279 1888
f 2131 1888 1489
f 1888 2279 2227
f 2227 2279 2646
f 1888 2227 1852
f 1489 1888 1464
f 1464 1888 1852
f 1489 1464 1068
f 1464 1852 1426
f 1068 1464 1042
f 1042 1464 1426
f 1042 1426 1040
f 1852 2127 1767
f 1852 1767 1426
f 1767 1369 1426
f 1426 1369 1040
f 1040 1369 1012
f 973 975 1068
f 973 1068 1042
f 973 1042 1012
f 1012 1042 1040
f 2593 2587 2675
f 2675 2587 2580
f 2675 2580 2581
f 2593 2675 2595
f 2593 2595 2420
f 2420 2595 2423
f 2423 2595 2597
f 2597 2595 2675
f 2423 2597 2428
f 2423 2428 2191
f 2191 2428 2193
f 2428 2597 2600
f 2600 2597 2675
f 2193 2428 2432
f 2432 2428 2600
f 2193 2432 2148
f 2600 2675 2607
f 2600 2607 2432
f 2148 2432 2434
f 2434 2432 2607
f 2148 2434 2150
f 2150 2434 2350
f 2350 2434 2607
f 2607 2675 2608
f 2607 2608 2350
f 2608 2675 2609
f 2350 2608 2348
f 2348 2608 2609
f 2587 2593 2415
f 2587 2415 2580
f 2415 2593 2420
f 2336 2580 2340
f 2340 2580 2415
f 2340 2415 2136
f 2136 2415 2174
f 2136 2174 1892
f 2415 2420 2183
f 2415 2183 2174
f 1892 2174 1894
f 1894 2174 2183
f 1892 1894 1635
f 1635 1894 1690
f 1690 1894 1939
f 1939 1894 2183
f 1939 2183 1944
f 2185 2183 2420
f 2183 2185 1944
f 1944 2185 1947
f 2185 2420 2423
f 2185 2423 2191
f 2191 2193 1951
f 1951 2193 2148
f 1951 2148 1908
f 1951 1908 1639
f 1951 1639 1637
f 2191 1951 1947
f 1947 1951 1637
f 2191 1947 2185
f 1947 1637 1696
f 1696 1637 1439
f 1696 1439 1437
f 1908 2148 1864
f 1864 2148 2150
f 1639 1908 1864
f 1639 1864 1584
f 1639 1584 1336
f 1639 1336 1377
f 1639 1377 1637
f 1637 1377 1439
f 1336 1584 1293
f 1293 1584 1544
f 1293 1544 1501
f 2150 2350 2101
f 2101 2350 2348
f 2101 2348 2301
f 2101 2301 2051
f 2150 2101 1864
f 2101 2051 1820
f 1864 2101 1823
f 1823 2101 1820
f 1864 1823 1544
f 1544 1823 1820
f 1864 1544 1584
f 1544 1820 1501
f 1501 1820 1785
f 1785 1820 2049
f 2348 2609 2511
f 2348 2511 2301
f 2511 2609 2675
f 2301 2511 2509
f 2509 2511 2675
f 2301 2509 2297
f 2297 2509 2507
f 2507 2509 2675
f 2297 2507 2295
f 2507 2675 2505
f 2507 2505 2295
f 2505 2675 2503
f 2295 2505 2293
f 2293 2505 2503
f 2295 2293 2039
f 2295 2039 2049
f 2039 2293 2035
f 2503 2675 2497
f 2497 2675 2581
f 2293 2503 2289
f 2289 2503 2497
f 2293 2289 2035
f 2035 2289 2031
f 2035 2031 1777
f 2289 2497 2341
f 2289 2341 2031
f 2341 2497 2581
f 2031 2341 2089
f 2341 2581 2336
f 2336 2581 2580
f 2051 2301 2049
f 2051 2049 1820
f 2301 2297 2049
f 2049 2297 2295
f 2049 2039 1785
f 1785 2039 1783
f 1783 2039 2035
f 1783 2035 1777
f 1785 1783 1497
f 1785 1497 1501
f 1783 1777 1495
f 1783 1495 1497
f 1495 1777 1494
f 1497 1495 1253
f 1495 1494 1251
f 1495 1251 1253
f 2341 2336 2086
f 2086 2336 2340
f 2341 2086 2089
f 2086 2340 2136
f 2089 2086 1814
f 2086 2136 1892
f 1814 2086 1856
f 1856 2086 1892
f 1814 1856 1538
f 1856 1892 1536
f 1856 1536 1538
f 1536 1892 1580
f 1538 1536 1289
f 1289 1536 1332
f 2031 2089 1814
f 2031 1814 1775
f 2031 1775 1777
f 1777 1775 1494
f 1775 1814 1492
f 1775 1492 1494
f 1492 1814 1538
f 1494 1492 1249
f 1494 1249 1251
f 1249 1492 1247
f 1247 1492 1538
f 1247 1538 1289
f 1939 1944 1692
f 1692 1944 1947
f 1692 1947 1696
f 1692 1696 1437
f 1692 1437 1435
f 1939 1692 1690
f 1692 1435 1431
f 1692 1431 1690
f 1690 1431 1373
f 1635 1690 1373
f 1635 1373 1580
f 1635 1580 1892
f 1580 1373 1334
f 1580 1334 1332
f 1580 1332 1536
f 1293 1501 1291
f 1291 1501 1497
f 1291 1497 1253
f 3438 2979 2927
f 2927 2979 2353
f 2353 2979 2517
f 2353 2517 1956
f 1956 2517 2106
f 2979 3438 3084
f 3084 3438 3180
f 2979 3084 2803
f 2803 3084 3180
f 2979 2803 2517
f 2517 2803 2106
f 2803 3180 2980
f 2106 2803 2439
f 2439 2803 2980
f 2439 2980 2879
f 2439 2879 2250
f 2250 2879 2804
f 2250 2804 2747
f 2927 2353 3027
f 2927 3027 3438
f 3027 2353 2516
f 2516 2353 1956
f 3438 3027 3151
f 3151 3027 2876
f 2876 3027 2516
f 2876 2516 2742
f 2742 2516 2197
f 2742 2197 2308
f 2308 2197 2153
f 2742 2308 2744
f 2744 2308 2525
f 3438 3151 3238
f 3238 3151 2876
f 3438 3238 3285
f 3438 3285 3180
f 3180 3285 3152
f 3180 3152 2980
f 2980 3152 3030
f 2980 3030 2879
f 2879 3030 2804
f 2804 3030 3034
f 2804 3034 2747
f 2747 3034 2981
f 2747 2981 2884
f 3238 2876 3085
f 3238 3085 3285
f 3085 2876 2742
f 3085 2742 3031
f 3085 3031 3152
f 3031 2742 2744
f 3031 2744 3035
f 3035 2744 2808
f 2808 2744 2525
f 3035 2808 2812
f 3035 2812 3037
f 3037 2812 2813
f 3285 3085 3152
f 3152 3031 3030
f 3030 3031 3035
f 3030 3035 3034
f 3034 3035 3037
f 3034 3037 2981
f 2981 3037 2932
f 2932 3037 2813
f 2981 2932 2884
f 2932 2813 2622
f 2747 2884 2811
f 2811 2884 2621
f 2621 2884 2932
f 2932 2622 2688
f 2932 2688 2621
f 2688 2622 2158
f 2621 2688 2203
f 2203 2688 2158
f 2439 2058 2106
f 2106 2058 1914
f 2106 1914 1956
f 1914 2153 1956
f 1956 2153 2197
f 1956 2197 2516
f 2812 2808 2525
f 2527 2063 2359
f 2813 2812 2527
f 1542 1789 1787
f 1787 1789 1949
f 1789 1542 1737
f 1949 1789 1906
f 1906 1789 1737
f 1906 1737 1862
f 1949 1906 2099
f 1906 1862 2001
f 2099 1906 2103
f 2103 1906 2001
f 2099 2103 2305
f 2103 2001 2307
f 2103 2307 2305
f 2307 2001 2152
f 2305 2307 2613
f 2307 2152 2615
f 2307 2615 2613
f 2613 2615 2870
f 2615 2152 2352
f 2615 2352 2872
f 2872 2352 2618
f 1542 1787 1733
f 1542 1733 1499
f 1733 1787 1904
f 1904 1787 1949
f 1904 1949 2097
f 2097 1949 2099
f 2097 2099 2244
f 2244 2099 2305
f 2244 2305 2513
f 2513 2305 2613
f 2513 2613 2737
f 2737 2613 2870
f 2737 2870 3024
f 2737 3024 2925
f 2925 3024 3142
f 1542 1499 1698
f 1542 1698 1737
f 1737 1698 1824
f 1862 1737 1824
f 1862 1824 2001
f 2001 1824 1953
f 2001 1953 2105
f 2001 2105 2152
f 2152 2105 2352
f 2352 2105 2249
f 2352 2249 2436
f 2352 2436 2618
f 2870 2615 2872
f 2870 2872 3024
f 3024 2872 3146
f 3024 3146 3237
f 3237 3146 3322
f 3322 3146 3284
f 3237 3322 3365
f 3322 3284 3472
f 3322 3472 3365
f 3472 3284 3437
f 3365 3472 3607
f 3365 3607 3470
f 3609 3607 3437
f 3470 3607 3516
f 3607 3609 3641
f 3607 3641 3516
f 3641 3609 3645
f 3516 3641 3713
f 3713 3641 3645
f 3713 3645 3715
f 3713 3715 3743
f 3743 3715 3770
f 3743 3770 3797
f 3797 3770 3803
f 3743 3797 3639
f 3743 3639 3562
f 3797 3803 3830
f 3830 3803 3850
f 2618 2436 2978
f 2618 2978 2872
f 2872 2978 3146
f 3146 2978 3284
f 2978 2436 2875
f 3237 3142 3024
f 3142 3237 3365
f 3142 3365 3279
f 3279 3365 3363
f 2978 2875 3284
f 3284 2875 3148
f 3284 3148 3369
f 3284 3369 3437
f 3437 3369 3609
f 3609 3369 3474
f 3472 3437 3607
f 3609 3474 3566
f 3609 3566 3645
f 3645 3566 3715
f 3715 3566 3643
f 3715 3643 3688
f 3715 3688 3770
f 3770 3688 3745
f 3770 3745 3803
f 3365 3470 3363
f 3363 3470 3516
f 3363 3516 3395
f 3395 3516 3562
f 3395 3562 3433
f 3562 3516 3713
f 3562 3713 3743
f 3433 3562 3639
f 3433 3639 3468
f 3468 3639 3684
f 3468 3684 3514
f 3514 3684 3711
f 3514 3711 3560
f 3560 3711 3709
f 3684 3639 3797
f 3684 3797 3830
f 3803 3745 3768
f 3803 3768 3850
f 3711 3684 3830
f 3850 3768 3801
f 3850 3801 3849
f 3849 3801 3741
f 3849 3741 3829
f 3829 3741 3709
f 3709 3741 3605
f 3830 3850 3829
f 3829 3850 3849
f 3830 3829 3711
f 3711 3829 3709
f 3709 3605 3560
f 5876 6084 5561
f 5492 5876 5561
f 5492 5561 5376
f 5492 5376 5295
f 5295 5376 5236
f 5295 5236 5047
f 4862 5047 5048
f 5047 5236 5049
f 5049 5236 5051
f 5051 5236 5053
f 5047 5049 5048
f 5690 5272 5768
f 5768 5272 5358
f 5272 5690 5275
f 5272 5275 16
f 5275 5690 5692
f 5692 5690 6233
f 6233 5690 6175
f 5275 5692 5845
f 5845 5692 6233
f 5275 5845 5429
f 5275 5429 4741
f 4741 5429 4794
f 4794 5429 4845
f 4845 5429 5434
f 5434 5429 5992
f 5992 5429 5845
f 5933 5360 5434
f 5360 5933 5932
f 6382 5933 5992
f 5933 6382 5932
f 5992 5845 6306
f 5992 6306 6382
f 6306 5845 6233
f 5360 5932 5362
f 4795 4845 5362
f 4795 5362 5363
f 4795 5363 4745
f 5363 5362 5861
f 5861 5362 5932
f 5363 5861 5435
f 5435 5861 6383
f 5861 5932 6312
f 6312 5932 6311
f 6311 5932 6382
f 6312 6311 7113
f 6311 6382 7159
f 7159 6382 6306
f 7113 6311 7112
f 7112 6311 7159
f 7113 7112 7826
f 7826 7112 7159
f 7113 7826 7827
f 7826 7159 7825
f 7159 6306 7108
f 7159 7108 7825
f 7108 6306 6233
f 7825 7108 7824
f 7108 6233 7062
f 7108 7062 7824
f 7062 6233 6175
f 7824 7062 7821
f 7062 6175 7061
f 7062 7061 7821
f 7821 7061 7819
f 5358 5272 16
f 5358 16 4791
f 4791 16 241
f 241 16 343
f 241 343 197
f 197 343 322
f 16 5275 4741
f 16 4741 317
f 16 317 343
f 317 4741 4794
f 317 4794 242
f 242 4794 4845
f 242 4845 193
f 193 4845 4795
f 193 4795 194
f 317 242 198
f 276 343 317
f 276 317 198
f 198 242 165
f 165 242 193
f 276 198 4982
f 276 4982 4915
f 276 4915 322
f 322 4915 4850
f 4982 198 4983
f 4983 198 165
f 4982 4983 6073
f 6073 4983 6074
f 6074 4983 6075
f 6075 4983 4984
f 4984 4983 165
f 4984 165 166
f 166 165 193
f 4984 166 4854
f 166 193 194
f 4854 166 252
f 252 166 194
f 252 194 248
f 5434 5992 5707
f 5434 5707 5933
f 5933 5707 5992
f 5434 5360 4845
f 4845 5360 5362
f 7114 6312 7113
f 6312 7114 6383
f 7114 7113 7827
f 6383 7114 7161
f 6383 7161 6443
f 7161 7114 7781
f 7781 7114 7828
f 7828 7114 7827
f 7781 7828 8283
f 7828 7827 8337
f 7828 8337 8283
f 8337 7827 8414
f 8283 8337 8794
f 8337 8414 8885
f 8337 8885 8794
f 8885 8414 8966
f 8794 8885 9434
f 9434 8885 8966
f 8794 9434 9311
f 9434 8966 9548
f 5861 6312 6383
f 4745 5363 5435
f 4745 5435 4796
f 4796 5435 5644
f 4745 4796 248
f 4796 5644 5027
f 4796 5027 161
f 4796 161 248
f 161 5027 4750
f 248 161 118
f 118 161 4750
f 248 118 252
f 118 4750 4801
f 4795 4745 194
f 194 4745 248
f 4854 252 5037
f 5037 252 118
f 4984 4854 6010
f 4984 6010 6075
f 6075 6010 6905
f 6075 6905 6944
f 6944 6905 7760
f 6944 7760 7758
f 7758 7760 8372
f 7758 8372 8341
f 8341 8372 8933
f 4854 5037 6076
f 6076 5037 6008
f 4854 6076 6010
f 6076 6008 6980
f 6010 6076 6905
f 6076 6980 6945
f 6076 6945 6905
f 6945 6980 7757
f 6905 6945 7759
f 7759 6945 7757
f 6905 7759 7760
f 7759 7757 8293
f 7759 8293 8342
f 6074 6075 6944
f 6074 6944 6943
f 6074 6943 6073
f 6073 6943 6942
f 6073 6942 6072
f 6072 6942 6903
f 6073 6072 4915
f 6073 4915 4982
f 4915 6072 4850
f 4850 6072 6006
f 6006 6072 6903
f 6006 6903 6902
f 6943 6944 7758
f 6943 7758 7756
f 6943 7756 6942
f 7756 7758 8341
f 6942 7756 7755
f 6942 7755 6903
f 7756 8341 8340
f 7756 8340 7755
f 8340 8341 8894
f 8894 8341 8933
f 8894 8933 9441
f 8894 9441 9406
f 6903 7755 7700
f 6903 7700 6902
f 7755 8340 8292
f 8292 8340 8894
f 7755 8292 7700
f 8894 9406 8893
f 8894 8893 8292
f 8893 9406 9405
f 7700 8292 8291
f 8291 8292 8893
f 7700 8291 7701
f 7701 8291 8290
f 8291 8893 8892
f 8291 8892 8290
f 8892 8893 9405
f 8290 8892 8932
f 8892 9405 9440
f 8892 9440 8932
f 8932 9440 9481
f 7760 7759 8342
f 7760 8342 8372
f 8372 8342 8971
f 8372 8971 9024
f 8342 8293 8971
f 8971 8293 8845
f 8971 8845 9317
f 9557 9024 8971
f 9557 8971 9482
f 9482 8971 9317
f 9557 9482 9824
f 9482 9317 9752
f 9482 9752 9824
f 9824 9752 9869
f 9752 9317 9480
f 9869 9752 9748
f 9748 9752 9480
f 9748 9480 9513
f 9748 9513 9434
f 8293 7757 8373
f 8293 8373 8845
f 8373 7757 7788
f 7788 7757 6980
f 7788 6980 6906
f 6906 6980 6008
f 6906 6008 6246
f 8373 7788 8371
f 8371 7788 7787
f 8373 8371 8972
f 8972 8371 8934
f 7788 6906 7787
f 7787 6906 6946
f 6946 6906 6246
f 6946 6246 6186
f 8845 8373 8972
f 8845 8972 9409
f 8845 9409 9317
f 9317 9409 9480
f 8371 7787 8419
f 8371 8419 8934
f 8419 7787 7790
f 7790 7787 6946
f 7790 6946 6874
f 6874 6946 6186
f 6874 6186 5945
f 5945 6186 5942
f 5945 5942 5370
f 5370 5942 5161
f 5161 5942 5290
f 5161 5290 379
f 379 5290 4801
f 379 4801 533
f 533 4801 593
f 5161 379 82
f 5161 82 5370
f 5370 82 4855
f 5370 4855 5790
f 5790 4855 172
f 5790 172 5439
f 9409 8972 9408
f 9408 8972 8934
f 9480 9409 9408
f 9024 9557 8933
f 9024 8933 8372
f 8933 9557 9441
f 9441 9557 9704
f 9704 9557 9824
f 9441 9704 9660
f 9441 9660 9406
f 9704 9824 9784
f 9704 9784 9660
f 9660 9784 9747
f 9784 9824 9869
f 9784 9869 9474
f 9474 9869 9548
f 9406 9660 9703
f 9406 9703 9405
f 9405 9703 9750
f 9405 9750 9440
f 6902 7700 7701
f 6006 6902 6129
f 6006 6129 5034
f 6006 5034 4850
f 4850 5034 197
f 4850 197 322
f 6129 6902 6941
f 6941 6902 7701
f 6129 6941 6128
f 6941 7701 7699
f 7699 7701 8290
f 7699 8290 8251
f 8251 8290 8932
f 8251 8932 8841
f 6128 6941 6940
f 6128 6940 6185
f 6128 6185 5033
f 5033 6185 5103
f 6185 6940 6939
f 6939 6940 7698
f 6939 7698 7696
f 7696 7698 8250
f 7696 8250 8208
f 5034 6129 5033
f 5033 6129 6128
f 322 343 276
f 197 5034 196
f 196 5034 5033
f 197 196 240
f 197 240 241
f 240 196 160
f 160 196 115
f 115 196 5033
f 115 5033 5103
f 241 240 4791
f 4791 240 4790
f 4791 4790 5358
f 5358 4790 5354
f 5358 5354 5770
f 5770 5354 5695
f 5695 5354 5426
f 5695 5426 5772
f 240 160 4790
f 4790 160 4842
f 4790 4842 5354
f 5354 4842 5426
f 115 5103 5368
f 5368 5103 6185
f 115 5368 4799
f 5368 6185 6321
f 115 4799 160
f 6321 6185 7024
f 160 4799 4746
f 7024 6185 6939
f 160 4746 5096
f 7024 6939 7696
f 160 5096 4842
f 4842 5096 5701
f 4842 5701 5426
f 7024 7696 7695
f 7695 7696 8208
f 7695 8208 8173
f 8173 8208 8722
f 8173 8722 8618
f 8618 8722 9078
f 9078 8722 9243
f 9078 9243 9355
f 9355 9243 9512
f 9355 9512 9476
f 9476 9512 9653
f 9476 9653 9508
f 9476 9508 9351
f 9351 9508 9070
f 9351 9070 8882
f 8882 9070 8408
f 8882 8408 8334
f 8334 8408 7778
f 7778 8408 7822
f 7778 7822 7106
f 7778 7106 7199
f 7199 7106 6377
f 7199 6377 6556
f 6556 6377 6064
f 6064 6377 5767
f 5096 4746 5100
f 5100 4746 5219
f 5219 4746 4799
f 5096 5100 5366
f 5096 5366 5701
f 5701 5366 5994
f 5219 4799 5649
f 5649 4799 5368
f 5649 5368 6321
f 5649 6321 6390
f 6390 6321 7074
f 7074 6321 7024
f 7074 7024 7694
f 7694 7024 7695
f 5219 5649 5713
f 5713 5649 6390
f 5713 6390 6621
f 6621 6390 7074
f 6621 7074 7162
f 7162 7074 7694
f 7162 7694 7751
f 5219 5713 5101
f 5713 6621 5555
f 5555 6621 6508
f 6508 6621 7162
f 6508 7162 7116
f 5555 6508 6319
f 6319 6508 7116
f 5555 6319 5367
f 5367 6319 5102
f 6319 7116 7073
f 7073 7116 7752
f 7073 7752 7782
f 5102 6319 6125
f 6125 6319 7073
f 5102 6125 4910
f 7073 7782 6976
f 7073 6976 6125
f 6976 7782 7830
f 4910 6125 5938
f 5938 6125 6976
f 4910 5938 4911
f 4911 5938 6003
f 6976 7830 6978
f 6976 6978 5938
f 6978 7830 7872
f 6003 5938 7025
f 7025 5938 6978
f 7025 6978 7872
f 7025 7872 7948
f 6003 7025 6323
f 7025 7948 7246
f 7025 7246 6323
f 6323 7246 6778
f 6778 7246 7393
f 7751 7694 8207
f 7751 8207 8205
f 8205 8207 8585
f 8585 8207 8645
f 8585 8645 9120
f 8585 9120 8886
f 8886 9120 9354
f 8886 9354 9213
f 9213 9354 9310
f 8367 8284 8644
f 8456 8367 8685
f 8456 8685 8795
f 8456 8795 8544
f 8544 8795 8929
f 8544 8929 8646
f 8646 8929 8762
f 8762 8929 9077
f 9214 9018 9599
f 9439 9314 9904
f 9599 9399 9509
f 9509 9399 9213
f 9509 9213 9310
f 9439 9904 9935
f 9439 9935 9511
f 9511 9935 9934
f 9511 9934 9600
f 9600 9934 9652
f 9652 9934 9903
f 9652 9903 9950
f 9652 9950 9742
f 9600 9652 9077
f 9077 9652 9076
f 9077 9076 8762
f 9160 9206 8330
f 9206 9114 8278
f 9206 8278 8330
f 8330 8278 7477
f 8278 9114 8204
f 8278 8204 7477
f 8204 9114 8962
f 7477 8204 7559
f 8204 8962 8172
f 8204 8172 7559
f 7559 8172 7597
f 8172 8962 8792
f 8172 8792 8130
f 8130 8792 8642
f 8130 8642 8054
f 7597 8172 8130
f 7597 8130 7634
f 7634 8130 8054
f 7634 8054 7690
f 7690 8054 8093
f 7634 7690 7110
f 7597 7634 6969
f 6969 7634 7110
f 7597 6969 6814
f 7597 6814 7559
f 6814 6969 6057
f 7559 6814 6615
f 6814 6057 5619
f 6814 5619 6615
f 7559 6615 7477
f 6615 5619 5348
f 6057 6969 6438
f 6438 6969 7110
f 6057 6438 5634
f 5634 6438 5929
f 6438 7110 6654
f 6438 6654 5929
f 5929 6654 6706
f 6706 6654 7110
f 5929 6706 6065
f 6706 7110 7243
f 7243 7110 7690
f 6065 6706 6655
f 6065 6655 5996
f 6655 6706 7200
f 7200 6706 7243
f 7200 7243 7690
f 7200 7690 7688
f 5480 6434 5348
f 5348 6434 6435
f 5348 6435 6615
f 6615 6435 7477
f 7477 6435 7434
f 7434 6435 6434
f 7477 7434 8330
f 7434 6434 7476
f 7434 7476 8330
f 7476 6434 6702
f 8330 7476 8358
f 7476 6702 7592
f 7476 7592 8358
f 7592 6702 7818
f 8358 7592 8449
f 8449 7592 7818
f 8449 7818 8506
f 8330 8358 9160
f 9160 8358 9065
f 9065 8358 8449
f 9065 8449 9207
f 9207 8449 8506
f 9207 8506 9161
f 9161 8506 8539
f 8539 8506 7818
f 8539 7818 7947
f 9161 8539 9162
f 9161 9162 9646
f 9162 8539 8614
f 8614 8539 7947
f 8614 7947 8017
f 8614 8017 8129
f 9899 9780 9935
f 9818 9594 10065
f 10065 9594 10087
f 10087 9594 9646
f 10087 9646 9778
f 9778 9646 9162
f 9778 9162 9347
f 9950 10088 9742
f 9742 10088 10011
f 10011 10088 10144
f 10011 10144 10070
f 9652 9742 9076
f 9076 9742 9510
f 9076 9510 9075
f 9510 9742 10011
f 9510 10011 10070
f 4911 6003 6323
f 4911 6323 5288
f 5288 6323 6069
f 6069 6323 6778
f 6069 6778 6708
f 6708 6778 7119
f 6708 7119 7275
f 4911 5288 5286
f 5286 5288 6124
f 4911 5286 4846
f 4911 4846 23
f 4911 23 4910
f 4910 23 5102
f 5102 23 4797
f 5102 4797 5367
f 5367 4797 5099
f 5367 5099 5555
f 5555 5099 5284
f 5555 5284 5713
f 5713 5284 5436
f 5713 5436 5101
f 8891 8762 9076
f 6778 7393 7119
f 7119 7393 7640
f 7119 7640 7275
f 7275 7640 7831
f 8891 9076 9075
f 8891 9075 8931
f 8931 9075 9215
f 9215 9075 9510
f 9215 9510 9698
f 9510 10070 9698
f 10070 10119 9698
f 9698 10119 9976
f 10119 10207 10170
f 10119 10170 9976
f 9976 10170 10145
f 9862 9778 9347
f 9862 9347 9429
f 9976 10145 10120
f 9698 9976 9905
f 9905 9976 10120
f 9698 9905 9401
f 9698 9401 9215
f 9215 9401 8969
f 9401 9905 10039
f 10039 9905 10120
f 9401 10039 9604
f 10039 10120 10209
f 9604 10039 9825
f 9825 10039 10209
f 9825 10209 9978
f 9978 10209 10378
f 9978 10378 10071
f 10071 10378 10540
f 10071 10540 10123
f 10123 10540 10662
f 10145 10089 10120
f 9426 8755 8790
f 9775 9537 10083
f 10086 10480 10146
f 10146 10480 10574
f 9079 9121 8417
f 9079 8486 8930
f 9215 8969 8931
f 7831 7245 7275
f 7245 6561 7275
f 4977 117 319
f 4977 319 4798
f 4977 4798 5712
f 5712 4798 5646
f 5712 5646 6316
f 5646 4798 4904
f 6316 5646 5709
f 5709 5646 4904
f 4904 4798 238
f 238 4798 319
f 5709 4904 5351
f 5351 4904 238
f 6316 5709 6314
f 6316 6314 6740
f 5709 5351 5922
f 5709 5922 6314
f 5922 5351 6117
f 5922 6117 6439
f 5922 6439 6314
f 5351 238 4893
f 6314 6439 6553
f 6553 6439 6499
f 6314 6553 6441
f 4893 238 472
f 472 238 319
f 4893 472 4734
f 4734 472 5
f 472 319 506
f 472 506 590
f 5712 6316 6444
f 6776 6444 6316
f 6709 6776 6708
f 6708 6776 6124
f 6124 6776 6740
f 6708 6124 6069
f 6069 6124 5288
f 6124 6740 6388
f 6124 6388 5286
f 5286 6388 5710
f 5286 5710 4846
f 4846 5710 5282
f 4846 5282 23
f 23 5282 5095
f 6740 6776 6316
f 6388 6740 6441
f 6441 6740 6314
f 6388 6441 5990
f 5990 6441 6553
f 6388 5990 5710
f 5990 6553 5979
f 5710 5990 5423
f 5423 5990 5979
f 5710 5423 5282
f 5423 5979 5480
f 5282 5423 5204
f 5204 5423 5480
f 5282 5204 5095
f 5204 5480 5348
f 5480 5979 6702
f 5480 6702 6434
f 6702 5979 6553
f 6702 6553 7060
f 7060 6553 7310
f 5204 5348 5352
f 5352 5348 5619
f 5204 5352 5095
f 5352 5619 5353
f 5353 5619 6057
f 5095 5352 5215
f 5353 6057 5634
f 5095 5215 23
f 23 5215 4797
f 4797 5215 5099
f 5486 5215 5353
f 5215 5486 5099
f 5486 5353 5634
f 5099 5486 5284
f 5486 5634 5645
f 5486 5645 5284
f 5645 5634 5929
f 5284 5645 5436
f 5645 5929 6065
f 5436 5645 5711
f 5711 5645 6065
f 5352 5353 5215
f 6065 5996 5711
f 5711 5996 5366
f 5711 5366 5101
f 5711 5101 5436
f 593 4801 4750
f 593 4750 475
f 475 4750 191
f 191 4750 5027
f 191 5027 5644
f 191 5644 5281
f 5281 5644 6066
f 4801 5290 118
f 118 5290 5037
f 5037 5290 6008
f 5644 5435 6443
f 6443 5435 6383
f 5644 6443 6066
f 6066 6443 7161
f 6066 7161 7070
f 6066 7070 6898
f 6066 6898 5550
f 593 475 722
f 593 722 862
f 722 475 191
f 5281 4968 191
f 191 4968 473
f 191 473 722
f 722 473 774
f 862 722 1000
f 1000 722 774
f 862 1000 1124
f 1124 1000 1528
f 1000 774 1313
f 1313 774 1120
f 1313 1120 1482
f 1482 1120 1210
f 1482 1210 1312
f 1482 1312 1622
f 1622 1312 1621
f 1621 1312 1310
f 1621 1310 1281
f 1621 1281 1403
f 1621 1403 1620
f 5281 6066 5550
f 5281 5550 4968
f 774 473 4968
f 774 4968 4785
f 4968 5550 5425
f 5425 5550 6775
f 5425 6775 5543
f 6775 5550 6898
f 6775 6898 7779
f 7779 6898 7070
f 7779 7070 7780
f 6775 7779 7746
f 6775 7746 7744
f 6775 7744 6739
f 6775 6739 5543
f 5543 6739 5483
f 5483 6739 6738
f 6738 6739 7686
f 4968 5425 4785
f 4785 5425 154
f 154 5425 4735
f 4735 5425 5543
f 154 4735 745
f 154 745 635
f 745 4735 312
f 4735 5543 4894
f 4735 4894 312
f 4894 5543 5483
f 4894 5483 4827
f 4894 4827 312
f 4827 5483 5142
f 745 312 859
f 4827 5142 4732
f 4827 4732 312
f 859 312 470
f 470 312 4732
f 859 470 588
f 588 470 4732
f 4732 5142 153
f 4732 153 588
f 153 5142 4780
f 153 4780 236
f 588 153 342
f 588 342 665
f 588 665 993
f 588 993 931
f 588 931 859
f 859 931 1312
f 1312 931 1310
f 7070 7161 7780
f 7780 7161 7781
f 7780 7781 8415
f 7780 8415 7779
f 7779 8415 8484
f 7779 8484 8541
f 8484 8415 9210
f 8484 9210 8541
f 9210 8415 9015
f 7779 8541 7746
f 9210 9015 9743
f 9743 9015 9475
f 9210 9743 9975
f 9210 9975 9395
f 9210 9395 8541
f 9395 9975 10276
f 7746 8541 8540
f 8541 9395 9648
f 9648 9395 10276
f 8541 9648 8540
f 9648 10276 10275
f 10275 10276 10536
f 9648 10275 9817
f 9648 9817 8540
f 9817 10275 10168
f 7744 7746 8540
f 9817 10168 9815
f 7744 8540 7686
f 7744 7686 6739
f 8540 9817 8562
f 8540 8562 7686
f 9817 9815 8561
f 9817 8561 8562
f 8562 8561 7686
f 8561 9815 8582
f 7686 8561 7683
f 7683 8561 7631
f 7781 8283 8415
f 8415 8283 9015
f 7827 7826 8414
f 8414 7826 8366
f 8366 7826 7825
f 8414 8366 8966
f 8966 8366 8927
f 8966 8927 9548
f 9548 8927 9474
f 8283 8794 9015
f 8365 8366 7825
f 8366 8365 8927
f 8365 7825 7824
f 8365 7824 8411
f 8411 7824 7821
f 8411 7821 8453
f 8453 7821 7819
f 8453 7819 8452
f 8411 8453 9074
f 8411 9074 8926
f 9074 8453 9115
f 9115 8453 8452
f 9115 8452 9165
f 8927 8365 8926
f 8365 8411 8926
f 9474 8927 8926
f 9474 8926 9471
f 9474 9471 9784
f 9471 8926 9074
f 9784 9471 9747
f 9471 9074 9547
f 9471 9547 9747
f 9547 9074 9115
f 9660 9747 9703
f 9547 9115 9650
f 9650 9115 9165
f 9650 9165 9649
f 9747 9547 9783
f 9783 9547 9650
f 9747 9783 9703
f 9650 9649 9822
f 9650 9822 9783
f 9783 9822 9703
f 9822 9649 9867
f 9703 9822 9750
f 9750 9822 9867
f 9750 9867 9785
f 9748 9548 9869
f 9548 9748 9434
f 9434 9513 9311
f 9513 9480 9705
f 9705 9480 9408
f 9484 9408 8934
f 9408 9484 9705
f 9705 9484 9706
f 9513 9705 9749
f 9513 9749 9311
f 9311 9749 9475
f 9705 9706 9938
f 9705 9938 9749
f 9938 9706 9954
f 9475 9749 9977
f 9977 9749 9938
f 9475 9977 9743
f 9938 9954 10148
f 9938 10148 9977
f 9743 9977 10241
f 9743 10241 9975
f 10241 9977 10148
f 10148 9954 10177
f 10241 10148 10501
f 10148 10177 10416
f 10148 10416 10501
f 10416 10177 10578
f 10416 10578 10501
f 10578 10177 10294
f 10501 10578 10661
f 10661 10578 10639
f 10639 10578 10293
f 10661 10639 10761
f 10661 10761 10536
f 10661 10536 10276
f 8794 9311 9475
f 8794 9475 9015
f 9484 8934 9084
f 9084 8934 8419
f 9484 9084 9169
f 9169 9084 8419
f 9484 9169 9706
f 9169 8419 8459
f 8459 8419 7790
f 9706 9169 9320
f 9320 9169 8459
f 9706 9320 9954
f 8459 7790 7789
f 9954 9320 9515
f 9320 8459 8516
f 8516 8459 7789
f 9320 8516 9515
f 9954 9515 10177
f 10177 9515 9663
f 10177 9663 10294
f 10294 9663 10293
f 10293 9663 9707
f 9663 9515 8567
f 8567 9515 8516
f 9707 9663 8588
f 8588 9663 8567
f 8567 8516 7791
f 7791 8516 7789
f 8588 8567 7792
f 7792 8567 7791
f 9707 8588 8566
f 9707 8566 9662
f 9662 8566 8565
f 8566 8588 7761
f 7761 8588 7792
f 8566 7761 7710
f 6875 7791 7789
f 6875 7789 6874
f 6781 7792 7791
f 6781 7791 6875
f 7761 7792 6743
f 6743 7792 6781
f 7761 6743 6663
f 6781 6875 5790
f 5790 6875 5945
f 6781 5790 5439
f 6781 5439 6743
f 6743 5439 5038
f 10501 9975 10241
f 10276 9975 10501
f 10168 10275 10536
f 10168 10536 10413
f 6738 7686 7683
f 6738 7683 6703
f 6738 6703 5142
f 6738 5142 5483
f 5142 6703 6614
f 5142 6614 4780
f 4780 6614 6495
f 6495 6614 7631
f 4780 6495 4730
f 4780 4730 236
f 236 4730 110
f 236 110 557
f 236 557 409
f 557 110 504
f 557 504 717
f 4785 154 774
f 774 154 635
f 774 635 1120
f 6703 7683 7631
f 6703 7631 6614
f 8582 7631 8561
f 7631 8582 8581
f 8581 8582 9929
f 7630 6495 7631
f 7630 7631 8581
f 7630 8581 8560
f 7630 8560 7591
f 7591 8560 8536
f 8536 8560 9641
f 9641 8560 9689
f 9689 8560 8581
f 9689 8581 9642
f 9642 8581 9929
f 9689 9642 10107
f 9689 10107 10108
f 10107 9642 10141
f 10141 9642 9929
f 10141 9929 10290
f 8582 9815 9929
f 9929 9815 10274
f 10274 9815 10168
f 9929 10274 10290
f 10274 10168 10413
f 10290 10274 10477
f 10477 10274 10413
f 10477 10413 10571
f 10141 10290 10477
f 10141 10477 10372
f 10141 10372 10107
f 10372 10477 10535
f 10535 10477 10571
f 10107 10372 10289
f 10107 10289 10108
f 10108 10289 10109
f 10289 10372 10337
f 10289 10337 10109
f 10337 10372 10535
f 10109 10337 10110
f 10535 10571 10637
f 10637 10571 10659
f 9501 10110 9543
f 9543 10110 10114
f 10114 10110 10337
f 10337 10535 10449
f 10337 10449 10114
f 10449 10535 10637
f 10114 10449 10118
f 10449 10637 10716
f 10716 10637 10659
f 10449 10716 10500
f 10500 10716 10575
f 10716 10659 10760
f 10716 10760 10575
f 10760 10659 10536
f 10760 10536 10761
f 10760 10761 10575
f 10575 10761 10639
f 6495 7630 7591
f 7590 7591 8536
f 6495 7591 6373
f 6373 7591 7590
f 6495 6373 110
f 6495 110 4730
f 6373 7590 6372
f 6373 6372 110
f 6372 7590 7555
f 6372 7555 6301
f 110 6372 61
f 61 6372 6301
f 110 61 504
f 61 6301 3
f 504 61 558
f 558 61 3
f 9641 9689 10108
f 10108 10109 9641
f 9641 10109 9538
f 9641 9538 8536
f 8536 9538 8480
f 8536 8480 7590
f 7590 8480 7555
f 8480 9538 9501
f 9501 9538 10109
f 9501 10109 10110
f 8480 9501 8451
f 8480 8451 7555
f 8451 9501 9543
f 8451 9543 8483
f 8451 8483 7524
f 7555 8451 7522
f 7522 8451 7524
f 7555 7522 6301
f 7522 7524 6302
f 7522 6302 6301
f 6302 7524 6309
f 6301 6302 3
f 3 6302 4
f 8483 9543 8511
f 8511 9543 9549
f 9549 9543 10114
f 8511 9549 8542
f 9549 10114 10118
f 8542 9549 9555
f 9555 9549 10118
f 8542 9555 8564
f 8565 7601 8564
f 8565 8564 9662
f 8564 9555 9606
f 8564 9606 9662
f 9555 10118 10147
f 9555 10147 9606
f 10147 10118 10500
f 10500 10118 10449
f 10147 10500 10575
f 9606 10147 10173
f 9606 10173 9662
f 10173 10147 10575
f 9662 10173 10242
f 10242 10173 10575
f 9662 10242 9707
f 10242 10575 10639
f 9707 10242 10293
f 10293 10242 10639
f 8483 8511 7524
f 7524 8511 7561
f 7561 8511 8542
f 7524 7561 6309
f 4 6302 6309
f 4 6309 69
f 69 6309 6389
f 6389 6309 7561
f 69 6389 77
f 7561 8542 7562
f 7561 7562 6389
f 7562 8542 8564
f 7562 8564 7601
f 6389 7562 6445
f 6445 7562 7601
f 6389 6445 77
f 6445 7601 6511
f 77 6445 80
f 80 6445 6511
f 80 6511 81
f 3 4 618
f 618 4 69
f 3 618 558
f 558 618 860
f 558 860 504
f 504 860 717
f 860 618 960
f 618 69 669
f 618 669 960
f 960 669 1028
f 669 69 77
f 1028 669 1083
f 669 77 672
f 669 672 1083
f 672 77 80
f 672 80 674
f 672 674 1083
f 1083 674 1084
f 1028 1083 747
f 1028 747 960
f 747 1083 1084
f 747 1084 961
f 961 1084 1085
f 961 1085 1063
f 860 960 747
f 717 860 409
f 717 409 557
f 409 860 747
f 236 409 525
f 236 525 342
f 342 525 665
f 665 525 858
f 858 525 718
f 858 718 995
f 995 718 861
f 995 861 1102
f 995 1102 1236
f 1102 861 932
f 1236 1102 1406
f 1102 932 1181
f 1102 1181 1406
f 236 342 153
f 525 409 718
f 993 665 858
f 993 858 1119
f 1119 858 995
f 1119 995 1236
f 993 1119 1281
f 993 1281 931
f 931 1281 1310
f 1281 1119 1403
f 1403 1119 1620
f 1620 1119 1236
f 1620 1236 1406
f 1620 1406 1758
f 718 409 861
f 861 409 747
f 859 1312 745
f 745 1312 1210
f 745 1210 1120
f 745 1120 635
f 1313 1482 1725
f 1725 1482 1622
f 1528 1000 1313
f 1528 1313 1725
f 1725 1622 1804
f 1804 1622 1802
f 1802 1622 1621
f 1725 1804 1882
f 1882 1804 1802
f 1528 1725 1529
f 1528 1529 1124
f 1758 1879 1802
f 1802 1879 1882
f 1882 1879 1881
f 1882 1881 1883
f 1882 1883 1884
f 1762 1725 1882
f 1762 1882 1884
f 1725 1762 1529
f 1762 1884 1763
f 1573 1530 1763
f 1763 1530 1317
f 1762 1763 1483
f 1483 1763 1317
f 1762 1483 1529
f 1483 1317 1241
f 1483 1241 1529
f 1529 1241 1090
f 1529 1090 1088
f 1529 1088 1124
f 1124 1088 862
f 1088 1090 863
f 862 1088 827
f 827 1088 863
f 827 863 677
f 827 677 533
f 827 533 593
f 533 677 379
f 1802 1621 1620
f 1802 1620 1758
f 593 862 827
f 677 863 508
f 677 508 349
f 677 349 379
f 863 1090 644
f 863 644 508
f 508 644 444
f 508 444 349
f 444 644 623
f 349 444 172
f 349 172 82
f 82 172 4855
f 349 82 379
f 623 644 829
f 829 644 828
f 829 828 1004
f 829 1004 623
f 623 1004 687
f 687 1004 1032
f 687 1032 1063
f 687 1063 678
f 678 1063 675
f 675 1063 1085
f 1063 1032 962
f 962 1032 935
f 1063 962 1001
f 1063 1001 961
f 1090 1241 967
f 1090 967 644
f 644 967 828
f 967 1241 1317
f 828 967 935
f 935 967 1129
f 1129 967 1317
f 935 1129 962
f 1129 1317 1215
f 1129 1215 962
f 1215 1317 1530
f 1215 1530 1573
f 962 1215 1240
f 1240 1215 1573
f 962 1240 1001
f 1001 1240 1239
f 1239 1240 1625
f 1625 1240 1573
f 1239 1625 1238
f 1238 1625 1623
f 1625 1573 1884
f 1884 1573 1763
f 1004 828 935
f 1004 935 1032
f 623 687 27
f 623 27 4804
f 623 4804 444
f 444 4804 5038
f 5038 4804 6663
f 5038 6663 6743
f 6663 4804 27
f 27 687 83
f 83 687 678
f 6663 27 6623
f 27 83 6562
f 27 6562 6623
f 6562 83 6511
f 83 678 81
f 83 81 6511
f 81 678 675
f 81 675 674
f 81 674 80
f 6562 6511 7648
f 6562 7648 6623
f 7648 6511 7601
f 7648 7601 8565
f 6623 7648 7710
f 7710 7648 8565
f 6623 7710 6663
f 7710 8565 8566
f 6663 7710 7761
f 444 5038 172
f 172 5038 5439
f 5290 5942 6008
f 6008 5942 6246
f 6246 5942 6186
f 5945 5370 5790
f 5945 6875 6874
f 6874 7789 7790
f 10294 10293 10578
f 674 675 1085
f 674 1085 1084
f 1001 1239 961
f 961 1239 999
f 999 1239 1238
f 999 1238 1181
f 999 1181 932
f 1181 1238 1623
f 1181 1623 1481
f 747 961 999
f 747 999 932
f 747 932 861
f 1406 1181 1481
f 1406 1481 1758
f 1758 1481 1803
f 1758 1803 1879
f 1803 1481 1623
f 1879 1803 1881
f 1881 1803 1623
f 1881 1623 1883
f 1883 1623 1625
f 1883 1625 1884
f 4824 5010 4892
f 4892 5010 5011
f 5011 5010 5196
f 5196 5010 5195
f 5196 5195 5262
f 5262 5195 5341
f 5262 5341 5471
f 5471 5341 5469
f 5471 5469 5523
f 5523 5469 5609
f 5523 5609 5603
f 5603 5609 5677
f 5603 5677 5671
f 5671 5677 5752
f 5671 5752 5746
f 5746 5752 5821
f 5011 5196 4892
f 5195 5010 4824
f 5195 4824 5005
f 5195 5005 5003
f 5195 5003 5341
f 5341 5003 5469
f 5469 5003 5141
f 5469 5141 5609
f 5609 5141 5258
f 4824 4892 4773
f 4892 5196 5007
f 4892 5007 4773
f 4824 4773 4952
f 4824 4952 5005
f 4952 4773 5007
f 4952 5007 4890
f 4890 5007 5085
f 4890 5085 5192
f 4890 5192 4950
f 4950 5192 5260
f 4950 5260 5081
f 5081 5260 5137
f 5137 5260 5325
f 5137 5325 5408
f 5137 5408 5188
f 5188 5408 5520
f 5188 5520 5398
f 5005 4952 5003
f 5003 4952 4890
f 5262 5007 5196
f 5007 5262 5085
f 5085 5262 5471
f 5192 5085 5471
f 4950 5003 4890
f 5003 4950 5141
f 5141 4950 5081
f 5141 5081 5258
f 5258 5081 5137
f 5258 5137 5323
f 5323 5137 5188
f 5323 5188 5406
f 5406 5188 5515
f 5515 5188 5398
f 5260 5192 5471
f 5260 5471 5523
f 5260 5523 5603
f 5260 5603 5325
f 5325 5603 5671
f 5325 5671 5408
f 5408 5671 5520
f 5520 5671 5746
f 5609 5258 5323
f 5609 5323 5677
f 5677 5323 5752
f 5752 5323 5406
f 5752 5406 5821
f 5821 5406 5515
f 5513 5740 5823
f 5513 5823 5402
f 5823 5740 6039
f 6280 6039 6102
f 6102 6039 5740
f 6102 5740 6033
f 6033 5740 5811
f 5393 5740 5402
f 5740 5393 5811
f 5393 5402 5135
f 5811 5393 5466
f 5393 5135 5070
f 5466 5393 5131
f 5131 5393 5070
f 5740 5513 5186
f 5740 5186 5400
f 5400 5186 5074
f 5074 5186 4880
f 5074 4880 58
f 5074 58 4882
f 5186 5513 4878
f 5186 4878 149
f 5186 149 4880
f 4880 149 58
f 58 149 269
f 4878 5513 5246
f 4878 5246 5391
f 4878 5391 4944
f 4878 4944 147
f 4878 147 149
f 149 147 225
f 149 225 269
f 269 225 227
f 227 225 186
f 4944 5391 5736
f 4944 5736 5306
f 4944 5306 147
f 147 5306 4946
f 147 4946 225
f 225 4946 4767
f 225 4767 186
f 186 4767 4884
f 5306 5736 5400
f 5400 5736 5740
f 5306 5400 4946
f 4946 5400 5074
f 4946 5074 4767
f 4767 5074 4882
f 4767 4882 4884
f 4884 4882 4948
f 4884 4948 5076
f 4884 5076 5078
f 5078 5076 5329
f 5329 5076 5256
f 5329 5256 5410
f 5329 5410 5607
f 5607 5410 5754
f 5754 5410 5601
f 5754 5601 5668
f 5754 5668 5906
f 5906 5668 5899
f 5899 5668 5743
f 5899 5743 6036
f 6036 5743 5894
f 269 227 58
f 58 227 4769
f 4769 227 4886
f 4886 227 103
f 4882 58 4948
f 4948 58 4769
f 4948 4769 5076
f 5076 4769 4886
f 186 4884 5078
f 186 5078 4771
f 4771 227 186
f 227 4771 103
f 4771 5078 5329
f 4771 5329 5083
f 5083 5329 5331
f 5331 5329 5607
f 103 4771 5083
f 103 5083 4888
f 4888 5083 5331
f 4888 5331 5001
f 4886 103 5000
f 4886 5000 5076
f 5076 5000 5256
f 5256 5000 5139
f 103 4888 5000
f 5000 4888 5139
f 5139 4888 5001
f 5139 5001 5190
f 5139 5190 5252
f 5252 5190 5318
f 5318 5190 5249
f 5318 5249 5312
f 5318 5312 5397
f 5397 5312 5395
f 5397 5395 5508
f 5410 5256 5139
f 5410 5139 5601
f 5601 5139 5252
f 5601 5252 5668
f 5668 5252 5318
f 5668 5318 5743
f 5743 5318 5397
f 5743 5397 5508
f 5743 5508 5894
f 5607 5754 5331
f 5331 5754 5522
f 5522 5754 5906
f 5522 5906 5598
f 5598 5906 5899
f 5598 5899 5665
f 5665 5899 6036
f 5190 5001 5331
f 5331 5522 5190
f 5190 5522 5598
f 5190 5598 5249
f 5249 5598 5312
f 5598 5665 5312
f 5665 6036 5744
f 5665 5744 5312
f 5312 5744 5395
f 5823 6039 6213
f 5823 6213 5902
f 5823 5902 5404
f 5823 5404 5402
f 6213 6039 6280
f 6102 6033 6280
f 6280 6033 6209
f 6209 6033 5888
f 6033 5811 5888
f 5888 5811 5466
f 5888 5466 5389
f 5389 5466 5131
f 5389 5131 5068
f 5902 6213 6211
f 5902 6211 5900
f 6211 6213 6280
f 6211 6280 6278
f 6280 6209 6156
f 6280 6156 6278
f 6156 6209 5964
f 5964 6209 5888
f 5964 5888 5464
f 5464 5888 5389
f 6278 6156 6098
f 6098 6156 5964
f 6098 5964 5890
f 6278 6098 6100
f 6278 6100 6211
f 6211 6100 6037
f 5902 5900 5404
f 6211 6037 5900
f 5900 6037 5817
f 5900 5817 5468
f 5468 5817 5516
f 6100 6098 5589
f 6100 5589 6037
f 6037 5589 5817
f 5817 5589 5516
f 6098 5890 5589
f 5589 5890 5587
f 5589 5587 5301
f 5890 5964 5464
f 5890 5464 5587
f 5587 5464 5301
f 5900 5468 5404
f 5404 5468 5072
f 5072 5468 5133
f 5404 5072 5135
f 5404 5135 5402
f 5516 5589 5307
f 5307 5589 5243
f 5243 5589 5301
f 5468 5516 5133
f 5133 5516 5307
f 5133 5307 5243
f 5133 5243 4998
f 4998 5243 5301
f 4998 5301 5129
f 5129 5301 5464
f 5072 5133 4998
f 5072 4998 4942
f 5072 4942 5135
f 5135 4942 5070
f 5070 4942 5131
f 5068 5131 4942
f 5068 4942 5129
f 5129 4942 4998
f 5389 5068 5464
f 5464 5068 5129
f 6160 5966 5589
f 6160 5589 5815
f 5966 6160 5896
f 5896 6160 6106
f 6106 6160 6355
f 6106 6355 6286
f 6286 6355 6482
f 6286 6482 6484
f 6484 6482 6597
f 6484 6597 6542
f 6542 6597 6601
f 5815 5589 5303
f 5815 5303 5518
f 5815 5518 5750
f 5815 5750 6043
f 6043 5750 6164
f 6164 5750 5911
f 5896 6106 5591
f 5591 6106 5827
f 5827 6106 6286
f 5827 6286 6045
f 6045 6286 6484
f 6045 6484 6166
f 6355 6160 5815
f 6355 5815 6043
f 6355 6043 6164
f 6355 6164 6482
f 6482 6164 6597
f 6597 6164 6290
f 6597 6290 6294
f 6597 6294 6603
f 5518 5303 5591
f 5518 5591 5827
f 5827 5750 5518
f 5750 5827 6045
f 5750 6045 6166
f 5750 6166 5911
f 5911 6166 6048
f 6048 6166 6219
f 6048 6219 6292
f 6048 6292 6050
f 6164 5911 6290
f 6290 5911 6048
f 6290 6048 6050
f 6290 6050 6294
f 6294 6050 6054
f 6294 6054 6298
f 6298 6054 5972
f 6298 5972 6225
f 6542 6166 6484
f 6166 6542 6219
f 6219 6542 6292
f 6292 6542 6601
f 6292 6601 6296
f 6296 6601 6544
f 6050 6292 6296
f 6050 6296 6054
f 6054 6296 5972
f 6597 6603 6601
f 6601 6603 6544
f 6294 6298 6603
f 6603 6298 6605
f 6605 6298 6225
f 6605 6225 6548
f 6603 6605 6544
f 6544 6605 6548
f 6223 6296 6544
f 6223 6544 6546
f 6223 6546 6170
f 6170 6546 6486
f 6296 6223 5972
f 6544 6548 6546
f 6548 6225 6108
f 6548 6108 6424
f 6424 6108 6052
f 6424 6052 6363
f 6108 6225 5972
f 6546 6548 6424
f 6223 6170 5972
f 5972 6170 5915
f 5915 6170 5829
f 5829 6170 6168
f 6546 6424 6486
f 6108 5972 5915
f 6052 6108 5915
f 6052 5915 5829
f 6052 5829 5910
f 5910 5829 5673
f 5910 5673 5748
f 5748 5673 5593
f 6486 6424 6363
f 6486 6363 6422
f 6422 6363 6217
f 6422 6217 6288
f 6288 6217 6104
f 6104 6217 6041
f 6170 6486 6422
f 6170 6422 6168
f 6168 6422 5969
f 5969 6422 6288
f 5969 6288 6104
f 5969 6104 5819
f 6168 5969 5829
f 5829 5969 5673
f 5910 6363 6052
f 6363 5910 6217
f 6217 5910 5748
f 6217 5748 6041
f 5593 5673 5969
f 5593 5969 5819
f 5337 5339 5473
f 5337 5473 5527
f 5527 5473 5618
f 5339 5337 5412
f 5339 5412 5414
f 5337 5527 5524
f 5337 5524 5412
f 5412 5524 5612
f 5412 5612 5333
f 5333 5612 5605
f 5333 5605 5254
f 5254 5605 5599
f 5254 5599 5250
f 5524 5527 5618
f 5524 5618 5681
f 5681 5618 5473
f 5681 5473 5617
f 5414 5473 5339
f 5473 5414 5617
f 5617 5414 5615
f 5617 5615 5681
f 5681 5615 5831
f 5612 5524 5681
f 5612 5681 5831
f 5414 5412 5335
f 5335 5412 5333
f 5414 5335 5615
f 5612 5831 5913
f 5612 5913 5605
f 5605 5913 5599
f 5599 5913 5908
f 5599 5908 5904
f 5599 5904 5595
f 5595 5904 5510
f 5510 5904 5814
f 5913 5831 5615
f 5913 5615 5679
f 5913 5679 5908
f 5908 5679 5675
f 5908 5675 5669
f 5908 5669 5904
f 5904 5669 5814
f 5814 5669 5591
f 5335 5333 5254
f 5335 5254 5327
f 5327 5254 5250
f 5327 5250 5321
f 5321 5250 5316
f 5316 5250 5314
f 5316 5314 5247
f 5316 5247 5310
f 5327 5615 5335
f 5615 5327 5679
f 5679 5327 5675
f 5675 5327 5321
f 5675 5321 5316
f 5675 5316 5669
f 5669 5316 5591
f 5591 5316 5310
f 5599 5595 5314
f 5599 5314 5250
f 5314 5595 5510
f 5314 5510 5247
f 7240 7104 7432
f 7104 7240 6109
f 7240 7432 7891
f 6111 6109 7240
f 107 6111 6431
f 6431 6111 7354
f 7354 6111 7240
f 7354 7240 7815
f 7354 7815 7946
f 7946 7815 8125
f 8125 7815 8012
f 7815 7240 7891
f 7946 8125 7957
f 7957 8125 8273
f 8273 8125 8534
f 8534 8125 8402
f 8273 8534 8711
f 8534 8402 8641
f 8711 8534 8789
f 8789 8534 8641
f 8789 8641 8709
f 8789 8709 8754
f 8402 8125 8012
f 8402 8012 8271
f 8402 8271 8641
f 8641 8271 8473
f 8641 8473 8557
f 8641 8557 8709
f 8709 8557 8532
f 8789 8754 8711
f 8754 8709 8532
f 8754 8532 8535
f 8754 8535 8832
f 8533 8831 8753
f 8533 8753 8401
f 8474 7515 7732
f 10664 10641 10179
f 10840 10887 10890
f 10840 10890 10641
f 9128 9328 9220
f 9220 9328 9363
f 9328 9413 9411
f 9328 9411 9363
f 9363 9411 9252
f 9363 9252 9171
f 9171 9252 8899
f 9252 9032 8899
f 8899 9032 8902
f 6327 6192 6252
f 6252 6192 6251
f 6251 6192 6191
f 6192 6327 6256
f 6256 6327 6331
f 6327 6252 6402
f 6402 6252 6251
f 6402 6251 6457
f 6457 6251 6516
f 6516 6251 6401
f 6192 6256 6191
f 6191 6256 6258
f 6191 6258 6254
f 6254 6258 6330
f 6251 6191 6254
f 6251 6254 6401
f 6330 6258 6520
f 6457 6516 6571
f 6571 6516 6631
f 6402 6457 6459
f 6459 6457 6571
f 6402 6459 6327
f 6571 6631 6633
f 6633 6631 6667
f 6571 6633 6459
f 6327 6459 6518
f 6327 6518 6461
f 6327 6461 6331
f 6518 6459 6633
f 6633 6667 6575
f 6575 6667 6635
f 6633 6575 6518
f 6518 6575 6461
f 6575 6635 6520
f 6575 6520 6404
f 6575 6404 6461
f 6461 6404 6331
f 6331 6404 6258
f 6331 6258 6256
f 6404 6520 6258
f 9988 10159 10128
f 10128 10159 10160
f 10128 10160 10215
f 10215 10160 10131
f 10128 10215 10213
f 10213 10215 10161
f 9988 10128 10158
f 10158 10128 10213
f 9988 10158 9960
f 9988 9960 9674
f 10158 10213 10214
f 10214 10213 10161
f 9960 10158 10043
f 10043 10158 10214
f 9960 10043 9674
f 7768 7877 7934
f 7934 7877 8037
f 8037 7877 8000
f 8037 8000 8345
f 8345 8000 8260
f 8383 8345 8260
f 8383 8260 8426
f 8426 8805 8569
f 8426 8569 8427
f 8427 8569 8428
f 6556 6064 6655
f 6556 6655 7199
f 6655 6064 5994
f 5994 6064 5926
f 5994 5926 5701
f 7199 6655 7200
f 7199 7200 7688
f 7199 7688 7778
f 7688 7690 8093
f 7688 8093 7778
f 7778 8093 8334
f 8334 8093 8720
f 8334 8720 8882
f 7106 7822 7820
f 7106 7820 7105
f 7106 7105 6377
f 7105 7820 7823
f 7105 7823 7107
f 6377 7105 6303
f 6303 7105 7107
f 6303 7107 6305
f 6303 6305 5768
f 6303 5768 5691
f 7822 8408 7820
f 7820 8408 8407
f 8407 8408 9071
f 9071 8408 9070
f 8407 9071 9073
f 8720 8093 8054
f 8720 8054 8642
f 8720 8642 9280
f 9280 8642 9212
f 8720 9280 8882
f 8882 9280 9351
f 9351 9280 9476
f 9476 9280 9435
f 9476 9435 9354
f 9476 9354 9355
f 9280 9212 9435
f 9435 9212 9310
f 9435 9310 9354
f 9544 9070 9508
f 9544 9508 9653
f 9070 9544 9071
f 9071 9544 9546
f 9071 9546 9073
f 9546 9544 9746
f 9746 9544 9745
f 9354 9120 9355
f 9355 9120 9078
f 9078 9120 8645
f 9078 8645 8618
f 8618 8645 8173
f 8173 8645 8207
f 8173 8207 7695
f 7695 8207 7694
f 9243 8722 8797
f 9243 8797 9315
f 9243 9315 9512
f 9512 9315 9658
f 9512 9658 9653
f 9745 9544 9653
f 9745 9653 9658
f 9745 9658 9746
f 9658 9315 9357
f 8841 9357 8797
f 9357 8841 9481
f 9481 8841 8932
f 9658 9357 9659
f 9659 9357 9481
f 9658 9659 9746
f 9659 9481 9785
f 9659 9785 9867
f 9659 9867 9746
f 9746 9867 9546
f 9546 9867 9649
f 8722 8208 8797
f 8208 8250 8797
f 7698 6940 7699
f 7699 6940 6941
f 7698 7699 8251
f 7698 8251 8250
f 8250 8251 8841
f 8250 8841 8797
f 9440 9750 9785
f 9440 9785 9481
f 9165 8452 8409
f 8409 8452 7819
f 8409 7819 7823
f 7823 7819 7107
f 9165 8409 9073
f 9165 9073 9649
f 9649 9073 9546
f 7819 7061 7107
f 7061 6175 7107
f 7107 6175 6305
f 6305 6175 5690
f 6305 5690 5768
f 8409 7823 7820
f 8409 7820 8407
f 8409 8407 9073
f 9357 9315 8797
f 5760 5842 5983
f 5983 5842 6059
f 5842 5760 5536
f 6059 5842 5919
f 6059 5919 6380
f 6380 5919 6178
f 5842 5536 5625
f 5625 5536 4959
f 5625 4959 5143
f 5143 4959 4960
f 4960 4959 4737
f 4960 4737 4962
f 4962 4737 4783
f 5760 5983 5982
f 5982 5983 6114
f 5760 5982 5759
f 5760 5759 5536
f 5536 5759 5482
f 6114 5983 6059
f 6114 6059 6502
f 6502 6059 6380
f 6114 6502 6381
f 6114 6381 5985
f 6114 5985 5982
f 5985 6381 6118
f 5985 6118 5920
f 5985 5920 5843
f 5985 5843 5917
f 5917 5843 5761
f 5761 5843 5537
f 5537 5843 5626
f 5537 5626 5017
f 5017 5626 5202
f 5017 5202 4961
f 5017 4961 4782
f 4782 4961 4963
f 4782 4963 4784
f 4784 4963 4964
f 4964 4963 5208
f 5208 4963 5147
f 5208 5147 5931
f 5931 5147 5927
f 6178 5919 5986
f 5986 5919 5844
f 5844 5919 5842
f 5986 5844 6118
f 6118 5844 5920
f 5920 5844 5843
f 5843 5844 5689
f 5917 5982 5985
f 5982 5917 5759
f 5759 5917 5761
f 5759 5761 5482
f 5482 5761 5537
f 5842 5625 5844
f 5844 5625 5689
f 5536 5482 4959
f 4959 5482 4895
f 5482 5537 4895
f 4895 5537 5017
f 4895 5017 4782
f 4895 4782 4736
f 4736 4782 4784
f 4736 4784 4738
f 5626 5843 5689
f 5626 5689 5202
f 5689 5625 5268
f 5268 5625 5143
f 5268 5143 4960
f 5268 4960 5146
f 5146 4960 4962
f 5689 5268 5202
f 5268 5146 5202
f 5202 5146 4961
f 4961 5146 4963
f 4895 4736 4959
f 4959 4736 4737
f 4736 4738 4737
f 4737 4738 4783
f 4783 4738 4900
f 4784 4964 4738
f 4738 4964 4900
f 4900 4964 5149
f 5149 4964 5208
f 5149 5208 5931
f 5149 5931 5935
f 4783 4900 4965
f 4783 4965 4962
f 4965 4900 5149
f 4965 5149 5209
f 4965 5209 5148
f 5209 5149 5935
f 5209 5935 5930
f 4962 4965 5148
f 5355 5146 4962
f 5146 5355 5147
f 5355 4962 5148
f 5355 5148 5988
f 5988 5148 5991
f 5146 5147 4963
f 5147 5355 5988
f 5147 5988 5927
f 5991 5148 5930
f 5930 5148 5209
f 5770 5768 5358
f 5768 5770 5691
f 5691 5770 5695
f 5691 5695 5772
f 5691 5772 5767
f 6303 5691 6377
f 6377 5691 5767
f 6064 5767 5926
f 5926 5767 5772
f 5926 5772 5426
f 5426 5701 5926
f 8454 7898 8720
f 8454 8720 8837
f 8837 8720 9209
f 8837 9209 9208
f 9208 9209 9505
f 9208 9505 9307
f 9307 9505 9647
f 9307 9647 9779
f 9307 9779 9349
f 9349 9779 9590
f 9590 9779 9972
f 9590 9972 10007
f 9590 10007 9732
f 7898 8454 8481
f 7898 8481 7897
f 8481 8454 8837
f 8481 8837 8880
f 8880 8837 9208
f 8880 9208 9277
f 9277 9208 9391
f 7897 8481 8760
f 8760 8481 9239
f 9239 8481 8880
f 9239 8880 9593
f 9593 8880 9277
f 9593 9277 9391
f 9593 9391 9735
f 9735 9391 9464
f 9735 9464 9897
f 9897 9464 10061
f 10061 9464 9690
f 9209 8720 8760
f 8760 9239 9209
f 9209 9239 9505
f 9239 9593 9505
f 9505 9593 9647
f 9647 9593 9735
f 9647 9735 9897
f 9647 9897 9779
f 9391 9208 9307
f 9391 9307 9464
f 9464 9307 9349
f 9464 9349 9590
f 9897 10061 9779
f 9779 10061 9972
f 9972 10061 10007
f 10007 10061 10085
f 9690 9464 9590
f 9690 9590 9811
f 9811 9590 9732
f 10061 9690 9811
f 10061 9811 10085
f 10085 9811 10007
f 10007 9811 9732
f 4969 5024 5094
f 4969 5094 5210
f 4969 5210 5150
f 5024 4969 4788
f 4788 4969 5150
f 5024 4788 4792
f 5024 4792 4973
f 4788 5150 4966
f 5024 4973 5283
f 4966 5150 5547
f 5024 5283 5278
f 5278 5283 5782
f 5278 5782 5780
f 4966 5547 5484
f 5484 5547 5696
f 5696 5547 5854
f 5696 5854 5987
f 5987 5854 5995
f 5987 5995 6120
f 6120 5995 6386
f 6386 5995 6122
f 5150 5210 5637
f 5637 5210 5092
f 5150 5637 5547
f 5210 5094 5092
f 5092 5094 4970
f 4970 5094 4971
f 4788 4966 4901
f 4788 4901 4739
f 4739 4901 4740
f 4740 4901 4967
f 4901 4966 5484
f 4967 4901 5427
f 4901 5484 5424
f 4901 5424 5427
f 5424 5484 5771
f 5427 5424 5697
f 5697 5424 5771
f 5547 5637 5777
f 5547 5777 5854
f 5484 5696 5771
f 5771 5696 6063
f 6063 5696 5987
f 5697 5771 6063
f 5697 6063 5925
f 5925 6063 6121
f 5995 5854 5777
f 5995 5777 5999
f 5995 5999 6122
f 6063 5987 6183
f 6183 5987 6120
f 6063 6183 6121
f 6183 6120 6442
f 6121 6183 6387
f 6387 6183 6442
f 5697 5925 5855
f 5697 5855 5549
f 5697 5549 5427
f 5427 5549 4967
f 4967 5549 5092
f 4967 5092 4740
f 4740 5092 4970
f 4740 4970 4971
f 4740 4971 4793
f 4793 4971 4975
f 4975 4971 5216
f 5216 4971 5279
f 5216 5279 5783
f 5783 5279 5781
f 5925 6121 5934
f 5934 6121 6387
f 5934 6387 6123
f 5925 5934 5855
f 5934 6123 5777
f 5777 6123 5999
f 5934 5777 5855
f 5855 5777 5637
f 5855 5637 5549
f 6120 6386 6442
f 5549 5637 5092
f 4739 4740 4793
f 4788 4739 4743
f 4788 4743 4792
f 4743 4739 4793
f 4743 4793 4975
f 4743 4975 4974
f 4743 4974 4792
f 4974 4975 5216
f 4974 5216 5217
f 5217 5216 5783
f 5217 5783 5784
f 4792 4974 4973
f 4973 4974 5217
f 4973 5217 5283
f 5283 5217 5784
f 5283 5784 5782
f 5279 4971 5094
f 5279 5094 5361
f 5279 5361 5781
f 5781 5361 5779
f 5278 5780 5779
f 5024 5278 5361
f 5024 5361 5094
f 5361 5278 5779
f 10661 10276 10501
f 10536 10659 10413
f 10413 10659 10571
f 10394 9800 9944
f 5766 5847 6558
f 5766 6558 5765
f 5765 6558 6618
f 5765 6618 6617
f 5765 6617 5688
f 5688 6617 6653
f 5688 6653 5758
f 5758 6653 6552
f 5758 6552 5757
f 5757 6552 6497
f 6930 7014 6653
f 6930 6653 6933
f 6933 6653 6617
f 6933 6617 6970
f 6970 6617 6618
f 6970 6618 7019
f 6618 6558 7019
f 7019 6558 6972
f 7019 6972 7478
f 7019 7478 7437
f 7019 7437 7521
f 9225 8227 9571
