# Blender 5.0.1
# www.blender.org
o tripo_node_f6723d68-df91-4faa-a6bc-c8e17fa32c4f
v 0.078369 0.705078 0.000244 0.6863 0.4078 0.2549
v 0.085693 0.763184 0.000244 0.5921 0.3333 0.2118
v -0.088135 0.763672 0.000244 0.5294 0.2941 0.1608
v 0.305908 0.778809 0.000244 0.6745 0.4000 0.2588
v 0.215088 0.779785 0.000244 0.6315 0.3765 0.2432
v -0.200439 0.781250 0.000244 0.7294 0.4628 0.3176
v 0.324951 0.785156 0.000244 0.1569 0.0392 0.2510
v -0.127197 0.789551 0.000244 0.6432 0.3921 0.2432
v 0.373779 0.791992 0.000244 0.1412 0.0510 0.1804
v 0.228760 0.816406 0.000244 0.6236 0.3568 0.2235
v 0.463135 0.820801 0.000244 0.2275 0.0980 0.3019
v 0.159424 0.830078 0.000244 0.6432 0.3568 0.2275
v 0.307861 0.831055 0.000244 0.7333 0.4314 0.2706
v 0.265381 0.835449 0.000244 0.7137 0.4275 0.2902
v 0.126709 0.838867 0.000244 0.7451 0.4432 0.2784
v -0.013428 0.839844 0.000244 0.6432 0.3765 0.2353
v 0.010986 0.839844 0.000244 0.6745 0.4157 0.2745
v 0.396240 0.849609 0.000244 0.2275 0.0902 0.2980
v 0.094482 0.850098 0.000244 0.7098 0.4118 0.2784
v 0.018799 0.864746 0.000244 0.3176 0.1725 0.1020
v -0.021240 0.865234 0.000244 0.3529 0.2235 0.1333
v 0.030518 0.876953 0.000244 0.4275 0.2784 0.2039
v -0.032959 0.877441 0.000244 0.3372 0.1961 0.1294
v -0.039307 0.899902 0.000244 0.3137 0.2118 0.1686
v 0.036865 0.899902 0.000244 0.2588 0.1412 0.0627
v -0.043213 0.909180 0.000244 0.1098 0.0784 0.0314
v -0.049072 0.930664 0.000244 0.1451 0.0941 0.0588
v -0.052490 0.937012 0.000244 0.1216 0.0627 0.0314
v -0.052002 0.960449 0.000244 0.1098 0.0667 0.0431
v 0.052002 0.960449 0.000244 0.1490 0.0980 0.0549
v 0.046143 0.960938 0.000244 0.1333 0.0863 0.0549
v 0.047607 0.960938 0.000244 0.1176 0.0824 0.0471
v 0.027100 0.983398 0.000244 0.1059 0.0667 0.0314
v 0.016357 0.990234 0.000244 0.0902 0.0588 0.0235
v 0.020264 0.992188 0.000244 0.1490 0.0980 0.0510
v 0.021729 0.995117 0.000244 0.1412 0.1020 0.0627
v 0.002197 0.996094 0.000244 0.1333 0.0902 0.0471
v -0.108154 0.351074 0.000244 0.6432 0.3725 0.2432
v 0.105713 0.351074 0.000244 0.6315 0.3568 0.2314
v 0.104248 0.271973 0.000244 0.6785 0.4039 0.2706
v -0.099854 0.108887 0.000244 0.8470 0.7804 0.7216
v 0.097412 0.108887 0.000244 0.6785 0.6354 0.6315
v 0.088135 0.080078 0.000244 0.2314 0.1843 0.2157
v -0.090576 0.079590 0.000244 0.1725 0.1020 0.2314
v -0.079346 0.032227 0.000244 0.2157 0.1098 0.2863
v 0.076904 0.032227 0.000244 0.6079 0.4706 0.6628
v -0.080811 0.705566 0.000732 0.6510 0.3765 0.2392
v -0.283936 0.769531 0.000732 0.7333 0.4667 0.3216
v -0.209229 0.781738 0.000732 0.6628 0.4039 0.2627
v 0.096436 0.782227 0.000732 0.5019 0.2706 0.1569
v -0.407959 0.790039 0.000732 0.2196 0.0667 0.2823
v -0.454346 0.790039 0.000732 0.2314 0.0824 0.3098
v 0.377686 0.790039 0.000732 0.8431 0.7412 0.7255
v 0.119385 0.792480 0.000732 0.5608 0.3255 0.2078
v -0.223877 0.820801 0.000732 0.6432 0.3725 0.2471
v 0.209717 0.826660 0.000732 0.6550 0.3804 0.2471
v -0.143799 0.828613 0.000732 0.6941 0.4118 0.2745
v -0.150146 0.829590 0.000732 0.6236 0.3529 0.2235
v 0.064209 0.836914 0.000732 0.6432 0.3804 0.2432
v -0.066162 0.837402 0.000732 0.6315 0.3647 0.2275
v -0.016846 0.841309 0.000732 0.6393 0.3647 0.2235
v 0.014893 0.841309 0.000732 0.6589 0.3882 0.2588
v -0.021240 0.842285 0.000732 0.6667 0.4000 0.2588
v 0.018799 0.842285 0.000732 0.6432 0.3882 0.2510
v -0.094971 0.850586 0.000732 0.7098 0.4118 0.2706
v -0.040283 0.902344 0.000732 0.3294 0.2118 0.1530
v 0.037842 0.902344 0.000732 0.1804 0.0980 0.0667
v 0.038818 0.905762 0.000732 0.1059 0.0784 0.0431
v 0.051025 0.948730 0.000732 0.1569 0.0941 0.0588
v 0.048584 0.958496 0.000732 0.0902 0.0588 0.0314
v 0.043213 0.971680 0.000732 0.1490 0.0863 0.0353
v 0.024658 0.984863 0.000732 0.1373 0.0902 0.0510
v 0.025146 0.989258 0.000732 0.1216 0.0784 0.0392
v 0.024658 0.994141 0.000732 0.0980 0.0667 0.0392
v 0.003662 0.996582 0.000732 0.1686 0.1098 0.0667
v 0.022705 0.998047 0.000732 0.0941 0.0588 0.0353
v -0.088623 0.738281 0.001221 0.6236 0.3568 0.2196
v 0.086182 0.738281 0.001221 0.6824 0.3921 0.2510
v -0.088623 0.750488 0.001221 0.6550 0.3882 0.2510
v 0.086182 0.750488 0.001221 0.6706 0.3961 0.2549
v 0.255127 0.770020 0.001221 0.6550 0.3843 0.2432
v -0.227783 0.775391 0.001221 0.6236 0.3529 0.2196
v 0.218506 0.779297 0.001221 0.5921 0.3333 0.2118
v -0.097900 0.782715 0.001221 0.4980 0.2627 0.1530
v -0.417236 0.783203 0.001221 0.3372 0.1530 0.3843
v 0.328369 0.783691 0.001221 0.2549 0.1451 0.3059
v 0.166260 0.784668 0.001221 0.5647 0.3098 0.1922
v 0.154053 0.786133 0.001221 0.5294 0.2902 0.1765
v -0.362061 0.790039 0.001221 0.3019 0.1922 0.3019
v 0.237061 0.821777 0.001221 0.6706 0.3961 0.2627
v 0.217529 0.823242 0.001221 0.6550 0.3843 0.2510
v 0.137451 0.825684 0.001221 0.6745 0.3843 0.2432
v 0.135498 0.826172 0.001221 0.6785 0.3921 0.2549
v -0.159912 0.830566 0.001221 0.6667 0.3921 0.2510
v -0.172119 0.831055 0.001221 0.6550 0.3686 0.2314
v -0.186768 0.831055 0.001221 0.6941 0.4078 0.2706
v -0.297119 0.833496 0.001221 0.6039 0.3176 0.1843
v -0.025146 0.833984 0.001221 0.6197 0.3647 0.2275
v 0.022705 0.833984 0.001221 0.6589 0.3961 0.2627
v -0.127197 0.839355 0.001221 0.7529 0.4706 0.3216
v 0.117432 0.843262 0.001221 0.7451 0.4432 0.2784
v -0.033936 0.882324 0.001221 0.5961 0.3725 0.2353
v 0.031494 0.882324 0.001221 0.4980 0.3019 0.1922
v -0.019287 0.886230 0.001221 0.6000 0.2980 0.2235
v 0.016846 0.886230 0.001221 0.6000 0.2980 0.2157
v -0.039307 0.902832 0.001221 0.4000 0.2275 0.1569
v 0.037354 0.902832 0.001221 0.2432 0.1530 0.1098
v -0.041260 0.905762 0.001221 0.1333 0.0941 0.0471
v 0.039795 0.909180 0.001221 0.1530 0.1059 0.0588
v -0.044189 0.913574 0.001221 0.1412 0.1137 0.0745
v 0.041260 0.913574 0.001221 0.2039 0.1333 0.0863
v -0.050537 0.933105 0.001221 0.1255 0.0745 0.0392
v 0.050537 0.944824 0.001221 0.1490 0.1020 0.0588
v -0.051025 0.964355 0.001221 0.0863 0.0431 0.0118
v -0.021240 0.991211 0.001221 0.0863 0.0471 0.0118
v 0.002686 0.992188 0.001221 0.1451 0.0941 0.0549
v 0.001709 0.998535 0.001221 0.1608 0.1098 0.0627
v 0.115967 0.470703 0.001221 0.3098 0.1569 0.3804
v 0.026611 0.365234 0.001221 0.6118 0.3372 0.2039
v -0.143311 0.024902 0.001221 0.1098 0.0353 0.1333
v 0.140869 0.024902 0.001221 0.1059 0.0471 0.1451
v -0.120361 0.792969 0.001709 0.6589 0.4039 0.2784
v 0.236084 0.812012 0.001709 0.5764 0.3294 0.2000
v -0.199463 0.830078 0.001709 0.6902 0.4078 0.2588
v -0.238037 0.830078 0.001709 0.7176 0.3843 0.2235
v 0.326416 0.831543 0.001709 0.3137 0.1804 0.2510
v -0.317627 0.834961 0.001709 0.6432 0.3843 0.2353
v -0.364502 0.839844 0.001709 0.5216 0.4510 0.4039
v 0.105713 0.847656 0.001709 0.7176 0.4157 0.2667
v -0.013916 0.854004 0.001709 0.6236 0.3686 0.2196
v 0.011475 0.854004 0.001709 0.6000 0.3490 0.2118
v -0.039795 0.906250 0.001709 0.2510 0.1765 0.0980
v 0.042725 0.917969 0.001709 0.2078 0.1373 0.0784
v -0.052490 0.941895 0.001709 0.0863 0.0510 0.0196
v -0.056396 0.948730 0.001709 0.1608 0.1137 0.0706
v -0.054443 0.956055 0.001709 0.1020 0.0627 0.0235
v 0.049072 0.961914 0.001709 0.1451 0.0980 0.0510
v 0.044678 0.963867 0.001709 0.1176 0.0627 0.0275
v -0.051025 0.967285 0.001709 0.1294 0.0824 0.0510
v 0.044678 0.968262 0.001709 0.0588 0.0275 0.0000
v 0.002197 0.994141 0.001709 0.1412 0.0941 0.0627
v 0.023682 0.994629 0.001709 0.1059 0.0667 0.0471
v 0.001709 0.996094 0.001709 0.1530 0.1059 0.0667
v -0.118408 0.471191 0.001709 0.3216 0.1804 0.4275
v -0.028564 0.365234 0.001709 0.6079 0.3412 0.2000
v -0.081787 0.179688 0.001709 0.5882 0.3372 0.2000
v -0.114502 0.162109 0.001709 0.2902 0.1686 0.2275
v 0.112061 0.162109 0.001709 0.2745 0.1373 0.1765
v -0.090576 0.145508 0.001709 0.5647 0.3372 0.2353
v -0.101318 0.082031 0.001709 0.8823 0.8470 0.7882
v -0.076904 0.678711 0.002197 0.6863 0.4078 0.2667
v 0.074463 0.678711 0.002197 0.6589 0.3725 0.2353
v -0.245361 0.772949 0.002197 0.6432 0.3608 0.2275
v -0.427979 0.778320 0.002197 0.3529 0.1647 0.4000
v -0.215576 0.780762 0.002197 0.5647 0.3059 0.1725
v 0.177979 0.783691 0.002197 0.6315 0.3725 0.2392
v 0.127686 0.790527 0.002197 0.5569 0.3216 0.1882
v 0.382568 0.791504 0.002197 0.1294 0.0235 0.1608
v -0.137939 0.826172 0.002197 0.6510 0.3725 0.2275
v -0.135986 0.826660 0.002197 0.6628 0.3843 0.2510
v -0.210205 0.827637 0.002197 0.7020 0.4157 0.2784
v -0.034424 0.830566 0.002197 0.6315 0.3843 0.2510
v 0.032471 0.830566 0.002197 0.5804 0.3216 0.1961
v -0.327393 0.832031 0.002197 0.2078 0.0980 0.2196
v 0.059814 0.832031 0.002197 0.5843 0.3294 0.2078
v -0.320068 0.837891 0.002197 0.2314 0.1098 0.2078
v -0.008057 0.838379 0.002197 0.6471 0.3882 0.2510
v 0.005615 0.838379 0.002197 0.6118 0.3372 0.2118
v -0.117920 0.843750 0.002197 0.7412 0.4314 0.2706
v -0.106689 0.848145 0.002197 0.7294 0.4196 0.2667
v 0.413818 0.851074 0.002197 0.2392 0.1020 0.3137
v 0.032959 0.887695 0.002197 0.5843 0.3490 0.2235
v -0.034912 0.888184 0.002197 0.5921 0.3608 0.2275
v -0.016846 0.889160 0.002197 0.5921 0.2902 0.2078
v 0.014404 0.889160 0.002197 0.5921 0.2863 0.2078
v 0.037354 0.905762 0.002197 0.1804 0.0941 0.0431
v -0.041748 0.909180 0.002197 0.1922 0.0941 0.0549
v -0.045166 0.917480 0.002197 0.1294 0.0863 0.0510
v 0.044189 0.921875 0.002197 0.1373 0.0745 0.0235
v 0.051025 0.930664 0.002197 0.1294 0.0824 0.0471
v 0.051514 0.946777 0.002197 0.1216 0.0706 0.0196
v -0.057373 0.951660 0.002197 0.1373 0.1020 0.0667
v 0.048584 0.952637 0.002197 0.0902 0.0431 0.0078
v 0.046631 0.958008 0.002197 0.0902 0.0510 0.0235
v -0.035400 0.979980 0.002197 0.1569 0.1059 0.0549
v -0.007080 0.990234 0.002197 0.1176 0.0824 0.0549
v -0.012939 0.991211 0.002197 0.1686 0.1137 0.0706
v -0.017822 0.992676 0.002197 0.1569 0.1137 0.0784
v 0.004150 0.996582 0.002197 0.2000 0.1373 0.0863
v -0.064209 0.249512 0.002197 0.6667 0.4157 0.2784
v 0.061768 0.249512 0.002197 0.6197 0.3529 0.2118
v -0.071533 0.212402 0.002197 0.6706 0.4078 0.2706
v 0.069092 0.212402 0.002197 0.7059 0.4392 0.2941
v 0.079346 0.179688 0.002197 0.6079 0.3529 0.2314
v 0.088135 0.145508 0.002197 0.5764 0.3255 0.2157
v -0.099365 0.121094 0.002197 0.3176 0.2706 0.2784
v 0.099365 0.082031 0.002197 0.8509 0.7921 0.7412
v 0.235596 0.775391 0.002686 0.6118 0.3568 0.2196
v 0.332764 0.783691 0.002686 0.8039 0.7686 0.7137
v -0.166748 0.785645 0.002686 0.5764 0.3137 0.2000
v -0.154541 0.787109 0.002686 0.5608 0.3019 0.1765
v 0.139404 0.788574 0.002686 0.5569 0.3059 0.1961
v -0.462158 0.803223 0.002685 0.2627 0.1059 0.3176
v -0.463135 0.812988 0.002685 0.2118 0.0784 0.2745
v -0.229248 0.817383 0.002686 0.6745 0.4078 0.2745
v -0.001221 0.830566 0.002686 0.6550 0.3961 0.2549
v -0.006592 0.831055 0.002686 0.6393 0.3843 0.2353
v -0.456787 0.831055 0.002685 0.2823 0.1176 0.3412
v 0.004150 0.831055 0.002686 0.6393 0.3765 0.2314
v -0.318115 0.831543 0.002686 0.6471 0.3921 0.2627
v -0.046143 0.832031 0.002686 0.5882 0.3372 0.2000
v 0.044189 0.832031 0.002686 0.6393 0.3647 0.2314
v -0.061768 0.832520 0.002686 0.6628 0.4039 0.2667
v -0.010010 0.844727 0.002686 0.6471 0.3804 0.2353
v 0.007568 0.844727 0.002686 0.6393 0.3804 0.2471
v -0.024658 0.866699 0.002686 0.2588 0.1530 0.1020
v 0.022217 0.866699 0.002686 0.2823 0.1804 0.1059
v -0.009521 0.890625 0.002686 0.6079 0.2980 0.2235
v 0.007568 0.890625 0.002686 0.6157 0.2941 0.2157
v -0.001221 0.891113 0.002686 0.6079 0.2941 0.2118
v -0.036377 0.894043 0.002686 0.6157 0.3804 0.2667
v 0.034424 0.894043 0.002686 0.5686 0.3451 0.2196
v -0.040283 0.909668 0.002686 0.3059 0.2078 0.1294
v 0.045166 0.926270 0.002686 0.1294 0.0784 0.0314
v 0.049561 0.958984 0.002686 0.0706 0.0471 0.0118
v -0.029053 0.983398 0.002686 0.1373 0.1020 0.0510
v -0.022705 0.987305 0.002686 0.1412 0.0980 0.0627
v -0.000732 0.990234 0.002686 0.1137 0.0784 0.0392
v 0.022705 0.990234 0.002686 0.0863 0.0588 0.0353
v -0.022217 0.994141 0.002686 0.1608 0.1098 0.0667
v 0.002197 0.996094 0.002686 0.1686 0.1137 0.0667
v -0.080811 0.168945 0.002686 0.6667 0.4000 0.2549
v 0.078369 0.168945 0.002686 0.6550 0.3804 0.2314
v -0.106201 0.163574 0.002686 0.7216 0.4275 0.2627
v 0.103760 0.163574 0.002686 0.7216 0.4275 0.2667
v -0.079346 0.162109 0.002686 0.3961 0.1961 0.1882
v 0.076904 0.162109 0.002686 0.1843 0.0863 0.2235
v -0.084717 0.139648 0.002686 0.1882 0.0941 0.2314
v 0.096924 0.121582 0.002686 0.8666 0.8117 0.7568
v -0.114502 0.073242 0.002686 0.1294 0.0784 0.1843
v 0.112061 0.073242 0.002686 0.3882 0.3176 0.3725
v -0.295654 0.773926 0.003174 0.6432 0.3804 0.2353
v -0.128174 0.791504 0.003174 0.6510 0.4000 0.2588
v 0.106201 0.792480 0.003174 0.4980 0.2745 0.1608
v 0.113037 0.798340 0.003174 0.6197 0.3765 0.2432
v -0.218018 0.824219 0.003174 0.6589 0.3961 0.2549
v 0.138916 0.825195 0.003174 0.6354 0.3647 0.2235
v 0.316162 0.830566 0.003174 0.2000 0.0980 0.2392
v -0.010986 0.832520 0.003174 0.6315 0.3765 0.2275
v 0.008545 0.832520 0.003174 0.6980 0.4392 0.3019
v 0.280518 0.833496 0.003174 0.6432 0.3568 0.2275
v -0.014893 0.859375 0.003174 0.5216 0.2980 0.1804
v 0.012451 0.859375 0.003174 0.4314 0.2471 0.1412
v 0.037842 0.909180 0.003174 0.1804 0.1137 0.0588
v 0.039307 0.911621 0.003174 0.1216 0.0863 0.0588
v -0.045654 0.922363 0.003174 0.1725 0.1216 0.0863
v 0.052490 0.940918 0.003174 0.1373 0.0824 0.0431
v 0.050049 0.960938 0.003174 0.1294 0.0784 0.0431
v -0.040283 0.978516 0.003174 0.1530 0.1098 0.0706
v -0.022705 0.990723 0.003174 0.1490 0.0980 0.0667
v -0.020752 0.994629 0.003174 0.1608 0.1098 0.0627
v 0.006592 0.994629 0.003174 0.1490 0.0980 0.0549
v -0.110596 0.203125 0.003174 0.6510 0.3843 0.2471
v -0.098877 0.145020 0.003174 0.5686 0.3333 0.2118
v 0.082275 0.139648 0.003174 0.4432 0.3568 0.3568
v -0.076904 0.670410 0.003662 0.7216 0.4392 0.2902
v 0.074463 0.670410 0.003662 0.6589 0.3725 0.2353
v -0.218994 0.780273 0.003662 0.5843 0.3294 0.2039
v 0.189209 0.782715 0.003662 0.6079 0.3372 0.2078
v -0.139893 0.789062 0.003662 0.6157 0.3647 0.2235
v -0.114014 0.799316 0.003662 0.5216 0.2980 0.1922
v -0.237549 0.822754 0.003662 0.7059 0.4118 0.2549
v 0.249756 0.831055 0.003662 0.7255 0.4196 0.2745
v -0.265869 0.836426 0.003662 0.6589 0.3725 0.2392
v -0.001221 0.836914 0.003662 0.6079 0.3490 0.2157
v -0.323975 0.838867 0.003662 0.2432 0.1373 0.3804
v -0.372314 0.842285 0.003662 0.2627 0.1020 0.3647
v -0.078369 0.843262 0.003662 0.7137 0.4078 0.2471
v 0.076904 0.843262 0.003662 0.7255 0.4314 0.2784
v -0.014893 0.874512 0.003662 0.5961 0.3372 0.2471
v 0.012939 0.874512 0.003662 0.6079 0.3255 0.2471
v -0.001221 0.878906 0.003662 0.5530 0.3294 0.2549
v 0.008057 0.878906 0.003662 0.5647 0.3255 0.2588
v -0.010498 0.879395 0.003662 0.6432 0.3921 0.3019
v -0.005127 0.879883 0.003662 0.6354 0.4039 0.3255
v 0.002686 0.879883 0.003662 0.5843 0.3647 0.2902
v -0.014893 0.888184 0.003662 0.5921 0.2902 0.2314
v 0.012939 0.888184 0.003662 0.6039 0.2941 0.2314
v -0.009521 0.890137 0.003662 0.6000 0.2863 0.2235
v 0.007080 0.890137 0.003662 0.5961 0.3019 0.2275
v -0.037842 0.900879 0.003662 0.4510 0.2392 0.1412
v 0.035889 0.900879 0.003662 0.5412 0.3019 0.1804
v -0.042236 0.913574 0.003662 0.1059 0.0549 0.0549
v 0.048096 0.930664 0.003662 0.1333 0.0824 0.0510
v 0.047119 0.934570 0.003662 0.1882 0.1294 0.0902
v 0.047607 0.938477 0.003662 0.1176 0.0784 0.0549
v 0.047607 0.941895 0.003662 0.1490 0.0941 0.0588
v -0.052490 0.946777 0.003662 0.1059 0.0627 0.0392
v 0.048584 0.950195 0.003662 0.1373 0.0941 0.0588
v -0.042725 0.976074 0.003662 0.1176 0.0706 0.0314
v 0.037354 0.976074 0.003662 0.1412 0.1059 0.0745
v -0.044189 0.979492 0.003662 0.1216 0.0863 0.0431
v 0.010010 0.992188 0.003662 0.1137 0.0824 0.0431
v -0.023193 0.993652 0.003662 0.1647 0.1098 0.0706
v 0.003662 0.994141 0.003662 0.1686 0.1059 0.0706
v -0.070557 0.229004 0.003662 0.7059 0.4510 0.3019
v 0.108154 0.203125 0.003662 0.6393 0.3686 0.2392
v -0.080811 0.195801 0.003662 0.5961 0.3372 0.2157
v -0.115479 0.170410 0.003662 0.3608 0.2235 0.3961
v 0.113037 0.170410 0.003662 0.4000 0.2667 0.3686
v -0.084717 0.159180 0.003662 0.4275 0.2706 0.2784
v 0.096436 0.145020 0.003662 0.5451 0.3137 0.2039
v -0.112549 0.140137 0.003662 0.8627 0.8000 0.7333
v 0.110107 0.140137 0.003662 0.7216 0.6550 0.6197
v 0.082764 0.056641 0.003662 0.2000 0.1020 0.2588
v -0.085205 0.056152 0.003662 0.1922 0.0784 0.2549
v -0.083252 0.710449 0.004150 0.6863 0.4196 0.2823
v 0.080811 0.710449 0.004150 0.6236 0.3568 0.2235
v 0.268311 0.770020 0.004150 0.6393 0.3608 0.2353
v 0.092529 0.776367 0.004150 0.5294 0.2941 0.1725
v -0.178467 0.784180 0.004150 0.6118 0.3412 0.2196
v 0.338135 0.784668 0.004150 0.2314 0.1373 0.2902
v -0.327881 0.789062 0.004150 0.6000 0.3333 0.2314
v -0.107178 0.792969 0.004150 0.4941 0.2706 0.1647
v -0.366943 0.792969 0.004150 0.2588 0.1530 0.2706
v -0.460205 0.794434 0.004150 0.2627 0.1098 0.3255
v -0.236084 0.812988 0.004150 0.5961 0.3412 0.2235
v -0.139404 0.826172 0.004150 0.6628 0.3882 0.2471
v -0.013916 0.833496 0.004150 0.6550 0.4000 0.2471
v 0.011963 0.833496 0.004150 0.6589 0.3921 0.2549
v -0.381592 0.847656 0.004150 0.2706 0.1216 0.3490
v -0.009033 0.868164 0.004150 0.6550 0.3529 0.2549
v 0.006592 0.868164 0.004150 0.6628 0.3490 0.2510
v -0.011963 0.872559 0.004150 0.5961 0.3451 0.2510
v 0.009521 0.872559 0.004150 0.6157 0.3333 0.2510
v -0.001221 0.891113 0.004150 0.6039 0.2902 0.2118
v 0.037354 0.907227 0.004150 0.5255 0.2863 0.1804
v -0.039307 0.907715 0.004150 0.5569 0.3294 0.2157
v 0.037842 0.911621 0.004150 0.1686 0.0941 0.0549
v -0.040283 0.913086 0.004150 0.1686 0.1059 0.0824
v 0.039795 0.914062 0.004150 0.1922 0.1255 0.0706
v -0.046631 0.926758 0.004150 0.1216 0.0863 0.0510
v -0.052002 0.929688 0.004150 0.0784 0.0431 0.0235
v 0.048584 0.931641 0.004150 0.1451 0.0902 0.0627
v 0.048096 0.944824 0.004150 0.0784 0.0431 0.0196
v -0.051514 0.959961 0.004150 0.1686 0.1216 0.0824
v 0.043213 0.967285 0.004150 0.1216 0.0784 0.0353
v 0.040771 0.972168 0.004150 0.1255 0.0745 0.0471
v 0.047607 0.979492 0.004150 0.1176 0.0667 0.0392
v 0.027100 0.982422 0.004150 0.1569 0.1137 0.0745
v 0.021240 0.985840 0.004150 0.1098 0.0706 0.0353
v 0.015869 0.988281 0.004150 0.1647 0.1020 0.0431
v -0.010010 0.492188 0.004150 0.4628 0.2432 0.1373
v 0.007568 0.492188 0.004150 0.4550 0.2549 0.1765
v 0.068115 0.229004 0.004150 0.6510 0.3921 0.2549
v 0.078369 0.195801 0.004150 0.6000 0.3608 0.2392
v 0.082275 0.159180 0.004150 0.4902 0.2745 0.2432
v -0.255615 0.770996 0.004639 0.6706 0.3843 0.2471
v -0.439209 0.776367 0.004639 0.1922 0.0667 0.2706
v 0.449951 0.776367 0.004639 0.2157 0.0980 0.3137
v -0.093994 0.776855 0.004639 0.5294 0.2902 0.1686
v -0.306397 0.779297 0.004639 0.6667 0.3921 0.2588
v 0.200439 0.783203 0.004639 0.6118 0.3529 0.2275
v -0.318115 0.785156 0.004639 0.6393 0.3804 0.2471
v 0.219482 0.785645 0.004639 0.6197 0.3608 0.2314
v 0.393799 0.786621 0.004639 0.2078 0.0627 0.2392
v 0.466553 0.812012 0.004639 0.2471 0.1137 0.3216
v 0.294678 0.830566 0.004639 0.6432 0.3686 0.2353
v -0.308350 0.831543 0.004639 0.6393 0.3725 0.2353
v -0.018799 0.834473 0.004639 0.6941 0.4275 0.2823
v 0.016357 0.834473 0.004639 0.6315 0.3725 0.2392
v -0.329834 0.837891 0.004639 0.6393 0.6118 0.5961
v 0.428467 0.851562 0.004639 0.2706 0.1294 0.3255
v -0.010498 0.852051 0.004639 0.6118 0.3529 0.2196
v 0.008057 0.852539 0.004639 0.5882 0.3333 0.2078
v -0.001221 0.867676 0.004639 0.6197 0.3372 0.2471
v -0.027588 0.868652 0.004639 0.3412 0.2196 0.1451
v 0.025635 0.868652 0.004639 0.2980 0.1882 0.1255
v 0.038330 0.913574 0.004639 0.1608 0.0784 0.0431
v 0.048096 0.929688 0.004639 0.1333 0.0863 0.0588
v 0.046143 0.963867 0.004639 0.1686 0.1137 0.0667
v -0.049561 0.964355 0.004639 0.1843 0.1333 0.0941
v 0.043213 0.974121 0.004639 0.1020 0.0627 0.0275
v 0.045654 0.976074 0.004639 0.1020 0.0667 0.0314
v 0.040771 0.976562 0.004639 0.1137 0.0824 0.0510
v 0.044189 0.977539 0.004639 0.1020 0.0588 0.0275
v -0.045166 0.978516 0.004639 0.1137 0.0706 0.0353
v -0.047607 0.981934 0.004639 0.1098 0.0706 0.0471
v 0.004639 0.992188 0.004639 0.1451 0.0902 0.0471
v -0.021729 0.997559 0.004639 0.1882 0.1333 0.0510
v -0.027100 0.381836 0.004639 0.5804 0.3216 0.1882
v 0.024658 0.381836 0.004639 0.5804 0.3216 0.1882
v -0.078369 0.167480 0.004639 0.6863 0.4275 0.2706
v 0.075928 0.167480 0.004639 0.7059 0.4471 0.2863
v -0.089111 0.163086 0.004639 0.6745 0.3961 0.2549
v 0.086670 0.163086 0.004639 0.6745 0.3843 0.2314
v -0.116943 0.162109 0.004639 0.1804 0.0863 0.2353
v 0.141357 0.023438 0.004639 0.6863 0.5843 0.6980
v -0.143799 0.022949 0.004639 0.6706 0.5490 0.6079
v 0.075439 0.660645 0.005127 0.7137 0.4314 0.2745
v -0.077881 0.661133 0.005127 0.7216 0.4353 0.2902
v -0.086182 0.735352 0.005127 0.6039 0.3451 0.2196
v 0.083740 0.735352 0.005127 0.6276 0.3568 0.2235
v -0.236084 0.776367 0.005127 0.6432 0.3765 0.2392
v -0.325439 0.786133 0.005127 0.6471 0.3921 0.2392
v 0.242432 0.805664 0.005127 0.6197 0.3765 0.2510
v -0.001221 0.823242 0.005127 0.6589 0.4078 0.2627
v 0.128662 0.829102 0.005127 0.6941 0.4039 0.2510
v -0.001221 0.842285 0.005127 0.6315 0.3647 0.2314
v -0.015869 0.860352 0.005127 0.2823 0.1530 0.0902
v 0.013428 0.860352 0.005127 0.3255 0.1961 0.1255
v 0.037842 0.912598 0.005127 0.1922 0.1098 0.0627
v -0.039795 0.914062 0.005127 0.1882 0.0902 0.0235
v 0.037842 0.914062 0.005127 0.2039 0.0941 0.0392
v 0.041260 0.918457 0.005127 0.1725 0.1020 0.0510
v -0.047119 0.930664 0.005127 0.0980 0.0549 0.0314
v 0.045654 0.931152 0.005127 0.1608 0.1020 0.0627
v 0.049561 0.931641 0.005127 0.1412 0.0863 0.0431
v 0.050537 0.940430 0.005127 0.1373 0.0824 0.0431
v 0.050537 0.941406 0.005127 0.1451 0.0863 0.0510
v -0.052979 0.949707 0.005127 0.1216 0.0745 0.0392
v 0.046631 0.953613 0.005127 0.0627 0.0235 0.0039
v 0.045654 0.958008 0.005127 0.1451 0.0941 0.0588
v -0.022705 0.993652 0.005127 0.1843 0.1255 0.0706
v -0.020264 0.994629 0.005127 0.1569 0.0980 0.0431
v -0.100342 0.323730 0.005127 0.6628 0.4000 0.2745
v 0.097900 0.323730 0.005127 0.6510 0.3843 0.2549
v -0.100342 0.314941 0.005127 0.6745 0.4078 0.2784
v 0.097900 0.314941 0.005127 0.6745 0.4039 0.2510
v -0.105713 0.179199 0.005127 0.6941 0.4314 0.2863
v 0.115479 0.168945 0.005127 0.3647 0.2549 0.4314
v -0.117920 0.168457 0.005127 0.3255 0.2118 0.4275
v 0.114502 0.162109 0.005127 0.1843 0.0824 0.2432
v -0.078369 0.161133 0.005127 0.2510 0.1216 0.3765
v 0.075928 0.161133 0.005127 0.1882 0.1020 0.2667
v -0.093018 0.071289 0.005127 0.1451 0.0941 0.2000
v 0.090576 0.071289 0.005127 0.1725 0.1255 0.1725
v -0.079346 0.688965 0.005615 0.6824 0.4118 0.2667
v 0.076904 0.688965 0.005615 0.6628 0.3843 0.2353
v 0.226807 0.781250 0.005615 0.6315 0.3686 0.2549
v -0.189697 0.783691 0.005615 0.6510 0.3804 0.2510
v 0.210693 0.784668 0.005615 0.5725 0.3294 0.2157
v 0.461670 0.789551 0.005615 0.2157 0.0941 0.3019
v 0.466065 0.801270 0.005615 0.2235 0.0863 0.2863
v 0.229248 0.815430 0.005615 0.6315 0.3568 0.2196
v 0.131104 0.820801 0.005615 0.6706 0.3921 0.2627
v -0.005127 0.824707 0.005615 0.6471 0.3921 0.2471
v 0.003174 0.824707 0.005615 0.6197 0.3529 0.2235
v -0.025146 0.828125 0.005615 0.6236 0.3765 0.2510
v 0.022705 0.828125 0.005615 0.6000 0.3372 0.2235
v 0.306397 0.829102 0.005615 0.6902 0.3882 0.2078
v 0.047119 0.831543 0.005615 0.5647 0.3137 0.1922
v -0.049072 0.832031 0.005615 0.6118 0.3647 0.2314
v -0.007568 0.848633 0.005615 0.6393 0.3686 0.2314
v 0.005127 0.848633 0.005615 0.6157 0.3568 0.2235
v 0.049072 0.930176 0.005615 0.1412 0.0863 0.0510
v -0.049561 0.935547 0.005615 0.1020 0.0627 0.0275
v 0.047119 0.958984 0.005615 0.1020 0.0745 0.0314
v -0.046631 0.969727 0.005615 0.0745 0.0275 0.0078
v -0.022705 0.990723 0.005615 0.1608 0.1098 0.0667
v -0.017822 0.992188 0.005615 0.1333 0.0863 0.0314
v 0.003174 0.399414 0.005615 0.1569 0.0745 0.2314
v -0.045654 0.314941 0.005615 0.6354 0.3412 0.1882
v 0.043213 0.314941 0.005615 0.6354 0.3843 0.2471
v -0.109131 0.218262 0.005615 0.6589 0.3843 0.2432
v -0.078369 0.212402 0.005615 0.6000 0.3412 0.2078
v 0.075928 0.212402 0.005615 0.6276 0.3765 0.2392
v 0.103271 0.179199 0.005615 0.6550 0.3843 0.2432
v -0.111572 0.159668 0.005615 0.2549 0.1451 0.2588
v 0.109131 0.159668 0.005615 0.4314 0.2471 0.2432
v -0.130127 0.051270 0.005615 0.2196 0.1176 0.2902
v 0.088135 0.001465 0.005615 0.3294 0.3019 0.2863
v -0.090088 0.000977 0.005615 0.3686 0.3019 0.2432
v 0.100830 0.786133 0.006104 0.5176 0.2784 0.1608
v -0.374268 0.792480 0.006103 0.0353 0.0039 0.0510
v 0.238037 0.807617 0.006104 0.6550 0.3961 0.2588
v 0.223877 0.819336 0.006104 0.6628 0.3686 0.2235
v 0.128662 0.820312 0.006104 0.6393 0.3686 0.2392
v -0.463135 0.822266 0.006103 0.2235 0.0941 0.2902
v -0.129150 0.829590 0.006103 0.7412 0.4589 0.3098
v 0.324951 0.831055 0.006104 0.3333 0.2000 0.2667
v 0.356201 0.842285 0.006104 0.8666 0.8196 0.7255
v -0.004150 0.845703 0.006104 0.6980 0.4157 0.2745
v 0.001709 0.845703 0.006104 0.6510 0.3843 0.2471
v -0.395752 0.850098 0.006103 0.2941 0.1373 0.3529
v -0.030029 0.873047 0.006104 0.4314 0.2784 0.2000
v 0.027588 0.873047 0.006104 0.4157 0.2549 0.1686
v -0.042236 0.917480 0.006104 0.1530 0.1137 0.0902
v -0.040283 0.921387 0.006104 0.1451 0.0863 0.0588
v 0.038330 0.921387 0.006104 0.1059 0.0706 0.0392
v 0.042236 0.922363 0.006104 0.2157 0.1490 0.0902
v -0.049561 0.931152 0.006104 0.0980 0.0549 0.0275
v 0.046143 0.933105 0.006104 0.1412 0.0824 0.0471
v 0.051025 0.939941 0.006104 0.1451 0.0784 0.0353
v -0.051025 0.940918 0.006104 0.1216 0.0745 0.0431
v 0.051514 0.941406 0.006104 0.1647 0.1020 0.0627
v 0.049072 0.947754 0.006104 0.1882 0.1216 0.0784
v -0.043701 0.980957 0.006104 0.1804 0.1176 0.0745
v -0.021729 0.994141 0.006104 0.1843 0.1412 0.0784
v -0.010498 0.482422 0.006104 0.4667 0.2510 0.1333
v 0.008545 0.482422 0.006104 0.4706 0.2471 0.1412
v -0.004150 0.418457 0.006104 0.1333 0.0549 0.2000
v 0.002686 0.418457 0.006104 0.1333 0.0549 0.1922
v -0.005127 0.399414 0.006104 0.1647 0.0784 0.2314
v -0.025635 0.394531 0.006104 0.5451 0.2902 0.1647
v 0.023682 0.394531 0.006104 0.5451 0.2980 0.1686
v -0.040771 0.323242 0.006104 0.6118 0.3412 0.1961
v 0.038330 0.323242 0.006104 0.6157 0.3647 0.2275
v -0.052002 0.284668 0.006104 0.6315 0.3255 0.1882
v 0.049561 0.284668 0.006104 0.6157 0.3608 0.2432
v 0.106689 0.218262 0.006104 0.6628 0.3921 0.2510
v -0.097900 0.163086 0.006104 0.7176 0.4235 0.2706
v -0.104248 0.073730 0.006104 0.7764 0.7098 0.6628
v 0.101807 0.073730 0.006104 0.8823 0.8353 0.7843
v 0.127686 0.051758 0.006104 0.1922 0.0941 0.2823
v -0.200928 0.784180 0.006592 0.6236 0.3529 0.2235
v -0.328369 0.784180 0.006592 0.4823 0.2784 0.2235
v -0.102295 0.786621 0.006592 0.5098 0.2706 0.1608
v 0.325439 0.790527 0.006592 0.1922 0.0902 0.2510
v -0.377686 0.791016 0.006592 0.1216 0.0431 0.1530
v 0.121826 0.795898 0.006592 0.5530 0.3059 0.2000
v 0.117432 0.804688 0.006592 0.5686 0.3294 0.1961
v -0.131592 0.821289 0.006592 0.5490 0.2941 0.1765
v -0.008057 0.826172 0.006592 0.6863 0.4275 0.2863
v 0.005615 0.826172 0.006592 0.6550 0.4000 0.2627
v -0.250244 0.832031 0.006592 0.7255 0.3961 0.2235
v -0.326416 0.832031 0.006592 0.2196 0.1020 0.2118
v -0.280518 0.833984 0.006592 0.6354 0.3608 0.2275
v -0.001221 0.845215 0.006592 0.6510 0.3804 0.2432
v 0.440674 0.849609 0.006592 0.3098 0.1530 0.3765
v 0.029053 0.878418 0.006592 0.5019 0.3019 0.2000
v -0.031494 0.878906 0.006592 0.6000 0.3843 0.2667
v 0.037842 0.915527 0.006592 0.1686 0.1059 0.0549
v -0.040283 0.916016 0.006592 0.1255 0.0824 0.0392
v -0.050049 0.932129 0.006592 0.1137 0.0706 0.0431
v 0.051514 0.940430 0.006592 0.1412 0.0824 0.0392
v -0.052979 0.953613 0.006592 0.1686 0.1176 0.0863
v 0.047607 0.961426 0.006592 0.0784 0.0431 0.0118
v 0.045654 0.976074 0.006592 0.1098 0.0667 0.0392
v -0.045654 0.978027 0.006592 0.1176 0.0784 0.0471
v 0.044189 0.978027 0.006592 0.1020 0.0627 0.0392
v -0.021729 0.987793 0.006592 0.1490 0.0980 0.0627
v 0.118408 0.456055 0.006592 0.3529 0.2275 0.4314
v -0.003174 0.437500 0.006592 0.1176 0.0392 0.1765
v 0.001709 0.437500 0.006592 0.1294 0.0431 0.1843
v -0.017334 0.421387 0.006592 0.5059 0.2627 0.1490
v 0.014893 0.421387 0.006592 0.4745 0.2549 0.1490
v 0.097900 0.336914 0.006592 0.6079 0.3490 0.2235
v -0.036377 0.331543 0.006592 0.5882 0.3255 0.2039
v 0.034424 0.331543 0.006592 0.6000 0.3412 0.2078
v -0.047607 0.302246 0.006592 0.6510 0.3333 0.1804
v 0.045654 0.302246 0.006592 0.6471 0.3961 0.2588
v -0.061768 0.265625 0.006592 0.5725 0.3176 0.1922
v 0.059326 0.265625 0.006592 0.5725 0.3216 0.2039
v 0.095459 0.163086 0.006592 0.7059 0.4118 0.2588
v -0.082764 0.156250 0.006592 0.2863 0.2275 0.3176
v -0.142334 0.030762 0.006592 0.0863 0.0235 0.1137
v -0.086670 0.003906 0.006592 0.6902 0.5686 0.4550
v 0.084229 0.003906 0.006592 0.6000 0.4980 0.4314
v -0.078857 0.650879 0.007080 0.7255 0.4314 0.2902
v 0.076416 0.650879 0.007080 0.7059 0.4235 0.2745
v 0.281494 0.772949 0.007080 0.6745 0.3882 0.2510
v -0.219971 0.786621 0.007080 0.5725 0.3216 0.2157
v 0.315674 0.787598 0.007080 0.6980 0.3882 0.2118
v 0.226807 0.789551 0.007080 0.6550 0.3961 0.2588
v -0.122314 0.796875 0.007080 0.5725 0.3294 0.2118
v 0.242432 0.801270 0.007080 0.6902 0.4353 0.2745
v 0.233154 0.811035 0.007080 0.6354 0.3686 0.2275
v 0.132568 0.820801 0.007080 0.6667 0.3961 0.2549
v -0.129150 0.821289 0.007080 0.5961 0.3451 0.2275
v -0.010498 0.856445 0.007080 0.4667 0.2588 0.1490
v 0.008057 0.856445 0.007080 0.4353 0.2510 0.1530
v -0.001221 0.870117 0.007080 0.6354 0.3725 0.2980
v -0.016357 0.870117 0.007080 0.6039 0.3137 0.2196
v 0.014404 0.870117 0.007080 0.6471 0.3529 0.2549
v -0.044189 0.922363 0.007080 0.0980 0.0627 0.0353
v 0.043213 0.926758 0.007080 0.1412 0.0902 0.0549
v -0.048584 0.930664 0.007080 0.1098 0.0667 0.0431
v -0.039795 0.980957 0.007080 0.1333 0.0784 0.0549
v -0.012939 0.990723 0.007080 0.0745 0.0392 0.0000
v -0.020752 0.991211 0.007080 0.1843 0.1373 0.0745
v -0.002686 0.456055 0.007080 0.1333 0.0471 0.1882
v -0.121826 0.456055 0.007080 0.2941 0.1451 0.3804
v 0.000244 0.455566 0.007080 0.1216 0.0353 0.1804
v -0.100342 0.336914 0.007080 0.6118 0.3529 0.2235
v -0.088135 0.179688 0.007080 0.6550 0.3961 0.2667
v 0.085693 0.179688 0.007080 0.6197 0.3568 0.2196
v -0.084717 0.168945 0.007080 0.5882 0.3529 0.2588
v -0.080322 0.160156 0.007080 0.2392 0.1333 0.3372
v 0.077881 0.160156 0.007080 0.2235 0.1373 0.2980
v 0.080322 0.155762 0.007080 0.5059 0.4628 0.4902
v 0.139893 0.030762 0.007080 0.1176 0.0353 0.1725
v -0.080322 0.020508 0.007080 0.1765 0.0824 0.2432
v 0.078369 0.020508 0.007080 0.2510 0.1412 0.3176
v -0.083252 0.569336 0.007568 0.5451 0.3059 0.1922
v 0.080811 0.569336 0.007568 0.5373 0.3059 0.1882
v -0.084229 0.719238 0.007568 0.6393 0.3686 0.2432
v 0.082275 0.719238 0.007568 0.6393 0.3647 0.2196
v -0.268799 0.770996 0.007568 0.6276 0.3412 0.2118
v -0.227295 0.782227 0.007568 0.5961 0.3255 0.1961
v 0.403565 0.785156 0.007568 0.1647 0.0431 0.2039
v -0.211182 0.785645 0.007568 0.5530 0.3059 0.1843
v -0.382568 0.791992 0.007568 0.3137 0.1922 0.2078
v 0.238525 0.801758 0.007568 0.6628 0.4039 0.2667
v -0.118408 0.805176 0.007568 0.4941 0.2588 0.1451
v 0.142334 0.824219 0.007568 0.6902 0.3961 0.2667
v -0.037354 0.830078 0.007568 0.5961 0.3372 0.2000
v 0.034912 0.830078 0.007568 0.6667 0.4039 0.2549
v 0.315186 0.833008 0.007568 0.1725 0.0706 0.2392
v 0.085693 0.841797 0.007568 0.7568 0.4628 0.3137
v -0.006104 0.851074 0.007568 0.5961 0.3451 0.2196
v 0.003662 0.851074 0.007568 0.5804 0.3372 0.2157
v -0.032959 0.884766 0.007568 0.6236 0.3882 0.2432
v 0.030518 0.884766 0.007568 0.4980 0.2863 0.1451
v 0.044678 0.930176 0.007568 0.1686 0.1020 0.0588
v -0.047607 0.933594 0.007568 0.1608 0.1059 0.0667
v 0.048584 0.940918 0.007568 0.1333 0.0824 0.0549
v 0.049072 0.942383 0.007568 0.1608 0.1020 0.0588
v -0.050537 0.945312 0.007568 0.1333 0.0941 0.0588
v -0.055420 0.957520 0.007568 0.0902 0.0549 0.0275
v -0.058838 0.958008 0.007568 0.0902 0.0471 0.0157
v -0.051025 0.959961 0.007568 0.0863 0.0510 0.0235
v -0.043213 0.975098 0.007568 0.1098 0.0588 0.0314
v 0.045166 0.977051 0.007568 0.1137 0.0627 0.0471
v 0.040771 0.977539 0.007568 0.0941 0.0588 0.0275
v -0.034912 0.981445 0.007568 0.1530 0.1176 0.0745
v -0.000732 0.989258 0.007568 0.0902 0.0471 0.0235
v -0.007080 0.990234 0.007568 0.1608 0.1137 0.0588
v -0.002197 0.470703 0.007568 0.1176 0.0431 0.1686
v 0.000244 0.470703 0.007568 0.1176 0.0392 0.1765
v -0.033447 0.340820 0.007568 0.5921 0.3333 0.1961
v 0.031494 0.340820 0.007568 0.5921 0.3451 0.2157
v -0.100342 0.301270 0.007568 0.6354 0.3647 0.2392
v 0.098389 0.301270 0.007568 0.6667 0.3921 0.2549
v -0.107178 0.233398 0.007568 0.6667 0.3961 0.2432
v -0.075928 0.229492 0.007568 0.5725 0.3216 0.1882
v 0.073486 0.229492 0.007568 0.5764 0.3255 0.1882
v 0.082275 0.168945 0.007568 0.6000 0.3372 0.2196
v -0.115967 0.160645 0.007568 0.1490 0.0588 0.1922
v 0.113525 0.160645 0.007568 0.1608 0.0588 0.2196
v -0.113525 0.156250 0.007568 0.1765 0.1020 0.2471
v -0.098877 0.140137 0.007568 0.8784 0.8117 0.7216
v -0.117920 0.065918 0.007568 0.2157 0.1647 0.2314
v 0.115479 0.065918 0.007568 0.3804 0.2823 0.3647
v -0.082764 0.043457 0.007568 0.2118 0.0941 0.2667
v 0.080322 0.043457 0.007568 0.6393 0.5176 0.6471
v -0.082764 0.008789 0.007568 0.6785 0.5569 0.4432
v 0.080811 0.008789 0.007568 0.7098 0.5961 0.4706
v -0.079346 0.638672 0.008057 0.6471 0.5530 0.4784
v 0.076904 0.638672 0.008057 0.5490 0.2902 0.1804
v 0.083740 0.740723 0.008057 0.6276 0.3529 0.2275
v -0.085693 0.741211 0.008057 0.6118 0.3412 0.2118
v -0.086182 0.764648 0.008057 0.5216 0.2823 0.1569
v 0.084229 0.764648 0.008057 0.5294 0.2902 0.1686
v 0.256104 0.777344 0.008057 0.6785 0.4078 0.2784
v 0.244385 0.778320 0.008057 0.6393 0.3843 0.2549
v -0.333252 0.784668 0.008057 0.1098 0.0157 0.2196
v 0.235107 0.794922 0.008057 0.7059 0.4550 0.3137
v -0.242920 0.806641 0.008057 0.5843 0.3255 0.2118
v 0.123779 0.812500 0.008057 0.5490 0.3019 0.1922
v -0.229248 0.816406 0.008057 0.6863 0.4157 0.2745
v -0.133057 0.821777 0.008057 0.5882 0.3333 0.2196
v 0.249268 0.823242 0.008057 0.7333 0.4510 0.3019
v -0.010986 0.827148 0.008057 0.6157 0.3608 0.2118
v 0.009033 0.827148 0.008057 0.6628 0.4000 0.2588
v -0.016846 0.827637 0.008057 0.6510 0.3921 0.2432
v 0.014404 0.827637 0.008057 0.6236 0.3647 0.2353
v 0.314697 0.829102 0.008057 0.2353 0.1059 0.1961
v -0.316650 0.831543 0.008057 0.6510 0.3921 0.2588
v 0.263916 0.831543 0.008057 0.7176 0.4118 0.2627
v 0.071533 0.832520 0.008057 0.6510 0.3843 0.2471
v 0.119873 0.832520 0.008057 0.7216 0.4314 0.2784
v 0.361572 0.840820 0.008057 0.2235 0.1137 0.2823
v -0.086670 0.842285 0.008057 0.7686 0.4589 0.2980
v -0.413330 0.852051 0.008057 0.2471 0.1137 0.3333
v -0.001221 0.866211 0.008057 0.6589 0.3568 0.2549
v -0.008545 0.866699 0.008057 0.6510 0.3372 0.2432
v 0.006104 0.866699 0.008057 0.6706 0.3568 0.2588
v 0.012939 0.867188 0.008057 0.6471 0.3490 0.2549
v -0.015381 0.867676 0.008057 0.6276 0.3294 0.2314
v 0.016357 0.869141 0.008057 0.6197 0.3216 0.2314
v -0.018799 0.869629 0.008057 0.5412 0.2902 0.1922
v -0.010986 0.875000 0.008057 0.5490 0.3059 0.2314
v 0.008545 0.875000 0.008057 0.5373 0.3019 0.2392
v -0.045166 0.926758 0.008057 0.1176 0.0824 0.0549
v 0.046143 0.935547 0.008057 0.1686 0.1098 0.0588
v -0.051514 0.958008 0.008057 0.0980 0.0588 0.0314
v -0.052490 0.958008 0.008057 0.0902 0.0549 0.0353
v -0.055908 0.958984 0.008057 0.0824 0.0471 0.0196
v -0.052979 0.960449 0.008057 0.0824 0.0471 0.0157
v -0.050049 0.963867 0.008057 0.1686 0.1020 0.0706
v 0.043701 0.973633 0.008057 0.1804 0.1176 0.0588
v -0.044678 0.979492 0.008057 0.1020 0.0627 0.0314
v -0.029053 0.983398 0.008057 0.1569 0.1020 0.0588
v 0.004639 0.989746 0.008057 0.1882 0.1333 0.0745
v -0.001221 0.490723 0.008057 0.1216 0.0431 0.1608
v -0.000244 0.482422 0.008057 0.1176 0.0353 0.1608
v -0.002197 0.482422 0.008057 0.1137 0.0392 0.1647
v -0.013428 0.445312 0.008057 0.4823 0.2706 0.1530
v 0.010986 0.445312 0.008057 0.4706 0.2471 0.1412
v -0.100830 0.293945 0.008057 0.6197 0.3647 0.2353
v 0.098877 0.293945 0.008057 0.6079 0.3490 0.2275
v 0.104736 0.233887 0.008057 0.6393 0.3686 0.2275
v 0.111084 0.156250 0.008057 0.0941 0.0275 0.1020
v 0.096436 0.140137 0.008057 0.8823 0.8117 0.7490
v -0.075439 0.631348 0.008545 0.6589 0.5490 0.4667
v 0.072998 0.631348 0.008545 0.6745 0.5804 0.4863
v -0.083252 0.639648 0.008545 0.6550 0.5804 0.5530
v 0.080811 0.639648 0.008545 0.6863 0.6393 0.6197
v 0.411865 0.775879 0.008545 0.1765 0.0471 0.2314
v 0.292725 0.777344 0.008545 0.6628 0.3725 0.2353
v 0.303955 0.782715 0.008545 0.6550 0.3686 0.2353
v 0.358643 0.788574 0.008545 0.1647 0.0549 0.2353
v 0.129639 0.793945 0.008545 0.5294 0.2863 0.1725
v 0.109619 0.796875 0.008545 0.5294 0.2941 0.1922
v 0.250244 0.805176 0.008545 0.6236 0.3765 0.2549
v -0.238037 0.808594 0.008545 0.6236 0.3647 0.2353
v 0.249756 0.812988 0.008545 0.6354 0.3804 0.2549
v -0.224365 0.820312 0.008545 0.6941 0.4078 0.2549
v 0.149658 0.825684 0.008545 0.6902 0.4078 0.2627
v 0.051514 0.829102 0.008545 0.5804 0.3294 0.2039
v -0.053467 0.829590 0.008545 0.6157 0.3568 0.2392
v -0.294678 0.831543 0.008545 0.6941 0.4078 0.2784
v -0.072998 0.833008 0.008545 0.6980 0.4235 0.2823
v -0.120361 0.833008 0.008545 0.7608 0.4902 0.3372
v -0.001221 0.850586 0.008545 0.5882 0.3372 0.2078
v -0.020264 0.874512 0.008545 0.5098 0.2902 0.2078
v 0.017822 0.874512 0.008545 0.6118 0.3137 0.2235
v -0.016846 0.875000 0.008545 0.5373 0.2980 0.2039
v 0.014404 0.875000 0.008545 0.5608 0.3019 0.2275
v -0.034424 0.891602 0.008545 0.4667 0.2706 0.1608
v 0.032471 0.891602 0.008545 0.5882 0.3647 0.2432
v 0.037354 0.916992 0.008545 0.1294 0.0784 0.0471
v 0.039307 0.918945 0.008545 0.1490 0.1020 0.0549
v -0.049072 0.930176 0.008545 0.1255 0.0784 0.0549
v -0.046143 0.930664 0.008545 0.1176 0.0784 0.0627
v -0.050537 0.931641 0.008545 0.0941 0.0510 0.0235
v 0.048096 0.932617 0.008545 0.1255 0.0706 0.0392
v 0.046143 0.938477 0.008545 0.0863 0.0431 0.0118
v 0.046631 0.941895 0.008545 0.1176 0.0706 0.0392
v 0.050537 0.942383 0.008545 0.1843 0.1176 0.0784
v -0.055908 0.948242 0.008545 0.1608 0.1020 0.0745
v 0.046631 0.951660 0.008545 0.1176 0.0667 0.0196
v 0.045166 0.954102 0.008545 0.1530 0.1059 0.0588
v 0.044189 0.958984 0.008545 0.0824 0.0353 0.0078
v 0.036377 0.978027 0.008545 0.1843 0.1333 0.0980
v -0.023682 0.986328 0.008545 0.1294 0.0902 0.0549
v -0.018799 0.988770 0.008545 0.1569 0.1098 0.0588
v 0.010010 0.989258 0.008545 0.1608 0.1098 0.0549
v -0.011963 0.466309 0.008545 0.4706 0.2549 0.1373
v 0.009521 0.466309 0.008545 0.4706 0.2471 0.1412
v -0.104248 0.201172 0.008545 0.7804 0.5137 0.3686
v -0.081299 0.017090 0.008545 0.1530 0.0706 0.2235
v 0.079346 0.017090 0.008545 0.3686 0.2549 0.4275
v -0.086182 0.636719 0.009033 0.7686 0.7451 0.7216
v 0.083740 0.636719 0.009033 0.7608 0.7372 0.7137
v -0.079834 0.639648 0.009033 0.5686 0.4392 0.3843
v 0.077393 0.639648 0.009033 0.5255 0.2941 0.2078
v 0.235107 0.784180 0.009033 0.6902 0.4235 0.2863
v -0.338135 0.785645 0.009033 0.5098 0.5059 0.4980
v -0.227295 0.790527 0.009033 0.6000 0.3451 0.2118
v 0.231689 0.795898 0.009033 0.6706 0.4157 0.2784
v -0.110596 0.797363 0.009033 0.4784 0.2588 0.1530
v 0.118896 0.811035 0.009033 0.5412 0.3137 0.2000
v -0.124268 0.813477 0.009033 0.5019 0.2706 0.1725
v 0.217529 0.822266 0.009033 0.7176 0.4157 0.2627
v -0.142822 0.825195 0.009033 0.6510 0.3686 0.2275
v 0.209717 0.825195 0.009033 0.7333 0.4392 0.2823
v 0.065186 0.828125 0.009033 0.6157 0.3608 0.2353
v 0.317627 0.835449 0.009033 0.2549 0.1059 0.3019
v 0.450928 0.843750 0.009033 0.2784 0.1373 0.3608
v -0.006104 0.854492 0.009033 0.5019 0.2823 0.1843
v 0.003662 0.854492 0.009033 0.5137 0.2941 0.1882
v -0.019775 0.861328 0.009033 0.1804 0.1137 0.0706
v 0.017334 0.861328 0.009033 0.2196 0.1412 0.0980
v -0.012939 0.880371 0.009033 0.6432 0.4157 0.3333
v -0.014893 0.880371 0.009033 0.6550 0.4078 0.3372
v 0.010498 0.880371 0.009033 0.6236 0.3843 0.3176
v 0.012939 0.880371 0.009033 0.6393 0.4078 0.3333
v 0.018799 0.880371 0.009033 0.6157 0.3098 0.2235
v -0.015381 0.880859 0.009033 0.6510 0.4039 0.3294
v -0.021240 0.880859 0.009033 0.5804 0.3059 0.2078
v 0.013428 0.880859 0.009033 0.6315 0.4039 0.3294
v -0.011963 0.881348 0.009033 0.6354 0.4000 0.3216
v 0.010010 0.881348 0.009033 0.5921 0.3490 0.2823
v -0.039795 0.917480 0.009033 0.1373 0.0824 0.0392
v -0.041260 0.919434 0.009033 0.1020 0.0706 0.0392
v 0.047119 0.930176 0.009033 0.1804 0.1059 0.0706
v -0.046631 0.931641 0.009033 0.1373 0.0863 0.0588
v -0.048096 0.936035 0.009033 0.1686 0.1176 0.0667
v 0.049072 0.939941 0.009033 0.0980 0.0549 0.0196
v 0.047119 0.944824 0.009033 0.1176 0.0745 0.0431
v -0.051025 0.948730 0.009033 0.1216 0.0745 0.0471
v -0.055420 0.957031 0.009033 0.1137 0.0627 0.0275
v 0.042236 0.966797 0.009033 0.1098 0.0471 0.0157
v 0.031982 0.979004 0.009033 0.1137 0.0745 0.0392
v 0.026611 0.981934 0.009033 0.1569 0.1059 0.0706
v 0.021240 0.983887 0.009033 0.1608 0.1137 0.0588
v 0.015869 0.986816 0.009033 0.1608 0.1020 0.0627
v -0.031006 0.351562 0.009033 0.6000 0.3333 0.1961
v 0.029053 0.351562 0.009033 0.5961 0.3372 0.2039
v -0.100830 0.286621 0.009033 0.6039 0.3451 0.2118
v 0.098389 0.286621 0.009033 0.6079 0.3490 0.2235
v 0.102295 0.201172 0.009033 0.6863 0.4196 0.2823
v -0.096924 0.179199 0.009033 0.6980 0.4275 0.2863
v 0.094482 0.179199 0.009033 0.6863 0.4118 0.2667
v -0.077881 0.700684 0.009521 0.6432 0.3765 0.2392
v 0.075439 0.701172 0.009521 0.6902 0.4039 0.2667
v -0.082764 0.725098 0.009521 0.6667 0.3921 0.2510
v 0.080322 0.725098 0.009521 0.6941 0.4196 0.2784
v 0.095947 0.779785 0.009521 0.5608 0.3137 0.1843
v 0.364014 0.791016 0.009522 0.8666 0.8157 0.7216
v 0.226807 0.792969 0.009522 0.6197 0.3568 0.2314
v -0.130615 0.794922 0.009521 0.5843 0.3333 0.2118
v -0.242432 0.802246 0.009521 0.6236 0.3608 0.2235
v 0.123291 0.802734 0.009522 0.6863 0.4000 0.2745
v -0.233154 0.812012 0.009521 0.6393 0.3725 0.2353
v 0.158936 0.826660 0.009522 0.6824 0.3882 0.2471
v 0.198975 0.827148 0.009522 0.6980 0.4039 0.2549
v -0.067139 0.828613 0.009521 0.5764 0.3176 0.1882
v 0.109619 0.836426 0.009522 0.7686 0.4784 0.3255
v 0.096924 0.839844 0.009521 0.7372 0.4432 0.2902
v -0.001221 0.853516 0.009521 0.5333 0.3059 0.1922
v -0.009521 0.855957 0.009521 0.4039 0.2196 0.1294
v 0.007080 0.855957 0.009521 0.4196 0.2353 0.1530
v -0.012939 0.879883 0.009521 0.6471 0.4196 0.3255
v -0.016357 0.879883 0.009521 0.6236 0.3686 0.2863
v 0.010498 0.879883 0.009521 0.5686 0.3372 0.2706
v 0.013916 0.879883 0.009521 0.6354 0.4039 0.3255
v -0.011475 0.886230 0.009521 0.5843 0.2941 0.2196
v -0.016846 0.886230 0.009521 0.6039 0.3137 0.2314
v 0.009033 0.886230 0.009521 0.5725 0.2863 0.2353
v 0.014404 0.886230 0.009521 0.5921 0.3059 0.2432
v -0.001221 0.888672 0.009521 0.5921 0.3019 0.2392
v 0.040283 0.922852 0.009521 0.1216 0.0824 0.0471
v 0.050537 0.940918 0.009521 0.1098 0.0627 0.0196
v -0.055908 0.958984 0.009521 0.1059 0.0706 0.0392
v 0.040771 0.971191 0.009521 0.1333 0.0824 0.0314
v -0.104248 0.249023 0.009521 0.6785 0.4078 0.2549
v 0.101807 0.249023 0.009521 0.7137 0.4392 0.2980
v -0.086182 0.198730 0.009521 0.6706 0.4118 0.2784
v -0.083252 0.167480 0.009521 0.6315 0.3804 0.2627
v 0.080811 0.167480 0.009521 0.6197 0.3608 0.2549
v -0.143311 0.028809 0.009521 0.7020 0.6039 0.6393
v -0.087158 0.622559 0.010010 0.5764 0.5255 0.4902
v 0.087158 0.768066 0.010010 0.5451 0.3059 0.1765
v 0.421631 0.769531 0.010010 0.2235 0.0667 0.2863
v -0.450440 0.777832 0.010010 0.2000 0.0902 0.3019
v -0.097412 0.780273 0.010010 0.5530 0.3059 0.1843
v 0.154053 0.789551 0.010010 0.5490 0.3098 0.1961
v 0.219971 0.790039 0.010010 0.5764 0.3216 0.2039
v 0.139893 0.792480 0.010010 0.5608 0.3137 0.1961
v 0.250244 0.801270 0.010010 0.6824 0.4157 0.2745
v -0.238525 0.802734 0.010010 0.6118 0.3490 0.2196
v 0.233643 0.803223 0.010010 0.6863 0.4157 0.2784
v -0.119873 0.811523 0.010010 0.5569 0.3098 0.2039
v 0.126709 0.812500 0.010010 0.6980 0.4353 0.2980
v -0.466553 0.813477 0.010010 0.3098 0.1412 0.3568
v 0.122314 0.823242 0.010010 0.6628 0.3765 0.2392
v -0.149658 0.826660 0.010010 0.7176 0.4275 0.2823
v 0.171631 0.827148 0.010010 0.7176 0.4275 0.2823
v 0.186279 0.827637 0.010010 0.6628 0.3686 0.2275
v -0.306397 0.830078 0.010010 0.6197 0.3412 0.2235
v 0.278564 0.830078 0.010010 0.6745 0.3725 0.2314
v 0.322022 0.836426 0.010010 0.0588 0.0118 0.0588
v -0.110107 0.836914 0.010010 0.7647 0.4745 0.3294
v -0.097900 0.840332 0.010010 0.7647 0.4510 0.2980
v 0.369873 0.842773 0.010010 0.2353 0.1137 0.2980
v -0.427979 0.852539 0.010010 0.2863 0.1176 0.3372
v 0.022217 0.864258 0.010010 0.2432 0.1412 0.0902
v -0.024170 0.864746 0.010010 0.2432 0.1412 0.1098
v -0.013428 0.880371 0.010010 0.6471 0.4196 0.3372
v -0.015381 0.880371 0.010010 0.6432 0.4039 0.3216
v 0.010986 0.880371 0.010010 0.6197 0.3921 0.3294
v 0.013428 0.880371 0.010010 0.6354 0.4078 0.3333
v -0.015869 0.891602 0.010010 0.6118 0.2941 0.2196
v 0.013916 0.891602 0.010010 0.6118 0.2980 0.2196
v -0.036377 0.898926 0.010010 0.4902 0.2823 0.1725
v 0.034424 0.898926 0.010010 0.5569 0.3372 0.2118
v -0.042236 0.922363 0.010010 0.0784 0.0627 0.0471
v -0.052979 0.947754 0.010010 0.1216 0.0784 0.0549
v -0.053467 0.948730 0.010010 0.1412 0.0902 0.0627
v -0.050537 0.952637 0.010010 0.0745 0.0510 0.0196
v 0.051514 0.954590 0.010010 0.1020 0.0588 0.0353
v -0.052490 0.957031 0.010010 0.1294 0.0745 0.0431
v -0.055420 0.957520 0.010010 0.1137 0.0549 0.0196
v 0.044189 0.962402 0.010010 0.0549 0.0235 0.0000
v -0.042236 0.975586 0.010010 0.0863 0.0471 0.0196
v -0.072998 0.246582 0.010010 0.6039 0.3568 0.2353
v 0.070557 0.246582 0.010010 0.6197 0.3608 0.2275
v 0.083740 0.199219 0.010010 0.6276 0.3686 0.2432
v -0.098389 0.156738 0.010010 0.1569 0.0902 0.2471
v 0.140869 0.028809 0.010010 0.7529 0.6510 0.7255
v -0.150146 0.007812 0.010010 0.7412 0.6197 0.5333
v 0.148193 0.007812 0.010010 0.7490 0.6432 0.5490
v -0.148682 0.003418 0.010010 0.7176 0.5843 0.4823
v 0.146240 0.003418 0.010010 0.7216 0.5961 0.5019
v 0.084717 0.622559 0.010498 0.6393 0.5843 0.5490
v -0.077393 0.703613 0.010498 0.6863 0.4157 0.2745
v 0.074951 0.703613 0.010498 0.6628 0.3882 0.2392
v -0.084717 0.746582 0.010498 0.6550 0.3882 0.2471
v 0.082275 0.746582 0.010498 0.6785 0.4039 0.2706
v -0.089111 0.768555 0.010498 0.5490 0.3019 0.1725
v -0.281982 0.773926 0.010498 0.6315 0.3529 0.2275
v -0.393799 0.787109 0.010498 0.1961 0.0588 0.2627
v 0.166260 0.787598 0.010498 0.5530 0.3137 0.2000
v 0.242920 0.794922 0.010498 0.6785 0.4118 0.2745
v -0.235596 0.795898 0.010498 0.6354 0.3765 0.2432
v -0.123779 0.803223 0.010498 0.6863 0.4196 0.2745
v 0.228760 0.811523 0.010498 0.7059 0.4235 0.2745
v -0.001221 0.818359 0.010498 0.6354 0.3647 0.2392
v 0.137939 0.820801 0.010498 0.7176 0.4432 0.2863
v -0.249268 0.824219 0.010498 0.6980 0.3921 0.2392
v 0.304443 0.827148 0.010498 0.6902 0.3843 0.2275
v 0.292725 0.828613 0.010498 0.6824 0.3843 0.2353
v 0.323975 0.829590 0.010498 0.3216 0.1922 0.2275
v 0.010498 0.877441 0.010498 0.5412 0.2980 0.2275
v -0.012451 0.877930 0.010498 0.5686 0.3137 0.2432
v -0.001221 0.880859 0.010498 0.6510 0.4039 0.3333
v -0.010010 0.880859 0.010498 0.6315 0.3882 0.3098
v 0.007568 0.880859 0.010498 0.6471 0.3961 0.3255
v -0.005127 0.881836 0.010498 0.6432 0.3961 0.3255
v 0.002686 0.881836 0.010498 0.6510 0.4078 0.3372
v -0.021729 0.887207 0.010498 0.5843 0.2941 0.2078
v 0.019287 0.887207 0.010498 0.6118 0.2941 0.2118
v -0.039795 0.929688 0.010498 0.1098 0.0667 0.0431
v 0.037842 0.929688 0.010498 0.1059 0.0627 0.0392
v 0.043213 0.930664 0.010498 0.1530 0.1020 0.0588
v -0.048584 0.939941 0.010498 0.0902 0.0510 0.0078
v 0.046143 0.948242 0.010498 0.0745 0.0353 0.0000
v -0.050537 0.948730 0.010498 0.1098 0.0667 0.0392
v 0.041748 0.975586 0.010498 0.1294 0.0824 0.0510
v -0.024658 0.986328 0.010498 0.1294 0.0863 0.0549
v 0.015869 0.986816 0.010498 0.1765 0.1137 0.0706
v -0.007568 0.990234 0.010498 0.1530 0.1020 0.0510
v 0.095947 0.157227 0.010498 0.1647 0.0863 0.2588
v -0.144775 0.000488 0.010498 0.2196 0.1882 0.1804
v 0.142334 0.000488 0.010498 0.0784 0.0902 0.1176
v -0.080322 0.628906 0.010986 0.6471 0.5569 0.5019
v 0.077881 0.628906 0.010986 0.6550 0.5530 0.4628
v 0.267822 0.776855 0.010986 0.6628 0.3961 0.2627
v -0.256592 0.778320 0.010986 0.6393 0.3608 0.2471
v -0.244873 0.779297 0.010986 0.7098 0.4510 0.3098
v 0.321045 0.788086 0.010986 0.1961 0.0784 0.2667
v -0.462158 0.791016 0.010986 0.2432 0.0980 0.3019
v -0.140381 0.792969 0.010986 0.5530 0.2980 0.1882
v -0.127197 0.812988 0.010986 0.5294 0.2863 0.1725
v -0.249756 0.813965 0.010986 0.6079 0.3529 0.2196
v 0.120361 0.816406 0.010986 0.6315 0.3686 0.2353
v -0.217529 0.823242 0.010986 0.6941 0.4039 0.2627
v -0.122803 0.823730 0.010986 0.6667 0.3921 0.2588
v -0.210205 0.826172 0.010986 0.7294 0.4392 0.2941
v -0.159424 0.827637 0.010986 0.7059 0.4157 0.2627
v -0.324951 0.831543 0.010986 0.2235 0.1137 0.2118
v 0.327393 0.835938 0.010986 0.8117 0.7412 0.6863
v 0.459717 0.835938 0.010986 0.3019 0.1373 0.3608
v -0.001221 0.854492 0.010986 0.4863 0.2667 0.1725
v -0.005127 0.854980 0.010986 0.4314 0.2392 0.1530
v 0.003174 0.854980 0.010986 0.4628 0.2667 0.1686
v -0.027100 0.869141 0.010986 0.2745 0.1569 0.1059
v 0.024658 0.869141 0.010986 0.3961 0.2549 0.1922
v -0.018799 0.891113 0.010986 0.6079 0.2941 0.2157
v 0.016846 0.891113 0.010986 0.6157 0.3019 0.2157
v -0.039307 0.918457 0.010986 0.4980 0.2863 0.1843
v 0.036865 0.918457 0.010986 0.3137 0.1961 0.1490
v -0.040283 0.919922 0.010986 0.2314 0.1216 0.0510
v 0.037842 0.920410 0.010986 0.1922 0.1059 0.0588
v 0.041260 0.927734 0.010986 0.1137 0.0745 0.0392
v 0.046143 0.940918 0.010986 0.0824 0.0549 0.0196
v -0.053467 0.946777 0.010986 0.1294 0.0784 0.0431
v -0.054443 0.948730 0.010986 0.1569 0.1059 0.0667
v 0.048584 0.954102 0.010986 0.1020 0.0627 0.0275
v -0.046631 0.969238 0.010986 0.1137 0.0627 0.0314
v -0.040771 0.978027 0.010986 0.1255 0.0824 0.0510
v 0.027100 0.981934 0.010986 0.1294 0.0706 0.0196
v -0.001221 0.988281 0.010986 0.2000 0.1490 0.0863
v -0.102783 0.216797 0.010986 0.6745 0.4039 0.2510
v 0.100830 0.216797 0.010986 0.6785 0.4039 0.2627
v -0.110107 0.169434 0.010986 0.2941 0.1961 0.4471
v 0.107666 0.169434 0.010986 0.3176 0.2157 0.4471
v -0.090576 0.608887 0.011475 0.6745 0.6276 0.5647
v 0.088135 0.608887 0.011475 0.5843 0.5333 0.4550
v -0.235596 0.785156 0.011475 0.6706 0.4000 0.2588
v -0.154541 0.790527 0.011475 0.5530 0.3098 0.2039
v -0.325928 0.791016 0.011475 0.5373 0.2863 0.1922
v 0.370850 0.791016 0.011475 0.0078 0.0000 0.0314
v -0.226807 0.793945 0.011475 0.5569 0.3019 0.1843
v -0.231689 0.797363 0.011475 0.5725 0.3137 0.1882
v 0.129150 0.800781 0.011475 0.6706 0.3921 0.2667
v -0.466065 0.802734 0.011475 0.2275 0.0902 0.2863
v -0.250244 0.806152 0.011475 0.6354 0.3765 0.2432
v -0.004639 0.820801 0.011475 0.6785 0.4235 0.2745
v 0.002686 0.820801 0.011475 0.6236 0.3647 0.2353
v -0.138428 0.821289 0.011475 0.6550 0.3882 0.2510
v -0.171631 0.828125 0.011475 0.7294 0.4353 0.2863
v -0.198975 0.828125 0.011475 0.7216 0.4314 0.2823
v -0.186768 0.828613 0.011475 0.7176 0.4275 0.2823
v 0.037354 0.829102 0.011475 0.6980 0.4196 0.2823
v -0.039795 0.829590 0.011475 0.6354 0.3686 0.2353
v -0.263916 0.832520 0.011475 0.7255 0.4118 0.2471
v -0.355713 0.842773 0.011475 0.7137 0.6589 0.6157
v 0.035889 0.905762 0.011475 0.5608 0.3216 0.2000
v -0.037842 0.906250 0.011475 0.5216 0.2980 0.1882
v -0.038330 0.912598 0.011475 0.6432 0.3765 0.2432
v 0.036377 0.912598 0.011475 0.6354 0.3725 0.2392
v -0.046143 0.923828 0.011475 0.1098 0.0706 0.0353
v -0.043701 0.926758 0.011475 0.0941 0.0667 0.0431
v 0.049072 0.944336 0.011475 0.1647 0.1059 0.0549
v -0.054443 0.947754 0.011475 0.1608 0.1098 0.0667
v -0.051025 0.950195 0.011475 0.0784 0.0510 0.0235
v 0.048584 0.952637 0.011475 0.1255 0.0745 0.0431
v -0.050049 0.957520 0.011475 0.1333 0.0902 0.0588
v -0.053467 0.960938 0.011475 0.1333 0.0902 0.0588
v -0.018799 0.987793 0.011475 0.0941 0.0588 0.0235
v 0.004639 0.988281 0.011475 0.1098 0.0667 0.0392
v -0.012451 0.989746 0.011475 0.1294 0.0902 0.0471
v -0.115967 0.403809 0.011475 0.5373 0.3019 0.1882
v 0.113525 0.403809 0.011475 0.5686 0.3372 0.2118
v 0.112549 0.396973 0.011475 0.5843 0.3372 0.2078
v -0.114990 0.396484 0.011475 0.6039 0.3529 0.2275
v -0.113037 0.378418 0.011475 0.6589 0.4000 0.2627
v 0.110596 0.378418 0.011475 0.6315 0.3725 0.2314
v -0.110107 0.363281 0.011475 0.6510 0.3921 0.2588
v 0.107666 0.363281 0.011475 0.6000 0.3412 0.2078
v -0.098389 0.344238 0.011475 0.5921 0.3372 0.2157
v 0.095947 0.344238 0.011475 0.6236 0.3529 0.2314
v -0.099854 0.267578 0.011475 0.5882 0.3333 0.2078
v 0.097412 0.267578 0.011475 0.6197 0.3608 0.2353
v -0.107178 0.066406 0.011475 0.4118 0.3451 0.3843
v 0.104736 0.066406 0.011475 0.4902 0.4314 0.4432
v -0.138916 0.038574 0.011475 0.1843 0.0941 0.2314
v 0.136475 0.038574 0.011475 0.1451 0.0824 0.2157
v -0.149658 0.015137 0.011475 0.2157 0.1333 0.2667
v 0.147217 0.015137 0.011475 0.2235 0.1176 0.2863
v -0.090576 0.547852 0.011963 0.5451 0.3059 0.1843
v 0.088135 0.547852 0.011963 0.5412 0.3019 0.1804
v 0.087158 0.605469 0.011963 0.6079 0.5412 0.5059
v -0.089600 0.605957 0.011963 0.8196 0.7608 0.6941
v -0.074951 0.678223 0.011963 0.6902 0.4157 0.2667
v 0.072510 0.678223 0.011963 0.6941 0.4078 0.2667
v -0.080811 0.730469 0.011963 0.6000 0.3451 0.2078
v 0.078369 0.730469 0.011963 0.5961 0.3412 0.2235
v 0.178955 0.786133 0.011963 0.5647 0.3098 0.1922
v -0.316162 0.788086 0.011963 0.6000 0.3294 0.2000
v -0.166748 0.788574 0.011963 0.5490 0.3059 0.1804
v -0.220459 0.791016 0.011963 0.5843 0.3333 0.2157
v 0.104248 0.791016 0.011963 0.4941 0.2588 0.1490
v 0.226807 0.796875 0.011963 0.5921 0.3333 0.2078
v 0.111572 0.801758 0.011963 0.4980 0.2784 0.1804
v 0.224365 0.813965 0.011963 0.7412 0.4589 0.3019
v -0.120850 0.816895 0.011963 0.6471 0.3765 0.2392
v 0.023682 0.826660 0.011963 0.6589 0.4000 0.2667
v -0.026123 0.827148 0.011963 0.6039 0.3568 0.2275
v 0.313721 0.827148 0.011963 0.2353 0.0824 0.1843
v 0.026611 0.875000 0.011963 0.5647 0.3725 0.2510
v -0.028564 0.875488 0.011963 0.5019 0.3098 0.2118
v 0.008057 0.892578 0.011963 0.6118 0.2941 0.2118
v -0.010498 0.893066 0.011963 0.6118 0.2941 0.2118
v -0.001221 0.893555 0.011963 0.6079 0.2902 0.2157
v 0.036865 0.918945 0.011963 0.4235 0.2745 0.2157
v -0.039307 0.919434 0.011963 0.4392 0.2627 0.1608
v -0.039307 0.920410 0.011963 0.1922 0.0863 0.0196
v -0.040771 0.922852 0.011963 0.0941 0.0706 0.0588
v 0.039307 0.924316 0.011963 0.1412 0.0941 0.0314
v -0.045166 0.928223 0.011963 0.1098 0.0745 0.0431
v 0.045166 0.931641 0.011963 0.1765 0.1137 0.0667
v 0.046631 0.935059 0.011963 0.0667 0.0353 0.0078
v 0.047119 0.940918 0.011963 0.0706 0.0392 0.0157
v -0.049561 0.944336 0.011963 0.0824 0.0471 0.0157
v 0.046631 0.954102 0.011963 0.0902 0.0549 0.0235
v -0.052490 0.958008 0.011963 0.1294 0.0784 0.0392
v -0.042236 0.974121 0.011963 0.1490 0.1020 0.0588
v 0.021240 0.983398 0.011963 0.1137 0.0745 0.0392
v -0.084717 0.214355 0.011963 0.6393 0.3686 0.2314
v 0.082275 0.214355 0.011963 0.6432 0.3765 0.2392
v -0.095459 0.199707 0.011963 0.7372 0.4628 0.3255
v -0.095947 0.064453 0.011963 0.4628 0.4157 0.4118
v 0.093994 0.064453 0.011963 0.3019 0.2275 0.2902
v -0.082275 0.752441 0.012451 0.6276 0.3686 0.2314
v 0.080322 0.752441 0.012451 0.6628 0.4118 0.2549
v -0.293213 0.778320 0.012451 0.6039 0.3372 0.2000
v 0.190674 0.785645 0.012451 0.5764 0.3255 0.2039
v 0.201904 0.786133 0.012451 0.5686 0.3137 0.2078
v 0.243408 0.787109 0.012451 0.6706 0.4039 0.2667
v 0.211670 0.788086 0.012451 0.5569 0.3098 0.1922
v -0.105225 0.791504 0.012451 0.5098 0.2706 0.1569
v 0.323975 0.793945 0.012451 0.1843 0.0784 0.2392
v -0.129639 0.801270 0.012451 0.6550 0.3882 0.2353
v -0.233643 0.804199 0.012451 0.7098 0.4550 0.3059
v -0.315186 0.830078 0.012451 0.6197 0.3608 0.2275
v 0.080811 0.830078 0.012451 0.6902 0.4196 0.2784
v -0.315186 0.833496 0.012451 0.6510 0.3843 0.2510
v -0.440186 0.850586 0.012451 0.3372 0.1804 0.3961
v 0.036377 0.918457 0.012451 0.5804 0.3255 0.2118
v -0.038330 0.918945 0.012451 0.6157 0.3725 0.2627
v 0.036865 0.920410 0.012451 0.1804 0.0941 0.0431
v 0.038330 0.922852 0.012451 0.1098 0.0863 0.0275
v -0.045654 0.932129 0.012451 0.1647 0.1059 0.0784
v -0.049072 0.934082 0.012451 0.0941 0.0549 0.0235
v -0.050049 0.947266 0.012451 0.1098 0.0745 0.0510
v 0.045654 0.951660 0.012451 0.1294 0.0784 0.0431
v 0.049072 0.952148 0.012451 0.1255 0.0706 0.0392
v 0.049072 0.954590 0.012451 0.0980 0.0588 0.0353
v 0.044678 0.955078 0.012451 0.0667 0.0431 0.0118
v 0.042725 0.958984 0.012451 0.1765 0.1059 0.0588
v 0.041748 0.963379 0.012451 0.0824 0.0431 0.0196
v 0.040283 0.966797 0.012451 0.1373 0.0980 0.0431
v 0.038818 0.970703 0.012451 0.1765 0.1176 0.0706
v 0.037354 0.975586 0.012451 0.1059 0.0549 0.0275
v 0.018311 0.984863 0.012451 0.1333 0.0824 0.0471
v 0.010010 0.988281 0.012451 0.0863 0.0510 0.0314
v -0.026123 0.988770 0.012451 0.1333 0.0980 0.0627
v 0.017334 0.988770 0.012451 0.1686 0.1098 0.0784
v 0.121826 0.438965 0.012451 0.4118 0.2588 0.3804
v -0.029053 0.365234 0.012451 0.5882 0.3216 0.1765
v 0.026611 0.365234 0.012451 0.6000 0.3412 0.2078
v -0.104248 0.352051 0.012451 0.6276 0.3686 0.2471
v 0.101807 0.352051 0.012451 0.6510 0.3921 0.2549
v 0.093018 0.199707 0.012451 0.7059 0.4353 0.2941
v 0.433350 0.767578 0.012940 0.3725 0.1725 0.4353
v -0.303955 0.783691 0.012939 0.6667 0.4000 0.2627
v 0.323975 0.786621 0.012939 0.2471 0.1412 0.3137
v 0.374268 0.789062 0.012940 0.9294 0.8941 0.8039
v 0.314209 0.791504 0.012939 0.7372 0.4196 0.2432
v -0.112549 0.802246 0.012939 0.5490 0.2980 0.1765
v -0.250244 0.802246 0.012939 0.6941 0.4118 0.2627
v 0.132568 0.812012 0.012939 0.7020 0.4275 0.2863
v -0.228760 0.812500 0.012939 0.7020 0.4471 0.2980
v 0.113037 0.825684 0.012939 0.7020 0.4118 0.2706
v -0.082275 0.830566 0.012939 0.7333 0.4510 0.3019
v 0.378662 0.848145 0.012940 0.2510 0.1059 0.3098
v -0.015381 0.857910 0.012939 0.2314 0.1333 0.0745
v 0.013428 0.857910 0.012939 0.2941 0.1804 0.1098
v -0.030518 0.881836 0.012939 0.6000 0.3765 0.2667
v 0.028076 0.881836 0.012939 0.6118 0.3843 0.2510
v -0.039307 0.922363 0.012939 0.1098 0.0706 0.0471
v 0.048584 0.941895 0.012939 0.0706 0.0392 0.0078
v -0.050537 0.963867 0.012939 0.0863 0.0431 0.0157
v 0.031494 0.979004 0.012939 0.0863 0.0588 0.0275
v 0.030518 0.984375 0.012939 0.1098 0.0863 0.0510
v -0.023193 0.989258 0.012939 0.1333 0.0980 0.0588
v -0.010498 0.992188 0.012939 0.0863 0.0510 0.0118
v -0.125244 0.438965 0.012939 0.3372 0.1961 0.4235
v -0.101318 0.231934 0.012939 0.6941 0.4118 0.2627
v 0.098877 0.231934 0.012939 0.7020 0.4353 0.2823
v -0.112061 0.167969 0.012939 0.2745 0.1765 0.4157
v 0.109619 0.167969 0.012939 0.2667 0.1647 0.3647
v -0.075439 0.670410 0.013428 0.6863 0.3961 0.2627
v 0.072998 0.670410 0.013428 0.6510 0.3686 0.2196
v 0.280029 0.779297 0.013428 0.6354 0.3725 0.2392
v -0.404053 0.786133 0.013428 0.1765 0.0471 0.2275
v -0.179443 0.787109 0.013428 0.5647 0.3059 0.1804
v -0.243408 0.795898 0.013428 0.7372 0.4784 0.3294
v 0.227783 0.803711 0.013428 0.7568 0.4902 0.3333
v 0.219971 0.815918 0.013428 0.7020 0.4157 0.2627
v 0.114990 0.818359 0.013428 0.7255 0.4550 0.3019
v -0.008545 0.822266 0.013428 0.5843 0.3216 0.1843
v 0.006592 0.822266 0.013428 0.6667 0.4039 0.2706
v -0.015869 0.823730 0.013428 0.6667 0.4118 0.2588
v 0.013916 0.823730 0.013428 0.6236 0.3647 0.2314
v 0.263428 0.824219 0.013428 0.7451 0.4628 0.3137
v 0.466065 0.825684 0.013428 0.2745 0.1216 0.3372
v -0.361572 0.841309 0.013428 0.4863 0.4157 0.3843
v 0.036865 0.922363 0.013428 0.1294 0.1020 0.0706
v -0.041260 0.925293 0.013428 0.0902 0.0549 0.0392
v 0.042725 0.925293 0.013428 0.1294 0.0902 0.0549
v -0.044189 0.926270 0.013428 0.0941 0.0667 0.0431
v -0.045166 0.927246 0.013428 0.0941 0.0706 0.0392
v 0.042236 0.931641 0.013428 0.1020 0.0627 0.0275
v 0.045654 0.938477 0.013428 0.1804 0.1255 0.0824
v -0.049561 0.953125 0.013428 0.1255 0.0667 0.0275
v 0.049561 0.953125 0.013428 0.1020 0.0667 0.0431
v -0.035889 0.979980 0.013428 0.1333 0.0863 0.0471
v -0.029541 0.983398 0.013428 0.1059 0.0627 0.0235
v -0.027588 0.985352 0.013428 0.1530 0.1059 0.0706
v -0.012939 0.991699 0.013428 0.1373 0.0941 0.0471
v -0.117432 0.410645 0.013428 0.5490 0.3176 0.1922
v 0.114990 0.410645 0.013428 0.5176 0.2941 0.1804
v -0.097900 0.336914 0.013428 0.6039 0.3490 0.2275
v 0.095459 0.336914 0.013428 0.6157 0.3568 0.2275
v -0.048584 0.315918 0.013428 0.6118 0.3255 0.1882
v 0.046143 0.315918 0.013428 0.5961 0.3490 0.2157
v -0.069580 0.265137 0.013428 0.6000 0.3490 0.2196
v -0.081787 0.029785 0.013428 0.2000 0.0902 0.2627
v 0.079346 0.029785 0.013428 0.6000 0.4589 0.6276
v -0.411865 0.776367 0.013916 0.2235 0.0941 0.2863
v 0.458252 0.780762 0.013916 0.2078 0.0941 0.3019
v -0.358643 0.789062 0.013916 0.2784 0.1725 0.3019
v 0.221436 0.794922 0.013916 0.6276 0.3686 0.2353
v -0.133057 0.812988 0.013916 0.7412 0.4628 0.3059
v 0.147217 0.820801 0.013916 0.7255 0.4392 0.2902
v -0.113525 0.826172 0.013916 0.7176 0.4275 0.2823
v 0.322510 0.827637 0.013916 0.2823 0.1490 0.2432
v -0.278564 0.831055 0.013916 0.7059 0.4078 0.2667
v -0.317627 0.835938 0.013916 0.2627 0.1020 0.1804
v 0.018799 0.860840 0.013916 0.3098 0.2039 0.1451
v -0.021240 0.861328 0.013916 0.3176 0.2118 0.1451
v -0.032471 0.889160 0.013916 0.5294 0.3294 0.2078
v 0.030029 0.889160 0.013916 0.5412 0.3255 0.2039
v -0.039307 0.924316 0.013916 0.1804 0.1059 0.0588
v 0.038330 0.925781 0.013916 0.1490 0.0980 0.0627
v 0.039795 0.927734 0.013916 0.1294 0.0784 0.0471
v 0.041260 0.929199 0.013916 0.1020 0.0627 0.0314
v -0.051025 0.946777 0.013916 0.1255 0.0863 0.0588
v -0.052490 0.950195 0.013916 0.1765 0.1216 0.0784
v 0.048096 0.966797 0.013916 0.1176 0.0627 0.0353
v 0.032471 0.982910 0.013916 0.1098 0.0667 0.0431
v 0.019287 0.987793 0.013916 0.1098 0.0706 0.0431
v 0.014404 0.989258 0.013916 0.1333 0.0824 0.0392
v 0.018311 0.991211 0.013916 0.1098 0.0706 0.0314
v -0.053955 0.306641 0.013916 0.7098 0.4235 0.2784
v 0.051514 0.306641 0.013916 0.6706 0.3921 0.2706
v 0.067139 0.265137 0.013916 0.6432 0.3765 0.2392
v -0.098877 0.246582 0.013916 0.7294 0.4823 0.3216
v -0.083252 0.229492 0.013916 0.6039 0.3451 0.2078
v 0.080811 0.229492 0.013916 0.6706 0.4039 0.2627
v -0.098389 0.155762 0.013916 0.1922 0.0902 0.2745
v 0.095947 0.155762 0.013916 0.2510 0.1333 0.3098
v 0.102783 0.554688 0.014404 0.1961 0.0824 0.2627
v 0.100830 0.570312 0.014404 0.1882 0.0706 0.2549
v -0.105225 0.570801 0.014404 0.1804 0.0745 0.2471
v -0.078369 0.707520 0.014404 0.6824 0.4157 0.2745
v 0.076416 0.707520 0.014404 0.6785 0.4118 0.2745
v -0.267822 0.777832 0.014404 0.6393 0.3647 0.2353
v 0.291260 0.783203 0.014404 0.6510 0.3843 0.2471
v -0.190674 0.786621 0.014404 0.6000 0.3372 0.2157
v -0.202393 0.787109 0.014404 0.5686 0.3137 0.2000
v 0.302490 0.787598 0.014404 0.6236 0.3568 0.2196
v -0.212158 0.789062 0.014404 0.5608 0.3098 0.1882
v -0.227295 0.797852 0.014404 0.6510 0.3804 0.2510
v 0.140869 0.798340 0.014404 0.6550 0.3882 0.2510
v 0.112549 0.806641 0.014404 0.6079 0.3529 0.2353
v -0.224365 0.814941 0.014404 0.7372 0.4706 0.3255
v -0.115479 0.818848 0.014404 0.7059 0.4471 0.3098
v 0.040771 0.826172 0.014404 0.7059 0.4392 0.2823
v -0.042725 0.826660 0.014404 0.6863 0.4314 0.2823
v 0.102295 0.828125 0.014404 0.7412 0.4510 0.3098
v -0.292725 0.829102 0.014404 0.7176 0.4118 0.2706
v 0.090088 0.829102 0.014404 0.7451 0.4550 0.3176
v -0.450440 0.845215 0.014404 0.2392 0.1020 0.3098
v 0.036377 0.924316 0.014404 0.1020 0.0667 0.0510
v -0.041748 0.927246 0.014404 0.1098 0.0706 0.0471
v -0.044189 0.932129 0.014404 0.0941 0.0510 0.0157
v 0.047119 0.933105 0.014404 0.1059 0.0667 0.0314
v -0.048096 0.938965 0.014404 0.1530 0.0863 0.0588
v 0.047119 0.947266 0.014404 0.0863 0.0392 0.0078
v -0.049072 0.959473 0.014404 0.1294 0.0824 0.0471
v 0.045166 0.965820 0.014404 0.1176 0.0706 0.0392
v 0.031982 0.987305 0.014404 0.1176 0.0706 0.0431
v -0.001221 0.987793 0.014404 0.1490 0.0824 0.0471
v -0.027588 0.988281 0.014404 0.1216 0.0745 0.0392
v -0.026611 0.991211 0.014404 0.0941 0.0510 0.0157
v -0.011963 0.994141 0.014404 0.1843 0.1176 0.0549
v 0.096436 0.246582 0.014404 0.7294 0.4667 0.3216
v -0.093994 0.214844 0.014404 0.7647 0.4902 0.3372
v 0.091553 0.214844 0.014404 0.7216 0.4550 0.3059
v -0.121826 0.059082 0.014404 0.7216 0.6550 0.6354
v 0.085693 0.050781 0.014404 0.6393 0.4706 0.6079
v -0.088135 0.050293 0.014404 0.6276 0.4392 0.6550
v -0.106689 0.555176 0.014893 0.1451 0.0588 0.2078
v 0.092529 0.599121 0.014893 0.1608 0.0353 0.2275
v -0.095947 0.600098 0.014893 0.1059 0.0000 0.1608
v -0.076416 0.687012 0.014893 0.6745 0.4039 0.2510
v 0.073975 0.687012 0.014893 0.6706 0.3882 0.2432
v 0.255127 0.785156 0.014893 0.6315 0.3725 0.2432
v 0.328857 0.786621 0.014893 0.8549 0.8078 0.7333
v -0.243897 0.788086 0.014893 0.6980 0.4196 0.2745
v -0.113037 0.807129 0.014893 0.6118 0.3372 0.2039
v -0.304932 0.828125 0.014893 0.6980 0.4118 0.2745
v -0.091064 0.829590 0.014893 0.7372 0.4628 0.3216
v -0.323975 0.830078 0.014893 0.2078 0.1059 0.2196
v -0.016357 0.891113 0.014893 0.6197 0.3059 0.2157
v 0.014404 0.891113 0.014893 0.6118 0.2941 0.2275
v -0.039307 0.924805 0.014893 0.2745 0.1412 0.0902
v -0.039307 0.926270 0.014893 0.1725 0.0863 0.0510
v 0.045654 0.941406 0.014893 0.1255 0.0745 0.0275
v -0.052490 0.948242 0.014893 0.1412 0.0941 0.0471
v 0.046631 0.955078 0.014893 0.1098 0.0667 0.0275
v -0.048584 0.957031 0.014893 0.1333 0.0863 0.0510
v 0.045166 0.964844 0.014893 0.1608 0.1020 0.0588
v 0.041748 0.966309 0.014893 0.1255 0.0902 0.0471
v 0.004150 0.986816 0.014893 0.1451 0.1098 0.0784
v 0.032959 0.986816 0.014893 0.1137 0.0627 0.0353
v -0.013428 0.989258 0.014893 0.1373 0.0980 0.0588
v -0.005615 0.990234 0.014893 0.1255 0.0824 0.0353
v 0.019287 0.990723 0.014893 0.0824 0.0549 0.0353
v -0.025146 0.991699 0.014893 0.1020 0.0549 0.0196
v 0.016846 0.991699 0.014893 0.1725 0.1176 0.0824
v -0.013428 0.993652 0.014893 0.1882 0.1255 0.0745
v -0.118896 0.426270 0.014893 0.5569 0.3216 0.1804
v -0.099365 0.325195 0.014893 0.6118 0.3490 0.2275
v 0.096924 0.325195 0.014893 0.6157 0.3529 0.2275
v -0.059326 0.290527 0.014893 0.6941 0.4196 0.2784
v 0.056885 0.290527 0.014893 0.6667 0.3961 0.2667
v -0.097900 0.284180 0.014893 0.5451 0.2941 0.1843
v 0.095459 0.284180 0.014893 0.6276 0.3686 0.2432
v -0.098389 0.168457 0.014893 0.2902 0.1843 0.3765
v 0.119385 0.059082 0.014893 0.3686 0.2941 0.3529
v 0.144775 0.024902 0.014893 0.7255 0.6118 0.6745
v -0.147217 0.024414 0.014893 0.7255 0.6354 0.7020
v -0.102295 0.511719 0.015381 0.4941 0.2706 0.1569
v 0.099854 0.511719 0.015381 0.4941 0.2706 0.1647
v 0.097900 0.585938 0.015381 0.1686 0.0549 0.2392
v -0.101807 0.586426 0.015381 0.2196 0.0902 0.3059
v 0.078857 0.755371 0.015381 0.5686 0.3294 0.2157
v -0.081299 0.755859 0.015381 0.5451 0.3059 0.1843
v 0.089600 0.771484 0.015381 0.5725 0.3176 0.1922
v -0.091553 0.771973 0.015381 0.5804 0.3255 0.2000
v 0.267334 0.783691 0.015381 0.6393 0.3804 0.2471
v 0.379150 0.790039 0.015381 0.1216 0.0196 0.1530
v -0.364014 0.791504 0.015381 0.2706 0.1569 0.2784
v 0.253662 0.795410 0.015381 0.7020 0.4353 0.2902
v -0.228272 0.805176 0.015381 0.6941 0.4275 0.2823
v 0.112061 0.811523 0.015381 0.6432 0.3725 0.2471
v 0.264404 0.813477 0.015381 0.6628 0.4039 0.2706
v -0.219971 0.816895 0.015381 0.6980 0.4275 0.2745
v 0.107666 0.819824 0.015381 0.7294 0.4471 0.3098
v -0.147217 0.821777 0.015381 0.7137 0.4235 0.2706
v -0.027100 0.826172 0.015381 0.5804 0.3333 0.2118
v 0.025146 0.826172 0.015381 0.7059 0.4392 0.2941
v -0.102783 0.828125 0.015381 0.7176 0.4275 0.2823
v -0.321533 0.836914 0.015381 0.2157 0.1098 0.3372
v 0.036377 0.924805 0.015381 0.0902 0.0627 0.0510
v 0.040283 0.927246 0.015381 0.1451 0.0824 0.0392
v 0.041748 0.928223 0.015381 0.1137 0.0706 0.0392
v -0.044678 0.929688 0.015381 0.1294 0.0863 0.0510
v 0.041260 0.931641 0.015381 0.1255 0.0784 0.0431
v 0.045166 0.956543 0.015381 0.1098 0.0706 0.0431
v 0.039307 0.966797 0.015381 0.1569 0.1098 0.0667
v -0.027588 0.990723 0.015381 0.1530 0.0980 0.0588
v -0.013916 0.991211 0.015381 0.1490 0.1059 0.0627
v -0.009033 0.992188 0.015381 0.1765 0.1137 0.0706
v 0.017822 0.994141 0.015381 0.1137 0.0784 0.0549
v -0.116455 0.451172 0.015381 0.5019 0.2745 0.1804
v 0.114014 0.451172 0.015381 0.4941 0.2667 0.1804
v 0.116455 0.426270 0.015381 0.5490 0.3137 0.1804
v -0.042725 0.323242 0.015381 0.6197 0.3255 0.1843
v 0.040283 0.323242 0.015381 0.5961 0.3608 0.2510
v -0.097412 0.291016 0.015381 0.5686 0.3137 0.2039
v -0.095947 0.265625 0.015381 0.5647 0.3098 0.1843
v -0.081299 0.245117 0.015381 0.6157 0.3568 0.2196
v 0.095947 0.168457 0.015381 0.2314 0.1412 0.3490
v -0.075928 0.660645 0.015869 0.7216 0.4432 0.2902
v 0.073486 0.660645 0.015869 0.6941 0.3961 0.2549
v -0.422119 0.770508 0.015869 0.2588 0.1098 0.3137
v 0.098877 0.784668 0.015869 0.5451 0.2941 0.1843
v 0.334229 0.788086 0.015869 0.2353 0.1176 0.2902
v 0.216064 0.793945 0.015869 0.6393 0.3804 0.2471
v -0.141357 0.798828 0.015869 0.6745 0.4000 0.2706
v 0.222900 0.804199 0.015869 0.7372 0.4550 0.3019
v 0.265869 0.804688 0.015869 0.7020 0.4353 0.2980
v -0.112549 0.812012 0.015869 0.6276 0.3608 0.2235
v 0.468994 0.814453 0.015869 0.3333 0.1569 0.3882
v 0.302979 0.823730 0.015869 0.7451 0.4196 0.2471
v 0.072021 0.824219 0.015869 0.6745 0.3961 0.2588
v -0.073486 0.824707 0.015869 0.6706 0.3843 0.2471
v -0.369385 0.843262 0.015869 0.2078 0.0627 0.2902
v 0.392334 0.850586 0.015869 0.2471 0.1294 0.3216
v -0.011475 0.854980 0.015869 0.3176 0.1882 0.1294
v 0.009033 0.854980 0.015869 0.3333 0.1961 0.1216
v -0.023682 0.865723 0.015869 0.2745 0.1686 0.1137
v 0.021729 0.865723 0.015869 0.2863 0.1647 0.0941
v -0.016357 0.868164 0.015869 0.6039 0.3098 0.2235
v 0.014404 0.868164 0.015869 0.6197 0.3176 0.2549
v -0.034424 0.896484 0.015869 0.4510 0.2549 0.1608
v 0.032471 0.896484 0.015869 0.5098 0.2902 0.1686
v -0.037842 0.925293 0.015869 0.4745 0.2784 0.1804
v 0.035889 0.925293 0.015869 0.3412 0.1882 0.1216
v 0.036377 0.926270 0.015869 0.0980 0.0588 0.0275
v -0.042725 0.928223 0.015869 0.1412 0.1020 0.0745
v -0.044678 0.934082 0.015869 0.1490 0.1020 0.0745
v 0.042725 0.934570 0.015869 0.1608 0.0941 0.0667
v -0.048096 0.943359 0.015869 0.1725 0.1216 0.0824
v 0.047119 0.943359 0.015869 0.1569 0.0902 0.0392
v 0.045654 0.950684 0.015869 0.1882 0.1176 0.0745
v 0.041748 0.959473 0.015869 0.1059 0.0588 0.0235
v -0.048096 0.961426 0.015869 0.1137 0.0706 0.0353
v 0.039795 0.963867 0.015869 0.1608 0.1020 0.0667
v 0.042236 0.963867 0.015869 0.1608 0.1137 0.0706
v 0.045654 0.966797 0.015869 0.1059 0.0627 0.0392
v 0.037842 0.969727 0.015869 0.1059 0.0784 0.0431
v 0.021240 0.983887 0.015869 0.1490 0.0941 0.0471
v 0.018311 0.984375 0.015869 0.1490 0.0941 0.0510
v 0.024658 0.984375 0.015869 0.1725 0.1137 0.0745
v 0.028564 0.985352 0.015869 0.1137 0.0706 0.0431
v 0.030518 0.987793 0.015869 0.1098 0.0745 0.0392
v -0.013428 0.993652 0.015869 0.1686 0.1137 0.0667
v -0.010986 0.994141 0.015869 0.2078 0.1412 0.0706
v -0.111084 0.478027 0.015869 0.4589 0.2549 0.1686
v 0.108643 0.478027 0.015869 0.4980 0.2823 0.1647
v 0.094971 0.291016 0.015869 0.5725 0.3059 0.1961
v 0.093506 0.265625 0.015869 0.6079 0.3490 0.2235
v 0.078857 0.245117 0.015869 0.6706 0.4118 0.2745
v -0.092041 0.230469 0.015869 0.7255 0.4510 0.2980
v -0.082764 0.028809 0.015869 0.1922 0.0863 0.2510
v 0.080322 0.028809 0.015869 0.6785 0.5294 0.6941
v 0.105713 0.534180 0.016357 0.1882 0.0902 0.2471
v -0.109131 0.534668 0.016357 0.1608 0.0667 0.2275
v -0.100342 0.785156 0.016357 0.5451 0.2980 0.1765
v -0.321533 0.788574 0.016357 0.6706 0.4000 0.2588
v 0.465576 0.791016 0.016357 0.2510 0.1020 0.3059
v -0.221924 0.796387 0.016357 0.6471 0.3804 0.2432
v 0.106201 0.796875 0.016357 0.4823 0.2745 0.1804
v 0.468994 0.802734 0.016357 0.2902 0.1373 0.3529
v 0.108154 0.814941 0.016357 0.6706 0.4000 0.2510
v -0.001221 0.815918 0.016357 0.6197 0.3608 0.2314
v 0.209229 0.818359 0.016357 0.7843 0.4902 0.3372
v -0.108154 0.820312 0.016357 0.7647 0.5098 0.3608
v 0.157959 0.820801 0.016357 0.7686 0.4863 0.3333
v 0.080811 0.823730 0.016357 0.7020 0.4275 0.2863
v 0.291260 0.823730 0.016357 0.7333 0.4275 0.2706
v 0.312256 0.823730 0.016357 0.1725 0.0588 0.2000
v 0.278076 0.824219 0.016357 0.7372 0.4392 0.2863
v -0.327393 0.836426 0.016357 0.8470 0.8157 0.7647
v -0.026123 0.872070 0.016357 0.4980 0.3019 0.1843
v -0.010498 0.873047 0.016357 0.6000 0.3333 0.2588
v 0.008545 0.873047 0.016357 0.6039 0.3647 0.2941
v -0.050049 0.932617 0.016357 0.0980 0.0627 0.0392
v 0.044189 0.933594 0.016357 0.1098 0.0667 0.0314
v 0.044678 0.934570 0.016357 0.1333 0.0824 0.0392
v 0.045654 0.964355 0.016357 0.1725 0.1098 0.0667
v -0.046143 0.967773 0.016357 0.1020 0.0549 0.0275
v 0.034912 0.973145 0.016357 0.1059 0.0627 0.0314
v -0.018311 0.987305 0.016357 0.1333 0.0980 0.0627
v 0.018799 0.987305 0.016357 0.1098 0.0706 0.0392
v -0.022705 0.989258 0.016357 0.1412 0.1020 0.0627
v 0.019287 0.990723 0.016357 0.0941 0.0667 0.0471
v 0.031982 0.990723 0.016357 0.1098 0.0706 0.0431
v -0.024658 0.991211 0.016357 0.1765 0.1216 0.0784
v 0.016846 0.991211 0.016357 0.1137 0.0627 0.0275
v -0.011963 0.997070 0.016357 0.2078 0.1412 0.0824
v -0.115967 0.494141 0.016357 0.1608 0.0784 0.2392
v 0.113037 0.494141 0.016357 0.1882 0.0824 0.2392
v -0.099365 0.315918 0.016357 0.6236 0.3608 0.2392
v 0.097412 0.315918 0.016357 0.6000 0.3333 0.2118
v -0.098389 0.297363 0.016357 0.6157 0.3568 0.2275
v 0.095947 0.297363 0.016357 0.6276 0.3568 0.2314
v 0.090088 0.230469 0.016357 0.7255 0.4628 0.3098
v -0.135010 0.044434 0.016357 0.1490 0.0627 0.1725
v 0.132568 0.044434 0.016357 0.1530 0.0549 0.2157
v -0.140869 0.036133 0.016357 0.7255 0.6471 0.6902
v 0.138428 0.036133 0.016357 0.5647 0.5019 0.5686
v -0.079834 0.734375 0.016846 0.7059 0.4353 0.2941
v 0.077393 0.734375 0.016846 0.6550 0.3882 0.2432
v 0.445557 0.769531 0.016846 0.3176 0.1530 0.3804
v -0.280518 0.780273 0.016846 0.6354 0.3647 0.2314
v 0.154541 0.796875 0.016846 0.6315 0.3608 0.2314
v -0.107178 0.797363 0.016846 0.5373 0.2941 0.1804
v 0.322998 0.798340 0.016846 0.2157 0.0980 0.2275
v -0.004150 0.817383 0.016846 0.6118 0.3529 0.2157
v 0.001709 0.817383 0.016846 0.6276 0.3686 0.2353
v 0.099365 0.821289 0.016846 0.7412 0.4550 0.3176
v 0.060303 0.822754 0.016846 0.6863 0.3961 0.2588
v 0.089600 0.823242 0.016846 0.6902 0.4157 0.2745
v -0.081787 0.824219 0.016846 0.7059 0.4235 0.2745
v -0.263428 0.825195 0.016846 0.7412 0.4550 0.2941
v -0.313721 0.828125 0.016846 0.6471 0.3647 0.2235
v 0.313721 0.828613 0.016846 0.2039 0.0902 0.2706
v -0.459229 0.836914 0.016846 0.2745 0.1373 0.3412
v 0.024170 0.872070 0.016846 0.5530 0.3608 0.2392
v -0.018799 0.874512 0.016846 0.5216 0.2980 0.2000
v 0.016846 0.874512 0.016846 0.5647 0.3059 0.2196
v 0.012939 0.878906 0.016846 0.6039 0.3647 0.2941
v -0.012939 0.879395 0.016846 0.6550 0.4157 0.3451
v -0.015381 0.879395 0.016846 0.6354 0.3882 0.3098
v 0.010498 0.879395 0.016846 0.6393 0.4157 0.3412
v -0.011963 0.879883 0.016846 0.6432 0.4196 0.3451
v 0.010010 0.879883 0.016846 0.6432 0.4157 0.3412
v 0.008057 0.885254 0.016846 0.5686 0.2745 0.2157
v -0.010498 0.885742 0.016846 0.5804 0.2823 0.2118
v 0.044189 0.932617 0.016846 0.1098 0.0588 0.0275
v 0.051514 0.944824 0.016846 0.1216 0.0706 0.0392
v -0.048584 0.947266 0.016846 0.1255 0.0784 0.0471
v 0.047119 0.953125 0.016846 0.1020 0.0588 0.0235
v -0.047607 0.963867 0.016846 0.1059 0.0588 0.0353
v -0.050049 0.965820 0.016846 0.0980 0.0549 0.0235
v -0.053467 0.965820 0.016846 0.1020 0.0588 0.0314
v -0.041748 0.972656 0.016846 0.1098 0.0588 0.0235
v 0.032471 0.982422 0.016846 0.1216 0.0784 0.0431
v -0.027100 0.985352 0.016846 0.1530 0.1020 0.0627
v 0.010010 0.985840 0.016846 0.1294 0.0902 0.0510
v 0.032959 0.986816 0.016846 0.1098 0.0706 0.0392
v -0.027100 0.987793 0.016846 0.1608 0.1059 0.0588
v 0.014404 0.988281 0.016846 0.0863 0.0510 0.0235
v -0.027100 0.990723 0.016846 0.1530 0.1059 0.0588
v 0.017822 0.990723 0.016846 0.1098 0.0667 0.0314
v -0.025635 0.994141 0.016846 0.1882 0.1294 0.0745
v -0.038818 0.331543 0.016846 0.6236 0.3137 0.1608
v 0.036377 0.331543 0.016846 0.5882 0.3490 0.2353
v -0.098877 0.306152 0.016846 0.6550 0.3843 0.2549
v 0.096924 0.306152 0.016846 0.6393 0.3765 0.2471
v -0.370850 0.791504 0.017334 0.0275 0.0078 0.0353
v -0.314697 0.791992 0.017334 0.6824 0.4235 0.2980
v -0.324463 0.794434 0.017334 0.5451 0.2980 0.2118
v 0.313721 0.795898 0.017334 0.7059 0.4353 0.2941
v 0.265869 0.800781 0.017334 0.7059 0.4235 0.2863
v 0.143799 0.811523 0.017334 0.7255 0.4353 0.2902
v -0.108643 0.815430 0.017334 0.6471 0.3686 0.2392
v 0.102783 0.817383 0.017334 0.7333 0.4589 0.3176
v -0.099854 0.821777 0.017334 0.7294 0.4510 0.3137
v 0.013916 0.822754 0.017334 0.6628 0.3961 0.2588
v -0.061768 0.823242 0.017334 0.7176 0.4196 0.2784
v -0.090576 0.823242 0.017334 0.7451 0.4628 0.3137
v 0.321533 0.824219 0.017334 0.2667 0.1412 0.2627
v 0.358154 0.837402 0.017334 0.3372 0.2549 0.3059
v 0.353272 0.839844 0.017334 0.8588 0.8196 0.7098
v -0.017822 0.869141 0.017334 0.5137 0.2823 0.1765
v 0.015869 0.869141 0.017334 0.6000 0.3098 0.2196
v -0.016846 0.873047 0.017334 0.5451 0.3019 0.1961
v 0.014404 0.873047 0.017334 0.6000 0.3216 0.2353
v 0.026123 0.878906 0.017334 0.6276 0.4235 0.2745
v -0.028076 0.879395 0.017334 0.5608 0.3608 0.2471
v -0.015869 0.879883 0.017334 0.6118 0.3294 0.2510
v 0.013916 0.879883 0.017334 0.6118 0.3843 0.3137
v -0.019775 0.880371 0.017334 0.5725 0.3137 0.2118
v 0.017334 0.880371 0.017334 0.6157 0.3137 0.2353
v 0.014893 0.884766 0.017334 0.5686 0.3059 0.2392
v -0.017334 0.885254 0.017334 0.6079 0.3019 0.2235
v -0.045166 0.926758 0.017334 0.1137 0.0745 0.0392
v -0.039307 0.928223 0.017334 0.1059 0.0667 0.0471
v -0.047119 0.933594 0.017334 0.0941 0.0588 0.0314
v 0.045654 0.934082 0.017334 0.0784 0.0431 0.0039
v -0.047607 0.934570 0.017334 0.0824 0.0549 0.0275
v -0.050049 0.953125 0.017334 0.1137 0.0706 0.0392
v -0.050537 0.963867 0.017334 0.0980 0.0549 0.0275
v -0.053467 0.964844 0.017334 0.1020 0.0588 0.0235
v 0.045654 0.965820 0.017334 0.0941 0.0510 0.0157
v -0.056396 0.966797 0.017334 0.1020 0.0588 0.0275
v 0.030518 0.978516 0.017334 0.1373 0.0941 0.0549
v -0.029541 0.982910 0.017334 0.1137 0.0745 0.0353
v 0.004150 0.985840 0.017334 0.1020 0.0627 0.0314
v 0.031982 0.987305 0.017334 0.1059 0.0667 0.0353
v -0.012939 0.991211 0.017334 0.1373 0.0902 0.0392
v -0.026123 0.991211 0.017334 0.1843 0.1216 0.0667
v -0.011475 0.993652 0.017334 0.1608 0.1176 0.0627
v -0.012939 0.993652 0.017334 0.1412 0.0980 0.0549
v -0.027588 0.381348 0.017334 0.5686 0.3098 0.1725
v 0.025635 0.381348 0.017334 0.5843 0.3255 0.1922
v -0.090576 0.245605 0.017334 0.7176 0.4628 0.3176
v 0.088135 0.245117 0.017334 0.6902 0.4196 0.2784
v -0.097900 0.166504 0.017334 0.2432 0.1373 0.3725
v 0.109131 0.514648 0.017822 0.1922 0.0824 0.2432
v -0.076904 0.650391 0.017822 0.7059 0.4157 0.2706
v 0.074463 0.650391 0.017822 0.6863 0.3961 0.2510
v -0.074951 0.694336 0.017822 0.7020 0.4314 0.2784
v 0.072510 0.694336 0.017822 0.7020 0.4275 0.2784
v -0.083252 0.758789 0.017822 0.5921 0.3451 0.2157
v 0.080811 0.758789 0.017822 0.5569 0.3216 0.1882
v -0.255615 0.786133 0.017822 0.7176 0.4471 0.3098
v -0.216553 0.794922 0.017822 0.6471 0.3804 0.2432
v 0.218506 0.804688 0.017822 0.7412 0.4589 0.3098
v -0.223389 0.805664 0.017822 0.7412 0.4784 0.3333
v 0.279541 0.805664 0.017822 0.7255 0.4550 0.3098
v 0.097900 0.818848 0.017822 0.7294 0.4550 0.3137
v -0.007568 0.819336 0.017822 0.5961 0.3333 0.2000
v 0.005615 0.819336 0.017822 0.6315 0.3647 0.2314
v 0.197998 0.819824 0.017822 0.7490 0.4550 0.3019
v 0.170654 0.820801 0.017822 0.7412 0.4550 0.2941
v -0.157959 0.821777 0.017822 0.7608 0.4667 0.3098
v -0.016357 0.822754 0.017822 0.6079 0.3451 0.2078
v -0.014893 0.866211 0.017822 0.6315 0.3255 0.2353
v 0.012451 0.866211 0.017822 0.6118 0.3137 0.2275
v -0.012451 0.877441 0.017822 0.6315 0.3804 0.3019
v 0.010010 0.877441 0.017822 0.6079 0.3843 0.3059
v -0.012451 0.878418 0.017822 0.6471 0.4039 0.3294
v 0.010498 0.878418 0.017822 0.6354 0.4039 0.3255
v -0.041748 0.929688 0.017822 0.1098 0.0824 0.0431
v 0.040771 0.931152 0.017822 0.1373 0.0902 0.0588
v 0.045166 0.933105 0.017822 0.0863 0.0549 0.0275
v 0.041748 0.934570 0.017822 0.1412 0.0863 0.0471
v 0.042725 0.936523 0.017822 0.1490 0.0980 0.0588
v 0.043213 0.938477 0.017822 0.0941 0.0588 0.0235
v 0.042236 0.967773 0.017822 0.1451 0.0980 0.0627
v -0.036865 0.977539 0.017822 0.0627 0.0392 0.0078
v -0.001221 0.986816 0.017822 0.1451 0.0980 0.0431
v 0.016846 0.987305 0.017822 0.1373 0.0902 0.0510
v -0.025146 0.988281 0.017822 0.1804 0.1255 0.0667
v -0.010498 0.991699 0.017822 0.2000 0.1137 0.0706
v -0.079346 0.264648 0.017822 0.6197 0.3686 0.2314
v 0.076904 0.264648 0.017822 0.6589 0.3921 0.2549
v 0.095459 0.166504 0.017822 0.3372 0.2196 0.4392
v -0.112549 0.515137 0.018311 0.2353 0.0980 0.2980
v -0.433838 0.768555 0.018310 0.2392 0.1059 0.3137
v -0.291748 0.784180 0.018311 0.6745 0.4157 0.2784
v 0.389893 0.785156 0.018311 0.1608 0.0392 0.2000
v -0.324463 0.787109 0.018311 0.3568 0.1412 0.1686
v -0.302979 0.788086 0.018311 0.6745 0.4118 0.2745
v 0.167236 0.795410 0.018311 0.6354 0.3647 0.2275
v -0.253662 0.796387 0.018311 0.6628 0.3961 0.2471
v -0.155029 0.797852 0.018311 0.6706 0.3921 0.2588
v 0.312744 0.807129 0.018311 0.1530 0.0471 0.1804
v 0.291748 0.808105 0.018311 0.7568 0.4902 0.3372
v 0.302490 0.810547 0.018311 0.7882 0.4941 0.3137
v -0.144287 0.812500 0.018311 0.7412 0.4589 0.3019
v -0.103760 0.817871 0.018311 0.7137 0.4432 0.2980
v -0.209717 0.819824 0.018311 0.7686 0.4706 0.3176
v 0.185303 0.820312 0.018311 0.7451 0.4392 0.2863
v 0.409912 0.852539 0.018311 0.2823 0.1333 0.3568
v -0.006592 0.853516 0.018311 0.3216 0.2078 0.1451
v 0.004150 0.853516 0.018311 0.3333 0.2078 0.1373
v -0.008545 0.865234 0.018311 0.6276 0.3216 0.2353
v 0.006104 0.865234 0.018311 0.6157 0.3176 0.2275
v -0.016357 0.878418 0.018311 0.5843 0.3176 0.2196
v 0.013916 0.878418 0.018311 0.5647 0.3059 0.2314
v -0.012939 0.879395 0.018311 0.6393 0.4118 0.3372
v 0.010986 0.879395 0.018311 0.6393 0.4196 0.3490
v -0.001221 0.879883 0.018311 0.6276 0.4039 0.3294
v -0.005127 0.880859 0.018311 0.6315 0.4078 0.3333
v -0.010010 0.880859 0.018311 0.6393 0.4118 0.3372
v 0.002686 0.880859 0.018311 0.6315 0.4039 0.3255
v 0.007568 0.880859 0.018311 0.6432 0.4039 0.3294
v -0.030029 0.886230 0.018311 0.5137 0.3137 0.2078
v 0.028076 0.886230 0.018311 0.6079 0.3921 0.2706
v 0.018311 0.886719 0.018311 0.6157 0.3019 0.2196
v -0.020752 0.887207 0.018311 0.5764 0.3019 0.2039
v -0.036377 0.911133 0.018311 0.6745 0.4157 0.2863
v 0.034424 0.911133 0.018311 0.6902 0.4196 0.2784
v -0.036865 0.916504 0.018311 0.6354 0.3686 0.2471
v 0.034912 0.916504 0.018311 0.6785 0.4039 0.2706
v 0.035889 0.928223 0.018311 0.1490 0.0863 0.0471
v 0.038818 0.929688 0.018311 0.0980 0.0627 0.0275
v -0.043701 0.931641 0.018311 0.1412 0.1059 0.0667
v -0.046631 0.933105 0.018311 0.1059 0.0627 0.0392
v -0.044189 0.935059 0.018311 0.1176 0.0706 0.0392
v -0.045654 0.937500 0.018311 0.0863 0.0510 0.0235
v 0.043701 0.941895 0.018311 0.1098 0.0706 0.0353
v 0.048584 0.943848 0.018311 0.1255 0.0745 0.0431
v 0.048584 0.944824 0.018311 0.1255 0.0706 0.0431
v -0.050537 0.949219 0.018311 0.1373 0.0902 0.0392
v -0.053467 0.964355 0.018311 0.1333 0.0941 0.0549
v -0.053467 0.966309 0.018311 0.1216 0.0667 0.0392
v -0.033936 0.979980 0.018311 0.1451 0.1020 0.0667
v 0.030029 0.983398 0.018311 0.1216 0.0784 0.0471
v 0.015381 0.984375 0.018311 0.1922 0.1216 0.0667
v -0.011963 0.988770 0.018311 0.1294 0.0863 0.0471
v -0.035889 0.340820 0.018311 0.6039 0.3216 0.1647
v 0.033447 0.340820 0.018311 0.6157 0.3647 0.2275
v -0.141846 0.033203 0.018311 0.7568 0.6667 0.6863
v 0.139893 0.033203 0.018311 0.8078 0.7333 0.7372
v -0.267822 0.784668 0.018799 0.6785 0.4118 0.2745
v -0.374268 0.790039 0.018799 0.0627 0.0000 0.0902
v 0.204346 0.792480 0.018799 0.6197 0.3490 0.2196
v 0.302002 0.792480 0.018799 0.7137 0.4510 0.3019
v 0.279541 0.801270 0.018799 0.6824 0.4196 0.2745
v 0.312744 0.801758 0.018799 0.3490 0.1843 0.1765
v 0.106201 0.802734 0.018799 0.5921 0.3255 0.2118
v 0.291748 0.803223 0.018799 0.6667 0.4000 0.2549
v 0.322510 0.803223 0.018799 0.2118 0.0941 0.2353
v -0.265869 0.805664 0.018799 0.6667 0.3804 0.2392
v 0.302490 0.805664 0.018799 0.7176 0.4353 0.2745
v 0.312256 0.812500 0.018799 0.1530 0.0588 0.2000
v -0.264893 0.814453 0.018799 0.6745 0.3882 0.2510
v 0.278564 0.814453 0.018799 0.6863 0.4235 0.2823
v -0.098877 0.819336 0.018799 0.7098 0.4275 0.2784
v -0.029053 0.823730 0.018799 0.6706 0.4039 0.2627
v 0.026611 0.823730 0.018799 0.7059 0.4510 0.2941
v -0.322998 0.828125 0.018799 0.1922 0.0902 0.2353
v -0.378174 0.848633 0.018799 0.2471 0.1059 0.3216
v -0.017334 0.857422 0.018799 0.2745 0.1843 0.1137
v 0.014893 0.857422 0.018799 0.1843 0.1255 0.0706
v -0.001221 0.865234 0.018799 0.6157 0.3098 0.2235
v -0.015381 0.879395 0.018799 0.6039 0.3294 0.2510
v 0.013428 0.879395 0.018799 0.6118 0.3765 0.3098
v -0.001221 0.891113 0.018799 0.6118 0.2902 0.2235
v -0.048096 0.934082 0.018799 0.0824 0.0588 0.0314
v -0.037842 0.935547 0.018799 0.1216 0.0706 0.0549
v 0.035889 0.935547 0.018799 0.1137 0.0667 0.0314
v 0.045166 0.946777 0.018799 0.1255 0.0706 0.0353
v 0.042725 0.963379 0.018799 0.1765 0.1020 0.0510
v -0.024170 0.985840 0.018799 0.1608 0.1098 0.0431
v -0.007080 0.988770 0.018799 0.2000 0.1333 0.0863
v -0.059814 0.304199 0.018799 0.6589 0.3843 0.2432
v 0.057373 0.304199 0.018799 0.5764 0.3137 0.2000
v -0.088135 0.264160 0.018799 0.6706 0.4157 0.2706
v 0.085693 0.264160 0.018799 0.6785 0.4078 0.2745
v -0.110596 0.059570 0.018799 0.0941 0.0392 0.1608
v 0.108154 0.059570 0.018799 0.0667 0.0471 0.1059
v -0.458740 0.782227 0.019287 0.2784 0.1294 0.3372
v 0.279053 0.786133 0.019287 0.6550 0.3961 0.2667
v 0.266846 0.791992 0.019287 0.7098 0.4353 0.2941
v 0.317627 0.794434 0.019287 0.1882 0.0863 0.2353
v 0.322022 0.808105 0.019287 0.2078 0.1020 0.2510
v 0.291260 0.815430 0.019287 0.7568 0.4863 0.3333
v 0.302002 0.816895 0.019287 0.7490 0.4471 0.2667
v 0.311768 0.818359 0.019287 0.1333 0.0471 0.1843
v -0.197998 0.820801 0.019287 0.7372 0.4275 0.2667
v -0.170654 0.821777 0.019287 0.7490 0.4550 0.2863
v -0.465576 0.827148 0.019287 0.3255 0.1608 0.3804
v 0.315674 0.830566 0.019287 0.2235 0.0980 0.2902
v -0.001221 0.852539 0.019287 0.3568 0.2196 0.1412
v 0.033447 0.904297 0.019287 0.6589 0.4000 0.2667
v -0.035400 0.904785 0.019287 0.6706 0.4000 0.2784
v -0.042725 0.928711 0.019287 0.1137 0.0745 0.0549
v -0.047607 0.933105 0.019287 0.1176 0.0784 0.0471
v 0.049072 0.943359 0.019287 0.1216 0.0706 0.0431
v 0.049561 0.944824 0.019287 0.1373 0.0824 0.0510
v 0.043701 0.950195 0.019287 0.0863 0.0627 0.0235
v 0.043701 0.956055 0.019287 0.0941 0.0588 0.0196
v 0.041260 0.959473 0.019287 0.1451 0.0980 0.0510
v 0.039307 0.962891 0.019287 0.1843 0.1255 0.0706
v -0.053467 0.965332 0.019287 0.1451 0.0902 0.0549
v -0.050537 0.966797 0.019287 0.1490 0.0941 0.0510
v -0.021729 0.418945 0.019287 0.5412 0.2863 0.1647
v 0.019775 0.418945 0.019287 0.5255 0.2863 0.1647
v 0.125244 0.418457 0.019287 0.3372 0.1882 0.3255
v -0.062744 0.296387 0.019287 0.6745 0.4039 0.2745
v 0.060303 0.296387 0.019287 0.5882 0.3333 0.2196
v -0.077393 0.639648 0.019775 0.6510 0.4980 0.4196
v 0.074951 0.639648 0.019775 0.5608 0.3176 0.2118
v -0.328857 0.787598 0.019775 0.1059 0.0157 0.2275
v 0.192627 0.792480 0.019775 0.6628 0.3843 0.2510
v 0.180420 0.793457 0.019775 0.6589 0.3882 0.2510
v -0.167725 0.796387 0.019775 0.6510 0.3686 0.2314
v 0.302002 0.799316 0.019775 0.6393 0.3725 0.2353
v -0.106689 0.803223 0.019775 0.6745 0.4000 0.2627
v -0.218994 0.805664 0.019775 0.7020 0.4275 0.2863
v 0.156006 0.810547 0.019775 0.7412 0.4471 0.2980
v 0.321533 0.813965 0.019775 0.2157 0.1098 0.2078
v 0.321045 0.819336 0.019775 0.2235 0.1216 0.2353
v -0.185303 0.821289 0.019775 0.7764 0.4667 0.3059
v -0.278076 0.825195 0.019775 0.7333 0.4314 0.2706
v 0.363037 0.839355 0.019775 0.3333 0.1922 0.3725
v 0.425537 0.853027 0.019775 0.2784 0.1176 0.3529
v -0.018311 0.891113 0.019775 0.5961 0.2902 0.1922
v 0.016357 0.891113 0.019775 0.6000 0.2902 0.2078
v -0.043701 0.929199 0.019775 0.0863 0.0510 0.0314
v -0.038330 0.929688 0.019775 0.1098 0.0667 0.0471
v 0.045654 0.943848 0.019775 0.1059 0.0667 0.0314
v 0.049561 0.943848 0.019775 0.1216 0.0745 0.0510
v 0.046143 0.945801 0.019775 0.1294 0.0863 0.0471
v 0.044189 0.953125 0.019775 0.1059 0.0627 0.0314
v -0.048096 0.956543 0.019775 0.1216 0.0706 0.0431
v -0.047119 0.959961 0.019775 0.1216 0.0824 0.0510
v -0.047119 0.962402 0.019775 0.0784 0.0392 0.0118
v -0.050537 0.963379 0.019775 0.1216 0.0706 0.0392
v 0.042725 0.965820 0.019775 0.0745 0.0471 0.0078
v 0.038330 0.969727 0.019775 0.1765 0.1176 0.0706
v -0.004150 0.987305 0.019775 0.1216 0.0784 0.0353
v -0.128662 0.418945 0.019775 0.2432 0.1294 0.3333
v -0.027100 0.395996 0.019775 0.5490 0.2902 0.1608
v 0.024658 0.395996 0.019775 0.5530 0.3059 0.1843
v -0.093994 0.282227 0.019775 0.5961 0.3255 0.2039
v 0.091553 0.282227 0.019775 0.6039 0.3412 0.2157
v -0.077881 0.715820 0.020264 0.7020 0.4275 0.2863
v 0.075928 0.715820 0.020264 0.6706 0.4039 0.2667
v 0.290772 0.789062 0.020264 0.6745 0.4196 0.2823
v 0.355225 0.792480 0.020264 0.1725 0.0745 0.2588
v 0.360596 0.794922 0.020264 0.7098 0.6393 0.5764
v 0.104248 0.808105 0.020264 0.7294 0.4589 0.3059
v 0.046143 0.818848 0.020264 0.7020 0.4196 0.2706
v 0.088623 0.818848 0.020264 0.7294 0.4432 0.3059
v -0.302979 0.824219 0.020264 0.6589 0.3451 0.2078
v -0.291748 0.824707 0.020264 0.7216 0.4275 0.2706
v 0.035400 0.929688 0.020264 0.1843 0.1137 0.0745
v 0.040771 0.933594 0.020264 0.1490 0.0902 0.0510
v -0.043701 0.934082 0.020264 0.1412 0.0863 0.0588
v 0.044189 0.936035 0.020264 0.0745 0.0353 0.0039
v -0.052002 0.939453 0.020264 0.1216 0.0784 0.0510
v -0.046143 0.942871 0.020264 0.0980 0.0588 0.0235
v 0.044189 0.944336 0.020264 0.1137 0.0706 0.0353
v 0.049072 0.957520 0.020264 0.1255 0.0745 0.0392
v -0.046631 0.968750 0.020264 0.1098 0.0627 0.0235
v 0.034424 0.972656 0.020264 0.1451 0.0980 0.0588
v -0.035400 0.978516 0.020264 0.0863 0.0431 0.0118
v 0.026611 0.980469 0.020264 0.1490 0.0980 0.0627
v -0.001221 0.988770 0.020264 0.1569 0.1059 0.0549
v -0.099365 0.058105 0.020264 0.8627 0.8117 0.7255
v -0.082275 0.562012 0.020752 0.5530 0.3059 0.1843
v 0.079834 0.562012 0.020752 0.5608 0.3059 0.1843
v -0.077881 0.738770 0.020752 0.6824 0.4078 0.2667
v 0.075928 0.738770 0.020752 0.6706 0.4078 0.2667
v -0.379150 0.791016 0.020752 0.5530 0.4235 0.4275
v -0.204346 0.793457 0.020752 0.6157 0.3412 0.2078
v -0.266357 0.801758 0.020752 0.7294 0.4589 0.2980
v -0.105225 0.808594 0.020752 0.7216 0.4471 0.3059
v 0.100830 0.812012 0.020752 0.6980 0.4118 0.2745
v 0.095947 0.815430 0.020752 0.7137 0.4275 0.2902
v -0.089600 0.818848 0.020752 0.7490 0.4628 0.3176
v -0.048096 0.819336 0.020752 0.7098 0.4353 0.2941
v 0.320068 0.831543 0.020752 0.4745 0.4157 0.4039
v -0.020264 0.861816 0.020752 0.3647 0.2275 0.1373
v 0.018311 0.861816 0.020752 0.3176 0.2118 0.1373
v -0.031982 0.893555 0.020752 0.6157 0.3765 0.2627
v 0.030029 0.893555 0.020752 0.6118 0.3765 0.2353
v -0.046631 0.936035 0.020752 0.1216 0.0745 0.0431
v -0.042725 0.971680 0.020752 0.1373 0.0902 0.0510
v 0.020752 0.981934 0.020752 0.1373 0.0980 0.0510
v -0.032959 0.983398 0.020752 0.1882 0.1294 0.0784
v -0.029541 0.983887 0.020752 0.1922 0.1373 0.0902
v -0.014893 0.497559 0.020752 0.5098 0.2784 0.1530
v 0.012451 0.497559 0.020752 0.4823 0.2549 0.1490
v -0.070557 0.283203 0.020752 0.6354 0.3804 0.2588
v 0.068115 0.283203 0.020752 0.5804 0.3176 0.2118
v 0.096924 0.058105 0.020752 0.3255 0.2471 0.3059
v -0.088135 0.000977 0.020752 0.3098 0.2745 0.2549
v 0.086182 0.000977 0.020752 0.2235 0.1922 0.1765
v -0.334229 0.788574 0.021240 0.8549 0.8157 0.7804
v 0.099854 0.791016 0.021240 0.4863 0.2627 0.1490
v -0.180908 0.794434 0.021240 0.6785 0.4039 0.2667
v 0.279053 0.794434 0.021240 0.6393 0.3686 0.2432
v 0.290772 0.796875 0.021240 0.6157 0.3608 0.2353
v 0.207764 0.805664 0.021240 0.7333 0.4432 0.2980
v -0.156494 0.811523 0.021240 0.7647 0.4980 0.3451
v -0.101318 0.812500 0.021240 0.7137 0.4392 0.2980
v -0.096436 0.815918 0.021240 0.6902 0.4000 0.2627
v -0.468506 0.815918 0.021240 0.2863 0.1255 0.3451
v 0.078857 0.819336 0.021240 0.7255 0.4353 0.2902
v -0.016846 0.819824 0.021240 0.6745 0.4078 0.2706
v -0.080322 0.819824 0.021240 0.7372 0.4432 0.2980
v 0.014893 0.819824 0.021240 0.6589 0.3921 0.2549
v -0.312256 0.824707 0.021240 0.7059 0.3921 0.2432
v 0.325439 0.831543 0.021240 0.7529 0.6824 0.6197
v -0.391357 0.851074 0.021240 0.3647 0.1961 0.4235
v -0.001221 0.866211 0.021240 0.6118 0.3255 0.2549
v 0.008057 0.892090 0.021240 0.6197 0.3019 0.2275
v -0.010010 0.892578 0.021240 0.6236 0.3059 0.2275
v -0.036377 0.921387 0.021240 0.6667 0.3961 0.2745
v 0.034424 0.921387 0.021240 0.6863 0.4118 0.2863
v -0.040771 0.930664 0.021240 0.1059 0.0627 0.0392
v -0.037354 0.931152 0.021240 0.1098 0.0667 0.0392
v 0.037842 0.931641 0.021240 0.1255 0.0863 0.0510
v 0.042725 0.934082 0.021240 0.1098 0.0667 0.0235
v 0.044189 0.947266 0.021240 0.1216 0.0784 0.0392
v 0.046143 0.955566 0.021240 0.1216 0.0745 0.0471
v 0.046143 0.956543 0.021240 0.1098 0.0706 0.0392
v -0.050537 0.965332 0.021240 0.1804 0.1176 0.0784
v 0.031006 0.976562 0.021240 0.0667 0.0471 0.0118
v 0.029541 0.979492 0.021240 0.1137 0.0745 0.0471
v -0.037354 0.982422 0.021240 0.1373 0.0902 0.0549
v 0.015381 0.982910 0.021240 0.1686 0.1137 0.0706
v 0.009521 0.983398 0.021240 0.1451 0.0902 0.0549
v -0.023682 0.984375 0.021240 0.1530 0.1020 0.0706
v -0.004150 0.989258 0.021240 0.1333 0.0863 0.0471
v -0.033447 0.352539 0.021240 0.6039 0.3059 0.1569
v 0.031494 0.352539 0.021240 0.6197 0.3568 0.2432
v -0.093018 0.289062 0.021240 0.6118 0.3490 0.2353
v 0.091064 0.289062 0.021240 0.5961 0.3255 0.2000
v -0.077881 0.629395 0.021729 0.6745 0.5843 0.5176
v 0.075439 0.629395 0.021729 0.6393 0.5412 0.4510
v -0.072510 0.631348 0.021729 0.6745 0.5725 0.4980
v 0.070068 0.631348 0.021729 0.6706 0.5725 0.4745
v 0.091064 0.775879 0.021729 0.6000 0.3412 0.2078
v -0.100830 0.791504 0.021729 0.6000 0.3372 0.2000
v -0.192627 0.793457 0.021728 0.6471 0.3725 0.2353
v -0.313721 0.796875 0.021728 0.6941 0.4275 0.2941
v 0.370361 0.796875 0.021729 0.2275 0.1490 0.2823
v -0.322998 0.798828 0.021728 0.3921 0.2000 0.2196
v -0.280029 0.806641 0.021728 0.7176 0.4471 0.2941
v 0.168701 0.809082 0.021729 0.7568 0.4823 0.3294
v 0.368897 0.840820 0.021729 0.3529 0.1686 0.3961
v 0.438721 0.851562 0.021729 0.2275 0.0745 0.2941
v -0.023682 0.869141 0.021729 0.5059 0.3137 0.2078
v 0.021240 0.869141 0.021729 0.4980 0.3255 0.2078
v -0.026123 0.876465 0.021729 0.6197 0.3882 0.2667
v 0.023682 0.876465 0.021729 0.5921 0.3882 0.2627
v 0.034912 0.931152 0.021729 0.1333 0.0902 0.0549
v -0.042725 0.931641 0.021729 0.0863 0.0667 0.0353
v -0.045654 0.934570 0.021729 0.1569 0.1098 0.0706
v 0.043701 0.943359 0.021729 0.1412 0.0902 0.0392
v 0.046143 0.943359 0.021729 0.1216 0.0745 0.0392
v 0.047119 0.945801 0.021729 0.0941 0.0549 0.0275
v -0.046631 0.947266 0.021729 0.0863 0.0471 0.0118
v -0.056396 0.953613 0.021729 0.1843 0.1216 0.0706
v 0.004150 0.984863 0.021729 0.1333 0.0941 0.0471
v -0.018311 0.985352 0.021729 0.2000 0.1490 0.0863
v -0.007080 0.985840 0.021729 0.1412 0.0863 0.0392
v -0.012451 0.986328 0.021729 0.1765 0.1255 0.0745
v -0.093994 0.351562 0.021729 0.5921 0.3451 0.2235
v 0.091553 0.351562 0.021729 0.6745 0.3961 0.2627
v -0.084229 0.003418 0.021729 0.7137 0.5961 0.5019
v 0.082275 0.003418 0.021729 0.6276 0.5255 0.4392
v -0.075928 0.639160 0.022217 0.6667 0.5176 0.4353
v 0.073486 0.639160 0.022217 0.5530 0.2902 0.1882
v 0.082764 0.762695 0.022217 0.5764 0.3294 0.1922
v -0.085205 0.763184 0.022217 0.6000 0.3490 0.2039
v -0.445557 0.770996 0.022217 0.3137 0.1569 0.3804
v -0.093018 0.776367 0.022217 0.5921 0.3372 0.2000
v -0.466065 0.792480 0.022217 0.2941 0.1333 0.3412
v 0.320068 0.792969 0.022217 0.2510 0.1255 0.3019
v -0.280029 0.802246 0.022217 0.7098 0.4275 0.2784
v -0.468994 0.803711 0.022217 0.2667 0.1294 0.3294
v -0.291748 0.808594 0.022217 0.7725 0.5019 0.3568
v -0.001221 0.813965 0.022217 0.6667 0.4039 0.2627
v -0.278564 0.814941 0.022217 0.6824 0.4078 0.2667
v -0.322022 0.824707 0.022217 0.1804 0.0784 0.2392
v -0.313721 0.828613 0.022217 0.6315 0.3568 0.2471
v -0.001221 0.893066 0.022217 0.6157 0.2902 0.2196
v -0.037354 0.931641 0.022217 0.1020 0.0706 0.0431
v -0.049072 0.939941 0.022217 0.1137 0.0706 0.0471
v -0.049561 0.940918 0.022217 0.1216 0.0784 0.0471
v 0.042236 0.950195 0.022217 0.0706 0.0431 0.0196
v -0.047607 0.951172 0.022217 0.1490 0.0980 0.0627
v 0.046631 0.955078 0.022217 0.1216 0.0706 0.0392
v 0.040283 0.958984 0.022217 0.1098 0.0588 0.0118
v -0.046143 0.962891 0.022217 0.0784 0.0392 0.0078
v 0.039307 0.967285 0.022217 0.1333 0.1020 0.0588
v -0.037842 0.980469 0.022217 0.1255 0.0824 0.0431
v -0.005127 0.986328 0.022217 0.1216 0.0824 0.0471
v -0.093018 0.345215 0.022217 0.5961 0.3412 0.2157
v 0.091064 0.345215 0.022217 0.6197 0.3490 0.2235
v 0.066650 0.291016 0.022217 0.5569 0.2941 0.1922
v -0.084717 0.036621 0.022217 0.2314 0.1176 0.2980
v 0.082275 0.036621 0.022217 0.6745 0.5176 0.6432
v -0.075928 0.721680 0.022705 0.7294 0.4510 0.3098
v 0.073486 0.721680 0.022705 0.7176 0.4432 0.3019
v -0.279541 0.787109 0.022705 0.6471 0.3765 0.2549
v -0.267334 0.792969 0.022705 0.7020 0.4471 0.3098
v -0.291748 0.804199 0.022705 0.6941 0.4039 0.2510
v -0.302490 0.806152 0.022705 0.7098 0.4196 0.2902
v 0.195557 0.807129 0.022705 0.7216 0.4314 0.2784
v 0.183350 0.808105 0.022705 0.7529 0.4550 0.3059
v -0.302490 0.811523 0.022705 0.7490 0.4628 0.3294
v -0.352783 0.840332 0.022705 0.6824 0.6197 0.5686
v -0.010010 0.872070 0.022705 0.6079 0.3608 0.2941
v 0.008057 0.872070 0.022705 0.6157 0.3686 0.3059
v -0.028076 0.883301 0.022705 0.5647 0.3333 0.1882
v 0.025635 0.883301 0.022705 0.6276 0.4078 0.2706
v -0.034912 0.915039 0.022705 0.6393 0.3725 0.2588
v 0.032959 0.915039 0.022705 0.6941 0.4157 0.2902
v 0.034424 0.929199 0.022705 0.4196 0.2588 0.1647
v -0.036377 0.929688 0.022705 0.4823 0.2980 0.2000
v 0.034424 0.931152 0.022705 0.1137 0.0784 0.0510
v -0.045654 0.938477 0.022705 0.0980 0.0510 0.0196
v 0.042725 0.941406 0.022705 0.1020 0.0588 0.0196
v 0.047119 0.944336 0.022705 0.1216 0.0824 0.0471
v -0.052979 0.952637 0.022705 0.1569 0.1020 0.0706
v -0.053467 0.953613 0.022705 0.1608 0.1020 0.0667
v 0.043213 0.954590 0.022705 0.0902 0.0549 0.0275
v 0.043213 0.956543 0.022705 0.1137 0.0745 0.0275
v 0.046631 0.957031 0.022705 0.1216 0.0667 0.0392
v 0.037842 0.963867 0.022705 0.0980 0.0588 0.0275
v -0.047119 0.965820 0.022705 0.1882 0.1333 0.0902
v -0.036377 0.976562 0.022705 0.1333 0.0784 0.0392
v 0.033447 0.978027 0.022705 0.1020 0.0627 0.0471
v 0.032959 0.979980 0.022705 0.0941 0.0667 0.0471
v -0.036377 0.983398 0.022705 0.1608 0.1059 0.0627
v -0.059814 0.312012 0.022705 0.5686 0.3294 0.2157
v 0.057373 0.312012 0.022705 0.5490 0.2941 0.1804
v -0.069580 0.290527 0.022705 0.5333 0.2980 0.1961
v 0.067139 0.290527 0.022705 0.5608 0.2980 0.1922
v -0.081299 0.008301 0.022705 0.6863 0.5647 0.4550
v 0.079346 0.008301 0.022705 0.7098 0.6079 0.4784
v -0.072021 0.700684 0.023193 0.6706 0.3961 0.2588
v 0.069580 0.701172 0.023193 0.6902 0.4078 0.2667
v -0.075928 0.743164 0.023193 0.6510 0.3765 0.2353
v 0.073486 0.743164 0.023193 0.6628 0.4039 0.2706
v 0.398682 0.786133 0.023193 0.1176 0.0275 0.1490
v -0.302490 0.793457 0.023193 0.7137 0.4471 0.3059
v -0.313232 0.802246 0.023193 0.5843 0.3176 0.2157
v -0.207764 0.806641 0.023193 0.7451 0.4628 0.3216
v -0.312744 0.808105 0.023193 0.7333 0.4471 0.3098
v -0.169189 0.810059 0.023193 0.8235 0.5490 0.4078
v -0.312256 0.813477 0.023193 0.7490 0.4550 0.3019
v -0.008545 0.815430 0.023193 0.6471 0.3843 0.2471
v 0.006592 0.815430 0.023193 0.6079 0.3490 0.2235
v -0.291260 0.816406 0.023193 0.7451 0.4628 0.3176
v -0.302490 0.817871 0.023193 0.7137 0.4157 0.2745
v -0.357666 0.837891 0.023193 0.6863 0.6079 0.5569
v -0.011963 0.853516 0.023193 0.3019 0.1922 0.1137
v 0.010010 0.853516 0.023193 0.3176 0.2039 0.1333
v -0.034424 0.911133 0.023193 0.7137 0.4314 0.3019
v 0.032471 0.911133 0.023193 0.7020 0.4275 0.2941
v -0.039795 0.932617 0.023193 0.1059 0.0706 0.0431
v -0.036865 0.933594 0.023193 0.1216 0.0745 0.0510
v 0.038818 0.935059 0.023193 0.1530 0.1020 0.0549
v -0.042725 0.935547 0.023193 0.0902 0.0667 0.0314
v 0.042725 0.938477 0.023193 0.0902 0.0471 0.0157
v -0.049072 0.939453 0.023193 0.1059 0.0627 0.0353
v -0.050049 0.940918 0.023193 0.1255 0.0902 0.0588
v 0.047119 0.955566 0.023193 0.1333 0.0745 0.0392
v -0.042236 0.970215 0.023193 0.1569 0.1059 0.0588
v 0.000244 0.987305 0.023193 0.0745 0.0549 0.0196
v -0.002197 0.991699 0.023193 0.1569 0.1059 0.0745
v -0.016357 0.487793 0.023193 0.5098 0.2745 0.1608
v 0.013916 0.487793 0.023193 0.4980 0.2627 0.1530
v -0.117920 0.475098 0.023193 0.5216 0.3412 0.5804
v 0.115479 0.475098 0.023193 0.4196 0.2549 0.4941
v -0.093994 0.337402 0.023193 0.6628 0.3961 0.2588
v 0.091553 0.337402 0.023193 0.6510 0.3765 0.2314
v -0.093506 0.296387 0.023193 0.6432 0.3647 0.2471
v 0.091064 0.296387 0.023193 0.6550 0.3647 0.2392
v -0.085693 0.280762 0.023193 0.6589 0.3882 0.2588
v 0.083252 0.280762 0.023193 0.6157 0.3490 0.2196
v -0.085205 0.034668 0.023193 0.2235 0.1176 0.2941
v 0.082764 0.034668 0.023193 0.7176 0.5804 0.7020
v -0.080811 0.016113 0.023193 0.2627 0.1530 0.3137
v 0.078369 0.016113 0.023193 0.1647 0.0902 0.2392
v -0.079834 0.640137 0.023682 0.5412 0.4314 0.3843
v 0.077393 0.640137 0.023682 0.5608 0.4157 0.3608
v -0.072998 0.726074 0.023682 0.6315 0.3765 0.2432
v 0.070557 0.726074 0.023682 0.6157 0.3568 0.2235
v -0.389893 0.786133 0.023682 0.1255 0.0275 0.1804
v 0.324951 0.792969 0.023682 0.2706 0.1961 0.2196
v -0.322510 0.803711 0.023682 0.2157 0.1020 0.2196
v -0.311768 0.819336 0.023682 0.7490 0.4392 0.2863
v 0.312744 0.821289 0.023682 0.2745 0.1451 0.3412
v 0.449951 0.846191 0.023682 0.2627 0.1255 0.3451
v -0.409424 0.853516 0.023682 0.2745 0.1176 0.3333
v -0.015381 0.867188 0.023682 0.6157 0.3529 0.2353
v 0.012939 0.867188 0.023682 0.6236 0.3294 0.2392
v -0.012451 0.878418 0.023682 0.6039 0.3608 0.2745
v 0.010498 0.878418 0.023682 0.6471 0.4157 0.3490
v -0.011963 0.878906 0.023682 0.6393 0.3882 0.3098
v 0.009521 0.878906 0.023682 0.6432 0.4196 0.3451
v -0.009521 0.884766 0.023682 0.5804 0.2784 0.2118
v 0.007568 0.884766 0.023682 0.5647 0.2667 0.2039
v 0.038818 0.930664 0.023682 0.1098 0.0667 0.0353
v 0.033936 0.933105 0.023682 0.1373 0.0863 0.0549
v -0.050049 0.939941 0.023682 0.0902 0.0549 0.0314
v -0.047607 0.942871 0.023682 0.1216 0.0824 0.0431
v -0.053467 0.952148 0.023682 0.1490 0.1098 0.0706
v -0.053955 0.953613 0.023682 0.1608 0.1098 0.0745
v -0.050537 0.954102 0.023682 0.1137 0.0745 0.0353
v 0.040771 0.954102 0.023682 0.0863 0.0588 0.0275
v 0.040771 0.956543 0.023682 0.1137 0.0784 0.0392
v -0.045654 0.958984 0.023682 0.1294 0.0745 0.0314
v -0.045166 0.968262 0.023682 0.1451 0.0980 0.0627
v -0.048096 0.968750 0.023682 0.1412 0.0941 0.0549
v -0.034912 0.978027 0.023682 0.1333 0.0980 0.0745
v -0.005127 0.988281 0.023682 0.0902 0.0588 0.0275
v -0.003662 0.991699 0.023682 0.1373 0.0863 0.0471
v -0.104248 0.364258 0.023682 0.6824 0.4157 0.2745
v 0.101807 0.364258 0.023682 0.6745 0.3921 0.2549
v -0.052490 0.318359 0.023682 0.5137 0.2745 0.1608
v 0.050049 0.318359 0.023682 0.5333 0.2941 0.1804
v -0.076904 0.281250 0.023682 0.5686 0.3176 0.1961
v 0.074463 0.281250 0.023682 0.6157 0.3490 0.2235
v -0.125244 0.051758 0.023682 0.6941 0.6197 0.6000
v 0.123291 0.051758 0.023682 0.3529 0.2588 0.3647
v -0.291260 0.790039 0.024170 0.6980 0.4392 0.3059
v -0.318115 0.794922 0.024170 0.7098 0.4235 0.2980
v -0.302490 0.800293 0.024170 0.5608 0.2980 0.1804
v -0.183350 0.809082 0.024170 0.7529 0.4471 0.2941
v -0.322022 0.809082 0.024170 0.1686 0.0863 0.1765
v 0.087646 0.813965 0.024170 0.7294 0.4392 0.3019
v -0.031982 0.815918 0.024170 0.7020 0.4157 0.2706
v 0.030029 0.815918 0.024170 0.6980 0.4118 0.2745
v -0.315674 0.831055 0.024170 0.2353 0.1020 0.2549
v -0.016357 0.875000 0.024170 0.5804 0.3294 0.2275
v 0.013916 0.875000 0.024170 0.5921 0.3255 0.2353
v -0.014893 0.878418 0.024170 0.6000 0.3333 0.2432
v 0.012451 0.878418 0.024170 0.6197 0.4000 0.3255
v 0.031006 0.898926 0.024170 0.6039 0.3451 0.2118
v -0.032959 0.899414 0.024170 0.6628 0.3804 0.2667
v -0.019287 0.905273 0.024170 0.6471 0.3529 0.2549
v 0.017334 0.905273 0.024170 0.6824 0.3921 0.2902
v -0.014893 0.906250 0.024170 0.6589 0.3647 0.2745
v -0.023193 0.906250 0.024170 0.6667 0.3725 0.2706
v 0.012939 0.906250 0.024170 0.6824 0.3961 0.2980
v 0.021240 0.906250 0.024170 0.6706 0.3725 0.2706
v -0.011475 0.908691 0.024170 0.6589 0.3765 0.2902
v -0.026611 0.908691 0.024170 0.6667 0.3686 0.2667
v 0.009521 0.908691 0.024170 0.6785 0.3804 0.2823
v 0.024658 0.908691 0.024170 0.6785 0.3882 0.2902
v -0.029053 0.912109 0.024170 0.6550 0.3686 0.2627
v 0.027100 0.912109 0.024170 0.6471 0.3686 0.2745
v 0.036865 0.934082 0.024170 0.1176 0.0667 0.0353
v 0.038330 0.935059 0.024170 0.1333 0.0824 0.0471
v 0.040283 0.936035 0.024170 0.1333 0.0902 0.0510
v -0.045166 0.941406 0.024170 0.1255 0.0824 0.0353
v -0.046631 0.941406 0.024170 0.1255 0.0784 0.0471
v 0.044678 0.947266 0.024170 0.0980 0.0510 0.0196
v -0.049561 0.952148 0.024170 0.1059 0.0667 0.0353
v -0.053955 0.953125 0.024170 0.1608 0.1176 0.0824
v -0.046631 0.955078 0.024170 0.0980 0.0549 0.0235
v -0.044189 0.966309 0.024170 0.1412 0.0824 0.0510
v -0.048096 0.967773 0.024170 0.1490 0.1020 0.0627
v 0.036377 0.968750 0.024170 0.1490 0.0980 0.0471
v -0.050537 0.969727 0.024170 0.1530 0.0980 0.0549
v 0.033936 0.971191 0.024170 0.1176 0.0627 0.0196
v -0.037354 0.979980 0.024170 0.1333 0.0824 0.0510
v 0.032959 0.980469 0.024170 0.1176 0.0784 0.0471
v -0.109131 0.378418 0.024170 0.5882 0.3333 0.2196
v 0.106689 0.378418 0.024170 0.5804 0.3216 0.2000
v -0.067627 0.295898 0.024170 0.5098 0.2863 0.1804
v 0.065186 0.295898 0.024170 0.5608 0.3059 0.2000
v -0.155518 0.006836 0.024170 0.6941 0.5843 0.5059
v -0.154053 0.002930 0.024170 0.6941 0.5921 0.5255
v 0.151611 0.002930 0.024170 0.7333 0.6079 0.5255
v -0.082275 0.637207 0.024658 0.6471 0.6354 0.6157
v 0.079834 0.637207 0.024658 0.7725 0.7725 0.7490
v -0.074463 0.747070 0.024658 0.5490 0.3019 0.1765
v 0.072021 0.747070 0.024658 0.5686 0.3255 0.2039
v 0.406006 0.775391 0.024658 0.2000 0.0941 0.2745
v 0.330322 0.794434 0.024658 0.1804 0.0824 0.2392
v -0.279541 0.795410 0.024658 0.7333 0.4667 0.3216
v 0.097900 0.797363 0.024658 0.6236 0.3608 0.2314
v 0.315186 0.802734 0.024658 0.2314 0.1059 0.2863
v -0.196045 0.808105 0.024658 0.7333 0.4353 0.2863
v -0.088623 0.814453 0.024658 0.7294 0.4392 0.2823
v -0.321533 0.814453 0.024658 0.1922 0.0980 0.2000
v -0.321533 0.819824 0.024658 0.1569 0.0706 0.2157
v -0.016357 0.857422 0.024658 0.3490 0.2157 0.1176
v 0.013916 0.857422 0.024658 0.2627 0.1530 0.0706
v 0.017334 0.863281 0.024658 0.3412 0.2000 0.1137
v -0.019287 0.863770 0.024658 0.4157 0.2432 0.1569
v -0.015869 0.870117 0.024658 0.6157 0.3451 0.2235
v 0.013428 0.870117 0.024658 0.6118 0.3294 0.2353
v -0.014893 0.872070 0.024658 0.6118 0.3294 0.2432
v 0.012939 0.872070 0.024658 0.6039 0.3216 0.2275
v -0.011963 0.877441 0.024658 0.6354 0.4000 0.3216
v 0.009521 0.877441 0.024658 0.6432 0.4078 0.3333
v -0.015381 0.878906 0.024658 0.5921 0.3216 0.2314
v 0.013428 0.878906 0.024658 0.6039 0.3451 0.2784
v -0.017334 0.879883 0.024658 0.5686 0.3176 0.2196
v 0.014893 0.879883 0.024658 0.5961 0.3255 0.2432
v 0.027588 0.889648 0.024658 0.6510 0.4078 0.2627
v -0.029541 0.890137 0.024658 0.6118 0.3608 0.2353
v -0.009033 0.912109 0.024658 0.6315 0.3608 0.2667
v 0.007080 0.912109 0.024658 0.6039 0.3294 0.2627
v -0.008545 0.916016 0.024658 0.5608 0.3137 0.2432
v -0.030029 0.916016 0.024658 0.6510 0.3647 0.2667
v 0.006104 0.916016 0.024658 0.5373 0.3019 0.2235
v 0.028076 0.916016 0.024658 0.6667 0.3765 0.2823
v -0.029053 0.920410 0.024658 0.6471 0.3725 0.2706
v 0.027100 0.920410 0.024658 0.6667 0.3765 0.2823
v -0.041260 0.929688 0.024658 0.3412 0.1725 0.0980
v -0.041260 0.934570 0.024658 0.1098 0.0706 0.0353
v -0.044189 0.937012 0.024658 0.1412 0.1059 0.0784
v -0.045166 0.943359 0.024658 0.1373 0.0863 0.0510
v 0.043213 0.943359 0.024658 0.2078 0.1255 0.0784
v 0.043701 0.953613 0.024658 0.0941 0.0588 0.0275
v 0.044189 0.956543 0.024658 0.1294 0.0784 0.0431
v -0.045654 0.966309 0.024658 0.1451 0.0902 0.0627
v 0.033447 0.977539 0.024658 0.1137 0.0784 0.0471
v 0.033447 0.978027 0.024658 0.1137 0.0745 0.0392
v 0.036377 0.980469 0.024658 0.1137 0.0706 0.0353
v 0.020752 0.980957 0.024658 0.1647 0.1098 0.0745
v 0.025635 0.980957 0.024658 0.1294 0.0863 0.0431
v 0.029053 0.980957 0.024658 0.1137 0.0863 0.0471
v -0.032959 0.982910 0.024658 0.1412 0.0980 0.0588
v -0.035889 0.982910 0.024658 0.1686 0.1137 0.0549
v -0.004150 0.983887 0.024658 0.1608 0.0980 0.0549
v -0.001221 0.990723 0.024658 0.1137 0.0706 0.0471
v 0.153076 0.006836 0.024658 0.7333 0.6236 0.5294
v -0.150635 0.000000 0.024658 0.2941 0.2706 0.2667
v 0.148193 0.000000 0.024658 0.6118 0.5176 0.4510
v -0.071045 0.730957 0.025146 0.6197 0.3608 0.2314
v 0.068604 0.730957 0.025146 0.7059 0.4471 0.3059
v 0.456299 0.778320 0.025147 0.2549 0.1137 0.3216
v -0.098877 0.797852 0.025146 0.5764 0.3176 0.1922
v -0.291260 0.797852 0.025146 0.6236 0.3608 0.2314
v -0.362549 0.839844 0.025146 0.0863 0.0039 0.1882
v -0.012451 0.878418 0.025146 0.6079 0.3490 0.2784
v 0.010010 0.878418 0.025146 0.6471 0.4196 0.3451
v 0.031006 0.906738 0.025146 0.7176 0.4275 0.2902
v -0.033447 0.907227 0.025146 0.6980 0.4039 0.2823
v -0.032959 0.914551 0.025146 0.6157 0.3568 0.2471
v -0.034912 0.918457 0.025146 0.6824 0.4235 0.3019
v 0.032959 0.918457 0.025146 0.7137 0.4275 0.3176
v -0.009033 0.920410 0.025146 0.4941 0.2627 0.2118
v 0.007080 0.920410 0.025146 0.4706 0.2510 0.1961
v -0.011475 0.923828 0.025146 0.4275 0.2118 0.1725
v -0.026611 0.923828 0.025146 0.5373 0.2941 0.2118
v 0.009521 0.923828 0.025146 0.4392 0.2275 0.1804
v 0.024658 0.923828 0.025146 0.5137 0.2823 0.2157
v -0.014893 0.926270 0.025146 0.4039 0.1922 0.1530
v -0.023193 0.926270 0.025146 0.4196 0.2078 0.1569
v 0.012939 0.926270 0.025146 0.3843 0.1922 0.1412
v 0.021240 0.926270 0.025146 0.4157 0.2078 0.1608
v -0.039795 0.933594 0.025146 0.1216 0.0706 0.0353
v 0.033447 0.935547 0.025146 0.1530 0.0863 0.0588
v -0.035889 0.936523 0.025146 0.1294 0.0706 0.0431
v -0.046143 0.950195 0.025146 0.1020 0.0588 0.0353
v -0.051025 0.954590 0.025146 0.0941 0.0510 0.0078
v -0.047607 0.969727 0.025146 0.1490 0.0941 0.0588
v -0.036377 0.981445 0.025146 0.1530 0.0824 0.0588
v 0.009521 0.981445 0.025146 0.2275 0.1608 0.0941
v 0.014893 0.981445 0.025146 0.1843 0.1294 0.0902
v -0.039795 0.982910 0.025146 0.1412 0.0863 0.0471
v -0.003662 0.986816 0.025146 0.1294 0.0941 0.0549
v -0.004150 0.991211 0.025146 0.1059 0.0627 0.0314
v -0.114014 0.408203 0.025146 0.5686 0.3098 0.2118
v 0.111572 0.408203 0.025147 0.5530 0.3137 0.1961
v -0.112061 0.395508 0.025146 0.6118 0.3529 0.2118
v 0.109619 0.395508 0.025147 0.6079 0.3529 0.2235
v -0.031982 0.366699 0.025146 0.6315 0.3019 0.1412
v 0.029541 0.366699 0.025146 0.6157 0.3686 0.2549
v -0.064209 0.303711 0.025146 0.5137 0.2784 0.1725
v -0.075928 0.288086 0.025146 0.5490 0.2902 0.1922
v 0.073486 0.288086 0.025146 0.5569 0.2902 0.1843
v -0.084717 0.287109 0.025146 0.5882 0.3255 0.2196
v 0.082764 0.287109 0.025146 0.6276 0.3568 0.2353
v -0.154541 0.013672 0.025146 0.2549 0.1333 0.3176
v -0.070557 0.706055 0.025635 0.6745 0.4000 0.2627
v 0.068115 0.706055 0.025635 0.7294 0.4628 0.3098
v -0.355225 0.792969 0.025635 0.2706 0.1294 0.3019
v -0.360596 0.795410 0.025635 0.2275 0.1020 0.2549
v 0.091553 0.809082 0.025635 0.7372 0.4550 0.3059
v -0.320068 0.831543 0.025635 0.2353 0.1098 0.3333
v 0.356689 0.832520 0.025635 0.1725 0.0784 0.2118
v 0.459229 0.837891 0.025635 0.2392 0.1137 0.3216
v -0.425049 0.854004 0.025635 0.2588 0.1216 0.3412
v -0.009033 0.871094 0.025635 0.6236 0.3608 0.2902
v 0.007080 0.871094 0.025635 0.6276 0.3725 0.2941
v -0.024170 0.874512 0.025635 0.6589 0.4314 0.2863
v 0.021729 0.874512 0.025635 0.5412 0.3333 0.2078
v -0.011475 0.875977 0.025635 0.6432 0.4157 0.3568
v 0.009521 0.875977 0.025635 0.6354 0.4078 0.3490
v -0.014893 0.877441 0.025635 0.5804 0.3294 0.2353
v 0.012451 0.877441 0.025635 0.5647 0.3059 0.2392
v -0.016846 0.884277 0.025635 0.5921 0.3372 0.2353
v 0.014404 0.884277 0.025635 0.5725 0.3059 0.2196
v -0.016357 0.890137 0.025635 0.6157 0.3333 0.2353
v 0.013916 0.890137 0.025635 0.6236 0.3176 0.2275
v -0.031982 0.911621 0.025635 0.6432 0.3725 0.2549
v 0.030029 0.911621 0.025635 0.7333 0.4471 0.3098
v 0.031006 0.914062 0.025635 0.6471 0.3686 0.2432
v -0.019287 0.926758 0.025635 0.3804 0.1882 0.1373
v 0.017334 0.926758 0.025635 0.3686 0.1882 0.1294
v -0.048584 0.942383 0.025635 0.0902 0.0471 0.0314
v -0.034912 0.944824 0.025635 0.1098 0.0667 0.0510
v 0.032959 0.944824 0.025635 0.1137 0.0667 0.0392
v -0.045166 0.946289 0.025635 0.0902 0.0510 0.0196
v 0.041748 0.949707 0.025635 0.1451 0.0941 0.0588
v -0.046143 0.952637 0.025635 0.0902 0.0588 0.0196
v -0.045654 0.958008 0.025635 0.1373 0.0863 0.0549
v 0.039307 0.958984 0.025635 0.2039 0.1373 0.0784
v -0.044189 0.961914 0.025635 0.1098 0.0667 0.0392
v -0.048096 0.967285 0.025635 0.1176 0.0706 0.0510
v 0.030518 0.975586 0.025635 0.1255 0.0745 0.0392
v -0.033447 0.979492 0.025635 0.1255 0.0824 0.0431
v 0.032959 0.979492 0.025635 0.1176 0.0784 0.0431
v -0.030029 0.981934 0.025635 0.0824 0.0431 0.0196
v 0.004150 0.981934 0.025635 0.1373 0.0902 0.0549
v -0.001221 0.982422 0.025635 0.1647 0.1059 0.0667
v -0.001709 0.986328 0.025635 0.1569 0.1020 0.0549
v -0.093994 0.326172 0.025635 0.6550 0.3765 0.2510
v 0.091553 0.326172 0.025635 0.6863 0.3843 0.2432
v -0.093506 0.308594 0.025635 0.5725 0.3098 0.2078
v 0.091064 0.308594 0.025635 0.6236 0.3372 0.2118
v 0.061768 0.304199 0.025635 0.5490 0.2863 0.1804
v -0.090088 0.044434 0.025635 0.2510 0.1490 0.3216
v 0.087646 0.044434 0.025635 0.3216 0.2157 0.3843
v 0.152100 0.013672 0.025635 0.2353 0.1294 0.2980
v -0.083252 0.623047 0.026123 0.4784 0.4118 0.3804
v 0.080811 0.623047 0.026123 0.5725 0.5098 0.4823
v 0.095459 0.803711 0.026123 0.7059 0.4235 0.2745
v -0.092529 0.809570 0.026123 0.7372 0.4628 0.3098
v 0.313232 0.812500 0.026123 0.2392 0.1020 0.3059
v 0.374756 0.846191 0.026123 0.2902 0.1294 0.3412
v -0.006592 0.851562 0.026123 0.2941 0.1843 0.1294
v 0.004639 0.851562 0.026123 0.3098 0.1961 0.1333
v -0.021729 0.869629 0.026123 0.5961 0.3765 0.2510
v 0.019287 0.869629 0.026123 0.4667 0.2863 0.1765
v -0.001221 0.878418 0.026123 0.6432 0.4039 0.3294
v -0.014404 0.878418 0.026123 0.5843 0.3255 0.2314
v 0.011963 0.878418 0.026123 0.6000 0.3568 0.2823
v 0.023682 0.880371 0.026123 0.6079 0.3804 0.2392
v -0.025635 0.880859 0.026123 0.6785 0.4392 0.2980
v -0.017822 0.885742 0.026123 0.5882 0.3412 0.2353
v 0.015869 0.885742 0.026123 0.6276 0.3490 0.2588
v 0.036865 0.933594 0.026123 0.1176 0.0667 0.0353
v 0.038330 0.934082 0.026123 0.1216 0.0706 0.0392
v -0.046631 0.940430 0.026123 0.1294 0.0784 0.0431
v -0.044678 0.941895 0.026123 0.1373 0.0902 0.0549
v 0.044678 0.945312 0.026123 0.1569 0.0902 0.0549
v -0.050537 0.951660 0.026123 0.0941 0.0510 0.0275
v 0.044678 0.955078 0.026123 0.1216 0.0745 0.0392
v -0.048096 0.968750 0.026123 0.1530 0.0980 0.0627
v -0.044678 0.969727 0.026123 0.1608 0.1059 0.0588
v -0.006592 0.982910 0.026123 0.1020 0.0510 0.0196
v -0.018311 0.983887 0.026123 0.1137 0.0784 0.0471
v -0.012451 0.984375 0.026123 0.0824 0.0471 0.0157
v -0.003174 0.990234 0.026123 0.1020 0.0627 0.0431
v -0.020264 0.445801 0.026123 0.5490 0.2941 0.1686
v 0.017822 0.445801 0.026123 0.5451 0.2980 0.1765
v 0.128662 0.399902 0.026123 0.2510 0.1255 0.3451
v -0.048096 0.325684 0.026123 0.5686 0.3098 0.1843
v 0.045654 0.325684 0.026123 0.5843 0.3333 0.2118
v -0.089111 0.542480 0.026611 0.5530 0.3098 0.1882
v 0.086670 0.542480 0.026611 0.5569 0.3098 0.1882
v -0.070557 0.668457 0.026611 0.6745 0.3921 0.2432
v 0.068115 0.668457 0.026611 0.6706 0.3804 0.2353
v -0.070068 0.682129 0.026611 0.6785 0.4039 0.2627
v 0.067627 0.682129 0.026611 0.6628 0.3765 0.2314
v -0.096436 0.804199 0.026611 0.6941 0.4039 0.2588
v 0.075439 0.813965 0.026611 0.7255 0.4353 0.2902
v 0.314697 0.822754 0.026611 0.2784 0.1294 0.3176
v -0.325439 0.832031 0.026611 0.8627 0.8157 0.7372
v 0.351318 0.834473 0.026611 0.7764 0.7255 0.6276
v -0.013428 0.866699 0.026611 0.6354 0.3529 0.2432
v 0.010986 0.866699 0.026611 0.6471 0.3412 0.2510
v -0.013428 0.867188 0.026611 0.6393 0.3529 0.2353
v 0.010986 0.867188 0.026611 0.6315 0.3412 0.2471
v -0.009033 0.878906 0.026611 0.6510 0.4275 0.3529
v 0.007080 0.878906 0.026611 0.6432 0.4157 0.3372
v -0.005127 0.879395 0.026611 0.6471 0.4235 0.3568
v 0.002686 0.879395 0.026611 0.6393 0.4078 0.3372
v -0.035400 0.924316 0.026611 0.6432 0.3765 0.2627
v 0.033447 0.924316 0.026611 0.6628 0.3961 0.2823
v -0.039795 0.933105 0.026611 0.1176 0.0706 0.0314
v 0.034912 0.936523 0.026611 0.1137 0.0627 0.0431
v 0.038818 0.937988 0.026611 0.1569 0.1020 0.0549
v -0.043701 0.939941 0.026611 0.1608 0.1176 0.0784
v -0.048096 0.940918 0.026611 0.1176 0.0784 0.0471
v 0.040771 0.942383 0.026611 0.0706 0.0353 0.0039
v -0.051514 0.953125 0.026611 0.0824 0.0431 0.0118
v 0.020264 0.981445 0.026611 0.1098 0.0706 0.0471
v -0.024170 0.982910 0.026611 0.2078 0.1451 0.0902
v -0.001709 0.993652 0.026611 0.1176 0.0706 0.0431
v -0.018311 0.470703 0.026611 0.5333 0.2863 0.1686
v 0.015869 0.470703 0.026611 0.5255 0.2863 0.1647
v -0.132080 0.400391 0.026611 0.2392 0.1176 0.3529
v -0.076416 0.750000 0.027100 0.5569 0.3059 0.1961
v 0.073975 0.750000 0.027100 0.5216 0.2902 0.1725
v -0.320557 0.793457 0.027100 0.6000 0.3568 0.2706
v 0.357666 0.801758 0.027100 0.4589 0.3882 0.3961
v -0.076904 0.814453 0.027100 0.7686 0.4823 0.3294
v -0.001221 0.851074 0.027100 0.3608 0.2314 0.1569
v -0.030518 0.912109 0.027100 0.5530 0.2980 0.1922
v 0.028564 0.912109 0.027100 0.6902 0.4078 0.2823
v -0.031494 0.914062 0.027100 0.4784 0.2627 0.1882
v 0.029541 0.914062 0.027100 0.6393 0.3647 0.2471
v -0.032959 0.916504 0.027100 0.6393 0.3843 0.2706
v 0.031006 0.916504 0.027100 0.6902 0.4118 0.2863
v -0.041260 0.933594 0.027100 0.1059 0.0706 0.0431
v 0.043701 0.935547 0.027100 0.1020 0.0549 0.0314
v -0.037842 0.937012 0.027100 0.1216 0.0706 0.0392
v -0.042236 0.938477 0.027100 0.0824 0.0588 0.0196
v 0.039795 0.939941 0.027100 0.1255 0.0745 0.0353
v 0.040283 0.952637 0.027100 0.0745 0.0392 0.0039
v 0.041260 0.957520 0.027100 0.1373 0.0824 0.0431
v 0.036865 0.962891 0.027100 0.1686 0.1216 0.0627
v -0.045654 0.966309 0.027100 0.0745 0.0431 0.0196
v 0.033936 0.970215 0.027100 0.1451 0.1020 0.0588
v -0.041260 0.971191 0.027100 0.1608 0.0980 0.0588
v 0.029541 0.979004 0.027100 0.1137 0.0824 0.0431
v -0.114502 0.414062 0.027100 0.5608 0.3098 0.2118
v 0.112061 0.414062 0.027100 0.5490 0.3176 0.1961
v -0.093506 0.317383 0.027100 0.6236 0.3333 0.2196
v 0.091064 0.317383 0.027100 0.6315 0.3372 0.2118
v -0.138428 0.039062 0.027100 0.8117 0.7333 0.7372
v 0.135986 0.039062 0.027100 0.8235 0.7412 0.7294
v -0.139893 0.036133 0.027100 0.8078 0.7294 0.7333
v 0.137451 0.036133 0.027100 0.8078 0.7294 0.7294
v -0.070068 0.734375 0.027588 0.6276 0.3608 0.2235
v 0.067627 0.734375 0.027588 0.6706 0.4157 0.2784
v 0.084229 0.768066 0.027588 0.6157 0.3568 0.2235
v 0.415772 0.769043 0.027588 0.3255 0.1530 0.4000
v 0.375732 0.790039 0.027588 0.1843 0.0667 0.2432
v -0.370361 0.797363 0.027588 0.1647 0.0471 0.2196
v 0.317139 0.802246 0.027588 0.2706 0.1530 0.3372
v 0.465576 0.827637 0.027588 0.2588 0.1098 0.3137
v 0.360596 0.833984 0.027588 0.2627 0.1294 0.3059
v -0.368408 0.841309 0.027588 0.2039 0.0627 0.2784
v -0.438232 0.853027 0.027588 0.3804 0.2196 0.4314
v -0.015869 0.858887 0.027588 0.4510 0.2980 0.1804
v 0.013428 0.858887 0.027588 0.3882 0.2471 0.1686
v -0.018311 0.865234 0.027588 0.5882 0.3804 0.2471
v 0.015869 0.865234 0.027588 0.5608 0.3647 0.2392
v -0.008057 0.870605 0.027588 0.6315 0.3765 0.2863
v 0.005615 0.871094 0.027588 0.6432 0.4000 0.3294
v -0.009033 0.884277 0.027588 0.5882 0.2863 0.2078
v 0.006592 0.884277 0.027588 0.5569 0.2549 0.2078
v -0.030029 0.895020 0.027588 0.6745 0.3961 0.2784
v 0.028076 0.895020 0.027588 0.6315 0.3568 0.2235
v 0.028564 0.908203 0.027588 0.7216 0.4314 0.2941
v -0.030518 0.908691 0.027588 0.6824 0.3921 0.2863
v -0.034424 0.939453 0.027588 0.1216 0.0667 0.0510
v -0.044678 0.949219 0.027588 0.0941 0.0510 0.0118
v -0.047607 0.956543 0.027588 0.1255 0.0824 0.0471
v -0.042725 0.965332 0.027588 0.1255 0.0863 0.0510
v 0.037354 0.969238 0.027588 0.1373 0.0863 0.0471
v 0.029541 0.974609 0.027588 0.1490 0.0941 0.0510
v -0.034912 0.975586 0.027588 0.1059 0.0627 0.0314
v -0.118896 0.458008 0.027588 0.4706 0.2902 0.5333
v -0.084229 0.295898 0.027588 0.6628 0.3725 0.2588
v 0.081787 0.295898 0.027588 0.6902 0.3961 0.2745
v -0.082275 0.026855 0.027588 0.6236 0.4784 0.6628
v -0.086670 0.609375 0.028076 0.6550 0.6079 0.5412
v 0.083740 0.609375 0.028076 0.5608 0.5059 0.4589
v -0.070557 0.709473 0.028076 0.6863 0.4157 0.2784
v 0.068115 0.709473 0.028076 0.6863 0.4118 0.2784
v -0.086182 0.768066 0.028076 0.6197 0.3608 0.2275
v 0.090576 0.781738 0.028076 0.6118 0.3451 0.2039
v 0.465576 0.790527 0.028076 0.2667 0.0902 0.3216
v -0.018311 0.813965 0.028076 0.6941 0.4118 0.2588
v 0.015869 0.813965 0.028076 0.6824 0.4078 0.2667
v 0.319092 0.823730 0.028076 0.7882 0.7255 0.6510
v 0.324951 0.823730 0.028076 0.7764 0.7137 0.6315
v -0.020264 0.870605 0.028076 0.6510 0.4196 0.2902
v 0.017822 0.870605 0.028076 0.5725 0.3804 0.2510
v -0.013428 0.871582 0.028076 0.6079 0.3372 0.2392
v 0.010986 0.871582 0.028076 0.6197 0.3333 0.2392
v 0.020264 0.874023 0.028076 0.6315 0.4196 0.2784
v -0.022217 0.874512 0.028076 0.6550 0.4196 0.2784
v -0.014893 0.876953 0.028076 0.5843 0.3451 0.2432
v 0.012939 0.876953 0.028076 0.5569 0.2980 0.2157
v -0.026611 0.886230 0.028076 0.6785 0.4157 0.2784
v 0.024658 0.886230 0.028076 0.6589 0.4039 0.2667
v -0.031006 0.902832 0.028076 0.7333 0.4432 0.3098
v 0.029053 0.902832 0.028076 0.7255 0.4353 0.2902
v 0.017334 0.905762 0.028076 0.6589 0.3686 0.2706
v -0.019287 0.906250 0.028076 0.6785 0.3882 0.2902
v -0.015381 0.906738 0.028076 0.6706 0.3804 0.2902
v -0.023193 0.906738 0.028076 0.6745 0.3804 0.2784
v 0.013428 0.906738 0.028076 0.6980 0.4078 0.3098
v 0.020752 0.906738 0.028076 0.6628 0.3686 0.2667
v 0.024170 0.908691 0.028076 0.6902 0.3921 0.2863
v -0.026123 0.909180 0.028076 0.6589 0.3725 0.2706
v 0.028076 0.913574 0.028076 0.6276 0.3608 0.2392
v -0.030518 0.914062 0.028076 0.3412 0.1647 0.1059
v -0.033936 0.937500 0.028076 0.4706 0.2588 0.1843
v 0.031982 0.937500 0.028076 0.5373 0.2902 0.1961
v 0.031982 0.939453 0.028076 0.4157 0.2471 0.1843
v -0.046631 0.944824 0.028076 0.0902 0.0510 0.0196
v 0.034912 0.966309 0.028076 0.1333 0.0902 0.0471
v -0.045166 0.968262 0.028076 0.0667 0.0353 0.0157
v 0.025635 0.978516 0.028076 0.1059 0.0667 0.0275
v -0.029541 0.979492 0.028076 0.1098 0.0706 0.0353
v 0.116943 0.458008 0.028076 0.4706 0.2902 0.5608
v -0.114502 0.429199 0.028076 0.5490 0.3098 0.2314
v -0.073486 0.295410 0.028076 0.5530 0.3098 0.2000
v 0.071045 0.295410 0.028076 0.5882 0.3137 0.2039
v -0.114014 0.052246 0.028076 0.1137 0.0588 0.2000
v 0.079834 0.026855 0.028076 0.2667 0.1686 0.3216
v -0.151611 0.022461 0.028076 0.2353 0.1098 0.2745
v 0.149658 0.022461 0.028076 0.1451 0.0549 0.2000
v -0.085693 0.605957 0.028564 0.7804 0.7372 0.6432
v 0.082764 0.605957 0.028564 0.6941 0.6432 0.5530
v -0.071045 0.714355 0.028564 0.6276 0.3568 0.2275
v 0.068604 0.714355 0.028564 0.6706 0.3921 0.2588
v -0.092041 0.782227 0.028564 0.6550 0.3882 0.2510
v -0.398682 0.787109 0.028564 0.1922 0.0588 0.2392
v 0.468506 0.815918 0.028565 0.3059 0.1451 0.3647
v -0.312744 0.821777 0.028564 0.7490 0.4471 0.2823
v -0.011963 0.854492 0.028564 0.3294 0.2157 0.1490
v 0.009521 0.854492 0.028564 0.3451 0.2196 0.1530
v -0.001221 0.865234 0.028564 0.6354 0.3294 0.2432
v -0.007568 0.865723 0.028564 0.6276 0.3372 0.2392
v 0.005127 0.865723 0.028564 0.6236 0.3255 0.2392
v -0.014404 0.874023 0.028564 0.6432 0.4000 0.3019
v 0.011963 0.874023 0.028564 0.6157 0.3568 0.2627
v -0.011475 0.877441 0.028564 0.5412 0.2823 0.2039
v 0.009033 0.877441 0.028564 0.5764 0.3176 0.2510
v -0.011475 0.877930 0.028564 0.5490 0.2902 0.2118
v -0.011963 0.877930 0.028564 0.5569 0.3019 0.2275
v 0.009033 0.877930 0.028564 0.5412 0.2902 0.2157
v 0.009521 0.877930 0.028564 0.5255 0.2784 0.2157
v 0.021729 0.878906 0.028564 0.6197 0.3882 0.2432
v -0.023682 0.879395 0.028564 0.6315 0.3882 0.2510
v -0.011963 0.908691 0.028564 0.6510 0.3804 0.2863
v 0.010010 0.908691 0.028564 0.6550 0.3843 0.2941
v -0.029053 0.909668 0.028564 0.5882 0.3059 0.2118
v 0.026611 0.909668 0.028564 0.7372 0.4471 0.3137
v -0.010010 0.912109 0.028564 0.5255 0.2902 0.2235
v -0.028564 0.912109 0.028564 0.5451 0.3216 0.2510
v 0.008057 0.912109 0.028564 0.5059 0.2823 0.2118
v 0.026123 0.912109 0.028564 0.5412 0.2941 0.2196
v -0.029541 0.912598 0.028564 0.5098 0.2706 0.1882
v 0.027588 0.912598 0.028564 0.6667 0.4000 0.2784
v -0.026611 0.914062 0.028564 0.5764 0.3882 0.3216
v 0.024658 0.914062 0.028564 0.5333 0.3019 0.2275
v 0.029541 0.915039 0.028564 0.6118 0.3412 0.2196
v -0.031494 0.915527 0.028564 0.5216 0.2863 0.2000
v -0.029053 0.916016 0.028564 0.5059 0.2784 0.2196
v 0.027100 0.916016 0.028564 0.5725 0.3176 0.2353
v -0.045654 0.933105 0.028564 0.1137 0.0706 0.0353
v 0.035889 0.936523 0.028564 0.1098 0.0627 0.0353
v 0.040771 0.937012 0.028564 0.0980 0.0549 0.0275
v 0.041748 0.937012 0.028564 0.0980 0.0549 0.0275
v -0.044678 0.952148 0.028564 0.1373 0.0863 0.0471
v 0.037354 0.966797 0.028564 0.1020 0.0784 0.0353
v 0.040283 0.970215 0.028564 0.1412 0.0863 0.0471
v 0.016357 0.981934 0.028564 0.1451 0.0941 0.0627
v -0.113525 0.451172 0.028564 0.5451 0.3137 0.2353
v 0.111084 0.451172 0.028564 0.5373 0.3059 0.2627
v 0.112061 0.429199 0.028564 0.5294 0.3059 0.2078
v -0.086670 0.357910 0.028564 0.5451 0.3059 0.1922
v 0.084229 0.357910 0.028564 0.6157 0.3529 0.2314
v -0.064697 0.320801 0.028564 0.5764 0.3176 0.2039
v 0.062256 0.320312 0.028564 0.6471 0.3725 0.2392
v 0.111572 0.052246 0.028564 0.1333 0.0784 0.1725
v -0.070557 0.658691 0.029053 0.7529 0.4628 0.3176
v 0.068115 0.658691 0.029053 0.7020 0.4000 0.2471
v -0.069580 0.691406 0.029053 0.7098 0.4353 0.2941
v 0.067139 0.691406 0.029053 0.6785 0.3882 0.2549
v 0.441162 0.767578 0.029053 0.2039 0.0745 0.2706
v -0.324951 0.793945 0.029053 0.1373 0.0824 0.2667
v 0.468994 0.803223 0.029053 0.2432 0.1137 0.3216
v 0.327393 0.804199 0.029053 0.2706 0.1373 0.3333
v -0.010986 0.866211 0.029053 0.6432 0.3647 0.2549
v 0.008545 0.866211 0.029053 0.6393 0.3490 0.2510
v -0.017334 0.867188 0.029053 0.6354 0.4039 0.2706
v 0.014893 0.867188 0.029053 0.5882 0.3804 0.2549
v -0.013428 0.877441 0.029053 0.5725 0.3176 0.2275
v 0.011475 0.877441 0.029053 0.5176 0.2706 0.2000
v -0.015381 0.879395 0.029053 0.5686 0.3333 0.2314
v 0.012939 0.879395 0.029053 0.5569 0.3019 0.2196
v -0.015869 0.888672 0.029053 0.6039 0.3568 0.2471
v 0.013428 0.888672 0.029053 0.6315 0.3608 0.2627
v -0.026123 0.913574 0.029053 0.5608 0.3725 0.3137
v 0.024170 0.913574 0.029053 0.5451 0.3098 0.2235
v -0.030029 0.914551 0.029053 0.2902 0.1451 0.0941
v 0.028076 0.914551 0.029053 0.5843 0.3137 0.2000
v -0.009033 0.916016 0.029053 0.4157 0.2196 0.1804
v 0.007080 0.916016 0.029053 0.4589 0.2510 0.1922
v 0.026123 0.919434 0.029053 0.6354 0.3608 0.2627
v -0.010010 0.919922 0.029053 0.4000 0.2039 0.1530
v -0.028564 0.919922 0.029053 0.6039 0.3412 0.2510
v 0.008057 0.919922 0.029053 0.3725 0.1961 0.1608
v -0.033936 0.920898 0.029053 0.6432 0.3921 0.2549
v 0.031982 0.920898 0.029053 0.7059 0.4353 0.3137
v -0.026123 0.922852 0.029053 0.5530 0.3098 0.2235
v 0.024170 0.922852 0.029053 0.5098 0.2784 0.2157
v 0.040283 0.936035 0.029053 0.0980 0.0549 0.0314
v -0.038818 0.936523 0.029053 0.1137 0.0627 0.0314
v -0.044189 0.941895 0.029053 0.1686 0.1255 0.0863
v 0.040771 0.944824 0.029053 0.0706 0.0314 0.0000
v -0.047119 0.952637 0.029053 0.1216 0.0706 0.0392
v -0.048584 0.954590 0.029053 0.1255 0.0706 0.0314
v 0.041748 0.955078 0.029053 0.0627 0.0353 0.0078
v 0.038818 0.958984 0.029053 0.1294 0.0745 0.0235
v 0.040283 0.968750 0.029053 0.1451 0.0902 0.0510
v -0.001221 0.978516 0.029053 0.1490 0.1020 0.0588
v -0.006592 0.979492 0.029053 0.2000 0.1333 0.0980
v 0.004150 0.979492 0.029053 0.1765 0.1176 0.0627
v 0.023193 0.979980 0.029053 0.1412 0.0980 0.0588
v 0.009033 0.980469 0.029053 0.1294 0.0745 0.0392
v 0.013428 0.980469 0.029053 0.1333 0.0667 0.0235
v -0.027100 0.981445 0.029053 0.1255 0.0824 0.0510
v -0.026611 0.984863 0.029053 0.1608 0.1098 0.0627
v -0.031494 0.382324 0.029053 0.6157 0.3019 0.1373
v 0.029053 0.382324 0.029053 0.5451 0.3176 0.1961
v -0.084717 0.348633 0.029053 0.6236 0.3647 0.2392
v 0.082275 0.348633 0.029053 0.6118 0.3529 0.2275
v -0.044678 0.333496 0.029053 0.6628 0.3725 0.2275
v 0.042725 0.333496 0.029053 0.5882 0.3294 0.2078
v 0.062256 0.320801 0.029053 0.6550 0.3843 0.2510
v 0.352295 0.798340 0.029541 0.2000 0.0784 0.2784
v 0.321533 0.802734 0.029541 0.7294 0.6745 0.6393
v -0.315186 0.803223 0.029541 0.6315 0.3412 0.2275
v 0.315186 0.812988 0.029541 0.2823 0.1530 0.3372
v 0.366455 0.834961 0.029541 0.2667 0.1255 0.3137
v -0.449463 0.847656 0.029541 0.3098 0.1608 0.3843
v -0.005615 0.871094 0.029541 0.6550 0.4078 0.3294
v 0.003662 0.871094 0.029541 0.6432 0.4118 0.3372
v -0.018799 0.871582 0.029541 0.6824 0.4353 0.2941
v 0.016357 0.871582 0.029541 0.5373 0.3333 0.2118
v -0.020752 0.874512 0.029541 0.6785 0.4353 0.2980
v 0.018311 0.874512 0.029541 0.6118 0.3804 0.2432
v -0.009521 0.875000 0.029541 0.6236 0.3804 0.3098
v 0.007568 0.875000 0.029541 0.5961 0.3333 0.2549
v -0.013428 0.876953 0.029541 0.5764 0.3294 0.2432
v 0.010986 0.876953 0.029541 0.5333 0.2823 0.2078
v -0.012939 0.877930 0.029541 0.5569 0.3137 0.2235
v 0.010498 0.877930 0.029541 0.5176 0.2745 0.2039
v -0.008057 0.878418 0.029541 0.5843 0.3255 0.2627
v -0.014404 0.878418 0.029541 0.5686 0.3255 0.2353
v -0.022217 0.878418 0.029541 0.6393 0.4275 0.2980
v 0.011963 0.878418 0.029541 0.5294 0.2823 0.2118
v 0.019775 0.878418 0.029541 0.6589 0.4235 0.2745
v 0.005615 0.878906 0.029541 0.5647 0.3019 0.2275
v -0.029541 0.899414 0.029541 0.7333 0.4392 0.3137
v 0.027588 0.899414 0.029541 0.7059 0.4157 0.2784
v -0.029053 0.914062 0.029541 0.4157 0.2784 0.2353
v 0.027100 0.914062 0.029541 0.5373 0.2902 0.1843
v -0.026123 0.914551 0.029541 0.5019 0.3451 0.2902
v 0.024170 0.914551 0.029541 0.5059 0.2902 0.2235
v -0.011963 0.922852 0.029541 0.3843 0.1961 0.1569
v 0.010010 0.922852 0.029541 0.3804 0.1922 0.1569
v -0.015381 0.925293 0.029541 0.3725 0.1804 0.1373
v -0.023193 0.925293 0.029541 0.4078 0.2118 0.1569
v 0.013428 0.925293 0.029541 0.3725 0.1843 0.1373
v 0.020752 0.925293 0.029541 0.4078 0.2157 0.1569
v -0.019287 0.925781 0.029541 0.3843 0.1765 0.1333
v 0.017334 0.925781 0.029541 0.3412 0.1686 0.1333
v 0.041260 0.936035 0.029541 0.1020 0.0549 0.0157
v 0.041748 0.936523 0.029541 0.1098 0.0627 0.0235
v 0.038330 0.937988 0.029541 0.0980 0.0588 0.0235
v -0.042236 0.941406 0.029541 0.1020 0.0667 0.0353
v 0.039307 0.941895 0.029541 0.1373 0.0863 0.0510
v 0.040283 0.948730 0.029541 0.1569 0.0863 0.0431
v -0.043701 0.960938 0.029541 0.1725 0.1176 0.0824
v 0.021729 0.984863 0.029541 0.1647 0.0941 0.0588
v -0.111084 0.466797 0.029541 0.5255 0.2941 0.2353
v 0.108643 0.466797 0.029541 0.5647 0.3216 0.2078
v -0.029541 0.395996 0.029541 0.5725 0.3059 0.1686
v 0.027588 0.395996 0.029541 0.5843 0.3216 0.2000
v -0.083740 0.338867 0.029541 0.6510 0.3765 0.2432
v 0.081299 0.338867 0.029541 0.7255 0.4432 0.2941
v -0.069092 0.738281 0.030029 0.6315 0.3725 0.2392
v 0.066650 0.738281 0.030029 0.6393 0.3804 0.2471
v -0.330322 0.794922 0.030029 0.8235 0.7529 0.7294
v 0.366943 0.801758 0.030029 0.1686 0.0588 0.2196
v -0.001221 0.806641 0.030029 0.6902 0.4314 0.2863
v 0.387940 0.848145 0.030029 0.2510 0.1176 0.3176
v -0.014893 0.861328 0.030029 0.5843 0.3725 0.2392
v 0.012451 0.861328 0.030029 0.5373 0.3608 0.2275
v -0.013428 0.872070 0.030029 0.6354 0.3882 0.2980
v 0.010986 0.872070 0.030029 0.6197 0.3529 0.2588
v -0.014404 0.876953 0.030029 0.5921 0.3490 0.2510
v 0.011963 0.876953 0.030029 0.5647 0.3294 0.2432
v -0.014893 0.877441 0.030029 0.5608 0.3294 0.2392
v 0.012451 0.877441 0.030029 0.5569 0.3176 0.2353
v -0.024170 0.883789 0.030029 0.6667 0.4078 0.2706
v 0.005615 0.883789 0.030029 0.5569 0.2627 0.1922
v 0.021729 0.883789 0.030029 0.6863 0.4314 0.2823
v -0.007568 0.884277 0.030029 0.5921 0.2863 0.2118
v -0.026611 0.891113 0.030029 0.7098 0.4196 0.2902
v 0.024658 0.891113 0.030029 0.7098 0.4235 0.2745
v -0.028076 0.905273 0.030029 0.7020 0.4078 0.2863
v 0.026123 0.905273 0.030029 0.7372 0.4510 0.3137
v -0.028076 0.910645 0.030029 0.5530 0.2823 0.1961
v 0.026123 0.910645 0.030029 0.7059 0.4314 0.2980
v 0.023193 0.912598 0.030029 0.5412 0.2902 0.2157
v -0.025146 0.913086 0.030029 0.5725 0.3804 0.3137
v -0.029053 0.913086 0.030029 0.5725 0.3529 0.2823
v 0.026611 0.913086 0.030029 0.6157 0.3568 0.2510
v -0.028564 0.914062 0.030029 0.4628 0.3333 0.2941
v 0.026123 0.914062 0.030029 0.5333 0.2941 0.2000
v -0.043213 0.935059 0.030029 0.1059 0.0627 0.0314
v -0.044189 0.935059 0.030029 0.1137 0.0667 0.0392
v -0.041260 0.937500 0.030029 0.1059 0.0667 0.0392
v -0.036377 0.939941 0.030029 0.1059 0.0706 0.0431
v 0.033447 0.939941 0.030029 0.1530 0.0706 0.0471
v -0.046143 0.942871 0.030029 0.1922 0.1373 0.0941
v -0.041748 0.968750 0.030029 0.0941 0.0627 0.0275
v 0.039795 0.971191 0.030029 0.1412 0.0863 0.0510
v 0.042236 0.972656 0.030029 0.1451 0.0941 0.0510
v -0.012451 0.982422 0.030029 0.1882 0.1333 0.0784
v -0.018799 0.983887 0.030029 0.2118 0.1412 0.0863
v -0.024170 0.505859 0.030518 0.5490 0.2980 0.1647
v 0.021729 0.505859 0.030518 0.5412 0.2941 0.1647
v -0.406494 0.775879 0.030518 0.2432 0.1098 0.3137
v -0.006592 0.809570 0.030518 0.6000 0.3412 0.2039
v 0.004639 0.809570 0.030518 0.6354 0.3686 0.2353
v 0.325439 0.813965 0.030518 0.7176 0.6471 0.5804
v -0.003662 0.871094 0.030518 0.6510 0.4000 0.3255
v -0.010986 0.871094 0.030518 0.5804 0.3294 0.2432
v 0.001221 0.871094 0.030518 0.6432 0.4078 0.3294
v 0.008545 0.871094 0.030518 0.6079 0.3294 0.2432
v -0.019287 0.875000 0.030518 0.7059 0.4706 0.3333
v 0.017334 0.875000 0.030518 0.6079 0.3882 0.2549
v -0.020264 0.877930 0.030518 0.3098 0.1255 0.0392
v 0.018311 0.877930 0.030518 0.6039 0.3882 0.2510
v 0.012939 0.881348 0.030518 0.5569 0.3137 0.2235
v -0.014893 0.881836 0.030518 0.5530 0.3255 0.2157
v -0.014893 0.883789 0.030518 0.5490 0.3255 0.2196
v 0.012451 0.883789 0.030518 0.5451 0.2941 0.2118
v -0.014404 0.889648 0.030518 0.6039 0.3686 0.2588
v 0.012451 0.889648 0.030518 0.6315 0.3686 0.2706
v -0.026123 0.907227 0.030518 0.5725 0.2980 0.1843
v 0.024170 0.907227 0.030518 0.6980 0.4196 0.2784
v -0.013428 0.912598 0.030518 0.4432 0.2627 0.2000
v 0.011475 0.912598 0.030518 0.4706 0.3176 0.2706
v -0.013428 0.913086 0.030518 0.4471 0.2667 0.2157
v 0.011475 0.913086 0.030518 0.4392 0.3059 0.2627
v 0.026123 0.913086 0.030518 0.6000 0.3490 0.2432
v -0.028076 0.913574 0.030518 0.5843 0.4275 0.3725
v -0.025146 0.915039 0.030518 0.3608 0.2392 0.2000
v 0.023193 0.915039 0.030518 0.4863 0.2823 0.2118
v -0.031982 0.917969 0.030518 0.6550 0.3882 0.2823
v 0.030029 0.917969 0.030518 0.6863 0.4078 0.2863
v -0.033936 0.922852 0.030518 0.5333 0.3019 0.1961
v 0.031982 0.922852 0.030518 0.6393 0.3843 0.2784
v -0.032959 0.931152 0.030518 0.6354 0.3568 0.2314
v 0.031006 0.931152 0.030518 0.5961 0.3216 0.2275
v -0.042725 0.934082 0.030518 0.1137 0.0627 0.0353
v 0.037842 0.938477 0.030518 0.1059 0.0667 0.0353
v 0.039795 0.938965 0.030518 0.1137 0.0627 0.0314
v -0.031982 0.942383 0.030518 0.1961 0.1020 0.0706
v -0.045166 0.947754 0.030518 0.1020 0.0588 0.0314
v -0.040771 0.964355 0.030518 0.1686 0.1059 0.0588
v 0.036865 0.970703 0.030518 0.1176 0.0784 0.0431
v -0.028076 0.983887 0.030518 0.1608 0.1098 0.0627
v 0.018799 0.984863 0.030518 0.0667 0.0588 0.0235
v -0.023682 0.985352 0.030518 0.1216 0.0784 0.0510
v -0.107178 0.482422 0.030518 0.5412 0.3059 0.1961
v 0.104736 0.482422 0.030518 0.5569 0.3137 0.2078
v -0.102295 0.051270 0.030518 0.2745 0.2118 0.2863
v -0.098389 0.513672 0.031006 0.5530 0.3019 0.2157
v 0.095947 0.513672 0.031006 0.5333 0.3019 0.2118
v 0.428467 0.766113 0.031006 0.2823 0.1373 0.3412
v -0.456787 0.779297 0.031006 0.2510 0.1176 0.3176
v 0.053467 0.810547 0.031006 0.7255 0.4392 0.2941
v -0.055420 0.811035 0.031006 0.7451 0.4550 0.3059
v -0.313232 0.812988 0.031006 0.7176 0.4157 0.2863
v 0.355713 0.825684 0.031006 0.1686 0.0784 0.2157
v -0.356201 0.833008 0.031006 0.5764 0.5059 0.4706
v -0.006592 0.853027 0.031006 0.3137 0.2078 0.1490
v 0.004150 0.853027 0.031006 0.3412 0.2275 0.1647
v -0.013916 0.863770 0.031006 0.6745 0.4471 0.3019
v 0.011475 0.863770 0.031006 0.6315 0.4235 0.2941
v -0.008057 0.866211 0.031006 0.6510 0.3686 0.2706
v 0.006104 0.866211 0.031006 0.6471 0.3568 0.2588
v -0.016357 0.869141 0.031006 0.6745 0.4314 0.2941
v 0.013916 0.869141 0.031006 0.6354 0.4196 0.2902
v -0.001221 0.870605 0.031006 0.6510 0.4000 0.3255
v -0.017822 0.872559 0.031006 0.6941 0.4392 0.2902
v 0.015381 0.872559 0.031006 0.6550 0.4314 0.2980
v -0.018311 0.875488 0.031006 0.7176 0.4745 0.3529
v 0.016357 0.875488 0.031006 0.6315 0.4118 0.2745
v -0.012939 0.876465 0.031006 0.6079 0.3843 0.3059
v 0.010986 0.876465 0.031006 0.6039 0.3725 0.2823
v -0.014893 0.876953 0.031006 0.5216 0.3137 0.2235
v 0.012939 0.876953 0.031006 0.5921 0.3647 0.2588
v -0.019287 0.877441 0.031006 0.3843 0.1922 0.1137
v 0.011963 0.877441 0.031006 0.5451 0.3137 0.2353
v 0.016846 0.877441 0.031006 0.5843 0.3725 0.2432
v -0.013916 0.877930 0.031006 0.5216 0.3059 0.2314
v -0.021729 0.882324 0.031006 0.6510 0.4118 0.2902
v 0.019775 0.882324 0.031006 0.6941 0.4550 0.3019
v -0.027100 0.895996 0.031006 0.7216 0.4353 0.2980
v 0.025146 0.895996 0.031006 0.6902 0.3961 0.2588
v -0.027588 0.911621 0.031006 0.6157 0.3529 0.2745
v 0.025635 0.911621 0.031006 0.6667 0.4039 0.2823
v -0.013916 0.912109 0.031006 0.4000 0.2118 0.1530
v -0.023193 0.912109 0.031006 0.6039 0.3921 0.3216
v 0.011963 0.912109 0.031006 0.5255 0.3372 0.2902
v 0.021240 0.912109 0.031006 0.5059 0.2549 0.1882
v -0.013916 0.914062 0.031006 0.3804 0.2078 0.1686
v 0.011963 0.914062 0.031006 0.3176 0.2235 0.2118
v -0.029053 0.915527 0.031006 0.3372 0.1843 0.1176
v 0.027100 0.915527 0.031006 0.5882 0.3294 0.2235
v 0.028564 0.916016 0.031006 0.6118 0.3451 0.2392
v -0.030518 0.916504 0.031006 0.5530 0.3294 0.2353
v -0.044189 0.934570 0.031006 0.1137 0.0667 0.0353
v 0.038818 0.952148 0.031006 0.1176 0.0627 0.0157
v -0.029541 0.953613 0.031006 0.1294 0.0667 0.0275
v 0.027588 0.953613 0.031006 0.0980 0.0627 0.0314
v 0.035889 0.962402 0.031006 0.1255 0.0784 0.0392
v 0.040283 0.968262 0.031006 0.1098 0.0627 0.0275
v 0.033447 0.971680 0.031006 0.1059 0.0745 0.0392
v 0.023682 0.983887 0.031006 0.1137 0.0706 0.0431
v -0.026611 0.419922 0.031006 0.5921 0.3255 0.1882
v 0.024170 0.419922 0.031006 0.5961 0.3333 0.2000
v 0.110107 0.415527 0.031006 0.5647 0.3255 0.2157
v -0.112061 0.415039 0.031006 0.5686 0.3176 0.2157
v -0.073975 0.331543 0.031006 0.6157 0.3490 0.2235
v 0.071533 0.331543 0.031006 0.6863 0.4196 0.2706
v -0.070557 0.308105 0.031006 0.5686 0.3137 0.2157
v 0.068115 0.308105 0.031006 0.5804 0.3059 0.2039
v 0.099854 0.051270 0.031006 0.5294 0.4706 0.4745
v -0.077393 0.551758 0.031494 0.5725 0.3176 0.1922
v 0.087158 0.598145 0.031494 0.4078 0.2078 0.4823
v -0.071045 0.648926 0.031494 0.6745 0.3843 0.2392
v 0.068604 0.648926 0.031494 0.7255 0.4157 0.2627
v -0.078369 0.754883 0.031494 0.5961 0.3372 0.2078
v 0.075928 0.754883 0.031494 0.6197 0.3686 0.2353
v 0.079346 0.805664 0.031494 0.7176 0.4235 0.2706
v 0.358643 0.809570 0.031494 0.2549 0.1216 0.2941
v 0.319580 0.813477 0.031494 0.7686 0.7059 0.6197
v -0.314697 0.823242 0.031494 0.2392 0.1216 0.1843
v -0.458740 0.839355 0.031494 0.2745 0.1216 0.3372
v -0.001221 0.852539 0.031494 0.3216 0.2078 0.1530
v -0.011475 0.855957 0.031494 0.3882 0.2549 0.1647
v 0.009033 0.855957 0.031494 0.3647 0.2471 0.1686
v -0.016846 0.875977 0.031494 0.6510 0.4000 0.2823
v -0.017822 0.875977 0.031494 0.6824 0.4392 0.3255
v 0.014893 0.875977 0.031494 0.6941 0.4589 0.3176
v 0.015381 0.875977 0.031494 0.6902 0.4550 0.3137
v -0.016357 0.876465 0.031494 0.6000 0.3608 0.2627
v 0.014404 0.876465 0.031494 0.6785 0.4432 0.3059
v -0.014893 0.876953 0.031494 0.5412 0.3216 0.2353
v -0.015381 0.876953 0.031494 0.5019 0.2863 0.2078
v -0.016357 0.876953 0.031494 0.5019 0.2823 0.1961
v -0.016846 0.876953 0.031494 0.5137 0.2902 0.1922
v 0.012451 0.876953 0.031494 0.5961 0.3647 0.2549
v 0.013428 0.876953 0.031494 0.6315 0.3882 0.2863
v 0.013916 0.876953 0.031494 0.6510 0.4078 0.2980
v 0.014404 0.876953 0.031494 0.6667 0.4314 0.3019
v 0.014893 0.876953 0.031494 0.6745 0.4432 0.3059
v -0.010010 0.877441 0.031494 0.5098 0.2745 0.2196
v -0.017334 0.877441 0.031494 0.5059 0.2784 0.1843
v -0.018311 0.877441 0.031494 0.4745 0.2549 0.1686
v 0.007568 0.877441 0.031494 0.5176 0.2745 0.2196
v 0.015869 0.877441 0.031494 0.6157 0.4039 0.2745
v -0.005127 0.877930 0.031494 0.5490 0.2823 0.2235
v 0.002686 0.877930 0.031494 0.5451 0.2745 0.2118
v 0.018311 0.880859 0.031494 0.5843 0.3608 0.2432
v -0.020264 0.881348 0.031494 0.5333 0.3255 0.2039
v -0.005615 0.883789 0.031494 0.5608 0.2667 0.2039
v 0.003662 0.883789 0.031494 0.5451 0.2510 0.1961
v -0.021240 0.911133 0.031494 0.5843 0.3451 0.2823
v 0.018799 0.911133 0.031494 0.5176 0.2941 0.2196
v -0.015869 0.911621 0.031494 0.4784 0.2432 0.1961
v 0.013916 0.911621 0.031494 0.5412 0.3098 0.2667
v -0.027100 0.912109 0.031494 0.6706 0.4432 0.3647
v 0.024658 0.912109 0.031494 0.6039 0.3529 0.2432
v -0.027588 0.914551 0.031494 0.3059 0.2157 0.2078
v 0.025635 0.914551 0.031494 0.4902 0.2627 0.1686
v 0.026611 0.914551 0.031494 0.5333 0.2863 0.1882
v -0.028564 0.915039 0.031494 0.1922 0.1059 0.0824
v -0.043701 0.934082 0.031494 0.1137 0.0667 0.0353
v 0.037354 0.937012 0.031494 0.1059 0.0627 0.0314
v -0.042725 0.937500 0.031494 0.1020 0.0627 0.0314
v 0.029053 0.942871 0.031494 0.6118 0.3568 0.2432
v 0.039307 0.944824 0.031494 0.1451 0.0980 0.0745
v -0.045166 0.957031 0.031494 0.1490 0.1059 0.0667
v 0.037354 0.966797 0.031494 0.1569 0.1059 0.0627
v -0.038818 0.969238 0.031494 0.1137 0.0667 0.0314
v 0.040283 0.970215 0.031494 0.1294 0.0706 0.0353
v 0.029541 0.973633 0.031494 0.0863 0.0471 0.0157
v -0.027588 0.986816 0.031494 0.1725 0.1216 0.0745
v -0.112061 0.450684 0.031494 0.5294 0.3019 0.2432
v 0.109619 0.450684 0.031494 0.5216 0.2863 0.2588
v -0.042725 0.342285 0.031494 0.6706 0.3765 0.2235
v 0.040283 0.342285 0.031494 0.6745 0.4000 0.2745
v -0.059814 0.325195 0.031494 0.5764 0.3216 0.2000
v 0.057373 0.325195 0.031494 0.5882 0.3412 0.2196
v -0.082764 0.308105 0.031494 0.6197 0.3451 0.2392
v 0.080322 0.308105 0.031494 0.6197 0.3412 0.2314
v -0.146729 0.030762 0.031494 0.2039 0.0863 0.2510
v 0.144287 0.030762 0.031494 0.1882 0.0784 0.2510
v 0.074951 0.551758 0.031982 0.5686 0.3255 0.2039
v -0.066162 0.719238 0.031982 0.6393 0.3686 0.2353
v 0.063721 0.719238 0.031982 0.7098 0.4353 0.2902
v 0.087158 0.789551 0.031982 0.7568 0.4745 0.3216
v -0.080811 0.806152 0.031982 0.7529 0.4471 0.2980
v -0.350830 0.834961 0.031982 0.7255 0.6550 0.5961
v -0.375244 0.845703 0.031982 0.2588 0.1059 0.3412
v -0.004639 0.865723 0.031982 0.6354 0.3725 0.2588
v 0.002197 0.865723 0.031982 0.6745 0.3961 0.2863
v -0.010498 0.871582 0.031982 0.6197 0.3804 0.3137
v 0.008057 0.871582 0.031982 0.6276 0.3843 0.2784
v 0.014404 0.873535 0.031982 0.6980 0.4550 0.3098
v -0.016846 0.874023 0.031982 0.7176 0.4667 0.3294
v 0.013916 0.876465 0.031982 0.6902 0.4432 0.3059
v -0.014404 0.876953 0.031982 0.4902 0.2823 0.2118
v -0.015381 0.876953 0.031982 0.5255 0.3019 0.2235
v -0.015869 0.876953 0.031982 0.5176 0.2902 0.2078
v 0.011963 0.876953 0.031982 0.5725 0.3529 0.2627
v 0.012939 0.876953 0.031982 0.6276 0.3921 0.2784
v -0.001221 0.877441 0.031982 0.5373 0.2784 0.2196
v -0.010498 0.877441 0.031982 0.4667 0.2588 0.2000
v 0.008057 0.877441 0.031982 0.5059 0.2784 0.2235
v 0.008545 0.877441 0.031982 0.4784 0.2667 0.2118
v -0.012939 0.877930 0.031982 0.4353 0.2510 0.1882
v 0.010498 0.877930 0.031982 0.5019 0.2784 0.2196
v -0.009033 0.889648 0.031982 0.6118 0.3137 0.2392
v 0.006592 0.889648 0.031982 0.5569 0.2823 0.2196
v -0.019287 0.908203 0.031982 0.6197 0.3333 0.2471
v 0.017334 0.908203 0.031982 0.6157 0.3412 0.2627
v -0.016357 0.908691 0.031982 0.5804 0.3176 0.2314
v -0.022217 0.908691 0.031982 0.6000 0.3216 0.2392
v -0.025635 0.908691 0.031982 0.5412 0.2667 0.1725
v 0.014404 0.908691 0.031982 0.6039 0.3490 0.2706
v 0.020264 0.908691 0.031982 0.5961 0.3294 0.2392
v 0.023682 0.908691 0.031982 0.6667 0.3921 0.2706
v -0.013916 0.910156 0.031982 0.5294 0.2980 0.2353
v -0.024658 0.910156 0.031982 0.5647 0.3333 0.2745
v 0.011475 0.910156 0.031982 0.5176 0.2980 0.2471
v 0.022705 0.910156 0.031982 0.5725 0.3059 0.2392
v -0.018311 0.911133 0.031982 0.5333 0.2784 0.2000
v 0.016357 0.911133 0.031982 0.5490 0.3019 0.2314
v -0.011963 0.912109 0.031982 0.5333 0.3294 0.2549
v 0.010010 0.912109 0.031982 0.6197 0.4275 0.3765
v -0.011963 0.912598 0.031982 0.4392 0.2823 0.2432
v -0.026123 0.912598 0.031982 0.7059 0.5647 0.5059
v 0.010010 0.912598 0.031982 0.5725 0.3961 0.3490
v 0.024170 0.912598 0.031982 0.5216 0.2863 0.2196
v -0.014893 0.915039 0.031982 0.3216 0.1725 0.1333
v 0.012939 0.915039 0.031982 0.2000 0.1373 0.1490
v 0.024658 0.915527 0.031982 0.4589 0.2588 0.2118
v -0.023682 0.916016 0.031982 0.2118 0.1098 0.0980
v -0.027100 0.916016 0.031982 0.2157 0.1255 0.1059
v 0.021729 0.916016 0.031982 0.4039 0.2392 0.1843
v -0.040771 0.937012 0.031982 0.1059 0.0667 0.0314
v -0.042236 0.943359 0.031982 0.0627 0.0392 0.0118
v -0.033936 0.973633 0.031982 0.1333 0.0863 0.0431
v -0.001221 0.975098 0.031982 0.0902 0.0627 0.0314
v 0.025146 0.976562 0.031982 0.1725 0.1098 0.0588
v -0.027100 0.979980 0.031982 0.1137 0.0784 0.0431
v 0.007568 0.980469 0.031982 0.1765 0.1255 0.0784
v -0.026123 0.987305 0.031982 0.1333 0.0863 0.0431
v 0.021240 0.987793 0.031982 0.1098 0.0706 0.0314
v -0.118408 0.438965 0.031982 0.4432 0.2706 0.5216
v -0.112061 0.429688 0.031982 0.5333 0.2902 0.2275
v 0.109619 0.429688 0.031982 0.5333 0.3294 0.2432
v -0.074463 0.340332 0.031982 0.5490 0.2980 0.1922
v 0.072021 0.340332 0.031982 0.6589 0.3961 0.2627
v -0.087158 0.538574 0.032471 0.5412 0.3019 0.1843
v 0.084717 0.538574 0.032471 0.5490 0.3059 0.1843
v -0.090576 0.598633 0.032471 0.2235 0.0863 0.3412
v -0.088623 0.790039 0.032471 0.7294 0.4628 0.3176
v -0.357178 0.802246 0.032471 0.2275 0.1020 0.2745
v -0.001221 0.865234 0.032471 0.6510 0.3804 0.2745
v -0.012939 0.866699 0.032471 0.6745 0.4235 0.2863
v 0.010498 0.866699 0.032471 0.6550 0.4353 0.3059
v -0.008057 0.870605 0.032471 0.5098 0.2863 0.2275
v 0.005615 0.870605 0.032471 0.6236 0.3725 0.2745
v -0.015381 0.871094 0.032471 0.6589 0.4078 0.2706
v 0.012939 0.871094 0.032471 0.6667 0.4314 0.2941
v -0.005615 0.874512 0.032471 0.5921 0.3333 0.2667
v -0.015869 0.874512 0.032471 0.6980 0.4432 0.3176
v 0.003174 0.874512 0.032471 0.6118 0.3529 0.2863
v 0.013916 0.874512 0.032471 0.7020 0.4589 0.3137
v -0.010986 0.876465 0.032471 0.5725 0.3490 0.2784
v 0.008545 0.876465 0.032471 0.6000 0.3686 0.2902
v -0.010498 0.876953 0.032471 0.5176 0.3098 0.2392
v -0.013428 0.876953 0.032471 0.5530 0.3137 0.2432
v -0.014893 0.876953 0.032471 0.4353 0.2235 0.1843
v 0.011475 0.876953 0.032471 0.6197 0.3882 0.2902
v 0.012451 0.876953 0.032471 0.5961 0.3765 0.2784
v -0.011963 0.877441 0.032471 0.4510 0.2549 0.2000
v 0.009521 0.877441 0.032471 0.4902 0.2667 0.2157
v -0.011963 0.877930 0.032471 0.4353 0.2392 0.1882
v 0.009521 0.877930 0.032471 0.4823 0.2588 0.2039
v -0.018799 0.879883 0.032471 0.5333 0.3333 0.2235
v 0.016846 0.879883 0.032471 0.4980 0.3019 0.2039
v -0.003662 0.883789 0.032471 0.5569 0.2549 0.2039
v -0.013428 0.883789 0.032471 0.5764 0.3490 0.2549
v 0.001221 0.883789 0.032471 0.5216 0.2471 0.1922
v 0.010986 0.883789 0.032471 0.5373 0.3098 0.2432
v -0.022217 0.888184 0.032471 0.7255 0.4353 0.2980
v 0.019775 0.888184 0.032471 0.6980 0.4235 0.2823
v -0.001221 0.890137 0.032471 0.5608 0.2667 0.2118
v -0.024170 0.902832 0.032471 0.6863 0.3843 0.2588
v 0.022217 0.902832 0.032471 0.7137 0.4235 0.2863
v -0.022705 0.905762 0.032471 0.6785 0.3882 0.2745
v 0.020264 0.905762 0.032471 0.6628 0.3921 0.2588
v -0.011475 0.915527 0.032471 0.3019 0.1608 0.1412
v 0.009521 0.915527 0.032471 0.2353 0.1608 0.1373
v -0.021240 0.916504 0.032471 0.2353 0.1333 0.1137
v 0.019287 0.916504 0.032471 0.3529 0.2078 0.1843
v -0.011963 0.918457 0.032471 0.3098 0.1490 0.1373
v 0.010010 0.918457 0.032471 0.2275 0.1451 0.1216
v 0.024170 0.918457 0.032471 0.6000 0.3765 0.3019
v -0.026123 0.918945 0.032471 0.5098 0.3451 0.2980
v 0.011475 0.920898 0.032471 0.2706 0.1451 0.1098
v 0.022705 0.920898 0.032471 0.4550 0.2588 0.2118
v -0.013916 0.921387 0.032471 0.2980 0.1451 0.1176
v -0.024658 0.921387 0.032471 0.4039 0.2235 0.1765
v -0.022217 0.922852 0.032471 0.2588 0.1255 0.0941
v 0.020264 0.922852 0.032471 0.2588 0.1412 0.1176
v -0.032959 0.926270 0.032471 0.6354 0.3961 0.2902
v 0.031006 0.926270 0.032471 0.4745 0.2784 0.1765
v 0.038818 0.937012 0.032471 0.1098 0.0627 0.0431
v 0.040283 0.937988 0.032471 0.1255 0.0706 0.0471
v 0.035400 0.940430 0.032471 0.0941 0.0549 0.0275
v 0.037842 0.941406 0.032471 0.0980 0.0588 0.0235
v -0.044678 0.945801 0.032471 0.1843 0.1294 0.0745
v -0.043701 0.951172 0.032471 0.0784 0.0431 0.0196
v -0.043213 0.954590 0.032471 0.1294 0.0745 0.0431
v 0.038330 0.956055 0.032471 0.1137 0.0667 0.0314
v -0.006592 0.976074 0.032471 0.2314 0.1608 0.1059
v -0.029541 0.977539 0.032471 0.1922 0.1373 0.0941
v 0.023193 0.978516 0.032471 0.1137 0.0706 0.0353
v 0.010986 0.979980 0.032471 0.1569 0.1059 0.0667
v 0.015869 0.980957 0.032471 0.0902 0.0627 0.0353
v -0.028564 0.986328 0.032471 0.1608 0.1059 0.0667
v 0.020264 0.987793 0.032471 0.1255 0.0745 0.0471
v -0.024658 0.495605 0.032471 0.5490 0.2941 0.1686
v 0.022217 0.495605 0.032471 0.5530 0.2980 0.1725
v 0.117432 0.439453 0.032471 0.3725 0.2039 0.4510
v -0.095947 0.366699 0.032471 0.6980 0.4196 0.2784
v 0.093506 0.366699 0.032471 0.7255 0.4392 0.3019
v -0.083740 0.327148 0.032471 0.6902 0.3961 0.2627
v 0.081299 0.327148 0.032471 0.7137 0.4157 0.2823
v -0.070068 0.320312 0.032471 0.7490 0.4510 0.3176
v 0.068115 0.320312 0.032471 0.7020 0.4118 0.2745
v -0.069580 0.313965 0.032471 0.6902 0.3961 0.2706
v 0.067139 0.313965 0.032471 0.6510 0.3608 0.2471
v -0.089600 0.039062 0.032471 0.6510 0.4980 0.7137
v 0.087158 0.039062 0.032471 0.7921 0.6745 0.7804
v -0.088623 0.036621 0.032471 0.6589 0.4823 0.6941
v 0.093994 0.568359 0.032959 0.5059 0.3137 0.5725
v 0.091553 0.583496 0.032959 0.4784 0.2784 0.5412
v -0.066162 0.630859 0.032959 0.6628 0.5725 0.5176
v 0.063721 0.630859 0.032959 0.6471 0.5490 0.4628
v -0.375732 0.790527 0.032959 0.2823 0.1294 0.3608
v 0.083252 0.797852 0.032959 0.6902 0.4078 0.2588
v -0.317139 0.802734 0.032959 0.3529 0.2196 0.2235
v 0.354248 0.808105 0.032959 0.7960 0.7255 0.6510
v 0.355225 0.817383 0.032959 0.1373 0.0706 0.1765
v 0.360107 0.827148 0.032959 0.1765 0.0863 0.2235
v -0.465576 0.829102 0.032959 0.2588 0.1059 0.3216
v -0.360107 0.834473 0.032959 0.3882 0.3529 0.3882
v 0.405518 0.851074 0.032959 0.2863 0.1530 0.3686
v -0.015381 0.875488 0.032959 0.6510 0.3961 0.2902
v 0.012939 0.875488 0.032959 0.6863 0.4510 0.3137
v -0.014893 0.875977 0.032959 0.6000 0.3490 0.2588
v 0.012451 0.875977 0.032959 0.6824 0.4432 0.3098
v -0.014404 0.876465 0.032959 0.5686 0.3255 0.2432
v 0.011963 0.876465 0.032959 0.6471 0.4118 0.2980
v -0.012939 0.876953 0.032959 0.4432 0.2627 0.2078
v 0.010986 0.876953 0.032959 0.5569 0.3333 0.2471
v 0.013428 0.876953 0.032959 0.6315 0.4118 0.3098
v -0.015381 0.877441 0.032959 0.3725 0.1608 0.1294
v -0.015869 0.877441 0.032959 0.3725 0.1647 0.1255
v 0.013916 0.877441 0.032959 0.6276 0.4078 0.2980
v -0.017822 0.878906 0.032959 0.5451 0.3255 0.2196
v 0.015381 0.878906 0.032959 0.4510 0.2588 0.1569
v -0.013916 0.883301 0.032959 0.5804 0.3568 0.2745
v 0.011475 0.883301 0.032959 0.5294 0.2980 0.2275
v -0.001221 0.883789 0.032959 0.5294 0.2588 0.2078
v -0.020264 0.885742 0.032959 0.7137 0.4432 0.2980
v 0.017822 0.885742 0.032959 0.7020 0.4392 0.2941
v -0.023193 0.893555 0.032959 0.7529 0.4706 0.3255
v 0.020752 0.893555 0.032959 0.7137 0.4157 0.2745
v -0.023682 0.898438 0.032959 0.7412 0.4471 0.3176
v 0.021729 0.898438 0.032959 0.7216 0.4235 0.2902
v 0.023193 0.909668 0.032959 0.6315 0.3568 0.2627
v -0.025146 0.910156 0.032959 0.6589 0.3804 0.2863
v -0.024658 0.910645 0.032959 0.6197 0.3647 0.2784
v 0.022705 0.910645 0.032959 0.5490 0.3019 0.2196
v -0.011475 0.912109 0.032959 0.5373 0.3372 0.2471
v -0.011963 0.912598 0.032959 0.5098 0.3176 0.2432
v -0.026611 0.915527 0.032959 0.1686 0.0980 0.0784
v 0.024658 0.915527 0.032959 0.5137 0.3019 0.2118
v 0.014404 0.916016 0.032959 0.1530 0.1020 0.1059
v -0.016357 0.916504 0.032959 0.2863 0.1412 0.1098
v -0.018799 0.916504 0.032959 0.2588 0.1451 0.1216
v 0.016846 0.916504 0.032959 0.2510 0.1412 0.1373
v -0.016357 0.922852 0.032959 0.2627 0.1255 0.0941
v 0.014404 0.922852 0.032959 0.2823 0.1333 0.1059
v -0.019287 0.923340 0.032959 0.2471 0.1176 0.0941
v 0.017334 0.923340 0.032959 0.2510 0.1451 0.1294
v -0.035889 0.931152 0.032959 0.3882 0.2314 0.1373
v -0.040771 0.936035 0.032959 0.1333 0.0784 0.0471
v -0.041260 0.940430 0.032959 0.0863 0.0588 0.0314
v -0.033936 0.942871 0.032959 0.1098 0.0667 0.0392
v 0.030518 0.943359 0.032959 0.2784 0.1451 0.0745
v 0.038818 0.947754 0.032959 0.0588 0.0353 0.0039
v 0.033447 0.966309 0.032959 0.1137 0.0745 0.0353
v 0.037354 0.968750 0.032959 0.1569 0.1098 0.0706
v 0.014404 0.979492 0.032959 0.1098 0.0667 0.0353
v -0.028076 0.982910 0.032959 0.1373 0.0863 0.0510
v 0.022217 0.987305 0.032959 0.1176 0.0745 0.0392
v -0.068115 0.331543 0.032959 0.5961 0.3451 0.2353
v 0.065674 0.331543 0.032959 0.5725 0.3294 0.2039
v 0.086182 0.036621 0.032959 0.5647 0.4471 0.5764
v -0.097412 0.568848 0.033447 0.4432 0.2784 0.5137
v -0.094971 0.583984 0.033447 0.3568 0.1882 0.4510
v -0.071533 0.639160 0.033447 0.5569 0.2863 0.1804
v 0.069092 0.639160 0.033447 0.6393 0.4550 0.3647
v -0.067139 0.687012 0.033447 0.6745 0.4078 0.2627
v 0.064697 0.687012 0.033447 0.6980 0.4157 0.2667
v -0.067627 0.742188 0.033447 0.5843 0.3372 0.2118
v 0.065186 0.742188 0.033447 0.5333 0.2980 0.1843
v -0.415772 0.769531 0.033447 0.3333 0.1804 0.3882
v 0.388916 0.789551 0.033447 0.3098 0.1333 0.3568
v -0.084717 0.798340 0.033447 0.6589 0.3686 0.2235
v -0.319092 0.823730 0.033447 0.2235 0.1137 0.3372
v -0.324463 0.824219 0.033447 0.9451 0.9176 0.8274
v 0.349854 0.826660 0.033447 0.8000 0.7490 0.6628
v -0.006592 0.854980 0.033447 0.3608 0.2314 0.1647
v 0.004150 0.854980 0.033447 0.3529 0.2471 0.1765
v 0.008545 0.858398 0.033447 0.4471 0.2941 0.2000
v -0.010986 0.858887 0.033447 0.5530 0.3568 0.2706
v -0.007080 0.871094 0.033447 0.4863 0.2784 0.2157
v 0.004639 0.871094 0.033447 0.6118 0.3686 0.2863
v -0.001221 0.874512 0.033447 0.6000 0.3568 0.2823
v -0.016846 0.877930 0.033447 0.4589 0.2392 0.1647
v 0.014404 0.877930 0.033447 0.5921 0.3804 0.2745
v -0.012451 0.883789 0.033447 0.6079 0.3765 0.2863
v 0.010010 0.883789 0.033447 0.5255 0.2980 0.2392
v 0.016357 0.883789 0.033447 0.6628 0.4353 0.3059
v -0.018799 0.884277 0.033447 0.6863 0.4589 0.3216
v -0.018311 0.906250 0.033447 0.6432 0.3686 0.2549
v 0.016357 0.906250 0.033447 0.5961 0.3372 0.2353
v 0.012451 0.907227 0.033447 0.5647 0.3255 0.2314
v -0.014404 0.907715 0.033447 0.5921 0.3333 0.2196
v -0.022217 0.907715 0.033447 0.5843 0.2941 0.1961
v 0.019775 0.907715 0.033447 0.5961 0.3294 0.2392
v -0.014404 0.909180 0.033447 0.5294 0.2863 0.1922
v 0.012451 0.909180 0.033447 0.4863 0.2432 0.1686
v -0.011475 0.910156 0.033447 0.5373 0.2902 0.1843
v 0.009521 0.910156 0.033447 0.4706 0.2314 0.1647
v -0.011963 0.911133 0.033447 0.5098 0.2941 0.1961
v 0.009521 0.911133 0.033447 0.5176 0.2549 0.2118
v -0.010498 0.911621 0.033447 0.4980 0.2745 0.1843
v -0.011963 0.911621 0.033447 0.5176 0.3216 0.2275
v 0.008545 0.911621 0.033447 0.5294 0.2863 0.2392
v 0.010010 0.911621 0.033447 0.5608 0.3019 0.2549
v 0.009033 0.912109 0.033447 0.5804 0.3568 0.2980
v 0.009521 0.912598 0.033447 0.6315 0.4510 0.4078
v -0.012451 0.913574 0.033447 0.4039 0.2275 0.1569
v 0.025146 0.915527 0.033447 0.5530 0.3098 0.2196
v -0.027100 0.916016 0.033447 0.2667 0.1647 0.1059
v -0.027588 0.916504 0.033447 0.4039 0.2392 0.1647
v 0.025635 0.916504 0.033447 0.5921 0.3372 0.2235
v -0.031982 0.921875 0.033447 0.6432 0.4078 0.2941
v 0.029541 0.921875 0.033447 0.7137 0.4314 0.3098
v -0.043213 0.936523 0.033447 0.1216 0.0706 0.0431
v -0.038330 0.939941 0.033447 0.1098 0.0627 0.0353
v -0.042236 0.959473 0.033447 0.1647 0.1098 0.0627
v 0.002686 0.977539 0.033447 0.1882 0.1294 0.0745
v -0.012451 0.980469 0.033447 0.1255 0.0824 0.0353
v 0.023193 0.982910 0.033447 0.1412 0.0902 0.0588
v 0.018799 0.983887 0.033447 0.1530 0.0941 0.0588
v -0.023682 0.984375 0.033447 0.1882 0.1412 0.0824
v -0.028076 0.985840 0.033447 0.1686 0.1059 0.0706
v -0.026123 0.986816 0.033447 0.1255 0.0863 0.0471
v -0.024170 0.447754 0.033447 0.5804 0.3216 0.1882
v 0.021729 0.447754 0.033447 0.5764 0.3216 0.1882
v -0.083252 0.314453 0.033447 0.6276 0.3372 0.2314
v 0.080811 0.314453 0.033447 0.6863 0.3921 0.2784
v 0.095459 0.554688 0.033936 0.4118 0.2275 0.4823
v -0.070557 0.629395 0.033936 0.6197 0.5490 0.4941
v 0.068115 0.629395 0.033936 0.6315 0.5451 0.4745
v -0.465576 0.791992 0.033935 0.2314 0.0941 0.2980
v -0.035889 0.806641 0.033936 0.7843 0.5176 0.3608
v 0.033936 0.806641 0.033936 0.7333 0.4510 0.3019
v 0.422119 0.852051 0.033936 0.2314 0.0941 0.3059
v -0.004639 0.870605 0.033936 0.4706 0.2667 0.2000
v 0.002197 0.870605 0.033936 0.5804 0.3529 0.2745
v -0.003662 0.871094 0.033936 0.4706 0.2667 0.2000
v 0.001709 0.871094 0.033936 0.5686 0.3412 0.2549
v -0.014404 0.872559 0.033936 0.6745 0.4235 0.2863
v 0.011963 0.872559 0.033936 0.6980 0.4589 0.3098
v -0.011475 0.876953 0.033936 0.5255 0.2980 0.2353
v -0.013428 0.876953 0.033936 0.4000 0.2235 0.2000
v 0.005127 0.876953 0.033936 0.5255 0.2980 0.2392
v 0.009033 0.876953 0.033936 0.6079 0.3765 0.2823
v -0.007080 0.877441 0.033936 0.4784 0.2588 0.1961
v -0.008545 0.877441 0.033936 0.4039 0.2275 0.1843
v 0.006104 0.877441 0.033936 0.4314 0.2471 0.1961
v -0.010986 0.877930 0.033936 0.3647 0.2039 0.1686
v 0.008545 0.877930 0.033936 0.4471 0.2471 0.2000
v 0.010010 0.889160 0.033936 0.6824 0.4235 0.3294
v -0.011963 0.889648 0.033936 0.6745 0.4157 0.3098
v -0.018799 0.903809 0.033936 0.6510 0.3647 0.2392
v 0.016846 0.903809 0.033936 0.6589 0.3804 0.2706
v -0.018311 0.907715 0.033936 0.5882 0.3176 0.2157
v 0.015869 0.907715 0.033936 0.5373 0.2902 0.1882
v -0.011475 0.909180 0.033936 0.5804 0.3216 0.2157
v -0.021729 0.909180 0.033936 0.5686 0.2823 0.2196
v 0.009521 0.909180 0.033936 0.4745 0.2471 0.1608
v 0.019775 0.909180 0.033936 0.5373 0.2863 0.2078
v 0.019287 0.909668 0.033936 0.5255 0.2863 0.2000
v -0.014404 0.910156 0.033936 0.4667 0.2510 0.1569
v -0.018311 0.910156 0.033936 0.5412 0.2745 0.1961
v -0.021729 0.910156 0.033936 0.5764 0.3019 0.2353
v 0.012451 0.910156 0.033936 0.5019 0.2471 0.1765
v 0.015869 0.910156 0.033936 0.5137 0.2745 0.2000
v -0.014893 0.911133 0.033936 0.4667 0.2353 0.1686
v 0.012939 0.911133 0.033936 0.6000 0.3451 0.2941
v -0.009521 0.911621 0.033936 0.4628 0.2275 0.1451
v 0.007568 0.911621 0.033936 0.4706 0.2353 0.1882
v -0.010986 0.912598 0.033936 0.4314 0.2314 0.1608
v 0.009033 0.912598 0.033936 0.6315 0.4235 0.3765
v -0.010010 0.913086 0.033936 0.3647 0.1647 0.0980
v 0.008057 0.913086 0.033936 0.5530 0.3137 0.2823
v 0.010498 0.913574 0.033936 0.6628 0.5373 0.5294
v 0.026611 0.916992 0.033936 0.6039 0.3490 0.2235
v -0.028564 0.917480 0.033936 0.5255 0.3098 0.2196
v -0.030029 0.919434 0.033936 0.7137 0.4432 0.3176
v 0.028076 0.919434 0.033936 0.6824 0.3961 0.2706
v -0.032471 0.923828 0.033936 0.3529 0.1882 0.1216
v 0.030518 0.923828 0.033936 0.5451 0.3176 0.2275
v -0.041748 0.935547 0.033936 0.1333 0.0863 0.0510
v 0.034912 0.938965 0.033936 0.0941 0.0510 0.0275
v -0.029053 0.944336 0.033936 0.6276 0.3843 0.3019
v -0.029053 0.944824 0.033936 0.6550 0.3765 0.2627
v 0.027100 0.944824 0.033936 0.6236 0.3490 0.2275
v 0.033447 0.969238 0.033936 0.1530 0.1098 0.0627
v -0.019287 0.981934 0.033936 0.1647 0.1020 0.0588
v 0.019775 0.987305 0.033936 0.1373 0.0824 0.0353
v -0.008545 0.393555 0.033936 0.1843 0.0784 0.2510
v -0.100830 0.375977 0.033936 0.6902 0.4235 0.2745
v 0.098389 0.375977 0.033936 0.6628 0.3765 0.2392
v -0.075928 0.349609 0.033936 0.5961 0.3372 0.2275
v 0.073486 0.349609 0.033936 0.6000 0.3372 0.2118
v -0.098877 0.554688 0.034424 0.1412 0.0471 0.2157
v -0.069092 0.638672 0.034424 0.5569 0.3098 0.1961
v 0.066650 0.638672 0.034424 0.6000 0.3529 0.2432
v -0.441650 0.769043 0.034424 0.2745 0.1216 0.3333
v 0.082275 0.773926 0.034424 0.6628 0.3921 0.2549
v -0.352295 0.798828 0.034424 0.1882 0.0824 0.2432
v -0.327393 0.804199 0.034424 0.8980 0.8313 0.7529
v -0.315186 0.812988 0.034424 0.1294 0.0588 0.1333
v -0.468506 0.817383 0.034424 0.3137 0.1608 0.3686
v -0.001221 0.854980 0.034424 0.3529 0.2353 0.1765
v -0.010498 0.861816 0.034424 0.6471 0.4353 0.2941
v 0.008057 0.861816 0.034424 0.5843 0.3961 0.2667
v -0.011963 0.869141 0.034424 0.6197 0.3882 0.2667
v 0.009521 0.869141 0.034424 0.6550 0.4235 0.2784
v -0.001221 0.870605 0.034424 0.4902 0.2706 0.2000
v -0.007568 0.875977 0.034424 0.5725 0.3490 0.2823
v 0.005615 0.875977 0.034424 0.6118 0.4000 0.3216
v -0.007568 0.876953 0.034424 0.4941 0.2823 0.2196
v -0.008057 0.876953 0.034424 0.4941 0.2863 0.2314
v 0.005127 0.876953 0.034424 0.5255 0.3059 0.2471
v 0.005615 0.876953 0.034424 0.5216 0.3059 0.2432
v 0.011475 0.876953 0.034424 0.5569 0.3451 0.2588
v -0.009033 0.877441 0.034424 0.3921 0.2157 0.1843
v 0.006592 0.877441 0.034424 0.4353 0.2471 0.2000
v -0.017334 0.882324 0.034424 0.4980 0.3098 0.2000
v 0.015381 0.882324 0.034424 0.5333 0.3490 0.2392
v -0.010986 0.884277 0.034424 0.6157 0.3725 0.2784
v 0.008545 0.884277 0.034424 0.5921 0.3647 0.2941
v -0.019287 0.900391 0.034424 0.7412 0.4510 0.3137
v 0.016846 0.900391 0.034424 0.6980 0.4039 0.2784
v 0.012451 0.905273 0.034424 0.6197 0.3647 0.2549
v -0.014893 0.905762 0.034424 0.6745 0.4039 0.2745
v -0.017822 0.909180 0.034424 0.5176 0.2471 0.1686
v 0.015869 0.909180 0.034424 0.5176 0.2627 0.1922
v -0.019287 0.911133 0.034424 0.6354 0.4039 0.3529
v 0.017334 0.911133 0.034424 0.6667 0.4000 0.3529
v -0.017822 0.911621 0.034424 0.6471 0.4314 0.3765
v -0.020752 0.911621 0.034424 0.7725 0.5647 0.5098
v 0.015381 0.911621 0.034424 0.6745 0.4392 0.3843
v 0.018799 0.911621 0.034424 0.6863 0.4235 0.3843
v -0.016357 0.912598 0.034424 0.6667 0.4667 0.4118
v -0.022217 0.912598 0.034424 0.4078 0.2314 0.1765
v 0.014404 0.912598 0.034424 0.6079 0.4118 0.3725
v 0.020264 0.912598 0.034424 0.6197 0.3804 0.3451
v -0.011963 0.914062 0.034424 0.3372 0.1686 0.1020
v -0.015381 0.914062 0.034424 0.3176 0.1530 0.1059
v -0.023193 0.914062 0.034424 0.1608 0.0549 0.0392
v 0.010010 0.914062 0.034424 0.6197 0.4823 0.4784
v 0.013428 0.914062 0.034424 0.2627 0.1137 0.0824
v 0.021240 0.914062 0.034424 0.3608 0.1922 0.1804
v -0.010986 0.914551 0.034424 0.2863 0.1333 0.0824
v 0.009033 0.914551 0.034424 0.4589 0.2823 0.2667
v -0.014893 0.915527 0.034424 0.3216 0.1765 0.1373
v -0.023682 0.915527 0.034424 0.0824 0.0471 0.0392
v 0.012939 0.915527 0.034424 0.1176 0.0667 0.0667
v 0.021729 0.915527 0.034424 0.2706 0.1412 0.1255
v -0.024170 0.916504 0.034424 0.2823 0.1569 0.0980
v 0.022217 0.916504 0.034424 0.5216 0.3098 0.2078
v 0.021240 0.916992 0.034424 0.3882 0.2157 0.1765
v -0.023193 0.917480 0.034424 0.2314 0.1412 0.1137
v -0.037354 0.934570 0.034424 0.1216 0.0745 0.0314
v 0.037842 0.943848 0.034424 0.1020 0.0627 0.0235
v -0.041748 0.954590 0.034424 0.1137 0.0706 0.0353
v -0.039795 0.962891 0.034424 0.0941 0.0588 0.0275
v 0.019287 0.978516 0.034424 0.1137 0.0667 0.0353
v -0.026123 0.982910 0.034424 0.1294 0.0902 0.0549
v 0.020752 0.982910 0.034424 0.1530 0.0863 0.0510
v -0.027100 0.986328 0.034424 0.1176 0.0667 0.0392
v 0.022217 0.986816 0.034424 0.1333 0.0902 0.0471
v -0.027100 0.989746 0.034424 0.1216 0.0706 0.0314
v 0.019775 0.990723 0.034424 0.1216 0.0824 0.0392
v -0.004639 0.436523 0.034424 0.1216 0.0431 0.1882
v 0.002686 0.436523 0.034424 0.1255 0.0471 0.1843
v -0.006592 0.415527 0.034424 0.1530 0.0667 0.2314
v 0.004150 0.415527 0.034424 0.1373 0.0588 0.2039
v 0.006104 0.393555 0.034424 0.1569 0.0745 0.2275
v -0.129150 0.044922 0.034424 0.3568 0.2627 0.3372
v 0.127197 0.044922 0.034424 0.1725 0.0784 0.2157
v -0.066162 0.725098 0.034912 0.5921 0.3333 0.2000
v 0.063721 0.725098 0.034912 0.6079 0.3529 0.2275
v -0.084229 0.773926 0.034912 0.6393 0.3647 0.2118
v -0.321533 0.803223 0.034912 0.2392 0.1647 0.3608
v -0.468994 0.804688 0.034912 0.2392 0.1020 0.2980
v 0.350342 0.806641 0.034912 0.2078 0.1020 0.2471
v -0.365967 0.835449 0.034912 0.1451 0.0196 0.2275
v -0.009521 0.865234 0.034912 0.7020 0.4706 0.3294
v 0.007080 0.865234 0.034912 0.6941 0.4550 0.3098
v -0.013428 0.874512 0.034912 0.6824 0.4118 0.2980
v 0.010986 0.874512 0.034912 0.6902 0.4392 0.3019
v -0.011963 0.876465 0.034912 0.5843 0.3451 0.2706
v 0.010010 0.876465 0.034912 0.6236 0.3843 0.2745
v -0.004150 0.876953 0.034912 0.4980 0.2627 0.2039
v -0.006104 0.876953 0.034912 0.4589 0.2471 0.1961
v -0.010986 0.876953 0.034912 0.4235 0.2588 0.2196
v 0.002197 0.876953 0.034912 0.5294 0.2980 0.2392
v 0.003662 0.876953 0.034912 0.4667 0.2667 0.2118
v 0.009033 0.876953 0.034912 0.5059 0.3019 0.2432
v -0.013916 0.877441 0.034912 0.3294 0.1255 0.0902
v 0.011963 0.877441 0.034912 0.4471 0.2432 0.1804
v -0.009033 0.877930 0.034912 0.3765 0.2078 0.1843
v 0.006592 0.877930 0.034912 0.4157 0.2275 0.1843
v -0.016357 0.880371 0.034912 0.5843 0.3686 0.2588
v 0.013916 0.880371 0.034912 0.4745 0.2980 0.2118
v -0.011475 0.883789 0.034912 0.6039 0.3686 0.2745
v 0.009033 0.883789 0.034912 0.5530 0.3255 0.2471
v -0.018311 0.895996 0.034912 0.7686 0.4863 0.3372
v 0.016357 0.895996 0.034912 0.7686 0.4784 0.3451
v -0.009033 0.913086 0.034912 0.3804 0.1804 0.1176
v 0.007080 0.913086 0.034912 0.4235 0.2000 0.1530
v 0.011963 0.915039 0.034912 0.1294 0.0784 0.0745
v -0.013916 0.915527 0.034912 0.2902 0.1176 0.0745
v 0.022705 0.916504 0.034912 0.5608 0.3294 0.2235
v -0.024658 0.916992 0.034912 0.4392 0.2667 0.1882
v 0.013428 0.916992 0.034912 0.1137 0.0941 0.0941
v -0.015381 0.917480 0.034912 0.2353 0.1255 0.0902
v -0.016357 0.918457 0.034912 0.2275 0.1255 0.1098
v -0.022217 0.918457 0.034912 0.2745 0.1569 0.1137
v 0.014404 0.918457 0.034912 0.1765 0.1216 0.1098
v 0.020264 0.918457 0.034912 0.4118 0.2275 0.1804
v -0.017822 0.919434 0.034912 0.2392 0.1255 0.1059
v -0.020752 0.919434 0.034912 0.2941 0.1608 0.1255
v 0.015381 0.919434 0.034912 0.2432 0.1373 0.1216
v 0.018799 0.919434 0.034912 0.3961 0.2314 0.1882
v -0.019287 0.919922 0.034912 0.2627 0.1412 0.1216
v 0.017334 0.919922 0.034912 0.3490 0.1961 0.1725
v -0.035889 0.934570 0.034912 0.1686 0.0902 0.0549
v -0.038818 0.937988 0.034912 0.1294 0.0706 0.0392
v 0.038818 0.939941 0.034912 0.1059 0.0745 0.0392
v -0.040771 0.942871 0.034912 0.1020 0.0745 0.0471
v 0.032471 0.943359 0.034912 0.0941 0.0549 0.0275
v 0.037354 0.951172 0.034912 0.0980 0.0549 0.0235
v 0.034912 0.960938 0.034912 0.1412 0.1059 0.0667
v -0.001221 0.971680 0.034912 0.1216 0.0667 0.0275
v 0.029541 0.971680 0.034912 0.1569 0.0980 0.0549
v -0.024170 0.979980 0.034912 0.1373 0.0902 0.0471
v 0.021240 0.986816 0.034912 0.1490 0.0941 0.0392
v -0.024658 0.476074 0.034912 0.5686 0.3098 0.1843
v 0.022217 0.476074 0.034912 0.5608 0.3059 0.1882
v -0.003174 0.472168 0.034912 0.1020 0.0353 0.1686
v 0.000732 0.472168 0.034912 0.1255 0.0471 0.1843
v 0.106201 0.469727 0.034912 0.5019 0.2745 0.1765
v -0.108643 0.469238 0.034912 0.5294 0.2941 0.1843
v -0.003662 0.456055 0.034912 0.1490 0.0588 0.2275
v 0.001221 0.456055 0.034912 0.1490 0.0627 0.2118
v -0.077881 0.358887 0.034912 0.5608 0.3059 0.1882
v 0.075439 0.358887 0.034912 0.6432 0.3725 0.2432
v -0.040771 0.354980 0.034912 0.6941 0.3961 0.2510
v 0.038330 0.354980 0.034912 0.6628 0.4000 0.2627
v -0.078857 0.760254 0.035400 0.6628 0.3921 0.2432
v 0.076416 0.760254 0.035400 0.6550 0.3882 0.2432
v -0.366943 0.802246 0.035400 0.1961 0.0667 0.2745
v 0.362061 0.818848 0.035400 0.1882 0.0824 0.2314
v 0.364990 0.828125 0.035400 0.2980 0.1333 0.3294
v -0.008545 0.868652 0.035400 0.5216 0.3176 0.2235
v 0.006104 0.868652 0.035400 0.6236 0.3921 0.2510
v -0.012939 0.875488 0.035400 0.6432 0.3804 0.2941
v 0.010498 0.875488 0.035400 0.6589 0.4118 0.2863
v -0.006592 0.876465 0.035400 0.5373 0.3137 0.2510
v 0.004150 0.876465 0.035400 0.5451 0.3333 0.2745
v -0.001221 0.876953 0.035400 0.5098 0.2667 0.2078
v -0.004639 0.876953 0.035400 0.4823 0.2549 0.2039
v -0.005615 0.876953 0.035400 0.4941 0.2667 0.2157
v 0.002197 0.876953 0.035400 0.5059 0.2863 0.2314
v 0.003662 0.876953 0.035400 0.5059 0.2941 0.2392
v -0.008545 0.877930 0.035400 0.3372 0.1804 0.1530
v -0.014893 0.877930 0.035400 0.3961 0.1686 0.1098
v 0.006104 0.877930 0.035400 0.4039 0.2157 0.1804
v 0.012451 0.877930 0.035400 0.3529 0.1647 0.0941
v -0.015381 0.878906 0.035400 0.5686 0.3412 0.2549
v 0.012939 0.878906 0.035400 0.4667 0.2863 0.2078
v -0.015869 0.887207 0.035400 0.7608 0.5019 0.3647
v 0.014404 0.889160 0.035400 0.7255 0.4550 0.3216
v -0.016357 0.889648 0.035400 0.7764 0.5019 0.3608
v -0.017334 0.892090 0.035400 0.7568 0.4706 0.3216
v 0.015381 0.892090 0.035400 0.7333 0.4432 0.3059
v -0.011475 0.907227 0.035400 0.6393 0.3647 0.2432
v 0.009521 0.907227 0.035400 0.5921 0.3333 0.2432
v -0.009033 0.910645 0.035400 0.5412 0.3059 0.1922
v 0.007080 0.910645 0.035400 0.4745 0.2549 0.1882
v -0.013428 0.915527 0.035400 0.2823 0.1255 0.0784
v -0.019287 0.915527 0.035400 0.1922 0.0863 0.0824
v 0.011475 0.915527 0.035400 0.1020 0.0549 0.0510
v 0.017334 0.915527 0.035400 0.3216 0.1961 0.1725
v -0.012939 0.916504 0.035400 0.2118 0.0745 0.0392
v 0.010986 0.916504 0.035400 0.2980 0.1804 0.1569
v 0.013916 0.916504 0.035400 0.1216 0.0863 0.0902
v -0.015869 0.916992 0.035400 0.2941 0.1255 0.0706
v -0.021729 0.916992 0.035400 0.4784 0.2941 0.2118
v 0.019775 0.916992 0.035400 0.4863 0.3098 0.2588
v -0.025146 0.917480 0.035400 0.5647 0.3451 0.2392
v 0.023193 0.917480 0.035400 0.6000 0.3568 0.2627
v -0.037842 0.937500 0.035400 0.1059 0.0588 0.0353
v 0.025635 0.944824 0.035400 0.6354 0.3608 0.2353
v -0.041260 0.946289 0.035400 0.0667 0.0314 0.0078
v -0.045654 0.959961 0.035400 0.1137 0.0784 0.0392
v -0.036865 0.967285 0.035400 0.1412 0.0824 0.0510
v -0.006592 0.972656 0.035400 0.1530 0.0902 0.0431
v 0.005127 0.979980 0.035400 0.1530 0.1059 0.0588
v 0.009521 0.983887 0.035400 0.1098 0.0627 0.0353
v -0.002197 0.484375 0.035400 0.1098 0.0431 0.1765
v 0.000244 0.484375 0.035400 0.1373 0.0549 0.2039
v -0.079834 0.365234 0.035400 0.5961 0.3333 0.2196
v 0.077393 0.365234 0.035400 0.6550 0.3804 0.2510
v 0.097412 0.535645 0.035889 0.0784 0.0275 0.1412
v -0.065186 0.730469 0.035889 0.6667 0.4000 0.2549
v 0.062744 0.730469 0.035889 0.6471 0.3882 0.2549
v -0.068604 0.744141 0.035889 0.5843 0.3294 0.2039
v 0.066162 0.744141 0.035889 0.5961 0.3490 0.2235
v 0.367432 0.810059 0.035889 0.1922 0.0745 0.2471
v -0.325439 0.814453 0.035889 0.7921 0.7451 0.6667
v -0.387451 0.848633 0.035889 0.2196 0.0824 0.3019
v 0.435791 0.851562 0.035889 0.2980 0.1333 0.3529
v -0.006592 0.857422 0.035889 0.5490 0.3843 0.2941
v 0.004150 0.857422 0.035889 0.4628 0.3019 0.2118
v -0.011475 0.871582 0.035889 0.5882 0.3608 0.2549
v 0.009033 0.871582 0.035889 0.6941 0.4510 0.2980
v -0.004639 0.875977 0.035889 0.5608 0.3294 0.2588
v 0.002197 0.875977 0.035889 0.6079 0.3882 0.3137
v -0.001221 0.876953 0.035889 0.4902 0.2667 0.2078
v -0.003662 0.876953 0.035889 0.4863 0.2627 0.2039
v -0.005127 0.876953 0.035889 0.4706 0.2471 0.2039
v 0.001221 0.876953 0.035889 0.5176 0.2980 0.2392
v 0.002686 0.876953 0.035889 0.4902 0.2706 0.2157
v -0.009033 0.883301 0.035889 0.6354 0.3921 0.3098
v 0.006592 0.883301 0.035889 0.6315 0.4118 0.3372
v 0.013428 0.887207 0.035889 0.7294 0.4784 0.3372
v -0.014404 0.902344 0.035889 0.6902 0.4039 0.2667
v 0.012451 0.902344 0.035889 0.6980 0.4196 0.3019
v -0.018799 0.916992 0.035889 0.3608 0.2000 0.1294
v 0.016846 0.916992 0.035889 0.3804 0.2196 0.1804
v -0.037354 0.934082 0.035889 0.1373 0.0784 0.0471
v 0.026123 0.937012 0.035889 0.5961 0.3412 0.2314
v -0.028076 0.937500 0.035889 0.6706 0.3921 0.2667
v 0.036865 0.938477 0.035889 0.0902 0.0588 0.0275
v -0.042236 0.938965 0.035889 0.3529 0.2039 0.1333
v 0.024658 0.974609 0.035889 0.1059 0.0667 0.0353
v 0.019287 0.977051 0.035889 0.1373 0.0863 0.0549
v 0.014404 0.978027 0.035889 0.1647 0.1098 0.0667
v 0.012451 0.979004 0.035889 0.1490 0.1020 0.0549
v 0.011963 0.983398 0.035889 0.1412 0.0980 0.0510
v -0.118897 0.419434 0.035889 0.3059 0.1647 0.3725
v -0.058350 0.334961 0.035889 0.6706 0.4039 0.2471
v 0.055908 0.334961 0.035889 0.6824 0.4078 0.2667
v -0.100342 0.535645 0.036377 0.1647 0.0863 0.2235
v -0.066650 0.698242 0.036377 0.6276 0.3568 0.2275
v 0.064209 0.698242 0.036377 0.6276 0.3647 0.2275
v 0.453369 0.776855 0.036377 0.2549 0.1216 0.3294
v -0.319580 0.813965 0.036377 0.2118 0.1020 0.3568
v 0.349854 0.816895 0.036377 0.7059 0.6589 0.5804
v -0.355225 0.826172 0.036377 0.5176 0.4392 0.4314
v 0.371826 0.840332 0.036377 0.3216 0.1765 0.3804
v -0.004639 0.868164 0.036377 0.5804 0.3686 0.2784
v 0.002686 0.868164 0.036377 0.5961 0.3804 0.2627
v -0.001221 0.875977 0.036377 0.5882 0.3529 0.2863
v -0.003662 0.876465 0.036377 0.5294 0.2941 0.2353
v 0.001221 0.876465 0.036377 0.5725 0.3490 0.2784
v -0.009033 0.877441 0.036377 0.4550 0.2510 0.1922
v -0.011475 0.877441 0.036377 0.3255 0.1490 0.1255
v 0.006592 0.877441 0.036377 0.5098 0.2823 0.2157
v 0.009033 0.877441 0.036377 0.4196 0.2039 0.1530
v -0.008545 0.883789 0.036377 0.6315 0.3882 0.3019
v 0.006592 0.883789 0.036377 0.6471 0.4196 0.3412
v -0.014893 0.885254 0.036377 0.6628 0.4471 0.3176
v 0.012451 0.885254 0.036377 0.6315 0.4196 0.3019
v -0.009033 0.889160 0.036377 0.6354 0.3804 0.2863
v 0.006592 0.889160 0.036377 0.5843 0.3490 0.2784
v -0.010010 0.915527 0.036377 0.2432 0.0824 0.0471
v 0.008057 0.915527 0.036377 0.4432 0.2275 0.1569
v -0.015869 0.916992 0.036377 0.3019 0.1255 0.0784
v 0.013916 0.916992 0.036377 0.3568 0.2275 0.1922
v 0.019775 0.916992 0.036377 0.5608 0.3608 0.2941
v -0.018799 0.917480 0.036377 0.3804 0.1922 0.1137
v -0.021729 0.917480 0.036377 0.5333 0.3176 0.2235
v -0.015381 0.917969 0.036377 0.3059 0.1490 0.0980
v -0.022217 0.917969 0.036377 0.4823 0.2627 0.1530
v -0.026123 0.917969 0.036377 0.4980 0.2706 0.1647
v 0.020264 0.917969 0.036377 0.6000 0.3725 0.2823
v 0.024170 0.917969 0.036377 0.5451 0.2863 0.1882
v -0.035889 0.933594 0.036377 0.1686 0.0902 0.0549
v -0.031006 0.944824 0.036377 0.1216 0.0745 0.0431
v 0.037354 0.946777 0.036377 0.1333 0.0706 0.0275
v -0.041260 0.950195 0.036377 0.0784 0.0392 0.0039
v -0.042236 0.960449 0.036377 0.1137 0.0706 0.0353
v -0.038818 0.961914 0.036377 0.1294 0.0784 0.0431
v 0.031982 0.964844 0.036377 0.1922 0.1255 0.0627
v -0.033447 0.971680 0.036377 0.1725 0.1176 0.0667
v -0.104248 0.483398 0.036377 0.4941 0.2706 0.1804
v 0.101807 0.483398 0.036377 0.4902 0.2745 0.1569
v 0.117432 0.419434 0.036377 0.3843 0.2118 0.4589
v -0.069092 0.339844 0.036377 0.5804 0.3216 0.1961
v 0.066650 0.339844 0.036377 0.6432 0.3686 0.2471
v -0.087158 0.000488 0.036377 0.4628 0.4078 0.3686
v -0.071533 0.639648 0.036865 0.5608 0.3961 0.3216
v 0.069092 0.639648 0.036865 0.6393 0.5098 0.4471
v -0.428955 0.767090 0.036865 0.2196 0.0863 0.2823
v 0.396729 0.787598 0.036865 0.1686 0.0667 0.2275
v 0.372803 0.796875 0.036865 0.2235 0.0941 0.2706
v -0.019775 0.804688 0.036865 0.6628 0.3921 0.2392
v 0.017822 0.804688 0.036865 0.7294 0.4550 0.3137
v -0.358643 0.810059 0.036865 0.8980 0.8392 0.7568
v -0.001221 0.857422 0.036865 0.4235 0.2745 0.1961
v -0.006104 0.860840 0.036865 0.6197 0.4157 0.2902
v 0.003662 0.860840 0.036865 0.5490 0.3725 0.2510
v -0.005615 0.864746 0.036865 0.7451 0.5333 0.4000
v 0.003174 0.864746 0.036865 0.7176 0.5098 0.3529
v -0.001221 0.868164 0.036865 0.5921 0.3843 0.2784
v -0.001221 0.876465 0.036865 0.5373 0.3098 0.2392
v -0.001221 0.876953 0.036865 0.4980 0.2706 0.2196
v -0.005127 0.877930 0.036865 0.4118 0.2157 0.1725
v -0.006104 0.877930 0.036865 0.3686 0.1882 0.1569
v 0.002686 0.877930 0.036865 0.4118 0.2235 0.1725
v 0.003662 0.877930 0.036865 0.3921 0.2039 0.1686
v -0.013916 0.898926 0.036865 0.7216 0.4314 0.2941
v 0.011963 0.898926 0.036865 0.7333 0.4392 0.3137
v 0.016846 0.917480 0.036865 0.5569 0.3412 0.2784
v 0.013428 0.917969 0.036865 0.5333 0.3294 0.2588
v 0.016846 0.917969 0.036865 0.5882 0.3647 0.2823
v -0.018799 0.918457 0.036865 0.4863 0.2706 0.1569
v -0.027100 0.919922 0.036865 0.6824 0.4235 0.2941
v 0.025146 0.919922 0.036865 0.6824 0.4039 0.2863
v -0.035400 0.937500 0.036865 0.1098 0.0627 0.0314
v -0.040283 0.937988 0.036865 0.1882 0.0941 0.0667
v -0.034912 0.941406 0.036865 0.1098 0.0627 0.0392
v 0.032959 0.941406 0.036865 0.1020 0.0588 0.0235
v -0.025635 0.945312 0.036865 0.6706 0.3804 0.2549
v 0.026611 0.945312 0.036865 0.2196 0.0941 0.0510
v -0.039795 0.946289 0.036865 0.0902 0.0510 0.0196
v 0.035889 0.955566 0.036865 0.0824 0.0392 0.0118
v -0.039795 0.958008 0.036865 0.0941 0.0549 0.0275
v -0.043213 0.961914 0.036865 0.1176 0.0667 0.0392
v -0.039307 0.963379 0.036865 0.1216 0.0667 0.0392
v -0.036377 0.966309 0.036865 0.0863 0.0549 0.0196
v 0.003174 0.974609 0.036865 0.2000 0.1373 0.0784
v -0.029053 0.975098 0.036865 0.1530 0.0902 0.0431
v -0.012451 0.978027 0.036865 0.2275 0.1647 0.1020
v -0.108643 0.452637 0.036865 0.5333 0.2980 0.1843
v 0.106201 0.452637 0.036865 0.5294 0.2941 0.1922
v -0.104736 0.392090 0.036865 0.5921 0.3333 0.1961
v 0.102295 0.392090 0.036865 0.5843 0.3333 0.1922
v -0.094971 0.041992 0.036865 0.6941 0.5333 0.7098
v 0.092529 0.041992 0.036865 0.3608 0.2235 0.3765
v 0.084717 0.000488 0.036865 0.2784 0.2627 0.2392
v -0.071045 0.544434 0.037354 0.5647 0.3137 0.1804
v 0.068604 0.544922 0.037354 0.5804 0.3137 0.1765
v 0.062256 0.701660 0.037354 0.6589 0.3804 0.2510
v -0.064697 0.702148 0.037354 0.6471 0.3725 0.2353
v -0.001221 0.798828 0.037354 0.7059 0.4314 0.2941
v -0.001221 0.864258 0.037354 0.6745 0.4550 0.3333
v -0.008545 0.877441 0.037354 0.3412 0.1686 0.1490
v 0.006104 0.877441 0.037354 0.4157 0.2157 0.1804
v -0.001221 0.877930 0.037354 0.4275 0.2314 0.1843
v -0.011963 0.877930 0.037354 0.3686 0.1490 0.1216
v 0.010010 0.877930 0.037354 0.4000 0.1804 0.1176
v 0.011475 0.882324 0.037354 0.5137 0.3372 0.2392
v -0.013916 0.882812 0.037354 0.5530 0.3686 0.2588
v -0.005127 0.883301 0.037354 0.6393 0.3843 0.3059
v 0.002686 0.883301 0.037354 0.6432 0.4196 0.3529
v -0.012939 0.892090 0.037354 0.7255 0.4392 0.3098
v 0.010498 0.892090 0.037354 0.7333 0.4550 0.3294
v -0.011475 0.904297 0.037354 0.6589 0.3725 0.2432
v 0.009521 0.904297 0.037354 0.6745 0.4039 0.2902
v -0.009033 0.909180 0.037354 0.5882 0.3176 0.2039
v 0.006592 0.909180 0.037354 0.5137 0.2863 0.2000
v -0.011963 0.916992 0.037354 0.2353 0.0941 0.0667
v -0.028076 0.922363 0.037354 0.4667 0.2471 0.1530
v 0.026123 0.922363 0.037354 0.6628 0.4039 0.2784
v -0.027588 0.930664 0.037354 0.6276 0.3725 0.2471
v 0.025635 0.930664 0.037354 0.6745 0.4039 0.2745
v 0.020752 0.952637 0.037354 0.1255 0.0706 0.0353
v -0.022705 0.953125 0.037354 0.1137 0.0627 0.0314
v -0.023682 0.978027 0.037354 0.1412 0.0902 0.0588
v -0.018799 0.979492 0.037354 0.1373 0.0863 0.0549
v 0.007568 0.983398 0.037354 0.1373 0.0863 0.0549
v -0.135986 0.039551 0.037354 0.2432 0.1255 0.2667
v 0.133545 0.039551 0.037354 0.4157 0.3216 0.4157
v -0.059814 0.673340 0.037842 0.6039 0.3372 0.2118
v 0.057373 0.673340 0.037842 0.6589 0.3843 0.2432
v -0.062256 0.733887 0.037842 0.6628 0.3961 0.2588
v 0.059814 0.733887 0.037842 0.6471 0.3843 0.2510
v 0.365479 0.819336 0.037842 0.2667 0.1098 0.2980
v 0.447022 0.846191 0.037842 0.2353 0.1137 0.3098
v -0.001221 0.860840 0.037842 0.5451 0.3647 0.2549
v -0.008057 0.870605 0.037842 0.3725 0.2078 0.1294
v 0.005615 0.870605 0.037842 0.5921 0.3804 0.2549
v -0.010498 0.873535 0.037842 0.6902 0.4078 0.3333
v 0.008545 0.873535 0.037842 0.6902 0.4471 0.2980
v -0.009521 0.876465 0.037842 0.5804 0.3137 0.2627
v 0.007080 0.876465 0.037842 0.6118 0.3529 0.2745
v -0.001221 0.877441 0.037842 0.4392 0.2314 0.1882
v -0.006104 0.877441 0.037842 0.4118 0.2196 0.1843
v 0.003662 0.877441 0.037842 0.4823 0.2549 0.2118
v -0.003662 0.877930 0.037842 0.4000 0.2000 0.1686
v 0.001221 0.877930 0.037842 0.4118 0.2157 0.1725
v -0.012939 0.879883 0.037842 0.6589 0.4196 0.3098
v 0.010986 0.879883 0.037842 0.6471 0.4392 0.3451
v -0.001221 0.883301 0.037842 0.6118 0.3647 0.2980
v -0.005127 0.883789 0.037842 0.6315 0.3843 0.3137
v 0.003174 0.883789 0.037842 0.6354 0.4118 0.3412
v -0.005127 0.889160 0.037842 0.5333 0.2627 0.2078
v 0.002686 0.889160 0.037842 0.5216 0.2627 0.2000
v 0.010010 0.889648 0.037842 0.7333 0.4706 0.3451
v -0.012451 0.890137 0.037842 0.6276 0.3725 0.2432
v -0.012451 0.895020 0.037842 0.7412 0.4550 0.3294
v 0.010498 0.895020 0.037842 0.7255 0.4471 0.3294
v 0.010010 0.916992 0.037842 0.4589 0.2510 0.1961
v -0.022705 0.918457 0.037842 0.5255 0.2941 0.1843
v 0.020752 0.918457 0.037842 0.5921 0.3451 0.2510
v -0.029053 0.926758 0.037842 0.4550 0.2706 0.1922
v 0.027100 0.926758 0.037842 0.2667 0.1176 0.0549
v -0.038330 0.937500 0.037842 0.1059 0.0627 0.0314
v -0.041260 0.942383 0.037842 0.0627 0.0431 0.0196
v 0.037354 0.942871 0.037842 0.1176 0.0667 0.0392
v 0.045166 0.950195 0.037842 0.1020 0.0549 0.0118
v -0.041748 0.959961 0.037842 0.1137 0.0667 0.0353
v -0.001709 0.968750 0.037842 0.1490 0.0980 0.0588
v 0.012451 0.982422 0.037842 0.1176 0.0745 0.0471
v -0.033936 0.396973 0.037842 0.6000 0.3255 0.1922
v 0.031494 0.396973 0.037842 0.6236 0.3568 0.2118
v -0.091064 0.372559 0.037842 0.6745 0.3882 0.2510
v 0.088623 0.372559 0.037842 0.6471 0.3608 0.2314
v -0.039307 0.369629 0.037842 0.6432 0.3608 0.2039
v 0.036865 0.369629 0.037842 0.6745 0.4235 0.2863
v -0.137451 0.037109 0.037842 0.1333 0.0627 0.1961
v 0.135010 0.037109 0.037842 0.1137 0.0314 0.1843
v -0.083740 0.002930 0.037842 0.7216 0.6000 0.4941
v 0.081299 0.002930 0.037842 0.6197 0.5176 0.4157
v -0.033936 0.517578 0.038330 0.5764 0.3176 0.1843
v 0.031494 0.517578 0.038330 0.5882 0.3176 0.1882
v -0.073975 0.636719 0.038330 0.6197 0.6079 0.5921
v 0.071533 0.636719 0.038330 0.5412 0.5098 0.4902
v -0.059814 0.664551 0.038330 0.7490 0.4784 0.3255
v 0.057373 0.664551 0.038330 0.6824 0.3961 0.2510
v -0.006592 0.800781 0.038330 0.6079 0.3412 0.2039
v 0.004150 0.800781 0.038330 0.6315 0.3843 0.2588
v -0.354248 0.808594 0.038330 0.2549 0.1176 0.3255
v -0.354736 0.817871 0.038330 0.7255 0.6628 0.6118
v -0.010010 0.875000 0.038330 0.6471 0.3451 0.2902
v 0.007568 0.875000 0.038330 0.6628 0.4000 0.2941
v -0.012939 0.878906 0.038330 0.5451 0.2980 0.2196
v 0.010498 0.878906 0.038330 0.6236 0.4000 0.3137
v -0.001221 0.883789 0.038330 0.6079 0.3647 0.2902
v -0.001221 0.889160 0.038330 0.5373 0.2549 0.2000
v -0.011475 0.893066 0.038330 0.7098 0.4235 0.2980
v 0.009033 0.893066 0.038330 0.6863 0.4157 0.2941
v -0.007568 0.913574 0.038330 0.5216 0.2667 0.1686
v 0.005127 0.913574 0.038330 0.4118 0.2118 0.1490
v 0.013428 0.917969 0.038330 0.5608 0.3372 0.2627
v -0.015381 0.918457 0.038330 0.3137 0.1373 0.0784
v -0.019287 0.918457 0.038330 0.5098 0.3098 0.2078
v 0.016846 0.918457 0.038330 0.6079 0.3647 0.2667
v -0.029053 0.924316 0.038330 0.1294 0.0510 0.0353
v 0.027100 0.924316 0.038330 0.3725 0.2196 0.1530
v 0.032471 0.934570 0.038330 0.1098 0.0667 0.0431
v 0.029541 0.945801 0.038330 0.1020 0.0627 0.0392
v 0.042236 0.949707 0.038330 0.1020 0.0549 0.0275
v 0.035889 0.950684 0.038330 0.1373 0.0784 0.0431
v 0.042236 0.950684 0.038330 0.0941 0.0549 0.0235
v -0.039795 0.953125 0.038330 0.0941 0.0392 0.0078
v -0.042725 0.960938 0.038330 0.0980 0.0549 0.0314
v -0.040283 0.963867 0.038330 0.1294 0.0824 0.0549
v 0.028564 0.969238 0.038330 0.1804 0.1255 0.0745
v -0.006104 0.969727 0.038330 0.1765 0.1137 0.0706
v 0.006104 0.978027 0.038330 0.1961 0.1255 0.0706
v 0.010986 0.986328 0.038330 0.1216 0.0863 0.0510
v 0.009521 0.986816 0.038330 0.1255 0.0824 0.0392
v -0.106689 0.412109 0.038330 0.6000 0.3412 0.2078
v 0.104248 0.412109 0.038330 0.5921 0.3333 0.2000
v -0.081299 0.007324 0.038330 0.6471 0.5333 0.4314
v 0.078857 0.007324 0.038330 0.7059 0.5843 0.4745
v -0.103272 0.515625 0.038818 0.1961 0.1137 0.2627
v 0.100830 0.515625 0.038818 0.1647 0.0863 0.2392
v -0.081299 0.534668 0.038818 0.5294 0.2941 0.1765
v 0.078857 0.534668 0.038818 0.5530 0.3059 0.1765
v -0.060791 0.708008 0.038818 0.7451 0.4745 0.3216
v 0.058350 0.708008 0.038818 0.6824 0.4078 0.2667
v 0.058350 0.801270 0.038818 0.7490 0.4510 0.3098
v -0.060303 0.801758 0.038818 0.7333 0.4353 0.2863
v -0.349854 0.827148 0.038818 0.8000 0.7294 0.6745
v -0.359619 0.827637 0.038818 0.0275 0.0118 0.0627
v -0.405029 0.852051 0.038818 0.2902 0.1490 0.3568
v -0.001221 0.870605 0.038818 0.2667 0.1451 0.1059
v -0.004639 0.870605 0.038818 0.2588 0.1490 0.1098
v 0.002197 0.870605 0.038818 0.3529 0.1922 0.1216
v -0.003662 0.876953 0.038818 0.5019 0.2549 0.2196
v 0.001221 0.876953 0.038818 0.5608 0.3059 0.2667
v -0.006104 0.877441 0.038818 0.3765 0.2039 0.1922
v -0.009033 0.877441 0.038818 0.2980 0.1020 0.0745
v 0.003662 0.877441 0.038818 0.4196 0.1961 0.1608
v 0.006592 0.877441 0.038818 0.3961 0.1725 0.1294
v -0.010986 0.891113 0.038818 0.5921 0.3255 0.2118
v 0.009033 0.891113 0.038818 0.6706 0.3961 0.2823
v -0.010498 0.894531 0.038818 0.6902 0.4039 0.2823
v 0.008545 0.894531 0.038818 0.6628 0.3921 0.2902
v -0.010986 0.900879 0.038818 0.6824 0.3961 0.2706
v 0.009033 0.900879 0.038818 0.7176 0.4353 0.3098
v 0.021240 0.919922 0.038818 0.6197 0.3647 0.2549
v -0.023193 0.920410 0.038818 0.4863 0.2588 0.1686
v -0.046143 0.940430 0.038818 0.1176 0.0745 0.0471
v 0.034912 0.940918 0.038818 0.0980 0.0588 0.0431
v 0.021729 0.945312 0.038818 0.6354 0.3765 0.2549
v 0.033936 0.959473 0.038818 0.0941 0.0510 0.0157
v 0.009033 0.977051 0.038818 0.1647 0.1020 0.0549
v 0.008545 0.986328 0.038818 0.1176 0.0706 0.0431
v -0.001221 0.493652 0.038818 0.1059 0.0392 0.1686
v -0.107666 0.429199 0.038818 0.5608 0.3137 0.1922
v 0.105225 0.429199 0.038818 0.5569 0.3059 0.1961
v 0.105225 0.428711 0.038818 0.5451 0.3137 0.1961
v -0.069092 0.348145 0.038818 0.6393 0.3647 0.2314
v 0.066650 0.348145 0.038818 0.6589 0.3843 0.2471
v -0.080811 0.014160 0.038818 0.1647 0.0784 0.2157
v 0.078857 0.014160 0.038818 0.1804 0.0824 0.2314
v -0.093994 0.512207 0.039307 0.5137 0.2784 0.1725
v 0.091553 0.512207 0.039307 0.5333 0.2941 0.1804
v -0.388916 0.790039 0.039307 0.3059 0.1176 0.3804
v 0.456299 0.837891 0.039307 0.2471 0.1137 0.3216
v -0.001221 0.876953 0.039307 0.5333 0.2706 0.2275
v -0.003662 0.876953 0.039307 0.4589 0.2627 0.2235
v 0.001221 0.876953 0.039307 0.4902 0.2784 0.2392
v -0.010498 0.887695 0.039307 0.5333 0.3255 0.2235
v 0.008545 0.887695 0.039307 0.6863 0.4550 0.3372
v -0.009033 0.906250 0.039307 0.6276 0.3451 0.2314
v 0.007080 0.906250 0.039307 0.6432 0.3843 0.2823
v 0.006592 0.916016 0.039307 0.3372 0.1490 0.1098
v -0.008545 0.916504 0.039307 0.4392 0.2118 0.1255
v -0.036377 0.936523 0.039307 0.1020 0.0627 0.0275
v -0.039307 0.940918 0.039307 0.1059 0.0627 0.0275
v -0.027588 0.945801 0.039307 0.1020 0.0588 0.0353
v -0.038818 0.949219 0.039307 0.1412 0.1020 0.0627
v 0.042236 0.949219 0.039307 0.1059 0.0667 0.0353
v 0.038330 0.950195 0.039307 0.1059 0.0627 0.0275
v 0.042725 0.951172 0.039307 0.0941 0.0471 0.0157
v 0.038818 0.952148 0.039307 0.0941 0.0549 0.0196
v 0.035400 0.955078 0.039307 0.1804 0.1137 0.0667
v 0.024170 0.972656 0.039307 0.1373 0.0941 0.0588
v 0.018799 0.975098 0.039307 0.1451 0.1098 0.0667
v 0.013916 0.977051 0.039307 0.1843 0.1294 0.0824
v 0.008545 0.981934 0.039307 0.1333 0.0863 0.0510
v 0.010986 0.985840 0.039307 0.1098 0.0667 0.0353
v 0.119385 0.400391 0.039307 0.4628 0.2784 0.5647
v -0.121338 0.399902 0.039307 0.3765 0.2118 0.4706
v -0.037354 0.384277 0.039307 0.6236 0.3451 0.2039
v 0.034912 0.384277 0.039307 0.5921 0.3451 0.2118
v -0.057373 0.345703 0.039307 0.6550 0.3725 0.2392
v 0.054932 0.345703 0.039307 0.6863 0.4039 0.2667
v -0.157471 0.005859 0.039307 0.3804 0.2823 0.2275
v -0.156006 0.001953 0.039307 0.6706 0.5921 0.5255
v 0.153564 0.001953 0.039307 0.7412 0.6236 0.5451
v -0.152588 0.000000 0.039307 0.2432 0.2314 0.2078
v -0.074463 0.622559 0.039795 0.4039 0.3529 0.3176
v 0.072021 0.622559 0.039795 0.4980 0.4392 0.4078
v -0.055420 0.629883 0.039795 0.6510 0.5569 0.4745
v 0.052979 0.629883 0.039795 0.6628 0.5647 0.4706
v -0.059326 0.654297 0.039795 0.7294 0.4471 0.2980
v 0.056885 0.654297 0.039795 0.7333 0.4432 0.2980
v 0.438232 0.768066 0.039795 0.2510 0.1098 0.3333
v 0.385010 0.794922 0.039795 0.1490 0.0588 0.2157
v -0.421631 0.853027 0.039795 0.2980 0.1333 0.3647
v -0.007568 0.872559 0.039795 0.6118 0.3882 0.3098
v 0.005615 0.872559 0.039795 0.6039 0.3647 0.2549
v -0.006592 0.876465 0.039795 0.5725 0.2941 0.2588
v 0.004639 0.876465 0.039795 0.6276 0.3529 0.2902
v -0.001221 0.876953 0.039795 0.4550 0.2432 0.2078
v -0.010498 0.885254 0.039795 0.4471 0.2980 0.2275
v 0.008057 0.885254 0.039795 0.6039 0.4275 0.3216
v -0.010498 0.897949 0.039795 0.6785 0.3921 0.2784
v 0.008057 0.897949 0.039795 0.6628 0.3882 0.2902
v -0.010498 0.917480 0.039795 0.3216 0.1530 0.0863
v 0.008057 0.917480 0.039795 0.3255 0.1490 0.1020
v -0.019287 0.919922 0.039795 0.2745 0.1255 0.0627
v 0.017334 0.919922 0.039795 0.5490 0.2941 0.2000
v -0.043213 0.943359 0.039795 0.1216 0.0863 0.0588
v 0.031494 0.943359 0.039795 0.0980 0.0627 0.0314
v 0.020264 0.943848 0.039795 0.7020 0.4157 0.2863
v -0.022217 0.944336 0.039795 0.6863 0.4039 0.2823
v -0.022217 0.945312 0.039795 0.5921 0.3765 0.2863
v 0.035889 0.945801 0.039795 0.1373 0.0784 0.0431
v 0.035400 0.951660 0.039795 0.1137 0.0588 0.0275
v -0.038330 0.960449 0.039795 0.1294 0.0706 0.0353
v -0.036865 0.966797 0.039795 0.1176 0.0745 0.0314
v 0.002686 0.972168 0.039795 0.1059 0.0627 0.0314
v 0.010986 0.981445 0.039795 0.1255 0.0784 0.0392
v -0.117432 0.045410 0.039795 0.8274 0.7686 0.7020
v 0.114990 0.045410 0.039795 0.7843 0.7098 0.6510
v 0.155029 0.005859 0.039795 0.5412 0.4196 0.3372
v 0.150635 0.000000 0.039795 0.7372 0.5569 0.4745
v -0.059814 0.679199 0.040283 0.6745 0.4078 0.2706
v 0.057373 0.679199 0.040283 0.6315 0.3647 0.2275
v -0.350342 0.807129 0.040283 0.2745 0.1059 0.3412
v -0.007080 0.874512 0.040283 0.6667 0.3647 0.3098
v 0.005127 0.874512 0.040283 0.6824 0.4000 0.3176
v -0.009521 0.878418 0.040283 0.4353 0.1804 0.1451
v 0.007080 0.878418 0.040283 0.4823 0.2432 0.1725
v -0.010498 0.883301 0.040283 0.4706 0.2941 0.2118
v 0.008057 0.883301 0.040283 0.5725 0.4118 0.3333
v -0.010010 0.889160 0.040283 0.4196 0.2000 0.1294
v 0.007568 0.889160 0.040283 0.6315 0.3961 0.2863
v -0.010986 0.893555 0.040283 0.6236 0.3255 0.2275
v 0.008545 0.893555 0.040283 0.6471 0.3804 0.2667
v -0.010010 0.895020 0.040283 0.6276 0.3451 0.2314
v 0.008057 0.895020 0.040283 0.6276 0.3725 0.2549
v -0.010010 0.895996 0.040283 0.6393 0.3490 0.2392
v 0.007568 0.895996 0.040283 0.6236 0.3568 0.2549
v -0.006592 0.911133 0.040283 0.6157 0.3412 0.2392
v 0.004639 0.911133 0.040283 0.5530 0.3255 0.2353
v -0.012451 0.918457 0.040283 0.3961 0.2078 0.1530
v 0.010498 0.918457 0.040283 0.4275 0.2235 0.1608
v 0.013916 0.918945 0.040283 0.5098 0.2863 0.2118
v -0.015869 0.919434 0.040283 0.2863 0.1451 0.1059
v -0.024170 0.921875 0.040283 0.2784 0.1216 0.0706
v 0.022217 0.921875 0.040283 0.6550 0.4118 0.2980
v 0.032471 0.937988 0.040283 0.1020 0.0549 0.0275
v 0.033447 0.937988 0.040283 0.1059 0.0588 0.0314
v -0.034424 0.939941 0.040283 0.1098 0.0667 0.0353
v -0.038330 0.940430 0.040283 0.1059 0.0588 0.0431
v -0.042236 0.942383 0.040283 0.1098 0.0784 0.0431
v -0.032959 0.943359 0.040283 0.1137 0.0745 0.0392
v -0.039307 0.945801 0.040283 0.1137 0.0627 0.0392
v 0.042725 0.949219 0.040283 0.1098 0.0706 0.0353
v 0.042725 0.950195 0.040283 0.1137 0.0745 0.0471
v -0.001709 0.965820 0.040283 0.0863 0.0471 0.0235
v -0.011963 0.976074 0.040283 0.1608 0.1020 0.0549
v 0.010498 0.985352 0.040283 0.1176 0.0667 0.0510
v 0.009033 0.985840 0.040283 0.1098 0.0706 0.0353
v 0.009033 0.989258 0.040283 0.1216 0.0824 0.0549
v -0.156494 0.011719 0.040283 0.1255 0.0706 0.1922
v 0.154053 0.011719 0.040283 0.1137 0.0353 0.1804
v -0.063721 0.539062 0.040771 0.5843 0.3255 0.1922
v 0.061279 0.539062 0.040771 0.5961 0.3412 0.2000
v -0.059326 0.738281 0.040771 0.5843 0.3294 0.2118
v 0.056885 0.738281 0.040771 0.5608 0.3098 0.2000
v 0.462647 0.827637 0.040772 0.3019 0.1608 0.3686
v -0.364502 0.828613 0.040771 0.1451 0.0078 0.2118
v -0.001221 0.875977 0.040771 0.6236 0.3412 0.3019
v -0.004150 0.875977 0.040771 0.5961 0.3019 0.2745
v 0.001709 0.875977 0.040771 0.6550 0.3686 0.3176
v -0.006104 0.877930 0.040771 0.3725 0.1490 0.1176
v 0.003662 0.877930 0.040771 0.3608 0.1333 0.0941
v -0.010010 0.879883 0.040771 0.5490 0.2784 0.2196
v 0.007568 0.879883 0.040771 0.6706 0.4510 0.3412
v -0.010010 0.881348 0.040771 0.6706 0.4275 0.3255
v 0.008057 0.881348 0.040771 0.6157 0.4235 0.3098
v -0.010986 0.891602 0.040771 0.5725 0.3019 0.2000
v 0.008545 0.891602 0.040771 0.6315 0.3490 0.2510
v -0.009033 0.902832 0.040771 0.6902 0.4000 0.2745
v 0.006592 0.902832 0.040771 0.6745 0.4000 0.2823
v -0.032959 0.932129 0.040771 0.0941 0.0549 0.0314
v 0.033447 0.941895 0.040771 0.0941 0.0510 0.0314
v 0.018311 0.945312 0.040771 0.5686 0.3294 0.2353
v 0.023193 0.946777 0.040771 0.1137 0.0627 0.0353
v -0.040771 0.947266 0.040771 0.1020 0.0549 0.0353
v 0.027100 0.947266 0.040771 0.1059 0.0627 0.0353
v -0.038818 0.952637 0.040771 0.1569 0.1059 0.0588
v -0.040283 0.962891 0.040771 0.1608 0.1059 0.0667
v 0.031494 0.963379 0.040771 0.1137 0.0588 0.0157
v -0.006104 0.967285 0.040771 0.1451 0.1020 0.0627
v -0.032959 0.970215 0.040771 0.1530 0.0980 0.0627
v -0.070068 0.360352 0.040771 0.7216 0.4471 0.3059
v 0.067627 0.360352 0.040771 0.6980 0.4078 0.2627
v -0.059326 0.645020 0.041260 0.7176 0.4314 0.2706
v 0.056885 0.645020 0.041260 0.7176 0.4157 0.2745
v -0.060791 0.714355 0.041260 0.6276 0.3608 0.2235
v 0.058838 0.714355 0.041260 0.7255 0.4510 0.3019
v -0.069580 0.748047 0.041260 0.6236 0.3647 0.2275
v 0.067139 0.748047 0.041260 0.6236 0.3686 0.2314
v 0.073975 0.780273 0.041260 0.7451 0.4706 0.3098
v -0.075928 0.780762 0.041260 0.7490 0.4589 0.3137
v 0.463135 0.790039 0.041260 0.2392 0.0980 0.3098
v -0.361572 0.818848 0.041260 0.1216 0.0157 0.2235
v -0.435303 0.852539 0.041260 0.3098 0.1451 0.3804
v -0.001221 0.872070 0.041260 0.5176 0.2902 0.2157
v -0.004639 0.872070 0.041260 0.5412 0.3216 0.2471
v 0.002197 0.872070 0.041260 0.4902 0.2823 0.2000
v -0.004150 0.874512 0.041260 0.6667 0.3608 0.3176
v 0.002197 0.874512 0.041260 0.6706 0.3882 0.3294
v 0.022705 0.926270 0.041260 0.2275 0.1059 0.0706
v -0.024658 0.926758 0.041260 0.5490 0.3372 0.2588
v -0.021240 0.936523 0.041260 0.4078 0.2196 0.1412
v 0.019287 0.936523 0.041260 0.6589 0.3882 0.2588
v 0.031982 0.937500 0.041260 0.0980 0.0588 0.0431
v 0.033447 0.937500 0.041260 0.0941 0.0627 0.0275
v 0.033447 0.941406 0.041260 0.0941 0.0588 0.0275
v -0.043701 0.943848 0.041260 0.1098 0.0667 0.0275
v 0.038330 0.949219 0.041260 0.1059 0.0588 0.0353
v 0.013428 0.951660 0.041260 0.1294 0.0784 0.0431
v -0.015381 0.952148 0.041260 0.1373 0.0745 0.0510
v 0.039795 0.952637 0.041260 0.1137 0.0667 0.0314
v -0.038330 0.956543 0.041260 0.1020 0.0588 0.0275
v -0.028564 0.973633 0.041260 0.2078 0.1451 0.0941
v -0.023682 0.976074 0.041260 0.1961 0.1294 0.0627
v -0.018311 0.978027 0.041260 0.2039 0.1412 0.0902
v -0.100830 0.482910 0.041260 0.5059 0.2784 0.1843
v 0.098389 0.482910 0.041260 0.4980 0.2745 0.1647
v -0.093994 0.038574 0.041260 0.7059 0.5764 0.7098
v -0.075928 0.604980 0.041748 0.6118 0.5569 0.4706
v 0.401611 0.779297 0.041748 0.1922 0.0824 0.2627
v -0.367432 0.810547 0.041748 0.1020 0.0157 0.1569
v 0.466065 0.815918 0.041748 0.2823 0.1294 0.3372
v -0.349365 0.817383 0.041748 0.7921 0.7255 0.6706
v -0.371826 0.840820 0.041748 0.2392 0.0902 0.3176
v -0.001221 0.874023 0.041748 0.7059 0.4196 0.3647
v -0.001221 0.876953 0.041748 0.3568 0.1530 0.1451
v -0.003662 0.877441 0.041748 0.3804 0.1608 0.1333
v 0.001221 0.877441 0.041748 0.3529 0.1294 0.1255
v -0.007080 0.885254 0.041748 0.4235 0.2902 0.2039
v 0.004639 0.885254 0.041748 0.4706 0.3294 0.2353
v -0.007080 0.886719 0.041748 0.4471 0.3176 0.2196
v 0.004639 0.886719 0.041748 0.5019 0.3294 0.2510
v -0.007080 0.888672 0.041748 0.3961 0.1922 0.1255
v 0.004639 0.888672 0.041748 0.5059 0.2902 0.2118
v -0.010010 0.890137 0.041748 0.3961 0.1765 0.1020
v 0.007568 0.890137 0.041748 0.5019 0.2745 0.1882
v -0.008545 0.899414 0.041748 0.6432 0.3529 0.2471
v 0.006592 0.899414 0.041748 0.6471 0.3686 0.2667
v -0.007080 0.908203 0.041748 0.6315 0.3490 0.2314
v 0.005127 0.908203 0.041748 0.6236 0.3608 0.2471
v -0.025146 0.923828 0.041748 0.0902 0.0549 0.0353
v 0.022705 0.923828 0.041748 0.4314 0.2353 0.1569
v -0.034424 0.935059 0.041748 0.0941 0.0471 0.0235
v -0.033447 0.935547 0.041748 0.0902 0.0510 0.0314
v 0.032471 0.937012 0.041748 0.1020 0.0588 0.0353
v -0.036377 0.939941 0.041748 0.1137 0.0667 0.0392
v 0.031494 0.940918 0.041748 0.1059 0.0627 0.0353
v -0.042236 0.941895 0.041748 0.1255 0.0824 0.0392
v -0.018799 0.945312 0.041748 0.6197 0.3804 0.2784
v 0.007568 0.975098 0.041748 0.2000 0.1255 0.0824
v -0.107178 0.497559 0.041748 0.1882 0.0902 0.2549
v -0.096924 0.388184 0.041748 0.6824 0.4078 0.2667
v 0.094482 0.388184 0.041748 0.6589 0.3882 0.2471
v 0.091553 0.038574 0.041748 0.1922 0.0902 0.2471
v -0.154053 0.020996 0.041748 0.2471 0.1176 0.2863
v 0.151611 0.020996 0.041748 0.2157 0.1098 0.2706
v 0.073975 0.604980 0.042236 0.6471 0.5882 0.5137
v -0.077393 0.608887 0.042236 0.7098 0.6667 0.5882
v 0.074463 0.608887 0.042236 0.7255 0.6667 0.5921
v -0.058838 0.628418 0.042236 0.6276 0.5176 0.4314
v 0.056396 0.628418 0.042236 0.6471 0.5373 0.4510
v -0.059326 0.637695 0.042236 0.6745 0.5294 0.4589
v 0.056885 0.637695 0.042236 0.6589 0.5530 0.5019
v -0.453857 0.778320 0.042236 0.2118 0.0902 0.2902
v -0.372803 0.797363 0.042236 0.1412 0.0314 0.2000
v -0.006592 0.879395 0.042236 0.5608 0.2745 0.2078
v 0.004150 0.879395 0.042236 0.5333 0.2863 0.2000
v -0.007080 0.883301 0.042236 0.5216 0.3568 0.2627
v 0.004639 0.883301 0.042236 0.4941 0.3372 0.2392
v -0.008545 0.889648 0.042236 0.4000 0.1882 0.1098
v 0.006104 0.889648 0.042236 0.4706 0.2549 0.1804
v -0.006104 0.890625 0.042236 0.4902 0.2471 0.1725
v 0.004150 0.890625 0.042236 0.4471 0.2275 0.1569
v -0.008545 0.897461 0.042236 0.6236 0.3255 0.2157
v 0.006592 0.897461 0.042236 0.6432 0.3608 0.2667
v 0.018311 0.920410 0.042236 0.5882 0.3294 0.2314
v -0.020264 0.920898 0.042236 0.1176 0.0471 0.0275
v -0.021240 0.929688 0.042236 0.6785 0.4235 0.2980
v 0.019287 0.929688 0.042236 0.6941 0.4275 0.2902
v -0.033936 0.941406 0.042236 0.1216 0.0667 0.0431
v -0.043213 0.942871 0.042236 0.0941 0.0667 0.0196
v -0.038818 0.944336 0.042236 0.1059 0.0667 0.0314
v 0.015869 0.944824 0.042236 0.5608 0.3372 0.2432
v 0.034424 0.944824 0.042236 0.0941 0.0549 0.0275
v -0.023682 0.946777 0.042236 0.0902 0.0549 0.0275
v -0.036377 0.960449 0.042236 0.1725 0.1137 0.0824
v 0.027588 0.967285 0.042236 0.1843 0.1255 0.0745
v 0.105713 0.497559 0.042236 0.2039 0.0980 0.2745
v -0.033447 0.422852 0.042236 0.6471 0.3647 0.2235
v 0.031494 0.422852 0.042236 0.6432 0.3686 0.2275
v -0.104736 0.044922 0.042236 0.1725 0.1020 0.2432
v 0.102295 0.044922 0.042236 0.8039 0.7294 0.6863
v -0.093018 0.036621 0.042236 0.3412 0.2353 0.3843
v 0.090576 0.036621 0.042236 0.2510 0.1451 0.3019
v -0.083252 0.023926 0.042236 0.1647 0.0824 0.2235
v 0.080811 0.023926 0.042236 0.2039 0.0980 0.2588
v -0.035889 0.507812 0.042725 0.5961 0.3255 0.1961
v 0.033447 0.507812 0.042725 0.6000 0.3294 0.2000
v -0.060791 0.719238 0.042725 0.6824 0.4078 0.2588
v 0.058350 0.719238 0.042725 0.6471 0.3804 0.2471
v 0.072510 0.764160 0.042725 0.6902 0.4118 0.2667
v -0.074463 0.764648 0.042725 0.7059 0.4118 0.2588
v -0.396729 0.788086 0.042725 0.1647 0.0667 0.2392
v 0.466553 0.802734 0.042725 0.3412 0.1686 0.3765
v 0.371338 0.808105 0.042725 0.2510 0.1020 0.2941
v 0.369385 0.832031 0.042725 0.2784 0.1176 0.3294
v -0.007080 0.881836 0.042725 0.6980 0.4823 0.3725
v 0.004639 0.881836 0.042725 0.6000 0.4000 0.2980
v -0.007080 0.890625 0.042725 0.4589 0.2235 0.1451
v 0.005127 0.890625 0.042725 0.4432 0.2275 0.1530
v -0.005615 0.915039 0.042725 0.6000 0.3372 0.2235
v 0.003662 0.915039 0.042725 0.3921 0.1882 0.1333
v -0.034424 0.935059 0.042725 0.0824 0.0471 0.0275
v -0.032959 0.935547 0.042725 0.0863 0.0510 0.0314
v -0.035400 0.938477 0.042725 0.0980 0.0627 0.0392
v -0.033936 0.938965 0.042725 0.1020 0.0627 0.0275
v -0.034912 0.940918 0.042725 0.1176 0.0667 0.0353
v -0.016357 0.944824 0.042725 0.5608 0.3372 0.2275
v 0.014404 0.944824 0.042725 0.4196 0.2510 0.1569
v 0.029053 0.945801 0.042725 0.1059 0.0667 0.0275
v -0.041748 0.947266 0.042725 0.1725 0.1216 0.0784
v 0.039307 0.949707 0.042725 0.1059 0.0627 0.0314
v 0.034424 0.950195 0.042725 0.1137 0.0627 0.0314
v 0.040283 0.951172 0.042725 0.0824 0.0471 0.0157
v 0.036865 0.955078 0.042725 0.1412 0.0902 0.0510
v -0.002197 0.962891 0.042725 0.1686 0.1020 0.0471
v -0.036377 0.965332 0.042725 0.1961 0.1255 0.0745
v 0.002197 0.969727 0.042725 0.1373 0.0980 0.0588
v 0.018311 0.973145 0.042725 0.1804 0.1216 0.0667
v -0.011963 0.973633 0.042725 0.1176 0.0745 0.0392
v 0.013428 0.975586 0.042725 0.1412 0.0902 0.0549
v -0.031006 0.452637 0.042725 0.6197 0.3490 0.2118
v 0.028564 0.452637 0.042725 0.6236 0.3568 0.2196
v -0.056396 0.358887 0.042725 0.6980 0.4157 0.2667
v 0.054443 0.358887 0.042725 0.7255 0.4392 0.3019
v -0.055420 0.534180 0.043213 0.6276 0.3568 0.2275
v 0.052979 0.534180 0.043213 0.6157 0.3529 0.2196
v -0.057861 0.637207 0.043213 0.7059 0.6432 0.5882
v 0.055420 0.637207 0.043213 0.7059 0.6510 0.6039
v -0.047119 0.658203 0.043213 0.6197 0.3529 0.2157
v 0.044678 0.658203 0.043213 0.6824 0.4157 0.2588
v -0.038818 0.796875 0.043213 0.7608 0.4745 0.3137
v 0.036377 0.796875 0.043213 0.7608 0.4706 0.3216
v -0.365479 0.819824 0.043213 0.0510 0.0118 0.1255
v -0.446533 0.847168 0.043213 0.2667 0.1059 0.3294
v -0.004150 0.878906 0.043213 0.5647 0.2745 0.2118
v 0.001709 0.878906 0.043213 0.5098 0.2432 0.2275
v 0.004639 0.880371 0.043213 0.6000 0.3608 0.2588
v -0.007080 0.880859 0.043213 0.6276 0.3725 0.2706
v -0.001221 0.882812 0.043213 0.5176 0.3412 0.2510
v -0.001221 0.884277 0.043213 0.4471 0.3216 0.2353
v -0.004150 0.884766 0.043213 0.3372 0.2157 0.1647
v 0.001709 0.884766 0.043213 0.3568 0.2471 0.1725
v -0.001221 0.885742 0.043213 0.4863 0.3529 0.2706
v -0.003662 0.885742 0.043213 0.3882 0.2510 0.1804
v 0.001709 0.885742 0.043213 0.3529 0.2353 0.1647
v -0.009033 0.895996 0.043213 0.6824 0.3882 0.2902
v 0.007080 0.895996 0.043213 0.6706 0.4000 0.2941
v -0.007080 0.917480 0.043213 0.5059 0.2745 0.1765
v 0.004639 0.917480 0.043213 0.4000 0.1961 0.1137
v -0.016357 0.919434 0.043213 0.1569 0.0745 0.0510
v 0.014404 0.919434 0.043213 0.5019 0.2745 0.2000
v -0.032959 0.935059 0.043213 0.0863 0.0510 0.0314
v 0.030029 0.943359 0.043213 0.1098 0.0627 0.0392
v 0.013428 0.944824 0.043213 0.3294 0.1843 0.1137
v 0.033447 0.944824 0.043213 0.0667 0.0314 0.0039
v -0.030518 0.945312 0.043213 0.1137 0.0706 0.0471
v 0.019775 0.947266 0.043213 0.0980 0.0627 0.0353
v -0.008057 0.951172 0.043213 0.2432 0.1333 0.0824
v 0.006104 0.951172 0.043213 0.1373 0.0863 0.0471
v -0.006104 0.964844 0.043213 0.0824 0.0549 0.0157
v 0.023193 0.970703 0.043213 0.1882 0.1176 0.0627
v -0.078369 0.380859 0.043213 0.5921 0.3412 0.2078
v 0.075928 0.380859 0.043213 0.6197 0.3529 0.2196
v -0.045166 0.528809 0.043701 0.6039 0.3372 0.2000
v -0.074463 0.528809 0.043701 0.5647 0.3098 0.1843
v 0.042725 0.528809 0.043701 0.6118 0.3412 0.2078
v 0.072021 0.528809 0.043701 0.5725 0.3137 0.1804
v -0.041748 0.629883 0.043701 0.6589 0.5569 0.4745
v 0.039307 0.629883 0.043701 0.6667 0.5843 0.5098
v -0.048096 0.671875 0.043701 0.6000 0.3372 0.2039
v 0.045654 0.671875 0.043701 0.5961 0.3372 0.2039
v 0.051514 0.729980 0.043701 0.6941 0.4196 0.2784
v -0.053467 0.730469 0.043701 0.6863 0.4157 0.2588
v -0.070557 0.751465 0.043701 0.6706 0.4039 0.2588
v 0.068115 0.751465 0.043701 0.6471 0.3882 0.2549
v 0.383545 0.798340 0.043701 0.1451 0.0392 0.1530
v 0.384033 0.840332 0.043701 0.3216 0.1608 0.3843
v -0.001221 0.878906 0.043701 0.5373 0.2667 0.2078
v -0.001221 0.881348 0.043701 0.6980 0.4471 0.3451
v -0.004150 0.881836 0.043701 0.4589 0.2588 0.1765
v 0.001709 0.881836 0.043701 0.6745 0.4432 0.3412
v -0.004150 0.883301 0.043701 0.3098 0.1882 0.1216
v 0.001709 0.883301 0.043701 0.4628 0.2980 0.2118
v -0.003662 0.887207 0.043701 0.4784 0.3098 0.2392
v 0.001221 0.887207 0.043701 0.4353 0.2667 0.1961
v -0.004639 0.890625 0.043701 0.4980 0.2588 0.1608
v 0.002686 0.890625 0.043701 0.4353 0.2353 0.1647
v 0.007568 0.894043 0.043701 0.6589 0.3765 0.2823
v -0.010010 0.894531 0.043701 0.6706 0.3686 0.2667
v -0.007080 0.904785 0.043701 0.6510 0.3529 0.2510
v 0.005127 0.904785 0.043701 0.6550 0.3765 0.2549
v -0.005127 0.913086 0.043701 0.7490 0.4706 0.3647
v 0.003174 0.913086 0.043701 0.3961 0.1961 0.1137
v -0.009521 0.917969 0.043701 0.4078 0.1843 0.1059
v 0.007568 0.917969 0.043701 0.3529 0.1647 0.1098
v -0.012451 0.918457 0.043701 0.3255 0.1922 0.1255
v 0.010498 0.918457 0.043701 0.3765 0.1765 0.1059
v -0.020264 0.925293 0.043701 0.5412 0.3333 0.2392
v 0.018311 0.925293 0.043701 0.1137 0.0510 0.0353
v -0.033936 0.934570 0.043701 0.0863 0.0510 0.0275
v 0.030518 0.939941 0.043701 0.1137 0.0667 0.0431
v 0.033447 0.940430 0.043701 0.0980 0.0588 0.0314
v -0.035889 0.941895 0.043701 0.1216 0.0706 0.0353
v -0.014893 0.942871 0.043701 0.6471 0.3686 0.2353
v 0.012939 0.942871 0.043701 0.2863 0.1843 0.0980
v 0.040771 0.942871 0.043701 0.1176 0.0745 0.0431
v -0.013916 0.944336 0.043701 0.5451 0.2980 0.1686
v -0.014893 0.944336 0.043701 0.5333 0.2902 0.1725
v 0.011963 0.944336 0.043701 0.2510 0.1294 0.0706
v 0.015869 0.946289 0.043701 0.1333 0.0745 0.0353
v -0.039795 0.951660 0.043701 0.1098 0.0706 0.0353
v 0.033936 0.958008 0.043701 0.0902 0.0392 0.0078
v -0.103272 0.449219 0.043701 0.5451 0.3059 0.1843
v 0.100830 0.449219 0.043701 0.5333 0.2941 0.1843
v -0.088623 0.384277 0.043701 0.6824 0.4078 0.2667
v 0.086182 0.384277 0.043701 0.6941 0.4157 0.2745
v -0.148682 0.029297 0.043701 0.2706 0.1216 0.3098
v -0.048096 0.648926 0.044189 0.6550 0.3765 0.2314
v 0.045654 0.648926 0.044189 0.7176 0.4353 0.2863
v 0.055908 0.688965 0.044189 0.6941 0.4235 0.2784
v -0.057861 0.725098 0.044189 0.7059 0.4353 0.2823
v 0.055420 0.725586 0.044189 0.6706 0.4118 0.2745
v -0.060303 0.740723 0.044189 0.6079 0.3568 0.2196
v 0.057861 0.740723 0.044189 0.6079 0.3490 0.2314
v -0.065186 0.789551 0.044189 0.7020 0.3961 0.2471
v 0.063232 0.789551 0.044189 0.7255 0.4353 0.2902
v -0.004150 0.880859 0.044189 0.6589 0.4039 0.3216
v 0.001709 0.880859 0.044189 0.5843 0.3137 0.2314
v -0.001221 0.886230 0.044189 0.4784 0.3372 0.2549
v -0.003662 0.888672 0.044189 0.4941 0.2784 0.1961
v 0.001709 0.888672 0.044189 0.4078 0.2196 0.1451
v -0.007568 0.891113 0.044189 0.4745 0.2392 0.1569
v -0.009033 0.891113 0.044189 0.4275 0.1922 0.1176
v 0.005127 0.891113 0.044189 0.4550 0.2314 0.1608
v 0.007080 0.891113 0.044189 0.5059 0.2588 0.1843
v 0.003662 0.892090 0.044189 0.4863 0.2667 0.1882
v -0.006104 0.892578 0.044189 0.5255 0.2745 0.1882
v -0.010010 0.892578 0.044189 0.5804 0.2941 0.2118
v 0.008057 0.892578 0.044189 0.6236 0.3412 0.2432
v 0.018799 0.922363 0.044189 0.5608 0.3255 0.2235
v -0.020752 0.922852 0.044189 0.0353 0.0196 0.0353
v -0.032471 0.938965 0.044189 0.1059 0.0588 0.0353
v -0.012451 0.943848 0.044189 0.6079 0.3568 0.2039
v 0.037842 0.943848 0.044189 0.1176 0.0667 0.0353
v 0.010498 0.944336 0.044189 0.3019 0.1804 0.1137
v -0.014893 0.945312 0.044189 0.4823 0.2549 0.1451
v -0.017334 0.946289 0.044189 0.1725 0.0784 0.0392
v -0.020752 0.946777 0.044189 0.1137 0.0549 0.0431
v 0.025146 0.948242 0.044189 0.1176 0.0706 0.0392
v -0.000732 0.950684 0.044189 0.2353 0.1255 0.0667
v -0.037842 0.956055 0.044189 0.1569 0.0980 0.0588
v -0.108154 0.478516 0.044189 0.2196 0.1176 0.2823
v 0.105713 0.478516 0.044189 0.1922 0.0941 0.2627
v -0.099854 0.408691 0.044189 0.6432 0.3686 0.2275
v 0.097412 0.408691 0.044189 0.6354 0.3725 0.2353
v -0.071045 0.379883 0.044189 0.6510 0.3921 0.2549
v 0.068604 0.379883 0.044189 0.6550 0.3882 0.2510
v 0.146240 0.029297 0.044189 0.2823 0.1412 0.3412
v -0.058350 0.689453 0.044678 0.7059 0.4314 0.2863
v -0.054932 0.698730 0.044678 0.6471 0.3725 0.2353
v 0.052490 0.698730 0.044678 0.6432 0.3765 0.2432
v 0.395752 0.790527 0.044678 0.1608 0.0667 0.2196
v 0.367920 0.820312 0.044678 0.2157 0.0745 0.2627
v -0.001221 0.880371 0.044678 0.6550 0.3686 0.2980
v -0.008057 0.890137 0.044678 0.4471 0.2118 0.1412
v 0.006104 0.890137 0.044678 0.4628 0.2314 0.1608
v -0.007080 0.901367 0.044678 0.6471 0.3451 0.2353
v 0.005127 0.901367 0.044678 0.6667 0.3804 0.2706
v -0.003662 0.916016 0.044678 0.6589 0.3961 0.2784
v 0.001709 0.916016 0.044678 0.3961 0.1922 0.1255
v -0.014404 0.935059 0.044678 0.6824 0.4275 0.2863
v 0.012451 0.935059 0.044678 0.7137 0.4510 0.2941
v -0.035400 0.937988 0.044678 0.1020 0.0549 0.0353
v 0.031982 0.939941 0.044678 0.1137 0.0588 0.0431
v -0.010010 0.943359 0.044678 0.6432 0.3921 0.2314
v 0.008057 0.943359 0.044678 0.5961 0.3529 0.2118
v 0.037354 0.943359 0.044678 0.1137 0.0706 0.0392
v 0.038330 0.944336 0.044678 0.1098 0.0667 0.0314
v -0.038818 0.944824 0.044678 0.0902 0.0549 0.0353
v 0.012939 0.945801 0.044678 0.2039 0.1137 0.0667
v 0.035400 0.950684 0.044678 0.0784 0.0471 0.0078
v -0.002686 0.959961 0.044678 0.0824 0.0471 0.0118
v -0.035889 0.959961 0.044678 0.1137 0.0667 0.0353
v 0.030518 0.961426 0.044678 0.0980 0.0588 0.0235
v -0.034424 0.964355 0.044678 0.2196 0.1530 0.1137
v -0.031982 0.968262 0.044678 0.1608 0.1020 0.0588
v 0.006592 0.973633 0.044678 0.1608 0.0980 0.0471
v -0.017822 0.976074 0.044678 0.1412 0.0824 0.0510
v -0.101318 0.427246 0.044678 0.5882 0.3333 0.2000
v 0.098877 0.427246 0.044678 0.5764 0.3216 0.1922
v -0.086182 0.511230 0.045166 0.5333 0.2941 0.1725
v 0.083740 0.511230 0.045166 0.5373 0.2980 0.1765
v -0.079834 0.595215 0.045166 0.3294 0.1608 0.4157
v -0.056885 0.693359 0.045166 0.5882 0.3216 0.2000
v 0.054932 0.693359 0.045166 0.6432 0.3882 0.2510
v -0.455811 0.838867 0.045166 0.2863 0.1333 0.3490
v -0.002686 0.887207 0.045166 0.4157 0.2432 0.1647
v 0.000244 0.887207 0.045166 0.4550 0.2863 0.2196
v -0.005615 0.910156 0.045166 0.7020 0.4157 0.2980
v 0.003174 0.910156 0.045166 0.5216 0.2823 0.1882
v -0.001221 0.916016 0.045166 0.6393 0.3725 0.2667
v -0.006104 0.918945 0.045166 0.6079 0.3608 0.2510
v 0.004150 0.918945 0.045166 0.4314 0.2471 0.1530
v -0.015869 0.924316 0.045166 0.4392 0.2588 0.1922
v 0.013916 0.924316 0.045166 0.0745 0.0353 0.0392
v -0.013916 0.928223 0.045166 0.7333 0.4823 0.3412
v 0.011963 0.928223 0.045166 0.7568 0.5216 0.3686
v 0.027100 0.932617 0.045166 0.1137 0.0588 0.0392
v -0.031006 0.942383 0.045166 0.1059 0.0667 0.0392
v -0.012939 0.945312 0.045166 0.5255 0.2941 0.1569
v -0.036865 0.945312 0.045166 0.1216 0.0706 0.0588
v 0.010498 0.945312 0.045166 0.2627 0.1608 0.0863
v 0.035400 0.945801 0.045166 0.1373 0.0824 0.0431
v -0.040771 0.946289 0.045166 0.1294 0.0745 0.0353
v 0.036865 0.953125 0.045166 0.0941 0.0588 0.0235
v -0.006104 0.962891 0.045166 0.0863 0.0392 0.0078
v 0.001709 0.967285 0.045166 0.1255 0.0706 0.0235
v -0.028076 0.971191 0.045166 0.1098 0.0745 0.0314
v -0.011475 0.971680 0.045166 0.0980 0.0588 0.0392
v -0.022705 0.974121 0.045166 0.1647 0.1020 0.0667
v -0.064697 0.378418 0.045166 0.6745 0.4078 0.2588
v 0.062256 0.378418 0.045166 0.7020 0.4275 0.2863
v -0.054932 0.375000 0.045166 0.7020 0.4275 0.2863
v 0.052979 0.375000 0.045166 0.6824 0.4039 0.2745
v -0.089600 0.032715 0.045166 0.1961 0.1020 0.2549
v 0.087158 0.032715 0.045166 0.2275 0.1294 0.2902
v -0.071533 0.757812 0.045654 0.6276 0.3490 0.2235
v 0.069580 0.757812 0.045654 0.6706 0.4039 0.2588
v -0.438232 0.769043 0.045654 0.2745 0.1176 0.3372
v -0.001221 0.788086 0.045654 0.7020 0.4392 0.3059
v -0.021240 0.793945 0.045654 0.7333 0.4432 0.3019
v 0.019287 0.793945 0.045654 0.6902 0.4157 0.2706
v -0.384522 0.795410 0.045654 0.1804 0.0745 0.2432
v 0.418701 0.849609 0.045654 0.2588 0.1020 0.3216
v -0.001221 0.887207 0.045654 0.4628 0.2902 0.2157
v -0.007080 0.898438 0.045654 0.6510 0.3490 0.2392
v 0.005127 0.898438 0.045654 0.6510 0.3725 0.2627
v -0.003174 0.914062 0.045654 0.7412 0.4589 0.3451
v 0.001221 0.914062 0.045654 0.4667 0.2432 0.1569
v -0.004150 0.917969 0.045654 0.5921 0.3490 0.2235
v 0.002197 0.917969 0.045654 0.4157 0.2235 0.1490
v -0.016357 0.921387 0.045654 0.0118 0.0157 0.0392
v 0.014404 0.921387 0.045654 0.4941 0.2588 0.1530
v -0.032471 0.937988 0.045654 0.1059 0.0627 0.0392
v -0.007568 0.941895 0.045654 0.6745 0.4039 0.2510
v 0.005615 0.941895 0.045654 0.7255 0.4353 0.2863
v -0.008057 0.942383 0.045654 0.6902 0.4275 0.2784
v 0.005615 0.942383 0.045654 0.7098 0.4353 0.2706
v 0.037354 0.943359 0.045654 0.1216 0.0667 0.0314
v 0.032959 0.943848 0.045654 0.1137 0.0667 0.0353
v -0.010010 0.944336 0.045654 0.6118 0.3647 0.2118
v 0.038818 0.944336 0.045654 0.1137 0.0706 0.0275
v -0.026611 0.945801 0.045654 0.1020 0.0627 0.0314
v -0.015381 0.946777 0.045654 0.2471 0.1255 0.0745
v 0.027588 0.946777 0.045654 0.1098 0.0667 0.0392
v 0.036377 0.946777 0.045654 0.1608 0.1059 0.0667
v 0.032471 0.949219 0.045654 0.1373 0.0863 0.0471
v 0.032471 0.951660 0.045654 0.1020 0.0471 0.0118
v -0.034424 0.484375 0.045654 0.6039 0.3372 0.2000
v 0.031982 0.484375 0.045654 0.6118 0.3451 0.2078
v -0.067139 0.523926 0.046143 0.6000 0.3294 0.1961
v 0.064697 0.523926 0.046143 0.6000 0.3294 0.2000
v 0.077881 0.595703 0.046143 0.1804 0.0588 0.2471
v -0.042725 0.626953 0.046143 0.6785 0.5451 0.4471
v 0.040283 0.626953 0.046143 0.6628 0.5530 0.4432
v -0.059814 0.637695 0.046143 0.7098 0.6941 0.6824
v 0.057373 0.637695 0.046143 0.6471 0.6315 0.6000
v -0.044189 0.638184 0.046143 0.5059 0.2823 0.1882
v 0.041748 0.638184 0.046143 0.5137 0.2941 0.2118
v 0.409912 0.772461 0.046143 0.2196 0.0863 0.2941
v -0.007080 0.790039 0.046143 0.5921 0.3412 0.2039
v 0.004639 0.790039 0.046143 0.6276 0.3725 0.2471
v 0.380615 0.797363 0.046143 0.1725 0.0667 0.2314
v -0.004150 0.891113 0.046143 0.4589 0.2432 0.1569
v -0.006592 0.891113 0.046143 0.4863 0.2510 0.1569
v 0.001709 0.891113 0.046143 0.4589 0.2549 0.1804
v 0.004150 0.891113 0.046143 0.4706 0.2588 0.1725
v -0.007568 0.896484 0.046143 0.6589 0.3451 0.2392
v 0.005615 0.896484 0.046143 0.6432 0.3608 0.2627
v -0.005615 0.906738 0.046143 0.7372 0.4510 0.3255
v 0.003174 0.906738 0.046143 0.6276 0.3568 0.2275
v -0.001221 0.914062 0.046143 0.6589 0.4039 0.2745
v -0.001221 0.917969 0.046143 0.5569 0.3098 0.2078
v -0.008545 0.919434 0.046143 0.4628 0.2353 0.1451
v 0.006592 0.919434 0.046143 0.4039 0.2118 0.1373
v -0.011963 0.920410 0.046143 0.0706 0.0196 0.0118
v 0.010010 0.920410 0.046143 0.4275 0.2157 0.1373
v -0.011963 0.923340 0.046143 0.3137 0.1530 0.0941
v 0.010010 0.923340 0.046143 0.0588 0.0235 0.0353
v 0.027588 0.936035 0.046143 0.0941 0.0588 0.0353
v 0.028564 0.936035 0.046143 0.0980 0.0588 0.0392
v -0.033936 0.937988 0.046143 0.1020 0.0588 0.0392
v -0.004639 0.940918 0.046143 0.7451 0.4745 0.3216
v 0.002686 0.940918 0.046143 0.7333 0.4589 0.2902
v -0.035889 0.941406 0.046143 0.1098 0.0667 0.0353
v -0.000732 0.941895 0.046143 0.7372 0.4550 0.3137
v 0.029053 0.942871 0.046143 0.1059 0.0627 0.0431
v -0.007080 0.943359 0.046143 0.6785 0.4118 0.2588
v 0.038330 0.943359 0.046143 0.1098 0.0706 0.0353
v 0.007568 0.944336 0.046143 0.5961 0.3529 0.2157
v 0.034424 0.944824 0.046143 0.1333 0.0784 0.0392
v -0.002686 0.956543 0.046143 0.1059 0.0667 0.0353
v 0.026611 0.964844 0.046143 0.1294 0.0784 0.0431
v -0.095947 0.481445 0.046143 0.5176 0.2823 0.1804
v 0.093506 0.481445 0.046143 0.5294 0.2980 0.1804
v -0.043701 0.400391 0.046143 0.6550 0.3725 0.2235
v 0.041260 0.400391 0.046143 0.6628 0.3804 0.2314
v -0.133545 0.038574 0.046143 0.3647 0.2823 0.3255
v 0.131104 0.038574 0.046143 0.2078 0.1059 0.2196
v 0.052002 0.702148 0.046631 0.7020 0.4314 0.2823
v -0.462647 0.829102 0.046631 0.2980 0.1490 0.3529
v -0.003662 0.911133 0.046631 0.7255 0.4235 0.3059
v 0.001221 0.911133 0.046631 0.5059 0.2745 0.1686
v -0.006104 0.921875 0.046631 0.6706 0.4157 0.2784
v 0.004150 0.921875 0.046631 0.0549 0.0431 0.0588
v -0.008057 0.922363 0.046631 0.6706 0.4118 0.2745
v 0.006104 0.922363 0.046631 0.0353 0.0431 0.0392
v -0.007080 0.934082 0.046631 0.6941 0.4510 0.2980
v 0.005127 0.934082 0.046631 0.7529 0.4589 0.3019
v 0.027100 0.936035 0.046631 0.0980 0.0588 0.0275
v -0.002686 0.938965 0.046631 0.7176 0.4471 0.2863
v 0.000244 0.939453 0.046631 0.7294 0.4667 0.3059
v 0.028564 0.939453 0.046631 0.1059 0.0627 0.0353
v 0.002686 0.941895 0.046631 0.7372 0.4589 0.2902
v -0.005127 0.943359 0.046631 0.6157 0.3686 0.2314
v 0.005127 0.943359 0.046631 0.6785 0.4118 0.2588
v -0.009521 0.946289 0.046631 0.3843 0.2275 0.1255
v -0.012939 0.946777 0.046631 0.3412 0.1647 0.0588
v 0.017334 0.948242 0.046631 0.1020 0.0706 0.0118
v 0.033936 0.949707 0.046631 0.1765 0.1098 0.0588
v -0.006592 0.960938 0.046631 0.1490 0.0980 0.0353
v 0.022217 0.968262 0.046631 0.1765 0.1216 0.0784
v 0.017334 0.971191 0.046631 0.1725 0.1176 0.0667
v 0.012451 0.974121 0.046631 0.1020 0.0588 0.0471
v -0.051514 0.390137 0.046631 0.6471 0.3804 0.2314
v 0.049072 0.390137 0.046631 0.6667 0.3843 0.2471
v -0.046631 0.675293 0.047119 0.6667 0.4000 0.2627
v 0.044189 0.675293 0.047119 0.6471 0.3804 0.2392
v -0.049561 0.696289 0.047119 0.6589 0.3921 0.2549
v 0.047119 0.696289 0.047119 0.6197 0.3529 0.2275
v -0.054443 0.702637 0.047119 0.7098 0.4392 0.2863
v -0.050049 0.736328 0.047119 0.5764 0.3216 0.2078
v 0.047607 0.736328 0.047119 0.5412 0.2941 0.1843
v -0.401611 0.780273 0.047119 0.2235 0.1098 0.3019
v -0.463135 0.791016 0.047119 0.3019 0.1490 0.3568
v 0.394287 0.796387 0.047119 0.1725 0.0627 0.2235
v 0.403076 0.847656 0.047119 0.2392 0.0980 0.3098
v -0.007080 0.890625 0.047119 0.5059 0.2549 0.1765
v 0.004639 0.890625 0.047119 0.4628 0.2392 0.1647
v -0.005127 0.891113 0.047119 0.4902 0.2510 0.1686
v 0.002686 0.891113 0.047119 0.4353 0.2392 0.1647
v 0.006104 0.894531 0.047119 0.6785 0.3921 0.2863
v -0.008545 0.895020 0.047119 0.6510 0.3294 0.2314
v -0.001221 0.911621 0.047119 0.6863 0.4078 0.2823
v -0.001221 0.921387 0.047119 0.6706 0.4118 0.2823
v -0.004150 0.921387 0.047119 0.6980 0.4353 0.3098
v 0.002197 0.921387 0.047119 0.2432 0.1176 0.0863
v -0.006592 0.926270 0.047119 0.7843 0.5294 0.3921
v 0.004639 0.926270 0.047119 0.8235 0.5569 0.4039
v -0.001221 0.926758 0.047119 0.8078 0.5412 0.3921
v -0.001221 0.933594 0.047119 0.7529 0.4902 0.3372
v 0.028564 0.935547 0.047119 0.0902 0.0627 0.0392
v -0.001221 0.937500 0.047119 0.7216 0.4589 0.2980
v 0.029541 0.939453 0.047119 0.1020 0.0627 0.0314
v 0.000732 0.941406 0.047119 0.7529 0.4745 0.3098
v -0.002686 0.942871 0.047119 0.6980 0.4471 0.2941
v -0.035400 0.944824 0.047119 0.1176 0.0667 0.0353
v -0.008057 0.947266 0.047119 0.2157 0.1176 0.0706
v -0.017822 0.947266 0.047119 0.0980 0.0549 0.0196
v 0.013428 0.947266 0.047119 0.1216 0.0784 0.0392
v 0.022217 0.948242 0.047119 0.1020 0.0706 0.0392
v -0.038330 0.950684 0.047119 0.1255 0.0706 0.0431
v 0.032959 0.956055 0.047119 0.1608 0.0980 0.0471
v -0.057861 0.392090 0.047119 0.6706 0.3961 0.2471
v 0.055420 0.392090 0.047119 0.6824 0.4000 0.2510
v -0.063232 0.521484 0.047607 0.6000 0.3412 0.2039
v 0.060791 0.521484 0.047607 0.6079 0.3412 0.1961
v -0.082764 0.579102 0.047607 0.2745 0.1255 0.3490
v -0.049072 0.687988 0.047607 0.5764 0.3176 0.1922
v 0.046631 0.687988 0.047607 0.6667 0.4000 0.2549
v -0.052979 0.711914 0.047607 0.6863 0.4000 0.2627
v 0.050537 0.711914 0.047607 0.7020 0.4353 0.2941
v 0.046143 0.724609 0.047607 0.7412 0.4706 0.3176
v -0.048584 0.725098 0.047607 0.7216 0.4314 0.2784
v -0.466065 0.816895 0.047607 0.2667 0.1176 0.3255
v 0.431885 0.849121 0.047607 0.3294 0.1530 0.3921
v -0.003662 0.889160 0.047607 0.4823 0.2588 0.1804
v 0.001221 0.889160 0.047607 0.3961 0.2196 0.1490
v -0.008057 0.891113 0.047607 0.5490 0.2784 0.1804
v 0.005615 0.891113 0.047607 0.5098 0.2627 0.1843
v -0.008545 0.893066 0.047607 0.6824 0.3804 0.2863
v 0.006592 0.893066 0.047607 0.6706 0.3843 0.2863
v -0.005127 0.902832 0.047607 0.6745 0.3725 0.2588
v 0.003174 0.902832 0.047607 0.6510 0.3568 0.2432
v 0.027588 0.935547 0.047607 0.1020 0.0627 0.0353
v 0.027100 0.936035 0.047607 0.1020 0.0588 0.0392
v 0.027100 0.939453 0.047607 0.1020 0.0588 0.0392
v -0.033936 0.941406 0.047607 0.1137 0.0627 0.0314
v 0.030029 0.942871 0.047607 0.1020 0.0588 0.0353
v 0.004639 0.944336 0.047607 0.6236 0.3765 0.2275
v 0.034912 0.944824 0.047607 0.1294 0.0745 0.0510
v 0.036865 0.946289 0.047607 0.1216 0.0706 0.0314
v 0.010498 0.946777 0.047607 0.1804 0.1020 0.0510
v 0.031494 0.946777 0.047607 0.1373 0.0863 0.0471
v -0.014893 0.947754 0.047607 0.1843 0.1020 0.0588
v -0.004150 0.949707 0.047607 0.1530 0.0941 0.0549
v -0.003174 0.953125 0.047607 0.1412 0.0863 0.0510
v 0.032471 0.953613 0.047607 0.1294 0.0784 0.0392
v -0.006592 0.958496 0.047607 0.1294 0.0902 0.0431
v 0.000732 0.964355 0.047607 0.1137 0.0784 0.0431
v -0.010986 0.968750 0.047607 0.1333 0.0941 0.0510
v -0.017334 0.974121 0.047607 0.1647 0.1098 0.0667
v 0.106689 0.459473 0.047607 0.2000 0.0980 0.2667
v -0.108643 0.458984 0.047607 0.1412 0.0824 0.1647
v -0.091553 0.404785 0.047607 0.6589 0.3843 0.2432
v 0.089111 0.404785 0.047607 0.6589 0.3882 0.2353
v 0.055420 0.392090 0.047607 0.6824 0.4000 0.2510
v 0.080811 0.579590 0.048096 0.1725 0.0627 0.2314
v -0.061279 0.634766 0.048096 0.6589 0.6393 0.6236
v 0.058838 0.634766 0.048096 0.5412 0.5137 0.5019
v -0.037842 0.650391 0.048096 0.6393 0.3765 0.2392
v 0.035400 0.650391 0.048096 0.6393 0.3725 0.2353
v -0.053467 0.706543 0.048096 0.6432 0.3765 0.2392
v 0.051025 0.706543 0.048096 0.7137 0.4353 0.2941
v -0.052490 0.715332 0.048096 0.7216 0.4510 0.2980
v 0.050049 0.715332 0.048096 0.6471 0.3804 0.2432
v -0.052002 0.721191 0.048096 0.7294 0.4510 0.2941
v 0.049561 0.721191 0.048096 0.6941 0.4235 0.2706
v 0.449463 0.777344 0.048096 0.2275 0.0941 0.3098
v -0.466065 0.804199 0.048096 0.2667 0.1137 0.3255
v -0.371338 0.808105 0.048096 0.1569 0.0510 0.2275
v -0.368897 0.832031 0.048096 0.2863 0.0941 0.3686
v -0.002686 0.887695 0.048096 0.4314 0.2235 0.1490
v 0.000244 0.887695 0.048096 0.4039 0.2196 0.1569
v -0.038818 0.931641 0.048096 0.1020 0.0667 0.0392
v -0.031006 0.941406 0.048096 0.1020 0.0588 0.0314
v -0.028076 0.943848 0.048096 0.1020 0.0627 0.0353
v 0.035889 0.945312 0.048096 0.1412 0.0824 0.0431
v -0.022705 0.946289 0.048096 0.0980 0.0627 0.0314
v 0.008545 0.946777 0.048096 0.2549 0.1451 0.0745
v -0.006592 0.948730 0.048096 0.0627 0.0392 0.0118
v -0.011963 0.948730 0.048096 0.1373 0.0863 0.0471
v -0.010986 0.951172 0.048096 0.0863 0.0588 0.0431
v -0.036377 0.955078 0.048096 0.1255 0.0745 0.0471
v 0.005615 0.971680 0.048096 0.1804 0.1216 0.0824
v -0.022217 0.972656 0.048096 0.1569 0.1020 0.0510
v -0.051025 0.403320 0.048096 0.6667 0.3961 0.2432
v 0.048584 0.403320 0.048096 0.6824 0.4000 0.2510
v -0.084229 0.401367 0.048096 0.6432 0.3686 0.2275
v 0.081787 0.401367 0.048096 0.6628 0.3765 0.2392
v -0.076904 0.397949 0.048096 0.6079 0.3412 0.2039
v 0.074463 0.397949 0.048096 0.6393 0.3725 0.2275
v -0.045654 0.512695 0.048584 0.6197 0.3529 0.2157
v 0.043213 0.512695 0.048584 0.6197 0.3529 0.2157
v -0.084717 0.563965 0.048584 0.2118 0.1098 0.2823
v -0.036377 0.626465 0.048584 0.6471 0.5373 0.4471
v 0.033936 0.626465 0.048584 0.6276 0.5373 0.4550
v -0.037842 0.637207 0.048584 0.4510 0.2823 0.2157
v 0.035400 0.637207 0.048584 0.5373 0.3882 0.3333
v -0.061279 0.744629 0.048584 0.6628 0.3961 0.2588
v 0.059326 0.744629 0.048584 0.6157 0.3568 0.2235
v 0.374268 0.803223 0.048584 0.1294 0.0510 0.1843
v -0.001221 0.887695 0.048584 0.4275 0.2275 0.1569
v -0.005615 0.899414 0.048584 0.7294 0.4157 0.3098
v 0.003662 0.899414 0.048584 0.6393 0.3451 0.2432
v -0.003662 0.907715 0.048584 0.7882 0.5019 0.3882
v 0.001221 0.907715 0.048584 0.6354 0.3568 0.2392
v -0.024170 0.931152 0.048584 0.1059 0.0667 0.0392
v 0.029541 0.938965 0.048584 0.1059 0.0588 0.0353
v -0.000732 0.941895 0.048584 0.7333 0.4510 0.2902
v -0.001709 0.942383 0.048584 0.7255 0.4432 0.2784
v 0.026611 0.942871 0.048584 0.1020 0.0667 0.0392
v -0.034424 0.944336 0.048584 0.0980 0.0588 0.0235
v 0.003662 0.944824 0.048584 0.6118 0.3686 0.2118
v 0.006592 0.946289 0.048584 0.3372 0.1765 0.0784
v -0.016357 0.947754 0.048584 0.0902 0.0588 0.0235
v 0.015381 0.947754 0.048584 0.1255 0.0706 0.0431
v -0.033936 0.958984 0.048584 0.1255 0.0824 0.0431
v 0.029053 0.959473 0.048584 0.1882 0.1294 0.0706
v -0.031494 0.963379 0.048584 0.1412 0.0902 0.0588
v -0.026611 0.968750 0.048584 0.2667 0.1882 0.1255
v -0.073486 0.396484 0.048584 0.6354 0.3686 0.2235
v 0.071045 0.396484 0.048584 0.6471 0.3725 0.2314
v -0.078369 0.507812 0.049072 0.5530 0.3019 0.1922
v 0.075928 0.507812 0.049072 0.5686 0.3059 0.1922
v -0.056396 0.518555 0.049072 0.6118 0.3451 0.2078
v 0.053955 0.518555 0.049072 0.6157 0.3451 0.2118
v -0.044189 0.636230 0.049072 0.7333 0.7059 0.6667
v 0.041748 0.636230 0.049072 0.6628 0.6236 0.5921
v -0.045654 0.682617 0.049072 0.5530 0.3019 0.1804
v 0.043213 0.682617 0.049072 0.6550 0.3961 0.2510
v -0.045166 0.691895 0.049072 0.6276 0.3686 0.2353
v 0.042725 0.691895 0.049072 0.6039 0.3451 0.2157
v 0.389893 0.792969 0.049072 0.1765 0.0588 0.2078
v -0.383545 0.798828 0.049072 0.1686 0.0510 0.2235
v -0.383545 0.840820 0.049072 0.2980 0.1373 0.3647
v -0.001221 0.908203 0.049072 0.6902 0.4000 0.2784
v -0.025635 0.934570 0.049072 0.1020 0.0627 0.0353
v -0.036865 0.935547 0.049072 0.1098 0.0745 0.0431
v -0.026611 0.937988 0.049072 0.1020 0.0627 0.0353
v 0.037842 0.937988 0.049072 0.0980 0.0588 0.0235
v -0.035400 0.939941 0.049072 0.1020 0.0627 0.0275
v -0.027588 0.940918 0.049072 0.0980 0.0549 0.0353
v -0.030029 0.942871 0.049072 0.1059 0.0627 0.0353
v 0.001709 0.945801 0.049072 0.5764 0.3412 0.1961
v -0.019287 0.946289 0.049072 0.0980 0.0588 0.0353
v 0.029541 0.946289 0.049072 0.1451 0.0941 0.0627
v 0.013428 0.946777 0.049072 0.1333 0.0745 0.0392
v 0.031494 0.946777 0.049072 0.1373 0.0863 0.0431
v -0.002686 0.949219 0.049072 0.0824 0.0549 0.0235
v 0.034424 0.949219 0.049072 0.0980 0.0588 0.0157
v -0.014404 0.950195 0.049072 0.0824 0.0549 0.0196
v -0.007568 0.956543 0.049072 0.1530 0.0863 0.0510
v -0.016846 0.972656 0.049072 0.1686 0.1137 0.0706
v -0.016846 0.973145 0.049072 0.1686 0.1137 0.0667
v -0.095947 0.446777 0.049072 0.6000 0.3412 0.2549
v 0.093506 0.446777 0.049072 0.5804 0.3255 0.2118
v -0.041260 0.425781 0.049072 0.6785 0.3921 0.2432
v 0.038818 0.425781 0.049072 0.6706 0.3843 0.2471
v -0.093994 0.424805 0.049072 0.6118 0.3529 0.2314
v 0.091553 0.424805 0.049072 0.6236 0.3568 0.2196
v -0.065674 0.394043 0.049072 0.6706 0.4000 0.2471
v 0.063232 0.394043 0.049072 0.6785 0.3921 0.2432
v 0.083252 0.564453 0.049561 0.1961 0.0902 0.2667
v -0.061768 0.620605 0.049561 0.5216 0.4628 0.4432
v 0.059326 0.620605 0.049561 0.5921 0.5373 0.4980
v 0.043213 0.713379 0.049561 0.6980 0.4235 0.2823
v -0.046143 0.715332 0.049561 0.7020 0.4196 0.2745
v 0.043701 0.716797 0.049561 0.7137 0.4314 0.2823
v 0.422119 0.768555 0.049561 0.2432 0.1098 0.3216
v 0.375732 0.829590 0.049561 0.2745 0.1137 0.3255
v 0.442627 0.844238 0.049561 0.3137 0.1490 0.3686
v 0.002686 0.889648 0.049561 0.3725 0.1804 0.1294
v -0.004639 0.890137 0.049561 0.5490 0.2941 0.1961
v -0.006104 0.896973 0.049561 0.7059 0.3921 0.2863
v 0.004150 0.896973 0.049561 0.6510 0.3568 0.2549
v -0.026611 0.934082 0.049561 0.0980 0.0627 0.0392
v -0.024658 0.934570 0.049561 0.1098 0.0627 0.0353
v -0.036377 0.935547 0.049561 0.1137 0.0706 0.0471
v -0.037842 0.936035 0.049561 0.1020 0.0667 0.0314
v 0.028076 0.938477 0.049561 0.1020 0.0588 0.0353
v 0.026611 0.938965 0.049561 0.1020 0.0627 0.0314
v 0.029541 0.942383 0.049561 0.0902 0.0549 0.0235
v 0.024170 0.946289 0.049561 0.1176 0.0667 0.0392
v 0.010498 0.947266 0.049561 0.1490 0.0980 0.0588
v 0.019287 0.948242 0.049561 0.1176 0.0627 0.0431
v -0.035400 0.949219 0.049561 0.1059 0.0510 0.0275
v -0.012939 0.953125 0.049561 0.0706 0.0392 0.0196
v -0.009033 0.954102 0.049561 0.0706 0.0471 0.0314
v -0.034912 0.954102 0.049561 0.1412 0.0902 0.0549
v -0.010498 0.965332 0.049561 0.2157 0.1412 0.0824
v 0.011475 0.972656 0.049561 0.1608 0.1098 0.0706
v -0.043701 0.687500 0.050049 0.6157 0.3568 0.2235
v 0.041260 0.687500 0.050049 0.6157 0.3568 0.2235
v -0.047119 0.699219 0.050049 0.6236 0.3568 0.2157
v 0.044678 0.700195 0.050049 0.6941 0.4157 0.2745
v -0.045166 0.712891 0.050049 0.6941 0.4118 0.2667
v -0.395264 0.791504 0.050049 0.1804 0.0824 0.2471
v -0.367432 0.820801 0.050049 0.1882 0.0314 0.2667
v -0.003662 0.903809 0.050049 0.7529 0.4392 0.3333
v 0.001221 0.903809 0.050049 0.6393 0.3451 0.2314
v -0.035889 0.935547 0.050049 0.1020 0.0627 0.0431
v -0.025146 0.937500 0.050049 0.1020 0.0588 0.0314
v -0.028076 0.937500 0.050049 0.0941 0.0667 0.0353
v -0.033936 0.939453 0.050049 0.0941 0.0627 0.0353
v 0.034912 0.939453 0.050049 0.0980 0.0549 0.0353
v -0.036865 0.939941 0.050049 0.1020 0.0667 0.0392
v 0.035400 0.939941 0.050049 0.1020 0.0549 0.0353
v -0.024658 0.940918 0.050049 0.1020 0.0588 0.0314
v -0.031982 0.942871 0.050049 0.1137 0.0627 0.0314
v -0.023682 0.943848 0.050049 0.1059 0.0627 0.0353
v -0.035889 0.944336 0.050049 0.1451 0.0941 0.0667
v 0.014404 0.945801 0.050049 0.1216 0.0706 0.0392
v 0.016846 0.946777 0.050049 0.1098 0.0667 0.0431
v 0.005127 0.947754 0.050049 0.2432 0.1373 0.0706
v 0.008057 0.947754 0.050049 0.2667 0.1686 0.1020
v 0.031982 0.953125 0.050049 0.2039 0.1333 0.0784
v 0.025146 0.962891 0.050049 0.1137 0.0745 0.0392
v -0.054443 0.405273 0.050049 0.6745 0.4000 0.2510
v 0.052002 0.405273 0.050049 0.6824 0.4000 0.2510
v -0.099854 0.038086 0.050049 0.3098 0.2432 0.3059
v 0.097412 0.038086 0.050049 0.2667 0.1686 0.2980
v -0.086670 0.551270 0.050537 0.2275 0.1176 0.3059
v -0.062744 0.603027 0.050537 0.7294 0.6785 0.5961
v 0.060303 0.603027 0.050537 0.4706 0.3961 0.3647
v -0.041748 0.661621 0.050537 0.5843 0.3216 0.1922
v 0.039307 0.661621 0.050537 0.5843 0.3255 0.2000
v -0.046631 0.705078 0.050537 0.6079 0.3372 0.2078
v 0.044678 0.705078 0.050537 0.7059 0.4275 0.2902
v -0.051514 0.738770 0.050537 0.5882 0.3333 0.2078
v 0.049072 0.738770 0.050537 0.6079 0.3568 0.2196
v -0.001221 0.777344 0.050537 0.6745 0.4157 0.2745
v -0.006592 0.895020 0.050537 0.6980 0.3765 0.2784
v 0.004150 0.895020 0.050537 0.6902 0.3961 0.3059
v -0.001221 0.904297 0.050537 0.6941 0.3961 0.2863
v -0.024658 0.934082 0.050537 0.1059 0.0627 0.0392
v -0.026123 0.934082 0.050537 0.1020 0.0627 0.0353
v -0.037354 0.935547 0.050537 0.0941 0.0627 0.0353
v 0.034424 0.938965 0.050537 0.0980 0.0549 0.0314
v -0.029053 0.940430 0.050537 0.0980 0.0588 0.0353
v 0.032471 0.941895 0.050537 0.1176 0.0627 0.0392
v -0.017334 0.946289 0.050537 0.0980 0.0588 0.0392
v 0.011963 0.946289 0.050537 0.1451 0.0863 0.0431
v 0.000244 0.946777 0.050537 0.4314 0.2432 0.1412
v -0.001709 0.947754 0.050537 0.0980 0.0471 0.0000
v 0.032959 0.947754 0.050537 0.1294 0.0784 0.0392
v -0.015869 0.949219 0.050537 0.0667 0.0549 0.0275
v 0.028564 0.958496 0.050537 0.1333 0.0784 0.0353
v 0.021240 0.966309 0.050537 0.1373 0.0863 0.0471
v 0.016357 0.969727 0.050537 0.1451 0.0941 0.0549
v -0.087646 0.479004 0.050537 0.5647 0.3098 0.1922
v -0.070068 0.504395 0.051025 0.5961 0.3255 0.1961
v 0.067627 0.504395 0.051025 0.5961 0.3255 0.1961
v -0.029053 0.628906 0.051025 0.6667 0.5882 0.5216
v 0.026611 0.628906 0.051025 0.6824 0.5961 0.5216
v -0.061279 0.747070 0.051025 0.6276 0.3608 0.2235
v 0.058838 0.747070 0.051025 0.6550 0.3882 0.2510
v 0.399658 0.784180 0.051025 0.2118 0.1020 0.2902
v 0.371826 0.810059 0.051025 0.1922 0.0863 0.2588
v -0.003174 0.889160 0.051025 0.5804 0.3255 0.2314
v 0.000732 0.889160 0.051025 0.3294 0.1490 0.0980
v -0.006104 0.891113 0.051025 0.6471 0.3647 0.2667
v 0.003662 0.891113 0.051025 0.5412 0.2863 0.2235
v -0.003662 0.900391 0.051025 0.7490 0.4471 0.3372
v 0.001221 0.900391 0.051025 0.6745 0.3686 0.2627
v -0.025146 0.934082 0.051025 0.1137 0.0627 0.0353
v -0.036865 0.935547 0.051025 0.0941 0.0627 0.0314
v -0.024170 0.937500 0.051025 0.0980 0.0627 0.0353
v 0.034912 0.938965 0.051025 0.0980 0.0549 0.0275
v 0.035889 0.939941 0.051025 0.0980 0.0549 0.0353
v 0.025635 0.942383 0.051025 0.1020 0.0745 0.0392
v 0.033447 0.942383 0.051025 0.1333 0.0667 0.0392
v 0.014893 0.943848 0.051025 0.1059 0.0627 0.0314
v 0.029053 0.945312 0.051025 0.0941 0.0510 0.0235
v 0.029541 0.948730 0.051025 0.1333 0.0863 0.0549
v 0.004150 0.950195 0.051025 0.0902 0.0549 0.0196
v -0.014893 0.953125 0.051025 0.0824 0.0549 0.0314
v 0.000244 0.960938 0.051025 0.0863 0.0431 0.0118
v -0.010498 0.962402 0.051025 0.0941 0.0510 0.0157
v 0.004639 0.969727 0.051025 0.1608 0.1059 0.0588
v -0.016357 0.970215 0.051025 0.1412 0.0784 0.0275
v -0.021729 0.970703 0.051025 0.1176 0.0745 0.0353
v 0.085205 0.479004 0.051025 0.5725 0.3137 0.1882
v -0.109619 0.438965 0.051025 0.7529 0.6667 0.5921
v -0.086182 0.421875 0.051025 0.6197 0.3529 0.2157
v 0.083740 0.421875 0.051025 0.6236 0.3568 0.2196
v 0.132568 0.036621 0.051025 0.2432 0.1490 0.2745
v -0.098877 0.036133 0.051025 0.1725 0.0902 0.2196
v -0.135010 0.036133 0.051025 0.0824 0.0353 0.1294
v 0.096436 0.036133 0.051025 0.3294 0.2196 0.3608
v -0.409912 0.773438 0.051514 0.2392 0.1098 0.3137
v -0.040283 0.785156 0.051514 0.7764 0.5098 0.3568
v 0.037842 0.785156 0.051514 0.7529 0.4628 0.3176
v 0.385010 0.793457 0.051514 0.1098 0.0431 0.1412
v -0.380615 0.797852 0.051514 0.1451 0.0588 0.2118
v -0.418213 0.850586 0.051514 0.2118 0.0784 0.3019
v -0.001221 0.888672 0.051514 0.4823 0.2471 0.1961
v -0.006592 0.893066 0.051514 0.7333 0.4392 0.3412
v 0.004639 0.893066 0.051514 0.6824 0.3921 0.2980
v -0.033447 0.938965 0.051514 0.0902 0.0549 0.0392
v 0.035400 0.939453 0.051514 0.0980 0.0549 0.0314
v 0.031494 0.940918 0.051514 0.0980 0.0627 0.0353
v 0.015869 0.941895 0.051514 0.1020 0.0627 0.0353
v 0.027588 0.942383 0.051514 0.1059 0.0627 0.0392
v 0.016357 0.944336 0.051514 0.0941 0.0510 0.0314
v -0.020264 0.944824 0.051514 0.1020 0.0588 0.0353
v 0.012939 0.945312 0.051514 0.1255 0.0745 0.0392
v 0.020752 0.945801 0.051514 0.1020 0.0627 0.0392
v 0.031006 0.946289 0.051514 0.0863 0.0392 0.0078
v 0.010010 0.948242 0.051514 0.1294 0.0745 0.0275
v 0.007568 0.950195 0.051514 0.1608 0.1059 0.0627
v -0.011963 0.956543 0.051514 0.1608 0.0863 0.0353
v -0.010986 0.959473 0.051514 0.1216 0.0745 0.0275
v -0.041260 0.458496 0.051514 0.6276 0.3529 0.2118
v 0.038818 0.458496 0.051514 0.6315 0.3568 0.2235
v 0.108643 0.438965 0.051514 0.2000 0.1098 0.2745
v -0.075439 0.416992 0.051514 0.6197 0.3529 0.2157
v 0.072998 0.416992 0.051514 0.6432 0.3686 0.2275
v 0.086182 0.551758 0.052002 0.1961 0.0824 0.2627
v -0.063721 0.606934 0.052002 0.7843 0.7216 0.6471
v 0.061279 0.606934 0.052002 0.6667 0.6039 0.5098
v -0.001221 0.650879 0.052002 0.3725 0.1843 0.1333
v -0.042725 0.669434 0.052002 0.6354 0.3765 0.2392
v 0.040283 0.669434 0.052002 0.6354 0.3765 0.2392
v -0.043213 0.681641 0.052002 0.5530 0.3059 0.1843
v 0.040771 0.681641 0.052002 0.6236 0.3608 0.2235
v -0.042725 0.718750 0.052002 0.6745 0.3843 0.2392
v 0.040283 0.718750 0.052002 0.7216 0.4432 0.3019
v 0.371338 0.819336 0.052002 0.2353 0.0902 0.2941
v 0.451416 0.836426 0.052002 0.3333 0.1725 0.3921
v -0.001221 0.900391 0.052002 0.7098 0.4039 0.2941
v -0.027588 0.937012 0.052002 0.1059 0.0627 0.0392
v 0.016357 0.937012 0.052002 0.1137 0.0667 0.0431
v 0.015869 0.939453 0.052002 0.1098 0.0588 0.0314
v 0.016846 0.939453 0.052002 0.1176 0.0627 0.0353
v -0.036377 0.939941 0.052002 0.0941 0.0627 0.0353
v -0.023682 0.940430 0.052002 0.1098 0.0627 0.0431
v 0.016846 0.941895 0.052002 0.1020 0.0627 0.0353
v 0.013916 0.943359 0.052002 0.1216 0.0706 0.0353
v 0.024170 0.943848 0.052002 0.1098 0.0706 0.0392
v -0.018311 0.944824 0.052002 0.1098 0.0667 0.0392
v 0.017822 0.944824 0.052002 0.0941 0.0588 0.0392
v 0.030518 0.951172 0.052002 0.0980 0.0588 0.0235
v -0.025146 0.966797 0.052002 0.2000 0.1333 0.1020
v -0.088135 0.443848 0.052002 0.5882 0.3333 0.2078
v 0.085693 0.443848 0.052002 0.5921 0.3333 0.2000
v -0.065186 0.502441 0.052490 0.5882 0.3294 0.1961
v 0.062744 0.502441 0.052490 0.5882 0.3294 0.1961
v -0.040771 0.687500 0.052490 0.6550 0.3882 0.2510
v 0.038330 0.687500 0.052490 0.6157 0.3647 0.2275
v -0.040283 0.735840 0.052490 0.5373 0.2863 0.1765
v 0.037842 0.735840 0.052490 0.5686 0.3137 0.1922
v -0.394287 0.796875 0.052490 0.2118 0.0588 0.2627
v -0.003662 0.897461 0.052490 0.7608 0.4628 0.3608
v 0.001709 0.897461 0.052490 0.6706 0.3686 0.2588
v 0.020752 0.932617 0.052490 0.1059 0.0627 0.0392
v -0.024658 0.937012 0.052490 0.1059 0.0627 0.0392
v -0.034424 0.939453 0.052490 0.0941 0.0588 0.0314
v 0.015381 0.939453 0.052490 0.1059 0.0627 0.0353
v 0.017334 0.939941 0.052490 0.1098 0.0627 0.0392
v 0.014893 0.941406 0.052490 0.1020 0.0588 0.0275
v -0.022217 0.942383 0.052490 0.1216 0.0706 0.0510
v 0.033936 0.942383 0.052490 0.1098 0.0627 0.0314
v -0.031006 0.943359 0.052490 0.1020 0.0588 0.0392
v 0.021240 0.943359 0.052490 0.1059 0.0588 0.0431
v -0.035400 0.944336 0.052490 0.1020 0.0627 0.0314
v 0.028076 0.944336 0.052490 0.1098 0.0667 0.0353
v -0.016846 0.947266 0.052490 0.1020 0.0588 0.0353
v 0.011475 0.947266 0.052490 0.1608 0.1020 0.0588
v 0.029053 0.950684 0.052490 0.1098 0.0745 0.0353
v -0.016846 0.951660 0.052490 0.0745 0.0549 0.0196
v -0.028564 0.962891 0.052490 0.1569 0.1137 0.0745
v -0.046143 0.492188 0.052490 0.6197 0.3451 0.2118
v 0.043701 0.492188 0.052490 0.6197 0.3451 0.2118
v -0.050537 0.429199 0.052490 0.6589 0.3843 0.2432
v 0.048096 0.429199 0.052490 0.6745 0.3882 0.2510
v -0.089600 0.000488 0.052490 0.3647 0.3294 0.2902
v 0.087158 0.000488 0.052490 0.1686 0.1451 0.1333
v -0.029541 0.625488 0.052979 0.6667 0.5255 0.4275
v 0.027100 0.625488 0.052979 0.6550 0.5255 0.4392
v -0.046143 0.636230 0.052979 0.6510 0.6354 0.6236
v 0.043701 0.636230 0.052979 0.6667 0.6393 0.6276
v -0.041748 0.712891 0.052979 0.6000 0.3372 0.2000
v 0.039307 0.712891 0.052979 0.7059 0.4196 0.2823
v -0.062744 0.764648 0.052979 0.7176 0.4118 0.2667
v 0.060303 0.764648 0.052979 0.7020 0.4196 0.2667
v -0.001221 0.767578 0.052979 0.6745 0.4157 0.2745
v 0.436279 0.770996 0.052979 0.2549 0.1176 0.3216
v -0.007568 0.778320 0.052979 0.6706 0.4039 0.2667
v 0.005127 0.778320 0.052979 0.6118 0.3568 0.2235
v -0.402588 0.848145 0.052978 0.2980 0.1451 0.3686
v -0.431397 0.850098 0.052978 0.2941 0.1373 0.3686
v 0.021240 0.935547 0.052979 0.1020 0.0588 0.0314
v 0.022217 0.935547 0.052979 0.1059 0.0588 0.0353
v -0.026123 0.937012 0.052979 0.1059 0.0588 0.0392
v 0.023193 0.937988 0.052979 0.1137 0.0667 0.0392
v 0.015869 0.939453 0.052979 0.1059 0.0745 0.0353
v -0.028564 0.939941 0.052979 0.1059 0.0706 0.0471
v 0.021729 0.940918 0.052979 0.1059 0.0667 0.0392
v 0.024170 0.940918 0.052979 0.1059 0.0627 0.0431
v 0.031982 0.940918 0.052979 0.1098 0.0627 0.0275
v -0.018799 0.942383 0.052979 0.1020 0.0588 0.0314
v 0.017334 0.942383 0.052979 0.0980 0.0588 0.0353
v -0.020752 0.942871 0.052979 0.1137 0.0667 0.0431
v 0.017334 0.943848 0.052979 0.0941 0.0588 0.0314
v 0.025635 0.944336 0.052979 0.1373 0.0863 0.0471
v -0.034424 0.948730 0.052979 0.1569 0.1020 0.0667
v 0.010010 0.951172 0.052979 0.1686 0.1059 0.0627
v 0.002686 0.951660 0.052979 0.0824 0.0627 0.0353
v 0.006104 0.953125 0.052979 0.1451 0.0863 0.0471
v -0.032959 0.953613 0.052979 0.1804 0.1098 0.0627
v -0.014404 0.957031 0.052979 0.2667 0.1647 0.0941
v -0.000244 0.958008 0.052979 0.1569 0.0980 0.0510
v -0.031494 0.958008 0.052979 0.1255 0.0863 0.0510
v -0.015381 0.967285 0.052979 0.2196 0.1569 0.1020
v -0.020264 0.968262 0.052979 0.1922 0.1255 0.0667
v 0.010498 0.970703 0.052979 0.1882 0.1255 0.0745
v -0.070068 0.414062 0.052979 0.6510 0.3765 0.2353
v 0.067627 0.414062 0.052979 0.6706 0.3843 0.2471
v -0.062744 0.409668 0.052979 0.6785 0.3843 0.2471
v 0.060303 0.409668 0.052979 0.6824 0.4039 0.2549
v -0.089111 0.534180 0.053467 0.1922 0.0902 0.2667
v -0.001221 0.628906 0.053467 0.6667 0.5764 0.5059
v -0.042725 0.728516 0.053467 0.7412 0.4628 0.3019
v 0.040283 0.728516 0.053467 0.7176 0.4275 0.2745
v 0.457764 0.826660 0.053467 0.2784 0.1333 0.3451
v 0.414795 0.846191 0.053467 0.3098 0.1451 0.3765
v -0.003662 0.890625 0.053467 0.6980 0.4196 0.3137
v 0.001709 0.890625 0.053467 0.3255 0.1137 0.0784
v -0.004150 0.895020 0.053467 0.7647 0.4863 0.3961
v 0.002197 0.895020 0.053467 0.6902 0.4000 0.3019
v -0.001221 0.897461 0.053467 0.7137 0.4157 0.3098
v 0.022705 0.935059 0.053467 0.1020 0.0588 0.0314
v 0.021729 0.937988 0.053467 0.1098 0.0706 0.0392
v 0.016846 0.939453 0.053467 0.1098 0.0627 0.0392
v -0.024170 0.939941 0.053467 0.1176 0.0667 0.0353
v 0.032959 0.941406 0.053467 0.1059 0.0588 0.0314
v 0.018799 0.942871 0.053467 0.0980 0.0627 0.0353
v -0.017822 0.945312 0.053467 0.1176 0.0706 0.0431
v 0.012939 0.945801 0.053467 0.1216 0.0745 0.0392
v 0.004150 0.967773 0.053467 0.1608 0.0980 0.0588
v -0.056396 0.498535 0.053467 0.6157 0.3490 0.2118
v -0.086670 0.002441 0.053467 0.7372 0.6236 0.5216
v 0.084229 0.002441 0.053467 0.6628 0.5569 0.4784
v 0.087158 0.534180 0.053955 0.2039 0.0941 0.2863
v -0.030518 0.644531 0.053955 0.6706 0.3843 0.2432
v 0.028076 0.644531 0.053955 0.6902 0.4078 0.2510
v -0.030029 0.649414 0.053955 0.6863 0.4000 0.2627
v 0.027588 0.649414 0.053955 0.6941 0.4118 0.2627
v -0.062256 0.755859 0.053955 0.5098 0.2510 0.2118
v 0.060303 0.755859 0.053955 0.4706 0.2078 0.1686
v -0.449463 0.778320 0.053955 0.2627 0.1216 0.3294
v -0.022705 0.782715 0.053955 0.6941 0.4118 0.2510
v 0.020264 0.782715 0.053955 0.7255 0.4589 0.3216
v 0.457764 0.790039 0.053955 0.3098 0.1608 0.3765
v 0.020752 0.935059 0.053955 0.0980 0.0627 0.0353
v -0.019287 0.939941 0.053955 0.0980 0.0588 0.0275
v -0.026123 0.939941 0.053955 0.1098 0.0706 0.0431
v 0.015381 0.941895 0.053955 0.0980 0.0588 0.0235
v 0.016846 0.941895 0.053955 0.1020 0.0588 0.0353
v -0.029541 0.943848 0.053955 0.0941 0.0627 0.0314
v -0.032959 0.943848 0.053955 0.1216 0.0627 0.0235
v 0.014404 0.943848 0.053955 0.0980 0.0588 0.0353
v 0.026123 0.945312 0.053955 0.1569 0.0941 0.0471
v 0.031494 0.945801 0.053955 0.1373 0.0824 0.0392
v 0.012451 0.949707 0.053955 0.1530 0.0863 0.0392
v 0.000244 0.955566 0.053955 0.1804 0.1098 0.0549
v -0.015869 0.956055 0.053955 0.2745 0.1765 0.1059
v 0.026611 0.956055 0.053955 0.1569 0.1059 0.0667
v -0.030029 0.957520 0.053955 0.1412 0.0902 0.0431
v -0.014404 0.960449 0.053955 0.0941 0.0549 0.0196
v -0.014404 0.963867 0.053955 0.1608 0.1176 0.0745
v -0.023193 0.964844 0.053955 0.1373 0.0980 0.0588
v 0.015381 0.967773 0.053955 0.1098 0.0706 0.0314
v 0.053955 0.498535 0.053955 0.6079 0.3412 0.2078
v -0.074463 0.438965 0.053955 0.6000 0.3412 0.2078
v 0.072021 0.438965 0.053955 0.6197 0.3529 0.2157
v -0.111084 0.418457 0.053955 0.1608 0.1137 0.2078
v -0.084717 0.005859 0.053955 0.6197 0.4980 0.3843
v -0.016357 0.628418 0.054443 0.6471 0.5530 0.4745
v 0.013916 0.628418 0.054443 0.6667 0.5686 0.4902
v -0.030518 0.635742 0.054443 0.7020 0.6197 0.5608
v 0.028076 0.635742 0.054443 0.7216 0.6706 0.6354
v -0.001221 0.646973 0.054443 0.5882 0.3216 0.1922
v -0.042725 0.694824 0.054443 0.6824 0.4118 0.2588
v 0.040771 0.694824 0.054443 0.6589 0.3765 0.2471
v -0.043701 0.703613 0.054443 0.6902 0.4039 0.2667
v 0.041260 0.703613 0.054443 0.6902 0.4157 0.2745
v -0.052979 0.742676 0.054443 0.6432 0.3804 0.2353
v 0.050537 0.742676 0.054443 0.6510 0.3882 0.2510
v -0.001221 0.747559 0.054443 0.6824 0.4078 0.2667
v -0.001221 0.757812 0.054443 0.6079 0.3529 0.2275
v -0.389893 0.793457 0.054443 0.0549 0.0039 0.0941
v -0.374268 0.803711 0.054443 0.1725 0.0745 0.2353
v -0.001221 0.890625 0.054443 0.6393 0.3608 0.2627
v -0.004639 0.892578 0.054443 0.7412 0.4628 0.3765
v 0.002197 0.892578 0.054443 0.6236 0.3255 0.2314
v 0.022705 0.935059 0.054443 0.1137 0.0549 0.0275
v -0.019287 0.937500 0.054443 0.0980 0.0588 0.0235
v 0.020752 0.937988 0.054443 0.1059 0.0667 0.0392
v 0.024170 0.937988 0.054443 0.1137 0.0627 0.0353
v -0.020752 0.939941 0.054443 0.1098 0.0588 0.0314
v 0.019775 0.940430 0.054443 0.1137 0.0667 0.0510
v 0.025146 0.940918 0.054443 0.1059 0.0627 0.0314
v -0.023193 0.941895 0.054443 0.0980 0.0784 0.0588
v -0.018311 0.942871 0.054443 0.1098 0.0667 0.0353
v 0.028564 0.943848 0.054443 0.1059 0.0549 0.0235
v 0.016357 0.944336 0.054443 0.1020 0.0588 0.0275
v 0.014893 0.947266 0.054443 0.1059 0.0667 0.0353
v -0.017822 0.948242 0.054443 0.1490 0.0784 0.0392
v 0.029541 0.950195 0.054443 0.1137 0.0667 0.0275
v -0.018799 0.951660 0.054443 0.2667 0.1686 0.1098
v -0.031006 0.952637 0.054443 0.1725 0.1020 0.0471
v 0.001709 0.953613 0.054443 0.0784 0.0431 0.0196
v -0.017822 0.954102 0.054443 0.3019 0.1961 0.1255
v 0.023193 0.960449 0.054443 0.1686 0.1059 0.0471
v -0.025635 0.960938 0.054443 0.2275 0.1530 0.0902
v 0.019775 0.964355 0.054443 0.1333 0.0863 0.0510
v -0.018311 0.965820 0.054443 0.0980 0.0549 0.0157
v -0.071533 0.473633 0.054443 0.5921 0.3333 0.2000
v -0.054932 0.430664 0.054443 0.6510 0.3804 0.2275
v 0.052490 0.430664 0.054443 0.6510 0.3765 0.2353
v -0.084229 0.012207 0.054443 0.3412 0.2784 0.3019
v 0.081787 0.012207 0.054443 0.1412 0.0745 0.1961
v 0.082275 0.005859 0.054443 0.6863 0.5725 0.4432
v 0.063232 0.592285 0.054932 0.2980 0.1490 0.3882
v -0.047607 0.601074 0.054932 0.6039 0.5412 0.5294
v -0.004150 0.647949 0.054932 0.5647 0.3176 0.1843
v 0.001709 0.647949 0.054932 0.6079 0.3451 0.2078
v -0.042236 0.737793 0.054932 0.6079 0.3372 0.2157
v 0.039795 0.737793 0.054932 0.6079 0.3451 0.2275
v -0.422119 0.769531 0.054932 0.2235 0.0980 0.2902
v 0.400147 0.787598 0.054932 0.1451 0.0471 0.2000
v 0.460693 0.814941 0.054932 0.2745 0.1176 0.3255
v -0.001221 0.895020 0.054932 0.7294 0.4392 0.3412
v -0.018799 0.934570 0.054932 0.1098 0.0706 0.0392
v 0.021729 0.935059 0.054932 0.1059 0.0627 0.0471
v -0.019775 0.937500 0.054932 0.0980 0.0549 0.0275
v -0.028076 0.942871 0.054932 0.1373 0.1020 0.0667
v 0.018799 0.942871 0.054932 0.1098 0.0627 0.0431
v -0.021240 0.943359 0.054932 0.1176 0.0706 0.0353
v 0.017334 0.945312 0.054932 0.1020 0.0588 0.0353
v -0.018799 0.945801 0.054932 0.1412 0.0863 0.0510
v -0.031494 0.948242 0.054932 0.1765 0.1059 0.0588
v -0.019775 0.949219 0.054932 0.2353 0.1569 0.1020
v -0.016357 0.963379 0.054932 0.1451 0.0941 0.0431
v 0.069092 0.473633 0.054932 0.5921 0.3333 0.2000
v 0.110107 0.418457 0.054932 0.1882 0.0941 0.2627
v -0.014893 0.390625 0.054932 0.1765 0.0784 0.2432
v 0.012451 0.390625 0.054932 0.2039 0.1176 0.2902
v -0.107178 0.038574 0.054932 0.2275 0.1608 0.2078
v 0.118896 0.038574 0.054932 0.7568 0.6863 0.6550
v -0.121338 0.038086 0.054932 0.5804 0.5255 0.5216
v -0.031006 0.635254 0.055420 0.7098 0.6706 0.6354
v 0.028564 0.635254 0.055420 0.7333 0.6941 0.6589
v -0.004150 0.650879 0.055420 0.3412 0.1373 0.0902
v 0.001709 0.650879 0.055420 0.5490 0.2902 0.1765
v 0.460693 0.802734 0.055420 0.3137 0.1569 0.3725
v -0.375244 0.830078 0.055420 0.2667 0.1137 0.3294
v -0.442139 0.845215 0.055420 0.2588 0.1137 0.3255
v -0.018799 0.937500 0.055420 0.1020 0.0627 0.0353
v -0.019775 0.937500 0.055420 0.1020 0.0510 0.0353
v 0.020752 0.937988 0.055420 0.1098 0.0667 0.0353
v -0.018799 0.940430 0.055420 0.1098 0.0588 0.0353
v -0.020752 0.940430 0.055420 0.1098 0.0667 0.0510
v -0.026611 0.942383 0.055420 0.1373 0.0824 0.0588
v 0.025146 0.943848 0.055420 0.1294 0.0706 0.0314
v -0.029053 0.944336 0.055420 0.1176 0.0824 0.0510
v 0.030518 0.944824 0.055420 0.1569 0.0902 0.0510
v -0.020752 0.946289 0.055420 0.1569 0.1098 0.0745
v 0.009033 0.954102 0.055420 0.1922 0.1137 0.0627
v -0.027100 0.956543 0.055420 0.1333 0.0745 0.0353
v -0.016846 0.958496 0.055420 0.1725 0.0941 0.0471
v 0.003662 0.965820 0.055420 0.0863 0.0549 0.0235
v -0.005615 0.486816 0.055420 0.0902 0.0392 0.1216
v 0.003662 0.486816 0.055420 0.1569 0.0471 0.2196
v -0.007568 0.473633 0.055420 0.0980 0.0549 0.1216
v 0.005127 0.473633 0.055420 0.1176 0.0431 0.1647
v -0.052002 0.464355 0.055420 0.6197 0.3529 0.2078
v 0.049561 0.464355 0.055420 0.6236 0.3490 0.2157
v -0.009033 0.456543 0.055420 0.1294 0.0588 0.1725
v 0.006592 0.456543 0.055420 0.2000 0.0706 0.2667
v -0.010498 0.436035 0.055420 0.1020 0.0706 0.1412
v 0.008545 0.436035 0.055420 0.1765 0.0706 0.2314
v -0.012939 0.414062 0.055420 0.1176 0.0510 0.1804
v 0.010010 0.414062 0.055420 0.1922 0.0980 0.2510
v 0.104736 0.038574 0.055420 0.7255 0.6157 0.6550
v -0.156982 0.004883 0.055420 0.7020 0.5764 0.4823
v 0.152588 0.001953 0.055420 0.7412 0.6118 0.5216
v -0.155029 0.001465 0.055420 0.6432 0.5608 0.5333
v -0.152100 0.000000 0.055420 0.2078 0.1961 0.1922
v 0.149658 0.000000 0.055420 0.6785 0.5294 0.4392
v -0.066162 0.592773 0.055908 0.2157 0.0824 0.3059
v -0.001221 0.620605 0.055908 0.6667 0.4706 0.3294
v -0.047119 0.633301 0.055908 0.6354 0.6276 0.6157
v 0.044678 0.633301 0.055908 0.5490 0.5294 0.5176
v -0.001221 0.652344 0.055908 0.6471 0.3921 0.2667
v -0.001221 0.735840 0.055908 0.7451 0.4706 0.3294
v -0.007080 0.768066 0.055908 0.6315 0.3725 0.2432
v 0.004639 0.768066 0.055908 0.6354 0.3882 0.2627
v 0.379150 0.798828 0.055908 0.1765 0.0706 0.2314
v 0.426514 0.845215 0.055908 0.3686 0.2000 0.4235
v -0.001221 0.892578 0.055908 0.7137 0.4235 0.3294
v -0.019287 0.937500 0.055908 0.1020 0.0549 0.0392
v 0.023682 0.937500 0.055908 0.1137 0.0706 0.0353
v -0.019287 0.943359 0.055908 0.1098 0.0627 0.0353
v -0.025146 0.943359 0.055908 0.1530 0.0784 0.0471
v 0.025635 0.946289 0.055908 0.1569 0.0902 0.0471
v -0.029053 0.947754 0.055908 0.0588 0.0392 0.0235
v -0.028564 0.952148 0.055908 0.0902 0.0549 0.0196
v 0.005127 0.955078 0.055908 0.1333 0.0784 0.0275
v -0.021240 0.962891 0.055908 0.2235 0.1216 0.0627
v 0.009033 0.969238 0.055908 0.1922 0.1333 0.0706
v -0.004150 0.496582 0.055908 0.0902 0.0431 0.1216
v 0.001709 0.496582 0.055908 0.0902 0.0353 0.1412
v -0.069092 0.436523 0.055908 0.6197 0.3608 0.2235
v 0.066650 0.436523 0.055908 0.6315 0.3647 0.2196
v -0.148682 0.028809 0.055908 0.1882 0.0824 0.2627
v 0.146240 0.028809 0.055908 0.1725 0.0627 0.2314
v -0.153076 0.023438 0.055908 0.2000 0.0784 0.2510
v 0.150635 0.023438 0.055908 0.2118 0.0863 0.2588
v -0.155518 0.017090 0.055908 0.2471 0.1373 0.2980
v 0.153076 0.017090 0.055908 0.1725 0.0745 0.2314
v -0.156494 0.010742 0.055908 0.0980 0.0431 0.1020
v 0.154053 0.010742 0.055908 0.0784 0.0314 0.1216
v 0.154541 0.004883 0.055908 0.6706 0.5451 0.4432
v 0.045654 0.601074 0.056396 0.1373 0.0706 0.1451
v 0.044678 0.618652 0.056396 0.8039 0.7568 0.6941
v -0.047119 0.619141 0.056396 0.8235 0.7725 0.7412
v -0.018799 0.623047 0.056396 0.6628 0.5019 0.3921
v 0.016357 0.623047 0.056396 0.6745 0.5137 0.3921
v -0.031982 0.655762 0.056396 0.5451 0.2902 0.1647
v 0.029541 0.655762 0.056396 0.5961 0.3372 0.2039
v -0.010010 0.741699 0.056396 0.6118 0.3568 0.2196
v 0.007568 0.741699 0.056396 0.6039 0.3333 0.2078
v -0.371338 0.810547 0.056396 0.1804 0.0667 0.2432
v 0.022217 0.937988 0.056396 0.1098 0.0667 0.0275
v -0.028564 0.939453 0.056396 0.1412 0.0745 0.0431
v -0.019287 0.940430 0.056396 0.1098 0.0667 0.0392
v 0.020264 0.940430 0.056396 0.1176 0.0667 0.0353
v -0.023193 0.946777 0.056396 0.1451 0.1020 0.0667
v -0.018311 0.956055 0.056396 0.2510 0.1451 0.0784
v -0.018799 0.960938 0.056396 0.1333 0.0902 0.0510
v -0.001221 0.498535 0.056396 0.1020 0.0431 0.1451
v -0.067139 0.468262 0.056396 0.5921 0.3333 0.2000
v 0.064697 0.468262 0.056396 0.6039 0.3333 0.2039
v -0.055420 0.466309 0.056396 0.6197 0.3529 0.2157
v 0.052979 0.466309 0.056396 0.6157 0.3412 0.2118
v -0.062256 0.433594 0.056396 0.6432 0.3725 0.2235
v 0.059814 0.433594 0.056396 0.6471 0.3725 0.2314
v -0.113525 0.397461 0.056396 0.2706 0.1569 0.3647
v 0.111084 0.397461 0.056397 0.2784 0.1530 0.3804
v -0.086670 0.021973 0.056396 0.1686 0.0667 0.2235
v 0.084229 0.021973 0.056397 0.2157 0.1059 0.2627
v -0.092529 0.515625 0.056885 0.2432 0.1294 0.3137
v -0.009033 0.621094 0.056885 0.6667 0.4823 0.3529
v 0.006592 0.621094 0.056885 0.6785 0.4784 0.3529
v -0.029053 0.734863 0.056885 0.5921 0.3333 0.2000
v 0.026611 0.734863 0.056885 0.5804 0.3255 0.2039
v -0.029053 0.736328 0.056885 0.5451 0.2902 0.1725
v 0.026611 0.736328 0.056885 0.5725 0.3137 0.2039
v 0.005127 0.737793 0.056885 0.6550 0.3765 0.2314
v -0.007568 0.738281 0.056885 0.7059 0.4392 0.2941
v -0.052002 0.769531 0.056885 0.7372 0.4314 0.2823
v 0.049561 0.769531 0.056885 0.7529 0.4667 0.3137
v -0.399658 0.784668 0.056885 0.1843 0.0863 0.2510
v 0.396729 0.789062 0.056885 0.0824 0.0196 0.0902
v 0.389893 0.836426 0.056885 0.2902 0.1255 0.3529
v 0.402588 0.842773 0.056885 0.2980 0.1412 0.3568
v -0.027100 0.939453 0.056885 0.1686 0.0824 0.0392
v 0.024170 0.940430 0.056885 0.1059 0.0627 0.0353
v 0.019775 0.942871 0.056885 0.1176 0.0667 0.0353
v -0.029541 0.943359 0.056885 0.1255 0.0745 0.0431
v 0.018311 0.945801 0.056885 0.1059 0.0627 0.0392
v 0.016357 0.948730 0.056885 0.1059 0.0667 0.0275
v 0.027588 0.948730 0.056885 0.1216 0.0745 0.0471
v -0.021240 0.950195 0.056885 0.2157 0.1373 0.0941
v 0.013428 0.952148 0.056885 0.1255 0.0824 0.0549
v -0.020264 0.953125 0.056885 0.2432 0.1647 0.0941
v -0.022705 0.959473 0.056885 0.1490 0.0784 0.0314
v 0.002686 0.963379 0.056885 0.0784 0.0431 0.0353
v -0.061279 0.469238 0.056885 0.6079 0.3412 0.2039
v 0.090576 0.516113 0.057373 0.2039 0.0980 0.2902
v -0.009033 0.748047 0.057373 0.6079 0.3490 0.2196
v 0.006592 0.748047 0.057373 0.6197 0.3490 0.2196
v 0.406982 0.776855 0.057373 0.2235 0.1020 0.3059
v -0.385010 0.793945 0.057373 0.2078 0.0627 0.2706
v -0.371338 0.819336 0.057373 0.1608 0.0667 0.2196
v -0.450928 0.837402 0.057373 0.3372 0.1765 0.4000
v -0.028076 0.935547 0.057373 0.1098 0.0627 0.0392
v -0.029053 0.935547 0.057373 0.1020 0.0627 0.0275
v -0.029541 0.939453 0.057373 0.1333 0.0745 0.0392
v 0.022217 0.940430 0.057373 0.1176 0.0667 0.0314
v 0.024170 0.943359 0.057373 0.1176 0.0667 0.0353
v -0.020264 0.958008 0.057373 0.0941 0.0549 0.0157
v 0.013916 0.965820 0.057373 0.1882 0.1294 0.0745
v -0.061279 0.469238 0.057373 0.6079 0.3412 0.2039
v 0.058838 0.469238 0.057373 0.6157 0.3451 0.2078
v -0.093018 0.030273 0.057373 0.1922 0.1020 0.2432
v 0.090576 0.030273 0.057373 0.2784 0.1490 0.3176
v -0.001221 0.632812 0.057861 0.6824 0.4784 0.3412
v -0.001221 0.642578 0.057861 0.6980 0.4039 0.2549
v -0.019287 0.648926 0.057861 0.7372 0.4706 0.3176
v 0.016846 0.648926 0.057861 0.7216 0.4392 0.2941
v -0.032959 0.663574 0.057861 0.6550 0.3765 0.2392
v 0.030518 0.663574 0.057861 0.6706 0.4000 0.2471
v -0.018311 0.737793 0.057861 0.5882 0.3176 0.2078
v 0.015869 0.737793 0.057861 0.5686 0.3059 0.1922
v -0.044678 0.741211 0.057861 0.6471 0.3686 0.2392
v 0.042236 0.741211 0.057861 0.6432 0.3686 0.2353
v -0.054932 0.757324 0.057861 0.7255 0.4353 0.3059
v 0.052979 0.757812 0.057861 0.5490 0.2627 0.1804
v 0.411865 0.839844 0.057861 0.2941 0.1333 0.3372
v -0.029541 0.935547 0.057861 0.1020 0.0627 0.0353
v 0.021729 0.943359 0.057861 0.1137 0.0667 0.0471
v 0.024658 0.945801 0.057861 0.1530 0.0980 0.0549
v 0.023682 0.953613 0.057861 0.2000 0.1333 0.0745
v -0.022217 0.954102 0.057861 0.1333 0.0627 0.0235
v -0.024658 0.955566 0.057861 0.1255 0.0980 0.0549
v 0.003662 0.957520 0.057861 0.1961 0.1216 0.0510
v 0.002686 0.960449 0.057861 0.1451 0.0902 0.0471
v -0.050537 0.589844 0.058350 0.1647 0.0627 0.2588
v -0.019287 0.634277 0.058350 0.7294 0.6667 0.6197
v 0.016846 0.634277 0.058350 0.6863 0.6510 0.5961
v -0.019287 0.643555 0.058350 0.7176 0.4275 0.2745
v 0.016846 0.643555 0.058350 0.6980 0.4078 0.2627
v -0.032471 0.687500 0.058350 0.6510 0.3843 0.2471
v 0.030029 0.687500 0.058350 0.6550 0.3804 0.2432
v -0.017334 0.736816 0.058350 0.6118 0.3412 0.2196
v 0.014893 0.736816 0.058350 0.5725 0.3059 0.1843
v -0.030518 0.737305 0.058350 0.5608 0.2980 0.1765
v 0.028076 0.737305 0.058350 0.5843 0.3216 0.1961
v -0.013428 0.741699 0.058350 0.6000 0.3333 0.2000
v 0.011475 0.741699 0.058350 0.5921 0.3216 0.2000
v -0.053467 0.750488 0.058350 0.7294 0.4471 0.2902
v 0.051025 0.750488 0.058350 0.6393 0.3647 0.2432
v -0.007568 0.757324 0.058350 0.6079 0.3451 0.2275
v 0.005615 0.757324 0.058350 0.5882 0.3333 0.2196
v -0.436279 0.771973 0.058350 0.2118 0.0902 0.2745
v -0.028564 0.931641 0.058350 0.1098 0.0627 0.0353
v -0.027588 0.935547 0.058350 0.1098 0.0627 0.0431
v -0.026611 0.939453 0.058350 0.2588 0.1255 0.0627
v 0.024658 0.941406 0.058350 0.1137 0.0627 0.0353
v -0.025635 0.942871 0.058350 0.2118 0.1098 0.0588
v -0.024658 0.946777 0.058350 0.2157 0.1530 0.1059
v -0.023193 0.950684 0.058350 0.1412 0.0902 0.0549
v -0.026123 0.951660 0.058350 0.1098 0.0784 0.0275
v 0.007568 0.956055 0.058350 0.1216 0.0784 0.0353
v 0.020752 0.958008 0.058350 0.2000 0.1294 0.0667
v 0.017822 0.961914 0.058350 0.0863 0.0510 0.0118
v 0.008057 0.967285 0.058350 0.1098 0.0667 0.0235
v -0.048584 0.604980 0.058838 0.7294 0.6667 0.6000
v 0.046143 0.604980 0.058838 0.7059 0.6315 0.5451
v -0.008545 0.633301 0.058838 0.7255 0.6354 0.5647
v 0.006104 0.633301 0.058838 0.7020 0.6157 0.5294
v -0.031982 0.635742 0.058838 0.6902 0.6745 0.6550
v 0.029541 0.635742 0.058838 0.7059 0.6941 0.6706
v -0.007080 0.644531 0.058838 0.7137 0.4235 0.2823
v 0.004639 0.644531 0.058838 0.7020 0.4196 0.2706
v -0.007568 0.650879 0.058838 0.6000 0.3412 0.2078
v 0.005127 0.650879 0.058838 0.6510 0.3843 0.2471
v -0.001221 0.653320 0.058838 0.6745 0.4157 0.2745
v -0.001221 0.727539 0.058838 0.7451 0.4823 0.3372
v -0.030518 0.729980 0.058838 0.6785 0.4000 0.2353
v 0.028076 0.729980 0.058838 0.7137 0.4314 0.2745
v -0.020264 0.738770 0.058838 0.5843 0.3137 0.2000
v 0.017822 0.738770 0.058838 0.5804 0.3176 0.2000
v -0.014404 0.769043 0.058838 0.6510 0.3961 0.2471
v 0.011963 0.769043 0.058838 0.7255 0.4628 0.3372
v -0.414307 0.847168 0.058838 0.3216 0.1412 0.3765
v -0.028564 0.935547 0.058838 0.0980 0.0588 0.0392
v 0.025635 0.937012 0.058838 0.1137 0.0706 0.0431
v -0.028564 0.939453 0.058838 0.1412 0.0745 0.0471
v -0.028076 0.943359 0.058838 0.1569 0.0824 0.0392
v -0.027100 0.947754 0.058838 0.0902 0.0510 0.0157
v 0.024170 0.949219 0.058838 0.1530 0.0941 0.0471
v 0.022705 0.953125 0.058838 0.1333 0.0824 0.0353
v -0.122314 0.036621 0.058838 0.7333 0.6785 0.6236
v 0.119873 0.036621 0.058838 0.6863 0.6079 0.6079
v 0.031494 0.599609 0.059326 0.1137 0.0275 0.1843
v -0.017334 0.635742 0.059326 0.6393 0.4902 0.4118
v 0.014893 0.635742 0.059326 0.7137 0.6393 0.5961
v -0.033936 0.680176 0.059326 0.5921 0.3333 0.2039
v 0.031494 0.680176 0.059326 0.6118 0.3372 0.2039
v -0.031982 0.716797 0.059326 0.6471 0.3608 0.2235
v 0.029541 0.716797 0.059326 0.6315 0.3451 0.2157
v -0.038818 0.770996 0.059326 0.7647 0.4667 0.3255
v 0.036865 0.770996 0.059326 0.8078 0.5216 0.3843
v -0.457764 0.791016 0.059326 0.2471 0.1216 0.3137
v 0.376221 0.807129 0.059326 0.2392 0.0745 0.2863
v 0.381104 0.826660 0.059326 0.3137 0.1451 0.3686
v -0.457275 0.827637 0.059326 0.2549 0.1216 0.3216
v 0.413818 0.835938 0.059326 0.1647 0.0510 0.2157
v 0.436279 0.840820 0.059326 0.3019 0.1333 0.3529
v 0.025635 0.933105 0.059326 0.1137 0.0588 0.0353
v 0.024658 0.937012 0.059326 0.1216 0.0745 0.0275
v 0.023193 0.940430 0.059326 0.1137 0.0667 0.0353
v 0.021240 0.943359 0.059326 0.1176 0.0667 0.0431
v 0.018799 0.946289 0.059326 0.1216 0.0706 0.0392
v 0.009521 0.955566 0.059326 0.1255 0.0824 0.0471
v -0.093994 0.499023 0.059326 0.2432 0.1373 0.3137
v -0.107666 0.036621 0.059326 0.6276 0.5333 0.5804
v 0.105225 0.036621 0.059326 0.2196 0.1137 0.2823
v -0.001221 0.636719 0.059814 0.4628 0.2275 0.1373
v -0.001221 0.679199 0.059814 0.6118 0.3412 0.2078
v -0.031494 0.720703 0.059814 0.7294 0.4392 0.2941
v 0.029053 0.720703 0.059814 0.6706 0.3804 0.2432
v -0.001221 0.723633 0.059814 0.7098 0.4353 0.2980
v 0.391357 0.789551 0.059815 0.2039 0.0431 0.2392
v 0.413330 0.834473 0.059815 0.1530 0.0627 0.2000
v 0.026123 0.937500 0.059814 0.1216 0.0706 0.0431
v 0.025635 0.941406 0.059814 0.1137 0.0627 0.0314
v 0.025146 0.945312 0.059814 0.1569 0.0902 0.0549
v 0.066162 0.575684 0.060303 0.2980 0.1569 0.3961
v 0.033936 0.589844 0.060303 0.1882 0.0784 0.2706
v -0.019775 0.654297 0.060303 0.6354 0.3686 0.2314
v 0.017334 0.654297 0.060303 0.6432 0.3725 0.2392
v -0.001221 0.657715 0.060303 0.6079 0.3529 0.2235
v -0.001221 0.666016 0.060303 0.6157 0.3490 0.2118
v -0.001221 0.690430 0.060303 0.6118 0.3490 0.2275
v -0.033447 0.740723 0.060303 0.6393 0.3529 0.2196
v 0.031006 0.740723 0.060303 0.6471 0.3725 0.2432
v 0.045166 0.748535 0.060303 0.6824 0.3921 0.2588
v -0.047119 0.749023 0.060303 0.6863 0.4039 0.2549
v -0.024170 0.770020 0.060303 0.7372 0.4589 0.3216
v 0.021729 0.770020 0.060303 0.7020 0.4432 0.3137
v 0.445557 0.781250 0.060303 0.2432 0.0980 0.3059
v -0.400147 0.787598 0.060303 0.1333 0.0510 0.2000
v -0.460693 0.816406 0.060303 0.2627 0.1216 0.3216
v 0.024170 0.937012 0.060303 0.1255 0.0667 0.0353
v 0.011963 0.953613 0.060303 0.1373 0.0863 0.0510
v 0.012451 0.963379 0.060303 0.0941 0.0588 0.0235
v 0.007080 0.964355 0.060303 0.1020 0.0627 0.0196
v 0.092529 0.499512 0.060303 0.2157 0.1059 0.2980
v -0.069092 0.576172 0.060791 0.2706 0.1216 0.3568
v 0.048096 0.590820 0.060791 0.2078 0.0941 0.2980
v -0.034424 0.600098 0.060791 0.5098 0.4314 0.4471
v -0.001221 0.720215 0.060791 0.6197 0.3568 0.2196
v -0.009033 0.730957 0.060791 0.7176 0.4353 0.2863
v 0.006592 0.730957 0.060791 0.7294 0.4432 0.2980
v -0.048584 0.755371 0.060791 0.6980 0.4157 0.2667
v 0.046143 0.755371 0.060791 0.7451 0.4589 0.3059
v -0.460693 0.803711 0.060791 0.2549 0.1255 0.3137
v 0.422119 0.839844 0.060791 0.2941 0.1412 0.3412
v 0.025146 0.937012 0.060791 0.1216 0.0667 0.0392
v 0.022705 0.940430 0.060791 0.1176 0.0667 0.0431
v 0.016846 0.949707 0.060791 0.1333 0.0824 0.0471
v 0.006104 0.958496 0.060791 0.0902 0.0549 0.0275
v -0.137939 0.034180 0.060791 0.1843 0.0863 0.2471
v 0.135498 0.034180 0.060791 0.2510 0.1294 0.3019
v -0.032471 0.617188 0.061279 0.6667 0.6197 0.5921
v 0.030029 0.617188 0.061279 0.7882 0.7412 0.6863
v -0.032959 0.632324 0.061279 0.7568 0.7568 0.7412
v 0.030518 0.632324 0.061279 0.5451 0.5176 0.4823
v -0.008545 0.656250 0.061279 0.6118 0.3451 0.2078
v 0.006104 0.656250 0.061279 0.6197 0.3608 0.2471
v -0.033936 0.693848 0.061279 0.6980 0.4275 0.2823
v 0.031494 0.693848 0.061279 0.6863 0.4039 0.2588
v -0.033447 0.705078 0.061279 0.7176 0.4392 0.2745
v 0.031006 0.705078 0.061279 0.6941 0.4039 0.2510
v -0.017822 0.730957 0.061279 0.7216 0.4471 0.2863
v 0.015381 0.730957 0.061279 0.7333 0.4510 0.2941
v -0.023193 0.741211 0.061279 0.6393 0.3529 0.2157
v 0.020752 0.741211 0.061279 0.6276 0.3529 0.2275
v -0.017822 0.743164 0.061279 0.6745 0.3882 0.2510
v 0.015869 0.743164 0.061279 0.6471 0.3608 0.2392
v -0.400147 0.789551 0.061279 0.0784 0.0235 0.1098
v -0.379150 0.799316 0.061279 0.1530 0.0549 0.2196
v 0.375732 0.816406 0.061279 0.2784 0.1137 0.3333
v 0.411865 0.837402 0.061279 0.2157 0.1059 0.2784
v 0.024658 0.940918 0.061279 0.1176 0.0706 0.0353
v 0.021240 0.943848 0.061279 0.1294 0.0745 0.0392
v 0.019287 0.946777 0.061279 0.1412 0.0863 0.0392
v 0.014404 0.952148 0.061279 0.1255 0.0745 0.0431
v 0.014893 0.958984 0.061279 0.1412 0.0784 0.0235
v 0.006104 0.961426 0.061279 0.1412 0.0941 0.0431
v -0.018311 0.599121 0.061768 0.1765 0.1176 0.1765
v -0.020752 0.662598 0.061768 0.6785 0.4078 0.2588
v 0.018311 0.662598 0.061768 0.6863 0.4118 0.2706
v -0.016357 0.746582 0.061768 0.6785 0.3961 0.2510
v 0.013916 0.746582 0.061768 0.6902 0.4039 0.2784
v 0.419190 0.772949 0.061768 0.2823 0.1255 0.3451
v 0.444092 0.833496 0.061768 0.2667 0.1216 0.3333
v -0.426025 0.846191 0.061768 0.2745 0.0980 0.3294
v 0.023193 0.944336 0.061768 0.1569 0.0902 0.0549
v 0.021729 0.948242 0.061768 0.1255 0.0706 0.0392
v 0.019775 0.951660 0.061768 0.1176 0.0824 0.0314
v -0.095459 0.479980 0.061768 0.2000 0.1098 0.2902
v 0.015869 0.599121 0.062256 0.1686 0.0588 0.2000
v 0.015381 0.635254 0.062256 0.7608 0.7568 0.7490
v -0.009521 0.664551 0.062256 0.6589 0.3765 0.2314
v 0.007080 0.664551 0.062256 0.6941 0.4157 0.2667
v -0.001221 0.709961 0.062256 0.6589 0.3843 0.2432
v -0.019775 0.718750 0.062256 0.6276 0.3412 0.2118
v 0.017334 0.718750 0.062256 0.6471 0.3647 0.2314
v -0.010498 0.720215 0.062256 0.6510 0.3765 0.2432
v 0.008057 0.720215 0.062256 0.6785 0.3921 0.2627
v -0.015869 0.757324 0.062256 0.7137 0.4432 0.2902
v 0.013428 0.757324 0.062256 0.7412 0.4823 0.3451
v -0.396729 0.789551 0.062256 0.1451 0.0275 0.1882
v 0.417236 0.829102 0.062256 0.2157 0.0784 0.2627
v -0.388916 0.837402 0.062256 0.2627 0.1059 0.3098
v 0.016846 0.954590 0.062256 0.1373 0.0863 0.0392
v 0.008545 0.956543 0.062256 0.1294 0.0745 0.0314
v 0.093506 0.479980 0.062256 0.2235 0.1137 0.3059
v -0.017822 0.635742 0.062744 0.6941 0.6863 0.6667
v -0.020264 0.689453 0.062744 0.6471 0.3725 0.2432
v 0.017822 0.689453 0.062744 0.6354 0.3686 0.2314
v -0.010010 0.691406 0.062744 0.6471 0.3804 0.2510
v 0.008057 0.691406 0.062744 0.6510 0.3725 0.2432
v -0.001221 0.700195 0.062744 0.6157 0.3451 0.2078
v -0.019287 0.722656 0.062744 0.7098 0.4392 0.2980
v 0.016846 0.722656 0.062744 0.6824 0.4000 0.2510
v -0.010986 0.724121 0.062744 0.7137 0.4314 0.2823
v 0.008545 0.724121 0.062744 0.6980 0.4235 0.2823
v -0.406982 0.777832 0.062744 0.2118 0.0902 0.2823
v -0.402100 0.843262 0.062744 0.2823 0.1176 0.3412
v 0.015381 0.949707 0.062744 0.1098 0.0706 0.0353
v 0.010498 0.954590 0.062744 0.1530 0.0941 0.0510
v 0.010986 0.961426 0.062744 0.1059 0.0706 0.0392
v -0.052002 0.573730 0.063232 0.2588 0.1098 0.3490
v 0.031494 0.603027 0.063232 0.8078 0.7333 0.6354
v -0.036865 0.747559 0.063232 0.7098 0.4196 0.2667
v 0.034424 0.747559 0.063232 0.7176 0.4275 0.2902
v 0.035400 0.755371 0.063232 0.7333 0.4471 0.3098
v -0.037842 0.755859 0.063232 0.7568 0.4823 0.3333
v 0.420654 0.833496 0.063232 0.1804 0.0431 0.2196
v -0.410889 0.840820 0.063232 0.2549 0.0941 0.3059
v -0.071533 0.560059 0.063721 0.2078 0.0980 0.2863
v 0.069092 0.560059 0.063721 0.2627 0.1333 0.3529
v -0.001221 0.598633 0.063721 0.1530 0.0706 0.1843
v -0.033936 0.603027 0.063721 0.7372 0.6785 0.6000
v -0.001221 0.636230 0.063721 0.4589 0.3294 0.2823
v -0.020752 0.678223 0.063721 0.7176 0.4550 0.2980
v 0.018311 0.678223 0.063721 0.7137 0.4432 0.2902
v -0.010010 0.679199 0.063721 0.6941 0.4275 0.2745
v 0.007568 0.679199 0.063721 0.7216 0.4471 0.2941
v -0.026123 0.746582 0.063721 0.6902 0.4000 0.2588
v 0.023682 0.746582 0.063721 0.6980 0.4118 0.2706
v -0.025635 0.756836 0.063721 0.7764 0.5216 0.3725
v 0.023682 0.756836 0.063721 0.7020 0.4314 0.2980
v 0.406982 0.781738 0.063721 0.1647 0.0745 0.2275
v 0.402100 0.785156 0.063721 0.1412 0.0392 0.2039
v 0.450928 0.791504 0.063721 0.2784 0.1333 0.3451
v 0.449951 0.824707 0.063721 0.3961 0.2078 0.4353
v 0.016846 0.950684 0.063721 0.1216 0.0745 0.0549
v 0.011963 0.952148 0.063721 0.1176 0.0784 0.0471
v 0.009033 0.958984 0.063721 0.1686 0.1098 0.0627
v -0.095947 0.458984 0.063721 0.1686 0.1216 0.1373
v 0.093506 0.458984 0.063721 0.2039 0.0941 0.2823
v -0.019287 0.591309 0.064209 0.1882 0.0667 0.2863
v -0.018311 0.616699 0.064209 0.5569 0.5098 0.4823
v 0.015869 0.616699 0.064209 0.6902 0.6432 0.5961
v 0.428955 0.835938 0.064209 0.3059 0.1294 0.3608
v 0.016357 0.946289 0.064209 0.1137 0.0667 0.0392
v 0.013428 0.958008 0.064209 0.1530 0.1098 0.0588
v -0.072998 0.546387 0.064697 0.2275 0.1176 0.3059
v -0.001221 0.632324 0.064697 0.5843 0.5804 0.5569
v -0.018311 0.632324 0.064697 0.7255 0.7137 0.6980
v 0.015869 0.632324 0.064697 0.6393 0.6197 0.6039
v 0.434326 0.777344 0.064697 0.2667 0.1294 0.3333
v -0.375732 0.807617 0.064697 0.1412 0.0588 0.1725
v 0.406006 0.838867 0.064697 0.2314 0.0863 0.2941
v -0.435791 0.841797 0.064697 0.2941 0.1451 0.3490
v 0.016846 0.943359 0.064697 0.1059 0.0627 0.0471
v 0.017822 0.946777 0.064697 0.1137 0.0667 0.0392
v 0.013916 0.949219 0.064697 0.1176 0.0745 0.0510
v 0.010986 0.956055 0.064697 0.1765 0.1137 0.0667
v 0.035400 0.573730 0.065186 0.2549 0.1255 0.3333
v 0.050049 0.574219 0.065186 0.2823 0.1530 0.3765
v -0.037842 0.591797 0.065186 0.2039 0.0627 0.3137
v -0.001221 0.616211 0.065186 0.7725 0.7333 0.6980
v -0.020264 0.707031 0.065186 0.7137 0.4589 0.2863
v 0.017822 0.707031 0.065186 0.7294 0.4471 0.2980
v -0.010498 0.708984 0.065186 0.7255 0.4550 0.3019
v 0.008057 0.708984 0.065186 0.7608 0.4823 0.3412
v 0.385986 0.794434 0.065186 0.1647 0.0667 0.2275
v 0.453369 0.803223 0.065186 0.2941 0.1412 0.3568
v 0.452881 0.814453 0.065186 0.2706 0.1216 0.3333
v -0.380615 0.827148 0.065186 0.3137 0.1530 0.3647
v -0.413330 0.836914 0.065186 0.1490 0.0549 0.2000
v 0.017334 0.939941 0.065186 0.1059 0.0627 0.0431
v 0.016357 0.943359 0.065186 0.1098 0.0627 0.0431
v 0.017822 0.943848 0.065186 0.1059 0.0667 0.0392
v 0.015381 0.946289 0.065186 0.1176 0.0627 0.0431
v 0.015381 0.954590 0.065186 0.0902 0.0588 0.0235
v -0.096436 0.437500 0.065186 0.2000 0.1216 0.2314
v 0.017334 0.591797 0.065674 0.2118 0.0745 0.2941
v 0.016357 0.602051 0.065674 0.7647 0.7020 0.6236
v -0.020752 0.695801 0.065674 0.7372 0.4706 0.3098
v 0.018311 0.695801 0.065674 0.6941 0.4118 0.2706
v -0.010498 0.698730 0.065674 0.7176 0.4432 0.2902
v 0.008057 0.698730 0.065674 0.6667 0.3882 0.2471
v -0.445557 0.782227 0.065674 0.2863 0.1333 0.3333
v -0.391357 0.790039 0.065674 0.1137 0.0196 0.1569
v -0.412842 0.835449 0.065674 0.1686 0.0549 0.2078
v 0.012939 0.953125 0.065674 0.1255 0.0863 0.0392
v -0.123779 0.036133 0.065674 0.2353 0.0980 0.2941
v 0.121338 0.036133 0.065674 0.2353 0.1059 0.2863
v -0.001221 0.592285 0.066162 0.2432 0.1020 0.3490
v -0.018799 0.602051 0.066162 0.6824 0.6157 0.5451
v 0.423096 0.821777 0.066162 0.1725 0.0431 0.2118
v 0.417236 0.831543 0.066162 0.1059 0.0392 0.1333
v -0.421143 0.840332 0.066162 0.2941 0.1412 0.3412
v 0.016846 0.943359 0.066162 0.1020 0.0627 0.0353
v 0.017822 0.943848 0.066162 0.1059 0.0627 0.0392
v 0.017334 0.946777 0.066162 0.1098 0.0667 0.0471
v 0.014404 0.950195 0.066162 0.1176 0.0706 0.0353
v 0.016846 0.950684 0.066162 0.1373 0.0824 0.0510
v 0.094482 0.437500 0.066162 0.1961 0.0863 0.2784
v -0.012939 0.504395 0.066650 0.1137 0.0549 0.1647
v -0.001221 0.601562 0.066650 0.7020 0.6432 0.5647
v -0.411377 0.838379 0.066650 0.2784 0.1059 0.3255
v 0.015869 0.946289 0.066650 0.1216 0.0745 0.0431
v -0.001221 0.503906 0.067139 0.1843 0.0706 0.2549
v 0.010498 0.504395 0.067139 0.1490 0.0627 0.2078
v 0.071533 0.546875 0.067139 0.2353 0.1216 0.3294
v -0.419190 0.773926 0.067139 0.2353 0.0863 0.2902
v 0.409912 0.783691 0.067139 0.1569 0.0667 0.1882
v -0.375244 0.816895 0.067139 0.3294 0.1647 0.4039
v 0.427979 0.825195 0.067627 0.1569 0.0471 0.2118
v 0.435791 0.829102 0.067627 0.3019 0.1333 0.3765
v -0.416748 0.829590 0.067627 0.0784 0.0314 0.1098
v -0.443604 0.834961 0.067627 0.3216 0.1530 0.3686
v -0.098389 0.416016 0.067627 0.1412 0.0941 0.1725
v -0.095459 0.000488 0.067627 0.5255 0.4510 0.3686
v 0.093018 0.000488 0.067627 0.1961 0.1804 0.1725
v -0.054932 0.558105 0.068115 0.1882 0.0863 0.2706
v 0.052490 0.558105 0.068115 0.2627 0.1373 0.3333
v 0.418213 0.778809 0.068115 0.2627 0.1373 0.3216
v 0.396729 0.833496 0.068115 0.3176 0.1608 0.3765
v 0.096436 0.416016 0.068115 0.2314 0.1294 0.3176
v -0.097900 0.029297 0.068115 0.1961 0.0941 0.2471
v 0.095459 0.029297 0.068115 0.2000 0.0980 0.2549
v -0.150635 0.024902 0.068115 0.2432 0.1137 0.2902
v 0.148193 0.024902 0.068115 0.2353 0.1137 0.2863
v -0.075928 0.512695 0.068604 0.1765 0.0863 0.2510
v -0.406982 0.781738 0.068603 0.0941 0.0196 0.1451
v -0.420166 0.833984 0.068603 0.1608 0.0627 0.1922
v -0.016357 0.490234 0.068604 0.1843 0.0863 0.2510
v 0.013916 0.490234 0.068604 0.2078 0.0824 0.2745
v -0.109619 0.034668 0.068604 0.1490 0.0471 0.2314
v 0.107178 0.034668 0.068604 0.1804 0.0667 0.2549
v -0.093018 0.001953 0.068604 0.7451 0.6236 0.5176
v 0.073975 0.512695 0.069092 0.2157 0.1098 0.3176
v -0.075439 0.529785 0.069092 0.2432 0.1216 0.3333
v -0.020264 0.575684 0.069092 0.2510 0.1216 0.3451
v 0.398682 0.784668 0.069092 0.2588 0.0941 0.3098
v 0.427490 0.814941 0.069092 0.1608 0.0549 0.2118
v 0.016846 0.475586 0.069092 0.1373 0.0588 0.1961
v -0.093018 0.022461 0.069092 0.1647 0.0784 0.2235
v 0.091064 0.022461 0.069092 0.2157 0.1137 0.2627
v -0.090576 0.010742 0.069092 0.1098 0.0549 0.1176
v 0.088135 0.010742 0.069092 0.2902 0.2353 0.2235
v 0.090576 0.001953 0.069092 0.7686 0.6902 0.6276
v 0.073486 0.529785 0.069580 0.2118 0.1020 0.2980
v -0.039307 0.574707 0.069580 0.1686 0.0706 0.2510
v 0.418213 0.784180 0.069580 0.1451 0.0706 0.1922
v -0.401611 0.786133 0.069580 0.1412 0.0314 0.1765
v 0.442627 0.791016 0.069580 0.3176 0.1490 0.3765
v -0.450928 0.792480 0.069580 0.2823 0.1333 0.3372
v -0.449463 0.825684 0.069580 0.3333 0.1686 0.3804
v -0.428467 0.836914 0.069580 0.3529 0.1412 0.4039
v 0.021240 0.436035 0.069580 0.1922 0.0863 0.2549
v 0.023193 0.413086 0.069580 0.2078 0.0941 0.2823
v -0.027100 0.389648 0.069580 0.1961 0.1020 0.2784
v 0.025146 0.389648 0.069580 0.2392 0.1216 0.3294
v 0.088623 0.015625 0.069580 0.2000 0.0941 0.2549
v -0.091064 0.015137 0.069580 0.2000 0.0941 0.2823
v -0.091064 0.005371 0.069580 0.7059 0.5569 0.4667
v 0.088623 0.005371 0.069580 0.6706 0.5333 0.4039
v 0.017822 0.575684 0.070068 0.1922 0.0902 0.2745
v -0.001221 0.576660 0.070068 0.2510 0.1176 0.3490
v 0.428955 0.782715 0.070068 0.3490 0.1882 0.4235
v 0.425537 0.787598 0.070068 0.1176 0.0471 0.1843
v 0.383057 0.802246 0.070068 0.2863 0.1098 0.3255
v 0.429443 0.810059 0.070068 0.1255 0.0510 0.1804
v 0.440674 0.821289 0.070068 0.3333 0.1530 0.3882
v -0.405518 0.839355 0.070068 0.3137 0.1412 0.3765
v -0.018311 0.475586 0.070068 0.1922 0.0824 0.2667
v -0.020752 0.457520 0.070068 0.2863 0.1333 0.3804
v 0.018311 0.457520 0.070068 0.2588 0.1255 0.3255
v -0.025146 0.413086 0.070068 0.2275 0.1137 0.3059
v -0.101807 0.394531 0.070068 0.3019 0.1647 0.4118
v 0.099365 0.394531 0.070068 0.2902 0.1608 0.3843
v -0.153076 0.019043 0.070068 0.1569 0.0745 0.2275
v 0.150635 0.019043 0.070068 0.1647 0.0706 0.2118
v 0.031982 0.508789 0.070557 0.1725 0.0745 0.2471
v -0.055420 0.511230 0.070557 0.1843 0.0902 0.2667
v 0.052979 0.511230 0.070557 0.2078 0.1059 0.2902
v 0.036865 0.558105 0.070557 0.1922 0.1020 0.2745
v -0.434326 0.778320 0.070557 0.2588 0.1098 0.3059
v -0.385986 0.794922 0.070557 0.1686 0.0706 0.2314
v -0.452393 0.815430 0.070557 0.2902 0.1412 0.3451
v 0.432861 0.817871 0.070557 0.2706 0.1059 0.3176
v 0.389404 0.823730 0.070557 0.2902 0.1216 0.3568
v -0.076904 0.498535 0.070557 0.2196 0.1137 0.2941
v 0.074463 0.498535 0.070557 0.2432 0.1333 0.3372
v -0.022705 0.436035 0.070557 0.1608 0.0784 0.2275
v -0.149658 0.001465 0.070557 0.1961 0.1686 0.1490
v 0.147217 0.001465 0.070557 0.6118 0.4902 0.4118
v -0.033936 0.508789 0.071045 0.1608 0.0784 0.2275
v -0.408447 0.785156 0.071045 0.1176 0.0431 0.1490
v 0.430420 0.795410 0.071045 0.2078 0.0941 0.2706
v -0.452881 0.804199 0.071045 0.2980 0.1530 0.3568
v 0.430908 0.804688 0.071045 0.1490 0.0627 0.2078
v 0.443604 0.813477 0.071045 0.4157 0.2471 0.4667
v 0.423584 0.824219 0.071045 0.0941 0.0314 0.1294
v 0.053467 0.543457 0.071533 0.2432 0.1255 0.3216
v 0.444580 0.804199 0.071533 0.2784 0.1176 0.3451
v -0.422607 0.822754 0.071533 0.1137 0.0235 0.1176
v -0.153564 0.012207 0.071533 0.1098 0.0471 0.1569
v 0.151611 0.012207 0.071533 0.1530 0.0706 0.2039
v -0.055908 0.543457 0.072021 0.2902 0.1569 0.3921
v -0.039795 0.558105 0.072021 0.2078 0.1059 0.2863
v 0.435303 0.793457 0.072022 0.3725 0.1922 0.4432
v 0.435303 0.811523 0.072022 0.2941 0.1176 0.3412
v 0.384522 0.812500 0.072022 0.2784 0.1216 0.3568
v -0.416748 0.832031 0.072021 0.2667 0.0980 0.3098
v 0.413818 0.832031 0.072022 0.2863 0.1098 0.3372
v -0.154541 0.006836 0.072021 0.4784 0.3765 0.3019
v 0.152100 0.006836 0.072022 0.5921 0.4667 0.3686
v -0.152588 0.003418 0.072021 0.6667 0.5843 0.5255
v 0.150146 0.003418 0.072022 0.7255 0.5804 0.4823
v 0.436279 0.804688 0.072510 0.2118 0.0824 0.2706
v 0.408936 0.782715 0.072998 0.2392 0.1294 0.2745
v -0.435303 0.830078 0.072998 0.2706 0.0980 0.3176
v -0.427490 0.826172 0.073486 0.1922 0.0549 0.2432
v -0.396240 0.834473 0.073486 0.2706 0.1137 0.3294
v 0.018799 0.558105 0.073975 0.2235 0.1216 0.3059
v -0.021240 0.558594 0.073975 0.2039 0.1059 0.3019
v -0.418213 0.779785 0.073975 0.1176 0.0510 0.1530
v -0.078369 0.479004 0.073975 0.2941 0.1647 0.3725
v -0.078369 0.458008 0.073975 0.2980 0.1765 0.3647
v 0.140869 0.030762 0.073975 0.2078 0.0745 0.2706
v -0.143311 0.030273 0.073975 0.2314 0.1137 0.2941
v -0.038330 0.542480 0.074463 0.2157 0.1059 0.3059
v 0.035889 0.542480 0.074463 0.2706 0.1530 0.3568
v -0.398682 0.785156 0.074463 0.2275 0.0863 0.2823
v -0.427002 0.815918 0.074463 0.1059 0.0392 0.1294
v 0.076416 0.479004 0.074463 0.2823 0.1530 0.3765
v -0.001221 0.558105 0.074951 0.2275 0.1059 0.3372
v 0.417725 0.783691 0.074951 0.0510 0.0118 0.0588
v -0.418213 0.785156 0.074951 0.1098 0.0431 0.1412
v -0.442627 0.791992 0.074951 0.3216 0.1294 0.3843
v -0.102783 0.029785 0.074951 0.2235 0.1255 0.2941
v 0.100342 0.029785 0.074951 0.2078 0.1020 0.2627
v -0.383057 0.802734 0.075439 0.2627 0.1294 0.3059
v -0.428955 0.811035 0.075439 0.0824 0.0196 0.1216
v 0.429443 0.815430 0.075440 0.1725 0.0510 0.2157
v -0.440186 0.822266 0.075439 0.2118 0.0784 0.2745
v -0.034424 0.492676 0.075439 0.1451 0.0824 0.2078
v -0.036865 0.477051 0.075439 0.2432 0.1333 0.3372
v -0.079346 0.435547 0.075439 0.2353 0.1647 0.2549
v -0.055908 0.525879 0.075928 0.2471 0.1255 0.3490
v -0.428955 0.783691 0.075928 0.1765 0.0784 0.2353
v -0.425537 0.788574 0.075928 0.1765 0.0824 0.2353
v 0.394775 0.789062 0.075928 0.2392 0.1098 0.3019
v -0.388916 0.824219 0.075928 0.3294 0.1608 0.3882
v 0.053955 0.496094 0.075928 0.2392 0.1294 0.3412
v 0.076904 0.458008 0.075928 0.2157 0.1059 0.3059
v -0.016846 0.520020 0.076416 0.2078 0.1059 0.2823
v -0.035400 0.523926 0.076416 0.2706 0.1294 0.3765
v 0.425537 0.787109 0.076416 0.1373 0.0471 0.1804
v -0.430908 0.805664 0.076416 0.1059 0.0431 0.1530
v -0.443115 0.814453 0.076416 0.2823 0.1137 0.3529
v -0.432373 0.818848 0.076416 0.2039 0.0784 0.2432
v -0.056397 0.496582 0.076416 0.2471 0.1373 0.3412
v 0.033936 0.477051 0.076416 0.2275 0.1098 0.3137
v 0.077393 0.435547 0.076416 0.2392 0.1333 0.3294
v 0.014404 0.520020 0.076904 0.2432 0.1137 0.3333
v -0.430420 0.796387 0.076904 0.1961 0.0784 0.2627
v -0.444092 0.805176 0.076904 0.2745 0.1176 0.3255
v -0.423096 0.825195 0.076904 0.2745 0.0980 0.3294
v 0.033447 0.523926 0.077393 0.2432 0.1216 0.3216
v 0.053955 0.526367 0.077393 0.2471 0.1294 0.3333
v -0.435303 0.794434 0.077393 0.1098 0.0627 0.1569
v 0.431397 0.794922 0.077393 0.0824 0.0235 0.1216
v -0.434815 0.812500 0.077393 0.0980 0.0510 0.1294
v 0.420654 0.824707 0.077393 0.2392 0.0824 0.2941
v 0.407471 0.828125 0.077393 0.2863 0.1255 0.3647
v -0.413330 0.833008 0.077393 0.3333 0.1608 0.3921
v -0.001221 0.517090 0.077881 0.2235 0.1098 0.3059
v 0.433350 0.806152 0.077881 0.2392 0.0863 0.2784
v -0.384033 0.812988 0.077881 0.3372 0.1765 0.3961
v 0.031494 0.493164 0.077881 0.1490 0.0667 0.2078
v 0.035889 0.458008 0.077881 0.2039 0.0902 0.2823
v -0.019775 0.540527 0.078369 0.2471 0.1373 0.3294
v -0.436279 0.805664 0.078369 0.1255 0.0745 0.1725
v -0.057373 0.477539 0.078369 0.2078 0.1137 0.2941
v -0.058350 0.457520 0.078369 0.2432 0.1333 0.3255
v 0.079346 0.413574 0.078369 0.2432 0.1333 0.3333
v -0.146240 0.026855 0.078369 0.1843 0.0745 0.2549
v 0.143799 0.026855 0.078369 0.2000 0.0784 0.2627
v -0.099854 0.023926 0.078369 0.2314 0.1333 0.2863
v 0.097412 0.023926 0.078369 0.2275 0.0980 0.2823
v 0.017822 0.540527 0.078857 0.2627 0.1373 0.3490
v -0.408936 0.783691 0.078857 0.2039 0.0784 0.2667
v -0.081787 0.413574 0.078857 0.2823 0.1647 0.3686
v -0.102783 0.001465 0.078857 0.4392 0.3686 0.2980
v 0.100342 0.001465 0.078857 0.2078 0.1961 0.1922
v 0.055908 0.457520 0.079834 0.2471 0.1216 0.3294
v 0.394775 0.797363 0.080322 0.3255 0.1569 0.3686
v 0.401123 0.818848 0.080322 0.4432 0.2706 0.5098
v 0.040283 0.413086 0.080322 0.2157 0.1020 0.2941
v -0.108643 0.030273 0.080322 0.2471 0.1216 0.3098
v -0.098389 0.017090 0.080322 0.2039 0.1098 0.2784
v 0.095947 0.017090 0.080322 0.1765 0.0863 0.2471
v -0.145752 0.003418 0.080322 0.2353 0.2078 0.1882
v 0.143311 0.003418 0.080322 0.2706 0.2118 0.1765
v -0.001221 0.538574 0.080811 0.2627 0.1373 0.3568
v -0.417725 0.784180 0.080810 0.1843 0.0627 0.2353
v 0.406494 0.787109 0.080811 0.3176 0.1569 0.3647
v -0.429443 0.816406 0.080810 0.1843 0.0588 0.2432
v 0.055420 0.478027 0.080811 0.2392 0.1255 0.3216
v -0.037842 0.458008 0.080811 0.1490 0.0863 0.2157
v 0.037354 0.435547 0.080811 0.2941 0.1647 0.3804
v -0.042236 0.412598 0.080811 0.2039 0.1020 0.2823
v 0.106201 0.030273 0.080811 0.2078 0.1059 0.2784
v -0.395264 0.789551 0.081299 0.2196 0.0941 0.2863
v 0.397217 0.808105 0.081299 0.3804 0.2039 0.4353
v -0.039795 0.435547 0.081299 0.1922 0.1059 0.2549
v -0.084717 0.392090 0.081299 0.3176 0.1765 0.4510
v 0.082275 0.392090 0.081299 0.3137 0.1765 0.4275
v -0.044678 0.389648 0.081299 0.2706 0.1490 0.3804
v 0.042236 0.389648 0.081299 0.2667 0.1530 0.3804
v -0.136475 0.031738 0.081299 0.1882 0.0745 0.2549
v 0.134033 0.031738 0.081299 0.2706 0.1216 0.3216
v -0.148682 0.021484 0.081299 0.2588 0.1333 0.3098
v -0.098877 0.011230 0.081299 0.0980 0.0471 0.1333
v 0.096436 0.011230 0.081299 0.1961 0.1373 0.1490
v -0.100830 0.003418 0.081299 0.7529 0.6236 0.5137
v 0.098389 0.003418 0.081299 0.7098 0.6118 0.5333
v -0.425537 0.788086 0.081787 0.2039 0.0745 0.2627
v 0.426025 0.815430 0.081787 0.1176 0.0471 0.1804
v 0.057373 0.435059 0.081787 0.2902 0.1686 0.3608
v 0.146240 0.021973 0.081787 0.1843 0.0706 0.2510
v 0.415772 0.787598 0.082275 0.2667 0.1176 0.3294
v -0.098877 0.006348 0.082275 0.6863 0.5451 0.4314
v 0.096436 0.006348 0.082275 0.6471 0.5137 0.4039
v 0.422119 0.790527 0.082764 0.2745 0.1255 0.3255
v 0.415772 0.820801 0.082764 0.3019 0.1451 0.3686
v -0.431397 0.795898 0.083252 0.2588 0.1059 0.3176
v -0.433350 0.807129 0.083252 0.2392 0.0902 0.2941
v -0.420166 0.825195 0.083252 0.2392 0.0706 0.2980
v -0.406982 0.828613 0.083252 0.3961 0.1961 0.4628
v -0.148193 0.006348 0.083252 0.6824 0.5530 0.4471
v -0.060303 0.435547 0.083740 0.2588 0.1451 0.3412
v -0.149170 0.016602 0.083740 0.1569 0.0784 0.2235
v 0.146729 0.016602 0.083740 0.1765 0.0745 0.2588
v 0.145752 0.006348 0.083740 0.6785 0.5294 0.4471
v 0.426514 0.796875 0.084229 0.2196 0.0863 0.2745
v 0.428955 0.806152 0.084229 0.1843 0.0706 0.2314
v -0.116455 0.031250 0.084717 0.2078 0.0902 0.2823
v 0.114014 0.031250 0.084717 0.2471 0.1216 0.3059
v -0.149658 0.010254 0.084717 0.6589 0.5412 0.4550
v 0.147217 0.010254 0.084717 0.7529 0.6315 0.5373
v 0.406494 0.795410 0.085205 0.3333 0.1647 0.3843
v 0.411377 0.813477 0.085205 0.3608 0.1804 0.4235
v 0.059814 0.413086 0.085205 0.2588 0.1412 0.3490
v -0.127686 0.032227 0.085205 0.2549 0.1412 0.3333
v 0.125244 0.032227 0.085205 0.2627 0.1333 0.3333
v -0.107178 0.025391 0.085205 0.2941 0.1686 0.3451
v -0.394287 0.798340 0.085693 0.2745 0.1098 0.3412
v -0.401123 0.819336 0.085693 0.3921 0.1961 0.4550
v -0.062256 0.413086 0.085693 0.2980 0.1843 0.3804
v 0.104736 0.025879 0.085693 0.1922 0.0863 0.2627
v 0.408936 0.804688 0.086182 0.3137 0.1530 0.3725
v 0.419678 0.812012 0.086182 0.3412 0.1843 0.4000
v -0.064697 0.390625 0.086182 0.3137 0.1882 0.4392
v 0.062256 0.390625 0.086182 0.3412 0.2157 0.4314
v -0.406494 0.787598 0.086670 0.2432 0.0863 0.2980
v 0.417725 0.794434 0.086670 0.3137 0.1569 0.3529
v -0.396729 0.808594 0.086670 0.3568 0.1843 0.4275
v -0.138916 0.028320 0.086670 0.2471 0.1137 0.3019
v 0.136475 0.028320 0.086670 0.2157 0.0863 0.2823
v -0.110107 0.002930 0.086670 0.2078 0.1686 0.1255
v 0.107666 0.002930 0.086670 0.1647 0.1451 0.1373
v -0.138428 0.004395 0.087158 0.1843 0.1647 0.1530
v 0.135986 0.004395 0.087158 0.1647 0.1490 0.1255
v 0.420654 0.803223 0.087647 0.3608 0.1882 0.4118
v -0.426025 0.816406 0.087646 0.2510 0.0627 0.3098
v -0.415772 0.788574 0.088135 0.2627 0.1020 0.3216
v -0.415283 0.821289 0.088135 0.3451 0.1608 0.4235
v -0.422119 0.791016 0.088623 0.2471 0.0980 0.3059
v -0.106201 0.019531 0.088623 0.2157 0.1059 0.2745
v 0.103760 0.019531 0.089111 0.2039 0.0863 0.2784
v -0.428467 0.807129 0.089600 0.2353 0.0706 0.3059
v -0.426514 0.797852 0.090088 0.2823 0.1137 0.3412
v -0.115967 0.027832 0.090088 0.2196 0.1137 0.2745
v -0.107666 0.013672 0.090088 0.1451 0.0706 0.1922
v -0.108643 0.005371 0.090088 0.6785 0.5412 0.4392
v -0.411377 0.814453 0.090576 0.3921 0.2000 0.4550
v 0.113525 0.027832 0.090576 0.2745 0.1412 0.3412
v -0.140381 0.023438 0.090576 0.2667 0.1373 0.3529
v 0.137939 0.023438 0.090576 0.2432 0.1294 0.3176
v 0.105225 0.013672 0.090576 0.8274 0.7255 0.6667
v 0.106201 0.005371 0.090576 0.3921 0.3216 0.2471
v -0.406494 0.795898 0.091064 0.2745 0.1255 0.3333
v -0.128662 0.028809 0.091064 0.2432 0.1137 0.3098
v 0.126221 0.028809 0.091064 0.2706 0.1373 0.3333
v -0.129150 0.004883 0.091064 0.1725 0.1569 0.1412
v -0.117432 0.004395 0.091064 0.2000 0.1843 0.1647
v 0.114990 0.004395 0.091064 0.2078 0.1804 0.1569
v -0.408447 0.805176 0.091553 0.4118 0.2314 0.4706
v -0.419190 0.812988 0.091553 0.3412 0.1530 0.4039
v -0.107666 0.008789 0.091553 0.7176 0.5764 0.4589
v 0.105225 0.008789 0.091553 0.7725 0.6510 0.5412
v -0.140381 0.007812 0.091553 0.4196 0.3255 0.2510
v 0.137939 0.007812 0.091553 0.6863 0.5843 0.5019
v 0.126709 0.004883 0.091553 0.1922 0.1686 0.1490
v -0.417725 0.795410 0.092041 0.3412 0.1725 0.4039
v -0.140869 0.019043 0.092529 0.0902 0.0353 0.1373
v 0.138428 0.019043 0.092529 0.1216 0.0549 0.2000
v -0.420166 0.803711 0.093018 0.2510 0.1176 0.3255
v -0.141357 0.012207 0.093506 0.7764 0.6550 0.5333
v 0.138916 0.012207 0.093506 0.7176 0.6000 0.4902
v -0.115967 0.022949 0.094482 0.2863 0.1608 0.3686
v 0.113525 0.022949 0.094482 0.2627 0.1333 0.3333
v -0.129639 0.023926 0.095459 0.2745 0.1686 0.3490
v 0.127197 0.023926 0.095459 0.2235 0.1176 0.2941
v -0.116943 0.007812 0.095459 0.6667 0.5412 0.4353
v 0.114502 0.007812 0.095459 0.2627 0.2157 0.1843
v -0.115967 0.018066 0.095947 0.1412 0.0784 0.1961
v 0.113525 0.018066 0.095947 0.1804 0.1176 0.1922
v -0.130127 0.008301 0.095947 0.3412 0.2863 0.2353
v 0.127686 0.008301 0.095947 0.2471 0.2118 0.1961
v -0.116455 0.011719 0.096924 0.7725 0.6432 0.5294
v 0.127686 0.019531 0.097412 0.1020 0.0510 0.1569
v -0.130127 0.019043 0.097412 0.1569 0.0941 0.1725
v 0.114014 0.011719 0.097412 0.7490 0.6432 0.5373
v -0.130615 0.012695 0.097900 0.7843 0.6550 0.5412
v 0.128174 0.012695 0.097900 0.7764 0.6628 0.5686
v -0.113525 0.501953 -0.000244 0.2392 0.0941 0.2941
v 0.111572 0.501953 -0.000244 0.2823 0.1373 0.3490
v 0.317627 0.784668 -0.000244 0.7490 0.4510 0.2549
v -0.139404 0.787109 -0.000244 0.6432 0.3843 0.2392
v -0.110596 0.795410 -0.000244 0.5059 0.2823 0.1765
v -0.230225 0.821777 -0.000244 0.6589 0.3804 0.2353
v 0.150146 0.829102 -0.000244 0.6667 0.3804 0.2510
v 0.198975 0.829102 -0.000244 0.6745 0.3882 0.2510
v 0.186768 0.830078 -0.000244 0.6157 0.3255 0.2078
v 0.172119 0.830566 -0.000244 0.6039 0.3176 0.1922
v -0.448975 0.837891 -0.000244 0.2471 0.0980 0.3216
v -0.359131 0.840820 -0.000244 0.7921 0.7372 0.6902
v 0.016846 0.880859 -0.000244 0.5961 0.3059 0.2078
v -0.018799 0.881348 -0.000244 0.6039 0.3019 0.2196
v -0.041748 0.905762 -0.000244 0.1490 0.1098 0.0706
v 0.049561 0.938477 -0.000244 0.1608 0.1020 0.0549
v 0.049072 0.945312 -0.000244 0.1451 0.0902 0.0471
v -0.057373 0.953125 -0.000244 0.1804 0.1255 0.0824
v 0.051514 0.959473 -0.000244 0.0902 0.0549 0.0196
v 0.032959 0.979980 -0.000244 0.1373 0.0980 0.0627
v -0.018799 0.988770 -0.000244 0.1765 0.1176 0.0627
v 0.006592 0.995117 -0.000244 0.2000 0.1412 0.0863
v -0.116943 0.449219 -0.000244 0.4510 0.2667 0.1765
v 0.114990 0.449219 -0.000244 0.4314 0.2588 0.1608
v -0.118896 0.423828 -0.000244 0.4706 0.2745 0.1725
v 0.116943 0.423828 -0.000244 0.4823 0.2823 0.1765
v -0.106201 0.271973 -0.000244 0.6980 0.4314 0.2902
v 0.059326 0.228027 -0.000244 0.7451 0.4745 0.3216
v -0.061768 0.227539 -0.000244 0.7255 0.4706 0.3216
v 0.109619 0.180176 -0.000244 0.6276 0.3647 0.2314
v -0.074951 0.166504 -0.000244 0.6706 0.4039 0.2549
v 0.072510 0.166504 -0.000244 0.6902 0.4275 0.2863
v -0.083252 0.163086 -0.000244 0.6785 0.4118 0.2667
v 0.080811 0.163086 -0.000244 0.6550 0.3843 0.2432
v -0.080811 0.161133 -0.000244 0.4863 0.3019 0.2980
v 0.078369 0.161133 -0.000244 0.6039 0.3490 0.2392
v 0.104248 0.145996 -0.000244 0.5569 0.3176 0.1804
v -0.106689 0.145508 -0.000244 0.6079 0.3372 0.2157
v -0.111572 0.121094 -0.000244 0.0980 0.0392 0.0745
v 0.109131 0.121094 -0.000244 0.1804 0.0941 0.2157
v -0.100342 0.096680 -0.000244 0.7451 0.6863 0.6667
v 0.097900 0.096680 -0.000244 0.2039 0.1451 0.1922
v -0.134033 0.044434 -0.000244 0.1608 0.0784 0.2196
v 0.131592 0.044434 -0.000244 0.1608 0.0745 0.2275
v -0.088135 0.726562 -0.000732 0.7098 0.4432 0.2941
v 0.086182 0.726562 -0.000732 0.6785 0.3961 0.2510
v 0.244873 0.771973 -0.000732 0.6354 0.3568 0.2314
v 0.295166 0.772949 -0.000732 0.6941 0.4157 0.2706
v 0.438721 0.775391 -0.000732 0.2549 0.1137 0.3294
v -0.189209 0.781250 -0.000732 0.6824 0.4118 0.2745
v 0.327393 0.788574 -0.000732 0.1961 0.0941 0.2510
v 0.126709 0.789062 -0.000732 0.6276 0.3843 0.2471
v 0.109619 0.794922 -0.000732 0.5294 0.3059 0.1922
v 0.143311 0.827637 -0.000732 0.6315 0.3568 0.2235
v 0.238037 0.829102 -0.000732 0.7176 0.4235 0.2823
v -0.135010 0.834961 -0.000732 0.7451 0.4628 0.3137
v -0.251709 0.836426 -0.000732 0.7216 0.4392 0.2823
v 0.329834 0.837402 -0.000732 0.7020 0.6236 0.5804
v -0.040771 0.902344 -0.000732 0.1294 0.0863 0.0588
v 0.038330 0.902344 -0.000732 0.1530 0.1020 0.0706
v -0.048096 0.926758 -0.000732 0.1020 0.0627 0.0275
v 0.048096 0.934570 -0.000732 0.0902 0.0392 0.0118
v 0.049561 0.941895 -0.000732 0.0706 0.0392 0.0078
v 0.052979 0.946777 -0.000732 0.1020 0.0510 0.0157
v 0.049561 0.948242 -0.000732 0.1373 0.0863 0.0471
v -0.059814 0.948730 -0.000732 0.1569 0.1059 0.0588
v -0.060791 0.950684 -0.000732 0.1530 0.0902 0.0549
v 0.051025 0.961426 -0.000732 0.1608 0.1020 0.0588
v 0.041260 0.974121 -0.000732 0.0941 0.0588 0.0392
v -0.044189 0.975586 -0.000732 0.1294 0.0784 0.0431
v 0.038330 0.977051 -0.000732 0.1686 0.1255 0.0667
v -0.029053 0.983887 -0.000732 0.0941 0.0549 0.0275
v 0.003174 0.994629 -0.000732 0.0941 0.0588 0.0275
v 0.109131 0.474121 -0.000732 0.4235 0.2392 0.1530
v -0.064209 0.210938 -0.000732 0.6980 0.4235 0.2863
v 0.061768 0.210938 -0.000732 0.6706 0.4000 0.2667
v -0.111572 0.180176 -0.000732 0.6706 0.4039 0.2667
v 0.084717 0.120117 -0.000732 0.0863 0.0118 0.1255
v 0.109619 0.081543 -0.000732 0.0784 0.0157 0.1216
v 0.227295 0.774414 -0.001221 0.5921 0.3372 0.2118
v 0.208740 0.780762 -0.001221 0.6785 0.4118 0.2745
v -0.124756 0.784668 -0.001221 0.5176 0.2823 0.1725
v -0.119385 0.791016 -0.001221 0.6785 0.4196 0.2745
v -0.397705 0.792969 -0.001221 0.2078 0.0588 0.2549
v -0.378174 0.799316 -0.001221 0.1922 0.0784 0.2588
v 0.382080 0.847168 -0.001221 0.3098 0.1725 0.3804
v 0.039795 0.905762 -0.001221 0.1725 0.1255 0.0902
v -0.047119 0.922363 -0.001221 0.1412 0.0941 0.0392
v -0.042236 0.923340 -0.001221 0.1451 0.0824 0.0549
v 0.040283 0.923340 -0.001221 0.1490 0.0902 0.0627
v 0.047119 0.930176 -0.001221 0.1647 0.0980 0.0588
v 0.052490 0.945801 -0.001221 0.1020 0.0784 0.0314
v 0.052979 0.947754 -0.001221 0.1176 0.0627 0.0314
v 0.051025 0.959473 -0.001221 0.1020 0.0627 0.0314
v 0.046631 0.968262 -0.001221 0.1765 0.1294 0.0824
v -0.049561 0.971680 -0.001221 0.1686 0.1098 0.0706
v -0.037842 0.979004 -0.001221 0.0902 0.0510 0.0392
v -0.034912 0.981445 -0.001221 0.1451 0.0980 0.0510
v -0.022217 0.986816 -0.001221 0.1569 0.1098 0.0706
v 0.024658 0.994629 -0.001221 0.0745 0.0588 0.0314
v -0.111572 0.474121 -0.001221 0.3804 0.2353 0.1451
v -0.117432 0.408691 -0.001221 0.5608 0.3294 0.2039
v 0.114990 0.408691 -0.001221 0.5608 0.3294 0.2078
v -0.111572 0.362793 -0.001221 0.6628 0.4039 0.2667
v 0.109131 0.362793 -0.001221 0.7059 0.4353 0.2863
v -0.030518 0.351562 -0.001221 0.6197 0.3529 0.2157
v 0.028564 0.351562 -0.001221 0.6157 0.3412 0.2118
v -0.103760 0.336914 -0.001221 0.6118 0.3529 0.2235
v 0.101318 0.336914 -0.001221 0.6079 0.3490 0.2157
v -0.043213 0.300293 -0.001221 0.6315 0.3647 0.2235
v 0.040771 0.300293 -0.001221 0.6432 0.3686 0.2314
v -0.087158 0.120117 -0.001221 0.1686 0.0824 0.2196
v -0.112061 0.081543 -0.001221 0.0980 0.0431 0.1490
v -0.110596 0.515137 -0.001709 0.1373 0.0392 0.1961
v 0.109131 0.515625 -0.001709 0.1176 0.0314 0.1843
v -0.091553 0.776855 -0.001709 0.4471 0.2275 0.1294
v 0.199951 0.780273 -0.001709 0.7294 0.4589 0.3059
v -0.177979 0.782227 -0.001709 0.6824 0.4118 0.2627
v 0.138916 0.786133 -0.001709 0.6118 0.3608 0.2235
v -0.102295 0.788574 -0.001709 0.4823 0.2627 0.1569
v 0.118408 0.790527 -0.001709 0.6236 0.3804 0.2510
v 0.366943 0.792480 -0.001709 0.8313 0.7960 0.7255
v 0.460205 0.792969 -0.001709 0.2314 0.1059 0.3176
v 0.223389 0.819824 -0.001709 0.6236 0.3490 0.2275
v -0.230225 0.828125 -0.001709 0.6706 0.3608 0.2000
v -0.319092 0.831055 -0.001709 0.6510 0.3882 0.2667
v 0.317627 0.831055 -0.001709 0.2235 0.1098 0.2549
v -0.309814 0.831543 -0.001709 0.6589 0.3921 0.2549
v 0.134521 0.834473 -0.001709 0.7764 0.4706 0.3059
v 0.324463 0.838379 -0.001709 0.0431 0.0039 0.0902
v -0.027100 0.842773 -0.001709 0.6550 0.3921 0.2471
v 0.025146 0.842773 -0.001709 0.6197 0.3608 0.2314
v -0.016846 0.848145 -0.001709 0.6471 0.3725 0.2196
v 0.014404 0.848145 -0.001709 0.6667 0.4078 0.2745
v -0.019775 0.863281 -0.001709 0.5451 0.3098 0.1961
v 0.017334 0.863281 -0.001709 0.5059 0.3059 0.2157
v -0.031494 0.873535 -0.001709 0.4196 0.2941 0.2118
v 0.029053 0.873535 -0.001709 0.3333 0.1961 0.1333
v -0.017334 0.876465 -0.001709 0.6079 0.3098 0.2196
v 0.015381 0.876465 -0.001709 0.6236 0.3255 0.2314
v 0.041260 0.909180 -0.001709 0.1725 0.1294 0.0941
v 0.042725 0.913086 -0.001709 0.1412 0.1059 0.0510
v -0.041748 0.915039 -0.001709 0.1451 0.0863 0.0588
v 0.039307 0.915039 -0.001709 0.1451 0.0902 0.0549
v -0.046143 0.917969 -0.001709 0.1882 0.1373 0.1059
v 0.045166 0.921387 -0.001709 0.2196 0.1490 0.1020
v 0.046143 0.925781 -0.001709 0.1530 0.1020 0.0667
v -0.052490 0.939453 -0.001709 0.1294 0.0784 0.0471
v -0.054443 0.944824 -0.001709 0.1294 0.0745 0.0510
v -0.054443 0.947754 -0.001709 0.1608 0.1137 0.0745
v 0.051514 0.952148 -0.001709 0.1530 0.0902 0.0510
v 0.050537 0.960449 -0.001709 0.1255 0.0824 0.0392
v -0.053955 0.966309 -0.001709 0.1686 0.1098 0.0706
v -0.006592 0.989258 -0.001709 0.1608 0.1255 0.0902
v -0.012939 0.989746 -0.001709 0.0667 0.0431 0.0078
v 0.009521 0.993164 -0.001709 0.0745 0.0431 0.0196
v 0.023193 0.995117 -0.001709 0.0863 0.0510 0.0392
v -0.114014 0.377930 -0.001709 0.6354 0.3765 0.2510
v 0.111572 0.377930 -0.001709 0.6589 0.4000 0.2667
v -0.041260 0.313965 -0.001709 0.6276 0.3255 0.1686
v 0.038818 0.313965 -0.001709 0.6236 0.3608 0.2275
v -0.055420 0.269043 -0.001709 0.6276 0.3294 0.1725
v 0.052979 0.269043 -0.001709 0.5961 0.3568 0.2392
v -0.111084 0.253906 -0.001709 0.6432 0.3843 0.2471
v 0.109131 0.253906 -0.001709 0.7216 0.4353 0.2980
v -0.111084 0.108887 -0.001709 0.7725 0.6980 0.6550
v 0.109131 0.108887 -0.001709 0.0706 0.0157 0.1098
v -0.236572 0.772461 -0.002197 0.6039 0.3333 0.2039
v -0.219482 0.775879 -0.002197 0.6079 0.3412 0.2118
v 0.089600 0.776367 -0.002197 0.4863 0.2627 0.1569
v 0.188721 0.780273 -0.002197 0.6902 0.4196 0.2667
v 0.123779 0.784180 -0.002197 0.5333 0.2941 0.1804
v 0.101318 0.788086 -0.002197 0.5059 0.2745 0.1647
v 0.229736 0.820801 -0.002197 0.6550 0.3921 0.2510
v -0.283447 0.835938 -0.002197 0.6471 0.3608 0.2275
v 0.372803 0.841797 -0.002197 0.3765 0.2196 0.4235
v -0.085205 0.851074 -0.002197 0.6706 0.3843 0.2353
v -0.014404 0.871094 -0.002197 0.6471 0.3372 0.2432
v 0.012451 0.871094 -0.002197 0.6550 0.3451 0.2471
v -0.039795 0.902832 -0.002197 0.1294 0.1020 0.0706
v -0.042236 0.905762 -0.002197 0.1333 0.1059 0.0706
v 0.038330 0.908203 -0.002197 0.1843 0.1020 0.0627
v -0.040283 0.908691 -0.002197 0.1373 0.0706 0.0431
v -0.043701 0.909180 -0.002197 0.1608 0.1373 0.0980
v -0.045166 0.913574 -0.002197 0.2000 0.1647 0.1255
v 0.044189 0.917480 -0.002197 0.2196 0.1530 0.0941
v 0.052002 0.946289 -0.002197 0.1059 0.0667 0.0314
v 0.052002 0.947266 -0.002197 0.1137 0.0627 0.0314
v -0.060303 0.951660 -0.002197 0.1765 0.1255 0.0824
v 0.049561 0.956543 -0.002197 0.0941 0.0588 0.0235
v 0.045654 0.971191 -0.002197 0.1569 0.0941 0.0510
v -0.018799 0.989258 -0.002197 0.1137 0.0784 0.0392
v -0.000732 0.990234 -0.002197 0.0863 0.0510 0.0196
v 0.004150 0.993164 -0.002197 0.0824 0.0471 0.0157
v -0.114990 0.397461 -0.002197 0.6236 0.3686 0.2314
v 0.112549 0.397461 -0.002197 0.6157 0.3647 0.2275
v -0.032471 0.341797 -0.002197 0.6197 0.3529 0.2157
v 0.030518 0.341797 -0.002197 0.6118 0.3451 0.2078
v -0.038330 0.323730 -0.002197 0.6315 0.3529 0.2078
v 0.035889 0.323730 -0.002197 0.6315 0.3568 0.2157
v 0.074463 0.167969 -0.002197 0.6902 0.4275 0.2863
v -0.088135 0.107422 -0.002197 0.1020 0.0471 0.1451
v 0.085693 0.107422 -0.002197 0.0471 0.0118 0.1216
v -0.111084 0.096191 -0.002197 0.5686 0.5176 0.5059
v 0.109131 0.096191 -0.002197 0.0941 0.0235 0.1294
v 0.140869 0.016602 -0.002197 0.4000 0.3451 0.4510
v -0.142822 0.016113 -0.002197 0.4589 0.3647 0.4667
v -0.135986 0.000977 -0.002197 0.2039 0.1843 0.1686
v 0.133545 0.000977 -0.002197 0.1608 0.1843 0.2078
v -0.102295 0.507812 -0.002686 0.5019 0.2784 0.1647
v 0.099854 0.507812 -0.002686 0.4863 0.2706 0.1765
v -0.080811 0.628906 -0.002686 0.6276 0.5412 0.4667
v 0.078369 0.628906 -0.002686 0.6079 0.5373 0.4432
v -0.269775 0.767090 -0.002686 0.6941 0.4275 0.2863
v -0.166260 0.783203 -0.002686 0.6471 0.3725 0.2353
v -0.115479 0.786133 -0.002686 0.5451 0.3137 0.1922
v 0.462158 0.801758 -0.002685 0.2039 0.0902 0.2823
v 0.463135 0.812012 -0.002685 0.2235 0.0863 0.2863
v -0.458252 0.815918 -0.002686 0.2549 0.1098 0.3216
v 0.327393 0.831543 -0.002686 0.2863 0.1490 0.2471
v 0.039795 0.832520 -0.002686 0.6118 0.3568 0.2471
v 0.297119 0.832520 -0.002686 0.6550 0.3686 0.2392
v -0.041748 0.833008 -0.002686 0.5843 0.3372 0.2157
v 0.055420 0.833984 -0.002686 0.5725 0.3176 0.1922
v -0.057373 0.834473 -0.002686 0.6589 0.3961 0.2627
v 0.320068 0.837402 -0.002686 0.2823 0.1451 0.3372
v 0.084229 0.850586 -0.002686 0.6393 0.3529 0.2157
v -0.023193 0.851074 -0.002686 0.6980 0.4157 0.2627
v 0.020752 0.851074 -0.002686 0.6589 0.4078 0.2667
v 0.037354 0.901855 -0.002686 0.2941 0.1530 0.0784
v -0.039307 0.902344 -0.002686 0.2118 0.1137 0.0588
v 0.037842 0.903320 -0.002686 0.1686 0.1176 0.0824
v -0.063721 0.949219 -0.002686 0.1255 0.0706 0.0314
v 0.046143 0.964844 -0.002686 0.0863 0.0510 0.0275
v 0.024658 0.989746 -0.002686 0.0980 0.0667 0.0314
v -0.115479 0.401855 -0.002686 0.5961 0.3568 0.2275
v 0.113037 0.401855 -0.002686 0.6079 0.3686 0.2549
v -0.035400 0.333008 -0.002686 0.6157 0.3529 0.2118
v 0.032959 0.333008 -0.002686 0.6276 0.3529 0.2118
v -0.106201 0.293457 -0.002686 0.6315 0.3647 0.2353
v 0.103760 0.293457 -0.002686 0.6393 0.3765 0.2353
v -0.076904 0.167969 -0.002686 0.6706 0.4118 0.2667
v -0.073486 0.163574 -0.002686 0.5608 0.3372 0.3059
v 0.071045 0.163574 -0.002686 0.5490 0.3294 0.3255
v -0.084717 0.145508 -0.002686 0.5647 0.3098 0.2000
v 0.082275 0.145508 -0.002686 0.5764 0.3216 0.2078
v 0.138428 0.004395 -0.002686 0.6628 0.5373 0.4550
v 0.283447 0.768555 -0.003174 0.6589 0.3804 0.2549
v -0.214111 0.777344 -0.003174 0.6628 0.3882 0.2471
v 0.427490 0.777344 -0.003174 0.2863 0.1176 0.3333
v 0.177490 0.781250 -0.003174 0.6667 0.3921 0.2588
v -0.138916 0.783691 -0.003174 0.6157 0.3608 0.2314
v -0.154541 0.785156 -0.003174 0.6197 0.3568 0.2235
v 0.114990 0.785645 -0.003174 0.4863 0.2745 0.1686
v 0.456787 0.829590 -0.003174 0.2549 0.1098 0.3216
v -0.019287 0.855957 -0.003174 0.6197 0.3568 0.2118
v 0.016846 0.855957 -0.003174 0.6315 0.3804 0.2392
v 0.035889 0.895996 -0.003174 0.3412 0.1922 0.1373
v -0.038330 0.896484 -0.003174 0.4432 0.2745 0.1882
v -0.052002 0.931152 -0.003174 0.1412 0.0980 0.0745
v -0.058838 0.947754 -0.003174 0.1412 0.0980 0.0510
v -0.063721 0.950684 -0.003174 0.1804 0.1255 0.0784
v -0.052979 0.960938 -0.003174 0.0824 0.0510 0.0157
v 0.052979 0.960938 -0.003174 0.1255 0.0824 0.0431
v -0.052979 0.963379 -0.003174 0.1412 0.0941 0.0549
v -0.112061 0.164551 -0.003174 0.6667 0.3921 0.2510
v 0.109619 0.164551 -0.003174 0.6785 0.4078 0.2549
v -0.089600 0.094727 -0.003174 0.1451 0.0745 0.1647
v 0.087158 0.094727 -0.003174 0.0667 0.0078 0.1333
v -0.125244 0.059082 -0.003174 0.2314 0.1216 0.2863
v 0.122803 0.059082 -0.003174 0.2118 0.1059 0.2745
v -0.142334 0.020996 -0.003174 0.1922 0.1059 0.2275
v 0.140381 0.020996 -0.003174 0.1490 0.0706 0.2157
v -0.142822 0.008789 -0.003174 0.6432 0.5216 0.4471
v 0.140381 0.008789 -0.003174 0.6550 0.5333 0.4510
v -0.140869 0.003906 -0.003174 0.7176 0.6000 0.5176
v -0.329834 0.789062 -0.003662 0.5608 0.2980 0.2353
v -0.107178 0.792480 -0.003662 0.4706 0.2588 0.1647
v -0.386475 0.793945 -0.003662 0.1490 0.0627 0.2039
v -0.217041 0.825684 -0.003662 0.6824 0.4157 0.2706
v -0.223389 0.826172 -0.003662 0.6118 0.3255 0.1882
v 0.230225 0.827148 -0.003662 0.6902 0.4000 0.2627
v 0.317627 0.834473 -0.003662 0.1569 0.0588 0.2432
v 0.251221 0.835449 -0.003662 0.6863 0.3961 0.2588
v 0.364990 0.839355 -0.003662 0.1725 0.1059 0.2196
v -0.440674 0.841797 -0.003662 0.2667 0.1216 0.3137
v 0.069580 0.844238 -0.003662 0.6393 0.3608 0.2353
v -0.071045 0.844727 -0.003662 0.7098 0.4196 0.2823
v -0.008057 0.869629 -0.003662 0.6471 0.3451 0.2471
v 0.005615 0.869629 -0.003662 0.6510 0.3490 0.2549
v 0.027100 0.871582 -0.003662 0.3098 0.1843 0.1098
v -0.029053 0.872070 -0.003662 0.3255 0.1843 0.1294
v -0.010986 0.882812 -0.003662 0.6236 0.3216 0.2314
v 0.008545 0.882812 -0.003662 0.6236 0.3294 0.2314
v 0.034912 0.890625 -0.003662 0.4314 0.2627 0.1765
v -0.036865 0.891113 -0.003662 0.4235 0.2432 0.1647
v -0.042236 0.905273 -0.003662 0.1530 0.0980 0.0510
v 0.039307 0.905762 -0.003662 0.1961 0.1294 0.0824
v -0.040771 0.906250 -0.003662 0.1216 0.0980 0.0392
v 0.038330 0.906250 -0.003662 0.1922 0.1373 0.0980
v -0.053467 0.934082 -0.003662 0.1412 0.0902 0.0549
v 0.051025 0.935547 -0.003662 0.1020 0.0667 0.0353
v -0.055420 0.939453 -0.003662 0.1059 0.0588 0.0275
v 0.054932 0.947266 -0.003662 0.1137 0.0706 0.0353
v -0.053955 0.956543 -0.003662 0.1294 0.0745 0.0392
v -0.053467 0.968750 -0.003662 0.2078 0.1451 0.0980
v 0.043701 0.972656 -0.003662 0.1412 0.0902 0.0471
v 0.044189 0.976074 -0.003662 0.0980 0.0627 0.0353
v -0.038330 0.980469 -0.003662 0.1647 0.1059 0.0627
v 0.023682 0.985352 -0.003662 0.0980 0.0510 0.0314
v 0.022217 0.991211 -0.003662 0.1176 0.0706 0.0314
v -0.115967 0.484863 -0.003662 0.2235 0.1137 0.3098
v 0.114014 0.484863 -0.003662 0.3921 0.2353 0.4823
v -0.104248 0.323730 -0.003662 0.6432 0.3843 0.2549
v 0.101807 0.323730 -0.003662 0.6745 0.4078 0.2706
v -0.057373 0.261719 -0.003662 0.6393 0.3529 0.1882
v 0.054932 0.261719 -0.003662 0.6471 0.3961 0.2588
v -0.114990 0.235352 -0.003662 0.6628 0.4078 0.2510
v 0.113037 0.235352 -0.003662 0.6550 0.3843 0.2353
v 0.119873 0.168945 -0.003662 0.4823 0.2941 0.3019
v -0.073486 0.161133 -0.003662 0.2118 0.1216 0.3019
v 0.071045 0.161133 -0.003662 0.2667 0.1647 0.3568
v -0.106689 0.532227 -0.004150 0.1843 0.0627 0.2549
v 0.105713 0.532227 -0.004150 0.1333 0.0549 0.2039
v -0.091064 0.598633 -0.004150 0.3412 0.1490 0.4196
v -0.079834 0.639648 -0.004150 0.4589 0.2902 0.2157
v 0.077393 0.639648 -0.004150 0.5098 0.3098 0.2196
v 0.218994 0.774902 -0.004150 0.5921 0.3216 0.1922
v -0.166260 0.779785 -0.004150 0.6667 0.3804 0.2353
v 0.138428 0.782715 -0.004150 0.6039 0.3490 0.2196
v 0.165771 0.782715 -0.004150 0.6471 0.3804 0.2432
v -0.320068 0.784668 -0.004150 0.6667 0.4078 0.2823
v -0.341553 0.786133 -0.004150 0.7255 0.7333 0.6980
v 0.362061 0.789551 -0.004150 0.2627 0.1843 0.2667
v 0.106201 0.791992 -0.004150 0.5137 0.2784 0.1647
v -0.455811 0.803711 -0.004150 0.2392 0.0824 0.2980
v -0.142334 0.831543 -0.004150 0.7020 0.4275 0.2863
v -0.001221 0.869141 -0.004150 0.6550 0.3451 0.2471
v -0.040771 0.903809 -0.004150 0.2823 0.1608 0.0863
v 0.038330 0.903809 -0.004150 0.3412 0.2157 0.1451
v -0.052490 0.937988 -0.004150 0.1608 0.1098 0.0706
v -0.062744 0.948730 -0.004150 0.1216 0.0745 0.0392
v -0.067139 0.950684 -0.004150 0.1647 0.1137 0.0784
v -0.039307 0.983398 -0.004150 0.1843 0.1255 0.0588
v -0.021240 0.991699 -0.004150 0.0980 0.0588 0.0392
v -0.105225 0.310547 -0.004150 0.6628 0.3921 0.2627
v 0.102783 0.310547 -0.004150 0.6393 0.3686 0.2353
v -0.047607 0.284668 -0.004150 0.6276 0.3608 0.2235
v 0.045166 0.284668 -0.004150 0.6628 0.3843 0.2432
v -0.122314 0.168945 -0.004150 0.4863 0.2863 0.3176
v 0.079834 0.064453 -0.004150 0.1059 0.0627 0.1804
v 0.076416 0.020508 -0.004150 0.3294 0.2235 0.4078
v -0.090088 0.548828 -0.004639 0.5294 0.2980 0.1804
v 0.087646 0.548828 -0.004639 0.5294 0.2902 0.1765
v 0.089600 0.599121 -0.004639 0.3098 0.1294 0.3843
v -0.080322 0.689453 -0.004639 0.7216 0.4471 0.3059
v 0.077881 0.689453 -0.004639 0.6941 0.4118 0.2627
v 0.236084 0.771484 -0.004639 0.5961 0.3333 0.2275
v 0.417236 0.782227 -0.004639 0.2392 0.0745 0.2980
v 0.154053 0.784180 -0.004639 0.6118 0.3490 0.2157
v 0.407959 0.789551 -0.004639 0.1530 0.0510 0.2078
v -0.108643 0.791504 -0.004639 0.4706 0.2588 0.1569
v -0.328857 0.831055 -0.004639 0.1608 0.0667 0.2510
v 0.029541 0.833008 -0.004639 0.6118 0.3568 0.2314
v -0.031982 0.833496 -0.004639 0.6432 0.3882 0.2745
v -0.239014 0.834473 -0.004639 0.7176 0.4275 0.2784
v -0.430420 0.844238 -0.004639 0.3059 0.1569 0.3686
v -0.001221 0.882812 -0.004639 0.6315 0.3216 0.2314
v -0.035889 0.885742 -0.004639 0.5059 0.3137 0.2118
v 0.033936 0.885742 -0.004639 0.5098 0.3176 0.2118
v -0.043701 0.909180 -0.004639 0.1020 0.0706 0.0431
v 0.040771 0.909180 -0.004639 0.2000 0.0980 0.0588
v 0.050537 0.949219 -0.004639 0.0745 0.0392 0.0196
v -0.059814 0.951172 -0.004639 0.1804 0.1255 0.0824
v -0.055420 0.952637 -0.004639 0.1176 0.0706 0.0353
v -0.040771 0.982422 -0.004639 0.1608 0.0980 0.0588
v -0.022217 0.986816 -0.004639 0.0980 0.0627 0.0392
v -0.082275 0.064453 -0.004639 0.1804 0.0627 0.2353
v -0.078369 0.020508 -0.004639 0.1686 0.0824 0.2353
v -0.096436 0.585938 -0.005127 0.3961 0.1725 0.4510
v -0.087646 0.604980 -0.005127 0.4078 0.3216 0.3568
v 0.085205 0.604980 -0.005127 0.4392 0.3686 0.3882
v -0.074951 0.631836 -0.005127 0.6824 0.5686 0.4941
v 0.072510 0.631836 -0.005127 0.6824 0.5921 0.4980
v -0.078857 0.650391 -0.005127 0.6902 0.4078 0.2588
v 0.076416 0.650391 -0.005127 0.6980 0.4157 0.2667
v -0.086670 0.714355 -0.005127 0.6902 0.4157 0.2784
v 0.084229 0.714355 -0.005127 0.6902 0.4157 0.2627
v -0.256104 0.767090 -0.005127 0.6079 0.3490 0.2118
v -0.165771 0.774902 -0.005127 0.7372 0.4550 0.3019
v 0.213623 0.776367 -0.005127 0.6510 0.3804 0.2510
v -0.154053 0.781738 -0.005127 0.6197 0.3608 0.2118
v 0.454346 0.789062 -0.005127 0.2980 0.1373 0.3608
v 0.107666 0.791016 -0.005127 0.5294 0.2980 0.1804
v -0.368897 0.798828 -0.005127 0.1412 0.0824 0.1569
v -0.209717 0.829102 -0.005127 0.6745 0.3921 0.2432
v 0.141846 0.831055 -0.005127 0.6980 0.3921 0.2432
v -0.024658 0.859375 -0.005127 0.6471 0.3804 0.2314
v 0.022217 0.859375 -0.005127 0.6471 0.4000 0.2549
v -0.027588 0.870117 -0.005127 0.4941 0.2980 0.1922
v 0.025146 0.870117 -0.005127 0.3451 0.1961 0.1373
v -0.041260 0.905762 -0.005127 0.4157 0.2510 0.1843
v 0.038818 0.906250 -0.005127 0.4823 0.3019 0.2157
v -0.050049 0.930664 -0.005127 0.1294 0.0902 0.0588
v 0.049072 0.934082 -0.005127 0.0824 0.0471 0.0196
v 0.051514 0.938477 -0.005127 0.1686 0.1020 0.0510
v -0.055908 0.941895 -0.005127 0.1255 0.0745 0.0353
v 0.050537 0.941895 -0.005127 0.1176 0.0588 0.0275
v 0.050049 0.945312 -0.005127 0.1020 0.0627 0.0235
v -0.058838 0.949219 -0.005127 0.1412 0.0863 0.0549
v -0.062744 0.949219 -0.005127 0.1255 0.0824 0.0471
v -0.054932 0.949707 -0.005127 0.1333 0.0824 0.0471
v -0.063232 0.950684 -0.005127 0.1490 0.0980 0.0667
v 0.053955 0.952148 -0.005127 0.1137 0.0667 0.0275
v -0.056885 0.965332 -0.005127 0.1373 0.0824 0.0471
v 0.049561 0.968262 -0.005127 0.1294 0.0784 0.0431
v 0.044189 0.973145 -0.005127 0.1255 0.0863 0.0392
v 0.033447 0.981445 -0.005127 0.1294 0.0863 0.0471
v 0.019775 0.987793 -0.005127 0.1294 0.0863 0.0392
v -0.056396 0.250977 -0.005127 0.6667 0.3804 0.2196
v 0.053955 0.250977 -0.005127 0.7059 0.4392 0.2941
v 0.114990 0.222168 -0.005127 0.6706 0.3961 0.2549
v -0.119385 0.169922 -0.005127 0.5530 0.3255 0.2471
v 0.116943 0.169922 -0.005127 0.5490 0.3294 0.2667
v 0.072998 0.164551 -0.005127 0.6510 0.3961 0.2667
v 0.119873 0.162598 -0.005127 0.1490 0.0706 0.2118
v 0.121826 0.156250 -0.005127 0.9294 0.8706 0.8157
v 0.100830 0.552246 -0.005615 0.2118 0.0902 0.2863
v -0.082275 0.571777 -0.005615 0.5569 0.3098 0.1882
v 0.079834 0.571777 -0.005615 0.5608 0.3137 0.1843
v 0.094482 0.586426 -0.005615 0.4432 0.2353 0.5098
v -0.090088 0.608887 -0.005615 0.6236 0.5764 0.5216
v 0.087646 0.608887 -0.005615 0.6863 0.6354 0.5608
v -0.153564 0.776367 -0.005615 0.7137 0.4275 0.2784
v -0.308350 0.778320 -0.005615 0.6745 0.4000 0.2588
v 0.165771 0.779297 -0.005615 0.6745 0.4000 0.2588
v -0.336670 0.784180 -0.005615 0.1647 0.0784 0.2902
v -0.443604 0.789551 -0.005615 0.2118 0.0863 0.2784
v 0.216553 0.824707 -0.005615 0.6589 0.3882 0.2588
v 0.222900 0.825195 -0.005615 0.6628 0.3804 0.2392
v -0.123291 0.847168 -0.005615 0.7216 0.4392 0.2823
v -0.112549 0.851074 -0.005615 0.7294 0.4432 0.2863
v -0.029053 0.852051 -0.005615 0.6667 0.4000 0.2510
v 0.026611 0.852051 -0.005615 0.6236 0.3568 0.2314
v -0.025635 0.867188 -0.005615 0.5764 0.3333 0.1922
v 0.023682 0.867188 -0.005615 0.5569 0.3490 0.2392
v 0.032959 0.880859 -0.005615 0.4353 0.2706 0.1961
v -0.035400 0.881348 -0.005615 0.4196 0.2745 0.1922
v 0.042236 0.913086 -0.005615 0.1412 0.0863 0.0549
v -0.045654 0.913574 -0.005615 0.1020 0.0784 0.0510
v 0.047607 0.930176 -0.005615 0.1294 0.0824 0.0471
v -0.054443 0.937988 -0.005615 0.1451 0.0941 0.0588
v 0.038818 0.979004 -0.005615 0.1176 0.0902 0.0627
v -0.029053 0.983887 -0.005615 0.1412 0.0902 0.0471
v 0.027100 0.983887 -0.005615 0.1216 0.0784 0.0431
v -0.034424 0.984375 -0.005615 0.1176 0.0627 0.0157
v 0.016357 0.989746 -0.005615 0.1686 0.1216 0.0706
v -0.023193 0.990234 -0.005615 0.1255 0.0745 0.0431
v -0.116455 0.222168 -0.005615 0.6236 0.3608 0.2118
v 0.062256 0.193359 -0.005615 0.6197 0.3608 0.2314
v -0.075439 0.164551 -0.005615 0.6667 0.4157 0.2823
v -0.122314 0.162598 -0.005615 0.1647 0.0902 0.2314
v -0.124268 0.156250 -0.005615 0.8470 0.7921 0.7412
v -0.068604 0.154297 -0.005615 0.8235 0.7216 0.6902
v 0.066162 0.154297 -0.005615 0.8196 0.7568 0.7020
v -0.080322 0.017578 -0.005615 0.1843 0.0863 0.2549
v 0.077881 0.017578 -0.005615 0.1961 0.0941 0.2706
v -0.102295 0.552246 -0.006104 0.4235 0.2157 0.4823
v -0.086670 0.622559 -0.006104 0.6276 0.5686 0.5373
v 0.084229 0.622559 -0.006104 0.5373 0.4902 0.4432
v -0.077881 0.660156 -0.006104 0.7372 0.4550 0.3059
v 0.075439 0.660156 -0.006104 0.7137 0.4275 0.2863
v 0.269287 0.766113 -0.006103 0.7608 0.4902 0.3490
v -0.199951 0.776367 -0.006104 0.7216 0.4471 0.3059
v -0.189209 0.776855 -0.006104 0.6354 0.3725 0.2314
v -0.209717 0.776855 -0.006104 0.6667 0.3921 0.2510
v 0.153564 0.780762 -0.006103 0.6667 0.3921 0.2549
v 0.309814 0.830566 -0.006103 0.7804 0.4823 0.2902
v -0.299561 0.832520 -0.006104 0.6863 0.3961 0.2510
v 0.283447 0.834961 -0.006103 0.6471 0.3647 0.2235
v 0.448975 0.836914 -0.006103 0.2549 0.1373 0.3412
v 0.359131 0.840332 -0.006103 0.8392 0.7921 0.7059
v -0.131592 0.842773 -0.006104 0.7098 0.4157 0.2549
v -0.042725 0.909180 -0.006104 0.1647 0.1137 0.0510
v 0.039795 0.909668 -0.006104 0.4745 0.2667 0.1765
v 0.043701 0.916992 -0.006104 0.1569 0.1098 0.0588
v -0.047119 0.917969 -0.006104 0.1098 0.0941 0.0510
v 0.046631 0.925293 -0.006104 0.1059 0.0667 0.0314
v 0.052979 0.954590 -0.006104 0.1804 0.1216 0.0745
v -0.056396 0.964355 -0.006104 0.1412 0.0902 0.0471
v -0.056396 0.966797 -0.006104 0.2118 0.1569 0.1137
v 0.048096 0.971191 -0.006104 0.1686 0.1098 0.0706
v 0.047119 0.977539 -0.006104 0.1373 0.0941 0.0510
v -0.038818 0.984863 -0.006104 0.1412 0.0863 0.0431
v -0.043701 0.984863 -0.006104 0.1373 0.0941 0.0549
v -0.006592 0.989258 -0.006104 0.0824 0.0431 0.0078
v -0.000732 0.989746 -0.006104 0.1098 0.0706 0.0431
v -0.012939 0.990723 -0.006104 0.1922 0.1373 0.0745
v -0.054932 0.228516 -0.006104 0.7255 0.4235 0.2745
v 0.052490 0.228516 -0.006104 0.6667 0.4118 0.2745
v -0.064697 0.193359 -0.006104 0.6902 0.4078 0.2588
v -0.069092 0.160645 -0.006104 0.2588 0.1490 0.3765
v 0.066650 0.160645 -0.006104 0.2510 0.1530 0.3529
v -0.112061 0.146484 -0.006104 0.6000 0.3490 0.2118
v 0.109619 0.146484 -0.006104 0.5255 0.2784 0.1725
v -0.081787 0.009277 -0.006104 0.7020 0.5804 0.4510
v 0.079834 0.009277 -0.006104 0.6941 0.5764 0.4667
v -0.099365 0.569824 -0.006592 0.4275 0.2471 0.5019
v 0.097412 0.569824 -0.006592 0.3608 0.1804 0.4392
v -0.078857 0.639160 -0.006592 0.5294 0.3059 0.2039
v 0.076416 0.639160 -0.006592 0.5294 0.2745 0.1765
v -0.092529 0.773926 -0.006592 0.4823 0.2627 0.1608
v 0.165283 0.773926 -0.006592 0.7098 0.4275 0.2784
v -0.177979 0.776367 -0.006592 0.6902 0.4157 0.2745
v -0.331787 0.784180 -0.006592 0.5019 0.2784 0.2000
v 0.378174 0.798828 -0.006592 0.1725 0.0353 0.2471
v 0.318604 0.830566 -0.006592 0.2078 0.0941 0.2275
v -0.199463 0.831543 -0.006592 0.7059 0.4235 0.2627
v -0.230713 0.832520 -0.006592 0.7059 0.4157 0.2706
v -0.375732 0.835938 -0.006592 0.3412 0.1608 0.3843
v -0.416260 0.844727 -0.006592 0.3098 0.1490 0.3608
v 0.122803 0.846680 -0.006592 0.7216 0.4235 0.2823
v 0.111572 0.850586 -0.006592 0.7372 0.4550 0.3019
v -0.100342 0.853027 -0.006592 0.6941 0.4118 0.2627
v -0.043213 0.917969 -0.006592 0.1490 0.0863 0.0588
v 0.041260 0.917969 -0.006592 0.1647 0.1020 0.0627
v -0.049561 0.926758 -0.006592 0.2039 0.1490 0.1137
v -0.053955 0.930664 -0.006592 0.1098 0.0706 0.0353
v 0.052490 0.934570 -0.006592 0.1020 0.0667 0.0196
v -0.053955 0.945801 -0.006592 0.1412 0.0863 0.0471
v 0.046631 0.974609 -0.006592 0.1020 0.0667 0.0196
v -0.039795 0.978027 -0.006592 0.0941 0.0549 0.0196
v 0.042725 0.978516 -0.006592 0.0627 0.0353 0.0118
v -0.038818 0.979980 -0.006592 0.1569 0.0941 0.0588
v -0.040771 0.981934 -0.006592 0.1373 0.0863 0.0314
v 0.030518 0.983887 -0.006592 0.1333 0.0941 0.0667
v -0.017822 0.992188 -0.006592 0.1216 0.0824 0.0471
v 0.009521 0.993652 -0.006592 0.1176 0.0667 0.0353
v -0.022705 0.994141 -0.006592 0.1882 0.1255 0.0784
v -0.010498 0.466309 -0.006592 0.4706 0.2549 0.1373
v 0.008057 0.466309 -0.006592 0.4628 0.2432 0.1373
v -0.118408 0.162109 -0.006592 0.3882 0.1961 0.2078
v 0.115967 0.162109 -0.006592 0.5137 0.2941 0.2275
v 0.072510 0.161621 -0.006592 0.4000 0.2432 0.3137
v -0.085205 0.004395 -0.006592 0.7020 0.5686 0.4510
v 0.082764 0.004395 -0.006592 0.6039 0.5059 0.4314
v -0.085693 0.636719 -0.007080 0.6863 0.6589 0.6354
v 0.083252 0.636719 -0.007080 0.7137 0.6863 0.6550
v -0.082764 0.639648 -0.007080 0.6785 0.6236 0.6000
v 0.080322 0.639648 -0.007080 0.7333 0.6941 0.6628
v -0.077881 0.668945 -0.007080 0.6745 0.3921 0.2549
v 0.075439 0.668945 -0.007080 0.6785 0.3961 0.2588
v 0.090576 0.773438 -0.007080 0.5216 0.2863 0.1686
v 0.153076 0.775391 -0.007080 0.6824 0.4039 0.2510
v -0.096924 0.784668 -0.007080 0.4235 0.2275 0.1373
v -0.328369 0.786133 -0.007080 0.6824 0.4235 0.2745
v -0.104736 0.787109 -0.007080 0.4589 0.2471 0.1569
v 0.397705 0.791992 -0.007080 0.1608 0.0471 0.2275
v 0.209229 0.828125 -0.007080 0.6824 0.4000 0.2510
v -0.310791 0.830078 -0.007080 0.6980 0.4196 0.2902
v -0.149170 0.833008 -0.007080 0.6667 0.3882 0.2392
v 0.238525 0.833496 -0.007080 0.7020 0.4157 0.2784
v -0.332764 0.837402 -0.007080 0.5451 0.5019 0.5176
v -0.268311 0.837891 -0.007080 0.7020 0.4118 0.2745
v 0.059326 0.838379 -0.007080 0.5804 0.3294 0.2000
v -0.060791 0.838867 -0.007080 0.6432 0.3725 0.2392
v 0.131104 0.842285 -0.007080 0.7412 0.4510 0.3137
v 0.075928 0.849121 -0.007080 0.7020 0.4314 0.2902
v -0.077393 0.849609 -0.007080 0.6745 0.4039 0.2471
v 0.099365 0.853027 -0.007080 0.8000 0.5412 0.3882
v -0.041748 0.908203 -0.007080 0.6197 0.3608 0.2706
v 0.039307 0.908203 -0.007080 0.6315 0.3804 0.2745
v 0.040771 0.913086 -0.007080 0.4392 0.2549 0.1725
v -0.042725 0.913574 -0.007080 0.3568 0.1843 0.1137
v -0.044189 0.913574 -0.007080 0.1412 0.0980 0.0510
v 0.040771 0.913574 -0.007080 0.4353 0.2471 0.1725
v 0.045166 0.920898 -0.007080 0.2039 0.1490 0.0980
v -0.048584 0.922363 -0.007080 0.1098 0.0824 0.0431
v -0.044189 0.926270 -0.007080 0.1490 0.0941 0.0588
v 0.042236 0.926270 -0.007080 0.1530 0.0980 0.0627
v -0.054443 0.932129 -0.007080 0.0941 0.0588 0.0275
v 0.052979 0.949707 -0.007080 0.1098 0.0510 0.0235
v 0.047607 0.960938 -0.007080 0.1333 0.0941 0.0588
v -0.052490 0.963867 -0.007080 0.1569 0.1059 0.0627
v -0.053955 0.964355 -0.007080 0.1451 0.0902 0.0549
v 0.046631 0.964844 -0.007080 0.0824 0.0510 0.0196
v 0.049072 0.966309 -0.007080 0.1020 0.0510 0.0196
v -0.044678 0.975098 -0.007080 0.1020 0.0588 0.0196
v 0.004639 0.993652 -0.007080 0.1176 0.0706 0.0353
v 0.115967 0.208008 -0.007080 0.6628 0.3961 0.2588
v -0.070557 0.176758 -0.007080 0.6589 0.3725 0.2353
v 0.068115 0.176758 -0.007080 0.6706 0.4118 0.2745
v -0.074951 0.161621 -0.007080 0.5647 0.3294 0.2627
v -0.077881 0.679199 -0.007568 0.6393 0.3647 0.2275
v 0.075439 0.679199 -0.007568 0.6510 0.3647 0.2275
v -0.244873 0.767578 -0.007568 0.6197 0.3647 0.2471
v -0.138428 0.780762 -0.007568 0.5921 0.3333 0.2000
v -0.112061 0.781738 -0.007568 0.4000 0.2314 0.1412
v 0.095459 0.784180 -0.007568 0.4667 0.2588 0.1569
v 0.103760 0.786621 -0.007568 0.4863 0.2667 0.1647
v -0.100830 0.788574 -0.007568 0.4432 0.2392 0.1647
v -0.451416 0.820312 -0.007568 0.2471 0.1137 0.3176
v -0.187256 0.833008 -0.007568 0.7294 0.4353 0.2823
v -0.367432 0.833984 -0.007568 0.2157 0.1059 0.2549
v -0.038330 0.835449 -0.007568 0.5686 0.3216 0.2000
v 0.035889 0.835449 -0.007568 0.6354 0.3804 0.2471
v -0.137939 0.838867 -0.007568 0.6785 0.3921 0.2392
v -0.040283 0.901855 -0.007568 0.6276 0.3412 0.2353
v 0.038330 0.901855 -0.007568 0.6157 0.3608 0.2432
v 0.051025 0.933594 -0.007568 0.0863 0.0588 0.0196
v 0.052979 0.936523 -0.007568 0.1725 0.1020 0.0549
v -0.057861 0.938477 -0.007568 0.0941 0.0549 0.0235
v 0.049072 0.957031 -0.007568 0.1451 0.0941 0.0588
v -0.056396 0.964355 -0.007568 0.1451 0.0980 0.0588
v -0.053467 0.966797 -0.007568 0.1725 0.1294 0.0863
v -0.051025 0.967285 -0.007568 0.1608 0.1098 0.0784
v -0.048584 0.971191 -0.007568 0.1569 0.1020 0.0667
v 0.048096 0.977051 -0.007568 0.1255 0.0863 0.0549
v 0.046143 0.979004 -0.007568 0.1333 0.0941 0.0588
v 0.036377 0.980469 -0.007568 0.1530 0.1020 0.0667
v 0.035889 0.983887 -0.007568 0.1725 0.1255 0.0784
v -0.023682 0.993164 -0.007568 0.1530 0.1020 0.0667
v -0.011963 0.449707 -0.007568 0.4784 0.2627 0.1412
v 0.010010 0.449707 -0.007568 0.4628 0.2432 0.1373
v -0.117432 0.208008 -0.007568 0.6824 0.4157 0.2706
v -0.088623 0.001465 -0.007568 0.2549 0.2039 0.1490
v 0.086182 0.001465 -0.007568 0.2784 0.2745 0.2392
v 0.255615 0.766113 -0.008057 0.7059 0.4392 0.2902
v -0.236084 0.769531 -0.008057 0.6667 0.4078 0.2706
v -0.227295 0.771973 -0.008057 0.5921 0.3333 0.2078
v 0.177490 0.775879 -0.008057 0.6628 0.3882 0.2471
v 0.188232 0.775879 -0.008057 0.6079 0.3372 0.2157
v 0.199463 0.775879 -0.008057 0.6941 0.4275 0.2823
v 0.209229 0.775879 -0.008057 0.6589 0.3843 0.2510
v 0.111084 0.781250 -0.008057 0.4589 0.2588 0.1608
v -0.123291 0.781738 -0.008057 0.4196 0.2314 0.1412
v 0.099365 0.788086 -0.008057 0.4823 0.2667 0.1569
v -0.432861 0.791016 -0.008057 0.2235 0.0902 0.2980
v 0.198975 0.831055 -0.008057 0.7372 0.4510 0.2980
v 0.148682 0.832031 -0.008057 0.6824 0.4078 0.2784
v -0.171631 0.833984 -0.008057 0.7412 0.4510 0.2980
v -0.385498 0.840332 -0.008057 0.3255 0.1490 0.3725
v -0.399658 0.843262 -0.008057 0.2510 0.1098 0.3137
v 0.028076 0.860840 -0.008057 0.6354 0.3843 0.2471
v -0.030029 0.861328 -0.008057 0.6745 0.4000 0.2667
v -0.034424 0.878418 -0.008057 0.3608 0.2000 0.1333
v 0.031982 0.878418 -0.008057 0.3921 0.2314 0.1569
v 0.036865 0.896484 -0.008057 0.5176 0.2745 0.1804
v -0.038818 0.896973 -0.008057 0.6000 0.3333 0.2314
v 0.042236 0.916992 -0.008057 0.2667 0.1451 0.0863
v -0.045654 0.917969 -0.008057 0.1843 0.1137 0.0824
v -0.052979 0.930176 -0.008057 0.1059 0.0627 0.0549
v -0.052002 0.935059 -0.008057 0.1412 0.0941 0.0667
v -0.052979 0.938965 -0.008057 0.1137 0.0706 0.0392
v -0.057861 0.939941 -0.008057 0.1333 0.0824 0.0627
v -0.053467 0.961426 -0.008057 0.0824 0.0471 0.0196
v -0.055908 0.965820 -0.008057 0.1569 0.1137 0.0627
v -0.040283 0.982422 -0.008057 0.1333 0.0824 0.0471
v -0.021240 0.994141 -0.008057 0.1530 0.1059 0.0549
v 0.007568 0.995117 -0.008057 0.1451 0.1020 0.0745
v -0.028564 0.381348 -0.008057 0.5647 0.3137 0.1765
v 0.026123 0.381348 -0.008057 0.5647 0.3059 0.1725
v -0.051514 0.274414 -0.008057 0.6432 0.3647 0.2196
v 0.049072 0.274414 -0.008057 0.6471 0.3725 0.2353
v 0.069092 0.161621 -0.008057 0.2627 0.1608 0.3647
v 0.119873 0.139648 -0.008057 0.1804 0.0745 0.2275
v -0.297607 0.772461 -0.008545 0.6941 0.4196 0.2784
v 0.122314 0.780762 -0.008545 0.4392 0.2314 0.1451
v 0.329346 0.788086 -0.008545 0.2471 0.1373 0.2941
v 0.458252 0.814453 -0.008545 0.2706 0.1294 0.3372
v -0.222412 0.830566 -0.008545 0.7176 0.4471 0.2980
v -0.158936 0.833984 -0.008545 0.7137 0.4314 0.2823
v -0.054443 0.836426 -0.008545 0.5882 0.3255 0.2039
v 0.052490 0.836426 -0.008545 0.6550 0.4000 0.2745
v 0.137451 0.837891 -0.008545 0.7098 0.4118 0.2549
v -0.090088 0.853516 -0.008545 0.6706 0.3804 0.2353
v -0.037842 0.893555 -0.008545 0.5804 0.3451 0.2471
v 0.035889 0.893555 -0.008545 0.4706 0.2353 0.1530
v -0.044189 0.921875 -0.008545 0.2196 0.1216 0.0824
v 0.042236 0.921875 -0.008545 0.2353 0.1373 0.0980
v -0.048584 0.922363 -0.008545 0.1255 0.0784 0.0471
v 0.046631 0.922363 -0.008545 0.2471 0.1294 0.0706
v -0.051025 0.931641 -0.008545 0.1059 0.0627 0.0353
v -0.056885 0.937988 -0.008545 0.0824 0.0471 0.0196
v 0.051025 0.941406 -0.008545 0.1530 0.1020 0.0627
v -0.053955 0.942383 -0.008545 0.1725 0.1176 0.0824
v 0.056885 0.952637 -0.008545 0.1333 0.0824 0.0353
v 0.052002 0.969727 -0.008545 0.1255 0.0863 0.0353
v 0.044678 0.971191 -0.008545 0.1255 0.0745 0.0431
v 0.044189 0.973145 -0.008545 0.1451 0.0863 0.0471
v 0.049561 0.979980 -0.008545 0.1216 0.0863 0.0510
v -0.039307 0.983887 -0.008545 0.1451 0.0980 0.0549
v 0.033936 0.985352 -0.008545 0.1020 0.0627 0.0235
v -0.009521 0.481445 -0.008545 0.4667 0.2510 0.1333
v 0.007080 0.481445 -0.008545 0.4510 0.2314 0.1333
v -0.054932 0.210938 -0.008545 0.6471 0.3451 0.1961
v 0.052490 0.210938 -0.008545 0.6902 0.4314 0.2980
v -0.071533 0.161621 -0.008545 0.2902 0.1804 0.3412
v -0.122314 0.139648 -0.008545 0.3647 0.2510 0.4000
v -0.072510 0.137695 -0.008545 0.1843 0.0549 0.2353
v 0.070068 0.137695 -0.008545 0.1961 0.1059 0.2549
v 0.134521 0.032715 -0.008545 0.4823 0.3882 0.4863
v -0.136963 0.032227 -0.008545 0.2549 0.1490 0.2353
v -0.218506 0.772949 -0.009033 0.6118 0.3490 0.2314
v 0.137451 0.780273 -0.009033 0.6079 0.3529 0.2118
v 0.319580 0.783691 -0.009033 0.8117 0.4941 0.3059
v -0.364502 0.796387 -0.009033 0.7255 0.6236 0.5451
v -0.320068 0.829590 -0.009033 0.6079 0.3647 0.2941
v 0.230225 0.831543 -0.009033 0.6941 0.4039 0.2706
v 0.186768 0.832520 -0.009033 0.7020 0.4039 0.2627
v -0.326904 0.837402 -0.009033 0.2549 0.1490 0.4000
v 0.440674 0.840332 -0.009033 0.2549 0.1098 0.3019
v -0.031494 0.841797 -0.009033 0.6393 0.3843 0.2510
v 0.029541 0.841797 -0.009033 0.5843 0.3333 0.2118
v 0.089111 0.853516 -0.009033 0.6863 0.4118 0.2706
v -0.036865 0.888184 -0.009033 0.4392 0.2510 0.1647
v 0.034912 0.888184 -0.009033 0.4392 0.2627 0.1725
v -0.048096 0.917969 -0.009033 0.5176 0.2510 0.1843
v 0.045654 0.917969 -0.009033 0.4196 0.1961 0.1451
v 0.043213 0.920898 -0.009033 0.2314 0.1333 0.0784
v -0.052979 0.931152 -0.009033 0.1059 0.0667 0.0392
v -0.053955 0.932617 -0.009033 0.1176 0.0784 0.0510
v 0.050537 0.938477 -0.009033 0.0980 0.0549 0.0196
v -0.059326 0.965820 -0.009033 0.1412 0.0902 0.0549
v 0.046143 0.975098 -0.009033 0.1059 0.0667 0.0392
v 0.048096 0.977051 -0.009033 0.1098 0.0745 0.0471
v -0.037842 0.980469 -0.009033 0.1098 0.0706 0.0353
v 0.037354 0.983398 -0.009033 0.1333 0.0980 0.0588
v -0.022705 0.989746 -0.009033 0.1176 0.0667 0.0471
v -0.023682 0.993164 -0.009033 0.1294 0.0863 0.0471
v 0.003174 0.995605 -0.009033 0.1176 0.0745 0.0431
v -0.014893 0.429688 -0.009033 0.4902 0.2745 0.1530
v 0.012451 0.429688 -0.009033 0.4628 0.2432 0.1373
v -0.038330 0.312012 -0.009033 0.6667 0.3804 0.2353
v 0.035889 0.312012 -0.009033 0.6589 0.3725 0.2353
v -0.121338 0.067871 -0.009033 0.2980 0.1725 0.3451
v 0.119385 0.067871 -0.009033 0.2588 0.1569 0.3019
v 0.341553 0.785156 -0.009521 0.2275 0.1255 0.2627
v 0.386475 0.793457 -0.009521 0.0941 0.0078 0.1412
v -0.422607 0.794922 -0.009522 0.2157 0.0784 0.2745
v -0.378662 0.806152 -0.009522 0.2000 0.0706 0.2510
v 0.328857 0.830078 -0.009521 0.3216 0.1922 0.2667
v 0.171143 0.833008 -0.009521 0.7412 0.4392 0.2902
v -0.319580 0.833496 -0.009522 0.6941 0.4157 0.2627
v 0.158447 0.833496 -0.009521 0.7568 0.4823 0.3372
v -0.322510 0.836426 -0.009522 0.3765 0.2039 0.2353
v -0.125244 0.847168 -0.009522 0.6471 0.3568 0.2118
v -0.114014 0.851074 -0.009522 0.7137 0.4235 0.2784
v -0.031006 0.870117 -0.009521 0.6354 0.3725 0.2353
v 0.029053 0.870117 -0.009521 0.6236 0.3843 0.2549
v -0.035889 0.883301 -0.009521 0.3725 0.2353 0.1765
v 0.033447 0.883301 -0.009521 0.4118 0.2510 0.1725
v -0.042725 0.898438 -0.009521 0.6550 0.3804 0.2863
v 0.040283 0.898438 -0.009521 0.6785 0.3686 0.2588
v -0.046631 0.915039 -0.009521 0.6863 0.3608 0.2667
v 0.044189 0.915039 -0.009521 0.5843 0.3137 0.2196
v -0.046631 0.921875 -0.009521 0.1373 0.0902 0.0667
v 0.053467 0.933594 -0.009521 0.0863 0.0431 0.0196
v 0.049561 0.934570 -0.009521 0.1059 0.0627 0.0353
v 0.050537 0.936523 -0.009521 0.1569 0.1020 0.0667
v -0.056396 0.938477 -0.009521 0.0863 0.0510 0.0275
v -0.056885 0.939941 -0.009521 0.1059 0.0706 0.0431
v 0.052979 0.945801 -0.009521 0.1686 0.1137 0.0706
v -0.055908 0.949219 -0.009521 0.0784 0.0353 0.0157
v 0.051025 0.949707 -0.009521 0.0902 0.0471 0.0157
v 0.055908 0.951172 -0.009521 0.1765 0.1059 0.0627
v 0.055908 0.954102 -0.009521 0.1530 0.1059 0.0667
v 0.051025 0.971191 -0.009521 0.1216 0.0824 0.0471
v 0.047119 0.978516 -0.009521 0.1020 0.0745 0.0510
v -0.021729 0.986328 -0.009521 0.0941 0.0549 0.0235
v -0.022217 0.993164 -0.009521 0.1333 0.0980 0.0549
v 0.005127 0.996582 -0.009521 0.1373 0.0863 0.0431
v -0.030518 0.366211 -0.009521 0.6079 0.3412 0.2039
v 0.028076 0.366211 -0.009521 0.5961 0.3216 0.1882
v -0.052979 0.269531 -0.009521 0.6550 0.3647 0.2118
v 0.050537 0.269531 -0.009521 0.6589 0.3804 0.2510
v 0.070068 0.161621 -0.009521 0.4823 0.2784 0.2078
v -0.080322 0.074219 -0.009521 0.1373 0.0275 0.2000
v 0.078369 0.074219 -0.009521 0.1098 0.0588 0.1765
v 0.226318 0.770996 -0.010010 0.6118 0.3412 0.2118
v 0.307861 0.777344 -0.010010 0.6432 0.3686 0.2314
v 0.455811 0.802734 -0.010010 0.2510 0.1098 0.3098
v -0.447510 0.805176 -0.010010 0.2196 0.0784 0.2784
v -0.216553 0.830566 -0.010010 0.6471 0.3686 0.2432
v -0.143799 0.835938 -0.010010 0.7255 0.4432 0.2980
v -0.132568 0.843262 -0.010010 0.6941 0.4000 0.2549
v 0.430420 0.843262 -0.010010 0.2471 0.1020 0.3059
v 0.124756 0.846680 -0.010010 0.6824 0.3921 0.2549
v 0.113525 0.850586 -0.010010 0.6785 0.3843 0.2432
v 0.040283 0.895508 -0.010010 0.7372 0.4078 0.3137
v -0.042725 0.895996 -0.010010 0.7020 0.3804 0.2823
v -0.041260 0.900879 -0.010010 0.5764 0.3216 0.2432
v 0.038818 0.900879 -0.010010 0.5569 0.2784 0.1922
v -0.050049 0.920898 -0.010010 0.5569 0.2863 0.2118
v 0.048096 0.920898 -0.010010 0.4235 0.2078 0.1530
v -0.049072 0.926758 -0.010010 0.1412 0.1137 0.0745
v 0.048096 0.929688 -0.010010 0.1255 0.0863 0.0510
v -0.056396 0.930664 -0.010010 0.0980 0.0627 0.0392
v 0.052979 0.933105 -0.010010 0.0745 0.0431 0.0196
v 0.053955 0.934570 -0.010010 0.1294 0.0784 0.0392
v 0.050537 0.953613 -0.010010 0.1176 0.0745 0.0392
v -0.055420 0.957031 -0.010010 0.1725 0.1176 0.0824
v 0.047119 0.966797 -0.010010 0.0941 0.0588 0.0314
v 0.052002 0.968750 -0.010010 0.1647 0.1176 0.0667
v 0.046143 0.969238 -0.010010 0.0784 0.0510 0.0235
v 0.044678 0.977051 -0.010010 0.0902 0.0588 0.0275
v -0.035889 0.981934 -0.010010 0.1098 0.0745 0.0275
v 0.036377 0.987305 -0.010010 0.0941 0.0588 0.0392
v -0.019287 0.990234 -0.010010 0.1255 0.0784 0.0471
v 0.003174 0.992676 -0.010010 0.1098 0.0706 0.0392
v -0.023193 0.996582 -0.010010 0.1490 0.0980 0.0627
v -0.009033 0.491211 -0.010010 0.4628 0.2432 0.1373
v 0.006592 0.491211 -0.010010 0.4432 0.2314 0.1373
v 0.112549 0.489746 -0.010010 0.1137 0.0510 0.1686
v -0.114502 0.489258 -0.010010 0.2275 0.1059 0.1922
v -0.115479 0.257812 -0.010010 0.6589 0.3921 0.2549
v 0.113525 0.257812 -0.010010 0.6667 0.3921 0.2510
v 0.121826 0.166992 -0.010010 0.1725 0.0784 0.1490
v -0.072510 0.161621 -0.010010 0.5843 0.2902 0.1843
v -0.082764 0.701660 -0.010498 0.7020 0.4275 0.2863
v 0.080322 0.701660 -0.010498 0.7176 0.4471 0.2941
v 0.243897 0.766602 -0.010498 0.6000 0.3372 0.2314
v 0.235596 0.768555 -0.010498 0.6667 0.3921 0.2510
v -0.100830 0.782715 -0.010498 0.3765 0.1961 0.1059
v 0.368897 0.797852 -0.010498 0.7176 0.6510 0.5882
v -0.412842 0.799805 -0.010498 0.2980 0.1333 0.3647
v 0.222412 0.829590 -0.010498 0.6667 0.3882 0.2471
v 0.299072 0.831543 -0.010498 0.6745 0.3843 0.2392
v -0.362061 0.834961 -0.010498 0.6706 0.6118 0.5490
v 0.268311 0.836914 -0.010498 0.6980 0.4000 0.2627
v 0.063721 0.842285 -0.010498 0.5804 0.3216 0.2000
v -0.065674 0.842773 -0.010498 0.6354 0.3529 0.2078
v -0.101807 0.853027 -0.010498 0.6628 0.3804 0.2471
v -0.032959 0.876953 -0.010498 0.5412 0.3216 0.2118
v 0.030518 0.876953 -0.010498 0.4314 0.2510 0.1647
v 0.039795 0.902344 -0.010498 0.3412 0.1412 0.0824
v -0.041748 0.902832 -0.010498 0.2549 0.0784 0.0510
v -0.044678 0.909668 -0.010498 0.6432 0.3686 0.2941
v 0.042236 0.909668 -0.010498 0.5490 0.3137 0.2196
v 0.043701 0.922363 -0.010498 0.4784 0.2784 0.2039
v 0.045166 0.923828 -0.010498 0.1922 0.1176 0.0863
v 0.052979 0.941895 -0.010498 0.0667 0.0275 0.0039
v 0.049072 0.967285 -0.010498 0.1137 0.0706 0.0353
v 0.048096 0.969727 -0.010498 0.1059 0.0588 0.0392
v 0.042725 0.976074 -0.010498 0.1020 0.0627 0.0275
v 0.037842 0.986328 -0.010498 0.1333 0.0863 0.0471
v 0.002197 0.994629 -0.010498 0.1373 0.0863 0.0549
v 0.002197 0.996582 -0.010498 0.1569 0.0980 0.0627
v -0.021240 0.402344 -0.010498 0.5255 0.2863 0.1647
v 0.019287 0.402344 -0.010498 0.5098 0.2706 0.1490
v 0.115967 0.184082 -0.010498 0.6550 0.3961 0.2706
v -0.117920 0.183594 -0.010498 0.6354 0.3725 0.2432
v -0.124268 0.166992 -0.010498 0.1451 0.0667 0.1686
v -0.166748 0.767578 -0.010986 0.6824 0.3725 0.2275
v -0.153564 0.768066 -0.010986 0.6980 0.3921 0.2432
v 0.099854 0.782227 -0.010986 0.4353 0.2392 0.1490
v 0.336182 0.783691 -0.010986 0.8509 0.7882 0.7490
v 0.443604 0.788574 -0.010986 0.1843 0.0941 0.2353
v -0.331299 0.790039 -0.010986 0.5569 0.2980 0.2118
v -0.369873 0.806641 -0.010986 0.1137 0.0549 0.1647
v -0.442139 0.826660 -0.010986 0.2745 0.1333 0.3451
v -0.330322 0.827637 -0.010986 0.2275 0.1216 0.2745
v 0.044678 0.837891 -0.010986 0.6589 0.3961 0.2588
v -0.046631 0.838379 -0.010986 0.7372 0.4745 0.3294
v -0.138916 0.839844 -0.010986 0.7059 0.4157 0.2823
v 0.132080 0.842773 -0.010986 0.6863 0.4039 0.2471
v 0.101318 0.853027 -0.010986 0.6510 0.3686 0.2196
v -0.042236 0.893066 -0.010986 0.6471 0.3529 0.2510
v 0.039795 0.893066 -0.010986 0.7059 0.3804 0.2902
v -0.041748 0.899902 -0.010986 0.5098 0.2549 0.1804
v 0.039795 0.899902 -0.010986 0.6354 0.3333 0.2432
v 0.052490 0.933594 -0.010986 0.0863 0.0549 0.0235
v 0.052979 0.934570 -0.010986 0.1020 0.0627 0.0275
v -0.059814 0.938965 -0.010986 0.0980 0.0627 0.0353
v 0.055420 0.951660 -0.010986 0.1530 0.0941 0.0471
v -0.034424 0.980957 -0.010986 0.1216 0.0784 0.0392
v -0.029541 0.983398 -0.010986 0.1686 0.1098 0.0627
v 0.030029 0.983887 -0.010986 0.1490 0.0980 0.0549
v 0.033447 0.985352 -0.010986 0.1373 0.0980 0.0588
v 0.020264 0.987793 -0.010986 0.1020 0.0667 0.0392
v -0.006592 0.988281 -0.010986 0.1176 0.0824 0.0431
v -0.000732 0.988770 -0.010986 0.1333 0.0824 0.0392
v -0.012939 0.989258 -0.010986 0.0549 0.0196 0.0000
v 0.016357 0.990234 -0.010986 0.1608 0.1137 0.0627
v 0.003174 0.997070 -0.010986 0.1804 0.1176 0.0784
v -0.031494 0.352539 -0.010986 0.6118 0.3451 0.2078
v 0.029541 0.352539 -0.010986 0.6079 0.3333 0.2000
v 0.095459 0.734863 -0.011475 0.7255 0.4471 0.2823
v -0.097900 0.735352 -0.011475 0.6863 0.4000 0.2627
v -0.098389 0.748047 -0.011475 0.7137 0.4432 0.2902
v 0.096436 0.748047 -0.011475 0.7059 0.4157 0.2627
v -0.285400 0.768555 -0.011475 0.7098 0.4432 0.2980
v 0.218018 0.771973 -0.011475 0.6393 0.3804 0.2471
v 0.310303 0.829590 -0.011475 0.7568 0.4510 0.2823
v -0.209717 0.832031 -0.011475 0.6785 0.4000 0.2471
v -0.285889 0.833984 -0.011475 0.6980 0.4078 0.2627
v 0.143311 0.834961 -0.011475 0.7020 0.3961 0.2471
v -0.253174 0.838379 -0.011475 0.7412 0.4432 0.3019
v -0.044189 0.905273 -0.011475 0.2902 0.1059 0.0824
v 0.042236 0.905273 -0.011475 0.3804 0.1765 0.1216
v -0.045166 0.907715 -0.011475 0.3294 0.1294 0.0784
v 0.042725 0.907715 -0.011475 0.4157 0.2000 0.1176
v 0.043701 0.912109 -0.011475 0.3921 0.1804 0.1255
v -0.045654 0.912598 -0.011475 0.3216 0.1020 0.0431
v -0.046631 0.923340 -0.011475 0.4353 0.2314 0.1804
v -0.047607 0.924316 -0.011475 0.2078 0.0863 0.0510
v -0.048096 0.924805 -0.011475 0.1530 0.0745 0.0353
v -0.051025 0.924805 -0.011475 0.1843 0.0784 0.0431
v 0.046143 0.924805 -0.011475 0.1490 0.0706 0.0431
v 0.049072 0.924805 -0.011475 0.1255 0.0627 0.0353
v 0.054932 0.953613 -0.011475 0.1373 0.0902 0.0549
v 0.047607 0.965820 -0.011475 0.0588 0.0235 0.0078
v 0.051025 0.968750 -0.011475 0.1137 0.0706 0.0235
v 0.050537 0.970215 -0.011475 0.1137 0.0745 0.0314
v 0.039307 0.978027 -0.011475 0.1216 0.0824 0.0510
v -0.038818 0.978516 -0.011475 0.1137 0.0706 0.0353
v 0.036377 0.980469 -0.011475 0.1294 0.0863 0.0549
v 0.037354 0.982910 -0.011475 0.1098 0.0745 0.0392
v 0.009033 0.994141 -0.011475 0.1255 0.0745 0.0275
v 0.001709 0.996094 -0.011475 0.1451 0.0941 0.0549
v 0.005615 0.996094 -0.011475 0.1961 0.1333 0.0863
v -0.117920 0.473145 -0.011475 0.2902 0.1725 0.2000
v -0.032471 0.343262 -0.011475 0.6315 0.3647 0.2275
v 0.030518 0.343262 -0.011475 0.6118 0.3451 0.2078
v -0.119385 0.238770 -0.011475 0.6432 0.3725 0.2314
v 0.117920 0.238770 -0.011475 0.6745 0.4078 0.2667
v 0.118896 0.167969 -0.011475 0.4000 0.2432 0.2941
v 0.117920 0.119629 -0.011475 0.1176 0.0431 0.1569
v -0.120361 0.119141 -0.011475 0.1961 0.1098 0.2432
v -0.076904 0.117188 -0.011475 0.2039 0.0706 0.2549
v 0.074463 0.117188 -0.011475 0.1882 0.0941 0.2432
v -0.180420 0.770508 -0.011963 0.6628 0.3843 0.2471
v 0.331299 0.783203 -0.011963 0.1294 0.0196 0.1804
v 0.327881 0.785156 -0.011963 0.1451 0.0549 0.2275
v 0.216064 0.829590 -0.011963 0.6980 0.4118 0.2823
v 0.138428 0.838867 -0.011963 0.7098 0.4078 0.2627
v 0.030029 0.851562 -0.011963 0.5804 0.3216 0.1961
v 0.079834 0.851562 -0.011963 0.6745 0.4039 0.2588
v -0.081299 0.852051 -0.011963 0.6824 0.4157 0.2706
v 0.033936 0.892578 -0.011963 0.5530 0.3059 0.2039
v -0.036377 0.893066 -0.011963 0.5686 0.3216 0.2235
v 0.041748 0.910156 -0.011963 0.3725 0.1765 0.1137
v -0.043701 0.910645 -0.011963 0.2706 0.0902 0.0431
v 0.044189 0.915527 -0.011963 0.6197 0.3216 0.2275
v -0.046631 0.916016 -0.011963 0.6118 0.3059 0.2157
v -0.047607 0.917969 -0.011963 0.4706 0.2157 0.1490
v 0.045654 0.917969 -0.011963 0.6471 0.3333 0.2471
v 0.059326 0.954590 -0.011963 0.1176 0.0745 0.0392
v 0.050537 0.957520 -0.011963 0.0902 0.0510 0.0118
v 0.049072 0.961426 -0.011963 0.0980 0.0588 0.0196
v 0.046143 0.969238 -0.011963 0.0863 0.0588 0.0353
v 0.043213 0.973633 -0.011963 0.1333 0.0863 0.0510
v -0.026611 0.984863 -0.011963 0.1176 0.0745 0.0353
v 0.026611 0.984863 -0.011963 0.1412 0.0902 0.0588
v 0.037842 0.986328 -0.011963 0.1294 0.0863 0.0392
v 0.035889 0.987305 -0.011963 0.1294 0.0824 0.0431
v -0.017822 0.987793 -0.011963 0.2000 0.1412 0.0784
v 0.003174 0.997070 -0.011963 0.1569 0.1020 0.0588
v 0.115967 0.473633 -0.011963 0.1882 0.0706 0.2823
v -0.106201 0.336914 -0.011963 0.6667 0.4000 0.2667
v 0.104248 0.336914 -0.011963 0.6941 0.4196 0.2784
v -0.033936 0.334473 -0.011963 0.6354 0.3686 0.2314
v 0.031494 0.334473 -0.011963 0.6197 0.3529 0.2078
v -0.035889 0.325684 -0.011963 0.6667 0.3804 0.2432
v 0.033447 0.325684 -0.011963 0.6393 0.3529 0.2118
v -0.041260 0.302734 -0.011963 0.6667 0.3961 0.2432
v 0.038818 0.302734 -0.011963 0.6471 0.3686 0.2314
v -0.110596 0.276855 -0.011963 0.6393 0.3686 0.2235
v 0.108154 0.276855 -0.011963 0.6315 0.3608 0.2275
v -0.121338 0.167969 -0.011963 0.4628 0.2745 0.3372
v 0.077393 0.090332 -0.011963 0.1686 0.0745 0.2275
v -0.119385 0.077637 -0.011963 0.3412 0.2235 0.3804
v 0.116943 0.077637 -0.011963 0.3019 0.1765 0.3451
v -0.096436 0.726074 -0.012451 0.6902 0.4039 0.2667
v 0.093994 0.726074 -0.012451 0.6745 0.3765 0.2353
v -0.099365 0.760254 -0.012451 0.6667 0.4118 0.2627
v 0.166260 0.766602 -0.012451 0.7098 0.4000 0.2432
v 0.152588 0.767578 -0.012451 0.6902 0.3961 0.2510
v 0.297119 0.771484 -0.012451 0.6980 0.4118 0.2745
v -0.322022 0.785645 -0.012451 0.6785 0.4157 0.3019
v -0.401123 0.801758 -0.012451 0.2078 0.0667 0.2627
v -0.378174 0.826172 -0.012451 0.3333 0.1530 0.3961
v -0.300049 0.830078 -0.012451 0.6667 0.3804 0.2353
v -0.148682 0.834473 -0.012451 0.6667 0.3843 0.2353
v 0.376221 0.835449 -0.012451 0.1647 0.0275 0.2157
v 0.332764 0.836426 -0.012451 0.7568 0.6902 0.6432
v 0.416748 0.843750 -0.012451 0.3608 0.1569 0.4196
v -0.126221 0.846680 -0.012451 0.7137 0.4235 0.2745
v -0.115479 0.850586 -0.012451 0.6785 0.3882 0.2510
v -0.031982 0.851562 -0.012451 0.6276 0.3725 0.2353
v -0.091553 0.853516 -0.012451 0.6471 0.3725 0.2392
v 0.043701 0.899902 -0.012451 0.7020 0.3882 0.2863
v -0.045654 0.900391 -0.012451 0.6079 0.3098 0.2275
v 0.050049 0.922852 -0.012451 0.6118 0.2980 0.2118
v -0.052002 0.923340 -0.012451 0.6863 0.3490 0.2588
v 0.054443 0.932617 -0.012451 0.0824 0.0510 0.0235
v -0.057373 0.953125 -0.012451 0.1294 0.0667 0.0235
v 0.053467 0.971680 -0.012451 0.1176 0.0706 0.0314
v -0.044678 0.975098 -0.012451 0.1333 0.0941 0.0667
v 0.035400 0.983887 -0.012451 0.1176 0.0863 0.0431
v 0.036865 0.986328 -0.012451 0.1294 0.0824 0.0431
v 0.023193 0.989258 -0.012451 0.0902 0.0627 0.0392
v 0.037354 0.989746 -0.012451 0.1451 0.0902 0.0431
v 0.003174 0.994629 -0.012451 0.1373 0.0863 0.0510
v 0.002197 0.996094 -0.012451 0.1333 0.0863 0.0510
v -0.107666 0.350586 -0.012451 0.6315 0.3647 0.2275
v 0.105713 0.350586 -0.012451 0.6118 0.3451 0.2000
v 0.115479 0.165039 -0.012451 0.6039 0.3490 0.2196
v 0.072998 0.144531 -0.012451 0.5412 0.2902 0.1922
v 0.116943 0.106445 -0.012451 0.1412 0.0549 0.1725
v -0.078857 0.104004 -0.012451 0.1765 0.0627 0.2392
v 0.076416 0.104004 -0.012451 0.1882 0.1020 0.2549
v -0.079834 0.090332 -0.012451 0.2118 0.0745 0.2745
v 0.097412 0.759766 -0.012939 0.6863 0.3961 0.2392
v -0.189209 0.772949 -0.012939 0.6471 0.3804 0.2432
v -0.137451 0.773438 -0.012939 0.6706 0.3765 0.2275
v -0.210205 0.774414 -0.012939 0.6745 0.4078 0.2745
v -0.369385 0.825684 -0.012940 0.1608 0.0745 0.2118
v 0.367432 0.833496 -0.012939 0.4863 0.4353 0.4078
v -0.199463 0.833984 -0.012939 0.7294 0.4392 0.2863
v -0.042725 0.840332 -0.012939 0.6824 0.4157 0.2745
v 0.040771 0.840332 -0.012939 0.6628 0.3921 0.2588
v -0.035400 0.841797 -0.012939 0.5451 0.3098 0.2000
v 0.033447 0.841797 -0.012939 0.6197 0.3608 0.2275
v -0.134033 0.843262 -0.012939 0.7216 0.4314 0.2863
v 0.090576 0.853516 -0.012939 0.6628 0.3843 0.2510
v -0.034424 0.884766 -0.012939 0.5098 0.2902 0.1882
v 0.031982 0.884766 -0.012939 0.4784 0.2706 0.1686
v 0.038818 0.892090 -0.012939 0.6628 0.3686 0.2627
v -0.041260 0.892578 -0.012939 0.6079 0.3490 0.2392
v -0.043701 0.901855 -0.012939 0.7020 0.4196 0.3372
v 0.041260 0.901855 -0.012939 0.7725 0.4823 0.3843
v -0.041260 0.903320 -0.012939 0.4078 0.1882 0.1333
v 0.039307 0.903320 -0.012939 0.4823 0.2471 0.1843
v 0.047119 0.919922 -0.012939 0.5569 0.2432 0.1765
v -0.049072 0.920410 -0.012939 0.4118 0.1530 0.0902
v 0.052490 0.939941 -0.012939 0.0941 0.0471 0.0118
v -0.048584 0.971191 -0.012939 0.0667 0.0314 0.0039
v 0.033447 0.981934 -0.012939 0.1020 0.0667 0.0314
v 0.004150 0.992676 -0.012939 0.1176 0.0745 0.0392
v 0.001709 0.998047 -0.012939 0.1333 0.0824 0.0510
v -0.117432 0.422363 -0.012939 0.5294 0.3059 0.1922
v 0.114990 0.422363 -0.012939 0.5137 0.2902 0.1765
v 0.049072 0.257812 -0.012939 0.6980 0.4314 0.2941
v -0.119873 0.209473 -0.012939 0.6276 0.3608 0.2235
v -0.055908 0.198730 -0.012939 0.7294 0.4157 0.2471
v 0.053467 0.198730 -0.012939 0.6863 0.4235 0.2863
v -0.117432 0.165039 -0.012939 0.6079 0.3608 0.2275
v -0.075439 0.144531 -0.012939 0.5176 0.2627 0.1843
v -0.119385 0.106445 -0.012939 0.1451 0.0510 0.2078
v 0.116455 0.093262 -0.012939 0.1804 0.0863 0.2275
v -0.388428 0.803223 -0.013428 0.2588 0.1020 0.3098
v -0.437256 0.807617 -0.013428 0.2432 0.0980 0.3059
v -0.379150 0.815430 -0.013428 0.3176 0.1373 0.3686
v 0.451416 0.819336 -0.013428 0.3882 0.1961 0.4275
v -0.431885 0.830078 -0.013428 0.2588 0.1176 0.3294
v 0.209229 0.831055 -0.013428 0.7059 0.4196 0.2823
v 0.148193 0.833496 -0.013428 0.6236 0.3372 0.2078
v -0.144775 0.836914 -0.013428 0.7137 0.4235 0.2784
v 0.385986 0.839355 -0.013428 0.2941 0.1490 0.3529
v 0.400147 0.842285 -0.013428 0.2941 0.1412 0.3608
v 0.125732 0.846191 -0.013428 0.6745 0.3765 0.2392
v 0.114990 0.850098 -0.013428 0.6432 0.3686 0.2275
v -0.103271 0.852539 -0.013428 0.7059 0.4235 0.2745
v 0.043213 0.896973 -0.013428 0.7725 0.4392 0.3372
v -0.045654 0.897461 -0.013428 0.7529 0.4353 0.3294
v -0.042236 0.905762 -0.013428 0.3568 0.1451 0.1098
v 0.039795 0.905762 -0.013428 0.3686 0.1765 0.1216
v -0.042725 0.908203 -0.013428 0.3412 0.1412 0.0902
v 0.040771 0.908203 -0.013428 0.2980 0.1216 0.0784
v 0.043701 0.922852 -0.013428 0.5216 0.2706 0.1843
v -0.045166 0.923340 -0.013428 0.4275 0.2000 0.1255
v 0.043213 0.923340 -0.013428 0.5216 0.2784 0.2000
v 0.051025 0.937012 -0.013428 0.1176 0.0706 0.0235
v -0.055420 0.945312 -0.013428 0.1333 0.0863 0.0667
v 0.051025 0.953613 -0.013428 0.0980 0.0588 0.0235
v -0.051514 0.967285 -0.013428 0.1176 0.0784 0.0431
v -0.033936 0.980957 -0.013428 0.1098 0.0706 0.0392
v -0.115479 0.447266 -0.013428 0.4980 0.2980 0.1686
v 0.113525 0.447266 -0.013428 0.5098 0.2941 0.1765
v -0.115479 0.407715 -0.013428 0.6000 0.3608 0.2353
v 0.113037 0.407715 -0.013428 0.5725 0.3255 0.1961
v -0.110107 0.362305 -0.013428 0.6706 0.4039 0.2588
v 0.107666 0.362305 -0.013428 0.6902 0.4157 0.2823
v -0.051514 0.257812 -0.013428 0.6863 0.3608 0.1843
v -0.118896 0.093262 -0.013428 0.2471 0.1333 0.2980
v -0.093506 0.717285 -0.013916 0.7137 0.4392 0.2902
v 0.091553 0.717285 -0.013916 0.6902 0.4000 0.2471
v 0.179932 0.769531 -0.013916 0.6980 0.3961 0.2549
v 0.136475 0.772461 -0.013916 0.6276 0.3647 0.2353
v -0.199951 0.773926 -0.013916 0.6079 0.3372 0.2157
v 0.432861 0.790039 -0.013916 0.2823 0.1176 0.3608
v -0.369873 0.815918 -0.013916 0.1608 0.0706 0.2157
v 0.320068 0.828613 -0.013916 0.2667 0.1294 0.1843
v -0.239990 0.835938 -0.013916 0.7098 0.4196 0.2667
v -0.140869 0.839844 -0.013916 0.7059 0.4157 0.2667
v 0.133545 0.842773 -0.013916 0.6745 0.3804 0.2392
v 0.031006 0.861816 -0.013916 0.6706 0.4196 0.2863
v -0.045654 0.910645 -0.013916 0.2706 0.0980 0.0706
v 0.043701 0.910645 -0.013916 0.2314 0.0784 0.0510
v 0.046143 0.915527 -0.013916 0.6276 0.3216 0.2353
v -0.048096 0.916016 -0.013916 0.5804 0.2667 0.1922
v 0.045166 0.923828 -0.013916 0.5137 0.2863 0.2078
v 0.043213 0.926758 -0.013916 0.4157 0.2235 0.1490
v -0.045166 0.927246 -0.013916 0.4745 0.2471 0.1686
v 0.050049 0.932617 -0.013916 0.0745 0.0392 0.0039
v 0.055908 0.941406 -0.013916 0.1098 0.0510 0.0118
v -0.054443 0.941895 -0.013916 0.0980 0.0588 0.0235
v 0.055908 0.943359 -0.013916 0.1569 0.0824 0.0431
v 0.052002 0.950195 -0.013916 0.0941 0.0549 0.0275
v -0.053467 0.961914 -0.013916 0.1412 0.0863 0.0510
v -0.042725 0.977539 -0.013916 0.1176 0.0745 0.0353
v -0.031006 0.983398 -0.013916 0.1373 0.0902 0.0549
v -0.030029 0.986816 -0.013916 0.1176 0.0667 0.0275
v 0.025146 0.992188 -0.013916 0.1216 0.0784 0.0431
v -0.076416 0.046875 -0.013916 0.1608 0.0549 0.2314
v 0.073975 0.046875 -0.013916 0.1961 0.0941 0.2549
v -0.271240 0.766113 -0.014404 0.7176 0.4510 0.3137
v 0.364502 0.795410 -0.014404 0.2078 0.0745 0.2235
v 0.319580 0.833008 -0.014404 0.1804 0.0902 0.2745
v -0.187256 0.834961 -0.014404 0.7372 0.4471 0.2941
v 0.144287 0.836426 -0.014404 0.6550 0.3686 0.2157
v 0.326904 0.836914 -0.014404 0.0863 0.0235 0.1216
v 0.253174 0.837402 -0.014404 0.7176 0.4275 0.2745
v 0.056885 0.839844 -0.014404 0.6197 0.3608 0.2353
v -0.058838 0.840332 -0.014404 0.6863 0.4196 0.2823
v -0.039307 0.843262 -0.014404 0.6315 0.3804 0.2432
v 0.036865 0.843262 -0.014404 0.6354 0.3647 0.2392
v 0.102295 0.852051 -0.014404 0.6471 0.3647 0.2392
v -0.033447 0.861328 -0.014404 0.6276 0.3725 0.2353
v -0.045166 0.894531 -0.014404 0.7372 0.4510 0.3372
v 0.043213 0.894531 -0.014404 0.7843 0.4353 0.3333
v -0.046143 0.913574 -0.014404 0.5961 0.3137 0.2432
v 0.044189 0.913574 -0.014404 0.5019 0.2471 0.1765
v 0.048096 0.928711 -0.014404 0.0706 0.0431 0.0039
v -0.053467 0.934570 -0.014404 0.0471 0.0275 0.0039
v -0.054443 0.938477 -0.014404 0.1098 0.0706 0.0314
v -0.058350 0.946777 -0.014404 0.1020 0.0510 0.0196
v -0.054932 0.957031 -0.014404 0.0863 0.0510 0.0157
v 0.028076 0.990234 -0.014404 0.1098 0.0745 0.0471
v -0.110107 0.472168 -0.014404 0.4941 0.2784 0.1765
v 0.107666 0.472168 -0.014404 0.4706 0.2588 0.1569
v -0.122314 0.454590 -0.014404 0.2941 0.1373 0.2510
v -0.111572 0.376953 -0.014404 0.6315 0.3647 0.2275
v 0.109619 0.376953 -0.014404 0.6550 0.3882 0.2510
v 0.104736 0.323730 -0.014404 0.7137 0.4392 0.3059
v -0.106689 0.323242 -0.014404 0.6667 0.4000 0.2510
v -0.080811 0.687988 -0.014893 0.6863 0.4235 0.2863
v 0.078369 0.687988 -0.014893 0.6667 0.3961 0.2432
v -0.227783 0.768555 -0.014893 0.6393 0.3804 0.2510
v -0.102295 0.770996 -0.014893 0.5137 0.3019 0.1843
v -0.218018 0.770996 -0.014893 0.5882 0.3294 0.2039
v 0.188232 0.771973 -0.014893 0.6276 0.3529 0.2235
v 0.209717 0.773438 -0.014893 0.6628 0.3843 0.2588
v 0.422607 0.793945 -0.014893 0.3294 0.1530 0.3921
v 0.379150 0.805664 -0.014893 0.1333 0.0118 0.2275
v -0.311768 0.828125 -0.014893 0.6785 0.3882 0.2588
v 0.199463 0.833008 -0.014893 0.7451 0.4628 0.3059
v -0.230713 0.833984 -0.014893 0.7176 0.4118 0.2627
v 0.322510 0.835938 -0.014893 0.2745 0.1451 0.3412
v 0.140381 0.839355 -0.014893 0.7020 0.4000 0.2510
v -0.040771 0.894043 -0.014893 0.6276 0.3647 0.2627
v 0.038818 0.894043 -0.014893 0.6824 0.3921 0.2706
v -0.052002 0.922363 -0.014893 0.6785 0.3451 0.2392
v 0.050049 0.922363 -0.014893 0.6471 0.3019 0.2118
v 0.046143 0.923828 -0.014893 0.4432 0.2353 0.1647
v -0.047607 0.924316 -0.014893 0.4863 0.2549 0.1804
v 0.051514 0.926270 -0.014893 0.4196 0.2196 0.1608
v -0.053467 0.926758 -0.014893 0.2706 0.1608 0.1176
v -0.052002 0.930664 -0.014893 0.1098 0.0784 0.0353
v 0.052490 0.946289 -0.014893 0.0824 0.0392 0.0118
v 0.052490 0.956543 -0.014893 0.1216 0.0706 0.0235
v 0.049072 0.966309 -0.014893 0.1098 0.0745 0.0353
v -0.032959 0.985352 -0.014893 0.1490 0.0980 0.0510
v -0.032959 0.989258 -0.014893 0.1294 0.0784 0.0392
v 0.120361 0.454590 -0.014893 0.3451 0.2000 0.2471
v -0.046631 0.289062 -0.014893 0.6393 0.3725 0.2275
v 0.044189 0.289062 -0.014893 0.6432 0.3568 0.2078
v 0.115479 0.260254 -0.014893 0.6628 0.3882 0.2471
v -0.124756 0.162109 -0.014893 0.1530 0.0784 0.2196
v 0.122314 0.162109 -0.014893 0.1725 0.0706 0.2471
v -0.116943 0.147461 -0.014893 0.5019 0.2745 0.1922
v 0.114990 0.147461 -0.014893 0.4471 0.2432 0.1804
v 0.124756 0.052734 -0.014893 0.2510 0.1216 0.3059
v -0.137939 0.020996 -0.014893 0.3255 0.2235 0.3372
v 0.135498 0.020996 -0.014893 0.3294 0.2314 0.3882
v 0.126221 0.001465 -0.014893 0.1569 0.1804 0.1765
v -0.128662 0.000977 -0.014893 0.1765 0.1490 0.1373
v -0.081299 0.569824 -0.015381 0.5530 0.3176 0.1843
v 0.078857 0.569824 -0.015381 0.5569 0.3176 0.1961
v 0.284912 0.767578 -0.015381 0.6941 0.4078 0.2706
v 0.100830 0.770508 -0.015381 0.5686 0.3176 0.1804
v -0.107666 0.778320 -0.015381 0.3333 0.1922 0.1059
v -0.310303 0.779785 -0.015381 0.6863 0.4157 0.2745
v -0.427490 0.811035 -0.015381 0.3490 0.1647 0.4078
v -0.388428 0.828613 -0.015381 0.2863 0.1294 0.3490
v -0.417725 0.830566 -0.015381 0.2784 0.1294 0.3372
v 0.285889 0.833496 -0.015381 0.7020 0.4157 0.2549
v -0.171631 0.835449 -0.015381 0.7216 0.4314 0.2784
v -0.083252 0.852539 -0.015381 0.6432 0.3725 0.2392
v -0.034424 0.871582 -0.015381 0.6550 0.3961 0.2588
v 0.031982 0.871582 -0.015381 0.6510 0.4039 0.2627
v 0.041260 0.893066 -0.015381 0.7137 0.3961 0.2823
v -0.043213 0.893555 -0.015381 0.6432 0.3647 0.2549
v -0.042725 0.905762 -0.015381 0.3568 0.1451 0.0941
v 0.040771 0.905762 -0.015381 0.3176 0.1333 0.0784
v 0.047607 0.917969 -0.015381 0.4510 0.1647 0.1098
v -0.049561 0.918457 -0.015381 0.4902 0.2000 0.1412
v -0.047119 0.923340 -0.015381 0.4667 0.2235 0.1647
v -0.048096 0.924316 -0.015381 0.5098 0.2706 0.2078
v -0.053955 0.924316 -0.015381 0.6824 0.3490 0.2471
v 0.052002 0.924316 -0.015381 0.6863 0.3529 0.2588
v -0.049561 0.926270 -0.015381 0.1569 0.0667 0.0588
v 0.055420 0.939941 -0.015381 0.1294 0.0784 0.0510
v -0.034424 0.988281 -0.015381 0.1412 0.0941 0.0549
v -0.034912 0.991699 -0.015381 0.1451 0.0941 0.0549
v 0.026611 0.996094 -0.015381 0.1176 0.0745 0.0392
v -0.113037 0.397461 -0.015381 0.6354 0.3843 0.2471
v 0.110596 0.397461 -0.015381 0.6276 0.3686 0.2353
v -0.106689 0.309082 -0.015381 0.6902 0.4157 0.2706
v 0.104248 0.309082 -0.015381 0.6824 0.4157 0.2706
v -0.117432 0.260254 -0.015381 0.6628 0.3921 0.2510
v 0.119385 0.163086 -0.015381 0.1882 0.0824 0.1843
v -0.126709 0.052734 -0.015381 0.2432 0.1137 0.2941
v -0.075439 0.032715 -0.015381 0.2078 0.0941 0.2745
v 0.072998 0.032715 -0.015381 0.1843 0.0863 0.2510
v -0.136475 0.017090 -0.015381 0.0745 0.0314 0.1059
v 0.134033 0.017090 -0.015381 0.0667 0.0314 0.0824
v -0.100830 0.504395 -0.015869 0.5137 0.2902 0.1765
v 0.098389 0.504395 -0.015869 0.4902 0.2784 0.1765
v -0.091064 0.709961 -0.015869 0.6941 0.4196 0.2784
v 0.088623 0.709961 -0.015869 0.6941 0.4039 0.2588
v -0.257568 0.766113 -0.015869 0.7137 0.4550 0.3176
v 0.199463 0.772949 -0.015869 0.6863 0.4118 0.2784
v 0.106689 0.777832 -0.015869 0.4550 0.2549 0.1530
v -0.123291 0.779297 -0.015869 0.5019 0.2784 0.1725
v 0.330811 0.789062 -0.015869 0.1608 0.0745 0.1843
v -0.343018 0.791504 -0.015869 0.2353 0.1294 0.2588
v 0.412842 0.798828 -0.015869 0.2588 0.1333 0.3176
v 0.447510 0.804199 -0.015869 0.2745 0.1098 0.3529
v -0.365479 0.805176 -0.015869 0.4941 0.4078 0.3608
v -0.331787 0.822266 -0.015869 0.1804 0.0824 0.2275
v -0.402588 0.830566 -0.015869 0.1882 0.0824 0.2471
v -0.222412 0.832031 -0.015869 0.6863 0.3961 0.2549
v 0.362549 0.834473 -0.015869 0.6628 0.5961 0.5569
v -0.149658 0.834961 -0.015869 0.6550 0.3647 0.2235
v -0.146729 0.836914 -0.015869 0.6824 0.4000 0.2549
v -0.073486 0.848145 -0.015869 0.6039 0.3451 0.2118
v 0.072021 0.848145 -0.015869 0.6236 0.3686 0.2432
v 0.081787 0.852051 -0.015869 0.5961 0.3333 0.2078
v -0.093018 0.853027 -0.015869 0.6785 0.3961 0.2588
v 0.032959 0.878906 -0.015869 0.5725 0.3412 0.2235
v -0.035400 0.879395 -0.015869 0.6589 0.3961 0.2784
v 0.049072 0.926270 -0.015869 0.2588 0.1333 0.1020
v -0.051025 0.926758 -0.015869 0.3490 0.2039 0.1530
v 0.055420 0.943848 -0.015869 0.1765 0.1098 0.0706
v 0.050537 0.962891 -0.015869 0.0784 0.0353 0.0000
v 0.028076 0.995605 -0.015869 0.1176 0.0784 0.0431
v -0.113037 0.402344 -0.015869 0.6079 0.3725 0.2471
v 0.111084 0.402344 -0.015869 0.6197 0.3725 0.2432
v -0.121338 0.163086 -0.015869 0.2275 0.1255 0.2353
v -0.135986 0.009766 -0.015869 0.6628 0.5530 0.4706
v 0.134033 0.009766 -0.015869 0.6354 0.5176 0.4353
v -0.134033 0.005371 -0.015869 0.6706 0.5647 0.4784
v 0.132080 0.005371 -0.015869 0.6902 0.5686 0.4823
v -0.089111 0.544434 -0.016357 0.5255 0.2941 0.1686
v 0.086670 0.544434 -0.016357 0.5373 0.2980 0.1765
v -0.235596 0.767578 -0.016357 0.6315 0.3725 0.2392
v 0.369873 0.806152 -0.016357 0.7647 0.6902 0.6628
v -0.321533 0.825195 -0.016357 0.4550 0.2471 0.2118
v 0.330322 0.826660 -0.016357 0.2549 0.1373 0.2510
v 0.299561 0.829102 -0.016357 0.6471 0.3568 0.2196
v 0.186768 0.833984 -0.016357 0.7686 0.4628 0.3098
v 0.239502 0.835449 -0.016357 0.6550 0.3725 0.2235
v 0.092041 0.852539 -0.016357 0.6941 0.4196 0.2863
v -0.046143 0.903320 -0.016357 0.6785 0.3765 0.2902
v 0.044189 0.903320 -0.016357 0.7451 0.4196 0.3255
v -0.051514 0.920410 -0.016357 0.7098 0.3725 0.2823
v 0.049072 0.920410 -0.016357 0.7059 0.3568 0.2706
v -0.056885 0.944824 -0.016357 0.1255 0.0863 0.0510
v -0.058838 0.949219 -0.016357 0.2118 0.1451 0.0941
v 0.052490 0.953613 -0.016357 0.1333 0.0824 0.0510
v 0.040283 0.980469 -0.016357 0.1176 0.0784 0.0353
v -0.000732 0.986816 -0.016357 0.0706 0.0431 0.0157
v -0.006592 0.987793 -0.016357 0.1725 0.1176 0.0667
v -0.012451 0.988281 -0.016357 0.1530 0.0941 0.0549
v -0.031982 0.989746 -0.016357 0.1686 0.1137 0.0627
v 0.004639 0.990234 -0.016357 0.1294 0.0863 0.0549
v 0.026611 0.999512 -0.016357 0.1294 0.0824 0.0510
v -0.049561 0.281738 -0.016357 0.6393 0.3647 0.2235
v 0.047119 0.281738 -0.016357 0.6315 0.3529 0.2118
v -0.049072 0.230957 -0.016357 0.6863 0.3490 0.1686
v 0.046631 0.230957 -0.016357 0.6667 0.4118 0.2784
v -0.247314 0.766602 -0.016846 0.6000 0.3294 0.2000
v -0.241455 0.767090 -0.016846 0.6157 0.3529 0.2157
v 0.122314 0.778809 -0.016846 0.5059 0.2863 0.1765
v -0.332764 0.792480 -0.016846 0.3019 0.1412 0.2196
v -0.416260 0.813965 -0.016846 0.3137 0.1530 0.3686
v 0.442627 0.825684 -0.016846 0.2823 0.1255 0.3412
v -0.216064 0.832031 -0.016846 0.6863 0.4039 0.2549
v 0.149170 0.834473 -0.016846 0.6824 0.3921 0.2627
v 0.171143 0.834961 -0.016846 0.7294 0.4314 0.2902
v -0.159912 0.835449 -0.016846 0.6980 0.4078 0.2627
v 0.034424 0.887207 -0.016846 0.6276 0.3725 0.2471
v -0.036377 0.887695 -0.016846 0.5843 0.3412 0.2275
v -0.046143 0.908203 -0.016846 0.3372 0.1490 0.0941
v 0.043701 0.908203 -0.016846 0.3961 0.1647 0.1020
v -0.048584 0.913574 -0.016846 0.6471 0.3294 0.2510
v 0.046631 0.913574 -0.016846 0.6902 0.3725 0.2745
v 0.043701 0.922363 -0.016846 0.5098 0.2510 0.1686
v 0.052979 0.940430 -0.016846 0.1294 0.0784 0.0392
v 0.057861 0.940918 -0.016846 0.1451 0.0784 0.0431
v -0.045654 0.978027 -0.016846 0.1137 0.0745 0.0353
v -0.018311 0.987305 -0.016846 0.0784 0.0431 0.0157
v -0.024170 0.987305 -0.016846 0.1490 0.1059 0.0667
v -0.028564 0.988281 -0.016846 0.1725 0.1216 0.0667
v 0.016357 0.990234 -0.016846 0.0902 0.0510 0.0196
v 0.019287 0.990234 -0.016846 0.1530 0.0902 0.0471
v 0.009521 0.992188 -0.016846 0.1216 0.0784 0.0471
v -0.001221 0.489258 -0.016846 0.1137 0.0431 0.1647
v -0.107178 0.291992 -0.016846 0.6315 0.3725 0.2353
v 0.105225 0.291992 -0.016846 0.6197 0.3608 0.2275
v -0.120361 0.187500 -0.016846 0.6471 0.3882 0.2549
v 0.226807 0.767578 -0.017334 0.6745 0.4118 0.2784
v 0.217529 0.770020 -0.017334 0.6863 0.4275 0.2941
v 0.321533 0.784668 -0.017334 0.7882 0.4784 0.2784
v -0.364502 0.826660 -0.017334 0.6941 0.6315 0.5373
v -0.335205 0.832031 -0.017334 0.6354 0.5804 0.5569
v 0.230225 0.833008 -0.017334 0.7333 0.4432 0.2980
v -0.270752 0.836426 -0.017334 0.7294 0.4392 0.2863
v 0.146240 0.836426 -0.017334 0.6550 0.3686 0.2432
v 0.050537 0.843262 -0.017334 0.6941 0.4235 0.2706
v -0.052490 0.843750 -0.017334 0.6902 0.4078 0.2627
v 0.045166 0.901367 -0.017334 0.6824 0.3333 0.2471
v -0.047119 0.901855 -0.017334 0.6157 0.3059 0.2275
v 0.050537 0.915527 -0.017334 0.6785 0.3451 0.2627
v -0.052490 0.916016 -0.017334 0.6628 0.3451 0.2510
v 0.045166 0.922852 -0.017334 0.4784 0.2392 0.1569
v 0.052002 0.936523 -0.017334 0.0706 0.0353 0.0078
v 0.054932 0.940918 -0.017334 0.1216 0.0706 0.0353
v 0.058350 0.942383 -0.017334 0.1098 0.0627 0.0196
v 0.053467 0.943359 -0.017334 0.1255 0.0745 0.0392
v 0.053467 0.950195 -0.017334 0.0980 0.0510 0.0235
v 0.043701 0.973633 -0.017334 0.1451 0.0902 0.0510
v 0.041748 0.977539 -0.017334 0.0941 0.0627 0.0353
v -0.039307 0.980957 -0.017334 0.1137 0.0824 0.0392
v -0.032471 0.982910 -0.017334 0.1255 0.0745 0.0510
v -0.034912 0.988281 -0.017334 0.1530 0.0980 0.0667
v 0.023193 0.992676 -0.017334 0.1804 0.1216 0.0863
v 0.025635 0.996094 -0.017334 0.1294 0.0863 0.0510
v 0.270264 0.765625 -0.017822 0.6980 0.4275 0.2941
v -0.209229 0.832520 -0.017822 0.7059 0.4157 0.2706
v -0.049072 0.905273 -0.017822 0.6785 0.3804 0.2941
v 0.047119 0.905273 -0.017822 0.7059 0.4078 0.3216
v 0.046631 0.910156 -0.017822 0.5412 0.2432 0.1569
v -0.048584 0.910645 -0.017822 0.5843 0.3098 0.2196
v 0.050537 0.932129 -0.017822 0.0980 0.0627 0.0314
v 0.057861 0.940430 -0.017822 0.1412 0.0824 0.0471
v 0.054932 0.942383 -0.017822 0.1255 0.0784 0.0392
v 0.047119 0.969727 -0.017822 0.1569 0.1059 0.0627
v 0.034424 0.981934 -0.017822 0.1216 0.0824 0.0431
v 0.028076 0.983887 -0.017822 0.1176 0.0745 0.0431
v 0.028564 0.995605 -0.017822 0.1176 0.0784 0.0471
v -0.000244 0.481445 -0.017822 0.1176 0.0353 0.1530
v -0.002197 0.481445 -0.017822 0.1137 0.0392 0.1490
v 0.047607 0.277344 -0.017822 0.6432 0.3647 0.2353
v -0.074951 0.021484 -0.017822 0.1961 0.1020 0.2667
v 0.072998 0.021484 -0.017822 0.2118 0.1137 0.2784
v -0.338135 0.789062 -0.018311 0.6118 0.5137 0.5098
v -0.329834 0.790039 -0.018311 0.5059 0.2980 0.2823
v 0.401123 0.800781 -0.018310 0.2432 0.0745 0.3216
v -0.389404 0.815430 -0.018311 0.2510 0.0980 0.3019
v -0.403076 0.815430 -0.018311 0.1843 0.0784 0.2549
v 0.369385 0.824707 -0.018310 0.7764 0.7020 0.6667
v 0.378174 0.825684 -0.018310 0.1686 0.0588 0.2549
v 0.221924 0.831543 -0.018311 0.6667 0.3961 0.2353
v 0.159424 0.834961 -0.018311 0.7255 0.4314 0.2863
v -0.046631 0.846680 -0.018311 0.6902 0.4039 0.2588
v 0.044678 0.846680 -0.018311 0.7529 0.4667 0.3294
v -0.084717 0.852051 -0.018311 0.6785 0.4039 0.2706
v -0.047119 0.899902 -0.018311 0.7608 0.4510 0.3568
v 0.045166 0.899902 -0.018311 0.7686 0.4235 0.3372
v 0.057373 0.940918 -0.018311 0.1333 0.0824 0.0471
v 0.053955 0.946777 -0.018311 0.1490 0.0863 0.0471
v 0.054932 0.955566 -0.018311 0.1804 0.1216 0.0745
v 0.052490 0.965820 -0.018311 0.1412 0.0980 0.0549
v -0.046631 0.975098 -0.018311 0.1176 0.0745 0.0431
v -0.033447 0.985352 -0.018311 0.1333 0.0902 0.0588
v -0.033447 0.989258 -0.018311 0.1569 0.1020 0.0667
v 0.029053 0.989746 -0.018311 0.1137 0.0745 0.0510
v -0.050049 0.277344 -0.018311 0.6354 0.3608 0.2196
v -0.122314 0.241699 -0.018311 0.6667 0.4000 0.2471
v 0.121338 0.241699 -0.018311 0.6628 0.3921 0.2627
v -0.071045 0.632324 -0.018799 0.6745 0.5569 0.4667
v 0.068604 0.632324 -0.018799 0.6785 0.5961 0.5137
v 0.256592 0.765137 -0.018799 0.6510 0.3804 0.2510
v 0.234619 0.766602 -0.018799 0.6785 0.4118 0.2588
v 0.388916 0.802246 -0.018799 0.1686 0.0471 0.2196
v 0.379150 0.814941 -0.018799 0.0706 0.0000 0.1176
v -0.365479 0.815918 -0.018799 0.5530 0.4902 0.4157
v -0.322022 0.828613 -0.018799 0.5686 0.3059 0.2784
v -0.286865 0.829590 -0.018799 0.6824 0.3843 0.2353
v 0.215576 0.831055 -0.018799 0.7020 0.4118 0.2667
v -0.075928 0.849121 -0.018799 0.6510 0.4039 0.2667
v -0.040771 0.849609 -0.018799 0.6667 0.3961 0.2549
v 0.038818 0.850098 -0.018799 0.7255 0.4353 0.2980
v 0.083252 0.852051 -0.018799 0.6785 0.4235 0.2823
v -0.038330 0.898438 -0.018799 0.5569 0.2941 0.2078
v 0.035889 0.898438 -0.018799 0.4589 0.2432 0.1765
v 0.051514 0.919434 -0.018799 0.6589 0.3490 0.2706
v -0.053467 0.919922 -0.018799 0.7059 0.3725 0.2745
v -0.053467 0.922363 -0.018799 0.6197 0.2863 0.2118
v 0.051514 0.922363 -0.018799 0.5764 0.2432 0.1530
v -0.055420 0.924316 -0.018799 0.7333 0.3882 0.2823
v 0.053467 0.924316 -0.018799 0.7255 0.3686 0.2745
v 0.049072 0.927734 -0.018799 0.0667 0.0353 0.0078
v 0.057373 0.941895 -0.018799 0.1412 0.0863 0.0549
v -0.059814 0.944824 -0.018799 0.1098 0.0627 0.0314
v -0.055420 0.952637 -0.018799 0.0980 0.0588 0.0275
v -0.049561 0.972168 -0.018799 0.1490 0.0824 0.0431
v 0.042725 0.979004 -0.018799 0.1020 0.0627 0.0353
v 0.043213 0.981934 -0.018799 0.1059 0.0706 0.0431
v 0.038330 0.982422 -0.018799 0.1412 0.0863 0.0471
v 0.027100 0.996094 -0.018799 0.1216 0.0784 0.0431
v 0.047119 0.210449 -0.018799 0.6432 0.3804 0.2432
v -0.299072 0.773926 -0.019287 0.6706 0.3961 0.2549
v -0.323486 0.788086 -0.019287 0.6236 0.3490 0.2157
v -0.333252 0.788574 -0.019287 0.2432 0.1137 0.2118
v 0.437256 0.806641 -0.019287 0.2588 0.1098 0.3059
v 0.370361 0.815430 -0.019287 0.7294 0.6471 0.6197
v 0.311279 0.827148 -0.019287 0.7647 0.4550 0.2902
v 0.431885 0.829102 -0.019287 0.2353 0.1059 0.2784
v -0.329834 0.832031 -0.019287 0.4235 0.3451 0.4196
v -0.199951 0.833984 -0.019287 0.7529 0.4667 0.3098
v -0.153076 0.834961 -0.019287 0.6863 0.3961 0.2588
v 0.074463 0.848633 -0.019287 0.6276 0.3725 0.2549
v -0.034912 0.853027 -0.019287 0.5764 0.3294 0.1961
v 0.032471 0.853516 -0.019287 0.6157 0.3451 0.2118
v 0.044678 0.898438 -0.019287 0.7647 0.4275 0.3255
v -0.042725 0.898926 -0.019287 0.6000 0.3372 0.2432
v -0.047119 0.898926 -0.019287 0.7451 0.4196 0.3137
v 0.040771 0.898926 -0.019287 0.6354 0.3333 0.2432
v 0.049072 0.907715 -0.019287 0.7333 0.4235 0.3294
v -0.051514 0.908203 -0.019287 0.7137 0.4039 0.3019
v -0.052979 0.912109 -0.019287 0.7255 0.4039 0.3098
v 0.050537 0.912109 -0.019287 0.7294 0.4078 0.3255
v -0.045166 0.921875 -0.019287 0.4314 0.1961 0.1255
v -0.047607 0.921875 -0.019287 0.6000 0.3019 0.2118
v 0.043213 0.921875 -0.019287 0.5059 0.2432 0.1686
v 0.046631 0.923340 -0.019287 0.3882 0.1804 0.1294
v 0.053467 0.926270 -0.019287 0.6745 0.3490 0.2627
v -0.055420 0.926758 -0.019287 0.7176 0.3843 0.2784
v 0.059814 0.941406 -0.019287 0.1216 0.0706 0.0353
v -0.055908 0.945312 -0.019287 0.1373 0.0824 0.0510
v 0.053467 0.959961 -0.019287 0.1412 0.0941 0.0471
v -0.053467 0.961914 -0.019287 0.1098 0.0588 0.0353
v -0.052979 0.968262 -0.019287 0.1765 0.1216 0.0745
v -0.043213 0.980469 -0.019287 0.1098 0.0706 0.0471
v -0.000244 0.470215 -0.019287 0.1216 0.0392 0.1569
v -0.002197 0.470215 -0.019287 0.1137 0.0431 0.1451
v -0.105225 0.350098 -0.019287 0.6432 0.3765 0.2353
v 0.103271 0.350098 -0.019287 0.6667 0.3921 0.2549
v -0.049072 0.210449 -0.019287 0.6628 0.3647 0.2039
v -0.075928 0.018066 -0.019287 0.1333 0.0588 0.2039
v 0.073975 0.018066 -0.019287 0.1333 0.0510 0.1882
v 0.075928 0.007324 -0.019287 0.7020 0.5647 0.4510
v -0.107178 0.514160 -0.019775 0.2863 0.1333 0.3765
v 0.104736 0.514160 -0.019775 0.3804 0.2314 0.4628
v 0.073975 0.639160 -0.019775 0.5098 0.3804 0.3255
v 0.073486 0.648438 -0.019775 0.6745 0.3882 0.2510
v -0.075928 0.648926 -0.019775 0.6706 0.3804 0.2432
v -0.085693 0.698242 -0.019775 0.6980 0.4235 0.2823
v 0.083252 0.698242 -0.019775 0.6824 0.3961 0.2588
v 0.246826 0.765625 -0.019775 0.6510 0.3804 0.2549
v 0.240479 0.766113 -0.019775 0.7255 0.4589 0.3176
v 0.309814 0.778809 -0.019775 0.6824 0.4078 0.2667
v -0.324951 0.831055 -0.019775 0.3019 0.1490 0.2275
v 0.208740 0.832031 -0.019775 0.6745 0.3843 0.2392
v 0.065186 0.843750 -0.019775 0.6236 0.3529 0.2157
v -0.067139 0.844238 -0.019775 0.7176 0.4235 0.2627
v -0.033447 0.862305 -0.019775 0.6510 0.3882 0.2510
v 0.031006 0.862793 -0.019775 0.6550 0.4039 0.2667
v 0.043213 0.920410 -0.019775 0.4628 0.2235 0.1530
v -0.049072 0.922363 -0.019775 0.5961 0.3019 0.2196
v -0.058838 0.944336 -0.019775 0.1176 0.0784 0.0431
v -0.059814 0.946289 -0.019775 0.1451 0.0941 0.0510
v -0.056396 0.948730 -0.019775 0.1647 0.1137 0.0745
v -0.054932 0.956543 -0.019775 0.1530 0.1020 0.0667
v 0.051025 0.962891 -0.019775 0.1216 0.0745 0.0392
v -0.010498 0.481934 -0.019775 0.4745 0.2510 0.1373
v 0.008057 0.481934 -0.019775 0.4589 0.2432 0.1333
v 0.125732 0.436035 -0.019775 0.2314 0.1216 0.3059
v -0.128174 0.435547 -0.019775 0.2157 0.1020 0.3176
v -0.110596 0.281250 -0.019775 0.6197 0.3608 0.2275
v 0.108643 0.281250 -0.019775 0.6039 0.3490 0.2235
v -0.077881 0.007324 -0.019775 0.7176 0.5725 0.4706
v -0.076416 0.639160 -0.020264 0.5961 0.4706 0.4118
v -0.075928 0.658203 -0.020264 0.6276 0.3372 0.2039
v 0.073486 0.658203 -0.020264 0.6315 0.3568 0.2157
v -0.075928 0.665527 -0.020264 0.6157 0.3372 0.2118
v 0.073486 0.665527 -0.020264 0.6667 0.3921 0.2510
v -0.332764 0.814941 -0.020264 0.1451 0.0627 0.2157
v 0.034912 0.895508 -0.020264 0.3804 0.2235 0.1530
v -0.045166 0.898438 -0.020264 0.6785 0.3843 0.2784
v 0.043213 0.898438 -0.020264 0.7176 0.3921 0.2745
v 0.045166 0.920898 -0.020264 0.4471 0.2078 0.1333
v -0.045166 0.925293 -0.020264 0.5451 0.2745 0.1922
v 0.043213 0.925293 -0.020264 0.5059 0.2392 0.1490
v 0.051025 0.926270 -0.020264 0.4314 0.2000 0.1647
v -0.052979 0.926758 -0.020264 0.4980 0.2471 0.1647
v -0.055908 0.934570 -0.020264 0.1725 0.1294 0.0824
v 0.051025 0.968262 -0.020264 0.0863 0.0627 0.0314
v -0.048096 0.979980 -0.020264 0.1647 0.1059 0.0588
v 0.044189 0.980957 -0.020264 0.1098 0.0706 0.0471
v 0.042236 0.982910 -0.020264 0.0980 0.0549 0.0314
v -0.031006 0.983887 -0.020264 0.1294 0.0902 0.0510
v -0.030518 0.986816 -0.020264 0.1373 0.0941 0.0627
v 0.026123 0.990723 -0.020264 0.1216 0.0706 0.0431
v -0.010010 0.491699 -0.020264 0.4706 0.2471 0.1412
v 0.007568 0.491699 -0.020264 0.4510 0.2392 0.1373
v -0.011475 0.467285 -0.020264 0.4823 0.2588 0.1451
v 0.009033 0.467285 -0.020264 0.4667 0.2471 0.1412
v -0.107178 0.361328 -0.020264 0.6118 0.3451 0.2118
v 0.105225 0.361328 -0.020264 0.6393 0.3647 0.2314
v 0.071045 0.059082 -0.020264 0.2196 0.1137 0.2784
v -0.082764 0.001953 -0.020264 0.5333 0.4314 0.3372
v 0.080811 0.001953 -0.020264 0.2745 0.2510 0.2432
v -0.076904 0.628906 -0.020752 0.6785 0.5647 0.4902
v 0.074463 0.628906 -0.020752 0.6315 0.5451 0.4628
v -0.074951 0.639160 -0.020752 0.5647 0.2980 0.1882
v 0.072510 0.639160 -0.020752 0.5647 0.2902 0.1686
v -0.076904 0.675293 -0.020752 0.6471 0.3725 0.2392
v 0.074463 0.675293 -0.020752 0.6902 0.4157 0.2745
v 0.427490 0.810059 -0.020752 0.2667 0.1255 0.3216
v -0.322510 0.819336 -0.020752 0.7490 0.4196 0.2549
v 0.331299 0.821777 -0.020752 0.2863 0.1569 0.2588
v 0.321045 0.824707 -0.020752 0.6589 0.3765 0.2588
v -0.300537 0.826660 -0.020752 0.7255 0.4275 0.2745
v 0.152588 0.834473 -0.020752 0.6785 0.3843 0.2471
v 0.270752 0.835449 -0.020752 0.6745 0.3882 0.2432
v -0.049561 0.903809 -0.020752 0.7372 0.4157 0.3294
v 0.047607 0.903809 -0.020752 0.7333 0.3882 0.2863
v 0.047607 0.922363 -0.020752 0.5451 0.2784 0.2039
v -0.049561 0.922852 -0.020752 0.6079 0.3137 0.2235
v -0.051025 0.925293 -0.020752 0.3333 0.1647 0.1176
v -0.053467 0.930664 -0.020752 0.0706 0.0471 0.0235
v 0.052979 0.940918 -0.020752 0.0627 0.0235 0.0000
v -0.000732 0.455566 -0.020752 0.1216 0.0353 0.1608
v -0.001221 0.455566 -0.020752 0.1137 0.0353 0.1451
v -0.012939 0.453613 -0.020752 0.4941 0.2784 0.1569
v 0.010498 0.453125 -0.020752 0.4628 0.2432 0.1412
v -0.033447 0.366699 -0.020752 0.5961 0.3372 0.2039
v 0.031494 0.366699 -0.020752 0.5961 0.3098 0.1725
v -0.036377 0.336914 -0.020752 0.6197 0.3608 0.2275
v 0.033936 0.336914 -0.020752 0.6354 0.3216 0.1647
v -0.037354 0.327637 -0.020752 0.6276 0.3686 0.2353
v 0.035400 0.327637 -0.020752 0.6471 0.3216 0.1686
v 0.122803 0.218750 -0.020752 0.6354 0.3686 0.2314
v -0.073486 0.059082 -0.020752 0.1569 0.0745 0.2235
v -0.182373 0.765625 -0.021240 0.6589 0.3882 0.2510
v 0.343018 0.790527 -0.021240 0.7137 0.6197 0.5764
v -0.333740 0.797363 -0.021240 0.2432 0.0941 0.2314
v 0.365479 0.804688 -0.021240 0.8196 0.7568 0.6980
v 0.388916 0.828125 -0.021240 0.1804 0.0902 0.2275
v 0.418213 0.829590 -0.021240 0.2823 0.1255 0.3216
v 0.199463 0.833008 -0.021240 0.7176 0.4275 0.2745
v -0.255127 0.836914 -0.021240 0.7412 0.4550 0.2980
v -0.150635 0.838379 -0.021240 0.7020 0.4118 0.2706
v -0.145752 0.841797 -0.021240 0.7216 0.4314 0.2706
v 0.035889 0.893555 -0.021240 0.3529 0.1843 0.1255
v -0.038330 0.896973 -0.021240 0.4667 0.2510 0.1686
v 0.036865 0.897461 -0.021240 0.1098 0.0314 0.0000
v 0.052490 0.920898 -0.021240 0.5725 0.2157 0.1294
v -0.054443 0.921387 -0.021240 0.6157 0.2745 0.2000
v -0.056396 0.941406 -0.021240 0.1569 0.1176 0.0824
v -0.058350 0.944824 -0.021240 0.1294 0.0824 0.0471
v 0.054443 0.953613 -0.021240 0.1725 0.1137 0.0667
v 0.045654 0.984375 -0.021240 0.1530 0.0941 0.0706
v 0.002197 0.985840 -0.021240 0.1451 0.0863 0.0353
v 0.022217 0.985840 -0.021240 0.1098 0.0667 0.0353
v 0.015869 0.987793 -0.021240 0.1490 0.0941 0.0510
v 0.009521 0.988770 -0.021240 0.1490 0.1059 0.0549
v -0.000732 0.437988 -0.021240 0.1176 0.0471 0.1686
v -0.034424 0.353516 -0.021240 0.5647 0.3176 0.1961
v 0.032471 0.353516 -0.021240 0.6432 0.3294 0.1725
v -0.035400 0.345215 -0.021240 0.6118 0.3568 0.2353
v 0.032959 0.345215 -0.021240 0.6432 0.3216 0.1686
v -0.039795 0.318359 -0.021240 0.6510 0.3921 0.2549
v 0.037354 0.318359 -0.021240 0.6432 0.3176 0.1530
v -0.049072 0.269043 -0.021240 0.6471 0.3725 0.2392
v 0.047119 0.269043 -0.021240 0.6471 0.3725 0.2314
v -0.123779 0.218750 -0.021240 0.6667 0.3921 0.2549
v -0.122803 0.062012 -0.021240 0.2667 0.1373 0.3216
v 0.120361 0.062012 -0.021240 0.2392 0.1137 0.3059
v -0.168213 0.762695 -0.021729 0.7176 0.4471 0.2941
v -0.191162 0.768555 -0.021729 0.6276 0.3608 0.2235
v -0.200439 0.770508 -0.021729 0.5647 0.3059 0.1725
v -0.209717 0.770996 -0.021729 0.6236 0.3647 0.2314
v 0.332275 0.791504 -0.021728 0.1725 0.0549 0.1843
v 0.402588 0.829590 -0.021728 0.2549 0.1216 0.2980
v -0.222412 0.830566 -0.021729 0.7020 0.4118 0.2627
v -0.231201 0.832520 -0.021729 0.7059 0.4196 0.2627
v -0.138428 0.846191 -0.021729 0.7372 0.4432 0.2902
v -0.077393 0.849609 -0.021729 0.5961 0.3372 0.2000
v -0.033936 0.872070 -0.021729 0.6118 0.3529 0.2196
v 0.031982 0.872559 -0.021729 0.6589 0.4039 0.2784
v -0.036865 0.889160 -0.021729 0.6393 0.3647 0.2432
v 0.034424 0.889160 -0.021729 0.5921 0.3529 0.2353
v -0.039795 0.895508 -0.021729 0.3647 0.2039 0.1176
v -0.056396 0.922363 -0.021729 0.7568 0.4235 0.3176
v 0.054443 0.922363 -0.021729 0.7686 0.4078 0.3019
v 0.052490 0.936035 -0.021729 0.1176 0.0745 0.0392
v -0.058838 0.946289 -0.021729 0.1412 0.0941 0.0549
v 0.057861 0.956055 -0.021729 0.1216 0.0706 0.0157
v -0.048584 0.978516 -0.021729 0.1490 0.0941 0.0588
v 0.042236 0.979492 -0.021729 0.0980 0.0588 0.0314
v -0.046631 0.980957 -0.021729 0.1686 0.1216 0.0706
v 0.043701 0.981445 -0.021729 0.1137 0.0706 0.0392
v 0.028076 0.983398 -0.021729 0.0902 0.0549 0.0157
v -0.001221 0.438477 -0.021729 0.1137 0.0392 0.1569
v -0.015869 0.435059 -0.021729 0.4980 0.2667 0.1490
v 0.013428 0.435059 -0.021729 0.4667 0.2510 0.1333
v -0.114014 0.421387 -0.021729 0.5608 0.3294 0.2078
v 0.111572 0.421387 -0.021729 0.5569 0.3098 0.1882
v -0.000732 0.419922 -0.021729 0.1098 0.0431 0.1647
v -0.001709 0.419922 -0.021729 0.1059 0.0392 0.1647
v -0.000244 0.402832 -0.021729 0.1373 0.0588 0.2000
v -0.002197 0.402832 -0.021729 0.1490 0.0549 0.1961
v -0.109131 0.375977 -0.021729 0.6432 0.3765 0.2392
v 0.106689 0.375977 -0.021729 0.6667 0.4000 0.2627
v -0.083252 0.605469 -0.022217 0.4628 0.3804 0.3921
v 0.081299 0.605469 -0.022217 0.4432 0.3725 0.3804
v -0.082275 0.623047 -0.022217 0.5176 0.4628 0.4235
v 0.079834 0.623047 -0.022217 0.5255 0.4667 0.4353
v -0.078369 0.639648 -0.022217 0.6589 0.5647 0.5333
v 0.075928 0.639648 -0.022217 0.6667 0.5725 0.5608
v -0.082275 0.687500 -0.022217 0.7020 0.4353 0.2980
v 0.079834 0.687500 -0.022217 0.6745 0.3961 0.2510
v -0.153564 0.762695 -0.022217 0.7137 0.4314 0.2823
v -0.218506 0.769531 -0.022217 0.5921 0.3333 0.2078
v 0.416748 0.812988 -0.022217 0.1922 0.0902 0.2784
v -0.312256 0.822754 -0.022217 0.7686 0.4628 0.2980
v 0.286377 0.829102 -0.022217 0.7412 0.4432 0.2941
v -0.215576 0.830078 -0.022217 0.6589 0.3725 0.2432
v -0.189697 0.833984 -0.022217 0.7137 0.4235 0.2706
v -0.240479 0.834473 -0.022217 0.7255 0.4314 0.2823
v 0.150146 0.837402 -0.022217 0.6980 0.4078 0.2627
v 0.145264 0.841309 -0.022217 0.7059 0.4157 0.2588
v 0.075928 0.849121 -0.022217 0.6745 0.4039 0.2706
v -0.130615 0.849609 -0.022217 0.6941 0.3961 0.2549
v -0.035400 0.880371 -0.022217 0.6550 0.3843 0.2549
v 0.032959 0.880371 -0.022217 0.6550 0.3921 0.2549
v 0.038330 0.896484 -0.022217 0.0627 0.0549 0.0314
v -0.039795 0.899414 -0.022217 0.3098 0.1530 0.0824
v 0.048096 0.902832 -0.022217 0.7960 0.4510 0.3529
v -0.050049 0.903320 -0.022217 0.7568 0.4275 0.3372
v -0.040771 0.907227 -0.022217 0.5569 0.2745 0.1922
v 0.038818 0.907227 -0.022217 0.5530 0.2667 0.1804
v 0.042725 0.916992 -0.022217 0.5412 0.2588 0.1686
v -0.053955 0.917969 -0.022217 0.6315 0.3019 0.2196
v 0.052002 0.917969 -0.022217 0.5961 0.2706 0.2118
v -0.048096 0.918945 -0.022217 0.6863 0.3568 0.2784
v 0.051514 0.931152 -0.022217 0.1294 0.0824 0.0431
v 0.054932 0.966309 -0.022217 0.0627 0.0431 0.0157
v 0.041260 0.978027 -0.022217 0.0902 0.0431 0.0275
v 0.034424 0.981934 -0.022217 0.1216 0.0824 0.0510
v 0.042725 0.982422 -0.022217 0.1137 0.0706 0.0392
v -0.027100 0.984863 -0.022217 0.1686 0.1176 0.0667
v -0.018311 0.986816 -0.022217 0.1725 0.1176 0.0667
v -0.006592 0.987793 -0.022217 0.1137 0.0627 0.0275
v -0.112061 0.408203 -0.022217 0.5608 0.3333 0.2157
v 0.109619 0.408203 -0.022217 0.5882 0.3412 0.2078
v 0.100342 0.530762 -0.022705 0.1412 0.0706 0.2157
v 0.083252 0.608887 -0.022705 0.7529 0.6863 0.6236
v -0.085205 0.609375 -0.022705 0.5451 0.4980 0.4471
v -0.081299 0.636719 -0.022705 0.7764 0.7451 0.7216
v 0.078857 0.636719 -0.022705 0.5921 0.5647 0.5333
v -0.137451 0.766113 -0.022705 0.6706 0.3647 0.2196
v -0.333740 0.806152 -0.022705 0.2275 0.1020 0.2471
v 0.364990 0.825684 -0.022705 0.7294 0.6667 0.6315
v -0.209229 0.831055 -0.022705 0.6510 0.3765 0.2353
v 0.335693 0.831543 -0.022705 0.8157 0.7647 0.7098
v 0.137939 0.845215 -0.022705 0.7020 0.4078 0.2549
v -0.119873 0.853516 -0.022705 0.7529 0.4589 0.3098
v 0.033447 0.858887 -0.022705 0.6276 0.3568 0.2235
v 0.036377 0.889160 -0.022705 0.4314 0.2510 0.1725
v 0.032959 0.893555 -0.022705 0.4432 0.2432 0.1608
v -0.041748 0.897949 -0.022705 0.2392 0.1530 0.1216
v 0.038818 0.900879 -0.022705 0.2980 0.1686 0.1294
v 0.049561 0.907227 -0.022705 0.6941 0.3490 0.2549
v -0.052002 0.907715 -0.022705 0.7176 0.3843 0.2941
v 0.042725 0.918457 -0.022705 0.5137 0.2588 0.1765
v -0.044678 0.918945 -0.022705 0.4745 0.2275 0.1530
v 0.055908 0.943359 -0.022705 0.1725 0.1098 0.0588
v -0.056396 0.946289 -0.022705 0.1294 0.0863 0.0510
v 0.054932 0.950684 -0.022705 0.1412 0.0902 0.0549
v 0.056885 0.958496 -0.022705 0.0824 0.0471 0.0235
v -0.055908 0.966309 -0.022705 0.1490 0.0902 0.0510
v 0.047119 0.968750 -0.022705 0.1059 0.0667 0.0275
v 0.044189 0.973145 -0.022705 0.0784 0.0392 0.0118
v -0.034424 0.983398 -0.022705 0.1530 0.1059 0.0706
v -0.012451 0.988281 -0.022705 0.1294 0.0863 0.0627
v -0.043701 0.306641 -0.022705 0.6589 0.3921 0.2510
v 0.041260 0.306641 -0.022705 0.6471 0.3216 0.1490
v -0.051025 0.199219 -0.022705 0.6550 0.3568 0.2078
v 0.048584 0.199219 -0.022705 0.6471 0.3804 0.2432
v 0.121826 0.191895 -0.022705 0.6471 0.3804 0.2471
v 0.119873 0.163086 -0.022705 0.3843 0.1843 0.2039
v -0.122314 0.162598 -0.022705 0.2471 0.1137 0.2314
v -0.125732 0.161621 -0.022705 0.2039 0.0941 0.2588
v 0.123291 0.161621 -0.022705 0.2275 0.0902 0.2941
v -0.103271 0.530762 -0.023193 0.1294 0.0471 0.2039
v -0.080322 0.565430 -0.023193 0.5451 0.3059 0.1843
v 0.077881 0.565430 -0.023193 0.5490 0.3137 0.2078
v -0.086670 0.600098 -0.023193 0.2588 0.0824 0.3372
v 0.153076 0.761719 -0.023193 0.6941 0.4196 0.2823
v 0.167236 0.761719 -0.023193 0.6157 0.3294 0.2000
v 0.181396 0.765137 -0.023193 0.6785 0.4118 0.2706
v 0.190186 0.767578 -0.023193 0.6000 0.3294 0.2039
v -0.228272 0.769043 -0.023193 0.6393 0.3804 0.2549
v -0.286865 0.770020 -0.023193 0.6667 0.4000 0.2627
v 0.329346 0.789062 -0.023193 0.5412 0.2784 0.2196
v -0.342529 0.801270 -0.023193 0.7608 0.6863 0.6315
v -0.200439 0.832520 -0.023193 0.7098 0.4196 0.2823
v -0.173584 0.834473 -0.023193 0.7372 0.4432 0.2941
v 0.130127 0.849121 -0.023193 0.7294 0.4353 0.2823
v -0.107178 0.855957 -0.023193 0.7333 0.4550 0.2941
v -0.035400 0.858398 -0.023193 0.5882 0.3333 0.2000
v 0.036377 0.882324 -0.023193 0.6039 0.3647 0.2471
v 0.036377 0.885742 -0.023193 0.4980 0.2863 0.1961
v -0.041260 0.891113 -0.023193 0.3019 0.1882 0.1059
v -0.036865 0.895020 -0.023193 0.4980 0.2627 0.1882
v -0.053467 0.912598 -0.023193 0.6550 0.3216 0.2392
v 0.051514 0.912598 -0.023193 0.5843 0.2667 0.1882
v 0.044678 0.917480 -0.023193 0.5216 0.2667 0.1961
v -0.049561 0.919434 -0.023193 0.6706 0.3412 0.2549
v 0.049072 0.925293 -0.023193 0.2471 0.1137 0.1137
v -0.057861 0.937988 -0.023193 0.1490 0.0824 0.0588
v -0.053467 0.963867 -0.023193 0.1137 0.0627 0.0314
v 0.054443 0.964844 -0.023193 0.1490 0.0902 0.0667
v 0.053955 0.967773 -0.023193 0.1098 0.0706 0.0471
v -0.046143 0.976074 -0.023193 0.1137 0.0667 0.0431
v -0.039307 0.980469 -0.023193 0.0784 0.0431 0.0196
v 0.039307 0.980957 -0.023193 0.1137 0.0706 0.0314
v -0.102295 0.336914 -0.023193 0.6471 0.3765 0.2353
v 0.099854 0.336914 -0.023193 0.6079 0.3333 0.2000
v -0.122803 0.191895 -0.023193 0.6628 0.3921 0.2667
v 0.063721 0.161621 -0.023193 0.5176 0.2980 0.2588
v -0.062744 0.159668 -0.023193 0.1882 0.1176 0.3059
v 0.060791 0.159668 -0.023193 0.1569 0.1020 0.2863
v 0.124756 0.155762 -0.023193 0.8235 0.7608 0.7333
v -0.074463 0.020996 -0.023193 0.1608 0.0784 0.2314
v 0.072510 0.020996 -0.023193 0.1451 0.0627 0.2196
v 0.085205 0.600586 -0.023682 0.2078 0.0706 0.2784
v 0.136475 0.765625 -0.023682 0.6628 0.3843 0.2510
v 0.199463 0.769531 -0.023682 0.5764 0.3176 0.1922
v 0.208740 0.770020 -0.023682 0.6471 0.3882 0.2667
v 0.298584 0.772949 -0.023682 0.7451 0.4745 0.3216
v -0.311768 0.782715 -0.023682 0.6824 0.4078 0.2706
v 0.338135 0.788086 -0.023682 0.1961 0.1451 0.2667
v 0.389404 0.814453 -0.023682 0.2353 0.1059 0.3098
v 0.070068 0.845703 -0.023682 0.5647 0.3059 0.1804
v -0.072021 0.846191 -0.023682 0.6980 0.4118 0.2549
v -0.060791 0.847168 -0.023682 0.7059 0.4118 0.2627
v 0.058838 0.847168 -0.023682 0.7059 0.3961 0.2432
v -0.051514 0.851074 -0.023682 0.7412 0.4628 0.3059
v 0.049561 0.851562 -0.023682 0.7490 0.4550 0.2784
v 0.119385 0.853027 -0.023682 0.7529 0.4589 0.3059
v -0.041260 0.855957 -0.023682 0.6628 0.3843 0.2471
v 0.039307 0.856445 -0.023682 0.7176 0.4118 0.2471
v -0.042236 0.884277 -0.023682 0.3412 0.2118 0.1216
v -0.042236 0.887695 -0.023682 0.4510 0.2353 0.1412
v -0.042725 0.891602 -0.023682 0.4235 0.2510 0.1843
v -0.038330 0.893066 -0.023682 0.2667 0.1333 0.0824
v 0.040283 0.900391 -0.023682 0.1333 0.0549 0.0235
v -0.050049 0.902344 -0.023682 0.6785 0.3843 0.2941
v 0.048096 0.902344 -0.023682 0.7137 0.3843 0.2941
v -0.042725 0.902832 -0.023682 0.1490 0.0784 0.0588
v 0.044189 0.904785 -0.023682 0.5373 0.3098 0.2196
v -0.046143 0.905273 -0.023682 0.1765 0.0824 0.0588
v 0.041748 0.911621 -0.023682 0.5451 0.2588 0.1882
v 0.041260 0.913086 -0.023682 0.5333 0.2667 0.1804
v -0.043213 0.913574 -0.023682 0.5294 0.2549 0.1765
v 0.047607 0.920898 -0.023682 0.2980 0.1608 0.1176
v 0.054443 0.923828 -0.023682 0.7137 0.3451 0.2471
v -0.056396 0.924316 -0.023682 0.7294 0.3921 0.2902
v -0.061279 0.944336 -0.023682 0.1176 0.0706 0.0392
v 0.057373 0.954590 -0.023682 0.0941 0.0549 0.0235
v 0.050049 0.963867 -0.023682 0.1294 0.0824 0.0471
v 0.049561 0.967285 -0.023682 0.0863 0.0588 0.0353
v -0.042725 0.978516 -0.023682 0.1569 0.1137 0.0745
v -0.048096 0.979004 -0.023682 0.1451 0.0980 0.0549
v -0.046631 0.979492 -0.023682 0.1333 0.0863 0.0431
v 0.019775 0.986328 -0.023682 0.1255 0.0745 0.0392
v 0.015869 0.987305 -0.023682 0.1530 0.1020 0.0627
v -0.112061 0.445312 -0.023682 0.5098 0.2863 0.2000
v 0.109619 0.445312 -0.023682 0.5333 0.2980 0.1882
v -0.066162 0.161621 -0.023682 0.4235 0.2471 0.2941
v -0.127197 0.155273 -0.023682 0.7843 0.7020 0.6706
v -0.062256 0.153320 -0.023682 0.5686 0.4902 0.4706
v 0.059814 0.153320 -0.023682 0.5843 0.5098 0.4980
v -0.073486 0.070312 -0.023682 0.1530 0.0471 0.2078
v 0.071045 0.070312 -0.023682 0.1843 0.0784 0.2314
v 0.095947 0.550293 -0.024170 0.1961 0.0745 0.2549
v 0.218018 0.769043 -0.024170 0.5490 0.2902 0.1882
v 0.322998 0.787598 -0.024170 0.7255 0.4118 0.2588
v 0.333252 0.787598 -0.024170 0.1020 0.0431 0.2235
v 0.403076 0.814453 -0.024170 0.2118 0.0824 0.2745
v 0.365967 0.814941 -0.024170 0.7608 0.6941 0.6628
v -0.338135 0.823242 -0.024170 0.7176 0.6550 0.5921
v 0.322022 0.828125 -0.024170 0.4039 0.2000 0.2667
v 0.215088 0.829590 -0.024170 0.7176 0.4353 0.2863
v 0.221924 0.829590 -0.024170 0.7020 0.4118 0.2706
v 0.230713 0.831543 -0.024170 0.7137 0.4314 0.2745
v 0.189209 0.833008 -0.024170 0.6510 0.3529 0.2118
v -0.162354 0.834473 -0.024170 0.6902 0.4000 0.2549
v 0.254639 0.835938 -0.024170 0.7412 0.4550 0.3019
v 0.106201 0.855469 -0.024170 0.6902 0.3921 0.2432
v -0.094971 0.855957 -0.024170 0.7137 0.4235 0.2706
v 0.037354 0.885254 -0.024170 0.3176 0.1961 0.1137
v -0.040771 0.887695 -0.024170 0.2902 0.1608 0.0902
v -0.039795 0.890625 -0.024170 0.2157 0.1255 0.0745
v 0.040283 0.905762 -0.024170 0.1961 0.1176 0.0784
v 0.050537 0.906738 -0.024170 0.8000 0.4432 0.3412
v -0.052490 0.907227 -0.024170 0.7764 0.4353 0.3333
v -0.047119 0.914062 -0.024170 0.4902 0.2196 0.1686
v 0.053955 0.918945 -0.024170 0.8000 0.4196 0.3059
v -0.055908 0.919434 -0.024170 0.7843 0.4510 0.3490
v 0.052002 0.923828 -0.024170 0.6039 0.3176 0.2314
v -0.053955 0.924316 -0.024170 0.6276 0.3019 0.2078
v 0.060791 0.957520 -0.024170 0.1176 0.0667 0.0392
v -0.053467 0.961426 -0.024170 0.1216 0.0706 0.0314
v 0.049561 0.961914 -0.024170 0.1569 0.0980 0.0471
v -0.049561 0.973145 -0.024170 0.0824 0.0471 0.0196
v -0.049561 0.982422 -0.024170 0.1530 0.1059 0.0588
v 0.116455 0.264160 -0.024170 0.6863 0.4118 0.2706
v -0.117920 0.263672 -0.024170 0.6236 0.3568 0.2118
v 0.061768 0.170410 -0.024170 0.6393 0.3725 0.2353
v 0.128174 0.036621 -0.024170 0.2275 0.1059 0.2706
v -0.088623 0.538574 -0.024658 0.5294 0.2980 0.1804
v 0.086182 0.538574 -0.024658 0.5294 0.3059 0.1882
v -0.099854 0.550781 -0.024658 0.1725 0.0784 0.2392
v -0.236084 0.769531 -0.024658 0.6824 0.4235 0.2863
v -0.123779 0.771484 -0.024658 0.5804 0.3176 0.1843
v 0.208740 0.830566 -0.024658 0.6941 0.4078 0.2706
v 0.329834 0.831543 -0.024658 0.1608 0.0784 0.2471
v 0.173096 0.833496 -0.024658 0.6745 0.3804 0.2353
v 0.240479 0.833984 -0.024658 0.6785 0.3804 0.2392
v 0.093994 0.855469 -0.024658 0.7176 0.4275 0.2745
v 0.038330 0.888672 -0.024658 0.2078 0.1490 0.1059
v 0.034424 0.890625 -0.024658 0.3843 0.2275 0.1725
v -0.044678 0.901855 -0.024658 0.0824 0.0510 0.0431
v -0.048096 0.902344 -0.024658 0.5059 0.2823 0.2078
v 0.046143 0.902344 -0.024658 0.5843 0.3059 0.2196
v 0.041748 0.905273 -0.024658 0.1255 0.0745 0.0510
v -0.045654 0.908691 -0.024658 0.1608 0.0824 0.0510
v 0.043701 0.911621 -0.024658 0.4118 0.2314 0.1647
v -0.054932 0.913086 -0.024658 0.7608 0.4275 0.3412
v 0.052979 0.913086 -0.024658 0.7960 0.4392 0.3372
v -0.050049 0.918457 -0.024658 0.3686 0.1569 0.0980
v 0.048096 0.918457 -0.024658 0.3019 0.1647 0.1216
v -0.057861 0.931641 -0.024658 0.1451 0.1137 0.0667
v 0.052490 0.958496 -0.024658 0.1020 0.0588 0.0235
v 0.060303 0.958496 -0.024658 0.0902 0.0510 0.0314
v -0.055420 0.963867 -0.024658 0.1216 0.0667 0.0471
v 0.053467 0.965332 -0.024658 0.1176 0.0667 0.0353
v -0.106689 0.470215 -0.024658 0.4941 0.2706 0.1686
v 0.104248 0.470215 -0.024658 0.4628 0.2510 0.1569
v -0.028564 0.386230 -0.024658 0.5921 0.3333 0.1961
v 0.026123 0.386230 -0.024658 0.5804 0.3059 0.1725
v -0.049561 0.295898 -0.024658 0.6236 0.3765 0.2549
v 0.047119 0.295898 -0.024658 0.6863 0.3451 0.1647
v -0.062256 0.176270 -0.024658 0.6432 0.3686 0.2275
v 0.059814 0.176270 -0.024658 0.6354 0.3686 0.2314
v -0.064209 0.170410 -0.024658 0.6276 0.3529 0.2196
v 0.064697 0.136230 -0.024658 0.1882 0.0784 0.2392
v -0.067139 0.135742 -0.024658 0.1843 0.0745 0.2510
v -0.130127 0.036621 -0.024658 0.2706 0.1294 0.3176
v 0.093018 0.569336 -0.025146 0.1725 0.0667 0.2353
v -0.093018 0.586914 -0.025147 0.2471 0.0863 0.3255
v 0.090576 0.586914 -0.025146 0.2588 0.1059 0.3333
v -0.272705 0.768066 -0.025147 0.7020 0.4314 0.2980
v -0.241455 0.769531 -0.025147 0.7020 0.4550 0.2941
v -0.114014 0.771973 -0.025147 0.5686 0.3294 0.2039
v -0.324463 0.792969 -0.025147 0.7725 0.4275 0.2471
v -0.323486 0.811523 -0.025147 0.8117 0.4589 0.2549
v 0.332764 0.814453 -0.025146 0.1765 0.0784 0.2353
v -0.324951 0.820312 -0.025147 0.2118 0.1176 0.3137
v 0.300049 0.826172 -0.025146 0.6980 0.3961 0.2432
v -0.272217 0.830566 -0.025147 0.7294 0.4235 0.2627
v 0.324951 0.830566 -0.025146 0.1765 0.0902 0.2627
v 0.199951 0.831543 -0.025146 0.7059 0.4235 0.2745
v -0.157471 0.833984 -0.025147 0.6902 0.4039 0.2588
v 0.035889 0.884766 -0.025146 0.4902 0.3059 0.2078
v -0.042725 0.887695 -0.025146 0.2549 0.1373 0.0824
v -0.048584 0.914062 -0.025146 0.3882 0.1765 0.1294
v -0.044189 0.920898 -0.025146 0.4784 0.2432 0.1569
v 0.042236 0.920898 -0.025146 0.3255 0.1608 0.0824
v -0.056396 0.942383 -0.025146 0.0863 0.0510 0.0196
v 0.056396 0.947754 -0.025146 0.1059 0.0627 0.0196
v 0.052979 0.954590 -0.025146 0.1020 0.0627 0.0314
v 0.052979 0.966797 -0.025146 0.1059 0.0627 0.0392
v -0.052979 0.970703 -0.025146 0.0941 0.0588 0.0392
v -0.016357 0.987305 -0.025146 0.0902 0.0471 0.0078
v -0.023193 0.406250 -0.025146 0.5647 0.3098 0.1843
v 0.021240 0.406250 -0.025146 0.5255 0.2823 0.1608
v -0.102783 0.349609 -0.025147 0.6276 0.3490 0.2235
v 0.100830 0.349609 -0.025146 0.6471 0.3765 0.2471
v 0.045654 0.258789 -0.025146 0.6432 0.3765 0.2314
v -0.047607 0.258301 -0.025146 0.6432 0.3686 0.2275
v 0.119385 0.164551 -0.025146 0.6589 0.3804 0.2314
v -0.066650 0.160156 -0.025146 0.3608 0.2039 0.2392
v 0.064209 0.160156 -0.025146 0.4235 0.2235 0.1882
v 0.122803 0.138184 -0.025146 0.2314 0.1059 0.2902
v -0.098877 0.501465 -0.025635 0.4863 0.2627 0.1569
v 0.096436 0.501465 -0.025635 0.4432 0.2432 0.1608
v -0.096924 0.569824 -0.025635 0.2000 0.0863 0.2706
v 0.227783 0.768066 -0.025635 0.6393 0.3608 0.2353
v 0.122314 0.770996 -0.025635 0.5804 0.3176 0.1804
v -0.329346 0.798828 -0.025635 0.1294 0.0627 0.2235
v 0.322022 0.818848 -0.025635 0.7490 0.4589 0.3098
v 0.161865 0.833496 -0.025635 0.6667 0.3765 0.2314
v -0.086670 0.854492 -0.025635 0.7098 0.4157 0.2627
v 0.039795 0.894531 -0.025635 0.1216 0.0941 0.0549
v 0.050537 0.906250 -0.025635 0.7255 0.3804 0.2784
v -0.052490 0.906738 -0.025635 0.7137 0.3804 0.2745
v -0.047119 0.908203 -0.025635 0.1412 0.0667 0.0392
v 0.053955 0.940430 -0.025635 0.0706 0.0431 0.0078
v -0.055420 0.956055 -0.025635 0.1020 0.0510 0.0196
v 0.060303 0.957031 -0.025635 0.1059 0.0588 0.0314
v 0.055908 0.958008 -0.025635 0.0941 0.0510 0.0235
v 0.028076 0.982910 -0.025635 0.1647 0.1098 0.0745
v -0.037354 0.984863 -0.025635 0.1333 0.0980 0.0588
v 0.108643 0.421875 -0.025635 0.5569 0.3176 0.1961
v -0.110107 0.401855 -0.025635 0.5961 0.3451 0.2275
v 0.107666 0.401855 -0.025635 0.6039 0.3529 0.2118
v -0.110107 0.401367 -0.025635 0.5961 0.3451 0.2314
v -0.120850 0.164551 -0.025635 0.6354 0.3686 0.2392
v -0.125244 0.138184 -0.025635 0.2314 0.1216 0.2823
v -0.072021 0.114746 -0.025635 0.1569 0.0588 0.2157
v 0.069580 0.114746 -0.025635 0.1922 0.0941 0.2471
v 0.071533 0.100586 -0.025635 0.2000 0.0902 0.2588
v -0.074951 0.086426 -0.025635 0.1843 0.0706 0.2392
v 0.072510 0.086426 -0.025635 0.2275 0.1020 0.2941
v -0.109619 0.753418 -0.026123 0.7216 0.4471 0.2941
v -0.259033 0.768066 -0.026123 0.6902 0.4235 0.2863
v -0.248779 0.768555 -0.026123 0.6039 0.3372 0.2157
v 0.112549 0.771484 -0.026123 0.5686 0.3098 0.1725
v 0.333252 0.796387 -0.026123 0.1804 0.0549 0.1530
v -0.340576 0.812500 -0.026123 0.6745 0.6000 0.5373
v -0.332764 0.822754 -0.026123 0.2118 0.1686 0.1961
v 0.085205 0.854004 -0.026123 0.7372 0.4550 0.3059
v -0.044189 0.891113 -0.026123 0.0627 0.0471 0.0275
v 0.054932 0.919922 -0.026123 0.6863 0.3333 0.2235
v -0.056885 0.920410 -0.026123 0.7098 0.4000 0.2823
v -0.054443 0.930176 -0.026123 0.1373 0.0980 0.0510
v -0.057373 0.950684 -0.026123 0.1059 0.0627 0.0078
v 0.056396 0.955566 -0.026123 0.1216 0.0784 0.0431
v 0.063721 0.959473 -0.026123 0.1098 0.0667 0.0392
v -0.058838 0.965332 -0.026123 0.1725 0.1137 0.0745
v 0.056885 0.967773 -0.026123 0.1412 0.0902 0.0510
v 0.002197 0.983887 -0.026123 0.2039 0.1412 0.0784
v 0.022217 0.984863 -0.026123 0.1333 0.0863 0.0549
v -0.111084 0.421875 -0.026123 0.5608 0.3216 0.2078
v -0.134033 0.416992 -0.026123 0.2078 0.1216 0.3137
v 0.131592 0.416992 -0.026123 0.2353 0.1176 0.3216
v -0.104248 0.360840 -0.026123 0.6157 0.3451 0.2157
v 0.102295 0.360840 -0.026123 0.6471 0.3725 0.2392
v -0.056885 0.186035 -0.026123 0.6393 0.3725 0.2275
v 0.054443 0.186035 -0.026123 0.6354 0.3765 0.2392
v 0.068115 0.144531 -0.026123 0.4000 0.2039 0.1647
v -0.073975 0.100586 -0.026123 0.1843 0.0706 0.2432
v 0.074951 0.676758 -0.026611 0.7137 0.4392 0.2980
v -0.104736 0.730957 -0.026611 0.7098 0.4392 0.2941
v 0.105713 0.742188 -0.026611 0.6941 0.4039 0.2588
v -0.107666 0.742676 -0.026611 0.6667 0.4000 0.2627
v 0.107666 0.752930 -0.026611 0.7137 0.4275 0.2745
v -0.111572 0.766113 -0.026611 0.6039 0.3490 0.2235
v -0.338135 0.798828 -0.026611 0.8000 0.7137 0.6550
v -0.312256 0.815918 -0.026611 0.6902 0.3843 0.2314
v -0.327881 0.821777 -0.026611 0.1098 0.0392 0.1961
v 0.311768 0.821777 -0.026611 0.6980 0.4000 0.2627
v -0.216064 0.827637 -0.026611 0.6706 0.3961 0.2549
v -0.222900 0.827637 -0.026611 0.6510 0.3647 0.2196
v -0.209229 0.829102 -0.026611 0.6315 0.3490 0.2196
v 0.156494 0.833496 -0.026611 0.6510 0.3608 0.2314
v -0.041748 0.887207 -0.026611 0.1765 0.0941 0.0549
v -0.045654 0.895996 -0.026611 0.0902 0.0784 0.0392
v 0.048584 0.906250 -0.026611 0.5804 0.3098 0.2235
v -0.050537 0.906738 -0.026611 0.5059 0.2745 0.1922
v 0.052979 0.913086 -0.026611 0.7529 0.4039 0.3098
v -0.054932 0.913574 -0.026611 0.7255 0.4078 0.2941
v -0.058838 0.934570 -0.026611 0.1608 0.1176 0.0667
v 0.052979 0.936035 -0.026611 0.0745 0.0353 0.0039
v 0.059814 0.957520 -0.026611 0.0902 0.0471 0.0235
v 0.059814 0.958496 -0.026611 0.0902 0.0549 0.0314
v -0.055908 0.968262 -0.026611 0.1059 0.0549 0.0196
v 0.040771 0.981445 -0.026611 0.1294 0.0863 0.0431
v -0.037354 0.981934 -0.026611 0.1176 0.0745 0.0353
v 0.034912 0.982910 -0.026611 0.1451 0.0980 0.0627
v 0.010010 0.985840 -0.026611 0.1216 0.0824 0.0431
v -0.015381 0.990723 -0.026611 0.1530 0.1059 0.0745
v -0.110107 0.406250 -0.026611 0.5961 0.3490 0.2196
v 0.107666 0.406250 -0.026611 0.5686 0.3216 0.1843
v -0.119873 0.147461 -0.026611 0.3843 0.1961 0.1412
v 0.117920 0.147461 -0.026611 0.3529 0.1765 0.1569
v -0.070557 0.144531 -0.026611 0.4784 0.2471 0.1843
v -0.077393 0.676758 -0.027100 0.6628 0.3882 0.2471
v -0.100830 0.720215 -0.027100 0.6902 0.4039 0.2667
v 0.098877 0.720215 -0.027100 0.7255 0.4392 0.2902
v 0.102295 0.730957 -0.027100 0.7098 0.4275 0.2706
v 0.110107 0.765625 -0.027100 0.6000 0.3176 0.1686
v 0.235107 0.768555 -0.027100 0.7020 0.4314 0.2902
v 0.286377 0.769043 -0.027100 0.7216 0.4471 0.2980
v -0.324463 0.803223 -0.027100 0.8196 0.4784 0.2784
v -0.287354 0.825684 -0.027100 0.7333 0.4235 0.2706
v -0.232178 0.829102 -0.027100 0.6941 0.3921 0.2471
v -0.200439 0.830566 -0.027100 0.6510 0.3647 0.2275
v -0.153076 0.837891 -0.027100 0.7255 0.4353 0.2823
v 0.052490 0.919922 -0.027100 0.5725 0.2784 0.2039
v -0.054443 0.920410 -0.027100 0.6039 0.3098 0.2118
v -0.052979 0.925293 -0.027100 0.0118 0.0275 0.0000
v -0.057861 0.942871 -0.027100 0.0784 0.0353 0.0118
v 0.052979 0.951660 -0.027100 0.0745 0.0392 0.0039
v -0.058838 0.963867 -0.027100 0.1255 0.0588 0.0392
v 0.041260 0.978027 -0.027100 0.0902 0.0510 0.0235
v -0.031982 0.986816 -0.027100 0.1137 0.0667 0.0314
v 0.018311 0.990234 -0.027100 0.1020 0.0627 0.0275
v 0.118896 0.117188 -0.027100 0.1843 0.0784 0.2353
v -0.072510 0.032715 -0.027100 0.2275 0.1020 0.2863
v 0.070557 0.032715 -0.027100 0.2314 0.1216 0.3059
v 0.091553 0.705566 -0.027588 0.6902 0.4118 0.2667
v -0.093994 0.706055 -0.027588 0.6824 0.4078 0.2745
v -0.096924 0.711426 -0.027588 0.6432 0.3686 0.2353
v 0.094482 0.711426 -0.027588 0.7216 0.4392 0.2941
v -0.332764 0.798340 -0.027588 0.2275 0.0980 0.2823
v 0.333252 0.805664 -0.027588 0.1686 0.0745 0.2314
v -0.327393 0.810059 -0.027588 0.1412 0.0510 0.2510
v 0.077881 0.850586 -0.027588 0.6863 0.4157 0.2745
v -0.079346 0.851074 -0.027588 0.6393 0.3725 0.2314
v 0.035400 0.887207 -0.027588 0.1451 0.0863 0.0627
v -0.038818 0.891113 -0.027588 0.1333 0.0745 0.0431
v 0.041748 0.899902 -0.027588 0.0980 0.0784 0.0431
v -0.047119 0.901855 -0.027588 0.1020 0.0902 0.0588
v 0.043213 0.904785 -0.027588 0.0510 0.0431 0.0314
v -0.052979 0.913574 -0.027588 0.5647 0.2902 0.1961
v 0.051025 0.913574 -0.027588 0.5804 0.2902 0.2157
v -0.042725 0.914551 -0.027588 0.3255 0.1569 0.1098
v 0.040283 0.914551 -0.027588 0.2078 0.1098 0.0667
v -0.051514 0.919434 -0.027588 0.3294 0.1843 0.1451
v 0.050049 0.924316 -0.027588 0.0902 0.0627 0.0157
v 0.052490 0.930176 -0.027588 0.1059 0.0667 0.0275
v 0.058350 0.941895 -0.027588 0.1647 0.1020 0.0549
v -0.039795 0.979492 -0.027588 0.1098 0.0588 0.0431
v -0.038330 0.982910 -0.027588 0.1373 0.0941 0.0588
v -0.027100 0.985840 -0.027588 0.1804 0.1255 0.0588
v -0.018311 0.986328 -0.027588 0.1059 0.0667 0.0275
v 0.013428 0.987305 -0.027588 0.1843 0.1137 0.0627
v -0.007080 0.988281 -0.027588 0.0863 0.0510 0.0314
v 0.020752 0.989258 -0.027588 0.1530 0.0902 0.0549
v -0.041260 0.330078 -0.027588 0.6628 0.3921 0.2627
v 0.038818 0.330078 -0.027588 0.6157 0.2902 0.1373
v -0.051025 0.288574 -0.027588 0.6315 0.3725 0.2392
v 0.048584 0.288574 -0.027588 0.6432 0.3176 0.1530
v -0.120850 0.117188 -0.027588 0.1882 0.0941 0.2471
v 0.240967 0.768555 -0.028076 0.6236 0.3529 0.2275
v 0.311279 0.781738 -0.028076 0.6706 0.3882 0.2432
v -0.040283 0.889648 -0.028076 0.1530 0.0980 0.0667
v -0.049072 0.908203 -0.028076 0.0627 0.0353 0.0157
v 0.045654 0.911621 -0.028076 0.1843 0.1098 0.0784
v -0.050049 0.914062 -0.028076 0.2902 0.1882 0.1569
v 0.048096 0.918457 -0.028076 0.0980 0.0510 0.0275
v -0.052979 0.962891 -0.028076 0.1176 0.0706 0.0314
v -0.054932 0.963379 -0.028076 0.1020 0.0706 0.0392
v -0.058838 0.966797 -0.028076 0.1686 0.1176 0.0706
v 0.044189 0.973145 -0.028076 0.1020 0.0627 0.0275
v -0.097900 0.322754 -0.028076 0.6276 0.3529 0.2196
v 0.095947 0.322754 -0.028076 0.6432 0.3686 0.2353
v -0.043701 0.320312 -0.028076 0.6941 0.4392 0.2980
v 0.041260 0.320312 -0.028076 0.6393 0.3176 0.1333
v -0.119873 0.103516 -0.028076 0.1961 0.0941 0.2627
v 0.117432 0.103516 -0.028076 0.2039 0.0941 0.2627
v -0.124756 0.001465 -0.028076 0.1686 0.1451 0.1255
v 0.122803 0.001465 -0.028076 0.1882 0.2039 0.1804
v 0.272217 0.767090 -0.028564 0.7333 0.4471 0.3059
v 0.247803 0.768066 -0.028564 0.7294 0.4706 0.3255
v -0.300049 0.777832 -0.028564 0.6471 0.3647 0.2392
v 0.342041 0.800293 -0.028564 0.7255 0.6941 0.6589
v -0.300537 0.820312 -0.028564 0.7647 0.4706 0.3255
v 0.215576 0.826660 -0.028564 0.6354 0.3490 0.2118
v 0.222412 0.826660 -0.028564 0.6510 0.3412 0.2039
v 0.208740 0.828125 -0.028564 0.6745 0.3882 0.2588
v 0.271729 0.829590 -0.028564 0.7490 0.4628 0.3019
v 0.199951 0.830078 -0.028564 0.6118 0.3372 0.2039
v -0.241943 0.830566 -0.028564 0.7568 0.4550 0.3059
v 0.152588 0.837402 -0.028564 0.6706 0.3804 0.2392
v 0.031006 0.889648 -0.028564 0.2353 0.1373 0.0941
v -0.040283 0.907227 -0.028564 0.3255 0.1569 0.1137
v 0.038330 0.907227 -0.028564 0.2432 0.1333 0.0902
v -0.055420 0.937988 -0.028564 0.0706 0.0353 0.0039
v -0.044189 0.976562 -0.028564 0.1137 0.0627 0.0314
v 0.041748 0.979492 -0.028564 0.1216 0.0706 0.0353
v -0.040283 0.985840 -0.028564 0.1098 0.0706 0.0392
v -0.035889 0.987305 -0.028564 0.1608 0.1255 0.0706
v -0.017822 0.989746 -0.028564 0.0980 0.0706 0.0353
v -0.105225 0.374512 -0.028564 0.6471 0.3804 0.2432
v 0.103272 0.374512 -0.028564 0.6628 0.3765 0.2392
v -0.098877 0.310059 -0.028564 0.6236 0.3568 0.2235
v 0.096436 0.310059 -0.028564 0.6432 0.3686 0.2353
v -0.047607 0.309082 -0.028564 0.6276 0.3725 0.2432
v 0.045166 0.309082 -0.028564 0.7176 0.3961 0.2235
v -0.123291 0.246582 -0.028564 0.6393 0.3725 0.2353
v 0.122803 0.246582 -0.028564 0.6236 0.3568 0.2196
v -0.118896 0.089844 -0.028564 0.2823 0.1333 0.3372
v 0.116455 0.089844 -0.028564 0.2510 0.1059 0.3176
v -0.119385 0.073730 -0.028564 0.2196 0.0824 0.2823
v 0.116943 0.073730 -0.028564 0.2353 0.1098 0.3019
v 0.258545 0.767090 -0.029053 0.6354 0.3490 0.2196
v -0.335693 0.811523 -0.029053 0.5059 0.4392 0.4628
v -0.256592 0.831543 -0.029053 0.7529 0.4471 0.2902
v -0.148682 0.842285 -0.029053 0.6902 0.4039 0.2432
v -0.074951 0.847168 -0.029053 0.6667 0.3961 0.2432
v -0.037842 0.888184 -0.029053 0.1451 0.0824 0.0549
v -0.041748 0.890625 -0.029053 0.1412 0.1059 0.0745
v -0.034912 0.891602 -0.029053 0.2902 0.1647 0.1059
v -0.054932 0.931152 -0.029053 0.1176 0.0745 0.0431
v 0.057861 0.944824 -0.029053 0.1530 0.0980 0.0510
v 0.053467 0.947754 -0.029053 0.1725 0.0980 0.0706
v 0.051025 0.962402 -0.029053 0.1176 0.0706 0.0392
v -0.058350 0.963867 -0.029053 0.1176 0.0824 0.0392
v 0.046631 0.968262 -0.029053 0.0706 0.0392 0.0118
v 0.039307 0.983398 -0.029053 0.1059 0.0627 0.0314
v -0.040283 0.338867 -0.029053 0.6471 0.3882 0.2549
v 0.037842 0.338867 -0.029053 0.6550 0.3333 0.1843
v -0.103760 0.296875 -0.029053 0.6589 0.3921 0.2549
v 0.101318 0.296875 -0.029053 0.6354 0.3686 0.2314
v 0.129150 0.017578 -0.029053 0.6315 0.5686 0.5333
v 0.127686 0.005859 -0.029053 0.6471 0.5294 0.4510
v 0.076416 0.558594 -0.029541 0.5804 0.3255 0.1961
v -0.064697 0.632324 -0.029541 0.6863 0.5686 0.4628
v 0.062256 0.632324 -0.029541 0.6276 0.5333 0.4550
v 0.323975 0.792480 -0.029541 0.7098 0.4235 0.2902
v 0.338135 0.822754 -0.029541 0.9215 0.8823 0.8470
v 0.231689 0.828125 -0.029541 0.7059 0.4039 0.2353
v 0.073486 0.847168 -0.029541 0.6667 0.4000 0.2745
v 0.050049 0.856934 -0.029541 0.7098 0.4196 0.2588
v 0.038818 0.860840 -0.029541 0.6510 0.3843 0.2471
v 0.033447 0.865723 -0.029541 0.6236 0.3568 0.2314
v 0.031982 0.873535 -0.029541 0.6550 0.3882 0.2510
v -0.033447 0.881836 -0.029541 0.6432 0.3568 0.2275
v 0.031494 0.881836 -0.029541 0.6354 0.3765 0.2471
v -0.034424 0.890137 -0.029541 0.2941 0.1530 0.1137
v 0.031982 0.890137 -0.029541 0.2392 0.1255 0.0863
v 0.039307 0.893555 -0.029541 0.0980 0.0627 0.0353
v -0.059326 0.930176 -0.029541 0.1647 0.1176 0.0745
v 0.056885 0.940430 -0.029541 0.0980 0.0510 0.0118
v -0.058350 0.947754 -0.029541 0.1647 0.1020 0.0588
v 0.050537 0.960938 -0.029541 0.1686 0.1020 0.0510
v -0.058350 0.965332 -0.029541 0.1569 0.1098 0.0667
v -0.054932 0.965820 -0.029541 0.1373 0.0980 0.0627
v -0.062256 0.965820 -0.029541 0.1647 0.1137 0.0706
v -0.050537 0.967285 -0.029541 0.0902 0.0549 0.0314
v 0.022217 0.984375 -0.029541 0.1020 0.0588 0.0314
v 0.016357 0.989746 -0.029541 0.1176 0.0706 0.0353
v -0.012451 0.990723 -0.029541 0.1882 0.1216 0.0667
v -0.016846 0.993164 -0.029541 0.1176 0.0706 0.0353
v -0.131592 0.017090 -0.029541 0.7490 0.6745 0.6197
v -0.131592 0.010254 -0.029541 0.6706 0.5530 0.4784
v 0.129639 0.010254 -0.029541 0.6902 0.5686 0.4863
v -0.130127 0.005859 -0.029541 0.6706 0.5608 0.4902
v -0.078857 0.558594 -0.030029 0.5490 0.3059 0.1882
v 0.076416 0.558594 -0.030029 0.5804 0.3294 0.1922
v -0.220947 0.770996 -0.030029 0.6432 0.3725 0.2510
v -0.313232 0.788574 -0.030029 0.7020 0.4039 0.2471
v -0.330811 0.810547 -0.030029 0.2275 0.1098 0.2980
v 0.322998 0.811035 -0.030029 0.6863 0.3961 0.2510
v -0.188721 0.831055 -0.030029 0.6667 0.3765 0.2314
v -0.052002 0.855957 -0.030029 0.7255 0.4392 0.2706
v -0.041260 0.859863 -0.030029 0.6589 0.3843 0.2471
v -0.035889 0.865234 -0.030029 0.6157 0.3568 0.2196
v -0.034424 0.873535 -0.030029 0.6589 0.3882 0.2549
v 0.033936 0.882324 -0.030029 0.2078 0.1098 0.0667
v -0.038818 0.884766 -0.030029 0.2627 0.1451 0.1020
v -0.037354 0.899902 -0.030029 0.2157 0.1216 0.0824
v 0.035400 0.899902 -0.030029 0.1647 0.0980 0.0667
v -0.054932 0.934570 -0.030029 0.0980 0.0549 0.0196
v -0.055420 0.940430 -0.030029 0.0784 0.0392 0.0157
v 0.052979 0.940918 -0.030029 0.0863 0.0471 0.0118
v -0.048096 0.972656 -0.030029 0.1725 0.1216 0.0863
v 0.043701 0.982422 -0.030029 0.1176 0.0784 0.0431
v 0.028076 0.982910 -0.030029 0.0863 0.0510 0.0314
v -0.040771 0.984375 -0.030029 0.1255 0.0824 0.0471
v 0.021240 0.988281 -0.030029 0.0980 0.0471 0.0235
v -0.132080 0.021484 -0.030029 0.0745 0.0314 0.1333
v 0.130127 0.021484 -0.030029 0.0824 0.0353 0.1412
v -0.070557 0.646973 -0.030518 0.6980 0.3921 0.2432
v 0.068115 0.646973 -0.030518 0.6941 0.4078 0.2588
v -0.070068 0.655273 -0.030518 0.6432 0.3529 0.2078
v 0.068115 0.655273 -0.030518 0.6941 0.4196 0.2745
v -0.211670 0.769531 -0.030518 0.6745 0.4118 0.2745
v -0.230225 0.772461 -0.030518 0.6589 0.3882 0.2588
v 0.329346 0.797852 -0.030518 0.7020 0.3961 0.2549
v -0.312256 0.807617 -0.030518 0.7568 0.4628 0.3137
v 0.324463 0.819824 -0.030518 0.7294 0.4471 0.2823
v 0.148193 0.841309 -0.030518 0.7216 0.4275 0.2745
v 0.033936 0.878906 -0.030518 0.3608 0.2039 0.1333
v -0.057861 0.929688 -0.030518 0.1530 0.1020 0.0667
v 0.052979 0.944336 -0.030518 0.1294 0.0824 0.0392
v 0.052002 0.952148 -0.030518 0.1490 0.1059 0.0667
v 0.050049 0.965820 -0.030518 0.1765 0.1137 0.0667
v 0.034424 0.980957 -0.030518 0.1216 0.0824 0.0431
v -0.037842 0.983398 -0.030518 0.1373 0.0784 0.0392
v -0.039307 0.986816 -0.030518 0.1922 0.1216 0.0627
v -0.017822 0.992676 -0.030518 0.1137 0.0784 0.0392
v 0.019287 0.993164 -0.030518 0.0824 0.0588 0.0275
v -0.108154 0.425293 -0.030518 0.5451 0.3059 0.1922
v 0.106201 0.425293 -0.030518 0.5451 0.3059 0.1843
v -0.039307 0.347168 -0.030518 0.6824 0.4157 0.2706
v 0.037354 0.347168 -0.030518 0.6471 0.3412 0.1922
v -0.121826 0.058594 -0.030518 0.1961 0.0784 0.2510
v 0.119385 0.058594 -0.030518 0.1843 0.0784 0.2471
v -0.072998 0.031738 -0.030518 0.2432 0.1294 0.3019
v 0.070557 0.031738 -0.030518 0.2510 0.1333 0.3255
v -0.070557 0.638672 -0.031006 0.5921 0.4628 0.3921
v 0.067627 0.638672 -0.031006 0.6354 0.5176 0.4667
v -0.200928 0.768555 -0.031006 0.7137 0.4432 0.3059
v 0.311768 0.814941 -0.031006 0.6432 0.3529 0.2078
v -0.233154 0.823242 -0.031006 0.6276 0.3529 0.2157
v 0.286865 0.824707 -0.031006 0.7176 0.4118 0.2627
v 0.241455 0.829590 -0.031006 0.7020 0.3882 0.2314
v -0.174561 0.831543 -0.031006 0.6902 0.4078 0.2588
v -0.141357 0.846680 -0.031006 0.7294 0.4314 0.2823
v -0.061279 0.852539 -0.031006 0.7059 0.4157 0.2627
v 0.059326 0.852539 -0.031006 0.7098 0.4078 0.2588
v 0.033936 0.875488 -0.031006 0.5764 0.3412 0.2353
v -0.038330 0.881348 -0.031006 0.2902 0.1765 0.1176
v -0.044678 0.895996 -0.031006 0.1647 0.1137 0.0784
v 0.052490 0.926270 -0.031006 0.1216 0.0784 0.0392
v -0.053955 0.930664 -0.031006 0.1059 0.0667 0.0314
v -0.059814 0.932129 -0.031006 0.1373 0.0941 0.0510
v 0.050537 0.957031 -0.031006 0.0824 0.0392 0.0118
v 0.043701 0.980957 -0.031006 0.1098 0.0706 0.0431
v -0.036377 0.981934 -0.031006 0.1137 0.0667 0.0275
v -0.031494 0.984863 -0.031006 0.1608 0.1098 0.0549
v -0.017334 0.985840 -0.031006 0.1216 0.0745 0.0471
v -0.106689 0.443848 -0.031006 0.5019 0.2863 0.1686
v 0.104248 0.443848 -0.031006 0.4980 0.2823 0.1647
v -0.052490 0.301270 -0.031006 0.6157 0.3647 0.2392
v 0.050537 0.301270 -0.031006 0.6393 0.3490 0.1961
v 0.105713 0.285645 -0.031006 0.7137 0.4471 0.3019
v -0.045654 0.237305 -0.031006 0.6510 0.3765 0.2353
v 0.043213 0.237305 -0.031006 0.6393 0.3686 0.2196
v -0.070068 0.663086 -0.031494 0.6354 0.3490 0.2196
v 0.067627 0.663086 -0.031494 0.6236 0.3451 0.2157
v 0.085205 0.694824 -0.031494 0.6667 0.3921 0.2432
v -0.087646 0.695312 -0.031494 0.7137 0.4392 0.2980
v -0.237061 0.773438 -0.031494 0.6667 0.3921 0.2510
v 0.340576 0.811523 -0.031494 0.5804 0.5451 0.5451
v -0.224854 0.821777 -0.031494 0.6315 0.3608 0.2235
v 0.332764 0.822266 -0.031494 0.2118 0.1451 0.3059
v 0.188232 0.830078 -0.031494 0.6550 0.3686 0.2275
v -0.163330 0.831055 -0.031494 0.6745 0.3882 0.2588
v -0.037842 0.878418 -0.031494 0.3921 0.2078 0.1333
v 0.032471 0.878906 -0.031494 0.3921 0.2275 0.1569
v -0.036865 0.880859 -0.031494 0.2392 0.1176 0.0706
v -0.036377 0.884277 -0.031494 0.1451 0.0824 0.0510
v -0.046631 0.901855 -0.031494 0.1373 0.0980 0.0667
v 0.043213 0.903809 -0.031494 0.1608 0.1098 0.0745
v 0.050049 0.923340 -0.031494 0.1294 0.0902 0.0392
v 0.055420 0.941406 -0.031494 0.0980 0.0588 0.0235
v 0.055420 0.943848 -0.031494 0.1137 0.0627 0.0314
v -0.054932 0.956543 -0.031494 0.1294 0.0745 0.0314
v 0.040771 0.978516 -0.031494 0.1137 0.0745 0.0431
v 0.042236 0.983398 -0.031494 0.1176 0.0784 0.0431
v -0.040283 0.984375 -0.031494 0.1530 0.1059 0.0588
v 0.019775 0.984375 -0.031494 0.1020 0.0588 0.0314
v -0.035889 0.984863 -0.031494 0.1333 0.0745 0.0392
v -0.017822 0.988770 -0.031494 0.1137 0.0745 0.0392
v 0.017334 0.992676 -0.031494 0.1333 0.0824 0.0431
v -0.014893 0.993164 -0.031494 0.1882 0.1216 0.0627
v -0.038818 0.354980 -0.031494 0.6628 0.4039 0.2784
v 0.036377 0.354980 -0.031494 0.6550 0.3608 0.2039
v -0.051025 0.310547 -0.031494 0.6354 0.3843 0.2549
v 0.048584 0.310547 -0.031494 0.6432 0.3490 0.1961
v -0.107666 0.285645 -0.031494 0.6706 0.4039 0.2588
v -0.070068 0.629395 -0.031982 0.6276 0.5333 0.4589
v 0.067627 0.629395 -0.031982 0.6510 0.5569 0.4902
v -0.068115 0.639160 -0.031982 0.5764 0.3019 0.1922
v 0.065674 0.639160 -0.031982 0.5921 0.3490 0.2471
v -0.191650 0.766602 -0.031982 0.6628 0.3921 0.2627
v 0.219971 0.770020 -0.031982 0.6000 0.3333 0.2039
v 0.337647 0.798340 -0.031982 0.1804 0.1020 0.3098
v -0.312744 0.799805 -0.031982 0.7216 0.4314 0.2863
v 0.323975 0.802246 -0.031982 0.6276 0.3294 0.2078
v 0.327881 0.821289 -0.031982 0.1569 0.0667 0.1804
v -0.272217 0.823730 -0.031982 0.7412 0.4432 0.3019
v -0.209229 0.827148 -0.031982 0.7333 0.4510 0.3098
v -0.199951 0.829590 -0.031982 0.7216 0.4392 0.2823
v 0.256104 0.830566 -0.031982 0.6980 0.3686 0.2118
v -0.159424 0.831543 -0.031982 0.6550 0.3765 0.2432
v 0.140381 0.845703 -0.031982 0.7294 0.4353 0.2823
v 0.067627 0.848633 -0.031982 0.6745 0.3921 0.2510
v -0.069580 0.849121 -0.031982 0.7216 0.4235 0.2588
v 0.031494 0.882324 -0.031982 0.1647 0.0980 0.0706
v 0.045654 0.911133 -0.031982 0.0824 0.0549 0.0235
v 0.048096 0.917969 -0.031982 0.0588 0.0431 0.0118
v -0.052490 0.925293 -0.031982 0.0980 0.0667 0.0353
v -0.057373 0.930176 -0.031982 0.1451 0.0941 0.0588
v 0.052979 0.935547 -0.031982 0.1176 0.0745 0.0353
v 0.059814 0.941895 -0.031982 0.1765 0.1216 0.0863
v 0.038330 0.980957 -0.031982 0.1490 0.0941 0.0510
v 0.010010 0.984375 -0.031982 0.1020 0.0627 0.0275
v 0.015381 0.984863 -0.031982 0.1804 0.1176 0.0745
v -0.039307 0.985352 -0.031982 0.1647 0.1137 0.0667
v 0.017334 0.988770 -0.031982 0.1255 0.0784 0.0392
v 0.020264 0.992188 -0.031982 0.0902 0.0627 0.0314
v -0.087158 0.531250 -0.032471 0.5255 0.2980 0.1804
v 0.084717 0.531250 -0.032471 0.5294 0.2980 0.1804
v -0.070068 0.666504 -0.032471 0.6589 0.3804 0.2432
v 0.067627 0.666504 -0.032471 0.6276 0.3490 0.2235
v 0.211182 0.769043 -0.032471 0.7255 0.4589 0.3137
v -0.242920 0.773926 -0.032471 0.6393 0.3765 0.2392
v -0.300049 0.812500 -0.032471 0.7216 0.4314 0.2902
v 0.300049 0.819336 -0.032471 0.7333 0.4196 0.2745
v -0.216553 0.824707 -0.032471 0.6745 0.3843 0.2432
v 0.173584 0.830566 -0.032471 0.6941 0.4039 0.2627
v -0.133057 0.850098 -0.032471 0.7255 0.4235 0.2667
v 0.033936 0.878906 -0.032471 0.1686 0.1373 0.0980
v -0.038818 0.881348 -0.032471 0.1098 0.0706 0.0549
v -0.051514 0.919434 -0.032471 0.0824 0.0588 0.0275
v -0.057861 0.931641 -0.032471 0.1059 0.0667 0.0353
v -0.059814 0.941895 -0.032471 0.2078 0.1490 0.1020
v 0.051025 0.959961 -0.032471 0.1490 0.0980 0.0627
v 0.053467 0.961914 -0.032471 0.1059 0.0627 0.0039
v 0.045166 0.969727 -0.032471 0.1373 0.0941 0.0588
v 0.045654 0.972656 -0.032471 0.1333 0.0902 0.0510
v 0.043213 0.980957 -0.032471 0.1137 0.0745 0.0471
v 0.001709 0.982422 -0.032471 0.1765 0.1176 0.0706
v 0.019775 0.987793 -0.032471 0.1098 0.0667 0.0353
v -0.017822 0.992188 -0.032471 0.1451 0.1137 0.0588
v -0.138916 0.401855 -0.032471 0.2667 0.1451 0.3647
v 0.136963 0.401855 -0.032471 0.2823 0.1490 0.3843
v -0.125244 0.226562 -0.032471 0.6628 0.3882 0.2471
v 0.125244 0.226562 -0.032471 0.6628 0.3921 0.2549
v -0.082764 0.687500 -0.032959 0.7176 0.4432 0.3019
v 0.080322 0.687500 -0.032959 0.6785 0.3961 0.2471
v -0.182861 0.764160 -0.032959 0.6706 0.3961 0.2627
v 0.199951 0.767578 -0.032959 0.6628 0.3961 0.2588
v 0.229248 0.771484 -0.032959 0.7490 0.4784 0.3255
v -0.287842 0.774414 -0.032959 0.6980 0.3882 0.2275
v 0.299561 0.776855 -0.032959 0.6550 0.3686 0.2353
v 0.332764 0.797363 -0.032959 0.1294 0.0431 0.1451
v 0.327393 0.809082 -0.032959 0.7804 0.4941 0.3372
v 0.162842 0.830078 -0.032959 0.6863 0.4039 0.2549
v -0.039795 0.884277 -0.032959 0.1294 0.1059 0.0745
v 0.035889 0.886719 -0.032959 0.1490 0.1020 0.0667
v -0.048584 0.907715 -0.032959 0.0706 0.0353 0.0078
v -0.050049 0.914062 -0.032959 0.0549 0.0510 0.0314
v 0.058838 0.940918 -0.032959 0.1098 0.0627 0.0353
v 0.059326 0.943359 -0.032959 0.1451 0.0902 0.0392
v 0.052490 0.947754 -0.032959 0.1216 0.0745 0.0275
v -0.054443 0.952148 -0.032959 0.0784 0.0471 0.0157
v 0.041748 0.981934 -0.032959 0.1333 0.0902 0.0627
v -0.006104 0.984863 -0.032959 0.1294 0.0902 0.0471
v -0.012451 0.985840 -0.032959 0.1216 0.0745 0.0471
v -0.043213 0.985840 -0.032959 0.1412 0.0980 0.0588
v -0.014893 0.988770 -0.032959 0.1216 0.0667 0.0431
v -0.016357 0.992188 -0.032959 0.1608 0.1020 0.0627
v 0.017822 0.992188 -0.032959 0.1373 0.0863 0.0471
v -0.016846 0.996094 -0.032959 0.1647 0.1176 0.0667
v -0.048096 0.321777 -0.032959 0.6745 0.4078 0.2706
v 0.045654 0.321777 -0.032959 0.7333 0.4353 0.2667
v -0.050049 0.276855 -0.032959 0.6236 0.3647 0.2275
v 0.047607 0.276855 -0.032959 0.6236 0.3372 0.1922
v -0.071045 0.018066 -0.032959 0.1490 0.0784 0.2039
v 0.069092 0.018066 -0.032959 0.1294 0.0510 0.2000
v -0.072510 0.007324 -0.032959 0.7294 0.5843 0.4745
v 0.070557 0.007324 -0.032959 0.7490 0.5921 0.4902
v 0.074951 0.002441 -0.032959 0.2745 0.2392 0.2235
v -0.234619 0.816406 -0.033447 0.6276 0.3529 0.2235
v 0.224365 0.820801 -0.033447 0.6510 0.3608 0.2157
v 0.232666 0.822266 -0.033447 0.6039 0.3137 0.2000
v -0.243408 0.822754 -0.033447 0.6628 0.3765 0.2392
v 0.158447 0.830566 -0.033447 0.6471 0.3451 0.2157
v 0.132080 0.849609 -0.033447 0.7608 0.4628 0.3098
v 0.034424 0.881836 -0.033447 0.1412 0.1020 0.0588
v 0.053467 0.930176 -0.033447 0.0706 0.0392 0.0157
v -0.054932 0.947266 -0.033447 0.1255 0.0745 0.0431
v 0.052979 0.964355 -0.033447 0.1647 0.1059 0.0706
v -0.039795 0.979492 -0.033447 0.0745 0.0471 0.0157
v 0.028076 0.982422 -0.033447 0.1686 0.1137 0.0784
v 0.021729 0.983887 -0.033447 0.1765 0.1059 0.0706
v -0.017822 0.985352 -0.033447 0.1608 0.1059 0.0706
v -0.026611 0.985352 -0.033447 0.0902 0.0549 0.0157
v 0.019287 0.991699 -0.033447 0.1255 0.0706 0.0431
v -0.107178 0.474121 -0.033447 0.1804 0.0824 0.2392
v 0.105225 0.474121 -0.033447 0.2157 0.0980 0.2823
v 0.052490 0.311523 -0.033447 0.5804 0.3098 0.1804
v -0.077393 0.002441 -0.033447 0.4353 0.3765 0.3019
v 0.069092 0.639160 -0.033936 0.6628 0.6118 0.5804
v -0.071533 0.639648 -0.033936 0.6197 0.5373 0.5059
v -0.154541 0.760742 -0.033936 0.6550 0.3804 0.2275
v -0.168701 0.760742 -0.033936 0.6471 0.3608 0.2235
v 0.190674 0.766113 -0.033936 0.7098 0.4432 0.2980
v 0.236572 0.772461 -0.033936 0.6432 0.3529 0.2275
v -0.250732 0.773438 -0.033936 0.6706 0.3882 0.2392
v -0.257568 0.822266 -0.033936 0.6863 0.3882 0.2471
v 0.208740 0.826660 -0.033936 0.6785 0.3921 0.2353
v 0.199463 0.828613 -0.033936 0.7137 0.4392 0.2823
v -0.122314 0.854004 -0.033936 0.7764 0.4706 0.3176
v 0.032471 0.878906 -0.033936 0.1804 0.1020 0.0667
v -0.037354 0.880859 -0.033936 0.1255 0.0941 0.0627
v -0.042236 0.889160 -0.033936 0.1294 0.0941 0.0588
v -0.032959 0.889648 -0.033936 0.1686 0.0941 0.0667
v 0.038330 0.893555 -0.033936 0.1451 0.0980 0.0627
v -0.057861 0.940430 -0.033936 0.1530 0.0980 0.0588
v -0.054443 0.940918 -0.033936 0.1020 0.0667 0.0431
v 0.058350 0.941406 -0.033936 0.1098 0.0627 0.0314
v 0.058350 0.942871 -0.033936 0.1333 0.0784 0.0392
v -0.059326 0.944824 -0.033936 0.1569 0.1098 0.0667
v 0.038818 0.977539 -0.033936 0.1294 0.0824 0.0471
v 0.034424 0.979980 -0.033936 0.1137 0.0706 0.0275
v -0.033447 0.984863 -0.033936 0.1059 0.0745 0.0627
v 0.017822 0.995605 -0.033936 0.1569 0.0863 0.0627
v -0.095947 0.498535 -0.033936 0.4628 0.2627 0.1725
v 0.093506 0.498535 -0.033936 0.4902 0.2706 0.1647
v -0.104736 0.391602 -0.033936 0.5647 0.3216 0.1961
v 0.102295 0.391602 -0.033936 0.6315 0.3804 0.2432
v -0.054932 0.311523 -0.033936 0.6315 0.3765 0.2510
v -0.071045 0.669922 -0.034424 0.6628 0.3765 0.2392
v 0.068604 0.669922 -0.034424 0.6550 0.3804 0.2471
v -0.078369 0.681152 -0.034424 0.7098 0.4392 0.2941
v 0.075928 0.681152 -0.034424 0.6941 0.4196 0.2706
v 0.181885 0.763184 -0.034424 0.6354 0.3490 0.2235
v -0.137939 0.763672 -0.034424 0.6510 0.3765 0.2353
v -0.274170 0.772949 -0.034424 0.6863 0.3882 0.2275
v 0.312744 0.787598 -0.034424 0.6902 0.4000 0.2627
v 0.335205 0.810547 -0.034424 0.2157 0.1451 0.3412
v -0.286865 0.817871 -0.034424 0.7176 0.4275 0.2745
v 0.216064 0.824219 -0.034424 0.6706 0.3765 0.2392
v 0.121826 0.853516 -0.034424 0.7255 0.4392 0.2863
v -0.044678 0.895508 -0.034424 0.1176 0.0784 0.0431
v 0.052979 0.923340 -0.034424 0.1804 0.1294 0.0941
v 0.052490 0.943359 -0.034424 0.1294 0.0902 0.0549
v 0.051025 0.952637 -0.034424 0.1333 0.0941 0.0627
v 0.052979 0.960449 -0.034424 0.1294 0.0824 0.0627
v 0.047119 0.965332 -0.034424 0.1176 0.0745 0.0471
v 0.045654 0.982910 -0.034424 0.0980 0.0667 0.0431
v 0.108643 0.454590 -0.034424 0.1882 0.0902 0.2432
v -0.036377 0.368652 -0.034424 0.6589 0.4000 0.2627
v 0.034424 0.368652 -0.034424 0.6118 0.3098 0.1569
v -0.045654 0.331543 -0.034424 0.6745 0.4039 0.2471
v 0.043213 0.331543 -0.034424 0.6902 0.3804 0.2275
v -0.260986 0.772949 -0.034912 0.6824 0.3921 0.2432
v 0.241943 0.772949 -0.034912 0.6745 0.3882 0.2392
v -0.299561 0.804199 -0.034912 0.7608 0.4941 0.3490
v 0.311768 0.806641 -0.034912 0.7529 0.4941 0.3412
v -0.110107 0.856445 -0.034912 0.7294 0.4432 0.2823
v -0.046631 0.902344 -0.034912 0.0980 0.0471 0.0118
v -0.053955 0.937988 -0.034912 0.0863 0.0510 0.0196
v -0.054443 0.943848 -0.034912 0.0784 0.0431 0.0196
v 0.049561 0.960938 -0.034912 0.0941 0.0706 0.0431
v 0.055908 0.961914 -0.034912 0.1216 0.0667 0.0314
v -0.050049 0.967285 -0.034912 0.0627 0.0314 0.0039
v -0.045654 0.975098 -0.034912 0.1098 0.0706 0.0353
v -0.016357 0.495117 -0.034912 0.5333 0.2863 0.1647
v 0.013916 0.495117 -0.034912 0.4980 0.2667 0.1490
v -0.102783 0.494629 -0.034912 0.1961 0.0980 0.2627
v -0.111572 0.455078 -0.034912 0.2235 0.1098 0.2823
v -0.103760 0.447266 -0.034912 0.5098 0.2863 0.1725
v 0.101318 0.447266 -0.034912 0.4902 0.2706 0.1725
v -0.104736 0.396484 -0.034912 0.5725 0.3255 0.1961
v 0.102295 0.396484 -0.034912 0.6000 0.3412 0.2039
v -0.053467 0.322754 -0.034912 0.6276 0.3647 0.2275
v 0.051514 0.322754 -0.034912 0.6745 0.4039 0.2510
v -0.124268 0.201660 -0.034912 0.6315 0.3647 0.2196
v 0.123779 0.201660 -0.034912 0.6706 0.4039 0.2667
v -0.073975 0.636719 -0.035400 0.7098 0.6902 0.6550
v 0.071533 0.636719 -0.035400 0.6157 0.5921 0.5530
v 0.153564 0.759766 -0.035400 0.7098 0.4432 0.3019
v 0.168213 0.759766 -0.035400 0.6745 0.3921 0.2471
v 0.136963 0.763184 -0.035400 0.6667 0.3921 0.2588
v -0.300537 0.784668 -0.035400 0.6863 0.3921 0.2432
v 0.330811 0.809570 -0.035400 0.2275 0.0824 0.1843
v 0.271729 0.823242 -0.035400 0.7372 0.4510 0.2980
v -0.154053 0.835938 -0.035400 0.6589 0.3686 0.2235
v 0.109131 0.855957 -0.035400 0.7451 0.4392 0.2863
v 0.049561 0.921387 -0.035400 0.1647 0.1137 0.0784
v -0.060303 0.930176 -0.035400 0.1137 0.0627 0.0392
v 0.051514 0.939453 -0.035400 0.0627 0.0353 0.0118
v 0.044189 0.975586 -0.035400 0.1255 0.0784 0.0510
v 0.101318 0.494629 -0.035400 0.2000 0.0941 0.2706
v -0.100830 0.466309 -0.035400 0.5059 0.2823 0.1765
v 0.098389 0.466309 -0.035400 0.4745 0.2745 0.1804
v -0.098389 0.348633 -0.035400 0.6980 0.4078 0.2627
v 0.096436 0.348633 -0.035400 0.6824 0.3961 0.2471
v -0.045166 0.217773 -0.035400 0.6393 0.3725 0.2353
v 0.042725 0.217773 -0.035400 0.6471 0.3725 0.2314
v 0.072021 0.622559 -0.035889 0.5530 0.4980 0.4471
v -0.074463 0.623047 -0.035889 0.4823 0.4157 0.3765
v -0.057373 0.632812 -0.035889 0.6902 0.5764 0.4784
v 0.054932 0.632812 -0.035889 0.6706 0.5725 0.4941
v -0.064697 0.654297 -0.035889 0.6785 0.3882 0.2432
v 0.062256 0.654297 -0.035889 0.7216 0.4550 0.3098
v 0.234131 0.815430 -0.035889 0.7059 0.4196 0.2823
v 0.242920 0.821777 -0.035889 0.6980 0.4314 0.2784
v 0.075928 0.847168 -0.035889 0.6471 0.3765 0.2314
v -0.077393 0.847656 -0.035889 0.6824 0.4078 0.2745
v -0.081299 0.851074 -0.035889 0.6432 0.3686 0.2275
v -0.088135 0.854492 -0.035889 0.7255 0.4314 0.2784
v -0.097412 0.856445 -0.035889 0.7529 0.4667 0.3059
v -0.036865 0.883301 -0.035889 0.1098 0.0784 0.0549
v 0.027100 0.886230 -0.035889 0.1608 0.0941 0.0627
v 0.042236 0.903809 -0.035889 0.1686 0.1333 0.0941
v 0.047119 0.917480 -0.035889 0.0745 0.0392 0.0039
v -0.052002 0.919434 -0.035889 0.1216 0.0863 0.0549
v 0.051025 0.935547 -0.035889 0.1451 0.0824 0.0549
v -0.056396 0.941406 -0.035889 0.1098 0.0706 0.0471
v 0.054932 0.963867 -0.035889 0.1020 0.0706 0.0471
v -0.016357 0.483398 -0.035889 0.5216 0.2823 0.1608
v 0.013916 0.483398 -0.035889 0.5019 0.2745 0.1490
v 0.102783 0.404297 -0.035889 0.5764 0.3294 0.2078
v -0.123779 0.046387 -0.035889 0.1765 0.0784 0.2353
v 0.121338 0.046387 -0.035889 0.1686 0.0706 0.2196
v 0.072510 0.605469 -0.036377 0.2627 0.1961 0.2353
v -0.124268 0.769043 -0.036377 0.5843 0.3255 0.2000
v 0.286865 0.773926 -0.036377 0.6824 0.3804 0.2314
v -0.300049 0.796875 -0.036377 0.7372 0.4589 0.3059
v 0.312256 0.798828 -0.036377 0.6902 0.3921 0.2627
v -0.245361 0.813477 -0.036377 0.6471 0.3725 0.2392
v 0.153564 0.835449 -0.036377 0.6745 0.3804 0.2353
v 0.079834 0.850586 -0.036377 0.6902 0.4078 0.2745
v 0.087158 0.854004 -0.036377 0.7176 0.4118 0.2706
v 0.096436 0.855957 -0.036377 0.7216 0.4157 0.2667
v 0.031006 0.881836 -0.036377 0.1882 0.1020 0.0745
v 0.029053 0.883789 -0.036377 0.1569 0.0980 0.0627
v 0.044678 0.910645 -0.036377 0.1333 0.0824 0.0471
v -0.052979 0.931641 -0.036377 0.0745 0.0392 0.0118
v 0.060791 0.942871 -0.036377 0.1255 0.0745 0.0314
v -0.056885 0.943848 -0.036377 0.0941 0.0549 0.0275
v -0.053467 0.948242 -0.036377 0.1333 0.0863 0.0510
v 0.050049 0.957031 -0.036377 0.1059 0.0627 0.0235
v 0.052002 0.960938 -0.036377 0.1098 0.0706 0.0510
v 0.055420 0.960938 -0.036377 0.1137 0.0667 0.0392
v 0.051025 0.963379 -0.036377 0.1137 0.0784 0.0471
v 0.044678 0.968750 -0.036377 0.0863 0.0471 0.0157
v -0.037842 0.983887 -0.036377 0.1569 0.1020 0.0510
v -0.017334 0.467285 -0.036377 0.5451 0.2980 0.1765
v 0.015381 0.467285 -0.036377 0.5137 0.2863 0.1608
v -0.105225 0.404297 -0.036377 0.5686 0.3294 0.2000
v -0.033447 0.384277 -0.036377 0.6510 0.3961 0.2549
v 0.031006 0.384277 -0.036377 0.6393 0.3333 0.1765
v -0.094482 0.335449 -0.036377 0.6706 0.3765 0.2275
v 0.092041 0.335449 -0.036377 0.6667 0.3765 0.2432
v -0.129150 0.025879 -0.036377 0.2471 0.1176 0.3098
v 0.127197 0.025879 -0.036377 0.1961 0.0824 0.2706
v -0.075439 0.605469 -0.036865 0.2549 0.1686 0.2432
v -0.063721 0.647949 -0.036865 0.7098 0.4157 0.2627
v 0.061279 0.647949 -0.036865 0.7216 0.4314 0.2902
v 0.249756 0.772461 -0.036865 0.6785 0.3882 0.2275
v 0.299561 0.811523 -0.036865 0.7333 0.4510 0.2980
v 0.256592 0.821289 -0.036865 0.6706 0.3804 0.2353
v 0.034424 0.886719 -0.036865 0.0745 0.0510 0.0196
v 0.052979 0.925781 -0.036865 0.1059 0.0667 0.0353
v -0.060791 0.942383 -0.036865 0.0941 0.0510 0.0157
v 0.057373 0.962891 -0.036865 0.1020 0.0667 0.0314
v -0.042236 0.979004 -0.036865 0.0745 0.0431 0.0196
v -0.044678 0.340820 -0.036865 0.7176 0.4392 0.2784
v 0.042236 0.340820 -0.036865 0.7020 0.3961 0.2471
v -0.051025 0.333008 -0.036865 0.6745 0.3961 0.2627
v 0.049072 0.333008 -0.036865 0.6941 0.4078 0.2549
v -0.091553 0.324219 -0.036865 0.6157 0.3490 0.2118
v 0.089111 0.324219 -0.036865 0.6315 0.3568 0.2196
v -0.114990 0.269043 -0.036865 0.6589 0.3921 0.2549
v 0.113525 0.269043 -0.036865 0.6550 0.3804 0.2392
v -0.077393 0.546387 -0.037354 0.5961 0.3372 0.2078
v 0.074951 0.546387 -0.037354 0.5882 0.3294 0.1961
v -0.077393 0.609375 -0.037354 0.5764 0.5216 0.4589
v 0.074951 0.609375 -0.037354 0.6157 0.5647 0.5019
v 0.123291 0.768555 -0.037354 0.5882 0.3333 0.1961
v -0.223389 0.774414 -0.037354 0.6471 0.3568 0.2157
v -0.231689 0.775879 -0.037354 0.7529 0.4706 0.3176
v -0.286377 0.809570 -0.037354 0.6863 0.4039 0.2549
v 0.050049 0.930176 -0.037354 0.0980 0.0510 0.0235
v -0.060303 0.943848 -0.037354 0.0902 0.0549 0.0235
v -0.052979 0.959473 -0.037354 0.1020 0.0588 0.0235
v 0.056885 0.964355 -0.037354 0.1059 0.0667 0.0471
v 0.048096 0.971191 -0.037354 0.1294 0.0824 0.0353
v -0.019287 0.452148 -0.037354 0.5647 0.3137 0.1922
v 0.016846 0.452148 -0.037354 0.5412 0.2902 0.1608
v 0.113037 0.435547 -0.037354 0.1961 0.0941 0.2510
v -0.099365 0.359863 -0.037354 0.6667 0.3804 0.2432
v 0.096924 0.359863 -0.037354 0.7059 0.4196 0.2902
v -0.062744 0.639648 -0.037842 0.5176 0.2863 0.1961
v 0.060303 0.639648 -0.037842 0.5843 0.2823 0.1569
v -0.115967 0.767578 -0.037842 0.5608 0.3059 0.1804
v 0.260010 0.771973 -0.037842 0.7216 0.4432 0.2863
v -0.238525 0.776855 -0.037842 0.6276 0.3568 0.2314
v -0.148682 0.840332 -0.037842 0.7412 0.4471 0.2941
v 0.029053 0.882812 -0.037842 0.1804 0.1137 0.0902
v -0.039795 0.888672 -0.037842 0.1255 0.0784 0.0510
v -0.031006 0.890625 -0.037842 0.1530 0.0863 0.0510
v 0.029053 0.890625 -0.037842 0.1490 0.0902 0.0627
v -0.059814 0.941406 -0.037842 0.0863 0.0471 0.0196
v -0.053467 0.944336 -0.037842 0.0941 0.0471 0.0235
v 0.051514 0.947754 -0.037842 0.0667 0.0431 0.0157
v -0.054443 0.952148 -0.037842 0.1216 0.0784 0.0549
v 0.054443 0.961426 -0.037842 0.1059 0.0706 0.0431
v 0.057373 0.962402 -0.037842 0.1020 0.0706 0.0392
v 0.053955 0.963379 -0.037842 0.1059 0.0706 0.0510
v -0.022705 0.434570 -0.037842 0.5882 0.3294 0.1922
v 0.020264 0.434570 -0.037842 0.5686 0.3098 0.1765
v -0.057861 0.333984 -0.037842 0.6471 0.3765 0.2353
v 0.055908 0.333984 -0.037842 0.6276 0.3568 0.2235
v -0.093506 0.312500 -0.037842 0.6432 0.3725 0.2392
v 0.091064 0.312500 -0.037842 0.6315 0.3568 0.2235
v -0.073486 0.677246 -0.038330 0.6824 0.4000 0.2627
v 0.071045 0.677246 -0.038330 0.6745 0.4039 0.2510
v 0.114990 0.767090 -0.038330 0.5569 0.3137 0.1804
v 0.273193 0.771973 -0.038330 0.7490 0.4471 0.3059
v -0.216553 0.772949 -0.038330 0.6432 0.3568 0.2235
v -0.237061 0.811523 -0.038330 0.7137 0.4235 0.2745
v 0.286377 0.816895 -0.038330 0.7451 0.4980 0.3372
v 0.030029 0.875000 -0.038330 0.7020 0.4275 0.2941
v -0.035889 0.879395 -0.038330 0.1412 0.0902 0.0510
v -0.031494 0.882812 -0.038330 0.2823 0.1451 0.0941
v -0.030518 0.888672 -0.038330 0.1333 0.0784 0.0471
v 0.036377 0.893066 -0.038330 0.0941 0.0510 0.0235
v -0.033936 0.898438 -0.038330 0.1373 0.0784 0.0510
v 0.031494 0.898438 -0.038330 0.1530 0.0941 0.0745
v -0.052490 0.926270 -0.038330 0.0941 0.0471 0.0118
v 0.037842 0.976562 -0.038330 0.1059 0.0627 0.0235
v 0.033447 0.979492 -0.038330 0.1530 0.1059 0.0667
v 0.028564 0.982910 -0.038330 0.0941 0.0627 0.0275
v 0.015869 0.983398 -0.038330 0.0941 0.0510 0.0314
v 0.021240 0.983887 -0.038330 0.0941 0.0588 0.0314
v -0.116455 0.436035 -0.038330 0.1725 0.0706 0.2432
v -0.060303 0.324219 -0.038330 0.6276 0.3647 0.2275
v 0.058350 0.324219 -0.038330 0.6354 0.3686 0.2314
v -0.072510 0.048340 -0.038330 0.2039 0.1020 0.2667
v 0.070557 0.048340 -0.038330 0.1843 0.0824 0.2510
v 0.125732 0.023438 -0.038330 0.2275 0.1137 0.2941
v -0.060303 0.639160 -0.038818 0.6000 0.3921 0.2980
v 0.057861 0.639160 -0.038818 0.5686 0.3137 0.2039
v -0.059814 0.662109 -0.038818 0.6315 0.3490 0.2157
v 0.057373 0.662109 -0.038818 0.6236 0.3372 0.2118
v -0.208740 0.770996 -0.038818 0.6510 0.3686 0.2432
v -0.287354 0.782715 -0.038818 0.7451 0.4589 0.3059
v -0.286377 0.801270 -0.038818 0.6550 0.3686 0.2314
v -0.246826 0.807617 -0.038818 0.6785 0.3961 0.2706
v 0.244873 0.812500 -0.038818 0.6118 0.3372 0.2353
v -0.272217 0.815430 -0.038818 0.7098 0.4275 0.2784
v 0.032471 0.868652 -0.038818 0.6276 0.3608 0.2235
v -0.032471 0.875000 -0.038818 0.6628 0.3921 0.2510
v 0.052979 0.920898 -0.038818 0.0784 0.0392 0.0196
v 0.048584 0.922363 -0.038818 0.1020 0.0667 0.0392
v 0.051514 0.938477 -0.038818 0.1255 0.0863 0.0588
v -0.059326 0.941895 -0.038818 0.0980 0.0510 0.0314
v -0.059326 0.943359 -0.038818 0.0941 0.0510 0.0275
v 0.056396 0.962891 -0.038818 0.1059 0.0706 0.0431
v 0.056396 0.963867 -0.038818 0.1098 0.0667 0.0353
v -0.048096 0.964355 -0.038818 0.0784 0.0431 0.0157
v 0.047119 0.968750 -0.038818 0.0980 0.0667 0.0275
v 0.042725 0.969238 -0.038818 0.1020 0.0667 0.0431
v -0.047607 0.973145 -0.038818 0.1176 0.0784 0.0431
v 0.041260 0.973145 -0.038818 0.1176 0.0784 0.0471
v 0.047119 0.973145 -0.038818 0.1176 0.0706 0.0431
v -0.040771 0.976562 -0.038818 0.1373 0.0863 0.0588
v 0.002197 0.981934 -0.038818 0.1882 0.1255 0.0784
v 0.010010 0.982910 -0.038818 0.0824 0.0392 0.0039
v -0.030029 0.405762 -0.038818 0.6354 0.3608 0.2275
v 0.027588 0.405762 -0.038818 0.6197 0.3372 0.1882
v -0.127686 0.023438 -0.038818 0.2039 0.0980 0.2823
v -0.097900 0.514648 -0.039307 0.2196 0.1020 0.2902
v 0.075439 0.599121 -0.039307 0.1686 0.0471 0.2432
v -0.062256 0.630371 -0.039307 0.6510 0.5647 0.4745
v 0.059814 0.630371 -0.039307 0.6432 0.5373 0.4628
v -0.090576 0.701172 -0.039307 0.6706 0.3961 0.2549
v 0.088135 0.701172 -0.039307 0.6941 0.4235 0.2706
v -0.244385 0.778320 -0.039307 0.6118 0.3490 0.2196
v -0.261963 0.780762 -0.039307 0.6863 0.4196 0.2745
v 0.300049 0.784180 -0.039307 0.7255 0.4550 0.3098
v -0.286865 0.793945 -0.039307 0.7490 0.4706 0.3255
v 0.299072 0.803223 -0.039307 0.7647 0.5137 0.3568
v -0.258545 0.804199 -0.039307 0.7490 0.4706 0.3294
v -0.258057 0.813477 -0.039307 0.6980 0.4078 0.2627
v 0.148193 0.839844 -0.039307 0.6941 0.3882 0.2471
v -0.034912 0.867676 -0.039307 0.6471 0.3804 0.2432
v -0.035400 0.875977 -0.039307 0.2588 0.1647 0.1059
v -0.042725 0.895020 -0.039307 0.1294 0.0745 0.0392
v 0.051514 0.920410 -0.039307 0.0941 0.0510 0.0196
v 0.049072 0.925781 -0.039307 0.1137 0.0706 0.0392
v 0.049561 0.952148 -0.039307 0.1490 0.0902 0.0549
v 0.059814 0.965332 -0.039307 0.1216 0.0745 0.0431
v -0.042236 0.974121 -0.039307 0.0941 0.0471 0.0157
v -0.041260 0.982910 -0.039307 0.1333 0.0902 0.0510
v -0.006104 0.984375 -0.039307 0.1686 0.0980 0.0431
v -0.011963 0.985352 -0.039307 0.1647 0.1137 0.0784
v -0.017822 0.985352 -0.039307 0.1176 0.0745 0.0471
v -0.098877 0.369629 -0.039307 0.6550 0.3843 0.2314
v 0.096924 0.369629 -0.039307 0.6628 0.3882 0.2392
v 0.046143 0.261230 -0.039307 0.6393 0.3568 0.2078
v 0.045166 0.201172 -0.039307 0.6354 0.3686 0.2314
v -0.047607 0.200684 -0.039307 0.6510 0.3725 0.2353
v -0.070068 0.145996 -0.039307 0.4196 0.1961 0.1490
v 0.067627 0.145996 -0.039307 0.4235 0.2510 0.1804
v 0.096436 0.515137 -0.039795 0.1843 0.0745 0.2627
v -0.077881 0.599121 -0.039795 0.2392 0.1020 0.3255
v -0.114014 0.762207 -0.039795 0.6118 0.3412 0.2118
v 0.222900 0.773438 -0.039795 0.6510 0.3333 0.1882
v 0.231201 0.774902 -0.039795 0.6902 0.4000 0.2314
v -0.252686 0.781250 -0.039795 0.6863 0.4157 0.2823
v -0.274170 0.781250 -0.039795 0.7098 0.4275 0.2823
v -0.156982 0.828125 -0.039795 0.6236 0.3372 0.2000
v -0.039795 0.863281 -0.039795 0.6863 0.4118 0.2706
v 0.037354 0.864258 -0.039795 0.6745 0.4000 0.2588
v -0.033936 0.879395 -0.039795 0.1059 0.0784 0.0549
v -0.032959 0.882324 -0.039795 0.1137 0.0784 0.0549
v -0.044678 0.902344 -0.039795 0.1216 0.0706 0.0353
v 0.045654 0.917480 -0.039795 0.0745 0.0510 0.0235
v 0.052979 0.922363 -0.039795 0.1216 0.0784 0.0510
v 0.047119 0.961426 -0.039795 0.1098 0.0784 0.0549
v -0.031982 0.984375 -0.039795 0.1059 0.0706 0.0353
v -0.026611 0.985352 -0.039795 0.0941 0.0667 0.0314
v -0.022705 0.985840 -0.039795 0.1686 0.1098 0.0549
v -0.001221 0.488770 -0.039795 0.1216 0.0471 0.1725
v 0.060303 0.312988 -0.039795 0.6197 0.3529 0.2196
v -0.096436 0.300781 -0.039795 0.6745 0.3843 0.2432
v 0.094482 0.300781 -0.039795 0.6628 0.3765 0.2392
v -0.048584 0.261230 -0.039795 0.6510 0.3843 0.2471
v -0.122314 0.179199 -0.039795 0.6432 0.3804 0.2471
v 0.120850 0.179199 -0.039795 0.6432 0.3725 0.2432
v -0.084717 0.522949 -0.040283 0.5647 0.3098 0.1843
v 0.082275 0.522949 -0.040283 0.5490 0.3098 0.1922
v -0.047119 0.632812 -0.040283 0.6785 0.5490 0.4510
v 0.044678 0.632812 -0.040283 0.6628 0.5530 0.4628
v -0.095947 0.709473 -0.040283 0.6745 0.3882 0.2510
v 0.093506 0.709473 -0.040283 0.6824 0.4039 0.2549
v 0.112549 0.761719 -0.040283 0.6236 0.3490 0.2157
v -0.200928 0.769531 -0.040283 0.6315 0.3608 0.2196
v 0.215576 0.771973 -0.040283 0.6745 0.3921 0.2471
v 0.238037 0.775879 -0.040283 0.7098 0.4510 0.2941
v -0.272705 0.799316 -0.040283 0.6785 0.4000 0.2745
v -0.272217 0.807129 -0.040283 0.7098 0.4235 0.2784
v -0.226807 0.815918 -0.040283 0.6941 0.4000 0.2549
v -0.158936 0.827637 -0.040283 0.6785 0.3921 0.2627
v -0.049072 0.859863 -0.040283 0.6785 0.3961 0.2471
v 0.047119 0.861328 -0.040283 0.6902 0.4078 0.2588
v 0.043701 0.910156 -0.040283 0.1608 0.1059 0.0627
v -0.052979 0.938477 -0.040283 0.0980 0.0549 0.0235
v -0.052002 0.968750 -0.040283 0.1530 0.1059 0.0706
v -0.042236 0.977539 -0.040283 0.1137 0.0745 0.0471
v -0.097900 0.460938 -0.040283 0.5412 0.3098 0.1922
v 0.095459 0.460938 -0.040283 0.4941 0.2823 0.1804
v -0.102783 0.424805 -0.040283 0.5490 0.3098 0.1961
v 0.100342 0.424805 -0.040283 0.5373 0.3059 0.1882
v -0.044189 0.352051 -0.040283 0.6980 0.4275 0.2823
v 0.041748 0.352051 -0.040283 0.6824 0.3921 0.2392
v -0.059326 0.345703 -0.040283 0.6039 0.3451 0.2157
v 0.056885 0.345703 -0.040283 0.6157 0.3451 0.2078
v -0.089600 0.335449 -0.040283 0.6354 0.3490 0.2157
v 0.087158 0.335449 -0.040283 0.6432 0.3686 0.2353
v -0.062744 0.312988 -0.040283 0.6745 0.4039 0.2510
v -0.058350 0.297363 -0.040283 0.6354 0.3765 0.2353
v 0.055908 0.297363 -0.040283 0.6980 0.4157 0.2667
v -0.067139 0.159668 -0.040283 0.3019 0.1412 0.2039
v 0.064697 0.159668 -0.040283 0.4118 0.2078 0.1804
v -0.090576 0.551270 -0.040771 0.2353 0.1059 0.2980
v -0.086670 0.569336 -0.040771 0.1686 0.0627 0.2432
v -0.055908 0.652344 -0.040771 0.7294 0.4471 0.2980
v 0.053467 0.652344 -0.040771 0.6471 0.3529 0.2078
v 0.207764 0.770508 -0.040771 0.6667 0.3608 0.2275
v 0.299072 0.795898 -0.040771 0.7568 0.4902 0.3451
v 0.236572 0.810547 -0.040771 0.6980 0.4353 0.2706
v -0.217041 0.821777 -0.040772 0.7059 0.4157 0.2588
v -0.141357 0.844727 -0.040772 0.7333 0.4432 0.2863
v -0.058838 0.856445 -0.040771 0.7137 0.4196 0.2667
v 0.056885 0.856934 -0.040771 0.7059 0.4235 0.2667
v -0.035889 0.879395 -0.040771 0.1451 0.1098 0.0902
v 0.031006 0.886230 -0.040771 0.1725 0.1098 0.0784
v 0.040283 0.902832 -0.040771 0.1647 0.1059 0.0627
v -0.048096 0.914062 -0.040771 0.1216 0.0667 0.0353
v -0.052002 0.920898 -0.040771 0.1451 0.0980 0.0510
v 0.050537 0.920898 -0.040771 0.1176 0.0667 0.0392
v -0.061768 0.943359 -0.040771 0.1059 0.0588 0.0275
v -0.052002 0.949219 -0.040771 0.0706 0.0314 0.0039
v 0.043213 0.965332 -0.040771 0.0863 0.0745 0.0549
v 0.045654 0.969238 -0.040771 0.1137 0.0706 0.0392
v 0.044678 0.971680 -0.040771 0.1098 0.0706 0.0353
v -0.051025 0.343262 -0.040771 0.7020 0.4235 0.2784
v 0.049072 0.343262 -0.040771 0.7176 0.4353 0.2823
v -0.065186 0.168945 -0.040771 0.6510 0.3647 0.2275
v 0.062256 0.168457 -0.040771 0.6315 0.3568 0.2275
v -0.117432 0.146484 -0.040772 0.3725 0.1804 0.1569
v 0.114990 0.146484 -0.040771 0.4000 0.2157 0.1569
v 0.123291 0.035156 -0.040771 0.1137 0.0549 0.1490
v -0.094482 0.532227 -0.041260 0.2392 0.1020 0.3176
v 0.089600 0.551758 -0.041260 0.2314 0.1059 0.2980
v 0.085205 0.569824 -0.041260 0.2039 0.0784 0.2627
v -0.083252 0.586426 -0.041260 0.2157 0.0941 0.2823
v 0.080811 0.586426 -0.041260 0.2863 0.1294 0.3490
v -0.273682 0.791992 -0.041260 0.7059 0.4314 0.2784
v 0.285889 0.808594 -0.041260 0.7020 0.4196 0.2706
v -0.208740 0.825195 -0.041260 0.7059 0.4078 0.2627
v 0.158447 0.826660 -0.041260 0.6393 0.3725 0.2235
v 0.156006 0.827148 -0.041260 0.6354 0.3451 0.2275
v -0.173096 0.829590 -0.041260 0.7176 0.4275 0.2823
v -0.050537 0.914551 -0.041260 0.1608 0.1020 0.0745
v 0.051025 0.922363 -0.041260 0.1216 0.0784 0.0431
v -0.051514 0.935059 -0.041260 0.1373 0.0863 0.0510
v 0.050049 0.971191 -0.041260 0.1373 0.0824 0.0392
v -0.045166 0.979980 -0.041260 0.1059 0.0667 0.0431
v -0.036377 0.982422 -0.041260 0.0980 0.0588 0.0275
v -0.002686 0.481445 -0.041260 0.1176 0.0431 0.1686
v 0.000244 0.481445 -0.041260 0.1216 0.0431 0.1647
v -0.036377 0.382812 -0.041260 0.6550 0.3921 0.2549
v 0.033936 0.382812 -0.041260 0.6393 0.3529 0.2039
v -0.093506 0.348145 -0.041260 0.7020 0.4078 0.2549
v 0.091064 0.348145 -0.041260 0.7020 0.4275 0.2863
v -0.088623 0.326172 -0.041260 0.6550 0.3804 0.2471
v 0.086182 0.326172 -0.041260 0.6628 0.3882 0.2471
v -0.119385 0.162598 -0.041260 0.4706 0.2667 0.2510
v 0.117432 0.162598 -0.041260 0.5686 0.3490 0.2667
v -0.072998 0.046875 -0.041260 0.1961 0.1059 0.2706
v 0.071045 0.046875 -0.041260 0.1922 0.0863 0.2627
v -0.125244 0.035156 -0.041260 0.2000 0.0902 0.2510
v 0.120361 0.001953 -0.041260 0.1608 0.1804 0.1804
v 0.093506 0.532227 -0.041748 0.1843 0.0784 0.2510
v -0.001221 0.633301 -0.041748 0.6706 0.5255 0.4235
v -0.062744 0.639160 -0.041748 0.6667 0.6276 0.5961
v 0.060303 0.639160 -0.041748 0.5686 0.5059 0.4863
v 0.098877 0.718750 -0.041748 0.6941 0.4078 0.2745
v -0.101318 0.719238 -0.041748 0.6941 0.4118 0.2627
v -0.111572 0.750000 -0.041748 0.6197 0.3451 0.2118
v -0.261475 0.797852 -0.041748 0.6315 0.3568 0.2235
v 0.245850 0.806641 -0.041748 0.6941 0.3921 0.2549
v -0.198975 0.828125 -0.041748 0.7294 0.4432 0.2902
v -0.186279 0.829590 -0.041748 0.7098 0.4157 0.2627
v 0.140869 0.844238 -0.041748 0.7529 0.4510 0.2980
v 0.029053 0.880859 -0.041748 0.4118 0.2706 0.2118
v -0.036865 0.882324 -0.041748 0.1451 0.1176 0.0863
v 0.048096 0.930664 -0.041748 0.0863 0.0510 0.0196
v -0.050537 0.932129 -0.041748 0.1490 0.0941 0.0549
v 0.049072 0.935059 -0.041748 0.0627 0.0275 0.0078
v 0.051514 0.943359 -0.041748 0.1530 0.1137 0.0667
v -0.048584 0.958496 -0.041748 0.1216 0.0627 0.0275
v -0.050537 0.965820 -0.041748 0.0863 0.0510 0.0157
v 0.049561 0.969727 -0.041748 0.1490 0.1059 0.0745
v 0.049072 0.972168 -0.041748 0.1333 0.0784 0.0392
v -0.039307 0.977539 -0.041748 0.0745 0.0353 0.0157
v 0.029541 0.982422 -0.041748 0.1098 0.0745 0.0431
v -0.092041 0.496094 -0.041748 0.5373 0.2980 0.1765
v 0.089600 0.496094 -0.041748 0.5059 0.2706 0.1686
v 0.118897 0.416504 -0.041748 0.1961 0.0941 0.2627
v -0.041260 0.366211 -0.041748 0.6980 0.4432 0.2863
v 0.038818 0.366211 -0.041748 0.6432 0.3568 0.2078
v -0.101318 0.288574 -0.041748 0.6745 0.3882 0.2432
v 0.099365 0.288574 -0.041748 0.6628 0.3725 0.2510
v -0.075439 0.085938 -0.041748 0.2196 0.1137 0.2902
v 0.072998 0.085938 -0.041748 0.1843 0.0745 0.2510
v -0.122803 0.001953 -0.041748 0.2039 0.1843 0.1804
v -0.060791 0.669434 -0.042236 0.6902 0.4039 0.2667
v 0.058350 0.669434 -0.042236 0.6980 0.4196 0.2941
v -0.076904 0.685547 -0.042236 0.6902 0.4078 0.2667
v 0.074463 0.685547 -0.042236 0.7137 0.4275 0.2784
v 0.109619 0.749512 -0.042236 0.6706 0.3961 0.2588
v -0.191650 0.767578 -0.042236 0.6432 0.3686 0.2353
v 0.199951 0.768555 -0.042236 0.6980 0.4196 0.2667
v 0.243897 0.777344 -0.042236 0.5373 0.2667 0.1765
v 0.285400 0.800293 -0.042236 0.6824 0.3882 0.2667
v 0.257568 0.812500 -0.042236 0.6980 0.4235 0.2706
v 0.271729 0.814941 -0.042236 0.7098 0.4039 0.2588
v -0.033936 0.878906 -0.042236 0.1216 0.0706 0.0510
v 0.026123 0.880859 -0.042236 0.2510 0.1490 0.1020
v -0.028076 0.887695 -0.042236 0.1412 0.0824 0.0549
v 0.042236 0.905273 -0.042236 0.1333 0.0824 0.0392
v 0.047607 0.925293 -0.042236 0.1804 0.1255 0.0745
v -0.050049 0.926758 -0.042236 0.1451 0.0941 0.0627
v 0.049561 0.952148 -0.042236 0.1333 0.0784 0.0392
v -0.053955 0.955078 -0.042236 0.1412 0.0902 0.0510
v -0.045654 0.965332 -0.042236 0.0941 0.0510 0.0196
v -0.043701 0.969238 -0.042236 0.0941 0.0471 0.0157
v 0.033447 0.978516 -0.042236 0.1333 0.0980 0.0588
v -0.036865 0.979492 -0.042236 0.0980 0.0549 0.0196
v -0.044189 0.981934 -0.042236 0.0980 0.0667 0.0392
v 0.025146 0.984863 -0.042236 0.0980 0.0588 0.0275
v -0.121826 0.416992 -0.042236 0.1530 0.0549 0.2314
v -0.120850 0.252441 -0.042236 0.6432 0.3882 0.2432
v 0.120361 0.252441 -0.042236 0.6667 0.4039 0.2667
v -0.074951 0.100098 -0.042236 0.1961 0.0980 0.2549
v 0.072510 0.100098 -0.042236 0.1725 0.0745 0.2314
v -0.073975 0.070312 -0.042236 0.1882 0.0902 0.2549
v 0.072021 0.070312 -0.042236 0.1569 0.0510 0.2157
v -0.053955 0.642090 -0.042725 0.6824 0.3882 0.2235
v 0.051514 0.642090 -0.042725 0.6550 0.3294 0.1569
v -0.105713 0.729492 -0.042725 0.6471 0.3725 0.2314
v 0.103760 0.729492 -0.042725 0.6667 0.3843 0.2353
v 0.107178 0.740234 -0.042725 0.6550 0.3725 0.2235
v -0.109619 0.740723 -0.042725 0.7137 0.4432 0.2980
v 0.252197 0.780273 -0.042725 0.5764 0.3059 0.1843
v 0.260986 0.780273 -0.042725 0.6000 0.3098 0.2000
v -0.240479 0.780762 -0.042725 0.6510 0.3921 0.2667
v -0.233154 0.781250 -0.042725 0.6000 0.3294 0.2039
v 0.286865 0.781738 -0.042725 0.7098 0.4314 0.2863
v -0.261963 0.790527 -0.042725 0.6589 0.3725 0.2432
v -0.247314 0.802734 -0.042725 0.7255 0.4314 0.2863
v 0.258057 0.803223 -0.042725 0.6354 0.3765 0.2392
v -0.239502 0.805664 -0.042725 0.7529 0.4628 0.3176
v 0.226318 0.814941 -0.042725 0.6550 0.3647 0.2078
v 0.216553 0.820801 -0.042725 0.6863 0.4000 0.2471
v 0.172119 0.828613 -0.042725 0.7176 0.4235 0.2706
v -0.152100 0.833008 -0.042725 0.6824 0.3882 0.2314
v -0.133057 0.848145 -0.042725 0.7412 0.4471 0.2941
v 0.067627 0.851074 -0.042725 0.6941 0.4078 0.2706
v -0.069092 0.851562 -0.042725 0.7137 0.4235 0.2588
v 0.022217 0.885254 -0.042725 0.1255 0.0824 0.0549
v -0.038330 0.888184 -0.042725 0.1530 0.0980 0.0667
v 0.033447 0.892578 -0.042725 0.0941 0.0588 0.0196
v 0.046631 0.921387 -0.042725 0.1490 0.0980 0.0588
v -0.052002 0.945801 -0.042725 0.1176 0.0588 0.0314
v 0.043213 0.961914 -0.042725 0.0902 0.0549 0.0275
v -0.050049 0.971191 -0.042725 0.1451 0.1020 0.0627
v 0.047607 0.971680 -0.042725 0.1176 0.0824 0.0471
v 0.037354 0.976074 -0.042725 0.1255 0.0902 0.0471
v -0.044678 0.978516 -0.042725 0.0980 0.0549 0.0353
v -0.039307 0.980957 -0.042725 0.1098 0.0706 0.0353
v 0.003174 0.981934 -0.042725 0.1530 0.0941 0.0471
v -0.000732 0.983887 -0.042725 0.0667 0.0392 0.0078
v -0.097412 0.385254 -0.042725 0.6471 0.3882 0.2510
v 0.095459 0.385254 -0.042725 0.6197 0.3529 0.2157
v -0.075928 0.335449 -0.042725 0.6550 0.3725 0.2275
v 0.073486 0.335449 -0.042725 0.6745 0.3961 0.2549
v 0.070557 0.113770 -0.042725 0.1804 0.0784 0.2432
v 0.125244 0.005859 -0.042725 0.5725 0.4784 0.4235
v -0.045654 0.654785 -0.043213 0.7020 0.4196 0.2706
v 0.043213 0.654785 -0.043213 0.7372 0.4784 0.3216
v -0.214600 0.775879 -0.043213 0.6745 0.3843 0.2432
v -0.223877 0.780273 -0.043213 0.6157 0.3451 0.2157
v -0.250244 0.784180 -0.043213 0.6706 0.4039 0.2745
v 0.285889 0.793457 -0.043213 0.7529 0.4628 0.3176
v 0.207764 0.824219 -0.043213 0.7608 0.4863 0.3216
v 0.185791 0.829102 -0.043213 0.6941 0.4000 0.2471
v 0.027100 0.877441 -0.043213 0.3843 0.2353 0.1294
v 0.028564 0.877930 -0.043213 0.2706 0.1804 0.1098
v 0.037842 0.900879 -0.043213 0.1647 0.1059 0.0745
v 0.047119 0.947266 -0.043213 0.0706 0.0471 0.0235
v 0.048584 0.970215 -0.043213 0.1373 0.0863 0.0510
v 0.039795 0.972168 -0.043213 0.1333 0.0980 0.0667
v -0.003174 0.470215 -0.043213 0.1176 0.0314 0.1725
v 0.000732 0.470215 -0.043213 0.1176 0.0431 0.1608
v -0.093506 0.359375 -0.043213 0.6745 0.3843 0.2392
v 0.091064 0.359375 -0.043213 0.6510 0.3804 0.2510
v -0.052002 0.353516 -0.043213 0.7333 0.4510 0.3019
v -0.089600 0.347168 -0.043213 0.7176 0.4314 0.2706
v 0.087158 0.347168 -0.043213 0.7098 0.4432 0.2980
v -0.089111 0.314453 -0.043213 0.6589 0.3765 0.2275
v 0.086670 0.314453 -0.043213 0.6628 0.3804 0.2235
v 0.052979 0.185547 -0.043213 0.6432 0.3765 0.2392
v 0.115967 0.162109 -0.043213 0.3961 0.1882 0.2432
v -0.072998 0.113770 -0.043213 0.2196 0.1137 0.2823
v 0.121338 0.033203 -0.043213 0.2353 0.0902 0.2784
v 0.125244 0.017578 -0.043213 0.7843 0.6785 0.6118
v -0.127197 0.017090 -0.043213 0.7568 0.6589 0.6039
v 0.126221 0.010254 -0.043213 0.6902 0.5843 0.5019
v -0.127197 0.005859 -0.043213 0.5843 0.4941 0.4392
v 0.273193 0.780273 -0.043701 0.7451 0.4667 0.3255
v -0.254639 0.797852 -0.043701 0.6863 0.4039 0.2706
v 0.272217 0.798340 -0.043701 0.6471 0.3686 0.2432
v 0.271729 0.806152 -0.043701 0.6550 0.3843 0.2353
v -0.230713 0.809082 -0.043701 0.7451 0.4550 0.3019
v 0.197998 0.827148 -0.043701 0.7176 0.4157 0.2627
v 0.151611 0.832031 -0.043701 0.6589 0.3608 0.2235
v -0.079834 0.846680 -0.043701 0.6157 0.3490 0.2157
v 0.132568 0.847656 -0.043701 0.7686 0.4784 0.3176
v 0.028564 0.874512 -0.043701 0.5569 0.3686 0.2627
v -0.051025 0.916504 -0.043701 0.1608 0.1059 0.0588
v 0.052979 0.919922 -0.043701 0.1569 0.0980 0.0588
v -0.048096 0.921387 -0.043701 0.1176 0.0627 0.0314
v 0.052490 0.936523 -0.043701 0.1137 0.0784 0.0392
v 0.047119 0.948730 -0.043701 0.0824 0.0471 0.0235
v -0.049561 0.950684 -0.043701 0.0902 0.0353 0.0078
v -0.055420 0.951172 -0.043701 0.0980 0.0667 0.0235
v -0.039307 0.974609 -0.043701 0.1059 0.0588 0.0235
v 0.094971 0.446289 -0.043701 0.5216 0.2980 0.1882
v -0.060791 0.355957 -0.043701 0.6157 0.3451 0.2078
v 0.058350 0.355957 -0.043701 0.6667 0.3882 0.2314
v 0.049561 0.353516 -0.043701 0.6745 0.3921 0.2432
v -0.055420 0.185547 -0.043701 0.6589 0.3804 0.2471
v -0.118408 0.162109 -0.043701 0.3216 0.1686 0.3098
v -0.068604 0.161133 -0.043701 0.5098 0.3059 0.3019
v 0.066162 0.161133 -0.043701 0.5137 0.2823 0.2314
v -0.123779 0.033203 -0.043701 0.2196 0.0941 0.2627
v -0.128174 0.010254 -0.043701 0.6628 0.5530 0.4784
v -0.052979 0.632324 -0.044189 0.6354 0.5451 0.4745
v 0.050537 0.632324 -0.044189 0.6589 0.5530 0.4784
v -0.032471 0.632812 -0.044189 0.6863 0.5725 0.4863
v 0.030029 0.632812 -0.044189 0.6745 0.5647 0.4784
v -0.064697 0.636230 -0.044189 0.7490 0.7255 0.6902
v 0.062256 0.636230 -0.044189 0.7921 0.8117 0.8039
v 0.047119 0.639160 -0.044189 0.6000 0.3451 0.2510
v -0.049561 0.639648 -0.044189 0.5333 0.3019 0.2118
v -0.183350 0.765137 -0.044189 0.6471 0.3725 0.2432
v 0.190674 0.766602 -0.044189 0.7176 0.4353 0.2863
v -0.255615 0.790039 -0.044189 0.6941 0.4196 0.2784
v 0.078369 0.846191 -0.044189 0.6628 0.3843 0.2510
v -0.040283 0.894531 -0.044189 0.1647 0.1098 0.0627
v -0.046631 0.916992 -0.044189 0.1059 0.0745 0.0314
v -0.048096 0.955078 -0.044189 0.0824 0.0392 0.0039
v 0.048096 0.957031 -0.044189 0.0941 0.0588 0.0314
v -0.044678 0.963867 -0.044189 0.1255 0.0824 0.0471
v -0.043213 0.979004 -0.044189 0.0980 0.0627 0.0431
v -0.043213 0.980957 -0.044189 0.0980 0.0627 0.0353
v -0.029053 0.983887 -0.044189 0.1530 0.0863 0.0353
v -0.097412 0.446289 -0.044189 0.5451 0.3137 0.1961
v -0.076416 0.326172 -0.044189 0.6941 0.4118 0.2667
v 0.073975 0.326172 -0.044189 0.7412 0.4589 0.3137
v -0.062256 0.175781 -0.044189 0.6471 0.3804 0.2392
v 0.059814 0.175781 -0.044189 0.6393 0.3725 0.2353
v 0.066162 0.135254 -0.044189 0.1922 0.0824 0.2627
v -0.001221 0.643066 -0.044678 0.6354 0.3216 0.1725
v -0.044678 0.643555 -0.044678 0.6589 0.3608 0.2118
v 0.042236 0.643555 -0.044678 0.6706 0.3608 0.1961
v -0.046631 0.663086 -0.044678 0.6197 0.3451 0.2039
v 0.044189 0.663086 -0.044678 0.6824 0.3921 0.2549
v 0.272705 0.791016 -0.044678 0.7137 0.4196 0.2745
v -0.154053 0.826172 -0.044678 0.6550 0.3804 0.2510
v -0.083252 0.848633 -0.044678 0.6471 0.3647 0.2275
v -0.122803 0.851074 -0.044678 0.7451 0.4471 0.2941
v 0.028076 0.877930 -0.044678 0.3294 0.2039 0.1176
v 0.039307 0.899902 -0.044678 0.1686 0.1137 0.0784
v 0.041260 0.900879 -0.044678 0.1961 0.1255 0.0824
v -0.050049 0.912598 -0.044678 0.0941 0.0471 0.0196
v 0.043213 0.916504 -0.044678 0.1059 0.0627 0.0235
v -0.052490 0.942383 -0.044678 0.1490 0.0902 0.0471
v 0.047119 0.943359 -0.044678 0.0824 0.0510 0.0275
v -0.053467 0.949707 -0.044678 0.1098 0.0667 0.0314
v -0.050537 0.950684 -0.044678 0.0941 0.0510 0.0196
v -0.050049 0.954102 -0.044678 0.1255 0.0588 0.0235
v -0.048584 0.965820 -0.044678 0.0745 0.0392 0.0196
v -0.052979 0.968750 -0.044678 0.1373 0.0941 0.0549
v -0.032959 0.980469 -0.044678 0.0941 0.0471 0.0157
v -0.096436 0.395508 -0.044678 0.6236 0.3686 0.2314
v 0.093994 0.395508 -0.044678 0.6157 0.3568 0.2196
v -0.074951 0.346191 -0.044678 0.6745 0.4039 0.2588
v 0.072998 0.346191 -0.044678 0.6941 0.4157 0.2823
v 0.118897 0.160645 -0.044678 0.2000 0.0863 0.2863
v -0.065674 0.159180 -0.044678 0.1059 0.0627 0.2275
v 0.063232 0.159180 -0.044678 0.1530 0.0863 0.2784
v -0.068604 0.135254 -0.044678 0.2235 0.1098 0.2902
v -0.075439 0.533203 -0.045166 0.5921 0.3216 0.1922
v 0.072998 0.533203 -0.045166 0.5882 0.3294 0.2039
v -0.065186 0.622070 -0.045166 0.5686 0.5137 0.4706
v 0.062744 0.622070 -0.045166 0.4628 0.3961 0.3647
v -0.208740 0.774902 -0.045166 0.6863 0.3921 0.2392
v 0.222900 0.779785 -0.045166 0.6667 0.3843 0.2471
v 0.239990 0.779785 -0.045166 0.6315 0.3608 0.2353
v 0.232178 0.780273 -0.045166 0.6393 0.3608 0.2353
v -0.246338 0.784668 -0.045166 0.6471 0.3804 0.2510
v 0.260986 0.796875 -0.045166 0.6197 0.3568 0.2510
v 0.239014 0.804688 -0.045166 0.6785 0.3921 0.2392
v -0.151123 0.831055 -0.045166 0.6745 0.3725 0.2157
v -0.075439 0.848145 -0.045166 0.6902 0.4196 0.2627
v 0.081787 0.848145 -0.045166 0.6667 0.3686 0.2235
v 0.121826 0.850586 -0.045166 0.7216 0.3961 0.2432
v 0.026611 0.877441 -0.045166 0.6118 0.2941 0.1765
v 0.028564 0.880859 -0.045166 0.2235 0.1373 0.0902
v -0.032471 0.881836 -0.045166 0.1333 0.0863 0.0588
v -0.025635 0.886719 -0.045166 0.1255 0.0784 0.0549
v -0.027588 0.890625 -0.045166 0.1490 0.0902 0.0588
v 0.025146 0.890625 -0.045166 0.1451 0.0863 0.0588
v -0.042236 0.902344 -0.045166 0.1216 0.0667 0.0196
v 0.041748 0.909668 -0.045166 0.0588 0.0353 0.0157
v -0.048096 0.912598 -0.045166 0.1020 0.0549 0.0235
v -0.048584 0.925293 -0.045166 0.1530 0.1020 0.0667
v 0.050049 0.934570 -0.045166 0.1176 0.0706 0.0392
v -0.052979 0.936035 -0.045166 0.0745 0.0392 0.0235
v -0.047607 0.968750 -0.045166 0.0902 0.0510 0.0275
v 0.051025 0.972168 -0.045166 0.1490 0.0863 0.0471
v 0.030029 0.979492 -0.045166 0.1098 0.0784 0.0471
v 0.021240 0.981445 -0.045166 0.0941 0.0549 0.0275
v -0.017822 0.984375 -0.045166 0.0745 0.0314 0.0000
v -0.021240 0.984375 -0.045166 0.1059 0.0667 0.0275
v -0.024170 0.985840 -0.045166 0.1451 0.1059 0.0706
v -0.003662 0.455566 -0.045166 0.1059 0.0392 0.1725
v 0.001221 0.455566 -0.045166 0.1098 0.0392 0.1647
v -0.089111 0.358887 -0.045166 0.6980 0.4118 0.2745
v 0.086670 0.358887 -0.045166 0.6941 0.4118 0.2745
v -0.076904 0.314941 -0.045166 0.7294 0.4471 0.2980
v 0.074463 0.314941 -0.045166 0.6980 0.4078 0.2745
v -0.090088 0.303223 -0.045166 0.7098 0.4314 0.2784
v 0.087646 0.302734 -0.045166 0.7176 0.4275 0.2823
v -0.067139 0.300293 -0.045166 0.6667 0.3921 0.2549
v 0.064697 0.300293 -0.045166 0.7059 0.4235 0.2667
v -0.056885 0.283203 -0.045166 0.6785 0.4118 0.2823
v 0.054443 0.283203 -0.045166 0.6118 0.3019 0.1451
v -0.121338 0.160645 -0.045166 0.2118 0.0980 0.2784
v 0.062744 0.152832 -0.045166 0.3686 0.2941 0.3176
v -0.081299 0.693848 -0.045654 0.7137 0.4392 0.2902
v 0.078857 0.693848 -0.045654 0.7216 0.4392 0.2902
v -0.155029 0.761719 -0.045654 0.6667 0.3882 0.2471
v -0.169678 0.761719 -0.045654 0.7294 0.4432 0.3059
v 0.182373 0.764160 -0.045654 0.6628 0.3765 0.2432
v -0.138916 0.765137 -0.045654 0.6118 0.3294 0.1843
v 0.213623 0.775391 -0.045654 0.6902 0.4000 0.2432
v -0.216553 0.780762 -0.045654 0.6354 0.3608 0.2275
v -0.233643 0.785156 -0.045654 0.6706 0.3961 0.2588
v -0.251709 0.790039 -0.045654 0.7294 0.4550 0.3019
v 0.246826 0.801758 -0.045654 0.7098 0.4039 0.2549
v 0.230225 0.808105 -0.045654 0.7490 0.4667 0.3098
v 0.153076 0.825684 -0.045654 0.6079 0.3372 0.2078
v 0.073975 0.847656 -0.045654 0.6667 0.3804 0.2392
v 0.025146 0.883301 -0.045654 0.1569 0.0902 0.0588
v 0.028564 0.885742 -0.045654 0.1765 0.1137 0.0706
v 0.036377 0.901367 -0.045654 0.1137 0.0784 0.0510
v 0.041260 0.906738 -0.045654 0.0863 0.0471 0.0078
v 0.045654 0.917969 -0.045654 0.1569 0.1059 0.0706
v 0.052002 0.939453 -0.045654 0.1725 0.1098 0.0784
v -0.048096 0.951172 -0.045654 0.0980 0.0471 0.0078
v 0.042725 0.957520 -0.045654 0.1490 0.0941 0.0667
v 0.039795 0.966797 -0.045654 0.1451 0.0941 0.0588
v -0.052490 0.967285 -0.045654 0.1020 0.0667 0.0392
v -0.052002 0.970703 -0.045654 0.1176 0.0784 0.0471
v 0.039795 0.973145 -0.045654 0.1373 0.0902 0.0510
v -0.047119 0.981445 -0.045654 0.1294 0.0824 0.0588
v 0.015869 0.982422 -0.045654 0.1059 0.0471 0.0196
v 0.030029 0.982422 -0.045654 0.1412 0.0902 0.0588
v -0.089600 0.363770 -0.045654 0.7059 0.4235 0.2745
v 0.087646 0.363770 -0.045654 0.7020 0.4314 0.2784
v 0.044678 0.242676 -0.045654 0.6510 0.3568 0.2196
v -0.065186 0.152832 -0.045654 0.4628 0.3921 0.3882
v -0.015381 0.632812 -0.046143 0.6785 0.5764 0.4902
v 0.012939 0.632812 -0.046143 0.6824 0.5686 0.4823
v -0.001221 0.660156 -0.046143 0.6315 0.3608 0.2314
v -0.063721 0.676758 -0.046143 0.7020 0.4157 0.2627
v 0.061279 0.676758 -0.046143 0.6667 0.3843 0.2471
v 0.249268 0.783691 -0.046143 0.6941 0.4196 0.2941
v -0.241455 0.784668 -0.046143 0.6941 0.4196 0.2823
v -0.224854 0.785645 -0.046143 0.6393 0.3843 0.2510
v 0.261475 0.789551 -0.046143 0.6824 0.4078 0.2588
v -0.250732 0.794922 -0.046143 0.6706 0.3843 0.2392
v -0.247314 0.797852 -0.046143 0.6824 0.3921 0.2588
v -0.241943 0.799805 -0.046143 0.7608 0.4706 0.3216
v -0.234619 0.801758 -0.046143 0.6941 0.3921 0.2432
v -0.222412 0.810059 -0.046143 0.7333 0.4353 0.2941
v 0.150146 0.830566 -0.046143 0.6510 0.3568 0.2078
v -0.089600 0.851074 -0.046143 0.7137 0.4196 0.2667
v -0.110596 0.853027 -0.046143 0.7568 0.4510 0.2941
v -0.027588 0.883301 -0.046143 0.1530 0.0863 0.0549
v -0.050049 0.914062 -0.046143 0.1216 0.0706 0.0353
v 0.045654 0.930664 -0.046143 0.1451 0.0902 0.0588
v -0.051514 0.934082 -0.046143 0.0784 0.0431 0.0275
v 0.046631 0.935547 -0.046143 0.1059 0.0745 0.0510
v 0.046143 0.939453 -0.046143 0.1098 0.0706 0.0431
v 0.032959 0.976562 -0.046143 0.1098 0.0824 0.0431
v 0.010010 0.981445 -0.046143 0.0784 0.0392 0.0157
v -0.011475 0.986328 -0.046143 0.1569 0.1176 0.0667
v -0.128174 0.399414 -0.046143 0.3451 0.1961 0.4510
v 0.125732 0.398926 -0.046143 0.3137 0.1725 0.4235
v -0.050049 0.364258 -0.046143 0.6824 0.4078 0.2667
v 0.047607 0.364258 -0.046143 0.6824 0.4039 0.2471
v -0.047119 0.242676 -0.046143 0.6471 0.3804 0.2353
v -0.122803 0.154785 -0.046143 0.8157 0.7412 0.7255
v 0.120361 0.154785 -0.046143 0.8274 0.7608 0.7372
v 0.117432 0.137207 -0.046143 0.2118 0.0863 0.2588
v -0.116455 0.116211 -0.046143 0.2275 0.1020 0.2745
v 0.114014 0.116211 -0.046143 0.1882 0.0863 0.2392
v 0.112061 0.102539 -0.046143 0.2196 0.1216 0.2784
v -0.114502 0.102051 -0.046143 0.2157 0.1059 0.2784
v -0.113525 0.088379 -0.046143 0.2118 0.0980 0.2706
v 0.111084 0.088379 -0.046143 0.2039 0.0980 0.2588
v -0.074463 0.002441 -0.046143 0.5412 0.4667 0.3961
v 0.072510 0.002441 -0.046143 0.2549 0.2275 0.2118
v -0.043701 0.632812 -0.046631 0.6667 0.5530 0.4706
v 0.041260 0.632812 -0.046631 0.6745 0.5490 0.4667
v 0.137939 0.764648 -0.046631 0.7059 0.4392 0.3019
v -0.124756 0.770020 -0.046631 0.6157 0.3490 0.2118
v 0.254150 0.797363 -0.046631 0.6432 0.3608 0.2353
v -0.216064 0.815430 -0.046631 0.7059 0.4235 0.2667
v -0.145752 0.837402 -0.046631 0.7294 0.4235 0.2706
v 0.088135 0.851074 -0.046631 0.7098 0.3961 0.2510
v 0.109619 0.852539 -0.046631 0.7176 0.4078 0.2549
v -0.098389 0.853027 -0.046631 0.7216 0.4118 0.2627
v 0.025635 0.876465 -0.046631 0.6745 0.3725 0.2157
v 0.025146 0.879883 -0.046631 0.5137 0.2353 0.1569
v 0.018799 0.884766 -0.046631 0.1176 0.0784 0.0471
v 0.037842 0.900391 -0.046631 0.1490 0.0941 0.0627
v -0.048096 0.914062 -0.046631 0.1333 0.0863 0.0392
v -0.044189 0.915527 -0.046631 0.0941 0.0667 0.0235
v 0.045654 0.924805 -0.046631 0.1333 0.0784 0.0549
v -0.052002 0.950684 -0.046631 0.0980 0.0471 0.0275
v -0.054932 0.953125 -0.046631 0.1373 0.0824 0.0549
v -0.044678 0.959961 -0.046631 0.0784 0.0353 0.0118
v -0.039795 0.970703 -0.046631 0.0941 0.0588 0.0235
v 0.005127 0.980957 -0.046631 0.1216 0.0745 0.0471
v -0.030029 0.981445 -0.046631 0.1176 0.0745 0.0314
v 0.027100 0.984375 -0.046631 0.1412 0.0863 0.0510
v -0.006104 0.984863 -0.046631 0.1686 0.1098 0.0667
v 0.003662 0.986328 -0.046631 0.1569 0.1020 0.0667
v 0.001221 0.987305 -0.046631 0.1490 0.0941 0.0471
v -0.003662 0.437988 -0.046631 0.1255 0.0471 0.1922
v 0.001709 0.437500 -0.046631 0.1098 0.0392 0.1451
v -0.096924 0.404785 -0.046631 0.5961 0.3412 0.2157
v 0.094482 0.404785 -0.046631 0.5961 0.3490 0.2196
v -0.059326 0.364258 -0.046631 0.6863 0.4078 0.2588
v 0.056885 0.364258 -0.046631 0.7412 0.4628 0.3059
v -0.077881 0.302734 -0.046631 0.7137 0.4392 0.2863
v 0.075439 0.302734 -0.046631 0.6863 0.4000 0.2627
v 0.123779 0.234375 -0.046631 0.6863 0.4118 0.2745
v -0.119873 0.137207 -0.046631 0.2471 0.1098 0.2784
v -0.074463 0.057129 -0.046631 0.1843 0.0863 0.2432
v 0.072021 0.057129 -0.046631 0.1765 0.0745 0.2353
v -0.070068 0.007324 -0.046631 0.7176 0.5725 0.4510
v 0.068115 0.007324 -0.046631 0.7647 0.6236 0.5059
v -0.001221 0.628418 -0.047119 0.6354 0.5294 0.4510
v -0.035889 0.642578 -0.047119 0.6432 0.3294 0.1765
v 0.033447 0.642578 -0.047119 0.6667 0.3372 0.1882
v 0.168701 0.760742 -0.047119 0.6706 0.4039 0.2549
v 0.154053 0.761230 -0.047119 0.7412 0.4550 0.3176
v 0.207764 0.773926 -0.047119 0.6471 0.3490 0.1961
v -0.247803 0.789551 -0.047119 0.6863 0.4039 0.2549
v -0.226318 0.804199 -0.047119 0.6902 0.3843 0.2510
v 0.096924 0.852539 -0.047119 0.7098 0.4078 0.2588
v -0.028076 0.875977 -0.047119 0.6471 0.3608 0.2235
v -0.034424 0.887695 -0.047119 0.1294 0.0902 0.0549
v 0.029541 0.892090 -0.047119 0.0784 0.0588 0.0275
v -0.028564 0.897949 -0.047119 0.1373 0.0863 0.0510
v 0.026611 0.897949 -0.047119 0.1373 0.0784 0.0510
v 0.040771 0.901855 -0.047119 0.1294 0.0784 0.0471
v -0.047607 0.946777 -0.047119 0.0863 0.0431 0.0157
v -0.055908 0.951172 -0.047119 0.1843 0.1255 0.0902
v -0.051025 0.967773 -0.047119 0.1059 0.0706 0.0471
v -0.050537 0.969238 -0.047119 0.1137 0.0706 0.0471
v 0.039307 0.969238 -0.047119 0.0784 0.0471 0.0235
v 0.036865 0.975586 -0.047119 0.1294 0.0980 0.0706
v -0.003174 0.984375 -0.047119 0.1530 0.0941 0.0431
v -0.023682 0.497559 -0.047119 0.5764 0.3137 0.1882
v 0.021240 0.497559 -0.047119 0.5569 0.3137 0.1843
v -0.090088 0.474121 -0.047119 0.5530 0.3176 0.2000
v 0.087646 0.474121 -0.047119 0.5412 0.2941 0.1843
v -0.090576 0.470215 -0.047119 0.5647 0.3176 0.1961
v 0.088623 0.470215 -0.047119 0.5373 0.2941 0.1804
v -0.074463 0.356934 -0.047119 0.7059 0.4196 0.2706
v 0.072021 0.356934 -0.047119 0.6315 0.3568 0.2235
v -0.123291 0.234375 -0.047119 0.6667 0.4039 0.2627
v 0.111084 0.073242 -0.047119 0.1922 0.0902 0.2510
v -0.113525 0.072754 -0.047119 0.1882 0.0824 0.2471
v 0.116455 0.049805 -0.047119 0.2000 0.1059 0.2392
v -0.118408 0.049316 -0.047119 0.1608 0.0784 0.2078
v -0.069092 0.018066 -0.047119 0.4667 0.3765 0.3333
v 0.067139 0.018066 -0.047119 0.6550 0.5647 0.5725
v -0.080811 0.514160 -0.047607 0.5647 0.3176 0.1961
v 0.078857 0.514160 -0.047607 0.5686 0.3176 0.1882
v -0.065186 0.605469 -0.047607 0.1765 0.1020 0.1804
v 0.063232 0.605469 -0.047607 0.1922 0.1137 0.1882
v -0.067627 0.608887 -0.047607 0.6785 0.6118 0.5333
v 0.064697 0.608887 -0.047607 0.7647 0.6902 0.6393
v -0.034912 0.631836 -0.047607 0.5686 0.4706 0.4078
v 0.032471 0.631836 -0.047607 0.6432 0.5373 0.4314
v -0.051025 0.639648 -0.047607 0.5725 0.5019 0.4823
v 0.048584 0.639648 -0.047607 0.4706 0.2706 0.2196
v -0.115479 0.767578 -0.047607 0.5725 0.3176 0.1922
v 0.123291 0.769531 -0.047607 0.6118 0.3529 0.2157
v 0.215576 0.779785 -0.047607 0.6510 0.3608 0.2235
v -0.216553 0.786133 -0.047607 0.6902 0.4157 0.2823
v 0.254639 0.789062 -0.047607 0.7529 0.4863 0.3372
v -0.247803 0.793945 -0.047607 0.7294 0.4471 0.2980
v 0.144775 0.836914 -0.047607 0.7216 0.4235 0.2706
v -0.031494 0.878906 -0.047607 0.1412 0.0863 0.0627
v -0.028564 0.881348 -0.047607 0.1137 0.0824 0.0627
v 0.038330 0.901367 -0.047607 0.1608 0.1098 0.0745
v 0.036865 0.905273 -0.047607 0.1451 0.1020 0.0706
v 0.037354 0.909668 -0.047607 0.1176 0.0824 0.0588
v -0.049072 0.934570 -0.047607 0.1137 0.0627 0.0392
v 0.048584 0.935547 -0.047607 0.1255 0.0745 0.0431
v -0.052979 0.938477 -0.047607 0.1412 0.0824 0.0471
v 0.049072 0.938965 -0.047607 0.1451 0.0745 0.0510
v 0.050049 0.950195 -0.047607 0.0941 0.0588 0.0196
v -0.052979 0.952637 -0.047607 0.1137 0.0627 0.0392
v 0.039307 0.962402 -0.047607 0.1451 0.0980 0.0667
v 0.029541 0.977539 -0.047607 0.0902 0.0627 0.0353
v -0.004639 0.418945 -0.047607 0.1333 0.0510 0.2039
v 0.002197 0.418945 -0.047607 0.1020 0.0353 0.1647
v -0.005127 0.399414 -0.047607 0.1961 0.0941 0.2706
v 0.003174 0.399414 -0.047607 0.1882 0.0745 0.2353
v -0.070557 0.032715 -0.047607 0.2039 0.1059 0.2588
v 0.068115 0.032715 -0.047607 0.1725 0.0745 0.2392
v -0.033936 0.639648 -0.048096 0.4980 0.2745 0.2039
v 0.031494 0.639648 -0.048096 0.5490 0.2667 0.1608
v -0.049561 0.672852 -0.048096 0.6079 0.3333 0.2039
v 0.047119 0.672852 -0.048096 0.7216 0.4550 0.3019
v 0.114014 0.767090 -0.048096 0.5725 0.3137 0.1882
v -0.200928 0.773438 -0.048096 0.6706 0.3765 0.2235
v 0.245361 0.783691 -0.048096 0.6354 0.3568 0.2353
v 0.233154 0.784180 -0.048096 0.6393 0.3529 0.2353
v 0.224365 0.784668 -0.048096 0.6197 0.3294 0.2235
v 0.221924 0.809570 -0.048096 0.7137 0.4235 0.2784
v -0.139893 0.841309 -0.048096 0.7412 0.4353 0.2823
v 0.028564 0.870117 -0.048096 0.7137 0.4235 0.2823
v -0.029541 0.878418 -0.048096 0.2078 0.1020 0.0627
v -0.023193 0.885742 -0.048096 0.1333 0.0784 0.0510
v 0.039795 0.915039 -0.048096 0.1333 0.0824 0.0549
v -0.044678 0.920898 -0.048096 0.1647 0.1137 0.0745
v -0.048096 0.932617 -0.048096 0.1020 0.0549 0.0275
v -0.054932 0.950195 -0.048096 0.1059 0.0667 0.0314
v 0.043213 0.953613 -0.048096 0.1020 0.0627 0.0392
v -0.086670 0.494141 -0.048096 0.5412 0.3098 0.1843
v 0.084229 0.494141 -0.048096 0.5333 0.3019 0.1882
v -0.024658 0.483887 -0.048096 0.5961 0.3294 0.1961
v 0.022217 0.483887 -0.048096 0.5764 0.3176 0.1843
v -0.046143 0.378418 -0.048096 0.6863 0.4118 0.2706
v 0.043701 0.378418 -0.048096 0.6902 0.4235 0.2784
v -0.073486 0.046875 -0.048096 0.2275 0.1216 0.2980
v 0.071045 0.046875 -0.048096 0.1882 0.0824 0.2510
v -0.009033 0.643066 -0.048584 0.6902 0.3843 0.2235
v -0.085693 0.701660 -0.048584 0.7098 0.4235 0.2784
v 0.083252 0.701660 -0.048584 0.6824 0.3921 0.2510
v -0.242432 0.788574 -0.048584 0.7647 0.4784 0.3372
v -0.234619 0.789062 -0.048584 0.6589 0.3765 0.2353
v 0.250732 0.789062 -0.048584 0.6824 0.4039 0.2471
v -0.225342 0.790039 -0.048584 0.6902 0.4039 0.2627
v -0.242432 0.794922 -0.048584 0.7333 0.4471 0.2980
v 0.246826 0.796875 -0.048584 0.6628 0.3647 0.2078
v 0.240967 0.798828 -0.048584 0.6980 0.4235 0.2745
v 0.233643 0.801270 -0.048584 0.6510 0.3333 0.1961
v -0.218018 0.806641 -0.048584 0.7333 0.4432 0.2980
v 0.215088 0.814453 -0.048584 0.7137 0.4196 0.2667
v -0.031006 0.869629 -0.048584 0.7255 0.4353 0.2823
v -0.030518 0.875000 -0.048584 0.5098 0.2549 0.1569
v -0.036865 0.894043 -0.048584 0.0941 0.0471 0.0196
v 0.040283 0.897461 -0.048584 0.1294 0.0784 0.0510
v -0.049072 0.911621 -0.048584 0.1137 0.0745 0.0471
v 0.052979 0.935547 -0.048584 0.1451 0.0941 0.0471
v -0.048096 0.941895 -0.048584 0.1020 0.0510 0.0196
v 0.043213 0.947266 -0.048584 0.0824 0.0510 0.0314
v 0.048096 0.948242 -0.048584 0.1137 0.0627 0.0353
v 0.043701 0.949219 -0.048584 0.0941 0.0471 0.0235
v -0.053955 0.950684 -0.048584 0.1098 0.0667 0.0510
v -0.033936 0.977051 -0.048584 0.0667 0.0471 0.0275
v 0.024658 0.981445 -0.048584 0.1255 0.0706 0.0431
v -0.021729 0.981934 -0.048584 0.1530 0.0941 0.0588
v 0.004639 0.984863 -0.048584 0.1333 0.0824 0.0471
v -0.027100 0.464844 -0.048584 0.6118 0.3412 0.2078
v 0.024658 0.464844 -0.048584 0.6039 0.3372 0.2000
v -0.088623 0.380371 -0.048584 0.6863 0.4196 0.2745
v 0.086182 0.380371 -0.048584 0.6157 0.3568 0.2196
v -0.091553 0.289551 -0.048584 0.7333 0.4432 0.2941
v 0.089111 0.289062 -0.048584 0.6745 0.3843 0.2314
v -0.107666 0.272949 -0.048584 0.6667 0.3843 0.2392
v 0.106201 0.272949 -0.048584 0.6667 0.3765 0.2471
v -0.073486 0.146973 -0.048584 0.4667 0.2432 0.1686
v 0.071045 0.146973 -0.048584 0.4118 0.2235 0.1765
v 0.073486 0.054688 -0.048584 0.1765 0.0745 0.2353
v 0.006592 0.643066 -0.049072 0.6745 0.3647 0.2118
v -0.036865 0.654297 -0.049072 0.6197 0.3412 0.2157
v 0.034424 0.654297 -0.049072 0.6667 0.3804 0.2432
v -0.208740 0.780273 -0.049072 0.6980 0.4078 0.2627
v 0.240479 0.783691 -0.049072 0.6315 0.3529 0.2353
v 0.250244 0.793945 -0.049072 0.6667 0.3686 0.2235
v -0.235107 0.795898 -0.049072 0.7412 0.4510 0.3137
v 0.225342 0.803711 -0.049072 0.7568 0.4706 0.3255
v -0.205811 0.819336 -0.049072 0.7490 0.4589 0.3059
v 0.138916 0.840820 -0.049072 0.7059 0.3961 0.2432
v 0.042236 0.913574 -0.049072 0.1373 0.0863 0.0471
v 0.044678 0.919922 -0.049072 0.1608 0.0980 0.0588
v 0.040771 0.924805 -0.049072 0.0980 0.0627 0.0314
v 0.042236 0.930176 -0.049072 0.1020 0.0667 0.0275
v 0.043213 0.934570 -0.049072 0.0980 0.0667 0.0392
v -0.047607 0.937012 -0.049072 0.0941 0.0588 0.0157
v 0.043213 0.942871 -0.049072 0.1451 0.1059 0.0706
v 0.048584 0.953125 -0.049072 0.1176 0.0745 0.0392
v -0.040283 0.967773 -0.049072 0.1294 0.0902 0.0510
v -0.053955 0.970703 -0.049072 0.1059 0.0667 0.0431
v 0.040771 0.973145 -0.049072 0.1098 0.0706 0.0353
v -0.019775 0.981934 -0.049072 0.1294 0.0863 0.0510
v -0.030029 0.983398 -0.049072 0.1216 0.0824 0.0431
v -0.015869 0.986816 -0.049072 0.1804 0.1255 0.0627
v -0.000732 0.987305 -0.049072 0.1412 0.0824 0.0392
v -0.073975 0.365234 -0.049072 0.6745 0.4039 0.2667
v 0.071533 0.365234 -0.049072 0.6589 0.3804 0.2392
v -0.075439 0.054688 -0.049072 0.2196 0.1137 0.2823
v -0.116943 0.047852 -0.049072 0.1137 0.0510 0.1608
v 0.114502 0.047852 -0.049072 0.1922 0.0941 0.2432
v -0.008545 0.629395 -0.049561 0.6315 0.5333 0.4550
v 0.006104 0.629395 -0.049561 0.6745 0.5725 0.5137
v -0.001221 0.638672 -0.049561 0.5216 0.4471 0.4039
v -0.216553 0.790527 -0.049561 0.6941 0.4157 0.2784
v -0.225830 0.796875 -0.049561 0.7451 0.4706 0.3176
v -0.031006 0.878418 -0.049561 0.1647 0.1059 0.0627
v 0.031494 0.899902 -0.049561 0.0980 0.0706 0.0471
v 0.043701 0.914551 -0.049561 0.1725 0.1137 0.0745
v 0.039307 0.917480 -0.049561 0.1059 0.0745 0.0549
v 0.039795 0.920410 -0.049561 0.1020 0.0706 0.0510
v -0.047119 0.921875 -0.049561 0.1412 0.0784 0.0549
v 0.052002 0.934570 -0.049561 0.1412 0.0824 0.0549
v 0.052979 0.937500 -0.049561 0.1216 0.0706 0.0392
v 0.043213 0.938477 -0.049561 0.1059 0.0745 0.0510
v -0.045166 0.956055 -0.049561 0.1176 0.0745 0.0353
v 0.033447 0.973145 -0.049561 0.0902 0.0549 0.0235
v 0.026611 0.978027 -0.049561 0.0706 0.0549 0.0314
v -0.029541 0.979492 -0.049561 0.1176 0.0667 0.0314
v -0.017334 0.983398 -0.049561 0.1333 0.0863 0.0510
v -0.030029 0.449219 -0.049561 0.6276 0.3608 0.2196
v 0.027588 0.449219 -0.049561 0.6236 0.3568 0.2118
v 0.069092 0.160156 -0.049561 0.2627 0.0980 0.1686
v -0.052490 0.636230 -0.050049 0.6863 0.6863 0.6706
v 0.050049 0.636230 -0.050049 0.6550 0.6745 0.6628
v -0.067627 0.685547 -0.050049 0.6941 0.4078 0.2471
v 0.065186 0.685547 -0.050049 0.6824 0.4157 0.2627
v 0.199951 0.772461 -0.050049 0.6863 0.3921 0.2353
v 0.215576 0.785156 -0.050049 0.6510 0.3647 0.2392
v 0.247314 0.788574 -0.050049 0.7098 0.4392 0.2902
v 0.247314 0.792969 -0.050049 0.7608 0.4902 0.3294
v -0.143311 0.835938 -0.050049 0.7176 0.4000 0.2549
v 0.032959 0.866211 -0.050049 0.7059 0.4157 0.2706
v 0.023682 0.885254 -0.050049 0.0824 0.0706 0.0431
v -0.038330 0.901855 -0.050049 0.1137 0.0627 0.0275
v -0.046631 0.933105 -0.050049 0.1098 0.0627 0.0157
v -0.053955 0.934570 -0.050049 0.0863 0.0471 0.0157
v -0.050049 0.937500 -0.050049 0.1098 0.0510 0.0275
v 0.038818 0.966309 -0.050049 0.0941 0.0588 0.0196
v 0.040771 0.970215 -0.050049 0.0745 0.0431 0.0196
v 0.031006 0.982422 -0.050049 0.1216 0.0745 0.0431
v -0.026123 0.985352 -0.050049 0.1176 0.0745 0.0510
v 0.003662 0.989746 -0.050049 0.1333 0.0902 0.0510
v -0.033936 0.431641 -0.050049 0.6510 0.3647 0.2275
v 0.031494 0.431641 -0.050049 0.6393 0.3647 0.2196
v -0.093994 0.425293 -0.050049 0.5843 0.3451 0.2235
v 0.091553 0.425293 -0.050049 0.5921 0.3412 0.2039
v -0.056885 0.375000 -0.050049 0.7059 0.4392 0.2823
v 0.054443 0.375000 -0.050049 0.6550 0.3765 0.2392
v -0.071533 0.160645 -0.050049 0.2432 0.1137 0.2627
v -0.071533 0.160156 -0.050049 0.4000 0.2039 0.1961
v 0.107178 0.146484 -0.050049 0.4039 0.2118 0.1765
v -0.024658 0.630859 -0.050537 0.6393 0.5530 0.4902
v 0.022217 0.630859 -0.050537 0.6550 0.5647 0.4745
v -0.008545 0.658691 -0.050537 0.6471 0.3647 0.2157
v 0.006104 0.658691 -0.050537 0.6393 0.3412 0.2078
v 0.224365 0.789062 -0.050537 0.6902 0.3961 0.2627
v 0.217041 0.805664 -0.050537 0.6628 0.3765 0.2353
v -0.155029 0.823730 -0.050537 0.7059 0.4235 0.2745
v -0.131592 0.844238 -0.050537 0.7333 0.4078 0.2432
v -0.034912 0.865234 -0.050537 0.7137 0.4275 0.2823
v -0.029053 0.878418 -0.050537 0.2235 0.1137 0.0627
v -0.031494 0.881348 -0.050537 0.1059 0.0745 0.0588
v 0.022705 0.881348 -0.050537 0.0902 0.0549 0.0275
v 0.013428 0.884277 -0.050537 0.1216 0.0745 0.0510
v 0.040771 0.914062 -0.050537 0.1451 0.0941 0.0588
v -0.047607 0.928223 -0.050537 0.1333 0.0824 0.0353
v -0.052490 0.933594 -0.050537 0.0863 0.0510 0.0235
v 0.051025 0.935059 -0.050537 0.1216 0.0745 0.0588
v 0.045654 0.949219 -0.050537 0.1451 0.0941 0.0510
v -0.055908 0.952148 -0.050537 0.1020 0.0627 0.0353
v 0.039795 0.957520 -0.050537 0.0667 0.0471 0.0196
v 0.029541 0.974121 -0.050537 0.1294 0.0824 0.0510
v 0.038818 0.974609 -0.050537 0.1176 0.0745 0.0471
v 0.002686 0.979980 -0.050537 0.1255 0.0824 0.0510
v 0.029053 0.983887 -0.050537 0.1137 0.0745 0.0314
v -0.012939 0.987305 -0.050537 0.1530 0.1059 0.0667
v -0.040771 0.406250 -0.050537 0.6550 0.3843 0.2314
v 0.038330 0.406250 -0.050537 0.6550 0.3843 0.2314
v -0.068604 0.286133 -0.050537 0.6980 0.4118 0.2667
v 0.066650 0.286133 -0.050537 0.6589 0.3725 0.2353
v -0.123779 0.212402 -0.050537 0.6745 0.4078 0.2706
v 0.123291 0.212402 -0.050537 0.6118 0.3451 0.2000
v -0.109619 0.146484 -0.050537 0.4314 0.2314 0.1765
v -0.016357 0.639160 -0.051025 0.5686 0.3176 0.2157
v 0.013916 0.639160 -0.051025 0.5882 0.3098 0.2078
v -0.001221 0.678223 -0.051025 0.6118 0.3490 0.2235
v 0.207764 0.779785 -0.051025 0.7843 0.5137 0.3529
v -0.207764 0.787598 -0.051025 0.6276 0.3568 0.2275
v 0.233643 0.788086 -0.051025 0.7333 0.4628 0.3176
v -0.217041 0.798340 -0.051025 0.6432 0.3647 0.2196
v -0.209717 0.808594 -0.051025 0.7529 0.4706 0.3255
v 0.204834 0.818848 -0.051025 0.6706 0.3608 0.2157
v -0.196045 0.822754 -0.051025 0.7255 0.4235 0.2667
v -0.149658 0.823242 -0.051025 0.6471 0.3921 0.2471
v 0.142334 0.834961 -0.051025 0.7137 0.4000 0.2627
v 0.083252 0.845215 -0.051025 0.6785 0.3725 0.2314
v -0.084717 0.845703 -0.051025 0.6785 0.3961 0.2471
v 0.018799 0.881836 -0.051025 0.1294 0.0824 0.0510
v -0.019287 0.884766 -0.051025 0.1294 0.0784 0.0549
v 0.033447 0.907715 -0.051025 0.1176 0.0824 0.0471
v -0.039307 0.910156 -0.051025 0.1020 0.0706 0.0353
v 0.040283 0.916016 -0.051025 0.1373 0.0980 0.0588
v -0.053467 0.936035 -0.051025 0.1373 0.0863 0.0588
v 0.051025 0.936523 -0.051025 0.1216 0.0784 0.0471
v 0.045654 0.951660 -0.051025 0.1569 0.1098 0.0745
v 0.020752 0.978516 -0.051025 0.0902 0.0588 0.0392
v 0.015381 0.980957 -0.051025 0.1608 0.0980 0.0510
v -0.078369 0.287109 -0.051025 0.6941 0.4078 0.2667
v 0.075928 0.287109 -0.051025 0.6706 0.3843 0.2471
v -0.046631 0.224121 -0.051025 0.6706 0.3961 0.2549
v 0.044678 0.224121 -0.051025 0.6471 0.3451 0.1961
v -0.069092 0.170898 -0.051025 0.6824 0.4118 0.2823
v 0.066650 0.170898 -0.051025 0.6667 0.3412 0.1686
v -0.052490 0.621582 -0.051514 0.5333 0.4784 0.4392
v 0.050049 0.621582 -0.051514 0.5608 0.5059 0.4628
v -0.015381 0.630371 -0.051514 0.6510 0.5530 0.4784
v 0.012939 0.630371 -0.051514 0.6471 0.5686 0.5176
v -0.034912 0.639648 -0.051514 0.4823 0.3686 0.3608
v 0.032471 0.639648 -0.051514 0.4432 0.2118 0.1530
v -0.026123 0.642090 -0.051514 0.7216 0.4196 0.2510
v 0.023682 0.642090 -0.051514 0.6589 0.3098 0.1608
v -0.091064 0.709961 -0.051514 0.6980 0.4118 0.2667
v 0.088623 0.709961 -0.051514 0.7059 0.4157 0.2627
v -0.111084 0.763184 -0.051514 0.5804 0.3098 0.1725
v -0.191650 0.771484 -0.051514 0.7176 0.4196 0.2667
v 0.241455 0.787598 -0.051514 0.6589 0.3725 0.2353
v 0.215576 0.789551 -0.051514 0.6276 0.3568 0.2235
v 0.241455 0.793945 -0.051514 0.7372 0.4667 0.3098
v 0.234131 0.794922 -0.051514 0.7451 0.4667 0.3176
v 0.224854 0.795898 -0.051514 0.7137 0.4353 0.2823
v 0.154053 0.823242 -0.051514 0.6157 0.3255 0.2039
v 0.130615 0.843750 -0.051514 0.7686 0.4745 0.3098
v 0.021729 0.878906 -0.051514 0.1961 0.1255 0.0902
v 0.043213 0.916016 -0.051514 0.1647 0.1098 0.0745
v 0.041748 0.933594 -0.051514 0.1333 0.0980 0.0549
v 0.037354 0.969727 -0.051514 0.0902 0.0667 0.0392
v 0.025146 0.976074 -0.051514 0.0941 0.0588 0.0235
v 0.009033 0.978027 -0.051514 0.0902 0.0667 0.0275
v -0.026611 0.979004 -0.051514 0.0784 0.0471 0.0275
v 0.031006 0.979492 -0.051514 0.1137 0.0667 0.0392
v -0.001709 0.981934 -0.051514 0.1647 0.1059 0.0627
v -0.024658 0.981934 -0.051514 0.1569 0.1020 0.0431
v -0.006104 0.982910 -0.051514 0.0784 0.0549 0.0196
v 0.003174 0.984375 -0.051514 0.1137 0.0784 0.0588
v 0.000244 0.985840 -0.051514 0.1412 0.0863 0.0588
v 0.005127 0.988281 -0.051514 0.1176 0.0745 0.0510
v 0.002197 0.989746 -0.051514 0.1294 0.0824 0.0510
v -0.085205 0.397461 -0.051514 0.6276 0.3765 0.2353
v 0.082764 0.397461 -0.051514 0.6471 0.3725 0.2314
v -0.072510 0.375977 -0.051514 0.6863 0.4235 0.2745
v 0.070068 0.375977 -0.051514 0.7137 0.4471 0.2941
v -0.077881 0.508301 -0.052002 0.5725 0.3176 0.1922
v 0.075439 0.508301 -0.052002 0.5647 0.3098 0.1882
v 0.109619 0.762695 -0.052002 0.5804 0.3255 0.2000
v -0.207764 0.791016 -0.052002 0.6667 0.3921 0.2549
v 0.148682 0.822754 -0.052002 0.6510 0.3568 0.2353
v -0.170166 0.826172 -0.052002 0.7059 0.4118 0.2588
v 0.041260 0.861816 -0.052002 0.7255 0.4353 0.2902
v 0.020264 0.878906 -0.052002 0.2980 0.1725 0.1216
v -0.027100 0.881348 -0.052002 0.1569 0.1020 0.0706
v -0.021729 0.883789 -0.052002 0.1216 0.0824 0.0471
v 0.019287 0.883789 -0.052002 0.1216 0.0745 0.0471
v -0.031982 0.886719 -0.052002 0.1373 0.0824 0.0510
v -0.022217 0.891113 -0.052002 0.1373 0.0863 0.0549
v 0.019775 0.891113 -0.052002 0.1255 0.0784 0.0510
v 0.025146 0.891113 -0.052002 0.0824 0.0549 0.0235
v -0.040771 0.916504 -0.052002 0.1059 0.0667 0.0314
v -0.051514 0.934082 -0.052002 0.0941 0.0549 0.0353
v -0.041260 0.961914 -0.052002 0.0941 0.0471 0.0275
v 0.036865 0.972656 -0.052002 0.1059 0.0667 0.0431
v 0.027588 0.981934 -0.052002 0.1216 0.0784 0.0471
v -0.010498 0.983398 -0.052002 0.1216 0.0745 0.0392
v -0.072510 0.521973 -0.052490 0.5882 0.3294 0.1961
v 0.070068 0.521973 -0.052490 0.5921 0.3372 0.2078
v -0.016357 0.642578 -0.052490 0.6941 0.3765 0.2118
v 0.013916 0.642578 -0.052490 0.6941 0.3725 0.2235
v -0.037842 0.665039 -0.052490 0.7372 0.4471 0.3019
v 0.035400 0.665039 -0.052490 0.6745 0.3804 0.2353
v -0.052002 0.679199 -0.052490 0.6000 0.3255 0.1922
v 0.049561 0.679199 -0.052490 0.6197 0.3255 0.1922
v -0.183350 0.825195 -0.052490 0.7529 0.4471 0.2941
v -0.089600 0.846680 -0.052490 0.7216 0.4235 0.2784
v -0.121338 0.846680 -0.052490 0.7647 0.4471 0.2823
v -0.043213 0.860352 -0.052490 0.7451 0.4550 0.3059
v 0.021729 0.876465 -0.052490 0.5686 0.3019 0.1922
v 0.034912 0.913574 -0.052490 0.0980 0.0706 0.0314
v -0.041748 0.920410 -0.052490 0.1176 0.0745 0.0471
v -0.046631 0.923828 -0.052490 0.1294 0.0784 0.0353
v 0.038818 0.929688 -0.052490 0.1059 0.0627 0.0235
v -0.052002 0.935547 -0.052490 0.1020 0.0588 0.0431
v 0.050049 0.949707 -0.052490 0.1608 0.1020 0.0745
v -0.045166 0.952637 -0.052490 0.0980 0.0588 0.0314
v 0.036377 0.959473 -0.052490 0.0667 0.0431 0.0157
v 0.036377 0.968750 -0.052490 0.0980 0.0667 0.0392
v 0.032471 0.969238 -0.052490 0.1569 0.1059 0.0667
v 0.038818 0.970215 -0.052490 0.1020 0.0588 0.0510
v -0.035400 0.973145 -0.052490 0.1490 0.0902 0.0392
v 0.041748 0.973633 -0.052490 0.1059 0.0627 0.0353
v 0.010498 0.978027 -0.052490 0.0824 0.0588 0.0392
v 0.028564 0.979492 -0.052490 0.1176 0.0667 0.0431
v -0.015869 0.981445 -0.052490 0.1020 0.0627 0.0471
v -0.088135 0.445801 -0.052490 0.5764 0.3294 0.2078
v 0.085693 0.445801 -0.052490 0.5608 0.3137 0.1882
v 0.120361 0.193848 -0.052490 0.6785 0.4039 0.2588
v -0.066650 0.598633 -0.052979 0.1804 0.0471 0.2667
v 0.190674 0.770508 -0.052978 0.6863 0.3882 0.2353
v -0.200439 0.779785 -0.052979 0.7176 0.4275 0.2823
v 0.206787 0.786621 -0.052978 0.6315 0.3412 0.2157
v 0.216064 0.797363 -0.052978 0.7333 0.4510 0.3137
v 0.208740 0.807617 -0.052978 0.7255 0.4314 0.2745
v 0.195068 0.821777 -0.052978 0.7725 0.4706 0.3176
v 0.120361 0.846191 -0.052979 0.7608 0.4471 0.2941
v 0.088135 0.846680 -0.052979 0.7412 0.4275 0.2706
v 0.051514 0.857422 -0.052979 0.7216 0.4314 0.2784
v 0.019775 0.876953 -0.052979 0.6824 0.3647 0.2039
v 0.006104 0.882812 -0.052979 0.1176 0.0745 0.0588
v -0.043701 0.918457 -0.052979 0.1059 0.0627 0.0353
v 0.035889 0.919434 -0.052979 0.1098 0.0745 0.0353
v 0.036865 0.924316 -0.052979 0.1020 0.0706 0.0314
v -0.042236 0.928223 -0.052979 0.0941 0.0549 0.0196
v -0.043213 0.933105 -0.052979 0.1137 0.0706 0.0471
v -0.043701 0.937988 -0.052979 0.1137 0.0706 0.0431
v -0.044189 0.942871 -0.052979 0.1843 0.1294 0.0784
v -0.044189 0.948242 -0.052979 0.0902 0.0549 0.0314
v 0.049072 0.948730 -0.052979 0.1255 0.0824 0.0471
v 0.049072 0.951172 -0.052979 0.1294 0.0784 0.0510
v 0.041748 0.971680 -0.052979 0.1020 0.0627 0.0314
v 0.040771 0.974609 -0.052979 0.1098 0.0706 0.0431
v -0.027588 0.976074 -0.052979 0.0784 0.0510 0.0353
v -0.013916 0.981445 -0.052979 0.0902 0.0588 0.0314
v 0.003662 0.988281 -0.052979 0.1137 0.0784 0.0431
v 0.002197 0.988770 -0.052979 0.1294 0.0784 0.0471
v -0.121338 0.193848 -0.052979 0.6510 0.3725 0.2549
v -0.111084 0.161621 -0.052979 0.4432 0.2039 0.1961
v 0.108643 0.161621 -0.052979 0.5647 0.3098 0.2118
v -0.113037 0.058594 -0.052979 0.2432 0.1216 0.2863
v 0.110596 0.058594 -0.052979 0.2000 0.0980 0.2471
v 0.064697 0.598633 -0.053467 0.1922 0.0627 0.2627
v -0.207764 0.799805 -0.053467 0.6550 0.3686 0.2314
v 0.169189 0.825684 -0.053467 0.7372 0.4314 0.2863
v -0.135986 0.838379 -0.053467 0.7568 0.4510 0.2863
v -0.097900 0.847656 -0.053467 0.7137 0.4118 0.2588
v -0.109619 0.847656 -0.053467 0.7059 0.3921 0.2314
v -0.052979 0.856445 -0.053467 0.7059 0.4157 0.2706
v -0.022217 0.876465 -0.053467 0.6902 0.3765 0.2157
v 0.021240 0.878906 -0.053467 0.3882 0.2432 0.1490
v -0.021240 0.881348 -0.053467 0.1647 0.1059 0.0667
v -0.024658 0.881836 -0.053467 0.1490 0.0824 0.0588
v -0.013916 0.883789 -0.053467 0.1137 0.0745 0.0510
v -0.032471 0.893555 -0.053467 0.1765 0.1059 0.0588
v -0.045166 0.918945 -0.053467 0.0784 0.0392 0.0118
v -0.041748 0.924316 -0.053467 0.1176 0.0745 0.0275
v 0.053955 0.936035 -0.053467 0.1333 0.0745 0.0471
v 0.036377 0.958008 -0.053467 0.0980 0.0706 0.0471
v 0.029053 0.970703 -0.053467 0.0824 0.0549 0.0235
v 0.031982 0.982422 -0.053467 0.1137 0.0706 0.0471
v -0.079346 0.491699 -0.053467 0.5647 0.3255 0.2039
v 0.076904 0.491699 -0.053467 0.5647 0.3098 0.1843
v -0.072510 0.694336 -0.053955 0.7176 0.4235 0.2667
v 0.070068 0.694336 -0.053955 0.6745 0.4039 0.2510
v -0.183350 0.769043 -0.053955 0.7255 0.3961 0.2392
v 0.206787 0.790527 -0.053955 0.6510 0.3725 0.2627
v 0.182861 0.824707 -0.053955 0.7529 0.4510 0.2823
v -0.147217 0.826660 -0.053955 0.6510 0.3608 0.2118
v 0.080811 0.842285 -0.053955 0.6824 0.3843 0.2432
v -0.082275 0.842773 -0.053955 0.6628 0.3804 0.2432
v 0.096924 0.847656 -0.053955 0.7137 0.3843 0.2314
v 0.108643 0.847656 -0.053955 0.7372 0.4118 0.2588
v 0.019775 0.878418 -0.053955 0.5333 0.2432 0.1373
v 0.021240 0.880859 -0.053955 0.1412 0.1137 0.0745
v 0.015869 0.881348 -0.053955 0.1451 0.0902 0.0549
v -0.004150 0.882324 -0.053955 0.1255 0.0745 0.0431
v 0.000732 0.882324 -0.053955 0.1176 0.0745 0.0549
v -0.009521 0.882812 -0.053955 0.1176 0.0784 0.0431
v 0.041748 0.911621 -0.053955 0.1137 0.0863 0.0588
v 0.039795 0.943359 -0.053955 0.1255 0.0902 0.0549
v 0.047607 0.949219 -0.053955 0.1216 0.0784 0.0431
v 0.047607 0.950684 -0.053955 0.1255 0.0863 0.0471
v 0.040283 0.952637 -0.053955 0.0824 0.0549 0.0275
v 0.039795 0.962891 -0.053955 0.1686 0.1098 0.0667
v -0.039795 0.965332 -0.053955 0.1333 0.0863 0.0549
v 0.040283 0.971680 -0.053955 0.1098 0.0667 0.0431
v 0.031982 0.980957 -0.053955 0.1137 0.0745 0.0392
v -0.030518 0.983398 -0.053955 0.1333 0.0824 0.0471
v 0.030518 0.983398 -0.053955 0.1176 0.0706 0.0431
v -0.016846 0.987305 -0.053955 0.1490 0.1020 0.0627
v -0.081299 0.474121 -0.053955 0.5725 0.3255 0.2039
v 0.078857 0.474121 -0.053955 0.5530 0.3137 0.2000
v -0.081787 0.469727 -0.053955 0.5764 0.3294 0.2078
v 0.079346 0.469727 -0.053955 0.5530 0.3137 0.2000
v -0.084717 0.407715 -0.053955 0.6315 0.3725 0.2353
v 0.082275 0.407715 -0.053955 0.6471 0.3843 0.2392
v -0.056396 0.267090 -0.053955 0.6941 0.4275 0.2863
v 0.054443 0.267090 -0.053955 0.6745 0.3568 0.1882
v -0.118896 0.001953 -0.053955 0.1686 0.1530 0.1490
v 0.116943 0.001953 -0.053955 0.2235 0.2235 0.2314
v -0.035400 0.636230 -0.054443 0.7372 0.7333 0.7176
v 0.032959 0.636230 -0.054443 0.7608 0.7921 0.7882
v -0.001221 0.638672 -0.054443 0.6197 0.5725 0.5569
v -0.016357 0.639648 -0.054443 0.4550 0.2353 0.1843
v 0.013916 0.639648 -0.054443 0.5176 0.2471 0.1725
v -0.027100 0.654297 -0.054443 0.7137 0.4235 0.2784
v 0.024658 0.654297 -0.054443 0.6432 0.3529 0.2157
v -0.038330 0.673340 -0.054443 0.7372 0.4550 0.3059
v 0.035889 0.673340 -0.054443 0.7098 0.4235 0.2706
v -0.007568 0.676270 -0.054443 0.7529 0.4667 0.3019
v 0.005127 0.676270 -0.054443 0.6667 0.3804 0.2432
v -0.096436 0.720215 -0.054443 0.7255 0.4353 0.2902
v 0.093994 0.720215 -0.054443 0.7020 0.4275 0.2706
v -0.139893 0.769043 -0.054443 0.7020 0.4118 0.2549
v -0.200928 0.811035 -0.054443 0.6745 0.3804 0.2392
v 0.135010 0.837891 -0.054443 0.7412 0.4314 0.2784
v -0.064209 0.851562 -0.054443 0.6980 0.4078 0.2549
v 0.062256 0.851562 -0.054443 0.7255 0.4471 0.3019
v -0.021729 0.878418 -0.054443 0.4039 0.2275 0.1451
v -0.001221 0.883789 -0.054443 0.1137 0.0745 0.0431
v 0.026123 0.898438 -0.054443 0.0863 0.0510 0.0235
v -0.042236 0.918945 -0.054443 0.1020 0.0667 0.0314
v -0.054932 0.934570 -0.054443 0.1098 0.0627 0.0549
v 0.041748 0.945312 -0.054443 0.0706 0.0314 0.0078
v 0.037842 0.959961 -0.054443 0.0824 0.0471 0.0196
v 0.031494 0.966309 -0.054443 0.1412 0.0863 0.0549
v 0.039307 0.973145 -0.054443 0.1137 0.0667 0.0431
v -0.022217 0.976562 -0.054443 0.0824 0.0471 0.0314
v -0.030518 0.981445 -0.054443 0.1098 0.0745 0.0392
v -0.028564 0.984375 -0.054443 0.1490 0.0980 0.0588
v -0.017822 0.985352 -0.054443 0.1373 0.0863 0.0549
v -0.014893 0.987305 -0.054443 0.1412 0.0863 0.0510
v 0.005615 0.991211 -0.054443 0.1333 0.0863 0.0549
v -0.069092 0.390137 -0.054443 0.6706 0.3882 0.2471
v 0.066650 0.390137 -0.054443 0.7137 0.4118 0.2588
v 0.112549 0.256836 -0.054443 0.6667 0.3882 0.2432
v -0.111572 0.055176 -0.054443 0.1373 0.0588 0.1882
v 0.109131 0.055176 -0.054443 0.2000 0.0902 0.2549
v -0.073975 0.506348 -0.054932 0.5843 0.3255 0.1922
v 0.071533 0.506348 -0.054932 0.5804 0.3216 0.1961
v -0.052002 0.605469 -0.054932 0.1765 0.0863 0.2157
v 0.049561 0.605469 -0.054932 0.1020 0.0471 0.1216
v -0.053955 0.608887 -0.054932 0.8157 0.7451 0.6510
v 0.051514 0.609375 -0.054932 0.7216 0.6550 0.5843
v -0.016357 0.656250 -0.054932 0.7020 0.4118 0.2627
v 0.013916 0.656250 -0.054932 0.7176 0.4353 0.2902
v 0.105225 0.751953 -0.054932 0.6863 0.4078 0.2667
v -0.107178 0.752441 -0.054932 0.6824 0.4118 0.2588
v -0.115479 0.768555 -0.054932 0.6039 0.3333 0.2118
v -0.125244 0.771973 -0.054932 0.6589 0.3686 0.2235
v 0.199463 0.779297 -0.054932 0.7137 0.4235 0.2823
v -0.198975 0.788086 -0.054932 0.6157 0.3294 0.2000
v 0.146240 0.826172 -0.054932 0.7529 0.4628 0.3098
v -0.130615 0.839844 -0.054932 0.7176 0.4078 0.2353
v -0.001221 0.875977 -0.054932 0.6471 0.3686 0.2118
v -0.019775 0.880859 -0.054932 0.1412 0.0863 0.0588
v 0.020752 0.884277 -0.054932 0.1294 0.0902 0.0549
v -0.033447 0.900879 -0.054932 0.1451 0.0941 0.0549
v -0.045166 0.920410 -0.054932 0.0588 0.0353 0.0078
v 0.040283 0.929199 -0.054932 0.1412 0.0941 0.0549
v 0.039795 0.938965 -0.054932 0.1608 0.0980 0.0510
v 0.008057 0.975586 -0.054932 0.0824 0.0510 0.0353
v 0.020264 0.975586 -0.054932 0.0980 0.0667 0.0392
v 0.002197 0.976562 -0.054932 0.1686 0.1059 0.0706
v 0.030518 0.980957 -0.054932 0.1176 0.0706 0.0353
v 0.030029 0.982422 -0.054932 0.1137 0.0667 0.0353
v -0.054443 0.398926 -0.054932 0.6745 0.3921 0.2471
v 0.052002 0.398926 -0.054932 0.6745 0.4039 0.2510
v -0.113525 0.256836 -0.054932 0.6667 0.3765 0.2275
v -0.049561 0.206543 -0.054932 0.6589 0.3843 0.2432
v 0.047119 0.206543 -0.054932 0.7020 0.3647 0.2000
v -0.116943 0.179688 -0.054932 0.6628 0.3882 0.2471
v 0.114990 0.179688 -0.054932 0.7020 0.4353 0.2902
v 0.110107 0.170898 -0.054932 0.6510 0.3843 0.2432
v -0.081299 0.101074 -0.054932 0.1843 0.0980 0.2275
v 0.078857 0.101074 -0.054932 0.1373 0.0235 0.1882
v -0.081787 0.087402 -0.054932 0.2235 0.1098 0.2667
v 0.079346 0.087402 -0.054932 0.1765 0.0471 0.2314
v 0.112061 0.048340 -0.054932 0.2039 0.0941 0.2549
v -0.155518 0.766602 -0.055420 0.6824 0.3765 0.2157
v 0.114014 0.768066 -0.055420 0.6079 0.3333 0.2078
v 0.138428 0.768555 -0.055420 0.7137 0.4078 0.2588
v 0.182373 0.768555 -0.055420 0.7608 0.4550 0.2902
v 0.123779 0.771484 -0.055420 0.6315 0.3412 0.2157
v 0.207275 0.799316 -0.055420 0.7372 0.4550 0.3137
v 0.022217 0.870605 -0.055420 0.7451 0.4471 0.2823
v -0.022705 0.875000 -0.055420 0.6510 0.3686 0.2235
v -0.023193 0.878418 -0.055420 0.4550 0.2510 0.1373
v 0.017334 0.880371 -0.055420 0.2118 0.1216 0.0824
v -0.014893 0.883789 -0.055420 0.1176 0.0784 0.0588
v 0.012939 0.883789 -0.055420 0.1255 0.0706 0.0471
v 0.021240 0.890625 -0.055420 0.1176 0.0824 0.0431
v -0.015869 0.891113 -0.055420 0.1373 0.0784 0.0510
v 0.013916 0.891113 -0.055420 0.1333 0.0824 0.0510
v -0.042725 0.920410 -0.055420 0.1176 0.0824 0.0431
v 0.035889 0.953125 -0.055420 0.1530 0.0980 0.0588
v 0.033447 0.959961 -0.055420 0.0784 0.0549 0.0314
v -0.029053 0.971680 -0.055420 0.0824 0.0431 0.0275
v 0.024170 0.972168 -0.055420 0.1647 0.1216 0.0784
v 0.010986 0.975586 -0.055420 0.0941 0.0588 0.0235
v -0.016846 0.977051 -0.055420 0.0863 0.0510 0.0275
v -0.028564 0.980957 -0.055420 0.0941 0.0588 0.0314
v -0.027588 0.982422 -0.055420 0.1333 0.0902 0.0510
v -0.037354 0.484375 -0.055420 0.6039 0.3372 0.2039
v 0.034912 0.484375 -0.055420 0.6079 0.3412 0.2039
v 0.091064 0.475098 -0.055420 0.2196 0.1020 0.3019
v -0.041260 0.461426 -0.055420 0.6276 0.3647 0.2314
v 0.038818 0.461426 -0.055420 0.6276 0.3608 0.2157
v -0.096924 0.455566 -0.055420 0.2314 0.1176 0.3059
v -0.072998 0.402832 -0.055420 0.6589 0.3804 0.2392
v 0.070557 0.402832 -0.055420 0.6745 0.3961 0.2471
v -0.112549 0.170898 -0.055420 0.6785 0.3843 0.2314
v -0.114014 0.048340 -0.055420 0.1843 0.0745 0.2510
v -0.001221 0.692871 -0.055908 0.6197 0.3412 0.2157
v -0.104736 0.743652 -0.055908 0.6628 0.3765 0.2275
v -0.169678 0.766113 -0.055908 0.7608 0.4392 0.2823
v -0.198486 0.791992 -0.055908 0.6471 0.3725 0.2392
v 0.129639 0.839355 -0.055908 0.6706 0.3451 0.1961
v -0.089600 0.844238 -0.055908 0.6471 0.3529 0.2157
v -0.024658 0.870117 -0.055908 0.7294 0.4000 0.2275
v -0.008057 0.883789 -0.055908 0.1137 0.0745 0.0588
v 0.005615 0.883789 -0.055908 0.1176 0.0745 0.0549
v -0.001221 0.891602 -0.055908 0.1412 0.0863 0.0549
v -0.019287 0.898438 -0.055908 0.1451 0.0941 0.0627
v 0.017334 0.898438 -0.055908 0.1333 0.0784 0.0471
v -0.039307 0.928223 -0.055908 0.0902 0.0510 0.0235
v 0.035400 0.928711 -0.055908 0.1412 0.0784 0.0431
v 0.039795 0.934570 -0.055908 0.1098 0.0706 0.0314
v -0.042236 0.957520 -0.055908 0.1098 0.0706 0.0353
v 0.031982 0.962402 -0.055908 0.1059 0.0706 0.0392
v 0.029053 0.966309 -0.055908 0.0784 0.0471 0.0196
v -0.036865 0.969727 -0.055908 0.1451 0.0941 0.0588
v 0.043213 0.975098 -0.055908 0.1255 0.0745 0.0431
v -0.016357 0.984375 -0.055908 0.1176 0.0706 0.0392
v -0.014404 0.985840 -0.055908 0.1255 0.0745 0.0431
v -0.093994 0.475586 -0.055908 0.2118 0.1020 0.2902
v 0.094971 0.456055 -0.055908 0.2235 0.1059 0.3098
v -0.044678 0.446777 -0.055908 0.6471 0.3765 0.2275
v 0.042236 0.446777 -0.055908 0.6550 0.3686 0.2314
v -0.053955 0.412109 -0.055908 0.6510 0.3843 0.2353
v 0.051514 0.412109 -0.055908 0.6667 0.3961 0.2432
v -0.095459 0.273926 -0.055908 0.7137 0.4235 0.2706
v 0.093506 0.273926 -0.055908 0.7137 0.4314 0.2745
v -0.079346 0.147461 -0.055908 0.4941 0.2588 0.1843
v 0.076904 0.147461 -0.055908 0.4275 0.2196 0.1686
v 0.116943 0.033203 -0.055908 0.2432 0.1216 0.3019
v -0.119385 0.032715 -0.055908 0.1961 0.0784 0.2510
v 0.120361 0.017578 -0.055908 0.6000 0.4784 0.4157
v -0.122803 0.006348 -0.055908 0.6393 0.5451 0.4706
v 0.120850 0.006348 -0.055908 0.5882 0.4823 0.4157
v -0.070068 0.516113 -0.056397 0.6039 0.3451 0.2118
v 0.067627 0.516113 -0.056396 0.5961 0.3372 0.2039
v -0.072021 0.586426 -0.056397 0.2118 0.0824 0.2902
v 0.069580 0.586426 -0.056396 0.3019 0.1333 0.3804
v -0.035400 0.621094 -0.056396 0.6236 0.5725 0.5373
v 0.032959 0.621094 -0.056396 0.4628 0.4196 0.3882
v 0.098877 0.731445 -0.056396 0.6745 0.3882 0.2471
v -0.101318 0.731934 -0.056397 0.6941 0.4157 0.2667
v 0.102783 0.743164 -0.056396 0.6941 0.4118 0.2667
v 0.199951 0.810547 -0.056396 0.6550 0.3608 0.2157
v -0.119385 0.842773 -0.056397 0.7176 0.4235 0.2706
v 0.088135 0.843750 -0.056396 0.6354 0.3294 0.1882
v -0.098389 0.844727 -0.056397 0.6667 0.3647 0.2196
v -0.072510 0.845703 -0.056397 0.6980 0.4118 0.2588
v 0.071045 0.845703 -0.056396 0.6745 0.3804 0.2392
v -0.001221 0.868164 -0.056396 0.6667 0.3882 0.2432
v -0.020752 0.877930 -0.056396 0.4078 0.2157 0.1412
v -0.025635 0.886230 -0.056396 0.1294 0.0784 0.0431
v -0.008545 0.891113 -0.056396 0.1333 0.0824 0.0549
v 0.006592 0.891113 -0.056396 0.1333 0.0824 0.0549
v 0.027588 0.906738 -0.056396 0.1255 0.0745 0.0353
v -0.034424 0.909668 -0.056396 0.1020 0.0510 0.0157
v -0.039795 0.933594 -0.056396 0.0627 0.0392 0.0157
v -0.040771 0.943359 -0.056396 0.0902 0.0588 0.0471
v -0.044678 0.948242 -0.056396 0.1137 0.0745 0.0549
v -0.037842 0.961426 -0.056396 0.0941 0.0588 0.0314
v 0.037354 0.965332 -0.056396 0.1294 0.0784 0.0431
v 0.019775 0.977539 -0.056396 0.1059 0.0784 0.0431
v -0.011963 0.978516 -0.056396 0.1059 0.0588 0.0196
v 0.015869 0.979980 -0.056396 0.1020 0.0627 0.0353
v 0.087158 0.496094 -0.056396 0.2235 0.1255 0.2980
v -0.049072 0.429688 -0.056396 0.6589 0.3882 0.2353
v 0.047119 0.429688 -0.056396 0.6628 0.3882 0.2353
v -0.062744 0.408691 -0.056396 0.6589 0.3843 0.2392
v 0.060303 0.408691 -0.056396 0.6745 0.3921 0.2432
v -0.057373 0.189453 -0.056396 0.6863 0.4118 0.2784
v 0.055420 0.189453 -0.056396 0.6863 0.3647 0.1882
v -0.079834 0.114746 -0.056397 0.2353 0.1294 0.2902
v 0.077881 0.114746 -0.056396 0.2157 0.0745 0.2627
v -0.122314 0.017578 -0.056397 0.6667 0.5647 0.4941
v -0.123291 0.010742 -0.056397 0.7059 0.5961 0.5098
v 0.121338 0.010742 -0.056396 0.7020 0.5804 0.4980
v -0.076416 0.570801 -0.056885 0.1922 0.0784 0.2588
v 0.040283 0.680664 -0.056885 0.6589 0.3725 0.2275
v -0.042725 0.681152 -0.056885 0.7059 0.4157 0.2667
v 0.154541 0.766113 -0.056885 0.7176 0.4000 0.2314
v 0.197998 0.787598 -0.056885 0.6432 0.3686 0.2275
v 0.118408 0.842285 -0.056885 0.6902 0.3647 0.2078
v -0.108643 0.844238 -0.056885 0.6980 0.3921 0.2432
v 0.096924 0.844727 -0.056885 0.7255 0.4235 0.2667
v -0.007568 0.876465 -0.056885 0.5019 0.3098 0.2078
v 0.005615 0.876465 -0.056885 0.6863 0.4000 0.2432
v 0.014404 0.876465 -0.056885 0.4157 0.2471 0.1804
v -0.015381 0.876953 -0.056885 0.5255 0.3098 0.2157
v 0.012939 0.876953 -0.056885 0.5569 0.3216 0.2196
v -0.015381 0.877930 -0.056885 0.1647 0.0941 0.0706
v -0.022705 0.878418 -0.056885 0.5961 0.2823 0.1490
v 0.007568 0.880371 -0.056885 0.1490 0.0863 0.0627
v 0.034424 0.930664 -0.056885 0.1098 0.0588 0.0235
v -0.040283 0.938477 -0.056885 0.0863 0.0510 0.0235
v 0.050049 0.950684 -0.056885 0.1216 0.0745 0.0510
v 0.034912 0.959961 -0.056885 0.1216 0.0784 0.0510
v -0.002686 0.977539 -0.056885 0.0863 0.0549 0.0235
v 0.032959 0.983398 -0.056885 0.1255 0.0784 0.0627
v -0.045654 0.469238 -0.056885 0.6197 0.3529 0.2196
v 0.043701 0.469238 -0.056885 0.6276 0.3568 0.2196
v -0.100342 0.436523 -0.056885 0.2078 0.0902 0.2863
v -0.080811 0.426270 -0.056885 0.6157 0.3568 0.2196
v 0.078369 0.426270 -0.056885 0.6354 0.3686 0.2235
v -0.059814 0.413574 -0.056885 0.6589 0.3921 0.2432
v 0.057373 0.413574 -0.056885 0.6824 0.4000 0.2510
v 0.074951 0.161621 -0.056885 0.6118 0.3412 0.2471
v -0.081299 0.073242 -0.056885 0.2432 0.1373 0.2941
v 0.079346 0.073242 -0.056885 0.1765 0.0510 0.2471
v -0.033936 0.500000 -0.057373 0.6157 0.3490 0.2157
v 0.031494 0.500000 -0.057373 0.6039 0.3568 0.2118
v 0.074951 0.570801 -0.057373 0.2078 0.0902 0.2863
v -0.001221 0.635254 -0.057373 0.7020 0.6941 0.6863
v -0.016846 0.636230 -0.057373 0.5530 0.5530 0.5412
v 0.014404 0.636230 -0.057373 0.6550 0.6745 0.6471
v 0.168701 0.765625 -0.057373 0.7412 0.4314 0.2667
v -0.191162 0.778809 -0.057373 0.7216 0.4353 0.2745
v -0.198486 0.801758 -0.057373 0.7176 0.4275 0.2863
v 0.107666 0.844238 -0.057373 0.7137 0.4039 0.2549
v -0.019287 0.878418 -0.057373 0.1451 0.0941 0.0667
v 0.029053 0.912598 -0.057373 0.1176 0.0588 0.0314
v -0.035400 0.916016 -0.057373 0.1137 0.0745 0.0431
v 0.037842 0.926270 -0.057373 0.1412 0.0941 0.0588
v 0.035889 0.942871 -0.057373 0.1137 0.0745 0.0392
v -0.041748 0.945312 -0.057373 0.0941 0.0627 0.0431
v 0.040283 0.947754 -0.057373 0.1216 0.0745 0.0392
v 0.035400 0.948242 -0.057373 0.0863 0.0588 0.0235
v 0.033936 0.962891 -0.057373 0.1137 0.0706 0.0392
v 0.018311 0.973633 -0.057373 0.1373 0.0824 0.0510
v -0.007080 0.980469 -0.057373 0.1451 0.1020 0.0588
v -0.091064 0.496094 -0.057373 0.2432 0.1255 0.3216
v -0.001221 0.493652 -0.057373 0.2000 0.0784 0.2549
v 0.044678 0.459473 -0.057373 0.6432 0.3686 0.2275
v -0.047119 0.458984 -0.057373 0.6471 0.3647 0.2235
v -0.050049 0.445312 -0.057373 0.6432 0.3725 0.2235
v 0.047607 0.445312 -0.057373 0.6471 0.3725 0.2314
v -0.054443 0.428711 -0.057373 0.6550 0.3804 0.2353
v 0.052490 0.428711 -0.057373 0.6667 0.3843 0.2353
v -0.072021 0.411133 -0.057373 0.6510 0.3843 0.2392
v 0.069580 0.411133 -0.057373 0.6628 0.3882 0.2392
v -0.066162 0.182617 -0.057373 0.6510 0.3921 0.2549
v 0.063721 0.182617 -0.057373 0.6745 0.3490 0.1686
v -0.076904 0.161133 -0.057373 0.5530 0.3412 0.2941
v 0.075928 0.161133 -0.057373 0.5569 0.3019 0.1725
v -0.055908 0.687500 -0.057861 0.6785 0.3882 0.2510
v 0.053467 0.687500 -0.057861 0.6157 0.3176 0.1922
v -0.077881 0.702637 -0.057861 0.7176 0.4118 0.2627
v 0.075439 0.702637 -0.057861 0.6785 0.3843 0.2392
v -0.109131 0.763672 -0.057861 0.5882 0.3294 0.2039
v 0.197510 0.791016 -0.057861 0.6863 0.4000 0.2745
v -0.192627 0.814453 -0.057861 0.7412 0.4432 0.2902
v -0.139893 0.831543 -0.057861 0.6980 0.3961 0.2392
v 0.000732 0.878418 -0.057861 0.1804 0.1176 0.0824
v -0.008545 0.879883 -0.057861 0.1216 0.0824 0.0510
v -0.022705 0.881348 -0.057861 0.1843 0.1059 0.0667
v -0.043213 0.916992 -0.057861 0.0824 0.0392 0.0157
v 0.030029 0.918457 -0.057861 0.1530 0.1059 0.0588
v 0.038818 0.926758 -0.057861 0.1569 0.1098 0.0706
v 0.035400 0.930176 -0.057861 0.1333 0.0745 0.0392
v 0.039307 0.930664 -0.057861 0.1137 0.0745 0.0471
v 0.033936 0.934570 -0.057861 0.1255 0.0706 0.0314
v 0.038818 0.940918 -0.057861 0.1059 0.0667 0.0275
v 0.035400 0.945312 -0.057861 0.1216 0.0627 0.0314
v -0.036865 0.957520 -0.057861 0.1176 0.0745 0.0392
v 0.012939 0.977539 -0.057861 0.1098 0.0627 0.0392
v -0.069092 0.489746 -0.057861 0.5961 0.3372 0.2039
v 0.066650 0.489746 -0.057861 0.5961 0.3372 0.2000
v -0.049561 0.464844 -0.057861 0.6315 0.3647 0.2196
v 0.047119 0.464844 -0.057861 0.6354 0.3647 0.2235
v 0.098877 0.437012 -0.057861 0.1961 0.0941 0.2784
v -0.105225 0.161621 -0.057861 0.4078 0.2392 0.3098
v 0.102783 0.161621 -0.057861 0.6236 0.4196 0.4000
v -0.077881 0.161133 -0.057861 0.4196 0.2353 0.2275
v -0.099365 0.147461 -0.057861 0.4706 0.2745 0.2000
v 0.097412 0.147461 -0.057861 0.4706 0.2510 0.1922
v 0.102295 0.102051 -0.057861 0.1490 0.0784 0.1922
v -0.075928 0.002930 -0.057861 0.2118 0.2196 0.2078
v 0.073975 0.002930 -0.057861 0.2627 0.2549 0.2353
v 0.083740 0.516602 -0.058350 0.1961 0.0902 0.2784
v -0.080322 0.553711 -0.058350 0.2196 0.1098 0.2902
v 0.078369 0.553711 -0.058350 0.1922 0.0902 0.2627
v -0.026611 0.667969 -0.058350 0.6980 0.4000 0.2588
v 0.024170 0.667969 -0.058350 0.7137 0.4157 0.2745
v -0.007080 0.690918 -0.058350 0.7020 0.4196 0.2706
v 0.004639 0.690918 -0.058350 0.6863 0.4196 0.2745
v 0.107178 0.763672 -0.058350 0.6118 0.3412 0.2196
v -0.144775 0.816406 -0.058350 0.6628 0.3961 0.2588
v -0.143799 0.817871 -0.058350 0.6510 0.3804 0.2510
v -0.001221 0.860840 -0.058350 0.6510 0.3961 0.2353
v 0.025146 0.865723 -0.058350 0.7333 0.4314 0.2784
v -0.008545 0.869141 -0.058350 0.7608 0.4628 0.3098
v 0.006104 0.869141 -0.058350 0.7216 0.4392 0.2902
v -0.016357 0.875000 -0.058350 0.5216 0.2902 0.1843
v 0.010986 0.875977 -0.058350 0.6079 0.3333 0.2235
v -0.004639 0.879883 -0.058350 0.1294 0.0784 0.0667
v -0.011963 0.880371 -0.058350 0.1333 0.0784 0.0588
v -0.001221 0.898926 -0.058350 0.1373 0.0863 0.0549
v -0.010010 0.898926 -0.058350 0.1373 0.0784 0.0510
v 0.008057 0.898926 -0.058350 0.1137 0.0706 0.0471
v -0.035889 0.922363 -0.058350 0.1216 0.0745 0.0275
v 0.036377 0.926758 -0.058350 0.1451 0.0902 0.0588
v -0.035889 0.928223 -0.058350 0.1216 0.0706 0.0353
v 0.032959 0.928711 -0.058350 0.0941 0.0627 0.0314
v 0.034424 0.938965 -0.058350 0.1294 0.0863 0.0510
v 0.040283 0.941895 -0.058350 0.0902 0.0510 0.0078
v 0.031494 0.955078 -0.058350 0.1137 0.0667 0.0275
v 0.029541 0.960938 -0.058350 0.0745 0.0510 0.0392
v -0.031494 0.966797 -0.058350 0.1255 0.0745 0.0392
v -0.030029 0.967285 -0.058350 0.1176 0.0745 0.0392
v -0.023682 0.972656 -0.058350 0.1137 0.0667 0.0431
v 0.014404 0.973633 -0.058350 0.1176 0.0784 0.0431
v -0.030518 0.984375 -0.058350 0.1176 0.0824 0.0510
v -0.017822 0.988281 -0.058350 0.1294 0.0784 0.0431
v 0.068604 0.473145 -0.058350 0.6000 0.3412 0.2078
v -0.070557 0.472656 -0.058350 0.6079 0.3490 0.2157
v -0.071045 0.468750 -0.058350 0.6079 0.3490 0.2157
v 0.068604 0.468750 -0.058350 0.6039 0.3451 0.2118
v -0.075439 0.445312 -0.058350 0.6118 0.3529 0.2157
v 0.072998 0.445312 -0.058350 0.6236 0.3568 0.2196
v -0.080811 0.271484 -0.058350 0.6550 0.3725 0.2235
v 0.078857 0.271484 -0.058350 0.7490 0.4589 0.3216
v 0.067139 0.269531 -0.058350 0.6824 0.3961 0.2549
v 0.097900 0.161621 -0.058350 0.6863 0.3882 0.2667
v -0.104736 0.102051 -0.058350 0.1922 0.0902 0.2432
v -0.104248 0.088867 -0.058350 0.2157 0.0941 0.2745
v 0.101807 0.088867 -0.058350 0.2000 0.0863 0.2392
v -0.080811 0.064453 -0.058350 0.2706 0.1530 0.3098
v 0.078857 0.064453 -0.058350 0.2314 0.0706 0.2980
v -0.086670 0.516602 -0.058838 0.2000 0.0941 0.2823
v -0.001221 0.620117 -0.058838 0.6118 0.5608 0.5255
v -0.016357 0.620605 -0.058838 0.5216 0.4706 0.4353
v 0.013916 0.620605 -0.058838 0.5686 0.5176 0.4823
v -0.015381 0.672363 -0.058838 0.7294 0.4392 0.2863
v 0.012939 0.672363 -0.058838 0.6980 0.3921 0.2471
v 0.190186 0.777832 -0.058838 0.6863 0.3804 0.2353
v -0.190674 0.788086 -0.058838 0.7176 0.4314 0.2902
v 0.197998 0.801270 -0.058838 0.6432 0.3529 0.2118
v 0.138916 0.831055 -0.058838 0.7568 0.4510 0.3019
v -0.027588 0.865234 -0.058838 0.7333 0.4118 0.2275
v 0.012939 0.873535 -0.058838 0.6902 0.3725 0.2157
v -0.018311 0.875488 -0.058838 0.3843 0.2196 0.1373
v 0.013428 0.875977 -0.058838 0.4314 0.2549 0.1804
v 0.009521 0.878418 -0.058838 0.3882 0.2000 0.1098
v 0.013916 0.878906 -0.058838 0.0941 0.1020 0.0980
v 0.015381 0.882812 -0.058838 0.1451 0.1059 0.0706
v -0.026611 0.892090 -0.058838 0.1569 0.1020 0.0667
v 0.031494 0.924316 -0.058838 0.1059 0.0667 0.0353
v -0.033936 0.962402 -0.058838 0.0824 0.0471 0.0157
v -0.040283 0.963867 -0.058838 0.1647 0.1098 0.0824
v 0.024658 0.967773 -0.058838 0.0706 0.0588 0.0392
v -0.018311 0.973145 -0.058838 0.1373 0.0824 0.0314
v -0.067627 0.427734 -0.058838 0.6471 0.3725 0.2353
v 0.065186 0.427734 -0.058838 0.6510 0.3843 0.2392
v -0.069580 0.269531 -0.058838 0.6667 0.3843 0.2353
v -0.074951 0.174805 -0.058838 0.6393 0.3725 0.2471
v 0.072510 0.174805 -0.058838 0.6432 0.3529 0.2157
v -0.100342 0.161621 -0.058838 0.6039 0.3372 0.2392
v 0.103272 0.115723 -0.058838 0.1412 0.0706 0.2078
v 0.079346 0.061523 -0.058838 0.1922 0.0471 0.2588
v -0.081787 0.061035 -0.058838 0.2706 0.1451 0.3019
v -0.001221 0.603516 -0.059326 0.2157 0.0667 0.3333
v -0.034912 0.604980 -0.059326 0.0863 0.0000 0.1804
v 0.032471 0.605469 -0.059326 0.1098 0.0353 0.1412
v -0.001221 0.703613 -0.059326 0.5804 0.3137 0.1922
v 0.143799 0.815918 -0.059326 0.6471 0.3765 0.2549
v 0.142822 0.817383 -0.059326 0.6785 0.3961 0.2706
v -0.080322 0.838867 -0.059326 0.6745 0.3921 0.2549
v -0.016357 0.870117 -0.059326 0.7098 0.4078 0.2549
v 0.013916 0.870117 -0.059326 0.6941 0.3882 0.2392
v 0.000732 0.875977 -0.059326 0.5255 0.3137 0.2118
v -0.023193 0.885254 -0.059326 0.1255 0.0824 0.0588
v 0.016357 0.889160 -0.059326 0.1725 0.1098 0.0706
v 0.036377 0.927246 -0.059326 0.1294 0.0824 0.0471
v 0.038330 0.927734 -0.059326 0.0863 0.0627 0.0157
v 0.036865 0.941406 -0.059326 0.1098 0.0745 0.0353
v -0.042725 0.952637 -0.059326 0.0824 0.0510 0.0275
v -0.037354 0.954102 -0.059326 0.1098 0.0745 0.0353
v 0.039307 0.959961 -0.059326 0.1020 0.0745 0.0549
v 0.040283 0.961426 -0.059326 0.1255 0.0784 0.0510
v 0.018799 0.969727 -0.059326 0.1569 0.0941 0.0471
v -0.059326 0.471680 -0.059326 0.6157 0.3529 0.2235
v 0.056885 0.471680 -0.059326 0.6276 0.3568 0.2157
v -0.059326 0.466797 -0.059326 0.6236 0.3568 0.2196
v 0.057373 0.466797 -0.059326 0.6393 0.3608 0.2196
v -0.062744 0.445312 -0.059326 0.6315 0.3647 0.2275
v 0.060303 0.445312 -0.059326 0.6354 0.3686 0.2196
v -0.105225 0.416504 -0.059326 0.2196 0.1020 0.2980
v 0.115967 0.240234 -0.059326 0.6941 0.4196 0.2784
v -0.077393 0.135742 -0.059326 0.2667 0.1412 0.3333
v 0.074951 0.135742 -0.059326 0.2039 0.0745 0.2941
v -0.105225 0.115723 -0.059326 0.2039 0.0941 0.2627
v -0.072998 0.033203 -0.059326 0.2118 0.1098 0.2627
v 0.070557 0.033203 -0.059326 0.1569 0.0549 0.2157
v -0.063721 0.501953 -0.059814 0.5961 0.3372 0.2039
v 0.061279 0.501953 -0.059814 0.6079 0.3451 0.2078
v -0.083740 0.535156 -0.059814 0.2275 0.1059 0.2980
v 0.081299 0.535156 -0.059814 0.1843 0.0824 0.2549
v -0.036377 0.608887 -0.059814 0.6550 0.5843 0.4980
v 0.033936 0.608887 -0.059814 0.7686 0.7098 0.6432
v 0.191650 0.813965 -0.059814 0.6941 0.4039 0.2549
v 0.078857 0.838867 -0.059814 0.6550 0.3647 0.2235
v -0.017822 0.872559 -0.059814 0.6706 0.3882 0.2275
v -0.015381 0.875000 -0.059814 0.5412 0.3333 0.2275
v 0.004639 0.877930 -0.059814 0.1333 0.0980 0.0863
v 0.018311 0.897461 -0.059814 0.1059 0.0627 0.0196
v 0.029053 0.921875 -0.059814 0.0745 0.0275 0.0078
v 0.036865 0.942871 -0.059814 0.1137 0.0706 0.0353
v -0.037842 0.943359 -0.059814 0.1059 0.0627 0.0392
v 0.039307 0.943359 -0.059814 0.1451 0.0824 0.0510
v -0.038330 0.945801 -0.059814 0.1451 0.0941 0.0549
v -0.038330 0.961914 -0.059814 0.0706 0.0471 0.0275
v 0.007080 0.970215 -0.059814 0.1020 0.0667 0.0471
v -0.012939 0.973633 -0.059814 0.1020 0.0667 0.0392
v -0.046143 0.485840 -0.059814 0.6157 0.3451 0.2157
v 0.043701 0.485840 -0.059814 0.6157 0.3490 0.2118
v 0.103272 0.416992 -0.059814 0.2392 0.1020 0.3216
v -0.116455 0.240234 -0.059814 0.6863 0.3882 0.2392
v -0.089600 0.147949 -0.059814 0.5294 0.2823 0.1882
v 0.087158 0.147949 -0.059814 0.5098 0.2902 0.2000
v -0.072510 0.006836 -0.059814 0.7529 0.6000 0.4902
v 0.070557 0.006836 -0.059814 0.7608 0.6197 0.5294
v -0.182861 0.777344 -0.060303 0.6745 0.3765 0.2353
v -0.190186 0.792969 -0.060303 0.6471 0.3686 0.2432
v -0.016846 0.875488 -0.060303 0.2784 0.1647 0.0980
v 0.002197 0.875488 -0.060303 0.3529 0.1961 0.1216
v -0.008545 0.875977 -0.060303 0.5725 0.3333 0.2235
v -0.005127 0.879395 -0.060303 0.1176 0.0941 0.0784
v -0.037354 0.939453 -0.060303 0.1176 0.0667 0.0353
v 0.031982 0.949707 -0.060303 0.1647 0.1137 0.0824
v -0.037354 0.950195 -0.060303 0.1451 0.0863 0.0353
v 0.038818 0.962891 -0.060303 0.1255 0.0824 0.0510
v -0.030518 0.963379 -0.060303 0.1216 0.0745 0.0510
v -0.038330 0.966797 -0.060303 0.1294 0.0824 0.0471
v 0.009521 0.969238 -0.060303 0.0902 0.0706 0.0353
v 0.016357 0.980469 -0.060303 0.0980 0.0706 0.0471
v -0.100830 0.173828 -0.060303 0.6589 0.3961 0.2549
v 0.098877 0.173828 -0.060303 0.6432 0.3686 0.2353
v -0.075928 0.159180 -0.060303 0.1725 0.0902 0.2980
v 0.073975 0.159180 -0.060303 0.1608 0.0706 0.2863
v -0.103760 0.075195 -0.060303 0.2039 0.0902 0.2706
v 0.101318 0.075195 -0.060303 0.2039 0.0863 0.2667
v -0.071533 0.018555 -0.060303 0.5764 0.4706 0.3882
v 0.069580 0.018555 -0.060303 0.5725 0.4706 0.4039
v -0.071533 0.011230 -0.060303 0.7647 0.6039 0.4863
v 0.069092 0.011230 -0.060303 0.7568 0.6000 0.4784
v -0.016846 0.604492 -0.060791 0.1333 0.0392 0.2549
v 0.014404 0.604492 -0.060791 0.1922 0.0392 0.2745
v 0.189697 0.787109 -0.060791 0.7451 0.4745 0.3137
v -0.141846 0.821289 -0.060791 0.6863 0.4039 0.2510
v -0.130127 0.834961 -0.060791 0.7490 0.4510 0.2941
v -0.009033 0.862305 -0.060791 0.7451 0.4784 0.3176
v 0.007080 0.862305 -0.060791 0.6550 0.3882 0.2471
v 0.001221 0.872559 -0.060791 0.6432 0.3725 0.2275
v -0.000732 0.875488 -0.060791 0.6197 0.3568 0.2118
v -0.002686 0.878418 -0.060791 0.3568 0.2157 0.1451
v -0.012451 0.878418 -0.060791 0.1961 0.1176 0.0902
v -0.016846 0.878418 -0.060791 0.2235 0.1647 0.1373
v 0.010498 0.882324 -0.060791 0.0667 0.0667 0.0706
v -0.026611 0.899414 -0.060791 0.1608 0.0941 0.0627
v -0.029053 0.908691 -0.060791 0.1333 0.0784 0.0431
v 0.031982 0.934570 -0.060791 0.0980 0.0510 0.0235
v -0.036377 0.935547 -0.060791 0.0941 0.0549 0.0235
v 0.034424 0.937012 -0.060791 0.0824 0.0431 0.0235
v 0.030029 0.956055 -0.060791 0.1294 0.0863 0.0510
v 0.037354 0.959961 -0.060791 0.1098 0.0510 0.0275
v 0.014404 0.971191 -0.060791 0.1647 0.1137 0.0667
v 0.001709 0.971680 -0.060791 0.1530 0.0863 0.0431
v -0.003662 0.972168 -0.060791 0.1098 0.0667 0.0353
v 0.018311 0.979004 -0.060791 0.0941 0.0706 0.0510
v 0.055420 0.487793 -0.060791 0.6236 0.3608 0.2196
v -0.005615 0.486328 -0.060791 0.1059 0.0392 0.1412
v 0.003174 0.486328 -0.060791 0.1373 0.0667 0.1725
v 0.053955 0.249512 -0.060791 0.7255 0.4118 0.2432
v -0.106689 0.160156 -0.060791 0.2157 0.1059 0.2941
v 0.104736 0.160156 -0.060791 0.1765 0.0745 0.2902
v 0.104248 0.136719 -0.060791 0.2353 0.1176 0.3059
v -0.092529 0.088379 -0.060791 0.2980 0.1294 0.3412
v 0.090088 0.088379 -0.060791 0.1882 0.0824 0.2510
v -0.051514 0.598145 -0.061279 0.2039 0.0510 0.2863
v -0.026611 0.679688 -0.061279 0.7137 0.4275 0.2745
v 0.024170 0.679688 -0.061279 0.7098 0.4235 0.2784
v -0.047607 0.688965 -0.061279 0.7333 0.4510 0.3019
v 0.045166 0.688965 -0.061279 0.6941 0.4118 0.2627
v -0.007080 0.701660 -0.061279 0.6354 0.3608 0.2118
v 0.004639 0.701660 -0.061279 0.6550 0.3765 0.2510
v 0.080811 0.711426 -0.061279 0.6980 0.4078 0.2706
v -0.083252 0.711914 -0.061279 0.7020 0.4078 0.2549
v -0.116455 0.772461 -0.061279 0.6276 0.3255 0.1882
v -0.126709 0.776367 -0.061279 0.6980 0.4118 0.2745
v -0.155029 0.817383 -0.061279 0.7176 0.4275 0.2745
v -0.180908 0.817383 -0.061279 0.7176 0.4118 0.2588
v 0.001221 0.875488 -0.061279 0.4078 0.2510 0.1725
v -0.007568 0.875977 -0.061279 0.5451 0.3176 0.2078
v -0.010498 0.875977 -0.061279 0.6157 0.3412 0.2157
v -0.004150 0.882324 -0.061279 0.1216 0.0902 0.0627
v -0.018799 0.884277 -0.061279 0.1294 0.0941 0.0667
v 0.021240 0.906738 -0.061279 0.0980 0.0549 0.0235
v 0.024170 0.911621 -0.061279 0.1137 0.0627 0.0275
v 0.025146 0.917969 -0.061279 0.0745 0.0471 0.0353
v 0.037354 0.924805 -0.061279 0.1098 0.0784 0.0471
v -0.031494 0.958496 -0.061279 0.1098 0.0784 0.0510
v 0.036865 0.961426 -0.061279 0.1216 0.0706 0.0471
v -0.035889 0.962402 -0.061279 0.0980 0.0549 0.0196
v 0.019775 0.965332 -0.061279 0.1098 0.0706 0.0353
v -0.025635 0.968750 -0.061279 0.1059 0.0706 0.0431
v -0.057861 0.487793 -0.061279 0.6118 0.3529 0.2118
v -0.056396 0.249512 -0.061279 0.7020 0.4275 0.2823
v 0.086670 0.162109 -0.061279 0.7451 0.4392 0.2941
v -0.083740 0.161133 -0.061279 0.4589 0.2588 0.2471
v 0.081299 0.161133 -0.061279 0.5216 0.2667 0.1922
v 0.072998 0.153320 -0.061279 0.6745 0.6000 0.5921
v -0.075439 0.152832 -0.061279 0.3216 0.2706 0.2706
v -0.106689 0.136719 -0.061279 0.2392 0.0980 0.3059
v -0.086670 0.101562 -0.061279 0.2235 0.1176 0.2784
v 0.084717 0.101562 -0.061279 0.1882 0.0745 0.2510
v 0.049072 0.598145 -0.061768 0.1686 0.0706 0.2118
v 0.058838 0.695312 -0.061768 0.7529 0.4745 0.3255
v -0.061279 0.695801 -0.061768 0.6706 0.3765 0.2353
v 0.114990 0.771973 -0.061768 0.5686 0.2823 0.1490
v -0.140381 0.777344 -0.061768 0.6902 0.4039 0.2667
v 0.140869 0.820801 -0.061768 0.7333 0.4471 0.2902
v 0.129150 0.834473 -0.061768 0.7725 0.4628 0.3137
v -0.001221 0.854492 -0.061768 0.6745 0.3961 0.2588
v 0.001221 0.877930 -0.061768 0.1255 0.1059 0.0863
v 0.005615 0.881836 -0.061768 0.1843 0.1412 0.1059
v -0.002197 0.882324 -0.061768 0.0824 0.0784 0.0510
v -0.029541 0.915527 -0.061768 0.1490 0.0941 0.0510
v 0.026611 0.921875 -0.061768 0.0745 0.0510 0.0353
v -0.042236 0.944336 -0.061768 0.0980 0.0627 0.0392
v 0.032471 0.945312 -0.061768 0.0784 0.0549 0.0157
v -0.044189 0.946289 -0.061768 0.1059 0.0745 0.0353
v -0.034912 0.964844 -0.061768 0.1804 0.1059 0.0588
v 0.017822 0.966309 -0.061768 0.1451 0.0902 0.0431
v -0.019775 0.968262 -0.061768 0.1059 0.0588 0.0275
v -0.006592 0.971680 -0.061768 0.1373 0.0863 0.0471
v -0.011475 0.976562 -0.061768 0.1530 0.0980 0.0667
v 0.017822 0.977539 -0.061768 0.1098 0.0706 0.0431
v 0.014893 0.979004 -0.061768 0.1216 0.0706 0.0392
v -0.052002 0.496582 -0.061768 0.6197 0.3529 0.2157
v 0.049561 0.496582 -0.061768 0.6197 0.3529 0.2157
v -0.110596 0.396484 -0.061768 0.2706 0.1412 0.3568
v 0.108154 0.396484 -0.061768 0.2432 0.1255 0.3372
v -0.088623 0.162109 -0.061768 0.6745 0.4000 0.2588
v -0.092041 0.161133 -0.061768 0.4196 0.2353 0.2078
v 0.090088 0.161133 -0.061768 0.5176 0.3098 0.2549
v -0.046631 0.503906 -0.062256 0.6315 0.3608 0.2235
v 0.044678 0.503906 -0.062256 0.6276 0.3490 0.2157
v -0.059326 0.508789 -0.062256 0.6236 0.3568 0.2196
v 0.056885 0.508789 -0.062256 0.6157 0.3490 0.2118
v -0.001221 0.607422 -0.062256 0.6197 0.5451 0.4628
v -0.016846 0.607910 -0.062256 0.8157 0.7529 0.6706
v 0.014404 0.608398 -0.062256 0.7921 0.7294 0.6471
v -0.014893 0.687012 -0.062256 0.6354 0.3451 0.2000
v 0.012451 0.687012 -0.062256 0.6941 0.4039 0.2588
v 0.125244 0.775879 -0.062256 0.5804 0.2863 0.1608
v 0.181885 0.776855 -0.062256 0.6863 0.4000 0.2510
v 0.189209 0.791992 -0.062256 0.6118 0.3176 0.2000
v -0.190186 0.803711 -0.062256 0.6785 0.3882 0.2432
v 0.154053 0.816895 -0.062256 0.7020 0.4078 0.2510
v -0.167236 0.818359 -0.062256 0.7412 0.4510 0.2980
v -0.088135 0.840332 -0.062256 0.7137 0.4235 0.2745
v -0.018311 0.864258 -0.062256 0.7098 0.4196 0.2745
v 0.015869 0.864746 -0.062256 0.6863 0.3961 0.2432
v -0.009033 0.875977 -0.062256 0.6276 0.3647 0.2471
v -0.008545 0.878906 -0.062256 0.1725 0.1255 0.0784
v 0.011475 0.888672 -0.062256 0.0863 0.0510 0.0314
v -0.020264 0.890137 -0.062256 0.1647 0.1059 0.0824
v -0.028076 0.911621 -0.062256 0.1412 0.0745 0.0431
v -0.032959 0.931152 -0.062256 0.1333 0.0824 0.0471
v 0.038330 0.939453 -0.062256 0.1412 0.0863 0.0431
v -0.031494 0.954590 -0.062256 0.1137 0.0745 0.0353
v 0.026123 0.962891 -0.062256 0.0784 0.0471 0.0196
v 0.010010 0.965820 -0.062256 0.0784 0.0627 0.0431
v 0.006104 0.966797 -0.062256 0.1530 0.1020 0.0667
v -0.016357 0.968262 -0.062256 0.1059 0.0627 0.0314
v 0.015869 0.977051 -0.062256 0.1490 0.0902 0.0627
v 0.098877 0.257812 -0.062256 0.7294 0.4392 0.2941
v -0.107666 0.153809 -0.062256 0.8117 0.7372 0.7372
v 0.105225 0.153809 -0.062256 0.8078 0.7372 0.7333
v -0.103760 0.065430 -0.062256 0.3019 0.1647 0.3765
v 0.101807 0.065430 -0.062256 0.1843 0.1020 0.2549
v 0.100830 0.062500 -0.062256 0.1961 0.0863 0.2588
v -0.109619 0.048828 -0.062256 0.2118 0.1059 0.2784
v 0.107178 0.048828 -0.062256 0.2000 0.0902 0.2627
v -0.155518 0.775391 -0.062744 0.7137 0.4235 0.2784
v 0.139404 0.776855 -0.062744 0.7020 0.4078 0.2627
v 0.179932 0.816895 -0.062744 0.7568 0.4784 0.3137
v 0.086670 0.839844 -0.062744 0.7137 0.4196 0.2667
v 0.030518 0.860840 -0.062744 0.7686 0.4745 0.3255
v -0.009521 0.873047 -0.062744 0.6980 0.4078 0.2510
v 0.001709 0.882324 -0.062744 0.1608 0.1176 0.0824
v -0.012939 0.883301 -0.062744 0.1333 0.0941 0.0627
v 0.017822 0.905762 -0.062744 0.1020 0.0627 0.0431
v -0.029541 0.922852 -0.062744 0.1333 0.0824 0.0471
v -0.031006 0.958984 -0.062744 0.1333 0.0863 0.0510
v -0.010498 0.970703 -0.062744 0.1137 0.0745 0.0431
v -0.006104 0.975586 -0.062744 0.1882 0.1294 0.0863
v -0.008545 0.977539 -0.062744 0.1765 0.1216 0.0667
v -0.100830 0.257812 -0.062744 0.7020 0.4157 0.2549
v 0.085693 0.175781 -0.062744 0.6785 0.3921 0.2549
v -0.097900 0.102051 -0.062744 0.1686 0.0824 0.2235
v 0.095947 0.102051 -0.062744 0.2118 0.1020 0.2667
v -0.092529 0.075195 -0.062744 0.3176 0.1530 0.3568
v 0.090088 0.075195 -0.062744 0.2118 0.1059 0.2784
v -0.102783 0.062012 -0.062744 0.1765 0.0784 0.2549
v -0.001221 0.711914 -0.063232 0.5843 0.3216 0.1922
v -0.169678 0.775391 -0.063232 0.6628 0.3686 0.2314
v -0.117920 0.837891 -0.063232 0.7451 0.4353 0.2941
v -0.032959 0.859863 -0.063232 0.7451 0.4235 0.2471
v -0.008057 0.882812 -0.063232 0.1451 0.0980 0.0784
v -0.003174 0.888184 -0.063232 0.1255 0.0824 0.0549
v 0.022705 0.907715 -0.063232 0.1451 0.0863 0.0431
v -0.025635 0.909180 -0.063232 0.1451 0.0863 0.0667
v 0.030518 0.919922 -0.063232 0.0980 0.0588 0.0275
v -0.029541 0.928223 -0.063232 0.1490 0.0941 0.0627
v 0.032959 0.941895 -0.063232 0.1059 0.0549 0.0275
v -0.033936 0.945312 -0.063232 0.0745 0.0510 0.0275
v -0.039795 0.945312 -0.063232 0.1373 0.0902 0.0510
v -0.042725 0.948730 -0.063232 0.1020 0.0627 0.0392
v 0.028564 0.949707 -0.063232 0.0902 0.0588 0.0314
v 0.016357 0.963867 -0.063232 0.1686 0.1137 0.0745
v -0.115967 0.223145 -0.063232 0.7137 0.4039 0.2510
v 0.114990 0.223145 -0.063232 0.6863 0.4039 0.2667
v -0.088135 0.175781 -0.063232 0.6980 0.4118 0.2706
v -0.086182 0.114746 -0.063232 0.2157 0.0824 0.2784
v 0.083740 0.114746 -0.063232 0.2314 0.1333 0.2941
v -0.027588 0.687500 -0.063721 0.6667 0.3686 0.2275
v 0.025146 0.687500 -0.063721 0.6785 0.3921 0.2549
v -0.181885 0.787598 -0.063721 0.6824 0.3921 0.2471
v 0.189209 0.803223 -0.063721 0.7137 0.4275 0.2745
v -0.137451 0.809570 -0.063721 0.6354 0.3529 0.2118
v -0.136475 0.812012 -0.063721 0.6236 0.3490 0.2235
v 0.166260 0.817871 -0.063721 0.7804 0.4863 0.3412
v 0.116943 0.837402 -0.063721 0.7216 0.4275 0.2745
v -0.096436 0.840332 -0.063721 0.6745 0.3843 0.2275
v -0.059814 0.849121 -0.063721 0.7568 0.4510 0.2902
v 0.057861 0.849609 -0.063721 0.7372 0.4392 0.2863
v 0.006592 0.888184 -0.063721 0.1608 0.0941 0.0627
v 0.011963 0.895996 -0.063721 0.0980 0.0588 0.0353
v 0.031982 0.920898 -0.063721 0.1137 0.0745 0.0353
v 0.025146 0.923828 -0.063721 0.0784 0.0549 0.0275
v -0.034912 0.932129 -0.063721 0.1608 0.1098 0.0824
v 0.029541 0.934570 -0.063721 0.0941 0.0627 0.0471
v -0.031006 0.951660 -0.063721 0.1373 0.0941 0.0627
v 0.030518 0.952637 -0.063721 0.1137 0.0824 0.0353
v 0.020264 0.961426 -0.063721 0.0824 0.0549 0.0314
v -0.040771 0.963867 -0.063721 0.1098 0.0627 0.0353
v 0.012939 0.963867 -0.063721 0.0824 0.0549 0.0314
v 0.017822 0.967285 -0.063721 0.1647 0.0980 0.0471
v -0.004639 0.968750 -0.063721 0.1020 0.0627 0.0353
v -0.009033 0.473145 -0.063721 0.2000 0.0667 0.2549
v 0.006592 0.473145 -0.063721 0.1137 0.0314 0.1686
v -0.012451 0.700195 -0.064209 0.7255 0.4432 0.2941
v 0.010010 0.700195 -0.064209 0.6354 0.3568 0.2196
v -0.007080 0.709473 -0.064209 0.6941 0.4039 0.2510
v 0.004639 0.709473 -0.064209 0.6510 0.3804 0.2471
v -0.089111 0.722168 -0.064209 0.7098 0.4157 0.2588
v 0.086670 0.722168 -0.064209 0.7412 0.4706 0.3176
v -0.100342 0.755371 -0.064209 0.6902 0.4078 0.2588
v 0.098389 0.755371 -0.064209 0.6628 0.3843 0.2471
v 0.154541 0.774902 -0.064209 0.6824 0.3961 0.2510
v -0.135498 0.825195 -0.064209 0.7686 0.4745 0.3176
v -0.106201 0.839844 -0.064209 0.7020 0.4078 0.2432
v 0.094971 0.840332 -0.064209 0.7372 0.4510 0.2902
v -0.010986 0.855957 -0.064209 0.7098 0.4196 0.2667
v 0.008545 0.855957 -0.064209 0.6432 0.3686 0.2314
v 0.002197 0.888184 -0.064209 0.1530 0.1059 0.0588
v -0.007080 0.888672 -0.064209 0.1294 0.0863 0.0431
v -0.013428 0.889160 -0.064209 0.1882 0.1137 0.0706
v -0.020264 0.897461 -0.064209 0.0902 0.0549 0.0275
v 0.020752 0.903809 -0.064209 0.1216 0.0745 0.0392
v 0.029053 0.919922 -0.064209 0.1137 0.0706 0.0235
v 0.030029 0.928711 -0.064209 0.0980 0.0549 0.0392
v -0.030029 0.931641 -0.064209 0.1333 0.0784 0.0471
v 0.033447 0.939453 -0.064209 0.1725 0.1059 0.0549
v -0.034424 0.941406 -0.064209 0.1059 0.0667 0.0392
v 0.028076 0.945312 -0.064209 0.1255 0.0784 0.0549
v -0.039795 0.947754 -0.064209 0.1843 0.1255 0.0588
v -0.031982 0.955078 -0.064209 0.0980 0.0549 0.0235
v 0.016357 0.960449 -0.064209 0.0980 0.0627 0.0353
v 0.040283 0.961914 -0.064209 0.1294 0.0863 0.0667
v -0.039795 0.962402 -0.064209 0.1059 0.0627 0.0353
v -0.021240 0.963379 -0.064209 0.1686 0.1137 0.0706
v -0.027100 0.964844 -0.064209 0.1098 0.0667 0.0392
v -0.039795 0.965820 -0.064209 0.1176 0.0745 0.0471
v 0.001221 0.968262 -0.064209 0.1490 0.0863 0.0431
v -0.109619 0.189453 -0.064209 0.6706 0.3765 0.2275
v 0.107666 0.189453 -0.064209 0.6863 0.4118 0.2745
v -0.082764 0.159180 -0.064209 0.2039 0.1098 0.3176
v 0.080322 0.159180 -0.064209 0.1451 0.0863 0.3019
v 0.095947 0.115234 -0.064209 0.2039 0.0941 0.2706
v -0.113037 0.002441 -0.064209 0.2275 0.2078 0.1961
v 0.111084 0.002441 -0.064209 0.0863 0.1294 0.1294
v -0.001221 0.595703 -0.064697 0.3333 0.1530 0.4314
v -0.109619 0.766113 -0.064697 0.6667 0.3921 0.2588
v 0.168213 0.774902 -0.064697 0.6236 0.3490 0.2078
v -0.120850 0.782715 -0.064697 0.6079 0.3294 0.2039
v 0.136475 0.809082 -0.064697 0.6550 0.3765 0.2510
v 0.135498 0.811523 -0.064697 0.7137 0.4392 0.3019
v 0.105225 0.839355 -0.064697 0.7764 0.4667 0.3098
v 0.019287 0.903809 -0.064697 0.1255 0.0706 0.0353
v 0.016357 0.908203 -0.064697 0.0980 0.0627 0.0392
v -0.023193 0.908691 -0.064697 0.1686 0.1020 0.0510
v 0.021729 0.923340 -0.064697 0.1216 0.0667 0.0314
v 0.030029 0.925293 -0.064697 0.1059 0.0627 0.0314
v 0.035400 0.934570 -0.064697 0.1294 0.0824 0.0471
v 0.028564 0.937012 -0.064697 0.0863 0.0627 0.0314
v -0.017822 0.963867 -0.064697 0.1294 0.0863 0.0471
v 0.005615 0.963867 -0.064697 0.1412 0.0784 0.0392
v 0.011475 0.966797 -0.064697 0.0941 0.0549 0.0235
v -0.011475 0.968750 -0.064697 0.0941 0.0588 0.0275
v 0.014404 0.969238 -0.064697 0.1608 0.0980 0.0549
v 0.017334 0.981445 -0.064697 0.1176 0.0627 0.0392
v -0.084717 0.255371 -0.064697 0.7059 0.4235 0.2706
v 0.082275 0.255371 -0.064697 0.7255 0.4432 0.2863
v 0.112549 0.203125 -0.064697 0.6863 0.3961 0.2588
v -0.098389 0.115234 -0.064697 0.1765 0.0784 0.2353
v 0.090088 0.066895 -0.064697 0.2196 0.1098 0.2784
v -0.092529 0.063965 -0.064697 0.3804 0.1922 0.4314
v 0.090576 0.063965 -0.064697 0.2902 0.1530 0.3490
v -0.033936 0.597656 -0.065186 0.1725 0.0627 0.2588
v 0.031494 0.597656 -0.065186 0.2392 0.0863 0.3451
v -0.017822 0.694824 -0.065186 0.7216 0.4314 0.2863
v 0.015381 0.694824 -0.065186 0.6863 0.4000 0.2510
v 0.108154 0.766113 -0.065186 0.6550 0.3882 0.2510
v -0.128662 0.784180 -0.065186 0.6863 0.3961 0.2588
v -0.135498 0.815918 -0.065186 0.7529 0.4667 0.3216
v 0.134522 0.824707 -0.065186 0.7921 0.4980 0.3451
v -0.070068 0.842285 -0.065186 0.7098 0.4078 0.2588
v 0.068115 0.842285 -0.065186 0.7568 0.4471 0.2863
v 0.043701 0.854004 -0.065186 0.7294 0.4118 0.2588
v 0.011963 0.903809 -0.065186 0.1608 0.0902 0.0353
v 0.021729 0.904297 -0.065186 0.1333 0.0941 0.0549
v 0.015381 0.912109 -0.065186 0.1216 0.0824 0.0431
v 0.021240 0.917969 -0.065186 0.0980 0.0588 0.0235
v 0.022705 0.928223 -0.065186 0.1373 0.0784 0.0275
v 0.033936 0.933594 -0.065186 0.1059 0.0706 0.0431
v 0.028076 0.940430 -0.065186 0.1451 0.0902 0.0588
v -0.028076 0.950684 -0.065186 0.0863 0.0510 0.0275
v 0.027100 0.958496 -0.065186 0.1020 0.0627 0.0392
v 0.010498 0.960449 -0.065186 0.1451 0.0980 0.0627
v -0.038330 0.962891 -0.065186 0.1098 0.0667 0.0392
v -0.037842 0.964355 -0.065186 0.1294 0.0745 0.0392
v -0.114014 0.203125 -0.065186 0.7098 0.3882 0.2314
v -0.074951 0.193848 -0.065186 0.6824 0.4157 0.2823
v 0.072510 0.193848 -0.065186 0.6824 0.3961 0.2471
v -0.092529 0.159668 -0.065186 0.2353 0.1451 0.3608
v 0.090088 0.159668 -0.065186 0.1608 0.0980 0.3216
v -0.092529 0.066895 -0.065186 0.2471 0.1294 0.2980
v -0.080811 0.049316 -0.065186 0.2510 0.1294 0.2941
v 0.078857 0.049316 -0.065186 0.1804 0.0588 0.2588
v 0.111084 0.033203 -0.065186 0.2078 0.0902 0.2706
v -0.113037 0.032715 -0.065186 0.1882 0.0941 0.2471
v -0.016846 0.596680 -0.065674 0.2941 0.1255 0.3961
v 0.014404 0.597168 -0.065674 0.3451 0.1373 0.4510
v -0.052002 0.696777 -0.065674 0.7372 0.4432 0.2941
v 0.050049 0.696777 -0.065674 0.7412 0.4353 0.3059
v -0.067627 0.704102 -0.065674 0.7333 0.4510 0.2941
v 0.065186 0.704102 -0.065674 0.6315 0.3412 0.1961
v 0.092041 0.734375 -0.065674 0.7568 0.4745 0.3294
v -0.094482 0.734863 -0.065674 0.7176 0.4235 0.2667
v -0.096924 0.747559 -0.065674 0.7137 0.4235 0.2706
v 0.094482 0.747559 -0.065674 0.7176 0.4471 0.2941
v 0.119385 0.782227 -0.065674 0.6863 0.4235 0.2784
v 0.180908 0.787109 -0.065674 0.6667 0.3804 0.2353
v -0.045654 0.853027 -0.065674 0.7529 0.4275 0.2706
v -0.001709 0.895508 -0.065674 0.1059 0.0667 0.0314
v 0.007080 0.895508 -0.065674 0.1294 0.0902 0.0549
v -0.015381 0.896484 -0.065674 0.0980 0.0627 0.0314
v 0.020752 0.912598 -0.065674 0.1843 0.1098 0.0510
v 0.014893 0.915527 -0.065674 0.1294 0.0706 0.0431
v 0.028564 0.920898 -0.065674 0.1647 0.1020 0.0549
v 0.031006 0.921875 -0.065674 0.1530 0.1020 0.0549
v -0.031982 0.928711 -0.065674 0.1137 0.0706 0.0392
v -0.029053 0.934570 -0.065674 0.1451 0.0941 0.0588
v -0.034424 0.937012 -0.065674 0.1255 0.0706 0.0431
v 0.029541 0.937988 -0.065674 0.0863 0.0510 0.0275
v -0.042725 0.944824 -0.065674 0.1020 0.0588 0.0392
v -0.029053 0.945312 -0.065674 0.0941 0.0588 0.0235
v -0.043701 0.945801 -0.065674 0.1059 0.0627 0.0510
v 0.025146 0.950195 -0.065674 0.1020 0.0706 0.0431
v -0.005615 0.964355 -0.065674 0.1059 0.0667 0.0392
v -0.071045 0.252930 -0.065674 0.7020 0.4196 0.2706
v 0.069092 0.252930 -0.065674 0.7294 0.4432 0.2902
v -0.054932 0.585938 -0.066162 0.1647 0.0471 0.2196
v 0.052490 0.585938 -0.066162 0.2078 0.0980 0.2823
v 0.127197 0.783691 -0.066162 0.6785 0.4078 0.2667
v -0.141357 0.785645 -0.066162 0.6276 0.3372 0.1922
v 0.134033 0.815430 -0.066162 0.6863 0.4118 0.2549
v -0.036865 0.855957 -0.066162 0.7216 0.3961 0.2235
v 0.034424 0.856445 -0.066162 0.7333 0.4196 0.2667
v -0.005127 0.895508 -0.066162 0.1647 0.0941 0.0510
v 0.002686 0.895508 -0.066162 0.1137 0.0706 0.0275
v 0.018799 0.904297 -0.066162 0.1373 0.0745 0.0275
v -0.020752 0.906738 -0.066162 0.1098 0.0706 0.0431
v -0.026611 0.907227 -0.066162 0.1216 0.0745 0.0314
v -0.027588 0.908203 -0.066162 0.1569 0.1059 0.0627
v 0.020752 0.908691 -0.066162 0.1333 0.0784 0.0431
v 0.011963 0.909180 -0.066162 0.1059 0.0667 0.0392
v -0.020264 0.915527 -0.066162 0.1098 0.0627 0.0314
v -0.030518 0.929199 -0.066162 0.1098 0.0667 0.0392
v -0.032959 0.929199 -0.066162 0.1176 0.0784 0.0471
v 0.032471 0.933594 -0.066162 0.0902 0.0588 0.0392
v 0.022705 0.934082 -0.066162 0.0980 0.0627 0.0353
v -0.029541 0.937988 -0.066162 0.1294 0.0667 0.0353
v -0.029541 0.941895 -0.066162 0.1255 0.0863 0.0510
v 0.023682 0.944824 -0.066162 0.1765 0.1020 0.0627
v -0.043213 0.947266 -0.066162 0.1255 0.0784 0.0549
v -0.023193 0.953613 -0.066162 0.0824 0.0510 0.0392
v 0.021729 0.956055 -0.066162 0.0745 0.0549 0.0275
v -0.010986 0.456543 -0.066162 0.2078 0.0627 0.2588
v 0.008545 0.456543 -0.066162 0.1530 0.0667 0.2157
v -0.057373 0.232422 -0.066162 0.6785 0.4039 0.2471
v 0.054932 0.232422 -0.066162 0.7059 0.3961 0.2353
v 0.060303 0.200195 -0.066162 0.7333 0.4275 0.2745
v 0.082275 0.135742 -0.066162 0.2706 0.1451 0.3412
v -0.031006 0.694336 -0.066650 0.7020 0.4078 0.2588
v 0.028564 0.694336 -0.066650 0.6745 0.4039 0.2510
v -0.123779 0.793945 -0.066650 0.6354 0.3568 0.2196
v -0.132080 0.802734 -0.066650 0.6471 0.3725 0.2314
v -0.077393 0.832520 -0.066650 0.6824 0.4078 0.2588
v -0.021240 0.858398 -0.066650 0.7176 0.4235 0.2745
v 0.018799 0.858887 -0.066650 0.7216 0.4314 0.2784
v -0.011475 0.895996 -0.066650 0.0863 0.0549 0.0275
v 0.020752 0.904785 -0.066650 0.1373 0.0824 0.0510
v -0.025146 0.907227 -0.066650 0.1216 0.0706 0.0353
v -0.026123 0.916016 -0.066650 0.1176 0.0784 0.0471
v -0.025635 0.922852 -0.066650 0.1255 0.0824 0.0392
v -0.025146 0.928223 -0.066650 0.1137 0.0745 0.0392
v -0.027100 0.933105 -0.066650 0.1294 0.0824 0.0588
v -0.033447 0.933105 -0.066650 0.1216 0.0706 0.0353
v 0.034424 0.936035 -0.066650 0.1608 0.1020 0.0627
v 0.023193 0.939941 -0.066650 0.1451 0.0980 0.0510
v -0.041748 0.945312 -0.066650 0.1059 0.0627 0.0314
v -0.032959 0.950684 -0.066650 0.1176 0.0706 0.0353
v -0.033936 0.952148 -0.066650 0.1020 0.0627 0.0353
v 0.016846 0.955078 -0.066650 0.0863 0.0549 0.0431
v -0.023682 0.958008 -0.066650 0.1686 0.1137 0.0627
v -0.028564 0.959961 -0.066650 0.0863 0.0588 0.0353
v -0.012451 0.973145 -0.066650 0.1373 0.0824 0.0549
v -0.011963 0.974609 -0.066650 0.1647 0.1059 0.0549
v 0.101807 0.242676 -0.066650 0.6628 0.3725 0.2196
v -0.062744 0.199707 -0.066650 0.6510 0.3647 0.2275
v -0.084717 0.135742 -0.066650 0.2157 0.1098 0.2863
v -0.115479 0.006348 -0.066650 0.6118 0.5059 0.4392
v 0.113525 0.006348 -0.066650 0.6276 0.5137 0.4432
v -0.001221 0.506836 -0.067139 0.2118 0.0980 0.2745
v 0.139893 0.785156 -0.067139 0.6785 0.3921 0.2471
v -0.130127 0.793945 -0.067139 0.6667 0.3882 0.2432
v -0.180420 0.795898 -0.067139 0.6510 0.3451 0.2000
v -0.179932 0.805664 -0.067139 0.7608 0.4589 0.3059
v -0.127197 0.828125 -0.067139 0.7921 0.5098 0.3529
v 0.075439 0.832520 -0.067139 0.6393 0.3490 0.2235
v 0.021240 0.901367 -0.067139 0.0941 0.0627 0.0353
v -0.026123 0.913086 -0.067139 0.1098 0.0706 0.0353
v 0.031982 0.918457 -0.067139 0.1059 0.0667 0.0431
v 0.013916 0.918945 -0.067139 0.1922 0.1294 0.0784
v -0.030518 0.930176 -0.067139 0.1059 0.0627 0.0235
v -0.041260 0.946777 -0.067139 0.1255 0.0706 0.0510
v 0.031006 0.949219 -0.067139 0.1098 0.0627 0.0353
v 0.031982 0.950684 -0.067139 0.1216 0.0784 0.0392
v -0.027588 0.952148 -0.067139 0.1059 0.0627 0.0392
v 0.029053 0.955078 -0.067139 0.1294 0.0863 0.0471
v -0.018799 0.958496 -0.067139 0.1333 0.0863 0.0431
v 0.004639 0.960449 -0.067139 0.1059 0.0549 0.0196
v -0.007568 0.960938 -0.067139 0.1176 0.0784 0.0392
v -0.011475 0.971680 -0.067139 0.1412 0.0824 0.0431
v -0.010010 0.975098 -0.067139 0.1569 0.0902 0.0549
v -0.103271 0.242676 -0.067139 0.7020 0.4039 0.2706
v -0.087158 0.199707 -0.067139 0.6393 0.3647 0.2314
v 0.084717 0.199707 -0.067139 0.6276 0.3529 0.2275
v -0.098389 0.136230 -0.067139 0.2667 0.1294 0.3255
v 0.095947 0.136230 -0.067139 0.2745 0.1490 0.3451
v -0.114990 0.017578 -0.067139 0.7098 0.5921 0.5333
v 0.113037 0.017578 -0.067139 0.7255 0.5961 0.5373
v -0.155029 0.786133 -0.067627 0.7568 0.4667 0.3176
v -0.168701 0.786133 -0.067627 0.6276 0.3333 0.1961
v 0.122314 0.793457 -0.067627 0.6471 0.3608 0.2275
v 0.130615 0.802246 -0.067627 0.6197 0.3294 0.2196
v -0.143311 0.804688 -0.067627 0.6785 0.3921 0.2471
v -0.127197 0.805176 -0.067627 0.5961 0.3294 0.1843
v 0.125732 0.827637 -0.067627 0.7843 0.4980 0.3451
v -0.001221 0.846191 -0.067627 0.6510 0.3686 0.2196
v -0.015381 0.901855 -0.067627 0.1294 0.0784 0.0471
v 0.006592 0.903320 -0.067627 0.1647 0.1020 0.0510
v -0.017822 0.905273 -0.067627 0.1608 0.1020 0.0588
v -0.024170 0.908203 -0.067627 0.1059 0.0627 0.0275
v -0.019775 0.920410 -0.067627 0.1333 0.0824 0.0471
v 0.014893 0.922852 -0.067627 0.1059 0.0745 0.0392
v -0.032471 0.930176 -0.067627 0.1255 0.0706 0.0549
v -0.025146 0.932617 -0.067627 0.1294 0.0824 0.0471
v 0.032471 0.935059 -0.067627 0.0980 0.0627 0.0431
v -0.024170 0.949707 -0.067627 0.1020 0.0549 0.0314
v 0.016846 0.949707 -0.067627 0.1137 0.0784 0.0627
v -0.031494 0.950195 -0.067627 0.1098 0.0706 0.0353
v 0.010986 0.955566 -0.067627 0.1804 0.1137 0.0627
v -0.030518 0.956543 -0.067627 0.1059 0.0627 0.0392
v -0.005127 0.959961 -0.067627 0.1647 0.1216 0.0784
v -0.004150 0.962402 -0.067627 0.1725 0.1059 0.0627
v -0.012939 0.964844 -0.067627 0.1216 0.0784 0.0431
v 0.000732 0.965332 -0.067627 0.1647 0.0980 0.0588
v -0.009521 0.972168 -0.067627 0.2000 0.1294 0.0745
v -0.009033 0.974121 -0.067627 0.1451 0.0784 0.0392
v 0.097900 0.196777 -0.067627 0.6902 0.4039 0.2667
v -0.099854 0.196289 -0.067627 0.6941 0.4039 0.2627
v -0.115967 0.010742 -0.067627 0.7451 0.6157 0.5176
v 0.114014 0.010742 -0.067627 0.7529 0.6157 0.5216
v -0.080811 0.002930 -0.067627 0.2039 0.1843 0.1686
v 0.078857 0.002930 -0.067627 0.2039 0.1922 0.1765
v 0.128662 0.793457 -0.068115 0.6197 0.3255 0.2000
v -0.142334 0.795410 -0.068115 0.6902 0.4118 0.2549
v -0.131104 0.819336 -0.068115 0.6902 0.4000 0.2471
v 0.003662 0.899902 -0.068115 0.1294 0.0902 0.0588
v -0.011963 0.902832 -0.068115 0.1137 0.0667 0.0392
v -0.005615 0.903320 -0.068115 0.0980 0.0588 0.0275
v 0.007568 0.908691 -0.068115 0.1569 0.0980 0.0549
v -0.026611 0.909180 -0.068115 0.1373 0.0863 0.0510
v 0.011963 0.914551 -0.068115 0.1059 0.0667 0.0235
v 0.015381 0.927734 -0.068115 0.1137 0.0706 0.0314
v 0.029053 0.949219 -0.068115 0.0824 0.0549 0.0275
v 0.025635 0.952637 -0.068115 0.0941 0.0549 0.0275
v -0.018311 0.954102 -0.068115 0.0902 0.0627 0.0392
v 0.014404 0.964355 -0.068115 0.1569 0.1020 0.0588
v 0.016846 0.964844 -0.068115 0.1765 0.1176 0.0588
v -0.040771 0.965332 -0.068115 0.1176 0.0784 0.0471
v 0.017334 0.966797 -0.068115 0.1686 0.1020 0.0627
v 0.095947 0.153320 -0.068115 0.5921 0.5294 0.5176
v -0.083740 0.152832 -0.068115 0.3765 0.3216 0.3176
v 0.081299 0.152832 -0.068115 0.3765 0.3372 0.3294
v -0.103271 0.049316 -0.068115 0.2157 0.1059 0.2863
v 0.100830 0.049316 -0.068115 0.2627 0.1216 0.3176
v -0.074463 0.713379 -0.068604 0.7216 0.4314 0.2784
v 0.072021 0.713379 -0.068604 0.6432 0.3529 0.2196
v -0.001221 0.720703 -0.068604 0.5882 0.3216 0.1961
v 0.154053 0.785645 -0.068604 0.7098 0.4118 0.2706
v 0.179443 0.795410 -0.068604 0.7098 0.4078 0.2627
v 0.141846 0.804199 -0.068604 0.6785 0.3843 0.2353
v 0.125732 0.804688 -0.068604 0.7451 0.4745 0.3137
v -0.020264 0.922852 -0.068604 0.1216 0.0706 0.0353
v -0.020752 0.927734 -0.068604 0.1255 0.0745 0.0392
v 0.016846 0.944824 -0.068604 0.1647 0.1137 0.0824
v 0.031006 0.952148 -0.068604 0.1098 0.0706 0.0314
v -0.033447 0.953125 -0.068604 0.0941 0.0588 0.0275
v -0.027588 0.954590 -0.068604 0.1373 0.0863 0.0353
v 0.013428 0.966309 -0.068604 0.1765 0.1098 0.0745
v 0.015381 0.967773 -0.068604 0.1686 0.1020 0.0588
v -0.012451 0.437500 -0.068604 0.1765 0.0706 0.2353
v 0.010010 0.437500 -0.068604 0.1882 0.0902 0.2471
v 0.085205 0.241699 -0.068604 0.6980 0.4078 0.2627
v 0.058350 0.216797 -0.068604 0.7294 0.4353 0.2823
v -0.098389 0.153320 -0.068604 0.7725 0.6980 0.6824
v -0.059814 0.570801 -0.069092 0.1569 0.0667 0.2353
v 0.057373 0.570801 -0.069092 0.1882 0.0902 0.2510
v -0.001221 0.583008 -0.069092 0.2784 0.1333 0.3568
v -0.021240 0.700195 -0.069092 0.7412 0.4628 0.3059
v 0.018799 0.700195 -0.069092 0.7098 0.4196 0.2863
v 0.167236 0.785645 -0.069092 0.6510 0.3412 0.2157
v 0.178955 0.805176 -0.069092 0.7294 0.4235 0.2745
v -0.154541 0.806152 -0.069092 0.6941 0.3882 0.2392
v 0.130127 0.818848 -0.069092 0.7490 0.4706 0.3176
v -0.000244 0.903320 -0.069092 0.1176 0.0706 0.0314
v -0.005615 0.909180 -0.069092 0.1020 0.0549 0.0275
v 0.013428 0.916016 -0.069092 0.1490 0.0863 0.0392
v -0.031006 0.926758 -0.069092 0.0941 0.0627 0.0353
v 0.016357 0.933105 -0.069092 0.1333 0.0902 0.0510
v 0.036377 0.933594 -0.069092 0.1451 0.0941 0.0549
v -0.025146 0.945312 -0.069092 0.1333 0.0824 0.0392
v -0.018799 0.949219 -0.069092 0.1137 0.0706 0.0431
v 0.010986 0.949707 -0.069092 0.1255 0.0784 0.0353
v -0.031494 0.951660 -0.069092 0.1608 0.1059 0.0706
v 0.006104 0.956543 -0.069092 0.1098 0.0627 0.0431
v -0.087158 0.241699 -0.069092 0.6785 0.3804 0.2392
v 0.101807 0.228027 -0.069092 0.6980 0.4000 0.2588
v -0.060303 0.216797 -0.069092 0.7412 0.4589 0.3137
v -0.078857 0.033691 -0.069092 0.2275 0.1216 0.2823
v 0.076904 0.033691 -0.069092 0.2275 0.0784 0.2823
v -0.057373 0.705078 -0.069580 0.7020 0.4157 0.2627
v 0.054932 0.705078 -0.069580 0.6902 0.4118 0.2627
v -0.014893 0.706055 -0.069580 0.6510 0.3608 0.2078
v 0.012451 0.706055 -0.069580 0.6824 0.4196 0.2588
v -0.103271 0.761230 -0.069580 0.6510 0.3608 0.2275
v 0.140869 0.794922 -0.069580 0.7098 0.4314 0.2784
v -0.166748 0.806641 -0.069580 0.7490 0.4550 0.3019
v -0.115967 0.830078 -0.069580 0.6824 0.3804 0.2314
v -0.083252 0.832031 -0.069580 0.7490 0.4667 0.3098
v -0.068115 0.839844 -0.069580 0.6863 0.4078 0.2627
v 0.066650 0.839844 -0.069580 0.7176 0.4078 0.2510
v 0.004639 0.898926 -0.069580 0.1255 0.0745 0.0353
v 0.006104 0.900391 -0.069580 0.1569 0.0941 0.0471
v -0.011475 0.905273 -0.069580 0.1373 0.0824 0.0353
v -0.001221 0.909180 -0.069580 0.1255 0.0745 0.0431
v -0.010986 0.909180 -0.069580 0.1020 0.0627 0.0235
v 0.009033 0.913574 -0.069580 0.0980 0.0667 0.0392
v -0.001709 0.914062 -0.069580 0.1176 0.0745 0.0431
v -0.005615 0.914062 -0.069580 0.1098 0.0745 0.0392
v -0.010986 0.914551 -0.069580 0.0863 0.0471 0.0196
v -0.015869 0.914551 -0.069580 0.1373 0.0824 0.0431
v -0.015869 0.916504 -0.069580 0.1255 0.0667 0.0353
v -0.028076 0.930664 -0.069580 0.1137 0.0706 0.0431
v -0.030029 0.931641 -0.069580 0.1373 0.0863 0.0471
v -0.022705 0.935547 -0.069580 0.0824 0.0510 0.0275
v 0.016846 0.939453 -0.069580 0.0863 0.0588 0.0275
v -0.018799 0.944824 -0.069580 0.0627 0.0471 0.0275
v -0.043213 0.946777 -0.069580 0.1176 0.0706 0.0471
v -0.036377 0.950195 -0.069580 0.1098 0.0706 0.0471
v 0.029541 0.950684 -0.069580 0.1451 0.0902 0.0510
v -0.013916 0.953613 -0.069580 0.1098 0.0667 0.0392
v -0.010498 0.954590 -0.069580 0.0824 0.0471 0.0196
v -0.010498 0.957031 -0.069580 0.1725 0.1176 0.0706
v 0.070557 0.238770 -0.069580 0.7333 0.4550 0.2902
v -0.103271 0.227539 -0.069580 0.6941 0.4039 0.2627
v -0.006592 0.718262 -0.070068 0.6197 0.3294 0.1882
v 0.004150 0.718262 -0.070068 0.6315 0.3608 0.2392
v 0.101318 0.761230 -0.070068 0.6393 0.3647 0.2235
v -0.154541 0.796875 -0.070068 0.7333 0.4471 0.2980
v 0.153076 0.805664 -0.070068 0.7098 0.4196 0.2588
v 0.081787 0.832031 -0.070068 0.6589 0.3725 0.2392
v -0.013916 0.900391 -0.070068 0.1255 0.0745 0.0431
v -0.027100 0.905762 -0.070068 0.1373 0.0824 0.0431
v -0.001709 0.915039 -0.070068 0.1176 0.0745 0.0510
v 0.006592 0.915527 -0.070068 0.1059 0.0627 0.0431
v -0.005127 0.917480 -0.070068 0.0902 0.0588 0.0314
v -0.011475 0.917969 -0.070068 0.1412 0.0902 0.0471
v 0.003662 0.918457 -0.070068 0.0941 0.0549 0.0275
v -0.006104 0.922363 -0.070068 0.0824 0.0431 0.0235
v -0.020752 0.939941 -0.070068 0.0941 0.0627 0.0196
v -0.026123 0.940430 -0.070068 0.1216 0.0706 0.0314
v 0.009521 0.944824 -0.070068 0.1412 0.0824 0.0510
v -0.013916 0.949219 -0.070068 0.0941 0.0549 0.0275
v -0.005127 0.955078 -0.070068 0.0980 0.0627 0.0392
v 0.002197 0.957031 -0.070068 0.1098 0.0588 0.0353
v 0.003662 0.959961 -0.070068 0.1530 0.0941 0.0588
v -0.072510 0.238770 -0.070068 0.6745 0.3882 0.2353
v 0.084717 0.213379 -0.070068 0.6354 0.3568 0.2196
v -0.101807 0.210449 -0.070068 0.6471 0.3490 0.2118
v 0.099854 0.210449 -0.070068 0.7137 0.4118 0.2784
v 0.070068 0.209473 -0.070068 0.7059 0.4157 0.2706
v -0.078369 0.006836 -0.070068 0.7764 0.6354 0.5333
v 0.076416 0.006836 -0.070068 0.7020 0.5294 0.4314
v -0.017334 0.583984 -0.070557 0.2078 0.0863 0.2823
v 0.014893 0.583984 -0.070557 0.1725 0.0784 0.2432
v -0.035889 0.584961 -0.070557 0.3176 0.1294 0.3961
v 0.033447 0.584961 -0.070557 0.3019 0.1176 0.3961
v -0.036377 0.701172 -0.070557 0.7372 0.4353 0.2823
v 0.033936 0.701172 -0.070557 0.7059 0.4353 0.2745
v -0.081299 0.723633 -0.070557 0.7137 0.4235 0.2706
v 0.078857 0.723633 -0.070557 0.7725 0.5019 0.3490
v -0.167236 0.796387 -0.070557 0.7255 0.4314 0.2784
v -0.124756 0.820801 -0.070557 0.7412 0.4510 0.2980
v -0.075928 0.828613 -0.070557 0.6432 0.3608 0.2235
v 0.114502 0.829590 -0.070557 0.7764 0.4902 0.3333
v 0.002686 0.899902 -0.070557 0.1020 0.0627 0.0353
v -0.015869 0.901367 -0.070557 0.1216 0.0706 0.0353
v 0.003174 0.909180 -0.070557 0.0824 0.0510 0.0235
v -0.015869 0.910156 -0.070557 0.0863 0.0549 0.0275
v 0.004150 0.922363 -0.070557 0.1373 0.0902 0.0510
v 0.010010 0.933105 -0.070557 0.1294 0.0745 0.0392
v 0.009521 0.939453 -0.070557 0.0980 0.0706 0.0392
v -0.017822 0.939941 -0.070557 0.1373 0.0824 0.0353
v 0.033936 0.949707 -0.070557 0.1255 0.0784 0.0431
v -0.001709 0.956543 -0.070557 0.1255 0.0863 0.0588
v -0.014404 0.961426 -0.070557 0.1530 0.1020 0.0510
v -0.013428 0.417480 -0.070557 0.1961 0.0824 0.2471
v 0.010986 0.417480 -0.070557 0.2235 0.1098 0.2980
v 0.086670 0.228027 -0.070557 0.6980 0.4078 0.2627
v -0.086670 0.213379 -0.070557 0.7137 0.4235 0.2863
v -0.072021 0.209473 -0.070557 0.7294 0.4392 0.2784
v -0.092041 0.049805 -0.070557 0.2471 0.1333 0.3137
v 0.090088 0.049805 -0.070557 0.1961 0.0941 0.2588
v -0.117432 0.795898 -0.071045 0.6589 0.3882 0.2353
v 0.165283 0.806152 -0.071045 0.6745 0.3843 0.2314
v 0.165772 0.806152 -0.071045 0.6863 0.4000 0.2432
v 0.073975 0.828613 -0.071045 0.7764 0.4902 0.3490
v -0.104248 0.831055 -0.071045 0.7333 0.4392 0.2863
v -0.011963 0.847168 -0.071045 0.6941 0.4039 0.2549
v 0.010010 0.847656 -0.071045 0.7294 0.4392 0.2941
v -0.012451 0.901855 -0.071045 0.1569 0.1020 0.0627
v 0.003662 0.904297 -0.071045 0.1725 0.0941 0.0510
v 0.012939 0.912598 -0.071045 0.1176 0.0706 0.0392
v 0.001221 0.916504 -0.071045 0.1490 0.0980 0.0471
v -0.006592 0.927246 -0.071045 0.0902 0.0549 0.0314
v 0.004150 0.927246 -0.071045 0.1412 0.0824 0.0431
v 0.010010 0.927734 -0.071045 0.1412 0.0941 0.0588
v -0.016357 0.935059 -0.071045 0.1451 0.0784 0.0392
v -0.027588 0.936523 -0.071045 0.1961 0.1333 0.0706
v -0.010010 0.949707 -0.071045 0.1137 0.0745 0.0431
v -0.018799 0.954102 -0.071045 0.0980 0.0588 0.0314
v -0.019775 0.956543 -0.071045 0.1333 0.0784 0.0471
v 0.017334 0.966797 -0.071045 0.1725 0.1059 0.0667
v -0.070557 0.498047 -0.071045 0.1882 0.0863 0.2706
v 0.068115 0.498047 -0.071045 0.1961 0.0980 0.2784
v -0.089111 0.228027 -0.071045 0.6510 0.3608 0.2196
v -0.077881 0.018555 -0.071045 0.6863 0.5725 0.5137
v 0.075928 0.018555 -0.071045 0.6276 0.5294 0.4980
v 0.075439 0.011719 -0.071045 0.7882 0.5961 0.4784
v -0.077881 0.011230 -0.071045 0.8117 0.6745 0.5608
v -0.114014 0.785645 -0.071533 0.7333 0.4471 0.2980
v 0.115479 0.795898 -0.071533 0.7176 0.4157 0.2823
v 0.153076 0.796387 -0.071533 0.7176 0.4235 0.2823
v 0.123291 0.820312 -0.071533 0.7608 0.4706 0.3176
v -0.093506 0.831543 -0.071533 0.7568 0.4628 0.3098
v 0.004639 0.900879 -0.071533 0.1647 0.0941 0.0471
v -0.015381 0.905762 -0.071533 0.0784 0.0510 0.0275
v 0.011475 0.912109 -0.071533 0.1020 0.0667 0.0275
v 0.013916 0.913574 -0.071533 0.1294 0.0706 0.0392
v 0.008057 0.915039 -0.071533 0.0902 0.0588 0.0314
v -0.004639 0.918457 -0.071533 0.1137 0.0784 0.0549
v -0.010986 0.922363 -0.071533 0.0902 0.0549 0.0235
v 0.010010 0.922852 -0.071533 0.0980 0.0588 0.0235
v -0.010986 0.927246 -0.071533 0.1216 0.0784 0.0471
v -0.015869 0.927734 -0.071533 0.1569 0.0941 0.0549
v -0.027100 0.931641 -0.071533 0.0980 0.0510 0.0275
v -0.011475 0.932617 -0.071533 0.1412 0.0902 0.0627
v -0.029053 0.932617 -0.071533 0.1373 0.0745 0.0275
v 0.004150 0.932617 -0.071533 0.1569 0.1098 0.0627
v -0.013916 0.933105 -0.071533 0.0941 0.0588 0.0353
v 0.003174 0.944824 -0.071533 0.1333 0.0863 0.0549
v 0.010986 0.947266 -0.071533 0.1412 0.0784 0.0471
v -0.000732 0.949707 -0.071533 0.0941 0.0510 0.0235
v 0.007568 0.952148 -0.071533 0.0863 0.0588 0.0314
v -0.001221 0.957031 -0.071533 0.1255 0.0784 0.0588
v -0.002686 0.959961 -0.071533 0.0863 0.0588 0.0275
v 0.000732 0.962402 -0.071533 0.1530 0.1059 0.0627
v 0.015869 0.965820 -0.071533 0.2000 0.1255 0.0784
v 0.016846 0.965820 -0.071533 0.1922 0.1294 0.0863
v 0.015381 0.966797 -0.071533 0.1922 0.1137 0.0627
v 0.016357 0.967773 -0.071533 0.1725 0.1137 0.0549
v -0.012451 0.973145 -0.071533 0.1530 0.0980 0.0510
v 0.071045 0.477051 -0.071533 0.2314 0.1059 0.3137
v 0.073975 0.457031 -0.071533 0.2078 0.0863 0.2941
v -0.075439 0.225098 -0.071533 0.6863 0.3961 0.2510
v 0.073486 0.225098 -0.071533 0.7451 0.4432 0.3059
v -0.104248 0.002441 -0.071533 0.1725 0.1647 0.1686
v 0.102295 0.002441 -0.071533 0.1647 0.1647 0.1569
v -0.070068 0.519531 -0.072021 0.1922 0.0784 0.2706
v 0.067627 0.519531 -0.072021 0.2314 0.1098 0.3098
v -0.110107 0.776855 -0.072022 0.7216 0.4314 0.2784
v 0.112549 0.785156 -0.072021 0.6824 0.3961 0.2588
v 0.166260 0.795898 -0.072021 0.7372 0.4432 0.2902
v -0.120850 0.807129 -0.072022 0.7412 0.4550 0.3137
v 0.102783 0.830566 -0.072021 0.7216 0.4157 0.2588
v 0.092041 0.831543 -0.072021 0.7451 0.4745 0.3098
v -0.054932 0.845215 -0.072021 0.7451 0.4510 0.2863
v 0.052979 0.845703 -0.072021 0.6824 0.3765 0.2275
v 0.006104 0.896973 -0.072021 0.1255 0.0706 0.0353
v -0.014893 0.902344 -0.072021 0.0784 0.0392 0.0118
v -0.002686 0.914062 -0.072021 0.1216 0.0784 0.0471
v -0.016357 0.916016 -0.072021 0.1294 0.0745 0.0471
v -0.018799 0.918457 -0.072021 0.1176 0.0706 0.0392
v -0.007080 0.932617 -0.072021 0.0980 0.0667 0.0431
v 0.003662 0.939453 -0.072021 0.1098 0.0706 0.0392
v -0.013916 0.944824 -0.072021 0.1373 0.0902 0.0549
v 0.006592 0.944824 -0.072021 0.0784 0.0510 0.0314
v 0.003174 0.949707 -0.072021 0.0784 0.0471 0.0196
v -0.016357 0.953613 -0.072021 0.0824 0.0549 0.0235
v -0.013916 0.395996 -0.072021 0.2235 0.1098 0.3137
v 0.011963 0.395996 -0.072021 0.2118 0.1098 0.2980
v -0.001221 0.521973 -0.072510 0.1333 0.0549 0.2000
v -0.063721 0.553711 -0.072510 0.1961 0.0824 0.2706
v 0.061279 0.553711 -0.072510 0.2392 0.1020 0.3098
v -0.085205 0.736328 -0.072510 0.7216 0.4353 0.2784
v 0.082764 0.736328 -0.072510 0.7412 0.4589 0.3098
v 0.108643 0.776855 -0.072510 0.6550 0.3568 0.2235
v 0.010986 0.918457 -0.072510 0.1020 0.0627 0.0314
v -0.015869 0.923340 -0.072510 0.1569 0.1020 0.0706
v -0.000732 0.927246 -0.072510 0.1059 0.0667 0.0353
v -0.031006 0.929199 -0.072510 0.1333 0.0784 0.0431
v -0.001221 0.933105 -0.072510 0.1294 0.0824 0.0510
v -0.005615 0.938965 -0.072510 0.1137 0.0745 0.0353
v -0.002686 0.939941 -0.072510 0.1451 0.0941 0.0588
v -0.000732 0.944336 -0.072510 0.1530 0.0941 0.0588
v -0.005127 0.950195 -0.072510 0.1530 0.0941 0.0549
v -0.073486 0.477051 -0.072510 0.2314 0.1020 0.3098
v 0.076904 0.437012 -0.072510 0.2078 0.0980 0.2941
v -0.104736 0.033203 -0.072510 0.2039 0.0941 0.2627
v 0.102295 0.033203 -0.072510 0.1647 0.0784 0.2314
v -0.001221 0.567871 -0.072998 0.3137 0.1725 0.3961
v -0.026123 0.706055 -0.072998 0.6824 0.3882 0.2353
v 0.023682 0.706055 -0.072998 0.7059 0.4118 0.2667
v 0.119385 0.806641 -0.072998 0.6589 0.3647 0.2157
v -0.001221 0.839355 -0.072998 0.6706 0.3961 0.2432
v 0.010986 0.913086 -0.072998 0.1020 0.0588 0.0314
v -0.000732 0.914551 -0.072998 0.1569 0.1059 0.0667
v -0.004150 0.915039 -0.072998 0.0941 0.0588 0.0235
v -0.000732 0.922852 -0.072998 0.1490 0.0941 0.0549
v -0.009521 0.936035 -0.072998 0.1765 0.1098 0.0667
v -0.009033 0.939941 -0.072998 0.0941 0.0588 0.0392
v -0.009521 0.944824 -0.072998 0.0824 0.0627 0.0392
v -0.014404 0.955566 -0.072998 0.1882 0.1294 0.0941
v -0.016846 0.958496 -0.072998 0.0980 0.0588 0.0314
v -0.076904 0.457031 -0.072998 0.2314 0.0980 0.3098
v -0.079346 0.437500 -0.072998 0.2078 0.0902 0.2902
v 0.016846 0.500000 -0.073486 0.2471 0.1059 0.3137
v -0.062744 0.715332 -0.073486 0.7294 0.4392 0.2863
v 0.060303 0.715332 -0.073486 0.6510 0.3490 0.2039
v -0.105225 0.769531 -0.073486 0.6824 0.3961 0.2353
v 0.077881 0.825195 -0.073486 0.6354 0.3412 0.2157
v -0.079834 0.825684 -0.073486 0.7647 0.4784 0.3255
v -0.013916 0.898926 -0.073486 0.1176 0.0627 0.0392
v 0.012451 0.914551 -0.073486 0.1608 0.1098 0.0706
v -0.013428 0.917969 -0.073486 0.1333 0.0941 0.0627
v -0.001221 0.918945 -0.073486 0.1686 0.1020 0.0588
v -0.013916 0.939941 -0.073486 0.1059 0.0667 0.0353
v 0.080322 0.416504 -0.073486 0.2510 0.1333 0.3412
v 0.090088 0.002930 -0.073486 0.2432 0.2235 0.2039
v -0.019287 0.500000 -0.073975 0.2196 0.0902 0.2902
v -0.068115 0.537109 -0.073975 0.1843 0.0784 0.2510
v 0.065674 0.537109 -0.073975 0.2353 0.1098 0.3098
v 0.103272 0.769043 -0.073975 0.7059 0.4235 0.2745
v -0.114014 0.822266 -0.073975 0.6902 0.3882 0.2432
v -0.039795 0.847656 -0.073975 0.6941 0.3765 0.2314
v 0.037842 0.848145 -0.073975 0.7098 0.3961 0.2471
v -0.016357 0.919922 -0.073975 0.1451 0.0902 0.0510
v -0.011963 0.931152 -0.073975 0.1333 0.0784 0.0510
v 0.009033 0.949219 -0.073975 0.1333 0.0745 0.0431
v -0.082764 0.416504 -0.073975 0.2510 0.1333 0.3372
v -0.092041 0.002930 -0.073975 0.1686 0.1569 0.1804
v -0.018311 0.568359 -0.074463 0.1569 0.0706 0.2314
v 0.015869 0.568359 -0.074463 0.1922 0.0902 0.2745
v -0.038818 0.569336 -0.074463 0.2314 0.0941 0.3098
v 0.036377 0.569824 -0.074463 0.1961 0.0824 0.2784
v -0.041748 0.708496 -0.074463 0.7216 0.4275 0.2745
v 0.039307 0.708496 -0.074463 0.7372 0.4784 0.3137
v 0.016846 0.710938 -0.074463 0.7490 0.4706 0.3216
v -0.019287 0.711426 -0.074463 0.7216 0.4314 0.2863
v -0.087646 0.749023 -0.074463 0.6510 0.3608 0.2275
v 0.085205 0.749023 -0.074463 0.6197 0.3294 0.1922
v 0.112549 0.821777 -0.074463 0.7372 0.4235 0.2784
v -0.025635 0.849121 -0.074463 0.7647 0.4745 0.3176
v 0.023682 0.849121 -0.074463 0.7137 0.4275 0.2667
v 0.014404 0.911621 -0.074463 0.1333 0.0784 0.0471
v -0.002197 0.915527 -0.074463 0.1294 0.0824 0.0471
v -0.013916 0.931641 -0.074463 0.0980 0.0588 0.0353
v 0.006592 0.946777 -0.074463 0.0980 0.0588 0.0314
v 0.002197 0.957520 -0.074463 0.1059 0.0667 0.0392
v 0.003174 0.958984 -0.074463 0.1412 0.0863 0.0510
v 0.017334 0.968262 -0.074463 0.1843 0.1098 0.0588
v -0.105225 0.006836 -0.074463 0.7059 0.5921 0.5019
v 0.103272 0.006836 -0.074463 0.7255 0.5961 0.5098
v -0.091553 0.823730 -0.074951 0.6824 0.3882 0.2392
v -0.016846 0.915527 -0.074951 0.1373 0.0863 0.0549
v -0.018799 0.916992 -0.074951 0.1451 0.0863 0.0353
v -0.010498 0.932129 -0.074951 0.1843 0.1137 0.0627
v -0.013428 0.936523 -0.074951 0.1451 0.0902 0.0510
v 0.011475 0.944824 -0.074951 0.1333 0.0863 0.0549
v -0.005127 0.945801 -0.074951 0.1216 0.0745 0.0431
v 0.012451 0.946289 -0.074951 0.1255 0.0863 0.0392
v -0.020752 0.954590 -0.074951 0.1216 0.0745 0.0431
v -0.020752 0.956055 -0.074951 0.1216 0.0706 0.0471
v 0.000732 0.957520 -0.074951 0.0902 0.0549 0.0275
v 0.001709 0.959961 -0.074951 0.1569 0.1098 0.0706
v -0.105225 0.018066 -0.074951 0.6315 0.5176 0.4706
v 0.103272 0.018066 -0.074951 0.7529 0.6471 0.5843
v -0.001221 0.550781 -0.075439 0.2275 0.1020 0.3059
v -0.001221 0.730469 -0.075439 0.6354 0.3529 0.2235
v -0.103271 0.823242 -0.075439 0.7412 0.4353 0.2863
v 0.090088 0.823730 -0.075439 0.7921 0.4980 0.3490
v -0.003662 0.912109 -0.075439 0.0941 0.0627 0.0392
v -0.019287 0.954102 -0.075439 0.1059 0.0627 0.0392
v -0.019287 0.957031 -0.075439 0.1294 0.0745 0.0353
v -0.000244 0.958984 -0.075439 0.0824 0.0549 0.0235
v -0.086670 0.395020 -0.075439 0.2549 0.1333 0.3568
v 0.084717 0.395020 -0.075439 0.2784 0.1451 0.3804
v -0.091553 0.033691 -0.075439 0.2392 0.1137 0.3059
v 0.089600 0.033691 -0.075439 0.2471 0.1176 0.3059
v -0.105713 0.011230 -0.075439 0.8235 0.6785 0.5725
v 0.103760 0.011230 -0.075439 0.7882 0.6315 0.5255
v -0.001221 0.535645 -0.075928 0.1530 0.0784 0.2314
v -0.111572 0.810059 -0.075928 0.6354 0.3451 0.2118
v 0.101318 0.822754 -0.075928 0.7059 0.4118 0.2588
v -0.015381 0.916504 -0.075928 0.1255 0.0706 0.0392
v -0.017334 0.917969 -0.075928 0.1765 0.1137 0.0667
v -0.012451 0.932617 -0.075928 0.1569 0.0980 0.0588
v 0.010498 0.944824 -0.075928 0.1530 0.0980 0.0549
v 0.011475 0.947266 -0.075928 0.1333 0.0824 0.0471
v -0.018311 0.955566 -0.075928 0.0980 0.0627 0.0392
v -0.107178 0.799805 -0.076416 0.7294 0.4392 0.2941
v -0.009521 0.840820 -0.076416 0.6510 0.3608 0.2196
v 0.007568 0.840820 -0.076416 0.7529 0.4745 0.3333
v 0.010010 0.945801 -0.076416 0.1255 0.0745 0.0314
v -0.024658 0.477539 -0.076416 0.2000 0.0824 0.2549
v -0.024658 0.521484 -0.076904 0.1922 0.0863 0.2549
v 0.022217 0.521484 -0.076904 0.1882 0.0824 0.2627
v -0.031006 0.712891 -0.076904 0.7568 0.4667 0.3137
v 0.028564 0.712891 -0.076904 0.6785 0.3843 0.2314
v -0.067139 0.724609 -0.076904 0.7412 0.4471 0.2902
v 0.065186 0.724609 -0.076904 0.7098 0.3961 0.2432
v 0.105713 0.799316 -0.076904 0.7176 0.4510 0.2980
v 0.110107 0.810059 -0.076904 0.6902 0.3882 0.2510
v -0.090576 0.819336 -0.076904 0.7294 0.4392 0.2941
v -0.005615 0.937988 -0.076904 0.1059 0.0667 0.0431
v -0.003662 0.938965 -0.076904 0.1333 0.0784 0.0471
v -0.007080 0.938965 -0.076904 0.0941 0.0588 0.0510
v 0.022217 0.477539 -0.076904 0.2157 0.1020 0.2902
v -0.091553 0.006836 -0.076904 0.7059 0.5764 0.4863
v 0.089111 0.006836 -0.076904 0.7216 0.5882 0.4941
v -0.046631 0.500488 -0.077393 0.2235 0.1059 0.3059
v -0.005615 0.729980 -0.077393 0.7529 0.4706 0.3137
v 0.003174 0.729980 -0.077393 0.6276 0.3490 0.2235
v -0.101807 0.813965 -0.077393 0.7568 0.4589 0.3176
v 0.089111 0.818848 -0.077393 0.7490 0.4510 0.2941
v -0.069092 0.825195 -0.077393 0.6941 0.4118 0.2667
v 0.067139 0.825195 -0.077393 0.7529 0.4745 0.3255
v -0.011475 0.929199 -0.077393 0.1412 0.0863 0.0510
v -0.002686 0.940918 -0.077393 0.1608 0.1059 0.0667
v -0.007568 0.940918 -0.077393 0.0941 0.0627 0.0353
v -0.091553 0.018555 -0.077393 0.6236 0.5176 0.4589
v 0.089600 0.018555 -0.077393 0.7176 0.6276 0.5804
v 0.044678 0.500488 -0.077881 0.2314 0.1020 0.3098
v -0.049561 0.521973 -0.077881 0.1922 0.0745 0.2667
v 0.047119 0.521973 -0.077881 0.2549 0.0941 0.3529
v -0.020264 0.551758 -0.077881 0.2353 0.1059 0.3137
v 0.017822 0.551758 -0.077881 0.2118 0.0941 0.2863
v -0.048096 0.717285 -0.077881 0.6863 0.3882 0.2471
v 0.045654 0.717285 -0.077881 0.7686 0.5059 0.3451
v -0.016846 0.719238 -0.077881 0.6432 0.3490 0.1961
v 0.014893 0.719238 -0.077881 0.6824 0.3725 0.2275
v 0.099854 0.813965 -0.077881 0.7804 0.4784 0.3294
v -0.001221 0.829102 -0.077881 0.7059 0.4275 0.2706
v -0.091064 0.011230 -0.077881 0.7647 0.6197 0.5137
v 0.089111 0.011230 -0.077881 0.8196 0.6628 0.5569
v -0.042725 0.553223 -0.078369 0.2549 0.1176 0.3255
v 0.040771 0.553223 -0.078369 0.1765 0.0863 0.2667
v -0.011475 0.724121 -0.078369 0.6667 0.3804 0.2275
v 0.009033 0.724121 -0.078369 0.6706 0.3882 0.2314
v -0.091553 0.757324 -0.078369 0.7098 0.4275 0.2784
v 0.089600 0.757324 -0.078369 0.6510 0.3804 0.2275
v -0.103271 0.789551 -0.078369 0.7176 0.4432 0.3019
v -0.063232 0.833984 -0.078369 0.7098 0.4078 0.2667
v 0.061279 0.833984 -0.078369 0.6941 0.3804 0.2275
v -0.017822 0.916016 -0.078369 0.1647 0.1098 0.0745
v -0.005127 0.942383 -0.078369 0.1020 0.0627 0.0314
v 0.013916 0.945801 -0.078369 0.1412 0.0941 0.0667
v -0.021729 0.956055 -0.078369 0.1490 0.0902 0.0588
v 0.002686 0.958496 -0.078369 0.1412 0.1020 0.0706
v -0.048584 0.478516 -0.078369 0.2078 0.0941 0.2980
v -0.024170 0.536621 -0.078857 0.2039 0.0784 0.2902
v 0.021729 0.536621 -0.078857 0.2118 0.0980 0.2863
v 0.101807 0.789062 -0.078857 0.6824 0.3765 0.2353
v -0.097900 0.804199 -0.078857 0.6785 0.3921 0.2392
v 0.046143 0.478516 -0.078857 0.1922 0.0902 0.2510
v -0.051514 0.458008 -0.078857 0.2039 0.0902 0.2823
v 0.095947 0.803711 -0.079346 0.7451 0.4628 0.3255
v -0.027588 0.458008 -0.079346 0.2392 0.1098 0.3059
v -0.048584 0.538086 -0.079834 0.2588 0.1255 0.3372
v 0.046143 0.538086 -0.079834 0.2275 0.1137 0.3098
v -0.099854 0.779785 -0.079834 0.7216 0.4353 0.2941
v -0.049561 0.838867 -0.079834 0.6980 0.4000 0.2432
v 0.047607 0.839355 -0.079834 0.7098 0.3804 0.2392
v -0.021240 0.842285 -0.079834 0.7412 0.4314 0.2823
v 0.018799 0.842285 -0.079834 0.7333 0.4275 0.2706
v 0.025146 0.458008 -0.079834 0.1804 0.0824 0.2510
v 0.049072 0.458008 -0.079834 0.1882 0.0902 0.2588
v -0.036865 0.720215 -0.080322 0.7255 0.4314 0.2784
v 0.034424 0.720215 -0.080322 0.7764 0.4589 0.3137
v 0.069580 0.735840 -0.080322 0.7333 0.4432 0.2980
v -0.072021 0.736328 -0.080322 0.7372 0.4510 0.2902
v 0.093506 0.767090 -0.080322 0.7176 0.4432 0.2863
v -0.095459 0.767578 -0.080322 0.7137 0.4235 0.2784
v 0.097900 0.779785 -0.080322 0.7372 0.4353 0.2863
v -0.074463 0.817871 -0.080322 0.6667 0.3843 0.2392
v -0.034912 0.841797 -0.080322 0.7137 0.4078 0.2549
v 0.032959 0.841797 -0.080322 0.7529 0.4510 0.2980
v -0.053955 0.726074 -0.080811 0.7020 0.4078 0.2627
v 0.051514 0.726074 -0.080811 0.6706 0.3686 0.2275
v -0.085693 0.810547 -0.080811 0.7333 0.4353 0.2941
v 0.072510 0.817383 -0.080811 0.6471 0.3568 0.2196
v -0.008057 0.830566 -0.080811 0.7529 0.4628 0.3098
v 0.005615 0.830566 -0.080811 0.6236 0.3294 0.1961
v -0.005615 0.937988 -0.080811 0.0980 0.0588 0.0471
v -0.004150 0.938477 -0.080811 0.1176 0.0745 0.0392
v -0.003662 0.939453 -0.080811 0.1373 0.0863 0.0510
v -0.053955 0.437500 -0.080811 0.2157 0.1137 0.2980
v 0.083740 0.810547 -0.081299 0.7843 0.5255 0.3725
v -0.006104 0.939453 -0.081299 0.0784 0.0431 0.0314
v -0.004639 0.940430 -0.081299 0.1255 0.0784 0.0510
v 0.052002 0.437500 -0.081299 0.3333 0.1765 0.4039
v -0.026123 0.724121 -0.081787 0.7843 0.4784 0.3294
v 0.023682 0.724121 -0.081787 0.6941 0.3765 0.2314
v -0.001221 0.740723 -0.081787 0.6079 0.3255 0.1922
v -0.064697 0.820312 -0.081787 0.6471 0.3647 0.2353
v 0.062744 0.820312 -0.081787 0.7098 0.4432 0.2902
v -0.030029 0.437988 -0.081787 0.1686 0.0706 0.2392
v 0.027588 0.437988 -0.082275 0.2235 0.1098 0.3019
v -0.094482 0.792480 -0.082764 0.6785 0.3882 0.2353
v -0.016846 0.731445 -0.083252 0.6824 0.3882 0.2353
v 0.014404 0.731445 -0.083252 0.6432 0.3529 0.2078
v -0.005127 0.741211 -0.083252 0.6941 0.4118 0.2627
v 0.002686 0.741211 -0.083252 0.5804 0.3019 0.1843
v 0.092529 0.792480 -0.083252 0.7020 0.4118 0.2588
v -0.001221 0.817383 -0.083252 0.6824 0.3961 0.2392
v -0.056885 0.416504 -0.083252 0.2078 0.0980 0.2902
v 0.054443 0.416504 -0.083252 0.2510 0.1412 0.3372
v -0.075928 0.750000 -0.083740 0.7176 0.4275 0.2902
v 0.073486 0.750000 -0.083740 0.7294 0.4510 0.2980
v -0.017334 0.832031 -0.083740 0.7568 0.4863 0.3255
v 0.015381 0.832031 -0.083740 0.7294 0.4432 0.2941
v 0.039307 0.729492 -0.084229 0.7412 0.4471 0.2941
v -0.041748 0.729980 -0.084229 0.7294 0.4392 0.2823
v -0.031494 0.416992 -0.084229 0.2314 0.1059 0.3098
v -0.059326 0.737305 -0.084717 0.6785 0.3804 0.2275
v 0.056885 0.737305 -0.084717 0.6706 0.3686 0.2275
v -0.091064 0.782227 -0.084717 0.7020 0.4196 0.2745
v -0.004150 0.939453 -0.084717 0.1373 0.0863 0.0588
v 0.029053 0.416992 -0.084717 0.2235 0.1098 0.2980
v 0.089111 0.781738 -0.085205 0.6824 0.3725 0.2196
v -0.072021 0.809082 -0.085205 0.7372 0.4510 0.3059
v -0.006592 0.818359 -0.085205 0.7176 0.4275 0.2706
v 0.004639 0.818359 -0.085205 0.6667 0.3765 0.2314
v -0.057861 0.825684 -0.085205 0.7372 0.4471 0.3019
v 0.055420 0.825684 -0.085205 0.6902 0.3961 0.2471
v -0.030518 0.733398 -0.085693 0.7804 0.4902 0.3372
v 0.028076 0.733398 -0.085693 0.7098 0.4078 0.2588
v -0.001221 0.749512 -0.085693 0.6745 0.3882 0.2510
v 0.070068 0.808594 -0.085693 0.7059 0.4078 0.2667
v -0.061279 0.812500 -0.085693 0.6628 0.3765 0.2392
v 0.058838 0.812500 -0.085693 0.7294 0.4432 0.3059
v -0.059326 0.394531 -0.085693 0.2627 0.1333 0.3725
v 0.056885 0.394531 -0.085693 0.2549 0.1333 0.3568
v -0.010498 0.742188 -0.086182 0.6902 0.4039 0.2471
v 0.008057 0.742188 -0.086182 0.7176 0.4275 0.2902
v -0.079834 0.758789 -0.086182 0.7412 0.4589 0.3019
v -0.085693 0.768555 -0.086182 0.6471 0.3647 0.2157
v -0.030518 0.832031 -0.086182 0.7451 0.4314 0.2784
v 0.028564 0.832031 -0.086182 0.7568 0.4706 0.3098
v -0.020752 0.740234 -0.086670 0.6902 0.4000 0.2549
v 0.018799 0.740234 -0.086670 0.6902 0.4000 0.2549
v 0.077393 0.758789 -0.086670 0.6432 0.3490 0.2118
v 0.083740 0.768555 -0.086670 0.6667 0.3529 0.2078
v -0.044678 0.830078 -0.086670 0.7490 0.4589 0.3059
v 0.042236 0.830078 -0.086670 0.7882 0.4980 0.3451
v -0.046631 0.739746 -0.087158 0.7216 0.4235 0.2784
v 0.044189 0.739746 -0.087158 0.6941 0.3843 0.2353
v -0.015381 0.741699 -0.087158 0.6980 0.4118 0.2627
v 0.012939 0.741699 -0.087158 0.6980 0.4000 0.2588
v -0.081299 0.796875 -0.087158 0.7098 0.4196 0.2745
v 0.079346 0.796875 -0.087158 0.7647 0.4667 0.3255
v -0.032959 0.394531 -0.087158 0.2745 0.1451 0.3608
v 0.030518 0.394531 -0.087158 0.2706 0.1412 0.3568
v -0.005127 0.750000 -0.087646 0.7020 0.4196 0.2627
v 0.002686 0.750000 -0.087646 0.6276 0.3529 0.2118
v -0.001221 0.805176 -0.087646 0.6745 0.3921 0.2314
v -0.063232 0.752930 -0.088135 0.7294 0.4353 0.2863
v 0.060791 0.752930 -0.088135 0.7372 0.4471 0.3137
v -0.034912 0.744141 -0.088623 0.7176 0.4353 0.2745
v 0.032959 0.744141 -0.088623 0.7294 0.4353 0.2863
v -0.015381 0.819824 -0.088623 0.7216 0.4314 0.2784
v 0.013428 0.819824 -0.088623 0.7137 0.3921 0.2549
v -0.025146 0.748535 -0.089111 0.7451 0.4589 0.3137
v 0.022705 0.748535 -0.089111 0.6510 0.3333 0.1882
v -0.001221 0.758301 -0.089111 0.6628 0.3725 0.2432
v -0.070557 0.799805 -0.089111 0.7725 0.4823 0.3294
v 0.068115 0.799805 -0.089111 0.7372 0.4314 0.2784
v -0.052490 0.756348 -0.089600 0.7059 0.4118 0.2627
v 0.050537 0.756348 -0.089600 0.7176 0.4275 0.2745
v -0.078857 0.785156 -0.089600 0.6745 0.3843 0.2392
v -0.057373 0.803223 -0.089600 0.6980 0.4118 0.2667
v 0.054932 0.803223 -0.089600 0.7412 0.4589 0.3137
v -0.006104 0.806152 -0.089600 0.6510 0.3568 0.1922
v 0.004150 0.806152 -0.089600 0.7294 0.4314 0.2902
v -0.052979 0.815918 -0.089600 0.7372 0.4432 0.2980
v 0.051025 0.815918 -0.089600 0.6354 0.3333 0.1961
v -0.039795 0.756836 -0.090088 0.7098 0.4118 0.2588
v 0.037354 0.756836 -0.090088 0.7020 0.4118 0.2549
v 0.076904 0.784668 -0.090088 0.7294 0.4196 0.2667
v -0.011475 0.750488 -0.090576 0.6902 0.4000 0.2549
v -0.018799 0.750488 -0.090576 0.7294 0.4471 0.2902
v 0.009521 0.750488 -0.090576 0.7098 0.4196 0.2667
v -0.042725 0.770020 -0.090576 0.6667 0.3804 0.2275
v 0.040283 0.770020 -0.090576 0.7137 0.4353 0.2863
v -0.001221 0.792969 -0.090576 0.6785 0.3882 0.2510
v 0.016357 0.750488 -0.091064 0.6863 0.3921 0.2392
v -0.029053 0.757812 -0.091064 0.6863 0.3921 0.2510
v 0.026611 0.757812 -0.091064 0.7098 0.4235 0.2745
v -0.005615 0.758301 -0.091064 0.7647 0.4784 0.3216
v 0.003174 0.758301 -0.091064 0.6393 0.3529 0.2235
v -0.075928 0.770996 -0.091064 0.6236 0.3333 0.1922
v 0.073486 0.770996 -0.091064 0.6745 0.3765 0.2314
v -0.027588 0.820312 -0.091064 0.8000 0.5059 0.3529
v 0.025635 0.820312 -0.091064 0.7412 0.4392 0.2863
v -0.065186 0.761719 -0.091553 0.6510 0.3568 0.2078
v 0.062744 0.761719 -0.091553 0.7216 0.4353 0.2980
v -0.001221 0.769043 -0.091553 0.6471 0.3568 0.2157
v -0.040771 0.818848 -0.091553 0.7372 0.4275 0.2823
v 0.038818 0.818848 -0.091553 0.7764 0.4706 0.3216
v -0.053955 0.765137 -0.092041 0.7059 0.4078 0.2706
v 0.052002 0.765137 -0.092041 0.6745 0.3882 0.2392
v -0.044678 0.779297 -0.092041 0.7451 0.4550 0.3098
v 0.042725 0.779297 -0.092041 0.6863 0.4039 0.2588
v -0.001221 0.780762 -0.092041 0.7098 0.4235 0.2667
v 0.066162 0.788086 -0.092041 0.6902 0.3686 0.2275
v -0.068115 0.788574 -0.092041 0.7608 0.4863 0.3255
v -0.049072 0.790039 -0.092529 0.6628 0.3725 0.2353
v 0.047119 0.790039 -0.092529 0.7372 0.4471 0.2980
v -0.058350 0.791016 -0.092529 0.7137 0.4196 0.2706
v 0.055908 0.791016 -0.092529 0.6354 0.3255 0.1961
v -0.006104 0.793945 -0.092529 0.7255 0.4314 0.2823
v 0.003662 0.793945 -0.092529 0.6667 0.3568 0.2314
v -0.014404 0.807617 -0.092529 0.7647 0.4589 0.3059
v 0.011963 0.807617 -0.092529 0.7412 0.4784 0.3176
v -0.050049 0.804199 -0.093018 0.7490 0.4589 0.3098
v 0.047607 0.804199 -0.093018 0.6706 0.3725 0.2275
v -0.012451 0.758301 -0.093506 0.7059 0.4275 0.2627
v -0.032471 0.768555 -0.093506 0.6471 0.3451 0.2078
v 0.030518 0.768555 -0.093506 0.7020 0.4039 0.2627
v -0.066650 0.773438 -0.093506 0.7333 0.4353 0.2863
v 0.064697 0.773438 -0.093506 0.7176 0.4314 0.2902
v -0.021240 0.758301 -0.093994 0.7216 0.4275 0.2823
v 0.010010 0.758301 -0.093994 0.6980 0.4039 0.2510
v 0.019287 0.758301 -0.093994 0.7176 0.4353 0.2784
v -0.005615 0.769531 -0.093994 0.6432 0.3568 0.2157
v 0.003662 0.769531 -0.093994 0.6276 0.3412 0.2078
v -0.054932 0.777344 -0.093994 0.6550 0.3647 0.2196
v 0.052979 0.777344 -0.093994 0.7176 0.4235 0.2823
v -0.005615 0.781738 -0.093994 0.7333 0.4432 0.2902
v 0.003662 0.781738 -0.093994 0.6706 0.3882 0.2392
v -0.038818 0.806641 -0.094971 0.7255 0.4157 0.2706
v 0.036377 0.806641 -0.094971 0.7412 0.4314 0.2784
v -0.026611 0.808105 -0.094971 0.7137 0.4078 0.2549
v 0.024658 0.808105 -0.094971 0.7216 0.4275 0.2667
v -0.037354 0.780762 -0.095459 0.6745 0.3882 0.2432
v 0.034912 0.780762 -0.095459 0.6863 0.4039 0.2471
v -0.013916 0.794922 -0.095459 0.7647 0.4745 0.3176
v 0.011963 0.794922 -0.095459 0.7568 0.4471 0.2980
v -0.012939 0.769531 -0.096436 0.7176 0.4314 0.2667
v 0.010986 0.769531 -0.096436 0.6824 0.3882 0.2353
v -0.038818 0.793457 -0.096436 0.7333 0.4353 0.2823
v 0.036377 0.793457 -0.096436 0.7725 0.5019 0.3294
v -0.023682 0.769043 -0.096924 0.7294 0.4314 0.2823
v 0.021240 0.769043 -0.096924 0.7412 0.4471 0.2980
v -0.013428 0.782227 -0.096924 0.7451 0.4589 0.2980
v 0.011475 0.782227 -0.096924 0.7372 0.4589 0.3019
v -0.026123 0.794922 -0.097412 0.7412 0.4510 0.2941
v 0.023682 0.794922 -0.097412 0.7059 0.4118 0.2432
v -0.025146 0.781738 -0.097900 0.7059 0.4039 0.2549
v 0.022705 0.781738 -0.097900 0.6863 0.3686 0.2196
s 1
f 5605 5604 5581
f 5604 5605 5628
f 5604 5628 5581
f 5628 5605 5624
f 5581 5628 5611
f 5581 5611 5549
f 5605 5581 5511
f 5511 5581 5549
f 5605 5511 5579
f 5579 5511 5502
f 5579 5502 5534
f 5502 5511 5402
f 5425 5402 5549
f 5502 5402 5328
f 5502 5328 5346
f 5346 5328 4745
f 5328 5402 4893
f 4893 5402 5425
f 4893 5425 4892
f 5328 4893 4679
f 3581 4745 4679
f 4893 4892 3704
f 4893 3704 4679
f 3704 4892 3702
f 3704 3702 2136
f 4679 3704 3448
f 4679 3448 3581
f 3448 3704 2136
f 3581 3448 1870
f 3448 2136 1795
f 3448 1795 1870
f 1870 1795 558
f 1795 2136 937
f 1795 937 473
f 473 937 5843
f 5911 5843 896
f 5843 5911 6823
f 5843 6823 473
f 473 6823 6261
f 6261 6823 7161
f 7161 6823 7718
f 7161 7718 8034
f 8034 7718 8496
f 8034 8496 8806
f 8806 8496 9312
f 8806 9312 9605
f 9605 9312 10020
f 9605 10020 10461
f 9605 10461 10236
f 10236 10461 10545
f 5605 5579 5624
f 5611 5628 5634
f 5634 5628 5624
f 5634 5624 5630
f 5611 5634 5618
f 5611 5618 5558
f 5611 5558 5549
f 5618 5634 5615
f 5618 5615 5558
f 5615 5634 5632
f 5558 5615 5551
f 5615 5632 5597
f 5615 5597 5551
f 5551 5597 5531
f 5597 5632 5622
f 5597 5622 5577
f 5577 5622 5602
f 5634 5630 5626
f 5634 5626 5632
f 5626 5630 5593
f 5593 5630 5609
f 5632 5626 5620
f 5632 5620 5622
f 5626 5593 5588
f 5626 5588 5620
f 5593 5609 5532
f 5532 5609 5541
f 5532 5541 5355
f 5532 5355 5371
f 5593 5532 5509
f 5593 5509 5588
f 5509 5532 5371
f 5509 5371 5353
f 5353 5371 4955
f 5588 5509 5497
f 5497 5509 5353
f 5497 5353 5335
f 5335 5353 4955
f 5335 4955 5001
f 5001 4955 4167
f 4167 4955 3926
f 5497 5335 5448
f 5588 5497 5565
f 5565 5497 5448
f 5588 5565 5620
f 5565 5448 5508
f 5620 5565 5592
f 5592 5565 5508
f 5592 5508 5556
f 5620 5592 5622
f 5622 5592 5602
f 5630 5624 5609
f 5609 5624 5594
f 5609 5594 5541
f 5541 5594 5534
f 5534 5594 5579
f 5541 5534 5346
f 5346 5534 5502
f 5541 5346 5372
f 5541 5372 5355
f 5355 5372 4825
f 4825 5372 4781
f 4781 5372 5346
f 4781 5346 4745
f 4781 4745 3624
f 3624 4745 3581
f 5594 5624 5579
f 5402 5511 5549
f 5425 5549 5558
f 5425 5558 5423
f 5425 5423 4890
f 5425 4890 4892
f 4892 4890 3702
f 3702 4890 3701
f 3702 3701 2078
f 2078 3701 2077
f 3702 2078 2136
f 2078 2077 894
f 2136 2078 937
f 2078 894 896
f 2078 896 937
f 937 896 5843
f 5371 5355 4825
f 5371 4825 4955
f 4955 4825 3926
f 3926 4825 3666
f 3666 4825 4781
f 3666 4781 3624
f 3926 3666 2370
f 2958 4167 3926
f 2958 3926 2370
f 2958 2370 1984
f 1984 2370 1395
f 1395 2370 753
f 2370 3666 1986
f 2370 1986 753
f 1986 3666 3624
f 1986 3624 1941
f 1986 1941 753
f 1941 3624 3581
f 1941 3581 1870
f 753 1941 647
f 647 1941 1870
f 647 1870 558
f 753 647 6101
f 6101 647 6141
f 5448 5335 5344
f 5448 5344 5508
f 5508 5344 5556
f 5344 5335 5104
f 5104 5335 5001
f 4167 4590 5001
f 5001 4590 5104
f 5592 5556 5602
f 5602 5556 5563
f 5563 5556 5344
f 5602 5563 5577
f 5300 5344 5104
f 5344 5300 5563
f 5577 5563 5529
f 5529 5563 5300
f 5577 5529 5495
f 5529 5300 5151
f 5529 5151 5438
f 5300 5104 5080
f 5300 5080 5151
f 5080 5104 4853
f 4853 5104 4523
f 5080 4853 4855
f 4855 4853 3922
f 5151 5080 4591
f 4591 5080 4855
f 5151 4591 4920
f 5151 4920 5337
f 4920 4591 4059
f 4059 4591 3579
f 4591 4855 4250
f 4855 3922 3738
f 4855 3738 4250
f 3738 3922 2672
f 4250 3738 3233
f 3738 2672 2416
f 3738 2416 3233
f 2416 2672 1767
f 3233 2416 2028
f 2416 1767 1676
f 2416 1676 2028
f 1676 1767 1077
f 2028 1676 1257
f 1257 1676 643
f 643 1676 1029
f 5597 5577 5531
f 5531 5577 5495
f 5529 5438 5495
f 5495 5438 5337
f 5495 5337 5531
f 5337 5438 5151
f 5531 5337 5388
f 5531 5388 5551
f 5388 5337 4922
f 4922 5337 4920
f 4922 4920 4059
f 5551 5388 5414
f 5551 5414 5558
f 5558 5414 5423
f 5414 5388 4924
f 4924 5388 4922
f 5423 5414 4926
f 4926 5414 4924
f 5423 4926 4890
f 4924 4922 3886
f 4924 3886 4926
f 3886 4922 4059
f 4890 4926 3781
f 3781 4926 3886
f 4890 3781 3701
f 3886 4059 2805
f 3781 3886 2418
f 2418 3886 2805
f 3701 3781 2184
f 2184 3781 2418
f 3701 2184 2077
f 2184 2418 1300
f 1300 2418 2805
f 2077 2184 1033
f 2077 1033 894
f 1033 2184 1300
f 3579 2805 4059
f 1033 1300 399
f 1033 399 5842
f 5842 399 5907
f 5842 5907 6820
f 399 1300 844
f 6820 5907 120
f 399 844 120
f 2335 2805 3579
f 1638 1300 2805
f 1638 2805 2335
f 1300 1638 844
f 2335 3579 2333
f 2335 2333 1638
f 844 1638 1441
f 1441 1638 2333
f 557 120 844
f 844 1441 1031
f 844 1031 557
f 1441 2333 1439
f 1441 1439 1031
f 3530 2333 3579
f 3530 3579 4591
f 3530 4591 4250
f 3530 4250 3233
f 3530 3233 2333
f 2333 3233 1439
f 1439 3233 2028
f 1439 2028 1257
f 5678 1031 1439
f 1031 5678 557
f 1439 1257 471
f 1439 471 5678
f 471 1257 643
f 557 5678 6338
f 557 6338 120
f 120 6338 6820
f 6820 6338 7513
f 7513 6338 5678
f 6820 7513 7829
f 7829 7513 8190
f 8190 7513 8461
f 6859 5678 471
f 5678 6859 7513
f 8461 7513 8158
f 8158 7513 6859
f 8461 8158 8883
f 8883 8158 7855
f 7855 8158 6859
f 8883 7855 9253
f 9253 7855 8881
f 5905 6859 471
f 5905 471 643
f 7855 6859 7228
f 7228 6859 5905
f 8881 7855 7751
f 7751 7855 7228
f 8881 7751 8804
f 8804 7751 7749
f 5905 643 6371
f 5905 6371 7228
f 6371 643 240
f 7751 7228 6607
f 7751 6607 7749
f 6607 7228 6371
f 6607 6371 240
f 7749 6607 6721
f 6607 240 5748
f 5328 4679 4745
f 558 1795 473
f 558 473 6180
f 6180 473 6261
f 6180 6261 7161
f 558 6180 6141
f 558 6141 647
f 6180 7161 7131
f 6180 7131 6141
f 7131 7161 8012
f 8012 7161 8034
f 7131 8012 8010
f 8012 8034 8847
f 7131 8010 7099
f 7131 7099 6141
f 8847 8034 8806
f 8847 8806 9748
f 9748 8806 9605
f 6141 7099 6101
f 6101 7099 7002
f 6101 7002 6014
f 6101 6014 753
f 7099 8010 7387
f 7099 7387 7002
f 7387 8010 7857
f 7387 7857 7002
f 7857 8010 8884
f 8884 8010 8012
f 8884 8012 8847
f 8884 8847 9772
f 9772 8847 9748
f 9772 9748 10424
f 10424 9748 10366
f 9772 10424 10421
f 9772 10421 9770
f 9772 9770 8884
f 9770 10421 10303
f 8884 9770 8920
f 8884 8920 7857
f 9770 10303 9720
f 9770 9720 8920
f 9720 10303 10078
f 8920 9720 8947
f 8947 9720 10078
f 8920 8947 7857
f 8947 10078 9688
f 7857 8947 8459
f 8947 9688 9015
f 8947 9015 8459
f 9015 9688 8845
f 8845 9688 9655
f 8459 9015 8275
f 8275 9015 8845
f 7857 8459 7665
f 7665 8459 8275
f 7857 7665 7002
f 8845 9655 9536
f 7665 8275 6860
f 7665 6860 7002
f 8275 8845 6751
f 8275 6751 6860
f 7002 6860 45
f 45 6860 6751
f 7002 45 6014
f 6751 8845 7194
f 45 6751 645
f 645 6751 316
f 45 645 1184
f 45 1184 6014
f 1184 645 1902
f 6014 1184 593
f 6014 593 753
f 8527 7194 8845
f 8527 8845 9536
f 7194 8527 7437
f 7194 7437 6413
f 8527 9536 8494
f 8527 8494 7437
f 8494 9536 9390
f 6413 7437 7578
f 7578 7437 8494
f 6413 7578 6648
f 8494 9390 8525
f 8494 8525 7578
f 8525 9390 9388
f 7578 8525 7607
f 8525 9388 8595
f 8525 8595 7607
f 8595 9388 9501
f 7607 8595 7575
f 8595 9501 8684
f 8595 8684 7575
f 8684 9501 9717
f 7575 8684 7512
f 8684 9717 9840
f 7512 8684 8765
f 8765 8684 9840
f 8765 9840 9766
f 8765 9766 8682
f 7512 8765 7435
f 8765 8682 7384
f 8765 7384 7435
f 7435 7384 6099
f 6099 7384 6137
f 753 593 1395
f 1395 593 1184
f 1395 1184 1902
f 1395 1902 1984
f 1984 1902 2958
f 9748 9605 10366
f 10366 9605 10236
f 10366 10236 10545
f 10366 10545 10623
f 10366 10623 10424
f 10424 10623 10648
f 10623 10545 10461
f 10623 10461 10566
f 10648 10421 10424
f 10421 10648 10635
f 10421 10635 10303
f 10303 10635 10592
f 10303 10592 10078
f 10078 10592 10396
f 10396 10592 10503
f 10078 10396 9688
f 10396 10503 10258
f 9688 10396 10047
f 10047 10396 10258
f 10047 10258 9933
f 10648 10623 10566
f 10648 10566 10594
f 10648 10594 10635
f 10594 10566 10173
f 10173 10566 10461
f 10173 10461 10020
f 10594 10173 10234
f 10234 10173 9462
f 10234 9462 9504
f 10635 10594 10580
f 10580 10594 10234
f 10635 10580 10592
f 10234 9504 10202
f 10234 10202 10580
f 10202 9504 9503
f 10592 10580 10503
f 10503 10580 10202
f 10202 9503 10081
f 10202 10081 10503
f 10081 9503 9460
f 10503 10081 9911
f 9911 10081 9460
f 9911 9460 9426
f 10503 9911 10258
f 10258 9911 9933
f 10020 9312 10173
f 10173 9312 9462
f 9462 9312 8600
f 9462 8600 9504
f 8600 9312 8496
f 9504 8600 8628
f 8600 8496 7805
f 8600 7805 8628
f 7805 8496 7718
f 8628 7805 7803
f 7805 7718 6823
f 7805 6823 6899
f 7805 6899 7803
f 6899 6823 5911
f 7803 6899 6897
f 7803 6897 6862
f 9504 8628 9503
f 9503 8628 8598
f 8598 8628 7803
f 9503 8598 9460
f 8598 7803 7802
f 7802 7803 6862
f 8598 7802 8308
f 8598 8308 8627
f 8598 8627 9460
f 9460 8627 9426
f 9426 8627 9016
f 9426 9016 9350
f 9426 9350 9911
f 9911 9350 9933
f 6899 5911 6897
f 6897 5911 5909
f 5909 5911 896
f 6897 5909 6862
f 5909 896 894
f 6862 5909 5842
f 5842 5909 894
f 6862 5842 6820
f 5842 894 1033
f 5907 399 120
f 6820 7829 7802
f 6820 7802 6862
f 7802 7829 8190
f 7802 8190 8308
f 8308 8190 8627
f 8627 8190 8461
f 8627 8461 9016
f 9016 8461 8883
f 9016 8883 9350
f 9350 8883 9253
f 9350 9253 9908
f 9350 9908 9933
f 9933 9908 10047
f 10047 9908 10077
f 10077 9908 9931
f 9908 9253 9768
f 9908 9768 9931
f 9768 9253 8881
f 9931 9768 9805
f 9768 8881 8804
f 9805 9768 9653
f 9653 9768 8804
f 9805 9653 9929
f 9653 8804 9652
f 9653 9652 9929
f 9652 8804 8803
f 9929 9652 10045
f 9652 8803 9719
f 9652 9719 10045
f 9719 8803 8800
f 10045 9719 10200
f 9719 8800 9841
f 9719 9841 10200
f 10200 9841 10279
f 9841 8800 8844
f 10279 9841 9906
f 9906 9841 8844
f 9906 8844 8797
f 9906 8797 9802
f 9906 9802 10075
f 9802 8797 8731
f 10047 10077 9688
f 9688 10077 9655
f 9655 10077 9931
f 9655 9931 9536
f 9536 9931 9805
f 9536 9805 9390
f 9390 9805 9388
f 240 643 513
f 513 643 1029
f 240 513 150
f 240 150 5748
f 5748 150 5839
f 5748 5839 6607
f 5839 150 5676
f 6607 5839 6721
f 5839 5676 41
f 6721 5839 5801
f 5801 5839 41
f 6721 5801 6685
f 5801 41 5674
f 5801 5674 6685
f 5674 41 196
f 6685 5674 6564
f 5674 196 313
f 5674 313 6564
f 313 196 642
f 6564 313 6334
f 313 642 1217
f 6334 313 6098
f 313 1217 641
f 313 641 6098
f 641 1217 1146
f 1146 1217 1541
f 641 1146 639
f 639 1146 432
f 6098 641 397
f 6098 397 6097
f 6097 397 432
f 6097 432 5985
f 513 1029 436
f 1676 1077 1029
f 1029 1077 436
f 513 436 44
f 513 44 150
f 44 436 6413
f 44 6413 6648
f 6413 436 6013
f 44 6648 5903
f 44 5903 150
f 150 5903 5676
f 5676 5903 41
f 41 5903 5837
f 41 5837 5747
f 41 5747 196
f 196 5747 238
f 316 6013 436
f 6013 316 7194
f 316 436 1077
f 316 1077 1767
f 316 1767 1259
f 1259 1767 2672
f 316 1259 645
f 1259 2672 2233
f 1259 2233 645
f 2233 2672 3922
f 645 2233 1902
f 1902 2233 2956
f 2956 2233 3496
f 1902 2956 2958
f 4523 3496 3922
f 4523 3922 4853
f 2956 3496 3849
f 2956 3849 2958
f 3849 3496 4523
f 2958 3849 3924
f 2958 3924 4167
f 4167 3924 4590
f 4590 3924 3849
f 4590 3849 4523
f 4590 4523 5104
f 6413 6013 7194
f 7194 316 6751
f 3496 2233 3922
f 641 639 397
f 397 639 432
f 432 1146 979
f 432 979 309
f 979 1146 1297
f 1297 1146 1541
f 6097 5985 6488
f 6097 6488 6815
f 6097 6815 6098
f 6098 6815 7434
f 7434 6815 7345
f 7434 7345 8731
f 7434 8731 8797
f 6488 5985 6605
f 6605 5985 6058
f 6058 5985 432
f 6488 6605 6815
f 6815 6605 6896
f 6058 432 309
f 6058 309 147
f 147 309 979
f 147 979 469
f 6058 147 6177
f 6058 6177 6605
f 6605 6177 6896
f 469 979 892
f 892 979 1297
f 6815 6896 7345
f 7345 6896 7344
f 7345 7344 8624
f 7345 8624 8731
f 8731 8624 9599
f 8731 9599 9802
f 9802 9599 9872
f 9802 9872 10075
f 10075 9872 10017
f 10017 9872 9837
f 10017 9837 9766
f 9766 9837 9601
f 9766 9601 9066
f 9766 9066 8682
f 8682 9066 8625
f 8682 8625 7384
f 7384 8625 7433
f 7384 7433 6333
f 7384 6333 6137
f 6137 6333 6228
f 6137 6228 5956
f 6137 5956 434
f 434 5956 236
f 434 236 589
f 6098 7434 7574
f 7574 7434 8797
f 6098 7574 6334
f 7574 8797 8844
f 6334 7574 6564
f 7574 8844 8800
f 6564 7574 7700
f 7700 7574 8800
f 6564 7700 6685
f 7700 8800 7716
f 7700 7716 6685
f 6685 7716 6721
f 7716 8800 8803
f 6721 7716 7749
f 7749 7716 8803
f 7749 8803 8804
f 9906 10075 10279
f 10279 10075 10017
f 10279 10017 10256
f 10279 10256 10200
f 10200 10256 10172
f 10256 10017 9840
f 9840 10017 9766
f 6137 434 6099
f 6099 434 589
f 5956 6228 5878
f 5878 6228 6096
f 5878 6096 5877
f 5878 5877 5666
f 236 5956 5878
f 236 5878 5666
f 236 5666 393
f 236 393 842
f 236 842 556
f 6096 6228 5670
f 6096 5670 5877
f 5877 5670 232
f 232 5670 311
f 232 311 588
f 588 311 892
f 588 892 1297
f 5666 5877 393
f 393 5877 232
f 393 232 842
f 842 232 588
f 842 588 1541
f 589 236 556
f 589 556 6099
f 6099 556 238
f 6099 238 6335
f 6099 6335 7435
f 7435 6335 7512
f 6335 238 6565
f 6335 6565 7512
f 6565 238 5747
f 6565 5747 5837
f 7512 6565 7575
f 6565 5837 6646
f 6565 6646 7575
f 7575 6646 7607
f 7607 6646 6648
f 7607 6648 7578
f 588 1297 1541
f 1541 1217 842
f 842 1217 556
f 556 1217 642
f 556 642 238
f 642 196 238
f 5837 5903 6648
f 5837 6648 6646
f 9388 9805 9842
f 9842 9805 9929
f 9388 9842 9501
f 9842 9929 10045
f 9501 9842 9953
f 9953 9842 10045
f 9501 9953 10172
f 10172 9953 10045
f 10172 10045 10200
f 9501 10172 9717
f 9717 10172 10256
f 9717 10256 9840
f 192 466 308
f 466 192 306
f 306 192 5664
f 5664 192 5710
f 306 5664 190
f 306 190 636
f 190 5664 6134
f 190 6134 6055
f 190 6055 5951
f 6055 6134 6720
f 466 306 636
f 466 636 1074
f 466 1074 841
f 1074 636 1215
f 466 841 308
f 308 841 586
f 1215 636 889
f 889 636 190
f 308 586 146
f 146 586 395
f 146 395 5668
f 5668 395 149
f 5668 149 5880
f 5668 5880 6454
f 5668 6454 146
f 6454 5880 6684
f 6454 6684 7547
f 7547 6684 7642
f 6454 7547 7510
f 146 6454 6226
f 6226 6454 7510
f 146 6226 6136
f 6226 7510 7508
f 6226 7508 6136
f 192 308 6136
f 192 6136 5710
f 5710 6136 6331
f 8623 7508 8652
f 7508 8623 7604
f 7508 7604 6136
f 7604 8623 8339
f 7604 8339 7340
f 6136 7604 6681
f 6681 7604 7340
f 6136 6681 6331
f 6681 7340 7098
f 6681 7098 6331
f 6331 7098 6927
f 6331 6927 6134
f 6134 6927 6720
f 6055 6720 6410
f 6055 6410 5951
f 5951 6410 6298
f 5951 6298 5797
f 5951 5797 190
f 5797 6298 509
f 509 6298 5983
f 190 5797 553
f 553 5797 509
f 190 553 889
f 509 5983 5745
f 889 553 1183
f 889 1183 1341
f 553 509 1293
f 553 1293 1183
f 509 5745 551
f 509 551 1293
f 551 5745 5795
f 5795 5745 6369
f 5795 6369 5834
f 551 5795 463
f 463 5795 5834
f 1293 551 1211
f 1211 551 463
f 1792 1183 1293
f 1183 1792 1579
f 1579 1792 2026
f 1579 2026 1674
f 2026 1792 1939
f 2026 1939 2180
f 1792 1293 1706
f 1792 1706 1939
f 1706 1293 1211
f 2180 1939 2075
f 2075 1939 1706
f 2180 2075 2414
f 2180 2414 2182
f 2414 2075 2179
f 2414 2179 2733
f 2075 1706 1672
f 2075 1672 2179
f 1672 1706 1211
f 2179 1672 1937
f 1937 1672 1211
f 2954 2733 1937
f 2954 1937 2472
f 1937 1211 1181
f 1181 1211 463
f 2472 1937 2024
f 2024 1937 1181
f 2472 2024 2801
f 1181 463 507
f 507 463 5834
f 507 5834 5873
f 1181 507 1337
f 1181 1337 2024
f 1337 507 1488
f 1488 507 549
f 2024 1337 2269
f 2024 2269 2801
f 2269 1337 1488
f 1488 549 631
f 2801 2269 2528
f 2528 2269 1488
f 2801 2528 3398
f 1488 631 1636
f 3398 2528 2799
f 2799 2528 1488
f 2799 1488 1636
f 3398 2799 3699
f 3699 2799 3965
f 2799 1636 1834
f 3965 2799 3303
f 3303 2799 1834
f 3303 1834 2177
f 3303 2177 3577
f 3577 2177 2524
f 2524 2177 1537
f 3577 2524 3697
f 3697 2524 2579
f 3697 2579 3573
f 3573 2579 2727
f 2727 2579 1703
f 3573 2727 3920
f 3573 3920 4248
f 4248 3920 4460
f 3920 2727 3087
f 3920 3087 3963
f 2727 1703 2266
f 2727 2266 3087
f 3087 2266 2302
f 3087 2302 3293
f 2302 2266 750
f 750 2266 699
f 699 2266 1703
f 699 1703 546
f 546 1703 1740
f 5664 5710 6134
f 5710 6331 6134
f 841 1074 1076
f 1076 1074 1255
f 841 1076 805
f 1255 1074 1215
f 841 805 586
f 586 805 512
f 586 512 395
f 395 512 264
f 395 264 149
f 1255 1215 1394
f 1394 1215 1341
f 1341 1215 889
f 1394 1341 1539
f 1539 1341 1579
f 1579 1341 1183
f 1539 1579 1674
f 308 146 6136
f 805 1076 430
f 430 1076 752
f 752 1076 1255
f 805 430 234
f 805 234 512
f 512 234 264
f 264 234 5673
f 5673 234 6139
f 752 1255 977
f 6139 234 5901
f 6139 5901 6683
f 6139 6683 6817
f 5901 234 5712
f 5901 5712 6683
f 5712 234 430
f 6683 5712 6487
f 263 430 752
f 430 263 5712
f 5712 263 6487
f 263 752 977
f 6487 263 6260
f 6487 6260 6680
f 6260 263 6094
f 6260 6094 6680
f 6094 263 465
f 465 263 977
f 6680 6094 6560
f 1394 977 1255
f 6094 465 5953
f 6094 5953 6560
f 465 977 635
f 465 635 5953
f 977 1394 1144
f 977 1144 635
f 1144 1394 1539
f 1144 1539 1214
f 1144 1214 635
f 1214 1539 1674
f 5953 635 5799
f 5953 5799 6560
f 635 1214 839
f 635 839 5799
f 1214 1674 1340
f 1214 1340 839
f 1340 1674 1982
f 1982 1674 2026
f 1982 2026 2180
f 1982 2180 2182
f 1340 1982 1742
f 1742 1982 2182
f 839 1340 1027
f 1027 1340 1742
f 839 1027 5662
f 839 5662 5799
f 5799 5662 6603
f 5799 6603 6451
f 5799 6451 6560
f 6451 6603 6857
f 6451 6857 6560
f 6560 6857 7027
f 6560 7027 6680
f 6680 7027 7227
f 6680 7227 7382
f 5875 6603 5662
f 5875 5662 802
f 802 5662 1027
f 5875 802 701
f 5875 701 633
f 5875 633 5981
f 5981 633 428
f 5981 428 5949
f 5949 428 426
f 5949 426 5743
f 5743 426 585
f 1295 701 802
f 1295 802 1027
f 701 1295 1339
f 1295 1027 1742
f 1295 1742 1339
f 5743 585 1025
f 5743 1025 38
f 1025 585 1179
f 1339 1742 1836
f 1836 1742 2182
f 1339 1836 1436
f 1836 2182 2368
f 2368 2182 2414
f 1436 1836 1980
f 1980 1836 2368
f 2368 2414 2803
f 2368 2803 1980
f 1436 1980 2230
f 2230 1980 2803
f 1436 2230 1490
f 2230 2803 2331
f 2230 2331 1490
f 2331 2803 3089
f 1490 2331 1434
f 2331 3089 2228
f 2331 2228 1434
f 1434 2228 1291
f 2228 3089 2950
f 1291 2228 1179
f 2228 2950 2581
f 1179 2228 1978
f 1978 2228 2581
f 1179 1978 1025
f 2581 2950 2872
f 1025 1978 1899
f 1978 2581 2526
f 1978 2526 1899
f 2526 2581 2872
f 1025 1899 1868
f 1868 1899 2526
f 1025 1868 1117
f 1117 1868 1023
f 1868 2526 2470
f 2526 2872 3155
f 2526 3155 2470
f 2470 3155 3301
f 1868 2470 2948
f 1868 2948 2022
f 2022 2948 2073
f 2948 2470 3358
f 3358 2470 3301
f 3301 3155 3813
f 3301 3813 3358
f 2948 3358 3575
f 2948 3575 3153
f 3153 3575 3494
f 3575 3358 4004
f 2173 2175 3494
f 3494 3575 3883
f 2173 3494 3622
f 3622 3494 3883
f 2173 3622 2730
f 2173 2730 2329
f 2329 2730 2870
f 2870 2730 3622
f 2329 2870 2413
f 2413 2870 2467
f 4057 3883 3575
f 4057 3575 4004
f 2467 2870 2797
f 2467 2797 2577
f 2577 2797 3298
f 2797 2870 3492
f 2797 3492 3298
f 3492 2870 3661
f 3661 2870 3622
f 3298 3492 4055
f 4055 3492 3661
f 3661 3622 4131
f 3661 4131 4055
f 4131 3622 4096
f 4096 3622 3883
f 4055 4131 4462
f 4462 4131 4096
f 4096 3883 4357
f 4096 4357 4462
f 4357 3883 4057
f 4357 4057 4391
f 4357 4391 4462
f 4391 4057 4004
f 3847 3298 4055
f 3298 3847 3443
f 4458 4055 4462
f 4055 4458 3847
f 3443 3847 3668
f 3443 3668 2673
f 2673 3668 2271
f 2271 3668 2874
f 2271 2874 1768
f 1768 2874 2736
f 2874 3668 3628
f 2874 3628 2736
f 2736 3628 4007
f 2736 4007 3499
f 4007 3628 4426
f 3628 3668 4133
f 4133 3668 3847
f 3628 4133 4426
f 4007 4426 4203
f 4133 3847 4246
f 4133 4246 4426
f 4246 3847 4458
f 4203 4426 4554
f 4203 4554 4318
f 4426 4246 4553
f 4553 4246 4458
f 4426 4553 4554
f 4318 4554 4649
f 4553 4458 4647
f 4647 4458 4462
f 4554 4553 4822
f 4822 4553 4647
f 4649 4554 4947
f 4947 4554 4822
f 4649 4947 4984
f 4647 4462 4587
f 4587 4462 4391
f 4822 4647 4778
f 4778 4647 4587
f 4947 4822 4918
f 4918 4822 4778
f 4947 4918 4999
f 4999 4918 4951
f 4951 4918 4722
f 4778 4587 4619
f 4778 4619 4918
f 4619 4587 4391
f 4722 4918 4720
f 4720 4918 4619
f 4619 4391 4393
f 4619 4393 4720
f 4393 4391 4004
f 4722 4720 4424
f 4424 4720 4393
f 4424 4393 4004
f 4722 4424 4464
f 4424 4004 4098
f 4424 4098 4464
f 4098 4004 3358
f 4464 4098 4163
f 4098 3358 3813
f 4098 3813 4163
f 4163 3813 4165
f 4163 4165 4277
f 4165 3813 3965
f 3965 3813 3664
f 3664 3813 3155
f 3965 3664 3699
f 3664 3155 2872
f 3699 3664 3446
f 3446 3664 2872
f 3699 3446 3398
f 3446 2872 3022
f 3446 3022 3398
f 3022 2872 2731
f 3398 3022 2801
f 3022 2731 2472
f 3022 2472 2801
f 701 1339 1436
f 633 701 1436
f 1436 1490 633
f 633 1490 428
f 1490 1434 428
f 428 1434 426
f 5875 5981 6855
f 5875 6855 6956
f 5875 6956 6603
f 6956 6855 7770
f 7770 6855 7743
f 7770 7743 8250
f 7770 8250 8363
f 7770 8363 8492
f 6603 6956 7129
f 7129 6956 7770
f 6603 7129 6857
f 7770 8492 7920
f 7770 7920 7129
f 6857 7129 7472
f 7472 7129 7920
f 6857 7472 7027
f 7920 8492 8209
f 7920 8209 7472
f 8209 8492 8983
f 7027 7472 7747
f 7747 7472 8209
f 7027 7747 7978
f 7027 7978 7227
f 7747 8209 8523
f 8523 8209 8983
f 7747 8523 7978
f 8523 8983 9382
f 7978 8523 8879
f 8879 8523 9382
f 7978 8879 9098
f 8879 9382 9745
f 5981 5949 6782
f 5981 6782 6855
f 6782 5949 6595
f 6595 5949 5743
f 6595 5743 38
f 7096 7380 6595
f 7096 6595 6641
f 6641 6595 38
f 7096 6641 6718
f 6718 6641 38
f 7096 6718 7158
f 7158 6718 7264
f 1025 1117 38
f 38 1117 1023
f 6718 38 5739
f 5739 38 1023
f 7264 6718 6779
f 6779 6718 5739
f 7264 6779 7572
f 7572 6779 6853
f 6779 5739 5793
f 6779 5793 6853
f 5793 5739 1023
f 6853 5793 5830
f 1868 2022 1023
f 1023 2022 2073
f 5793 1023 1021
f 1021 1023 2073
f 5793 1021 5830
f 1021 2073 2175
f 5830 1021 1020
f 1020 1021 2175
f 5830 1020 5871
f 1020 2175 1017
f 1020 1017 5871
f 5830 5871 6894
f 1017 2175 2173
f 1017 2173 2329
f 7570 6894 7306
f 7306 6894 6716
f 6716 6894 5871
f 5871 1017 5737
f 5871 5737 6716
f 6716 5737 6677
f 6716 6677 7258
f 6677 5737 5660
f 5737 1017 1177
f 5737 1177 5660
f 1177 1017 2329
f 5660 1177 1290
f 1290 1177 2329
f 1290 2329 2413
f 1291 426 1434
f 426 1291 585
f 585 1291 1179
f 6853 5830 6894
f 6853 6894 7570
f 6853 7570 7572
f 7264 7572 7741
f 7264 7741 7158
f 7741 7572 8062
f 8062 7572 8107
f 7158 7741 7602
f 7158 7602 7096
f 7741 8062 8564
f 8564 8062 8107
f 7602 7741 8335
f 8335 7741 8564
f 7602 8335 8227
f 7602 8227 7542
f 7380 7096 7542
f 8227 8335 8762
f 8335 8564 8979
f 8335 8979 8762
f 7542 8227 8130
f 7542 8130 7380
f 8130 8227 8586
f 8586 8227 8762
f 7380 8130 8188
f 8130 8586 8453
f 8130 8453 8188
f 9167 8762 8979
f 9167 8979 9347
f 8762 9167 9013
f 9347 8979 9165
f 9165 8979 8564
f 9347 9165 9423
f 9423 9165 9567
f 8762 9013 8721
f 8762 8721 8586
f 8586 8721 8453
f 8721 9013 8877
f 8721 8877 8589
f 8721 8589 8453
f 8589 8877 8679
f 8453 8589 8396
f 8396 8589 8679
f 8396 8679 8566
f 8453 8396 8188
f 8396 8566 8455
f 8396 8455 8188
f 8455 8566 8650
f 8455 8650 8591
f 8591 8650 8723
f 8455 8591 8250
f 8250 8591 8363
f 8363 8591 8725
f 8363 8725 8492
f 8492 8725 8981
f 8492 8981 8983
f 8983 8981 9455
f 8983 9455 9382
f 9382 9455 9927
f 9382 9927 9745
f 9745 9927 10197
f 9745 10197 10339
f 8207 8455 8250
f 8455 8207 8188
f 8207 8250 7743
f 8188 8207 7712
f 7712 8207 7743
f 8188 7712 7380
f 7712 7743 6855
f 7380 7712 6782
f 6782 7712 6855
f 8879 9745 9098
f 9098 9745 9950
f 9950 9745 10339
f 9098 9950 9250
f 9950 10339 10072
f 9950 10072 9250
f 10072 10339 10363
f 9250 10072 9385
f 9250 9385 8457
f 10072 10363 10015
f 10072 10015 9385
f 10015 10363 10233
f 9385 10015 9425
f 9385 9425 8457
f 9425 10015 9764
f 9952 9764 10233
f 8457 9425 9251
f 9251 9425 9764
f 8457 9251 8429
f 8429 9251 9100
f 9251 9764 9685
f 9251 9685 9100
f 9685 9764 9952
f 9100 9685 9602
f 9685 9952 9871
f 9685 9871 9602
f 9602 9871 9746
f 7096 7602 7542
f 6595 7380 6782
f 9013 9167 9064
f 9064 9167 9380
f 9380 9167 9347
f 9380 9347 9497
f 9064 9380 9094
f 9094 9380 9453
f 9013 9064 8839
f 9013 8839 8877
f 8839 9064 8945
f 8945 9064 9094
f 8877 8839 8620
f 8877 8620 8679
f 8679 8620 8394
f 8679 8394 8566
f 8566 8394 8248
f 8839 8945 8794
f 8839 8794 8620
f 8794 8945 8451
f 8451 8945 9094
f 8451 9094 8306
f 8794 8451 8490
f 8306 9094 8246
f 8794 8490 8588
f 8794 8588 8620
f 8588 8490 8392
f 8620 8588 8425
f 8425 8588 8392
f 8425 8392 8203
f 8246 9094 9060
f 8246 9060 8224
f 9060 9094 9453
f 8224 9060 9037
f 9060 9453 9495
f 9060 9495 9037
f 9037 9495 9451
f 8425 8203 8205
f 8425 8205 8248
f 8205 8203 8087
f 8205 8087 8109
f 8205 8109 8273
f 8109 8087 8006
f 8006 8087 7714
f 8006 7714 7745
f 8109 8006 8064
f 8109 8064 8398
f 8398 8064 7883
f 8064 8006 7918
f 8064 7918 7883
f 7918 8006 7745
f 7918 7745 7883
f 7883 7745 7506
f 7506 7745 7338
f 8394 8620 8425
f 8394 8425 8248
f 8566 8248 8650
f 8650 8248 8273
f 8273 8248 8205
f 8650 8273 8723
f 8723 8273 8398
f 8398 8273 8109
f 8591 8723 8725
f 8723 8398 8841
f 8723 8841 8725
f 8841 8398 8727
f 8725 8841 9125
f 9125 8841 8727
f 8727 8398 8399
f 8725 9125 8981
f 8727 8399 8729
f 8981 9125 9455
f 8727 8729 9096
f 8727 9096 9125
f 9096 8729 9682
f 9682 8729 9310
f 9682 9310 9835
f 9125 9096 9648
f 9125 9648 9455
f 9648 9096 9682
f 9455 9648 10042
f 9455 10042 9927
f 9927 10042 10197
f 9648 9682 10111
f 9648 10111 10042
f 10111 9682 9835
f 10197 10042 10300
f 10300 10042 10111
f 10197 10300 10339
f 10111 9835 10361
f 10111 10361 10300
f 10361 9835 10141
f 10339 10300 10420
f 10420 10300 10361
f 10339 10420 10363
f 10363 10420 10394
f 10420 10361 10459
f 10420 10459 10394
f 10459 10361 10141
f 10394 10459 10395
f 10459 10141 10302
f 10459 10302 10395
f 8087 8203 7696
f 8087 7696 7714
f 7696 8203 7768
f 7714 7696 7223
f 7714 7223 7745
f 7745 7223 7338
f 7223 7696 7191
f 7191 7696 7768
f 7338 7223 6601
f 7223 7191 6369
f 7223 6369 6601
f 7338 6601 7506
f 6601 6369 5745
f 6601 5745 5983
f 6369 7191 6599
f 6369 6599 5834
f 6601 5983 6812
f 6601 6812 7506
f 6812 5983 6298
f 6812 6298 6925
f 6812 6925 7506
f 6925 6298 6410
f 7506 6925 7698
f 7506 7698 7883
f 6925 6410 7026
f 6925 7026 7698
f 7026 6410 6720
f 8399 8398 7883
f 8399 7883 7698
f 8399 7698 8729
f 7698 7026 7225
f 7225 7026 6720
f 8729 7698 8008
f 8008 7698 7225
f 7225 6720 7545
f 7225 7545 8008
f 7545 6720 6927
f 8729 8008 8365
f 8365 8008 7545
f 8729 8365 9310
f 7545 6927 7886
f 7545 7886 8365
f 7886 6927 7098
f 9310 8365 8796
f 8796 8365 7886
f 9310 8796 9835
f 9835 8796 10141
f 7886 7098 8132
f 8132 7098 7340
f 8132 7340 8339
f 7886 8132 9127
f 7886 9127 8796
f 9127 8132 8339
f 8796 9127 10141
f 9127 8339 9383
f 9127 9383 10141
f 10141 9383 10302
f 9383 8339 8623
f 9383 8623 9499
f 8392 7768 8203
f 7768 8392 7853
f 7853 8392 7916
f 7916 8392 8085
f 8085 8392 8490
f 7853 7916 7219
f 7219 7916 8085
f 8085 8490 8186
f 8186 8490 8451
f 8186 8451 8306
f 8085 8186 7187
f 8085 7187 7219
f 8186 8306 7540
f 7540 8306 8246
f 7187 8186 7504
f 7504 8186 7540
f 7540 8246 7256
f 7187 7504 6296
f 6296 7504 7540
f 6521 7219 7187
f 7187 6296 6408
f 7187 6408 6521
f 6408 6296 145
f 6408 145 6521
f 6296 7540 6484
f 6484 7540 7256
f 6296 6484 391
f 6296 391 145
f 391 6484 505
f 6521 145 5741
f 505 6484 6367
f 6367 6484 7256
f 505 6367 546
f 6367 7256 6258
f 6367 6258 546
f 505 546 1740
f 546 6258 699
f 2579 1740 1703
f 1740 2579 2524
f 1740 2524 1537
f 1740 1537 505
f 505 1537 391
f 391 1537 1115
f 1115 1537 2177
f 391 1115 145
f 1115 2177 1834
f 145 1115 800
f 800 1115 1834
f 800 1834 1636
f 145 800 5741
f 800 1636 631
f 800 631 5741
f 5741 631 5832
f 5741 5832 6521
f 5832 631 549
f 6521 5832 6558
f 5832 549 5873
f 5832 5873 6558
f 5873 549 507
f 6521 6558 7219
f 6558 5873 6597
f 6597 5873 5834
f 6597 5834 6599
f 7219 6558 7221
f 7221 6558 6597
f 7219 7221 7853
f 7853 7221 7768
f 7221 6597 7189
f 7221 7189 7768
f 7189 6597 6599
f 7768 7189 7191
f 7191 7189 6599
f 3577 3697 4277
f 3577 4277 4165
f 3577 4165 3965
f 3577 3965 3303
f 3697 3573 4248
f 3697 4248 4277
f 3920 3963 4460
f 4460 3963 4616
f 4616 3963 4201
f 4201 3963 3087
f 4201 3087 3293
f 2302 1974 3293
f 3293 1974 2945
f 3293 2945 4201
f 2945 1974 1790
f 2945 1790 2624
f 2945 2624 3583
f 4201 2945 3928
f 3928 2945 3583
f 4201 3928 4675
f 4201 4675 4616
f 3928 3583 4395
f 3928 4395 4675
f 4395 3583 4006
f 4395 4006 4428
f 4428 4006 3967
f 4428 3967 4318
f 4395 4428 4744
f 4395 4744 4675
f 4318 3967 3783
f 4318 3783 4203
f 4203 3783 4007
f 4007 3783 3499
f 4649 4744 4318
f 4744 4649 4984
f 4744 4984 4949
f 4881 4675 4744
f 4881 4744 4949
f 4675 4881 4616
f 4616 4881 4677
f 4616 4677 4460
f 4881 4949 4823
f 4881 4823 4677
f 4823 4949 4951
f 4951 4949 4999
f 4823 4951 4722
f 4823 4722 4521
f 4823 4521 4677
f 4521 4722 4464
f 4521 4464 4316
f 4316 4464 4163
f 4316 4163 4277
f 4677 4521 4389
f 4316 4277 4389
f 4677 4389 4460
f 4389 4277 4248
f 4389 4248 4460
f 4389 4521 4316
f 3494 2175 3153
f 3153 2175 2073
f 3153 2073 2948
f 9499 8623 9569
f 9569 8623 8652
f 9569 8652 8427
f 9499 9569 10171
f 9499 10171 9383
f 9383 10171 10302
f 10302 10171 10395
f 10395 10171 9569
f 10395 9569 10073
f 10073 9569 9683
f 9683 9569 9129
f 10395 10073 10198
f 10198 10073 9683
f 10395 10198 10394
f 9683 9129 9067
f 10394 10198 10233
f 10394 10233 10363
f 10233 10198 9952
f 9952 10198 9683
f 9952 9683 9871
f 9871 9683 9571
f 9871 9571 9746
f 9746 9571 9457
f 9457 9571 9067
f 9457 9067 8985
f 7382 7227 7978
f 7382 7978 8111
f 8111 7978 9098
f 8111 9098 8366
f 8366 9098 9250
f 8366 9250 8457
f 8111 8366 7573
f 8111 7573 7382
f 7573 8366 8457
f 8429 7640 8457
f 8457 7640 7573
f 7573 7640 6817
f 7573 6817 6683
f 7382 7573 6958
f 6958 7573 6683
f 7382 6958 6680
f 6958 6683 6487
f 6958 6487 6680
f 7508 7510 8652
f 8652 7510 8427
f 8427 7510 7547
f 8427 7547 8401
f 8401 7547 7642
f 8401 7642 8340
f 8427 8401 9129
f 8427 9129 9569
f 9129 8401 9067
f 9067 8401 8340
f 9067 8340 8985
f 9067 9571 9683
f 10015 10233 9764
f 2733 2179 1937
f 2414 2733 2803
f 2803 2733 2954
f 2803 2954 3089
f 3089 2954 2952
f 2952 2954 2472
f 3089 2952 2950
f 2952 2472 2731
f 2952 2731 2950
f 2950 2731 2872
f 2467 2577 1334
f 2467 1334 2413
f 2413 1334 1290
f 1334 2577 1389
f 1290 1334 5658
f 1290 5658 5660
f 5658 1334 5736
f 5736 1334 1389
f 5660 5658 6714
f 5660 6714 6677
f 6677 6714 7431
f 6677 7431 7258
f 7431 6714 7502
f 6714 5658 6776
f 6714 6776 7502
f 6776 5658 5736
f 7502 6776 7550
f 7502 7550 8060
f 6776 5736 6864
f 6776 6864 7550
f 8060 7550 7475
f 7475 7550 6864
f 8060 7475 7952
f 7952 7475 7806
f 7806 7475 7348
f 7348 7475 6901
f 6901 7475 6864
f 7348 6901 6824
f 5845 6864 5736
f 6864 5845 6901
f 5845 5736 1389
f 6824 6901 5988
f 5988 6901 5845
f 6824 5988 6064
f 5845 1389 1301
f 5845 1301 5988
f 6064 5988 1035
f 1035 5988 1301
f 6064 1035 595
f 595 1035 2271
f 595 2271 1768
f 2271 1035 2673
f 2673 1035 1301
f 2673 1301 1389
f 2673 1389 2670
f 2673 2670 3443
f 2670 1389 2577
f 3443 2670 3298
f 3298 2670 2577
f 4428 4318 4744
f 1790 1974 353
f 353 1974 500
f 353 500 6447
f 500 1974 750
f 750 1974 2302
f 6447 500 6329
f 6329 500 750
f 6447 6329 7154
f 6329 750 6175
f 6175 750 699
f 6175 699 6258
f 7154 6329 7125
f 7125 6329 6175
f 7154 7125 8101
f 6175 6258 7156
f 6175 7156 7125
f 7156 6258 7185
f 7185 6258 7256
f 8101 7125 8155
f 8155 7125 7156
f 8101 8155 8871
f 8871 8155 8943
f 8155 7156 8183
f 8155 8183 8943
f 8183 7156 7185
f 8943 8183 8977
f 8224 7185 7256
f 7185 8224 8183
f 8183 8224 8977
f 8224 7256 8246
f 8977 8224 9037
f 8871 8943 9417
f 8871 9417 9538
f 9538 9417 9742
f 9742 9417 9528
f 9538 9742 9874
f 9742 9528 9709
f 9874 9742 9867
f 9742 9709 9834
f 9742 9834 9867
f 9417 8943 9420
f 9420 8943 8977
f 9420 8977 9451
f 9417 9420 9528
f 9528 9420 9562
f 9528 9562 9596
f 9596 9562 9713
f 9713 9562 9563
f 9713 9563 9680
f 9680 9563 9565
f 9596 9713 9711
f 9596 9711 9528
f 9711 9713 9646
f 9528 9711 9709
f 9711 9646 9644
f 9711 9644 9709
f 9709 9644 9643
f 9874 9867 9876
f 9876 9867 9722
f 9722 9867 9594
f 9594 9867 9834
f 9876 9722 9352
f 9876 9352 9464
f 9722 9594 9274
f 9722 9274 9352
f 9594 9834 9643
f 9643 9834 9709
f 9464 9352 9169
f 9464 9169 9190
f 9352 9274 8941
f 9352 8941 9169
f 9304 9274 9594
f 9304 9594 9643
f 9190 9169 8886
f 8886 9169 8941
f 9190 8886 8368
f 9190 8368 8685
f 8685 8368 8211
f 8211 8368 7806
f 7806 8368 7952
f 7952 8368 8060
f 8368 8886 8487
f 8368 8487 8060
f 8487 8886 8941
f 8060 8487 8128
f 8128 8487 8941
f 8060 8128 7502
f 7502 8128 7431
f 8128 8941 8873
f 8873 8941 9274
f 8873 9274 9304
f 8128 8873 8875
f 8875 8873 9304
f 7431 8128 7881
f 7431 7881 7258
f 7881 8128 8388
f 8388 8128 8875
f 7881 8388 8105
f 8105 8388 8875
f 7258 7881 7599
f 7599 7881 8105
f 7258 7599 7306
f 7258 7306 6716
f 7599 8105 7851
f 7599 7851 7306
f 8105 8875 8649
f 8105 8649 7851
f 7306 7851 7638
f 7306 7638 7570
f 7851 8649 8390
f 7851 8390 7638
f 8649 8875 9306
f 9306 8875 9304
f 9306 9304 9643
f 9306 9643 9644
f 7570 7638 8185
f 8185 7638 8390
f 7570 8185 8107
f 9306 9644 9219
f 9306 9219 8649
f 8649 9219 8390
f 9219 9644 9646
f 8390 9219 9062
f 8390 9062 8185
f 9062 9219 9646
f 8837 8107 8185
f 8837 8185 9062
f 9062 9646 9531
f 9062 9531 8837
f 9531 9646 9713
f 9531 9713 9680
f 9531 9680 9308
f 9531 9308 8837
f 9308 9680 9567
f 9308 9567 9165
f 8837 9308 8677
f 8677 9308 9165
f 8837 8677 8107
f 8677 9165 8564
f 8677 8564 8107
f 9562 9420 9563
f 9563 9420 9451
f 9563 9451 9565
f 9567 9680 9565
f 9567 9565 9533
f 9567 9533 9423
f 9347 9423 9497
f 9497 9423 9533
f 9533 9565 9495
f 9497 9533 9453
f 9497 9453 9380
f 9453 9533 9495
f 9495 9565 9451
f 9037 9451 8977
f 3660 4946 4916
f 4916 4946 5317
f 4946 3660 4917
f 4917 3660 4878
f 4878 3660 3357
f 4878 3357 4880
f 3357 3660 697
f 697 3660 696
f 4880 3357 3296
f 3296 3357 697
f 697 696 6955
f 4880 3296 4884
f 697 6955 6999
f 6999 6955 8361
f 6999 8361 8450
f 8450 8361 9800
f 9800 8361 9560
f 3296 697 630
f 630 697 7094
f 3296 630 3300
f 3296 3300 4884
f 4884 3300 4886
f 4886 3300 3229
f 3229 3300 584
f 4886 3229 4888
f 3229 584 545
f 545 584 7218
f 4888 3229 3231
f 3231 3229 545
f 4888 3231 4852
f 4852 3231 3232
f 545 7218 7260
f 3232 3231 503
f 503 3231 545
f 503 545 7260
f 3232 503 462
f 462 503 7262
f 7262 503 7260
f 7262 7260 8917
f 8917 7260 8836
f 7262 8917 8919
f 4946 4917 5318
f 5318 4917 5343
f 5343 4917 4878
f 5390 5477 5318
f 5390 5318 5343
f 5390 5343 5488
f 5343 4878 4880
f 5488 5343 5471
f 5343 4880 5352
f 5343 5352 5471
f 5352 4880 5384
f 5352 5384 5471
f 5384 4880 4884
f 5517 5462 5471
f 5517 5471 5489
f 5489 5471 5384
f 5517 5489 5504
f 5384 4884 5366
f 5384 5366 5489
f 5366 4884 4886
f 5504 5489 5519
f 5519 5489 5366
f 5366 4886 5367
f 5366 5367 5519
f 5367 4886 4888
f 5367 4888 5369
f 5369 4888 4852
f 5519 5367 5507
f 5507 5367 5369
f 5519 5507 5538
f 5507 5369 5528
f 5538 5507 5562
f 5562 5507 5528
f 5562 5528 5573
f 4946 5318 5317
f 3300 630 584
f 584 630 7183
f 7183 630 7094
f 7183 7094 8585
f 584 7183 7218
f 7218 7183 8720
f 7260 7218 8836
f 7218 8720 8836
f 8919 8917 10392
f 8919 10392 10485
f 10485 10392 10733
f 10485 10733 10767
f 10733 10392 10712
f 10392 8917 10276
f 10392 10276 10712
f 10276 8917 8836
f 10712 10276 10680
f 10276 8836 10140
f 10276 10140 10680
f 10680 10140 10622
f 10622 10140 9980
f 10622 9980 9800
f 10622 9800 10521
f 10521 9800 9560
f 10622 10521 10637
f 10637 10521 10639
f 10521 9560 10175
f 10521 10175 10611
f 10611 10175 10486
f 10611 10486 10666
f 10666 10486 10596
f 10666 10596 10641
f 10641 10596 10582
f 8836 8720 10140
f 10767 10733 10721
f 10767 10721 10747
f 10721 10733 10705
f 10705 10733 10712
f 10747 10721 10532
f 10747 10532 10591
f 10591 10532 9870
f 10532 10721 10502
f 10502 10721 10705
f 9870 10532 9744
f 9744 10532 10502
f 9744 10502 9598
f 9870 9744 8489
f 8489 9744 8226
f 9870 8489 8793
f 8793 8489 7977
f 7977 8489 7601
f 7601 8489 7127
f 9598 10502 10458
f 10458 10502 10705
f 9598 10458 9450
f 9450 10458 9419
f 10458 10705 10681
f 10681 10705 10712
f 10681 10712 10680
f 10458 10681 10457
f 10458 10457 9419
f 10681 10680 10669
f 10681 10669 10457
f 10669 10680 10622
f 10669 10622 10637
f 10457 10669 10419
f 10419 10669 10637
f 10457 10419 9419
f 9419 10419 9494
f 10419 10637 10639
f 10419 10639 10464
f 7127 8489 8226
f 7127 8226 6811
f 9744 9598 8226
f 8226 9598 8084
f 8084 9598 9450
f 8226 8084 6811
f 8084 9450 9419
f 6811 8084 8032
f 8032 8084 9419
f 6811 8032 6594
f 8032 9419 8127
f 8032 8127 6594
f 8127 9419 9494
f 6594 8127 6449
f 8127 9494 8342
f 8127 8342 6449
f 8342 9494 9607
f 8342 9607 8463
f 8463 9607 9725
f 8463 9725 9609
f 8342 8463 7103
f 8342 7103 6449
f 8463 9609 8433
f 8433 9609 9540
f 8433 9540 8434
f 8434 9540 8436
f 8436 9540 9467
f 8433 8434 7514
f 7514 8434 8436
f 8463 8433 7439
f 7439 8433 7514
f 8463 7439 7308
f 8463 7308 7103
f 7308 7439 6063
f 6063 7439 7514
f 7103 7308 5750
f 7103 5750 6449
f 7308 6063 5959
f 7308 5959 5750
f 6449 5750 5637
f 6449 5637 1433
f 1433 5637 5750
f 6449 1433 5948
f 5948 1433 1977
f 5948 1977 118
f 118 1977 2412
f 118 2412 543
f 543 2412 2947
f 543 2947 1114
f 1114 2947 3445
f 3445 2947 4850
f 3445 4850 4954
f 3919 4095 1433
f 3919 1433 1542
f 1542 1433 5750
f 3919 1542 3627
f 1542 5750 5959
f 3627 1542 1397
f 1397 1542 5959
f 3627 1397 3360
f 1397 5959 6063
f 3360 1397 1219
f 1219 1397 6063
f 3360 1219 3091
f 1219 6063 6144
f 6144 6063 7514
f 3091 1219 1220
f 1220 1219 6144
f 3091 1220 2959
f 2959 1220 2960
f 2960 1220 1303
f 1220 6144 6066
f 1220 6066 1303
f 6066 6144 7514
f 1303 6066 1261
f 6066 7514 7516
f 7516 7514 8436
f 7516 8436 8310
f 7516 8310 7389
f 6066 7516 5990
f 6066 5990 1261
f 5990 7516 7389
f 1261 5990 6017
f 6017 5990 7389
f 6017 7389 7267
f 1261 6017 1037
f 6017 7267 7309
f 1037 6017 6068
f 6068 6017 7309
f 1037 6068 982
f 8134 7309 8214
f 7309 8134 7269
f 7309 7269 6068
f 7269 8134 8114
f 7269 8114 7312
f 6068 7269 6105
f 6105 7269 7312
f 6068 6105 982
f 6105 7312 6183
f 982 6105 898
f 898 6105 6183
f 982 898 2372
f 898 6183 756
f 2372 898 2237
f 2237 898 756
f 2237 756 2081
f 9494 10419 10464
f 9980 10140 8720
f 9980 8720 8585
f 9980 8585 9800
f 8585 8720 7183
f 8585 7094 8450
f 8585 8450 9800
s 0
f 7094 697 6999
s 1
f 7094 6999 8450
f 6955 696 698
f 6955 698 7000
f 6955 7000 8361
f 698 696 3356
f 3356 696 3660
f 3356 3660 4877
f 4877 3660 4916
f 3356 4877 4879
f 3356 4879 3295
f 3356 3295 698
f 3295 4879 4883
f 3295 4883 3299
f 3299 4883 4885
f 698 3295 629
f 629 3295 3299
s 0
f 698 629 7095
s 1
f 698 7095 7000
f 629 3299 582
f 629 582 7095
f 3299 4885 3228
f 3299 3228 582
f 3228 4885 4887
f 3228 4887 3230
f 3230 4887 4851
f 3230 4851 3152
f 3228 3230 544
f 3228 544 582
f 3230 3152 502
f 3230 502 544
f 502 3152 504
f 582 544 7184
f 582 7184 7095
f 544 502 7255
f 544 7255 7184
f 502 504 7261
f 502 7261 7255
f 7261 504 7263
f 7261 7263 8916
f 8916 7263 8918
f 8916 8918 10391
f 10391 8918 10484
f 8916 10391 10275
f 7261 8916 8835
f 8835 8916 10275
f 7261 8835 7255
f 8835 10275 10139
f 7255 8835 8719
f 8719 8835 10139
f 7255 8719 7184
f 8719 10139 9979
f 7184 8719 8584
f 8584 8719 9979
f 7184 8584 7095
f 8584 9979 9799
f 7095 8584 8449
f 8449 8584 9799
f 7095 8449 7000
f 7000 8449 8361
f 8361 8449 9560
f 9560 8449 9799
f 9560 9799 10175
f 10521 10611 10639
f 10639 10611 10674
f 10674 10611 10666
f 10639 10674 10536
f 10639 10536 10464
f 10464 10536 9607
f 10175 9799 10534
f 10175 10534 10486
f 10534 9799 10609
f 10609 9799 9979
f 10486 10534 10610
f 10486 10610 10596
f 10610 10534 10638
f 10596 10610 10665
f 10665 10610 10638
f 10665 10638 10673
f 10674 10666 10641
f 10674 10641 10651
f 10674 10651 10488
f 10674 10488 10536
f 10651 10641 10549
f 9607 10536 9725
f 9725 10536 10488
f 9725 10488 9609
f 9609 10488 9540
f 10488 10651 10281
f 10488 10281 9540
f 10281 10651 10549
f 9540 10281 9467
f 10547 10549 10641
f 10547 10641 10582
f 10281 10549 10114
f 10281 10114 9467
f 10549 10547 10369
f 10547 10582 10505
f 10547 10505 10369
f 10505 10582 10640
f 10640 10582 10596
f 10640 10596 10665
f 10640 10665 10673
f 10640 10673 10650
f 10640 10650 10546
f 10640 10546 10505
f 10546 10650 10548
f 10505 10546 10282
f 10505 10282 10369
f 10546 10548 10368
f 10546 10368 10282
f 10368 10548 10370
f 10370 10548 10280
f 10370 10280 10113
f 10370 10113 9807
f 10370 9807 10049
f 10049 9807 9690
f 9690 9807 9354
f 10370 10049 10082
f 10082 10049 9690
f 10370 10082 10368
f 10082 9690 9774
f 10368 10082 10022
f 10022 10082 9774
f 10368 10022 10282
f 10022 9774 9689
f 10282 10022 10083
f 10083 10022 9689
f 10282 10083 10369
f 10083 9689 9775
f 10083 9775 10050
f 10083 10050 10369
f 10050 9775 9691
f 10369 10050 10371
f 10369 10371 10549
f 10549 10371 10114
f 10371 10050 9844
f 10371 9844 10114
f 9844 10050 9691
f 9844 9691 9355
f 10114 9844 9467
f 9844 9355 8889
f 9844 8889 9255
f 9844 9255 9467
f 9255 8889 8160
f 9467 9255 8310
f 8310 9255 8160
f 9467 8310 8436
f 8310 8160 7267
f 8310 7267 7389
f 10464 9607 9494
f 9775 9689 9880
f 9880 9689 9878
f 9775 9880 9727
f 9878 9689 9774
f 9878 9774 9879
f 9879 9774 9726
f 9775 9727 9691
f 9691 9727 9357
f 9691 9357 9355
f 9355 9357 8891
f 9355 8891 8889
f 8889 8891 8160
f 8160 8891 8214
f 8160 8214 7267
f 7267 8214 7309
f 9727 9880 9469
f 9727 9469 9132
f 9727 9132 9357
f 9469 9880 9660
f 9357 9132 8891
f 9660 9880 9878
f 8891 9132 8688
f 8891 8688 8214
f 8214 8688 8134
f 8134 8688 8114
f 9660 9878 9658
f 9658 9878 9879
f 8688 9132 8634
f 8688 8634 8114
f 8114 8634 8466
f 8114 8466 8035
f 8634 9132 9041
f 8634 9041 8466
f 9041 9132 9469
f 8466 9041 8895
f 9041 9469 9315
f 9041 9315 8895
f 9315 9469 9660
f 8895 9315 9136
f 9136 9315 9318
f 9315 9660 9543
f 9315 9543 9318
f 9543 9660 9658
f 9318 9543 9316
f 9316 9543 9541
f 9541 9543 9658
f 9316 9541 9317
f 9541 9658 9659
f 9659 9658 9879
f 9659 9879 9726
f 9659 9726 9468
f 9541 9659 9542
f 9542 9659 9468
f 9541 9542 9317
f 9542 9468 9314
f 9542 9314 9317
f 9317 9314 9135
f 9135 9314 9040
f 9135 9040 8894
f 8894 9040 8465
f 8465 9040 8633
f 1303 1261 2960
f 1433 4095 1977
f 3919 3627 5136
f 5136 3627 4985
f 4985 3627 3360
f 3919 5136 5207
f 3919 5207 4095
f 4095 5207 5252
f 4095 5252 4355
f 4985 3360 4747
f 4747 3360 3091
f 4747 3091 4621
f 4621 3091 2959
f 1977 4355 2412
f 2412 4355 4618
f 4618 4355 5252
f 2412 4618 2947
f 2947 4618 4850
f 4618 5252 5312
f 4850 4618 5334
f 5334 4618 5312
f 4954 4850 5387
f 5387 4850 5334
f 5387 5334 5526
f 5312 5252 5472
f 5312 5472 5334
f 5526 5334 5494
f 5494 5334 5472
f 5526 5494 5573
f 5573 5494 5562
f 5562 5494 5472
f 5562 5472 5538
f 5463 5472 5252
f 5472 5463 5538
f 5463 5252 5207
f 5538 5463 5504
f 5538 5504 5519
f 5463 5207 5443
f 5463 5443 5504
f 5443 5207 5136
f 5504 5443 5517
f 5443 5136 5400
f 5443 5400 5517
f 5400 5136 4985
f 5517 5400 5462
f 5400 4985 5347
f 5400 5347 5462
f 5347 4985 4747
f 5462 5347 5392
f 5462 5392 5488
f 5462 5488 5471
f 5488 5392 5390
f 5392 5347 5358
f 5358 5347 4747
f 5358 4747 4621
f 5358 4621 5319
f 5358 5319 5478
f 5319 4621 5232
f 5478 5319 5411
f 5411 5319 5232
f 5478 5411 5477
f 5477 5411 5440
f 5477 5440 5473
f 5440 5411 5331
f 5331 5411 5232
f 5473 5440 5499
f 5473 5499 5485
f 5485 5499 5513
f 5499 5440 5393
f 5393 5440 5331
f 5513 5499 5432
f 5432 5499 5393
f 5513 5432 5444
f 5513 5444 5490
f 5490 5444 5433
f 5444 5432 5374
f 5433 5444 5375
f 5375 5444 5374
f 5433 5375 5349
f 5433 5349 5417
f 5417 5349 5359
f 5359 5349 5253
f 5359 5253 5273
f 5273 5253 5179
f 5273 5179 5139
f 5179 5253 5233
f 5253 5349 5302
f 5253 5302 5233
f 5302 5349 5375
f 5233 5302 5191
f 5302 5375 5290
f 5302 5290 5191
f 5290 5375 5374
f 5191 5290 5082
f 5082 5290 5117
f 5117 5290 5374
f 5082 5117 4929
f 5117 5374 5271
f 5271 5374 5432
f 5271 5432 5393
f 4929 5117 5138
f 5138 5117 5271
f 4929 5138 4527
f 5271 5393 5272
f 5271 5272 5138
f 5272 5393 5331
f 4527 5138 4828
f 4828 5138 5272
f 4527 4828 4205
f 4527 4205 3888
f 3888 4205 2421
f 2421 4205 2737
f 5272 5331 5116
f 5272 5116 4828
f 4828 5116 4205
f 5116 5331 5232
f 2737 4205 4360
f 4360 4205 5116
f 4360 5116 5232
f 2737 4360 2960
f 4360 5232 4466
f 4360 4466 2960
f 4466 5232 4621
f 2960 4466 2959
f 2959 4466 4621
f 1977 4095 4355
f 1114 3445 1705
f 1705 3445 3695
f 3695 3445 4954
f 1705 3695 2268
f 5392 5358 5478
f 5392 5478 5390
f 5390 5478 5477
f 5318 5477 5473
f 5318 5473 5317
f 5317 5473 5485
f 5317 5485 5464
f 5317 5464 5313
f 5464 5485 5513
f 5464 5513 5490
f 5464 5490 5465
f 5464 5465 5404
f 5404 5465 5391
f 5465 5490 5439
f 5439 5490 5433
f 5439 5433 5417
f 5391 5465 5457
f 5439 5417 5416
f 5439 5416 5457
f 5416 5417 5330
f 5330 5417 5359
f 5330 5359 5223
f 5223 5359 5273
f 5223 5273 5024
f 5024 5273 4829
f 4829 5273 5139
f 4829 5139 5234
f 5330 5223 5231
f 5231 5223 5137
f 5330 5231 5259
f 5330 5259 5416
f 5231 5137 4320
f 5416 5259 5348
f 5416 5348 5457
f 5259 5231 4397
f 4397 5231 4320
f 5348 5259 4525
f 4525 5259 4397
f 5457 5348 5339
f 5457 5339 5391
f 5348 4525 4724
f 5348 4724 5339
f 5391 5339 5399
f 5391 5399 5470
f 5339 4724 4957
f 5339 4957 5399
f 5470 5399 5435
f 5470 5435 5492
f 5399 4957 5103
f 5399 5103 5435
f 4957 4724 3626
f 4957 3626 5103
f 3626 4724 3400
f 3400 4724 4525
f 5103 3626 3882
f 3626 3400 1398
f 3626 1398 1582
f 1398 3400 1260
f 3400 4525 3157
f 3400 3157 1260
f 3157 4525 4397
f 1260 3157 1221
f 3157 4397 3025
f 3157 3025 1221
f 1221 3025 1304
f 3025 4397 4320
f 3025 4320 3026
f 3026 4320 4135
f 3026 4135 2876
f 2876 4135 3850
f 4135 4320 4895
f 4895 4320 5137
f 4135 4895 3850
f 3850 4895 4526
f 4526 4895 4829
f 4526 4829 4622
f 4526 4622 3850
f 2371 2420 3850
f 2371 3850 3889
f 3889 3850 4622
f 2371 3889 2236
f 2236 3889 3705
f 3705 3889 4622
f 2236 3705 2080
f 2080 3705 3585
f 3705 4622 4467
f 3585 3705 4361
f 4361 3705 4467
f 3585 4361 4208
f 3585 4208 3449
f 4208 4361 4683
f 4361 4467 4897
f 4467 4622 4931
f 4467 4931 4897
f 4931 4622 5054
f 4931 5054 5234
f 4897 4931 5155
f 4897 5155 5058
f 4931 5234 5153
f 4931 5153 5155
f 5153 5234 5254
f 5153 5254 5155
f 5254 5234 5303
f 5155 5254 5261
f 2737 2960 1261
f 2737 1261 1037
f 2737 1037 2421
f 2421 1037 982
f 2421 982 2372
f 2421 2372 3888
f 3888 2372 3890
f 4527 3888 4623
f 4527 4623 4929
f 4929 4623 5055
f 4929 5055 5224
f 4929 5224 5082
f 5082 5224 5291
f 5082 5291 5191
f 3888 3890 4623
f 2372 2237 3890
f 3890 2237 3706
f 3890 3706 4623
f 3706 2237 2081
f 4623 3706 4468
f 4623 4468 5055
f 3706 2081 3586
f 3706 3586 4468
f 756 1989 2081
f 2081 1989 3450
f 2081 3450 3586
f 3586 3450 4362
f 3586 4362 4468
f 4362 3450 4209
f 4930 5055 4468
f 4930 4468 4362
f 5055 4930 5224
f 4362 4209 4898
f 4362 4898 4930
f 4898 4209 4684
f 5224 4930 5154
f 5154 4930 4898
f 5224 5154 5291
f 4898 4684 5156
f 4898 5156 5154
f 5156 4684 5059
f 5291 5154 5255
f 5255 5154 5156
f 5291 5255 5314
f 5156 5059 5262
f 5156 5262 5255
f 5262 5059 5192
f 5314 5255 5274
f 5274 5255 5262
f 5314 5274 5303
f 5303 5274 5254
f 5274 5262 5260
f 5260 5262 5192
f 5261 5254 5260
f 5260 5192 5235
f 5260 5235 5261
f 5261 5235 5208
f 6183 7312 7271
f 7271 7312 8114
f 8114 8035 7271
f 7271 8035 7166
f 7166 8035 7924
f 7271 7166 6146
f 7924 8035 8279
f 7271 6146 6185
f 8279 8035 8466
f 8279 8466 8635
f 8635 8466 8895
f 8635 8895 8923
f 8923 8895 9136
f 8923 9136 9102
f 6185 6146 650
f 9102 9136 9318
f 9102 9318 9020
f 9102 9020 8464
f 9020 9318 9316
f 8464 9020 9101
f 9101 9020 9316
f 9101 9316 9317
f 9101 9317 8922
f 8922 9317 9135
f 8922 9135 8636
f 8636 9135 8894
f 8636 8894 8465
f 8636 8465 8278
f 8278 8465 8036
f 8278 8036 7923
f 7923 8036 7270
f 7923 7270 7165
f 7165 7270 6184
f 7165 6184 6145
f 6145 6184 708
f 6145 708 649
f 649 708 1988
f 649 1988 1872
f 1872 1988 3449
f 1872 3449 3158
f 3158 3449 3969
f 3969 3449 4208
f 3969 4208 4430
f 4430 4208 4683
f 4430 4683 4856
f 4897 4683 4361
f 4683 4897 5058
f 4683 5058 4856
f 4856 5058 5208
f 4856 5208 5083
f 5083 5208 5106
f 5106 5208 5235
f 5106 5235 5084
f 5084 5235 5192
f 5084 5192 4857
f 4857 5192 5059
f 4857 5059 4431
f 4431 5059 4684
f 4431 4684 4209
f 4431 4209 3970
f 3970 4209 3450
f 3970 3450 3159
f 3159 3450 1873
f 1873 3450 1989
f 1873 1989 650
f 650 1989 709
f 650 709 6185
f 709 1989 756
f 6185 709 6183
f 6183 709 756
f 7924 8279 7776
f 7776 8279 8137
f 8137 8279 8371
f 8371 8279 8635
f 8371 8635 8632
f 8632 8635 8923
f 7924 7776 7166
f 7166 7776 7030
f 7166 7030 6019
f 7166 6019 6146
f 6146 6019 707
f 6146 707 650
f 650 707 1841
f 650 1841 1873
f 1873 1841 2962
f 1873 2962 3159
f 8632 8923 8767
f 8767 8923 9102
f 8767 9102 8464
f 8464 9101 8766
f 8766 9101 8631
f 8631 9101 8922
f 8631 8922 8370
f 8370 8922 8636
f 8370 8636 8278
f 8370 8278 8136
f 8136 8278 7775
f 7775 8278 7923
f 7775 7923 7029
f 7029 7923 7165
f 9726 9774 9690
f 9726 9690 9356
f 9726 9356 9468
f 9356 9690 9354
f 9468 9356 9131
f 9468 9131 9314
f 9314 9131 9040
f 9040 9131 8687
f 8687 9131 9356
f 9040 8687 8633
f 9356 9354 8890
f 9356 8890 8687
f 8890 9354 8888
f 8888 9354 9222
f 8890 8888 8192
f 9222 9354 9807
f 8890 8192 8213
f 8890 8213 8687
f 9222 9807 9466
f 8687 8213 8135
f 8687 8135 8633
f 9466 9807 10113
f 8633 8135 8113
f 8113 8135 7268
f 7268 8135 7310
f 8113 7268 7311
f 9466 10113 9506
f 9506 10113 10280
f 9466 9506 8404
f 9466 8404 8435
f 8404 9506 8403
f 8435 8404 7552
f 8435 7552 7515
f 7552 8404 7477
f 7477 8404 8403
f 7477 8403 7347
f 9608 9506 10280
f 8432 8403 9608
f 7102 7347 8432
f 9608 10280 10487
f 10487 10280 10548
f 10487 10548 10650
f 9608 10487 9724
f 9608 9724 8432
f 10487 10650 10535
f 10487 10535 9724
f 10535 10650 10673
f 8309 7102 8432
f 8309 8432 9724
f 7102 8309 6450
f 8309 9724 9657
f 9657 9724 10535
f 8309 9657 8103
f 10535 10673 10463
f 10535 10463 9657
f 10463 10673 10638
f 8103 9657 9559
f 9559 9657 10463
f 8103 9559 8031
f 10463 10638 10418
f 10463 10418 9559
f 10418 10638 10625
f 8031 9559 9449
f 9449 9559 10418
f 8031 9449 8104
f 10418 10625 10501
f 10418 10501 9449
f 10501 10625 10664
f 8104 9449 9422
f 9422 9449 10501
f 10501 10664 10519
f 10501 10519 9422
f 10519 10664 10670
f 8104 9422 8272
f 8104 8272 7128
f 9422 10519 9530
f 9422 9530 8272
f 10519 10670 10520
f 10519 10520 9530
f 10520 10670 10701
f 8272 9530 8522
f 8272 8522 7600
f 7600 8522 8792
f 7600 8792 7976
f 8522 9530 9715
f 8522 9715 8792
f 9715 9530 10520
f 8792 9715 9869
f 10544 10520 10701
f 10520 10544 9715
f 9715 10544 9869
f 10544 10701 10720
f 9869 10544 10590
f 10590 10544 10720
f 10590 10720 10746
f 8192 8888 9222
f 8192 9222 8343
f 8192 8343 7350
f 8192 7350 7266
f 7350 8343 7515
f 7515 8343 8435
f 7266 7350 5960
f 7266 5960 6016
f 7350 7515 6015
f 7350 6015 5960
f 6016 5960 1262
f 6016 1262 1038
f 5960 6015 1304
f 5960 1304 1262
f 1038 1262 2420
f 1304 6015 1221
f 1262 1304 3026
f 3026 1304 3025
f 1262 3026 2876
f 1262 2876 2420
f 2420 2876 3850
f 1221 6015 6143
f 6143 6015 7515
f 1221 6143 1260
f 6143 7515 7552
f 1260 6143 6103
f 6103 6143 7552
f 6103 7552 7477
f 1260 6103 1398
f 6103 7477 7347
f 1398 6103 5958
f 5958 6103 7347
f 1398 5958 1582
f 5958 7347 5749
f 5958 5749 1582
f 5749 7347 7102
f 5749 7102 6450
f 5749 6450 5636
f 5749 5636 1432
f 1432 5636 6450
f 5749 1432 1582
f 1432 6450 5947
f 1582 1432 3882
f 1582 3882 3626
f 3882 1432 4094
f 4094 1432 1976
f 1976 1432 5947
f 1976 5947 144
f 1976 144 2367
f 2367 144 583
f 2367 583 1143
f 8213 8192 7266
f 8213 7266 7310
f 7310 7266 6067
f 6067 7266 6016
f 6067 6016 981
f 981 6016 1038
f 981 1038 2420
f 981 2420 2371
f 8135 8213 7310
f 7268 7310 6067
f 7268 6067 6104
f 6104 6067 981
f 7268 6104 7311
f 6104 981 845
f 845 981 2371
f 845 2371 2236
f 6104 845 6182
f 6104 6182 7311
f 845 2236 755
f 845 755 6182
f 755 2236 2080
f 7311 6182 7270
f 7270 6182 6184
f 6184 6182 755
f 7311 7270 8036
f 6184 755 708
f 708 755 2080
f 7311 8036 8113
f 8113 8036 8633
f 8633 8036 8465
f 708 2080 1988
f 1988 2080 3585
f 1988 3585 3449
f 7029 7165 6145
f 7029 6145 6018
f 6018 6145 649
f 6018 649 706
f 706 649 1840
f 1840 649 1872
f 1840 1872 2961
f 2961 1872 3158
f 2961 3158 3969
f 2961 3969 3707
f 3707 3969 4430
f 3707 4430 4010
f 4010 4430 4556
f 4556 4430 4856
f 4556 4856 4782
f 4782 4856 5083
f 4782 5083 4725
f 4725 5083 5106
f 4725 5106 4783
f 4783 5106 5084
f 4783 5084 4557
f 4557 5084 4857
f 5208 5058 5261
f 4557 4857 4011
f 4011 4857 4431
f 4011 4431 3708
f 5274 5260 5254
f 4431 3970 3708
f 3708 3970 3159
f 3708 3159 2962
f 7271 6185 6183
f 5191 5291 5233
f 5233 5291 5314
f 5314 5303 5233
f 5233 5303 5179
f 5179 5303 5234
f 5179 5234 5139
f 5439 5457 5465
f 5155 5261 5058
f 5234 5054 4829
f 4829 5054 4622
f 8435 8343 9222
f 8435 9222 9466
f 9506 9608 8403
f 8403 8432 7347
f 8309 8103 6450
f 6450 8103 6557
f 6557 8103 8031
f 6557 8031 6778
f 6778 8031 8104
f 6778 8104 7128
f 10625 10638 10534
f 10625 10534 10664
f 10664 10534 10609
f 10664 10609 10670
f 10670 10609 10672
f 10672 10609 9979
f 10670 10672 10701
f 10672 9979 10139
f 10701 10672 10711
f 10711 10672 10139
f 10701 10711 10720
f 10711 10139 10275
f 10720 10711 10728
f 10728 10711 10275
f 10720 10728 10746
f 10728 10275 10391
f 10746 10728 10766
f 10766 10728 10391
f 10766 10391 10484
f 7128 8272 7600
f 4851 4887 5368
f 5368 4887 5385
f 5385 4887 4885
f 5385 4885 5401
f 5401 4885 4883
f 5401 4883 5383
f 5383 4883 4879
f 5383 4879 5382
f 5382 4879 4877
f 5382 4877 5342
f 5342 4877 4916
f 5342 4916 5313
f 5368 5385 5527
f 5527 5385 5520
f 5527 5520 5572
f 5520 5385 5401
f 5572 5520 5568
f 5520 5401 5524
f 5520 5524 5568
f 5568 5524 5550
f 5524 5401 5383
f 5550 5524 5518
f 5518 5524 5383
f 5518 5383 5382
f 5518 5382 5455
f 5455 5382 5342
f 5455 5342 5454
f 5454 5342 5313
f 5454 5313 5404
f 5455 5454 5492
f 5455 5492 5493
f 5492 5454 5470
f 5470 5454 5404
f 5470 5404 5391
f 5572 5568 5525
f 5525 5568 5501
f 5525 5501 5386
f 5501 5568 5550
f 5501 5550 5456
f 5386 5501 5327
f 5327 5501 5456
f 5386 5327 4780
f 5386 4780 4953
f 4953 4780 3397
f 4953 3397 3696
f 3696 3397 2304
f 2304 3397 1739
f 1739 3397 2869
f 2869 3397 4780
f 4586 4780 5327
f 4780 4586 2869
f 2869 4586 2367
f 2869 2367 1143
f 4586 5327 5289
f 5289 5327 5456
f 2367 4586 4356
f 4356 4586 5289
f 2367 4356 1976
f 1976 4356 4094
f 4356 5289 5251
f 4356 5251 4094
f 5251 5289 5456
f 4094 5251 5190
f 4094 5190 3882
f 3882 5190 5103
f 5103 5190 5435
f 5435 5190 5251
f 5435 5251 5436
f 5436 5251 5456
f 5435 5436 5492
f 5492 5436 5493
f 5493 5436 5456
f 5493 5456 5550
f 5493 5550 5518
f 5493 5518 5455
f 5313 4916 5317
f 5313 5464 5404
f 1739 2869 1143
f 5137 5223 5024
f 5137 5024 4895
f 4895 5024 4829
f 5041 5394 5296
f 5041 5296 4171
f 5394 5041 4834
f 4834 5041 4171
f 5458 5394 5434
f 5434 5394 5320
f 5320 5394 4834
f 5320 4834 4593
f 5320 4593 5218
f 4834 4171 3451
f 3451 4171 3160
f 4593 4834 3033
f 3033 4834 3451
f 4593 3033 2626
f 2626 3033 1186
f 1186 3033 1345
f 1345 3033 3451
f 3451 3160 1583
f 3451 1583 1345
f 1583 3160 1876
f 1345 1583 359
f 359 1583 1876
f 1345 359 154
f 359 1876 848
f 4171 5296 4754
f 4171 4754 3895
f 4171 3895 3160
f 3160 3895 1876
f 3895 4754 5091
f 5091 4754 5296
f 5091 5296 5363
f 3895 5091 4287
f 4287 5091 5145
f 4287 5145 4372
f 1876 3895 2676
f 1876 2676 848
f 3895 4287 3094
f 3895 3094 2676
f 4287 4372 3239
f 4287 3239 3094
f 3239 4372 4327
f 2676 3094 1678
f 2676 1678 848
f 3094 3239 1878
f 3094 1878 1678
f 1878 3239 1881
f 848 1678 945
f 945 1678 1878
f 945 1878 1881
f 848 945 52
f 52 945 326
f 326 945 203
f 203 945 990
f 990 945 1881
f 990 1881 858
f 5447 5296 5394
f 5447 5394 5458
f 5447 5458 5479
f 5447 5479 5491
f 5296 5447 5363
f 5447 5491 5475
f 5447 5475 5363
f 5475 5491 5481
f 5475 5481 5468
f 5363 5475 5407
f 5407 5475 5468
f 5363 5407 5145
f 5363 5145 5091
f 5407 5468 5396
f 5396 5468 5453
f 5145 5407 5131
f 5131 5407 5396
f 5145 5131 4372
f 4372 5131 4327
f 5131 5396 5094
f 5396 5453 5364
f 5396 5364 5094
f 5364 5453 5429
f 5094 5364 4991
f 5364 5429 5326
f 5364 5326 4991
f 4327 5131 5094
f 4327 5094 4253
f 4253 5094 4138
f 4138 5094 4991
f 5326 4862 4991
f 4991 4862 4138
f 4138 4862 3976
f 4138 3976 2536
f 4138 2536 2746
f 4138 2746 4253
f 2746 2536 1240
f 2969 4327 4253
f 2969 4253 2746
f 4327 2969 3165
f 4327 3165 3239
f 5921 1240 1093
f 1240 5921 5646
f 2746 1240 1459
f 1459 1240 5646
f 2746 1459 2969
f 1459 5646 208
f 2969 1459 1688
f 1688 1459 208
f 2969 1688 3165
f 1688 208 479
f 3165 1688 1806
f 3165 1806 3239
f 1806 1688 479
f 3239 1806 1881
f 1881 1806 858
f 858 1806 479
f 858 479 204
f 5468 5481 5469
f 5468 5469 5453
f 5469 5481 5451
f 5451 5481 5491
f 5469 5451 5442
f 5451 5491 5467
f 5467 5491 5474
f 5474 5491 5479
f 5474 5479 5459
f 5459 5479 5458
f 5459 5458 5434
f 5459 5434 5446
f 5446 5434 5405
f 5413 5469 5442
f 5469 5413 5430
f 5469 5430 5453
f 5430 5413 5325
f 5453 5430 5429
f 5430 5325 5341
f 5341 5325 5298
f 5429 5430 5365
f 5365 5430 5341
f 5429 5365 5326
f 5326 5365 5266
f 5266 5365 5306
f 5306 5365 5341
f 5266 5306 5186
f 5341 5298 5283
f 5341 5283 5306
f 5283 5298 5230
f 5283 5230 5306
f 5186 5306 5072
f 5072 5306 5230
f 5072 5230 5219
f 5467 5474 5545
f 5467 5545 5546
f 5545 5474 5459
f 5545 5459 5536
f 5545 5536 5587
f 5451 5467 5546
f 5451 5546 5516
f 5451 5516 5442
f 5516 5546 5584
f 5442 5516 5413
f 5516 5584 5476
f 5516 5476 5413
f 5476 5584 5547
f 5413 5476 5325
f 5476 5547 5484
f 5325 5476 5421
f 5421 5476 5484
f 5421 5484 5381
f 5325 5421 5298
f 5298 5421 5315
f 5298 5315 5230
f 4862 5326 5266
f 4862 5266 5186
f 4862 5186 4694
f 4694 5186 5072
f 4862 4694 3825
f 4862 3825 3976
f 3976 3825 2347
f 3825 4694 3713
f 3825 3713 2347
f 3976 2347 2536
f 4694 5072 4598
f 4694 4598 3713
f 4598 5072 4693
f 4693 5072 5219
f 3713 4598 3636
f 3636 4598 4693
f 4693 5219 4438
f 4693 4438 3636
f 4438 5219 5204
f 3713 3636 1998
f 3636 4438 3367
f 3636 3367 1998
f 3367 4438 2813
f 2813 4438 3855
f 3367 2813 1658
f 1658 2813 1357
f 1357 2813 2346
f 3367 1658 1813
f 3367 1813 1998
f 1357 2346 2143
f 1813 1658 331
f 1658 1357 277
f 1658 277 331
f 277 1357 128
f 1813 331 485
f 1813 485 1998
f 485 331 6277
f 485 6277 6278
f 1163 1357 2143
f 1357 1163 128
f 1163 2143 1958
f 485 6278 675
f 485 675 1998
f 675 6278 6156
f 1998 675 2193
f 1998 2193 3713
f 3713 2193 2347
f 2193 675 869
f 869 675 6156
f 2193 869 2347
f 869 6156 6002
f 2347 869 1093
f 1093 869 6002
f 1093 6002 5921
f 2347 1093 2536
f 2536 1093 1240
f 2681 2812 1958
f 1958 2812 1913
f 1958 1913 1163
f 1913 2812 1414
f 1414 2812 2280
f 1414 2280 1322
f 1913 1414 372
f 372 1414 1322
f 1322 2280 2190
f 1322 2190 1195
f 1195 2190 2038
f 1322 1195 166
f 166 1195 1092
f 1322 166 276
f 1322 276 372
f 276 166 6381
f 372 276 6346
f 6346 276 6381
f 6346 6381 7068
f 7068 6381 7112
f 6346 7068 6198
f 6346 6198 372
f 6198 7068 6963
f 6198 6963 6464
f 372 6198 1001
f 372 1001 1913
f 1913 1001 1163
f 1001 6198 5647
f 1001 5647 1163
f 5647 6198 6464
f 1163 5647 128
f 128 5647 6464
f 128 6464 6239
f 5219 5230 5315
f 5219 5315 5381
f 5381 5315 5421
f 5484 5547 5586
f 5484 5586 5548
f 5431 5381 5548
f 5548 5586 5567
f 5431 5548 5461
f 5461 5548 5567
f 5431 5461 5282
f 5431 5282 5204
f 5204 5282 4438
f 5282 5461 5487
f 5567 5586 5595
f 5595 5586 5608
f 5595 5608 5617
f 5461 5567 5576
f 5461 5576 5487
f 5567 5595 5607
f 5607 5595 5617
f 5567 5607 5576
f 5607 5617 5614
f 5607 5614 5601
f 5607 5601 5576
f 5576 5601 5566
f 5576 5566 5450
f 5576 5450 5487
f 5322 5282 5487
f 5282 5322 4861
f 4861 5322 4990
f 5282 4861 4438
f 4861 4990 4501
f 4438 4861 4374
f 4374 4861 4501
f 4438 4374 3855
f 4374 4501 3788
f 3855 4374 3241
f 3241 4374 3788
f 3241 3788 3635
f 3635 3788 3975
f 3241 3635 2970
f 3635 3975 3824
f 3824 3975 3852
f 3635 3824 3406
f 3406 3824 3592
f 3635 3406 2681
f 3635 2681 2970
f 2970 2681 1958
f 2970 1958 2143
f 5586 5547 5584
f 5586 5584 5608
f 5608 5584 5590
f 5590 5584 5546
f 5608 5590 5617
f 5590 5546 5545
f 5617 5590 5591
f 5591 5590 5545
f 5617 5591 5614
f 5591 5545 5587
f 5591 5587 5614
f 5614 5587 5585
f 5381 5484 5548
f 5204 5219 5381
f 5204 5381 5431
f 5601 5614 5585
f 5601 5585 5574
f 5601 5574 5566
f 5566 5574 5522
f 5566 5522 5450
f 5441 5297 5522
f 5450 5522 5395
f 5395 5522 5297
f 5487 5450 5322
f 5322 5450 5264
f 5264 5450 5395
f 5322 5264 4990
f 5395 5297 5170
f 5395 5170 5264
f 5170 5297 4989
f 4990 5264 4938
f 4990 4938 4501
f 5264 5170 4796
f 5264 4796 4938
f 4796 5170 4989
f 4938 4796 4373
f 4796 4989 4597
f 5585 5587 5514
f 5514 5587 5536
f 5514 5536 5446
f 5446 5536 5459
f 5514 5446 5405
f 5585 5514 5500
f 5500 5514 5405
f 5585 5500 5574
f 5500 5405 5361
f 5361 5405 5169
f 5574 5500 5441
f 5441 5500 5361
f 5574 5441 5522
f 5361 5169 5202
f 5361 5202 5441
f 5202 5169 4795
f 5441 5202 5297
f 5297 5202 4795
f 5297 4795 4989
f 5169 5405 5130
f 5169 5130 4655
f 5130 5405 5340
f 5340 5405 5434
f 4655 5130 4500
f 5340 5434 5218
f 5340 5218 5130
f 5218 5434 5320
f 5130 5218 4968
f 5130 4968 4500
f 4968 5218 4286
f 4968 4286 4500
f 4286 5218 4593
f 4286 4593 2626
f 4500 4286 3934
f 4437 4655 4500
f 4437 4500 4175
f 4175 4500 3670
f 4437 4175 3896
f 3896 4175 3670
f 3896 3670 2963
f 4437 3896 4373
f 4501 4373 3975
f 3975 4373 3852
f 4373 3896 3307
f 3307 3896 2963
f 4373 3307 3852
f 3307 2963 2342
f 2342 2963 1641
f 2342 1641 1492
f 3852 3307 2878
f 2878 3307 2188
f 3852 2878 3456
f 3852 3456 3824
f 3824 3456 3592
f 4795 5169 4655
f 4795 4655 4437
f 4795 4437 4989
f 3934 4286 2626
f 3934 2626 2425
f 2425 2626 1151
f 1151 2626 1186
f 6073 359 848
f 6073 848 52
f 6688 6273 6073
f 6073 52 6418
f 6073 6418 6688
f 6418 52 5971
f 5971 52 326
f 5971 326 203
f 6688 6418 6496
f 6688 6496 6830
f 6418 5971 6237
f 6418 6237 6496
f 5971 203 5854
f 5971 5854 6237
f 5854 203 204
f 204 203 990
f 204 990 858
f 5854 204 479
f 5854 479 6237
f 6237 479 208
f 6237 208 6496
f 6496 208 5646
f 6496 5646 5921
f 6691 6830 6496
f 6691 6496 6002
f 6830 6691 6832
f 6830 6832 6933
f 5921 6002 6496
f 6002 6156 6691
f 6691 6156 6832
f 6832 6156 6278
f 6832 6278 6878
f 6832 6878 7008
f 6832 7008 6933
f 6878 6278 6831
f 6878 6831 7008
f 7008 6831 7007
f 6831 6278 6277
f 7007 6831 6689
f 6831 6277 6617
f 6831 6617 6689
f 6689 6617 6653
f 6689 6653 6728
f 6653 6617 6239
f 6617 6277 6155
f 6617 6155 6239
f 6155 6277 331
f 6155 331 277
f 6155 277 6239
f 6239 277 128
f 2813 3855 3241
f 4597 4989 4437
f 4597 4437 4796
f 4796 4437 4373
f 4938 4373 4501
f 4501 3975 3788
f 3670 4500 3934
f 3670 3934 1992
f 1992 3934 2425
f 3670 1992 1772
f 3670 1772 2963
f 1992 2425 905
f 1992 905 1772
f 905 2425 1151
f 905 1151 51
f 2963 1772 1641
f 1772 905 603
f 1641 1772 520
f 520 1772 603
f 603 905 5914
f 603 5914 520
f 5914 905 5719
f 1641 520 1492
f 1492 520 475
f 5720 6030 475
f 475 6030 325
f 475 325 1492
f 1492 325 1311
f 1492 1311 2188
f 1492 2188 2342
f 2342 2188 3307
f 2188 1311 1188
f 2188 1188 2187
f 1188 1311 89
f 2187 1188 760
f 760 1188 89
f 6873 89 6342
f 89 6873 5968
f 89 5968 760
f 2187 760 1797
f 2187 1797 3162
f 3162 1797 2585
f 2585 1797 1710
f 2585 1710 2480
f 2480 1710 2307
f 2307 1710 1586
f 1586 1710 517
f 1586 517 1400
f 1400 517 405
f 405 517 6191
f 6191 517 6150
f 657 1710 1797
f 1710 657 517
f 517 657 6150
f 657 1797 760
f 6150 657 6072
f 6072 657 760
f 6150 6072 7063
f 6072 760 5968
f 7063 6072 7004
f 7004 6072 5968
f 1151 1186 51
f 51 1186 85
f 85 1186 1345
f 85 1345 154
f 5719 905 51
f 85 154 6375
f 51 85 6461
f 6461 85 6375
f 6375 154 6273
f 6273 154 359
f 6273 359 6073
f 6375 6273 6830
f 6830 6273 6688
f 6375 6830 6933
f 6375 6933 6461
f 6461 6933 7008
f 6461 7008 6616
f 6461 6616 51
f 51 6616 5719
f 6616 7008 7007
f 5719 6616 6687
f 6687 6616 7007
f 5719 6687 5914
f 6687 7007 6689
f 6687 6689 6376
f 6687 6376 5914
f 6376 6689 6728
f 5914 6376 5720
f 5720 6376 6495
f 5914 5720 520
f 520 5720 475
f 6495 6376 6728
f 6962 6728 6653
f 6728 6962 7035
f 6728 7035 6495
f 7035 6962 7445
f 6030 5720 6495
f 6030 6495 6342
f 6495 7035 6876
f 6495 6876 6342
f 7035 7445 7585
f 7035 7585 6876
f 6342 6876 7358
f 7358 6876 7585
f 6342 7358 6873
f 7585 7445 7754
f 7585 7754 7358
f 7754 7445 7586
f 6873 7358 7614
f 7614 7358 7754
f 6873 7614 7004
f 7614 7754 7810
f 7614 7810 7671
f 325 6030 6342
f 325 6342 89
f 325 89 1311
f 2188 2187 2878
f 2878 2187 3162
f 2878 3162 3591
f 2878 3591 3456
f 3591 3162 3744
f 3456 3591 3592
f 3591 3744 3854
f 3591 3854 3592
f 3592 3854 3634
f 3592 3634 3406
f 3406 3634 2812
f 3406 2812 2681
f 5968 6873 7004
f 6150 7063 7005
f 6150 7005 6191
f 7005 7063 7555
f 7555 7063 7671
f 7671 7063 7004
f 7671 7004 7614
f 7555 7671 7673
f 7673 7671 7810
f 1586 1400 2307
f 2307 1400 2031
f 3238 2480 2307
f 3238 2307 2965
f 2965 2307 2031
f 2965 2031 2533
f 2965 2533 2679
f 2965 2679 3164
f 2965 3164 3238
f 3238 3164 3404
f 2679 2427 3164
f 3164 2427 2745
f 3164 2745 3404
f 2745 2427 1886
f 2745 1886 2038
f 3404 2745 3036
f 3036 2745 2038
f 3036 2038 2190
f 3404 3036 3366
f 3036 2190 3037
f 3036 3037 3366
f 3037 2190 2280
f 3037 2280 3634
f 3634 2280 2812
f 3037 3634 3854
f 3037 3854 3366
f 3366 3854 3744
f 3366 3744 3163
f 3163 2585 2480
f 2585 3163 3162
f 3162 3163 3744
f 3163 2480 3238
f 3163 3238 3404
f 3163 3404 3366
f 2038 1886 1092
f 2038 1092 1195
f 3241 2970 2143
f 3241 2143 2346
f 3241 2346 2813
f 166 1092 127
f 166 127 6381
f 6381 127 6379
f 6381 6379 7036
f 6381 7036 7112
f 7112 7036 7616
f 7616 7036 7523
f 7112 7616 7586
f 7112 7586 7068
f 7586 7616 7754
f 7068 7586 7445
f 7754 7616 7810
f 7810 7616 7523
f 7810 7523 7673
f 7068 7445 6963
f 6963 7445 6464
f 6464 7445 6962
f 6962 6653 6464
f 6653 6239 6464
f 659 717 327
f 717 659 815
f 717 815 854
f 717 854 817
f 817 854 1089
f 1089 854 908
f 817 1089 1128
f 817 1128 661
f 661 1128 719
f 1089 908 988
f 719 1128 1233
f 719 1233 950
f 1128 1089 1313
f 988 908 987
f 987 908 761
f 1089 988 1230
f 1230 988 987
f 1089 1230 1313
f 987 761 1046
f 1230 987 1402
f 1402 987 1046
f 1230 1402 1313
f 1402 1046 1229
f 1552 1128 1313
f 1552 1313 1402
f 1128 1552 1233
f 1402 1229 1550
f 1550 1229 1227
f 1402 1550 1716
f 1402 1716 1552
f 1716 1550 1773
f 1233 1552 1316
f 1316 1552 1716
f 1233 1316 950
f 950 1316 952
f 952 1316 1596
f 1596 1316 1716
f 1596 1716 1950
f 1950 1716 1773
f 1950 1773 2089
f 1950 2089 1686
f 2089 1773 1844
f 327 717 817
f 854 815 1153
f 854 1153 908
f 908 1153 1267
f 908 1267 983
f 908 983 761
f 761 983 600
f 761 600 268
f 1267 1153 1549
f 1549 1153 1589
f 1589 1153 815
f 1549 1589 1640
f 1589 815 1126
f 1126 815 659
f 1589 1126 1907
f 1126 659 991
f 1907 1126 1774
f 1774 1126 991
f 991 659 327
f 1907 1774 2086
f 1906 1640 2086
f 1906 2086 2030
f 2030 2086 2142
f 2086 1774 1880
f 2086 1880 2142
f 1649 1774 991
f 1774 1649 1880
f 2142 1880 1908
f 2142 1908 2032
f 1880 1649 1848
f 1880 1848 1908
f 1649 991 948
f 948 991 327
f 1848 1649 1652
f 1652 1649 948
f 2032 1908 1909
f 2032 1909 1949
f 1908 1848 1882
f 1908 1882 1909
f 1848 1652 1884
f 1848 1884 1882
f 1949 1909 1951
f 1949 1951 1994
f 1994 1951 2034
f 1951 1909 1912
f 1912 1909 1882
f 2034 1951 1953
f 1953 1951 1912
f 2034 1953 2091
f 2091 1953 1995
f 1995 1953 1912
f 2091 1995 2092
f 2092 1995 1811
f 2092 1811 1885
f 1811 1995 1752
f 1752 1995 1957
f 1957 1995 1912
f 1752 1957 1753
f 1957 1912 1956
f 1957 1956 1753
f 1956 1912 1882
f 1956 1882 1884
f 1753 1956 1721
f 1721 1956 1884
f 1753 1721 1194
f 1194 1721 1000
f 1721 1884 1456
f 1721 1456 1000
f 1456 1884 1652
f 1000 1456 526
f 1456 1652 913
f 1456 913 526
f 913 1652 948
f 913 948 272
f 913 272 526
f 272 948 327
f 272 327 5641
f 5641 327 205
f 5641 205 55
f 272 5641 5760
f 526 272 125
f 125 272 5760
f 526 125 6001
f 6001 125 6154
f 6154 125 5760
f 5916 5760 55
f 5760 5916 6154
f 5916 55 5915
f 6154 5916 6306
f 6306 5916 6419
f 1589 1907 1640
f 1640 1907 2086
f 1640 1906 1446
f 1446 1906 2030
f 1640 1446 1224
f 1640 1224 1549
f 1549 1224 942
f 1549 942 1267
f 942 1224 358
f 358 1224 599
f 942 358 153
f 1267 942 943
f 1267 943 983
f 983 943 404
f 983 404 600
f 600 404 82
f 600 82 268
f 268 82 5804
f 268 5804 5884
f 268 5884 155
f 268 155 563
f 155 5884 6111
f 563 155 49
f 49 155 6111
f 1446 2030 1584
f 1446 1584 1081
f 1446 1081 904
f 1446 904 1224
f 1224 904 599
f 599 904 5849
f 904 1081 48
f 904 48 5849
f 599 5849 6024
f 599 6024 358
f 358 6024 6231
f 358 6231 153
f 6024 5849 6868
f 6024 6868 6929
f 6024 6929 6231
f 6868 5849 6753
f 6753 5849 48
f 6868 6753 7581
f 6868 7581 6929
f 6929 7581 7582
f 6929 7582 7518
f 8089 8041 7581
f 6929 7518 6930
f 6929 6930 6231
f 8089 7581 7517
f 7517 7581 6753
f 8089 7517 8071
f 7517 6753 6527
f 6527 6753 48
f 8071 7517 7356
f 7356 7517 6527
f 8071 7356 7985
f 6527 48 242
f 242 48 1081
f 7356 6527 6302
f 6302 6527 242
f 7985 7356 7061
f 7061 7356 6302
f 7985 7061 7722
f 6302 242 362
f 362 242 1081
f 7061 6302 6070
f 6070 6302 362
f 7061 6070 6829
f 7394 7722 6829
f 7394 6829 6615
f 6615 6829 6070
f 7394 6615 7062
f 7062 6615 6494
f 7062 6494 6932
f 6494 6615 5912
f 5912 6615 5967
f 5967 6615 6070
f 5912 5967 323
f 5967 6070 364
f 5967 364 323
f 364 6070 362
f 323 364 985
f 985 364 1044
f 1044 364 362
f 985 1044 1494
f 1494 1044 1493
f 1044 362 1121
f 1044 1121 1493
f 1121 362 1081
f 1493 1121 1587
f 1587 1121 1081
f 1584 2030 1587
f 1584 1587 1081
f 1587 2030 1948
f 1948 2030 2142
f 1587 1948 1493
f 1948 2142 2032
f 1493 1948 1845
f 1845 1948 2032
f 1493 1845 1494
f 1845 2032 1949
f 1845 1949 1994
f 1845 1994 1847
f 817 661 205
f 817 205 327
f 205 661 55
f 55 661 719
f 719 950 246
f 719 246 55
f 246 950 161
f 161 950 952
f 246 161 6031
f 246 6031 5915
f 161 952 124
f 1596 996 952
f 952 996 124
f 161 124 6153
f 161 6153 6031
f 124 996 96
f 96 996 997
f 6153 124 6238
f 6238 124 96
f 96 997 95
f 95 997 995
f 95 995 953
f 96 95 6276
f 96 6276 6238
f 95 953 94
f 6276 95 6307
f 6307 95 94
f 94 953 58
f 58 953 860
f 94 58 6196
f 94 6196 6307
f 6196 58 5972
f 58 860 57
f 58 57 5972
f 57 860 767
f 6196 5972 6420
f 5972 57 159
f 57 767 328
f 57 328 159
f 328 767 662
f 328 662 159
f 159 662 523
f 6196 6420 6619
f 6196 6619 6307
f 6619 6420 6694
f 6619 6694 6881
f 6619 6881 6307
f 6307 6881 6938
f 6938 6881 7070
f 6307 6938 6276
f 6938 7070 7528
f 6938 7528 7451
f 7451 7528 7935
f 6276 6938 6834
f 6276 6834 6238
f 6938 7451 7360
f 6938 7360 6834
f 7451 7935 7897
f 7451 7897 7360
f 7897 7935 8381
f 8381 7935 8349
f 7360 7897 7866
f 7866 7897 8381
f 8381 8349 8661
f 7360 7866 7280
f 7360 7280 6834
f 6756 6238 6834
f 6756 6834 7280
f 6238 6756 6153
f 6153 6756 6655
f 6655 6756 7280
f 6153 6655 6031
f 9075 8381 8661
f 9075 8661 9111
f 9818 9075 9615
f 9075 9818 9174
f 8381 9075 8442
f 8442 9075 9174
f 8381 8442 7866
f 8442 9174 8473
f 8473 9174 9198
f 7866 8442 7812
f 7812 8442 8473
f 8473 9198 8472
f 8473 8472 7812
f 8472 9198 9110
f 8472 9110 8439
f 7866 7812 7280
f 8410 7960 8439
f 8472 8439 7932
f 7932 8439 7960
f 8472 7932 7933
f 8472 7933 7812
f 7932 7960 7618
f 7618 7960 7619
f 7933 7932 7620
f 7620 7932 7618
f 7812 7933 7653
f 7653 7933 7620
f 7620 7618 7316
f 7620 7316 7653
f 7618 7619 7279
f 7618 7279 7316
f 7812 7653 7359
f 7359 7653 7316
f 7812 7359 7280
f 7280 7359 7069
f 7280 7069 6655
f 7359 7316 6987
f 7359 6987 7069
f 6655 7069 6530
f 6530 7069 6987
f 6655 6530 6031
f 6031 6530 5915
f 5915 6530 6419
f 6419 6530 6987
f 5915 6419 5916
f 6935 6987 7316
f 6987 6935 6419
f 6935 7316 7279
f 6419 6935 6306
f 6306 6935 6879
f 6879 6935 7279
f 6306 6879 6154
f 6879 7279 7236
f 7236 7279 7619
f 7236 7619 7237
f 6879 7236 6794
f 6879 6794 6154
f 6794 7236 7237
f 6154 6794 6001
f 6794 7237 6730
f 6794 6730 6001
f 6730 7237 7281
f 6001 6730 5692
f 6001 5692 526
f 6730 7281 6533
f 6730 6533 5692
f 526 5692 274
f 274 5692 6533
f 526 274 1000
f 1000 274 1194
f 6533 7281 7202
f 7202 7281 7730
f 274 6533 6199
f 6199 6533 7202
f 1194 274 528
f 528 274 6199
f 6199 7202 6965
f 6965 7202 7755
f 6965 7755 7525
f 6199 6965 5810
f 6199 5810 528
f 6965 7525 6531
f 6965 6531 5810
f 6531 7525 7037
f 7037 7525 7651
f 5810 6531 97
f 5810 97 528
f 6531 7037 6114
f 6531 6114 97
f 7037 7651 6618
f 7037 6618 6114
f 6618 7651 7173
f 6618 7173 6195
f 528 97 723
f 528 723 1194
f 97 6114 369
f 6114 6618 5763
f 6114 5763 369
f 5763 6618 6195
f 6195 7173 6792
f 97 369 863
f 97 863 723
f 369 5763 669
f 369 669 863
f 5763 6195 210
f 5763 210 669
f 6195 6792 5761
f 6195 5761 210
f 210 5761 527
f 210 527 954
f 210 954 669
f 527 5761 164
f 669 954 1090
f 669 1090 863
f 1090 954 1271
f 1090 1271 1657
f 164 5761 6343
f 6343 5761 6792
f 164 6343 5998
f 5998 6343 6497
f 6497 6343 6905
f 6905 6343 7277
f 7277 6343 6792
f 7277 6792 7724
f 1457 1090 1657
f 1090 1457 863
f 1885 1811 1457
f 1457 1811 1752
f 863 1457 1269
f 1269 1457 1752
f 863 1269 723
f 1269 1752 1238
f 1269 1238 723
f 1238 1752 1753
f 723 1238 1194
f 1194 1238 1753
f 5760 5641 55
f 55 246 5915
f 996 1596 1686
f 1686 1596 1950
f 996 1686 997
f 997 1686 1720
f 997 1720 995
f 1720 1686 2089
f 1720 2089 2033
f 2033 2089 1844
f 2033 1844 1799
f 1720 2033 1687
f 953 995 1687
f 2033 1799 1952
f 2033 1952 1687
f 1952 1799 1713
f 953 1687 1559
f 1559 1687 1952
f 953 1559 860
f 1952 1713 1803
f 1952 1803 1559
f 1803 1713 1590
f 1803 1590 1349
f 1559 1803 1318
f 1559 1318 860
f 1803 1349 1594
f 1803 1594 1318
f 860 1318 994
f 994 1318 1594
f 860 994 767
f 1594 1349 1190
f 1594 1190 994
f 1190 1349 1088
f 767 994 662
f 662 994 1190
f 1190 1088 947
f 1190 947 662
f 947 1088 909
f 662 947 765
f 662 765 523
f 765 947 605
f 605 947 909
f 605 909 271
f 995 1720 1687
f 1844 1773 1226
f 1226 1773 1227
f 1227 1773 1550
f 1226 1227 441
f 1226 441 321
f 1226 321 1152
f 441 1227 516
f 516 1227 1229
f 321 441 5753
f 5753 441 5685
f 5685 441 516
f 321 5753 5850
f 1152 321 200
f 200 321 5850
f 1152 200 1045
f 200 5850 5888
f 1045 200 201
f 201 200 5888
f 1045 201 984
f 201 5888 5639
f 5639 5888 5887
f 984 201 270
f 270 201 5639
f 270 5639 8
f 984 270 946
f 946 270 243
f 6232 5717 5887
f 5717 6232 6271
f 5717 6271 6233
f 6271 6232 6871
f 6271 6871 6233
f 6233 6871 6828
f 6828 6871 7519
f 7519 6871 7479
f 7519 7479 8231
f 8231 7479 8161
f 8231 8161 8896
f 8161 7479 7313
f 8896 8161 8811
f 8161 7313 8070
f 8161 8070 8811
f 8070 7313 7274
f 7274 7313 6490
f 7274 6490 6489
f 8896 8811 9363
f 8896 9363 9362
f 9362 9363 9816
f 9816 9363 9817
f 9363 8811 8738
f 8738 8811 8070
f 9363 8738 9327
f 8037 8070 7274
f 8070 8037 8738
f 9327 8738 8735
f 8735 8738 8037
f 9327 8735 9393
f 7230 7274 6489
f 7274 7230 8037
f 7230 6489 6567
f 9393 8735 8736
f 8735 8037 8038
f 8038 8037 7230
f 8735 8038 8736
f 9393 8736 9429
f 7230 6567 7195
f 7230 7195 8038
f 7195 6567 6650
f 6650 6567 6110
f 8038 7195 7982
f 8038 7982 8736
f 9429 8736 8637
f 8637 8736 7982
f 9429 8637 9278
f 7982 7195 7231
f 7231 7195 6650
f 8637 7982 7925
f 7925 7982 7231
f 9278 8637 8502
f 8502 8637 7925
f 9278 8502 9142
f 7925 7231 7232
f 8502 7925 7861
f 7861 7925 7232
f 9142 8502 8375
f 8375 8502 7861
f 9142 8375 8927
f 8375 7861 7835
f 7835 7861 7232
f 8927 8375 8282
f 8282 8375 7835
f 8927 8282 8689
f 8689 8282 8256
f 8256 8282 7835
f 8689 8256 8572
f 8572 8256 8216
f 8256 7835 7808
f 8256 7808 8216
f 7233 7835 7232
f 7835 7233 7808
f 8216 7808 7836
f 8216 7836 8217
f 8217 7836 8233
f 7957 8315 8233
f 7957 8233 7892
f 7892 8233 7836
f 7957 7892 7518
f 7518 7892 7478
f 7478 7892 7836
f 7518 7478 6930
f 7355 7836 7808
f 7836 7355 7478
f 6930 7478 6903
f 6903 7478 7355
f 6930 6903 6231
f 7355 7808 7275
f 7275 7808 7233
f 6903 7355 6785
f 6785 7355 7275
f 6231 6903 6264
f 6264 6903 6785
f 6231 6264 153
f 153 6264 5803
f 6264 6785 6265
f 6264 6265 5803
f 6785 7275 6787
f 6787 7275 7233
f 6785 6787 6265
f 5803 6265 404
f 5803 404 943
f 404 6265 82
f 82 6265 6339
f 6339 6265 6787
f 82 6339 5804
f 5804 6339 5884
f 5884 6339 6111
f 6339 6787 6652
f 6339 6652 6111
f 6652 6787 7233
f 6652 7233 7232
f 6652 7232 6726
f 6652 6726 6111
f 6726 7232 7231
f 6726 7231 6650
f 6111 6726 6109
f 6109 6726 6650
f 6111 6109 49
f 6109 6650 6110
f 6109 6110 6
f 6109 6 49
f 6 6110 5685
f 6 5685 516
f 49 6 602
f 602 6 516
f 602 516 1229
f 49 602 563
f 602 1229 1046
f 602 1046 563
f 563 1046 761
f 1799 1844 1152
f 1152 1844 1226
f 1799 1152 1045
f 1799 1045 1713
f 1713 1045 984
f 1713 984 1590
f 1590 984 946
f 1590 946 1349
f 1349 946 814
f 1349 814 1088
f 1088 814 909
f 814 946 243
f 909 814 566
f 909 566 271
f 566 814 122
f 566 122 271
f 122 814 243
f 271 122 5640
f 5640 122 5913
f 5913 122 5718
f 5718 122 243
f 5718 243 8
f 8 243 270
f 5639 5887 8
f 5888 5850 5964
f 5888 5964 6027
f 5888 6027 5887
f 5887 6027 6069
f 5964 5850 6149
f 5964 6149 6025
f 6025 6149 6567
f 6025 6567 6489
f 6027 5964 6025
f 6027 6025 6069
f 5850 5753 6149
f 6149 5753 6110
f 6110 5753 5685
f 6149 6110 6567
f 563 761 268
f 5803 943 153
f 153 943 942
f 7518 7582 8041
f 8041 7582 7581
f 7518 8041 7957
f 7957 8041 8315
f 8315 8041 8347
f 8347 8041 8089
f 8315 8347 8574
f 8347 8089 8316
f 8347 8316 8639
f 8316 8089 8071
f 8316 8071 8348
f 8316 8348 8437
f 8348 8071 7985
f 8348 7985 8283
f 8315 8574 8537
f 8537 8574 8693
f 8315 8537 8233
f 8537 8693 8772
f 8772 8693 8952
f 8233 8537 8538
f 8233 8538 8217
f 8772 8952 8953
f 8537 8772 8741
f 8537 8741 8538
f 8741 8772 8953
f 8217 8538 8573
f 8573 8538 8741
f 8217 8573 8216
f 8573 8741 8773
f 8773 8741 8953
f 8573 8773 8899
f 8899 8773 9021
f 9021 8773 8955
f 8955 8773 8953
f 8955 8953 9022
f 8572 8216 8573
f 8572 8573 8740
f 8740 8573 8899
f 8572 8740 8689
f 8740 8899 9105
f 8689 8740 8991
f 8991 8740 9105
f 8689 8991 9224
f 8689 9224 8927
f 8991 9105 9365
f 8991 9365 9224
f 9105 8899 9172
f 8927 9224 9545
f 9172 8899 9021
f 8927 9545 9142
f 9545 9224 9664
f 9664 9224 9365
f 9142 9545 9750
f 9142 9750 9278
f 9278 9750 9935
f 9935 9750 10205
f 9750 9545 9957
f 9750 9957 10205
f 9957 9545 9664
f 10205 9957 10376
f 10376 9957 10178
f 10178 9957 9664
f 10376 10178 10311
f 10311 10178 10179
f 10178 9664 9751
f 10178 9751 10179
f 9751 9664 9365
f 10179 9751 9886
f 9751 9365 9430
f 9751 9430 9886
f 9430 9365 9105
f 9430 9105 9172
f 10179 9886 9819
f 9819 9886 9579
f 9819 9579 9110
f 9110 9579 9328
f 9328 9579 9886
f 9110 9328 8996
f 9546 9886 9430
f 9886 9546 9328
f 9546 9430 9172
f 9546 9172 9256
f 9546 9256 9328
f 9256 9172 9021
f 8996 9328 9108
f 9108 9328 9256
f 9256 9021 9107
f 9256 9107 9108
f 9107 9021 8955
f 9107 8955 9022
f 9108 9107 8960
f 8856 8960 9022
f 8813 8996 9108
f 8996 8813 8439
f 9108 8960 8779
f 9108 8779 8813
f 8779 8960 8856
f 8779 8856 8605
f 8813 8779 8410
f 8410 8779 8380
f 6025 6489 6490
f 6025 6490 6069
f 6069 6490 6651
f 6651 6490 7313
f 6651 7313 7479
f 6651 7479 6871
f 6651 6871 6232
f 6651 6232 6069
f 6069 6232 5887
f 8231 8896 8344
f 8231 8344 7519
f 7519 8344 7613
f 7613 8344 7580
f 8344 8896 9141
f 7580 8344 8469
f 8469 8344 9141
f 7580 8469 7611
f 9141 8896 9362
f 7611 8469 8534
f 8469 9141 9361
f 8469 9361 8534
f 8534 9361 9428
f 8534 9428 9471
f 7611 8534 7609
f 8534 9471 8531
f 8534 8531 7609
f 8531 9471 9325
f 7609 8531 8468
f 8468 8531 9325
f 7609 8468 7644
f 7609 7644 6609
f 8468 9325 8372
f 8372 9325 9139
f 7644 8468 7669
f 7644 7669 6609
f 7669 8468 8372
f 6609 7669 6722
f 8372 9139 8950
f 6722 7669 7668
f 7668 7669 8372
f 8372 8950 8313
f 8372 8313 7668
f 8313 8950 7891
f 8313 7891 7668
f 7891 8950 8733
f 7891 8733 8499
f 6722 7668 6866
f 6722 6866 6022
f 7668 7891 7107
f 7668 7107 6866
f 7891 8499 7980
f 7980 8499 8067
f 8067 8499 8252
f 7891 7980 7272
f 7891 7272 7107
f 7980 8067 7643
f 7643 8067 8252
f 7980 7643 7272
f 7643 8252 8065
f 7643 8065 7167
f 7643 7167 7272
f 7167 8065 7954
f 7272 7167 6783
f 7272 6783 7107
f 6783 7167 6229
f 6455 6866 7107
f 6455 7107 6783
f 6866 6455 6022
f 6783 6229 5991
f 5991 6229 151
f 6455 6783 47
f 47 6783 5991
f 6022 6455 317
f 317 6455 47
f 6022 317 5680
f 5680 317 597
f 5991 151 438
f 5991 438 47
f 438 151 1039
f 438 1039 1263
f 438 1263 807
f 1263 1039 2275
f 1222 317 47
f 317 1222 597
f 597 1222 1744
f 1222 47 899
f 1222 899 1943
f 7519 7613 6786
f 7519 6786 6828
f 6786 7613 7580
f 6828 6786 6459
f 6459 6786 6147
f 6459 6147 6190
f 6147 6786 3
f 6786 7580 6611
f 6786 6611 3
f 6611 7580 6525
f 6525 7580 7611
f 3 6611 79
f 79 6611 6525
f 3 79 901
f 6525 7611 6524
f 6524 7611 7609
f 6524 7609 6609
f 6525 6524 77
f 77 6524 6609
f 6525 77 79
f 77 6609 5680
f 5680 6609 6722
f 5680 6722 6022
f 79 77 652
f 79 652 901
f 77 5680 402
f 77 402 652
f 402 5680 809
f 809 5680 597
f 652 402 1443
f 652 1443 901
f 402 809 1041
f 809 597 1744
f 1041 809 1990
f 809 1744 1904
f 809 1904 1990
f 2138 1443 1990
f 1990 1904 2808
f 1990 2808 2138
f 1904 1744 2422
f 1904 2422 2808
f 2422 1744 2373
f 2373 1744 1222
f 2808 2422 3630
f 3630 2422 2373
f 2373 1222 2185
f 2185 1222 1943
f 3630 2373 3502
f 2185 1943 3401
f 2185 3401 3502
f 3401 1943 1545
f 1545 1943 899
f 1545 899 807
f 807 899 47
f 807 47 438
f 1545 807 1263
f 1545 1263 2275
f 1545 2275 2477
f 1545 2477 3401
f 2477 2275 3029
f 2477 3029 3401
f 3029 2275 3532
f 3532 2275 2273
f 3401 3029 4101
f 3029 3532 3742
f 3029 3742 4101
f 3742 3532 4012
f 3401 4101 4136
f 3401 4136 3502
f 4101 3742 4279
f 4279 3742 4012
f 4136 4101 4321
f 4321 4101 4279
f 3502 4136 4102
f 4102 4136 4281
f 4281 4136 4321
f 3502 4102 4283
f 4283 4102 4281
f 3502 4283 3630
f 4281 4321 4434
f 3630 4283 4365
f 4283 4281 4497
f 4281 4434 4787
f 4281 4787 4497
f 4434 4321 4495
f 4434 4495 4787
f 4495 4321 4432
f 4432 4321 4279
f 4283 4497 4530
f 4283 4530 4365
f 4530 4497 4789
f 4789 4497 4787
f 4365 4530 4499
f 4499 4530 4789
f 4432 4279 4625
f 4625 4279 4012
f 4627 4495 4432
f 4627 4432 4625
f 4495 4627 4651
f 4495 4651 4787
f 4651 4627 5029
f 4787 4651 5159
f 5159 4651 5029
f 5029 4627 5085
f 5085 4627 4625
f 5159 5029 5209
f 5159 5209 5292
f 5209 5029 5236
f 5236 5029 5085
f 5159 5292 5161
f 5159 5161 4787
f 5161 5292 5275
f 4787 5161 4789
f 5161 5275 5087
f 5161 5087 4789
f 5087 5275 5196
f 5087 5196 5214
f 4789 5087 4685
f 4789 4685 4499
f 5087 5214 5108
f 5087 5108 4685
f 5108 5214 5066
f 4685 5108 4629
f 4685 4629 4499
f 4629 5108 5066
f 5066 5214 5163
f 5066 5163 5031
f 5066 5031 4960
f 4960 5031 5009
f 4960 5009 4962
f 4960 4962 4653
f 5066 4960 4726
f 4726 4960 4653
f 5066 4726 4629
f 4726 4653 4284
f 4629 4726 4326
f 4326 4726 4284
f 4629 4326 4470
f 4629 4470 4499
f 4326 4284 4015
f 4326 4015 4369
f 4015 4284 3534
f 3534 4284 3785
f 3534 3785 3031
f 4499 4470 4323
f 4499 4323 4365
f 4367 4470 4369
f 4470 4367 4323
f 4367 4369 4063
f 4063 4369 4015
f 4323 4367 3930
f 3930 4367 4063
f 4365 4323 3817
f 3817 4323 3930
f 4365 3817 3630
f 3630 3817 2808
f 2808 3817 3930
f 2808 3930 3235
f 3235 3930 4063
f 3361 4063 4015
f 4063 3361 3235
f 3361 4015 3534
f 3235 3361 2337
f 3235 2337 2138
f 2138 2337 1443
f 3361 3534 2583
f 3361 2583 2337
f 2583 3534 3031
f 1443 2337 1770
f 1770 2337 2583
f 1443 1770 901
f 2583 3031 1945
f 2583 1945 1770
f 1770 1945 901
f 1945 3031 2082
f 901 1945 1079
f 1079 1945 2082
f 901 1079 3
f 1079 2082 1306
f 1079 1306 653
f 5887 5717 8
f 8 5717 5851
f 8 5851 5718
f 5718 5851 5997
f 5997 5851 6192
f 5851 5717 6233
f 5851 6233 6192
f 6192 6233 6828
f 5718 5997 5913
f 5913 5997 6192
f 6192 6828 6459
f 6192 6459 6190
f 6190 6147 5751
f 5751 6147 653
f 653 6147 3
f 653 3 1079
f 5751 653 361
f 5751 361 6190
f 6190 361 84
f 6190 84 6236
f 6236 84 5755
f 6236 5755 5913
f 5913 5755 324
f 5913 324 5640
f 5755 84 518
f 5755 518 324
f 5640 324 763
f 763 324 518
f 5640 763 271
f 271 763 605
f 605 763 1125
f 1125 763 1086
f 1086 763 518
f 1125 1086 1448
f 849 518 84
f 518 849 1086
f 849 84 361
f 1448 1086 1399
f 1399 1086 849
f 1448 1399 1843
f 1843 1399 2424
f 2424 1399 1877
f 1877 1399 849
f 2424 1877 3237
f 1877 849 1308
f 903 849 361
f 849 903 1308
f 903 361 653
f 1877 1308 1875
f 1875 1308 903
f 1877 1875 2375
f 903 653 1547
f 903 1547 1875
f 1547 653 1306
f 1547 1306 2082
f 2375 1875 2740
f 2740 1875 1547
f 2375 2740 3305
f 1547 2082 2305
f 1547 2305 2740
f 3305 2740 3819
f 3819 2740 2305
f 3305 3819 4016
f 4016 3819 4558
f 4558 3819 4402
f 2305 2082 3363
f 2305 3363 3819
f 3363 2082 3031
f 3363 3031 3785
f 3819 3363 4065
f 4065 3363 3785
f 3819 4065 4402
f 4065 3785 4532
f 4065 4532 4402
f 4402 4532 4791
f 6192 6190 6236
f 6192 6236 5913
f 159 523 570
f 159 570 160
f 159 160 5972
f 570 523 765
f 570 765 1051
f 1051 765 856
f 856 765 605
f 856 605 1125
f 856 1125 1268
f 1051 856 1352
f 1352 856 1268
f 1268 1125 1715
f 1268 1715 1352
f 1715 1125 1448
f 1715 1448 1843
f 1234 570 1051
f 1234 1051 1352
f 570 1234 951
f 570 951 160
f 1234 1352 1498
f 1715 1843 2141
f 2141 1843 2877
f 2877 1843 2424
f 2877 2424 3237
f 2141 2877 3035
f 1715 2141 2277
f 2277 2141 3035
f 1715 2277 1775
f 1715 1775 1352
f 1352 1775 1804
f 1352 1804 1498
f 1775 2277 2239
f 1775 2239 1804
f 2239 2277 2811
f 2811 2277 3035
f 2811 3035 3633
f 2239 2811 2090
f 3633 3035 4067
f 2239 2090 1805
f 2239 1805 1804
f 1804 1805 1498
f 1805 2090 1654
f 1498 1805 1595
f 1595 1805 1654
f 1498 1595 1234
f 1595 1654 1500
f 1234 1595 1408
f 1408 1595 1500
f 1234 1408 951
f 1408 1500 1192
f 1408 1192 951
f 1192 1500 1321
f 1192 1321 866
f 951 1192 480
f 1192 866 725
f 1192 725 480
f 951 480 160
f 725 866 100
f 725 100 480
f 100 866 169
f 169 866 170
f 480 100 5691
f 480 5691 160
f 160 5691 5972
f 5691 100 6242
f 5691 6242 5972
f 6242 100 6118
f 5972 6242 6420
f 1877 2375 3237
f 3237 2375 3305
f 3237 3305 3933
f 3933 3305 4169
f 4169 3305 4016
f 3237 3933 4687
f 4687 3933 4169
f 4169 4016 4558
f 4169 4558 4752
f 4169 4752 4687
f 4402 4791 4558
f 4752 4558 5037
f 5037 4558 4791
f 4752 5037 5013
f 4752 5013 4687
f 5037 4791 5126
f 5037 5126 5013
f 5126 4791 5011
f 5033 5123 5011
f 5011 5123 5225
f 5011 5225 5126
f 5225 5123 5165
f 5225 5165 5240
f 5225 5240 5242
f 5225 5242 5228
f 5126 5225 5143
f 5143 5225 5228
f 5126 5143 5013
f 5143 5228 4966
f 5143 4966 5013
f 4966 5228 5089
f 5013 4966 4687
f 4966 5089 4067
f 4966 4067 4687
f 4067 5089 4594
f 4687 4067 3822
f 3822 4067 3035
f 4687 3822 3237
f 3822 3035 2877
f 3822 2877 3237
f 4532 3785 4284
f 4532 4284 4653
f 4532 4653 4832
f 4832 4653 4962
f 4532 4832 5011
f 4532 5011 4791
f 5011 4832 5033
f 5033 4832 4962
f 5033 4962 5009
f 5089 5228 5127
f 5127 5228 5242
f 5089 5127 4755
f 5089 4755 4594
f 5127 5242 5070
f 4594 4755 4173
f 4755 5127 4691
f 4691 5127 5070
f 4755 4691 4173
f 5070 5242 5200
f 5200 5242 5240
f 5200 5240 5182
f 5182 5240 5167
f 5200 5182 5039
f 5070 5200 4901
f 4901 5200 5039
f 5070 4901 4691
f 4901 5039 4689
f 4689 5039 4794
f 4901 4689 4534
f 4901 4534 4691
f 4691 4534 4172
f 4691 4172 4213
f 4691 4213 4173
f 4213 4172 3589
f 4213 3589 4173
f 3589 4172 3503
f 3589 3503 2587
f 3589 2587 2627
f 2627 2587 1883
f 2627 1883 1954
f 4173 3589 3454
f 3454 3589 2627
f 3454 2627 2378
f 4173 3454 3973
f 4173 3973 4594
f 4594 3973 4067
f 4067 3973 3633
f 3973 3454 3095
f 3973 3095 3633
f 3095 3454 2378
f 3633 3095 2678
f 3633 2678 2811
f 3095 2378 2036
f 1808 2378 2627
f 1808 2627 1954
f 2811 2678 2309
f 2678 3095 1779
f 1779 3095 2036
f 2811 2309 2090
f 1808 1954 1555
f 1555 1954 1450
f 1808 1555 1560
f 1655 2036 1808
f 1655 1808 1560
f 2036 1655 1779
f 1655 1560 1319
f 1779 1655 1236
f 1779 1236 1502
f 1779 1502 2309
f 2309 1502 1809
f 2309 1809 2090
f 1809 1502 1356
f 2090 1809 1778
f 2090 1778 1654
f 1809 1356 1455
f 1809 1455 1778
f 1654 1778 1503
f 1503 1778 1455
f 1654 1503 1500
f 1455 1356 1130
f 1455 1130 1503
f 1500 1503 1270
f 1270 1503 1130
f 1500 1270 1321
f 1321 1270 866
f 866 1270 867
f 867 1270 1130
f 866 867 170
f 170 867 65
f 867 1130 674
f 867 674 65
f 724 1130 1356
f 1130 724 674
f 724 1356 820
f 724 820 213
f 65 674 278
f 278 674 724
f 65 278 5812
f 5812 278 6204
f 6204 278 5923
f 278 724 60
f 278 60 5923
f 60 724 213
f 5923 60 6467
f 60 213 5860
f 60 5860 6201
f 6201 5860 6308
f 2036 2378 1808
f 2309 2678 1779
f 1236 1655 1319
f 1236 1319 999
f 1319 1560 1053
f 1555 1157 1560
f 1560 1157 1159
f 1560 1159 1053
f 664 666 1159
f 1159 666 1053
f 1053 666 449
f 1319 1053 999
f 1053 449 607
f 1053 607 999
f 607 449 162
f 999 607 453
f 98 6000 162
f 162 6000 6240
f 162 6240 5858
f 607 162 211
f 211 162 5858
f 607 211 453
f 211 5858 6499
f 6499 5858 6656
f 211 6499 6308
f 211 6308 453
f 6308 6499 6761
f 453 6308 5860
f 453 5860 213
f 6308 6761 6467
f 6308 6467 6201
f 6201 6467 60
f 6467 6761 7115
f 453 213 722
f 453 722 999
f 999 722 1236
f 722 213 820
f 1236 722 1502
f 1502 722 820
f 1502 820 1356
f 5923 6467 6204
f 6204 6467 6883
f 6883 6467 7115
f 6204 6883 6574
f 6204 6574 6311
f 6204 6311 5812
f 6574 6883 6835
f 6574 6835 6311
f 5812 6311 65
f 6883 7115 7039
f 6883 7039 6835
f 7039 7115 7398
f 65 6311 6159
f 65 6159 170
f 170 6159 6077
f 6159 6311 6468
f 6159 6468 6077
f 170 6077 169
f 169 6077 6076
f 169 6076 100
f 100 6076 6118
f 6118 6076 6382
f 6382 6076 6077
f 6118 6382 6421
f 6500 6242 6421
f 6500 6421 6731
f 6731 6421 6660
f 6660 6421 6382
f 6731 6660 7238
f 6731 7238 7204
f 7204 7238 7756
f 7756 7238 7867
f 7238 6660 7285
f 7238 7285 7867
f 6660 6382 6623
f 6660 6623 7285
f 6623 6382 6624
f 7285 6623 7319
f 7319 6623 6624
f 6624 6382 6383
f 6383 6382 6077
f 6383 6077 6468
f 6624 6383 6699
f 6699 6383 6468
f 7319 6624 7362
f 7362 6624 6699
f 8045 7285 7319
f 7319 7362 8093
f 7319 8093 8045
f 7362 6699 7454
f 6699 6468 6886
f 6699 6886 7454
f 6886 6468 6626
f 6626 6468 6311
f 6626 6311 6835
f 6886 6626 7015
f 7015 6626 6835
f 6886 7015 7454
f 7015 6835 7239
f 7239 6835 7039
f 7239 7039 7398
f 7015 7239 7558
f 7015 7558 7454
f 7558 7239 7675
f 7675 7239 7398
f 7675 7398 7757
f 7558 7675 8144
f 7675 7757 8143
f 7675 8143 8144
f 7757 7398 7938
f 7757 7938 8143
f 8145 7454 7558
f 8145 7558 8144
f 8145 8144 8662
f 8662 8144 8608
f 8608 8144 8143
f 8145 8662 8781
f 7454 8145 8146
f 8146 8145 8781
f 7454 8146 7362
f 8146 8781 8817
f 7362 8146 8093
f 8093 8146 8817
f 8093 8817 8782
f 8093 8782 8045
f 8045 8782 8663
f 8663 8782 9260
f 8663 9260 9200
f 8045 8663 7962
f 8045 7962 7285
f 7285 7962 7867
f 7962 8663 8548
f 7962 8548 7867
f 8548 8663 9200
f 7867 8548 8411
f 8548 9200 9076
f 8411 8548 8932
f 8932 8548 9076
f 6694 6420 6242
f 6694 6242 6500
f 6694 6500 6731
f 6694 6731 6882
f 6694 6882 6881
f 6881 6882 7070
f 7070 6882 7203
f 7204 7203 6731
f 7070 7203 7528
f 7203 7204 7756
f 7528 7203 7654
f 7654 7203 7756
f 7528 7654 8121
f 7528 8121 7935
f 7935 8121 8547
f 7935 8547 8349
f 8547 8121 8814
f 8121 7654 8234
f 8121 8234 8814
f 8234 7654 7756
f 8814 8234 8932
f 8932 8234 8411
f 8411 8234 7756
f 8411 7756 7867
f 6421 6242 6118
f 7203 6882 6731
f 8932 9076 9367
f 9367 9076 9200
f 9367 9200 9474
f 9367 9474 9778
f 9474 9200 9260
f 9474 9260 9512
f 9512 9260 9476
f 9476 9260 9259
f 9259 9260 8782
f 9476 9259 9432
f 9259 8782 8817
f 9432 9259 9199
f 9199 9259 8817
f 9432 9199 9283
f 9199 8817 8781
f 9199 8781 9114
f 9199 9114 9283
f 9114 8781 8662
f 9114 8662 9283
f 9283 8662 8608
f 8932 9367 9258
f 8932 9258 8814
f 8814 9258 9048
f 9048 9258 9778
f 8814 9048 8547
f 8547 9048 8696
f 8547 8696 8349
f 8349 8696 8661
f 9258 9367 9778
f 7281 7237 7652
f 7652 7237 7619
f 7281 7652 7730
f 7652 7619 7863
f 7652 7863 7730
f 7894 7619 7960
f 7619 7894 7863
f 7863 7894 8015
f 7863 8015 8165
f 7730 7863 8018
f 8018 7863 8165
f 7730 8018 7755
f 7730 7755 7202
f 8165 8015 8285
f 7755 8018 8042
f 7755 8042 7525
f 8018 8165 8321
f 8018 8321 8042
f 7525 8042 7931
f 7525 7931 7651
f 7931 8042 8287
f 7931 8287 7651
f 8287 8042 8321
f 7651 8287 8074
f 7651 8074 7173
f 7173 8074 7724
f 7173 7724 6792
f 8074 8287 8218
f 8218 8287 8379
f 8379 8287 8321
f 8218 8379 8284
f 8379 8321 8320
f 8320 8321 8165
f 8320 8165 8285
f 8379 8320 8378
f 8318 8284 8378
f 8318 8378 8437
f 8437 8378 8470
f 8470 8378 8320
f 8437 8470 8540
f 8470 8320 8602
f 8602 8320 8541
f 8541 8320 8285
f 8602 8541 8775
f 8541 8285 8543
f 8543 8285 8257
f 8543 8257 8605
f 8541 8543 8777
f 8777 8543 8605
f 8541 8777 8776
f 8776 8777 8956
f 8776 8956 8901
f 8777 8605 8778
f 8778 8605 8856
f 8778 8856 9022
f 8777 8778 8994
f 8777 8994 8956
f 8994 8778 9022
f 8956 8994 8952
f 8994 9022 8953
f 8994 8953 8952
f 8015 7894 8257
f 8015 8257 8285
f 8257 7894 8380
f 8380 7894 7960
f 8380 7960 8410
f 8257 8380 8605
f 8605 8380 8779
f 8813 8410 8439
f 8996 8439 9110
f 9022 8960 9107
f 8901 8956 8952
f 8901 8952 8855
f 8855 8952 8693
f 8855 8693 8574
f 8855 8574 8742
f 8855 8742 8901
f 8742 8574 8347
f 8742 8347 8639
f 8901 8742 8775
f 8775 8742 8639
f 8901 8775 8776
f 8776 8775 8541
f 8775 8639 8602
f 8602 8639 8540
f 8602 8540 8470
f 8540 8639 8316
f 8540 8316 8437
f 10311 10179 9819
f 9198 9819 9110
f 9819 9198 9888
f 9819 9888 10311
f 9888 9198 9174
f 9888 9174 9818
f 10311 9888 10287
f 10287 9888 9818
f 10311 10287 10376
f 10376 10287 10343
f 10343 10287 10239
f 10287 9818 10208
f 10287 10208 10239
f 10208 9818 9615
f 10208 9615 9959
f 10208 9959 10148
f 10208 10148 10239
f 10239 10148 10177
f 9278 9935 9429
f 9429 9935 9913
f 9429 9913 9393
f 9913 9935 10204
f 9393 9913 9848
f 9848 9913 10204
f 10204 9935 10205
f 9393 9848 9327
f 10204 10205 10343
f 10343 10205 10376
f 10204 10343 10239
f 10204 10239 10116
f 10204 10116 9848
f 10116 10239 10177
f 9327 9848 9817
f 9327 9817 9363
f 9848 10116 10054
f 10054 10116 10177
f 9848 10054 9817
f 10054 10177 10147
f 10054 10147 10025
f 10054 10025 9817
f 9817 10025 9816
f 10025 10147 10398
f 10398 10147 10209
f 10025 10398 10425
f 10025 10425 9816
f 9816 10425 10465
f 10177 10148 10209
f 10209 10148 9959
f 10425 10398 10656
f 10425 10656 10465
f 9816 10465 10524
f 9816 10524 10023
f 10023 10524 10309
f 10309 10524 10687
f 10687 10524 10465
f 10309 10687 10654
f 10465 10656 10675
f 10465 10675 10687
f 10675 10656 10713
f 10654 10687 10750
f 10687 10675 10731
f 10731 10675 10713
f 10687 10731 10751
f 10687 10751 10750
f 10751 10731 10784
f 10784 10731 10713
f 10654 10750 10554
f 10751 10784 10805
f 10751 10805 10750
f 10805 10784 10820
f 10805 10820 10834
f 10805 10834 10809
f 10805 10809 10750
f 10820 10784 10780
f 10750 10809 10771
f 10780 10784 10764
f 10764 10784 10713
f 10750 10771 10722
f 10750 10722 10554
f 10722 10771 10685
f 10722 10685 10554
f 10685 10771 10729
f 10780 10764 10694
f 10694 10764 10713
f 10780 10694 10735
f 10694 10713 10668
f 10694 10668 10618
f 10668 10713 10605
f 10605 10713 10656
f 10605 10656 10398
f 10668 10605 10597
f 10597 10605 10398
f 10668 10597 10628
f 10628 10597 10584
f 10597 10398 10468
f 10597 10468 10538
f 10468 10398 10209
f 10538 10468 10377
f 10377 10468 10209
f 10538 10377 10180
f 9580 9778 10180
f 9580 10180 9990
f 9990 10180 10377
f 9580 9990 9281
f 10377 10209 10240
f 10377 10240 9990
f 9281 9990 9777
f 9777 9990 10240
f 9281 9777 9111
f 9281 9111 8661
f 9777 10240 10055
f 10055 10240 10209
f 9111 9777 9616
f 9616 9777 10055
f 9111 9616 9615
f 10055 10209 9960
f 10055 9960 9616
f 9616 9960 9615
f 9960 10209 9959
f 9960 9959 9615
f 10147 10177 10209
f 9075 9111 9615
f 8661 8696 9281
f 9281 8696 9580
f 9580 8696 9048
f 9580 9048 9778
f 10538 10180 10312
f 10312 10180 9778
f 10312 9778 9936
f 10312 9936 10402
f 10312 10402 10538
f 10402 9936 9991
f 10538 10402 10584
f 10538 10584 10597
f 10402 9991 10429
f 10402 10429 10584
f 10429 9991 9963
f 10429 9963 9889
f 10584 10429 10568
f 10584 10568 10628
f 10628 10568 10618
f 10628 10618 10668
f 10618 10568 10526
f 10568 10429 10313
f 10313 10429 9889
f 10568 10313 10526
f 10313 9889 10149
f 10149 9889 9695
f 10313 10149 10526
f 10526 10149 10378
f 10618 10526 10694
f 10694 10526 10689
f 10689 10526 10630
f 10689 10630 10709
f 10694 10689 10735
f 10735 10689 10709
f 10735 10709 10744
f 10735 10744 10785
f 10735 10785 10780
f 10780 10785 10820
f 10820 10785 10823
f 10820 10823 10834
f 10834 10823 10841
f 10841 10823 10816
f 10816 10823 10821
f 10821 10823 10829
f 9936 9778 9474
f 9936 9474 9991
f 9991 9474 9512
f 9991 9512 9963
f 9963 9512 9476
f 9963 9476 9889
f 9889 9476 9432
f 9889 9432 9283
f 9889 9283 9695
f 9816 10023 9362
f 9362 10023 9577
f 9362 9577 9141
f 9577 10023 10309
f 9141 9577 9987
f 9987 9577 10309
f 9987 10309 10654
f 9987 10654 10554
f 10809 10834 10841
f 10809 10841 10814
f 10814 10841 10816
f 10814 10816 10797
f 10809 10814 10771
f 10814 10797 10782
f 10814 10782 10771
f 10771 10782 10729
f 10489 10554 10685
f 10489 10685 10374
f 10554 10489 10089
f 10089 10489 10374
f 10554 10089 10090
f 10554 10090 9987
f 10090 10089 9471
f 10090 9471 9428
f 10090 9428 9987
f 9987 9428 9361
f 9987 9361 9141
f 9471 10089 9325
f 9325 10089 9985
f 9985 10089 10374
f 9325 9985 9815
f 9815 9985 10374
f 9325 9815 9139
f 9139 9815 8950
f 8950 9815 9575
f 8950 9575 8733
f 9575 9815 10086
f 8733 9575 9276
f 9276 9575 10086
f 8733 9276 8499
f 8499 9276 9042
f 8499 9042 8252
f 9042 9276 9846
f 9846 9276 10086
f 8252 9042 8769
f 9042 9846 9573
f 9042 9573 8769
f 9573 9846 10084
f 10084 9846 10086
f 10084 10086 10305
f 8252 8769 8065
f 8769 9573 9196
f 8065 8769 8497
f 8769 9196 8924
f 8769 8924 8497
f 8065 8497 8280
f 8280 8497 8924
f 8065 8280 7954
f 7167 7954 7135
f 7135 7954 7888
f 7888 7954 8280
f 7135 7888 7833
f 7833 7888 8280
f 7135 7833 7133
f 7133 7833 7106
f 7106 7833 7831
f 7106 7831 7132
f 7833 8280 8138
f 7833 8138 7831
f 7132 7831 7859
f 7132 7859 7163
f 7163 7859 7921
f 7921 7859 8311
f 7859 7831 8193
f 8193 7831 8138
f 8311 7859 8229
f 8229 7859 8193
f 8311 8229 8629
f 8193 8138 8405
f 8193 8405 8229
f 8405 8138 8280
f 8629 8229 8529
f 8529 8229 8405
f 8629 8529 8656
f 8656 8529 8405
f 8629 8656 8808
f 8808 8656 8850
f 8405 8280 8658
f 8658 8280 8924
f 8656 8405 8570
f 8570 8405 8658
f 8850 8656 8989
f 8989 8656 8570
f 8570 8658 9194
f 8570 9194 8989
f 9194 8658 8924
f 8850 8989 9319
f 9319 8989 9610
f 9610 8989 9194
f 8850 9319 9137
f 8850 9137 8892
f 9610 9194 9808
f 8892 9137 9069
f 9069 9137 9192
f 9192 9137 9358
f 9069 9192 9133
f 9808 9194 9321
f 9321 9194 8924
f 9321 8924 9196
f 9808 9321 9508
f 9508 9321 9196
f 9508 9196 9810
f 9808 9508 9955
f 9955 9508 10145
f 9196 9573 9810
f 9810 9573 10084
f 10550 10084 10305
f 9810 10084 10372
f 10372 10084 10550
f 9508 9810 10145
f 10145 9810 10372
f 10372 10550 10612
f 10612 10550 10642
f 10145 10372 10283
f 10145 10283 9955
f 10372 10612 10506
f 10372 10506 10283
f 9955 10283 10051
f 9955 10051 9808
f 10283 10506 10553
f 10553 10506 10612
f 10051 10283 10307
f 10307 10283 10553
f 9808 10051 9881
f 9808 9881 9610
f 10051 10307 9981
f 10051 9981 9881
f 9981 10307 9812
f 9981 9812 9881
f 10307 10553 10340
f 9610 9881 9661
f 9610 9661 9319
f 9661 9881 9612
f 9612 9881 9812
f 9319 9661 9358
f 9319 9358 9137
f 9661 9612 9323
f 9661 9323 9358
f 9612 9812 9692
f 9612 9692 9427
f 9612 9427 9323
f 9692 9812 9934
f 9323 9427 9103
f 9323 9103 8768
f 9934 9812 9983
f 9983 9812 10307
f 9934 9983 10262
f 9983 10307 10340
f 9983 10340 10262
f 9323 8768 9071
f 9323 9071 9358
f 9071 8768 8655
f 9358 9071 9192
f 9071 8655 8949
f 9071 8949 9192
f 10262 10340 10583
f 10583 10340 10626
f 10583 10626 10708
f 10626 10340 10652
f 10708 10626 10716
f 10708 10716 10742
f 10626 10652 10714
f 10652 10340 10644
f 10652 10644 10714
f 10644 10340 10553
f 10644 10553 10612
f 10716 10626 10748
f 10748 10626 10714
f 10644 10612 10706
f 10644 10706 10714
f 10706 10612 10682
f 10682 10612 10642
f 10682 10642 10727
f 10682 10727 10706
f 10727 10642 10692
f 10706 10727 10740
f 10714 10706 10754
f 10754 10706 10740
f 10740 10727 10773
f 10740 10773 10754
f 10773 10727 10760
f 10714 10754 10762
f 10714 10762 10748
f 10754 10773 10777
f 10754 10777 10762
f 10777 10773 10801
f 10762 10777 10795
f 10795 10777 10836
f 10748 10762 10794
f 10794 10762 10795
f 10795 10836 10831
f 10795 10831 10794
f 10831 10836 10857
f 10831 10857 10853
f 10831 10853 10839
f 10831 10839 10803
f 10831 10803 10794
f 10803 10839 10811
f 10803 10811 10779
f 10803 10779 10742
f 10794 10803 10768
f 10768 10803 10742
f 10794 10768 10748
f 10768 10742 10716
f 10768 10716 10748
f 7167 7135 6186
f 10260 10305 10086
f 10260 10086 9815
f 10260 9815 10374
f 10305 10260 10522
f 10305 10522 10550
f 10550 10522 10642
f 10642 10522 10692
f 10522 10260 10614
f 10614 10260 10374
f 10522 10614 10692
f 10614 10374 10685
f 10692 10614 10729
f 10729 10614 10685
f 10692 10729 10760
f 10760 10729 10782
f 10727 10692 10760
f 10760 10782 10791
f 10791 10782 10797
f 10773 10760 10791
f 10773 10791 10801
f 10801 10791 10832
f 10832 10791 10797
f 10832 10797 10849
f 10849 10797 10816
f 10849 10816 10855
f 10855 10816 10821
f 10849 10855 10861
f 10855 10821 10845
f 10849 10861 10863
f 10849 10863 10832
f 10832 10863 10857
f 10832 10857 10836
f 10832 10836 10801
f 10801 10836 10777
f 10845 10821 10829
f 10845 10829 10812
f 10812 10829 10789
f 10789 10829 10785
f 10785 10829 10823
f 10789 10785 10744
f 10789 10744 10709
f 10789 10709 10738
f 10738 10709 10630
f 10738 10630 10657
f 10657 10630 10314
f 10314 10630 10378
f 10314 10378 10149
f 10853 10857 10859
f 10859 10857 10863
f 10853 10859 10843
f 10853 10843 10839
f 10839 10843 10811
f 10811 10843 10818
f 10818 10843 10825
f 10825 10843 10859
f 10818 10825 10799
f 10859 10863 10851
f 10859 10851 10825
f 10851 10863 10861
f 10799 10825 10770
f 10851 10861 10827
f 10851 10827 10825
f 10770 10825 10787
f 10787 10825 10827
f 10770 10787 10719
f 10719 10787 10736
f 10736 10787 10827
f 10719 10736 10647
f 10847 10827 10861
f 10847 10861 10855
f 10847 10855 10845
f 10847 10845 10807
f 10847 10807 10827
f 10736 10827 10775
f 10775 10827 10807
f 10696 10647 10736
f 10736 10775 10724
f 10736 10724 10696
f 10724 10775 10807
f 10647 10696 10606
f 10606 10696 10724
f 10647 10606 10509
f 10812 10807 10845
f 10724 10807 10752
f 10752 10807 10812
f 10606 10724 10678
f 10789 10738 10812
f 10812 10738 10758
f 10812 10758 10752
f 10758 10738 10657
f 10724 10752 10690
f 10724 10690 10678
f 10752 10758 10676
f 10676 10758 10657
f 10752 10676 10690
f 10676 10657 10314
f 10690 10676 10539
f 10539 10676 10471
f 10690 10539 10557
f 10690 10557 10678
f 10678 10557 10403
f 10678 10403 10606
f 10094 10118 10557
f 10557 10118 10150
f 10150 10118 9937
f 10150 9937 9667
f 10606 10403 10211
f 10606 10211 10509
f 9993 10403 10557
f 9993 10557 10150
f 10211 10403 9851
f 9851 10403 9993
f 10509 10211 10404
f 10404 10211 9851
f 10509 10404 10607
f 10404 9851 9994
f 10607 10404 10558
f 10558 10404 9994
f 9994 9851 9780
f 10607 10558 10679
f 9779 9851 9993
f 9851 9779 9617
f 9617 9779 9479
f 9779 9993 9890
f 9890 9993 10150
f 9890 10150 9667
f 9479 9779 9619
f 9619 9779 9890
f 9479 9619 9368
f 9890 9667 9696
f 9890 9696 9619
f 9696 9667 9433
f 9619 9696 9514
f 9619 9514 9368
f 9514 9696 9517
f 9368 9514 9434
f 9434 9514 9517
f 9368 9434 9333
f 9434 9517 9403
f 9434 9403 9406
f 10742 10779 10804
f 10804 10779 10840
f 10840 10779 10811
f 10742 10804 10769
f 10742 10769 10708
f 10804 10840 10854
f 10769 10804 10837
f 10837 10804 10854
f 10769 10837 10796
f 10708 10769 10717
f 10717 10769 10796
f 10708 10717 10583
f 10717 10796 10749
f 10749 10796 10763
f 10583 10717 10627
f 10627 10717 10749
f 10749 10763 10715
f 10749 10715 10627
f 10583 10627 10262
f 10627 10715 10653
f 10262 10627 10341
f 10341 10627 10653
f 10653 10715 10645
f 10645 10715 10707
f 10653 10645 10341
f 10262 10341 9934
f 10341 10645 10552
f 9934 10341 9984
f 9934 9984 9692
f 10341 10552 10308
f 10341 10308 9984
f 10308 10552 10507
f 9692 9984 9813
f 9813 9984 10308
f 10308 10507 10284
f 10308 10284 10052
f 10308 10052 9982
f 10308 9982 9813
f 9982 10052 9882
f 9982 9882 9813
f 9692 9813 9427
f 9427 9813 9613
f 9613 9813 9882
f 9427 9613 9103
f 9613 9882 9324
f 9613 9324 9103
f 9324 9882 9662
f 9103 9324 8768
f 9324 9662 9072
f 9324 9072 8768
f 9072 9662 9359
f 8768 9072 8655
f 9072 9359 8988
f 9072 8988 8655
f 8988 9359 9193
f 8655 8988 9019
f 9019 8988 9193
f 8655 9019 8849
f 9019 9193 9134
f 10763 10796 10800
f 10800 10796 10838
f 10838 10796 10837
f 10763 10800 10778
f 10778 10800 10838
f 10763 10778 10755
f 10763 10755 10715
f 10838 10837 10858
f 10858 10837 10854
f 10838 10858 10802
f 10838 10802 10778
f 10755 10778 10741
f 10802 10858 10833
f 10778 10802 10792
f 10802 10833 10798
f 10833 10858 10864
f 10798 10833 10817
f 10833 10864 10850
f 10833 10850 10817
f 10850 10864 10856
f 10850 10856 10817
f 10817 10856 10822
f 10774 10778 10792
f 10778 10774 10741
f 10774 10792 10783
f 10783 10792 10815
f 10741 10774 10761
f 10761 10774 10783
f 10741 10761 10726
f 10842 10835 10815
f 10815 10835 10810
f 10815 10810 10783
f 10810 10835 10806
f 10761 10783 10772
f 10772 10783 10810
f 10761 10772 10730
f 10761 10730 10726
f 10772 10810 10756
f 10756 10810 10806
f 10730 10772 10723
f 10723 10772 10756
f 10730 10723 10684
f 10723 10756 10555
f 10723 10555 10684
f 10756 10806 10757
f 10757 10806 10734
f 10730 10684 10693
f 10730 10693 10726
f 10757 10734 10688
f 10688 10734 10667
f 10756 10757 10686
f 10686 10757 10688
f 10756 10686 10655
f 10756 10655 10555
f 10686 10688 10491
f 10491 10688 10667
f 10655 10686 10537
f 10537 10686 10491
f 10555 10655 9988
f 10655 10537 10342
f 10655 10342 9988
f 10342 10537 10053
f 10342 10053 9614
f 10053 10537 9847
f 9847 10537 10491
f 9394 9614 9847
f 10466 10491 10667
f 10491 10466 9847
f 10466 10667 10616
f 9847 10466 10092
f 10092 10466 10206
f 9394 9847 9883
f 9847 10092 10115
f 9847 10115 9883
f 10115 10092 10238
f 9394 9883 9397
f 10206 10466 10426
f 10426 10466 10616
f 10426 10616 10508
f 10508 10616 10617
f 10206 10426 10266
f 10266 10426 10508
f 10206 10266 10207
f 10266 10508 10288
f 10266 10288 10117
f 10117 10288 9849
f 10266 10117 10027
f 10117 9849 9694
f 10117 9694 10027
f 9914 9397 9883
f 9397 9914 9395
f 9914 9883 10176
f 10176 9883 10115
f 10176 10115 10310
f 9914 10176 10263
f 10263 10176 10427
f 10263 10427 10467
f 9395 9914 9989
f 9989 9914 10263
f 9395 9989 9509
f 10263 10467 10285
f 10263 10285 9989
f 9509 9989 10024
f 10024 9989 10285
f 9509 10024 9544
f 10285 10467 10264
f 9544 10024 9884
f 9884 10024 10285
f 9544 9884 9396
f 10285 10264 10093
f 10285 10093 9884
f 10093 10264 9776
f 10093 9776 9884
f 9396 9884 9663
f 9663 9884 9776
f 9396 9663 9223
f 9776 10264 9885
f 9885 10264 9958
f 9885 9958 9665
f 9885 9665 9578
f 9885 9578 9776
f 9578 9665 9398
f 9663 9776 9510
f 9510 9776 9578
f 9364 9223 9663
f 9364 9663 9510
f 9223 9364 9044
f 9578 9398 9279
f 9578 9279 9510
f 9279 9398 9226
f 9364 9510 9225
f 9225 9510 9279
f 9044 9364 9104
f 9104 9364 9225
f 9279 9226 9144
f 9279 9144 9225
f 9144 9226 9147
f 9225 9144 9045
f 9225 9045 9104
f 9144 9147 9073
f 9144 9073 9045
f 9073 9147 9146
f 9045 9073 8930
f 8930 9073 9106
f 9104 9045 8898
f 8898 9045 8930
f 8930 9106 8929
f 8929 9106 9143
f 8898 8930 8690
f 8690 8930 8929
f 9104 8898 8739
f 8739 8898 8690
f 9104 8739 8854
f 9104 8854 9044
f 8739 8690 8376
f 8739 8376 8407
f 8739 8407 8854
f 8376 8690 8345
f 8854 8407 8503
f 8854 8503 9044
f 9044 8503 8638
f 8345 8690 8692
f 8692 8690 8929
f 8345 8692 8346
f 8346 8692 8691
f 8346 8691 8377
f 8692 8929 8992
f 8692 8992 8691
f 8992 8929 9143
f 8377 8691 8504
f 8992 9143 9046
f 8691 8992 8928
f 8928 8992 9046
f 8691 8928 8771
f 8691 8771 8504
f 8771 8928 9046
f 8771 9046 8954
f 8954 9046 8993
f 8954 8993 8812
f 8771 8954 8900
f 8504 8771 8535
f 8535 8771 8900
f 8504 8535 8090
f 8535 8900 8774
f 8535 8774 8536
f 8536 8774 8660
f 8535 8536 8195
f 8195 8536 8232
f 8232 8536 8601
f 8232 8601 8255
f 8255 8601 8539
f 8255 8539 8162
f 8162 8539 8317
f 8317 8539 8408
f 7986 7649 8162
f 7986 8162 8317
f 8317 8408 8164
f 7986 8317 7702
f 8317 8164 8072
f 8317 8072 7702
f 8072 8164 7777
f 8072 7777 7702
f 7777 8164 7929
f 7777 7929 7672
f 7702 7777 7441
f 7777 7672 7584
f 7777 7584 7441
f 7441 7584 7234
f 10715 10755 10741
f 10860 10854 10840
f 10854 10860 10864
f 10860 10840 10844
f 10844 10840 10811
f 10844 10811 10818
f 10844 10818 10826
f 10844 10826 10860
f 10826 10818 10799
f 10860 10826 10852
f 10860 10852 10862
f 10852 10826 10828
f 10826 10799 10788
f 10826 10788 10828
f 10788 10799 10770
f 10828 10788 10776
f 10788 10770 10737
f 10788 10737 10776
f 10737 10770 10719
f 10776 10737 10725
f 10737 10719 10647
f 10725 10737 10697
f 10697 10737 10647
f 10725 10697 10607
f 10607 10697 10647
f 10725 10607 10679
f 10607 10647 10509
f 10858 10854 10864
f 10802 10798 10792
f 10856 10864 10862
f 10862 10864 10860
f 10856 10862 10846
f 10856 10846 10822
f 10846 10862 10848
f 10846 10848 10813
f 10822 10846 10830
f 10830 10846 10813
f 10817 10822 10824
f 10817 10824 10842
f 10842 10824 10835
f 10824 10822 10786
f 10835 10824 10819
f 10824 10786 10781
f 10824 10781 10819
f 10835 10819 10793
f 10835 10793 10806
f 10806 10793 10734
f 10793 10819 10765
f 10765 10819 10781
f 10734 10793 10718
f 10718 10793 10765
f 10734 10718 10667
f 10667 10718 10616
f 10616 10718 10671
f 10765 10781 10743
f 10743 10781 10786
f 10718 10765 10702
f 10718 10702 10671
f 10702 10765 10743
f 10616 10671 10646
f 10646 10671 10702
f 10616 10646 10617
f 10743 10786 10745
f 10745 10786 10830
f 10702 10743 10695
f 10695 10743 10745
f 10745 10830 10790
f 10790 10830 10813
f 10695 10745 10710
f 10710 10745 10790
f 10702 10695 10525
f 10790 10813 10739
f 10790 10739 10710
f 10695 10710 10631
f 10631 10710 10739
f 10695 10631 10525
f 10629 10646 10702
f 10629 10702 10525
f 10646 10629 10598
f 10646 10598 10617
f 10629 10525 10585
f 10629 10585 10598
f 10598 10585 10469
f 10469 10585 10470
f 10470 10585 10525
f 10598 10469 10379
f 10617 10598 10556
f 10556 10598 10379
f 10470 10525 10345
f 10617 10556 10428
f 10617 10428 10508
f 10508 10428 10288
f 10470 10345 9992
f 9992 10345 9916
f 10345 10525 10181
f 10470 9992 10028
f 10470 10028 10469
f 10469 10028 10379
f 10181 10525 10401
f 10401 10525 10631
f 10181 10401 10058
f 10181 10058 9729
f 10401 10631 10658
f 10658 10631 10739
f 9478 9282 9729
f 9478 9729 10058
f 9478 10058 9331
f 9331 10058 9965
f 10401 10658 10315
f 10401 10315 10058
f 9965 10058 10472
f 10472 10058 10315
f 10472 10315 10677
f 10677 10315 10658
f 10472 10677 10691
f 10759 10658 10739
f 10658 10759 10677
f 10759 10739 10813
f 10677 10759 10753
f 10677 10753 10691
f 10759 10813 10808
f 10759 10808 10753
f 10808 10813 10848
f 10808 10848 10828
f 10808 10828 10776
f 10808 10776 10753
f 10753 10776 10725
f 10753 10725 10691
f 10691 10725 10679
f 10540 10472 10691
f 10540 10691 10679
f 10540 10679 10558
f 10540 10558 10059
f 10540 10059 9965
f 10059 10558 10119
f 10119 10558 10151
f 10119 10151 9917
f 10119 9917 9175
f 9917 10151 9891
f 9891 10151 9780
f 9917 9891 9618
f 9891 9780 9697
f 9891 9697 9618
f 9697 9780 9620
f 9618 9697 9399
f 9618 9399 9049
f 9049 9399 8933
f 8933 9399 8818
f 9399 9697 9232
f 9399 9232 8818
f 9697 9620 9518
f 9697 9518 9232
f 9518 9620 9515
f 8818 9232 9179
f 9179 9232 9518
f 8818 9179 8747
f 9179 9518 9404
f 9404 9518 9515
f 9404 9515 9435
f 9404 9435 9407
f 9407 9435 9483
f 10815 10792 10798
f 10815 10798 10842
f 10842 10798 10817
f 10615 10693 10684
f 10693 10615 10643
f 10693 10643 10726
f 10615 10684 10490
f 10490 10684 10555
f 10615 10490 10375
f 10490 10555 10091
f 10091 10555 9988
f 10091 9988 9472
f 10091 9472 9470
f 10490 10091 10088
f 10490 10088 10375
f 9326 10088 9470
f 10088 9326 9986
f 10088 9986 10375
f 9986 9326 9814
f 9986 9814 10375
f 9814 9326 9140
f 10523 10615 10375
f 8314 9140 8373
f 10615 10523 10643
f 9140 8314 8951
f 8951 8314 7890
f 9814 9140 9576
f 9576 9140 8951
f 10261 10375 9814
f 10375 10261 10523
f 10261 9814 9576
f 9576 8951 9277
f 9277 8951 8734
f 10261 9576 10087
f 10523 10261 10306
f 10306 10261 10087
f 10087 9576 9845
f 10087 9845 10306
f 9845 9576 9277
f 9277 8734 8500
f 10306 9845 10085
f 9277 8500 9043
f 9277 9043 9574
f 9277 9574 9845
f 9043 8500 8770
f 9043 8770 9574
f 8770 8500 8253
f 8253 8500 8068
f 8253 8068 7608
f 8770 8253 8498
f 8498 8253 8066
f 8498 8066 7955
f 7889 8281 7955
f 7955 8281 8498
f 8770 8498 9197
f 8770 9197 9574
f 9197 8498 8925
f 8498 8281 8659
f 8498 8659 8925
f 8659 8281 8571
f 9197 8925 9322
f 9322 8925 8659
f 9574 9197 9507
f 9507 9197 9322
f 8659 8571 9195
f 8659 9195 9322
f 9195 8571 8990
f 8851 8990 8657
f 9195 8990 9320
f 8990 8851 9138
f 8990 9138 9320
f 9138 8851 9070
f 9138 9070 9134
f 9320 9138 9193
f 9320 9193 9359
f 9320 9359 9662
f 9195 9320 9611
f 9611 9320 9662
f 9195 9611 9322
f 9611 9662 9809
f 9611 9809 9322
f 9809 9662 9882
f 9322 9809 9507
f 9809 9882 9956
f 9809 9956 9507
f 9956 9882 10052
f 9956 10052 10146
f 9956 10146 9507
f 10146 10052 10284
f 10146 10284 10373
f 9507 10146 9811
f 9811 10146 10373
f 9507 9811 9574
f 9574 9811 9845
f 9845 9811 10085
f 10085 9811 10373
f 10373 10284 10507
f 10085 10373 10306
f 10306 10373 10551
f 10551 10373 10507
f 10306 10551 10523
f 10523 10551 10643
f 10551 10507 10613
f 10551 10613 10643
f 10613 10507 10552
f 10613 10552 10645
f 10643 10613 10683
f 10613 10645 10707
f 10613 10707 10683
f 10643 10683 10726
f 10726 10683 10707
f 10726 10707 10741
f 10741 10707 10715
f 8850 8892 8808
f 9133 9192 9018
f 9018 9192 8949
f 9018 8949 8655
f 9018 8655 8849
f 9134 9193 9138
f 9070 8851 8893
f 8893 8851 8809
f 8809 8851 8657
f 8809 8657 8530
f 8809 8530 8630
f 8990 8571 8657
f 8657 8571 8406
f 8657 8406 8530
f 8406 8571 8281
f 8630 8530 8230
f 8230 8530 8406
f 8630 8230 8312
f 8312 8230 7922
f 7922 8230 7860
f 8230 8406 8194
f 8194 8406 8139
f 8139 8406 8281
f 8139 8281 7889
f 7922 7860 7164
f 7164 7860 7104
f 7164 7104 5962
f 7164 5962 5848
f 7104 7860 7105
f 7104 7105 5962
f 7105 7860 7832
f 5848 5962 940
f 7105 7832 7134
f 7134 7832 7834
f 5962 7105 6021
f 6021 7105 7134
f 940 5962 758
f 758 5962 6021
f 940 758 1839
f 1839 758 1709
f 7134 7834 7136
f 7136 7834 7889
f 7136 7889 7955
f 1709 758 561
f 561 758 6021
f 6107 6021 7134
f 6107 7134 7136
f 6021 6107 561
f 7136 7955 7168
f 7168 7955 8066
f 6107 7136 6187
f 6187 7136 7168
f 561 6107 400
f 400 6107 6187
f 1544 1709 561
f 1544 561 400
f 1709 1544 3028
f 3028 1544 2739
f 1544 400 1344
f 2476 2739 1344
f 400 6187 267
f 400 267 1344
f 2476 1344 1149
f 1149 1344 267
f 2476 1149 2274
f 2274 1149 1040
f 2274 1040 2276
f 1040 1149 152
f 152 1149 267
f 1040 152 439
f 6230 267 6187
f 267 6230 152
f 6230 6187 7168
f 6230 7168 6784
f 152 6230 5992
f 5992 6230 6784
f 152 5992 439
f 5992 6784 1
f 1 6784 6456
f 439 5992 808
f 808 5992 1
f 808 1 900
f 439 808 1264
f 1264 808 1546
f 1546 808 1944
f 1546 1944 3402
f 7608 7273 7168
f 7608 7168 8066
f 7608 8066 8253
f 7273 7608 7981
f 7981 7608 8068
f 7981 8068 8500
f 7981 8500 7890
f 7890 8500 8734
f 7890 8734 8951
f 1839 1709 3093
f 7832 7860 8230
f 7832 8230 8194
f 7832 8194 7834
f 7834 8194 8139
f 7834 8139 7889
f 7981 7890 7273
f 7273 7890 7108
f 7108 7890 7667
f 7273 7108 6784
f 7273 6784 7168
f 6784 7108 6456
f 7108 7667 6867
f 7108 6867 6456
f 6867 7667 6723
f 6723 7667 7670
f 6723 7670 7645
f 6867 6723 6023
f 6867 6023 6456
f 6723 7645 6610
f 6723 6610 6023
f 6610 7645 7646
f 6456 6023 318
f 6456 318 1
f 6023 6610 5681
f 6023 5681 318
f 318 5681 598
f 318 598 1745
f 1 318 1223
f 1223 318 1745
f 1 1223 900
f 900 1223 1944
f 900 1944 808
f 1944 1223 2186
f 1944 2186 3501
f 1223 1745 2374
f 1223 2374 2186
f 2186 2374 3501
f 2374 1745 2423
f 2374 2423 3631
f 4252 3631 4366
f 3631 4252 4103
f 4103 4252 4498
f 4103 4498 4282
f 4366 3631 3818
f 3818 3631 2809
f 3818 2809 3236
f 3818 3236 3931
f 3818 3931 4324
f 3236 2809 2139
f 3236 2139 2338
f 2338 2139 1771
f 1771 2139 1444
f 1444 2139 1042
f 1771 1444 651
f 1771 651 902
f 1444 1042 403
f 1444 403 651
f 651 403 78
f 78 403 5681
f 5681 403 810
f 78 5681 6610
f 78 6610 6523
f 6523 6610 7646
f 78 6523 6526
f 6523 7646 7610
f 6523 7610 6526
f 6526 7610 7612
f 7667 7890 8314
f 7667 8314 8373
f 7667 8373 7670
f 7670 8373 7645
f 9140 9326 8373
f 8373 9326 8467
f 8467 9326 9470
f 8467 9470 8532
f 8467 8532 7645
f 8532 9470 9472
f 7645 8532 7646
f 7646 8532 8533
f 8533 8532 9472
f 7646 8533 7610
f 8533 9472 9360
f 9360 9472 9988
f 7610 8533 8501
f 8501 8533 9360
f 7610 8501 7612
f 7612 8501 7647
f 8501 9360 9171
f 9171 9360 9614
f 8501 9171 8374
f 9171 9614 8926
f 9171 8926 8374
f 8374 8926 8254
f 9470 10088 10091
f 8373 8467 7645
f 6526 7612 6649
f 6526 6649 2
f 6526 2 80
f 6526 80 78
f 6649 7612 7647
f 8374 7647 8501
f 7647 8374 8254
f 7647 8254 7583
f 6649 7647 6827
f 6827 7647 7583
f 6649 6827 2
f 6827 7583 6870
f 6827 6870 6188
f 78 80 651
f 651 80 902
f 902 80 2
f 902 2 1080
f 902 1080 1771
f 1771 1080 1946
f 1771 1946 2338
f 1946 1080 2083
f 1946 2083 3032
f 403 1042 810
f 5681 810 598
f 598 810 1745
f 810 1042 1991
f 1991 1042 2139
f 1991 2139 2809
f 810 1991 1905
f 810 1905 1745
f 1905 1991 2809
f 1745 1905 2423
f 2423 1905 2809
f 2423 2809 3631
f 3501 2374 3631
f 3501 3631 4103
f 3501 4103 4137
f 4137 4103 4282
f 3501 4137 3402
f 3501 3402 1944
f 3402 4137 4062
f 4137 4282 4322
f 4137 4322 4062
f 4062 4322 4280
f 4322 4282 4435
f 4280 4322 4433
f 4322 4435 4496
f 4322 4496 4433
f 4496 4435 4652
f 4433 4496 4628
f 4628 4496 4652
f 4628 4652 5086
f 5086 4652 5030
f 4628 5086 5008
f 4628 5008 4626
f 5086 5030 5237
f 5086 5237 5008
f 5237 5030 5210
f 5237 5210 5239
f 5239 5210 5212
f 5008 5237 5181
f 5194 5181 5239
f 5008 5181 5119
f 5119 5181 5194
f 5008 5119 4935
f 5119 5194 5158
f 1040 439 1264
f 1040 1264 2276
f 2276 1264 1546
f 2276 1546 2478
f 2478 1546 3402
f 2276 2478 3030
f 3030 2478 3402
f 2276 3030 3743
f 3743 3030 3402
f 2276 3743 3533
f 3743 3402 4062
f 3533 3743 4013
f 3743 4062 4280
f 3743 4280 4013
f 4013 4280 4529
f 4013 4529 4364
f 4529 4280 4626
f 4626 4280 4433
f 4626 4433 4628
f 4529 4626 4935
f 4529 4935 4364
f 4935 4626 5008
f 4364 4935 4751
f 4751 4935 5119
f 4751 5119 5006
f 1544 1344 2739
f 1709 3028 3093
f 3093 3028 3892
f 3892 3028 3894
f 3894 3028 2739
f 3892 3894 4207
f 3894 2739 3816
f 3816 2739 2476
f 4207 3894 4211
f 4211 3894 3816
f 4207 4211 4399
f 3816 2476 3710
f 3710 2476 2274
f 4211 3816 4061
f 4061 3816 3710
f 4399 4211 4401
f 4401 4211 4061
f 4399 4401 4682
f 3710 2274 3588
f 3710 3588 4061
f 3588 2274 2276
f 3588 2276 3533
f 3588 3533 3972
f 3588 3972 4061
f 3972 3533 4013
f 3972 4013 4364
f 3972 4364 4061
f 4061 4364 4401
f 4401 4364 4785
f 4933 4682 4785
f 4785 4364 4749
f 4749 4364 4751
f 4933 4785 5026
f 5026 4785 4749
f 4933 5026 4959
f 4959 5026 5057
f 5026 4749 5028
f 5026 5028 5057
f 5028 4749 4751
f 5057 5028 5061
f 5028 4751 5006
f 5028 5006 5061
f 5061 5006 5063
f 4682 4401 4785
f 4252 4366 4498
f 4498 4366 4531
f 4531 4366 4324
f 4324 4366 3818
f 4531 4324 4469
f 4531 4469 4790
f 4469 4324 4368
f 4368 4324 3931
f 4368 3931 4064
f 4064 3931 3236
f 4469 4368 4471
f 4790 4469 4686
f 4686 4469 4471
f 4471 4368 4370
f 4370 4368 4064
f 4790 4686 5162
f 4790 5162 4788
f 4788 5162 5160
f 5160 5162 5293
f 4471 4370 4325
f 4325 4370 4064
f 4630 4686 4471
f 4630 4471 4325
f 5088 5162 4686
f 5088 4686 4630
f 5276 5293 5162
f 5276 5162 5088
f 5293 5276 5295
f 5295 5276 5278
f 5278 5276 5197
f 5197 5276 5088
f 5278 5197 5199
f 5197 5088 5215
f 5109 5088 4630
f 5088 5109 5215
f 5109 4630 4727
f 5215 5109 5067
f 5067 5109 4727
f 5215 5067 5164
f 5215 5164 5217
f 5217 5164 5142
f 5067 4727 4654
f 4654 4727 4285
f 4285 4727 4325
f 5067 4654 4961
f 5067 4961 5164
f 4961 4654 4963
f 5142 5164 5032
f 5032 5164 4961
f 5032 4961 4963
f 5142 5032 4964
f 5032 4963 5010
f 5032 5010 4964
f 4964 5010 4937
f 4014 4285 4325
f 4285 4014 3535
f 4014 4325 4064
f 3535 4014 3362
f 3362 4014 4064
f 3535 3362 2338
f 3362 4064 3236
f 3362 3236 2338
f 4788 4498 4531
f 4788 4531 4790
f 4498 4788 4282
f 4630 4325 4727
f 3535 2338 2584
f 2584 2338 1946
f 3535 2584 3032
f 3032 2584 1946
f 3535 3032 3786
f 3535 3786 4285
f 4285 3786 4066
f 4066 3786 3032
f 4285 4066 4533
f 4285 4533 4654
f 4066 3032 3364
f 4533 4066 4403
f 4403 4066 3364
f 3364 3032 2083
f 4533 4403 4792
f 4533 4792 4833
f 4403 3364 3820
f 4792 4403 4559
f 4559 4403 3820
f 3364 2083 2306
f 3364 2306 3820
f 2306 2083 1548
f 1548 2083 1305
f 1305 2083 1080
f 1305 1080 654
f 2306 1548 2741
f 2306 2741 3820
f 2741 1548 1874
f 1874 1548 1307
f 1307 1548 846
f 1307 846 320
f 1307 320 811
f 1874 1307 1842
f 1842 1307 811
f 811 320 474
f 2741 1874 2339
f 2339 1874 1842
f 2741 2339 3306
f 2741 3306 3820
f 3820 3306 4017
f 3306 2339 3932
f 3932 2339 3161
f 3161 2339 1842
f 3306 3932 4170
f 3306 4170 4017
f 3161 1842 2376
f 3820 4017 4559
f 4559 4017 4170
f 4559 4170 4753
f 4559 4753 5038
f 4559 5038 4792
f 2376 1842 1798
f 4792 5038 5012
f 5012 5038 5125
f 4792 5012 4833
f 5012 5125 5226
f 4833 5012 5124
f 5124 5012 5226
f 4833 5124 5034
f 5124 5226 5241
f 5124 5241 5166
f 2087 2810 1798
f 2087 1798 1646
f 1646 1798 1403
f 1646 1403 1232
f 1403 1798 1346
f 1346 1798 1842
f 1346 1842 811
f 1346 811 1047
f 1346 1047 1403
f 1047 811 474
f 1403 1047 715
f 715 1047 474
f 1049 1232 1403
f 1049 1403 715
f 1232 1049 764
f 1232 764 949
f 949 764 478
f 764 1049 522
f 764 522 660
f 522 1049 245
f 245 1049 715
f 245 715 244
f 244 715 474
f 245 244 5688
f 244 474 50
f 5688 244 5970
f 244 50 5808
f 244 5808 5970
f 654 1080 2
f 1548 1305 654
f 1548 654 846
f 846 654 320
f 4170 3932 4753
f 4753 3932 4688
f 4688 3932 3161
f 4753 4688 5014
f 4753 5014 5038
f 5038 5014 5125
f 4688 3161 3821
f 3821 3161 2376
f 5125 5014 5144
f 5125 5144 5226
f 5014 4688 4967
f 5014 4967 5144
f 4688 3821 4068
f 4688 4068 4967
f 5226 5144 5227
f 5227 5144 4967
f 5226 5227 5241
f 5241 5227 5243
f 5227 4967 5090
f 5227 5090 5243
f 5090 4967 4068
f 5243 5090 5128
f 5128 5090 4595
f 4595 5090 4068
f 5128 4595 4756
f 4756 4595 3974
f 4595 4068 3632
f 4595 3632 3974
f 4756 3974 4174
f 3632 4068 2964
f 2964 4068 3821
f 3974 3632 2677
f 4174 3974 3096
f 3096 3974 2677
f 2677 3632 2278
f 2677 2278 1453
f 4692 4174 4214
f 4214 4174 3455
f 3455 4174 3096
f 4214 3455 3590
f 3590 3455 2379
f 3590 2379 2628
f 3455 3096 2037
f 3455 2037 2379
f 2379 2037 1810
f 2037 3096 1750
f 1810 2037 1656
f 2037 1750 1235
f 2037 1235 1656
f 1235 1750 721
f 1656 1235 998
f 998 1235 452
f 1807 1355 1453
f 1807 1453 2278
f 1355 1807 1410
f 1355 1410 1091
f 1355 1091 671
f 1410 1807 1454
f 1091 1410 1239
f 1239 1410 1454
f 1091 1239 822
f 1091 822 610
f 610 822 129
f 610 129 19
f 129 822 101
f 129 101 6158
f 6158 101 6157
f 6157 101 6202
f 101 822 821
f 821 822 1239
f 6202 101 15
f 15 101 821
f 6202 15 6310
f 6202 6310 6571
f 15 821 672
f 821 1239 1237
f 821 1237 672
f 1237 1239 1454
f 15 672 5764
f 15 5764 6310
f 672 1237 1129
f 1237 1454 1452
f 1237 1452 1129
f 1452 1454 1751
f 1751 1454 1807
f 1751 1807 2278
f 672 1129 408
f 672 408 5764
f 1129 1452 1317
f 408 1129 859
f 859 1129 1317
f 5764 408 93
f 93 408 859
f 5764 93 6032
f 6032 93 92
f 5764 6032 6532
f 6532 6032 6693
f 5764 6532 6310
f 6310 6532 6757
f 6757 6532 6936
f 92 93 478
f 478 93 859
f 92 478 446
f 446 478 660
f 660 478 764
f 478 859 1156
f 1156 859 1317
f 478 1156 949
f 949 1156 1314
f 949 1314 1232
f 1232 1314 1646
f 1314 1156 1405
f 1156 1317 1499
f 1156 1499 1405
f 1499 1317 1554
f 1554 1317 1452
f 1554 1452 1751
f 1405 1499 1776
f 1405 1776 1314
f 1499 1554 1777
f 1499 1777 1776
f 1554 1751 2035
f 1554 2035 1777
f 2035 1751 2278
f 1776 1777 2189
f 2189 1777 2035
f 1749 1314 1776
f 1749 1776 2189
f 1314 1749 1646
f 2035 2278 2742
f 2035 2742 2189
f 2742 2278 3632
f 2742 3632 2964
f 2742 2964 2189
f 1646 1749 2238
f 2238 1749 2189
f 2238 2189 2964
f 1646 2238 2087
f 2087 2238 2810
f 2810 2238 2964
f 2810 2964 3821
f 2810 3821 2376
f 2810 2376 1798
f 474 320 50
f 50 320 6234
f 5808 50 6272
f 6272 50 6234
f 5970 5808 6272
f 5970 6272 6029
f 5970 6029 5756
f 5970 5756 54
f 54 5756 5687
f 54 5687 157
f 157 5687 5754
f 54 157 714
f 54 714 521
f 157 5754 202
f 157 202 714
f 202 5754 5995
f 714 202 852
f 202 5995 88
f 202 88 852
f 88 5995 5966
f 852 88 850
f 852 850 1447
f 88 5966 87
f 88 87 850
f 87 5966 5886
f 1447 850 906
f 906 850 87
f 1447 906 1588
f 87 5886 156
f 87 156 906
f 1588 906 1043
f 1043 906 156
f 1588 1043 1712
f 1712 1043 1082
f 1712 1082 1711
f 1711 1082 1083
f 1082 1043 269
f 269 1043 156
f 1083 1082 363
f 363 1082 269
f 269 156 5806
f 5806 156 5886
f 363 269 5752
f 5752 269 5806
f 5806 5886 6266
f 6266 5886 6071
f 5806 6266 6267
f 6267 6266 6788
f 5806 6267 6268
f 5806 6268 5752
f 6268 6267 6788
f 5752 6268 6269
f 5716 363 5752
f 5716 5752 6269
f 363 5716 442
f 363 442 1083
f 1083 442 1085
f 1085 442 851
f 442 5716 5
f 5 5716 6269
f 5 6269 6026
f 5 6026 5963
f 5 5963 83
f 6026 6269 6528
f 6026 6528 5963
f 83 5963 5715
f 5715 5963 6528
f 83 5715 440
f 440 5715 198
f 198 5715 6415
f 6415 5715 6528
f 6789 6528 6269
f 6789 6269 6268
f 6789 6268 6869
f 6869 6268 6788
f 6869 6788 7391
f 6789 6869 7392
f 7392 6869 7391
f 7391 6788 7354
f 6789 7392 7440
f 6960 6528 6789
f 6960 6789 7440
f 6528 6960 6959
f 6528 6959 6415
f 6960 7440 7553
f 6960 7553 6959
f 7440 7392 7926
f 7956 7392 7391
f 7392 7956 7926
f 7553 7440 7984
f 7984 7440 7926
f 7984 7926 8346
f 8346 7926 8345
f 8345 7926 7956
f 7984 8346 8377
f 8345 7956 8376
f 8376 7956 8407
f 7984 8377 8040
f 7984 8040 7553
f 8040 8377 8504
f 8040 8504 8090
f 8407 7956 7983
f 7983 7956 7391
f 8407 7983 8503
f 7983 7391 7354
f 8503 7983 8039
f 8039 7983 7354
f 8503 8039 8638
f 8039 7354 7353
f 7353 7354 6724
f 7353 6724 6612
f 8039 7353 8069
f 8039 8069 8638
f 7353 6612 7352
f 7353 7352 8069
f 7352 6612 6613
f 9223 9044 8638
f 9223 8638 8737
f 8737 8638 8069
f 9223 8737 9396
f 7352 6613 7351
f 7351 6613 6725
f 8116 8069 7352
f 8069 8116 8737
f 8116 7352 7351
f 9396 8737 8852
f 8852 8737 8116
f 9396 8852 9544
f 7351 6725 7390
f 8116 7351 8115
f 8116 8115 8852
f 8115 7351 7390
f 9544 8852 8853
f 8853 8852 8115
f 9544 8853 9509
f 8115 7390 8117
f 8115 8117 8853
f 9509 8853 8810
f 8810 8853 8117
f 9509 8810 9395
f 8117 7390 7554
f 7554 7390 6931
f 8810 8117 8215
f 8215 8117 7554
f 9395 8810 8897
f 8897 8810 8215
f 9395 8897 9397
f 8215 7554 7583
f 7583 7554 6870
f 8215 7583 8254
f 8215 8254 8897
f 8897 8254 8926
f 8897 8926 9397
f 9397 8926 9394
f 9394 8926 9614
f 6234 320 5805
f 5805 320 654
f 5688 5970 54
f 5688 54 245
f 245 54 521
f 245 521 522
f 522 521 816
f 522 816 660
f 660 816 857
f 660 857 569
f 569 857 1127
f 1127 857 816
f 569 1127 912
f 912 1127 1191
f 989 816 521
f 816 989 1127
f 989 521 714
f 1191 1127 1497
f 1497 1127 989
f 1191 1497 1409
f 1409 1497 1717
f 989 714 1231
f 989 1231 1497
f 1231 714 852
f 1231 852 1447
f 1231 1447 1497
f 1497 1447 1717
f 1717 1447 1849
f 1849 1447 1588
f 1849 1588 1911
f 1911 1588 1712
f 1911 1712 1910
f 1910 1712 1711
f 5805 654 6188
f 6188 654 2
f 5805 6188 6491
f 6188 2 6827
f 5805 6491 6234
f 6188 6870 6491
f 6234 6491 6235
f 6234 6235 6272
f 6235 6491 6270
f 6235 6270 5889
f 6235 5889 6029
f 6235 6029 6272
f 6029 5889 5756
f 5756 5889 5687
f 5687 5889 5807
f 5687 5807 5754
f 6270 6491 6870
f 6270 6870 6303
f 6270 6303 5889
f 6303 6870 6931
f 6303 6931 6725
f 5889 6303 5807
f 5807 6303 5965
f 5965 6303 6340
f 5965 6340 6112
f 5754 5807 5965
f 5754 5965 6112
f 5754 6112 5995
f 6112 6340 6189
f 6189 6340 6725
f 6189 6725 6613
f 6112 6189 6071
f 6071 6189 6148
f 6148 6189 6612
f 6112 6071 5966
f 6112 5966 5995
f 5966 6071 5886
f 6340 6303 6725
f 1717 1849 1558
f 1717 1558 1409
f 1558 1849 1597
f 1558 1597 862
f 1597 1849 1911
f 862 1597 819
f 1597 1911 1557
f 1597 1557 819
f 1557 1911 1910
f 819 1557 768
f 768 1557 1407
f 1407 1557 1910
f 768 1407 766
f 1407 1910 1802
f 1802 1910 1711
f 1802 1711 1642
f 1407 1802 1155
f 1407 1155 766
f 1802 1642 1551
f 1802 1551 1155
f 1551 1642 1348
f 766 1155 1050
f 1050 1155 1551
f 766 1050 477
f 1050 1551 1350
f 477 1050 910
f 910 1050 1350
f 477 910 445
f 910 1350 1154
f 445 910 568
f 568 910 1154
f 568 1154 855
f 568 855 476
f 568 476 123
f 123 476 406
f 476 855 604
f 476 604 406
f 406 604 567
f 604 855 762
f 567 604 658
f 658 604 762
f 658 762 813
f 446 660 569
f 92 446 569
f 92 569 247
f 247 569 606
f 92 247 5689
f 5689 247 606
f 606 569 912
f 92 5689 6032
f 606 912 720
f 720 912 1191
f 5689 606 5642
f 5642 606 720
f 6032 5689 6275
f 6275 5689 5642
f 6032 6275 6693
f 5642 720 12
f 5642 12 6275
f 720 1191 818
f 720 818 12
f 818 1191 1409
f 6275 12 6380
f 6275 6380 6693
f 818 1409 861
f 861 1409 1558
f 861 1558 862
f 818 861 5645
f 818 5645 12
f 861 862 5644
f 861 5644 5645
f 12 5645 6378
f 12 6378 6380
f 6378 5645 5644
f 5644 862 5643
f 5643 862 819
f 5643 819 56
f 5644 5643 6274
f 6274 5643 56
f 56 819 768
f 6378 5644 6345
f 6345 5644 6274
f 6274 56 6194
f 56 768 91
f 91 768 766
f 91 766 5759
f 5759 766 477
f 5759 477 10
f 10 477 445
f 91 5759 6074
f 91 6074 56
f 56 6074 6194
f 6692 6274 6194
f 6692 6194 6074
f 6793 6345 6274
f 6793 6274 6692
f 6692 6074 6570
f 6570 6074 6462
f 6345 6793 6908
f 6345 6908 6378
f 6793 6692 7113
f 6692 6570 7038
f 6692 7038 7113
f 6570 6462 7011
f 6570 7011 7038
f 7011 6462 6964
f 7201 6908 6793
f 7201 6793 7113
f 6964 6462 6344
f 6908 7201 7450
f 6937 6378 6908
f 6937 6908 7450
f 6378 6937 6380
f 6380 6937 7012
f 6380 7012 6693
f 6532 6693 6936
f 6936 6693 7012
f 6936 7012 7174
f 7012 6937 7482
f 7482 6937 7450
f 7174 7012 7557
f 7557 7012 7482
f 7174 7557 7621
f 7621 7557 7989
f 7621 7989 8019
f 8019 7989 8441
f 7989 7557 7961
f 7961 7557 7482
f 8441 7989 8440
f 8440 7989 7961
f 8441 8440 8745
f 7961 7482 7896
f 7896 7482 7450
f 8745 8440 9148
f 8745 9148 9173
f 8440 7961 8546
f 8440 8546 9148
f 7961 7896 8577
f 7961 8577 8546
f 9148 8546 9257
f 9257 8546 8577
f 9148 9257 9961
f 9148 9961 9887
f 9148 9887 9693
f 9257 8577 9280
f 9280 8577 9228
f 9228 8577 8606
f 8606 8577 8044
f 8044 8577 7896
f 8606 8044 8043
f 8606 8043 8576
f 8044 7896 7729
f 8044 7729 8043
f 7729 7896 7450
f 8576 8043 8545
f 7729 7450 7527
f 7527 7450 7201
f 8043 7729 7727
f 7727 7729 7527
f 8545 8043 8075
f 8545 8075 8544
f 8544 8075 8016
f 8544 8016 8409
f 8016 8075 7725
f 7725 8075 8043
f 7725 8043 7727
f 7727 7527 7480
f 7480 7527 7201
f 7727 7480 7725
f 7480 7201 7113
f 7480 7113 7447
f 7480 7447 7725
f 7447 7113 7038
f 7725 7447 7448
f 7448 7447 7038
f 7725 7448 7726
f 7448 7038 7011
f 7726 7448 7449
f 7449 7448 7011
f 7726 7449 7779
f 7449 7011 6964
f 7779 7449 7865
f 7865 7449 7483
f 7483 7449 6964
f 7865 7483 7934
f 7483 6964 6909
f 7934 7483 7452
f 7452 7483 6909
f 7934 7452 7728
f 6909 6964 6344
f 7452 6909 6759
f 6909 6344 6197
f 6909 6197 6759
f 7452 6759 7175
f 6197 6344 5917
f 5917 6344 6075
f 6197 5917 5690
f 6197 5690 273
f 6759 6197 5919
f 5919 6197 273
f 5919 273 14
f 5919 14 6759
f 14 273 670
f 6465 7175 6759
f 6465 6759 14
f 7175 6465 6833
f 14 670 251
f 251 670 864
f 6465 14 6115
f 6115 14 251
f 6465 6115 6833
f 251 864 368
f 368 864 915
f 6115 251 5857
f 5857 251 368
f 6833 6115 6463
f 6463 6115 5857
f 5857 368 13
f 5857 13 6463
f 368 915 451
f 368 451 13
f 451 915 914
f 6833 6463 6907
f 6833 6907 7278
f 7278 6907 7864
f 7278 7864 7728
f 7864 6907 7524
f 7524 6907 6529
f 6529 6907 6463
f 7524 6529 7066
f 6529 6463 6113
f 6113 6463 13
f 7066 6529 6729
f 7066 6729 7172
f 7172 6729 6906
f 6906 6729 6377
f 6729 6529 6152
f 6729 6152 6377
f 6152 6529 6113
f 6377 6152 5855
f 5855 6152 126
f 6152 6113 5762
f 6152 5762 126
f 5762 6113 13
f 126 5762 248
f 248 5762 13
f 126 248 481
f 248 13 451
f 481 248 668
f 668 248 451
f 481 668 916
f 668 451 914
f 916 668 1054
f 1054 668 914
f 916 1054 1193
f 1193 1054 1412
f 1412 1054 1354
f 1354 1054 914
f 1354 914 1411
f 1453 1355 769
f 1453 769 165
f 1453 165 721
f 1453 721 1750
f 1453 1750 2677
f 2677 1750 3096
f 721 165 5859
f 5859 165 6200
f 721 5859 452
f 721 452 1235
f 452 5859 212
f 452 212 998
f 5859 6200 6309
f 5859 6309 212
f 6309 6200 6466
f 6466 6200 59
f 212 6309 6498
f 6309 6466 6760
f 6309 6760 6498
f 6760 6466 6884
f 212 6498 5856
f 5856 6498 6241
f 6760 6884 7114
f 212 5856 608
f 212 608 998
f 5856 6241 163
f 5856 163 608
f 163 6241 5999
f 163 5999 450
f 163 450 1052
f 163 1052 608
f 1052 450 1160
f 1320 998 608
f 1320 608 1052
f 998 1320 1656
f 1656 1320 1810
f 1320 1052 1501
f 1501 1052 1160
f 1320 1501 1810
f 2628 2379 1810
f 2628 1810 1955
f 1955 1810 1501
f 2628 1955 2587
f 1501 1160 1556
f 1501 1556 1955
f 1556 1160 1158
f 1158 1160 667
f 1158 667 665
f 2587 1955 1883
f 1883 1955 1556
f 1883 1556 1451
f 1883 1451 1406
f 1406 1451 993
f 1883 1406 1450
f 1883 1450 1954
f 1450 1406 911
f 769 1355 671
f 769 671 165
f 165 671 59
f 59 671 279
f 59 279 5922
f 279 671 610
f 610 671 1091
f 610 19 279
f 279 19 5862
f 279 5862 6203
f 279 6203 5922
f 5862 19 6350
f 5862 6350 6203
f 129 6158 19
f 19 6158 6205
f 19 6205 6350
f 6205 6158 6424
f 6350 6205 6502
f 6502 6205 6424
f 6424 6158 6423
f 6423 6158 6157
f 6423 6157 6501
f 6501 6157 6202
f 6501 6202 6571
f 6423 6501 6732
f 6732 6501 6796
f 6424 6423 6697
f 6697 6423 6732
f 6424 6697 6698
f 6424 6698 6502
f 6697 6732 7361
f 6697 7361 6698
f 7361 6732 7318
f 7318 6732 7283
f 7361 7318 7936
f 7936 7318 7283
f 7282 7731 7283
f 7283 7731 7840
f 7283 7840 7936
f 7840 7731 8166
f 7840 8166 8322
f 7840 8322 8474
f 7840 8474 7936
f 7936 8474 8020
f 7936 8020 7361
f 8020 8474 8609
f 7361 8020 7403
f 7361 7403 6698
f 8020 8609 8076
f 8020 8076 7403
f 8076 8609 8699
f 8699 8609 9149
f 8076 8699 8122
f 8122 8699 8816
f 7403 8076 7453
f 7453 8076 8122
f 6764 6698 7403
f 6764 7403 7453
f 6698 6764 6502
f 8122 8816 8169
f 6502 6764 6661
f 8169 8816 8857
f 6502 6661 6350
f 6764 7453 6910
f 6764 6910 6661
f 7484 7453 8122
f 7453 7484 6910
f 7484 8122 8169
f 6661 6910 7042
f 7042 6910 7484
f 6573 6350 6661
f 6350 6573 6203
f 6573 6661 6885
f 6885 6661 7042
f 6203 6573 6884
f 6884 6573 6885
f 6203 6884 6466
f 6884 6885 7071
f 7071 6885 7042
f 6884 7071 7114
f 7587 7042 7484
f 7587 7484 8169
f 7071 7042 7284
f 7284 7042 7587
f 7114 7071 7397
f 7397 7071 7284
f 7114 7397 7400
f 7284 7587 7674
f 7284 7674 7397
f 7587 8169 8168
f 7587 8168 7674
f 8168 8169 8857
f 7674 8168 8167
f 7400 7397 7937
f 7937 7397 7780
f 7937 7780 8142
f 8167 8168 8815
f 8815 8168 8857
f 8167 8815 8698
f 8815 8857 9284
f 8815 9284 9230
f 7937 8142 8746
f 8746 8142 8640
f 8746 8640 9282
f 8746 9282 9478
f 8746 9478 9331
f 7937 8746 8549
f 8549 8746 9331
f 7937 8549 7869
f 7869 8549 8413
f 8413 8549 9331
f 7869 8413 7781
f 8413 9331 9231
f 9231 9331 9965
f 9231 9965 10059
f 9231 10059 9175
f 9231 9175 8413
f 9175 10059 10119
f 7781 8413 8383
f 8383 8413 9175
f 7781 8383 7782
f 7782 8383 8351
f 8351 8383 9175
f 7782 8351 7783
f 7783 8351 8288
f 8288 8351 8933
f 8933 8351 9049
f 9049 8351 9175
f 9049 9175 9618
f 9618 9175 9917
f 59 5922 6466
f 6466 5922 6203
f 6200 165 59
f 1160 450 667
f 667 450 99
f 99 450 5999
f 667 99 371
f 667 371 665
f 371 99 5767
f 99 5999 6349
f 371 5767 64
f 64 5767 6079
f 6349 5999 6659
f 6659 5999 6241
f 6349 6659 7073
f 64 6079 5864
f 5864 6079 6279
f 64 5864 62
f 64 62 330
f 62 5864 5769
f 5864 6279 6034
f 5864 6034 5769
f 6034 6279 6385
f 5769 6034 5892
f 5769 5892 215
f 5892 6034 6081
f 6081 6034 6385
f 6081 6385 6470
f 7041 7073 6659
f 7320 7117 7073
f 7320 7073 7041
f 7782 7783 7320
f 7782 7320 7405
f 7405 7320 7041
f 7782 7405 7781
f 7781 7405 7402
f 7402 7405 7041
f 7781 7402 7869
f 6763 7041 6659
f 6763 6659 6241
f 7402 7041 7014
f 7014 7041 6763
f 6763 6241 6657
f 6763 6657 7014
f 6657 6241 6498
f 7014 6657 6967
f 6967 6657 6498
f 7014 6967 7402
f 6967 6498 6760
f 7400 7869 7402
f 7400 7402 6967
f 7400 6967 6760
f 7869 7400 7937
f 7400 6760 7114
f 6349 7073 6572
f 6572 7073 7117
f 6572 7117 6733
f 6733 7117 7241
f 6733 7241 6837
f 7783 7117 7320
f 7241 7117 7784
f 7784 7117 7783
f 6837 7241 7287
f 6837 7287 6887
f 7241 7784 7786
f 7241 7786 7287
f 7784 7783 8259
f 8259 7783 8288
f 8259 8288 8933
f 8259 8933 8818
f 8259 8818 8747
f 7784 8259 8235
f 8235 8259 8747
f 7784 8235 7786
f 8235 8747 8705
f 8705 8747 9182
f 7786 8235 7788
f 7786 7788 7287
f 8235 8705 8238
f 8235 8238 7788
f 8238 8705 8862
f 8238 8862 8265
f 8238 8265 7820
f 8238 7820 7788
f 7287 7788 7243
f 7243 7788 7820
f 7287 7243 6887
f 6887 7243 6939
f 6939 7243 7044
f 7044 7243 7820
f 7044 7820 7734
f 7044 7734 7293
f 7293 7734 7684
f 7293 7684 7417
f 7417 7684 7327
f 7327 7684 7533
f 7327 7533 7143
f 7327 7143 7084
f 7084 7143 6708
f 6708 7143 6739
f 6708 6739 6215
f 6708 6215 6315
f 6315 6215 5725
f 6315 5725 6161
f 6161 5725 5779
f 6161 5779 6211
f 5779 5725 414
f 414 5725 490
f 5779 414 337
f 5779 337 5817
f 6207 6211 5817
f 337 414 1002
f 337 1002 879
f 879 1002 1366
f 337 879 292
f 337 292 5817
f 292 879 732
f 292 732 222
f 1002 414 1005
f 1005 414 490
f 1002 1005 1691
f 1691 1005 1617
f 1617 1005 1094
f 1094 1005 490
f 1617 1094 1619
f 1094 490 1368
f 1368 490 927
f 1619 1094 1818
f 1818 1094 1368
f 1619 1818 2150
f 2150 1818 2504
f 1818 1368 1920
f 1920 1368 927
f 1920 927 1667
f 1920 1667 2659
f 1818 1920 2291
f 1920 2659 2929
f 1920 2929 2291
f 2291 2929 3143
f 2291 3143 2657
f 6349 6572 5767
f 6349 5767 99
f 5767 6572 6079
f 6079 6572 6733
f 6079 6733 6279
f 6279 6733 6837
f 6279 6837 6385
f 6385 6837 6887
f 6385 6887 6470
f 6470 6887 6939
f 6470 6939 6663
f 6663 6939 7044
f 6081 6470 6036
f 6081 6036 20
f 6081 20 5771
f 5771 20 411
f 6081 5771 5892
f 5771 411 253
f 253 411 825
f 5892 5771 131
f 131 5771 253
f 253 825 572
f 5892 131 215
f 131 253 375
f 375 253 572
f 131 375 215
f 215 375 455
f 375 572 773
f 773 572 959
f 455 375 612
f 612 375 773
f 215 455 484
f 484 455 612
f 215 484 409
f 409 484 529
f 529 484 726
f 726 484 612
f 726 612 773
f 726 773 823
f 62 5769 17
f 62 17 250
f 250 17 209
f 62 250 330
f 250 209 448
f 448 209 407
f 250 448 525
f 250 525 330
f 330 525 665
f 330 665 371
f 330 371 64
f 17 5769 168
f 17 168 209
f 409 168 215
f 168 409 275
f 168 275 206
f 168 206 209
f 209 206 407
f 407 206 447
f 407 447 911
f 447 206 207
f 207 206 167
f 911 447 992
f 911 992 1450
f 1450 992 1555
f 1555 992 1157
f 207 167 249
f 447 207 524
f 447 524 992
f 992 524 1157
f 524 207 249
f 1157 524 664
f 664 524 249
f 1157 664 1159
f 664 249 329
f 664 329 666
f 666 329 370
f 329 249 61
f 329 61 370
f 61 249 16
f 370 61 63
f 61 16 5768
f 61 5768 63
f 63 5768 5863
f 5863 5768 5891
f 5769 215 168
f 20 6036 5926
f 20 5926 217
f 20 217 411
f 5926 6036 6470
f 217 5926 5773
f 5773 5926 6282
f 5773 6282 22
f 6282 5926 6470
f 6282 6470 6387
f 6387 6470 6663
f 6282 6387 6082
f 6387 6663 6575
f 6575 6663 7044
f 6082 6387 6352
f 6352 6387 6575
f 6082 6352 6005
f 6352 6575 6313
f 6352 6313 6005
f 6005 6313 5930
f 5930 6313 6283
f 5930 6283 5893
f 5893 6283 6244
f 5930 5893 172
f 5930 172 103
f 172 5893 222
f 5893 6244 5865
f 5893 5865 222
f 5865 6244 6207
f 222 5865 292
f 5865 6207 5817
f 5865 5817 292
f 217 5773 378
f 5773 22 378
f 6282 6082 22
f 22 6082 6005
f 22 6005 103
f 103 6005 5930
f 378 22 487
f 487 22 103
f 378 487 870
f 487 103 531
f 531 103 172
f 870 487 961
f 961 487 531
f 870 961 1362
f 870 1362 1196
f 961 531 1055
f 961 1055 1362
f 531 172 614
f 531 614 1055
f 614 172 222
f 614 222 732
f 1196 1362 1660
f 1055 614 1135
f 1135 614 732
f 1460 1362 1055
f 1460 1055 1135
f 1660 1362 1782
f 1782 1362 1460
f 1135 732 1199
f 1199 732 879
f 1199 879 1366
f 1135 1199 1511
f 1135 1511 1460
f 1199 1366 1613
f 1199 1613 1511
f 1460 1511 1853
f 1460 1853 1782
f 1613 1366 1784
f 1784 1366 2043
f 1613 1784 2107
f 2107 1784 2043
f 1511 1613 1855
f 1511 1855 1853
f 1855 1613 1917
f 1917 1613 2107
f 1853 1855 2245
f 1855 1917 2197
f 1855 2197 2245
f 2197 1917 2249
f 2249 1917 2107
f 2245 2197 2383
f 2249 2107 2391
f 2197 2249 2386
f 2197 2386 2383
f 2386 2249 2441
f 2441 2249 2391
f 2386 2441 2542
f 2386 2542 2383
f 2441 2391 2599
f 2357 2391 2107
f 2357 2107 2043
f 2357 2043 2393
f 2393 2043 1691
f 2393 1691 2146
f 2146 1691 1617
f 2146 1617 1962
f 1962 1617 1619
f 1962 1619 1919
f 2357 2393 2556
f 1919 1619 2150
f 2357 2556 2602
f 2357 2602 2391
f 2602 2556 2706
f 2602 2706 2992
f 2602 2992 2908
f 2602 2908 2391
f 2391 2908 2599
f 2599 2908 2990
f 2599 2990 2704
f 2599 2704 2553
f 2599 2553 2441
f 2704 2990 2772
f 2704 2772 2553
f 2772 2990 3050
f 2553 2772 2637
f 2553 2637 2542
f 2637 2772 2902
f 2542 2637 2635
f 2902 2772 3182
f 2637 2902 2701
f 2902 3182 3259
f 3259 3182 3510
f 2701 2902 2985
f 2985 2902 3259
f 2701 2985 2769
f 2542 2635 2692
f 2692 2635 2818
f 2542 2692 2540
f 2542 2540 2383
f 2692 2818 2885
f 2692 2885 2540
f 2885 2818 3103
f 2383 2540 2689
f 2689 2540 2885
f 2383 2689 2486
f 2383 2486 2245
f 2689 2885 2881
f 2689 2881 2486
f 2885 3103 3372
f 3372 3103 3542
f 3372 3542 3715
f 2885 3372 3170
f 2885 3170 2881
f 3372 3715 3540
f 3372 3540 3170
f 3540 3715 3828
f 2881 3170 3243
f 3170 3540 3311
f 3311 3540 3639
f 3311 3639 3409
f 2881 3243 2685
f 2881 2685 2486
f 2486 2685 2351
f 2486 2351 2245
f 2245 2351 1853
f 1853 2351 2095
f 1853 2095 1782
f 2095 2351 2349
f 2095 2349 1782
f 2349 2351 2590
f 2349 2590 3041
f 1782 2349 2094
f 1782 2094 1660
f 2349 3041 2749
f 2349 2749 2094
f 2749 3041 3370
f 1660 2094 2429
f 2429 2094 2749
f 1660 2429 1960
f 2749 3370 3040
f 2749 3040 2429
f 2429 3040 2683
f 3040 3370 3457
f 3040 3457 3166
f 217 378 775
f 217 775 411
f 378 870 775
f 775 870 1196
f 775 1196 1660
f 775 1660 1133
f 775 1133 411
f 1133 1660 1960
f 411 1133 1360
f 1360 1133 1960
f 411 1360 825
f 1360 1960 2243
f 825 1360 1600
f 1600 1360 2243
f 825 1600 959
f 825 959 572
f 1600 2243 2310
f 959 1600 1690
f 1690 1600 2310
f 959 1690 957
f 959 957 773
f 773 957 823
f 823 957 772
f 957 1690 1599
f 1599 1690 2310
f 772 957 958
f 958 957 1599
f 772 958 824
f 772 824 571
f 824 958 1359
f 1359 958 1599
f 824 1359 410
f 410 1359 1132
f 410 1132 774
f 774 1132 1659
f 1659 1132 1359
f 1659 1359 1959
f 1959 1359 1599
f 1959 1599 2242
f 2242 1599 2310
f 1959 2242 2428
f 2242 2310 2747
f 2747 2310 2243
f 2747 2243 2683
f 2428 2242 2682
f 2682 2242 2747
f 2428 2682 2748
f 2748 2682 3039
f 3039 2682 2747
f 3039 2747 3166
f 3039 3166 3369
f 3369 3166 3457
f 5779 5817 6211
f 1002 1691 1366
f 2146 1962 2358
f 2358 1962 2207
f 2207 1962 1919
f 2358 2207 2446
f 2146 2358 2604
f 2604 2358 2446
f 2604 2446 2645
f 2146 2604 2393
f 2604 2645 2913
f 2393 2604 2911
f 2911 2604 2913
f 2393 2911 2556
f 3053 2913 3118
f 2556 2911 2994
f 2556 2994 2706
f 2706 2994 2992
f 2911 2913 3116
f 3116 2913 3053
f 2994 2911 3186
f 3186 2911 3116
f 3116 3053 3187
f 2994 3186 3263
f 2994 3263 2992
f 3187 3053 3054
f 2992 3263 3331
f 2992 3331 2908
f 3186 3116 3384
f 3384 3116 3187
f 3263 3186 3470
f 3470 3186 3384
f 2908 3331 3328
f 3331 3263 3560
f 3560 3263 3470
f 3331 3560 3328
f 2908 3328 2990
f 2990 3328 3382
f 2990 3382 3050
f 3182 2772 3050
f 3182 3050 3382
f 3182 3382 3420
f 3182 3420 3510
f 3382 3328 3557
f 3259 3510 3551
f 3551 3510 3797
f 3557 3328 3515
f 3515 3328 3560
f 3515 3560 3600
f 3515 3600 3557
f 3600 3560 3649
f 3557 3600 3647
f 3557 3647 3752
f 3722 3758 3560
f 3722 3560 3470
f 3722 3470 3651
f 3651 3470 3384
f 3557 3752 3676
f 3557 3676 3382
f 3382 3676 3420
f 3651 3384 3517
f 3517 3384 3187
f 3801 3869 3651
f 3801 3651 3517
f 3801 3517 3678
f 3517 3187 3333
f 3678 3517 3519
f 3519 3517 3333
f 3333 3187 3121
f 3333 3121 3519
f 3121 3187 3054
f 3121 3054 3059
f 3121 3059 3061
f 3678 3519 3871
f 3678 3871 4033
f 3871 3519 3760
f 4033 3871 4142
f 3335 3519 3121
f 3519 3335 3760
f 3335 3121 3061
f 3760 3335 3602
f 3602 3335 3132
f 3132 3335 3061
f 3132 3061 3063
f 3132 3063 3066
f 3132 3066 3136
f 3066 3063 3067
f 3066 3067 3068
f 4223 4033 4142
f 4033 4223 4336
f 4033 4336 4110
f 4110 4336 4407
f 4336 4223 4503
f 4407 4336 4567
f 4567 4336 4503
f 4407 4567 4657
f 4407 4657 4478
f 4567 4503 4633
f 4567 4633 4734
f 4567 4734 4657
f 4633 4503 4537
f 4657 4734 4837
f 4537 4503 4409
f 4409 4503 4223
f 4409 4223 4142
f 4537 4409 4439
f 4409 4142 4255
f 4409 4255 4439
f 4255 4142 4035
f 4439 4255 4296
f 4296 4255 4181
f 4181 4255 4035
f 4296 4181 4224
f 4181 4035 4112
f 4181 4112 4224
f 4112 4035 3943
f 4224 4112 4143
f 4733 4837 4905
f 4837 4733 4657
f 4733 4905 4799
f 4657 4733 4536
f 4536 4733 4799
f 4657 4536 4478
f 4536 4799 4601
f 4536 4601 4294
f 4536 4294 4221
f 4294 4601 4334
f 4221 4294 3989
f 4221 3989 3906
f 4294 4334 4030
f 4030 4334 4081
f 2207 1919 2208
f 2208 1919 2150
f 2207 2208 2312
f 2207 2312 2446
f 2312 2208 2314
f 2446 2312 2452
f 2452 2312 2314
f 2314 2208 2455
f 2208 2150 2316
f 2208 2316 2455
f 2314 2455 2402
f 2316 2150 2655
f 2455 2316 2717
f 2717 2316 2655
f 2717 2655 3138
f 2655 2150 2504
f 3138 2655 3141
f 3141 2655 2504
f 3138 3141 3434
f 2291 2504 1818
f 2504 2291 2657
f 2504 2657 3076
f 2504 3076 3141
f 3076 2657 3143
f 3434 3141 3476
f 3476 3141 3076
f 3434 3476 3563
f 3076 3143 3522
f 3076 3522 3476
f 3522 3143 3608
f 3522 3608 3873
f 3476 3522 3652
f 3476 3652 3563
f 3522 3873 3766
f 3522 3766 3652
f 3766 3873 3907
f 3652 3766 3726
f 3652 3726 3563
f 3563 3726 3606
f 3606 3726 3763
f 3907 3873 4082
f 3907 4082 4185
f 3907 4185 3993
f 3993 4185 4229
f 3993 4229 4039
f 4039 4229 4227
f 1691 2043 1366
f 3722 3651 3869
f 3054 3053 3118
f 3054 3118 3059
f 3059 3118 3190
f 3059 3190 3127
f 3059 3127 3061
f 3061 3127 3063
f 3063 3127 3130
f 3063 3130 3067
f 3722 3869 3906
f 3869 3801 4110
f 4110 3801 4033
f 3869 4110 3906
f 3906 4110 4179
f 4179 4110 4407
f 3906 4179 4221
f 4179 4407 4478
f 4179 4478 4221
f 4221 4478 4536
f 3801 3678 4033
f 4142 3871 3760
f 4142 3760 4035
f 4035 3760 3602
f 4035 3602 3943
f 4439 4296 4408
f 4408 4296 4254
f 4254 4296 4180
f 4180 4296 4224
f 4180 4224 4143
f 4254 4180 4141
f 4254 4141 4408
f 4408 4141 4222
f 4141 4180 4034
f 4222 4141 4032
f 4034 4180 4111
f 4111 4180 4143
f 4034 4111 3942
f 4034 3942 3601
f 3942 4111 3990
f 4034 3601 3759
f 3759 3601 3518
f 3759 3518 3677
f 3990 4111 4182
f 4182 4111 4143
f 3990 4182 4144
f 4182 4143 4225
f 4144 4182 4298
f 4298 4182 4225
f 4298 4225 4297
f 4144 4298 4256
f 4256 4298 4300
f 3516 3677 3518
f 3516 3518 3332
f 3677 3516 3800
f 3677 3800 3870
f 3870 3800 4032
f 3800 3516 3650
f 3650 3516 3469
f 3800 3650 3721
f 3721 3650 3469
f 4032 3800 3868
f 3868 3800 3721
f 3868 3721 3757
f 3868 3757 3905
f 3757 3721 3559
f 3559 3721 3469
f 3757 3559 3648
f 3868 3905 4109
f 3868 4109 4032
f 4109 3905 4178
f 4109 4178 4406
f 4032 4109 4335
f 4335 4109 4406
f 4032 4335 4222
f 4222 4335 4408
f 4408 4335 4502
f 4502 4335 4406
f 4408 4502 4439
f 4439 4502 4537
f 4502 4406 4566
f 4502 4566 4537
f 4566 4406 4477
f 4537 4566 4633
f 4633 4566 4656
f 4656 4566 4477
f 4633 4656 4734
f 4734 4656 4837
f 4656 4477 4732
f 4656 4732 4837
f 4732 4477 4535
f 4837 4732 4905
f 4730 4797 4905
f 4730 4905 4798
f 4798 4905 4732
f 4798 4732 4600
f 4600 4732 4535
f 4798 4600 4564
f 4600 4535 4333
f 4600 4333 4331
f 4333 4535 4295
f 4333 4295 4031
f 4333 4031 4080
f 4406 4178 4477
f 4477 4178 4220
f 4477 4220 4295
f 4477 4295 4535
f 4220 4178 3988
f 4220 3988 4295
f 3988 4178 3905
f 3988 3905 3757
f 4295 3988 4031
f 4031 3988 3755
f 4031 3755 3753
f 3753 3755 3648
f 4031 3753 4080
f 3753 3648 3599
f 4080 3753 3798
f 3798 3753 3599
f 4331 4333 4080
f 4331 4080 4075
f 4331 4075 4107
f 4107 4075 3866
f 3866 4075 4080
f 3866 4080 3798
f 3866 3798 3646
f 3646 3798 3599
f 3866 3646 3751
f 3755 3988 3757
f 3755 3757 3648
f 3599 3648 3514
f 3514 3648 3559
f 3599 3514 3558
f 3599 3558 3646
f 3514 3559 3329
f 3646 3558 3675
f 3646 3675 3751
f 3558 3514 3327
f 3327 3514 3329
f 3558 3327 3675
f 3329 3559 3330
f 3330 3559 3469
f 3329 3330 2989
f 3329 2989 3327
f 3330 3469 3262
f 3864 3751 3675
f 2989 3330 2907
f 2907 3330 3262
f 3327 2989 3051
f 3419 3675 3327
f 3327 3051 3181
f 3327 3181 3419
f 3181 3051 2773
f 2773 3051 2989
f 3419 3181 3258
f 3675 3419 3719
f 3258 3181 2901
f 2901 3181 2773
f 3419 3258 3511
f 3419 3511 3719
f 3675 3719 3862
f 3675 3862 3864
f 3719 3511 3749
f 3719 3749 3860
f 3719 3860 3862
f 3749 3511 3796
f 3862 3860 3983
f 3862 3983 3986
f 3983 3860 4024
f 3862 3986 4026
f 3862 4026 3864
f 4026 3986 4071
f 3864 4026 4072
f 4072 4026 4139
f 3864 4072 4028
f 3864 4028 3903
f 3903 4028 4079
f 3899 4024 3860
f 3899 3860 3749
f 4024 3899 4022
f 3899 3749 3796
f 4022 3899 3938
f 3938 3899 3796
f 4022 3938 3980
f 4022 3980 4069
f 3938 3796 3794
f 3938 3794 3980
f 4069 3980 3977
f 4069 3977 4106
f 4106 3977 4020
f 3977 3980 3897
f 3897 3980 3747
f 3747 3980 3794
f 3747 3794 3595
f 3550 3794 3796
f 3794 3550 3595
f 3550 3796 3511
f 3595 3550 3322
f 3322 3550 3325
f 3322 3325 3046
f 3550 3511 3258
f 3550 3258 3325
f 3325 3258 3046
f 3046 3258 2984
f 3046 2984 2767
f 2984 3258 2901
f 2984 2901 2767
f 2767 2901 2699
f 2767 2699 2751
f 2699 2901 2773
f 2751 2699 2693
f 2751 2693 2819
f 2699 2773 2636
f 2699 2636 2693
f 2693 2636 2634
f 2693 2634 2819
f 2634 2636 2541
f 2636 2773 2551
f 2636 2551 2541
f 2551 2773 2703
f 2703 2773 2989
f 2703 2989 2597
f 2597 2989 2907
f 2551 2703 2442
f 2442 2703 2597
f 2597 2907 2390
f 2597 2390 2442
f 2390 2907 2601
f 2390 2601 2108
f 2601 2907 2991
f 2991 2907 3262
f 2551 2442 2387
f 2551 2387 2541
f 2387 2442 2196
f 2196 2442 2250
f 2196 2250 1916
f 2387 2196 2382
f 2387 2382 2541
f 2382 2196 2244
f 2382 2244 2350
f 2541 2382 2539
f 2541 2539 2691
f 2541 2691 2634
f 2634 2691 2819
f 2691 2539 2884
f 2691 2884 2819
f 2539 2382 2688
f 2539 2688 2884
f 2485 2382 2350
f 2382 2485 2688
f 2884 2688 2880
f 2880 2688 2485
f 2819 2884 3102
f 2485 2350 2684
f 2485 2684 2880
f 2684 2350 2589
f 2589 2350 2348
f 2589 2348 3042
f 2589 3042 2684
f 3042 2348 2748
f 3042 2748 3039
f 3042 3039 3369
f 2684 3042 3167
f 2684 3167 2880
f 3042 3369 3458
f 3042 3458 3167
f 3458 3369 3538
f 3538 3369 3457
f 3458 3538 3504
f 3458 3504 3460
f 3458 3460 3167
f 3460 3504 3462
f 3460 3462 3408
f 3167 3460 3242
f 3242 3460 3408
f 3167 3242 2880
f 3242 3408 3310
f 3242 3310 2880
f 2880 3310 3169
f 2880 3169 2884
f 2884 3169 3102
f 3102 3169 3371
f 3371 3169 3539
f 3102 3371 3541
f 3541 3371 3539
f 3102 3541 3244
f 3541 3539 3714
f 3714 3539 3827
f 3826 3856 3827
f 3827 3856 3829
f 3827 3829 3714
f 3714 3829 3745
f 3714 3745 3541
f 3745 3829 3790
f 3745 3790 3716
f 3745 3716 3543
f 3541 3745 3593
f 3593 3745 3543
f 3541 3593 3244
f 3593 3543 3312
f 3593 3312 3244
f 3244 3312 2974
f 2974 3312 2976
f 2974 2976 2823
f 3244 2974 2972
f 2974 2823 2754
f 2974 2754 2972
f 2754 2823 2758
f 3244 2972 2887
f 2887 2972 2754
f 2887 2754 2750
f 3244 2887 3102
f 3102 2887 2819
f 2819 2887 2751
f 3866 3751 3864
f 3866 3864 3901
f 3866 3901 4107
f 4107 3901 3940
f 3940 3901 3903
f 3903 3901 3864
f 4107 3940 4074
f 4074 3940 3903
f 4107 4074 4290
f 4107 4290 4331
f 4331 4290 4476
f 4331 4476 4564
f 4564 4476 4730
f 4476 4290 4217
f 4217 4290 4074
f 4476 4217 4292
f 4476 4292 4216
f 4216 4292 4079
f 4074 3903 4079
f 4217 4074 4079
f 4217 4079 4292
f 4216 4079 4028
f 4216 4028 4329
f 4329 4028 4072
f 4216 4329 4476
f 4329 4072 4375
f 4329 4375 4476
f 4375 4072 4139
f 4476 4375 4562
f 4476 4562 4730
f 4331 4564 4600
f 4564 4730 4798
f 4730 4562 4797
f 4797 4562 4599
f 4797 4599 4731
f 4731 4599 4563
f 4563 4599 4376
f 4599 4562 4405
f 4599 4405 4376
f 4405 4562 4375
f 4376 4405 4140
f 4405 4375 4177
f 4405 4177 4140
f 4177 4375 4139
f 4140 4177 4071
f 4071 4177 4139
f 4140 4071 4027
f 4071 4139 4026
f 4797 4731 4905
f 4905 4731 4799
f 4799 4731 4601
f 4601 4731 4565
f 4565 4731 4563
f 4565 4563 4475
f 4601 4565 4334
f 4565 4475 4332
f 4565 4332 4334
f 4334 4332 4081
f 4081 4332 4077
f 4108 4077 4291
f 4077 4108 3867
f 4077 3867 4081
f 4081 3867 3799
f 3799 3867 3647
f 3647 3867 3752
f 3752 3867 3865
f 3865 3867 3902
f 3906 3989 3758
f 3758 3989 3756
f 3758 3756 3649
f 3756 3989 4030
f 4030 3989 4294
f 3649 3756 3754
f 3754 3756 4030
f 3649 3754 3600
f 3754 4030 3799
f 3754 3799 3600
f 3799 4030 4081
f 3600 3799 3647
f 3906 3758 3722
f 3560 3758 3649
f 4077 4332 4291
f 4291 4332 4475
f 4291 4475 4219
f 4291 4219 4076
f 4219 4475 4293
f 4219 4293 4078
f 4078 4293 4218
f 3867 4108 3902
f 3902 4108 3941
f 3941 4108 4076
f 4076 4108 4291
f 3941 4076 4078
f 4078 4076 4219
f 3902 3941 3865
f 3865 3941 3904
f 4293 4475 4330
f 4293 4330 4218
f 3941 4078 3904
f 4078 4218 4029
f 4078 4029 3904
f 3904 4029 4073
f 4073 4029 4330
f 4073 4330 4376
f 4376 4330 4563
f 4073 4376 4140
f 4073 4140 4027
f 4073 4027 3865
f 4029 4218 4330
f 3904 4073 3865
f 4563 4330 4475
f 3865 4027 3987
f 3987 4027 4071
f 3865 3987 3863
f 3865 3863 3752
f 3863 3987 3984
f 3863 3984 3861
f 3863 3861 3676
f 3984 3987 3982
f 3861 3984 4025
f 3982 3987 3985
f 3984 3982 3981
f 3982 3985 3983
f 3983 3985 3986
f 3982 3983 4024
f 3982 4024 3981
f 3981 4024 4022
f 3981 4022 4021
f 4021 4022 4069
f 4021 4069 4106
f 4021 4106 4023
f 4021 4023 4025
f 4023 4106 4070
f 4025 4023 3900
f 4025 3900 3861
f 4023 4070 3939
f 4023 3939 3900
f 3939 4070 3979
f 3939 3979 3797
f 3939 3797 3750
f 3939 3750 3900
f 3750 3797 3510
f 3750 3510 3420
f 3900 3750 3720
f 3720 3750 3420
f 3900 3720 3861
f 3720 3420 3676
f 3720 3676 3861
f 4071 3986 3985
f 4071 3985 3987
f 3752 3863 3676
f 4025 3984 3981
f 4025 3981 4021
f 3795 3551 3797
f 3795 3797 3979
f 3795 3979 3748
f 3795 3748 3596
f 3748 3979 3898
f 3596 3748 3509
f 3748 3898 3793
f 3898 3979 3978
f 3898 3978 3793
f 3978 3979 4070
f 3978 4070 4106
f 3793 3978 3859
f 3978 4106 4020
f 3978 4020 3859
f 3859 4020 3857
f 3324 3596 3509
f 3324 3509 3255
f 3178 3255 3416
f 3255 3178 2980
f 3255 2980 3324
f 3324 2980 2983
f 2983 2980 2763
f 2983 2763 3047
f 2983 3047 3324
f 3326 3596 3324
f 3326 3324 3047
f 3596 3326 3551
f 3551 3326 3259
f 3259 3326 2985
f 2985 3326 3047
f 2985 3047 2769
f 2769 3047 2764
f 2441 2553 2542
f 2590 2351 2685
f 2590 2685 3041
f 3168 3041 2685
f 3041 3168 3370
f 3370 3168 3459
f 3370 3459 3457
f 3457 3459 3538
f 3459 3168 3243
f 3243 3168 2685
f 3538 3459 3461
f 3461 3459 3243
f 3538 3461 3504
f 3461 3243 3311
f 3311 3243 3170
f 3461 3311 3409
f 3461 3409 3504
f 3504 3409 3462
f 2429 2683 1960
f 2683 3040 3166
f 2635 2637 2694
f 2694 2637 2701
f 2635 2694 2818
f 2694 2701 2753
f 2753 2701 2769
f 2818 2694 2889
f 2889 2694 2753
f 2753 2769 2752
f 2753 2752 2889
f 2752 2769 2764
f 2818 2889 3103
f 2752 2764 2755
f 2752 2755 2889
f 2755 2764 2763
f 2889 2755 2973
f 2755 2763 2820
f 2820 2763 2762
f 2820 2762 2825
f 2973 2755 2975
f 2820 2825 2977
f 2820 2977 2975
f 2977 2825 2895
f 2977 2895 3107
f 3245 2889 2973
f 3245 2973 2975
f 2889 3245 3103
f 3103 3245 3542
f 3245 2975 3313
f 3313 2975 2977
f 3245 3313 3542
f 3313 2977 3247
f 3542 3313 3594
f 3594 3313 3247
f 3542 3594 3715
f 3594 3247 3544
f 3715 3594 3746
f 3746 3594 3544
f 3715 3746 3828
f 3746 3544 3717
f 3828 3746 3830
f 3830 3746 3717
f 3828 3830 3826
f 3830 3717 3791
f 3826 3830 3856
f 3856 3830 3791
f 3856 3791 3789
f 3856 3789 3829
f 3829 3789 3790
f 3639 3540 3828
f 3639 3828 3826
f 3639 3826 3637
f 3639 3637 3409
f 3637 3826 3827
f 3637 3827 3638
f 3638 3827 3539
f 3638 3539 3408
f 3638 3408 3462
f 3408 3539 3310
f 3310 3539 3169
f 2764 3047 2763
f 3596 3551 3795
f 3255 3509 3416
f 3416 3509 3748
f 3748 3793 3645
f 3645 3793 3506
f 3645 3506 3253
f 3645 3253 3416
f 3416 3253 2979
f 3416 2979 3178
f 3178 2979 2824
f 3506 3793 3644
f 3644 3793 3859
f 3506 3644 3323
f 3506 3323 3112
f 3323 3644 3468
f 3644 3859 3674
f 3644 3674 3468
f 3468 3674 3549
f 3674 3859 3857
f 3549 3674 3718
f 3718 3674 3857
f 3549 3718 3545
f 3545 3718 3673
f 3545 3673 3548
f 3718 3857 3858
f 3718 3858 3673
f 3858 3857 3977
f 3977 3857 4020
f 3858 3977 3792
f 3858 3792 3673
f 3792 3977 3897
f 3792 3897 3747
f 3673 3792 3642
f 3673 3642 3466
f 3792 3747 3643
f 3792 3643 3642
f 3466 3642 3505
f 3505 3642 3643
f 3466 3505 3321
f 3321 3505 3111
f 3505 3643 3414
f 3414 3643 3747
f 3505 3414 3250
f 3414 3747 3508
f 3508 3747 3595
f 3508 3595 3322
f 3250 3414 3105
f 3105 3414 3508
f 3250 3105 2978
f 3508 3322 3254
f 3508 3254 3105
f 2978 3105 2894
f 2894 3105 3254
f 2978 2894 2821
f 2821 2894 2697
f 2697 2894 2757
f 2757 2894 2758
f 2758 2894 2981
f 2981 2894 3254
f 2758 2981 2759
f 2981 3254 2982
f 2981 2982 2759
f 2982 3254 3322
f 2759 2982 3046
f 3046 2982 3322
f 3748 3645 3416
f 3112 3253 3506
f 3253 3112 2979
f 2979 3112 2831
f 2979 2831 2824
f 2824 2831 2700
f 2824 2700 2596
f 3468 3549 3554
f 3468 3554 3418
f 3468 3418 3323
f 3418 3554 2833
f 3323 3418 3261
f 3261 3418 2833
f 3323 3261 3112
f 3261 2833 2987
f 3261 2987 3112
f 2987 2833 2492
f 2987 2492 2252
f 3112 2987 2831
f 2987 2252 2638
f 2987 2638 2831
f 2831 2638 2700
f 3549 3545 3554
f 3554 3545 3597
f 3597 3545 3548
f 3597 3548 3553
f 3553 3548 3466
f 3553 3466 3321
f 3553 3321 3417
f 3417 3321 3260
f 3260 3321 3111
f 3260 3111 2830
f 3260 2830 2986
f 2833 3554 3597
f 2833 3597 2909
f 2909 3597 2832
f 2832 3597 3553
f 2832 3553 3417
f 2832 3417 3260
f 2832 3260 2986
f 2832 2986 2491
f 3548 3673 3466
f 3505 3250 3111
f 3111 3250 2978
f 3111 2978 2830
f 2830 2978 2821
f 2830 2821 2702
f 2702 2821 2595
f 2595 2821 2697
f 2702 2595 2489
f 2986 2830 2639
f 2986 2639 2251
f 2986 2251 2491
f 2491 2251 1615
f 2491 1615 1724
f 1724 1615 962
f 962 1615 924
f 1615 2251 2105
f 2105 2251 2639
f 924 1615 1515
f 1515 1615 2105
f 2105 2639 2489
f 2489 2639 2702
f 1515 2105 1461
f 924 1515 782
f 782 1515 1461
f 924 782 104
f 104 782 5649
f 5649 782 727
f 5649 727 5774
f 727 782 1461
f 727 1461 1507
f 727 1507 682
f 2039 1461 2105
f 2039 2105 2489
f 1507 1461 2097
f 2097 1461 2039
f 1507 2097 1561
f 1561 2097 2284
f 2284 2097 2591
f 2591 2097 2433
f 2591 2433 2695
f 2097 2039 2388
f 2097 2388 2433
f 2388 2039 2489
f 2433 2388 2595
f 2595 2388 2489
f 2830 2702 2639
f 2832 2491 1724
f 2832 1724 1816
f 1816 1724 1058
f 1058 1724 962
f 1058 962 174
f 1058 174 218
f 1058 218 220
f 1058 220 1059
f 1058 1059 1816
f 1059 220 219
f 1887 2832 1816
f 1887 1816 1059
f 2832 1887 2909
f 1059 219 1057
f 1059 1057 1887
f 1057 219 175
f 1057 175 963
f 1887 1057 1815
f 1887 1815 2909
f 1815 1057 963
f 2909 1815 2833
f 1815 963 1725
f 1815 1725 2833
f 2833 1725 2492
f 962 924 174
f 174 924 104
f 174 104 5928
f 5928 104 5649
f 174 5928 218
f 218 5928 6003
f 218 6003 220
f 5649 5774 5928
f 5928 5774 5813
f 5813 5774 727
f 5813 727 682
f 5928 5813 5924
f 5928 5924 6003
f 6003 5924 5973
f 5813 682 680
f 680 682 1507
f 680 1507 1561
f 5813 680 677
f 677 680 1561
f 5813 677 5924
f 5924 677 5973
f 677 1561 1601
f 1601 1561 2284
f 5973 677 676
f 676 677 1601
f 1601 2284 2431
f 5973 676 5925
f 1601 2431 2430
f 676 1601 1661
f 1661 1601 2430
f 5925 676 678
f 678 676 1661
f 5925 678 5814
f 1661 2430 1602
f 1661 1602 678
f 1602 2430 2432
f 5814 678 679
f 679 678 1602
f 5814 679 681
f 681 679 1562
f 1562 679 1602
f 1562 1602 2432
f 1562 2432 2285
f 6003 5973 5929
f 5929 5973 5925
f 5929 5925 5814
f 5929 5814 5775
f 5929 5775 5648
f 5929 5648 105
f 5929 105 175
f 6003 5929 220
f 219 220 5929
f 219 5929 175
f 1725 963 1614
f 1725 1614 2492
f 2492 1614 2252
f 1614 963 925
f 925 963 175
f 925 175 105
f 925 105 780
f 780 105 5648
f 2252 1614 2106
f 2252 2106 2638
f 2490 2700 2638
f 2490 2638 2106
f 2490 2106 2389
f 2490 2389 2596
f 2596 2389 2434
f 2434 2389 2040
f 2040 2389 2106
f 2040 2106 1462
f 1516 2106 1614
f 2106 1516 1462
f 1516 1614 925
f 1516 925 780
f 1516 780 1462
f 2040 1462 2098
f 1462 780 728
f 728 780 5648
f 728 5648 5775
f 728 5775 681
f 681 5775 5814
f 1462 728 1508
f 1508 728 681
f 1462 1508 2098
f 1508 681 1562
f 1508 1562 2285
f 1508 2285 2098
f 2098 2285 2592
f 2285 2432 2817
f 2817 2432 3044
f 2285 2817 2592
f 2817 3044 2891
f 2592 2817 2696
f 2696 2817 2891
f 2592 2696 2594
f 2891 3044 3315
f 2891 3315 3177
f 3177 3315 3320
f 3320 3315 3412
f 3412 3315 3101
f 2098 2592 2434
f 2098 2434 2040
f 2594 2434 2592
f 2434 2594 2596
f 2700 2490 2596
f 2596 2698 2824
f 2824 2698 2896
f 2896 2698 2761
f 2824 2896 3178
f 2896 2761 2762
f 3178 2896 2980
f 2980 2896 2762
f 2980 2762 2763
f 2698 2596 2760
s 0
f 2698 2760 2761
s 1
f 2761 2760 2825
f 2761 2825 2762
f 2825 2760 2895
f 2895 2760 2594
f 2760 2596 2594
f 2755 2820 2975
f 2895 2594 2696
f 2895 2696 3107
f 3107 2696 2891
f 2977 3107 3247
f 3247 3107 3544
f 3107 2891 3415
f 3107 3415 3544
f 3415 2891 3177
f 3544 3415 3717
f 3415 3177 3547
f 3415 3547 3717
f 3547 3177 3320
f 3717 3547 3791
f 3547 3320 3641
f 3547 3641 3791
f 3641 3320 3378
f 3791 3641 3789
f 3641 3378 3672
f 3641 3672 3789
f 3672 3378 3464
f 3789 3672 3790
f 3672 3464 3376
f 3790 3672 3640
f 3640 3672 3376
f 3790 3640 3716
f 3640 3376 3546
f 3640 3546 3716
f 3546 3376 3318
f 3716 3546 3543
f 3546 3318 3413
f 3546 3413 3543
f 3413 3318 3175
f 3543 3413 3246
f 3413 3175 2892
f 3246 3413 3104
f 3104 3413 2892
f 3246 3104 2976
f 3246 2976 3312
f 3104 2892 2893
f 3104 2893 2976
f 2893 2892 2695
f 2893 2695 2756
f 2893 2756 2976
f 2756 2695 2593
f 2976 2756 2822
f 2822 2756 2697
f 2976 2822 2823
f 2822 2697 2757
f 2823 2822 2758
f 2758 2822 2757
f 3409 3637 3462
f 3462 3637 3638
f 3312 3543 3246
f 2887 2750 2751
f 2751 2750 2766
f 2751 2766 2767
f 2766 2750 2759
f 2759 2750 2754
f 2759 2754 2758
f 2766 2759 3046
f 2767 2766 3046
f 2348 2350 2096
f 2096 2350 1852
f 1852 2350 2244
f 1852 2244 2196
f 2348 2096 1781
f 1781 2096 1852
f 2348 1781 2093
f 2348 2093 2748
f 2748 2093 2428
f 2428 2093 1959
f 1959 2093 1659
f 1659 2093 1781
f 1659 1781 1361
f 1361 1781 1852
f 1854 1852 2196
f 1659 1361 1197
f 1659 1197 774
f 1854 2196 1916
f 774 1197 871
f 871 1197 1361
f 1852 1854 1512
f 1512 1854 1916
f 1415 1361 1852
f 1415 1852 1512
f 1512 1916 1612
f 1361 1415 1056
f 1361 1056 960
f 1361 960 871
f 1056 1415 1134
f 1134 1415 1512
f 960 1056 532
f 532 1056 1134
f 871 960 486
f 486 960 532
f 1134 1512 1198
f 1198 1512 1612
f 532 1134 613
f 613 1134 1198
f 1198 1612 1783
f 1783 1612 1916
f 613 1198 731
f 1783 1916 2108
f 2108 1916 2250
f 2108 2250 2390
f 2390 2250 2442
f 2356 2108 2601
f 2108 2356 2044
f 2108 2044 1783
f 1365 1198 1783
f 1365 1783 2044
f 1198 1365 731
f 1365 2044 1692
f 1692 2044 2147
f 1692 2147 1961
f 1365 1692 1003
f 731 1365 878
f 878 1365 1003
f 1003 1692 1004
f 1004 1692 1616
f 878 1003 338
f 338 1003 1004
f 731 878 291
f 291 878 338
f 1004 1616 1095
f 731 291 221
f 731 221 613
f 1095 1616 1618
f 221 291 5866
f 613 221 173
f 613 173 532
f 173 221 5894
f 5894 221 5866
f 532 173 102
f 532 102 486
f 173 5894 5931
f 173 5931 102
f 5931 5894 6284
f 6284 5894 5866
f 5931 6284 6312
f 6284 5866 6243
f 6284 6243 6427
f 6243 5866 6206
f 6243 6206 6472
f 6206 5866 5818
f 5818 5866 291
f 6206 5818 6209
f 5818 291 338
f 6209 5818 5778
f 5778 5818 338
f 6209 5778 6160
f 6160 5778 5724
f 6160 5724 6214
f 6160 6214 6314
f 6314 6214 6707
f 5724 5778 413
f 413 5778 338
f 413 338 1004
f 5724 413 489
f 413 1004 1095
f 413 1095 489
f 489 1095 1367
f 489 1367 926
f 926 1367 1666
f 1666 1367 1921
f 1367 1095 1817
f 1367 1817 1921
f 1817 1095 1618
f 1921 1817 2290
f 2290 1817 2503
f 1817 1618 2149
f 1817 2149 2503
f 2149 1618 1918
f 2290 2503 2656
f 2149 1918 2315
f 2149 2315 2503
f 2315 1918 2148
f 2656 2503 3075
f 2656 3075 3142
f 3075 2503 2654
f 2654 2503 2315
f 2315 2148 2456
f 2315 2456 2654
f 2456 2148 2313
f 2654 2456 2718
f 2718 2456 2715
f 2718 2715 3139
f 3139 2715 3073
f 3166 2747 2683
f 2683 2243 1960
f 726 823 772
f 726 772 611
f 726 611 483
f 726 483 529
f 529 483 409
f 483 611 454
f 611 772 374
f 611 374 454
f 374 772 571
f 483 454 214
f 214 454 374
f 483 214 409
f 374 571 130
f 374 130 214
f 130 571 252
f 130 252 5770
f 130 5770 5891
f 130 5891 214
f 5891 5770 6080
f 214 5891 5768
f 214 5768 16
f 5891 6080 6033
f 214 16 167
f 214 167 409
f 167 16 249
f 409 167 275
f 275 167 206
f 5891 6033 5863
f 6033 6080 6384
f 5863 6033 6078
f 5863 6078 63
f 6033 6384 6280
f 6033 6280 6078
f 6280 6384 6765
f 6280 6765 6625
f 6280 6625 6078
f 6765 6384 6836
f 6836 6384 6469
f 6469 6384 6035
f 6836 6469 6888
f 6888 6469 6940
f 6940 6469 6662
f 6940 6662 7043
f 5766 63 6078
f 6348 6078 6625
f 6078 6348 5766
f 6348 6625 6658
f 63 5766 98
f 98 5766 6348
f 63 98 370
f 370 98 666
f 98 6348 6000
f 6000 6348 6240
f 525 448 993
f 993 448 911
f 993 911 1406
f 525 993 665
f 448 407 911
f 1158 665 993
f 1158 993 1451
f 1158 1451 1556
f 2587 3503 2628
f 2628 3503 3590
f 3590 3503 4172
f 3590 4172 4214
f 4214 4172 4534
f 4214 4534 4692
f 4692 4534 4689
f 4756 4174 4692
f 4756 4692 5128
f 4692 4689 4902
f 4902 4689 4794
f 5128 4692 5071
f 5071 4692 4902
f 5128 5071 5243
f 4902 4794 5040
f 4902 5040 5071
f 5040 4794 4793
f 5243 5071 5201
f 5201 5071 5040
f 5243 5201 5241
f 5040 4793 4987
f 5040 4987 5201
f 5241 5201 5183
f 5183 5201 4987
f 5241 5183 5168
f 5168 5183 4987
f 5241 5168 5166
f 5166 5168 5036
f 5036 5168 4987
f 5166 5036 5069
f 5036 4987 4937
f 5036 4937 5069
f 4937 4987 4793
f 5069 4937 5010
f 4937 4793 4964
f 4964 4793 4900
f 4964 4900 5065
f 4964 5065 5142
f 5142 5065 5110
f 5142 5110 5217
f 5217 5110 5140
f 5217 5140 5199
f 5199 5140 5195
f 5217 5199 5197
f 5217 5197 5215
f 5199 5195 5278
f 5278 5195 5213
f 5278 5213 5295
f 5295 5213 5212
f 5295 5212 5293
f 5293 5212 5210
f 5212 5213 5122
f 5212 5122 5107
f 5212 5107 5239
f 5239 5107 5121
f 5239 5121 5194
f 5194 5121 5120
f 5194 5120 5158
f 5158 5120 5064
f 5158 5064 5063
f 5158 5063 5119
f 5119 5063 5006
f 666 98 449
f 449 98 162
f 5858 6240 6656
f 6656 6240 6658
f 6656 6658 6762
f 6762 6658 7072
f 6656 6762 7040
f 6240 6348 6658
f 7072 6658 6625
f 7040 6762 7072
f 7040 7072 7363
f 7040 7363 7404
f 7404 7363 7815
f 7040 7404 7401
f 7040 7401 7013
f 7040 7013 6656
f 7013 7401 7399
f 7013 6499 6656
f 6499 7013 6968
f 6499 6968 6761
f 6761 6968 7115
f 6968 7013 7399
f 6968 7399 7115
f 7115 7399 7398
f 7398 7399 7938
f 7938 7399 7868
f 7868 7399 7813
f 7813 7399 7401
f 7813 7401 7814
f 7814 7401 7404
f 7813 7814 8350
f 7813 8350 8382
f 7813 8382 7868
f 8382 8350 9077
f 8382 9077 9201
f 9201 9077 9667
f 9201 9667 9937
f 9201 9937 10118
f 7868 8382 8412
f 8412 8382 9201
f 7868 8412 7938
f 9201 10118 9261
f 9201 9261 8412
f 9261 10118 10094
f 7938 8412 8550
f 8550 8412 9261
f 7938 8550 8143
f 9261 10094 9330
f 9261 9330 8550
f 9330 10094 9964
f 8143 8550 8697
f 8697 8550 9330
f 8143 8697 8608
f 8608 8697 9283
f 9283 8697 9477
f 9330 9964 9477
f 9477 9964 10057
f 10057 9964 10471
f 10471 9964 10539
f 10057 10471 10314
f 7363 7072 7116
f 7363 7116 7815
f 7815 7116 7816
f 7815 7816 8289
f 8289 7816 8261
f 8261 7816 7785
f 7785 7816 7240
f 8261 7785 8237
f 7814 7404 7815
f 7815 8289 8323
f 7815 8323 7814
f 8323 8289 8858
f 7814 8323 8350
f 8323 8858 8962
f 8323 8962 8350
f 8350 8962 9077
f 9077 8962 9433
f 9077 9433 9667
f 9433 8962 9262
f 7116 7072 6625
f 8962 8858 9262
f 9262 8858 8783
f 8783 8858 8289
f 8783 8289 8261
f 8783 8261 8704
f 8704 8261 8237
f 8861 8704 8264
f 8704 8861 9437
f 8783 8704 9181
f 9181 8704 9437
f 8783 9181 9178
f 8783 9178 9262
f 9181 9437 9406
f 9181 9406 9178
f 9406 9437 9626
f 9406 9626 9482
f 9406 9482 9434
f 9178 9406 9403
f 9178 9403 9262
f 9262 9403 9517
f 9262 9517 9433
f 9433 9517 9696
f 9479 9368 9515
f 9515 9368 9333
f 9479 9515 9620
f 9515 9333 9435
f 9435 9333 9483
f 9483 9333 9436
f 9479 9620 9617
f 9617 9620 9780
f 9617 9780 9851
f 9436 9333 9434
f 9407 9483 9438
f 9438 9483 9627
f 9627 9483 9436
f 9627 9436 9625
f 9625 9436 9482
f 9625 9482 9626
f 9407 9438 9182
f 9182 9438 8862
f 9182 8862 8705
f 9407 9182 9404
f 9404 9182 9179
f 9179 9182 8747
f 9482 9436 9434
f 8704 8237 8264
f 8264 8237 7787
f 8264 7787 7819
f 7819 7787 7242
f 7819 7242 7043
f 7819 7043 7733
f 7043 7242 6940
f 7733 7043 7292
f 6940 7242 6888
f 7733 7292 7683
f 7683 7292 7418
f 7683 7418 7328
f 7683 7328 7532
f 6888 7242 7286
f 7286 7242 7787
f 7286 7787 7785
f 6888 7286 6836
f 7286 7785 7240
f 7286 7240 6836
f 6836 7240 6765
f 6765 7240 7116
f 6765 7116 6625
f 7116 7240 7816
f 7787 8237 7785
f 6384 6080 6035
f 6035 6080 21
f 21 6080 5770
f 21 5770 252
f 21 252 410
f 410 252 571
f 410 571 824
f 21 410 216
f 216 410 774
f 216 774 871
f 5927 6035 216
f 6035 5927 6469
f 216 871 377
f 377 871 486
f 5927 216 5772
f 5927 5772 6469
f 5772 216 377
f 377 486 23
f 377 23 5772
f 23 486 102
f 6469 5772 6281
f 6281 5772 23
f 6469 6281 6662
f 6281 23 6083
f 6281 6083 6386
f 6386 6083 6351
f 6083 23 6004
f 6004 23 102
f 6083 6004 6351
f 6004 102 5931
f 6351 6004 6312
f 6312 6004 5931
f 6035 21 216
f 6662 6281 6386
f 6662 6386 6576
f 6576 6386 6351
f 6576 6351 6312
f 6662 6576 7043
f 6576 6312 6503
f 6576 6503 6665
f 6665 6503 6839
f 6839 6503 6766
f 6312 6284 6503
f 6503 6284 6426
f 6426 6284 6388
f 6503 6426 6701
f 6701 6426 6388
f 6503 6701 6766
f 6701 6388 6628
f 2356 2601 2705
f 2705 2601 2993
f 2993 2601 2991
f 2356 2705 2555
f 2555 2705 2993
f 2356 2555 2044
f 2993 2991 3262
f 2044 2555 2392
f 2044 2392 2147
f 2555 2993 2910
f 2555 2910 2392
f 2993 3262 3185
f 2993 3185 3115
f 2993 3115 2910
f 3185 3262 3383
f 3383 3262 3469
f 3383 3469 3516
f 3383 3516 3332
f 3185 3383 3188
f 3185 3188 3115
f 3188 3383 3332
f 3115 3188 3055
f 3188 3332 3119
f 3188 3119 3055
f 3055 3119 3060
f 3119 3332 3334
f 3119 3334 3060
f 3052 2910 3115
f 3060 3334 3131
f 3060 3131 3062
f 3131 3334 3264
f 3264 3334 3601
f 3131 3264 3135
f 3131 3135 3064
f 3135 3264 3423
f 3135 3423 3207
f 2912 2910 3052
f 2912 3052 3117
f 2912 3117 3056
f 3056 3117 3189
f 3056 3189 3120
f 2912 3056 2838
f 2838 3056 3120
f 2910 2912 2644
f 2644 2912 2838
f 2910 2644 2603
f 2910 2603 2392
f 2392 2603 2147
f 2603 2644 2445
f 2445 2644 2838
f 2147 2603 2359
f 2359 2603 2445
f 2147 2359 2206
f 2206 2359 2445
f 2147 2206 1961
f 2445 2838 2605
f 1692 1961 1616
f 1616 1961 1918
f 1616 1918 1618
f 1918 1961 2206
f 1918 2206 2148
f 2148 2206 2313
f 2311 2206 2445
f 2206 2311 2313
f 2311 2445 2451
f 2311 2451 2313
f 2451 2445 2605
f 2313 2451 2403
f 2313 2403 2456
f 2403 2451 2557
f 2456 2403 2495
f 2495 2403 2557
f 2456 2495 2715
f 2715 2495 2785
f 2715 2785 3073
f 3073 2785 3072
f 3073 3072 3269
f 2707 2451 2605
f 2707 2605 2838
f 2707 2838 2996
f 2996 2838 3120
f 2996 3120 3126
f 2996 3126 2997
f 2996 2997 2780
f 2996 2780 2707
f 2707 2780 2609
f 2609 2780 2651
f 2609 2651 2611
f 2609 2611 2557
f 1666 1921 2658
f 1666 2658 2404
f 1666 2404 2212
f 2658 1921 2928
f 2928 1921 2290
f 2212 2404 3147
f 2212 3147 2721
f 2404 2658 3389
f 2404 3389 3147
f 2721 3147 3526
f 3389 2658 3523
f 3523 2658 2928
f 3147 3389 3833
f 3833 3389 3523
f 3526 3147 3730
f 3730 3147 3833
f 3526 3730 3841
f 3841 3730 4046
f 4046 3730 3833
f 3841 4046 4000
f 4000 4046 4187
f 4187 4046 4113
f 4113 4046 3833
f 4187 4113 4260
f 4113 3833 3909
f 3909 3833 3523
f 4260 4113 4300
f 4260 4300 4303
f 4113 3909 4148
f 4113 4148 4300
f 3909 3523 3832
f 4148 3909 4040
f 4040 3909 3832
f 3832 3523 3564
f 3564 3523 2928
f 3832 3564 3872
f 3832 3872 4040
f 3564 2928 3142
f 3142 2928 2290
f 3142 2290 2656
f 3564 3142 3607
f 3564 3607 3872
f 3607 3142 3075
f 3872 3607 3521
f 3521 3607 3075
f 4083 4040 3872
f 3521 3075 3475
f 3521 3475 3765
f 3475 3075 3140
f 3140 3075 2654
f 3140 2654 3139
f 3140 3139 3475
f 3139 2654 2718
f 3475 3139 3432
f 3475 3432 3653
f 3653 3432 3562
f 3653 3562 3725
f 4184 4040 4083
f 4184 4083 3908
f 4040 4184 4146
f 4040 4146 4148
f 4146 4184 4230
f 4146 4230 4148
f 4230 4184 4228
f 4148 4230 4300
f 4230 4228 4258
f 4230 4258 4300
f 4258 4228 4226
f 4300 4258 4256
f 4256 4258 4226
f 4187 4260 4303
f 4238 4000 4187
f 4238 4187 4303
f 4092 4238 4001
f 4001 4238 4188
f 4188 4238 4303
f 4001 4188 3840
f 3840 4188 4047
f 3840 4047 3525
f 4188 4303 4261
f 4188 4261 4047
f 4261 4303 4302
f 4302 4303 4300
f 4302 4300 4298
f 4302 4298 4297
f 4302 4297 4301
f 4302 4301 4261
f 4301 4297 4299
f 4301 4299 4257
f 4301 4257 4259
f 4261 4301 4114
f 4261 4114 4047
f 4301 4259 4231
f 4231 4259 4227
f 4231 4227 4229
f 4301 4231 4149
f 4301 4149 4114
f 4231 4229 4147
f 4231 4147 4149
f 4147 4229 4185
f 4147 4185 4041
f 4041 4185 4082
f 4149 4147 3910
f 3910 4147 4041
f 4041 4082 3831
f 4041 3831 3910
f 3831 4082 3873
f 4149 3910 3834
f 4149 3834 4114
f 3910 3831 3524
f 3831 3873 3565
f 3831 3565 3524
f 3565 3873 3608
f 3565 3608 2929
f 2929 3608 3143
f 3565 2929 2659
f 3565 2659 3524
f 3524 2659 2405
f 3388 3910 3524
f 3388 3524 2405
f 3910 3388 3834
f 3388 2405 2213
f 3388 2213 3148
f 3388 3148 3834
f 3148 2213 2722
f 3834 3148 3729
f 3729 3148 2722
f 3834 3729 4114
f 3729 2722 3525
f 4114 3729 4047
f 4047 3729 3525
f 4000 4238 4092
f 2213 2405 1667
f 1667 2405 2659
f 3907 3993 3726
f 3907 3726 3766
f 3726 3993 3763
f 3763 3993 4039
f 3763 4039 3762
f 3762 4039 4037
f 4037 4039 4227
f 4037 4227 3991
f 3991 4227 4145
f 4037 3991 3724
f 4037 3724 3762
f 3763 3762 3603
f 3762 3724 3561
f 3762 3561 3603
f 3561 3724 3424
f 3561 3424 3341
f 3561 3341 3472
f 3561 3472 3603
f 3763 3603 3606
f 3603 3472 3473
f 3603 3473 3606
f 3606 3473 3433
f 3606 3433 3563
f 3563 3433 3347
f 3563 3347 3434
f 3434 3347 3138
f 3138 3347 3074
f 3138 3074 2717
f 3424 3724 3679
f 3679 3724 3991
f 3341 3424 3208
f 3679 3991 3943
f 3679 3943 3602
f 3943 3991 4112
f 3679 3602 3265
f 3679 3265 3424
f 3424 3265 3208
f 3265 3602 3132
f 3208 3265 3136
f 3136 3265 3132
f 4112 3991 4183
f 4112 4183 4143
f 4143 4183 4225
f 4183 3991 4145
f 4183 4145 4299
f 4299 4145 4257
f 4257 4145 4259
f 3472 3341 3338
f 3338 3341 3208
f 3472 3338 3426
f 3472 3426 3473
f 3473 3426 3471
f 3338 3208 3204
f 3204 3208 3136
f 3204 3136 3134
f 3134 3136 3066
f 3204 3134 3137
f 3204 3137 3338
f 3066 3068 3134
f 3134 3068 3069
f 3134 3069 3137
f 3069 3068 2849
f 3069 2849 2647
f 3069 2647 2649
f 3069 2649 2714
f 3069 2714 3137
f 3137 2714 2855
f 3137 2855 3266
f 3137 3266 3338
f 3266 2855 3342
f 3266 3342 3338
f 3338 3342 3426
f 3342 2855 3003
f 3342 3003 3006
f 3342 3006 3386
f 3342 3386 3426
f 3386 3006 2917
f 3426 3386 3471
f 3471 3386 3345
f 3345 3386 2917
f 3471 3345 3427
f 3345 2917 3214
f 3345 3214 3427
f 3214 2917 2859
f 3427 3214 3268
f 3214 2859 2653
f 3268 3214 3071
f 3214 2653 3002
f 3214 3002 3071
f 3002 2653 2560
f 3071 3002 2783
f 2783 3002 2560
f 3071 2783 2784
f 2783 2560 2454
f 2784 2783 2558
f 2783 2454 2612
f 2783 2612 2558
f 2647 2849 2711
f 2849 3068 3067
f 2849 3067 2711
f 2711 3067 2779
f 2779 3067 3130
f 2779 3130 2847
f 2847 3130 3128
f 2847 3128 3123
f 2847 3123 2777
f 2777 3123 2712
f 2712 3123 2998
f 2712 2998 2607
f 2607 2998 2781
f 2607 2781 2494
f 2494 2781 2650
f 3130 3127 3128
f 3128 3127 3190
f 3128 3190 3123
f 3123 3190 3122
f 3122 3190 3118
f 3122 3118 3057
f 3123 3122 2995
f 3123 2995 2998
f 2998 2995 2781
f 2781 2995 2708
f 2781 2708 2610
f 3057 3118 2913
f 3057 2913 2841
f 2841 2913 2645
f 2841 2645 2446
f 3057 2841 2995
f 3057 2995 3122
f 2841 2446 2606
f 2841 2606 2995
f 2606 2446 2452
f 2995 2606 2708
f 2708 2606 2452
f 2708 2452 2610
f 2610 2452 2402
f 2610 2402 2558
f 2558 2402 2496
f 2496 2402 2455
f 2558 2496 2784
f 2496 2455 2716
f 2496 2716 2784
f 2784 2716 3071
f 3071 2716 3074
f 3074 2716 2717
f 3071 3074 3347
f 3071 3347 3268
f 3268 3347 3427
f 2650 2781 2610
f 2494 2650 2612
f 2494 2612 2454
f 2650 2610 2558
f 2650 2558 2612
f 2717 2716 2455
f 3471 3427 3433
f 3433 3427 3347
f 3471 3433 3473
f 2314 2402 2452
f 4060 3709 3815
f 3815 3709 2738
f 3709 4060 3971
f 3709 3971 3587
f 3587 3971 4012
f 3587 4012 3532
f 3587 3532 2273
f 4012 3971 4363
f 4363 3971 4060
f 3709 3587 2475
f 2475 3587 2273
f 3709 2475 2738
f 2475 2273 1148
f 1148 2273 1039
f 2475 1148 1343
f 2475 1343 2738
f 2738 1343 1543
f 2738 1543 3027
f 2738 3027 3815
f 3027 1543 1708
f 3027 1708 3092
f 3092 1708 1838
f 3815 3027 3893
f 3893 3027 3092
f 3815 3893 4060
f 3893 3092 3891
f 3893 3891 4210
f 3893 4210 4060
f 4210 3891 4206
f 4210 4206 4398
f 4060 4210 4400
f 4400 4210 4398
f 4060 4400 4363
f 4400 4398 4784
f 4784 4398 4681
f 4363 4400 4748
f 4748 4400 4784
f 4784 4681 4932
f 4363 4748 4750
f 4784 4932 5025
f 5025 4932 5056
f 5056 4932 4958
f 5025 5056 5060
f 4784 5025 5027
f 4784 5027 4748
f 5062 5027 5060
f 4748 5027 5005
f 5005 5027 5062
f 4748 5005 4750
f 4934 4363 4750
f 4934 4750 5005
f 4363 4934 4528
f 5005 5062 5118
f 5005 5118 4934
f 5118 5062 5157
f 5118 5157 5193
f 4528 4934 4625
f 4528 4625 4012
f 5118 5193 5180
f 5118 5180 4934
f 5180 5193 5236
f 4625 4934 5007
f 5007 4934 5180
f 5007 5180 5236
f 4625 5007 5085
f 5085 5007 5236
f 1838 1708 939
f 939 1708 757
f 757 1708 1543
f 939 757 5961
f 939 5961 5847
f 5847 5961 7132
f 5847 7132 7163
f 7132 5961 7106
f 7106 5961 6020
f 6020 5961 757
f 7106 6020 7133
f 560 757 1543
f 757 560 6020
f 560 1543 1343
f 7133 6020 6106
f 6106 6020 560
f 7133 6106 7135
f 7135 6106 6186
f 6106 560 401
f 401 560 1343
f 6106 401 6186
f 401 1343 266
f 401 266 6186
f 266 1343 1148
f 6186 266 6229
f 6186 6229 7167
f 6229 266 151
f 151 266 1148
f 151 1148 1039
f 1039 2273 2275
f 2185 3502 2373
f 4528 4012 4363
f 5196 5275 5198
f 5196 5198 5214
f 5198 5275 5277
f 5277 5275 5292
f 5277 5292 5294
f 5277 5294 5195
f 5195 5294 5213
f 5277 5195 5140
f 5277 5140 5198
f 5198 5140 5216
f 5198 5216 5214
f 5216 5140 5110
f 5216 5110 5065
f 5214 5216 5141
f 5141 5216 5065
f 5214 5141 5163
f 5141 5065 4900
f 5163 5141 4965
f 4965 5141 4900
f 5163 4965 5031
f 5031 4965 5009
f 4965 4900 4793
f 5009 4965 4936
f 4936 4965 4793
f 4936 4793 4986
f 4986 4793 4794
f 5294 5292 5209
f 5294 5209 5211
f 5294 5211 5213
f 5211 5209 5236
f 5211 5236 5238
f 5238 5236 5193
f 5211 5238 5122
f 5211 5122 5213
f 5122 5238 5107
f 5107 5238 5121
f 5121 5238 5193
f 5121 5193 5157
f 5121 5157 5120
f 4326 4369 4470
f 3235 2138 2808
f 1041 1990 1443
f 1041 1443 402
f 5027 5025 5060
f 5056 4958 5003
f 5003 4958 4896
f 5056 5003 5004
f 5056 5004 5060
f 5060 5004 4786
f 5060 4786 4830
f 4830 4786 4624
f 5003 4896 5057
f 5057 4896 4959
f 5003 5057 5061
f 5003 5061 5004
f 5004 5061 4831
f 5004 4831 4786
f 4831 5061 5063
f 4786 4831 4624
f 4831 5063 4859
f 4831 4859 4624
f 5060 4830 4858
f 4858 4830 4624
f 5060 4858 5062
f 4858 4624 4899
f 4858 4899 5062
f 4899 4624 4859
f 5062 4899 5064
f 5064 4899 4859
f 5064 4859 5063
f 5062 5064 5120
f 5062 5120 5157
f 4435 4282 4788
f 4435 4788 4652
f 4652 4788 5030
f 5030 4788 5160
f 5030 5160 5210
f 5210 5160 5293
f 5181 5237 5239
f 4963 4654 4833
f 4833 4654 4533
f 4963 4833 5034
f 4963 5034 5069
f 4963 5069 5010
f 5069 5034 5124
f 5166 5069 5124
f 4794 5039 4986
f 4986 5039 5182
f 4986 5182 5167
f 4986 5167 5035
f 4986 5035 4936
f 5035 5167 5165
f 5165 5167 5240
f 5035 5165 5068
f 5035 5068 4936
f 4936 5068 5009
f 5009 5068 5033
f 5033 5068 5123
f 5123 5068 5165
f 9477 8697 9330
f 9283 9477 9695
f 9695 9477 10057
f 10149 9695 10057
f 9964 10094 10539
f 10057 10314 10149
f 10471 10676 10314
f 10539 10094 10557
f 10526 10378 10630
f 10852 10828 10862
f 9994 9780 10151
f 9994 10151 10558
f 10828 10848 10862
f 10786 10822 10830
f 9965 10472 10540
f 10181 9729 10345
f 10345 9729 9916
f 9916 9729 9282
f 9916 9282 9475
f 9916 9475 9992
f 9992 9475 9513
f 9992 9513 10028
f 10028 9513 9547
f 9475 9282 9230
f 9230 9282 9113
f 9230 9113 8698
f 8698 9113 9282
f 9513 9475 9230
f 9513 9230 9284
f 9513 9284 9547
f 9547 9284 9285
f 9547 9285 9511
f 9511 9285 9229
f 9547 9511 10028
f 8699 9149 9229
f 9229 9149 9511
f 10028 9511 9962
f 10028 9962 10379
f 9511 9149 9431
f 10379 9962 10210
f 10379 10210 10556
f 10556 10210 10428
f 9962 9511 9850
f 9850 9511 9431
f 9962 9850 10210
f 10428 10210 10056
f 10056 10210 9850
f 10428 10056 10288
f 10288 10056 9849
f 9849 10056 9666
f 9666 10056 9850
f 9849 9666 9366
f 9366 9666 8780
f 9366 8780 8745
f 8745 8780 8441
f 8441 8780 8607
f 8780 9666 9112
f 9112 9666 9850
f 8607 8780 8902
f 8902 8780 9112
f 8607 8902 8322
f 8607 8322 8166
f 9112 9850 9329
f 9112 9329 8902
f 9329 9850 9431
f 8322 8902 8997
f 8997 8902 9329
f 8997 9329 9431
f 8322 8997 8474
f 8997 9431 9149
f 8474 8997 8609
f 8609 8997 9149
f 10207 10266 10027
f 10207 10027 10026
f 10026 10027 9693
f 9693 10027 9694
f 9693 9694 9173
f 9693 9173 9148
f 10026 9693 10265
f 10026 10265 10207
f 10207 10265 10238
f 10207 10238 10206
f 10238 10265 10310
f 10310 10265 10344
f 10344 10265 9693
f 10344 9693 9887
f 10344 9887 10399
f 10399 9887 9961
f 10427 10344 10400
f 10427 10400 10467
f 10467 10400 10286
f 10467 10286 10264
f 10264 10286 9958
f 10399 9961 9915
f 10399 9915 10286
f 9915 9961 9257
f 9915 9257 9280
f 10286 9915 9728
f 9728 9915 9280
f 10286 9728 9958
f 9728 9280 9228
f 9958 9728 9665
f 9728 9228 9473
f 9728 9473 9665
f 9473 9228 9109
f 9109 9228 8606
f 9109 8606 8576
f 9109 8576 8961
f 9109 8961 9473
f 8961 8576 8545
f 9665 9473 9227
f 9227 9473 8961
f 9665 9227 9398
f 9398 9227 9226
f 8961 8545 8931
f 8961 8931 9227
f 8931 8545 8544
f 9226 9227 9074
f 9074 9227 8931
f 9226 9074 8995
f 8995 9074 8931
f 9226 8995 9147
f 8931 8544 8744
f 8931 8744 8995
f 9147 8995 8959
f 8959 8995 8744
f 9147 8959 9146
f 8744 8544 8409
f 9146 8959 8958
f 8958 8959 8744
f 9073 9146 9106
f 9106 9146 9145
f 9145 9146 8958
f 9106 9145 9143
f 8958 8744 8695
f 8695 8744 8409
f 9145 8958 8957
f 8957 8958 8695
f 9143 9145 9047
f 9047 9145 8957
f 9143 9047 9046
f 9046 9047 8993
f 8993 9047 8957
f 8957 8695 8743
f 8957 8743 8993
f 8743 8695 8409
f 8993 8743 8812
f 8954 8812 8900
f 8900 8812 8774
f 8774 8812 8694
f 8774 8694 8603
f 8694 8812 8542
f 8542 8812 8743
f 8694 8542 8603
f 8774 8603 8660
f 8542 8743 8471
f 8471 8743 8409
f 8603 8542 8604
f 8471 8409 8286
f 8542 8471 8506
f 8506 8471 8286
f 8542 8506 8507
f 8542 8507 8604
f 8506 8286 8197
f 8506 8197 8507
f 8286 8409 8140
f 8140 8409 8016
f 8286 8140 8141
f 8286 8141 8197
f 8140 8016 8017
f 8140 8017 8141
f 8017 8016 7726
f 7726 8016 7725
f 8017 7726 7779
f 8017 7779 8141
f 8141 7779 7865
f 8141 7865 8197
f 8197 7865 7934
f 8197 7934 7728
f 8197 7728 8120
f 8197 8120 8507
f 8120 7728 7864
f 8507 8120 8258
f 8258 8120 7864
f 8507 8258 8604
f 8258 7864 7959
f 8604 8258 8438
f 8438 8258 7959
f 8604 8438 8603
f 7959 7864 7524
f 8603 8438 8505
f 8438 7959 8196
f 8438 8196 8505
f 8603 8505 8660
f 7959 7524 7617
f 7959 7617 8196
f 7617 7524 7066
f 7617 7066 7172
f 8660 8505 8575
f 8660 8575 8601
f 8601 8575 8539
f 8539 8575 8408
f 8575 8505 8319
f 8575 8319 8408
f 8319 8505 8196
f 8408 8319 8092
f 8092 8319 8196
f 8408 8092 8164
f 7862 8196 7617
f 8196 7862 8092
f 7862 7617 7172
f 8164 8092 7811
f 8164 7811 7929
f 8092 7862 7556
f 7556 7862 7172
f 8092 7556 7811
f 7929 7811 7672
f 7672 7811 7522
f 7522 7811 7171
f 7171 7811 7556
f 7171 7556 7172
f 7171 7172 6906
f 9694 9849 9366
f 9694 9366 9173
f 9173 9366 8745
f 10206 10238 10092
f 10115 10238 10310
f 10427 10310 10344
f 10310 10427 10176
f 9614 9360 9988
f 6870 7554 6931
f 6931 7390 6725
f 6613 6612 6189
f 6071 6148 6266
f 6148 6612 6724
f 6148 6724 6266
f 6266 6724 6788
f 6788 6724 7354
f 7648 7553 8040
f 7648 8040 8090
f 7553 7648 6959
f 7648 8090 7701
f 6959 7648 7032
f 7032 7648 7701
f 6959 7032 6415
f 7701 8090 8195
f 6415 7032 6458
f 7701 8195 7721
f 7721 8195 8232
f 7032 7701 7110
f 7110 7701 7721
f 7032 7110 6458
f 6415 6458 5993
f 6415 5993 198
f 6458 7110 6457
f 6458 6457 5993
f 7110 7721 7109
f 7110 7109 6457
f 198 5993 5682
f 5682 5993 6457
f 198 5682 656
f 5682 6457 81
f 5682 81 656
f 7109 7721 7753
f 7753 7721 8232
f 7753 8232 8255
f 7109 7753 7031
f 7109 7031 6457
f 7753 8255 7720
f 7753 7720 7031
f 7720 8255 8162
f 7720 8162 7649
f 6457 7031 6263
f 6457 6263 81
f 7031 7720 6986
f 7031 6986 6263
f 6986 7720 7649
f 81 6263 6108
f 6108 6263 6986
f 6986 7649 6826
f 6986 6826 6108
f 6826 7649 7393
f 7393 7649 7986
f 7393 7986 7702
f 6826 7393 6614
f 7393 7702 7111
f 7393 7111 6614
f 7111 7702 7441
f 5883 6108 6826
f 5883 6826 6614
f 6108 5883 319
f 6108 319 81
f 5883 6614 5683
f 7111 7441 6961
f 6961 7441 7234
f 6961 7234 6872
f 7111 6961 6416
f 7111 6416 6614
f 6961 6872 6341
f 6961 6341 6416
f 6341 6872 6304
f 6614 6416 4
f 4 6416 6341
f 6614 4 5683
f 4 6341 5638
f 5638 6341 6304
f 5638 6304 5686
f 562 5883 5683
f 562 5683 711
f 5883 562 319
f 319 562 941
f 941 562 1150
f 319 941 655
f 319 655 81
f 81 655 656
f 656 655 1265
f 1265 655 1309
f 5 83 365
f 365 83 565
f 565 83 440
f 565 440 658
f 658 440 759
f 759 440 198
f 658 759 907
f 759 198 1084
f 759 1084 907
f 1084 198 656
f 658 907 567
f 1084 656 1265
f 907 1084 1312
f 1312 1084 1265
f 907 1312 853
f 907 853 567
f 1312 1265 1680
f 1680 1265 1309
f 853 1312 1496
f 1496 1312 1680
f 1680 1309 1679
f 1679 1309 941
f 941 1309 655
f 1680 1679 1800
f 1680 1800 1644
f 1680 1644 1496
f 1496 1644 1553
f 1351 853 1496
f 1351 1496 1553
f 1592 1683 1553
f 1553 1683 1653
f 1553 1653 1351
f 853 1351 716
f 853 716 567
f 567 716 406
f 406 716 123
f 1351 1653 1315
f 1315 1653 1413
f 1315 1413 1161
f 1351 1315 718
f 1351 718 716
f 718 1315 1161
f 716 718 123
f 718 1161 663
f 718 663 123
f 663 1161 670
f 663 670 273
f 123 663 90
f 90 663 273
f 123 90 5809
f 90 273 5690
f 5809 90 5917
f 5917 90 5690
f 5 365 442
f 442 365 851
f 851 365 565
f 851 565 813
f 813 565 658
f 851 813 1189
f 1189 813 1048
f 1048 813 762
f 1048 762 1154
f 1154 762 855
f 1048 1154 1350
f 1048 1350 1189
f 851 1189 1348
f 1348 1189 1350
f 1348 1350 1551
f 851 1348 1085
f 1085 1348 1083
f 1083 1348 1642
f 1083 1642 1711
f 6310 6757 6571
f 6571 6757 6966
f 6966 6757 6936
f 6966 6936 7174
f 7621 7731 7174
f 7174 7731 7282
f 7174 7282 6966
f 6966 7282 6796
f 6966 6796 6571
f 6571 6796 6501
f 6796 7282 7283
f 6796 7283 6732
f 8699 9229 9285
f 8699 9285 8816
f 9285 9284 8816
f 8816 9284 8857
f 8815 9230 8698
f 8698 9282 8640
f 8698 8640 8142
f 8698 8142 8167
f 8167 8142 7780
f 8167 7780 7674
f 7674 7780 7397
f 7044 7293 7414
f 7414 7293 7417
f 7327 7496 7417
f 7417 7496 7414
f 7178 7464 7496
f 7496 7464 7655
f 7496 7655 7682
f 7496 7682 7414
f 7414 7682 7624
f 7414 7624 7489
f 7414 7489 7077
f 7077 7489 7140
f 7077 7140 6798
f 7077 6798 6575
f 6798 7140 6838
f 6798 6838 6664
f 7327 7084 7178
f 7327 7178 7496
f 7084 6708 7178
f 7178 6708 6801
f 6801 6708 6544
f 6708 6315 6544
f 6801 6544 6889
f 6801 6889 7144
f 6801 7144 7178
f 7178 7144 7464
f 7144 6889 6803
f 6803 6889 6544
f 6803 6544 6545
f 7144 6803 7086
f 7144 7086 7464
f 7464 7086 7420
f 6545 6544 6315
f 7086 6803 6847
f 7086 6847 7050
f 7086 7050 7420
f 7420 7050 7246
f 7420 7246 7462
f 6847 6803 6545
f 6847 6545 6629
f 6629 6545 6317
f 6629 6317 6430
f 6545 6315 6317
f 6317 6315 6161
f 6317 6161 6430
f 6847 6629 6800
f 6800 6629 6430
f 6847 6800 7050
f 7050 6800 7048
f 7050 7048 7208
f 7050 7208 7246
f 6800 6430 6670
f 7246 7208 7462
f 6670 6430 6354
f 7462 7208 7296
f 7296 7208 7045
f 6914 7045 6800
f 6914 6800 6670
f 7045 6914 6842
f 6842 6914 6670
f 6670 6354 6582
f 6842 6670 6736
f 6736 6670 6582
f 6736 6582 6579
f 6736 6579 6769
f 6736 6769 6944
f 6736 6944 6971
f 6971 6944 7081
f 7081 6944 6990
f 6990 6944 6735
f 6990 6735 6942
f 6942 6735 6841
f 6703 6669 6841
f 6703 6841 6705
f 6705 6841 6735
f 6705 6735 6577
f 6577 6735 6538
f 6577 6538 6211
f 6211 6538 6391
f 6211 6391 6354
f 7369 7081 7078
f 7369 7078 7325
f 7325 7078 6989
f 7369 7325 7494
f 7369 7494 7462
f 7369 7462 7296
f 7462 7494 7589
f 7462 7589 7420
f 7494 7325 7459
f 7325 6989 7177
f 7325 7177 7459
f 7177 6989 6969
f 7459 7177 7290
f 7290 7177 6969
f 7459 7290 7560
f 7560 7290 7412
f 7412 7290 7074
f 7290 6969 7017
f 7290 7017 7074
f 7017 6969 6700
f 7017 6700 7074
f 6430 6161 6354
f 6354 6161 6211
f 7048 6800 7045
f 7048 7045 7208
f 7045 6842 6971
f 6971 6842 6736
f 7045 6971 7296
f 7296 6971 7081
f 7296 7081 7369
f 6582 6354 6391
f 6582 6391 6579
f 6579 6391 6538
f 6579 6538 6769
f 6769 6538 6735
f 6944 6769 6735
f 7081 6990 7078
f 7078 6990 6989
f 6989 6990 6942
f 6989 6942 6841
f 6989 6841 6912
f 6989 6912 6969
f 6912 6841 6667
f 6912 6667 6969
f 6667 6841 6669
f 6969 6667 6627
f 6667 6669 6428
f 6627 6667 6389
f 6667 6428 6506
f 6667 6506 6389
f 6506 6428 6283
f 6506 6283 6389
f 6389 6283 6425
f 6577 6211 6474
f 6577 6474 6537
f 6474 6211 6207
f 6474 6207 6537
f 6537 6207 6535
f 6535 6207 6244
f 6535 6244 6471
f 6471 6244 6428
f 6428 6244 6283
f 6705 6577 6537
f 6537 6535 6705
f 6705 6535 6703
f 6703 6535 6471
f 6703 6471 6669
f 6669 6471 6428
f 6389 6425 6627
f 6627 6425 6700
f 6700 6425 6504
f 6700 6504 6767
f 6504 6425 6313
f 6313 6425 6283
f 6767 6504 6664
f 6767 6664 6838
f 6627 6700 6969
f 6504 6313 6575
f 6504 6575 6664
f 7074 6700 6767
f 6767 6838 7074
f 7074 6838 7140
f 7074 7140 7489
f 7074 7489 7412
f 7412 7489 7560
f 7560 7489 7624
f 7560 7624 7626
f 7626 7624 7682
f 7626 7682 7655
f 6664 6575 6798
f 7077 6575 7044
f 7077 7044 7414
f 7459 7560 7626
f 7459 7626 7494
f 7494 7626 7589
f 7655 7464 7420
f 7655 7420 7589
f 7655 7589 7626
f 2284 2591 2816
f 2816 2591 2695
f 2284 2816 2431
f 2816 2695 2892
f 2816 2892 3314
f 3314 2892 3175
f 2816 3314 3043
f 2816 3043 2431
f 3043 3314 3411
f 2431 3043 3100
f 3100 3043 3411
f 2431 3100 2430
f 3100 3411 3171
f 3100 3171 2430
f 3171 3411 3463
f 3463 3411 3464
f 3171 3463 3412
f 3171 3412 3101
f 3171 3101 2430
f 2430 3101 2432
f 2432 3101 3044
f 3044 3101 3315
f 3411 3314 3376
f 3411 3376 3464
f 3376 3314 3318
f 3318 3314 3175
f 2593 2695 2433
f 2593 2433 2595
f 2593 2595 2756
f 2697 2756 2595
f 3115 3055 3052
f 3052 3055 3058
f 3058 3055 3060
f 3058 3060 3062
f 3332 3518 3334
f 3334 3518 3601
f 3870 4032 4141
f 3870 4141 3759
f 3870 3759 3677
f 3759 4141 4034
f 3601 3942 3680
f 3680 3942 3990
f 3601 3680 3264
f 3264 3680 3423
f 4225 4183 4297
f 3990 4144 4226
f 3990 4226 4036
f 3990 4036 3680
f 4036 4226 4228
f 3680 4036 3723
f 3680 3723 3423
f 4036 4228 4038
f 4036 4038 3723
f 4038 4228 4184
f 3423 3723 3520
f 3423 3520 3207
f 3723 4038 3761
f 3723 3761 3520
f 4038 4184 3992
f 4038 3992 3761
f 3992 4184 3908
f 3761 3992 3764
f 3761 3764 3520
f 3764 3992 3908
f 3430 3340 3520
f 3520 3764 3604
f 3520 3604 3430
f 3764 3908 3725
f 3764 3725 3604
f 3725 3908 3653
f 3653 3908 3765
f 3653 3765 3475
f 3604 3725 3605
f 3604 3605 3430
f 3430 3605 3474
f 3605 3725 3562
f 3605 3562 3474
f 3474 3562 3431
f 3431 3562 3346
f 3346 3562 3432
f 3346 3432 3139
f 4144 4256 4226
f 3908 4083 3872
f 3062 3131 3064
f 3064 3135 3133
f 3133 3135 3207
f 3133 3207 3201
f 3062 3064 2999
f 3062 2999 3065
f 3062 3065 3129
f 3062 3129 3124
f 3124 3129 3189
f 3189 3129 3125
f 3189 3125 3120
f 3120 3125 3126
f 2999 3064 3133
f 2999 3133 3000
f 3000 3133 3070
f 3070 3133 3201
f 3201 3207 3336
f 3070 3201 3336
f 2999 3000 2848
f 2848 3000 2646
f 2999 2848 3065
f 2848 2646 2709
f 2848 2709 3065
f 3065 2709 2778
f 3065 2778 3129
f 3129 2778 3125
f 3125 2778 2846
f 3125 2846 3126
f 3126 2846 2776
f 3126 2776 2997
f 2646 3000 2648
f 2648 3000 3070
f 2648 3070 2713
f 2713 3070 2854
f 2854 3070 3267
f 3267 3070 3336
f 2854 3267 3343
f 3343 3267 3425
f 2854 3343 3004
f 3267 3336 3425
f 3425 3336 3340
f 3340 3336 3207
f 3425 3340 3430
f 3425 3430 3428
f 3340 3207 3520
f 3343 3425 3428
f 3385 3004 3343
f 3004 3385 3005
f 3005 3385 3344
f 3005 3344 2916
f 3344 3385 3429
f 3429 3385 3428
f 2916 3344 3213
f 2916 3213 2857
f 3344 3429 3269
f 3344 3269 3213
f 3269 3429 3346
f 3269 3346 3073
f 3213 3269 3072
f 2857 3213 3001
f 3001 3213 3072
f 3001 3072 2785
f 2857 3001 2652
f 2652 3001 2782
f 2611 2782 2785
f 2652 2782 2559
f 2782 2611 2453
f 2782 2453 2559
f 3385 3343 3428
f 3428 3430 3474
f 3429 3428 3474
f 3429 3474 3431
f 3429 3431 3346
f 3765 3908 3872
f 3765 3872 3521
f 3346 3139 3073
f 2782 3001 2785
f 2611 2785 2557
f 2557 2785 2495
f 2453 2611 2651
f 2453 2651 2493
f 2557 2451 2609
f 2780 2493 2651
f 2493 2780 2608
f 2608 2780 2710
f 2710 2780 2997
f 2710 2997 2776
f 2609 2451 2707
f 3062 3124 3058
f 3058 3124 3117
f 3058 3117 3052
f 3117 3124 3189
f 3320 3412 3378
f 3378 3412 3463
f 3464 3378 3463
f 2814 2879 3171
f 2814 3171 3098
f 3098 3171 3410
f 3098 3410 3373
f 2814 3098 2882
f 2882 3098 3373
f 2814 2882 2686
f 2686 2882 2483
f 2882 3373 3172
f 3172 3373 3174
f 3174 3373 3317
f 3172 3174 2890
f 3172 2890 2882
f 2890 3174 2827
f 2483 2882 2631
f 2631 2882 2890
f 2483 2631 2282
f 2890 2827 2547
f 2890 2547 2545
f 2282 2631 2384
f 2890 2545 2384
f 2890 2384 2631
f 3171 2879 3099
f 3099 2879 2815
f 3171 3099 3374
f 3171 3374 3410
f 3374 3099 3173
f 3099 2815 2883
f 3099 2883 3173
f 2883 2815 2687
f 3173 2883 2891
f 2883 2687 2484
f 2891 2883 2633
f 2633 2883 2484
f 2891 2633 2546
f 2633 2484 2385
f 2633 2385 2546
f 2546 2385 2201
f 2385 2484 2283
f 2201 2385 2100
f 2100 2385 2283
f 2100 2283 2000
f 3410 3374 3319
f 3319 3374 3176
f 3410 3319 3375
f 3410 3375 3373
f 3373 3375 3317
f 3176 3374 3173
f 3176 3173 2828
f 2828 3173 2891
f 2828 2891 2548
f 2548 2891 2546
f 2548 2546 2201
f 2548 2201 2248
f 3176 2828 2768
f 2768 2828 2548
f 3176 2768 3106
f 2768 2548 2439
f 3176 3106 3319
f 2439 2548 2248
f 3319 3106 3251
f 2439 2248 2145
f 3319 3251 3375
f 2145 2248 1663
f 3375 3251 3316
f 2145 1663 1606
f 1606 1663 875
f 1606 875 874
f 3375 3316 3317
f 3317 3316 3248
f 3317 3248 3108
f 3317 3108 3174
f 3174 3108 2765
f 3174 2765 2827
f 2827 2765 2437
f 2827 2437 2547
f 2547 2437 2144
f 2547 2144 2247
f 2247 2144 1605
f 2247 1605 1662
f 1662 1605 872
f 1662 872 873
f 2100 2000 1510
f 1510 2000 1364
f 1510 1364 730
f 730 1364 575
f 1510 730 829
f 2100 1510 1604
f 1604 1510 829
f 1604 829 875
f 2100 1604 2201
f 1604 875 1663
f 1604 1663 2201
f 2201 1663 2248
f 730 575 684
f 730 684 829
f 829 684 828
f 829 828 874
f 829 874 875
f 684 575 281
f 2439 2145 2436
f 2353 2768 2436
f 2353 2436 2195
f 2436 2145 2102
f 2436 2102 2195
f 2102 2145 1606
f 2195 2102 1915
f 2195 1915 1814
f 1814 1915 1417
f 1915 2102 1566
f 1566 2102 1606
f 1915 1566 1417
f 1566 1606 874
f 1566 874 828
f 1566 828 1417
f 1417 828 684
f 2439 2436 2768
f 1814 1417 684
f 1814 684 573
f 1416 573 683
f 573 1416 1814
f 1814 1416 1914
f 1814 1914 2194
f 1814 2194 2352
f 1814 2352 2537
f 1814 2537 2630
f 1814 2630 2690
f 1814 2690 2632
f 1814 2632 2538
f 1814 2538 2353
f 1814 2353 2195
f 2768 2353 2538
f 2768 2538 3106
f 3106 2538 2632
f 3106 2632 3251
f 3251 2632 2690
f 3251 2690 3316
f 3316 2690 3248
f 3248 2690 2630
f 3248 2630 2537
f 3248 2537 3108
f 3108 2537 2352
f 3108 2352 2765
f 2352 2194 2435
f 2352 2435 2765
f 2765 2435 2437
f 2435 2194 2101
f 2435 2101 2437
f 2437 2101 2144
f 2101 2194 1914
f 2144 2101 1605
f 2101 1914 1565
f 2101 1565 1605
f 1605 1565 872
f 1565 1914 1416
f 872 1565 826
f 826 1565 1416
f 826 1416 683
f 826 683 280
f 826 280 827
f 826 827 872
f 872 827 873
f 1662 873 1603
f 1662 1603 2247
f 2545 2547 2247
f 2545 2247 2200
f 2200 2247 1603
f 2200 1603 1509
f 1509 1603 827
f 1509 827 729
f 729 827 280
f 1603 873 827
f 729 280 574
f 729 574 1363
f 729 1363 1509
f 1509 1363 2099
f 1509 2099 2200
f 2099 1363 1999
f 2099 1999 2282
f 2099 2282 2384
f 2099 2384 2200
f 2545 2200 2384
f 2988 3375 3317
f 2988 3317 2903
f 2903 3317 2774
f 2774 3317 3249
f 2774 3249 3109
f 2774 3109 2827
f 2774 2827 2600
f 2600 2827 2354
f 2988 2903 1664
f 1664 2903 2774
f 2988 1664 2905
f 1664 2774 2600
f 2905 1664 2775
f 1664 2600 2354
f 2775 1664 2598
f 2598 1664 2355
f 2355 1664 2006
f 1664 2354 2005
f 1664 2005 1470
f 1664 1470 834
f 834 1470 830
f 834 830 336
f 1664 834 832
f 834 336 290
f 834 290 832
f 832 290 288
f 2988 2905 3375
f 3375 2905 3319
f 3319 2905 2775
f 3319 2775 3252
f 3252 2775 3110
f 3110 2775 2598
f 3110 2598 2829
f 3375 3319 3379
f 3379 3319 3252
f 3379 3252 3110
f 3379 3110 3180
f 3180 3110 2829
f 3180 2829 2898
f 2898 2829 2488
f 3375 3379 3464
f 2488 2829 2440
f 3375 3464 3377
f 3377 3464 3465
f 3375 3377 3317
f 3317 3377 3249
f 3249 3377 3179
f 3249 3179 3109
f 3109 3179 2897
f 3109 2897 2827
f 2827 2897 2438
f 2438 2897 2487
f 2438 2487 2001
f 2001 2487 2041
f 2001 2041 1464
f 2001 1464 1467
f 1467 1464 784
f 1464 2041 1465
f 1464 1465 776
f 776 1465 777
f 3464 3379 3507
f 3507 3379 3467
f 3467 3379 3180
f 3467 3180 3257
f 3257 3180 2900
f 3257 2900 3049
f 3049 2900 2906
f 2906 2900 2641
f 2641 2900 2552
f 2641 2552 2203
f 2203 2552 2104
f 2104 2552 2488
f 2488 2552 2898
f 3465 3464 3507
f 3465 3507 3552
f 3465 3552 3512
f 3512 3552 3598
f 3512 3598 3555
f 3465 3512 3256
f 3512 3555 3380
f 3512 3380 3256
f 3380 3555 3421
f 3465 3256 3179
f 3465 3179 3377
f 3179 3256 2897
f 3380 3421 3183
f 3380 3183 3256
f 3183 3421 3114
f 2897 3256 2899
f 2899 3256 3183
f 2897 2899 2550
f 3183 3114 3048
f 3183 3048 2899
f 3048 3114 2904
f 3048 2904 2899
f 2899 2904 2550
f 2904 3114 2642
f 2550 2904 2640
f 2640 2904 2642
f 2640 2642 2202
f 2202 2642 2204
f 2354 2827 2438
f 2354 2438 2005
f 2005 2438 2003
f 2005 2003 1470
f 1470 2003 1467
f 1470 1467 830
f 830 1467 784
f 2003 2438 2001
f 2003 2001 1467
f 2487 2897 2550
f 2487 2550 2041
f 2041 2550 2103
f 2103 2550 2202
f 2202 2550 2640
f 2041 2103 1513
f 1513 2103 2202
f 2041 1513 1465
f 1513 2202 1518
f 1465 1513 777
f 1513 1518 831
f 777 1513 781
f 781 1513 831
f 781 831 287
f 784 1464 776
f 784 776 777
f 784 777 781
f 784 781 830
f 781 287 830
f 830 287 289
f 830 289 336
f 287 831 876
f 876 831 1518
f 876 1518 1272
f 1272 1518 2202
f 1272 2202 2204
f 3598 3552 3556
f 3556 3552 3513
f 3513 3552 3507
f 3556 3513 3422
f 3513 3507 3467
f 3422 3513 3381
f 3381 3513 3467
f 3381 3467 3257
f 3422 3381 3113
f 3113 3381 3184
f 3049 3184 3257
f 3184 3049 3113
f 3113 3049 2906
f 3184 3381 3257
f 3113 2906 2643
f 2643 2906 2641
f 2643 2641 2205
f 2205 2641 2203
f 2205 2203 1273
f 1273 2203 1517
f 1517 2203 2104
f 1273 1517 877
f 1517 2104 1514
f 877 1517 833
f 833 1517 1514
f 877 833 288
f 833 1514 783
f 833 783 288
f 2900 3180 2898
f 2900 2898 2552
f 2104 2488 2042
f 2104 2042 1514
f 2042 2488 2440
f 2042 2440 2002
f 2002 2440 2004
f 2002 2004 1468
f 2042 2002 1463
f 1463 2002 1466
f 1463 1466 779
f 779 1466 778
f 1514 2042 1463
f 1514 1463 783
f 783 1463 779
f 2440 2829 2355
f 2355 2829 2598
f 2440 2355 2004
f 2004 2355 2006
f 2004 2006 1468
f 1468 2006 1469
f 1469 2006 1664
f 1469 1664 832
f 1469 832 1468
f 1468 832 785
f 1468 785 1466
f 1468 1466 2002
f 1466 785 778
f 779 778 783
f 783 778 785
f 783 785 832
f 783 832 288
f 283 335 333
f 283 333 286
f 286 333 376
f 286 376 282
f 282 376 332
f 282 332 285
f 285 332 334
f 285 334 284
f 335 283 921
f 335 921 917
f 921 283 923
f 923 283 286
f 921 923 1610
f 921 1610 1611
f 923 286 919
f 919 286 282
f 1610 923 1607
f 1607 923 919
f 1611 1610 2289
f 1611 2289 2287
f 2287 2289 2771
f 2287 2771 2554
f 2771 2289 2826
f 2289 1610 2246
f 2289 2246 2826
f 2246 1610 1607
f 2826 2246 2770
f 2246 1607 2288
f 2246 2288 2770
f 2770 2288 2286
f 2770 2286 2549
f 2288 1607 1608
f 2288 1608 2286
f 1608 1607 919
f 2286 1608 1609
f 1608 919 922
f 1608 922 1609
f 922 919 282
f 1609 922 920
f 922 282 285
f 922 285 920
f 920 285 284
f 917 921 1611
f 917 1611 1564
f 1564 1611 2287
f 1564 2287 2199
f 2199 2287 2544
f 2544 2287 2554
f 2544 2554 2888
f 2888 2554 2771
f 2888 2771 3045
f 3045 2771 2826
f 3045 2826 2886
f 2886 2826 2770
f 2886 2770 2549
f 2886 2549 2543
f 2543 2549 2286
f 2543 2286 2198
f 2198 2286 1609
f 2198 1609 1563
f 1563 1609 920
f 1563 920 918
f 918 920 334
f 334 920 284
f 4540 4377 4569
f 4377 4540 4482
f 4482 4540 4509
f 4540 4569 4638
f 4638 4569 4660
f 4638 4660 4764
f 4638 4764 4668
f 4668 4764 4846
f 4668 4846 4709
f 4709 4846 4713
f 4713 4846 4815
f 4815 4846 4912
f 4713 4815 4772
f 4772 4815 4912
f 4713 4772 4716
f 4713 4716 4420
f 4716 4772 4674
f 4713 4420 4492
f 4713 4492 4489
f 4309 4415 4489
f 4309 4489 4314
f 4314 4489 4492
f 4314 4492 4386
f 4386 4492 4420
f 4386 4420 4125
f 4125 4420 4127
f 4422 4420 4716
f 4420 4422 4127
f 4422 4716 4674
f 4127 4422 4128
f 4127 4128 3958
f 4127 3958 3917
f 3917 3958 3809
f 4128 4422 4160
f 4160 4422 4423
f 4160 4423 4162
f 4423 4422 4646
f 4423 4646 4388
f 4718 4584 4646
f 4718 4646 4775
f 4775 4646 4674
f 4718 4775 4914
f 4914 4775 4819
f 4819 4775 4674
f 4914 4819 4982
f 4819 4674 4874
f 4819 4874 4982
f 4874 4674 4772
f 4982 4874 5021
f 4874 4772 4912
f 4874 4912 5021
f 5021 4912 5049
f 5049 4912 4911
f 4911 4912 4846
f 4911 4846 4870
f 5049 4911 5077
f 5077 4911 5076
f 5076 4911 4975
f 5076 4975 5075
f 5075 4975 4994
f 5075 4994 5073
f 5073 4994 5016
f 5073 5016 5042
f 4569 4377 4504
f 4569 4504 4602
f 4569 4602 4660
f 4660 4602 4764
f 4764 4602 4666
f 4764 4666 4846
f 4504 4377 4481
f 4504 4481 4602
f 4481 4377 4441
f 4481 4441 4507
f 4507 4441 4444
f 4507 4444 4512
f 4512 4444 4415
f 4441 4377 4482
f 4441 4482 4444
f 4444 4482 4509
f 4444 4509 4415
f 4415 4509 4514
f 4415 4514 4489
f 4481 4507 4602
f 4602 4507 4512
f 4602 4512 4666
f 4509 4540 4638
f 4509 4638 4514
f 4514 4638 4668
f 4514 4668 4489
f 4489 4668 4709
f 4489 4709 4713
f 4340 4512 4415
f 4340 4415 4309
f 4542 4666 4512
f 4666 4542 4700
f 4700 4542 4634
f 4634 4542 4506
f 4634 4506 4479
f 4634 4479 4539
f 4539 4479 4410
f 4542 4512 4446
f 4446 4512 4378
f 4378 4512 4340
f 4446 4378 4151
f 4151 4378 4186
f 4151 4186 4084
f 4084 4186 3994
f 4084 3994 3945
f 4084 3945 3875
f 3945 3994 3802
f 3945 3802 3875
f 4378 4340 4186
f 4237 4340 4309
f 4340 4237 4115
f 4340 4115 4234
f 4234 4115 4042
f 4186 4340 4234
f 4186 4234 4042
f 4186 4042 3994
f 3994 4042 3802
f 4237 4309 4045
f 4237 4045 4115
f 4115 4045 3946
f 4115 3946 3944
f 4115 3944 4042
f 3944 3946 3874
f 4042 3944 3802
f 3802 3944 3874
f 3875 3802 3874
f 3875 3874 3947
f 3875 3947 4084
f 3947 3874 3946
f 3947 3946 3948
f 4084 3947 3911
f 4084 3911 4151
f 4151 3911 3998
f 4151 3998 4379
f 4379 3998 4195
f 4379 4195 4381
f 4379 4381 4513
f 4513 4381 4448
f 4379 4513 4445
f 4445 4513 4511
f 3948 3946 4045
f 3947 3948 3911
f 3911 3948 3769
f 3998 3911 3772
f 3772 3911 3769
f 3772 3769 3479
f 3479 3769 3477
f 3769 3948 3877
f 3877 3948 4045
f 3769 3877 3681
f 3769 3681 3477
f 3477 3681 3282
f 3877 4045 3770
f 3770 4045 3913
f 3877 3770 3681
f 3770 3913 3682
f 3681 3770 3566
f 3566 3770 3682
f 3681 3566 3387
f 3681 3387 3435
f 3566 3682 3478
f 3567 3682 3773
f 3682 3567 3391
f 3682 3391 3478
f 3478 3391 3077
f 3478 3077 3144
f 3144 3077 2786
f 2786 3077 2719
f 2786 2719 2459
f 4151 4379 4446
f 4446 4379 4542
f 4195 3998 3916
f 4195 3916 4381
f 3916 3998 3683
f 3683 3998 3772
f 4381 3916 4090
f 3683 3772 3436
f 3436 3772 3014
f 3436 3014 3146
f 3436 3146 3683
f 3146 3014 2663
f 3683 3146 3481
f 3683 3481 3731
f 3683 3731 3916
f 3916 3731 3880
f 3916 3880 4090
f 4090 3880 4089
f 4089 3880 3949
f 4311 4381 4090
f 4311 4090 4089
f 4381 4311 4448
f 4448 4311 4418
f 4418 4311 4347
f 4089 3949 4196
f 4089 4196 4311
f 4311 4196 4347
f 4196 3949 4088
f 4196 4088 4152
f 4196 4152 4347
f 4347 4152 4270
f 2663 3014 2360
f 2360 3014 2616
f 2616 3014 3078
f 2616 3078 2508
f 2360 2616 2319
f 2319 2616 2508
f 2360 2319 2163
f 2319 2508 2292
f 2163 2319 2161
f 2163 2161 1964
f 1964 2161 1888
f 2292 2508 2615
f 2292 2615 2317
f 2292 2317 2117
f 4088 3949 4050
f 4088 4050 4049
f 4088 4049 4152
f 4152 4049 4085
f 4152 4085 4193
f 4193 4085 4117
f 4152 4193 4270
f 4270 4193 4384
f 4193 4117 4189
f 4193 4189 4240
f 4193 4240 4269
f 4269 4240 4310
f 4240 4189 4267
f 4240 4267 4310
f 4267 4189 4235
f 4310 4267 4383
f 4310 4383 4491
f 4310 4491 4385
f 4267 4235 4308
f 4308 4235 4263
f 4267 4308 4348
f 4308 4263 4305
f 4348 4308 4452
f 4348 4452 4349
f 4349 4452 4715
f 4452 4308 4547
f 4452 4547 4715
f 4308 4305 4413
f 4308 4413 4547
f 4413 4305 4412
f 4413 4412 4546
f 4413 4546 4547
f 4547 4546 4816
f 4715 4547 4769
f 4769 4547 4816
f 4715 4769 5023
f 4769 4816 5022
f 4769 5022 5023
f 5022 4816 4711
f 4715 5023 4983
f 4876 4983 5053
f 5053 4983 5135
f 5135 4983 5023
f 5023 5022 5178
f 5023 5178 5135
f 5178 5022 5150
f 5135 5178 5250
f 5250 5178 5150
f 5135 5250 5222
f 5250 5150 5206
f 5250 5206 5270
f 5270 5206 5221
f 4347 4270 4384
f 4347 4384 4454
f 4347 4454 4418
f 4418 4454 4549
f 4549 4454 4673
f 4549 4673 4812
f 4549 4812 4670
f 4670 4812 4845
f 4670 4845 4741
f 4673 4454 4579
f 4579 4454 4490
f 4579 4490 4614
f 4614 4490 4385
f 4614 4385 4491
f 4579 4614 4714
f 4714 4614 4773
f 4773 4614 4615
f 4714 4773 4875
f 4579 4714 4770
f 4770 4714 4875
f 4579 4770 4673
f 4770 4875 4944
f 4673 4770 4817
f 4817 4770 4944
f 4673 4817 4814
f 4814 4817 4944
f 4673 4814 4847
f 4814 4944 4981
f 4847 4814 4979
f 4979 4814 4981
f 4979 4981 5048
f 4979 5048 5047
f 4847 4979 4943
f 4943 4979 5047
f 4943 5047 5046
f 4943 5046 4909
f 4943 4909 4872
f 4384 4193 4269
f 4384 4269 4310
f 4384 4310 4385
f 4384 4385 4490
f 4384 4490 4454
f 4491 4383 4455
f 4491 4455 4614
f 4614 4455 4615
f 4455 4383 4348
f 4348 4383 4267
f 4455 4348 4351
f 4455 4351 4615
f 4351 4348 4349
f 4351 4349 4244
f 4615 4351 4581
f 4615 4581 4773
f 4351 4244 4273
f 4351 4273 4581
f 4273 4244 4158
f 4158 4244 4124
f 4581 4273 4493
f 4493 4273 4158
f 4773 4581 4774
f 4774 4581 4493
f 4773 4774 4848
f 4158 4124 4002
f 4002 4124 3957
f 4773 4848 4875
f 4002 3957 3776
f 4774 4493 4717
f 4774 4717 4848
f 4353 4493 4158
f 4493 4353 4717
f 4161 4158 4002
f 4158 4161 4353
f 4353 4161 4457
f 4353 4457 4583
f 4353 4583 4717
f 4161 4002 3961
f 4161 3961 4354
f 4354 3961 4130
f 4130 3961 3777
f 4584 4456 4354
f 4456 4584 4718
f 4456 4718 4583
f 4583 4718 4717
f 4717 4718 4821
f 4717 4821 4848
f 4821 4718 4914
f 4821 4914 4848
f 4848 4914 4945
f 4848 4945 4875
f 4945 4914 4982
f 4875 4945 4997
f 4997 4945 4982
f 4875 4997 4944
f 4997 4982 5021
f 4944 4997 5020
f 5020 4997 5021
f 4944 5020 4981
f 5020 5021 5049
f 4981 5020 5048
f 5048 5020 5049
f 5048 5049 5077
f 5048 5077 5047
f 5047 5077 5076
f 5047 5076 5046
f 5046 5076 5075
f 5046 5075 5044
f 5044 5075 5073
f 5044 5073 5043
f 5043 5073 5042
f 4349 4715 4244
f 4244 4715 4580
f 4244 4580 4352
f 4580 4715 4876
f 4876 4715 4983
f 4580 4876 4352
f 4352 4876 4743
f 4352 4743 4582
f 4352 4582 4387
f 4352 4387 4159
f 4352 4159 4124
f 4159 4387 4129
f 4124 4159 3957
f 4159 4129 3959
f 4159 3959 3957
f 3957 3959 3776
f 3959 4129 3881
f 3776 3959 3736
f 3736 3959 3881
f 3736 3881 3658
f 3736 3658 3489
f 3736 3489 3571
f 3571 3489 3289
f 4412 4305 4307
f 4307 4305 4264
f 4307 4264 4236
f 4412 4307 4447
f 4412 4447 4546
f 4307 4236 4266
f 4307 4266 4416
f 4546 4447 4711
f 4546 4711 4816
f 4711 4447 4578
f 4711 4578 4712
f 4711 4712 4913
f 4711 4913 5022
f 4416 4266 4342
f 4268 4266 4236
f 4266 4268 4342
f 4268 4236 4190
f 4268 4190 4242
f 4268 4242 4342
f 4242 4190 4118
f 4416 4342 4417
f 4417 4342 4242
f 4416 4417 4517
f 4517 4417 4613
f 4242 4118 4087
f 4417 4242 4382
f 4417 4382 4518
f 4382 4242 4154
f 4154 4242 4087
f 4154 4087 4122
f 4154 4122 4345
f 4122 4087 4051
f 4122 4051 3996
f 4122 3996 4052
f 4052 3996 3950
f 4052 3950 3914
f 4052 3914 3999
f 3999 3914 3804
f 4447 4307 4416
f 4447 4416 4578
f 4578 4416 4517
f 4578 4517 4613
f 4578 4613 4712
f 4712 4613 4873
f 4417 4518 4613
f 4613 4518 4612
f 4613 4612 4710
f 4710 4612 4768
f 4768 4612 4671
f 4710 4768 4980
f 4710 4980 4873
f 4768 4671 4811
f 4768 4811 4980
f 4811 4671 4742
f 4980 4811 4977
f 4977 4811 4976
f 4811 4742 4765
f 4811 4765 4810
f 4811 4810 4844
f 4844 4810 4842
f 4810 4765 4761
f 4810 4761 4762
f 4762 4761 4737
f 4737 4761 4699
f 4737 4699 4635
f 4699 4761 4661
f 4699 4661 4635
f 4612 4518 4382
f 4612 4382 4487
f 4487 4382 4345
f 4345 4382 4154
f 4487 4345 4312
f 4312 4345 4122
f 4312 4122 4052
f 4487 4312 4450
f 4487 4450 4545
f 4545 4450 4609
f 4609 4450 4515
f 4450 4312 4419
f 4312 4052 4271
f 4312 4271 4419
f 4419 4271 4488
f 4271 4052 3999
f 4271 3999 4488
f 4488 3999 4313
f 4488 4313 4486
f 4486 4313 4197
f 4197 4313 4091
f 4313 3999 3805
f 4313 3805 4091
f 3805 3999 3804
f 3805 3804 3656
f 4091 3805 3807
f 3805 3656 3349
f 3807 3805 3482
f 3482 3805 3349
f 3807 3482 3610
f 3482 3349 3015
f 3482 3015 3610
f 3610 3015 3286
f 3286 3015 2932
f 3015 3349 2789
f 2932 3015 2617
f 2617 3015 2789
f 2617 2789 2406
f 4913 4712 4873
f 4913 4873 5050
f 4913 5050 5022
f 5050 4873 5102
f 5022 5050 5150
f 5150 5050 5102
f 4873 4613 4710
f 4873 4980 5102
f 5206 5150 5102
f 5206 5102 5221
f 5102 4980 5133
f 5102 5133 5221
f 5221 5133 5249
f 5221 5249 5270
f 5133 4980 5176
f 5176 4980 4977
f 5176 4977 5149
f 5149 4977 5101
f 5149 5101 5175
f 5175 5101 5174
f 5101 4977 4976
f 5174 5101 5100
f 5174 5100 5148
f 5100 5101 5017
f 5100 5017 5099
f 5100 5099 5148
f 5148 5099 5132
f 5132 5099 5098
f 5101 4976 4974
f 4811 4844 4976
f 4976 4844 4842
f 4976 4842 4974
f 4974 4842 4942
f 4942 4842 4805
f 4942 4805 4865
f 4865 4805 4802
f 4805 4842 4740
f 4740 4842 4707
f 4707 4842 4810
f 5135 5222 5053
f 5250 5270 5222
f 5053 5222 5134
f 5222 5270 5258
f 5222 5258 5134
f 5258 5270 5288
f 5288 5270 5299
f 5134 5258 5177
f 5177 5258 5288
f 5288 5299 5310
f 5288 5310 5311
f 5311 5310 5309
f 5309 5310 5316
f 5309 5316 5307
f 5309 5307 5308
f 5308 5307 5284
f 5248 5205 5288
f 5288 5205 5177
f 5177 5205 5051
f 5051 5205 5189
f 5177 5051 5052
f 5177 5052 4998
f 5177 4998 5134
f 5134 4998 5053
f 5053 4998 4915
f 4915 4998 4719
f 4998 5052 4820
f 4820 5052 5051
f 4719 4998 4776
f 4776 4998 4820
f 4719 4776 4494
f 4494 4776 4552
f 4552 4776 4551
f 4551 4776 4820
f 4552 4551 4275
f 4276 4494 4275
f 4276 4275 3960
f 4275 4551 4274
f 4275 4274 3960
f 4551 4820 4818
f 4818 4820 5051
f 4274 4551 4245
f 4551 4818 4520
f 4551 4520 4245
f 3960 4274 4003
f 4520 4818 4550
f 4003 4274 3918
f 3918 4274 4245
f 3960 4003 3690
f 3690 4003 3918
f 4245 4520 4421
f 4421 4520 4550
f 3918 4245 3810
f 3962 3960 3691
f 3691 3960 3690
f 3393 3692 3691
f 3691 3690 3392
f 3691 3392 3393
f 3617 3690 3918
f 3392 3690 3290
f 3290 3690 3617
f 3392 3290 2795
f 3290 3617 3017
f 3617 3918 3441
f 3617 3441 3017
f 3441 3918 3810
f 3017 3441 2723
f 2795 3290 2725
f 2725 3290 3149
f 2725 3149 2666
f 2666 3149 3018
f 2723 3441 3288
f 3288 3441 3810
f 2324 2723 2514
f 2514 2723 2937
f 2937 2723 3288
f 2514 2937 2323
f 2323 2937 2513
f 2323 2513 2123
f 2123 2513 2259
f 2123 2259 1930
f 1930 2259 1970
f 1930 1970 1761
f 3484 3287 2937
f 3484 2937 3657
f 3657 2937 3288
f 3657 3288 3810
f 3657 3810 4126
f 4126 3810 4245
f 3657 4126 4054
f 4126 4245 4421
f 4126 4421 4054
f 4054 4421 4315
f 4054 4315 3956
f 4315 4421 4350
f 3956 4315 4157
f 4157 4315 4350
f 3956 4157 3842
f 3842 4157 3955
f 4350 4421 4550
f 3842 3955 3775
f 3842 3775 3687
f 3687 3775 3569
f 3569 3775 3774
f 3774 3775 3953
f 4350 4550 4519
f 4519 4550 4645
f 4519 4645 4453
f 4453 4645 4548
f 4453 4548 4344
f 4344 4548 4380
f 4645 4550 4771
f 4645 4771 4672
f 4771 4550 4818
f 4771 4818 5051
f 4771 5051 5019
f 4771 5019 4813
f 5019 5051 5079
f 5079 5051 5189
f 5079 5189 5188
f 5079 5188 5078
f 5079 5078 5019
f 5078 5188 5187
f 5019 5078 4978
f 5019 4978 4813
f 5078 5187 5115
f 4813 4978 4871
f 5115 5187 5114
f 4813 4871 4767
f 5114 5187 5173
f 5114 5173 5147
f 5114 5147 5113
f 4767 4871 4665
f 4665 4871 4739
f 4665 4739 4572
f 4572 4739 4603
f 4572 4603 4443
f 4915 4876 5053
f 4876 4915 4743
f 4743 4915 4719
f 4743 4719 4582
f 4582 4719 4494
f 4582 4494 4387
f 4387 4494 4276
f 4387 4276 4129
f 4129 4276 3962
f 3962 4276 3960
f 4129 3962 3881
f 3881 3962 3692
f 3692 3962 3691
f 3881 3692 3658
f 3658 3692 3395
f 3395 3692 3394
f 3394 3692 3393
f 3395 3394 2941
f 2941 3394 3019
f 3019 3394 3221
f 2941 3019 2521
f 2521 3019 2466
f 2941 2521 2520
f 2941 2520 2866
f 2521 2466 2169
f 2521 2169 2520
f 2169 2466 2299
f 2866 2520 2518
f 2866 2518 3080
f 2518 2520 2168
f 2168 2520 2169
f 2518 2168 2225
f 2518 2225 2516
f 2225 2168 1831
f 2169 2299 2128
f 2128 2299 2519
f 2128 2519 2410
f 2168 2169 1830
f 2168 1830 1831
f 2169 2128 1787
f 2169 1787 1830
f 1831 1830 1634
f 1634 1830 1787
f 1634 1787 1383
f 1831 1634 1481
f 1787 2128 1765
f 1383 1787 1382
f 1765 2128 2129
f 2129 2128 2410
f 1765 2129 1828
f 2129 2410 2130
f 2129 2130 1828
f 1828 2130 1935
f 1935 2130 2072
f 1935 2072 2127
f 2127 2072 2223
f 2223 2072 2328
f 1110 1383 1382
f 1384 1382 1787
f 1140 1384 1385
f 1384 1140 975
f 1384 975 1382
f 1110 1382 1073
f 1073 1382 975
f 1110 1073 798
f 1110 798 934
f 1073 975 797
f 1073 797 798
f 797 975 796
f 796 975 1139
f 798 797 350
f 350 797 796
f 934 798 799
f 934 799 1111
f 799 798 352
f 352 798 351
f 351 798 350
f 799 352 749
f 799 749 1111
f 352 351 34
f 351 350 72
f 72 350 33
f 72 33 5945
f 33 350 5655
f 5655 350 796
f 5945 33 6090
f 5945 6090 6054
f 33 5655 6053
f 33 6053 6090
f 5655 796 301
f 5655 301 5706
f 5655 5706 6088
f 5655 6088 6053
f 6053 6088 6255
f 6255 6088 6552
f 6552 6088 6550
f 6550 6088 6480
f 6480 6088 6168
f 6480 6168 6441
f 6441 6168 6404
f 6404 6168 6254
f 6404 6254 6326
f 746 301 796
f 301 746 385
f 746 796 1109
f 1109 796 1139
f 1109 1139 1529
f 746 1109 625
f 746 625 385
f 625 1109 932
f 385 625 386
f 625 932 541
f 625 541 386
f 4494 4552 4275
f 3393 3392 2864
f 2864 3392 2795
f 2864 2795 2410
f 2864 2410 2940
f 2940 2410 2519
f 2864 2940 3221
f 2864 3221 3393
f 3393 3221 3394
f 3221 2940 3082
f 3221 3082 3223
f 3223 3082 3225
f 3223 3225 3292
f 3292 3225 3227
f 2365 2410 2795
f 2365 2795 2326
f 2410 2365 2328
f 2410 2328 2130
f 2130 2328 2072
f 2365 2326 2070
f 2365 2070 2221
f 2221 2070 1763
f 2221 1763 1827
f 1763 2070 1737
f 2070 2326 2068
f 2070 2068 1737
f 2068 2326 2408
f 2068 2408 1931
f 1737 2068 1896
f 1896 2068 1931
f 1737 1896 1573
f 1896 1931 1736
f 1896 1736 1573
f 1573 1736 1380
f 1380 1736 1527
f 1380 1527 1206
f 3657 4054 3689
f 3657 3689 3484
f 3484 3689 3612
f 3484 3612 3287
f 3612 3689 3733
f 3287 3612 3437
f 3612 3733 3954
f 3612 3954 3437
f 4054 3956 3689
f 3689 3956 3688
f 3956 3842 3688
f 3955 4157 4123
f 4123 4157 4350
f 3955 4123 3953
f 3955 3953 3775
f 3842 3687 3688
f 3688 3687 3613
f 3613 3687 3569
f 3569 3774 3685
f 3569 3685 3611
f 3685 3774 3839
f 3685 3839 3611
f 3611 3839 3686
f 3839 3774 3953
f 3686 3839 3954
f 3954 3839 3953
f 3954 3953 4123
f 3954 4123 4200
f 4200 4123 4350
f 3569 3611 3613
f 3613 3611 3686
f 3613 3686 3688
f 3688 3686 3733
f 3688 3733 3689
f 3733 3686 3954
f 3287 3437 3016
f 3437 3954 3732
f 3437 3732 3218
f 3437 3218 3016
f 3732 3954 3915
f 4200 4199 3954
f 3954 4199 3915
f 3915 4199 3997
f 3997 4199 4346
f 3915 3997 3803
f 3915 3803 3655
f 3915 3655 3568
f 3568 3655 3284
f 3284 3655 3390
f 3284 3390 2930
f 3284 2930 2931
f 2931 2930 2570
f 2570 2930 2569
f 2570 2569 2318
f 4200 4350 4272
f 4272 4350 4519
f 4272 4519 4453
f 4272 4453 4198
f 4198 4453 4344
f 4198 4344 4120
f 4200 4272 4199
f 4199 4272 4198
f 4199 4198 4155
f 4155 4198 4086
f 4086 4198 4120
f 4086 4120 4048
f 4645 4672 4577
f 4645 4577 4548
f 4672 4771 4813
f 4672 4813 4577
f 4577 4813 4611
f 4611 4813 4767
f 4611 4767 4665
f 4611 4665 4574
f 4574 4665 4510
f 4548 4577 4451
f 4548 4451 4343
f 4343 4451 4346
f 4548 4343 4380
f 4343 4346 4243
f 4343 4243 4119
f 4380 4343 4241
f 4241 4343 4191
f 4048 4191 4119
f 4191 4048 4241
f 4344 4380 4194
f 4344 4194 4120
f 4120 4194 4048
f 4194 4380 4241
f 4194 4241 4048
f 4119 4191 4343
f 4048 4119 4086
f 4086 4119 4243
f 4086 4243 4155
f 4155 4243 4346
f 4155 4346 4199
f 4346 4451 4577
f 4346 4577 4449
f 4346 4449 4341
f 4346 4341 4192
f 4192 4341 4044
f 4044 4341 4116
f 4044 4116 3876
f 4044 3876 3836
f 3836 3876 3609
f 3997 4346 4192
f 3997 4192 4044
f 3997 4044 3837
f 3997 3837 3803
f 3837 4044 3768
f 3768 4044 3836
f 3768 3836 3609
f 4449 4577 4576
f 4449 4576 4485
f 4449 4485 4341
f 4341 4485 4411
f 4341 4411 4306
f 4341 4306 4239
f 4306 4411 4304
f 4306 4304 4233
f 4233 4304 4150
f 4576 4577 4611
f 4576 4611 4574
f 4576 4574 4543
f 4543 4574 4508
f 4606 4485 4576
f 4606 4576 4669
f 4485 4606 4411
f 4606 4669 4708
f 4411 4606 4483
f 4708 4669 4766
f 4411 4483 4337
f 4411 4337 4304
f 4304 4337 4150
f 4708 4766 4869
f 4869 4766 4910
f 4978 5078 4910
f 4910 5078 5018
f 4910 5018 4996
f 4910 4996 4869
f 4869 4996 4973
f 4869 4973 4806
f 4806 4973 4803
f 4803 4973 4907
f 4907 4973 4995
f 4907 4995 4939
f 4803 4907 4800
f 4907 4939 4839
f 4907 4839 4800
f 4800 4839 4658
f 4800 4658 4735
f 4510 4665 4572
f 4574 4510 4508
f 4508 4510 4443
f 4508 4443 4541
f 4508 4541 4604
f 4508 4604 4543
f 4543 4604 4669
f 4543 4669 4576
f 4443 4510 4572
f 4541 4443 4571
f 4541 4571 4703
f 4703 4571 4603
f 4703 4603 4739
f 4604 4541 4703
f 4604 4703 4809
f 4604 4809 4669
f 4571 4443 4603
f 4739 4871 4703
f 4703 4871 4809
f 4809 4871 4910
f 4910 4871 4978
f 4669 4809 4766
f 4766 4809 4910
f 5018 5078 5115
f 5018 5115 4996
f 4996 5115 5114
f 4996 5114 5045
f 5045 5114 5074
f 5074 5114 5113
f 5074 5113 5097
f 5187 5188 5174
f 5174 5188 5175
f 5187 5174 5148
f 5175 5188 5189
f 5187 5148 5173
f 5175 5189 5149
f 5149 5189 5176
f 5176 5189 5205
f 5173 5148 5147
f 5147 5148 5132
f 5147 5132 5097
f 5147 5097 5113
f 5132 5098 5097
f 5097 5098 5074
f 5074 5098 5045
f 5045 5098 5099
f 5045 5099 4996
f 4996 5099 5017
f 4996 5017 4995
f 4996 4995 4973
f 4869 4806 4708
f 4708 4806 4702
f 4708 4702 4642
f 4642 4702 4701
f 4701 4702 4736
f 4806 4803 4698
f 4806 4698 4702
f 4698 4803 4735
f 4735 4803 4800
f 4939 4995 4865
f 4939 4865 4839
f 4839 4865 4758
f 4839 4758 4658
f 4865 4995 4942
f 4942 4995 5017
f 4942 5017 4974
f 4974 5017 5101
f 4708 4642 4606
f 4698 4735 4696
f 4696 4735 4658
f 4698 4696 4695
f 4695 4696 4658
f 4658 4758 4695
f 4695 4758 4736
f 4698 4695 4736
f 4698 4736 4702
f 4736 4758 4802
f 4736 4802 4701
f 4701 4802 4805
f 4701 4805 4740
f 4701 4740 4667
f 4701 4667 4642
f 4667 4740 4610
f 4667 4610 4486
f 4802 4758 4865
f 4642 4667 4486
f 4610 4740 4644
f 4644 4740 4707
f 4644 4707 4607
f 4610 4644 4488
f 4610 4488 4486
f 4488 4644 4516
f 4516 4644 4607
f 4488 4516 4419
f 4419 4516 4450
f 4450 4516 4515
f 4515 4516 4575
f 4575 4516 4607
f 4575 4607 4640
f 4642 4486 4414
f 4642 4414 4573
f 4607 4707 4705
f 4607 4705 4640
f 4640 4705 4637
f 4762 4707 4810
f 4707 4762 4705
f 4705 4762 4737
f 4705 4737 4662
f 4662 4737 4635
f 4705 4662 4637
f 4662 4635 4637
f 4635 4661 4636
f 4636 4661 4605
f 4605 4661 4663
f 4605 4663 4575
f 4575 4663 4641
f 4575 4641 4515
f 4515 4641 4609
f 4635 4636 4637
f 4637 4636 4640
f 4636 4605 4640
f 4575 4640 4605
f 4663 4661 4761
f 4663 4761 4641
f 4641 4761 4765
f 4641 4765 4609
f 4609 4765 4742
f 4609 4742 4671
f 4609 4671 4545
f 4545 4671 4612
f 4545 4612 4487
f 4486 4197 4414
f 4414 4197 4239
f 4414 4239 4339
f 4414 4339 4573
f 4339 4239 4265
f 4339 4265 4262
f 4262 4265 4232
f 4262 4232 4150
f 4091 3807 3951
f 4091 3951 4197
f 4197 3951 4239
f 3951 3807 3728
f 4239 3951 3995
f 3995 3951 3728
f 4239 3995 4043
f 4239 4043 4341
f 3995 3728 3878
f 3728 3807 3610
f 3728 3610 3480
f 3480 3610 3286
f 3480 3286 2932
f 3728 3480 3655
f 3728 3655 3803
f 3655 3480 3145
f 3655 3145 3390
f 2617 2406 2293
f 2617 2293 2932
f 2932 2293 2460
f 2460 2293 2253
f 2253 2293 2057
f 2253 2057 2007
f 2293 2406 2162
f 2293 2162 2008
f 2293 2008 2057
f 2057 2008 1922
f 2057 1922 1856
f 2057 1856 1821
f 1821 1856 1754
f 2058 2057 1965
f 1965 2057 1821
f 1965 1821 1755
f 1821 1754 1620
f 1755 1821 1568
f 1821 1620 1621
f 1821 1621 1568
f 1621 1620 1369
f 1568 1621 1325
f 1325 1621 1324
f 1325 1324 1166
f 1621 1369 1202
f 1202 1369 1201
f 1201 1369 1323
f 1201 1323 1241
f 1202 1201 968
f 1202 968 1203
f 1201 1241 1097
f 1097 1241 1164
f 1097 1164 1096
f 1201 1097 1064
f 1201 1064 968
f 1097 1096 967
f 967 1096 1060
f 1064 1097 835
f 835 1097 967
f 1064 835 968
f 967 1060 965
f 967 965 733
f 967 733 734
f 967 734 835
f 734 733 533
f 928 1203 968
f 928 968 615
f 1203 928 1169
f 1203 1169 1327
f 1327 1169 1570
f 1327 1570 1755
f 1570 1169 1372
f 1570 1372 1571
f 1372 1169 1066
f 1571 1372 1572
f 1372 1066 1067
f 1372 1067 1170
f 1372 1170 1572
f 1067 1066 738
f 1572 1170 1276
f 738 1066 788
f 738 788 418
f 418 788 456
f 418 456 180
f 1572 1276 1626
f 1626 1276 1374
f 1626 1374 1668
f 1374 1276 1137
f 1374 1137 1008
f 2460 2253 2254
f 2254 2253 2007
f 2460 2254 2571
f 2460 2571 2933
f 2460 2933 2932
f 2933 2571 2573
f 2933 2573 3218
f 2573 2571 2321
f 2321 2571 2294
f 3218 2573 2790
f 3218 2790 3016
f 3016 2790 2510
f 2790 2573 2297
f 2790 2297 2510
f 2297 2573 2321
f 2510 2297 2121
f 2510 2121 2257
f 2257 2121 1925
f 1925 2121 1860
f 1925 1860 1729
f 1729 1860 1695
f 1729 1695 1472
f 2297 2321 1924
f 2297 1924 1859
f 2059 1967 2321
f 2059 2321 2294
f 2059 2294 2058
f 1967 2059 1757
f 1757 2059 1822
f 1757 1822 1522
f 1522 1822 1569
f 1522 1569 1244
f 2007 2057 2058
f 2007 2058 2254
f 2254 2058 2294
f 2254 2294 2571
f 2058 1965 2059
f 2059 1965 1822
f 1822 1965 1755
f 1822 1755 1569
f 1569 1755 1471
f 1569 1471 1244
f 1967 1757 1571
f 1571 1757 1522
f 1571 1522 1420
f 1420 1522 1244
f 2321 1967 1924
f 1924 1967 1626
f 1626 1967 1572
f 1572 1967 1571
f 1244 1471 1419
f 1419 1471 1755
f 1244 1419 1420
f 1420 1419 1570
f 1420 1570 1571
f 1570 1419 1755
f 1327 1755 1568
f 1327 1568 1203
f 1203 1568 1325
f 1203 1325 1166
f 1324 1621 1202
f 1324 1202 1166
f 1166 1202 1203
f 415 734 533
f 415 533 341
f 341 533 379
f 734 415 491
f 734 491 835
f 415 341 111
f 341 379 255
f 341 255 111
f 255 379 412
f 255 412 339
f 255 339 109
f 255 109 111
f 109 339 254
f 109 254 176
f 111 109 5777
f 111 5777 5821
f 5777 109 5776
f 111 5821 133
f 111 133 415
f 133 5821 5781
f 415 133 179
f 179 133 5781
f 415 179 491
f 179 5781 5782
f 68 5776 109
f 68 109 176
f 5776 68 5722
f 68 176 67
f 68 67 5722
f 67 176 107
f 5722 67 5695
f 67 107 25
f 67 25 5695
f 224 179 5782
f 179 224 491
f 224 5782 5726
f 491 224 577
f 491 577 835
f 835 577 968
f 968 577 615
f 615 577 417
f 417 577 224
f 417 224 5726
f 417 5726 5697
f 5697 5726 6040
f 417 5697 295
f 417 295 493
f 493 295 686
f 295 5697 5651
f 5651 5697 5937
f 295 5651 296
f 296 5651 5698
f 296 5698 297
f 297 5698 345
f 5781 5821 6212
f 6212 5821 6121
f 6121 5821 5777
f 6121 5777 6084
f 6084 5777 5776
f 6084 5776 6007
f 6007 5776 5722
f 6007 5722 5933
f 5933 5722 5695
f 6123 5781 6212
f 6123 6212 6476
f 5781 6123 5782
f 6123 6476 6432
f 5782 6123 6086
f 6086 6123 6432
f 5782 6086 5726
f 5726 6086 6040
f 6040 6086 6394
f 6394 6086 6432
f 6394 6432 6770
f 6212 6121 6355
f 6212 6355 6475
f 6212 6475 6476
f 6355 6121 6285
f 6285 6121 6208
f 6208 6121 6084
f 6208 6084 6007
f 6208 6007 6120
f 6120 6007 5933
f 6476 6475 6738
f 6738 6475 6706
f 6476 6738 6770
f 6476 6770 6432
f 6738 6706 6973
f 6738 6973 7051
f 6738 7051 6770
f 6394 6770 6741
f 6741 6770 6992
f 6992 6770 7051
f 6992 7051 7298
f 6992 7298 7247
f 7298 7051 7372
f 7298 7372 7687
f 7085 7051 6973
f 7051 7085 7372
f 6945 7118 6973
f 7687 7372 7686
f 7687 7686 7873
f 7873 7686 7904
f 7873 7904 8123
f 7873 8123 8078
f 8078 8123 8290
f 6973 7118 7141
f 6973 7141 7085
f 7141 7118 7294
f 7085 7141 7370
f 7370 7141 7294
f 7419 7372 7085
f 7372 7419 7686
f 7419 7085 7370
f 7686 7419 7707
f 7707 7419 7370
f 7707 7370 7705
f 7370 7294 7492
f 7370 7492 7705
f 7492 7294 7416
f 7705 7492 7490
f 7705 7490 7680
f 7680 7490 7410
f 7680 7410 7678
f 7678 7410 7288
f 7678 7288 7559
f 7559 7288 7321
f 7321 7288 7205
f 6973 6706 6945
f 7686 7707 7904
f 7904 7707 7941
f 7941 7707 7705
f 7904 7941 8123
f 7941 7705 7940
f 7940 7705 7680
f 8123 7941 8150
f 8150 7941 7940
f 8123 8150 8355
f 8123 8355 8291
f 8150 7940 8172
f 8150 8172 8355
f 7940 7680 7903
f 7903 7680 7678
f 8172 7940 8149
f 8149 7940 7903
f 7903 7678 7789
f 7903 7789 8149
f 7789 7678 7559
f 7789 7559 7485
f 8149 7789 8050
f 8050 7789 7676
f 8172 8149 8384
f 8172 8384 8355
f 8384 8149 8416
f 8416 8149 8050
f 8416 8050 8263
f 8263 8050 8198
f 8050 7676 7991
f 8050 7991 8198
f 7991 7676 7817
f 8198 7991 8021
f 8021 7991 7817
f 8021 7817 7841
f 8021 7841 7963
f 7963 7841 7870
f 8707 8355 8384
f 8707 8384 8511
f 8355 8707 8668
f 8707 8511 8750
f 8750 8511 8863
f 8863 8511 8666
f 8863 8666 8965
f 8355 8668 8554
f 8355 8554 8291
f 8291 8554 8327
f 8327 8554 8512
f 8327 8512 8219
f 8512 8554 8824
f 8824 8554 8999
f 8999 8554 8751
f 8999 8751 9151
f 9151 8751 9025
f 9151 9025 9292
f 8512 8824 8477
f 8512 8477 8219
f 8477 8824 8785
f 8477 8785 8479
f 8477 8479 8219
f 8479 8785 8787
f 8219 8479 8152
f 8219 8152 7944
f 8152 8479 8292
f 7944 8152 8125
f 8125 8152 8292
f 8125 8292 8079
f 7944 8125 7823
f 7823 8125 8079
f 7944 7823 7629
f 7944 7629 8022
f 7823 8079 7843
f 8079 8292 8480
f 8480 8292 8614
f 8480 8614 8752
f 8752 8614 9030
f 9030 8614 8967
f 9030 8967 9270
f 8079 8480 8241
f 7996 7843 8079
f 7996 8079 8241
f 7843 7996 7763
f 7763 7996 7659
f 7996 8241 7844
f 7996 7844 7659
f 8328 8241 8615
f 7844 8241 8080
f 8080 8241 8328
f 7844 8080 7876
f 7844 7876 7659
f 8080 8328 8177
f 8080 8177 7876
f 8177 8328 8514
f 8177 8514 8644
f 8644 8514 9005
f 9005 8514 8912
f 8177 8644 8357
f 9005 8912 9243
f 9243 8912 9208
f 9243 9208 9524
f 9524 9208 9242
f 8177 8357 8097
f 8097 8357 8082
f 8177 8097 7876
f 7968 7793 7876
f 7876 7793 7498
f 7498 7793 7468
f 7876 7498 7536
f 7876 7536 7659
f 7498 7468 7090
f 7659 7536 7212
f 7090 7468 7124
f 7090 7124 6892
f 7124 7468 7424
f 7659 7212 7331
f 7659 7331 7535
f 7331 7212 6978
f 6978 7212 6917
f 6978 6917 6745
f 7331 6978 7019
f 7331 7019 7535
f 7535 7019 7329
f 7535 7329 7762
f 7298 7687 7629
f 7629 7687 8022
f 8022 7687 7873
f 8022 7873 8199
f 8199 7873 8078
f 8199 8078 8290
f 8199 8290 8356
f 8356 8290 8612
f 7298 7629 7247
f 7247 7629 7563
f 7563 7629 7823
f 7247 7563 7182
f 7247 7182 6974
f 7247 6974 6992
f 6992 6974 6741
f 6974 7182 6946
f 6946 7182 6977
f 8290 8123 8326
f 8326 8123 8419
f 8290 8326 8612
f 8612 8326 8419
f 8199 8356 8444
f 8444 8356 8612
f 8199 8444 8327
f 8199 8327 8219
f 8199 8219 8022
f 8022 8219 7944
f 8612 8419 8444
f 8444 8419 8327
f 8327 8419 8291
f 8419 8123 8291
f 8292 8479 8614
f 8614 8479 8710
f 8614 8710 8967
f 8967 8710 9029
f 8967 9029 9270
f 8479 8787 8710
f 8710 8787 8909
f 8710 8909 9085
f 8710 9085 9029
f 9029 9085 9270
f 8241 8480 8670
f 8670 8480 8752
f 8670 8752 8911
f 8241 8670 8581
f 8581 8670 9004
f 8752 9030 9121
f 9121 9030 9270
f 8752 9121 8911
f 9270 9085 9121
f 9121 9085 8909
f 9121 8909 8911
f 8911 8909 8787
f 8911 8787 8788
f 8911 8788 8670
f 8788 8787 9031
f 8670 8788 9004
f 9004 8788 9031
f 9004 9031 9293
f 9293 9031 9374
f 9004 9293 8969
f 9004 8969 8581
f 8581 8969 8615
f 8615 8969 8971
f 9374 9031 9152
f 9152 9031 9002
f 9152 9002 9206
f 9374 9152 9441
f 9441 9152 9588
f 9588 9152 9373
f 9588 9373 9586
f 9588 9586 9702
f 9702 9586 9828
f 9337 8971 8969
f 8971 9337 9296
f 8971 9296 8940
f 8940 9296 8754
f 9296 9337 9554
f 8754 9296 9088
f 9554 9337 9737
f 9737 9337 9633
f 9737 9633 9898
f 8754 9088 8914
f 8754 8914 8556
f 8556 8914 8755
f 8556 8755 8422
f 8422 8755 8299
f 8422 8299 8181
f 8422 8181 8082
f 8082 8181 7970
f 8082 7970 7766
f 7766 7970 7711
f 7766 7711 7335
f 7766 7335 7334
f 7335 7711 7661
f 7661 7711 7908
f 7661 7908 7737
f 7661 7737 7379
f 7379 7737 7633
f 7661 7379 7300
f 7661 7300 7335
f 6979 7334 7335
f 6979 7335 7300
f 7334 6979 6995
f 6979 7300 6980
f 6980 7300 7251
f 6979 6980 6587
f 6979 6587 6586
f 6586 6587 6324
f 6586 6324 6440
f 6586 6440 6547
f 6324 6587 6325
f 6324 6325 5942
f 6325 6587 6480
f 6547 6440 6438
f 6547 6438 6221
f 6547 6221 6585
f 6585 6221 6218
f 6585 6218 6248
f 6585 6248 6584
f 6218 6221 31
f 6218 31 6248
f 31 6221 5869
f 6584 6248 6711
f 31 5869 138
f 31 138 381
f 381 138 347
f 6248 31 5825
f 6248 5825 6436
f 6248 6436 6711
f 6711 6436 6400
f 6711 6400 6745
f 6745 6400 6398
f 6745 6398 6806
f 8241 8581 8615
f 9002 9031 8787
f 9002 8787 8785
f 9002 8785 9001
f 9002 9001 9206
f 9206 9001 9236
f 9206 9236 9440
f 8824 9000 9001
f 9001 9000 9236
f 9522 9440 9631
f 9631 9440 9236
f 9631 9236 9675
f 9236 9000 9235
f 9235 9000 9027
f 9675 9236 9585
f 9585 9236 9235
f 9235 9027 9026
f 9675 9585 9734
f 9235 9026 9203
f 9734 9585 9827
f 9734 9827 9856
f 9827 9585 9826
f 9585 9235 9549
f 9585 9549 9826
f 9549 9235 9203
f 9827 9826 10063
f 9826 9549 9825
f 9856 9827 10032
f 10032 9827 10063
f 9856 10032 9969
f 8936 9203 9026
f 9969 10032 10064
f 9969 10064 10033
f 10064 10032 10217
f 10217 10032 10185
f 10217 10185 10437
f 10064 10217 10247
f 10247 10217 10411
f 10064 10247 10132
f 10064 10132 9971
f 9971 10132 10035
f 10035 10132 10066
f 10066 10132 10161
f 10132 10247 10293
f 10132 10293 10161
f 10293 10247 10385
f 10161 10293 10330
f 10330 10293 10385
f 10099 10185 10063
f 10099 10063 10062
f 10185 10099 10246
f 10099 10062 10127
f 10099 10127 10246
f 10246 10127 10244
f 10246 10244 10321
f 10321 10244 10349
f 10349 10244 10382
f 10382 10244 10213
f 10213 10244 10127
f 10213 10127 10060
f 10060 10127 10030
f 10060 10030 9921
f 10213 10060 10096
f 10060 9921 9733
f 9733 9921 9825
f 10060 9733 9967
f 10060 9967 10096
f 9967 9733 9894
f 9967 9894 10096
f 10213 10096 10121
f 10213 10121 10241
f 10121 10096 9995
f 9995 10096 9966
f 9966 10096 9894
f 9995 9966 9853
f 9853 9966 9894
f 9995 9853 9919
f 9919 9853 9852
f 10095 10241 10121
f 10241 10095 10289
f 10095 10121 9939
f 10289 10095 10120
f 10095 9939 9996
f 10095 9996 10120
f 9996 9939 9823
f 9996 9823 9938
f 9938 9823 9893
f 9893 9823 9755
f 9893 9755 9892
f 9892 9755 9821
f 10120 9996 9997
f 9997 9996 9920
f 10120 9997 10152
f 10120 10152 10243
f 10243 10152 10242
f 10243 10242 10318
f 10243 10318 10290
f 9001 8785 8824
f 9000 8824 9027
f 9027 8824 8999
f 9027 8999 9151
f 9027 9151 9119
f 9119 9151 9292
f 9374 9441 9589
f 9589 9441 9588
f 9589 9588 9587
f 9587 9588 9701
f 9701 9588 9702
f 9701 9702 9828
f 9373 9152 9206
f 9373 9206 9586
f 9586 9206 9551
f 9586 9551 9828
f 9374 9589 9632
f 9374 9632 9293
f 9551 9206 9629
f 9551 9629 9828
f 9828 9629 9701
f 9701 9629 9440
f 9701 9440 9587
f 9587 9440 9522
f 9629 9206 9440
f 9587 9522 9589
f 9522 9631 9589
f 9589 9631 9789
f 9589 9789 9791
f 9589 9791 9632
f 9632 9791 9944
f 9632 9944 9858
f 9632 9858 9591
f 9591 9858 9555
f 9944 9791 10003
f 10003 9791 10160
f 10160 9791 10034
f 10160 10034 10294
f 9631 9675 10033
f 9631 10033 10001
f 9631 10001 9971
f 10033 9675 10101
f 10101 9675 9968
f 10101 9968 10184
f 9631 9971 9789
f 10001 10033 10064
f 10001 10064 9971
f 10033 10101 10100
f 10100 10101 10184
f 9968 9675 9734
f 9968 9734 9942
f 9968 9942 10184
f 10100 10184 10000
f 10100 10000 9856
f 10100 9856 9969
f 10000 10184 9942
f 10000 9942 9856
f 9856 9942 9734
f 9969 10033 10100
f 10032 10063 10185
f 10063 9826 10098
f 10098 9826 10126
f 10126 9826 9940
f 10126 9940 10061
f 10126 10061 10153
f 10153 10061 10182
f 10063 10098 10062
f 10062 10098 10126
f 9940 9826 9825
f 9940 9825 10061
f 10061 9825 9999
f 10061 9999 10182
f 10062 10126 10030
f 10030 10126 10122
f 10122 10126 10153
f 10122 10153 10182
f 10062 10030 10127
f 10182 9999 10029
f 10182 10029 10122
f 10122 10029 9921
f 10122 9921 10030
f 10029 9999 9825
f 9921 10029 9825
f 9484 9733 9825
f 9484 9825 9549
f 9484 9549 9203
f 9484 9203 9117
f 9117 9203 8936
f 9733 9484 9334
f 9334 9484 9117
f 9733 9334 9405
f 8668 8707 8936
f 8936 8707 8907
f 8936 8907 9117
f 8907 8707 8906
f 8907 8906 9117
f 9117 8906 8749
f 9024 9334 9117
f 9024 9117 8749
f 9334 9024 9183
f 9334 9183 9405
f 9024 8749 8860
f 9024 8860 9183
f 9405 9183 9370
f 9183 8860 8748
f 9183 8748 9050
f 9050 8748 8819
f 8819 8748 8701
f 8819 8701 8700
f 8700 8701 8664
f 8700 8664 8610
f 8553 8860 8749
f 8553 8749 8580
f 8860 8553 8415
f 8553 8580 8263
f 8553 8263 8415
f 8263 8580 8416
f 8415 8263 8198
f 8415 8198 8170
f 8170 8198 8021
f 8170 8021 7963
f 8170 7963 8046
f 8046 7963 7870
f 9026 9027 9119
f 9026 9119 8936
f 8936 9119 9082
f 9082 9119 9292
f 9082 9292 8998
f 9082 8998 8668
f 9700 9894 9733
f 9700 9733 9405
f 9894 9700 9786
f 9894 9786 9853
f 9700 9405 9673
f 9700 9673 9786
f 9673 9405 9370
f 9786 9673 9671
f 9786 9671 9732
f 9786 9732 9853
f 9853 9732 9852
f 9852 9732 9820
f 9820 9732 9753
f 9820 9753 9781
f 9673 9370 9402
f 9673 9402 9672
f 9672 9402 9516
f 9402 9370 9287
f 9402 9287 9286
f 9286 9287 9263
f 9286 9263 9202
f 8860 8415 8748
f 8748 8415 8475
f 8475 8415 8170
f 8748 8475 8701
f 8701 8475 8664
f 8664 8475 8579
f 8664 8579 8610
f 9183 9050 9370
f 9370 9050 9080
f 9080 9050 8819
f 9370 9080 9287
f 9287 9080 9263
f 9263 9080 9150
f 9263 9150 9202
f 8700 8610 8578
f 8700 8578 8509
f 8700 8509 8819
f 8819 8509 8551
f 8819 8551 8820
f 8819 8820 9080
f 8610 8579 8578
f 8578 8579 8509
f 8509 8579 8475
f 8509 8475 8170
f 8551 8509 8171
f 8171 8509 8170
f 8551 8171 8148
f 8148 8171 7732
f 9080 8820 9115
f 9115 8820 9081
f 9115 9081 9288
f 9288 9081 9233
f 9115 9288 9402
f 9288 9233 9521
f 9288 9521 9402
f 9521 9233 9290
f 9402 9521 9671
f 9671 9521 9732
f 9732 9521 9581
f 7732 8171 7939
f 7939 8171 8170
f 7939 8170 7899
f 7899 8170 8046
f 7899 8046 7870
f 7732 7939 7817
f 7817 7939 7841
f 7841 7939 7899
f 7841 7899 7870
f 7732 7817 7676
f 7732 7676 7486
f 7732 7486 7322
f 7322 7486 7205
f 7205 7486 7321
f 7322 7205 7138
f 9521 9290 9581
f 9581 9290 9289
f 9581 9289 9623
f 9581 9623 9783
f 9783 9623 9755
f 9623 9289 9291
f 9755 9623 9582
f 9582 9623 9291
f 9582 9291 9266
f 9582 9266 9624
f 9582 9624 9784
f 9624 9266 9519
f 9624 9519 9784
f 9784 9519 9621
f 9784 9621 9731
f 9731 9621 9730
f 9519 9266 9369
f 9369 9266 9116
f 9369 9116 9264
f 9369 9264 9332
f 9369 9332 9480
f 9480 9332 9400
f 9369 9480 9548
f 9264 9116 9265
f 9264 9265 9332
f 9332 9265 9401
f 9332 9401 9400
f 9265 9116 8935
f 9400 9401 9520
f 9520 9401 9265
f 9400 9520 9480
f 9548 9480 9520
f 9369 9548 9519
f 9520 9265 9583
f 9520 9583 9548
f 9481 9265 9177
f 9481 9177 9079
f 9079 9177 9078
f 9079 9078 9023
f 9023 9078 8963
f 9481 9079 9180
f 9699 9583 9481
f 9583 9699 9824
f 9583 9824 9548
f 9699 9481 9895
f 9699 9895 9824
f 9481 9180 9674
f 9481 9674 9895
f 9548 9824 9785
f 9548 9785 9752
f 9548 9752 9669
f 9669 9752 9730
f 9785 9824 9920
f 9920 9824 9895
f 9920 9895 9997
f 9997 9895 10097
f 9997 10097 10152
f 10152 10097 10242
f 10097 9895 9998
f 10097 9998 10212
f 10212 9998 10214
f 9998 9895 9787
f 9787 9895 9674
f 10214 9998 10123
f 10123 9998 10031
f 10031 9998 9787
f 10123 10031 10128
f 10031 9787 9941
f 10123 10128 10325
f 10214 10123 10383
f 10383 10123 10325
f 10214 10383 10431
f 10214 10431 10381
f 10381 10431 10474
f 10381 10474 10527
f 10325 10128 10326
f 10325 10326 10351
f 10326 10128 10216
f 9788 9941 9787
f 9941 9788 9896
f 9896 9788 9855
f 9896 9855 10155
f 10156 10216 10155
f 10156 10155 9855
f 10216 10156 10267
f 9788 9787 9371
f 9855 9788 9485
f 9485 9788 9371
f 9371 9787 9267
f 9267 9787 9674
f 9267 9674 9180
f 9267 9180 8859
f 9371 9267 8964
f 8964 9267 8859
f 9485 9371 9051
f 9051 9371 8964
f 8964 8859 8552
f 8552 8859 8476
f 8964 8552 8641
f 8964 8641 9051
f 8476 8859 8702
f 8476 8702 8414
f 8414 8702 8508
f 8414 8508 8324
f 9051 8641 8706
f 9051 8706 9118
f 9051 9118 9485
f 9118 8706 8823
f 8823 8706 8354
f 8823 8354 8417
f 8823 8417 8642
f 9485 9118 9550
f 9485 9550 9855
f 9550 9118 9184
f 9184 9118 8823
f 9855 9550 9922
f 9855 9922 10156
f 9550 9184 9628
f 9550 9628 9922
f 9184 8823 9204
f 9184 9204 9628
f 9204 8823 8937
f 9628 9204 9269
f 8937 8823 8613
f 8613 8823 8642
f 8937 8613 8709
f 8613 8642 8418
f 8613 8418 8513
f 8513 8418 8266
f 8478 8709 8513
f 8478 8513 8266
f 8709 8478 8938
f 8478 8266 8173
f 8478 8173 8445
f 8445 8173 8385
f 8908 9003 8938
f 8938 9003 9052
f 8938 9052 9083
f 9052 9003 9238
f 9052 9238 9083
f 9083 9238 9237
f 9083 9237 9269
f 9269 9237 9439
f 9269 9439 9628
f 9237 9238 9486
f 9237 9486 9439
f 9239 9238 9003
f 9486 9238 9523
f 9523 9238 9239
f 9239 9003 9240
f 9240 9003 8968
f 9240 8968 9241
f 9240 9241 9553
f 9239 9240 9487
f 9487 9240 9553
f 9239 9487 9523
f 9487 9553 9738
f 9523 9487 9736
f 9736 9487 9738
f 9523 9736 9756
f 9523 9756 9486
f 9736 9738 9945
f 9736 9945 9756
f 9945 9738 9972
f 9972 9738 9758
f 9972 9758 9899
f 9899 9758 9705
f 9945 9972 10067
f 9899 9705 9592
f 9899 9592 9829
f 9829 9592 9676
f 9829 9676 9760
f 9760 9676 9636
f 9676 9592 9489
f 9489 9592 9186
f 9489 9186 9298
f 10107 9945 10067
f 9945 10107 10004
f 9945 10004 9756
f 10107 10067 10221
f 10221 10067 10137
f 10221 10137 10250
f 10250 10137 10166
f 10221 10250 10296
f 10296 10250 10335
f 10107 10221 10295
f 10296 10335 10357
f 10296 10357 10331
f 10331 10357 10480
f 10331 10480 10531
f 10331 10531 10387
f 10107 10295 10134
f 10134 10295 10355
f 10134 10355 10413
f 10107 10134 10004
f 10134 10413 10133
f 10004 10134 10104
f 10104 10134 10133
f 10104 10133 10103
f 10158 10002 10103
f 10002 10158 9943
f 10002 9943 9897
f 9790 9756 10004
f 9756 9790 9486
f 9486 9790 9439
f 9630 9790 9897
f 9790 9630 9439
f 9630 9897 9943
f 9439 9630 9628
f 9628 9630 9943
f 9628 9943 9922
f 9922 9943 10157
f 10157 9943 10158
f 9922 10157 10156
f 10157 10158 10219
f 10156 10157 10268
f 10268 10157 10219
f 10156 10268 10267
f 10268 10219 10329
f 10267 10268 10439
f 10267 10439 10493
f 10267 10493 10477
f 10477 10493 10541
f 10439 10268 10412
f 10412 10268 10329
f 10439 10412 10444
f 10354 10387 10329
f 10329 10387 10412
f 10412 10387 10531
f 10412 10531 10572
f 10412 10572 10601
f 10412 10601 10561
f 10561 10601 10632
f 9177 9265 8935
f 9177 8935 8703
f 9177 8703 8904
f 9177 8904 8934
f 9177 8934 9078
f 8904 8703 8702
f 8904 8702 8934
f 8934 8702 8903
f 8702 8703 8510
f 8702 8510 8353
f 8353 8510 8262
f 8353 8262 8147
f 8147 8262 8049
f 8353 8147 8260
f 8353 8260 8352
f 8352 8260 8324
f 8147 8049 7901
f 7901 8049 7758
f 7901 7758 7818
f 7818 7758 7703
f 7758 8049 7760
f 7703 7758 7677
f 7677 7758 7760
f 7677 7760 7367
f 7206 7244 7367
f 7367 7244 7409
f 7367 7409 7677
f 7409 7244 7366
f 7677 7409 7457
f 7457 7409 7366
f 7677 7457 7456
f 7457 7366 7407
f 9583 9265 9481
f 9078 8934 8963
f 8963 8934 8903
f 8963 8903 9023
f 9023 8903 8702
f 9023 8702 9079
f 9079 8702 9180
f 9180 8702 8859
f 8641 8552 8236
f 8236 8552 8476
f 8641 8236 8325
f 8641 8325 8706
f 8706 8325 8354
f 8236 8476 8147
f 8147 8476 8260
f 8260 8476 8414
f 8260 8414 8324
f 8236 8147 7990
f 8048 8325 8236
f 8048 8236 7990
f 8077 8354 8325
f 8077 8325 8048
f 8354 8077 8094
f 8048 7990 7818
f 7818 7990 7871
f 7871 7990 7964
f 7871 7964 7898
f 8048 7818 7759
f 8077 8048 7872
f 7872 8048 7759
f 8077 7872 8094
f 7872 7759 7588
f 7872 7588 7623
f 7872 7623 7679
f 8094 7872 7902
f 7902 7872 7679
f 7902 7679 7992
f 7902 7992 8094
f 7992 7679 7704
f 8094 7992 8417
f 8094 8417 8354
f 7992 7704 7993
f 7992 7993 8417
f 7993 7704 7706
f 7562 7531 7706
f 7706 7531 7371
f 8417 7993 7965
f 7993 7706 7685
f 7685 7706 7371
f 7993 7685 7965
f 8417 7965 8151
f 7965 7685 7942
f 7965 7942 8151
f 7685 7371 7657
f 7685 7657 7942
f 7657 7371 7180
f 8151 7942 8266
f 8151 8266 8418
f 8151 8418 8611
f 8151 8611 8443
f 8443 8611 8667
f 8667 8611 8784
f 8667 8784 8966
f 8266 7942 7874
f 7874 7942 7657
f 8266 7874 8173
f 8173 7874 7821
f 8173 7821 8095
f 8173 8095 8385
f 8095 7821 8052
f 8095 8052 8240
f 8240 8052 8096
f 8052 7821 7735
f 8052 7735 7822
f 7822 7735 7534
f 7822 7534 7658
f 7591 7874 7657
f 7874 7591 7761
f 7591 7657 7180
f 7591 7180 7181
f 7591 7181 7146
f 7119 7180 7371
f 7180 7119 6845
f 6845 7119 6844
f 7181 7180 6848
f 6848 7180 6845
f 7146 7181 6805
f 6805 7181 6848
f 6845 6844 6541
f 6845 6541 6848
f 6541 6844 6540
f 6805 6848 6431
f 6431 6848 6541
f 7146 6805 6771
f 7146 6771 7373
f 6541 6540 6213
f 6541 6213 6431
f 6213 6540 6392
f 7373 6771 6772
f 6431 6213 6162
f 6318 6805 6431
f 6805 6318 6771
f 6318 6431 6162
f 6771 6318 6288
f 6771 6288 6772
f 6318 6162 6039
f 6772 6288 6289
f 6289 6288 5976
f 6772 6289 6743
f 6772 6743 7210
f 6743 6289 6321
f 7210 6743 6710
f 6710 6743 6321
f 6710 6321 6165
f 6710 6165 6399
f 6399 6165 6047
f 6047 6165 5784
f 6047 5784 5785
f 6399 6047 6010
f 6399 6010 6632
f 134 298 5785
f 298 134 495
f 793 421 298
f 793 298 619
f 793 619 931
f 931 619 1100
f 1100 619 1069
f 1100 1069 1373
f 1100 1373 1473
f 929 1069 495
f 1069 929 1373
f 1373 929 1245
f 929 495 790
f 1473 1373 1862
f 1473 1862 1892
f 1892 1862 2164
f 2164 1862 2214
f 2214 1862 2120
f 1862 1373 1759
f 1862 1759 2120
f 1759 1373 1625
f 1759 1625 2060
f 1759 2060 2120
f 2120 2060 2256
f 2256 2060 2295
f 2256 2295 2509
f 457 790 495
f 790 457 616
f 457 495 28
f 28 495 134
f 616 457 416
f 616 416 789
f 457 28 112
f 457 112 416
f 112 28 5895
f 5895 28 5936
f 5895 5936 6216
f 112 5895 27
f 112 27 416
f 1065 1098 789
f 1065 789 736
f 736 789 416
f 1065 736 685
f 685 736 416
f 1065 685 1007
f 1007 685 880
f 6162 27 6039
f 5696 416 27
f 5696 27 6162
f 685 416 342
f 342 416 5696
f 685 342 256
f 685 256 576
f 576 256 178
f 256 342 5723
f 5723 342 5696
f 256 5723 178
f 5723 5696 6162
f 5723 6162 6213
f 5723 6213 6122
f 178 5723 5780
f 5780 5723 6122
f 178 5780 110
f 5780 6122 5820
f 5780 5820 110
f 5820 6122 6085
f 110 5820 26
f 5820 6085 5819
f 5820 5819 26
f 5819 6085 6006
f 5819 6006 5816
f 5819 5816 26
f 5816 6006 5932
f 5816 5932 5815
f 26 5816 5650
f 26 5650 108
f 5650 5816 5694
f 5650 5694 108
f 108 5694 66
f 66 5694 24
f 7679 7623 7323
f 7323 7623 7588
f 7323 7588 7408
f 7408 7588 7407
f 7408 7407 7366
f 7408 7366 7323
f 7323 7366 7244
f 7323 7244 7206
f 7323 7206 7289
f 7323 7289 7413
f 7323 7413 7487
f 7323 7487 7679
f 7487 7413 7491
f 7679 7487 7562
f 7562 7487 7491
f 7679 7562 7704
f 7704 7562 7706
f 7562 7491 7461
f 7562 7461 7531
f 7531 7461 7371
f 7371 7461 7297
f 7371 7297 7083
f 7371 7083 7119
f 7119 7083 6844
f 7457 7407 7456
f 7456 7407 7406
f 7407 7588 7530
f 7407 7530 7406
f 7530 7588 7759
f 7530 7759 7622
f 7530 7622 7406
f 7406 7622 7456
f 7456 7622 7703
f 7703 7622 7759
f 7456 7703 7677
f 7703 7759 7818
f 7901 7818 7871
f 7901 7871 7900
f 7900 7871 7898
f 7901 7900 8047
f 8047 7900 7898
f 7901 8047 8147
f 8047 7898 7964
f 8047 7964 7990
f 8047 7990 8147
f 8702 8353 8352
f 8702 8352 8508
f 8508 8352 8324
f 2786 2459 2660
f 2459 2719 2614
f 2614 2719 3077
f 2614 3077 2788
f 2788 3077 3013
f 3013 3077 3391
f 3013 3391 3285
f 3285 3391 3567
f 3285 3567 3773
f 3285 3773 3483
f 3483 3773 3684
f 3684 3773 3808
f 2459 2614 2613
f 2613 2614 2860
f 2860 2614 2788
f 2860 2788 3013
f 2860 3013 3078
f 2459 2613 2660
f 2786 2660 3012
f 3012 2660 2613
f 2613 2860 3012
f 3012 2860 3078
f 3144 2786 3012
f 3144 3012 3283
f 3144 3283 3478
f 3283 3012 3078
f 3478 3283 3348
f 3478 3348 3566
f 3348 3283 3078
f 3348 3078 3479
f 3348 3479 3477
f 3682 3913 3773
f 3773 3913 3771
f 3771 3913 3879
f 3773 3771 3727
f 3727 3771 3654
f 3879 3913 4121
f 4121 3913 4045
f 3771 3879 3654
f 4121 4045 4153
f 4121 4153 4314
f 4053 4314 4093
f 4314 4053 3952
f 4121 4314 4156
f 4156 4314 3952
f 4121 4156 3912
f 3912 4156 3952
f 4121 3912 3879
f 3912 3952 3838
f 3879 3912 3654
f 3654 3912 3838
f 4153 4045 4309
f 4153 4309 4314
f 3727 3654 3838
f 3727 3838 3806
f 3806 3838 3952
f 3806 3952 4053
f 3806 4053 3808
f 3808 4053 3843
f 3843 4053 4093
f 3843 4093 3917
f 3917 4093 4125
f 3917 4125 4127
f 4125 4093 4386
f 4386 4093 4314
f 3727 3806 3773
f 3773 3806 3808
f 3684 3808 3438
f 3614 3808 3843
f 3808 3614 3438
f 3684 3438 3350
f 3684 3350 3483
f 3438 3614 2935
f 2935 3614 3219
f 3350 3438 2934
f 2934 3438 2935
f 3483 3350 2861
f 2861 3350 2934
f 3483 2861 3285
f 3285 2861 3013
f 2861 2934 2618
f 2934 2935 2664
f 2934 2664 2407
f 2934 2407 2618
f 2618 2407 2296
f 2296 2407 2211
f 2296 2211 2009
f 2009 2211 1969
f 2009 1969 1758
f 2936 2935 3219
f 3485 3219 3614
f 3219 3485 2936
f 2936 3485 3079
f 2936 3079 2791
f 2936 2791 2512
f 3079 3485 3220
f 2936 2512 2511
f 3220 3485 3440
f 2511 2512 2298
f 2511 2298 2258
f 2258 2298 2011
f 2011 2298 2064
f 3220 3440 3488
f 3220 3488 3352
f 3352 3488 3442
f 3220 3352 2793
f 2793 3352 2862
f 3614 3843 3485
f 3485 3843 3734
f 3485 3734 3440
f 2664 2935 2361
f 2664 2361 2407
f 2407 2361 2214
f 2407 2214 2211
f 2211 2214 2010
f 2211 2010 1890
f 2509 2861 2618
f 2861 2509 2572
f 2572 2509 2295
f 2509 2618 2296
f 2509 2296 2255
f 2509 2255 2256
f 2255 2296 2009
f 2255 2009 1968
f 1968 2009 1758
f 2861 2572 3013
f 3013 2572 2615
f 2615 2572 2320
f 2615 2320 2317
f 2317 2320 2118
f 2118 2320 1966
f 2118 1966 1756
f 2320 2572 2295
f 2320 2295 2119
f 2119 2295 2060
f 2119 2060 1923
f 2119 1923 1785
f 2119 1785 1858
f 1858 1785 1694
f 1694 1785 1665
f 1694 1665 1418
f 3013 2615 2508
f 3013 2508 3078
f 2256 2255 2061
f 2256 2061 2120
f 2120 2061 2010
f 2061 2255 1968
f 2061 1968 1889
f 1889 1968 1758
f 1758 1969 1890
f 1890 1969 2211
f 1758 1890 1889
f 1889 1890 2010
f 1889 2010 2061
f 2010 2214 2120
f 2214 2361 2164
f 2164 2361 2216
f 2216 2361 2463
f 2164 2216 1892
f 1892 2216 2065
f 1892 2065 1732
f 1892 1732 1524
f 1892 1524 1629
f 1629 1524 1205
f 1629 1205 1277
f 1277 1205 971
f 1277 971 1009
f 1009 971 742
f 2060 1625 1923
f 1923 1625 1785
f 1785 1625 1665
f 1665 1625 1523
f 1665 1523 1418
f 2320 2119 1966
f 1966 2119 1756
f 2119 1858 1756
f 1858 1694 1756
f 1756 1694 1623
f 1623 1694 1418
f 1418 1523 1521
f 1521 1523 1625
f 1521 1625 1624
f 1418 1521 1623
f 1623 1521 1756
f 1756 1521 1624
f 1624 1625 1371
f 1624 1371 1622
f 1624 1622 1756
f 1622 1371 1243
f 1243 1371 1098
f 1371 1625 1099
f 1099 1625 1245
f 1245 1625 1373
f 1099 1245 929
f 1099 929 790
f 1099 790 535
f 1099 535 737
f 737 535 343
f 1069 619 495
f 1100 1473 1204
f 1100 1204 881
f 1204 1473 1277
f 1277 1473 1629
f 1629 1473 1892
f 1100 881 931
f 881 1204 970
f 881 970 742
f 931 881 1010
f 1010 881 882
f 882 881 742
f 970 1204 1009
f 1009 1204 1277
f 970 1009 742
f 742 971 882
f 882 971 1205
f 882 1205 1010
f 1205 1524 1010
f 1010 1524 1171
f 1010 1171 883
f 883 1171 1279
f 1171 1524 1732
f 1171 1732 1279
f 1279 1732 1377
f 1377 1732 1733
f 1377 1733 1475
f 1733 1732 2016
f 2016 1732 2065
f 2016 2065 2217
f 2016 2217 2219
f 2217 2065 2362
f 2219 2217 2575
f 2219 2575 2363
f 2575 2217 2362
f 2575 2362 2791
f 2575 2791 3079
f 2791 2362 2512
f 2575 3079 2665
f 2665 3079 3220
f 2665 3220 2793
f 2512 2362 2298
f 2298 2362 2165
f 2298 2165 2064
f 1010 883 931
f 931 883 793
f 793 883 537
f 793 537 421
f 537 883 687
f 687 883 1012
f 1012 883 1279
f 1012 1279 1377
f 421 537 135
f 421 135 298
f 135 537 182
f 135 182 5702
f 135 5702 5701
f 5701 5702 5868
f 5868 5702 5897
f 5868 5897 5978
f 619 298 495
f 537 687 136
f 537 136 182
f 5824 5702 182
f 5824 182 5653
f 5653 182 136
f 5653 136 6010
f 136 687 346
f 346 687 622
f 6010 136 5940
f 5940 136 346
f 6010 5940 6437
f 346 622 691
f 6010 6437 6632
f 5940 346 29
f 29 346 114
f 5940 29 5898
f 5940 5898 6437
f 114 346 382
f 382 346 691
f 114 382 459
f 459 382 691
f 6437 5898 6291
f 6291 5898 6219
f 6219 5898 5900
f 6437 6291 6746
f 6746 6291 6219
f 6774 6632 6437
f 6774 6437 6746
f 7122 6916 6632
f 7122 6632 7054
f 7054 6632 6774
f 7122 7054 7330
f 6746 6219 6712
f 6712 6219 6251
f 6774 6746 7091
f 6746 6712 7092
f 6746 7092 7091
f 7054 6774 7123
f 7123 6774 7091
f 7054 7123 7564
f 7054 7564 7592
f 7592 7564 7907
f 7564 7123 7467
f 7467 7123 7091
f 7467 7091 7374
f 7374 7091 7092
f 7467 7374 7708
f 7467 7708 7564
f 7564 7708 7907
f 7907 7708 8221
f 7907 8221 7997
f 7997 8221 8242
f 8242 8221 8515
f 8242 8515 8617
f 8617 8515 8826
f 8617 8826 8865
f 8865 8826 9087
f 8099 8221 7708
f 8099 7708 7797
f 8099 7797 7824
f 7824 7797 7469
f 8099 7824 8100
f 8099 8100 8300
f 8099 8300 8557
f 8099 8557 8386
f 8386 8557 8757
f 8386 8757 8675
f 8675 8757 9007
f 8100 7824 7736
f 7736 7824 7469
f 8100 7736 8025
f 8100 8025 8303
f 7736 7469 7377
f 7736 7377 7689
f 7736 7689 8025
f 7689 7377 7426
f 8331 8202 8025
f 8331 8025 8182
f 8182 8025 7878
f 7878 8025 7689
f 7878 7689 7634
f 7634 7689 7378
f 7634 7378 7336
f 7055 7377 7469
f 7377 7055 7022
f 7055 7469 7092
f 7092 7469 7538
f 7092 7538 7333
f 7333 7538 7632
f 7333 7632 7710
f 7333 7710 7595
f 7055 7092 6712
f 7055 6712 6673
f 7055 6673 7022
f 6673 6712 6251
f 7022 6673 6634
f 7022 6634 6948
f 6673 6251 6252
f 6673 6252 6634
f 6634 6252 6223
f 6252 6251 5731
f 6252 5731 6223
f 6223 5731 5705
f 5705 5731 300
f 300 5731 459
f 300 459 623
f 459 5731 139
f 139 5731 5941
f 139 5941 5788
f 5788 5941 6050
f 6050 5941 6126
f 6050 6126 6359
f 623 459 973
f 973 459 691
f 973 691 1138
f 1138 691 690
f 1138 690 1013
f 1013 690 837
f 973 1138 1475
f 973 1475 1422
f 623 973 1072
f 1072 973 1422
f 623 1072 888
f 888 1072 974
f 1072 1422 1478
f 1072 1478 1173
f 1478 1422 1786
f 1786 1422 1762
f 1173 1478 1574
f 1574 1478 1786
f 1173 1574 1632
f 1632 1574 1764
f 1764 1574 2019
f 1574 1786 1933
f 1574 1933 2019
f 1933 1786 1971
f 1971 1786 2066
f 2019 1933 2366
f 2019 2366 2222
f 2366 1933 2327
f 2327 1933 1971
f 2327 1971 2017
f 5785 298 135
f 5785 135 5896
f 5896 135 5701
f 5896 5701 5868
f 5896 5868 5977
f 5977 5868 5978
f 5977 5978 6046
f 5977 6046 6045
f 5653 6010 5824
f 5824 6010 6009
f 5824 6009 5897
f 5824 5897 5702
f 5897 6009 6048
f 5897 6048 5978
f 5978 6048 6046
f 6046 6048 6009
f 6046 6009 6045
f 6045 6009 6010
f 6045 6010 6047
f 5977 6045 5896
f 5896 6045 6047
f 5896 6047 5785
f 5785 5784 134
f 134 5784 6042
f 134 6042 5938
f 5938 6042 6290
f 5938 6290 6247
f 6247 6290 6509
f 5784 6165 6042
f 6042 6165 6321
f 6042 6321 6397
f 134 5938 5783
f 5783 5938 5976
f 5976 5938 6087
f 5976 6087 6289
f 6087 5938 6319
f 6087 6319 6289
f 6319 5938 6247
f 6289 6319 6396
f 6319 6247 6509
f 6319 6509 6396
f 134 5783 28
f 28 5783 5976
f 28 5976 5936
f 5936 5976 6288
f 5936 6288 6357
f 5936 6357 6216
f 6216 6357 6433
f 6290 6042 6397
f 6290 6397 6509
f 6509 6397 6396
f 6396 6397 6289
f 6289 6397 6321
f 6772 7210 7373
f 7628 7373 7735
f 7735 7373 7534
f 7534 7373 7210
f 7534 7210 7330
f 7330 7210 7089
f 7089 7210 6710
f 7089 6710 6915
f 7089 6915 7120
f 7089 7120 7211
f 7211 7120 7422
f 7422 7120 7053
f 7053 7120 6773
f 6915 6710 6773
f 6915 6773 7120
f 6773 6710 6399
f 6773 6399 6916
f 6916 6399 6632
f 7053 6773 7121
f 7053 7121 7422
f 7121 6773 6916
f 7422 7121 7248
f 7248 7121 6916
f 7422 7248 7211
f 7211 7248 7122
f 7211 7122 7089
f 7248 6916 7122
f 7089 7122 7330
f 7534 7330 7658
f 7330 7054 7592
f 7330 7592 7792
f 7658 7330 7792
f 7658 7792 8055
f 7822 7658 8051
f 8051 7658 7967
f 7822 8051 8153
f 7822 8153 8052
f 8153 8051 8239
f 8153 8239 8293
f 8293 8239 8420
f 7967 7658 8055
f 7967 8055 8220
f 7967 8220 8200
f 8200 8220 8420
f 8239 8051 7967
f 8239 7967 8200
f 8239 8200 8420
f 8420 8220 8294
f 8294 8220 8055
f 8294 8055 8175
f 8175 8055 7792
f 8420 8294 8293
f 8293 8294 8175
f 8293 8175 8153
f 8153 8175 8052
f 8052 8175 8096
f 8175 7792 8023
f 8023 7792 7592
f 8023 7592 7997
f 8023 7997 8176
f 8023 8176 8240
f 8023 8240 8096
f 8240 8176 8421
f 8240 8421 8555
f 8240 8555 8669
f 8096 8175 8023
f 8095 8240 8385
f 8176 7997 8242
f 8176 8242 8421
f 8421 8242 8617
f 8421 8617 8671
f 8671 8617 8939
f 8939 8617 8865
f 8939 8865 9087
f 7907 7997 7592
f 5898 29 5900
f 5900 29 114
f 6219 5900 6220
f 6220 5900 6125
f 6220 6125 6249
f 6249 6125 6359
f 6219 6220 6251
f 6251 6220 6250
f 6250 6220 6249
f 6250 6249 6292
f 6292 6249 6359
f 622 687 690
f 622 690 691
f 5788 5900 114
f 5900 5788 6125
f 5788 114 139
f 139 114 459
f 6125 5788 6050
f 6125 6050 6359
f 6359 6126 6292
f 6292 6126 6250
f 6250 6126 5941
f 6250 5941 6251
f 6251 5941 5731
f 6223 5705 6167
f 6223 6167 6551
f 6223 6551 6634
f 6167 5705 5732
f 5732 5705 300
f 5732 300 185
f 6167 5732 5944
f 5944 5732 5733
f 5733 5732 185
f 6167 5944 6169
f 6167 6169 6362
f 6167 6362 6551
f 6551 6362 6442
f 6169 5944 6011
f 6169 6011 6170
f 6170 6011 6130
f 6169 6170 6362
f 6170 6130 6293
f 6170 6293 6362
f 5944 5733 6011
f 6011 5733 5979
f 6011 5979 6130
f 6362 6293 6442
f 6442 6293 6327
f 6327 6293 6130
f 6327 6130 6129
f 6129 6130 5979
f 6327 6129 6091
f 6091 6129 5979
f 6091 5979 5733
f 6091 5733 6089
f 6442 6091 6511
f 6511 6091 6089
f 6089 5733 5707
f 5707 5733 185
f 6089 5707 6012
f 6012 5707 5734
f 5734 5707 226
f 226 5707 185
f 6089 6012 6405
f 226 185 694
f 6512 6511 6089
f 6512 6089 6405
f 6511 6512 6748
f 6748 6512 6588
f 6588 6512 6405
f 6588 6405 6950
f 6588 6950 6749
f 6749 6950 6951
f 6950 6405 6949
f 6949 6405 6592
f 6951 6950 7303
f 6951 7303 7152
f 6950 6949 7304
f 6950 7304 7303
f 6949 6592 6921
f 7303 7304 7692
f 7692 7304 7539
f 7539 7304 7337
f 7337 7304 6949
f 7337 6949 6921
f 6921 6592 6518
f 7637 7337 7800
f 7800 7337 7694
f 7337 6921 7305
f 7337 7305 7694
f 7305 6921 6920
f 6920 6921 6518
f 7694 7305 7597
f 7305 6920 7214
f 7305 7214 7597
f 7214 6920 6919
f 6919 6920 6516
f 6516 6920 6518
f 6919 6516 6517
f 6517 6516 6131
f 6517 6131 6132
f 6516 6518 6133
f 6516 6133 6131
f 6444 6172 6518
f 6518 6172 6133
f 6133 6172 5980
f 5980 6172 6294
f 6132 6131 5789
f 6131 6133 5790
f 6131 5790 5789
f 5790 6133 5656
f 5656 6133 5827
f 5790 5656 187
f 5790 187 5789
f 6132 5789 5828
f 5789 187 186
f 5789 186 5828
f 186 187 580
f 5828 186 228
f 580 187 461
f 461 187 188
f 461 188 425
f 425 188 261
f 186 580 628
f 186 628 228
f 628 580 1016
f 1016 580 1014
f 1014 580 748
f 628 1016 935
f 628 935 627
f 628 627 228
f 228 627 389
f 228 389 116
f 228 116 5829
f 228 5829 5828
f 5828 5829 6224
f 6224 5829 6173
f 389 627 695
f 389 695 303
f 695 627 976
f 976 627 935
f 303 695 749
f 976 935 1285
f 1285 935 1142
f 1285 1142 1332
f 976 1285 1250
f 749 695 1015
f 1015 695 976
f 1015 976 1250
f 749 1015 1111
f 1015 1250 1282
f 1111 1015 1481
f 1481 1015 1282
f 1111 1481 1209
f 1111 1209 1113
f 1209 1481 1484
f 1481 1282 1531
f 1481 1531 1831
f 1831 1531 1864
f 1864 1531 1575
f 1575 1531 1282
f 1575 1282 1250
f 1575 1250 1671
f 1575 1671 1738
f 1575 1738 1766
f 1866 1898 1738
f 1898 1866 2262
f 2262 1866 1867
f 1635 1867 1671
f 2262 1867 2264
f 2262 2264 2622
f 1867 1635 1865
f 2264 1867 2263
f 2263 1867 1865
f 1865 1635 1424
f 1424 1635 1284
f 1424 1284 1016
f 1424 1016 1014
f 2623 2622 2264
f 2623 2264 2263
f 2622 2623 3150
f 2622 3150 3081
f 3150 2623 2669
f 3150 2669 3084
f 2623 2263 2300
f 2300 2263 1865
f 2300 1865 1832
f 1832 1865 1424
f 2300 1832 2224
f 1832 1424 1670
f 2224 1832 1789
f 1789 1832 1670
f 1789 1670 1530
f 2224 1789 2131
f 1789 1530 1788
f 1789 1788 2131
f 2131 1788 2132
f 2132 1788 1936
f 2132 1936 2170
f 1936 1788 1829
f 1936 1829 2170
f 1426 1424 1014
f 1426 1014 1141
f 1426 1141 1429
f 747 933 1014
f 747 1014 748
f 747 748 542
f 933 747 694
f 694 747 227
f 1173 1174 694
f 1174 1173 1632
f 1173 694 626
f 1173 626 974
f 626 694 185
f 974 626 579
f 579 626 185
f 974 579 693
f 579 185 259
f 693 579 498
f 498 579 259
f 693 498 388
f 498 259 302
f 6327 6091 6442
f 6442 6511 6551
f 6551 6511 6713
f 6551 6713 6981
f 6981 6713 6982
f 6551 6981 6747
f 6981 6982 7336
f 7336 6982 7151
f 6747 6981 7093
f 6747 7093 6948
f 7336 7151 7303
f 6981 7336 7378
f 6981 7378 7093
f 6948 7093 7148
f 7148 7093 7252
f 7148 7252 7470
f 7093 7378 7426
f 7093 7426 7428
f 7426 7378 7689
f 7691 7336 7303
f 7691 7303 7692
f 7691 7692 7880
f 7691 7880 8029
f 8029 7880 8028
f 8028 7880 8000
f 7691 8029 7879
f 7691 7879 7662
f 7739 7336 7662
f 7739 7662 7879
f 7336 7739 7568
f 7568 7739 7738
f 7738 7739 7848
f 7738 7848 8001
f 8058 7879 8029
f 7879 8058 7878
f 7878 8058 8182
f 8182 8058 8358
f 8182 8358 8448
f 8182 8448 8331
f 8331 8448 8561
f 8331 8561 8520
f 8520 8561 8647
f 8520 8647 8759
f 8358 8058 8359
f 8359 8058 8029
f 8358 8359 8648
f 8648 8359 8718
f 8648 8718 9058
f 8648 9058 9010
f 9010 9058 9343
f 9010 9343 9301
f 9301 9343 9640
f 8718 8359 8717
f 8360 8359 8029
f 8359 8360 8717
f 8360 8029 8334
f 8334 8029 8028
f 8717 8360 8716
f 8716 8360 8334
f 8717 8716 9009
f 8717 9009 8975
f 8975 9009 9156
f 8716 8334 8791
f 8334 8028 8333
f 8334 8333 8791
f 8333 8028 8000
f 8716 8791 9011
f 9011 8791 9093
f 9011 9093 9345
f 9011 9345 9303
f 9303 9345 9641
f 8791 8333 8832
f 8333 8000 8332
f 8333 8332 8832
f 8332 8000 7999
f 7999 8000 7694
f 8832 8332 8563
f 8791 8832 9160
f 8791 9160 9189
f 9189 9160 9558
f 9160 8832 9158
f 9158 8832 8870
f 8870 8832 8563
f 8563 8332 8304
f 8304 8332 7999
f 8563 8304 8562
f 7973 7999 7694
f 7999 7973 8304
f 7973 7694 7597
f 8562 8304 8305
f 8305 8304 7973
f 7973 7597 7947
f 7973 7947 8305
f 7947 7597 7636
f 7636 7597 7217
f 7947 7636 7948
f 7947 7948 8305
f 7217 7597 7214
f 8790 8562 8305
f 8562 8790 8829
f 9155 9091 8829
f 9155 8829 8790
f 9155 8790 9216
f 7217 7214 6954
f 6954 7214 6923
f 6954 6923 6675
f 6954 6675 6554
f 9216 8790 9124
f 9216 9124 9493
f 9797 9763 9493
f 9797 9493 9491
f 9491 9493 9124
f 9491 9124 9123
f 9124 8790 8760
f 8760 8790 8305
f 9123 9124 8715
f 8715 9124 8760
f 9123 8715 9154
f 8760 8305 8270
f 8760 8270 8715
f 8270 8305 7948
f 8715 8270 8271
f 8271 8270 7948
f 8271 7948 8027
f 8027 7948 7911
f 8027 7911 7798
f 8271 8027 8269
f 8271 8269 8486
f 8486 8269 8518
f 8518 8269 8268
f 8518 8268 8559
f 8559 8268 8267
f 8268 8269 8026
f 8026 8269 8027
f 8267 8268 8057
f 8057 8268 8026
f 8267 8057 8056
f 8026 8027 7826
f 8026 7826 8057
f 7826 8027 7798
f 8056 8057 7846
f 7846 8057 7826
f 7826 7798 7567
f 7826 7567 7846
f 7567 7798 7598
f 7846 7567 7635
f 7846 7635 7946
f 7567 7598 7254
f 7567 7254 7635
f 7254 7598 7215
f 7215 7598 7429
f 7215 7429 7216
f 7216 7429 7430
f 7216 7430 7217
f 7217 7430 7693
f 7216 7217 6952
f 7216 6952 7215
f 7254 7215 6997
f 6954 6554 6952
f 6952 6554 6519
f 6952 6519 6953
f 6637 6984 6953
f 6637 6953 6515
f 6515 6953 6519
f 6519 6554 6173
f 6515 6519 6092
f 6092 6519 6173
f 6173 6554 6295
f 6295 6554 6556
f 6295 6556 6407
f 6515 6092 6054
f 6054 6092 34
f 34 6092 6173
f 6515 6054 6090
f 6515 6090 6589
f 6407 6556 6520
f 6407 6520 6366
f 6520 6556 6593
f 6366 6520 6483
f 6520 6593 6676
f 6520 6676 6483
f 6589 6090 6513
f 6513 6090 6171
f 6513 6171 6514
f 6514 6171 6328
f 6589 6513 6997
f 6997 6513 6674
f 6997 6674 6996
f 6997 6996 7301
f 6997 7301 7254
f 6996 6674 7058
f 7058 6674 6552
f 7058 6552 6918
f 7254 7301 7635
f 7301 6996 7379
f 7301 7379 7635
f 7379 6996 7058
f 7058 6918 7057
f 7635 7379 7633
f 7379 7058 7302
f 7058 7057 7150
f 7058 7150 7302
f 7150 7057 7213
f 7150 7213 7302
f 7635 7633 7767
f 7635 7767 7946
f 7946 7767 7998
f 7767 7633 7909
f 8083 7998 7909
f 7909 7633 7825
f 7909 7825 8083
f 6713 6511 6748
f 6713 6748 6982
f 6551 6747 6634
f 6634 6747 6948
f 7022 6948 7148
f 7022 7148 7250
f 7250 7148 7470
f 7022 7250 7377
f 7377 7250 7427
f 7427 7250 7470
f 7470 7252 7428
f 7428 7252 7093
f 7470 7428 7427
f 7427 7428 7426
f 7427 7426 7377
f 7469 7797 7538
f 7538 7797 7632
f 7632 7797 7795
f 7632 7795 7710
f 7710 7795 7794
f 7710 7794 7796
f 7092 7333 7374
f 7374 7333 7500
f 7500 7333 7660
f 7660 7333 7595
f 7660 7595 7796
f 7374 7500 7708
f 7708 7500 7709
f 7709 7500 7660
f 7709 7660 7765
f 7765 7660 7796
f 7797 7708 7709
f 7797 7709 7795
f 7795 7709 7765
f 7795 7765 7794
f 7794 7765 7796
f 7710 7796 7595
f 8221 8099 8297
f 8221 8297 8481
f 8221 8481 8673
f 8481 8297 8827
f 8827 8297 8645
f 8645 8297 8516
f 8645 8516 8517
f 8645 8517 8828
f 8221 8673 8515
f 8826 8515 8673
f 8826 8673 8913
f 8826 8913 9087
f 8939 9087 8972
f 8972 9087 8913
f 8972 8913 8825
f 8825 8913 8673
f 8939 8972 8671
f 8671 8972 8825
f 8671 8825 8421
f 8421 8825 8672
f 8421 8672 8616
f 8825 8673 8672
f 8672 8673 8643
f 8643 8673 8481
f 8616 8672 8643
f 8421 8616 8555
f 8555 8616 8864
f 8555 8864 8669
f 8669 8864 8968
f 8669 8968 9054
f 8669 9054 8910
f 8864 8616 8753
f 8753 8616 8643
f 8753 8643 9032
f 8864 8753 9241
f 9241 8753 9209
f 8240 8669 8385
f 9032 8643 8481
f 9032 8481 8827
f 9032 8827 9442
f 9032 9442 9209
f 9032 9209 8753
f 9209 9442 9704
f 9209 9704 9488
f 9488 9704 9947
f 9488 9947 9859
f 9859 9947 10136
f 9859 10136 10108
f 10108 10136 10332
f 9186 9442 8827
f 9186 8827 9006
f 9006 8827 8645
f 9186 9006 9298
f 9006 8645 8828
f 9298 9006 9445
f 9298 9445 9761
f 9445 9006 9214
f 9214 9006 8828
f 9298 9761 9677
f 9677 9761 10013
f 9677 10013 9975
f 9975 10013 10253
f 9214 8828 8973
f 8973 8828 8618
f 8618 8828 8517
f 8618 8517 8330
f 8618 8330 8303
f 8618 8303 8485
f 8973 8618 8676
f 8973 8676 9035
f 9035 8676 8830
f 8830 8676 8648
f 8830 8648 9010
f 8648 8676 8358
f 8358 8676 8519
f 9209 9488 9241
f 9241 9488 9553
f 9553 9488 9857
f 9857 9488 9859
f 9857 9859 10108
f 9857 10108 10106
f 10106 10108 10332
f 9704 9442 9592
f 9592 9442 9186
f 9704 9592 9705
f 9704 9705 9758
f 9704 9758 10006
f 9704 10006 9947
f 8968 8864 9241
f 8968 9003 9054
f 8669 8910 8711
f 8669 8711 8385
f 8711 8910 9120
f 8711 9120 9053
f 9053 9120 9336
f 8910 9054 9120
f 9120 9054 9207
f 9120 9207 9336
f 8385 8711 8445
f 8445 8711 8786
f 8786 8711 9084
f 9207 9054 9185
f 9185 9054 8908
f 9207 9185 9336
f 9053 9336 9084
f 9053 9084 8711
f 9084 9336 9185
f 9084 9185 8786
f 8786 9185 8908
f 8786 8908 8445
f 8908 9054 9003
f 8445 8908 8938
f 8445 8938 8478
f 8709 8938 9083
f 8513 8709 8613
f 8418 8642 8611
f 8611 8642 8822
f 8611 8822 8784
f 8784 8822 8966
f 9204 8937 9335
f 9335 8937 9234
f 9335 9234 9584
f 8417 8151 8443
f 8417 8443 8667
f 8417 8667 8708
f 8708 8667 8966
f 8417 8708 8642
f 8642 8708 8822
f 8822 8708 8966
f 6213 6392 6122
f 6122 6392 6286
f 6122 6286 6210
f 6122 6210 6085
f 6085 6210 6006
f 6006 6210 6119
f 6006 6119 5932
f 5932 6119 6037
f 5932 6037 5974
f 7146 7373 7628
f 7146 7628 7497
f 7628 7735 7821
f 7146 7497 7591
f 7591 7497 7790
f 7591 7790 7842
f 7842 7790 8124
f 7842 8124 7943
f 7842 7943 7761
f 7497 7628 7790
f 7790 7628 7875
f 7790 7875 8124
f 7628 7821 7966
f 7628 7966 7875
f 7875 7966 8124
f 8124 7966 7943
f 7943 7966 7761
f 7761 7966 7821
f 7591 7842 7761
f 7874 7761 7821
f 5932 5974 5934
f 5932 5934 5815
f 5816 5815 5694
f 5694 5815 24
f 66 24 106
f 66 106 108
f 108 106 132
f 108 132 223
f 108 223 177
f 108 177 26
f 177 223 340
f 26 177 293
f 293 177 340
f 26 293 110
f 293 340 488
f 293 488 110
f 488 340 534
f 110 488 178
f 178 488 576
f 576 488 787
f 787 488 786
f 488 534 786
f 576 787 880
f 576 880 685
f 787 786 966
f 966 786 964
f 966 964 1061
f 966 1061 1062
f 966 1062 1063
f 966 1063 787
f 787 1063 880
f 1063 1062 1136
f 880 1063 1007
f 1063 1136 1165
f 1063 1165 1007
f 1165 1136 1200
f 1007 1165 1242
f 1242 1165 1275
f 1275 1165 1274
f 1165 1200 1274
f 1242 1275 1520
f 1242 1520 1370
f 1242 1370 1007
f 1370 1520 1567
f 1567 1520 1819
f 1819 1520 1727
f 1007 1370 1167
f 1007 1167 1006
f 1007 1006 1065
f 1006 1167 1168
f 1168 1167 1370
f 1168 1370 1326
f 1326 1370 1622
f 1622 1370 1567
f 1006 1168 1065
f 1065 1168 1243
f 1243 1168 1326
f 1243 1326 1622
f 1098 1065 1243
f 1098 1371 1099
f 1622 1567 1519
f 1519 1567 1693
f 1693 1567 1819
f 1519 1693 1726
f 1726 1693 1819
f 1519 1726 1622
f 1622 1726 1756
f 1756 1726 1857
f 1857 1726 1819
f 1756 1857 2118
f 2118 1857 1819
f 2118 1819 1963
f 1819 1727 1963
f 1963 1727 1820
f 1963 1820 1888
f 1963 1888 2161
f 1963 2161 2118
f 2118 2161 2117
f 2117 2161 2292
f 2292 2161 2319
f 2118 2117 2317
f 3078 3014 3479
f 3479 3014 3772
f 3348 3477 3217
f 3217 3477 3282
f 3217 3282 3011
f 3282 3681 3435
f 3282 3435 3011
f 3348 3217 3387
f 3387 3217 3011
f 3348 3387 3566
f 3387 3011 3435
f 735 737 343
f 1099 737 735
f 1099 735 1098
f 1098 735 789
f 789 735 578
f 578 735 343
f 578 343 492
f 578 492 789
f 789 492 616
f 492 343 535
f 492 535 790
f 492 790 616
f 6039 27 5895
f 6039 5895 6287
f 6287 5895 6163
f 6287 6163 6433
f 6318 6039 6356
f 6318 6356 6288
f 6288 6356 6357
f 6357 6356 6433
f 6039 6287 6356
f 6356 6287 6433
f 5895 6216 6163
f 6163 6216 6433
f 5042 5016 4993
f 4993 5016 4940
f 4940 5016 4994
f 4940 4994 4841
f 4841 4994 4975
f 4841 4975 4870
f 5042 4993 4992
f 4992 4993 4972
f 4972 4993 4940
f 4972 4940 4868
f 4972 4868 4909
f 4868 4940 4841
f 5042 4992 5043
f 5043 4992 4972
f 5043 4972 5044
f 5044 4972 4909
f 5044 4909 5046
f 4909 4868 4760
f 4909 4760 4738
f 4738 4760 4697
f 4909 4738 4807
f 4909 4807 4843
f 4843 4807 4664
f 4664 4807 4738
f 4664 4738 4639
f 4639 4738 4659
f 4659 4738 4697
f 4639 4659 4570
f 4659 4697 4538
f 4538 4697 4568
f 4538 4568 4410
f 4760 4868 4841
f 4760 4841 4700
f 4700 4841 4763
f 4700 4763 4666
f 4666 4763 4846
f 4760 4700 4634
f 4760 4634 4697
f 4697 4634 4568
f 4568 4634 4539
f 4568 4539 4410
f 4870 4975 4911
f 4841 4870 4763
f 4763 4870 4846
f 4457 4161 4354
f 4646 4584 4388
f 4388 4584 4354
f 4388 4354 4130
f 4388 4130 4162
f 4162 4130 3845
f 4162 3845 4160
f 4160 3845 3844
f 3845 4130 3846
f 3846 4130 3777
f 3846 3777 3491
f 3846 3491 3528
f 3846 3528 3845
f 3844 3845 3527
f 3527 3845 3528
f 3844 3527 3490
f 3527 3528 3150
f 3527 3150 3291
f 4423 4388 4162
f 4646 4422 4674
f 4160 3844 4128
f 4128 3844 3812
f 4128 3812 3958
f 3812 3844 3490
f 3958 3812 3735
f 3958 3735 3809
f 3812 3490 3442
f 3812 3442 3735
f 3442 3490 2939
f 2939 3490 3291
f 2939 3291 2865
f 2939 2865 2522
f 2939 2522 2411
f 2411 2522 2300
f 2939 2411 2862
f 2939 2862 3442
f 2862 2411 2366
f 2862 2366 2793
f 3442 2862 3352
f 3488 3735 3442
f 3735 3488 3616
f 3735 3616 3809
f 3809 3616 3486
f 3616 3488 3487
f 3616 3487 3439
f 3490 3527 3291
f 3528 3491 3081
f 3528 3081 3150
f 3081 3491 2938
f 2938 3491 3353
f 3353 3491 3777
f 3081 2938 2517
f 3081 2517 2622
f 2622 2517 2262
f 1898 2262 2133
f 2133 2262 2226
f 2226 2262 2517
f 2226 2517 2516
f 2516 2517 2938
f 2226 2516 2225
f 2516 2938 2863
f 2863 2938 3353
f 2516 2863 2518
f 2863 3353 3289
f 3289 3353 3618
f 3618 3353 3777
f 3289 3618 3571
f 3618 3777 3811
f 3618 3811 3571
f 3811 3777 3961
f 3571 3811 3776
f 3811 3961 4002
f 3811 4002 3776
f 2863 3289 3080
f 3080 3289 3489
f 2863 3080 2518
f 3736 3571 3776
f 4352 4124 4244
f 3619 3489 3658
f 3489 3619 3354
f 3619 3658 3737
f 3354 3619 3693
f 3693 3619 3737
f 3354 3693 3529
f 3693 3737 3778
f 3529 3693 3779
f 3779 3693 3778
f 3489 3354 3080
f 3080 3354 2866
f 2866 3354 3355
f 3355 3354 3529
f 3355 3529 3621
f 3737 3658 3395
f 3737 3395 3572
f 3529 3779 3659
f 3779 3778 3780
f 3780 3778 3694
f 3779 3780 3659
f 3529 3659 3621
f 3621 3659 3780
f 3621 3780 3620
f 3621 3620 3355
f 3355 3620 3396
f 3355 3396 2866
f 2866 3396 2941
f 3780 3694 3620
f 3620 3694 3572
f 3620 3572 3396
f 3396 3572 2941
f 2941 3572 3395
f 3694 3778 3737
f 3572 3694 3737
f 2225 1831 1864
f 2225 1864 2226
f 2299 2466 2576
f 2576 2466 2668
f 2576 2668 2944
f 2299 2576 2519
f 2519 2576 2726
f 2726 2576 2868
f 2726 2868 3021
f 3021 2868 3227
f 2668 2466 2942
f 2942 2466 3019
f 2668 2942 3083
f 2668 3083 2944
f 2944 3083 3151
f 2944 3151 3227
f 2942 3019 3221
f 2942 3221 3083
f 3083 3221 3223
f 3083 3223 3292
f 3083 3292 3151
f 3151 3292 3227
f 2576 2944 2868
f 2868 2944 3227
f 3021 3227 3225
f 3021 3225 3082
f 3021 3082 2726
f 2726 3082 2940
f 2726 2940 2519
f 2326 2795 2725
f 2326 2725 2364
f 2364 2725 2666
f 2364 2666 2465
f 2465 2666 2620
f 2620 2666 3018
f 2620 3018 2794
f 3149 3290 3017
f 3018 3149 3017
f 3018 3017 2792
f 3018 2792 2794
f 2465 2620 2621
f 2621 2620 2794
f 2621 2794 2724
f 2724 2794 2792
f 2621 2724 2515
f 2621 2515 2465
f 2465 2515 2464
f 2465 2464 2364
f 2364 2464 2408
f 2364 2408 2326
f 2515 2724 2792
f 2515 2792 2464
f 2464 2792 3017
f 2464 3017 2408
f 2408 3017 2324
f 2324 3017 2723
f 2408 2324 1931
f 1931 2324 1894
f 1894 2324 2218
f 1894 2218 2015
f 2218 2324 2514
f 2218 2514 2015
f 2365 2221 2328
f 2328 2221 2223
f 2223 2221 2126
f 2223 2126 2127
f 2015 2514 2323
f 2015 2323 2123
f 2015 2123 1929
f 1929 2123 1825
f 1825 2123 1930
f 1825 1930 1761
f 1894 2015 1699
f 1894 1699 1931
f 1699 2015 1698
f 1699 1698 1328
f 1328 1698 1278
f 1278 1698 1474
f 1278 1474 1172
f 1278 1172 1103
f 1103 1172 884
f 1474 1698 1731
f 1731 1698 2014
f 1731 2014 1891
f 2513 2937 2322
f 2513 2322 2259
f 2259 2322 2122
f 2259 2122 1893
f 2015 1929 2014
f 2014 1929 1928
f 1928 1929 1825
f 1928 1825 1824
f 1824 1825 1761
f 2015 2014 1698
f 2014 1928 2322
f 2322 1928 2122
f 2122 1928 1824
f 2122 1824 1893
f 1761 1970 1893
f 1761 1893 1824
f 1893 1970 2259
f 1891 2014 2322
f 1891 2322 2215
f 1891 2215 1823
f 1891 1823 1668
f 1731 1891 1697
f 1731 1697 1474
f 1474 1697 1375
f 1474 1375 1172
f 1172 1375 1102
f 1172 1102 884
f 1697 1891 1668
f 1697 1668 1375
f 1375 1668 1246
f 1246 1668 1374
f 1246 1374 1008
f 884 1102 1011
f 1011 1102 1375
f 1011 1375 1101
f 1103 884 972
f 1103 972 1278
f 1278 972 1070
f 1278 1070 1104
f 972 884 1011
f 972 1011 1101
f 972 1101 1070
f 1070 1101 1104
f 1328 1278 1104
f 1328 1104 1376
f 1328 1376 1699
f 1104 1101 744
f 744 1101 743
f 743 1101 930
f 930 1101 1375
f 930 1375 1246
f 930 1246 1008
f 1104 744 1105
f 1104 1105 1376
f 1376 1105 1106
f 1105 744 745
f 745 744 423
f 423 744 422
f 423 422 184
f 1699 1376 1378
f 1699 1378 1700
f 1699 1700 1931
f 1378 1376 1106
f 1378 1106 1107
f 838 1108 1107
f 838 1107 795
f 795 1107 1106
f 795 1106 887
f 887 1106 1105
f 795 887 538
f 795 538 381
f 795 381 347
f 381 538 258
f 887 1105 745
f 887 745 538
f 538 745 458
f 458 745 423
f 538 458 258
f 458 423 225
f 458 225 258
f 258 225 30
f 30 225 5654
f 30 5654 5899
f 225 423 184
f 225 184 70
f 225 70 5654
f 5654 70 5729
f 5654 5729 5899
f 422 744 743
f 422 743 299
f 299 743 497
f 743 930 497
f 422 299 183
f 422 183 184
f 184 183 5786
f 184 5786 5825
f 184 5825 31
f 5825 5786 6124
f 6124 5786 6049
f 6124 6049 6402
f 6402 6049 6322
f 6402 6322 6583
f 183 299 5700
f 183 5700 6008
f 6008 5700 5652
f 6008 5652 6044
f 6008 6044 6400
f 6044 5652 5698
f 5698 5652 345
f 6044 5698 6043
f 6043 5698 5651
f 6043 5651 6041
f 6041 5651 5937
f 6043 6041 6358
f 6043 6358 6320
f 5700 299 69
f 5700 69 5823
f 5823 69 5728
f 5823 5728 5939
f 69 299 497
f 69 497 181
f 69 181 5728
f 5728 181 5699
f 5728 5699 5939
f 792 497 930
f 497 792 345
f 497 345 181
f 181 345 113
f 181 113 5699
f 5699 113 5727
f 5699 5727 5939
f 792 930 1008
f 1008 1137 741
f 1008 741 792
f 1626 1668 1760
f 1626 1760 1924
f 5939 5727 5822
f 5822 5727 113
f 5822 113 5652
f 5652 113 345
f 5939 5822 5823
f 5823 5822 5652
f 5823 5652 5700
f 183 6008 5786
f 5786 6008 6049
f 6049 6008 6217
f 6049 6217 6401
f 6049 6401 6322
f 6322 6401 6583
f 6217 6008 6400
f 6217 6400 6510
f 6217 6510 6401
f 6400 6044 6398
f 6398 6044 6043
f 6398 6043 6320
f 6398 6320 6477
f 6398 6477 6744
f 6477 6320 6358
f 6477 6358 6672
f 6672 6358 6395
f 6477 6672 6849
f 6477 6849 6742
f 6976 6744 6742
f 6742 6849 6947
f 6742 6947 6976
f 6947 6849 6993
f 6976 6947 7088
f 7088 6947 6993
f 6358 6041 6246
f 6041 5937 6246
f 297 345 740
f 740 345 792
f 297 740 739
f 297 739 296
f 739 740 969
f 296 739 686
f 296 686 295
f 739 969 1170
f 1170 969 1276
f 739 1170 1067
f 739 1067 686
f 686 1067 493
f 740 792 618
f 740 618 617
f 617 618 420
f 617 420 419
f 419 420 257
f 618 792 741
f 740 617 969
f 969 617 791
f 791 617 419
f 618 741 420
f 420 741 496
f 420 496 257
f 496 741 836
f 496 836 536
f 496 536 257
f 836 741 1137
f 836 1137 1068
f 1068 1137 1276
f 1068 1276 969
f 1068 969 791
f 836 1068 791
f 836 791 536
f 536 791 494
f 536 494 257
f 257 494 419
f 419 494 791
f 1066 1169 928
f 1066 928 615
f 1066 615 788
f 788 615 456
f 456 615 380
f 456 380 180
f 1067 738 493
f 493 738 418
f 493 418 344
f 344 418 180
f 380 615 294
f 380 294 180
f 180 294 344
f 344 294 493
f 294 615 417
f 294 417 493
f 5697 6040 5937
f 5937 6040 6164
f 6164 6040 6245
f 6164 6245 6393
f 6245 6040 6394
f 6245 6394 6507
f 6245 6507 6434
f 5937 6164 6246
f 6246 6164 6435
f 6435 6164 6393
f 6435 6393 6631
f 6631 6393 6434
f 6434 6393 6245
f 6434 6507 6631
f 6435 6631 6508
f 6435 6508 6246
f 6246 6508 6395
f 6246 6395 6358
f 6508 6631 6507
f 6508 6507 6394
f 6508 6394 6395
f 6395 6394 6709
f 6709 6394 6741
f 6395 6709 6672
f 6672 6709 6946
f 6709 6741 6974
f 6709 6974 6946
f 6977 7182 7563
f 6977 7563 7329
f 6977 7329 6806
f 7329 7563 7688
f 6806 7329 7019
f 6806 7019 6978
f 6806 6978 6745
f 7688 7563 7791
f 7688 7791 7945
f 7945 7791 7994
f 7945 7994 8174
f 6975 6672 6946
f 6672 6975 6849
f 6849 6975 7018
f 6849 7018 6993
f 6946 6977 6994
f 6946 6994 6975
f 6975 6994 7052
f 6975 7052 7018
f 7018 7052 7088
f 6994 6977 6806
f 6994 6806 6891
f 7018 7088 6993
f 7052 6994 6891
f 7052 6891 6976
f 7052 6976 7088
f 6976 6891 6744
f 6744 6891 6398
f 6398 6891 6806
f 6742 6744 6477
f 6711 6745 6917
f 6711 6917 6584
f 6584 6917 6807
f 6807 6917 7212
f 6807 7212 7020
f 7020 7212 7249
f 7249 7212 7423
f 7249 7423 7565
f 6584 6807 6892
f 6584 6892 6585
f 6585 6892 6547
f 6892 6807 7090
f 7090 6807 7020
f 7090 7020 7249
f 7090 7249 7332
f 7332 7249 7499
f 7499 7249 7466
f 7499 7466 7594
f 6808 6547 6892
f 6547 6808 6586
f 6808 6892 7021
f 6808 7021 7147
f 6808 7147 6995
f 7147 7021 7376
f 7376 7021 7299
f 7376 7299 7596
f 6400 6436 6546
f 6400 6546 6510
f 6436 5825 6124
f 6436 6124 6546
f 6546 6124 6402
f 6546 6402 6583
f 6546 6583 6510
f 6510 6583 6401
f 32 184 31
f 184 32 70
f 70 32 5787
f 70 5787 5729
f 5729 5787 5899
f 5899 5787 5703
f 5899 5703 30
f 30 5703 137
f 30 137 258
f 258 137 381
f 137 5703 32
f 137 32 381
f 32 5703 5787
f 381 32 31
f 138 5869 5730
f 5730 5869 6222
f 138 5730 140
f 138 140 347
f 5730 6222 6051
f 6051 6222 6439
f 6051 6439 6323
f 6323 6439 6633
f 795 347 348
f 795 348 838
f 347 140 71
f 347 71 348
f 71 140 5826
f 5826 140 5730
f 5826 5730 6127
f 6127 5730 6051
f 6127 6051 6403
f 6403 6051 6323
f 6403 6323 6633
f 5704 348 71
f 348 5704 301
f 5704 71 5942
f 5704 5942 6052
f 301 5704 5706
f 5706 5704 6088
f 6088 5704 5943
f 6088 5943 6168
f 6168 5943 6254
f 6254 5943 6128
f 6254 6128 6326
f 6222 5869 6221
f 6222 6221 6478
f 6222 6478 6548
f 6222 6548 6439
f 71 5826 5942
f 5942 5826 6324
f 6324 5826 6127
f 6324 6127 6479
f 6479 6127 6549
f 6549 6127 6403
f 6633 6439 6548
f 6633 6548 6549
f 6549 6548 6478
f 6549 6478 6479
f 6479 6478 6438
f 6479 6438 6440
f 6479 6440 6324
f 6633 6549 6403
f 6438 6478 6221
f 5942 6325 6052
f 6052 6325 6360
f 6586 6808 6995
f 6586 6995 6979
f 7334 6995 7147
f 7334 7147 7425
f 7425 7147 7537
f 7537 7147 7376
f 7537 7376 7596
f 7334 7425 7424
f 7424 7425 7537
f 7299 7021 7375
f 7299 7375 7596
f 7375 7021 7124
f 7124 7021 6892
f 7537 7596 7501
f 7501 7596 7375
f 7537 7501 7424
f 7501 7375 7124
f 7501 7124 7424
f 7424 7468 7764
f 7764 7468 7793
f 7764 7793 7969
f 7969 7793 8081
f 8081 7793 7968
f 7969 8081 8098
f 8098 8081 8179
f 8098 8179 8244
f 8098 8244 8201
f 8201 8244 8329
f 7424 7764 7845
f 7424 7845 7334
f 7498 7090 7566
f 7566 7090 7332
f 7566 7332 7631
f 7631 7332 7499
f 7631 7499 7594
f 7764 7969 7845
f 7845 7969 8024
f 8024 7969 8154
f 8154 7969 8098
f 8154 8098 8222
f 8222 8098 8201
f 8222 8201 8329
f 7498 7566 7536
f 7536 7566 7593
f 7593 7566 7631
f 7593 7631 7630
f 7536 7593 7212
f 7212 7593 7423
f 7423 7593 7565
f 7565 7593 7630
f 7565 7630 7594
f 7630 7631 7594
f 7249 7565 7466
f 7466 7565 7594
f 7763 7659 7535
f 7763 7535 7762
f 7763 7762 7906
f 7763 7906 7843
f 7843 7906 7823
f 7823 7906 7905
f 7905 7906 8054
f 7905 8054 8053
f 8053 8054 8174
f 7823 7905 7563
f 7563 7905 7791
f 7791 7905 8053
f 7791 8053 7994
f 7994 8053 8174
f 8328 8615 8514
f 8514 8615 8970
f 8514 8970 8912
f 8912 8970 9208
f 9208 8970 9242
f 8970 8615 8971
f 8970 8971 9086
f 8970 9086 9242
f 9242 9086 9294
f 9242 9294 9524
f 7876 8097 7968
f 7968 8097 8178
f 7968 8178 8081
f 8081 8178 8243
f 8081 8243 8179
f 8178 8097 8180
f 8180 8097 8082
f 8178 8180 8245
f 8178 8245 8243
f 8243 8245 8296
f 8243 8296 8295
f 8295 8296 8329
f 8179 8243 8244
f 8244 8243 8295
f 8244 8295 8329
f 8222 8329 8296
f 8222 8296 8245
f 8222 8245 8154
f 8154 8245 8024
f 8024 8245 8180
f 8024 8180 7845
f 7845 8180 8082
f 7845 8082 7766
f 7845 7766 7334
f 7711 7970 7971
f 7971 7970 8223
f 8223 7970 8181
f 8223 8181 8298
f 8223 8298 8446
f 8446 8298 8483
f 7711 7971 8126
f 7908 7711 8126
f 8126 7971 8302
f 8302 7971 8223
f 8302 8223 8484
f 8484 8223 8446
f 8484 8446 8713
f 8126 8302 8301
f 8126 8301 8056
f 8056 8301 8267
f 8267 8301 8583
f 8126 8056 7908
f 8301 8302 8424
f 8424 8302 8484
f 8424 8484 8558
f 8558 8484 8713
f 8446 8483 8713
f 8558 8713 8582
f 8558 8582 8424
f 8424 8582 8423
f 8424 8423 8299
f 8424 8299 8301
f 8582 8713 8483
f 8582 8483 8423
f 8423 8483 8298
f 8423 8298 8299
f 8299 8298 8181
f 8422 8082 8357
f 8422 8357 8556
f 8556 8357 8754
f 8754 8357 8644
f 8754 8644 8940
f 8940 8644 9122
f 9122 8644 9005
f 8583 8301 8299
f 8583 8299 8755
f 8267 8583 8559
f 8559 8583 8758
f 8758 8583 8755
f 8758 8755 8868
f 8868 8755 9055
f 8868 9055 9153
f 9055 8755 8914
f 9055 8914 9297
f 9055 9297 9490
f 9055 9490 9211
f 9490 9297 9707
f 9490 9707 9759
f 9005 9243 9122
f 9122 9243 9295
f 9295 9243 9524
f 9295 9524 9294
f 9295 9294 9086
f 9295 9086 9122
f 9122 9086 8971
f 9122 8971 8940
f 9337 8969 9293
f 9337 9293 9590
f 9337 9590 9633
f 9633 9590 9898
f 9590 9293 9552
f 9898 9590 9703
f 9703 9590 9552
f 9898 9703 9735
f 9735 9703 9552
f 9898 9735 9737
f 9737 9735 9554
f 9554 9735 9591
f 9554 9591 9555
f 9554 9555 9296
f 9296 9555 9409
f 9409 9555 9757
f 9757 9555 9858
f 9296 9409 9271
f 9409 9757 9634
f 9409 9634 9271
f 9296 9271 9088
f 9271 9634 9410
f 9088 9271 9210
f 9210 9271 9410
f 9088 9210 8914
f 9410 9634 9635
f 9410 9635 9443
f 9443 9635 9339
f 9948 9757 9858
f 9757 9948 9792
f 9948 9858 10005
f 9948 10005 10135
f 10005 9858 10066
f 10066 9858 9944
f 10135 10005 10161
f 10161 10005 10066
f 10066 9944 10003
f 10066 10003 10105
f 10105 10003 10220
f 10220 10003 10160
f 10220 10160 10294
f 10135 10161 10330
f 10135 10330 10269
f 10135 10269 10109
f 10109 10269 10222
f 10269 10330 10356
f 10269 10356 10222
f 10109 10222 10138
f 10356 10330 10386
f 10386 10330 10385
f 10386 10385 10443
f 10356 10386 10479
f 10479 10386 10443
f 10356 10479 10445
f 10445 10479 10498
f 10479 10443 10496
f 10479 10496 10498
f 10496 10443 10494
f 10498 10496 10478
f 10498 10478 10497
f 10297 10222 10356
f 10222 10297 10165
f 10222 10165 10138
f 10165 10297 10224
f 10224 10297 10448
f 10448 10297 10446
f 10165 10224 10069
f 10224 10448 10299
f 10224 10299 10069
f 10299 10448 10482
f 10482 10448 10543
f 10482 10543 10562
f 10562 10543 10603
f 10562 10603 10608
f 10608 10603 10661
f 10299 10482 10359
f 10299 10359 10193
f 10299 10193 10069
f 10359 10482 10447
f 10359 10447 10389
f 10389 10447 10500
f 10447 10482 10499
f 10447 10499 10500
f 10500 10499 10574
f 10574 10499 10660
f 10660 10499 10633
f 10660 10633 10704
f 10037 10069 10193
f 10037 10193 10229
f 10037 10229 9902
f 10069 10037 9901
f 9901 10037 9902
f 10069 9901 9976
f 9901 9902 9762
f 10069 9976 9949
f 9902 10229 10014
f 10069 9949 10008
f 10069 10008 10165
f 10165 10008 10138
f 10008 9949 9974
f 10008 9974 10138
f 9974 9949 9832
f 9832 9949 9861
f 10138 9974 9900
f 9900 9974 9832
f 10138 9900 10068
f 10138 10068 10249
f 10249 10068 10191
f 10249 10191 10270
f 10249 10270 10334
f 10334 10270 10388
f 9708 9832 9861
f 9678 9900 9832
f 9678 9832 9708
f 9900 9678 9444
f 9444 9678 9272
f 9678 9708 9412
f 9678 9412 9272
f 9412 9708 9557
f 9412 9557 9376
f 9412 9376 9123
f 9557 9708 9639
f 9412 9123 9154
f 9412 9154 9272
f 9639 9708 9794
f 9794 9708 9977
f 9794 9977 10040
f 9639 9794 9413
f 9413 9794 9762
f 9413 9762 9740
f 9740 9762 9902
f 9413 9740 9375
f 9740 9902 9795
f 9740 9795 9375
f 9795 9902 10014
f 9155 9375 9091
f 9091 9375 9377
f 9377 9375 9795
f 9091 9377 9158
f 9795 10014 9796
f 9795 9796 9377
f 9796 10014 9978
f 9978 10014 10227
f 9796 9978 9863
f 9158 9377 9526
f 9526 9377 9796
f 9526 9796 9863
f 9158 9526 9160
f 9160 9526 9558
f 9558 9526 9925
f 9558 9925 9926
f 9926 9925 10196
f 10196 9925 10231
f 10196 10231 10456
f 10039 9863 9978
f 9863 10039 9924
f 10039 9978 10110
f 10039 10110 10228
f 10228 10110 10194
f 10194 10110 10226
f 10228 10194 10337
f 10337 10194 10226
f 10228 10337 10390
f 10337 10226 10358
f 10390 10337 10518
f 10337 10358 10336
f 10336 10358 10414
f 10337 10336 10335
f 10335 10336 10357
f 10518 10337 10517
f 10518 10517 10604
f 10518 10604 10588
f 10588 10604 10662
f 9632 9552 9293
f 9552 9632 9591
f 9735 9552 9591
f 9792 9634 9757
f 9634 9792 9635
f 9635 9792 9900
f 9635 9900 9444
f 9900 9792 10068
f 10068 9792 10191
f 10191 9792 9973
f 10191 9973 10270
f 10270 9973 10189
f 8914 9210 9297
f 9297 9210 9338
f 9297 9338 9707
f 9707 9338 9706
f 9525 9210 9410
f 9210 9525 9338
f 9338 9525 9793
f 9338 9793 9706
f 9706 9793 10009
f 9525 9410 9556
f 9556 9410 9443
f 9556 9443 9339
f 9525 9556 9830
f 9525 9830 9793
f 9793 9830 10009
f 9706 10009 9707
f 10009 9830 9759
f 10009 9759 9707
f 9759 9830 9556
f 9759 9556 9490
f 9490 9556 9339
f 9490 9339 9211
f 9444 9339 9635
f 9339 9444 9212
f 9339 9212 9211
f 9212 9444 9272
f 9211 9212 9033
f 9211 9033 9153
f 9212 9272 9089
f 9212 9089 9033
f 9089 9272 9154
f 9033 9089 8789
f 9033 8789 8869
f 9089 9154 8915
f 9089 8915 8789
f 8915 9154 9034
f 9034 9154 8715
f 8789 8915 8714
f 8789 8714 8486
f 8789 8486 8518
f 8789 8518 8559
f 9055 9211 9153
f 8868 9153 9056
f 9056 9153 9213
f 9056 9213 9244
f 8868 9056 8758
f 9153 9033 9213
f 9213 9033 9187
f 9213 9187 9340
f 9213 9340 9299
f 8758 9056 9008
f 9008 9056 9215
f 9215 9056 9244
f 8758 9008 9090
f 9090 9008 9215
f 8758 9090 8869
f 8758 8869 8559
f 8559 8869 8789
f 8869 9090 9033
f 9033 9090 9187
f 9244 9213 9299
f 9244 9299 9446
f 9446 9299 9340
f 9215 9244 9446
f 9215 9446 9245
f 9215 9245 9090
f 9446 9340 9245
f 9245 9340 9090
f 9340 9187 9090
f 8714 8915 9157
f 9157 8915 9034
f 9157 9034 9217
f 9157 9217 9300
f 9300 9217 9378
f 8714 9157 9057
f 9057 9157 9300
f 8714 9057 8761
f 8714 8761 8486
f 9057 9300 9273
f 9273 9300 9527
f 8056 7846 7908
f 7798 7911 7974
f 7974 7911 7948
f 7798 7974 7828
f 7798 7828 7598
f 7828 7974 8030
f 7598 7828 7695
f 7828 8030 7951
f 7828 7951 7695
f 7951 8030 8059
f 7695 7951 7850
f 7850 7951 8059
f 8521 8271 8486
f 8521 8486 8831
f 8521 8831 8715
f 8831 8486 8761
f 8831 8761 9092
f 9092 8761 9057
f 9092 9057 9273
f 9092 9273 9302
f 9302 9273 9527
f 8271 8521 8715
f 8974 8715 8831
f 8974 8831 9188
f 9188 8831 9092
f 9188 9092 9379
f 9379 9092 9302
f 9379 9302 9527
f 8974 9188 9034
f 8974 9034 8715
f 9034 9188 9217
f 9217 9188 9379
f 9217 9379 9378
f 9378 9379 9527
f 9378 9527 9300
f 9123 9376 9491
f 9491 9376 9557
f 9491 9557 9797
f 9797 9557 9865
f 9797 9865 10041
f 9216 9493 9593
f 9216 9593 9413
f 9593 9493 9763
f 9593 9763 9866
f 9866 9763 10041
f 9763 9797 10041
f 9866 10041 9904
f 9866 9904 9639
f 9866 9639 9593
f 9593 9639 9413
f 10041 9865 9904
f 9904 9865 9639
f 9639 9865 9557
f 9708 9861 9977
f 9977 9861 9949
f 9977 9949 10254
f 10254 9949 10252
f 10254 10252 10417
f 10417 10252 10453
f 10417 10453 10565
f 9794 10040 9762
f 10040 9977 10274
f 10274 9977 10254
f 10274 10254 10417
f 10274 10417 10455
f 10040 10274 10038
f 10040 10038 9762
f 10038 10274 10273
f 10273 10274 10455
f 10273 10455 10454
f 10454 10455 10565
f 9973 9792 9948
f 9973 9948 10189
f 10189 9948 10188
f 10189 10188 10388
f 10270 10189 10388
f 10334 10388 10248
f 10334 10248 10109
f 10334 10109 10249
f 10249 10109 10138
f 10248 10388 10188
f 10248 10188 10109
f 10109 10188 9948
f 10109 9948 10135
f 10446 10297 10356
f 10446 10356 10575
f 10575 10356 10573
f 10575 10573 10661
f 10448 10446 10543
f 10543 10446 10603
f 10603 10446 10575
f 10603 10575 10661
f 10661 10573 10602
f 10602 10573 10481
f 10481 10573 10356
f 10481 10356 10445
f 10661 10602 10608
f 10608 10602 10481
f 10608 10481 10562
f 10562 10481 10445
f 10562 10445 10482
f 10482 10445 10499
f 10499 10445 10498
f 10494 10443 10410
f 10410 10443 10385
f 10496 10494 10409
f 10409 10494 10353
f 10353 10494 10513
f 10353 10513 10435
f 10353 10435 10350
f 10435 10513 10530
f 10435 10530 10512
f 10512 10530 10560
f 10512 10560 10586
f 10496 10409 10478
f 10478 10409 10438
f 10494 10410 10513
f 10513 10410 10384
f 10410 10385 10411
f 10411 10385 10247
f 10410 10411 10384
f 10411 10217 10437
f 10411 10437 10384
f 10384 10437 10352
f 10352 10437 10492
f 10352 10492 10434
f 10434 10492 10510
f 10510 10492 10528
f 10510 10528 10559
f 10035 10066 10105
f 10035 10105 9971
f 9971 10105 10220
f 9971 10220 10131
f 10131 10220 10294
f 9971 10131 9789
f 9789 10131 10065
f 10065 10131 10294
f 10034 9791 9789
f 10034 9789 10065
f 10034 10065 10294
f 4506 4542 4445
f 4445 4542 4379
f 4506 4445 4442
f 4506 4442 4479
f 4479 4442 4440
f 4479 4440 4410
f 4410 4440 4480
f 4480 4440 4505
f 4505 4440 4442
f 4505 4442 4445
f 4505 4445 4511
f 4410 4480 4538
f 4538 4480 4505
f 4538 4505 4570
f 4570 4505 4511
f 4538 4570 4659
f 4570 4511 4639
f 4639 4511 4513
f 4664 4639 4513
f 4664 4513 4706
f 4706 4513 4608
f 4706 4608 4643
f 4643 4608 4544
f 4706 4643 4704
f 4706 4704 4804
f 4664 4706 4843
f 4608 4513 4448
f 4608 4448 4544
f 4544 4448 4418
f 4544 4418 4670
f 4544 4670 4643
f 4670 4418 4549
f 4812 4673 4847
f 4812 4847 4872
f 4872 4847 4943
f 4812 4872 4845
f 4845 4872 4843
f 4843 4872 4909
f 4741 4643 4670
f 4643 4741 4704
f 4704 4741 4808
f 4704 4808 4866
f 4704 4866 4759
f 4759 4866 4863
f 4759 4863 4801
f 4801 4863 4838
f 4741 4845 4908
f 4741 4908 4808
f 4808 4908 4941
f 4908 4845 4843
f 4908 4843 4867
f 4908 4867 4941
f 4941 4867 4864
f 4941 4864 4906
f 4906 4864 4838
f 4867 4843 4706
f 4866 4808 4941
f 4866 4941 4906
f 4706 4804 4867
f 4704 4759 4804
f 4804 4759 4840
f 4840 4759 4801
f 4840 4801 4838
f 4867 4804 4864
f 4864 4804 4840
f 4864 4840 4838
f 4866 4906 4863
f 4863 4906 4838
f 3210 3203 3337
f 3203 3210 2851
f 3337 3203 3198
f 3198 3203 2851
f 3210 3337 3216
f 3198 2851 2843
f 3198 2843 3194
f 3198 3194 3337
f 3194 2843 2837
f 3337 3194 3191
f 3191 3194 2837
f 3191 2837 2834
f 3273 3216 3337
f 2858 2851 3210
f 2858 3210 3216
f 2851 2858 2457
f 2851 2457 2448
f 2457 2858 2501
f 2858 3216 2921
f 2858 2921 2501
f 2921 3216 3273
f 2501 2921 2505
f 2505 2921 2925
f 2925 2921 3273
f 2925 3273 3277
f 2925 3277 2926
f 2925 2926 2564
f 2926 3277 3009
f 2457 2501 2115
f 2457 2115 2112
f 2115 2501 2154
f 2154 2501 2505
f 2154 2505 2158
f 2158 2505 2564
f 2564 2505 2925
f 2457 2112 2448
f 2448 2112 2055
f 2448 2055 2052
f 2448 2052 2401
f 2401 2052 2048
f 2448 2401 2851
f 2401 2048 2397
f 2851 2401 2843
f 2843 2401 2397
f 2843 2397 2837
f 2158 2564 2209
f 2209 2564 2567
f 2567 2564 2926
f 2567 2926 3009
f 2209 2567 2157
f 2567 3009 2563
f 2567 2563 2157
f 2157 2563 2153
f 2153 2563 2561
f 2397 2048 2045
f 2397 2045 2395
f 2397 2395 2837
f 2837 2395 2834
f 2395 2045 2396
f 2395 2396 2834
f 2396 2045 2047
f 2834 2396 2836
f 2396 2047 2051
f 3191 2834 3193
f 3193 2834 2836
f 3193 2836 3197
f 3197 2836 2842
f 3197 2842 2850
f 3197 2850 3202
f 3202 2850 3209
f 3209 2850 2914
f 2914 2850 2497
f 2497 2850 2447
f 2447 2850 2842
f 2443 2842 2836
f 2842 2443 2447
f 2443 2836 2396
f 2447 2443 2109
f 2109 2443 2051
f 3191 3193 3337
f 3337 3193 3197
f 3337 3197 3202
f 3337 3202 3209
f 3337 3209 3271
f 3271 3209 2918
f 2918 3209 2914
f 2918 2914 2497
f 2918 2497 2500
f 3271 2918 3272
f 3271 3272 3337
f 2918 2500 2924
f 2918 2924 3272
f 2924 2500 2561
f 3337 3272 3276
f 3276 3272 2924
f 2924 2561 3007
f 2924 3007 3276
f 3007 2561 2563
f 3007 2563 3009
f 3007 3009 3276
f 3276 3009 3280
f 3276 3280 3337
f 3280 3009 3277
f 3280 3277 3337
f 3337 3277 3273
f 2396 2051 2443
f 2447 2109 2111
f 2447 2111 2497
f 2497 2111 2151
f 2497 2151 2500
f 2500 2151 2153
f 2500 2153 2561
f 4299 4297 4183
f 4259 4145 4227
f 3843 3917 3734
f 3917 3809 3734
f 3734 3809 3570
f 3570 3809 3615
f 3615 3809 3486
f 3570 3615 3351
f 3351 3615 3486
f 3734 3570 3440
f 3440 3570 3439
f 3570 3351 3439
f 3439 3351 3486
f 3439 3486 3616
f 3439 3487 3440
f 3487 3488 3440
f 2936 2511 2463
f 2463 2511 2258
f 2463 2258 2216
f 2216 2258 2063
f 2063 2258 2011
f 2063 2011 1926
f 1926 2011 1863
f 2936 2463 2935
f 2935 2463 2361
f 2011 2064 1863
f 1863 2064 2012
f 2012 2064 2165
f 1926 1863 1927
f 1926 1927 2063
f 1927 1863 2012
f 1927 2012 2013
f 2013 2012 2165
f 2013 2165 2065
f 2065 2165 2362
f 1927 2013 2063
f 2063 2013 2065
f 2063 2065 2216
f 2363 2575 2665
f 2363 2665 2793
f 2363 2793 2619
f 2363 2619 2409
f 2363 2409 2325
f 2325 2409 2220
f 2220 2409 2260
f 2220 2260 2069
f 2016 2219 1895
f 2016 1895 1733
f 1733 1895 1734
f 1895 2219 2066
f 2066 2219 2363
f 1895 2066 1932
f 1895 1932 1735
f 1932 2066 1762
f 1762 2066 1786
f 1932 1762 1826
f 1932 1826 1735
f 1735 1826 1630
f 1630 1826 1701
f 1475 1733 1734
f 1734 1895 1735
f 1734 1735 1475
f 1475 1735 1525
f 1525 1735 1630
f 1525 1630 1526
f 2619 2793 2327
f 2619 2327 2409
f 2409 2327 2261
f 2261 2327 2017
f 2261 2017 2166
f 2261 2166 2409
f 2409 2166 2260
f 2260 2166 2069
f 2327 2793 2366
f 1826 1762 1702
f 2325 2066 2363
f 2066 2325 2124
f 2124 2325 2220
f 2124 2220 2067
f 1702 1762 1422
f 1702 1422 1476
f 1702 1476 1631
f 1631 1476 1477
f 1631 1477 1528
f 1826 1702 1701
f 1701 1702 1631
f 1630 1701 1528
f 1630 1528 1526
f 1528 1701 1631
f 1526 1528 1477
f 1477 1476 1526
f 1526 1476 1525
f 1525 1476 1422
f 1475 1525 1422
f 1475 1138 1377
f 1377 1138 1247
f 1247 1138 1071
f 1071 1138 1013
f 1071 1013 886
f 886 1013 837
f 886 837 621
f 1377 1247 1012
f 1012 1247 1071
f 1012 1071 885
f 1012 885 687
f 885 1071 886
f 687 885 688
f 885 886 794
f 885 794 688
f 794 886 621
f 688 794 620
f 620 794 621
f 687 688 690
f 690 688 689
f 689 688 620
f 689 620 621
f 621 837 689
f 689 837 690
f 974 1072 1173
f 623 888 540
f 623 540 387
f 387 540 388
f 623 387 300
f 540 888 693
f 693 888 974
f 540 693 388
f 300 387 302
f 302 387 388
f 300 302 259
f 300 259 185
f 388 498 302
f 5734 226 227
f 227 226 694
f 6012 5734 5827
f 5827 5734 5656
f 5656 5734 227
f 6012 5827 5980
f 6012 5980 6093
f 6093 5980 6257
f 6257 5980 6174
f 6012 6093 6364
f 6012 6364 6405
f 6364 6093 6257
f 6364 6257 6365
f 6364 6365 6444
f 6364 6444 6405
f 6405 6444 6592
f 6444 6365 6406
f 6406 6365 6446
f 6365 6257 6446
f 6446 6257 6174
f 6446 6174 6294
f 6294 6174 5980
f 6446 6294 6406
f 6406 6294 6172
f 6406 6172 6444
f 6133 5980 5827
f 6444 6518 6592
f 7214 6919 6923
f 6923 6919 6517
f 6923 6517 6675
f 6675 6517 6445
f 6445 6517 6132
f 6445 6132 6224
f 6224 6132 5828
f 6954 6952 7217
f 6554 6675 6639
f 6554 6639 6556
f 6556 6639 6593
f 6593 6639 6640
f 6675 6445 6639
f 6639 6445 6482
f 6639 6482 6640
f 6640 6482 6555
f 6640 6555 6676
f 187 5656 115
f 187 115 188
f 188 115 261
f 261 115 230
f 261 230 390
f 115 5656 227
f 115 227 260
f 115 260 230
f 230 260 304
f 6482 6445 6224
f 6482 6224 6366
f 6482 6366 6555
f 6555 6366 6483
f 6640 6676 6593
f 6555 6483 6676
f 6407 6366 6224
f 6407 6224 6295
f 6295 6224 6173
f 5791 6173 5829
f 6173 5791 34
f 34 5791 303
f 303 5791 262
f 262 5791 5657
f 262 5657 75
f 262 75 189
f 189 75 117
f 6054 34 5946
f 6515 6589 6637
f 6637 6589 6775
f 6637 6775 6750
f 6750 6775 6852
f 6852 6775 6893
f 6852 6893 6924
f 5945 6054 5946
f 5945 5946 5870
f 5870 5946 5735
f 5735 5946 5792
f 5735 5792 76
f 6984 6637 6750
f 6984 6750 6985
f 6985 6750 6852
f 6953 6984 7153
f 6953 7153 7215
f 7153 6984 7059
f 7059 6984 6985
f 7059 6985 6924
f 6924 6985 6852
f 7059 6924 6998
f 7059 6998 7153
f 7153 6998 7025
f 6998 6924 6893
f 6998 6893 6775
f 6998 6775 7025
f 7025 6775 6589
f 7025 6589 6997
f 7025 6997 7153
f 7153 6997 7215
f 6953 7215 6952
f 7430 7429 7663
f 7663 7429 7598
f 7663 7598 7695
f 7663 7695 7850
f 7430 7663 7693
f 7693 7663 7799
f 7693 7799 7950
f 7799 7663 7914
f 7799 7914 8004
f 6674 6513 6635
f 6635 6513 6514
f 6674 6635 6553
f 6674 6553 6552
f 6553 6635 6636
f 6553 6636 6590
f 6590 6636 6638
f 6635 6514 6591
f 6635 6591 6636
f 6636 6591 6638
f 6171 6090 6053
f 6171 6053 6256
f 6171 6256 6328
f 6328 6256 6443
f 6256 6053 6363
f 6363 6053 6255
f 6256 6363 6481
f 6256 6481 6443
f 6443 6481 6638
f 6514 6328 6591
f 6591 6328 6443
f 6591 6443 6638
f 6590 6638 6481
f 6590 6481 6363
f 6590 6363 6553
f 6553 6363 6255
f 6553 6255 6552
f 72 5945 5870
f 72 5870 73
f 73 5870 5735
f 73 5735 74
f 74 5735 76
f 72 73 351
f 351 73 229
f 229 73 74
f 229 74 142
f 142 74 76
f 142 76 36
f 142 36 229
f 229 36 35
f 229 35 34
f 229 34 351
f 36 76 5792
f 36 5792 35
f 5792 5946 35
f 35 5946 34
f 352 34 303
f 352 303 749
f 1208 1110 934
f 1208 934 1113
f 1113 934 1111
f 1208 1113 1210
f 1210 1113 1209
f 1210 1209 1288
f 1208 1210 1286
f 1286 1210 1333
f 1383 1110 1208
f 1383 1208 1425
f 1425 1208 1286
f 1425 1286 1427
f 1427 1286 1333
f 1384 1787 1765
f 1384 1765 1385
f 1634 1383 1425
f 1634 1425 1576
f 1425 1427 1576
f 1576 1427 1486
f 1486 1427 1333
f 1210 1288 1333
f 1333 1288 1430
f 1430 1288 1484
f 1484 1288 1209
f 1333 1430 1486
f 1486 1430 1484
f 1486 1484 1576
f 1576 1484 1481
f 1576 1481 1634
f 1671 1250 1285
f 1671 1285 1578
f 1671 1578 1635
f 1578 1285 1332
f 1578 1332 1388
f 1578 1388 1535
f 1535 1388 1431
f 1535 1431 1536
f 1535 1536 1533
f 389 303 305
f 305 303 262
f 305 262 189
f 305 189 231
f 231 189 117
f 389 305 116
f 116 305 141
f 141 305 143
f 5829 116 5708
f 5708 116 141
f 5829 5708 5791
f 5791 5708 5657
f 5657 5708 37
f 5657 37 75
f 75 37 117
f 37 5708 141
f 37 141 143
f 37 143 117
f 305 231 143
f 143 231 117
f 2222 2366 2411
f 2222 2411 2224
f 2222 2224 2131
f 2224 2411 2300
f 1971 2066 2124
f 2017 1971 2124
f 2017 2124 2067
f 2017 2067 2018
f 2166 2017 2018
f 2166 2018 2069
f 2069 2018 2067
f 2067 2220 2069
f 2865 3291 3020
f 3020 3291 3222
f 3020 3222 3224
f 3020 3224 3085
f 3085 3224 3226
f 3020 3085 2943
f 2943 3085 3226
f 2865 3020 2522
f 2522 3020 2667
f 2667 3020 2943
f 2522 2667 2300
f 2300 2667 2523
f 2523 2667 2943
f 2523 2943 2796
f 3222 3291 3084
f 3084 3291 3150
f 3222 3084 3086
f 3086 3084 2669
f 3086 2669 2867
f 3222 3086 3224
f 3224 3086 3226
f 3226 3086 2867
f 3226 2867 2796
f 2796 2867 2669
f 2796 2669 2523
f 3226 2796 2943
f 2300 2523 2669
f 2669 2623 2300
f 1867 1866 1671
f 1671 1866 1738
f 1898 2133 2020
f 1898 2020 1738
f 1738 2020 1833
f 1833 2020 2021
f 2021 2020 2172
f 2021 2172 2301
f 1575 1766 1864
f 1738 1833 1766
f 1766 1833 2021
f 1766 2021 1973
f 2020 2133 2171
f 2171 2133 2227
f 2227 2133 2226
f 2171 2227 2265
f 2171 2265 2020
f 2020 2265 2172
f 2172 2265 2301
f 1864 1766 1972
f 1864 1972 2226
f 2226 1972 2227
f 2227 1972 2134
f 2227 2134 2265
f 1972 1766 2134
f 2134 1766 1973
f 2134 1973 2301
f 1973 2021 2301
f 2265 2134 2301
f 1897 2071 2170
f 2071 1897 1764
f 2071 1764 2019
f 1897 2170 1829
f 1897 1829 1764
f 1764 1829 1632
f 2071 2019 2222
f 2071 2222 2167
f 2071 2167 2170
f 1829 1788 1632
f 2132 2170 2167
f 2132 2167 2131
f 2131 2167 2222
f 1788 1530 1632
f 1632 1530 1174
f 1174 1530 1175
f 1175 1530 1480
f 1174 1175 933
f 1174 933 694
f 1480 1530 1670
f 1480 1670 1577
f 1480 1577 1483
f 1483 1577 1534
f 1483 1534 1485
f 1485 1534 1487
f 933 1175 1112
f 1112 1175 1251
f 1112 1251 1252
f 1252 1251 1330
f 1014 933 1112
f 1014 1112 1141
f 1141 1112 1252
f 1141 1252 1287
f 1287 1252 1487
f 227 747 542
f 1251 1175 1480
f 1251 1480 1483
f 1251 1483 1330
f 1330 1483 1485
f 227 542 260
f 260 542 460
f 260 460 304
f 460 542 748
f 460 748 581
f 460 581 499
f 460 499 424
f 424 499 390
f 304 460 424
f 304 424 390
f 304 390 230
f 390 499 425
f 425 499 581
f 425 581 461
f 461 581 748
f 461 748 580
f 390 425 261
f 935 1016 1176
f 935 1176 1142
f 1142 1176 1253
f 1142 1253 1388
f 1142 1388 1332
f 1016 1284 1331
f 1331 1284 1635
f 1016 1331 1176
f 1176 1331 1387
f 1424 1426 1670
f 1670 1426 1577
f 1577 1426 1534
f 1534 1426 1429
f 1534 1429 1487
f 1331 1635 1533
f 1331 1533 1387
f 1533 1635 1578
f 1533 1578 1535
f 1487 1252 1330
f 1487 1330 1485
f 1287 1487 1429
f 1287 1429 1141
f 1431 1387 1536
f 1387 1431 1289
f 1536 1387 1533
f 1176 1387 1289
f 1289 1431 1253
f 1289 1253 1176
f 1431 1388 1253
f 9730 9621 9669
f 9669 9621 9548
f 9548 9621 9519
f 9730 9752 9731
f 9731 9752 9784
f 9784 9752 9785
f 9784 9785 9920
f 9784 9920 9938
f 9938 9920 9996
f 10242 10097 10212
f 10242 10212 10405
f 10242 10405 10318
f 10405 10212 10346
f 10405 10346 10527
f 10346 10212 10214
f 10346 10214 10381
f 10346 10381 10527
f 10405 10527 10474
f 10405 10474 10318
f 10318 10474 10431
f 10318 10431 10383
f 10318 10383 10320
f 10318 10320 10290
f 10320 10383 10325
f 10320 10325 10324
f 10320 10324 10323
f 10290 10320 10323
f 10243 10290 10319
f 10319 10290 10322
f 10319 10322 10408
f 10319 10408 10382
f 10243 10319 10289
f 10289 10319 10382
f 10243 10289 10120
f 10289 10382 10406
f 10289 10406 10430
f 10289 10430 10380
f 10380 10430 10473
f 10290 10323 10322
f 10322 10323 10348
f 10322 10348 10408
f 10348 10323 10350
f 10350 10323 10324
f 10350 10324 10351
f 10351 10324 10325
f 10408 10348 10511
f 10348 10350 10475
f 10475 10350 10512
f 10475 10512 10586
f 10348 10475 10511
f 10511 10475 10586
f 10511 10586 10560
f 10511 10560 10530
f 10511 10530 10408
f 10408 10530 10384
f 10408 10384 10352
f 10512 10350 10435
f 10530 10513 10384
f 10353 10350 10351
f 10353 10351 10436
f 10353 10436 10409
f 10408 10352 10349
f 10408 10349 10382
f 10492 10437 10185
f 10492 10185 10291
f 10492 10291 10528
f 10528 10291 10433
f 10528 10433 10559
f 10349 10352 10434
f 10349 10434 10321
f 10321 10434 10510
f 10321 10510 10432
f 10432 10510 10559
f 10432 10559 10407
f 10432 10407 10321
f 10321 10407 10246
f 10559 10433 10407
f 10407 10433 10246
f 10246 10433 10291
f 10246 10291 10185
f 10382 10213 10406
f 10406 10213 10317
f 10406 10317 10430
f 10430 10317 10473
f 10213 10241 10317
f 10317 10241 10316
f 10317 10316 10473
f 10473 10316 10380
f 10380 10316 10289
f 10289 10316 10241
f 9939 10121 9995
f 9939 9995 9854
f 9939 9854 9823
f 9823 9854 9755
f 9854 9995 9919
f 9755 9854 9783
f 9783 9854 9919
f 9783 9919 9852
f 9783 9852 9820
f 9783 9820 9782
f 9782 9820 9781
f 9938 9893 9784
f 9784 9893 9892
f 9784 9892 9822
f 9822 9892 9918
f 9892 9821 9918
f 9821 9755 9582
f 9821 9582 9754
f 9821 9754 9918
f 9822 9918 9754
f 9822 9754 9784
f 9784 9754 9582
f 9698 9581 9783
f 9698 9783 9782
f 9698 9782 9781
f 9698 9781 9753
f 9698 9753 9581
f 9581 9753 9732
f 9671 9673 9672
f 9671 9672 9622
f 9622 9672 9670
f 9622 9670 9668
f 9671 9622 9516
f 9516 9622 9668
f 9671 9516 9402
f 9670 9672 9516
f 9670 9516 9668
f 9402 9286 9115
f 9115 9286 9176
f 9176 9286 9202
f 9150 9080 9115
f 9150 9115 9176
f 9150 9176 9202
f 6991 7080 7079
f 6991 7079 6988
f 7080 6991 6943
f 6991 6988 6941
f 7080 6943 6972
f 6943 6991 6734
f 6943 6734 6768
f 6943 6768 6737
f 6943 6737 6972
f 6972 6737 6843
f 6972 6843 6913
f 6972 6913 7046
f 7046 6913 6799
f 7046 6799 7047
f 7046 7047 7209
f 6704 6578 6734
f 6704 6734 6840
f 6840 6734 6941
f 6840 6941 6988
f 6840 6988 6911
f 6911 6988 6970
f 6911 6970 6666
f 6911 6666 6840
f 6840 6666 6668
f 6668 6666 6427
f 6427 6666 6505
f 6427 6505 6284
f 6505 6666 6628
f 7079 7080 7368
f 7368 7080 7295
f 7295 7080 6972
f 7295 6972 7046
f 7295 7046 7209
f 7079 7368 7326
f 7079 7326 6988
f 6988 7326 7176
f 6988 7176 6970
f 7176 7326 7460
f 7460 7326 7493
f 6970 7176 7291
f 7291 7176 7460
f 7291 7460 7561
f 7561 7460 7493
f 7291 7561 7411
f 7561 7493 7627
f 7627 7493 7590
f 7590 7493 7463
f 7590 7463 7245
f 7291 7411 7016
f 7016 7411 7076
f 7016 7076 6766
f 6766 7076 6839
f 7016 6766 6701
f 7016 6701 6970
f 6970 6701 6628
f 7326 7368 7493
f 7493 7368 7295
f 7493 7295 7463
f 7463 7295 7209
f 7463 7209 7245
f 7245 7209 7049
f 6734 6991 6941
f 6970 7291 7016
f 7411 7561 7625
f 7411 7625 7488
f 7625 7561 7627
f 7625 7627 7681
f 7681 7627 7656
f 7656 7627 7590
f 6666 6970 6628
f 6505 6628 6388
f 6505 6388 6284
f 7076 7411 7488
f 7076 7488 7139
f 6839 7076 7139
f 6576 6665 6797
f 6797 6665 6839
f 6576 6797 7043
f 6797 6839 7075
f 6797 7075 7043
f 7075 6839 7139
f 7043 7075 7292
f 7075 7139 7488
f 7292 7075 7415
f 7415 7075 7488
f 7292 7415 7418
f 7415 7488 7625
f 7328 7418 7415
f 7532 7328 7142
f 7328 7415 7495
f 7328 7495 7082
f 7681 7415 7625
f 7415 7681 7495
f 7082 7495 7179
f 7495 7681 7656
f 6802 7179 7145
f 7145 7179 7465
f 7465 7179 7495
f 7465 7495 7656
f 7465 7656 7590
f 7465 7590 7421
f 7142 7328 7082
f 7142 7082 6707
f 7142 6707 6740
f 6740 6707 6214
f 7590 7245 7421
f 7421 7245 7049
f 7421 7049 7087
f 7049 7209 7047
f 7049 7047 6846
f 6846 7047 6799
f 6846 6799 6630
f 6630 6799 6429
f 6429 6799 6671
f 6671 6799 6913
f 6671 6913 6843
f 6671 6843 6737
f 6429 6671 6581
f 6429 6581 6353
f 6353 6581 6580
f 6768 6580 6737
f 6353 6580 6390
f 6580 6768 6539
f 6580 6539 6390
f 6539 6768 6734
f 6390 6539 6209
f 6539 6734 6578
f 6539 6578 6209
f 7421 7087 7465
f 7465 7087 7145
f 7145 7087 6804
f 7145 6804 6890
f 6890 6804 6543
f 6890 6543 6542
f 7145 6890 6802
f 6802 6890 6542
f 6802 6542 6707
f 6707 6542 6314
f 6802 6707 7082
f 6802 7082 7179
f 7087 7049 6846
f 7087 6846 6804
f 6804 6846 6543
f 6543 6846 6630
f 6543 6630 6429
f 6543 6429 6316
f 6316 6429 6160
f 6160 6429 6353
f 6160 6353 6209
f 6209 6353 6390
f 6671 6737 6581
f 6581 6737 6580
f 6209 6578 6473
f 6473 6578 6536
f 6316 6160 6314
f 6543 6316 6314
f 6543 6314 6542
f 6472 6427 6243
f 6427 6472 6668
f 6668 6472 6534
f 6840 6668 6702
f 6840 6702 6704
f 6668 6534 6702
f 6702 6534 6704
f 6704 6534 6536
f 6704 6536 6578
f 6472 6206 6534
f 6534 6206 6536
f 6536 6206 6473
f 6473 6206 6209
f 10031 9941 10154
f 10154 9941 10124
f 10154 10124 10347
f 10124 9941 9896
f 10031 10154 10215
f 10215 10154 10347
f 10347 10124 10125
f 10125 10124 9896
f 10347 10125 10245
f 10245 10125 9896
f 10245 9896 10183
f 10183 9896 10155
f 10347 10245 10215
f 10215 10245 10128
f 10128 10245 10183
f 10128 10183 10155
f 10031 10215 10128
f 10128 10155 10216
f 10351 10326 10529
f 10529 10326 10476
f 10529 10476 10599
f 10599 10476 10569
f 10599 10569 10659
f 10326 10216 10476
f 10476 10216 10477
f 10477 10216 10267
f 10476 10477 10570
f 10476 10570 10569
f 10569 10570 10659
f 10351 10529 10436
f 10436 10529 10541
f 10541 10529 10599
f 10541 10599 10600
f 10600 10599 10659
f 10436 10541 10493
f 10436 10493 10438
f 10436 10438 10409
f 10438 10493 10439
f 10438 10439 10441
f 10441 10439 10444
f 10600 10659 10570
f 10600 10570 10477
f 10600 10477 10541
f 10438 10441 10478
f 10478 10441 10514
f 10478 10514 10497
f 10441 10444 10542
f 10542 10444 10561
f 10542 10561 10632
f 10441 10542 10514
f 10514 10542 10571
f 10571 10542 10632
f 10561 10444 10412
f 10632 10601 10571
f 10571 10601 10514
f 10514 10601 10572
f 10514 10572 10515
f 10514 10515 10497
f 10572 10531 10515
f 10515 10531 10516
f 10516 10531 10480
f 10516 10480 10357
f 10498 10497 10620
f 10620 10497 10619
f 10619 10497 10515
f 10620 10619 10699
f 10699 10619 10698
f 10699 10698 10732
f 10498 10620 10633
f 10498 10633 10499
f 10633 10620 10700
f 10700 10620 10699
f 10633 10700 10704
f 10700 10699 10732
f 10700 10732 10704
f 10619 10515 10621
f 10619 10621 10698
f 10621 10515 10634
f 10634 10515 10516
f 10621 10634 10703
f 10621 10703 10698
f 10698 10703 10732
f 10732 10703 10704
f 10704 10703 10634
f 10704 10634 10660
f 10634 10516 10660
f 10660 10516 10574
f 10574 10516 10500
f 10500 10516 10414
f 10414 10516 10357
f 10414 10357 10336
f 10500 10414 10358
f 10500 10358 10389
f 10389 10358 10226
f 10389 10226 10450
f 10389 10450 10449
f 10449 10450 10578
f 10296 10331 10295
f 10296 10295 10221
f 10295 10331 10355
f 10355 10331 10354
f 10355 10354 10413
f 10354 10331 10387
f 10413 10354 10329
f 10413 10329 10442
f 10442 10329 10440
f 10442 10440 10495
f 10440 10329 10219
f 10440 10219 10327
f 10440 10327 10495
f 10327 10219 10158
f 10327 10158 10103
f 10327 10103 10328
f 10442 10495 10328
f 10442 10328 10413
f 10413 10328 10133
f 10328 10495 10327
f 10328 10103 10133
f 10104 10103 10159
f 10159 10103 10186
f 10159 10186 10218
f 10218 10186 10292
f 10103 10002 10129
f 10103 10129 10186
f 10186 10129 10292
f 10129 10002 9897
f 10129 9897 10102
f 10129 10102 10292
f 10292 10102 10130
f 10130 10102 9897
f 10130 9897 9970
f 9970 9897 9790
f 10292 10130 10218
f 10218 10130 10159
f 10159 10130 9970
f 10159 9970 9790
f 10159 9790 10104
f 10104 9790 10004
f 9083 9269 9205
f 9205 9269 9372
f 9372 9269 9408
f 9372 9408 9584
f 9083 9205 8709
f 8709 9205 9028
f 8709 9028 8937
f 8937 9028 9234
f 9028 9205 9372
f 9028 9372 9268
f 9268 9372 9584
f 9028 9268 9234
f 9234 9268 9584
f 9408 9269 9204
f 9408 9204 9335
f 9408 9335 9584
f 10137 10067 10190
f 10137 10190 10166
f 10166 10190 10272
f 10190 10067 10223
f 10272 10190 10298
f 10298 10190 10223
f 10298 10223 10333
f 10223 10067 10163
f 10163 10067 9972
f 10223 10163 10333
f 10272 10298 10225
f 10225 10298 10271
f 10271 10298 10333
f 10272 10225 10166
f 10166 10225 10167
f 10192 10250 10166
f 10192 10166 10036
f 10166 10167 10011
f 10166 10011 10036
f 10011 10167 10012
f 10036 10011 9862
f 9862 10011 10012
f 9862 10012 9833
f 10036 9862 9903
f 9903 9862 9741
f 9903 9741 9924
f 9862 9833 9638
f 9741 9862 9679
f 9679 9862 9638
f 9741 9679 9492
f 9247 9189 9492
f 9247 9492 9218
f 9218 9492 9414
f 9414 9492 9679
f 9414 9679 9638
f 9414 9638 9341
f 9414 9341 9009
f 9341 9638 9246
f 9009 9341 9156
f 9156 9341 9246
f 10333 10163 10164
f 10164 10163 9972
f 10164 9972 10007
f 10333 10164 10271
f 10271 10164 10225
f 10225 10164 10007
f 10225 10007 10167
f 10167 10007 9923
f 9923 10007 9899
f 9923 9899 9829
f 9923 9829 9760
f 9923 9760 10167
f 10167 9760 10012
f 10007 9972 9899
f 9758 9738 10006
f 10006 9738 9946
f 10006 9946 10187
f 9676 9489 9831
f 9831 9489 9739
f 9831 9739 10070
f 10070 9739 10010
f 9636 9676 9831
f 9636 9831 9860
f 9860 9831 10071
f 9489 9298 9739
f 9739 9298 9677
f 9739 9677 10010
f 10010 9677 9975
f 10010 9975 10253
f 10071 9831 10070
f 9860 10071 9761
f 9761 10071 10013
f 10013 10071 10253
f 9860 9761 9636
f 9636 9761 9445
f 9636 9445 9214
f 9636 9214 9411
f 9411 9214 9246
f 9636 9411 9637
f 9636 9637 9760
f 10071 10070 10253
f 10253 10070 10010
f 9760 9637 10012
f 10012 9637 9833
f 9833 9637 9638
f 9637 9411 9638
f 9638 9411 9246
f 10036 9903 10228
f 10228 9903 10039
f 10036 10228 10192
f 10250 10192 10416
f 10250 10416 10415
f 10415 10416 10576
f 10576 10416 10577
f 10576 10577 10662
f 9903 9924 10039
f 10192 10228 10390
f 10192 10390 10518
f 10192 10518 10416
f 10416 10518 10588
f 10416 10588 10577
f 10577 10588 10662
f 10517 10337 10335
f 10517 10335 10483
f 10517 10483 10604
f 10604 10483 10587
f 10604 10587 10662
f 10226 10110 10227
f 10227 10110 9978
f 10483 10335 10250
f 10483 10250 10415
f 10483 10415 10576
f 10483 10576 10587
f 10587 10576 10662
f 10227 10014 10229
f 10227 10229 10451
f 10227 10451 10450
f 10227 10450 10226
f 10450 10451 10579
f 9413 9375 9155
f 9413 9155 9216
f 8829 9091 9161
f 8829 9161 8976
f 8976 9161 9163
f 8976 9163 8833
f 8976 8833 8562
f 9161 9091 9158
f 8829 8976 8562
f 8562 8833 8563
f 8563 8833 8834
f 8834 8833 9059
f 9059 8833 9163
f 9059 9163 9346
f 8834 9059 9012
f 9012 9059 9164
f 9164 9059 9346
f 8834 9012 8563
f 8563 9012 8870
f 8870 9012 9158
f 9158 9012 9162
f 9346 9163 9248
f 9248 9163 9161
f 9346 9248 9249
f 9249 9248 9162
f 9164 9346 9249
f 9164 9249 9012
f 9248 9161 9162
f 9249 9162 9012
f 9162 9161 9158
f 7636 7217 7693
f 7636 7693 7948
f 7948 7693 7950
f 7948 7950 7974
f 7974 7950 8030
f 8030 7950 8004
f 8004 7950 7799
f 8030 8004 8059
f 8004 7914 8059
f 7914 7663 7850
f 7914 7850 8059
f 8300 8100 8330
f 8330 8100 8303
f 8300 8330 8517
f 8300 8517 8712
f 8300 8712 8557
f 8557 8712 8757
f 8757 8712 8867
f 8757 8867 9007
f 8099 8386 8482
f 8099 8482 8297
f 8482 8386 8756
f 8756 8386 8675
f 8756 8675 9007
f 8756 9007 8866
f 8756 8866 8674
f 8756 8674 8482
f 8482 8674 8297
f 8297 8674 8516
f 8866 9007 8867
f 8866 8867 8674
f 8674 8867 8712
f 8674 8712 8517
f 8674 8517 8516
f 9214 8973 9246
f 9246 8973 9156
f 9156 8973 9035
f 8485 8303 8387
f 8485 8387 8560
f 8485 8560 8646
f 8646 8560 8759
f 8387 8303 8025
f 8618 8485 8519
f 8618 8519 8676
f 8519 8485 8561
f 8561 8485 8646
f 8387 8025 8202
f 8387 8202 8560
f 8560 8202 8447
f 8560 8447 8759
f 8646 8759 8647
f 8646 8647 8561
f 8759 8447 8520
f 8520 8447 8202
f 8520 8202 8331
f 8561 8448 8519
f 8519 8448 8358
f 8830 9010 9035
f 9035 9010 9301
f 9035 9301 9342
f 9301 9640 9342
f 9035 9342 9415
f 9035 9415 9156
f 9415 9342 9640
f 9415 9640 9416
f 9415 9416 9156
f 9156 9416 9159
f 9156 9159 8975
f 9416 9640 9343
f 9159 9343 9058
f 9343 9159 9416
f 9159 9058 8718
f 9159 8718 8975
f 8975 8718 8717
f 9414 9009 9218
f 9218 9009 9036
f 9009 8716 9036
f 9036 8716 9011
f 9036 9011 9303
f 9036 9303 9344
f 9344 9303 9641
f 9093 8791 9189
f 9093 9189 9345
f 9345 9189 9448
f 9641 9345 9448
f 9344 9641 9447
f 9344 9447 9036
f 9036 9447 9218
f 9447 9641 9448
f 9447 9448 9189
f 9447 9189 9247
f 9447 9247 9218
f 9492 9189 9558
f 9492 9558 9926
f 9492 9926 9864
f 9864 9926 10196
f 9864 10196 10169
f 10169 10196 10456
f 9925 9526 9863
f 9925 9863 10231
f 10231 9863 10230
f 9492 9864 9741
f 9741 9864 10169
f 9741 10169 10168
f 10168 10169 10456
f 10456 10231 10230
f 9741 10168 10195
f 10195 10168 10456
f 9741 10195 9924
f 10195 10456 10230
f 10195 10230 9863
f 10195 9863 9924
f 6748 6588 6809
f 6809 6588 6749
f 6809 6749 6810
f 6809 6810 6850
f 6850 6810 6851
f 6748 6809 6982
f 6982 6809 7023
f 7023 6809 6983
f 6983 6809 6850
f 6983 6850 6851
f 6810 6749 6951
f 6810 6951 6922
f 6810 6922 6851
f 6851 6922 7024
f 6851 7024 6983
f 6983 7024 7023
f 7023 7024 7152
f 7023 7152 7151
f 7023 7151 6982
f 7151 7152 7303
f 7024 6922 6951
f 7024 6951 7152
f 7539 7337 7637
f 7539 7637 7740
f 7539 7740 7692
f 7740 7637 7801
f 7740 7801 7849
f 7800 7694 8000
f 7800 8000 8002
f 7800 8002 8003
f 7800 8003 7915
f 7915 8003 8005
f 8002 8000 7880
f 8002 7880 7913
f 8002 7913 8003
f 8003 7913 7975
f 8003 7975 8005
f 7880 7692 7913
f 7913 7692 7740
f 7913 7740 7975
f 7975 7740 7849
f 7975 7849 8005
f 8005 7849 7801
f 7691 7662 7336
f 7800 7915 7801
f 7801 7915 8005
f 7800 7801 7637
f 7336 7568 7690
f 7336 7690 7634
f 7690 7568 7738
f 7690 7738 7827
f 7827 7738 8001
f 7634 7690 7847
f 7634 7847 7878
f 7690 7827 7910
f 7910 7827 8001
f 7690 7910 7847
f 7910 8001 7949
f 7910 7949 7847
f 7847 7949 7912
f 7949 8001 7848
f 7949 7848 7912
f 7912 7848 7739
f 7912 7739 7879
f 7847 7912 7878
f 7912 7879 7878
f 10106 10332 10162
f 10106 10162 9857
f 9857 10162 9946
f 9857 9946 9738
f 9857 9738 9553
f 10162 10332 10187
f 10162 10187 9946
f 10187 10332 10136
f 10187 10136 10006
f 10006 10136 9947
f 10389 10449 10359
f 10359 10449 10563
f 10563 10449 10578
f 10563 10578 10663
f 10578 10450 10589
f 10578 10589 10663
f 10589 10450 10579
f 10589 10579 10663
f 10663 10579 10564
f 10564 10579 10360
f 10563 10663 10564
f 10563 10564 10359
f 10359 10564 10360
f 10359 10360 10193
f 10193 10360 10229
f 10579 10451 10360
f 10360 10451 10229
f 9901 9762 10038
f 9901 10038 9976
f 9976 10038 10251
f 10251 10038 10273
f 9949 9976 10252
f 10252 9976 10251
f 10252 10251 10453
f 10453 10251 10452
f 10251 10273 10454
f 10251 10454 10452
f 10452 10454 10565
f 10565 10455 10417
f 10565 10453 10452
f 5356 5370 4826
f 4826 5370 4956
f 5356 4826 5373
f 5373 4826 4827
f 5356 5373 5533
f 5370 5356 5510
f 5510 5356 5533
f 5370 5510 5498
f 5370 5498 5354
f 5498 5510 5569
f 5533 5373 5542
f 5569 5510 5589
f 5589 5510 5533
f 5569 5589 5621
f 5569 5621 5596
f 5621 5589 5627
f 5589 5533 5599
f 5599 5533 5542
f 5589 5599 5627
f 5627 5599 5633
f 5627 5633 5631
f 5599 5542 5610
f 5599 5610 5633
f 5610 5542 5600
f 5600 5542 5535
f 5610 5600 5625
f 5610 5625 5633
f 5633 5625 5635
f 5635 5625 5629
f 5370 5354 4956
f 4956 5354 5002
f 5002 5354 5336
f 5336 5354 5449
f 5449 5354 5498
f 5449 5498 5521
f 5521 5498 5569
f 4956 5002 4168
f 4168 5002 3925
f 4956 4168 3927
f 4956 3927 4826
f 4826 3927 3667
f 3927 4168 3024
f 3024 4168 3925
f 3667 3927 2417
f 2417 3927 3024
f 3667 2417 1987
f 1987 2417 754
f 754 2417 1396
f 1396 2417 1985
f 1985 2417 3024
f 3024 3925 2957
f 2957 3925 3885
f 3024 2957 1903
f 4524 3923 3885
f 3885 3923 3497
f 3885 3497 2957
f 3497 3923 2735
f 3497 2735 2234
f 3497 2234 2957
f 2957 2234 1903
f 1903 2234 1258
f 1258 2234 1794
f 1903 1258 646
f 1903 646 1185
f 1185 646 46
f 646 1258 315
f 315 1258 1078
f 646 315 6752
f 646 6752 46
f 46 6752 6861
f 6861 6752 8276
f 6861 8276 7666
f 8276 6752 8846
f 5449 5521 5345
f 5449 5345 5336
f 5345 5521 5557
f 5557 5521 5569
f 5557 5569 5596
f 5557 5596 5564
f 5557 5564 5345
f 5564 5596 5603
f 5336 5345 5105
f 5336 5105 5002
f 4592 3925 5002
f 4592 5002 5105
f 4592 5105 4889
f 5564 5603 5530
f 5530 5603 5578
f 5301 5345 5564
f 5301 5564 5530
f 5081 5105 5345
f 5081 5345 5301
f 4854 4889 5105
f 4854 5105 5081
f 5437 5530 5578
f 5437 5578 5496
f 5437 5496 5338
f 5437 5338 4921
f 5530 5437 5152
f 5152 5437 4921
f 5530 5152 5301
f 5152 4921 4589
f 5152 4589 5301
f 5301 4589 5081
f 4589 4921 4100
f 4589 4100 3580
f 3580 4100 2806
f 3580 2806 2336
f 2336 2806 1639
f 5081 4589 4251
f 5081 4251 4854
f 4251 4589 3531
f 4251 3531 3234
f 4251 3234 4854
f 3234 3531 2334
f 4854 3234 3739
f 4854 3739 4889
f 3739 3234 2029
f 4889 3739 3923
f 4889 3923 4524
f 3739 2029 2474
f 3739 2474 3923
f 2474 2029 1677
f 3923 2474 2735
f 2735 2474 1677
f 2735 1677 1794
f 5603 5596 5621
f 5603 5621 5623
f 5623 5621 5627
f 5603 5623 5578
f 5623 5627 5631
f 5578 5623 5598
f 5598 5623 5631
f 5578 5598 5539
f 5578 5539 5496
f 5496 5539 5338
f 5539 5598 5616
f 5616 5598 5631
f 5539 5616 5552
f 5616 5631 5635
f 5635 5631 5633
f 5616 5635 5619
f 5616 5619 5552
f 5552 5619 5559
f 4921 5338 4923
f 4921 4923 3887
f 4921 3887 4100
f 4923 5338 4925
f 4923 4925 3887
f 4925 5338 5389
f 5389 5338 5539
f 5389 5539 5552
f 5389 5552 5415
f 5389 5415 4925
f 5415 5552 5559
f 5415 5559 5424
f 4925 5415 4927
f 4927 5415 5424
f 4925 4927 3887
f 4927 5424 4928
f 4927 4928 3782
f 4927 3782 3887
f 3782 4928 3740
f 3887 3782 2419
f 3887 2419 4100
f 4100 2419 2806
f 2419 3782 2235
f 2235 3782 3740
f 2806 2419 1299
f 1299 2419 2235
f 2806 1299 1639
f 4891 3703 3740
f 3740 3703 2135
f 3740 2135 2235
f 2135 3703 2079
f 1299 2235 1034
f 1034 2235 2135
f 2135 2079 895
f 2135 895 1034
f 895 2079 897
f 895 897 5910
f 1034 895 5841
f 5841 895 5910
f 1299 1034 398
f 398 1034 5841
f 1299 398 893
f 1299 893 1639
f 1639 893 1442
f 893 398 592
f 893 592 1442
f 1639 1442 2336
f 2336 1442 2334
f 2336 2334 3580
f 3580 2334 3531
f 3580 3531 4589
f 2334 1442 1440
f 1440 1442 1032
f 1032 1442 592
f 1440 1032 5679
f 5679 1032 592
f 1440 5679 515
f 5679 592 6337
f 515 5679 6819
f 6819 5679 6337
f 6337 592 121
f 121 592 398
f 121 398 5908
f 5908 398 5841
f 6337 121 6821
f 6821 121 5908
f 5908 5841 6863
f 5908 6863 6821
f 6863 5841 5910
f 6337 6821 7474
f 6337 7474 6819
f 7474 6821 7830
f 7830 6821 6863
f 7474 7830 8191
f 7830 6863 7772
f 7474 8191 8159
f 7474 8159 6819
f 8277 8191 7772
f 8159 8191 8431
f 8431 8191 8277
f 8159 8431 8882
f 8159 8882 7856
f 8159 7856 6819
f 7856 8882 9254
f 8431 8277 8596
f 8431 8596 9017
f 8597 8277 7772
f 8277 8597 8596
f 9909 9769 9254
f 9017 8596 9392
f 9017 9392 9351
f 9351 9392 9912
f 9351 9912 9910
f 9912 9392 9459
f 9459 9392 8596
f 9912 9459 10080
f 9459 8596 9461
f 9459 9461 10080
f 9461 8596 8597
f 10080 9461 10203
f 10203 9461 9505
f 9505 9461 8597
f 10203 9505 10235
f 10235 9505 9463
f 10235 9463 10174
f 9463 9505 8599
f 8599 9505 8597
f 9463 8599 8569
f 8569 8599 7773
f 8599 8597 7804
f 8599 7804 7773
f 7804 8597 7772
f 7773 7804 6900
f 7804 7772 6863
f 6900 7804 6898
f 6898 7804 6863
f 6900 6898 5882
f 6898 6863 5910
f 6898 5910 5882
f 5535 5542 5373
f 5535 5373 5357
f 5357 5373 4746
f 5357 4746 4680
f 4746 5373 4827
f 4680 4746 3498
f 4826 3667 4827
f 4827 3667 3625
f 4827 3625 4746
f 3625 3667 1987
f 3498 4746 3582
f 3582 4746 3625
f 3498 3582 1796
f 3625 1987 1942
f 3625 1942 3582
f 1796 3582 1871
f 1871 3582 1942
f 1796 1871 472
f 1942 1987 754
f 472 1871 559
f 1871 1942 648
f 1871 648 559
f 648 1942 754
f 472 559 6262
f 6262 559 6181
f 6262 6181 7162
f 559 648 6142
f 559 6142 6181
f 7162 6181 7101
f 7101 6181 6142
f 7162 7101 8014
f 6142 648 6102
f 6102 648 754
f 6142 6102 7101
f 8014 7101 8013
f 7101 6102 7100
f 8013 7101 8011
f 8011 7101 7100
f 8013 8011 8848
f 8013 8848 8014
f 8848 8011 8885
f 8848 8885 9771
f 8014 8848 8807
f 8807 8848 9606
f 9606 8848 9749
f 9749 8848 9773
f 9606 9749 10367
f 9606 10367 10237
f 7003 7100 6102
f 7100 7003 7388
f 7388 7003 7858
f 7858 7003 7666
f 7666 7003 6861
f 6861 7003 46
f 7003 6102 5987
f 7003 5987 46
f 5987 6102 754
f 46 5987 1185
f 5987 754 594
f 5987 594 1185
f 594 754 1396
f 594 1396 1185
f 5600 5535 5580
f 5600 5580 5625
f 5629 5625 5613
f 5613 5625 5606
f 5606 5625 5580
f 5613 5606 5582
f 5582 5606 5580
f 5582 5580 5512
f 5503 5580 5535
f 5580 5503 5512
f 5503 5535 5357
f 5512 5503 5403
f 5503 5357 5329
f 5503 5329 5403
f 5329 5357 4680
f 5403 5329 4894
f 5329 4680 3741
f 5329 3741 4894
f 3741 4680 2137
f 2137 4680 3498
f 3741 2137 2079
f 2137 3498 938
f 3741 2079 3703
f 3741 3703 4894
f 4894 3703 4891
f 938 3498 1796
f 938 1796 5844
f 5844 1796 472
f 5844 472 6822
f 6822 472 6262
f 6822 6262 7719
f 6822 7719 6900
f 7719 6262 7162
f 7719 7162 8462
f 7719 8462 8569
f 8569 8462 9463
f 8462 7162 8014
f 8462 8014 9313
f 9313 8014 8807
f 9313 8807 10021
f 10021 8807 9606
f 10021 9606 10462
f 10462 9606 10237
f 10462 10237 10533
f 5613 5582 5629
f 5635 5629 5612
f 5635 5612 5619
f 5619 5612 5559
f 5559 5612 5553
f 5553 5612 5582
f 5559 5553 5424
f 5553 5582 5512
f 5424 5553 5426
f 5426 5553 5512
f 5426 5512 5403
f 5424 5426 4928
f 4928 5426 4891
f 4928 4891 3740
f 5612 5629 5582
f 5426 5403 4891
f 4891 5403 4894
f 897 2079 2137
f 897 2137 938
f 897 938 5882
f 897 5882 5910
f 5882 938 5844
f 5882 5844 6822
f 5882 6822 6900
f 8191 7830 7772
f 8431 9017 8882
f 8882 9017 9351
f 8882 9351 9254
f 9254 9351 9909
f 9909 9351 9910
f 8880 7856 9254
f 8880 9254 9769
f 8880 9769 8805
f 8805 9769 9654
f 7856 8880 7752
f 7752 8880 8805
f 7856 7752 7229
f 7856 7229 6819
f 7229 7752 6608
f 7229 6608 6372
f 6608 7752 7750
f 7750 7752 8805
f 6608 7750 6686
f 6819 7229 5906
f 5906 7229 6372
f 6819 5906 515
f 5906 6372 644
f 515 5906 1298
f 1298 5906 644
f 6686 7750 7717
f 6686 7717 6645
f 8802 7750 8805
f 7750 8802 7717
f 8802 8805 9654
f 8802 9654 9604
f 8802 9604 8801
f 8802 8801 7717
f 8801 9604 9686
f 7664 6645 7717
f 7664 7717 8801
f 6645 7664 6563
f 7664 8801 8799
f 6563 7664 7549
f 7549 7664 8799
f 6563 7549 6301
f 7549 8799 8798
f 6301 7549 7386
f 7386 7549 8798
f 7386 8798 8681
f 7386 8681 7346
f 6301 7386 6062
f 7386 7346 6816
f 7386 6816 6062
f 6062 6816 6061
f 6061 6816 6453
f 6061 6453 5955
f 9769 9909 10046
f 9769 10046 9932
f 9769 9932 9806
f 9769 9806 9654
f 10046 9909 9910
f 10046 9910 10048
f 10048 9910 10397
f 10397 9910 10259
f 10259 9910 9912
f 10397 10259 10593
f 10259 9912 10504
f 10259 10504 10593
f 10504 9912 10080
f 10593 10504 10636
f 10504 10080 10581
f 10504 10581 10636
f 10636 10581 10649
f 10581 10080 10203
f 10649 10581 10595
f 10595 10581 10203
f 10595 10203 10235
f 9654 9806 9930
f 9654 9930 9604
f 9604 9930 10019
f 9604 10019 9686
f 9686 10019 10201
f 9686 10201 9804
f 9804 10201 10255
f 9804 10255 9907
f 9804 9907 8798
f 9804 8798 8799
f 9804 8799 9686
f 9686 8799 8801
f 9930 9806 9843
f 9930 9843 10019
f 10019 9843 9954
f 10019 9954 10201
f 10201 9954 10144
f 10201 10144 10255
f 9954 9843 9502
f 9954 9502 10144
f 9391 9843 9806
f 10144 9502 9718
f 10144 9718 10257
f 9718 9502 8568
f 8568 9502 8526
f 9718 8568 8654
f 9389 9502 9843
f 9502 9389 8526
f 9389 9843 9391
f 8526 9389 8495
f 8495 9389 9391
f 8495 9391 8528
f 8528 9391 9537
f 9537 9391 9806
f 9537 9806 9932
f 9537 9932 9656
f 9656 9932 10046
f 9537 9656 8846
f 9656 10046 9687
f 9656 9687 8846
f 8846 9687 8987
f 9687 10046 10048
f 9687 10048 10397
f 9687 10397 10079
f 10079 10397 10304
f 10079 10304 9721
f 10304 10397 10593
f 9721 10304 9771
f 10304 10593 10422
f 10304 10422 9771
f 10422 10593 10636
f 9771 10422 9773
f 10422 10636 10423
f 10422 10423 9773
f 10423 10636 10649
f 9773 10423 10367
f 10367 10423 10649
f 9773 10367 9749
f 10367 10649 10624
f 10367 10624 10533
f 10367 10533 10237
f 8798 9907 8681
f 8681 9907 9803
f 9803 9907 10076
f 10076 9907 10255
f 10076 10255 10257
f 10076 10257 10018
f 10257 10255 10144
f 9839 10257 9718
f 9839 9718 8654
f 10257 9839 10018
f 9839 8654 8732
f 10018 9839 9767
f 9767 9839 8732
f 9767 8732 8683
f 9803 10076 9873
f 9803 9873 9600
f 9873 10076 9838
f 9803 9600 8681
f 9838 10076 10018
f 8681 9600 8594
f 9838 10018 9767
f 8681 8594 7343
f 9838 9767 9572
f 9572 9767 8683
f 9572 8683 8626
f 8681 7343 7346
f 7346 7343 6858
f 7346 6858 6816
f 8683 8732 7436
f 6138 7436 6100
f 7436 6138 7385
f 7436 7385 8683
f 8683 7385 8626
f 8626 7385 7383
f 7383 7385 6300
f 7436 8732 8654
f 6100 7436 6336
f 6336 7436 7511
f 7511 7436 8654
f 6336 7511 6566
f 7511 8654 7576
f 7511 7576 6566
f 6566 7576 6647
f 7576 8654 8568
f 6647 7576 7577
f 7577 7576 8568
f 7577 8568 8526
f 7577 8526 7579
f 7579 8526 8495
f 7577 7579 6606
f 6300 7385 6138
f 6300 6138 6179
f 6179 6138 5957
f 5957 6138 435
f 5957 435 237
f 6336 6566 265
f 6336 265 6100
f 435 6138 6100
f 435 6100 590
f 590 6100 591
f 591 6100 265
f 591 265 1218
f 591 1218 1581
f 1218 265 705
f 591 1581 843
f 705 265 239
f 591 843 237
f 237 843 394
f 237 394 5667
f 237 5667 5879
f 237 5879 5957
f 239 265 5713
f 5713 265 6566
f 239 5713 42
f 5713 6566 6647
f 42 5713 5838
f 5838 5713 6647
f 42 5838 5904
f 42 5904 5677
f 5838 6647 6606
f 5838 6606 5904
f 6606 6647 7577
f 5677 5904 43
f 43 5904 6606
f 5677 43 197
f 43 6606 6414
f 6414 6606 7438
f 197 43 437
f 437 43 6414
f 6414 7438 7160
f 197 437 514
f 514 437 1030
f 6414 7160 5986
f 6414 5986 437
f 5986 7160 315
f 5986 315 437
f 315 7160 6752
f 437 315 1078
f 7579 8495 7438
f 7438 8495 8528
f 7579 7438 6606
f 7438 8528 7160
f 8528 9537 8846
f 8528 8846 7160
f 9687 10079 8948
f 9687 8948 8987
f 8948 10079 9721
f 8987 8948 8460
f 8987 8460 8276
f 8948 9721 8921
f 8921 9721 8885
f 8885 9721 9771
f 8948 8921 7858
f 8948 7858 8460
f 7858 8921 8885
f 8460 7858 7666
f 7858 8885 8011
f 10649 10595 10624
f 10624 10595 10567
f 10567 10595 10235
f 10624 10567 10462
f 10624 10462 10533
f 10567 10235 10174
f 10567 10174 10462
f 10462 10174 10021
f 10021 10174 9313
f 9313 10174 9463
f 9313 9463 8462
f 7773 6900 7719
f 8569 7773 7719
f 8011 7100 7388
f 8011 7388 7858
f 8848 9771 9773
f 8987 8276 8846
f 8460 7666 8276
f 8846 6752 7160
f 1396 1985 1903
f 1396 1903 1185
f 1903 1985 3024
f 5677 197 5840
f 5677 5840 42
f 42 5840 5802
f 42 5802 5675
f 42 5675 239
f 239 5675 314
f 239 314 705
f 5840 197 5714
f 5714 197 514
f 5840 5714 6608
f 5840 6608 6686
f 5714 514 241
f 5714 241 6608
f 6608 241 6372
f 241 514 1030
f 6372 241 644
f 644 241 1030
f 644 1030 1677
f 1677 1030 1794
f 644 1677 1298
f 1298 1677 2029
f 1298 2029 515
f 5675 5802 6563
f 6563 5802 6645
f 6645 5802 6686
f 6686 5802 5840
f 5675 6563 314
f 314 6563 6301
f 314 6301 6062
f 314 6062 704
f 314 704 705
f 704 6062 433
f 704 433 640
f 705 704 1218
f 704 640 1147
f 704 1147 1218
f 1218 1147 1581
f 1030 437 1078
f 1030 1078 1794
f 1794 1078 1258
f 1794 2234 2735
f 3885 3925 4524
f 4524 3925 4592
f 4524 4592 4889
f 3234 2334 2029
f 2334 1440 2029
f 2029 1440 515
f 191 355 890
f 355 191 5663
f 890 355 637
f 355 5663 193
f 355 193 637
f 890 637 1393
f 193 5663 5711
f 637 193 467
f 193 5711 6095
f 6095 5711 6682
f 6682 5711 6332
f 6332 5711 5663
f 6682 6332 7060
f 7060 6332 6928
f 6332 5663 6135
f 6332 6135 6928
f 6135 5663 191
f 6928 6135 6056
f 6056 6135 191
f 6928 6056 6679
f 6056 191 5952
f 6056 5952 6411
f 6056 6411 6679
f 6679 6411 7001
f 356 193 6095
f 193 356 467
f 356 6095 194
f 194 6095 6227
f 467 356 891
f 891 356 194
f 194 6227 6412
f 194 6412 5669
f 5669 6412 6644
f 5669 6644 5881
f 5669 5881 195
f 194 5669 396
f 396 5669 195
f 396 195 555
f 555 195 312
f 396 555 806
f 194 396 587
f 587 396 806
f 194 587 891
f 587 806 1119
f 587 1119 891
f 891 1119 1256
f 891 1256 1075
f 891 1075 467
f 1075 1256 1438
f 467 1075 1216
f 1216 1075 1438
f 467 1216 637
f 637 1216 1393
f 1393 1216 1438
f 1393 1438 1540
f 1393 1540 1675
f 1393 1675 1580
f 1580 1675 1983
f 1393 1580 890
f 1580 1983 2027
f 890 1580 1213
f 890 1213 191
f 1580 2027 1793
f 1580 1793 1213
f 191 1213 554
f 191 554 5798
f 554 1213 1793
f 1793 2027 2181
f 554 1793 1294
f 554 1294 510
f 510 1294 552
f 1793 2181 1940
f 1294 1793 1707
f 1707 1793 1901
f 552 1294 1212
f 1212 1294 1707
f 552 1212 1182
f 1940 2181 2076
f 1940 2076 1707
f 2076 2181 2415
f 1212 1707 1673
f 1182 1212 1938
f 1938 1212 1673
f 1707 2076 2232
f 1707 2232 1673
f 2232 2076 2415
f 1673 2232 1938
f 2232 2415 2734
f 2734 2415 2804
f 2232 2734 2955
f 2955 2734 2804
f 2232 2955 1938
f 2955 2804 3090
f 2955 3090 2951
f 1938 2955 2953
f 1938 2953 2530
f 2530 2953 2732
f 6682 7060 7341
f 7887 7060 6928
f 7060 7887 8133
f 7060 8133 7341
f 6682 7341 7605
f 6682 7605 6095
f 7341 8133 8338
f 7341 8338 7605
f 8338 8133 9128
f 8338 9128 9384
f 6095 7605 6227
f 8338 9384 8593
f 8338 8593 7605
f 8593 9384 9500
f 8593 9500 9570
f 6227 7605 7509
f 7605 8593 8653
f 7605 8653 7509
f 8653 8593 9570
f 6227 7509 7473
f 7473 7509 8653
f 8653 9570 8428
f 8653 8428 7473
f 8428 9570 9130
f 6227 7473 6412
f 7473 8428 8402
f 6412 7473 7548
f 7548 7473 8402
f 6412 7548 6644
f 6644 7548 7606
f 7606 7548 8402
f 7606 8402 8341
f 9128 8133 7887
f 9128 7887 8764
f 9311 9801 8764
f 9311 8764 8337
f 8337 8764 7887
f 9311 8337 8730
f 8337 7887 7544
f 7544 7887 6928
f 7544 6928 6679
f 7544 6679 7226
f 8337 7544 8009
f 8337 8009 8730
f 8009 7544 7226
f 8730 8009 7699
f 7699 8009 7226
f 8730 7699 8400
f 7699 7226 7001
f 6411 5952 6299
f 191 5798 5952
f 5952 5798 6299
f 554 510 5798
f 5798 510 6299
f 6411 6299 6926
f 6411 6926 7001
f 7001 6926 7699
f 7699 6926 6813
f 6813 6926 6299
f 7699 6813 7507
f 6299 510 5984
f 6299 5984 6813
f 5984 510 552
f 6813 5984 6602
f 6813 6602 7339
f 6602 5984 5746
f 7339 6602 7224
f 6602 5746 5796
f 7224 6602 6370
f 6370 6602 5796
f 7224 6370 7192
f 7192 6370 6600
f 7192 6600 7190
f 6370 5796 5835
f 6370 5835 6600
f 5835 5796 508
f 508 5796 464
f 1182 464 552
f 464 1182 508
f 2025 1182 1938
f 1182 2025 2270
f 1182 2270 1338
f 1182 1338 508
f 1338 2270 1489
f 1338 1489 508
f 1489 2270 2529
f 1489 2529 2800
f 1489 2800 1637
f 508 1489 550
f 1489 1637 632
f 1489 632 550
f 632 1637 801
f 801 1637 1835
f 801 1835 2178
f 508 550 5874
f 508 5874 5835
f 550 632 5833
f 550 5833 5874
f 5833 632 801
f 5835 5874 6598
f 6598 5874 5833
f 5835 6598 6600
f 6600 6598 7190
f 7190 6598 6559
f 6559 6598 5833
f 7190 6559 7222
f 7222 6559 7220
f 6559 5833 6522
f 6559 6522 7220
f 5742 5833 801
f 5833 5742 6522
f 5742 801 119
f 5742 119 6522
f 8086 7917 7220
f 8086 7220 7188
f 7188 7220 6522
f 8086 7188 8187
f 7188 6522 6409
f 6409 6522 119
f 8187 7188 7505
f 7505 7188 6409
f 8187 7505 8307
f 8307 7505 7541
f 7505 6409 6297
f 7505 6297 7541
f 6297 6409 119
f 7541 6297 6485
f 6297 119 392
f 6297 392 6485
f 7541 6485 7257
f 8247 8307 7257
f 8247 7257 8225
f 8225 7257 7186
f 392 119 1116
f 1116 119 801
f 1116 801 2178
f 1116 2178 1538
f 1116 1538 392
f 1538 2178 2525
f 7186 7257 6368
f 6368 7257 6485
f 506 6485 392
f 506 392 1538
f 6485 506 6368
f 1538 2525 1741
f 1538 1741 506
f 1741 2525 2580
f 6368 506 547
f 547 506 1741
f 6259 7186 6368
f 6259 6368 547
f 7186 6259 7157
f 1741 2580 1704
f 1741 1704 547
f 1704 2580 2728
f 1704 2728 3088
f 547 1704 2267
f 547 2267 700
f 547 700 6259
f 700 2267 2303
f 6176 7157 6259
f 6176 6259 700
f 7157 6176 7126
f 700 2303 751
f 700 751 6176
f 751 2303 1975
f 7126 6176 6330
f 6330 6176 751
f 7126 6330 7155
f 7155 6330 6448
f 6330 751 501
f 6330 501 6448
f 501 751 1975
f 6448 501 354
f 354 501 1975
f 354 1975 1791
f 6679 7001 7226
f 9128 8764 10142
f 9128 10142 9384
f 10142 8764 9801
f 9384 10142 10278
f 10142 9801 10338
f 10142 10338 10278
f 10338 9801 10112
f 10112 9801 9650
f 10278 10338 10460
f 9650 9801 9311
f 10278 10460 10365
f 9650 9311 9097
f 9097 9311 8730
f 9097 8730 8728
f 8728 8730 8400
f 10278 10365 10143
f 9500 9384 10278
f 9500 10278 10143
f 9500 10143 9570
f 8728 8400 8362
f 8362 8400 7884
f 7884 8400 7699
f 7884 7699 7507
f 8724 8842 8362
f 8724 8362 8274
f 8724 8274 8651
f 8651 8274 8567
f 8274 8362 8033
f 8033 8362 7884
f 8567 8274 8249
f 8567 8249 8680
f 8680 8249 8395
f 8680 8395 8878
f 8878 8395 8621
f 8878 8621 9014
f 8395 8249 8206
f 8249 8274 8110
f 8249 8110 8206
f 8110 8274 8033
f 8110 8033 7919
f 7919 8033 7884
f 8206 8110 8007
f 8007 8110 7919
f 8206 8007 8088
f 8206 8088 8426
f 8007 7919 7746
f 7746 7919 7884
f 8088 8007 7715
f 7715 8007 7746
f 7746 7884 7339
f 7746 7339 7715
f 7339 7884 7507
f 7339 7507 6813
f 7715 7339 7224
f 7715 7224 7697
f 7715 7697 8088
f 7697 7224 7192
f 8204 8426 8088
f 8204 8088 7697
f 8426 8204 8622
f 7697 7192 7769
f 7697 7769 8204
f 7769 7192 7190
f 8622 8204 8393
f 8393 8204 7769
f 8622 8393 8795
f 7769 7190 7854
f 7769 7854 8393
f 7854 7190 7222
f 7854 7222 7917
f 7854 7917 8393
f 7917 7222 7220
f 8393 7917 8491
f 8393 8491 8795
f 8491 7917 8086
f 8795 8491 8946
f 8491 8086 8452
f 8491 8452 8946
f 8452 8086 8187
f 8452 8187 8307
f 8452 8307 8946
f 8795 8946 9065
f 9065 8946 9381
f 9065 9381 9348
f 8946 8307 9095
f 8946 9095 9381
f 9095 8307 9061
f 9061 8307 8247
f 9381 9095 9454
f 9381 9454 9498
f 9498 9454 9534
f 9454 9095 9496
f 9496 9095 9061
f 9534 9454 9566
f 9566 9454 9496
f 9681 9568 9534
f 9681 9534 9566
f 9681 9566 9714
f 9496 9061 9452
f 9496 9452 9566
f 9038 9061 8247
f 9061 9038 9452
f 9038 8247 8225
f 9566 9452 9564
f 9566 9564 9714
f 9564 9452 9561
f 9564 9561 9714
f 9452 9038 9421
f 9452 9421 9561
f 9038 8225 8184
f 8184 8225 7186
f 9714 9561 9597
f 9597 9561 9421
f 9714 9597 9712
f 9712 9597 9710
f 8184 7186 7157
f 9710 9597 9529
f 9529 9597 9421
f 9710 9529 9798
f 9529 9421 9418
f 9743 9868 9798
f 9529 9418 9743
f 9868 9743 9875
f 9875 9743 9418
f 9875 9418 9539
f 9418 9421 8978
f 8978 9421 9038
f 8978 9038 8184
f 9418 8978 8944
f 9418 8944 9539
f 8944 8978 8184
f 9539 8944 8872
f 8944 8184 8156
f 8944 8156 8872
f 8872 8156 8102
f 8156 8184 7157
f 8156 7157 7126
f 10112 9650 10043
f 10112 10043 10338
f 10338 10043 10277
f 10338 10277 10460
f 10460 10277 10393
f 10277 10043 9905
f 10393 10277 10170
f 10170 10277 9905
f 9649 10043 9650
f 10043 9649 9905
f 9649 9650 9126
f 9126 9650 9097
f 9126 9097 8728
f 10170 9905 9716
f 9126 8728 8842
f 8842 8728 8362
f 9716 9905 9349
f 10170 9716 10301
f 10170 10301 10393
f 10301 9716 9951
f 10393 10301 10362
f 10393 10362 10365
f 10362 10301 10364
f 10364 10301 9951
f 10364 9951 10044
f 9456 9349 9905
f 9349 9456 8984
f 9456 9905 9649
f 8984 9456 8493
f 9456 9649 8982
f 9456 8982 8493
f 8982 9649 9126
f 8982 9126 8842
f 8493 8982 8726
f 8726 8982 8842
f 8493 8726 8364
f 8364 8726 8251
f 8726 8842 8592
f 8592 8842 8724
f 8592 8724 8456
f 8456 8724 8651
f 8456 8651 8397
f 8397 8651 8567
f 8395 8206 8426
f 8395 8426 8621
f 8621 8426 8622
f 8621 8622 8840
f 8840 8622 8795
f 8621 8840 9014
f 8840 8795 9065
f 8840 9065 9168
f 9168 9065 9348
f 9168 9348 9166
f 9166 9348 9424
f 8980 9014 9168
f 8980 9168 9166
f 9014 8980 8763
f 9014 8763 8878
f 8980 9166 8678
f 8980 8678 8565
f 8980 8565 8763
f 8678 9166 8838
f 8763 8565 8336
f 8763 8336 8228
f 8878 8763 8722
f 8878 8722 8680
f 8722 8763 8587
f 8680 8722 8590
f 8590 8722 8587
f 8680 8590 8567
f 8567 8590 8397
f 8397 8590 8189
f 8397 8189 8208
f 8590 8587 8454
f 8590 8454 8189
f 8454 8587 8228
f 8189 8454 8131
f 8131 8454 8228
f 5746 5984 552
f 5746 552 5796
f 5796 552 464
f 8456 8397 8208
f 8456 8208 8251
f 8456 8251 8592
f 8592 8251 8726
f 8251 8208 7744
f 8251 7744 7771
f 8251 7771 8364
f 7744 8208 7713
f 7744 7713 6856
f 7744 6856 7771
f 7713 8208 7381
f 8364 7771 7885
f 8364 7885 8493
f 7381 8208 8189
f 8493 7885 8984
f 7885 7771 7130
f 7130 7771 6957
f 6957 7771 6856
f 7885 7130 7471
f 7130 6957 6604
f 7130 6604 7471
f 6957 6856 5876
f 6957 5876 6604
f 6604 5876 40
f 7471 6604 6814
f 7471 6814 7028
f 5876 6856 5982
f 5876 5982 634
f 5876 634 702
f 5982 6856 6781
f 6781 6856 7713
f 5982 6781 5950
f 6781 7713 7381
f 5950 6781 6596
f 6596 6781 7381
f 5950 6596 5744
f 6596 7381 7097
f 7097 7381 7543
f 7543 7381 8189
f 7543 8189 8131
f 7543 8131 8228
f 7543 8228 7603
f 7603 8228 8336
f 7097 7543 7159
f 7159 7543 7603
f 7603 8336 7742
f 7603 7742 7159
f 7742 8336 8565
f 7097 7159 6642
f 7097 6642 6596
f 6596 6642 39
f 39 6642 6719
f 6719 6642 7159
f 39 6719 5740
f 7742 8565 8063
f 7265 7159 7742
f 7159 7265 6719
f 7742 8063 7571
f 7742 7571 7265
f 8063 8565 8108
f 8063 8108 7571
f 8108 8565 8678
f 8108 8678 8157
f 8108 8157 7571
f 8157 8678 8838
f 8157 8838 9063
f 6780 6719 7265
f 6719 6780 5740
f 6780 7265 6854
f 6854 7265 7571
f 5740 6780 5794
f 5794 6780 6854
f 5740 5794 1024
f 1024 5794 1022
f 5794 6854 5831
f 5794 5831 1022
f 5831 6854 6895
f 6895 6854 7571
f 1022 5831 1019
f 1022 1019 2074
f 2074 1019 2176
f 1019 5831 5872
f 5872 5831 6895
f 2176 1019 1018
f 1018 1019 5872
f 2176 1018 2174
f 2174 1018 2330
f 5872 6895 6717
f 6717 6895 7571
f 1018 5872 5738
f 5738 5872 6717
f 1018 5738 1178
f 1336 2330 1178
f 2330 1336 2469
f 1178 5738 5661
f 1178 5661 1336
f 5738 6717 6678
f 5738 6678 5661
f 2469 1336 1335
f 2469 1335 2468
f 1336 5661 5659
f 1336 5659 1335
f 2468 1335 2578
f 5659 5661 6715
f 6715 5661 6678
f 3297 3493 2578
f 3297 2578 2671
f 2578 1335 1390
f 2578 1390 2671
f 5709 1335 5659
f 1335 5709 1390
f 5709 5659 6777
f 6777 5659 6715
f 1390 5709 5846
f 2671 1390 1302
f 1302 1390 5846
f 2671 1302 2674
f 2674 1302 2272
f 5709 6777 6865
f 5709 6865 5846
f 1302 5846 1036
f 1302 1036 2272
f 2272 1036 596
f 2272 596 1769
f 596 1036 6065
f 1036 5846 5989
f 1036 5989 6065
f 5989 5846 6865
f 6065 5989 6825
f 6825 5989 6902
f 6902 5989 6865
f 6825 6902 7349
f 6902 6865 7551
f 7551 6865 6777
f 7349 6902 7476
f 7476 6902 7551
f 7349 7476 7807
f 7807 7476 7953
f 7476 7551 8061
f 7476 8061 7953
f 7551 6777 7503
f 7551 7503 8061
f 7503 6777 6715
f 7953 8061 8369
f 7953 8369 7774
f 8369 8061 8488
f 8061 7503 8129
f 8061 8129 8488
f 7503 6715 7432
f 8942 8488 8874
f 8874 8488 8129
f 8874 8129 8876
f 7432 6715 6678
f 8876 8129 8389
f 7882 8129 7503
f 8129 7882 8389
f 7882 7503 7432
f 8876 8389 8619
f 7432 6678 7259
f 7259 6678 6717
f 7882 7432 7569
f 7569 7432 7259
f 8389 7882 8106
f 8389 8106 8619
f 8106 7882 7569
f 7259 6717 7307
f 7259 7307 7569
f 7307 6717 7571
f 7307 7571 7639
f 7307 7639 7569
f 7639 7571 8157
f 8106 7569 7852
f 7852 7569 7639
f 8106 7852 8619
f 7639 8157 8391
f 7639 8391 7852
f 7852 8391 8619
f 8391 8157 9063
f 8391 9063 8619
f 8210 8984 7885
f 8210 7885 7471
f 8984 8210 8524
f 8984 8524 9349
f 8210 7471 7748
f 8210 7748 8524
f 7748 7471 7028
f 7748 7028 7193
f 9349 8524 8843
f 8843 8524 7748
f 9349 8843 9716
f 7748 7193 7979
f 7748 7979 8843
f 7979 7193 7342
f 9716 8843 9099
f 9716 9099 9951
f 8843 7979 8112
f 8112 7979 7342
f 8843 8112 9099
f 8112 7342 7546
f 7546 7342 6643
f 7546 6643 6818
f 7546 6818 7641
f 9221 9951 9099
f 9951 9221 10044
f 9099 8112 8367
f 8367 8112 7546
f 9099 8367 9221
f 7546 7641 8458
f 7546 8458 8367
f 8367 8458 9221
f 8458 7641 8430
f 9221 8458 9386
f 7028 6814 6561
f 6561 6814 6452
f 6452 6814 6604
f 6452 6604 40
f 6561 6452 5954
f 6561 5954 6057
f 6452 40 5800
f 6452 5800 5954
f 6057 5954 511
f 5800 40 840
f 840 40 1028
f 5954 5800 703
f 703 5800 840
f 5954 703 511
f 840 1028 1254
f 1254 1028 1392
f 703 840 1145
f 1145 840 1254
f 1254 1392 1540
f 1254 1540 1438
f 1254 1438 1145
f 1540 1392 1675
f 1675 1392 1743
f 1675 1743 1983
f 1983 1743 1837
f 1145 1438 1256
f 1145 1256 978
f 1145 978 703
f 703 978 511
f 978 1256 1119
f 511 978 804
f 804 978 1119
f 511 804 307
f 804 1119 806
f 307 804 468
f 468 804 806
f 307 468 5665
f 468 806 555
f 468 555 235
f 235 555 312
f 235 312 5672
f 7028 6561 7193
f 7193 6561 6057
f 7193 6057 6225
f 6225 6057 307
f 307 6057 511
f 7193 6225 6486
f 6486 6225 307
f 7193 6486 7342
f 6486 307 5665
f 7342 6486 6643
f 6486 5665 5902
f 6486 5902 6643
f 5902 5665 235
f 235 5665 468
f 6643 5902 6140
f 6140 5902 235
f 6643 6140 6818
f 6140 235 5672
f 8458 8430 9068
f 8458 9068 9252
f 8458 9252 9387
f 9252 9068 9603
f 9252 9603 9651
f 9252 9651 9387
f 9836 9651 9747
f 9651 9836 9765
f 9651 9765 9387
f 9765 9836 9928
f 9765 9928 10232
f 9387 9765 9386
f 9387 9386 8458
f 9765 10232 10016
f 9765 10016 9386
f 10016 10232 10044
f 10016 10044 9386
f 10044 10232 10364
f 9386 10044 9221
f 9651 9603 9747
f 9836 9747 9458
f 9836 9458 9535
f 9535 9458 8986
f 9836 9535 9928
f 9535 8986 9039
f 9928 9535 9684
f 9684 9535 9039
f 9928 9684 10199
f 9928 10199 10232
f 10232 10199 10364
f 9570 10074 9684
f 9570 9684 9130
f 9130 9684 9039
f 9130 9039 8428
f 8428 9039 8402
f 8402 9039 8341
f 9039 8986 8341
f 9570 10143 10074
f 10074 10143 10365
f 10074 10365 10362
f 10074 10362 10199
f 10074 10199 9684
f 10199 10362 10364
f 10365 10460 10393
f 435 590 591
f 237 435 591
f 843 1581 1342
f 843 1342 638
f 843 638 394
f 394 638 233
f 394 233 5836
f 394 5836 5667
f 640 433 1147
f 980 1581 1147
f 980 1147 431
f 980 431 310
f 310 431 5955
f 310 5955 6059
f 6059 5955 6453
f 6059 6453 6562
f 1581 980 1342
f 638 1342 357
f 357 1342 936
f 936 1342 980
f 936 980 470
f 470 980 148
f 148 980 310
f 638 357 233
f 233 357 5671
f 5836 233 5671
f 5836 5671 6060
f 6060 5671 6179
f 6060 6179 5957
f 5836 6060 5879
f 5836 5879 5667
f 5879 6060 5957
f 148 310 6059
f 148 6059 6178
f 6178 6059 6562
f 6178 6562 6858
f 431 1147 433
f 431 433 5955
f 5955 433 6061
f 6562 6453 6858
f 6858 6453 6816
f 6062 6061 433
f 2270 2025 2802
f 2802 2025 1938
f 2802 1938 2473
f 2270 2802 2529
f 2529 2802 3399
f 2529 3399 2800
f 2800 3399 3700
f 2800 3700 3966
f 2800 3966 3304
f 3304 3966 4166
f 2800 3304 1835
f 2800 1835 1637
f 1835 3304 2178
f 3304 4166 3578
f 3304 3578 2178
f 3578 4166 4278
f 4278 4166 4317
f 2178 3578 3698
f 3698 3578 4278
f 2178 3698 2525
f 4278 4317 4390
f 2525 3698 3574
f 3698 4278 4249
f 3698 4249 3574
f 4249 4278 4390
f 2525 3574 2580
f 4390 4317 4522
f 2580 3574 3921
f 2580 3921 2728
f 3574 4249 4461
f 3574 4461 3921
f 2728 3921 3964
f 3964 3921 4461
f 2728 3964 3088
f 4678 4249 4390
f 4249 4678 4461
f 4678 4390 4824
f 4824 4390 4522
f 3964 4461 4617
f 4461 4678 4882
f 4461 4882 4617
f 4678 4824 4950
f 4678 4950 4882
f 4824 4522 4952
f 4952 4522 4723
f 4824 4952 5000
f 4824 5000 4950
f 4723 4522 4465
f 4465 4522 4359
f 4465 4359 4099
f 4950 5000 4777
f 4950 4777 4882
f 4882 4777 4676
f 4882 4676 4617
f 4617 4676 3964
f 4676 4777 4429
f 3964 4676 4202
f 3964 4202 3088
f 4676 4429 4396
f 4396 4429 3968
f 4202 4676 3929
f 3929 4676 4396
f 3929 4396 3584
f 3584 4396 4008
f 4202 3929 3294
f 4202 3294 3088
f 3929 3584 2946
f 3929 2946 3294
f 2946 3584 2625
f 2946 2625 1791
f 2946 1791 1975
f 2946 1975 3294
f 3294 1975 2303
f 3294 2303 3088
f 3088 2303 2267
f 3088 2267 1704
f 2802 2473 3023
f 2802 3023 3447
f 2802 3447 3399
f 3447 3023 2873
f 3447 2873 3156
f 3156 2873 2527
f 3447 3156 3665
f 3665 3156 3302
f 3665 3302 3814
f 3302 3156 2471
f 3814 3302 3359
f 3359 3302 2471
f 3814 3359 4005
f 4005 3359 4058
f 3359 2471 2949
f 4058 3359 3576
f 3576 3359 2949
f 4058 3576 3884
f 3884 3576 3495
f 3495 3576 3154
f 3154 3576 2949
f 3495 3154 2176
f 2176 3154 2074
f 2074 3154 2949
f 3495 2176 2174
f 3495 2174 3623
f 3623 2174 2729
f 2729 2174 2330
f 2729 2330 2871
f 2871 2330 2469
f 2074 2949 2023
f 2074 2023 1022
f 1022 2023 1024
f 2023 2949 1869
f 2023 1869 1024
f 1869 2949 2471
f 1024 1869 1118
f 1024 1118 5740
f 5740 1118 39
f 1118 1869 1026
f 1118 1026 39
f 1026 1869 1900
f 39 1026 5744
f 39 5744 6596
f 5744 1026 548
f 5744 548 427
f 5744 427 5950
f 5950 427 429
f 5950 429 5982
f 3399 3447 3665
f 3399 3665 3700
f 3700 3665 3966
f 3966 3665 3814
f 3966 3814 4164
f 3966 4164 4166
f 4166 4164 4317
f 4164 3814 4099
f 4164 4099 4359
f 4099 3814 4005
f 4099 4005 4465
f 4465 4005 4425
f 4465 4425 4723
f 4425 4005 4394
f 4394 4005 4058
f 4723 4425 4721
f 4425 4394 4620
f 4425 4620 4721
f 4723 4721 4919
f 4723 4919 4952
f 4721 4620 4779
f 4721 4779 4919
f 4952 4919 4948
f 4952 4948 5000
f 4919 4779 4849
f 4919 4849 4948
f 5000 4948 4650
f 5000 4650 4777
f 4948 4849 4555
f 4948 4555 4650
f 4777 4650 4319
f 4319 4650 4555
f 4777 4319 4429
f 4429 4319 3968
f 3968 4319 3784
f 4319 4555 4204
f 4319 4204 3784
f 3784 4204 4009
f 4009 4204 4555
f 3784 4009 3500
f 3500 4009 2807
f 4009 4555 4427
f 4427 4555 4849
f 2807 4009 3629
f 3629 4009 4427
f 4427 4849 4585
f 4585 4849 4779
f 3629 4427 4134
f 4134 4427 4585
f 2807 3629 2875
f 2875 3629 4134
f 2807 2875 2272
f 2807 2272 1769
f 2272 2875 3669
f 3669 2875 4134
f 2272 3669 2674
f 4134 4585 4247
f 4134 4247 3669
f 4648 4585 4779
f 4585 4648 4247
f 4648 4779 4620
f 3669 4247 3848
f 3669 3848 2674
f 4247 4648 4459
f 4247 4459 3848
f 4648 4620 4588
f 4648 4588 4459
f 4588 4620 4394
f 2674 3848 3444
f 2674 3444 2671
f 2671 3444 3297
f 3297 3444 3848
f 3297 3848 4056
f 4056 3848 4459
f 3297 4056 3493
f 4056 4459 4463
f 4463 4459 4588
f 4056 4463 4132
f 3662 3493 4132
f 3662 4132 4097
f 3662 4097 3623
f 4097 4132 4358
f 4358 4132 4463
f 4097 4358 3884
f 3884 4358 4058
f 4358 4463 4392
f 4358 4392 4058
f 4392 4463 4588
f 4058 4392 4394
f 4394 4392 4588
f 2471 3156 2527
f 2471 2527 1869
f 1869 2527 1900
f 1900 2527 2582
f 2582 2527 2873
f 1900 2582 1979
f 2582 2873 2951
f 2582 2951 1979
f 1979 2951 2229
f 2229 2951 3090
f 2229 3090 2332
f 4396 3968 4008
f 7126 7155 8102
f 7126 8102 8156
f 9868 9875 9877
f 9529 9743 9798
f 9868 9877 9723
f 9723 9877 9465
f 9723 9465 9353
f 9353 9465 9170
f 9170 9465 9191
f 9723 9353 9595
f 9723 9595 9868
f 9868 9595 9798
f 9798 9595 9710
f 9170 9191 8686
f 9710 9595 9642
f 9595 9353 9275
f 9275 9353 9170
f 9595 9275 9642
f 9710 9642 9712
f 9275 9170 8942
f 9170 8686 8887
f 9170 8887 8942
f 8942 8887 8488
f 8488 8887 8369
f 8369 8887 8686
f 8369 8686 8212
f 8369 8212 7774
f 9275 8942 8874
f 9275 8874 9305
f 9275 9305 9642
f 9305 8874 9307
f 9307 8874 8876
f 9642 9305 9645
f 9645 9305 9307
f 9642 9645 9712
f 9712 9645 9714
f 9645 9307 9647
f 9645 9647 9714
f 9307 8876 9220
f 9307 9220 9647
f 9220 8876 8619
f 9220 8619 9063
f 9220 9063 9532
f 9220 9532 9647
f 9647 9532 9714
f 9714 9532 9681
f 9681 9532 9568
f 4056 4132 3493
f 4097 3884 3623
f 3884 3495 3623
f 3623 2729 2871
f 3623 2871 3663
f 3663 2871 2798
f 2798 2871 2468
f 3663 2798 3493
f 3493 2798 2578
f 2578 2798 2468
f 2468 2871 2469
f 1178 2330 1018
f 8763 8228 8587
f 5982 429 634
f 429 427 1435
f 1435 427 1292
f 429 1435 1491
f 1292 427 548
f 429 1491 634
f 634 1491 1437
f 634 1437 1391
f 1292 548 1180
f 1180 548 1026
f 1180 1026 1979
f 1180 1979 2229
f 1979 1026 1900
f 1435 1292 2332
f 1491 1435 2231
f 2231 1435 2332
f 1491 2231 1981
f 1491 1981 1437
f 1437 1981 1837
f 1837 1981 2183
f 1837 2183 1983
f 1437 1837 1391
f 1391 1837 1743
f 1391 1743 1296
f 1296 1743 1392
f 1296 1392 1028
f 1391 1296 803
f 803 1296 1028
f 803 1028 40
f 1391 803 702
f 702 803 5876
f 2332 1292 2229
f 2229 1292 1180
f 2231 2332 2804
f 2231 2804 1981
f 2332 3090 2804
f 2951 2873 2732
f 2732 2873 3023
f 2732 3023 2530
f 2951 2732 2953
f 2951 2953 2955
f 2804 2415 2369
f 2804 2369 1981
f 2415 2181 2369
f 2027 1983 2181
f 2369 2181 2183
f 2183 2181 1983
f 2369 2183 1981
f 634 1391 702
f 803 40 5876
f 5307 5285 5284
f 5285 5307 5287
f 5287 5307 5316
f 5287 5316 5310
f 5284 5285 5267
f 5267 5285 5287
f 5267 5287 5257
f 5257 5287 5220
f 5220 5287 5269
f 5220 5269 5249
f 5220 5249 5176
f 5284 5267 5286
f 5286 5267 5268
f 5268 5267 5257
f 5268 5257 5220
f 5268 5220 5248
f 5248 5220 5205
f 5205 5220 5176
f 5308 5284 5286
f 5308 5286 5268
f 5308 5268 5309
f 5309 5268 5248
f 5309 5248 5311
f 5311 5248 5288
f 5269 5287 5310
f 5269 5310 5249
f 5249 5310 5299
f 5249 5299 5270
f 5249 5133 5176
f 3339 3199 3195
f 3195 3199 2844
f 3195 2844 2839
f 3195 2839 3192
f 3192 2839 2835
f 3195 3192 3339
f 2844 3199 3205
f 3205 3199 3339
f 2844 3205 2852
f 3205 3339 3211
f 3205 3211 2852
f 3211 3339 3270
f 2852 3211 2915
f 2915 3211 3270
f 2852 2915 2498
f 2852 2498 2449
f 2498 2915 2502
f 2502 2915 2919
f 2919 2915 3270
f 2502 2919 2562
f 3274 3270 3339
f 3270 3274 2919
f 3274 3339 3278
f 2562 2919 2922
f 2922 2919 3274
f 2922 3274 3278
f 2562 2922 2565
f 2922 3278 3008
f 2922 3008 2565
f 2844 2852 2449
f 2844 2449 2444
f 2444 2449 2110
f 2110 2449 2498
f 2110 2498 2113
f 2444 2110 2053
f 2444 2053 2049
f 2113 2498 2152
f 2152 2498 2502
f 2152 2502 2562
f 2152 2562 2155
f 2155 2562 2159
f 2159 2562 2565
f 2444 2049 2398
f 2444 2398 2844
f 2844 2398 2839
f 2398 2049 2394
f 2398 2394 2839
f 2394 2049 2046
f 2394 2046 2050
f 2839 2394 2835
f 2394 2050 2399
f 2394 2399 2835
f 2835 2399 2840
f 2399 2050 2054
f 3192 2835 3196
f 3196 2835 2840
f 3196 2840 2845
f 3196 2845 3200
f 2845 2840 2400
f 2400 2840 2399
f 3200 2845 2853
f 3200 2853 3206
f 2845 2400 2450
f 2845 2450 2853
f 2450 2400 2056
f 2056 2400 2054
f 2853 2450 2458
f 2853 2458 2856
f 2458 2450 2114
f 3192 3196 3339
f 3339 3196 3200
f 3339 3200 3206
f 3339 3206 3212
f 3339 3212 3215
f 3215 3212 2856
f 3339 3215 3275
f 3215 2856 2920
f 2920 2856 2499
f 2499 2856 2458
f 3215 2920 2923
f 2923 2920 2499
f 3215 2923 3275
f 2923 2499 2506
f 2923 2506 2566
f 3275 2923 3279
f 3275 3279 3339
f 2923 2566 2927
f 2923 2927 3279
f 2927 2566 3010
f 3339 3279 3281
f 3281 3279 2927
f 3281 2927 3010
f 3339 3281 3278
f 3278 3281 3010
f 3278 3010 3008
f 2399 2054 2400
f 2450 2056 2114
f 2458 2114 2116
f 2458 2116 2499
f 2853 2856 3206
f 2499 2116 2156
f 3206 2856 3212
f 2499 2156 2506
f 2506 2156 2566
f 2566 2156 2160
f 2566 2160 2568
f 2566 2568 3010
f 3010 2568 3008
f 2568 2160 2210
f 3008 2568 2565
f 2565 2568 2210
f 2565 2210 2159
f 4150 4337 4338
f 4338 4337 4483
f 4338 4483 4484
f 4484 4483 4573
f 4573 4483 4606
f 4573 4606 4642
f 4233 4150 4232
f 4233 4232 4306
f 4306 4232 4265
f 4262 4150 4338
f 4262 4338 4339
f 4339 4338 4484
f 4306 4265 4239
f 4339 4484 4573
f 4341 4043 4116
f 3995 3878 4043
f 4043 3878 3767
f 4043 3767 3835
f 4116 4043 3876
f 3876 4043 3835
f 3876 3835 3609
f 3609 3835 3767
f 3609 3767 3768
f 3768 3767 3878
f 3837 3768 3878
f 3803 3837 3878
f 3803 3878 3728
f 3915 3568 3732
f 3732 3568 3218
f 3218 3568 2933
f 2933 3568 3284
f 2933 3284 2662
f 2662 3284 2931
f 2662 2931 2570
f 3145 3480 2932
f 3145 2932 2787
f 2787 2932 2661
f 2787 2661 2461
f 2787 2461 2507
f 2507 2461 2318
f 3390 3145 2787
f 3390 2787 2930
f 2930 2787 2569
f 2569 2787 2507
f 2569 2507 2318
f 2933 2662 2932
f 2932 2662 2661
f 2661 2662 2461
f 2461 2662 2462
f 2461 2462 2318
f 2662 2570 2462
f 2462 2570 2318
f 5695 25 5867
f 5695 5867 5933
f 5933 5867 5935
f 5933 5935 5975
f 6120 5933 6038
f 6038 5933 5975
f 1828 1935 1827
f 1828 1827 1765
f 1827 1935 1934
f 1934 1935 2127
f 1934 2127 2125
f 1934 2125 2221
f 1934 2221 1827
f 1827 1763 1423
f 1423 1763 1381
f 1827 1423 1529
f 1827 1529 1765
f 1529 1423 1109
f 1109 1423 1108
f 1109 1108 932
f 1108 1423 1381
f 1108 1381 1329
f 1381 1763 1737
f 1381 1737 1329
f 1329 1737 1573
f 1329 1573 1281
f 1281 1573 1248
f 1248 1573 1380
f 1248 1380 1206
f 1108 1329 1107
f 1107 1329 1378
f 1765 1529 1479
f 1736 1931 1669
f 1736 1669 1421
f 1736 1421 1527
f 1527 1421 1206
f 1669 1931 1700
f 1669 1700 1379
f 1379 1700 1378
f 1669 1379 1280
f 1669 1280 1421
f 1206 1421 1280
f 1206 1280 1248
f 1248 1280 1379
f 1248 1379 1281
f 1281 1379 1378
f 1329 1281 1378
f 1108 838 932
f 932 838 692
f 932 692 539
f 539 692 384
f 932 539 624
f 624 539 349
f 838 348 383
f 838 383 692
f 692 383 384
f 383 348 301
f 383 301 385
f 383 385 386
f 383 386 384
f 539 384 349
f 349 384 386
f 624 349 541
f 624 541 932
f 541 349 386
f 1529 1139 1207
f 1529 1207 1479
f 1479 1207 1283
f 1479 1283 1482
f 1482 1283 1428
f 1207 1139 975
f 1207 975 1140
f 1207 1140 1283
f 1283 1140 1249
f 1283 1249 1428
f 1249 1140 1385
f 1385 1765 1633
f 1633 1765 1479
f 1633 1479 1482
f 1633 1482 1532
f 1532 1482 1428
f 1249 1385 1386
f 1249 1386 1428
f 1386 1385 1633
f 1386 1633 1532
f 1386 1532 1428
f 6166 5704 6052
f 5704 6166 5943
f 5943 6166 6253
f 5943 6253 6128
f 6128 6253 6326
f 6166 6052 6360
f 6166 6360 6361
f 6361 6360 6404
f 6361 6404 6326
f 6404 6360 6441
f 6441 6360 6480
f 6480 6360 6325
f 6166 6361 6253
f 6253 6361 6326
f 6550 6480 6587
f 6550 6587 6980
f 6550 6980 6918
f 6550 6918 6552
f 6918 6980 7056
f 7057 6918 7056
f 7057 7056 7149
f 7057 7149 7213
f 7213 7149 7253
f 7213 7253 7302
f 7302 7253 7251
f 7302 7251 7379
f 7253 7149 7056
f 7253 7056 7251
f 7251 7056 6980
f 7251 7300 7379
f 7737 7908 7972
f 7737 7972 7877
f 7877 7972 8083
f 7737 7877 7633
f 7633 7877 7825
f 7825 7877 8083
f 7972 7908 7946
f 7972 7946 7998
f 7972 7998 8083
f 7946 7908 7846
f 7767 7909 7998
f 2257 2574 2510
f 2574 2257 2062
f 2062 2257 1861
f 1861 2257 1925
f 2574 2062 2215
f 1861 1925 1696
f 1696 1925 1729
f 1696 1729 1472
f 2574 2215 2720
f 2574 2720 3016
f 2720 2215 2322
f 2510 2574 3016
f 3016 2720 3287
f 3287 2720 2937
f 2937 2720 2322
f 2121 2297 1859
f 2121 1859 1860
f 1860 1859 1728
f 1860 1728 1627
f 1860 1627 1695
f 1695 1627 1472
f 1859 1924 1760
f 2215 2062 1823
f 1823 2062 1730
f 1730 2062 1861
f 1730 1861 1696
f 1730 1696 1628
f 1628 1696 1472
f 1668 1823 1760
f 1823 1730 1760
f 1760 1730 1728
f 1760 1728 1859
f 1728 1730 1628
f 1728 1628 1627
f 1627 1628 1472
f 8195 8090 8535
f 8601 8536 8660
f 7728 7452 7175
f 7728 7175 7278
f 7278 7175 6833
f 1161 864 670
f 864 1161 1413
f 864 1413 915
f 915 1413 1411
f 915 1411 914
f 1411 1413 1653
f 1411 1653 1683
f 1411 1683 1354
f 1354 1683 1684
f 1354 1684 1412
f 1684 1683 1592
f 1412 1684 1685
f 1684 1592 1593
f 1684 1593 1685
f 1412 1685 1504
f 1412 1504 1193
f 1504 1685 1719
f 1593 1592 1647
f 1644 1592 1553
f 1592 1644 1647
f 1647 1644 1800
f 1593 1647 1650
f 1647 1800 1801
f 1647 1801 1650
f 1801 1800 1679
f 1650 1801 1714
f 1714 1801 1746
f 1714 1746 1643
f 1650 1714 1591
f 1650 1591 1651
f 1591 1714 1645
f 1645 1714 1643
f 1645 1643 1495
f 1645 1495 1648
f 1645 1648 1682
f 5638 5686 564
f 5638 564 4
f 4 564 712
f 4 712 711
f 4 711 5683
f 712 564 1228
f 712 1228 711
f 1228 564 1124
f 1124 564 519
f 1124 519 1087
f 1124 1087 1495
f 1495 1087 1449
f 1495 1449 1648
f 1124 1495 1643
f 1124 1643 1228
f 1228 1643 1746
f 1225 711 1228
f 1225 1228 1746
f 711 1225 1150
f 1150 1225 1746
f 711 1150 562
f 1150 1746 1679
f 1150 1679 941
f 564 5686 519
f 1591 1645 1682
f 1591 1682 1651
f 1651 1682 1718
f 1651 1718 1719
f 1651 1719 1685
f 1651 1685 1593
f 1651 1593 1650
f 1746 1801 1679
f 445 568 10
f 10 568 123
f 10 123 5809
f 10 5809 5759
f 5759 5809 5917
f 5759 5917 6075
f 5759 6075 6074
f 6074 6075 6462
f 6075 6344 6462
f 7621 8019 7731
f 7731 8019 8166
f 8166 8019 8441
f 8166 8441 8607
f 2966 2743 2967
f 2966 2967 3240
f 3240 2967 3405
f 3405 2967 2680
f 3405 2680 3038
f 3038 2680 2191
f 3038 2191 2281
f 2281 2191 1505
f 2281 1505 1506
f 1506 1505 673
f 2743 2966 2308
f 2308 2966 3240
f 2308 3240 2531
f 2308 2531 1747
f 2308 1747 1748
f 2308 1748 1846
f 1748 1747 812
f 2531 3240 2482
f 2531 2482 2085
f 2085 2482 1993
f 2482 3240 3405
f 2482 3405 2629
f 2629 3405 3038
f 2629 3038 2381
f 2381 3038 2281
f 2381 2281 1812
f 2531 2085 1747
f 1747 2085 1347
f 1347 2085 1993
f 1747 1347 713
f 1347 1993 1266
f 1266 1993 1879
f 1266 1879 1122
f 1347 1266 199
f 199 1266 1122
f 1747 713 812
f 713 1347 322
f 322 1347 199
f 713 322 5969
f 713 5969 5757
f 713 5757 812
f 5969 322 6373
f 6373 322 199
f 812 5757 9
f 9 5757 6460
f 812 9 986
f 812 986 1748
f 1748 986 1846
f 986 9 53
f 986 53 1123
f 1123 53 158
f 158 53 6374
f 158 6374 6193
f 1123 158 1310
f 1123 1310 2341
f 158 6193 366
f 366 6193 5996
f 366 5996 601
f 158 366 1585
f 1585 366 601
f 158 1585 1310
f 1585 601 1947
f 3034 2341 1310
f 3034 1310 1585
f 3034 1585 1947
f 2341 3034 3453
f 3034 1947 3452
f 3453 3034 3712
f 3712 3034 3452
f 3712 3452 4104
f 2680 2967 2968
f 2680 2968 2191
f 2191 2968 2345
f 2345 2968 2535
f 2535 2968 3309
f 2968 2967 3308
f 2968 3308 3309
f 3308 2967 2743
f 3309 3308 3536
f 3536 3308 2743
f 3309 3536 3937
f 3536 2743 3365
f 3365 2743 2586
f 2586 2743 2308
f 2532 2482 2629
f 2532 2629 2744
f 2744 2629 2381
f 2744 2381 2380
f 2380 2381 1812
f 2380 1812 1780
f 2482 2532 1993
f 1879 1993 2532
f 1879 2532 2343
f 2343 2532 2744
f 2343 2744 2534
f 2343 2534 2088
f 2088 2534 2240
f 2240 2534 1996
f 1996 2534 2279
f 2279 2534 2744
f 2279 2744 2380
f 2279 2380 1780
f 2279 1780 1689
f 1879 2343 2088
f 1879 2088 1681
f 1879 1681 944
f 1879 944 1122
f 944 7 1122
f 1122 7 86
f 1122 86 199
f 86 7 6568
f 6568 7 6569
f 199 86 6492
f 6492 86 6568
f 199 6492 6373
f 6568 6569 7442
f 7442 6569 7357
f 6568 7442 7395
f 6568 7395 6492
f 6492 7395 7196
f 6492 7196 6373
f 6373 7196 6754
f 1812 2281 1506
f 1812 1506 955
f 1812 955 1780
f 955 1506 482
f 1780 955 865
f 1780 865 1689
f 1689 865 770
f 865 955 5693
f 5693 955 482
f 770 865 5765
f 5765 865 5693
f 770 5765 5861
f 5765 5693 6621
f 6621 5693 482
f 5861 5765 6758
f 6758 5765 6621
f 5861 6758 6795
f 6795 6758 7481
f 6795 7481 7526
f 7481 6758 7317
f 7317 6758 6621
f 7317 6621 6880
f 6880 6621 6117
f 6117 6621 482
f 6880 6117 6654
f 6654 6117 5920
f 5920 6117 482
f 6654 5920 6620
f 5920 482 673
f 673 482 1506
f 6620 5920 5811
f 5811 5920 673
f 6620 5811 6695
f 1505 1722 673
f 5811 673 868
f 868 673 1722
f 868 1722 1850
f 1850 1722 2345
f 1850 2345 2535
f 5811 868 5721
f 5811 5721 6695
f 5721 868 1131
f 6695 5721 18
f 18 5721 1131
f 6695 18 6696
f 6696 18 6622
f 18 1131 1358
f 6622 18 171
f 171 18 1358
f 6622 171 6422
f 1358 1131 2241
f 6422 171 373
f 6422 373 6347
f 6347 373 530
f 373 171 1598
f 1598 171 1358
f 530 373 1723
f 1723 373 1598
f 1598 1358 2971
f 1598 2971 1723
f 2588 1358 2241
f 1358 2588 2971
f 2588 2241 3407
f 2588 3407 4019
f 2588 4019 2971
f 2971 4019 4289
f 4289 4019 4970
f 3097 1723 2971
f 3097 2971 4289
f 1851 530 1723
f 1851 1723 3097
f 530 1851 771
f 4289 4970 4971
f 4971 4970 5333
f 4971 5333 5265
f 4971 5265 5015
f 4289 4971 4729
f 4289 4729 4176
f 4289 4176 3097
f 4176 4729 4328
f 4328 4729 4904
f 4328 4904 5096
f 4328 5096 4474
f 4328 4474 3537
f 3097 4176 3368
f 3368 4176 4328
f 3368 4328 3537
f 3097 3368 1851
f 3368 3537 1997
f 3368 1997 1851
f 1997 3537 3671
f 1851 1997 771
f 1997 3671 2192
f 1997 2192 771
f 771 2192 956
f 2279 1689 1996
f 1996 1689 1458
f 1458 1689 770
f 1458 770 609
f 609 770 5918
f 5918 770 5861
f 5918 5861 6795
f 5918 6795 6755
f 6755 6795 7526
f 6755 7526 7446
f 7446 7526 7839
f 7839 7526 7930
f 7839 7930 7988
f 7988 7930 8119
f 7988 8119 7837
f 7837 8119 7987
f 7837 7987 7357
f 7357 7987 7442
f 7526 7481 7895
f 7526 7895 7930
f 7930 7895 8119
f 8119 7895 8073
f 7895 7481 7778
f 7895 7778 8073
f 7778 7481 7317
f 8073 7778 7893
f 7778 7317 6880
f 7893 7778 7315
f 7315 7778 6880
f 7893 7315 7444
f 7315 6880 6654
f 7444 7315 7065
f 7315 6654 7009
f 7315 7009 7065
f 7009 6654 7010
f 7009 7010 7065
f 7010 6654 6620
f 7065 7010 7034
f 7987 8119 8073
f 7987 8073 7927
f 7987 7927 7442
f 7442 7927 7395
f 7395 7927 7196
f 7927 8073 7723
f 7927 7723 7196
f 7723 8073 7893
f 7723 7893 7444
f 7196 7723 7198
f 7198 7723 7444
f 7198 7444 7065
f 7196 7198 6754
f 7198 7065 6904
f 7198 6904 6754
f 6904 7065 7034
f 6904 7034 6791
f 6904 6791 6460
f 6904 6460 6754
f 6460 6791 6151
f 6460 6151 9
f 9 6151 53
f 6754 6460 5969
f 6754 5969 6373
f 5969 6460 5757
f 53 6151 6374
f 6374 6151 6791
f 6374 6791 7033
f 7033 6791 7396
f 7396 6791 7034
f 7396 7034 7199
f 7199 7034 7010
f 7199 7010 6620
f 986 1123 1846
f 1846 1123 2341
f 1846 2341 3453
f 1846 3453 2586
f 2586 3453 3936
f 2586 3936 3365
f 3365 3936 3536
f 3536 3936 4105
f 4105 3936 4561
f 4018 3936 3712
f 3936 4018 4404
f 3936 4404 4561
f 4561 4404 5092
f 5092 4404 4903
f 4903 4404 4596
f 4596 4404 4215
f 5092 4903 5279
f 5279 4903 4596
f 5092 5279 5378
f 5378 5279 5505
f 5279 4596 5111
f 5279 5111 5350
f 5279 5350 5460
f 6374 7033 7006
f 6374 7006 6193
f 7006 7033 7443
f 7443 7033 7396
f 7006 7443 7276
f 6193 7006 6874
f 6874 7006 7276
f 6193 6874 5996
f 6874 7276 7169
f 5996 6874 6790
f 6790 6874 7169
f 6790 7169 7064
f 6790 7064 6727
f 6790 6727 5885
f 6790 5885 5994
f 6727 7064 6875
f 5885 6727 6493
f 6493 6727 6875
f 5885 6493 5684
f 6690 6305 6875
f 6875 6305 6417
f 6875 6417 6493
f 5684 6493 360
f 6493 6417 6028
f 6493 6028 360
f 6028 6417 5852
f 6028 5852 5758
f 6028 5758 443
f 6028 443 360
f 360 443 1187
f 360 1187 1445
f 7200 7276 7443
f 7276 7200 7169
f 7200 7443 7235
f 7235 7443 7396
f 7235 7396 7199
f 7235 7199 6695
f 6695 7199 6620
f 7235 6695 6696
f 7235 6696 7200
f 7200 6696 6622
f 7200 6622 6422
f 7200 6422 7067
f 7200 7067 7169
f 7067 6422 6934
f 7067 6934 7169
f 6934 6422 6347
f 7169 6934 7064
f 6934 6347 6116
f 6116 6347 530
f 7064 6934 6690
f 6690 6934 6116
f 7064 6690 6875
f 6116 530 771
f 6116 771 956
f 6116 956 5890
f 6116 5890 6690
f 6690 5890 11
f 6690 11 6305
f 601 5996 5994
f 5994 5996 6790
f 601 5994 710
f 710 5994 5885
f 601 710 2084
f 2084 710 847
f 601 2084 1947
f 1947 2084 3851
f 3851 2084 2340
f 1947 3851 3452
f 3851 2340 4212
f 3452 3851 4104
f 3851 4212 4988
f 4104 3851 4560
f 4560 3851 4988
f 4104 4560 4288
f 4560 4988 5244
f 4288 4560 4835
f 4835 4560 5244
f 4835 5244 5245
f 847 710 5885
f 2084 847 2340
f 5885 5684 847
f 847 5684 1120
f 847 1120 2340
f 1120 5684 360
f 1120 360 1445
f 2340 1120 2675
f 2675 1120 1445
f 2675 1445 2479
f 2340 2675 4212
f 2675 2479 3711
f 4212 2675 4472
f 4472 2675 3711
f 4212 4472 4988
f 4472 3711 4690
f 4988 4472 5184
f 4472 4690 5263
f 4472 5263 5184
f 4104 4288 3712
f 3712 4288 4018
f 4288 4835 4436
f 4288 4436 4018
f 4436 4835 4969
f 4969 4835 5245
f 4436 4969 4596
f 4436 4596 4018
f 4018 4596 4215
f 4596 4969 5111
f 5111 4969 5350
f 5350 4969 5245
f 5350 5245 5321
f 5350 5321 5428
f 5350 5428 5460
f 5428 5321 5360
f 5460 5428 5515
f 5428 5360 5445
f 5428 5445 5515
f 5515 5445 5540
f 5445 5360 5377
f 5445 5377 5466
f 5245 5244 5321
f 5321 5244 5332
f 5321 5332 5360
f 5332 5244 4988
f 5332 4988 5184
f 5184 5263 5332
f 5332 5263 5376
f 5376 5263 5418
f 5418 5263 5362
f 5362 5263 5129
f 5129 5263 4690
f 5280 5412 5362
f 5280 5362 5246
f 5246 5362 5129
f 5280 5246 4860
f 5129 4690 4371
f 5129 4371 5246
f 4371 4690 3711
f 4371 3711 2479
f 5246 4371 4757
f 5246 4757 4860
f 4860 4757 3935
f 4860 3935 3853
f 3935 4757 3823
f 3823 4757 4371
f 4371 2479 3403
f 4371 3403 3823
f 3403 2479 1445
f 3823 3403 2377
f 3403 1445 2140
f 3403 2140 2377
f 2140 1445 1187
f 2377 2140 1401
f 1401 2140 1187
f 5332 5376 5377
f 5377 5376 5418
f 5377 5418 5406
f 5406 5418 5427
f 5406 5427 5408
f 5408 5427 5379
f 5379 5427 5419
f 5379 5419 5397
f 5379 5397 5351
f 5351 5397 5323
f 5351 5323 5304
f 5304 5323 5229
f 5304 5229 5203
f 5203 5229 5112
f 5112 5229 5095
f 5229 5323 5324
f 5324 5323 5380
f 5229 5324 5256
f 5229 5256 5146
f 5229 5146 5095
f 5095 5146 5015
f 5332 5377 5360
f 5460 5515 5505
f 5460 5505 5279
f 5540 5575 5515
f 5515 5575 5560
f 5515 5560 5505
f 5560 5575 5583
f 5560 5583 5570
f 5560 5570 5505
f 5570 5583 5571
f 5570 5571 5561
f 5505 5570 5523
f 5523 5570 5561
f 5505 5523 5378
f 5523 5561 5506
f 5506 5561 5544
f 5506 5544 5483
f 5506 5483 5398
f 5506 5398 5523
f 5398 5483 5333
f 5378 5523 5420
f 5420 5523 5398
f 5420 5398 5093
f 5093 5398 4970
f 5378 5420 5171
f 5171 5420 5093
f 5378 5171 5092
f 5092 5171 4561
f 4561 5171 4631
f 4561 4631 4105
f 4473 4631 5093
f 4105 4631 3937
f 3937 4631 4473
f 3937 4473 4019
f 3937 4019 3407
f 5445 5466 5540
f 5540 5466 5543
f 5540 5543 5575
f 5543 5466 5480
f 5575 5543 5554
f 5554 5543 5480
f 5554 5480 5486
f 5554 5486 5555
f 5466 5377 5406
f 5466 5406 5480
f 5480 5406 5408
f 5480 5408 5486
f 5486 5408 5379
f 5486 5379 5452
f 5452 5379 5351
f 5452 5351 5304
f 5452 5304 5410
f 5410 5304 5305
f 5305 5304 5203
f 5305 5203 5112
f 5305 5112 5172
f 5172 5112 5015
f 5575 5554 5555
f 5555 5486 5452
f 5555 5452 5537
f 5555 5537 5583
f 5583 5537 5571
f 5537 5452 5482
f 5537 5482 5571
f 5482 5452 5410
f 5482 5410 5305
f 5571 5482 5544
f 5571 5544 5561
f 5544 5482 5422
f 5544 5422 5483
f 5583 5575 5555
f 5422 5482 5305
f 5422 5305 5265
f 5483 5422 5333
f 5333 5422 5265
f 5398 5333 4970
f 5265 5305 5172
f 5265 5172 5015
f 5112 5095 5015
f 5323 5397 5380
f 5380 5397 5419
f 5380 5419 5409
f 5409 5419 5427
f 5380 5409 5247
f 5380 5247 5324
f 5409 5427 5412
f 5412 5427 5418
f 5412 5418 5362
f 5409 5412 5281
f 5409 5281 5247
f 5281 5412 5280
f 5324 5247 5185
f 5324 5185 5256
f 5146 5256 4904
f 4904 5256 5096
f 5096 5256 5185
f 5096 5185 4632
f 4632 5185 5247
f 5096 4632 4474
f 4474 4632 3537
f 3537 4632 3671
f 3671 4632 3787
f 4632 5247 4728
f 4632 4728 3787
f 4728 5247 5281
f 3787 4728 4836
f 4836 4728 5281
f 3787 4836 3853
f 4836 5281 5280
f 4836 5280 4860
f 4836 4860 3853
f 3853 3935 2426
f 2426 3935 2481
f 2481 3935 3823
f 2481 3823 2377
f 3853 2426 2344
f 3853 2344 3787
f 3787 2344 2192
f 3787 2192 3671
f 2192 2344 956
f 956 2344 1162
f 1162 2344 2426
f 956 1162 5890
f 5890 1162 11
f 1162 2426 1353
f 1353 2426 2481
f 11 1162 367
f 367 1162 1353
f 1353 2481 1404
f 1404 2481 2377
f 1404 2377 1401
f 1353 1404 444
f 444 1404 1401
f 1353 444 367
f 444 1401 443
f 443 1401 1187
f 444 443 5852
f 5852 443 5758
f 367 444 5853
f 5853 444 5852
f 367 5853 11
f 5853 5852 6417
f 11 5853 6305
f 6305 5853 6417
f 5146 4904 5015
f 5015 4904 4729
f 5015 4729 4971
f 1722 1505 2191
f 1722 2191 2345
f 868 1850 1131
f 1131 1850 2241
f 2241 1850 3407
f 3407 1850 2535
f 3407 2535 3309
f 3407 3309 3937
f 2586 2308 1846
f 4019 4473 5093
f 4019 5093 4970
f 4105 3937 3536
f 5093 4631 5171
f 4018 4215 4404
f 3936 3453 3712
f 7541 7257 8307
f 9381 9498 9424
f 9424 9498 9534
f 9534 9568 9424
f 9424 9568 9309
f 9309 9568 9532
f 9424 9309 9166
f 9309 9532 9063
f 9166 9309 8838
f 8838 9309 9063
f 9348 9381 9424
f 8840 9168 9014
f 9988 10342 9614
f 9614 10053 9847
f 7321 7486 7676
f 7321 7676 7365
f 7138 7205 7288
f 7138 7288 7207
f 7207 7288 7410
f 7207 7410 7324
f 7324 7410 7490
f 7324 7490 7458
f 7458 7490 7492
f 7458 7492 7416
f 7485 7559 7321
f 7676 7789 7485
f 7676 7485 7529
f 7529 7485 7455
f 7529 7455 7364
f 7365 7485 7321
f 7485 7365 7455
f 7676 7529 7365
f 7529 7364 7365
f 7365 7364 7455
f 8749 8906 8905
f 8749 8905 8821
f 8821 8905 8965
f 8906 8707 8750
f 8906 8750 8905
f 8905 8750 8863
f 8905 8863 8965
f 8749 8821 8665
f 8749 8665 8580
f 8821 8965 8665
f 8580 8665 8666
f 8666 8665 8965
f 8580 8666 8416
f 8666 8511 8416
f 8416 8511 8384
f 8668 8936 9082
f 8998 9292 9025
f 8998 9025 8668
f 8668 9025 8751
f 8668 8751 8554
f 8054 7906 7762
f 8054 7762 7995
f 8054 7995 8174
f 7329 7688 7762
f 7688 7945 7995
f 7995 7945 8174
f 7688 7995 7762
f 1494 1845 1847
f 7062 6932 7520
f 7062 7520 7809
f 7062 7809 7394
f 7394 7809 7722
f 7520 6932 7197
f 7520 7197 7650
f 7650 7197 7314
f 7650 7314 7521
f 7521 7314 7137
f 7650 7521 7838
f 7520 7650 7928
f 7928 7650 7838
f 7520 7928 7809
f 7809 7928 8163
f 7809 8163 8118
f 7809 8118 7722
f 8118 8163 8318
f 8118 8318 8283
f 8283 8318 8437
f 8283 8437 8348
f 8163 7928 8091
f 8091 7928 7838
f 8284 8318 8091
f 8284 8091 8218
f 8218 8091 7958
f 7958 8091 7838
f 7958 7838 7615
f 7061 6829 7722
f 7985 7722 8283
f 7722 8118 8283
f 8163 8091 8318
f 7521 7137 6877
f 7521 6877 7170
f 7170 6877 6497
f 7170 6497 6905
f 7170 6905 7277
f 7521 7170 7615
f 7615 7170 7277
f 7521 7615 7838
f 7615 7277 7958
f 7724 7958 7277
f 7958 7724 8218
f 7724 8074 8218
f 8284 8379 8378
f 1885 1457 1657
